眞뚝해	food	126.97313	37.57377
가고싶은카페오름	bar	126.95916	37.60226
가나	food	127.01597	37.57136
가나	shop	126.99971	37.57012
가나기획	shop	126.99127	37.57273
가나다마트	shop	127.01927	37.57177
가나다악기	shop	126.98765	37.57222
가나문화재단	shop	126.97565	37.61162
가나아트갤러리	shop	126.97517	37.61219
가나아트샵주	shop	126.97565	37.61184
가나아트센터	heritage	126.97513	37.61229
가나오케이	shop	126.97560	37.61251
가동담배	shop	126.99524	37.56929
가드니아	food	126.97436	37.57298
가드니아꽃	shop	126.95814	37.57564
가드니아종로	cafe	126.98361	37.57074
가든타워	activity	126.98845	37.57710
가람	shop	126.98386	37.57473
가람승복	shop	126.98314	37.57424
가람약국	shop	126.96858	37.57465
가람유통	shop	127.01139	37.57045
가람화랑	heritage	126.98561	37.57428
가례원	food	126.98167	37.58344
가로가판점	shop	127.01229	37.57179
가로가판점	shop	126.97518	37.57151
가로등	stay	127.01877	37.57229
가로판매대	activity	126.96468	37.56820
가로판매대	shop	127.00154	37.57071
가로판매점６번	shop	126.96976	37.56837
가르뎅	shop	127.00006	37.57088
가르텐비어	bar	126.99193	37.57006
가립	stay	126.98348	37.58276
가마골	food	126.97196	37.57673
가마로강정동묘역앞점	food	127.01439	37.57286
가마솥닭한마리종각역점	food	126.98328	37.57218
가마솥순대국밥	food	127.00161	37.58213
가마솥순대국창신역점	food	127.01519	37.57709
가마치통닭	food	127.01055	37.57312
가마치통닭성대점	food	126.99750	37.58457
가마치통닭신설동점	food	127.02294	37.57462
가모갤러리	shop	126.98209	37.58404
가박지	shop	126.99865	37.57144
가배공방	cafe	127.00314	37.57032
가배도	food	126.98218	37.57990
가배도삼청	cafe	126.98218	37.57990
가배도혜화점	food	126.99821	37.58310
가배랑솜인사동카페	cafe	126.98518	37.57366
가봉루	food	126.97622	37.57153
가부	food	126.99992	37.58799
가비아노	cafe	127.00225	37.58220
가사미아리빙텔	stay	127.00665	37.57456
가시와다육이	shop	127.00652	37.57157
가야복권방	activity	127.01145	37.57384
가야복권방	activity	126.95848	37.57522
가야스넥코너	cafe	126.99708	37.57235
가야여관	stay	127.02247	37.57678
가야옻칠공예	shop	126.98652	37.57295
가야재	shop	126.98487	37.57392
가야회참치	food	127.02117	37.57503
가오관	food	127.01088	37.57305
가온	shop	126.98652	37.57230
가온서린	food	126.98138	37.56934
가온재	stay	127.02214	37.57786
가요라운지	bar	126.98929	37.57171
가우쇼파	shop	126.96373	37.59649
가원공방	shop	126.99229	37.57235
가원솔루션	shop	126.97477	37.57049
가을	bar	126.97518	37.57151
가의한복	shop	126.99865	37.57144
가이난사혜화	shop	127.00109	37.58632
가자상회	shop	127.00402	37.58142
가자세계주류	activity	126.98937	37.57130
가자실내낚시카페	activity	127.00402	37.58142
가장맛있는족발경복궁역점	food	126.97061	37.57640
가장맛있는족발동묘점	food	127.01640	37.57299
가전마트전자	shop	127.00545	37.57436
가정식당	food	126.96894	37.58025
가정식패브릭	shop	126.96977	37.57872
가죽공방	shop	127.01705	37.57046
가죽마루	shop	127.02120	37.57347
가진화랑갤러리카페	food	126.97089	37.58252
가츠라	food	126.97158	37.56927
가츠몽	food	127.01835	37.57149
가츠몽	food	126.96235	37.57086
가치	stay	126.96612	37.57960
가톨릭서원	shop	127.00134	37.58628
가판대	shop	126.97485	37.57202
가판대	shop	126.99004	37.57058
가판점	shop	126.97615	37.56957
가판점교통카드	shop	126.99038	37.57008
가판점１６０호	shop	126.99720	37.58046
가평상회	shop	126.98348	37.58454
가향	food	126.98844	37.56936
가헌아트	shop	126.98530	37.57330
가회	food	126.98456	37.57471
가회갤러리	shop	126.98483	37.57919
가회고택송가헌	stay	126.98563	37.58534
가회당	stay	126.98718	37.58153
가회동성당	heritage	126.98465	37.58203
가회민화박물관	heritage	126.98528	37.58154
가회방	shop	126.98293	37.58279
가회한경헌	cafe	126.98658	37.58321
가회한옥체험관	stay	126.98632	37.58138
각서울	food	126.98737	37.56876
간빠이	bar	126.99047	37.57478
간장게장에진심인정선할매	food	126.97992	37.57085
갈다	shop	126.98203	37.58764
갈라	food	126.99021	37.57354
갈로팡	food	126.98604	37.57917
갈릭보이	food	126.98585	37.57690
갈릭보이	food	126.99962	37.57008
감각	shop	127.00769	37.57251
감개무량	food	126.97000	37.57630
감개무량	food	126.97251	37.57797
감골집	food	127.00061	37.57676
감꽃당	cafe	126.99007	37.57385
감나무집	food	126.98630	37.57195
감나무집	food	126.97392	37.57056
감로수	bar	126.95964	37.60060
감미옥	food	126.99614	37.57047
감성타코비스트로	food	127.00256	37.58230
감촌	food	126.97992	37.57085
갑순네	food	126.99896	37.57042
갓잇	food	127.00008	37.58227
갓텐스시	food	126.98559	37.56945
갓텐하우스오브갓텐스타필드애비뉴그랑서울점	food	126.98144	37.57096
강가네떡볶이	food	127.00041	37.57063
강경불고기종로평	food	126.97455	37.60905
강구미주구리	food	126.97302	37.57669
강구항물가자미	food	126.98825	37.57330
강남면	food	126.96976	37.56837
강남면옥	food	126.98687	37.57247
강남조류원	shop	127.01509	37.57012
강릉엄지네꼬막집서대문역점	food	126.96511	37.56886
강릉옥탑	bar	126.98677	37.56966
강변노래연습실	activity	126.96010	37.57320
강산상회	shop	127.02151	37.57241
강산텔레콤	shop	126.97333	37.57537
강서버섯샤브칼국수이마빌딩점	food	126.97899	37.57391
강아지고양이유기견무료말티푸랙돌먼치킨포메라니안	shop	126.98512	37.56883
강오푸드	food	126.98601	37.56874
강원도메밀막국수	food	127.00234	37.57318
강원도오징어순대	shop	126.99971	37.57012
강원도집	food	126.98800	37.57221
강원맛코다리	food	127.01929	37.57385
강원식당	food	126.98604	37.56857
강원집	food	127.01060	37.57106
강정가게	shop	126.99962	37.57008
강촌숯불닭갈비	food	127.01057	37.57229
강촌숯불닭갈비	food	126.98464	37.57102
강촌쌈밥	food	126.97478	37.61076
강평재	stay	126.98446	37.57713
강호	food	126.98831	37.57526
갗	cafe	127.02150	37.57337
갗키친	food	127.02125	37.57340
같은생각	shop	127.00006	37.57088
개나리뜨개하우스	shop	127.00732	37.57070
개나리식당	food	126.98884	37.57201
개나리아구찜종로	food	126.98676	37.56910
개나리종로	food	126.98676	37.56910
개미식당	food	126.99972	37.58295
개미토산물유통	shop	126.96977	37.57872
개발협력주간	event	126.97684	37.57223
개비스커피	cafe	126.97224	37.57040
개비스코타지	food	127.00165	37.57063
개뿔	cafe	127.00806	37.57823
개성레코드	bar	126.99174	37.57710
개성상회	shop	126.97087	37.58075
개성인삼	shop	127.00571	37.57084
개화	food	126.96900	37.58065
갤러리	shop	127.00138	37.57476
갤러리가야	shop	126.98657	37.57421
갤러리가이아	shop	126.98345	37.57508
갤러리고아트	shop	126.98693	37.57422
갤러리그리다	shop	126.97205	37.58026
갤러리그림손	shop	126.98618	37.57421
갤러리나무	shop	126.98438	37.57884
갤러리나비	shop	126.98475	37.57985
갤러리낙산	shop	127.00694	37.57740
갤러리너트	shop	126.98376	37.57729
갤러리단정	shop	126.98244	37.58023
갤러리담	shop	126.98344	37.57908
갤러리도스	heritage	126.97978	37.58376
갤러리도올	heritage	126.98170	37.58328
갤러리동추	shop	126.96203	37.57615
갤러리떼	shop	126.98530	37.57330
갤러리라온제	shop	126.98201	37.58267
갤러리룩스	shop	126.96786	37.58160
갤러리마롱	shop	126.98276	37.58708
갤러리마리	shop	126.96902	37.57272
갤러리메인	shop	127.00082	37.58412
갤러리모모	shop	126.98650	37.57430
갤러리모임	shop	126.98619	37.57478
갤러리문우	shop	126.98676	37.57437
갤러리미르	heritage	126.98072	37.57761
갤러리민정	shop	126.98197	37.58330
갤러리바이올렛	shop	126.98403	37.57491
갤러리보다	shop	126.98487	37.57392
갤러리빔	shop	126.97360	37.57446
갤러리사월시월	shop	126.98159	37.58645
갤러리서촌재	shop	126.96527	37.58162
갤러리세줄	shop	126.97515	37.61342
갤러리소아	shop	126.98655	37.57384
갤러리소연	shop	126.97007	37.57291
갤러리아리수	shop	126.98404	37.57376
갤러리아이디어회관	shop	127.01423	37.57100
갤러리아트링크	shop	126.97987	37.57792
갤러리아트벤트	shop	126.98913	37.57511
갤러리아트플러스	shop	126.98428	37.57466
갤러리에이엠	shop	126.97350	37.57847
갤러리에이치오엠	shop	126.98185	37.58648
갤러리에이큐브	shop	127.00326	37.58248
갤러리엠	shop	126.97457	37.61339
갤러리엠에치케이	cafe	126.98096	37.58239
갤러리연우	shop	126.97601	37.61651
갤러리온	shop	126.97992	37.57085
갤러리온도	shop	126.98345	37.57508
갤러리운향풍경	shop	126.98611	37.57328
갤러리원	shop	126.98047	37.58268
갤러리유재	shop	126.98522	37.58017
갤러리인덱스	shop	126.98442	37.57420
갤러리인엠	shop	126.97480	37.61236
갤러리일호	shop	126.98152	37.58680
갤러리자인제노	shop	126.97214	37.57964
갤러리자작나무	shop	126.98109	37.57762
갤러리작은자연소연	shop	126.99159	37.57683
갤러리재인	shop	126.98276	37.58708
갤러리정	heritage	126.97138	37.57282
갤러리제이앤에스	shop	126.98741	37.57235
갤러리제이제이중정	shop	126.96810	37.60472
갤러리조선	heritage	126.98148	37.57999
갤러리준아트	shop	126.96643	37.57229
갤러리진	shop	126.97864	37.61373
갤러리진선	shop	126.98048	37.58140
갤러리천보사	shop	126.98610	37.57430
갤러리카페모짜르트	cafe	127.00352	37.58072
갤러리통	cafe	126.96732	37.58071
갤러리평창동	shop	126.96572	37.60929
갤러리피카고스	shop	126.96566	37.60878
갤러리피프틴	food	126.98199	37.58345
갤러리하우스인익선	stay	126.98875	37.57305
갤러리한옥	shop	126.98478	37.58151
갤러리현대주	shop	126.97982	37.57730
갤러리화인	shop	126.98507	37.57441
갤럭시음향	shop	126.98790	37.57276
갯마을	food	126.97556	37.56954
갯마을횟집	food	126.98859	37.56874
갱상도집	food	127.00085	37.58468
갱스터	shop	127.01648	37.57205
갸우뚱	food	127.00042	37.58158
거구장	food	126.98540	37.57159
거목갤러리	shop	126.98731	37.57352
거보매장	shop	126.99708	37.57235
거복에프앤비	food	126.97179	37.57327
거북이	food	126.98650	37.56893
거북이의꿈	food	126.97106	37.57876
거북이집	stay	126.99760	37.58920
거산당구재료	shop	127.00220	37.57122
거산스테이	stay	126.99957	37.57064
거성	bar	126.97556	37.56954
거성	bar	126.97399	37.57227
거성닭한마리	food	127.00591	37.57054
거안	shop	126.98488	37.57427
거인어깨종각	stay	126.98600	37.56908
거처	cafe	126.99140	37.57450
건강미발애	shop	126.97441	37.57136
건강사랑	shop	127.01820	37.57120
건강약국	shop	127.00088	37.58609
건강약초	shop	127.00592	37.57083
건강천국	shop	127.01760	37.57302
건강한빵	food	126.99794	37.58355
건강한세상약국	shop	126.96797	37.56750
건동이네	food	127.00577	37.57151
건배	bar	127.00382	37.57205
건앤미	shop	126.97946	37.57165
건영사	shop	127.00686	37.57522
건이	shop	126.98629	37.58030
건청궁	heritage	126.97674	37.57608
건축공방카페휴	bar	127.00444	37.58305
걸스카우트서울수품보급소	shop	126.98459	37.57634
검향각	food	126.97158	37.56927
게스트하우스고시원	stay	126.99992	37.57221
게스트하우스더김스	stay	126.96870	37.59513
게스트하우스이화휴	stay	127.00661	37.57770
게스트하우스현	stay	126.98199	37.58179
게스트하우스화동	stay	126.98207	37.58175
게임랜드	activity	127.01118	37.57144
겐로쿠우동	food	127.00135	37.58269
겔러리카페	food	127.00279	37.58212
겟어웨이	cafe	126.97429	37.57203
겟투게더	food	126.97524	37.57127
겨울이노래장	bar	127.00401	37.57208
견우실크	shop	127.00071	37.57129
견지식품	shop	126.98275	37.57343
결혼예물다금터	shop	126.99710	37.57098
겸재케이크	food	126.96972	37.57921
경갑침대	shop	127.00419	37.57005
경궁오리	food	126.97186	37.57657
경기상회	shop	127.00569	37.57428
경남화랑	shop	126.98488	37.57426
경도사	shop	126.99708	37.57235
경동바지락칼국수	food	126.97199	37.57645
경동흥업	cafe	127.02283	37.57326
경미사	shop	126.99708	37.57235
경보사	shop	126.99708	37.57235
경복궁	food	126.98472	37.57048
경복궁	heritage	126.97672	37.57603
경복궁관훈점퍼시픽스타주	food	126.98421	37.57259
경복궁그린티스테이	stay	126.96424	37.58179
경복궁대감집	food	126.97095	37.57878
경복궁마마	stay	126.96424	37.58179
경복궁박광일참치주	food	126.97163	37.57937
경복궁서촌장	stay	126.96424	37.58179
경복궁스테이	stay	126.96959	37.57644
경복궁천부경명상센터	activity	126.96534	37.58087
경복궁청운스테이	stay	126.96933	37.58640
경복궁카페	bar	126.97231	37.57791
경복궁풍천장어	food	126.97203	37.57659
경복서점	shop	126.97142	37.58564
경북수산유통	shop	126.97152	37.57629
경성	bar	126.97160	37.57642
경성도성코퍼레이션	food	126.98226	37.57520
경성돈카츠	food	126.98179	37.57253
경성상사	shop	127.01921	37.57383
경성상회	bar	126.97160	37.57642
경성양꼬치	food	126.98523	37.56943
경성왕돈카츠	food	126.96858	37.57465
경성집	food	127.00044	37.58421
경성치킨	food	127.00118	37.58453
경성치킨광화문	food	126.97544	37.56994
경성한우국밥	food	126.97355	37.57491
경성해물짬뽕	food	127.01077	37.57415
경신쉼터	shop	126.99954	37.59220
경애재	stay	126.96944	37.58120
경양카츠	food	127.01289	37.57193
경우사	shop	126.99708	37.57235
경운동민병옥가옥	heritage	126.98580	37.57471
경원상사	shop	126.99967	37.57048
경은상사	shop	126.98790	37.57276
경인미술관	heritage	126.98547	37.57435
경일문화가게	shop	126.98655	37.57383
경일사	shop	126.97382	37.57309
경일약국	shop	126.96531	37.60507
경일의료과학상사	shop	126.99286	37.57021
경진마스컴	shop	126.99708	37.57235
경해실업	food	126.99784	37.57362
경화사	shop	127.01394	37.57179
경흥아메스주	shop	126.98513	37.57659
경희궁	food	126.97396	37.57235
경희궁	heritage	126.96849	37.57039
경희궁골프아카데미	activity	126.95848	37.57522
경희궁골프앤투어	activity	126.95848	37.57522
경희궁공원	nature	126.97078	37.56990
경희궁노래방	activity	126.97223	37.57662
경희궁닭곰탕	food	126.97330	37.57342
경희궁돈까스	food	126.96511	37.56879
경희궁마인즈아이	shop	126.97179	37.57327
경희궁슈퍼	shop	126.97028	37.57497
경희궁참치집	food	126.97230	37.57171
경희궁햇살약국	shop	126.96304	37.57008
경희서원의료기	shop	127.00541	37.57130
계경목장	food	126.97235	37.57952
계경순대국동묘역점	food	127.01597	37.57228
계단매점	shop	127.00732	37.57070
계단슈퍼	shop	127.00034	37.56981
계단아래오마카세	food	126.97333	37.57537
계단집	food	126.97136	37.57654
계동배렴가옥	etc	126.98669	37.58130
계동연가	stay	126.98749	37.58331
계동치킨	food	126.98844	37.57299
계동치킨낙원점	food	126.98951	37.57091
계동피자	food	126.98665	37.58017
계략가	food	126.99712	37.58470
계륭식당	food	126.99450	37.57017
계림과사람들	food	126.99450	37.57017
계림삼계탕	food	127.00653	37.57013
계림식당	food	126.99450	37.57016
계양기원	activity	126.98924	37.56948
계열사	food	126.96560	37.59288
계절의연음	food	127.00456	37.58319
계절의커튼콜	food	127.00318	37.58209
계측기옥션	shop	126.98484	37.57199
계향각	food	127.00433	37.58209
계화당	shop	126.96734	37.58164
고가네숯불구이	food	126.98986	37.56880
고가빈커리하우스	food	126.97096	37.57287
고경숙한복	shop	127.00137	37.57004
고경실	shop	126.98681	37.57419
고궁마실	shop	126.99789	37.58251
고금관	shop	126.98655	37.57384
고기가조아	food	127.01108	37.57321
고기공방	food	127.02017	37.57358
고기꾼김춘배종로	food	126.98650	37.56906
고기연	food	126.97183	37.57731
고기와찌개마을	food	127.01180	37.57266
고기집	food	126.97382	37.57309
고기하다	food	127.00116	37.58297
고깃집	food	127.01207	37.57280
고다	food	126.97488	37.56973
고다공방	shop	126.99894	37.58147
고당도예	shop	126.98633	37.57267
고당도예전시장	shop	126.98633	37.57267
고돌이고순이네	food	127.00014	37.58205
고디바디타워	food	126.97891	37.57100
고래	bar	126.99081	37.57347
고래	food	126.97230	37.57887
고래불수산	food	126.99731	37.57372
고래섬	bar	126.99708	37.58427
고래의숲	food	127.00283	37.58370
고려금박	shop	127.00006	37.57069
고려디자인부미지점	food	126.99003	37.57692
고려삼계탕	food	126.97608	37.57149
고려인삼진흥	shop	126.97333	37.57537
고려자원	shop	127.01927	37.57221
고려조명	shop	126.99474	37.57003
고려종합공사	shop	126.98913	37.57511
고려학원매점	shop	127.02292	37.57464
고메드갤러리아온기스퀘어	food	126.98433	37.57307
고메디칼	shop	127.00340	37.57079
고모라	shop	126.97360	37.57446
고미술갤러리호	shop	126.98611	37.57328
고미술산	shop	127.01795	37.57246
고미술연구소	shop	126.98404	37.57376
고미술인	shop	126.98676	37.57437
고바우고기집	food	126.99102	37.57082
고바우식당	food	127.01597	37.57136
고반식당	food	126.98677	37.56966
고베규카츠	food	126.99994	37.58231
고봉당혜화	food	127.00076	37.58320
고봉민김밥인	food	127.00316	37.58275
고봉민김밥인종로	food	126.99188	37.57101
고봉삼계탕	food	126.97452	37.57047
고부기대학로	food	127.00437	37.58165
고송갤러리	shop	126.98541	37.57673
고수초밥	food	126.96858	37.57465
고시원	stay	127.01020	37.57339
고씨네동해막국수종로	food	126.98470	37.57456
고아트	shop	126.98578	37.57317
고야	food	126.97502	37.57100
고양이	shop	126.98395	37.57461
고엔	food	126.99989	37.58434
고엔제이	shop	126.99914	37.57115
고와치	shop	126.99865	37.57144
고요하우스	stay	126.98646	37.58135
고운	stay	126.98583	37.58295
고운돈	food	126.98999	37.57308
고운한복	shop	126.99865	37.57144
고월헌	shop	126.98461	37.58321
고월헌	shop	126.98518	37.57366
고은	stay	127.00554	37.58325
고은당	shop	126.98610	37.57430
고은방	shop	126.99127	37.57066
고은방	shop	127.00199	37.57011
고은빛우리옷	shop	126.99881	37.57058
고은정	food	126.99905	37.58241
고은쥬얼리	shop	126.99710	37.57098
고음종로	food	126.98499	37.57150
고이커피	cafe	126.98447	37.58255
고잉메리	shop	126.98111	37.56984
고잉메리안녕인	food	126.98355	37.57447
고조우	shop	126.99967	37.57048
고창집	food	126.99108	37.57301
고창집	food	127.00533	37.57057
고창집별관	food	127.00511	37.57054
고청담광화문디	food	126.97891	37.57100
고촌	shop	126.98445	37.57454
고추잠자리	food	126.99076	37.57152
고치비	food	126.96894	37.57934
고코	food	126.97179	37.57327
고쿤스시	food	126.95860	37.57438
고태미	shop	126.98676	37.57437
고토	activity	126.98875	37.57484
고트델리서촌	food	126.96823	37.57992
고향	food	127.00002	37.57269
고향맛집	food	126.97990	37.57415
고향식당	food	127.01931	37.57355
고향집	food	126.98842	37.57237
고향집	food	126.99383	37.56986
고향집	food	127.00116	37.57021
고향축산	shop	126.98834	37.57204
고향풍천장어	food	126.98841	37.57297
고향횟집	food	127.00058	37.57158
고희	cafe	126.97208	37.58019
곤드레밥	food	126.96973	37.57572
곤지암할매소머리국밥	food	126.98843	37.56840
곤트란쉐리에	food	127.00358	37.58297
곤트란쉐리에종로	food	126.98361	37.57074
곧은	food	126.98463	37.56909
골덴	food	126.98960	37.57410
골덴카페트	shop	126.99001	37.56859
골드	shop	126.99186	37.57296
골드	shop	127.01051	37.57521
골드	activity	126.97061	37.57640
골드나라	shop	126.99123	37.57102
골드니스	shop	126.99330	37.57095
골드당구장	activity	127.01019	37.57065
골드라인	shop	126.98564	37.57340
골드랑	shop	126.99865	37.57144
골드랜드	shop	126.99710	37.57098
골드러시	shop	126.99766	37.58468
골드리아	shop	126.99164	37.57298
골드리움	shop	126.99161	37.57168
골드링	shop	126.99186	37.57233
골드마인	shop	126.99524	37.56929
골드만	shop	126.99247	37.57228
골드맨	shop	126.99865	37.57144
골드바	shop	126.99703	37.57407
골드바닷컴	shop	126.99321	37.57017
골드버디	activity	126.97992	37.57085
골드베리쥬얼리	shop	127.00006	37.57088
골드브릭	shop	126.98925	37.56959
골드사	shop	126.99872	37.56978
골드새미나	shop	126.99128	37.57012
골드샵	shop	126.99710	37.57098
골드센스	shop	126.99710	37.57098
골드스완	shop	126.99865	37.57144
골드스퀘어컴퍼니	shop	126.99708	37.57235
골드스타	shop	126.98980	37.57057
골드스톤	shop	126.99340	37.57016
골드스포츠	shop	127.01424	37.57149
골드썸	shop	126.99710	37.57098
골드앤다이아	shop	126.99185	37.57217
골드앤유	shop	126.99127	37.57066
골드조아	shop	126.99290	37.57226
골드조이	shop	126.99319	37.57110
골드타임	shop	126.98621	37.57253
골드트윈스	shop	126.99355	37.57151
골드파니	shop	127.00138	37.57476
골든	shop	126.99708	37.57235
골든데이	shop	126.98670	37.57042
골든브로스	stay	126.98741	37.56978
골든스튜디오	shop	126.99088	37.57408
골든알케미아	shop	126.96882	37.58120
골든주얼리	shop	126.99708	37.57235
골든타워	shop	126.99708	37.57235
골든트리인터내셔널	shop	126.98925	37.56959
골든팀버	shop	126.99123	37.57102
골든폰드게스트하우스	stay	126.99921	37.58230
골든필	shop	126.99710	37.57098
골든핸즈가든	shop	126.97298	37.57135
골든핸즈컬렉션	shop	126.97298	37.57135
골목냉면	food	127.00088	37.58609
골목대장	food	126.98844	37.56936
골목식품	shop	127.00612	37.57011
골목안정원	food	126.98602	37.57218
골목에프씨	food	127.00088	37.58609
골목집	food	126.97342	37.57646
골목집	food	126.99914	37.57275
골목카페	cafe	126.99082	37.57164
골목하녹	stay	127.01177	37.57237
골목회관	food	127.00117	37.57147
골목흙돼지	food	127.01928	37.57446
골프인에스프레소	cafe	126.97333	37.57537
골프장	bar	126.99932	37.57112
골프존파크경희궁	activity	126.96206	37.57143
골프존파크명륜성대스크린	activity	126.99742	37.58376
곰곰하우스	stay	126.98647	37.58140
곰발	food	126.99144	37.57165
곰발커피	cafe	126.97111	37.57295
곰솔	food	126.97211	37.57877
곰씨상점	shop	126.97421	37.57364
곰작소	food	126.98144	37.57096
곰초밥	food	126.98666	37.57978
곱마니순대국	food	127.00005	37.57230
곱창	food	127.00443	37.57030
곱창고	food	127.00082	37.58426
공간	bar	126.98239	37.57855
공간과몰입	shop	127.00560	37.58055
공간사이	cafe	126.98466	37.58159
공간아래	shop	126.99801	37.58701
공간에이	stay	126.98930	37.56935
공간일리	shop	126.96112	37.60400
공간하나갤러리	shop	127.00116	37.57836
공공재커피클럽	cafe	126.98366	37.57756
공공한옥주간	event	126.98671	37.57905
공근혜갤러리	heritage	126.97968	37.58408
공기식당	food	126.96952	37.58032
공드린	shop	126.99057	37.57658
공룡슈퍼혜화점	food	127.00354	37.58249
공릉닭한마리	food	127.00554	37.57048
공릉동멸치국수	food	127.01323	37.57208
공릉동원조멸치국수	food	126.99697	37.57581
공샤브	food	126.97992	37.57085
공시	food	126.98180	37.57189
공심가	stay	126.98090	37.57790
공예나라	shop	126.98345	37.57508
공이네파전	food	127.01931	37.57355
공주닭발	food	127.01399	37.57040
공중정원	cafe	126.96855	37.57955
공차	cafe	127.00732	37.57070
공차	shop	126.98244	37.57112
공차	cafe	126.98179	37.57253
공평도시유적전시관	heritage	126.98357	37.57162
공평동꼼장어	food	126.98288	37.57177
공평동꼼장어	food	126.98456	37.56888
공평식당	food	126.98285	37.57171
공평아트	heritage	126.98268	37.57268
공화춘	food	126.96790	37.56743
과수원갤러리	shop	126.98262	37.58501
과일에반하다프루타	cafe	126.98938	37.57546
과일팜	shop	126.99441	37.58996
과일한잔	shop	126.99397	37.58968
곽선생왕만두	food	127.01356	37.57220
관광기념품디자인연구소	shop	126.98652	37.57230
관광２	shop	127.01023	37.57026
관수동식당	food	126.99149	37.56902
관철동헬스클럽	activity	126.98718	37.56893
관철로또	activity	126.98797	37.56945
관훈	shop	126.96858	37.57465
관훈갤러리카페	food	126.98438	37.57393
관훈맨션	food	126.98594	37.57372
관훈미술관	shop	126.98425	37.57380
관훈아르떼	shop	126.98438	37.57393
관훈카페	bar	126.98438	37.57393
광게스트하우스	stay	126.98635	37.58012
광교약국	shop	126.98311	37.56909
광나루찌개	food	127.00173	37.57835
광덕전열	shop	126.99324	37.56921
광릉상회	shop	127.00379	37.57412
광명식품	shop	126.99440	37.57003
광명피아노	shop	126.98765	37.57222
광명화장품	shop	127.01242	37.57170
광산포차	food	127.00309	37.57632
광성침구	shop	126.99971	37.57012
광신악기	shop	126.98765	37.57222
광안리	food	126.98964	37.56939
광양오누이면옥	food	126.97992	37.57085
광열당	shop	126.98540	37.57210
광장노래밤	bar	126.99896	37.57042
광장누룽지닭강정	food	127.00155	37.57048
광장당구장	activity	126.97313	37.57377
광장동문육회	food	127.00139	37.57048
광장마켓	shop	127.00022	37.57063
광장멧돌집	food	127.00084	37.57068
광장별관	shop	126.99971	37.57012
광장시장	shop	126.99972	37.57017
광장시장고구마	food	127.00100	37.56989
광장시장나주댁육회랑전이랑	food	126.98609	37.56965
광장시장순희네빈대떡	food	127.00118	37.57044
광장시장전설의왕만두	food	127.00122	37.57066
광장시장찹쌀꽈배기	food	127.00041	37.57063
광장시장통통오징어	food	126.99971	37.57012
광장시장호떡짱	food	127.00122	37.57066
광장쑥자매	food	127.00022	37.57063
광장약국	shop	126.99923	37.57108
광장인삼	shop	126.99971	37.57012
광장찰핫도그	food	127.00142	37.56993
광장창고게라지	shop	126.99874	37.56993
광장총각강정	shop	126.99971	37.57012
광장총각네붕어빵	food	126.99971	37.57012
광장통신	shop	127.00648	37.57066
광주곱창	food	127.00489	37.57034
광주상회	shop	126.99967	37.57048
광주집	food	126.99090	37.57301
광주집	food	127.01753	37.57084
광진식당	food	126.95682	37.60015
광진주단	shop	127.00086	37.56986
광통교	heritage	126.98112	37.56915
광화로	food	126.97548	37.57135
광화문	heritage	126.97679	37.57602
광화문광장	nature	126.97696	37.57265
광화문나폴리	food	126.97591	37.57144
광화문등심	food	126.98065	37.57187
광화문세종문화회관꽃집인덕플라워앤와인	shop	126.97232	37.57093
광화문수제비	food	126.97992	37.57085
광화문이층약국	shop	126.97451	37.57047
광화문한옥집	food	126.97400	37.57272
광훈무역	shop	127.01877	37.57175
광희칼국수	food	126.98675	37.56878
광희칼국수	food	126.99975	37.57232
광희칼국수	food	126.98403	37.57280
교남김밥	food	126.96511	37.56886
교동전선생	food	126.98052	37.57225
교동전선생	food	126.97432	37.57239
교보문고	shop	126.97798	37.57098
교보소비조합관리	shop	126.97793	37.57096
교우동행	food	126.96831	37.57921
교자왕	food	126.99248	37.57019
교촌치킨	food	127.00042	37.58206
교촌치킨숭인점	food	127.02007	37.57460
교촌치킨종로	food	126.98602	37.56937
교촌치킨평창점	food	126.96901	37.60686
교토스시	food	127.00429	37.58022
교토신	shop	127.00824	37.57603
교통카드충전소	shop	126.99410	37.57026
교통카드충전소	shop	126.97615	37.56957
교호커피	cafe	127.00174	37.57125
구공공	cafe	127.00026	37.58342
구공업전습소본관	heritage	127.00324	37.57843
구구구	cafe	126.99968	37.59035
구구상사	shop	127.01778	37.57295
구기동광	food	126.95805	37.60778
구기동면옥	food	126.96035	37.60555
구기동야키토리	food	126.95807	37.60726
구기동오면	food	126.95892	37.60723
구기동옷가게	shop	126.95920	37.60669
구기촌	food	126.95964	37.60648
구내매점	shop	127.01038	37.57213
구도로통닭	food	126.98390	37.56945
구두다방	shop	127.01458	37.57043
구둘장삼겹살	food	126.99114	37.57332
구떼와플카페	cafe	126.96020	37.57272
구룡포식당	food	126.98328	37.57293
구루루	shop	126.96934	37.57844
구르메	food	126.96684	37.60669
구르미교육	shop	127.00394	37.57403
구름산추어탕	food	126.98034	37.57291
구름산추어탕오피시아점	food	126.97488	37.56973
구메구메바이제제	shop	126.97001	37.57914
구봉화랑	shop	126.98684	37.57338
구뻐	food	126.98495	37.56946
구석탱이카페인	cafe	127.01460	37.57229
구세군희망나누미	shop	127.00022	37.58408
구스띠모	food	126.98058	37.57071
구스토	cafe	126.99865	37.57144
구슬모아당구장	activity	126.98473	37.57047
구십오퍼센트	bar	126.98625	37.56877
구원아시아마트	shop	126.99767	37.58429
구월호텔	stay	126.99010	37.57109
구월호텔	stay	127.00333	37.57158
구이	food	127.00257	37.58389
구이와찌개	food	126.98858	37.56907
구제	shop	127.01783	37.57100
구제나라	shop	127.01635	37.57202
구제나라	shop	127.01729	37.57129
구제닷	shop	127.01623	37.57022
구제로비	shop	126.99971	37.57012
구제잔치	shop	127.01774	37.57111
구포상회	shop	127.00137	37.57004
구피날다	shop	127.01397	37.57081
구하산방	shop	126.98566	37.57266
국가유산진흥원	food	126.97497	37.57659
국가유산진흥원	shop	126.98971	37.57887
국립경찰박물관	heritage	126.96220	37.57206
국립고궁박물관	heritage	126.97498	37.57659
국립기상박물관	heritage	126.96663	37.56962
국립박물관문화재단종로지점	shop	126.97876	37.57948
국립어린이과학관	heritage	126.99680	37.58183
국립어린이청소년극단	shop	127.00144	37.57656
국민생활도움센터	shop	126.96503	37.60462
국민포차	bar	126.98765	37.57222
국밥주막·냉면	food	126.99151	37.56866
국빈	food	127.00189	37.57585
국빈관	food	126.97383	37.57663
국빈행성	food	127.00174	37.57847
국세청매점	shop	126.97990	37.57415
국수	food	127.00512	37.57084
국수가	food	127.00436	37.58083
국수나무	food	127.00191	37.57875
국수나무그린종로르메이에르점	food	126.97992	37.57085
국수명가	food	126.98099	37.57829
국수명가	food	126.98522	37.58017
국수분식	food	126.97992	37.57085
국수의신	food	126.99330	37.57224
국순당백세주마을주	bar	126.98362	37.56939
국시랑만두	food	126.96238	37.59821
국시방	food	126.97441	37.57136
국일관호프	bar	126.99039	37.57000
국일식당	food	126.99003	37.56971
국일약국	shop	126.98851	37.56956
국일영양족발	food	126.98971	37.56879
국일장여관	stay	126.99004	37.57209
국일휴게소	shop	126.99003	37.56971
국제갤러리	heritage	126.98064	37.58079
국제갤러리주	shop	126.98079	37.58035
국제갤러리홀딩주	shop	126.98109	37.58032
국제다방	cafe	126.98869	37.56863
국제보청기	shop	127.00229	37.57128
국제상사	shop	127.00955	37.57041
국제상사	shop	127.00419	37.57005
국제식당	food	126.99185	37.56906
국제아트	shop	126.98523	37.57306
국제예술교류중심	shop	126.98617	37.57529
국제자수원	shop	126.98523	37.57306
국제자수원	shop	126.98475	37.57395
국제피아노	shop	126.98765	37.57222
국찌족발	food	126.98495	37.56946
국화약국	shop	126.96666	37.60602
군산집	food	127.00478	37.57033
굴림서촌점	food	126.97160	37.57964
굴밭	food	126.97223	37.57261
굽기	food	127.00460	37.58192
굽네치킨	food	127.01399	37.57230
굽네치킨종각역점	food	126.98704	37.56949
굿네스카페	cafe	126.99940	37.58987
굿데이	shop	127.00732	37.57070
굿모닝고시원	stay	126.98986	37.56880
굿모닝삼일대로점	food	126.98725	37.56908
굿모닝인사점	food	126.98330	37.57335
굿푸드랩	shop	126.98328	37.58303
궁	bar	127.00384	37.57173
궁가는여우	shop	126.97237	37.57648
궁궐가는길찌개	food	126.98537	37.57624
궁나라냉면묵밥	food	127.01587	37.57691
궁안에개성만두	food	126.98531	37.57442
궁전김민지한복	shop	126.99971	37.57012
궁전아이스크림	shop	127.00763	37.57251
궁중문화축전	event	126.97698	37.57877
궁중삼계탕	food	126.99698	37.57577
궁중육회	bar	126.98454	37.57102
권사부순대국삼청식품	food	126.98266	37.58696
권서방네순대국	food	126.98113	37.57195
권영석갤러리	shop	126.98731	37.57352
권영수대가전골	food	126.98416	37.57087
귀목플라워	shop	127.00235	37.57076
귀보당	shop	126.99708	37.57235
귀빈	bar	126.98974	37.57199
귀빈꽃장미	shop	127.00193	37.57841
귀엽떡볶이	food	126.99127	37.57066
귀족	shop	126.99710	37.57098
귀천	cafe	126.98489	37.57478
귀한보청기	shop	126.97230	37.57171
규리네과일가게	shop	126.97992	37.57085
규방	shop	127.00732	37.57070
규방도감	food	126.98148	37.58158
규방도감집	food	126.98446	37.57753
규방혼수	shop	127.00018	37.58644
규카츠정	food	126.97992	37.57085
규카츠정	food	127.00005	37.58282
그날우리는	food	127.00027	37.58180
그남자의파스타	food	127.00110	37.58466
그냥금집	shop	126.98940	37.57618
그놈	bar	126.99141	37.57123
그때그집	food	126.98875	37.57218
그라미	bar	126.98665	37.57306
그라운드서울	heritage	126.98364	37.57347
그라츠커피랩	cafe	127.00044	37.57233
그라피	cafe	126.98540	37.56967
그랑비노	food	126.99115	37.57639
그랑빌고시텔	stay	127.02080	37.57502
그랑스마일덴탈클리닉	shop	126.98041	37.57142
그랑핸드북촌점	shop	126.98394	37.58179
그래도베이커리	food	126.99716	37.58938
그래도베이커리서촌점	food	126.97343	37.57903
그랜드악기사	shop	126.98765	37.57222
그랜드쥬얼리	shop	126.98980	37.57057
그랜트	food	126.98179	37.57253
그레이스	shop	126.96124	37.60158
그레이스게르마늄	shop	126.99708	37.57235
그레이스북촌지점	shop	126.98386	37.58211
그레이스홈	stay	127.01587	37.57936
그레이슬	shop	126.96195	37.57488
그리너리	food	126.97992	37.57085
그리너스플라워	shop	126.99900	37.57572
그리너에프엔비	food	127.00434	37.58111
그리닝스테이	stay	127.01040	37.57558
그리다	shop	126.98395	37.57461
그리다	shop	126.98364	37.57954
그리다널도자기그림공방	activity	126.98561	37.58049
그리다누누	shop	127.00722	37.57747
그리드인	stay	126.99136	37.56966
그리드인컴퍼니	shop	126.99094	37.57651
그리드홈	bar	127.01880	37.57223
그리벨	shop	127.00229	37.57049
그릭샐러드	food	126.97429	37.57203
그릭앤그레인	food	126.96788	37.57747
그린	shop	127.01397	37.57274
그린그라운드커피	cafe	127.00067	37.58637
그린마일커피	cafe	126.98524	37.58239
그린마트	shop	127.00568	37.57594
그린비	bar	126.99130	37.57144
그린악기	shop	126.98765	37.57222
그린앤그레인	food	126.97331	37.57186
그린원	shop	126.98056	37.57441
그린의류	shop	126.99046	37.57060
그린청과	shop	126.97227	37.57648
그린커텐	shop	127.00732	37.57070
그린테이블	food	127.00701	37.57324
그린파크	stay	127.01644	37.57253
그린폴	cafe	127.00165	37.57405
그린하우스	stay	127.01886	37.57687
그린하우스	stay	126.96424	37.58179
그린호텔	stay	127.01644	37.57253
그림아보고싶다	shop	127.01851	37.57208
그림안	shop	126.97507	37.61139
그옛찻집	cafe	126.98390	37.57425
극단예술마루	cafe	126.98561	37.57386
근생원	shop	126.99861	37.58982
근영악기	shop	126.98765	37.57222
글라세라떼	cafe	126.97007	37.56857
글라스타안경	shop	126.99740	37.58472
글러브	bar	126.98994	37.57268
글로리	shop	127.00659	37.57059
글로벌비전멀티미디어	shop	126.97393	37.56980
글로벌인시티데이즈인	stay	127.01171	37.57145
글로우링플라워	shop	126.98582	37.57672
글루호텔	stay	127.00394	37.57579
글마재	shop	126.98651	37.57452
글맛집	shop	126.98141	37.58661
금강	shop	126.99708	37.57235
금강랜드로바종로지점	shop	126.98738	37.57046
금강석	shop	126.99786	37.56975
금강원	shop	126.99865	37.57144
금강유통	shop	127.01559	37.57049
금광	shop	126.98980	37.57057
금금	food	126.98144	37.57096
금단	shop	127.00955	37.57041
금룡	food	127.00259	37.57056
금릉슈퍼	shop	127.01674	37.57377
금문	food	127.00064	37.58547
금문도	food	126.98034	37.57291
금문도내수동점	food	126.97313	37.57377
금문장	food	127.01615	37.57661
금박연	shop	126.98619	37.58263
금방울악기사	shop	126.98765	37.57222
금별맥주	bar	126.98557	37.56926
금별맥주종로평창점	bar	126.96477	37.60486
금보개발오라카이대학로호텔	stay	126.99872	37.57557
금보당	shop	126.99354	37.57076
금보성아트센터	heritage	126.97809	37.61267
금보장	shop	127.02007	37.57460
금비녀	shop	127.00103	37.56991
금빛나라	shop	127.02026	37.57290
금빛나라곤스	shop	126.99123	37.57102
금빛주얼리	shop	126.99186	37.57233
금빵커피	cafe	127.02298	37.57482
금사랑	shop	126.98604	37.57042
금사랑	shop	126.99108	37.57065
금사랑주	shop	126.99282	37.57155
금상고로케서촌	food	126.96980	37.57956
금상주얼리	shop	126.99123	37.57102
금성	shop	126.99255	37.57202
금성공예	shop	127.00955	37.57041
금성만물	shop	127.02276	37.57236
금성민물수족관	shop	127.01296	37.57037
금성상회	shop	126.98810	37.57208
금성슈퍼	shop	126.98858	37.56907
금성슈퍼	food	126.97600	37.57063
금성전기상사	shop	126.99321	37.57017
금성주단	shop	127.00006	37.57088
금성팻션	shop	126.99971	37.57012
금성해장국	food	127.00491	37.57078
금술	shop	126.99710	37.57098
금신당	shop	126.99708	37.57235
금신양행	shop	126.99708	37.57235
금오산방	shop	126.98859	37.57422
금옥당인사점	food	126.98355	37.57447
금옥장	shop	127.01133	37.57365
금왕신복	shop	127.00080	37.56970
금용문	food	126.97405	37.57283
금은보화	shop	126.98523	37.57385
금장	shop	126.99915	37.57386
금장사	shop	126.99175	37.57115
금정	food	127.00421	37.57143
금정사	shop	126.99708	37.57235
금정사	shop	126.99786	37.56975
금정헌	stay	126.98370	37.58229
금제실크	shop	126.99985	37.57047
금조화랑	shop	126.99075	37.57450
금진기업	shop	127.02297	37.57684
금찌	shop	126.99211	37.57149
금촌	food	126.98517	37.57267
금터	shop	126.99710	37.57098
금파갤러리	shop	126.96652	37.61264
금하낙지마당	food	127.00391	37.57296
금해복집	food	126.95955	37.60697
금호네루	shop	127.00658	37.57066
금호미술관	heritage	126.97991	37.57747
금호아트홀	heritage	126.97316	37.56981
금호정육점	shop	127.00569	37.57428
금홍식당	food	127.01588	37.57595
금화	shop	126.99708	37.57235
긍정빌딩	stay	126.98782	37.57421
기꾸스시	food	126.99862	37.58329
기대육서촌점	food	126.97186	37.57657
기독교학교협의회	shop	127.00162	37.57293
기독신문서울서북지사	shop	127.01121	37.57755
기러기둥지	food	126.99004	37.57279
기룡건강식품	shop	127.01955	37.57223
기린종로	bar	126.98457	37.56930
기마이	shop	127.01917	37.57268
기방상회	shop	127.00478	37.57023
기쁜날우리옷	shop	127.00046	37.56983
기쁜소식	shop	127.01623	37.57022
기사	food	126.98183	37.58174
기생	food	126.98963	37.57487
기승전牛우	food	126.97048	37.57495
기와탭룸	food	126.98167	37.57869
기원	stay	126.97053	37.57825
기정아트	shop	126.98488	37.57426
기차앤초밥	food	126.98216	37.58697
기천지	shop	126.99123	37.57102
기체	shop	126.98211	37.58044
기타로드	shop	126.98854	37.57281
기타뮤즈	shop	126.98853	37.57248
기타스토어	shop	126.98765	37.57222
기타앤사운드	shop	126.98790	37.57276
기풍전기	shop	126.99342	37.56999
긴자료코	food	127.00434	37.58111
긴자바이린	food	126.98048	37.57758
긴자제이케이주	shop	126.99093	37.57530
길가온	food	126.99825	37.57373
길골드	shop	126.98980	37.57057
길복정	food	126.97374	37.57315
길상영업소	shop	127.00434	37.58111
길상원	shop	126.98267	37.57263
길선이네	food	126.97360	37.57446
길운구락부	food	126.98153	37.58612
길조패션	shop	126.99941	37.57495
길츄	food	126.98635	37.57740
길표구화랑	shop	127.01678	37.57274
김가네	food	126.98472	37.57048
김가네	food	126.98891	37.57177
김가네	food	127.00997	37.57175
김가네김밥	food	126.99920	37.58279
김가네대청마루	food	126.98655	37.57384
김가네설악추어탕	food	127.00155	37.57838
김가은	shop	126.98482	37.57948
김김포차	bar	127.01085	37.57339
김달진미술자료박물관	heritage	126.95666	37.60011
김말임손뜨개스튜디오	shop	126.98338	37.57515
김명례의자연공감도	shop	126.98912	37.57910
김명자굴국밥	food	126.98089	37.57392
김명자굴국밥	food	126.99932	37.57213
김문정목포홍탁	food	127.00369	37.57253
김미숙삼베모시	shop	126.99971	37.57012
김민지한복	shop	126.99839	37.57144
김밥	food	126.98078	37.57220
김밥나라	food	127.01552	37.57459
김밥마집	food	126.99974	37.58210
김밥분식	food	126.95761	37.60818
김밥사랑	food	127.01065	37.57263
김밥집	food	127.01194	37.57008
김밥천국	food	126.99165	37.57393
김밥천국	food	126.98512	37.56883
김밥천국	food	126.99763	37.58399
김밥천국	food	126.97330	37.57342
김밥천국	food	127.01251	37.57031
김밥천국	food	126.97227	37.57648
김밥친구	food	126.99522	37.58852
김밥친구국수	food	126.99865	37.57144
김방원수족관	shop	127.01440	37.57046
김봉순	shop	126.99371	37.57081
김삼보보신각점	food	126.98411	37.56947
김삼보종로	food	126.99131	37.56993
김삼보한국관	food	126.97992	37.57085
김술랭	shop	127.01948	37.57232
김숯불갈비	food	127.01252	37.57448
김영희강남동태찜	food	126.97032	37.57633
김영희강남동태찜평창점	food	126.97848	37.61142
김용기미술관	cafe	127.01965	37.57641
김용현베이커리	food	126.97162	37.57799
김정문알로에종로지사	shop	127.00162	37.57293
김정임뜨개방	shop	127.00732	37.57070
김제양어장	shop	127.01512	37.57086
김종영미술관	heritage	126.97759	37.61302
김종영미술관카페	cafe	126.97761	37.61304
김준클럽	food	126.95708	37.60870
김중배다이아	shop	126.99202	37.57243
김진목삼	food	126.97198	37.57692
김진목삼	food	126.96960	37.57695
김치골웰빙밥상	food	126.98676	37.57304
김치한옥게스트하우스	stay	126.97108	37.57810
김한집	stay	126.98652	37.58284
김해약국	shop	127.00069	37.57070
김현주갤러리주	shop	126.98098	37.58350
김희영주얼리	shop	126.99132	37.57594
깊·골	activity	126.99932	37.58322
까델루뽀	food	126.97135	37.58180
까르띠에	shop	126.99663	37.57092
까리	shop	126.95860	37.57438
까망글씨	shop	126.98432	37.57457
까사디쉐프	food	126.97045	37.57915
까사브리오	stay	127.00498	37.58410
까사이태리아	food	126.97233	37.57877
까치다방	cafe	127.01280	37.57197
까페더메모리	bar	127.00023	37.58242
까페랑솜	cafe	127.00044	37.58233
까페엠마	cafe	126.96928	37.57260
까페오렌지	cafe	126.99006	37.56976
깐깐스타필드애비뉴그랑서울점	food	126.98144	37.57096
깐부치킨	food	127.00428	37.58288
깔리	food	126.99927	37.58252
깜장치킨	food	126.97374	37.57654
깜찍이네	shop	127.01601	37.57198
깡순이네	food	127.00651	37.57185
깡장집	food	126.98172	37.57205
깡통만두	food	126.98610	37.57815
깡통카페	cafe	127.01898	37.57162
꺽정이네장작구이	food	127.00084	37.58247
꼬까방	shop	126.97130	37.57900
꼬꼬뚝닭	food	126.97421	37.57364
꼬꼬매니아	shop	126.98156	37.58657
꼬꼬방	bar	126.99424	37.57013
꼬꼬순이	food	127.00384	37.57160
꼬들집	bar	126.96726	37.60556
꼬레아노	shop	126.98371	37.57534
꼬르소비	bar	126.96511	37.56886
꼬매	shop	126.96936	37.57635
꼬모다이아몬드	shop	126.98736	37.56990
꼬무줄	shop	127.01247	37.57045
꼬소한부뚜막광장점	food	126.97565	37.57151
꼬치오뎅	bar	126.99931	37.58377
꼰떼	food	126.96384	37.59224
꼼엘르	shop	126.98488	37.57426
꼼지락	shop	126.98488	37.57426
꽁스치킨	food	127.01023	37.57057
꽃	food	127.01877	37.57175
꽃가마	shop	127.00732	37.57070
꽃가마	shop	126.99340	37.57016
꽃게먹는보리밥	food	126.98355	37.57447
꽃공작소미쓰김라일락	shop	126.98637	37.57739
꽃나라	shop	126.97007	37.56857
꽃누리들밥경복궁점	food	126.98028	37.57735
꽃님이네로또방	activity	126.98687	37.57247
꽃담	cafe	126.98633	37.57267
꽃반지금방	shop	126.97060	37.57856
꽃밥에피다	food	126.98402	37.57528
꽃밥이야기	shop	126.98477	37.58043
꽃백숙	food	127.01081	37.57239
꽃보다밥	food	127.02149	37.57401
꽃삼뚜껑	food	127.02167	37.57519
꽃여울	shop	126.96758	37.60622
꽃의시간	shop	126.98341	37.57220
꽃의온도	shop	126.96511	37.56886
꽃이피움	cafe	126.98331	37.57493
꽃집	shop	126.98440	37.56983
꽃피공	food	126.96777	37.58080
꽃피는날명품구제	shop	127.01623	37.57020
꽃피는산골	food	126.98288	37.57177
꽃피는산골	bar	126.98559	37.57109
꽃휴게실	cafe	126.99135	37.56939
꽈배기마법사	food	127.00650	37.57089
꽈백이	food	126.99981	37.58728
꽈백최선생	food	126.99930	37.58300
꾸까	food	126.97983	37.57622
꾸꾸행떡	food	127.01550	37.57838
꾸미	shop	127.00813	37.57333
꾸스꾸스	food	126.97116	37.57786
꾸아	food	127.00146	37.58324
꾸움과자점	cafe	127.00268	37.58441
꿀맛백반	food	126.99643	37.58701
꿀팁쭈꾸미생삼겹살	food	127.02200	37.57414
꿈꾸는커피	cafe	126.99982	37.57193
꿈꾸는하우스	stay	127.00027	37.58383
꿈떡꿈떡	food	126.97992	37.57085
꿈을꾸다	food	126.98428	37.56971
끄라샤하우스	stay	126.98937	37.56952
끄티집	bar	126.98645	37.56966
끈가게	shop	127.00732	37.57070
끌레르동드	shop	127.00161	37.57817
끌리오	shop	127.00955	37.57041
끽다거	shop	126.98662	37.57946
나그네하우스	stay	126.97168	37.57680
나나레스토랑	food	127.01248	37.57234
나나애견	shop	127.01572	37.57648
나노	shop	126.96528	37.59253
나누미떡볶이	food	126.99793	37.58383
나눌헤어동묘역점	shop	127.01609	37.57272
나눔문화연구소	cafe	126.97302	37.57929
나들가게한양	shop	126.97007	37.56857
나들이	shop	126.98723	37.57189
나라셀라주	shop	126.98144	37.57096
나라스테이	stay	127.01194	37.57008
나라전기	shop	126.99296	37.56915
나라퍼니처주	shop	127.01956	37.57366
나락실	shop	126.99084	37.57561
나래카페	cafe	126.97119	37.57627
나래커텐	shop	126.99971	37.57012
나래함박	food	127.00017	37.58173
나루	stay	127.01672	37.58022
나루강	shop	127.00732	37.57070
나르	food	127.00065	37.58269
나르샤	shop	126.98965	37.57057
나르지오워킹화	shop	127.00600	37.57130
나리테일	shop	127.01207	37.58132
나마	shop	126.99084	37.57561
나마스테	food	127.01598	37.57174
나마스페이스	shop	126.99084	37.57561
나무	food	126.98904	37.57603
나무마을	shop	126.98723	37.57189
나무새찻집	cafe	126.98404	37.57418
나무아트	shop	126.98403	37.57491
나무와벽돌주	food	126.98406	37.57951
나무요일	cafe	126.98909	37.57889
나무요일	bar	126.99979	37.58201
나무플래닛	stay	127.01932	37.57644
나무현	shop	126.96235	37.57086
나미시부키	food	126.98055	37.57062
나비	food	127.01546	37.57067
나비드	shop	126.99865	37.57144
나비잠	stay	126.96131	37.57364
나비잠안마의자	activity	126.97992	37.57085
나비잠안마의자경복궁도렴빌딩점	activity	126.97421	37.57364
나비잠안마의자시그니처점	activity	126.97992	37.57085
나비젤리	shop	127.01609	37.57272
나수미갤러리	shop	126.97247	37.57880
나스트로놀라	shop	126.99865	37.57144
나양품	shop	126.98818	37.57354
나윤희	shop	126.99108	37.57065
나은에프앤비	food	127.00018	37.58185
나의집찰솥밥	food	127.00479	37.57078
나이스마켓	shop	127.02286	37.57609
나이프갤러리	shop	126.98474	37.57368
나이프갤러리주	shop	126.98474	37.57368
나인원갤러리	shop	126.98665	37.57323
나인커피로스터스	cafe	126.97037	37.58477
나인티나인	activity	127.00207	37.58398
나주곰탕	food	126.99736	37.57310
나주곰탕	food	127.01603	37.57238
나주곰탕	food	126.99025	37.56999
나주소나주곰탕	food	126.97436	37.57047
나주소나주곰탕	food	126.97310	37.57635
나주소나주곰탕	food	126.98125	37.57321
나주식당	food	127.01589	37.57812
나주집	food	127.01178	37.57300
나지트	bar	126.99946	37.58183
나크	food	126.99289	37.57300
나포레호텔	stay	126.99075	37.56896
나하무	cafe	126.97138	37.57816
낙산	cafe	127.00728	37.58045
낙산갈매기	food	127.00094	37.58429
낙산곱창	food	127.01207	37.57280
낙산공원	nature	127.00650	37.58052
낙산냉면	food	127.01528	37.57454
낙산네스트	stay	127.01063	37.57727
낙산묘각사	heritage	127.01883	37.57551
낙산발코니	stay	127.01003	37.57913
낙산베이글	food	127.00838	37.57325
낙산별화	stay	127.00949	37.57858
낙산보리밥	food	127.01490	37.58168
낙산스테이	stay	127.00807	37.57512
낙산어전	food	127.00353	37.57631
낙산집	stay	127.00900	37.57650
낙원	food	126.97359	37.57656
낙원	food	126.98854	37.57281
낙원게임랜드	activity	126.98985	37.57075
낙원닭집	shop	126.98765	37.57222
낙원떡집	food	126.98762	37.57422
낙원떡집	food	126.98607	37.57302
낙원떡집	food	127.00552	37.57419
낙원멸치국수	food	126.98830	37.57316
낙원민물장어	food	126.98849	37.57285
낙원복떡방	food	127.00067	37.58534
낙원빈대떡	food	126.98956	37.57123
낙원사	activity	126.98791	37.57379
낙원삼계탕	food	126.98921	37.57094
낙원상가매점	shop	126.98765	37.57222
낙원순대	food	126.98817	37.57239
낙원스테이	stay	126.98815	37.57433
낙원아구찜	food	126.98800	37.57350
낙원악기	shop	126.98765	37.57222
낙원어시장	food	126.98878	37.57209
낙원역	cafe	126.99014	37.57336
낙원영창피아노	shop	126.98765	37.57222
낙원장	cafe	126.98996	37.57298
낙원족발	food	126.99058	37.57080
낙원집	food	126.98631	37.57422
낙원커피호프	bar	126.98941	37.57142
낙원호프	bar	126.98719	37.57386
낙지쉐프	food	127.01117	37.57321
낙지왕국	food	126.99131	37.57221
낙타	food	126.98544	37.57886
낙평옥가회	stay	126.98328	37.58331
난쏘공	cafe	126.96274	37.57294
난아	bar	126.98635	37.57728
난포	food	126.97780	37.57216
남가네설악추어탕독립문역점	food	126.95812	37.57499
남갤러리	shop	126.98725	37.57371
남경	shop	126.99708	37.57235
남대문막내횟집	food	126.98328	37.56920
남대문상회	shop	126.99971	37.57012
남도당구재료	shop	126.99381	37.57025
남도미가	food	126.97992	37.57085
남도복권	activity	127.02054	37.57324
남도분식	food	126.99007	37.57315
남도분식	food	126.96697	37.58099
남도식객	food	126.98396	37.57427
남도식당	food	126.99046	37.56988
남도집	food	126.98161	37.57196
남도추어탕	food	126.98054	37.57795
남매빈티지샵	shop	127.01632	37.57166
남매집	food	127.00152	37.57023
남문	shop	126.98677	37.57175
남북악기	shop	126.98765	37.57222
남북의료기	shop	127.01094	37.57193
남산골뱅이	bar	127.00695	37.57185
남산아트	shop	127.00402	37.58142
남성총브랜드	shop	127.01220	37.57171
남성크로커다일	shop	127.00438	37.57077
남영동양문	food	126.98635	37.56966
남영사	shop	126.99708	37.57235
남영약국	shop	126.98551	37.57565
남원	food	126.98157	37.58149
남원미싱	shop	127.01559	37.57857
남원추어탕	food	126.99946	37.57236
남원추어탕	food	127.00710	37.57201
남원추어탕	food	126.99247	37.57008
남원추어탕	food	127.01541	37.57085
남이분식	food	127.00649	37.57028
남일문	food	127.00137	37.57004
남일의료기	shop	127.01397	37.57274
남자주방	bar	126.99810	37.58322
남정	bar	126.98849	37.57221
남지	food	126.98551	37.56902
남진주단	shop	127.00076	37.56985
남창집	food	126.99383	37.56986
남해굴국밥	food	127.00169	37.57133
남해굴국밥	food	127.01089	37.57109
남현당	stay	126.98813	37.57448
납청놋전	shop	126.98531	37.57412
낫컴플리트	cafe	126.99811	37.58422
낭로	food	127.01262	37.57191
낭만	food	126.98560	37.56912
낭만극장	food	126.96949	37.56912
낭만낙지	food	127.01559	37.57104
낭만원	food	126.98591	37.57189
낭풍	food	127.00079	37.58272
내가찜한닭	food	126.99934	37.58277
내고향식당	food	127.01058	37.57070
내고향제육	food	127.00635	37.57195
내몸을차짐	activity	127.02292	37.57464
내자땅콩	food	126.97108	37.57627
내자살롱	bar	126.97099	37.57515
내자상회	cafe	126.97052	37.57585
내자약국	shop	126.97076	37.57633
내추럴씨그룹	shop	126.95733	37.60853
내커피	cafe	126.97360	37.57446
내함한국집스타필드그랑서울점	food	126.98144	37.57096
냇트웬티앤크레이져	activity	126.95787	37.60793
냐항인안국	food	126.98390	37.57764
너나들이	food	126.98482	37.57948
너드하우스북촌	food	126.98543	37.58107
너만모르는밀크티	cafe	126.96981	37.57716
너섬가	food	127.00062	37.57228
널담은공간	cafe	126.97983	37.57805
넓은마당	food	126.99050	37.57230
넘버링	shop	126.98845	37.57710
넘버원	shop	127.00732	37.57070
넘버원양꼬치	food	126.97054	37.57662
넘버원전자담배	shop	126.98179	37.57253
넝쿨사	shop	127.01329	37.57174
네그마	shop	126.99200	37.57114
네네치킨	food	126.98974	37.57199
네마	food	126.98187	37.58722
네마	cafe	126.98208	37.58310
네모하다	stay	126.97180	37.58276
네버랜드종로	stay	126.96901	37.58309
네스트서울	stay	126.98664	37.58086
네스트스테이	stay	126.99287	37.59070
네스티오스테이	stay	127.01621	37.57947
네오영대학로주	shop	127.00044	37.58325
네와빨짜	food	127.01241	37.57269
네이처리퍼블릭메트로동묘앞역	shop	127.01568	37.57220
네이처리퍼블릭북촌점	shop	126.98486	37.58153
네이처리퍼블릭인사점	shop	126.98670	37.57197
네이처시가	shop	126.99934	37.58277
네일브러쉬	shop	126.98531	37.57058
네파종로	shop	127.00262	37.57036
네파종로	shop	127.00233	37.57065
네팔타이바	food	127.01163	37.57226
네팔태국음식점	food	127.01163	37.57226
네팔트레이드	bar	127.01214	37.57284
넥스트다이닝	food	126.98144	37.57096
넬리슨	food	126.98950	37.57566
넷아웃도어	shop	127.00288	37.57065
노가네	food	126.99369	37.58936
노가리랩소디	food	127.00035	37.57181
노가타바이하기당	food	126.97057	37.57933
노노유흥주점	bar	127.00401	37.57208
노다지	bar	126.99027	37.57248
노다지복권방	activity	127.01451	37.57291
노다지식당	food	127.00391	37.57296
노다지품바	food	127.00393	37.57302
노든	food	126.96857	37.57947
노란대문	food	126.98907	37.57339
노란벽작업실	shop	126.98678	37.58294
노랑고양이	shop	126.98459	37.57634
노마드컴퍼니	stay	127.00035	37.57652
노말키친혜화	food	126.99750	37.58557
노멀사이클코페	cafe	126.99925	37.58896
노메터왓	shop	126.97048	37.57262
노모어피자	food	126.99936	37.58331
노모어피자	food	127.00804	37.57134
노몰크데이	food	126.96960	37.57756
노바스테이	stay	127.01626	37.57747
노벨라	shop	126.99097	37.57613
노벨팻션	shop	126.98939	37.57120
노블	shop	127.01623	37.57022
노블	shop	126.99208	37.57160
노블관광호텔	stay	126.98966	37.57668
노블레스	bar	127.00603	37.57139
노블레스리빙텔	stay	126.97196	37.57673
노블레지던스	stay	127.00602	37.57212
노블레지던스	stay	127.00412	37.58101
노블리안	shop	126.99708	37.57235
노블리카	shop	126.96759	37.58067
노스타임	shop	126.99708	37.57235
노스텔지어	stay	126.98418	37.58217
노아와인컴퍼니	shop	126.99210	37.57389
노아픽스	shop	126.99125	37.57581
노아하우스	stay	126.99093	37.57065
노알커피	cafe	127.00300	37.57675
노암갤러리	shop	126.98684	37.57156
노우즈	cafe	126.98409	37.56976
노우즈청계	food	126.98346	37.56944
노원문고더숲	cafe	126.96428	37.58596
노윤	food	126.98685	37.57950
노크온	shop	127.01071	37.57530
노키도키	shop	127.01520	37.57175
노탐	stay	126.98775	37.57396
노티드안국	food	126.98604	37.57746
노페이퍼마커	shop	126.99638	37.58399
노화랑	heritage	126.98409	37.57486
녹녹	stay	126.98133	37.58698
녹산	food	126.99967	37.58477
녹야원	shop	126.98316	37.57354
녹원홍삼	shop	126.98723	37.57189
녹의홍상	shop	126.99865	37.57144
논데	food	126.99151	37.56866
논도	cafe	126.97268	37.57801
논픽션	shop	126.98040	37.58011
논현커피	cafe	126.97042	37.57490
놀러와	shop	126.98443	37.57945
놀부그랑서울종각	food	126.98144	37.57096
놀부부대찌게	food	126.97557	37.57125
놀숲	cafe	126.98716	37.56927
놀이터노래주점	bar	127.00649	37.57173
놂	bar	126.98910	37.56863
놋그릇가지런히놋이	shop	126.97094	37.57998
놋서순라길점	food	126.99145	37.57632
농민사골순대국	food	127.02155	37.57435
농수산물	shop	127.01203	37.57251
농장사랑	shop	127.01546	37.57348
농장직거래장터	shop	127.02203	37.57643
농헙회사법인독브루어리지점	shop	126.98416	37.58127
농협홍삼종로	shop	126.98908	37.57239
높은음자리	shop	126.98765	37.57222
뇌산마을	food	127.00256	37.58230
누구나	cafe	126.98428	37.56971
누누모텔	stay	126.98965	37.57097
누리	food	126.98525	37.57502
누리공조시스템	shop	127.02281	37.57403
누리상사	shop	127.02025	37.57333
누마루	stay	126.96591	37.57947
누베르호텔앤스파서울	stay	126.99942	37.57271
누볼라	food	126.98078	37.58147
누비	shop	126.98268	37.58403
누아서울	stay	127.01305	37.57437
누와	stay	126.96780	37.57963
누이	shop	126.98691	37.58262
누정	stay	126.96774	37.57909
누제몽	shop	126.99177	37.57070
누크갤러리	shop	126.97646	37.61364
누크인	stay	127.01126	37.57093
누하당	stay	126.96813	37.58035
누하스	stay	126.96779	37.58036
누하의숲	food	126.96874	37.57880
누하킴바이초이	stay	126.96925	37.57981
눈나무집	food	126.98185	37.58742
눈온	food	126.96857	37.57947
뉘조	food	126.98519	37.57516
뉠스테이	stay	126.96774	37.57935
뉴라이프	shop	126.96142	37.57195
뉴마트	shop	127.00541	37.57444
뉴모스백	shop	126.98488	37.57426
뉴문	food	126.97101	37.57264
뉴발란스	shop	127.00148	37.58311
뉴백악관노래하우스	bar	127.01609	37.57272
뉴벨라네일앤스파	shop	126.96611	37.57253
뉴본김밥	food	126.96666	37.60602
뉴비전	shop	127.00518	37.56993
뉴비전자담배	shop	126.99104	37.57274
뉴숏버스	bar	126.99139	37.57237
뉴스타	bar	127.00436	37.57572
뉴에라캡북촌점	shop	126.98252	37.57902
뉴오리진	shop	126.97544	37.56994
뉴욕	food	126.97556	37.56954
뉴욕	shop	126.98531	37.57058
뉴욕버거동대문종합	food	127.00732	37.57070
뉴욕버거성균관대학교서울캠퍼스점	food	126.99312	37.58722
뉴욕야시장	bar	127.01399	37.57230
뉴욕야시장	bar	127.00154	37.58281
뉴욕포차	bar	126.99037	37.57268
뉴월드	shop	126.99708	37.57235
뉴유성메들리	bar	127.00409	37.56991
뉴크라운	activity	127.02167	37.57519
뉴키즈노래주점	activity	127.01019	37.57048
뉴테크노피아	shop	126.96588	37.60536
뉴파고다	bar	126.99025	37.57239
뉴현대호프	bar	126.98601	37.57767
느낌	shop	127.00615	37.57130
느릿느릿	food	127.00017	37.58173
느티나무	cafe	126.97177	37.57120
느티나무	food	126.98406	37.57547
늘꽃	shop	126.97899	37.57391
늘꽃피우다	shop	126.97224	37.57040
늘단비	food	126.98147	37.57202
늘솜	food	126.97333	37.57537
늘솜김밥	food	126.98476	37.56928
늘올마당	food	127.01586	37.57547
늘채	shop	126.99228	37.57273
늘편한사람들	bar	126.97238	37.57764
늘푸른식당	food	126.96497	37.60502
늘푸른약국	shop	126.96770	37.56744
늘픔	shop	127.01918	37.57172
늘해랑	stay	127.00536	37.58350
능라	food	126.96401	37.57295
능라도	food	126.97230	37.57171
능라밥상	food	126.96401	37.57295
능라밥상	food	126.97158	37.56927
능라밥상	food	126.98968	37.57082
능소헌	shop	126.96904	37.57831
니꼴	shop	127.01086	37.57026
니꾸벤	food	126.98365	37.57149
니꾸벤주화락	food	126.98359	37.57188
니나노돈까스	bar	127.00672	37.57238
니드스테이	stay	126.99828	37.58559
니로사	food	127.00429	37.58022
니르바나	food	126.98377	37.57512
니모닉커피하우스	cafe	126.96390	37.59522
니발내발	shop	127.00356	37.58160
니어디어	shop	126.98531	37.57413
니욤	food	126.97780	37.57216
니즈컴퍼니	shop	127.01520	37.57175
니지라멘	food	127.00048	37.57202
니카이야스미	food	126.99960	37.58253
니코키친	food	126.99201	37.57386
니트미	shop	127.00635	37.57165
니트앤셔츠	shop	127.01520	37.57175
니혼사케	shop	127.00245	37.58377
닉스노래방식주점	bar	126.97427	37.57248
닌	shop	126.98792	37.57927
다경향실	cafe	126.98540	37.57257
다나약국	shop	126.99192	37.57015
다니실크	shop	126.99985	37.57047
다니엘	shop	127.00732	37.57070
다니엘아트바이엔셀	shop	127.00835	37.57137
다니엘웰링턴	shop	126.98144	37.57096
다니엘패션	shop	127.00732	37.57070
다다	cafe	126.97474	37.61116
다다닷	cafe	127.00228	37.58376
다다안심축산	shop	127.01165	37.57312
다다익선	food	126.97355	37.57491
다다익선	food	126.99020	37.57421
다다인	shop	126.98576	37.57418
다담	cafe	126.98185	37.58213
다담정식	food	126.98138	37.56934
다라	shop	127.01691	37.57068
다라구제	shop	127.01751	37.57068
다라치호프	bar	126.96664	37.60663
다락	bar	127.00825	37.57623
다락	bar	126.97479	37.57097
다락스시이자카야	food	127.00009	37.58315
다락정	food	126.98155	37.58730
다래국수	food	126.97175	37.57657
다리치	cafe	126.99160	37.57177
다린	shop	126.97370	37.57136
다만상회	shop	126.99971	37.57012
다모아	food	126.99865	37.57144
다모아당구장	activity	127.00588	37.57220
다몽	shop	126.98660	37.57987
다몽헌	food	126.98660	37.57987
다물상	shop	126.99708	37.57235
다미	food	126.99063	37.57093
다미토리인동묘	stay	127.01965	37.57240
다민플러스	food	126.98672	37.56945
다발김치찌개	food	126.99834	37.58366
다보	shop	126.99708	37.57235
다보	shop	126.97990	37.57415
다보성컨설팅	shop	126.98617	37.57529
다복떡방	food	126.95848	37.57522
다비앙코	food	127.00330	37.58329
다사리아	food	126.98164	37.58107
다섯시	shop	127.00732	37.57070
다섯시	bar	126.98524	37.57117
다성	shop	126.98980	37.57057
다소곳스테이	stay	126.98757	37.58239
다소니	stay	127.01067	37.57006
다솔하우스	stay	126.98871	37.56957
다솔하우스종각역	stay	126.98471	37.57264
다솜	food	126.95697	37.57549
다솜금방	shop	126.99333	37.57076
다시안국	shop	126.98383	37.57764
다신어	shop	127.01337	37.57011
다심헌	cafe	126.96811	37.58062
다양	shop	126.97480	37.61727
다연	shop	126.99224	37.57167
다연	shop	126.98058	37.58044
다예	shop	127.00034	37.56981
다옥	shop	126.98646	37.57457
다온	cafe	126.98122	37.58106
다온	shop	127.00320	37.57052
다온	food	126.97443	37.57097
다온게스트하우스	stay	126.98639	37.58117
다온곱창	food	126.97803	37.56955
다온돈가	food	126.97438	37.57109
다온레지던스	stay	126.98937	37.56952
다온비투비	shop	126.98540	37.57210
다온상사	shop	126.99684	37.59065
다온스테이동묘	stay	127.01742	37.57480
다온주얼리	shop	126.99127	37.57066
다올재	stay	126.98418	37.58110
다우	shop	126.99743	37.57687
다우리	food	126.97298	37.57135
다운승복	shop	126.98271	37.57366
다운타우너	food	126.98637	37.57748
다울축산물도매센타	shop	127.01075	37.57316
다원	stay	126.97002	37.57996
다이닝펍	food	126.97217	37.57932
다이브	food	126.99083	37.57358
다이스	cafe	126.96373	37.59649
다인	shop	126.99236	37.57074
다인茶人	cafe	126.98611	37.57328
다인스카페	cafe	127.00008	37.57579
다있소유통	shop	127.01943	37.57249
다있어부러	shop	127.01630	37.57054
다자연한옥게스트하우스	stay	126.99184	37.57396
다정차끓이는솥	shop	126.98600	37.57282
다정한	food	127.00742	37.57399
다즐데이	stay	126.99731	37.58790
다찌하나종로	food	126.99267	37.57345
다찌한상	food	126.98731	37.57352
다포케	food	126.98112	37.58016
다함계	stay	126.98726	37.58010
다향정	shop	126.98275	37.57343
다현상회	shop	127.01954	37.57209
다홀릭	shop	127.01520	37.57175
닥터글라스안경원	shop	127.02197	37.57610
닥터다이어리	shop	126.97810	37.56984
닥터로빈	food	126.97884	37.57145
닥터마틴에어웨어삼청점	shop	126.98195	37.58012
닥터푸드	food	127.01491	37.57976
단골손님	food	127.00265	37.58253
단골온누리약국	shop	127.01596	37.57453
단막종각	food	126.98431	37.56940
단밤	bar	127.00386	37.57144
단상	food	126.98642	37.57796
단성마이골드	shop	126.99253	37.57102
단성앤골드	shop	126.99253	37.57102
단양필방	shop	126.98285	37.57171
단주	shop	126.98090	37.58167
단청	shop	126.98547	37.57420
단체공연무대홀공간대여‘시가연’	food	126.98428	37.57466
단테	bar	126.98903	37.57604
단풍	food	126.98199	37.58688
단하	shop	126.98095	37.58376
단하주단	shop	126.98091	37.58365
달	cafe	126.98204	37.58383
달곰	cafe	126.97421	37.57364
달구름집	stay	127.01663	37.57466
달그리고나무	food	126.98637	37.57739
달노가리	food	127.01474	37.57106
달떡볶이	food	126.98701	37.56893
달랭이	food	126.99071	37.57357
달롱도르요거트아이스크림경복궁점	food	126.97191	37.57757
달리구라스	food	127.01203	37.57159
달리아	shop	127.01337	37.57011
달막달막	food	126.98417	37.57522
달맞이	bar	126.98972	37.57283
달별	food	126.98637	37.57739
달보드레	food	126.99971	37.57012
달빛마루	food	127.00029	37.58233
달빛스테이	stay	126.99945	37.58834
달빛스테이	stay	127.00567	37.58400
달스테이혜화	stay	126.99616	37.58404
달아달아	shop	126.96235	37.57086
달아달아	shop	126.95860	37.57438
달의식당	bar	126.98538	37.57113
달인통신	shop	127.02183	37.57661
달지게스트하우스	stay	126.98835	37.57217
달지하우스	food	126.96522	37.60501
달콤커피청계	cafe	126.97970	37.56949
달콤한일상	food	126.97421	37.57364
달콤한잔	food	127.00281	37.58415
달콩	cafe	127.01967	37.57284
달하우스	stay	127.00624	37.57516
달혜화	stay	127.00567	37.58400
닭곰탕	food	126.97488	37.56973
닭곰탕	food	126.98676	37.56902
닭곱새	food	126.98057	37.57068
닭치고포차	bar	127.01653	37.57447
닭칼국수	food	127.02138	37.57369
닭한마리	bar	127.02068	37.57481
담꽃	food	126.98355	37.57447
담미온	food	126.99938	37.58268
담배집	shop	126.99097	37.57214
담벼락빈티지	shop	127.01885	37.57285
담벼락유통	shop	127.01520	37.57175
담빛금방	shop	126.99364	37.57076
담소	shop	127.00397	37.58081
담소누룽지백숙	food	126.98179	37.57253
담소정	stay	126.98428	37.58134
담솥	food	127.00045	37.58149
담솥	food	126.98685	37.57982
담솥익선	food	126.98971	37.57298
담온스테이	stay	127.00480	37.58375
담유재	stay	126.96972	37.57753
담쟁이집	bar	126.98365	37.57387
당구재료	shop	127.01248	37.57234
당근당근	shop	126.99143	37.57427
당근먹는호랑이	food	126.96792	37.57787
당근약국	shop	126.97397	37.57036
당근여관	stay	127.00481	37.57059
당나발포차서울	food	127.00076	37.58329
당산오돌	food	126.98385	37.56916
당주축산정육점	shop	126.97042	37.57490
당진당	shop	126.99708	37.57235
대가	bar	126.98938	37.57153
대가곱창	food	126.99426	37.58928
대건직물	shop	126.99967	37.57048
대경사	shop	126.99708	37.57235
대경악기	shop	126.98765	37.57222
대경약국	shop	127.01227	37.57266
대경직물	shop	126.99971	37.57012
대광	shop	127.00266	37.56990
대광사	shop	126.99154	37.57067
대광사	shop	126.99708	37.57235
대광유통	shop	127.01701	37.57443
대광정육점	shop	127.00127	37.57013
대광종합기획상사	shop	127.01624	37.57243
대구여관	stay	127.01135	37.57145
대군상회	shop	126.99948	37.57038
대규스시	food	127.00442	37.58127
대나무숙성회관	food	126.98457	37.56930
대남주단	shop	126.99865	37.57144
대도상사	shop	127.00262	37.57075
대도약국	shop	126.98326	37.57248
대독장	food	126.98076	37.57285
대동가방	shop	127.01013	37.57076
대동원회시장	food	127.00520	37.57140
대동유리	shop	126.96882	37.58066
대두의게스트하우스에어비앤비홍대을지로	stay	127.01194	37.57008
대련집	food	126.98909	37.56843
대륙	food	126.99154	37.57067
대림도기	shop	126.99971	37.57012
대림미술관	heritage	126.97336	37.57749
대림정육	shop	126.96963	37.57929
대명매듭	shop	127.00199	37.57011
대명상사	shop	127.01312	37.57183
대명상회	food	126.99365	37.57203
대명수족관	shop	127.01623	37.57022
대명슈퍼	shop	127.01320	37.57488
대명약국	shop	127.00626	37.57085
대명에프엔비	food	127.00080	37.58385
대명주단	shop	126.99971	37.57012
대명천지	food	126.99930	37.58300
대문곰탕	food	126.97992	37.57085
대물섬	food	126.98412	37.56907
대박	shop	127.00809	37.57082
대박	shop	127.01898	37.57265
대박	activity	127.01013	37.57076
대박로또	activity	127.01020	37.57697
대박마트	shop	127.02200	37.57629
대박복권	activity	127.00586	37.57502
대박약국	shop	126.97992	37.57085
대박왕돈까스	food	127.01623	37.57022
대박천억커피	cafe	127.01835	37.57149
대박포차	food	127.01071	37.57073
대복상사	shop	126.96092	37.60451
대복상회	cafe	126.99971	37.57012
대복전	shop	126.98275	37.57343
대복주단백년가약우리옷	shop	126.99985	37.57047
대복집	food	126.98791	37.57393
대복집	food	126.97388	37.57621
대복천막	shop	127.02276	37.57236
대봉칼국수보쌈	food	126.97313	37.57377
대빵오락실	activity	126.98969	37.57241
대빵오락실	activity	127.00026	37.58342
대산의료기	shop	127.00071	37.57129
대서울약국	shop	126.99758	37.57646
대선칼국수	food	126.97264	37.57718
대성공앤틱	shop	127.01945	37.57242
대성당	shop	126.99786	37.56975
대성상회	shop	127.00103	37.56991
대성상회	shop	127.01516	37.57857
대성성	bar	126.99123	37.57648
대성승복	shop	126.98267	37.57263
대성식당	food	126.99471	37.56966
대성유통	shop	126.99896	37.57042
대성전기	shop	126.99298	37.57016
대성정육식당	food	127.00228	37.58376
대성정육점	shop	126.98137	37.58347
대성집	food	126.96090	37.57269
대성철물	shop	126.99200	37.57250
대성한정식	food	126.98613	37.57200
대성휴게실	food	126.99330	37.57224
대승교패	shop	126.99173	37.56867
대신사	shop	127.00148	37.57085
대신상사	shop	126.98765	37.57222
대신악기	shop	126.98765	37.57222
대신전기	shop	126.95883	37.60048
대신중고매점	shop	126.96125	37.57313
대양	shop	126.99971	37.57012
대양전자	shop	126.98034	37.57291
대양통닭	food	127.01175	37.57275
대연사	shop	126.99708	37.57235
대영갈치백반	food	127.01442	37.57111
대영공사	shop	126.98647	37.57926
대영사	shop	127.00997	37.57048
대영양행	shop	126.98900	37.57094
대영유리철물	shop	126.98647	37.57926
대오서점	shop	126.96933	37.57974
대우사	shop	126.99708	37.57235
대우산업개발	food	126.98144	37.57096
대우상사	shop	127.00732	37.57070
대우악기사	shop	126.98765	37.57222
대웅	shop	126.99282	37.57155
대웅약국	shop	126.99881	37.57058
대원	food	126.99411	37.57017
대원	food	126.99290	37.57226
대원사	shop	126.99708	37.57235
대원상회	shop	126.99971	37.57012
대원실마트	shop	127.01116	37.57492
대원실집	shop	127.01116	37.57492
대원집	food	127.01058	37.57070
대원푸드	shop	126.95517	37.60410
대유프라자	shop	127.00108	37.57118
대일상사	shop	127.01347	37.57046
대자연의힘	shop	127.02179	37.57414
대장금	food	126.97313	37.57377
대장장이	food	126.98535	37.58057
대장장이주	food	126.98535	37.58057
대전블르스	food	126.98907	37.57340
대전식당	food	127.00496	37.57049
대전텍스	shop	127.00041	37.57063
대접광화문	food	126.97179	37.57327
대주텔레콤	shop	127.00176	37.57150
대준악기	shop	126.98765	37.57222
대진메디칼	shop	126.95658	37.60819
대진상사	shop	126.99145	37.57341
대진수예	shop	127.00955	37.57041
대진악기	shop	126.98917	37.57293
대진여관	stay	127.01098	37.57220
대찬횟집	food	126.98362	37.56939
대창뮤직악기피아노사	shop	126.98765	37.57222
대추나무집	food	126.98986	37.56880
대통령	food	127.00274	37.58391
대평갈비	food	126.97019	37.60699
대하뮤직	shop	126.98765	37.57222
대하식당	food	126.97049	37.57894
대학로	heritage	127.00237	37.58051
대학로고래	food	126.99950	37.58265
대학로꽃집에델바이스	shop	127.00207	37.58398
대학로대학약국	shop	127.00168	37.58193
대학로뜨게공방트리코	shop	127.00430	37.58144
대학로문화사	shop	127.00231	37.57457
대학로베이프인	shop	127.00146	37.58324
대학로빈대떡	food	127.00353	37.58208
대학로스크린골프	activity	127.00185	37.57543
대학로아리랑	food	127.00257	37.57656
대학로애견카페	shop	127.00191	37.57865
대학로에취하다	bar	127.00245	37.58327
대학로에취하다혜화	bar	127.00207	37.58398
대학로예술극장	heritage	127.00313	37.58200
대학로자유극장	heritage	127.00362	37.58280
대학로찐와플	food	126.99976	37.58324
대학로티오엠	heritage	127.00364	37.58227
대학로포차	food	127.00058	37.58390
대학로하우스	stay	126.99857	37.58378
대학약국	shop	126.99751	37.57670
대한맥주집대학로	bar	127.00028	37.58259
대한민국	shop	127.01751	37.57068
대한민국수호비상국민회의	food	126.97468	37.57079
대한민국식품명인협회	food	126.98584	37.57841
대한민국역사박물관	heritage	126.97756	37.57408
대한번역개발원	shop	127.00041	37.57303
대한보청기	shop	126.98955	37.57059
대한불교조계종조계사승소	food	126.98182	37.57329
대한사	shop	127.00955	37.57041
대한상회	shop	126.99971	37.57012
대한약국	shop	127.00157	37.57962
대한열대어	shop	127.01512	37.57086
대현티씨에스	shop	126.98802	37.56955
대호브리아노	shop	126.98994	37.57184
대호빌딩	stay	126.99805	37.58344
대호전기	shop	126.99940	37.57449
대화상사	shop	126.98179	37.57253
대화정	food	126.99900	37.57110
대화치킨	bar	127.01589	37.57248
대흥당필방	shop	126.98334	37.57274
대흥정육점	shop	127.01133	37.57365
댄디	shop	126.99903	37.57094
댈몬트	food	127.00147	37.58623
댑	shop	126.98531	37.57058
더	food	126.98557	37.56926
더가든호텔	stay	126.98940	37.57519
더고유	shop	126.98488	37.57426
더골든티켓	food	126.98144	37.57096
더공일이삼	cafe	126.98573	37.57810
더구십사	food	126.97196	37.57899
더그랜드이화	stay	127.00513	37.57623
더그리닝	stay	126.98768	37.58265
더그릭	food	126.97977	37.57629
더그린	stay	127.01681	37.57615
더까까주까	shop	126.97421	37.57257
더녹스튜디오	stay	126.99651	37.58371
더누아혜화	stay	126.99519	37.58447
더느림까페	cafe	127.01075	37.57357
더다이몬	stay	127.01423	37.57100
더달콩달콩데이	bar	126.99958	37.58223
더닭	food	126.99577	37.58814
더덕순대	food	126.97507	37.57107
더도아	stay	127.00252	37.57461
더도어스	bar	126.99708	37.58427
더도어스투	bar	126.99725	37.58397
더도옌느	shop	127.00360	37.57575
더듀스	shop	127.00732	37.57070
더드림수제핫바	food	127.00650	37.57089
더드림축산	shop	126.98988	37.57209
더딤섬	food	126.98590	37.56970
더라운지	bar	126.98512	37.56883
더레스토랑	food	126.98070	37.58074
더리터직영	shop	126.98739	37.56948
더마샬라디	food	126.97891	37.57100
더만듦미어켓파크	cafe	127.00281	37.58161
더매점	shop	127.00732	37.57070
더맥파이	stay	126.98531	37.57058
더모던한옥	stay	127.01646	37.57614
더모멘트종로	stay	126.99950	37.57698
더모자이크	shop	126.98355	37.57447
더미	food	126.97992	37.57085
더바른식당	food	127.00732	37.57070
더바움	cafe	126.97197	37.57738
더밴드	bar	126.97150	37.57655
더베란다	food	127.00059	37.57149
더베스트	shop	127.01939	37.57270
더베이지	stay	127.01219	37.57272
더벤티	cafe	126.99946	37.57236
더벤티	cafe	127.01049	37.57186
더벤티종로공평점	cafe	126.98253	37.57232
더벤티종로르메이에르점	cafe	126.97992	37.57085
더벤티혜화로점	cafe	127.00006	37.58742
더불류피갤러리	shop	126.98687	37.57234
더불어함께	food	127.00066	37.58256
더블식스버거	food	127.00642	37.57146
더블에이옴므	shop	127.00138	37.57476
더블유당구클럽	activity	126.98986	37.56880
더블유더블유엔엔	shop	126.98078	37.58281
더블유슬래시	food	126.99157	37.57472
더블유에스컴퍼니	shop	126.96824	37.61360
더블컵커피	cafe	126.98722	37.57927
더비즈	shop	127.00732	37.57070
더빅스터디	cafe	126.98718	37.56893
더빅테일	bar	127.01449	37.57168
더샌드위치	food	126.96858	37.57465
더소가서촌	cafe	126.96879	37.57996
더소프터사이드	shop	126.97050	37.57587
더소호	shop	126.98531	37.57058
더솔키친	food	126.97356	37.57644
더스키	cafe	127.00412	37.58101
더스키앤드커피	cafe	127.00412	37.58101
더스키앤커피	cafe	127.00415	37.58106
더스타갤러리	shop	126.98513	37.57372
더스테이	stay	127.01104	37.57139
더스테이	stay	126.98718	37.56893
더스테이인	stay	127.00040	37.58286
더스테이종로	stay	126.99907	37.57303
더스테이혜화	stay	126.99688	37.58428
더스트레인저	food	126.99426	37.58928
더쌍화커피	cafe	126.98625	37.57210
더쌍화커피서울시점	cafe	127.00451	37.57196
더쌍화피카디리	cafe	126.99123	37.57102
더아방	shop	126.96285	37.61093
더어여쁜	shop	126.98395	37.57461
더연카페	cafe	126.98561	37.56994
더오후	food	126.97745	37.60900
더온다	stay	126.96860	37.57665
더우리곱창집	food	127.00443	37.57022
더워터하우스북촌	stay	126.98245	37.58276
더원화랑	shop	126.98463	37.57405
더웨이브	bar	127.00403	37.58246
더유닛	shop	126.99912	37.58396
더윤아이앤씨	shop	126.97808	37.61262
더은재	shop	126.99070	37.57271
더이미지언스주	shop	126.98477	37.58043
더일마서촌	shop	126.97254	37.57920
더정우롱티프로젝트서촌	bar	126.97195	37.57746
더정우롱티프로젝트종로그랑서울점	cafe	126.98144	37.57096
더존시가	shop	126.97370	37.57136
더종로	stay	126.99588	37.58764
더좋은매점	shop	127.01569	37.57741
더진국역지점	food	126.98051	37.57203
더진한순대국	food	126.98547	37.56995
더집	shop	126.98150	37.58108
더차이	food	126.98144	37.57096
더차이덕수궁점	food	126.98892	37.57681
더차이들안녕인	food	126.98355	37.57447
더찬스	bar	126.98387	37.56936
더채달로	stay	126.98671	37.58196
더채소르르	stay	126.97034	37.57860
더채유휘	stay	126.97103	37.57714
더채하우도	stay	126.98203	37.58653
더치앤빈종로이화점	cafe	127.00044	37.57620
더카스광장	bar	126.99070	37.57079
더카페	cafe	126.98454	37.57102
더캐럿	shop	126.99127	37.57066
더캣	shop	127.02298	37.57482
더커피	cafe	126.97399	37.57227
더커피	cafe	126.99826	37.57298
더커피	cafe	127.00640	37.57039
더코너키친	food	126.97194	37.60714
더퀸카페종로관정점	food	126.98138	37.56934
더크리스마스컴퍼니	food	126.96858	37.57465
더크림	food	126.96783	37.58045
더키친아시아	food	127.00009	37.58315
더킹스빈	cafe	126.99904	37.58297
더타코부스서울종각역점	food	126.98454	37.56900
더테이블청진탭룸	bar	126.98099	37.57175
더테이스티스	food	126.98182	37.57875
더토트	bar	126.96101	37.59852
더트리	shop	126.98355	37.57447
더트커피	cafe	126.97076	37.57777
더파더스	stay	126.99805	37.58271
더파크츄러스	food	127.00542	37.58058
더포스트호텔	stay	126.99058	37.56950
더플래어	bar	126.98558	37.56934
더플럭스더플로우	shop	126.98397	37.57735
더피자랩	food	126.96576	37.59343
더피자필	food	126.98454	37.56900
더피카	shop	126.99123	37.57102
더피크	cafe	126.96706	37.60646
더하늘정원	food	126.98488	37.57426
더한나	shop	127.00518	37.56993
더한바이오	shop	126.99962	37.57008
더한복	shop	126.99865	37.57144
더함께식탁	food	126.95632	37.60125
더행복	food	126.97370	37.57136
더홀릭보드게임카페	food	126.98672	37.56945
더홀릭보드게임카페	cafe	127.00108	37.58391
더히말라야	food	127.01268	37.57241
덕담	food	126.97488	37.56973
덕덕스테이이화점	stay	127.00803	37.57705
덕산	shop	127.01603	37.57245
덕성각	food	127.00648	37.57066
덕송	food	126.95795	37.57491
덕수직물	shop	126.99967	37.57048
덕순네장어랑메기랑	food	127.00515	37.57030
덕영물산	shop	127.01477	37.57011
덕우상회	shop	126.97186	37.57643
덕원	shop	127.01377	37.57038
덕이나루	food	126.96886	37.57999
덕후선생	food	126.97891	37.57100
덕흥	stay	127.02227	37.57648
덕흥문구인쇄프라자	shop	127.02150	37.57443
덕희다방	cafe	126.97488	37.56973
던킨도너츠경복궁도반	food	126.97293	37.57482
던킨도너츠동대문	food	127.00732	37.57070
덤	cafe	127.00135	37.58638
덤앤더머	activity	127.00245	37.58327
덮장	food	126.97421	37.57364
데니나포리	shop	126.97990	37.57415
데메테르앤드	shop	126.98488	37.57426
데미안	shop	126.98914	37.57060
데미타스	food	126.96570	37.59236
데시데	cafe	126.98051	37.57783
데우스엑스마키나	shop	126.98187	37.58722
데이	bar	127.00516	37.57214
데이링고	shop	126.96603	37.60656
데이오프	stay	126.97118	37.57727
데이지하우스	stay	127.00074	37.58183
데이프레젠트	food	127.01224	37.57394
데코봄	shop	127.00564	37.57274
데코집	shop	126.99971	37.57012
데코타	shop	126.98552	37.57020
덴푸라감춘	food	126.97780	37.57216
델리노쉬	food	126.97092	37.57916
뎀셀브즈	food	126.98800	37.56920
뎁짜이	food	126.99922	37.58240
도검전시관어검당	shop	126.98573	37.57459
도광	cafe	126.99791	37.58942
도깨비낚시마트	shop	127.01800	37.57242
도깨비빈티지	shop	127.01868	37.57316
도깨비우동	food	126.97992	37.57085
도넛정수	cafe	127.01086	37.57829
도노베아토	food	126.97488	37.56973
도담도담	food	126.96127	37.60364
도담숯불구이	food	127.02245	37.57837
도도야	food	127.00425	37.57999
도라보울	food	126.98206	37.57975
도란도란	shop	126.96128	37.60357
도레미악기	shop	126.98765	37.57222
도로시	shop	126.98146	37.58219
도리안그레이	bar	127.00014	37.58205
도마	food	126.98844	37.56874
도마	food	126.98588	37.57384
도모다찌	food	126.98935	37.57413
도무라면	food	127.02261	37.57836
도미노피자세	food	126.96852	37.57990
도미노피자평창점	food	126.96901	37.60686
도미니칸조피자	food	126.96072	37.57291
도미인익스프레스서울인사동	stay	126.98718	37.57239
도반에이치씨	cafe	126.98189	37.57389
도서마을	activity	126.98993	37.57436
도서출판에이앤에이	cafe	126.96239	37.59820
도성	food	126.97079	37.57850
도송에프엔비브이엔디종각	food	126.98365	37.57149
도스타코스	food	126.98675	37.56878
도스타코스성대	food	126.99827	37.58322
도시락갤러리	food	126.99883	37.58264
도야짬뽕	food	127.00557	37.57023
도야짬뽕동대문종합	food	127.00732	37.57070
도연회포차	food	126.98893	37.56850
도연회포차	food	126.98925	37.56959
도영슈퍼	shop	126.96649	37.58284
도요	shop	126.98671	37.58186
도우룸컴퍼니	food	126.97780	37.57216
도움	food	127.01480	37.57257
도움텔레콤	shop	127.01667	37.57311
도원	food	126.96721	37.56677
도원	food	127.00671	37.57266
도원마산아구찜	food	126.98794	37.57385
도원아구찜	food	126.98791	37.57379
도장할인마트	shop	127.01148	37.57150
도조커피	bar	126.97992	37.57085
도조커피돈의문	cafe	126.96626	37.56680
도채비도반한찻집	cafe	126.98442	37.57420
도취	bar	126.96708	37.58086
도취하녹식당	food	126.96886	37.57684
도쿠센	food	126.98272	37.57192
도토리가든	food	126.98629	37.57811
도토리모바일	shop	126.97331	37.57186
도토리브라더스	food	126.96928	37.57293
도토리소반	food	127.00110	37.58181
도토리편백집	food	127.00108	37.58391
도토미	food	126.97001	37.57914
도트블랭킷	food	126.98410	37.57702
도트블랭킷	food	126.98109	37.58016
도틀	cafe	126.96904	37.57836
도틔대가	food	126.97203	37.57659
도하루제과	food	126.96468	37.59290
도헤	shop	126.99556	37.58444
도호	food	127.01349	37.57320
도화	food	126.97333	37.57537
도화서길카페	food	126.98202	37.57539
도화서길펍	food	126.98192	37.57518
도화아트	shop	126.98202	37.57539
독도갈매기	food	126.99077	37.57312
독립문체육관	activity	126.95910	37.57434
독립문축산	shop	126.95860	37.57438
독립문칼국수	food	126.95993	37.57285
독립문호텔	stay	126.96020	37.57272
독립밀방	food	126.96064	37.57270
독립술상	bar	126.95829	37.57481
독일시그니아보청기	shop	126.99046	37.57060
독일안경콘택트	shop	126.97111	37.57966
돈가네	food	126.98825	37.56866
돈까스	food	126.98386	37.57548
돈까스광장	food	127.00250	37.57076
돈까스보라	food	127.00170	37.57820
돈다발복권방	activity	127.01667	37.57311
돈돈정그랑서울점	food	126.98144	37.57096
돈맛꿀	food	126.98953	37.57108
돈박	food	126.95860	37.57438
돈벼락	food	127.02095	37.57578
돈스쿨	food	126.99649	37.58796
돈앤까	food	126.99494	37.58886
돈의문박물관마을	heritage	126.96856	37.56888
돈존참나무장작구이	food	126.98439	37.57095
돈쭈	food	126.97421	37.57364
돈천동식당	food	127.00118	37.58433
돈치킨구운치킨	food	127.00176	37.57150
돈치킨숭인점	food	127.02052	37.57475
돈키호테	bar	126.98871	37.57292
돈텐동식당	food	127.00419	37.58056
돈통마늘보쌈	food	127.01030	37.57074
돈화문닭한마리	food	126.99082	37.57164
돌고래밥	food	126.97488	37.56973
돌고래횟집	food	126.99194	37.57288
돌담	bar	126.99252	37.57363
돌담집	food	126.97298	37.57135
돌담집	food	126.98806	37.57951
돌밭메밀꽃	food	126.97371	37.57889
돌솥추어탕	food	126.96951	37.57702
돌실나이	shop	126.98536	37.57361
돌실나이본사할인점	shop	126.99949	37.58824
돌실나이인사점	shop	126.98536	37.57361
돌체	bar	126.98834	37.57204
동감	cafe	126.97163	37.57937
동감	cafe	126.97077	37.58518
동감	food	126.97115	37.57417
동강물고기매운탕	food	127.01019	37.57065
동강주막	bar	127.01541	37.57451
동경	food	126.97569	37.57138
동경	bar	126.98938	37.57153
동경광화	food	126.97436	37.57298
동경사	shop	126.98611	37.57328
동경신문로지점	food	126.97213	37.56964
동경실크	shop	126.99967	37.57048
동경암	food	126.97886	37.56982
동경우동	food	126.97570	37.57143
동광사	shop	126.99708	37.57235
동궐동락	event	126.99646	37.57893
동그라미	shop	126.96626	37.60549
동남서적	shop	127.00648	37.57066
동남식당	food	126.99289	37.56951
동남아식품	shop	127.01209	37.57262
동남약국	shop	126.99128	37.57012
동남전기	shop	126.96144	37.57450
동네떡볶이	food	126.99966	37.58774
동네별장	food	126.99950	37.58341
동네식당	food	126.99649	37.58796
동대문	food	127.00617	37.57143
동대문닭꼬치	food	127.01558	37.57068
동대문본가가마솥설렁탕	food	127.01105	37.57205
동대문정육식당	food	127.01101	37.57124
동대문종합시장	shop	127.00734	37.57097
동대문허파집	food	126.98881	37.57170
동덕아트갤러리	heritage	126.98333	37.57499
동도	food	127.01046	37.57270
동두천부대찌개	food	126.99725	37.58397
동두천솥뚜껑삼겹살	food	126.98672	37.56945
동락돼지	food	126.97477	37.57106
동래가	food	127.01009	37.57178
동림	shop	126.98561	37.58178
동림매듭공방	etc	126.98559	37.58174
동막골	food	127.01921	37.57191
동명사	shop	126.99708	37.57235
동명상회	shop	126.99967	37.57048
동명여관	stay	127.01087	37.57103
동명주단	shop	127.00085	37.56976
동묘	shop	127.01757	37.57373
동묘가발	shop	127.01609	37.57272
동묘고기튀김	food	127.01675	37.57053
동묘고기튀김재민이네	food	127.01666	37.57062
동묘골식당	food	127.01673	37.57185
동묘구제	shop	127.01671	37.57245
동묘국수	food	127.01863	37.57324
동묘그늘집	food	127.01753	37.57093
동묘낚시	shop	127.01836	37.57112
동묘다방느린엽서	shop	127.01913	37.57312
동묘랜드	shop	127.01943	37.57249
동묘마케트	bar	127.01454	37.57178
동묘맛집	food	127.01931	37.57355
동묘문	food	127.01478	37.57170
동묘바이브	stay	127.01328	37.57972
동묘바이크	shop	127.01623	37.57022
동묘벼룩시장	shop	127.01771	37.57325
동묘불교만물	shop	127.01855	37.57129
동묘상회	shop	127.01854	37.57134
동묘스테이	stay	127.01512	37.57086
동묘식당	food	127.01896	37.57346
동묘식품	shop	127.01757	37.57314
동묘앞구제	cafe	127.01835	37.57149
동묘앞역점스포애니케이디스포츠	activity	127.01600	37.57405
동묘의	cafe	127.01835	37.57149
동묘의류신발구재	shop	127.01633	37.57131
동묘의빈티지	shop	127.01843	37.57220
동묘잡화	shop	127.01686	37.57354
동묘잡화	shop	127.02142	37.57308
동묘장터	shop	127.02069	37.57213
동묘집	food	127.01478	37.57170
동묘토네이도전자담배	shop	127.01545	37.57358
동묘팔팔장터아울렛	shop	127.01964	37.57197
동묘피플	shop	127.01597	37.57136
동묘한옥시화당	stay	127.02121	37.57321
동묘한중대박골동품	shop	127.02168	37.57291
동묘호약국	shop	127.01609	37.57272
동묘홍두깨국수	food	127.01867	37.57362
동문갈비	food	127.01321	37.57195
동문식당	food	127.01124	37.57159
동문안경	shop	127.00955	37.57041
동문오토바이	shop	127.00595	37.57493
동문호프	food	127.01351	37.57263
동물해방물결	shop	126.99733	37.58440
동미	stay	127.02080	37.57538
동방예술사	shop	126.98320	37.57287
동방이불	shop	127.00023	37.56963
동방화랑	shop	126.98584	37.57440
동백꽃	shop	127.00504	37.57991
동백식당	food	126.98425	37.57656
동백양과점	cafe	126.98960	37.57340
동베이	food	126.97502	37.57100
동보사	shop	126.99708	37.57235
동부노점	food	126.99971	37.57012
동부상회	shop	127.00414	37.57037
동부침례교회	food	127.02181	37.57585
동북쇼핑주	shop	126.95658	37.60819
동북화과왕	food	127.01087	37.57103
동브랜드아울렛	shop	127.01835	37.57149
동산방	shop	126.98338	37.57293
동산방화랑	heritage	126.98339	37.57298
동산아이에프에스	food	126.97440	37.57036
동산히어링	shop	126.99273	37.57020
동서	shop	126.98655	37.57384
동서약국	shop	127.00235	37.57076
동서양겔러리	shop	126.98540	37.57210
동서주단	shop	126.99971	37.57012
동성	shop	127.00732	37.57070
동성	stay	127.01741	37.57303
동성각	food	126.97526	37.57144
동성고등학교매점	shop	127.00310	37.58496
동성당	shop	127.00655	37.56994
동성방화랑	shop	126.98731	37.57352
동성전기조명	shop	126.99334	37.56873
동성종합상사	shop	126.98925	37.56959
동성피아노악기음향	shop	126.98765	37.57222
동숭감자탕	food	127.00450	37.58109
동숭골	bar	127.00442	37.58068
동숭동커피	cafe	127.00472	37.58113
동숭부띠끄	shop	127.00549	37.58076
동숭부티크	shop	126.99767	37.58429
동숭숯불갈비	food	127.00062	37.58174
동숭스테이	stay	127.00563	37.57971
동숭아트복권점	activity	127.00384	37.58317
동시약국	shop	127.00022	37.57063
동신	food	127.02279	37.57620
동십자각	heritage	126.97942	37.57608
동아냉면혜화점	food	127.00402	37.58122
동아리분식	food	126.99193	37.57190
동아안경콘텍트렌즈	shop	126.98665	37.56994
동아약국	shop	126.99907	37.57060
동아완구	shop	127.01297	37.57187
동아전기	shop	126.99001	37.56859
동암고시원	stay	126.98817	37.57239
동양	shop	127.01981	37.57303
동양국제무역	shop	126.99073	37.56929
동양매점	shop	127.01454	37.57194
동양사	shop	126.99783	37.56912
동양상사	shop	126.97421	37.57364
동양서림	shop	127.00060	37.58557
동양예술극장	heritage	127.00234	37.58468
동양재	shop	126.98542	37.57875
동연갤러리	shop	126.98448	37.57919
동영숯불갈비	food	126.95998	37.57313
동예헌	shop	126.98640	37.57436
동우당바이버틀러리	stay	126.97117	37.57718
동우사	shop	126.99708	37.57235
동우상사	shop	127.00302	37.57013
동원브이아이피참치	food	126.98034	37.57291
동원연탄	shop	127.01063	37.57801
동원참치	food	126.97392	37.57298
동원참치광화문	food	126.97333	37.57537
동이	shop	126.98626	37.57464
동인당인삼원	shop	127.00618	37.57265
동일사	shop	127.00076	37.56985
동주르하우스	stay	127.01235	37.57521
동진레저	shop	127.00533	37.57082
동진사골프갤러리	shop	126.98665	37.57306
동진전기	shop	126.99456	37.56994
동진종합분식	food	127.00650	37.57089
동천홍	food	126.97557	37.57125
동철상회	shop	126.98056	37.58377
동춘구제	shop	127.01601	37.57198
동카츠	food	126.97421	37.57364
동태찌개와돼지등뼈해장국	food	127.00517	37.57044
동학	food	126.99912	37.58377
동해남부선	bar	126.97152	37.57629
동해남부선	bar	126.99027	37.57248
동해남부선국일관점	food	126.98971	37.56893
동해루	food	126.99473	37.56946
동해식품	shop	126.98430	37.56915
동해어가	food	126.98937	37.56874
동해여인숙	stay	127.01163	37.57098
동해전자	shop	126.98765	37.57222
동해해물탕	food	127.01019	37.57275
동혁이네	food	126.96893	37.57733
동호갤러리	shop	126.98523	37.57306
동호약국	shop	126.99645	37.58743
동화	bar	127.00044	37.58303
동화면세점	shop	126.97615	37.56962
동화스텐	shop	127.00241	37.57034
동화약국	shop	126.99852	37.58249
동화킴스관광호텔	stay	126.97514	37.60951
동훈이네과일	shop	126.95795	37.57473
돼봉삼겹살	food	127.00256	37.58230
된장예술과술	food	126.98641	37.56897
된장예술과술	food	127.00111	37.58213
두가헌	food	126.98027	37.57710
두고갤러리	shop	126.98506	37.57341
두꺼비	food	126.99473	37.56946
두끼	food	127.00258	37.58186
두두	bar	127.00412	37.58101
두드림	food	126.97076	37.57633
두들	cafe	126.99864	37.57254
두라플라워	shop	126.97793	37.57096
두레에프엔씨	food	126.98009	37.57863
두레에프엔씨북촌마님주	food	126.98492	37.58275
두레유	food	126.97515	37.60950
두레유	food	126.97050	37.60657
두루계동점	cafe	126.98689	37.57994
두르가	food	126.97992	37.57085
두리고시원	stay	127.02027	37.57309
두리두아트샵	shop	126.98488	37.57426
두리몰	cafe	126.97054	37.58178
두리한지공방	shop	126.98684	37.57168
두림	food	126.98136	37.57185
두마땡	cafe	127.02183	37.57661
두바이	shop	126.99971	37.57012
두번째인도	shop	126.96867	37.57654
두뿔이야기	shop	126.95865	37.60660
두산갤러리	heritage	127.00100	37.57181
두산당구장	activity	127.01383	37.57407
두산아트센터	heritage	127.00096	37.57176
두소	food	126.95666	37.61079
두손氣功	activity	127.00272	37.57132
두아트	shop	126.97982	37.57730
두오모	food	126.97156	37.58165
두원공조시스템	shop	127.01895	37.57307
두원사	shop	126.99242	37.57205
두이스짐	activity	126.97634	37.57060
두인선물공방	shop	126.99869	37.58662
두잇스테이	stay	127.01742	37.57480
두잇아카펠라	bar	126.99763	37.58441
두잉안경	shop	126.97992	37.57085
두찜종로경복궁점	food	126.97059	37.57393
두찜종로혜화점	food	126.99501	37.58871
두채	food	127.00040	37.57635
두커피	cafe	126.99192	37.57282
둘둘	bar	127.00191	37.57865
둘둘치킨	food	127.02179	37.57414
둘둘치킨	food	126.97547	37.56980
둘둘치킨	food	127.00687	37.57150
둘둘치킨롯데캐슬숭인점	food	127.01600	37.57405
둘레골	food	126.98466	37.57504
둘리	bar	127.01104	37.57139
둘리분식	food	127.00118	37.58433
둘이	shop	127.01079	37.57302
둥둥스테이	stay	127.00695	37.57185
둥지포차	bar	127.00695	37.57185
뒷뜰안에닭한마리	food	126.99947	37.57208
듀얼핏	activity	126.99905	37.58241
듀오데플뢰르	shop	126.96303	37.59405
드네일	shop	126.97992	37.57085
드디어커피원남점	cafe	126.99759	37.57565
드렁큰바버	food	126.99151	37.57397
드레스빌	shop	127.01520	37.57175
드레스플러스	shop	126.98931	37.58198
드로잉룸	shop	126.96925	37.58033
드리머네스트	stay	127.00567	37.58400
드림가모	shop	126.99192	37.57015
드림교육원	shop	127.02171	37.57395
드림디포	shop	126.97333	37.57537
드림디포안국역점	shop	126.98637	37.57739
드림라이크커피	cafe	126.97914	37.56949
드림빌원룸텔혜화역점	stay	126.99932	37.58322
드림스테이	stay	126.98476	37.56928
드림코인노래연습장	activity	126.98559	37.56945
드림패브릭	shop	127.00732	37.57070
드링크갤러리	food	126.98626	37.57434
드링크인피스	bar	126.99160	37.57404
든든옥	food	127.02203	37.57401
든든한끼	food	126.97333	37.57537
들다방	cafe	127.00358	37.57990
들풀	food	126.97014	37.58642
등대	shop	127.00732	37.57070
등선재	cafe	126.99005	37.57198
등심	food	126.98063	37.57182
등심당	food	126.97429	37.57203
등촌샤브칼국수	food	126.97992	37.57085
등촌샤브칼국수	food	126.97382	37.57309
등촌샤브칼국수	food	126.98727	37.56875
등촌샤브칼국수	food	126.98385	37.56916
등촌샤브칼국수안국역점	food	126.98619	37.57794
등촌칼국수	food	127.00325	37.58161
등탑	food	126.99991	37.57113
디귿	stay	126.96855	37.57826
디도미주	stay	126.99073	37.56929
디드주얼리	shop	126.99865	37.57144
디디스	food	126.98179	37.57253
디디엠스테이	stay	127.01229	37.57135
디딤돌아웃도어	shop	127.00382	37.57035
디마떼오	food	127.00389	37.57995
디마이온	shop	126.98140	37.58209
디뮤어	shop	127.01490	37.57511
디미	food	126.97367	37.57926
디바	cafe	126.98406	37.56964
디셈버	bar	126.97204	37.57629
디스이즈낫어카페	shop	126.99254	37.56951
디스테이호스텔	stay	127.01031	37.57074
디씨티네트웍스블랙랩	food	126.96945	37.57223
디아	shop	126.99865	37.57144
디아나주얼리	shop	126.99865	37.57144
디아만타르골든국제갤러리	shop	126.99928	37.56965
디아망뜨	shop	126.96858	37.57465
디아쎄르	shop	126.99722	37.58528
디아주얼리	shop	126.99253	37.57102
디아프로젝트	shop	126.98048	37.57758
디어리스트제이	shop	126.99241	37.57074
디어마이플라워가든	shop	126.96612	37.60545
디어미스틱	shop	127.00782	37.57604
디어스페이스	stay	126.98559	37.56945
디어와인	food	126.98112	37.58253
디언타이틀드보이드	shop	126.96810	37.57295
디에이치알주	food	127.00367	37.57630
디에이치엠코스메틱	shop	126.97360	37.57446
디에이치호스피탈리티	food	126.98604	37.57746
디엘링쥬얼리	shop	126.99865	37.57144
디엠빈티지	shop	127.01698	37.57131
디엠커피	cafe	127.01939	37.57334
디오	shop	126.99708	37.57235
디오브루잉	food	126.98046	37.57103
디오빌당구클럽	activity	127.01609	37.57272
디오엠	bar	126.99874	37.58362
디올드와이앤케이	food	126.97629	37.57046
디와이에이치	cafe	126.97370	37.57136
디월트헤리티지광마켓점	shop	126.99806	37.56970
디자이너씨알	shop	126.99708	37.57235
디자인하우스지우헌지점	shop	126.98300	37.58338
디즈니골프	shop	127.00453	37.57078
디지비지	food	126.98994	37.57268
디초콜릿커피앤드	cafe	126.98224	37.57184
디케이퍼스널트레이닝	activity	127.00108	37.58391
디타워약국	shop	126.96626	37.56680
디톡앤커피	cafe	126.97992	37.57085
디파베	shop	126.97154	37.58279
디파이브	food	126.98202	37.57539
디팍스	shop	126.98123	37.58137
디피알티	cafe	126.98937	37.56862
디하우스	stay	126.96548	37.58299
딜	shop	126.98446	37.58432
딜라이트보청기	shop	127.00071	37.57129
딜리앤딜리푸드	food	126.98601	37.57630
딜쿠샤	heritage	126.96348	37.57309
딥디아	shop	126.98691	37.58206
딥키	cafe	126.98416	37.58127
딩그루	cafe	126.97385	37.57605
따뜻한스테이북촌	stay	126.98771	37.58314
따뜻한약국	shop	126.97992	37.57085
따르릉	shop	127.00318	37.58209
따링컴퍼니	shop	126.99123	37.57102
따빠스구르메	food	126.97243	37.57961
딱좋아	bar	127.00518	37.57080
딱지치기	bar	127.00134	37.58260
딴따라	bar	126.98676	37.56902
딴지그룹	food	127.00472	37.57821
딸기하우스	shop	126.99874	37.56993
땅스부대찌개숭인점	food	127.02124	37.57497
때때로고기	food	126.98858	37.56907
때때롯살롱	shop	126.98985	37.57345
때지	food	127.01546	37.57067
땡비	bar	127.00642	37.57146
땡스가든	shop	126.96306	37.60697
땡큐노래방	activity	126.99992	37.57174
땡큐바이크	shop	127.02287	37.57642
땡큐빔	shop	127.00006	37.57088
떡가게종춘익선	food	126.98961	37.57285
떡박물관	heritage	126.99065	37.57495
떡보의하루	food	126.96125	37.57313
떡사랑	food	127.01574	37.57617
떡산안국	food	126.98574	37.57803
떡상	food	126.98480	37.57504
떡집	food	126.97313	37.57377
떼소로	shop	126.99708	37.57235
또바	bar	127.01432	37.57288
또보겠지떡볶이집몽글몽글	food	126.98723	37.56966
또보겠지떡볶이집파란파랑점	food	126.99982	37.58186
또봉이통닭	food	126.99990	37.58790
또순이	food	127.01147	37.57327
또순이네	food	126.97333	37.57537
또오래분식	food	126.99925	37.57256
또오리	food	126.99861	37.58368
또오옥	cafe	127.01107	37.57505
또와	shop	127.01623	37.57020
또와생고기	food	126.99065	37.57472
또와요	food	127.00279	37.57520
또와요포차	food	126.98456	37.56888
똑순식품	shop	127.01304	37.57699
똥고집	bar	127.00368	37.58010
똥광노래타운	activity	127.01071	37.57073
뚜뚜집	stay	127.00935	37.57456
뚜레쥬르경희궁의아침점	food	126.97179	37.57327
뚜레쥬르독립문역	food	126.95795	37.57473
뚜레쥬르신설동역점	food	127.02253	37.57598
뚜레쥬르창신점	food	127.01514	37.57837
뚝감	food	126.97258	37.57210
뚝배기양평해장국	food	126.98034	37.57291
뚝섬이야기	bar	126.99932	37.57213
뚝심	food	126.98055	37.57062
뚱순네	food	126.98798	37.57204
뚱이네	food	127.01048	37.57253
뜨개퀸	shop	127.00732	37.57070
뜨락	cafe	127.00659	37.57059
뜨락	shop	126.98643	37.57239
뜨루	shop	127.00061	37.58329
뜰과다원	cafe	126.98572	37.57359
뜰아래	food	126.98597	37.57387
뜰안	cafe	126.98942	37.57367
뜸들이다	food	126.98179	37.57253
띠아모	cafe	127.00640	37.57155
띡	bar	127.00781	37.57585
라거스팟광장시장	bar	127.00170	37.57024
라곰트레이닝	activity	126.97452	37.57047
라구나	shop	126.98200	37.58242
라그라스	bar	126.96764	37.58052
라꾸쁘	shop	126.98660	37.57797
라끌레	food	126.98144	37.58363
라니테이블	food	126.96697	37.57486
라도스트	food	126.98408	37.56970
라디오데이즈	cafe	127.00688	37.57755
라디오엠	cafe	126.98128	37.57996
라뜰리에꼼때	food	126.99729	37.59138
라라	shop	127.01913	37.57199
라라	shop	126.99046	37.57008
라라	shop	126.99865	37.57144
라라	food	126.97223	37.57261
라라맥주	bar	127.00083	37.58398
라라스테이	stay	127.00036	37.58350
라라플레이스	shop	127.01520	37.57175
라로쥬	stay	127.01001	37.57669
라로즈	shop	126.96934	37.57844
라르티스타	cafe	126.99139	37.57385
라마	shop	126.98851	37.56956
라마홈	shop	126.96993	37.58145
라멘보루도	food	126.99114	37.57560
라면	food	126.96902	37.57272
라면땡기는날	food	126.98226	37.57930
라면점빵	food	126.97013	37.57660
라모드	shop	126.97046	37.58202
라무진경복궁점	food	126.97148	37.57809
라무진서대문역점	food	126.96511	37.56886
라미스콘앤지민스통	cafe	126.99033	37.57383
라바타운	shop	126.97164	37.57077
라밥	food	126.98531	37.57058
라벨로타	food	126.96864	37.57934
라보스꼬부엌	food	126.96576	37.59343
라보아트블루	cafe	126.96692	37.58107
라보에	shop	126.98046	37.57103
라볼로	shop	127.00000	37.57689
라브리	food	126.97574	37.57368
라브리교보점	food	126.97793	37.57096
라비냐	shop	126.98422	37.57710
라비쉬다이아몬드	shop	126.99127	37.57066
라비에	shop	126.99839	37.57144
라성	shop	126.99865	37.57144
라스위스	food	126.97256	37.57847
라스토랑	food	126.97992	37.57085
라시크	shop	126.98118	37.58335
라신반	food	126.98424	37.57502
라엘하우스	shop	126.97831	37.61271
라오테아로아로그하우스	stay	126.96735	37.59806
라온	shop	127.00732	37.57070
라온섬	food	126.99735	37.58490
라온스테이혜화	stay	127.00412	37.58101
라온앤하우스	stay	126.98890	37.57155
라온제나	shop	126.99007	37.57466
라온커피호프	bar	127.01229	37.57179
라온트레이딩	shop	127.01520	37.57175
라온플라워	shop	126.98517	37.57245
라온하우스	stay	126.98890	37.57155
라와	stay	126.98917	37.57228
라우드플레이리스트	food	126.99047	37.57000
라운슈	shop	127.01139	37.57080
라운지볼	activity	126.99816	37.58398
라이온스	activity	126.98938	37.57184
라이즈앤빌로우	shop	126.97272	37.57905
라이크	food	126.99087	37.57427
라이크샐러드	food	126.99489	37.58907
라이프스테이연건	stay	127.00128	37.57873
라이프스테이종로	stay	126.98771	37.58314
라이프이즈웻	shop	127.01854	37.57134
라익선	bar	126.99071	37.57409
라인안경콘택트	shop	126.99903	37.57094
라인앤폼스	shop	126.98584	37.57559
라인업커피	cafe	126.98418	37.57185
라인익선	cafe	126.98917	37.57363
라인커머스	shop	127.01337	37.57011
라인테크	shop	126.99524	37.56929
라인프렌즈인	shop	126.98355	37.57447
라인프렌즈인사동	shop	126.98355	37.57447
라인핏	shop	126.98552	37.57020
라임모텔	stay	127.00123	37.57133
라임쥬얼리	shop	126.99865	37.57144
라임하우스	stay	126.99771	37.58387
라커스	bar	126.98807	37.56945
라콜롬브	cafe	127.00401	37.58027
라쿠엔	food	126.98775	37.57396
라크리에	shop	126.98054	37.58353
라크슌	food	126.98845	37.56860
라타르타데라마드레데크리스	food	126.98699	37.57926
라티에	food	126.97333	37.57537
라파리나	food	126.97155	37.57998
라파엘	shop	126.99810	37.56984
라파지블	shop	126.96641	37.58105
라포레	food	126.98413	37.57695
라프라	cafe	126.96193	37.59800
라프레미디	shop	127.00531	37.58056
라프레서촌점	cafe	126.96796	37.58079
라프리메라	shop	126.96412	37.61027
라플란드	shop	126.98173	37.58293
라플레르수	cafe	126.95789	37.61285
라플로르	shop	126.98524	37.58056
라피스	shop	126.98980	37.57057
라피쥬예물관	shop	126.98914	37.57060
라휘느	stay	126.99074	37.57126
락	activity	126.98459	37.56946
락고재	stay	126.98608	37.58013
락고재북촌빈관	stay	126.98421	37.58230
락고재서울본관	stay	126.98608	37.58013
락고재컬쳐라운지	activity	126.98397	37.58222
락궁	food	126.96660	37.60620
락노래연습장	activity	126.98531	37.57058
락더후	bar	126.98510	37.56912
락산마트	shop	127.00695	37.57776
락휴코인노래연습장경복궁점	activity	126.97233	37.57782
락휴코인노래연습장관철점	activity	126.98658	37.56966
란저우우육면	food	126.96525	37.59281
란플라워	shop	126.96736	37.57764
랏뜨	shop	127.00428	37.57922
랏토하우스	stay	126.96358	37.59729
랑만궁떡	food	126.98996	37.57421
랑파주	shop	126.98553	37.57260
래래향	food	126.97047	37.57537
래빈	food	126.99202	37.57177
랙블루	shop	127.01062	37.57047
램파트게스트하우스	stay	127.00808	37.57486
랩틱	food	126.96914	37.58027
랭기지플러스	shop	126.95987	37.59951
러미슈	shop	127.01327	37.57027
러브리티	shop	126.99354	37.57076
러브베이크	food	127.01423	37.57100
러브플라워닷컴	shop	126.97596	37.57343
러브하트	shop	126.99865	37.57144
러블리	shop	126.98687	37.57042
러비더비플라워	shop	127.00450	37.58109
러프러프안국	food	126.98623	37.57946
럭셔리빠	bar	127.00644	37.57134
럭스라이팅	shop	126.99936	37.57197
럭키구름	shop	127.01434	37.57153
럭키팩토리	shop	127.00036	37.58350
럭키할인마트	shop	126.96574	37.60531
럭키할인마트정육	shop	127.00207	37.58398
런	bar	126.99089	37.57545
럼버잭	cafe	126.96361	37.59326
렁팡스	food	126.97007	37.57291
레더디	shop	127.02203	37.57401
레더웍스	shop	127.02272	37.57292
레드망치서촌점	shop	126.97346	37.57886
레드아이	shop	127.00116	37.58353
레드원갤러리	shop	126.98640	37.57436
레드월	shop	126.99008	37.57008
레드차이나	food	127.01543	37.57406
레드토네이도	activity	126.99742	37.58376
레드페이스	shop	127.00361	37.57076
레드페이스	shop	127.01339	37.57262
레드페이스	bar	126.98849	37.57221
레드페이스청계천점	shop	127.00266	37.56990
레드핑거	food	127.00085	37.58468
레뚜이	food	126.97059	37.57393
레몬	shop	126.99013	37.57058
레몬마트	shop	127.00207	37.58398
레몬마트	shop	126.99158	37.57319
레몬트리호텔	stay	126.99108	37.57236
레미엘	shop	126.99865	37.57144
레뱅드매일	food	126.98365	37.57149
레베카의모자	shop	127.00343	37.57053
레벤스가든	food	126.96775	37.58112
레보라토리와이	shop	126.96380	37.59263
레브	cafe	126.99312	37.58722
레빗	bar	126.99971	37.58271
레솔베르	cafe	126.97199	37.56871
레스아이엠	shop	126.96904	37.57831
레스토랑담	food	126.98604	37.57370
레시피그룹	shop	126.98254	37.57934
레써피	food	126.97169	37.58037
레아	cafe	126.98395	37.57461
레아수스튜디오	shop	126.97298	37.57135
레알	shop	126.99874	37.56993
레알간장게장	food	127.01550	37.57474
레이스	bar	127.01590	37.57238
레이스디자인컴패니	shop	126.98096	37.57818
레이스투	bar	127.01627	37.57292
레이싱걸	bar	127.01037	37.57035
레이어드안국	food	126.98593	37.57774
레이어한옥하우스	stay	126.98389	37.58251
레이지	cafe	126.95789	37.60062
레이지	food	126.96528	37.59253
레이지마이크	shop	126.98048	37.57758
레인보우몰리스	activity	127.01207	37.58132
레일라	food	126.97078	37.58037
레자	shop	127.01013	37.57076
레종데트르	cafe	126.96889	37.58018
레종데트르	food	126.97891	37.57100
레지나아트	shop	126.98103	37.58376
레지던스원룸텔	stay	127.01031	37.57074
레지던스유스테이원룸텔	stay	127.01626	37.57252
레지던스큐브	stay	127.00178	37.57133
레코드피자	food	127.00058	37.58376
레쿠스	shop	127.01723	37.57920
레터	shop	126.97028	37.57921
레테	bar	126.99102	37.57357
렉스코인노래연습장	activity	127.00122	37.57066
렉스코인노래연습장경복궁점	activity	126.97058	37.57629
렌주얼리스마일	shop	126.99127	37.57066
렌탈스테이	stay	127.00105	37.57884
렛잇비	food	126.97316	37.57297
렛츠고	bar	126.98817	37.57239
렛츠고피크닉	food	127.00302	37.58747
로네펠트티하우스	food	126.97317	37.56980
로니보니	shop	127.00379	37.57028
로뎀	shop	126.98072	37.58137
로뎀	shop	126.98723	37.57189
로돈	shop	126.99664	37.58349
로드샵	shop	127.00049	37.58616
로또사과	activity	126.99305	37.57208
로또천국	activity	126.97333	37.57537
로또판매점	activity	127.01501	37.57989
로또판매점벌집	activity	126.97541	37.60888
로라로라서촌플래그십스토어	shop	126.97198	37.57935
로라방앗간	food	126.97992	37.57085
로라홈	shop	126.97094	37.58046
로렌느	shop	126.99204	37.57170
로로로디저트	cafe	126.97120	37.57761
로록	shop	127.00732	37.57070
로르니아틀란티크	shop	126.99524	37.56929
로마	shop	127.01917	37.57268
로마네꽁띠	food	126.98432	37.57789
로마네꽁띠	food	126.98240	37.58440
로맨틱로맨틱	shop	126.98203	37.58214
로맨틱주얼리	shop	126.98604	37.57042
로메이	shop	126.97029	37.57903
로보	shop	127.01372	37.57028
로봇에프앤비로봇김밥이마빌딩점	food	126.97899	37.57391
로브엔주얼리	shop	126.99282	37.57155
로비바이컨템포러리테일즈	food	127.00270	37.58453
로사	shop	126.99290	37.57074
로쉬	food	126.98185	37.58213
로스	shop	126.98208	37.58034
로스토	cafe	127.02200	37.57798
로스팅고	cafe	126.98764	37.57802
로쏘	cafe	126.98126	37.58287
로씨니	food	126.98587	37.57846
로아	shop	126.98574	37.57037
로아상서울	food	126.98576	37.57164
로얄	activity	126.97992	37.57085
로얄기업사	shop	126.99135	37.56939
로얄당구장	activity	126.99257	37.56907
로얄산악사	shop	127.00431	37.57021
로얄스케치	shop	126.96782	37.59572
로얄안경	shop	127.01053	37.57221
로얄안경원	shop	126.98046	37.57341
로얄워터	shop	126.98957	37.57366
로얄이엠에스	activity	126.96901	37.60686
로얄인디안	food	127.01253	37.57244
로얄전자악기	shop	126.98765	37.57222
로엔	shop	127.00732	37.57070
로우	food	126.99008	37.57441
로우선	food	126.95736	37.60853
로우톤	shop	127.01512	37.57086
로우파이브안국	food	126.98558	37.57864
로운트리	shop	127.01971	37.57543
로이정원	food	126.99296	37.57305
로이쿠이	shop	127.00732	37.57070
로인	shop	127.02215	37.57374
로젠주얼리	shop	126.98628	37.57041
로젤라또	bar	127.00243	37.57050
로죽	shop	126.98488	37.57426
로즈골드	shop	126.98604	37.57042
로즈마리	shop	127.00732	37.57070
로즈앤캔디	food	127.00135	37.57586
로체	shop	127.00603	37.57139
로켓커피	cafe	126.98741	37.56978
로코랩	cafe	126.98531	37.57058
로코팝	shop	126.98074	37.58360
로쿠지	food	126.97076	37.57858
로키캠프	shop	127.00380	37.57056
로터리식탁	food	127.02247	37.57638
로터스협동조합	cafe	126.98125	37.57829
로파우사다	shop	126.98662	37.57217
로파이	bar	126.96550	37.57559
로프트북스	shop	126.96600	37.59237
로하스휘트니스	activity	126.98986	37.57233
롤라곱창	food	126.98594	37.57783
롤링파스타	food	127.00356	37.58160
롤링파스타종로지점	food	126.98802	37.56955
롤스	food	127.01450	37.57519
롤인익선	food	126.98977	37.57436
롤키	bar	127.01031	37.57272
롤파크	activity	126.98145	37.57101
롯데리아동묘역점	food	127.01502	37.57255
롯데리아종각역	food	126.98495	37.56989
롯데리아혜화	food	127.00060	37.58579
롯데리아혜화점	food	127.00060	37.58579
롯데악기	shop	126.98765	37.57222
롯데지알에스엔제리너스센트로폴리스	cafe	126.98365	37.57149
롯데커텐	shop	127.00732	37.57070
롯데프레시대학로	shop	127.00412	37.58101
료친	shop	127.01680	37.57311
룡룡마라도원	food	127.00104	37.58404
룡무유통	shop	127.01140	37.57336
루나	stay	127.00591	37.57976
루나소사이어티	food	126.98954	37.57578
루나터치	shop	126.98669	37.58297
루나하우스	stay	127.02271	37.57628
루다	shop	126.99123	37.57102
루다	food	127.00058	37.58376
루다	shop	126.98971	37.57321
루드베키아	food	126.97780	37.57216
루드빈티지	shop	127.01770	37.57131
루디아	shop	126.98723	37.57189
루디아공예게스트하우스	stay	126.96813	37.57693
루루마켓	shop	126.96983	37.58063
루루앤아이래쉬	shop	126.97992	37.57085
루마디서촌	stay	126.96676	37.58347
루미아	shop	126.99282	37.57155
루미아호텔	stay	127.02226	37.57389
루미혜화하우스	stay	127.00524	37.58350
루민서촌	stay	126.96690	37.58087
루브르바게트	food	127.00072	37.57063
루비	shop	126.98859	37.57422
루비	shop	126.99710	37.57098
루뽀	food	126.97436	37.57298
루샬로메	shop	126.97793	37.57096
루스카	cafe	126.99024	37.57319
루시	shop	126.98208	37.58034
루시스타디에스유통	shop	126.98325	37.57021
루시아	shop	126.99865	37.57144
루시아비앤비	stay	127.01828	37.57461
루시앤로이드	bar	126.98950	37.57566
루씨르	shop	126.98445	37.57454
루씨스타투에이치리테일종각역점	shop	126.98325	37.57021
루씨에르	shop	127.00732	37.57070
루아	bar	126.98817	37.57239
루아	shop	127.00732	37.57070
루앙쥬	food	126.99861	37.58982
루원	food	126.98144	37.57096
루이루이	shop	126.98211	37.58391
루이스	shop	127.01520	37.57175
루이제	shop	127.01194	37.57008
루체비타	shop	127.00022	37.57063
루체테	shop	127.01646	37.57216
루첼라인터내셔널	shop	127.00434	37.58111
루카스	bar	127.01648	37.57131
루키	food	126.99061	37.57148
루트	cafe	126.97118	37.57554
루트스테이	stay	127.00840	37.57451
루프탑어반가든	shop	126.97404	37.57277
루프트커피	cafe	126.98144	37.57096
룩앳미	shop	127.00732	37.57070
룩옵티컬	shop	126.97793	37.57096
룩크	shop	127.00353	37.58191
룸비니	food	127.01268	37.57241
룸비니	food	127.01451	37.57291
룸즈	activity	127.00282	37.58248
뤼디아	shop	127.00006	37.57088
류화랑	shop	126.98576	37.57418
률	bar	126.98237	37.57939
률	food	126.96963	37.57929
르꼬숑	food	126.98842	37.57776
르네랩	shop	126.98689	37.58162
르라보카페	cafe	126.98188	37.58123
르마오	shop	126.97214	37.57964
르막쉐	shop	127.00840	37.57685
르몽드서점	shop	126.98557	37.56926
르미엘성형외과의원	shop	126.99092	37.57007
르베르디	food	126.97992	37.57085
르본	shop	126.96666	37.60602
르블란서	food	126.99011	37.57315
르블랑	bar	126.98056	37.57188
르빵	food	126.95906	37.59901
르세이	shop	126.96822	37.57936
르아워	shop	127.00640	37.57155
르큐제	food	126.96935	37.57954
르통킨인터내셔널	shop	126.99192	37.57015
르플랑에떼서촌	shop	126.97157	37.57957
르피노베이크하우스	food	126.98588	37.57913
르한스에프엔커피	cafe	126.97110	37.58160
리가플스방	activity	126.98558	37.56934
리김밥센트로폴리스점	food	126.98355	37.57157
리김밥케이트윈	food	126.97902	37.57473
리김밥현대건설점	food	126.98764	37.57802
리나스	food	126.97793	37.57096
리나스파스타	food	127.00135	37.58388
리뉴드시스템	shop	126.99748	37.58573
리더스아트	shop	126.98670	37.57197
리도플라워	shop	126.99997	37.57261
리딩펫	shop	126.98150	37.58709
리또리또	food	126.95593	37.60098
리르코퍼레이션	shop	126.98487	37.57258
리리야	food	126.97334	37.57643
리버럴오피스	shop	126.98441	37.57954
리버티	shop	127.00817	37.57134
리버티힐스테이크하우스	food	127.00694	37.57767
리베	shop	126.99865	37.57144
리베라모텔	stay	127.01414	37.57296
리보네	shop	126.99139	37.57237
리본레시피	food	126.97488	37.56973
리본아뜰리에	shop	127.01674	37.57521
리본윈도우	cafe	127.00245	37.58439
리브레	shop	126.98488	37.57426
리브로성균관대북갤러리	shop	126.99312	37.58722
리브포나우	food	126.97360	37.57446
리빙스톤스튜디오	shop	126.95744	37.61111
리빙통신	shop	127.01496	37.58021
리빙파크원룸텔	stay	127.02008	37.57397
리센스	shop	126.99971	37.57012
리셉션	cafe	126.97104	37.58228
리스토어	shop	126.96753	37.58057
리슬	shop	126.98440	37.57469
리슬로우스테이	stay	126.96493	37.58040
리아네이처삼청지점	shop	126.98104	37.58167
리아엣미엘	shop	126.98942	37.58121
리안갤러리	shop	126.97195	37.57981
리안골드	shop	126.99123	37.57102
리안아트앤컬처	shop	126.97948	37.61606
리앤	shop	126.99123	37.57102
리앤골드	shop	126.99783	37.57362
리얼	bar	126.98859	37.57422
리얼뷰티	shop	126.97992	37.57085
리얼사운드	shop	126.97514	37.61092
리얼샷	activity	126.98564	37.56966
리얼샷사격양궁장	activity	126.99934	37.58277
리얼샷혜화	activity	127.00253	37.58274
리얼핏	shop	127.01086	37.57286
리예스	shop	126.98104	37.58167
리오골드	shop	126.99231	37.57156
리오라플라워	shop	127.00120	37.58729
리와인드서울	shop	126.98345	37.57591
리움	shop	127.00732	37.57070
리움앤코	shop	126.99041	37.57222
리은공방	shop	126.98428	37.57466
리임	shop	126.96980	37.57956
리즈골드	shop	126.99208	37.57160
리즈파마	shop	126.97235	37.57921
리츠지점앨리스	food	126.98585	37.57690
리치	shop	127.00732	37.57070
리치런치	food	126.98849	37.57359
리치몬드	food	126.99037	37.57334
리치안경원	shop	126.96707	37.60548
리치주단	shop	127.00105	37.56977
리치컴퍼니	shop	127.00732	37.57070
리치하우스	bar	126.99003	37.56971
리치하우스	stay	127.02227	37.57778
리케디자인	shop	126.98236	37.58471
리코	food	126.98920	37.57613
리코스타노래연습장	activity	126.99742	37.58376
리킨호프	food	126.98850	37.57245
리터하우스	shop	127.02081	37.57316
리틀띵스	shop	126.96720	37.58717
리틀버틀러	food	126.98596	37.57760
리틀보틀	food	126.96732	37.58071
리파인명동	food	126.98512	37.56883
리파인주얼리	shop	126.99865	37.57144
리풀하우스	stay	127.00593	37.58108
리플	shop	127.01336	37.57011
리플린	shop	126.98539	37.57897
리향	food	126.98471	37.57264
리히터	cafe	127.00444	37.58084
린드	shop	126.97070	37.57854
린스토어	shop	127.01013	37.57473
린커피앤와플	cafe	126.97609	37.57156
릴라릴라	shop	127.00240	37.57123
릴리마를렌	cafe	127.00088	37.58163
릴리맥디타워돈의문점	shop	126.96626	37.56680
릴리하우스종로	stay	127.01760	37.57399
림림	shop	126.99524	37.56929
림마인드	shop	126.98914	37.58145
림보	shop	126.99102	37.57188
림스방수예	shop	127.00732	37.57070
림스치킨혜화분점	food	127.00131	37.58404
림스치킨혜화점	food	127.00131	37.58404
링스	shop	126.99031	37.57060
링커스랩	shop	127.01884	37.57422
링크샵	shop	126.99473	37.56946
링크아트센터드림	heritage	127.00329	37.58329
링크올	cafe	126.98229	37.58294
링플레이트서울점	shop	126.99092	37.57538
마가리	cafe	127.00232	37.57576
마고	shop	126.99865	37.57144
마그넷	bar	126.97141	37.57525
마그넷케이크룸	bar	126.97126	37.57560
마그마숲	activity	126.96425	37.59388
마나토미	food	126.98633	37.57267
마네컴퍼니	food	126.98522	37.56966
마녀김밥광화문점	food	126.97629	37.57046
마녀주방	food	127.00049	37.58350
마노스킬	shop	126.99116	37.57617
마농	bar	126.98962	37.57539
마농트로포	cafe	126.96897	37.57681
마니스샵	shop	126.98156	37.58657
마님은왜돌쇠에게만술을주시나	bar	126.99676	37.58759
마담부띠끄	shop	127.01966	37.57364
마당가게	food	127.01769	37.57278
마당너른집	food	127.00471	37.58067
마당문구	shop	127.00444	37.58058
마당쇠	bar	126.98454	37.57102
마당쇠	shop	126.98142	37.58115
마당호프	bar	126.98512	37.56883
마도로스	food	127.00403	37.58246
마돈나가발	shop	127.00790	37.57133
마돌	food	126.99676	37.58759
마디나샵	shop	127.01057	37.57030
마디다	shop	126.99122	37.57197
마띠에르	bar	126.99929	37.58231
마라	food	126.96921	37.57299
마라공방	food	126.98699	37.56994
마라공방	food	126.97992	37.57085
마라소관	food	127.01434	37.57038
마라탕샹츠마라혜화점	food	126.99959	37.58291
마로니에공원	nature	127.00272	37.58024
마로니에베스트트립스테이	stay	127.00548	37.57959
마로화적	food	126.99856	37.58972
마롱리밤파희·마롱리소금해	food	126.98042	37.57229
마롱리소금해밤파희	food	126.97992	37.57085
마루	shop	127.00955	37.57041
마루	bar	126.98884	37.57201
마루고	shop	126.97477	37.57049
마루레지던스	stay	126.99479	37.56920
마루자연식김밥	food	126.98487	37.57356
마루초밥	food	127.01062	37.57248
마르헨제이북촌	shop	126.98205	37.58117
마리	shop	126.97131	37.58090
마리바	bar	126.98585	37.57819
마리오	bar	126.99969	37.58243
마리킹종각역점	food	126.98325	37.57021
마마도시락	food	127.00804	37.57134
마마된장그랑서울점	food	126.98144	37.57096
마마스레더	shop	126.96407	37.59557
마마오리	food	126.99792	37.58370
마무트	shop	127.00402	37.57037
마미청국장	food	127.00423	37.58318
마바	bar	126.99161	37.57739
마블	bar	127.00603	37.57139
마블	bar	127.00516	37.57214
마비	shop	126.98406	37.57510
마산	bar	127.00434	37.57060
마산댁	bar	127.00434	37.57060
마산아구와해물	food	126.98800	37.57350
마산아구찜	food	126.98830	37.57316
마산해물아구찜	food	126.98458	37.57954
마샐	cafe	126.98361	37.57074
마스타하이볼	bar	127.00281	37.58186
마스터비엣	food	126.97992	37.57085
마스토리	shop	126.99524	37.56929
마왕공작소	shop	126.98699	37.57927
마운티아	shop	127.00533	37.57082
마운틴기어	shop	127.00251	37.57034
마운틴준	shop	127.00342	37.57009
마음메디	shop	126.99392	37.56925
마음여행	activity	126.96359	37.60381
마음을담아내면	food	126.98213	37.57927
마음책방서가는	shop	127.00177	37.58698
마이너스	food	126.99132	37.57204
마이백팩토리	shop	127.00491	37.57078
마이빌원룸텔	stay	127.00628	37.57333
마이웨딩주얼리	shop	126.99248	37.57019
마이크로스튜디오	activity	126.97179	37.57327
마이크몰사운드	shop	126.98765	37.57222
마이타입샐러드	food	126.97331	37.57186
마이페이브리트	shop	126.96948	37.58687
마이포에트리	shop	126.98531	37.57392
마이헝크	bar	126.98993	37.57436
마이홈리빙텔	stay	126.98940	37.57678
마인스테이	stay	126.99692	37.58637
마인텍스	shop	127.00732	37.57070
마작골	food	127.01030	37.57074
마장게임랜드	activity	127.01991	37.57395
마장동고기집	food	127.01176	37.57220
마중	stay	126.96131	37.57364
마지	food	126.97077	37.57762
마지주	food	126.97080	37.57761
마초	food	126.97032	37.57504
마초스테이크혜화점	food	127.00280	37.58365
마쵸마라	food	126.98412	37.56982
마츠노하나	food	126.99029	37.57414
마카로니	bar	126.98893	37.57275
마칸틴	food	126.98112	37.58322
마켓플레이	shop	127.00457	37.57166
마키디자인스튜디오	shop	126.98689	37.58150
마틸다	bar	126.97330	37.57342
마파두부	food	126.98791	37.57379
마포생소금구이	food	127.00685	37.57177
마포숯불갈비	food	126.99090	37.57301
막걸리데이	bar	127.00006	37.57243
막내푸드	food	126.97992	37.57085
막스시오	shop	126.98184	37.58665
막썰이회	food	126.96748	37.56721
만가	food	126.97040	37.57644
만가타	food	126.98098	37.58019
만나반찬	shop	127.01140	37.57336
만나분식	food	126.96910	37.57736
만나식당	food	126.95964	37.60648
만나식당	food	127.01052	37.57559
만남모텔	stay	127.02230	37.57613
만남의광장	food	126.99174	37.57135
만남의광장	food	127.00408	37.57060
만도리	food	126.98058	37.57267
만두	shop	127.02065	37.57501
만듬	shop	126.97140	37.57744
만리성	food	127.00402	37.58142
만만타코야끼	food	126.99708	37.58427
만면당	shop	126.96503	37.60462
만물상단	shop	127.01877	37.57175
만물슈퍼	shop	127.01275	37.57662
만물잡화	shop	126.96472	37.60449
만미옥	food	126.99324	37.57171
만민보리밥	food	126.99473	37.56992
만보당	shop	126.99128	37.57587
만보상사	shop	127.01337	37.57011
만보성	food	126.99309	37.57295
만복국수종로	food	126.98878	37.57209
만복이네	food	126.99383	37.56986
만생	shop	126.98549	37.56876
만석골	food	126.99037	37.57268
만석꾼	food	126.97324	37.57658
만소헌	stay	126.97195	37.58046
만수네	food	126.99261	37.57009
만수의정원	food	126.98140	37.58105
만연채	bar	126.99642	37.58440
만월정	stay	126.98647	37.58331
만족숯불갈비	food	127.01340	37.57295
만짱카츠	food	126.97992	37.57085
만차이	food	126.99932	37.57112
만화식당	food	127.02175	37.57338
만화카페콩툰대학로	cafe	127.00225	37.58220
말본골프북촌	shop	126.98199	37.58058
맑고향기로운	shop	126.98859	37.57422
맑은다리	stay	127.01337	37.57011
맘스키친	food	126.96448	37.59294
맘스터치	food	127.00061	37.58329
맘스터치	food	126.98436	37.56994
맘스터치피자앤치킨	food	126.99715	37.58462
맘스피자	food	126.97622	37.57153
맛나식당	food	127.02298	37.57631
맛남다방	cafe	127.00612	37.57011
맛단	food	127.00277	37.57439
맛밥김밥	food	127.00067	37.58534
맛보는날	food	126.98625	37.57210
맛보래즉석떡볶이	food	126.98628	37.57190
맛의정원	food	126.99891	37.58967
맛있는과일	shop	127.01006	37.57871
맛집	food	126.99779	37.57390
맛찬들왕소금구이	food	126.98544	37.56911
망고랑	cafe	126.98694	37.58234
매뉴팩트커피서촌점	cafe	126.96883	37.57864
매니비니	food	126.99093	37.57642
매니스테이	stay	127.00442	37.57484
매머드익스프레소	cafe	126.98209	37.57529
매머드익스프레스	cafe	127.00629	37.57173
매머드익스프레스경복궁역점	cafe	126.97333	37.57537
매머드익스프레스경희궁	cafe	126.96511	37.56886
매머드익스프레스관철동점	cafe	126.98738	37.56890
매머드익스프레스내수동점	cafe	126.97223	37.57261
매머드익스프레스동대문종합	cafe	127.00648	37.57066
매머드익스프레스성균관로점	cafe	126.99733	37.58440
매머드익스프레스성대	cafe	126.99498	37.58899
매머드익스프레스안국역점	cafe	126.98655	37.57840
매머드익스프레스역점	cafe	126.97495	37.57145
매머드익스프레스오피시아점	cafe	126.97488	37.56973
매머드익스프레스익선동점	cafe	126.98919	37.57411
매머드익스프레스종로	cafe	126.99164	37.57069
매머드익스프레스종로구청	cafe	126.97908	37.57418
매머드익스프레스종로르메이에르점	cafe	126.97992	37.57085
매머드익스프레스종로숭인점	cafe	127.02166	37.57428
매머드익스프레스종로창경궁로점	cafe	126.99744	37.57261
매머드커피익스프레스종로인의동점	cafe	126.99768	37.57417
매스	shop	126.97480	37.61236
매스커피	cafe	126.98152	37.57175
매실네야채	shop	127.01115	37.57355
매일분식	food	126.97421	37.57257
매일치킨	food	127.00541	37.57600
매일커피	shop	127.00422	37.57309
매점	shop	126.98523	37.57306
매직라이브펍	food	126.99974	37.58210
매직월드	shop	126.98957	37.57279
매화다방	cafe	126.99007	37.57466
맥덕스	food	126.99702	37.58464
맥스담배	shop	127.00648	37.57066
맥썸	bar	127.00095	37.58337
맥주이마트	bar	126.98486	37.56967
맥주창고	bar	126.98741	37.56978
맥줏집	bar	126.99114	37.56985
맥촌	food	126.98145	37.57351
맨드라미키친클럽	food	126.99857	37.58378
맨케이브	bar	126.99102	37.57357
맷돌로만숭인점	food	127.01991	37.57395
맹그로브숭인	cafe	127.01651	37.57720
맹순푸드	food	127.02185	37.57740
머노까머나레스토랑	food	126.99883	37.58264
머무르다종로	stay	127.00451	37.57228
머무름	cafe	126.98475	37.57449
머쉬룸서울	food	126.99930	37.58300
먹고갈래지고갈래	food	126.98891	37.57177
먹쇠집	food	127.01079	37.57202
먹쉬돈나에프앤비	food	126.98199	37.58345
먹자골일번지	food	127.00089	37.57043
먹포집	food	127.01184	37.57287
멀로	shop	126.99006	37.57286
멀티룸포차	food	126.98564	37.56966
멀티익스프레스커피	cafe	126.98473	37.57047
멋	shop	126.98531	37.57058
멋쟁이	shop	126.98730	37.57250
멋쟁이야	bar	127.01275	37.57238
멍글몽글댕댕샵	shop	126.99403	37.58887
멍냥의민족	shop	126.96003	37.57273
멍석집	food	126.99036	37.57288
메가엠지씨커피	cafe	127.01006	37.57006
메가엠지씨커피경복궁역점	cafe	126.97203	37.57714
메가엠지씨커피대학로극장가점	cafe	127.00402	37.58122
메가엠지씨커피대학로마로니에공원점	cafe	127.00193	37.57835
메가엠지씨커피동대문종합	cafe	127.00732	37.57070
메가엠지씨커피동묘숭인점	cafe	127.01587	37.57464
메가엠지씨커피동묘앞역점	cafe	127.01601	37.57198
메가엠지씨커피보신각점	cafe	126.98429	37.56993
메가엠지씨커피서대문경희궁	cafe	126.96237	37.57080
메가엠지씨커피서울	cafe	126.95556	37.60133
메가엠지씨커피서울탑골공원점	cafe	126.98920	37.57196
메가엠지씨커피서울혜화초교점	cafe	127.00020	37.58717
메가엠지씨커피안국역점	cafe	126.98642	37.57717
메가엠지씨커피역점	cafe	126.97470	37.57129
메가엠지씨커피종각역점	cafe	126.98643	37.56995
메가엠지씨커피종로	cafe	126.99188	37.57101
메가엠지씨커피종로경희궁의아침점	cafe	126.97223	37.57261
메가엠지씨커피종로공평점	cafe	126.98272	37.57192
메가엠지씨커피종로구기점	cafe	126.95907	37.60674
메가엠지씨커피종로낙원점	cafe	126.98791	37.57379
메가엠지씨커피종로르메이에르점	cafe	126.97992	37.57085
메가엠지씨커피종로숭인점	cafe	127.01943	37.57436
메가엠지씨커피종로케이트윈	cafe	126.97902	37.57473
메가엠지씨커피종로평창점	cafe	126.96706	37.60646
메가엠지씨커피종로혜화경찰서점	cafe	126.99925	37.57256
메가엠지씨커피흥인지문공원점	cafe	127.01144	37.57209
메가커피안국역점	cafe	126.98653	37.57892
메가후르츠	cafe	127.00177	37.57805
메가후르츠경복궁역점	cafe	126.97268	37.57667
메노포에버	shop	126.98179	37.57253
메뉴엔소스	shop	126.98104	37.58167
메드북스	shop	126.99922	37.58612
메드스튜디오	shop	126.98972	37.57466
메드아웃도어종로	shop	127.00255	37.57048
메디오루스	stay	126.98906	37.58271
메디위드	shop	126.95658	37.60819
메디칼서울약국	shop	127.00153	37.58182
메디팜삼현약국	shop	126.97230	37.57171
메르뱅신문로지점	shop	126.97213	37.56964
메르시	food	126.99003	37.56971
메르시	cafe	126.99979	37.58738
메르젬쥬얼리	shop	126.99708	37.57235
메리그린	cafe	126.99908	37.58261
메리메리프레스	shop	127.00402	37.58142
메리앤제인	cafe	126.97387	37.57597
메리트주얼리	shop	126.99164	37.57069
메모리	food	126.99061	37.57175
메모리스테이	stay	126.96945	37.57655
메밀꽃필무렵	food	126.98702	37.57311
메밀란	food	126.98380	37.57402
메밀향그집	food	127.00067	37.58237
메비쥬	shop	126.99370	37.57022
메이	shop	126.97127	37.57909
메이가든	food	126.97223	37.57261
메이드	food	126.98429	37.56993
메이드	bar	126.98814	37.57335
메이드	bar	127.00683	37.57157
메이드마인무서순라길점	food	126.99226	37.57373
메이드바이발레리나	shop	126.98140	37.58209
메이드인계동	shop	126.98666	37.58119
메이드인러브	shop	126.99821	37.58370
메이드인북촌	shop	126.98474	37.58139
메이릴리	shop	126.98566	37.57286
메이비	shop	127.01520	37.57175
메이저텔레콤주	shop	126.99753	37.58413
메이제이	shop	126.99865	37.57144
메이크메이드	cafe	126.98952	37.58192
메이플레이스	stay	126.99875	37.57611
메이플투자원	food	127.00326	37.58248
메인	shop	126.99971	37.57012
메인페이지	shop	126.99768	37.57403
메종	shop	126.98582	37.57325
메종그레이스	shop	126.98533	37.58215
메종드그루	bar	126.97367	37.57926
메종드미아뜰리에	shop	126.99865	37.57144
메종드서촌	stay	126.97188	37.57713
메종드소시송	food	126.97069	37.58336
메종드스테이	stay	126.98114	37.57809
메종드이네스	shop	126.98915	37.58304
메종드피폴라	cafe	127.00076	37.58198
메종아카이	food	126.99966	37.58321
메종프롬네르	stay	126.99356	37.59037
메종호텔	stay	127.02264	37.57745
메카옴므	shop	127.00041	37.57063
메타펫연구소	shop	127.01503	37.57736
메핏	cafe	126.99897	37.57295
멕시	shop	126.99928	37.58190
멕시칸제일	bar	127.01114	37.57370
멘노아지	food	126.98055	37.57062
멘야산다이메	food	126.99972	37.58180
멘츠루	food	126.98253	37.57232
멘츠루	food	126.99979	37.58201
멜로디스	food	126.98179	37.57253
멜로우레몬	food	126.98230	37.58473
멜팅그릴	food	126.95593	37.60098
멜팅샵	food	126.97891	37.57100
멜하바	shop	126.98626	37.57434
멧돼지	shop	126.99971	37.57012
면옥	food	126.97488	37.56973
면을품은오구닭	food	127.01366	37.57189
멸치와국수이야기	food	127.01835	37.57149
명가	food	126.97333	37.57537
명가양갈비	food	126.98507	37.56937
명가원	shop	126.98208	37.57513
명기획	cafe	127.00253	37.58753
명김밥	food	127.01069	37.57502
명도전자	shop	126.99524	37.56929
명동구제	shop	127.01644	37.57110
명동닭한마리	food	127.00589	37.57035
명동닭한마리지경자	food	127.00598	37.57035
명동도면	food	127.00028	37.58594
명동면옥	food	126.98582	37.57325
명동보리밥과코다리	food	126.98537	37.57380
명동분식	food	127.00233	37.57594
명동찌개그리고고기	food	127.00377	37.57212
명동찌개마을	food	126.99025	37.57081
명동찌개마을	food	126.99046	37.56988
명동칼국수	food	127.00683	37.57200
명동칼국수	food	127.02138	37.57420
명동칼국수	food	127.00332	37.57593
명동칼국수	food	127.00597	37.57023
명동칼국수샤브샤브종로평창점	food	126.96901	37.60686
명동할머니국수청계	food	126.97914	37.56949
명란식당	food	126.96504	37.59286
명랑시대쌀핫도그	food	126.98998	37.57005
명륜감자탕	food	127.00033	37.58227
명륜골삼겹살	food	126.99664	37.58610
명륜닭꼬치	food	126.99947	37.58814
명륜동식당	food	127.00121	37.58264
명륜빌리아드클럽	activity	126.99692	37.58637
명륜손칼국수	food	126.99887	37.58943
명륜시장약국	shop	126.99678	37.58769
명륜안경	shop	126.99870	37.58331
명륜진사갈비	food	126.99671	37.58549
명륜진사갈비관철점	food	126.98676	37.56902
명륜진사갈비동묘점	food	127.01323	37.57258
명륜진사갈비서울구기점	food	126.95762	37.60819
명륜쭈꾸미	food	126.99715	37.58408
명륜판면	food	126.99744	37.58462
명륜포차	bar	127.00136	37.58322
명륜화원	shop	126.99751	37.58921
명림농원	shop	127.00644	37.57134
명문악기사	shop	126.98765	37.57222
명문약국	shop	126.95770	37.57494
명문주단	shop	126.99971	37.57012
명보상회	shop	126.99967	37.57048
명분	food	126.99743	37.58513
명불허전원조골뱅이	food	126.98428	37.56971
명불허전원조골벵이	food	126.98507	37.56937
명상센터공감	activity	126.96459	37.59836
명선화장품	shop	127.00006	37.57088
명성	shop	127.00288	37.57051
명성기원	activity	126.99031	37.57060
명성식당	food	127.00678	37.57221
명성신발	shop	127.01151	37.57042
명성아쿠아	shop	127.01509	37.57012
명성악기	shop	126.98790	37.57276
명성안경	shop	127.00170	37.57024
명성안경	shop	127.01051	37.57506
명성전기	shop	126.99320	37.56869
명성전기유통주	shop	126.99914	37.57275
명성할인마트	shop	127.01252	37.57391
명신당	shop	126.98571	37.57359
명신당필방	shop	126.98572	37.57359
명신식당	food	126.99714	37.58423
명원숯불갈비	food	126.96010	37.57320
명은사	shop	126.99708	37.57235
명인	shop	126.98604	37.57042
명인뜰채퓨전집	food	127.00514	37.57070
명인보석	shop	126.99786	37.56975
명인수제화제작소	shop	127.02160	37.57378
명일사	shop	126.99708	37.57235
명작스케치	shop	126.98914	37.57060
명작신의주찹쌀순대	food	126.96858	37.57465
명장지가	shop	126.98629	37.57450
명장지가	cafe	126.98647	37.57492
명주공방	activity	126.98930	37.58328
명주실크	shop	126.99967	37.57048
명진	bar	127.00516	37.57214
명진유리	shop	126.99673	37.58679
명참치	food	126.98965	37.57601
명품보청기	shop	127.01686	37.57354
명품아울렛	shop	126.99200	37.57114
명품푸라쟈	shop	127.01933	37.57210
명품황소곱창	food	126.98601	37.56966
명홍	food	126.97859	37.61187
명화길	shop	126.98723	37.57189
명희황금손	shop	127.01218	37.57051
모가지	food	126.99276	37.57010
모꼬지	stay	126.99972	37.59075
모꼬지장	food	126.98525	37.57502
모네	food	126.97333	37.57537
모녀김밥	food	126.99971	37.57012
모녀김밥	food	127.00111	37.57028
모녀김밥	shop	127.01434	37.57532
모녀김밥육회빈대떡	food	127.00112	37.57028
모녀칼국수	food	126.99971	37.57012
모노로그인사점	shop	126.98643	37.57239
모노마키	shop	126.98688	37.58161
모노커피	cafe	126.99999	37.58225
모노하서촌	shop	126.97216	37.57955
모녹	food	126.98175	37.58041
모닝글로리경복궁점	shop	126.97288	37.57669
모닝글로리창신점	shop	127.01383	37.57160
모담	food	126.97199	37.56871
모담	stay	126.99650	37.58425
모던김밥	food	126.97324	37.57641
모던김밥스페이스본	food	126.96858	37.57465
모던밥상	food	126.96862	37.57456
모던빈티지	shop	127.01855	37.57198
모던키친	food	126.97382	37.57651
모던팩토리	cafe	126.98683	37.58098
모던하우스	stay	126.99742	37.58376
모던화랑	heritage	126.98536	37.57398
모도우	food	126.97978	37.57545
모두다	food	126.98969	37.57371
모두의주막	food	126.99853	37.58350
모두주얼리	shop	126.99031	37.57060
모둠삼방인사점	shop	126.98582	37.57325
모드의집	stay	127.00483	37.58321
모든오피스성지문구	shop	127.00369	37.57285
모든중고구제	shop	127.01855	37.57184
모들	shop	126.99839	37.57144
모뜨	food	126.97509	37.61177
모란나비	shop	126.98438	37.57470
모란커피	cafe	126.97441	37.57136
모랑광화문	food	126.98125	37.57321
모루카츠	food	126.97992	37.57085
모리스	shop	126.97832	37.61342
모리안	stay	127.00099	37.57870
모리커피	cafe	127.00281	37.58186
모리커피종로	cafe	126.98914	37.57060
모먼트텍스타일	shop	127.00732	37.57070
모멘토	shop	126.99193	37.57190
모멘토호스텔종로	stay	126.98457	37.56930
모모스테이션	activity	126.98627	37.56947
모모스테이션광장	activity	127.00140	37.57029
모모스테이션익선동점	activity	126.98931	37.57267
모모아플라워스튜디오	shop	126.96946	37.57675
모모코	food	126.97429	37.57203
모민	food	127.00426	37.58198
모베터블루	cafe	127.00400	37.58305
모브	cafe	126.96980	37.57524
모색	shop	126.97036	37.57766
모세음향	shop	126.98765	37.57222
모스보	cafe	126.99689	37.58604
모시	shop	126.97117	37.58146
모시향기	shop	126.99971	37.57012
모아늑	food	126.97110	37.58160
모아커텐	shop	127.00732	37.57070
모암잡화점	shop	126.98858	37.56907
모연키친그라운드플로어	shop	126.97129	37.58363
모연한복	shop	126.97058	37.57629
모우	bar	126.98922	37.57087
모이세	food	126.98877	37.57165
모이소한마리정육식당	food	126.98988	37.57001
모인화랑	heritage	126.98574	37.57440
모토이시	food	126.98507	37.56924
모퉁이네	food	126.98666	37.58031
모퉁이에숨겨둔	shop	126.96820	37.58047
모티집	food	127.00468	37.57808
모화하우스	stay	127.02237	37.57641
목계정	food	126.95605	37.60932
목단한정식	food	126.98179	37.57253
목석정	food	126.98113	37.58312
목시	stay	126.98934	37.57230
목식당	food	126.96567	37.59325
목양성구사	shop	127.00049	37.57451
목우촌	food	126.99638	37.58713
목우촌경희궁교남점	shop	126.96511	37.56886
목우촌숯불갈비	food	126.99640	37.58718
목원	food	127.00386	37.57144
목원의서촌가락	food	126.96920	37.57988
목포곱창	food	127.00496	37.57049
목포낙지마을	food	127.01606	37.57110
목포세발낙지	food	126.96959	37.57755
목포식당	food	127.00995	37.57369
목포집	food	126.98997	37.57585
목포홍탁	food	127.01640	37.57463
목포횟집	food	127.01100	37.57318
몬드포레	shop	127.00177	37.58698
몬스터	bar	126.99053	37.57134
몬스터샐러드	food	126.99865	37.57144
몬스터짐	activity	126.97059	37.57393
몬스터헝그리덮밥	food	126.99766	37.58468
몰리	shop	126.98552	37.57020
몰리또	food	127.00025	37.58175
몰림	food	126.97049	37.57567
몽롱	food	126.98507	37.56937
몽마르뜨숭인	stay	127.01893	37.57574
몽마르언덕	food	127.01119	37.58042
몽블랑솜익선동카페	cafe	126.99020	37.57354
몽쉐프	food	126.96928	37.57260
몽연한복	shop	126.98623	37.57946
몽유	stay	126.97062	37.57726
몽유도원석송정	food	126.96272	37.59416
몽중헌	food	126.97436	37.57298
몽컴퍼니	shop	127.00356	37.57443
몽키스돈가스광화문	food	126.97360	37.57446
몽테뉴	food	126.98737	37.57928
몽호텔	stay	126.98848	37.56887
묘한빵집	food	126.96584	37.59241
무강	food	126.98971	37.56879
무계원	activity	126.96361	37.59179
무교동낙지	food	126.97946	37.57165
무교동유정낙지	food	127.00152	37.58224
무교삼계탕	food	126.98471	37.57264
무구옥안국	food	126.97991	37.57640
무궁화	cafe	127.02261	37.57836
무궁화다섯	food	126.97441	37.57136
무궁화동산	nature	126.97216	37.58431
무궁화반점	food	127.00215	37.57139
무궁화별	shop	126.97195	37.57746
무궁화어패럴	shop	126.97007	37.56857
무노공방	shop	126.96871	37.57747
무드벨벳	shop	126.96708	37.58086
무드인디고	food	126.99204	37.57421
무띠	stay	127.01343	37.57276
무띠코지	stay	127.01343	37.57276
무루젤라또	food	126.99140	37.57450
무림당구장	activity	126.98672	37.56945
무림만화카페	cafe	126.98672	37.56945
무목	food	126.96492	37.58174
무무돈까스	food	126.97488	37.56973
무봉리토종순대국	food	126.97421	37.57364
무봉리토종순대국	food	127.01516	37.57824
무브먼트하우스	activity	126.98416	37.56993
무사히	food	126.96597	37.58147
무슈르블랑	shop	126.96992	37.58373
무심헌	cafe	126.99225	37.57379
무쏘	food	126.98618	37.56907
무아	bar	126.98939	37.57120
무아	shop	126.99708	37.57235
무아	shop	126.99049	37.57324
무아린	shop	127.01481	37.57029
무아타	food	126.95411	37.60176
무아플라워	shop	126.96845	37.58072
무에	cafe	126.98664	37.58086
무엘로	shop	126.98718	37.57239
무우무우	shop	127.00607	37.57303
무월관	stay	126.98362	37.57730
무위낙원	food	126.98934	37.57345
무이	shop	127.01313	37.57467
무인아이스크림할인점	shop	127.01225	37.57694
무인양품	shop	126.98218	37.56967
무일아이엔씨	shop	126.99816	37.58398
무제	bar	127.00754	37.57349
무제스시	food	127.00059	37.58187
무지개	bar	127.01069	37.57215
무채솥뚜껑생삼겹살	food	127.00128	37.58414
무츄백	shop	126.96202	37.57639
무탄에프앤비	food	126.97213	37.56964
무판썬그라스	shop	127.01520	37.57175
무한리필고기굼터	food	127.01060	37.57272
묵찌	bar	126.98627	37.56947
묵해	shop	126.98275	37.58492
문가네	food	127.01430	37.57211
문경새재	cafe	127.01098	37.57126
문경올드	food	126.98523	37.57306
문구	shop	127.00809	37.57082
문릿	shop	127.01520	37.57175
문문	food	127.01857	37.57447
문방사우	shop	126.99312	37.58722
문성사	shop	126.99102	37.57357
문성사	shop	126.99708	37.57235
문스테이	stay	126.96108	37.57366
문어문구	shop	126.98642	37.58028
문옥션	shop	126.98775	37.57395
문우서림	shop	126.98318	37.57416
문우약국	shop	126.98582	37.57672
문정골드	shop	126.99253	37.57102
문정문화예술연구소	shop	126.98388	37.57395
문할로커피로스터즈	cafe	126.97057	37.57933
문향재	cafe	126.98317	37.57934
문화공간길담	shop	126.96967	37.58173
문화공간아리랑	cafe	126.98167	37.58183
문화공간온협동조합	bar	126.98604	37.57042
문화노래짱유흥주점	bar	127.01609	37.57149
문화동행아티스	activity	127.00462	37.57981
문화미래포럼사	activity	127.00066	37.58245
문화수제비	food	126.97429	37.57203
문화제빵	food	126.99087	37.57427
물결식당	food	126.99702	37.58464
물고기자리	food	126.95807	37.60726
물과공기갤러리	shop	126.99768	37.57403
물랑	food	126.97190	37.58148
물자리	food	126.98152	37.57189
뭉치	food	127.01562	37.57694
뭉치바위	food	126.98872	37.57948
뭐든지	cafe	127.01001	37.57669
뭐든지책방	shop	127.01001	37.57669
뮤아트	shop	126.98626	37.57464
뮤잿즈	shop	127.00709	37.57293
뮤직가든	food	126.95761	37.60818
뮤직스테이션	shop	126.98765	37.57222
뮤직웍스	shop	126.98988	37.57209
뮤직킹	shop	126.98715	37.56863
뮤직파워노래연습장	activity	126.98739	37.56948
뮤추얼사운드클럽	bar	126.97148	37.57809
뮤토테일러	shop	126.99843	37.57107
뮤통	cafe	126.97108	37.58537
뮬랭듀몽드	food	126.96732	37.58071
므스크	shop	126.97223	37.58064
미가도시락	food	126.97421	37.57364
미가라멘	food	127.00268	37.58400
미가엘	shop	126.98765	37.57222
미각재한수화상회	food	126.98047	37.57210
미갈매기살	food	126.99124	37.57292
미고공방	shop	126.98460	37.57985
미고스테이	stay	126.99818	37.58554
미광사	shop	126.99708	37.57235
미그웨치	shop	127.00029	37.58321
미금장	shop	126.99708	37.57235
미끼	shop	126.98416	37.57432
미나나	shop	127.01698	37.57131
미노	bar	126.98917	37.57293
미뇽빈티지	shop	127.01943	37.57249
미누재	stay	126.97082	37.57671
미누재	stay	126.96984	37.58284
미니골드	shop	126.98633	37.56995
미니마트	shop	127.01623	37.57022
미니명품관	shop	127.01982	37.57256
미니소	shop	127.00281	37.58161
미니스톱세종문화회관점	shop	126.97427	37.57248
미니스톱인왕산파크점	shop	126.95739	37.57633
미니식품	shop	126.99524	37.56929
미니어처룸	shop	126.98678	37.58294
미니어처아카데미	shop	127.00049	37.58616
미니잡화	shop	127.01480	37.57257
미니찻집	cafe	127.00689	37.57054
미니한옥모던	stay	126.98740	37.57999
미단	shop	126.98723	37.57189
미담	food	126.96596	37.59292
미담	stay	126.98635	37.58061
미담	food	126.98844	37.56936
미당순두부	food	126.98815	37.56875
미도공예사	shop	127.00117	37.56991
미도라	shop	126.99919	37.57045
미도식당	food	126.97421	37.57364
미도이안	shop	126.99971	37.57012
미도인대학로	food	127.00035	37.58187
미도인종로	food	126.98361	37.57074
미도주단	shop	126.99989	37.57057
미도푸드	food	126.98601	37.56874
미동	food	127.00386	37.57144
미드메	food	126.97175	37.57928
미드앤로우	shop	126.96925	37.58129
미디랜드주	shop	126.98765	37.57222
미디어버스	shop	126.96955	37.58213
미디어스틴트	shop	126.96868	37.59493
미라벨컴퍼니	shop	126.97180	37.58014
미라보	cafe	126.97140	37.57781
미라클샌드위치	food	126.97333	37.57537
미락김밥	food	127.00442	37.58068
미락웰빙한식	food	127.00335	37.57063
미락치킨경복궁	bar	126.97189	37.57764
미락한식뷔페	food	126.98938	37.57184
미래	shop	127.00732	37.57070
미래	food	127.00809	37.57082
미래소리	shop	126.98765	37.57222
미래식품	shop	127.01983	37.57576
미래에셋	shop	126.99708	37.57235
미래에셋호텔	stay	126.97539	37.57070
미래주얼리	shop	126.99290	37.57226
미래직물	shop	127.00809	37.57082
미러볼커피스탠드	cafe	126.99763	37.57501
미로화방	shop	126.98642	37.57317
미르	shop	126.98488	37.57426
미르	shop	126.99175	37.57115
미르텔레콤	shop	127.01238	37.57245
미리내	shop	126.98506	37.57341
미림	shop	126.99708	37.57235
미마미	cafe	126.98113	37.58312
미미대구왕뽈찜	food	126.96519	37.56805
미미미하우스	cafe	126.98070	37.58268
미미스테이	stay	127.01507	37.57870
미미스테이	stay	126.95965	37.60315
미보	shop	126.99247	37.57074
미보랑	shop	126.99708	37.57235
미보체인	shop	126.99123	37.57102
미분당	food	126.99852	37.58249
미산의료기	shop	126.96511	37.56886
미선포차	food	127.00492	37.57060
미성	food	126.98913	37.57639
미성박스	shop	127.00302	37.57013
미성쥬얼리	shop	126.99328	37.57076
미성쥬얼리	shop	126.99710	37.57098
미센스	shop	126.98531	37.57058
미소	food	126.97265	37.57702
미소	shop	127.02297	37.57684
미소식당	food	127.01800	37.57242
미소식당	food	126.99273	37.57276
미소쌀국수	food	126.97441	37.57136
미소안경보화보석	shop	127.00071	37.57129
미소지어	shop	127.01628	37.57520
미솔	shop	126.99865	37.57144
미솜하우스	stay	126.98413	37.56922
미술관	food	126.99729	37.58427
미술관고깃집	food	126.98522	37.56966
미술관옆돈가스	food	126.98208	37.57934
미술관옆집	shop	126.97349	37.57723
미술은행동숭갤러리	shop	127.00082	37.58412
미쉐	cafe	126.99842	37.58322
미쉬매쉬	food	126.98914	37.57966
미스맥	shop	126.97331	37.57897
미스사이공	food	127.00418	37.58076
미스사이공	food	126.99064	37.57332
미스타교자혜화점	food	126.99923	37.58371
미스터라멘	food	126.97488	37.56973
미스터브리즈커피	cafe	126.95835	37.57474
미스터순두부	food	127.00130	37.57150
미스터야식왕	food	127.01416	37.57305
미스터용차이나버거	food	126.99832	37.58333
미스터해피샌드위치	food	126.99763	37.57501
미시엔	food	126.97488	37.56973
미식사전	food	126.98179	37.57253
미식여행	food	126.99123	37.57102
미앤갤러리	shop	126.97235	37.57952
미어캣파크	activity	127.00281	37.58162
미에뜨	shop	126.98245	37.58512
미오갤러리	shop	126.98384	37.56902
미오리	shop	126.98309	37.57884
미오하우스	stay	127.00794	37.57560
미오홈	stay	127.00796	37.57548
미옥육회	food	127.00116	37.57021
미운돌멩이	bar	126.98140	37.57196
미원터닝침구	shop	126.99971	37.57012
미유	food	126.96892	37.57957
미은당	bar	126.96527	37.59281
미의재	stay	126.96551	37.57980
미정여관	stay	126.99001	37.57074
미주사	shop	126.99874	37.56993
미주얼리	shop	126.99123	37.57102
미즈여성코스메틱	shop	127.01483	37.57310
미지컨설팅익선지점	cafe	126.99012	37.57336
미진	food	126.97994	37.57090
미진사	shop	126.99708	37.57235
미진주	food	126.97992	37.57085
미채	food	127.01056	37.57264
미치루	food	126.97899	37.57391
미친닭	food	126.98524	37.56936
미카야	food	126.97333	37.57537
미카엘킴	stay	126.96006	37.59732
미크플로	cafe	127.00170	37.56987
미투리	shop	126.98933	37.56977
미트미츠	food	126.96812	37.60684
미트볼라운지	food	126.98167	37.58334
미페이스트리	shop	126.97119	37.57922
미하누	shop	127.01623	37.57022
미하우스	stay	127.02295	37.57708
미해피데이	food	127.02166	37.57428
미향아구찜	food	127.00085	37.58436
미향한정식	food	126.97102	37.57480
미호	shop	127.02238	37.57459
미화뷰티샵	shop	126.99123	37.57102
미화조류	shop	127.01509	37.57012
미화패션	shop	127.01097	37.57262
미화화장품	shop	127.00955	37.57041
미흥	food	126.97566	37.57112
믹스앤몰트	food	126.99821	37.58310
민경	shop	126.99708	37.57235
민규당바이버틀러리	stay	126.96920	37.58085
민들레	bar	126.99254	37.56961
민들레전통찻집	food	126.98502	37.57366
민들레처럼	bar	127.00211	37.58309
민소한우정상	food	126.98111	37.56984
민속화전통장신구	shop	127.00062	37.56966
민스미디어	shop	126.99889	37.58723
민약국	shop	126.97086	37.57493
민영유통	shop	126.98194	37.58602
민족문화포럼주	shop	126.95696	37.60805
민주얼리	shop	126.99004	37.57058
민지패션	shop	127.01836	37.57112
민트	shop	126.99786	37.56975
민트	shop	127.01194	37.57008
민트문	shop	126.98531	37.57058
민한복	shop	126.99865	37.57144
민화원	shop	126.98646	37.57457
민희주단	shop	127.00022	37.57063
믿음약국	shop	127.01465	37.57302
밀가	food	126.99602	37.58792
밀가랑칼국수	food	126.97429	37.57203
밀과보리	food	126.98749	37.57948
밀라노베이커리	food	127.00478	37.57701
밀라커피	cafe	127.01353	37.58005
밀레니엄	shop	127.00191	37.57091
밀레니엄고시원	stay	127.01087	37.57103
밀레니엄폼	cafe	127.00067	37.58534
밀레삼청	shop	126.98062	37.58131
밀롱가	food	126.96414	37.59532
밀림	food	127.01166	37.57595
밀사랑칼국수	food	126.99865	37.57144
밀양손만두	food	126.98654	37.57916
밀크로지커피안국역점	cafe	126.98347	37.57666
밀크마트	shop	127.01203	37.57251
밀크바	bar	126.97084	37.57871
밀크티어터	cafe	127.01194	37.57008
밀키프레소	cafe	126.97950	37.57208
밀포유인	food	126.98588	37.57403
밀회관	food	127.00036	37.58350
밈	shop	126.96981	37.57716
밍글	bar	126.99102	37.57357
바나나	bar	126.99098	37.57376
바나나	bar	127.00378	37.57129
바나나팜스	shop	127.01139	37.57080
바나프레소	cafe	126.97950	37.57208
바나프레소서울	cafe	126.99832	37.58333
바나프레소역점	cafe	126.97427	37.57248
바냐라평창점	shop	126.96626	37.60549
바논	bar	126.97316	37.57297
바니골드	shop	126.99865	37.57144
바닐라스카이	cafe	127.00648	37.57066
바닷가작은부엌경희궁점	food	126.96976	37.56837
바두바투주	stay	126.98064	37.57783
바디스테이션	activity	126.98512	37.56883
바디채널혜화점	activity	127.00060	37.58579
바디첼린저	activity	126.96723	37.60618
바라	bar	126.97179	37.57327
바라산	shop	126.97992	37.57085
바라캇갤러리	shop	126.98065	37.58086
바라프레소종각센트로폴리스점	cafe	126.98355	37.57157
바람부는섬	cafe	126.98677	37.57251
바렌티노	bar	126.98871	37.57292
바로덮밥	food	127.01514	37.57465
바로약국	shop	126.98144	37.57096
바로이맛	food	126.98844	37.56936
바로잉크	shop	127.00518	37.56993
바로코	shop	126.99971	37.57012
바로코	shop	126.98723	37.57189
바루	food	126.98318	37.57394
바르다김선생	food	126.97313	37.57377
바르도	bar	126.97331	37.57186
바른무릎운동센터	activity	126.97007	37.57291
바른약국	shop	127.00181	37.57923
바른치킨종로	food	126.98914	37.57060
바미	shop	126.99123	37.57102
바바	bar	127.00601	37.57166
바바리아	shop	126.97101	37.58037
바바프레즌트	shop	127.00207	37.58398
바밤	bar	127.00619	37.57200
바버샵	shop	126.97205	37.58013
바뷰	bar	126.99343	37.57201
바스타	food	127.00049	37.57225
바오바오	shop	126.98482	37.58138
바오쁘띠베르	food	126.97223	37.57261
바오쯔	food	127.00140	37.58650
바운드리스바이비어드	bar	126.98268	37.57902
바이더포트리스	stay	127.00900	37.57650
바이미디저트	cafe	127.00080	37.58298
바이바이올	shop	127.01382	37.57341
바이소	shop	126.98859	37.57422
바이슐	shop	126.99865	37.57144
바이아미띠에	shop	127.01067	37.57006
바이와이제이	shop	126.98055	37.57062
바이인터내셔널	shop	126.99012	37.57321
바이트바이바이트	bar	126.96914	37.58027
바이향	shop	126.98084	37.58154
바인악기	shop	126.98765	37.57222
바지락칼국수	food	126.98465	37.57657
바지로	food	126.96891	37.57858
바탕골소극장	heritage	127.00257	37.58186
바트생활문화서비스	shop	126.97886	37.56982
바틀데이	shop	126.97579	37.57155
바틀매니아	bar	126.98179	37.57253
바틀비틀	food	126.96477	37.60486
바해	stay	126.99147	37.57353
바흐르서울	food	126.97104	37.57525
박가네	food	127.00518	37.57044
박가네웰빙	shop	126.99971	37.57012
박가네육회	food	127.00087	37.57048
박가네푸드시스템	food	127.00086	37.57054
박광일참치	food	126.97200	37.57842
박달재	bar	126.98920	37.57196
박리분식	food	127.02202	37.57783
박사네갈비	food	126.98706	37.57243
박석고개	food	126.99957	37.58177
박선영전통한복연구실	shop	127.00423	37.57616
박성재시계	shop	126.99708	37.57235
박수아부띠끄	shop	126.99989	37.57057
박영숙요	shop	126.98609	37.57336
박외수미술관	shop	126.98878	37.57448
박창숙콜랙션	shop	127.00955	37.57041
박카스	bar	126.98476	37.56928
박학다식	food	126.99072	37.57375
반가	food	126.97062	37.57559
반고커피	cafe	127.00564	37.57526
반구정민물장어	food	127.01528	37.57253
반궁종각역점	food	126.98361	37.57074
반기다	food	126.98928	37.57364
반니지	shop	126.99865	37.57144
반다지	cafe	126.97044	37.57981
반도꽃방	shop	126.97223	37.57261
반도몰	shop	126.98765	37.57222
반도전자	shop	126.99524	37.56929
반디링	shop	127.00142	37.57504
반디소리	food	126.97054	37.57662
반디수블	bar	126.97058	37.58072
반반	bar	126.99084	37.57273
반석	shop	126.99786	37.56975
반석전자	shop	127.01853	37.57189
반수우안	food	127.00354	37.58249
반월식품	shop	127.01410	37.57189
반저	food	127.00290	37.58306
반주	food	126.99029	37.57367
반쥴	cafe	126.98618	37.56907
반쥴로프트	bar	126.98618	37.56907
반지만들기	shop	127.00268	37.58400
반짝반짝빛나는	cafe	126.98614	37.57335
반찬나라	shop	127.01543	37.57406
반쿤콴	food	126.98430	37.56915
반타아뜰리에	shop	127.00434	37.58111
반포식스	food	127.00399	37.58169
반포식스	food	126.97600	37.57063
반한닥	food	126.98208	37.57934
발렁스	cafe	126.98684	37.57950
발로렘커피	cafe	126.97421	37.57364
발리	food	127.00404	37.57154
발리	bar	127.00412	37.57072
발리	bar	127.02200	37.57414
발리노래팡	bar	127.01991	37.57395
발리투	bar	127.00412	37.57072
발리호프원	bar	127.01062	37.57205
밝고아름답게	bar	126.96539	37.59492
밤비네	shop	127.01460	37.57504
밤비라벨르	stay	127.01979	37.57559
밤이면밤마다	food	127.01475	37.57198
밤차	bar	127.00428	37.57060
밥도사술도사	food	126.98835	37.57217
밥시술시	food	126.99991	37.57239
밥은화	food	126.99487	37.58891
밥이랑면이랑	food	127.01931	37.57355
밥주면	food	126.97421	37.57364
밥풀다락솥	food	126.98892	37.57681
밥플러스	food	126.96798	37.58045
방가네마트	shop	127.02181	37.57585
방물	shop	126.96664	37.60663
방배대구막창갈매기살	food	127.00079	37.58280
방식꽃예술원	shop	127.00190	37.57813
방씨네금방	shop	126.99708	37.57235
방아다리감자국	food	127.00459	37.57279
방울과꼬막대림장종로	food	126.99125	37.57484
방이옥	food	126.98478	37.56944
방자네산골물	food	126.98431	37.57517
방태막국수인사점	food	126.98631	37.57325
배떡	food	126.98475	37.57985
배리김치	shop	126.98156	37.58193
배부장찌개	food	127.00168	37.57172
배수사	food	126.99049	37.57470
배스킨라빈스	food	126.98806	37.56973
배스킨라빈스	food	126.96723	37.60618
배오개	food	127.00813	37.57798
배우는술	food	126.99905	37.58241
배키욘방익선	food	126.98986	37.57368
배트맨노래팡	activity	126.99960	37.57189
백경	shop	126.99708	37.57235
백그라운드아트웍스	shop	126.97048	37.61416
백그라운드아트웍스	shop	126.98126	37.58041
백남옥달인손만두	food	126.97265	37.57678
백년가짬뽕	food	126.97899	37.57391
백년건강음료	cafe	126.98905	37.57123
백년두유	food	126.96163	37.57172
백년토종삼계탕	food	126.98469	37.58060
백동당구장	activity	126.99928	37.58642
백련	shop	126.98657	37.57321
백련의상만물사	shop	126.99073	37.57474
백령도횟집	food	126.96983	37.58374
백마강	food	127.00648	37.57203
백미당	food	126.98027	37.58015
백미향마라탕명륜점	food	126.99716	37.58938
백부장집	food	126.98269	37.57182
백빵집	food	126.98930	37.58186
백사실계곡	nature	126.96633	37.60043
백산아트앤네트워크	shop	126.98473	37.58227
백산필방	shop	126.98633	37.57267
백상매점	shop	126.98523	37.57306
백상식품	shop	126.98523	37.57306
백상점	shop	126.96373	37.59625
백성국밥	food	127.01118	37.57378
백세반찬	shop	127.01194	37.57008
백소정	food	126.98591	37.56895
백소정	food	126.97313	37.57377
백송	shop	126.98458	37.57954
백송갤러리	shop	126.98530	37.57330
백송표구	shop	127.00006	37.57088
백수약국	shop	127.00378	37.57129
백스트리트피자	food	126.98988	37.57209
백아트	shop	126.98297	37.57909
백악마루	nature	126.96950	37.59390
백악미술관	heritage	126.98415	37.57369
백악정	heritage	126.97687	37.58090
백암박가네순대국	food	126.97105	37.57920
백양사	shop	127.00103	37.56991
백억커피	cafe	127.00191	37.57865
백억커피동묘앞역점	cafe	127.01596	37.57453
백운당표구사	shop	126.98357	37.57494
백인제가옥	heritage	126.98414	37.58047
백제고기나라	food	126.98908	37.57239
백제고기집	food	127.00369	37.57261
백제고기집	food	127.00404	37.57266
백제노래장	bar	127.00377	37.57212
백제당구장	activity	127.00378	37.57183
백제로컬푸드	shop	127.00041	37.58624
백제식당	food	126.99473	37.56946
백제장	stay	127.00490	37.57160
백조	shop	126.99971	37.57012
백조씽크	shop	127.01574	37.57617
백채김치찌개신설동점	food	127.02155	37.57435
백피트	food	126.97477	37.57049
백화밀	cafe	126.96747	37.59622
백희서울	food	126.98950	37.57566
밸류플레이스	stay	127.01609	37.57149
밸류플레이스	stay	126.98601	37.56966
뱃살도둑	food	126.98179	37.57253
뱅	food	126.98669	37.57344
뱅가드와인머천트광화	shop	126.97199	37.56871
뱅뱅	shop	127.01070	37.57193
뱅뱅	shop	127.00468	37.57078
버거드조선	food	126.97051	37.57560
버거리종각역점	food	126.98473	37.57047
버거킹	food	126.98047	37.57256
버거파크	food	127.00137	37.58217
버니쥬얼리	shop	126.99236	37.57074
버드케이지	bar	126.99128	37.57214
버블몬익선점	shop	126.99057	37.57369
버켄문화센터스페이스코르	cafe	127.00162	37.57293
버터룸	food	127.02234	37.57620
버터풀앤크리멀러스광화문디	food	126.97891	37.57100
버터하우스	food	126.98959	37.57312
버틀러리브릭스	stay	126.99805	37.58344
벅벅	food	126.99479	37.58915
번앤버니	food	126.97429	37.57203
번영실크	shop	126.99967	37.57048
번지	food	126.98589	37.56864
번지없는주막	food	126.99177	37.57314
번창사	shop	126.99708	37.57235
번트서울	bar	126.99486	37.56887
벌교영양추어탕	food	126.99577	37.58814
벌브	shop	127.00723	37.57785
벌새	cafe	126.97298	37.57135
벌툰	cafe	127.00373	37.58161
벌툰	cafe	126.98707	37.56966
범구사	shop	126.98446	37.57441
법대상회	shop	127.00324	37.57682
법원	bar	126.98737	37.57928
법인슬로우박스	shop	126.98734	37.57970
법인향원	shop	126.96777	37.59628
벙커	food	126.98997	37.57128
벙커당구장	activity	126.95761	37.60818
베네데프	shop	126.98845	37.57710
베네치아옴므	shop	126.99708	37.57235
베네폴디자인그룹	shop	127.00512	37.57084
베니스낙타	shop	126.98441	37.58168
베데스다식당	food	126.98523	37.57306
베란다	cafe	126.97054	37.57537
베럴짐	activity	126.97316	37.57297
베로니카	shop	127.02204	37.57756
베로니크	shop	126.95703	37.61430
베르니	cafe	126.97331	37.57186
베르사유	activity	126.97287	37.57638
베르씨빌라쥬서울	shop	126.96685	37.58097
베리시안국	shop	126.98448	37.57919
베리제인	shop	127.01206	37.57138
베리짐	activity	127.01596	37.57453
베리코퍼레이션	cafe	127.00478	37.58232
베바치화덕	food	126.97412	37.57105
베버	food	126.96511	37.56886
베베키즈	shop	126.99819	37.57421
베세토까페에서지점	cafe	126.97678	37.57163
베세토주	shop	126.97678	37.57163
베스킨라빈스	food	127.01600	37.57405
베스톤	shop	126.99186	37.57233
베스트	shop	126.99031	37.57060
베스트금거래소	shop	126.99282	37.57155
베스트로또	activity	127.01517	37.57812
베스트베이프	shop	126.99932	37.58322
베스트브랜드	shop	126.99830	37.57399
베스트빈	cafe	127.01503	37.57736
베스티스컴퍼니	shop	126.97283	37.57885
베스티지	shop	127.01933	37.57210
베어	cafe	126.97113	37.58285
베어스타코	food	127.01343	37.57276
베이글랜드	food	126.98660	37.57811
베이스캠프	food	126.98917	37.57293
베이직앤드유니크	shop	127.01139	37.57080
베이징코야주	food	126.98052	37.57437
베이커리립	food	126.95860	37.57438
베이커리아궁	food	126.98323	37.56938
베이커리화수분	food	127.00144	37.57656
베이킹도우	food	126.98910	37.57882
베테카텐	food	126.98131	37.58375
베트남노상식당	food	127.00188	37.57822
베트남슈퍼	shop	127.01083	37.57296
베트남쌀국수	food	127.01060	37.57239
베트남쌀국수포항	food	127.01194	37.57240
베트남전쟁피해자지원협회	food	126.98896	37.57495
베틀가	shop	126.98620	37.57312
벤츠	bar	126.98409	37.56932
벤치아	food	126.99139	37.57237
벤틀리	bar	127.00678	37.57221
벤티프레소	cafe	126.97488	37.56973
벤프	food	126.99598	37.58805
벨기에브뤼셀프라이	food	126.99006	37.57286
벨라도나	shop	126.98196	37.57868
벨로엔주얼리	shop	126.99290	37.57226
벨벳문	cafe	126.96969	37.57777
벨빌	shop	126.96693	37.58615
벨스트리트컴퍼니	bar	126.98765	37.57222
벨엔누보	shop	126.97357	37.58008
벳갓네팔	food	127.01214	37.57284
벳남미식경희궁	food	126.97096	37.57287
벼랑	food	127.00005	37.58239
벽고동家	food	126.98246	37.57882
벽산식품	shop	126.96867	37.59061
벽송	shop	127.00809	37.57082
별궁김밥	food	126.98425	37.57656
별난고깃집	food	126.98905	37.57123
별난오리	food	127.01060	37.57106
별똥별궁	cafe	126.99776	37.58242
별무리	bar	127.00722	37.57138
별미곱창	food	126.96971	37.57692
별미삼청수제비	food	126.98193	37.58460
별미한식부페	food	126.99939	37.57255
별별샵	shop	127.01477	37.57011
별하우스	stay	127.00624	37.57516
별항아리	shop	126.97382	37.57309
병천순대	food	127.00177	37.57819
병천순대	food	126.98661	37.57909
병천유황오리	food	126.98089	37.57211
병천황토방순대	food	126.98940	37.57678
보가	shop	126.96626	37.60549
보경	shop	126.98844	37.57202
보경사벨르주얼리	shop	126.99708	37.57235
보고사	shop	126.98422	37.57513
보광약국	shop	127.00173	37.57949
보그	shop	126.98531	37.57058
보글하우스	bar	126.98938	37.57546
보금장	shop	127.02286	37.57609
보길도	food	126.97396	37.57235
보끄보끄	food	126.97596	37.57343
보나	shop	126.97035	37.57931
보나장신구박물관	heritage	126.98684	37.57168
보나쿠	shop	127.00845	37.57457
보네	shop	126.99710	37.57098
보돌미역종로	food	126.98361	37.57074
보드게임카페레드버튼	activity	126.98672	37.56945
보드게임카페레드버튼대학로	activity	127.00095	37.58337
보드레안다미로	cafe	126.98078	37.58145
보드리헤리티지스위트	stay	126.98909	37.58017
보떼	shop	126.96657	37.60562
보떼가꼰떼	shop	126.96468	37.59290
보뜨	cafe	126.98397	37.57735
보라옥션	shop	126.98626	37.57464
보라타임	shop	126.99123	37.57102
보람식당	food	126.99471	37.56966
보람약국	shop	127.01399	37.57230
보령	shop	127.00051	37.57134
보령	activity	126.99799	37.57450
보령메디	shop	126.99778	37.57496
보령상사	shop	127.00431	37.57021
보령식당	food	126.99779	37.57390
보령식품	shop	127.00001	37.57163
보령약국	shop	127.00051	37.57134
보령중보재단	cafe	126.99799	37.57450
보령침구	shop	127.00006	37.57088
보로우커피	cafe	126.97284	37.57928
보리	food	127.01992	37.57529
보리마루탭하우스	bar	126.97380	37.57636
보리비빔밥	food	126.99873	37.58417
보리수	cafe	126.99311	37.57016
보림	shop	126.99302	37.57075
보물섬	bar	126.97441	37.57136
보물창고	shop	127.01897	37.57481
보물창고	shop	127.01638	37.57044
보물찾기	shop	126.98555	37.57158
보미	shop	126.98723	37.57189
보미사	shop	126.99128	37.57012
보배로이광장	shop	126.99866	37.57055
보보레지던스	stay	127.01171	37.57145
보보식당	food	126.97780	37.57216
보보주얼리	shop	126.99328	37.57076
보블리에	shop	127.00020	37.58226
보사우러스	food	126.97316	37.57297
보생당한약방	shop	127.00370	37.57274
보생약국	shop	126.99965	37.57106
보석마을	shop	127.01094	37.57193
보석사랑	shop	126.99123	37.57102
보석사랑	shop	127.01132	37.57382
보석상자	shop	126.99123	37.57102
보석정	shop	126.99708	37.57235
보성	shop	126.99783	37.56912
보성사터	heritage	126.98275	37.57398
보성상회	shop	127.00137	37.57004
보성온누리약국	shop	126.99566	37.58842
보성전통찻집	cafe	126.98278	37.57170
보스	activity	126.98920	37.57196
보스	bar	126.98972	37.57283
보스노래방	activity	127.00085	37.58436
보스톤전자음향	shop	126.98765	37.57222
보승회관	food	126.98799	37.56871
보승회관이화사거리	food	127.00246	37.57595
보신각	bar	126.98412	37.56907
보신각터	heritage	126.98358	37.56982
보신당	shop	127.00151	37.56985
보쌈키친	food	126.97360	37.57446
보아즈	shop	126.99046	37.57060
보앤보	shop	126.99839	37.57144
보약국수	food	127.02202	37.57423
보옥당	shop	126.99257	37.57182
보원당	shop	127.01056	37.57353
보원사탑와치	shop	126.99316	37.57075
보유선물의집	shop	127.00573	37.57623
보이네안경	shop	126.99743	37.58486
보이스앤걸스	shop	127.01885	37.57285
보이스캐디골프아카데미경복궁점	activity	126.97355	37.57491
보이차명가원	cafe	126.98355	37.57734
보자기꽃밥	food	126.98477	37.58043
보카타마사마드레	food	126.96912	37.58044
보통의	cafe	127.00419	37.58056
보티	cafe	126.98643	37.57718
보혁사	shop	126.99212	37.57239
보혁주얼리	shop	126.99212	37.57239
보현사	shop	126.99280	37.57201
보혜사	shop	126.99783	37.56912
보화당	shop	127.00199	37.57011
보화장	food	126.98951	37.57091
복가부대찌개	food	126.98179	37.57253
복국집뽁찌관수동점	food	126.98902	37.56956
복기식당	food	127.01611	37.57481
복담	cafe	126.96649	37.58077
복동상회	shop	127.01735	37.57084
복돼지황금소	shop	126.99461	37.58911
복만루훠궈	food	127.01510	37.57848
복사나라	shop	126.98887	37.56958
복성제화	shop	127.01337	37.57011
복숭아꽃살구꽃	food	126.98635	37.57361
복실이농산	food	126.97987	37.57792
복은동갈치조림	food	126.97421	37.57364
복이네	food	127.01835	37.57149
복코돼지	food	127.00353	37.57076
복합문화공간아리랑	bar	126.98518	37.57465
복호두	food	126.97992	37.57085
복호두경복궁역점	food	126.97198	37.57729
복호포차	food	126.98972	37.57283
본가닭한마리	food	126.97473	37.57120
본가왕뼈감자탕종로송해길점	food	126.98938	37.57184
본가집	food	127.01103	37.57200
본가춘천닭갈비	food	126.97468	37.57079
본가칡냉면	food	127.00140	37.57898
본고향맛집	food	127.01609	37.57149
본도시락	food	126.97313	37.57377
본도시락	food	126.98512	37.56883
본도시락	food	126.98179	37.57253
본도시락	food	127.00401	37.58027
본마켓	food	126.96782	37.57351
본마트	shop	126.96748	37.56721
본우리반상그랑서울점	food	126.98144	37.57096
본우리반상종로센트로폴리스점	food	126.98365	37.57149
본우리집밥	food	126.97902	37.57259
본우리집밥보령본사점	food	126.99799	37.57450
본우리집밥서울대학교치과	food	126.99720	37.58046
본우리집밥서울지방국세청점	food	126.97990	37.57415
본우리집밥재능교육본사점	food	127.00214	37.58795
본인왕만물	shop	126.95801	37.57514
본죽	food	126.99923	37.58371
본죽	food	126.96723	37.60618
본죽	food	127.00174	37.57878
본죽동묘앞역점	food	127.01587	37.57471
본죽종로	food	126.99174	37.57135
본지르르베이커리서촌	food	126.97017	37.57522
본투비	food	127.00172	37.57159
본화랑	heritage	126.95967	37.59912
볼때기식당	food	126.96516	37.56765
볼래	shop	126.98627	37.57501
봄	bar	126.99076	37.57152
봄까스	food	126.99818	37.58987
봄날	stay	126.99899	37.57682
봄날	bar	126.96649	37.60583
봄날아트홀	heritage	127.00427	37.57999
봄봄스테이	stay	126.99651	37.58371
봄새	food	126.96134	37.57444
봄약국	shop	127.01534	37.57326
봄에	bar	126.97412	37.57247
봄하우스	stay	126.96997	37.57872
봉가갈비탕	food	126.99865	37.57144
봉구가래떡볶이	food	126.97331	37.57186
봉구비어경복궁점	bar	126.97108	37.57635
봉구커피	cafe	126.98551	37.57565
봉래식당	food	127.00018	37.57249
봉래악기	shop	126.98765	37.57222
봉봉스테이	stay	126.97102	37.58328
봉산서로재	shop	126.98654	37.58017
봉심컴퍼니	food	127.00043	37.58259
봉운사	shop	126.98859	37.57422
봉원필방	shop	126.98663	37.57274
봉이밥	food	126.97992	37.57085
봉이밥	food	126.98219	37.58430
봉이밥안국역점	food	126.98794	37.57425
봉자씨	food	127.00875	37.57045
봉쥬떡볶이	food	127.00119	37.58381
봉추찜닭종로	food	126.98361	37.57074
봉추푸드시스템주	food	126.97902	37.57473
봉탁	food	126.98243	37.58463
봉티지	shop	127.01613	37.57069
봉평골	food	126.98849	37.57359
봉평옹심이막국수메밀칼국수	food	126.96467	37.56820
봉피양경복궁	food	126.97231	37.57791
봉하우스	stay	126.99776	37.58461
뵈르뵈르	food	127.00437	37.58095
뵈뵈쥬얼리	shop	126.99279	37.57075
부가티	shop	127.01921	37.57246
부남회관	food	127.00558	37.57179
부대통령뚝배기	food	126.95593	37.60098
부뚜막	food	126.98179	37.57253
부뚜막고양이	shop	127.00163	37.58675
부뚜막한상차림	food	127.00327	37.57636
부띠끄	food	126.98118	37.58229
부띠크호텔	stay	126.99091	37.57135
부림사	shop	126.99708	37.57235
부부김밥	food	127.00429	37.58022
부부식당	food	127.00433	37.58029
부부패션	shop	127.01175	37.57275
부빙	cafe	126.96534	37.59269
부빙	cafe	126.98462	37.58009
부산돼지국밥	food	126.98179	37.57253
부산불어묵마당	food	126.99200	37.57250
부산식당	food	126.98401	37.57390
부산식당	food	126.99440	37.57003
부산아구찜	food	126.99161	37.57168
부산아구찜굴보쌈	food	126.99168	37.57165
부산아지매국밥동대문종합	food	127.00875	37.57045
부산어묵	shop	126.99971	37.57012
부산조방낙지	food	126.98179	37.57253
부산집막국수	food	126.97348	37.57628
부성사	shop	126.99127	37.57066
부속구이와죽집	food	127.00532	37.57050
부스타만테	activity	126.99962	37.58334
부암갤러리하우스	stay	126.95931	37.59871
부암곱창	food	126.95894	37.60054
부암공방	shop	126.96373	37.59232
부암김밥	food	126.96245	37.60108
부암동	heritage	126.96407	37.59243
부암동가는길	food	126.96567	37.59325
부암동가든	bar	126.96642	37.59391
부암동베이커리	food	126.96239	37.59820
부암동와플	food	126.96556	37.59271
부암동쭈꾸미	food	126.96448	37.59294
부암식당	food	126.96513	37.59282
부암힐스테이	stay	126.96591	37.59208
부어크	cafe	126.96804	37.57976
부엉이산장	bar	126.98558	37.56934
부여곱창집	food	127.00496	37.57049
부영	food	126.98268	37.58719
부영	bar	127.00290	37.57148
부영당구장	activity	126.98034	37.57291
부용	shop	126.99786	37.56975
부원에프앤씨	shop	127.00530	37.57304
부자숯불치킨	food	127.00395	37.57238
부자집	food	127.01623	37.57022
부전여관	stay	127.01128	37.57229
부조니음악연습실	activity	126.96901	37.60686
부촌	food	126.99992	37.57038
부촌육회	food	126.99994	37.57044
부커스	shop	127.01067	37.57006
부클레	shop	127.00014	37.58714
부트	cafe	126.97156	37.58009
부티크상점	cafe	126.99056	37.57305
부평루	food	127.00391	37.57296
부피	shop	127.00205	37.58764
부현사	shop	127.01477	37.57011
부흥문구사	shop	126.96657	37.60562
북경골동만물	shop	127.01783	37.57100
북경필방	shop	126.98463	37.57405
북바이북	cafe	126.97429	37.57203
북부금은주	shop	126.99208	37.57160
북스페이스	shop	126.98218	37.56967
북악산	nature	126.97372	37.59315
북악정본관	food	126.97775	37.61134
북엔눅	stay	126.98552	37.58046
북창동순두부인	food	126.98517	37.57267
북창동순두부종로관철점	food	126.98739	37.56948
북창면옥	food	127.01858	37.57354
북촌	food	126.97119	37.57838
북촌	food	126.98502	37.57513
북촌가마솥순두부	food	126.98587	37.57300
북촌가옥	stay	126.98635	37.58013
북촌감성	shop	126.98690	37.57994
북촌계동별채	stay	126.98671	37.58186
북촌공예마을협동조합	shop	126.98523	37.58121
북촌광	shop	126.98327	37.58303
북촌김치재	food	126.98618	37.57783
북촌나무갤러리	shop	126.98382	37.58182
북촌나미스테이	stay	126.98408	37.58549
북촌다락방	stay	126.98393	37.58278
북촌다실	shop	126.98422	37.58313
북촌도담	food	126.98527	37.57735
북촌동양문화박물관	heritage	126.98338	37.58398
북촌리둘레골	food	126.98469	37.57511
북촌마켓	shop	126.98469	37.58137
북촌막국수제면소	food	126.98150	37.58792
북촌명가호떡	food	126.99967	37.57048
북촌명인단팥빵	food	127.01111	37.57157
북촌명인단팥빵	food	126.97548	37.57135
북촌무궁화	food	126.98891	37.57236
북촌문화센터	etc	126.98671	37.57905
북촌박물관	heritage	126.98485	37.58038
북촌브루어리	shop	126.98486	37.57971
북촌삼계탕	food	126.98872	37.57948
북촌생활사박물관	heritage	126.98293	37.58449
북촌손만두	food	126.98513	37.57416
북촌손만두	food	126.98229	37.57852
북촌손만두북촌점	food	126.98576	37.57915
북촌아지트	stay	126.98721	37.58185
북촌애	stay	126.98709	37.58255
북촌약국	shop	126.98203	37.57876
북촌여행	shop	126.98180	37.58078
북촌우리한옥	stay	126.98666	37.58039
북촌원카페	cafe	126.98437	37.58154
북촌웰니스뮤지엄약국	shop	126.98653	37.57892
북촌유기농밀명인단팥빵	food	126.98637	37.57739
북촌이야기	cafe	126.98523	37.58121
북촌자락	shop	126.98381	37.57781
북촌전망대	heritage	126.98279	37.58308
북촌전통공예체험관	activity	126.98611	37.58242
북촌집	food	126.98095	37.58358
북촌쭈꾸미	food	126.98723	37.57947
북촌책방	shop	126.98421	37.57895
북촌칼국수	food	126.98445	37.57454
북촌코지코너	stay	126.98660	37.58306
북촌탁구	activity	126.98685	37.57982
북촌한식	food	126.98235	37.57861
북촌한식뷔페	food	126.98560	37.57713
북촌한옥마을	heritage	126.98671	37.57905
북촌한옥역사관	heritage	126.98708	37.58236
북촌한옥집	food	126.98642	37.57796
북촌협동조합	shop	126.98910	37.57897
북촌호떡	food	126.98161	37.58113
북촌화가의집	shop	126.98680	37.58003
북한산한우마을	food	126.95641	37.60933
북한인권전시실	heritage	126.98739	37.56967
분더바스토어	cafe	126.98425	37.57380
분마카세	food	126.99289	37.57312
분식나라	food	127.01553	37.57514
분식연구소	food	126.98258	37.57183
분이네	shop	127.01964	37.57197
불교서적길상원	shop	126.98267	37.57263
불교서적사	shop	126.98275	37.57343
불교중앙박물관	heritage	126.98200	37.57450
불닭발엽기떡볶이	food	126.98272	37.57192
불닭발엽기떡볶이대학로점	food	126.99999	37.58225
불라여행카페	cafe	126.98713	37.57044
불란집	shop	126.96963	37.58062
불러도	bar	126.96798	37.58068
불레부	shop	126.98381	37.57781
불로만숯불바베큐	food	126.99676	37.58759
불백당	food	126.98495	37.56946
불새	bar	127.00308	37.57159
불서보급사	shop	126.98275	37.57343
불심원	shop	126.98318	37.57416
불타는곱창	food	127.00408	37.57160
불타는삼겹살	food	127.01749	37.57318
불타는양대창	food	127.00404	37.57154
붐	bar	126.97331	37.57186
붐노래밤주점	bar	126.98867	37.56975
뷰티	shop	127.00006	37.57088
뷰티바이림	shop	126.99960	37.58253
뷰티연구소	shop	127.00955	37.57041
뷰티창고	shop	127.01156	37.57132
뷰티크레딧	shop	127.01305	37.57246
뷰티풀	shop	126.99031	37.57060
뷰티플러스	shop	126.98670	37.57042
브라더상사	shop	127.01286	37.57175
브라더스스토어패티바이번엘지빌딩점	food	126.97158	37.56927
브라더스스토어패티바이번종로	food	126.98361	37.57074
브라더스스토어패티바이번케이트윈	food	126.97902	37.57473
브라운도트호텔	stay	126.98963	37.57130
브라운에비뉴	cafe	127.00018	37.58563
브라이트사이드	cafe	127.02288	37.57768
브라질카페꼬르꼬바두	cafe	126.98986	37.56880
브람스	cafe	126.98593	37.57693
브랏트	food	126.98180	37.58078
브랜드마켓	shop	127.00325	37.58161
브레댄코강북삼성	cafe	126.96636	37.56796
브레드원	food	127.01598	37.57174
브레이브버블	cafe	126.98144	37.57096
브로스	food	126.98459	37.56946
브로우다	shop	127.00042	37.58206
브로젝스	activity	126.98604	37.56988
브롱스	bar	126.99923	37.58247
브롱스	bar	127.01049	37.57186
브루다안국	cafe	126.98664	37.57784
브루다인사동	cafe	126.98328	37.57218
브루다커피경희궁의아침점	cafe	126.97179	37.57327
브루다커피그랑서울점	cafe	126.98165	37.57179
브루다커피종각역점	cafe	126.98473	37.57047
브루다커피종로	cafe	126.99020	37.57007
브루다커피종로청진점	cafe	126.97942	37.57234
브루삼점일사	food	126.98987	37.57446
브루삼점일사투	bar	126.98988	37.57462
브루앙	shop	126.96475	37.60546
브뤼셀프라이	food	126.98637	37.57739
브륵클린브르스	cafe	127.00163	37.57515
브리달메이	shop	126.99211	37.57149
브리드인투카페사사	food	126.99162	37.57675
브리셀	shop	126.99865	37.57144
브리에	shop	126.99708	37.57235
브리오슈도레종로	food	126.98361	37.57074
브리즈서촌	stay	126.96652	37.57311
브리트레소	cafe	127.00520	37.58384
브릭	bar	126.98051	37.57203
브릭샌드	food	126.98219	37.58430
브릭샌드그랑서울	food	126.98144	37.57096
브릭스	cafe	127.00732	37.57070
브릭팩토리	shop	127.00116	37.58353
브린	cafe	126.99924	37.58322
브릴피스아카이브샵	shop	126.96946	37.57831
브알라	cafe	127.00316	37.58275
브이아이피당구클럽	activity	127.00571	37.57084
브이아이피참치	food	126.97421	37.57364
브이아이피참치	food	126.98112	37.57267
브이엘에프	shop	126.97294	37.57827
블라썸	shop	127.01819	37.57136
블라우그라우	stay	126.97136	37.58557
블랑수아	shop	126.99048	37.57683
블랑코	food	126.99506	37.58754
블랙라인커피	cafe	127.00437	37.58095
블랙앤주	shop	126.98552	37.57020
블랙야크	shop	127.00382	37.56997
블랙조커스튜디오동묘점	bar	127.01502	37.57255
블랙칠	bar	127.01315	37.57248
블랙코코아	shop	126.99717	37.58433
블랙폭스인셀덤	shop	127.02183	37.57661
블랜디드인투	shop	126.96620	37.58018
블랜틱	shop	126.97241	37.57747
블레스드플라워마켓안녕인	shop	126.98355	37.57447
블루	shop	126.98739	37.56948
블루	food	126.97198	37.57692
블루	bar	126.98919	37.57411
블루김인수	shop	126.98611	37.57328
블루끌레흐	shop	126.99185	37.57217
블루덕카페	cafe	127.00411	37.57165
블루덕호텔	stay	127.00411	37.57165
블루도어북스더홈	shop	126.98474	37.57729
블루리본	shop	126.98517	37.57245
블루메쯔	shop	126.97228	37.57127
블루몽마르뜨	food	126.97101	37.57264
블루문	stay	127.00525	37.58328
블루밍킨더랩	shop	126.96235	37.57086
블루바틀	bar	126.98908	37.57239
블루베리	food	126.97042	37.58444
블루블릭스혜화	stay	127.00345	37.57671
블루선북촌점	shop	126.98104	37.58167
블루썸머	stay	127.01337	37.57011
블루아리	shop	126.98197	37.57910
블루원갤러리	shop	126.98553	37.57260
블루큐브갤러리	shop	126.97042	37.58444
블루클라우드	stay	126.96928	37.59064
블루포트	cafe	126.95590	37.60267
블룸슈타인	shop	126.98151	37.58043
블룸앤테이블	shop	126.97052	37.57762
블리쓰혜화	stay	126.99725	37.58397
블링박스인사동다움점	shop	126.98571	37.57359
블링박스인사동아름점	shop	126.98617	37.57275
블링블링	shop	127.00049	37.57225
블링크안경혜화점	shop	127.00061	37.58546
블링팝	shop	126.99883	37.58264
비	bar	127.00084	37.58247
비	food	126.97116	37.57786
비강매듭	shop	127.00199	37.57011
비건생활연구소	cafe	126.99911	37.58953
비건인사	food	126.98858	37.57479
비긴드	food	126.99055	37.57287
비나이다	shop	126.99038	37.57376
비너스노래왕	bar	127.02171	37.57395
비단가	shop	127.00005	37.56974
비단궁이산	shop	126.99962	37.57116
비당	food	126.96664	37.56586
비더스테이종로	stay	126.98937	37.56874
비더스테이혜화역점	stay	126.99837	37.58297
비뗄로소띠	food	126.97279	37.57703
비밀의화원	activity	127.00212	37.58289
비밀의화원대학로	activity	127.00095	37.58337
비바	bar	126.99070	37.57063
비바라비다	cafe	127.01194	37.57008
비바라비다	stay	126.99139	37.57702
비바라비다인생만세	stay	126.99137	37.57696
비바레코드	shop	126.97514	37.61092
비바체	bar	126.98452	37.57090
비바프로젝트	stay	126.97362	37.57912
비발라	bar	126.96971	37.57692
비블리오테크바이지디엔에스	food	126.98056	37.57188
비비돈가스	food	126.97899	37.57391
비비드	cafe	126.95692	37.61064
비비비와이	food	127.00419	37.58056
비비큐	food	126.96837	37.58124
비비큐	food	126.98600	37.56908
비비큐	food	127.00308	37.58163
비비큐무악점	food	126.95810	37.57489
비비큐성북스타	food	127.01500	37.57907
비비큐세검정점	food	126.96115	37.60148
비비큐청계	food	126.97970	37.56949
비비큐치킨인사점	food	126.98489	37.57148
비빔밥게스트하우스	stay	126.96853	37.57673
비빔한상	food	126.96858	37.57465
비스쥬얼리	shop	126.98687	37.57042
비스카	food	126.96993	37.58182
비스트로주라	food	127.00459	37.58058
비씨테크	shop	127.00300	37.57573
비아종로	shop	126.98476	37.56928
비아줌	shop	127.01623	37.57022
비알던킨도너츠서울대병원	food	126.99720	37.58046
비알배스킨라빈스광화문	food	126.98055	37.57062
비알배스킨라빈스대학로	food	127.00198	37.58374
비알배스킨라빈스삼청마당점	food	126.98225	37.57902
비알배스킨라빈스서울대병원	food	126.99720	37.58046
비알인터내셔날	food	126.98409	37.56976
비앙카	shop	126.98531	37.57058
비앤비	bar	126.99032	37.57130
비앤비부암	stay	126.96338	37.59138
비어광장	bar	126.97287	37.57638
비어럽	bar	126.98253	37.57232
비어바	bar	127.00377	37.57222
비어바파라솔	bar	126.99960	37.58253
비어오크	food	127.00112	37.58473
비어있는삶	bar	126.98892	37.57681
비어하우스	bar	126.98512	37.56883
비어할레	bar	126.97429	37.57203
비에스골드	shop	126.99281	37.57182
비에스케이코퍼레이션	food	126.97634	37.57060
비에이치씨	food	126.98702	37.56974
비에이치씨독립문역점	food	126.96055	37.57278
비에이치씨치킨	food	127.00000	37.57133
비에이치씨치킨종로성대점	food	126.99692	37.58637
비에이치아트	shop	126.97033	37.57584
비에이치케이	cafe	126.98848	37.56901
비에이치케이	shop	126.98826	37.56926
비엔나커피하우스협동조합	cafe	126.98683	37.58098
비엔에스푸드보돌미역종로	food	126.98361	37.57074
비엔통신	shop	127.01089	37.57114
비엔하우스원룸텔혜화점	stay	127.00395	37.57631
비엘골드	shop	126.99865	37.57144
비엘디컴퍼니원기옥	food	126.97199	37.56871
비엘리플라워	shop	126.97316	37.57297
비엘브이컴퍼니	food	126.98365	37.57149
비엣콴	food	126.98620	37.57917
비와이무역	shop	127.00319	37.57438
비와이엔블랙야크	shop	127.00382	37.56997
비우당	heritage	127.01304	37.58107
비움안국	food	126.98567	37.57908
비원	shop	126.99216	37.57415
비원게스트하우스	stay	126.98994	37.57608
비원떡집	food	126.98486	37.57978
비원복권	activity	126.99119	37.57442
비원손칼국수	food	126.98877	37.57918
비원슈퍼	shop	126.99119	37.57442
비원커피	cafe	126.98877	37.57918
비자벌	shop	126.98617	37.57529
비제이케이	shop	126.99053	37.57665
비조카	shop	126.98171	37.57869
비쥬	bar	126.98623	37.57716
비즈마트	shop	127.00732	37.57070
비즈코웍	cafe	127.00689	37.57019
비지문	food	126.98245	37.58711
비지에프리테일마로니에공원점	shop	127.00397	37.58081
비지에프리테일삼성병원	shop	126.96781	37.56887
비지에프리테일서울대의대점	shop	127.00102	37.58122
비지터	bar	126.96692	37.58107
비진도해물뚝배기	food	126.98129	37.57210
비케이	shop	126.99201	37.57184
비케이사운드	shop	126.98765	37.57222
비케이알	food	126.98101	37.57267
비케이알버거킹	food	126.98112	37.57267
비케이알버거킹	food	127.00100	37.57181
비케이알버거킹혜화역점	food	127.00215	37.58352
비터버터	food	126.98055	37.57062
비투비앤비	stay	127.00482	37.58113
비투프로젝트	cafe	127.00482	37.58113
비트	bar	126.99103	37.57490
비틀스타코서순라	food	126.99204	37.57421
비팩토리얼	shop	127.01520	37.57175
비하인드미	cafe	126.99758	37.57646
비화림	shop	126.98740	37.58299
빅바	bar	126.98921	37.57094
빅바이트컴퍼니쉐이크쉑종각	food	126.98144	37.57096
빅바이트컴퍼니잠바주스서울대병원	food	126.99720	37.58046
빅스트로우	cafe	126.98458	37.57954
빅클럽	shop	127.02176	37.57383
빅토리	shop	127.01520	37.57175
빅토리아	shop	126.99874	37.56993
빅토리아베이커리	food	126.97307	37.57900
빈마마파파	cafe	127.00601	37.57166
빈베이비	shop	126.97268	37.57923
빈스쥬얼리	shop	126.99031	37.57060
빈토리	shop	127.01855	37.57198
빈트리	cafe	126.97378	37.57323
빈티지	cafe	126.99272	37.57222
빈티지그램	shop	127.01646	37.57216
빈티지다락방	shop	127.01623	37.57022
빈티지바이브	shop	127.01626	37.57213
빈티지뱅	shop	127.01877	37.57175
빈티지샵	shop	127.01921	37.57246
빈티지스토리	shop	127.01836	37.57112
빈티지스페이스	shop	127.01774	37.57111
빈티지아울렛	shop	127.01738	37.57111
빈티지와이	shop	127.01747	37.57112
빈티지카페	shop	127.01623	37.57022
빈티지플랫폼	shop	127.01904	37.57311
빈티지홀릭	shop	127.01955	37.57223
빈티크	shop	127.01736	37.57111
빌라주단	shop	127.00955	37.57041
빌런치팬케이크	food	126.99989	37.58238
빌리스키친	food	126.98355	37.57157
빌리언	bar	127.00516	37.57214
빌리엔젤	food	126.97488	37.56973
빌리엔젤대학로	food	127.00356	37.58160
빌리엔젤종각역점	food	126.98224	37.57184
빌킹당구클럽	activity	127.00189	37.57521
빙고호스텔	stay	126.98463	37.57088
빙그레분식	food	127.00678	37.57221
빙달	cafe	127.00018	37.58465
빙동댕	cafe	126.99900	37.57285
빚은	food	127.00177	37.57805
빛갤러리	shop	126.95946	37.59882
빛깔고은	shop	126.98395	37.57461
빛나라	activity	126.99131	37.57551
빛나라	shop	126.99123	37.57102
빛날광	shop	126.98582	37.57325
빛살림에너젠	shop	126.97330	37.57342
빛스테이	stay	126.95946	37.59882
빠뜨로	cafe	127.01031	37.57272
빠리가옥	food	126.99024	37.57332
빠말	food	126.96488	37.59293
빠삐용빈티지	shop	127.01945	37.57242
빠삭족발	food	126.98927	37.57334
빠숑숑	cafe	126.99060	37.57391
빨간계단	food	126.95565	37.60103
빵댕잇	shop	126.96944	37.57647
빵빵	bar	126.99027	37.57248
빵튀	food	126.97429	37.57203
빵파레	shop	127.01373	37.57164
빽다방	cafe	127.00997	37.57175
빽다방	cafe	127.00181	37.57923
빽다방	cafe	127.00193	37.57835
빽다방경복궁역점	cafe	126.97307	37.57605
빽다방동묘역점	cafe	127.01480	37.57257
빽다방서대문경희궁점	cafe	126.96511	37.56879
빽다방종로	cafe	126.98181	37.57239
빽다방종로경희궁의아침점	cafe	126.97179	37.57327
빽다방종로관철점	cafe	126.98454	37.56900
빽다방종로꽃	cafe	127.00615	37.57130
빽다방종로르메이에르점	cafe	126.97992	37.57085
빽다방종로새문안점	cafe	126.97398	37.57036
빽다방종로숭인대경점	cafe	127.02291	37.57434
빽다방종로정동	cafe	126.97025	37.56881
빽다방종로평	cafe	126.96901	37.60686
빽다방혜화역점	cafe	127.00151	37.58290
빽돈종로	food	126.98817	37.57321
뻐꾸기	cafe	127.00576	37.58042
뻬루자로제우스점	shop	126.95770	37.60741
뻬루자옴므	shop	126.95770	37.60741
뻬르떼	food	126.96525	37.59328
뼈닥스감자탕	food	127.00068	37.58314
뼈탄집	food	126.97167	37.57642
뽀글뚝배기냠냠비빔밥	food	126.99577	37.58814
뽀빠이	bar	126.98931	37.57267
뽐	shop	126.98723	37.57189
뽐	bar	126.97035	37.57931
뽐모도로	food	126.97564	37.57113
뽑아핑대학로	activity	127.00009	37.58342
뿌리온더플레이트	food	126.98660	37.57987
뿌자	food	127.01395	37.57269
쁄라샌드위치	food	126.97333	37.57537
쁘띠몽드경희궁	food	126.96206	37.57143
쁘띠샤또	shop	126.96360	37.59315
쁘띠서촌	stay	126.96810	37.57960
쁘띠통	food	126.97160	37.57964
쁘띠페주얼리	shop	126.99865	37.57144
쁘띠호텔통통	stay	126.99203	37.57368
삐에로	shop	126.98531	37.57058
사가르마타	shop	127.00264	37.57048
사간원	food	126.98036	37.57788
사계항	food	126.96891	37.57858
사과나무	food	127.01186	37.57221
사구사	shop	126.99708	37.57235
사나이클럽	food	126.96957	37.57687
사노	cafe	127.01493	37.58030
사동집	food	126.98573	37.57410
사라	shop	126.97333	37.57537
사라쥬얼리	shop	126.99247	37.57188
사람과나무찻집	cafe	126.98619	37.57341
사람들	bar	126.97441	37.57136
사랑방	bar	126.99061	37.57148
사랑방	bar	127.00362	37.57165
사랑방	shop	127.01528	37.57253
사랑방	food	126.97112	37.57514
사랑방	cafe	126.98388	37.57395
사랑방서원	shop	127.01528	37.57253
사랑약국	shop	126.95658	37.60819
사랑의고기	food	126.96858	37.57465
사랑이꽃피는곳	shop	127.00052	37.58649
사랑채	food	126.98422	37.57496
사랑채	food	126.98937	37.56874
사랑텔레콤	shop	126.96531	37.60507
사랑투	bar	126.98884	37.57201
사랑해한우	shop	126.99816	37.58398
사랑화장품	shop	126.99200	37.59063
사루비아	shop	126.99903	37.57094
사르르그림책방	shop	126.96235	37.57086
사르르아이스크림	shop	126.99821	37.58370
사르르아이스크림	shop	126.99476	37.58895
사리원상회	shop	126.99971	37.57012
사리원안녕인	food	126.98355	37.57447
사미커피	cafe	127.00652	37.57197
사발	food	126.97179	37.57327
사발한그릇	food	126.97179	37.57327
사보필방	shop	126.98488	37.57426
사브리나앳한옥	stay	126.99878	37.58409
사사로이	stay	126.98140	37.57816
사사뮤지엄	shop	126.99924	37.58248
사서함혜화	food	127.00044	37.58233
사오마이	activity	127.01020	37.57185
사운즈인	stay	126.97548	37.57135
사운즈포레스트	bar	126.99179	37.57464
사월의물고기	cafe	126.98386	37.57548
사유	shop	126.98267	37.57263
사유지점	shop	126.98168	37.58066
사이다	bar	126.98871	37.57173
사이드룸	shop	126.98099	37.58278
사이렌도감	shop	126.98845	37.57710
사이언스인	shop	126.99066	37.57692
사이토라	food	126.97331	37.57186
사임당매듭	shop	127.00148	37.57085
사잇집	stay	126.96944	37.58101
사적인	stay	126.98231	37.57493
사직단	heritage	126.96726	37.57594
사직단커피집	cafe	126.96858	37.57465
사직동그가게	shop	126.96784	37.57701
사직로커피	cafe	126.97065	37.57585
사직바이브하우스	food	126.96905	37.57711
사직커피	cafe	126.96507	37.57382
사직터널그집	bar	126.96491	37.57361
사진책방고래	shop	126.97036	37.58538
사찰몰	shop	126.98179	37.57253
사천이모집	food	126.98428	37.57493
사치	shop	126.99006	37.57286
사카모리	bar	127.00085	37.58436
사케	bar	126.97473	37.57120
사토루	food	126.98068	37.57264
사파리스팟	shop	126.98810	37.57527
사하즈에디트	shop	126.95682	37.60015
삭스타즈서촌점	shop	126.97263	37.57820
산구	shop	127.02046	37.57494
산길	food	126.96684	37.60669
산다	shop	127.00419	37.58056
산다프랜즈	shop	127.00354	37.58249
산더미고깃집	food	126.99960	37.57189
산마루	food	127.00168	37.57148
산마루	bar	127.01551	37.57491
산모퉁이	cafe	126.96798	37.59548
산스	cafe	126.99022	37.57290
산에초	shop	127.01854	37.57134
산오름	shop	127.01603	37.57106
산울림악기	shop	126.98765	37.57222
산유화	food	126.98524	37.57478
산이네	shop	127.00022	37.57063
산전	shop	126.99708	37.57235
산젠	food	126.99996	37.58281
산채랑	food	127.00809	37.57082
산채향	food	126.97211	37.57081
산체스막걸리	bar	126.98406	37.57717
산촌	food	126.98630	37.57385
산촌갤러리	shop	126.98617	37.57384
산카이	food	126.98875	37.57305
산타서울호텔	stay	126.98940	37.57519
산펠리체	food	126.96791	37.58062
산해진미	food	126.97355	37.57491
산호	food	126.99336	37.57238
산홍	shop	126.95986	37.57292
살라댕다이닝	food	126.98990	37.57389
살롱	cafe	127.00652	37.57197
살롱드곱떡	bar	126.99969	37.58243
살롱드사운드	shop	126.96112	37.60417
살롱순라	food	126.99171	37.57424
살롱탑	bar	126.98999	37.57548
삼각산	food	126.95734	37.60838
삼겹살대통령	food	127.00271	37.58385
삼경전자	shop	126.99524	37.56929
삼곱식당	food	126.99982	37.57193
삼공	shop	127.01477	37.57011
삼공골드	shop	126.99295	37.57109
삼공오	shop	126.99967	37.57048
삼광	food	126.98765	37.57222
삼광기전	shop	127.01884	37.57422
삼국지로드쫄돼지식당혜화대학로	food	127.00049	37.58350
삼길당	shop	126.99708	37.57235
삼대	food	126.99020	37.57275
삼대냉면	food	127.01969	37.57446
삼덕직물	shop	127.00022	37.57063
삼덕통닭혜화점	food	127.00257	37.58213
삼룡이네	food	127.01198	37.57273
삼미	shop	126.98980	37.57057
삼미싸운드	shop	126.98765	37.57222
삼미하우스	stay	127.01351	37.57297
삼백다시일	food	126.96524	37.60514
삼보	food	127.00157	37.57132
삼보골드	shop	126.99339	37.57121
삼보사	shop	126.99786	37.56975
삼보원	shop	126.98274	37.57377
삼보통신	shop	127.01554	37.57067
삼봉당구장	activity	126.98179	37.57253
삼봉도담	food	126.98253	37.57295
삼삼뚝배기	food	127.00419	37.58056
삼삼뼈국	food	127.00120	37.58281
삼삼실내포차	bar	127.00444	37.58084
삼삼오오	food	126.99438	37.58923
삼삼칠	shop	127.00221	37.57280
삼삼패션	shop	127.00006	37.57088
삼성골드	shop	126.99364	37.57076
삼성당구클럽	activity	126.98858	37.57234
삼성대학약국	shop	126.96790	37.56743
삼성사	shop	126.99708	37.57235
삼성사	shop	126.99339	37.57076
삼성상회	shop	126.98361	37.57074
삼성원	food	126.99975	37.57143
삼성의료기	shop	126.99462	37.57026
삼성전자낙원점	shop	126.98890	37.57155
삼성제일약국	shop	126.96748	37.56721
삼성조류	shop	127.01337	37.57011
삼성쥬얼리	shop	127.00550	37.57487
삼성출판박물관	heritage	126.95711	37.60875
삼성치킨골뱅이	food	126.98971	37.56893
삼성컴서비스	shop	126.98905	37.57578
삼성호프	bar	126.98680	37.56934
삼세영	shop	126.97828	37.61362
삼세영갤러리	shop	126.97828	37.61362
삼숙이라면	food	126.98558	37.57166
삼십육점오	shop	127.00008	37.57202
삼씨오화	bar	126.98365	37.57149
삼안갈비촌	food	127.00101	37.58313
삼양삼계탕	food	126.99013	37.57004
삼양식품호면당	food	126.97477	37.57049
삼영엔틱	shop	127.01889	37.57156
삼오당	shop	127.00543	37.57339
삼오전기조명	shop	127.00445	37.57393
삼우사	shop	127.00048	37.56968
삼우콘트롤	shop	126.99407	37.56901
삼우화랑	shop	127.01644	37.57241
삼원	cafe	127.00126	37.58218
삼원	shop	127.00085	37.58366
삼원사	shop	126.99708	37.57235
삼원온누리약국	shop	126.97618	37.57048
삼월황	food	126.98203	37.58645
삼육당구장	activity	127.00608	37.57150
삼이사에프앤비	bar	126.98604	37.56893
삼익주얼리	shop	126.99865	37.57144
삼일	food	126.98089	37.57211
삼일여인숙	stay	127.01086	37.57026
삼일전집	food	126.98676	37.56893
삼정김약국	shop	126.96790	37.56743
삼정당	shop	126.99708	37.57235
삼정만물	shop	127.02222	37.57228
삼정모밀	food	126.97059	37.57393
삼정유통	shop	127.01545	37.57375
삼정하누	food	126.97015	37.57506
삼정한정식	food	127.00156	37.57149
삼지	food	126.98601	37.57829
삼진	shop	127.01322	37.57156
삼진디스터뷰션	shop	127.01472	37.57800
삼진물산	shop	127.00486	37.57236
삼진식품	shop	126.99720	37.58046
삼천포집	food	127.00638	37.57026
삼청갤러리	shop	126.98151	37.58751
삼청공원	nature	126.98282	37.58893
삼청기차박물관	activity	126.98216	37.58697
삼청김밥	food	126.98140	37.58749
삼청동거리	heritage	126.98281	37.58887
삼청동게스트하우스	stay	126.98203	37.58214
삼청동과수원	cafe	126.98262	37.58501
삼청동김치찌개	food	126.98091	37.58858
삼청동샤브인	food	126.98355	37.57447
삼청동수제비	food	126.98190	37.58461
삼청동알	shop	126.98284	37.58459
삼청동와옥	bar	126.98168	37.58139
삼청동우피	shop	126.98182	37.58548
삼청동호떡	food	126.98249	37.57919
삼청마트	shop	126.98112	37.58322
삼청비엘리	shop	126.98560	37.57713
삼청빙수카페	cafe	126.98199	37.58300
삼청순대국추어탕	food	126.98185	37.58447
삼청숨결채	stay	126.98261	37.58457
삼총사컴퍼니	bar	127.00116	37.57021
삼층	bar	126.98910	37.57211
삼층서가	shop	126.96104	37.59854
삼칠이	bar	126.98939	37.57168
삼포	food	127.00011	37.58656
삼해식당	food	126.99097	37.56993
삼해집	food	126.99097	37.56993
삼해투	food	126.99097	37.56993
삼형제게스트하우스	stay	127.00748	37.57749
삼형제김밥	food	126.98042	37.57229
삼형제김밥	food	127.00391	37.57296
삼형제쭈꾸미	food	127.00430	37.58131
삼호담배가게	shop	127.01558	37.57040
삼호분식	food	127.01180	37.57266
삼호상사	shop	127.00023	37.56963
삼호스포츠	shop	127.01623	37.57022
삼호호텔주	stay	127.01553	37.57013
삼화령	shop	126.98518	37.57486
삼화식당	food	126.96891	37.58067
삼화주단	shop	126.99985	37.57047
삿뽀로	food	126.98421	37.57259
삿포로오뎅	food	127.00280	37.58365
상공	bar	126.98871	37.57173
상구네백반	food	126.95848	37.57522
상국	cafe	126.98889	37.57958
상도컴퍼니	shop	126.97313	37.57377
상록	cafe	126.98850	37.57245
상록	food	126.98957	37.57279
상명고시원	stay	126.95632	37.60125
상명대부속상명여고매점	shop	126.95517	37.60410
상명대부속여자고등학교매점	shop	126.95517	37.60410
상명대학교총동문회	shop	126.95517	37.60410
상명대학교행복기숙사	stay	126.95517	37.60410
상명아트센터	heritage	126.95650	37.60300
상민이네	shop	127.00809	37.57082
상사	shop	127.00955	37.57041
상상	bar	127.00629	37.57173
상상갤러리	shop	126.98566	37.57286
상상애몽	shop	126.98488	37.57426
상상을담다	shop	126.98488	37.57426
상상의문	activity	127.00082	37.58412
상상이상사회적협동조합	cafe	126.96998	37.58503
상상트레이드	shop	127.01293	37.57246
상상피혁	shop	127.02168	37.57291
상수곱창	food	126.97023	37.57650
상수상회	shop	126.96639	37.60571
상승전자	shop	126.99524	37.56929
상아	shop	126.98278	37.57299
상업화랑사직	shop	126.96713	37.57409
상우씨알탕	food	127.00056	37.57166
상원미술관	heritage	126.97654	37.61157
상의원양복점	shop	126.99719	37.57494
상주집	bar	127.00230	37.57141
상진빌딩	shop	126.98140	37.58651
상진악기	shop	126.98765	37.57222
상촌재	activity	126.96976	37.58193
상패트로피공간	shop	126.99084	37.56920
상하정	food	126.99071	37.57174
상해반점	food	127.01229	37.57179
상화유통	shop	127.00545	37.57084
새김아트한국전각예술원	shop	126.98345	37.58770
새농안국지점	shop	126.98383	37.57604
새동서약국	shop	127.00166	37.57050
새로나	shop	126.99708	37.57235
새로이	shop	126.97298	37.57135
새론에프앤비	food	127.00152	37.58224
새명성약국	shop	126.97412	37.57040
새문안카페	cafe	126.97370	37.57136
새물맞이빈대떡	bar	127.00512	37.57061
새미쥬얼리	shop	126.99100	37.57065
새벽김밥	food	127.00191	37.57865
새봄약국	shop	127.01907	37.57374
새봄주얼리	shop	126.99227	37.57075
새빛안경점	shop	126.97992	37.57085
새삥닷컴	shop	127.00588	37.57220
새서울	bar	126.98982	37.57283
새서울수예	shop	127.00148	37.56988
새서울콤콤오락실	activity	126.98982	37.57283
새종로약국	shop	126.99996	37.57114
새집	food	126.99471	37.56966
새탁소	bar	126.99147	37.57483
새터하우스광장마켓점	shop	126.99971	37.57012
새한상회	shop	126.99971	37.57012
새현대약국	shop	126.97333	37.57537
색동저고리아동복	shop	126.99971	37.57012
색상	shop	126.98099	37.58278
색실문양누비공방	activity	126.98574	37.58218
샌드럴파크	food	126.99268	37.56899
샌드볼	cafe	126.96836	37.58175
샌드앤닭	food	126.95665	37.60104
샌드윕	food	126.97421	37.57364
샐러드박스	food	126.98027	37.57256
샐러드박스혜화점	food	127.00302	37.58747
샐러드볼	food	126.97421	37.57364
샐러드샾	food	127.01416	37.57305
샐러드온	food	127.00330	37.58329
샐러드캐츠	food	126.98764	37.57802
샐러드하우스	food	126.97360	37.57446
샐러디	food	126.98253	37.57232
샐러디	food	127.00809	37.57082
샐러디경복궁역점	food	126.97198	37.57729
샐러디서대문역점	food	126.96511	37.56886
샐러디성대	food	126.99842	37.58322
샐러디신설동점	food	127.02240	37.57385
샐러딧	food	127.00285	37.57662
샐러링	food	127.00356	37.58160
샐리컵케이크	food	126.96844	37.57780
샘바다	shop	126.98046	37.58168
샘쿡	bar	127.00105	37.58477
샛별사	shop	127.00148	37.57085
샛별사	shop	127.01006	37.57006
생기원	food	126.98651	37.57346
생마차	food	127.00114	37.58332
생마차종각역점	bar	126.98723	37.56966
생맛싸먹	food	127.00080	37.58298
생명보험교육문화센터	activity	126.97435	37.57298
생생푸주간	shop	127.01070	37.57374
생성공간여백	shop	126.99065	37.57630
생일도	food	127.00382	37.57205
생추어리종로	stay	127.00029	37.57665
생활맥주	bar	126.98155	37.57207
생활맥주	bar	126.98522	37.56966
생활맥주	bar	126.97451	37.57115
생활맥주대학로마로니에점	bar	127.00281	37.58186
생활맥주대학로좁은골목점	bar	126.99971	37.58271
생활맥주종로구청	bar	126.98181	37.57239
샤갈노래주점	bar	127.01598	37.57174
샤론	shop	127.00162	37.57293
샤론	shop	127.00732	37.57070
샤론의상실	shop	126.98646	37.57414
샤르망부띠크	shop	126.96602	37.59441
샤모니	shop	127.00323	37.57024
샤밍	shop	126.99120	37.57424
샤밍주얼리	shop	126.99117	37.57456
샤브가든종로	food	126.98361	37.57074
샤브단	food	126.99984	37.58250
샤브스톤종로	food	126.98622	37.56965
샤브정원	food	127.00284	37.58274
샤브토랑	food	127.00029	37.58321
샤오바오우육면	food	126.98662	37.56909
샤이어모텔	stay	126.98875	37.57305
샤인골드	shop	126.98914	37.57060
샤인스미스	shop	126.99204	37.57349
샤인옵티컬	shop	127.00809	37.57082
샤트렌직영	shop	127.01421	37.57283
샬람순수한복	shop	127.00199	37.57011
샬롬	shop	126.99710	37.57098
샬롬	shop	127.00487	37.57663
샬롬백양	shop	126.96969	37.58070
샬롬악기사	shop	126.98765	37.57222
샴푸폰나라	shop	127.00732	37.57070
샵빈티지	shop	127.01673	37.57185
샵힘이나는커피생활종로젊음의	cafe	126.98602	37.56937
샹베리	shop	126.96929	37.58006
샹츠마라	food	126.98589	37.56864
서강정보통신	shop	127.00033	37.58419
서공임갤러리	shop	126.97191	37.58298
서광당	shop	126.99710	37.57098
서광마트	shop	126.99319	37.57186
서광모드	shop	127.01587	37.57515
서궁	cafe	126.96917	37.56869
서기맥주	bar	127.02243	37.57553
서당골	food	126.97992	37.57085
서대문권약국	shop	126.96748	37.56721
서대문권약국	shop	126.96511	37.56886
서대문당구장	activity	126.96748	37.56721
서대문상회	shop	127.00482	37.57005
서대포집	food	126.99104	37.57307
서래미소	food	126.97265	37.57702
서래향	food	127.00362	37.58120
서령서화사	shop	126.98684	37.57338
서령필방	shop	126.98886	37.57354
서로우리하우스	stay	126.96597	37.58096
서른즈음에	bar	126.97204	37.57645
서린	food	126.98138	37.56934
서린꽃방	shop	126.98138	37.56934
서린낙지	food	126.97992	37.57085
서린낙지견지점	food	126.98253	37.57232
서린바지락칼국수	food	126.97992	37.57085
서린플라워	shop	126.97992	37.57085
서림기획	shop	126.99117	37.57311
서림재한옥스테이	stay	127.00477	37.58348
서비가알콩달콩	shop	127.00006	37.57088
서서울농협하나로마트	shop	126.96858	37.57465
서순금류복요리	food	126.97330	37.57342
서순라길	heritage	126.99422	37.57042
서순라길한옥카페	bar	126.99267	37.57345
서앤강푸드	food	126.98523	37.57306
서양면옥서순라길점	food	126.99114	37.57529
서양집	food	127.00045	37.58149
서연	shop	127.02300	37.57625
서연찬방명륜점	shop	126.99861	37.58982
서오릉피자	food	126.96235	37.57086
서우아이앤비주	food	127.01502	37.57255
서운재	food	126.98149	37.58694
서울가야밀면	food	126.99743	37.58334
서울게스트하우스	stay	127.01640	37.57463
서울경찰복지관	shop	126.97198	37.57488
서울경찰복지관서경	food	126.97198	37.57488
서울공예박물관	heritage	126.98355	37.57670
서울공예사	shop	126.98597	37.57318
서울과학고매점	shop	126.99844	37.59155
서울교육박물관	heritage	126.98237	37.57968
서울구경	cafe	126.98156	37.58371
서울국제작가축제	event	126.98363	37.57342
서울김밥	food	126.97256	37.57196
서울깍두기종로	food	126.98361	37.57074
서울낙원악기	shop	126.98765	37.57222
서울네스트	stay	126.99588	37.58764
서울농산	shop	127.01545	37.57568
서울농수산식품	shop	126.99711	37.57439
서울달빛	stay	127.01454	37.57194
서울독립문애터미센터	shop	126.95679	37.57588
서울돈까스	food	127.00624	37.57025
서울돈화문국악당	heritage	126.99064	37.57730
서울뚝배기	food	126.98851	37.56956
서울레코드	shop	126.99462	37.57026
서울레코드펍	bar	126.98886	37.56975
서울레포츠	shop	127.01243	37.57156
서울마님죽	food	127.01188	37.57281
서울마님죽	food	127.00652	37.57136
서울매듭	shop	127.00199	37.57011
서울매운탕	food	126.99992	37.57038
서울메이트	food	127.01100	37.57153
서울메이트종로	food	126.98635	37.56966
서울무형문화재기능보존회	shop	126.99110	37.57694
서울바당	food	127.00068	37.58314
서울보청기	shop	126.99203	37.57043
서울복음서적	shop	127.02163	37.57407
서울분식	food	127.01070	37.57384
서울빈티지	shop	127.01717	37.57317
서울사대부초사회적협동조합	shop	127.00429	37.57759
서울상미화랑	shop	126.99120	37.57424
서울상회	shop	127.00034	37.56981
서울서둘째로잘하는집	cafe	126.98185	37.58631
서울서부수퍼마켓협동조합	shop	126.96660	37.60620
서울서울서울	shop	126.98241	37.58214
서울소울	stay	126.99862	37.58391
서울수산	shop	126.96938	37.58077
서울숲수면센터	shop	126.98063	37.57182
서울숲클라이밍	activity	126.99003	37.56971
서울스쿼시	activity	126.97950	37.57208
서울스테이	stay	127.00474	37.57479
서울식당	food	126.98879	37.56917
서울식당	food	127.00483	37.57033
서울식당	food	127.00367	37.57399
서울식품	shop	126.99125	37.56902
서울신미사	shop	126.99948	37.57038
서울썸머비치	event	126.97617	37.57185
서울아리	stay	126.99135	37.57672
서울안심정육	food	126.98456	37.56888
서울에서첫번째전통찻집	cafe	126.97992	37.57085
서울에어비앤비씨케이인	stay	126.95943	37.60062
서울역사박물관	heritage	126.97078	37.56990
서울예술고등학교매점	shop	126.96789	37.60575
서울예술재단	shop	126.97084	37.57790
서울우리소리박물관	heritage	126.98960	37.57717
서울우유고객센터	shop	126.96718	37.57467
서울우유판매원	shop	127.00067	37.58733
서울원조아구찜	food	126.98802	37.57360
서울윈도우스테이	stay	127.00622	37.58004
서울유통	shop	127.01913	37.57207
서울은마꽈배기	food	126.97263	37.57684
서울의료기	shop	127.00066	37.57902
서울의료기	shop	127.01094	37.57193
서울이야기한옥	stay	126.98463	37.57702
서울이약국	shop	127.00131	37.57950
서울자수	shop	127.00006	37.57088
서울종로약국	shop	127.00165	37.58182
서울집시	bar	126.99153	37.57503
서울찻집	cafe	126.98371	37.57557
서울창작예술센터	shop	127.00592	37.58067
서울커피	cafe	127.00172	37.57858
서울커피상회	cafe	126.98406	37.56964
서울쿠키와플샵북촌지점	shop	126.98637	37.57739
서울큐브종로	stay	126.98467	37.56908
서울특별시종로구시설관리공단	activity	126.99880	37.59046
서울포레호텔	stay	126.99075	37.56896
서울푸드	shop	127.01419	37.58003
서울풍경	food	126.98270	37.57934
서울한옥	food	126.97600	37.57063
서울한옥스테이	stay	126.97088	37.57691
서울화랑	shop	126.99708	37.57235
서울화원	shop	126.97992	37.57085
서울회관	food	126.98258	37.57183
서울후루기	shop	127.02054	37.57324
서울휘트니스	activity	126.98764	37.57802
서원서예	shop	126.98655	37.57384
서원식당	food	127.01698	37.57291
서원안길지점	shop	126.96789	37.60575
서원표구화랑	shop	126.98655	37.57384
서월재	stay	126.97047	37.57537
서유니스테이	stay	126.99801	37.58674
서은재	stay	126.98661	37.57969
서이갤러리	cafe	126.98695	37.58188
서점림	shop	126.97012	37.57864
서촌	food	126.97083	37.58100
서촌가온재	stay	126.97031	37.57987
서촌게스트하우스	stay	126.97063	37.57904
서촌곳간	bar	126.96938	37.57664
서촌과자집	food	126.96920	37.57988
서촌국수	food	126.96941	37.58071
서촌국시한그룻	food	126.96832	37.58147
서촌그책방	shop	126.97033	37.57876
서촌기와집	food	126.97025	37.57650
서촌나들이	shop	126.97199	37.57718
서촌다과방	bar	126.96934	37.57656
서촌다방	cafe	126.97288	37.57669
서촌닭갈비	food	126.97421	37.57364
서촌돌솥	food	126.97119	37.57884
서촌동양	shop	126.96798	37.58045
서촌두에뜨라또리아	food	126.97085	37.57957
서촌등대	stay	126.97017	37.58082
서촌뜰애우곱창타운	food	126.97161	37.57656
서촌뜰애우곱창타운별관	food	126.97186	37.57643
서촌라운지	heritage	126.96887	37.57850
서촌로또방	activity	126.96891	37.58067
서촌마을	heritage	126.96851	37.58019
서촌막회센타	food	126.96970	37.57688
서촌만호	food	126.97127	37.57653
서촌먹거리쉼터	food	126.97205	37.57624
서촌명가	food	126.97021	37.58600
서촌밥집	food	126.96960	37.57756
서촌백년화로	food	126.97529	37.57113
서촌백호정살롱	stay	126.96549	37.57987
서촌봉평막국수	food	126.96967	37.57680
서촌브리즈	stay	126.96652	37.57311
서촌블루스	bar	126.97189	37.57764
서촌비지트	stay	126.96610	37.58099
서촌사	shop	126.97095	37.57803
서촌사랑방한옥	stay	126.97150	37.58289
서촌삼계탕	food	127.01416	37.57305
서촌스테이	stay	126.96912	37.57981
서촌시민상회서촌닭강정공장	food	126.97268	37.57667
서촌시우식당	food	126.96957	37.57771
서촌식당	food	126.97001	37.58145
서촌쌍화	cafe	126.96951	37.57738
서촌아지트	stay	126.96904	37.57831
서촌애가	stay	126.96853	37.57857
서촌영락재	stay	126.96755	37.58032
서촌오뎅집	bar	126.97061	37.57640
서촌인왕식당	food	126.96966	37.58052
서촌일일	bar	126.96879	37.57996
서촌장어가	food	126.96906	37.57713
서촌전통순대국	food	126.96908	37.57668
서촌점방	shop	126.96941	37.58056
서촌정글스테이	stay	126.96568	37.57990
서촌정성코다리	food	126.97058	37.57629
서촌주점	bar	126.96920	37.57988
서촌주차장	food	126.97111	37.57845
서촌친구네	food	126.97066	37.57659
서촌카페디엘	cafe	126.96740	37.58063
서촌칼제비	food	126.96971	37.57666
서촌커피	cafe	126.97083	37.58100
서촌통영	food	126.96851	37.58034
서촌통인루프탑스테이	stay	126.96989	37.58056
서촌통큰아귀찜	food	126.97195	37.57705
서촌프렌치	food	126.96759	37.58067
서촌홈	stay	126.97235	37.58223
서촌화로야	food	126.97094	37.57638
서촌회무끼	food	126.97047	37.57685
서촌휴휴	stay	126.96961	37.58002
서편제	bar	127.00444	37.57156
서평옥광화문	food	126.97899	37.57391
서피동파	food	127.00041	37.58313
서해랑	bar	126.97378	37.57323
서현서우	shop	127.01698	37.57131
서현전자	shop	126.98765	37.57222
서현쥬얼리	shop	126.99208	37.57160
서현카페	cafe	126.97990	37.57415
서호장	food	126.98929	37.56947
서화커피	cafe	127.00002	37.58158
석관동떡볶이	food	127.00036	37.58324
석기보석	shop	126.99286	37.57021
석쇠한잔	bar	127.02084	37.57484
석수장	shop	126.99710	37.57098
석암생소금구이종로	food	126.99070	37.57271
석원	food	126.99458	37.56888
석정	food	126.97331	37.57186
석정보름우물	heritage	126.98690	37.58220
석파랑	food	126.95876	37.59931
석파랑주	food	126.95906	37.59901
석파문화원서울미술관주	shop	126.96243	37.59497
석파정	heritage	126.96277	37.59487
석하레져	activity	127.00060	37.57365
석하레져주	activity	127.00060	37.57365
선	shop	126.95926	37.59971
선건강생활용품점	shop	127.02177	37.57789
선경음향	shop	126.98765	37.57222
선광피아노사	shop	126.98765	37.57222
선교기독교	shop	127.01449	37.57321
선데이아보혜화	food	127.00289	37.57646
선드라이커피	cafe	126.97179	37.57327
선라이즈	stay	127.02201	37.57574
선명파빌리온	stay	126.99847	37.58450
선문갤러리	shop	126.98271	37.57366
선미원	food	126.97886	37.56982
선바위상회	shop	126.95969	37.57852
선봉신세틱	shop	126.98179	37.57253
선비꼬마김밥경희궁	food	126.96511	37.56879
선비꼬마김밥종각	food	126.98552	37.56995
선비옥	food	126.98884	37.56893
선비옥	food	126.98874	37.57186
선셋남산뷰	stay	127.01102	37.57799
선술집	food	126.98986	37.57233
선아트스페이스	shop	126.98146	37.58219
선어도청계천삼일빌딩	food	126.98715	37.56863
선우	cafe	126.98179	37.57253
선우상사	shop	126.99524	37.56929
선유담	shop	126.98610	37.57393
선은재	stay	126.98442	37.58141
선음재	stay	126.98563	37.58510
선의禪衣	shop	126.96733	37.59777
선인직물	shop	126.99919	37.57045
선일사	shop	127.00129	37.56979
선일사	shop	126.99708	37.57235
선일악기	shop	126.98790	37.57276
선진	shop	127.01609	37.57135
선진미싱	shop	127.01560	37.57086
선천집	food	126.98442	37.57496
선하샵	shop	127.01520	37.57175
선한모바일	shop	127.00863	37.57138
선한한복	shop	126.99881	37.57058
선호도의	shop	126.97047	37.57537
선화랑	heritage	126.98572	37.57292
선희가든	food	127.00513	37.57623
선희네	food	126.98765	37.57222
선희의꽃이야기	shop	126.96844	37.58170
설가온	food	126.97631	37.57201
설레는마중	cafe	126.98356	37.57448
설맥낙원점	bar	126.98904	37.57223
설빙	cafe	126.98561	37.56994
설빙	food	127.00316	37.58275
설빙경복궁역점	food	126.97162	37.57799
설스하우스	stay	126.97139	37.57554
설악추	food	127.00155	37.57838
설야만두	food	126.96983	37.58063
설우	food	126.96626	37.56680
설우상사스노우프렌드	shop	127.00607	37.57417
섬	bar	126.97495	37.57145
섬진강	food	126.98665	37.57355
섬진강민물장어	food	126.97288	37.60794
섬타르종로	food	126.98144	37.57096
성가네	food	127.01966	37.57364
성가백암순대	food	126.98179	37.57253
성강문화재단북커스	shop	126.97514	37.61092
성경만두요리전문점	food	126.98971	37.56893
성곡미술관	heritage	126.96970	37.57351
성곽스테이	stay	127.00807	37.57512
성광화방	shop	127.01415	37.57157
성균관감자탕	food	126.99721	37.58425
성균관대인사캠서울점	food	126.99312	37.58722
성균관대학교대학로길	stay	126.99650	37.58425
성균관대학구내학생휴게실	cafe	126.99312	37.58722
성균관법고을점	shop	126.99655	37.58650
성균안경원	shop	126.99846	37.58346
성균원	food	126.99740	37.58431
성균원룸텔	stay	126.99639	37.58812
성금당	shop	126.99708	37.57235
성당약국	shop	126.98905	37.57154
성대국수	food	126.99767	37.58446
성대굿스테이원룸텔	stay	126.99688	37.58786
성대마트	shop	126.99816	37.58398
성대으뜸고시원	stay	126.99509	37.58900
성대정문약국	shop	126.99707	37.58571
성도사	shop	126.99640	37.57039
성도사	shop	126.99708	37.57235
성도여인숙	stay	127.01864	37.57343
성도피아노	shop	126.98765	37.57222
성림기업	shop	126.98971	37.56863
성림전자	shop	126.98316	37.57354
성림한복	shop	127.00103	37.56991
성문당	shop	126.98696	37.57219
성미식품	shop	126.99971	37.57012
성미양꼬치	bar	126.99964	37.57176
성민케이앤지	shop	126.96235	37.57086
성보당	shop	127.01509	37.57879
성보산업	shop	127.01649	37.57168
성보화랑	shop	126.98513	37.57372
성북동커피	cafe	126.97886	37.56982
성불사	shop	126.98274	37.57377
성산옥	food	126.98144	37.57096
성선사	shop	126.99093	37.57065
성수동수제화타운상설	shop	127.02006	37.57221
성신사	shop	126.97421	37.57364
성신식품	shop	126.99257	37.57292
성신유리	shop	126.99114	37.57332
성심약국	shop	127.01548	37.57553
성심필방	shop	126.98696	37.57219
성안종합전기	shop	126.99057	37.56929
성우육회	food	126.99992	37.57038
성원사	shop	127.01603	37.57081
성원주단	shop	126.99967	37.57048
성원통고깃집	food	126.97104	37.57886
성은당	shop	126.99708	37.57235
성인용품제일산업	shop	126.99381	37.57025
성일국악사	shop	126.99071	37.57467
성일사	shop	126.98687	37.57247
성일전업사	shop	126.96831	37.58045
성진당	shop	126.99786	37.56975
성진유통	shop	127.01954	37.57209
성진전기	shop	126.99107	37.56867
성진휘장	shop	126.98887	37.56958
성창사	shop	126.99341	37.57229
성풍	shop	126.97077	37.58106
성호네	food	126.99971	37.57012
세검정돈까스	food	126.96407	37.59557
세검정식당	food	126.96124	37.60158
세검정웰빙식당	food	126.97163	37.60698
세검정커텐칼리	shop	126.96086	37.60469
세겹식당	food	126.98635	37.56948
세계로약국	shop	126.98328	37.57218
세계로정보	shop	126.98968	37.57614
세계명화아트페어	cafe	127.00326	37.58248
세계아이스크림	shop	126.96895	37.58081
세계유명전시장	shop	126.96239	37.59820
세계장신구박물관	heritage	126.98182	37.58103
세계주류	shop	126.98285	37.57171
세계주류	shop	126.99768	37.57605
세광사	shop	126.99783	37.56912
세그라빈티지	shop	126.96892	37.57957
세끼니	food	127.00223	37.57312
세나코퍼레이션씨유내자주	shop	126.97219	37.57624
세네동	bar	126.96744	37.58081
세라	shop	126.99236	37.57074
세라믹스튜디오시선	shop	126.96709	37.58108
세라제화	shop	127.00162	37.58223
세러데이팔로	bar	126.99962	37.57008
세렌디피티	stay	126.98987	37.56907
세렌디피티하우스	stay	127.01337	37.57011
세령	shop	126.98488	37.57426
세로방	shop	126.99131	37.57394
세루리안인사	cafe	126.98493	37.57474
세림	shop	126.99880	37.59046
세림표구	shop	127.00033	37.58419
세마카페	cafe	126.97190	37.60780
세미다방	cafe	127.00006	37.57088
세미스테이	stay	126.99510	37.58926
세민약국	shop	126.96879	37.58038
세바퀴	bar	126.98619	37.57725
세방	shop	126.99692	37.57029
세보	shop	126.99708	37.57235
세보표구사	shop	126.98731	37.57352
세븐	shop	126.98531	37.57058
세븐경희궁롯데캐슬점	shop	126.95860	37.57438
세븐대학로카페점	shop	127.00245	37.58327
세븐동대문역점	shop	127.01257	37.57233
세븐동대문점주	shop	127.00864	37.57144
세븐마로니에공원점	shop	127.00234	37.58154
세븐명륜성대점	shop	126.99673	37.58679
세븐명륜카페점	shop	126.99991	37.58206
세븐일레븐	shop	126.98463	37.56909
세븐일레븐	shop	127.01257	37.57233
세븐일레븐	shop	127.00864	37.57144
세븐일레븐경복궁점	shop	126.97987	37.57792
세븐일레븐경희궁롯데	shop	126.95860	37.57438
세븐일레븐낙원점	shop	126.98655	37.57384
세븐일레븐대학로카페점	shop	127.00245	37.58327
세븐일레븐독립문역점	shop	126.95813	37.57457
세븐일레븐동묘	shop	127.01949	37.57321
세븐일레븐명륜동선점	shop	126.99735	37.58914
세븐일레븐명륜카페점	shop	126.99991	37.58206
세븐일레븐세	shop	126.97866	37.57422
세븐일레븐신설동역점	shop	127.02286	37.57609
세븐일레븐아벤트리	shop	126.98334	37.57311
세븐일레븐아벤트리	shop	126.97793	37.57096
세븐일레븐우체국점	shop	126.97810	37.56984
세븐일레븐종로	shop	126.99810	37.57400
세븐일레븐종로	shop	127.00306	37.57596
세븐일레븐종로	shop	127.00044	37.57620
세븐일레븐종로	shop	126.99083	37.57241
세븐일레븐종로	shop	126.97563	37.57121
세븐일레븐종로	shop	126.96412	37.57358
세븐일레븐종로	shop	126.98179	37.57253
세븐일레븐종로관수점	shop	126.98899	37.56976
세븐일레븐종로내자점	shop	126.97124	37.57579
세븐일레븐종로누상점	shop	126.96633	37.58097
세븐일레븐종로뉴	shop	126.99119	37.57442
세븐일레븐종로당주점	shop	126.97258	37.57210
세븐일레븐종로묘동점	shop	126.99169	37.57145
세븐일레븐종로배화점	shop	126.96945	37.57717
세븐일레븐종로부암점	shop	126.96376	37.59281
세븐일레븐종로삼일대로점	shop	126.98741	37.56978
세븐일레븐종로삼일점	shop	126.98673	37.56858
세븐일레븐종로서촌점	shop	126.97233	37.57782
세븐일레븐종로성대점	shop	126.99767	37.58429
세븐일레븐종로숭인점	shop	127.02257	37.57829
세븐일레븐종로신영점	shop	126.96099	37.60219
세븐일레븐종로신협점	shop	127.01067	37.57006
세븐일레븐종로이비스점	shop	126.98935	37.57413
세븐일레븐종로인의점	shop	126.99953	37.57207
세븐일레븐종로창경궁로점	shop	126.99736	37.57310
세븐일레븐종로창성점	shop	126.97119	37.58146
세븐일레븐종로창의문점	shop	126.96387	37.59488
세븐일레븐종로청계천	shop	126.98866	37.56840
세븐일레븐종로충신점	shop	127.00651	37.57437
세븐일레븐종로코아점	shop	126.98602	37.56937
세븐일레븐종로피맛골점	shop	126.98604	37.57042
세븐일레븐종로향기점	shop	127.02163	37.57407
세븐일레븐종로호스텔점	shop	126.99028	37.57608
세븐일레븐창신우리점	shop	127.01074	37.57485
세븐일레븐창신점	shop	127.01382	37.57221
세븐일레븐청계하이뷰점	shop	127.00122	37.57066
세븐일레븐탑골공원점	shop	126.98946	37.57100
세븐일레븐평창점	shop	126.96596	37.60697
세븐일레븐혜화점	shop	127.00060	37.58579
세븐일레븐호텔점	shop	127.01035	37.57085
세븐종각점주	shop	126.98463	37.56909
세븐종로누상점	shop	126.96633	37.58097
세븐종로묘동점	shop	126.99169	37.57145
세븐종로부암점주	shop	126.96376	37.59281
세븐종로삼일대로점	shop	126.98741	37.56978
세븐종로삼일점	shop	126.98673	37.56858
세븐종로성대점	shop	126.99767	37.58429
세븐종로이비스점	shop	126.98935	37.57413
세븐종로재동점	shop	126.98474	37.57952
세븐종로청계천본점	shop	126.98866	37.56840
세븐종로코아점	shop	126.98602	37.56937
세븐종로피맛골점	shop	126.98604	37.57042
세븐종로호스텔점	shop	126.99028	37.57608
세븐종로３가역점주	shop	126.99083	37.57241
세븐청계센터점	shop	126.98431	37.56899
세븐탑골공원점주	shop	126.98946	37.57100
세븐틴코인노래연습장종로	activity	126.98931	37.57267
세븐평창점주	shop	126.96596	37.60697
세븐피시방	activity	126.99883	37.58264
세븐혜화빌딩주	shop	127.00060	37.58579
세븐혜화점주	shop	127.00060	37.58579
세비앙	shop	127.00515	37.57006
세상을여는창	food	126.99003	37.56971
세아	food	126.99756	37.58451
세안에이앤에이종로지점	stay	126.99817	37.57189
세영이지	food	126.97617	37.57185
세영이지주	food	126.98421	37.57259
세와세무나레스토랑	food	127.01248	37.57234
세와인컴퍼니	food	126.97992	37.57085
세운	shop	126.99462	37.57026
세운당구장	activity	126.99473	37.56946
세운상가	activity	126.99526	37.56934
세운슈퍼	shop	126.99708	37.57235
세운음향	shop	126.99524	37.56929
세운전자상가	shop	126.99526	37.56934
세운주얼리	shop	126.99708	37.57235
세운커피숍	cafe	126.99475	37.57022
세움전기	shop	126.99001	37.56859
세이버리바이츠	food	127.00045	37.58176
세이보리서울	stay	127.00622	37.58004
세이브	shop	127.00732	37.57070
세이지핀치	food	126.96896	37.57747
세인트	shop	127.01885	37.57285
세인트오터바	bar	126.99343	37.57201
세인트제임스삼청플랫폼	shop	126.98189	37.58231
세전주식당	food	126.99272	37.57338
세종공예	shop	126.99065	37.57192
세종당구장	activity	126.97008	37.58342
세종로공원	nature	126.97598	37.57348
세종문화회관	heritage	126.97632	37.57206
세종문화회관꽃집인덕플라워경희궁점	shop	126.97210	37.57097
세종문화회관카페베네	cafe	126.97617	37.57185
세종보청기	shop	126.97477	37.57049
세종빌리아드	activity	126.97331	37.57186
세종슈퍼	shop	126.97331	37.57186
세종식당	food	126.96923	37.58066
세종식품	shop	126.97387	37.57597
세종약국	shop	126.97331	37.57186
세종인재사	shop	127.01371	37.57175
세종치킨	bar	126.97418	37.57236
세종커피	cafe	126.97331	37.57186
세종호스텔	food	126.97331	37.57186
세종화랑	shop	126.98496	37.57380
세진주얼리	shop	126.99865	37.57144
세창주단	shop	127.00085	37.56976
세컨드커피	cafe	126.99089	37.57678
세포상회	shop	126.98545	37.58057
세피앙여관	stay	126.99047	37.57478
세화미술관	heritage	126.97213	37.56965
세화정	food	127.00693	37.57163
세화호스텔	stay	126.99033	37.57479
센꼬치	bar	126.99940	37.58387
센사이	shop	126.99952	37.58442
센스	shop	126.97177	37.60701
센스	bar	126.98924	37.57184
센스노래장	activity	126.97504	37.57126
센추럴비지니스	bar	126.99296	37.56898
센트럴관광호텔	stay	126.99298	37.56903
센트럴커피웍스	cafe	126.97992	37.57085
센트럼드립	bar	126.98365	37.57149
센트바이	shop	126.96886	37.57645
센힘에프엔비	shop	126.96000	37.60548
셀럽샵	shop	126.98364	37.57954
셀립순라	stay	126.99110	37.57703
셀비나주얼리	shop	126.99256	37.57216
셋잇단	cafe	126.97083	37.58100
셔터	food	126.98994	37.57268
셜록홈즈	activity	126.98650	37.56906
셜록홈즈	activity	127.00258	37.58186
셰이디드	cafe	126.99731	37.58326
셰익스비어	bar	126.98704	37.56941
소가갈비탕	food	126.99767	37.57567
소고산제일루	food	126.98055	37.57062
소곱집	food	127.01497	37.57084
소공헌과몬도베르	shop	126.98219	37.57537
소국밥	food	126.97331	37.57186
소금골드	shop	126.99865	37.57144
소금도서관북촌지점	shop	126.98647	37.57926
소금집안국지점	food	126.98623	37.57946
소나무식당	food	127.02108	37.57502
소나무집	stay	126.99924	37.58248
소나타	shop	126.99004	37.57058
소녀방앗간마로니에점	food	127.00442	37.58316
소누리프레	stay	126.96895	37.58323
소누스테이	stay	126.97181	37.58113
소다만식품	food	126.98964	37.56939
소담	food	126.98996	37.57421
소담	food	127.00180	37.57264
소담	food	126.97333	37.57537
소담스런소반	food	126.99726	37.57452
소담약국	shop	126.99763	37.58441
소담온종로	stay	126.99132	37.57204
소담유	stay	126.97091	37.57926
소담포차	food	127.02007	37.57460
소라	shop	126.99710	37.57098
소라직물	shop	127.00022	37.57063
소라피아노	shop	126.98765	37.57222
소락방	stay	126.98849	37.57285
소루	shop	126.98104	37.58287
소리골	bar	126.97524	37.57127
소리공방	shop	126.97992	37.57085
소리나악기	shop	126.98765	37.57222
소리드림보청기	shop	127.01020	37.57185
소리샘보청기	shop	126.99248	37.57019
소리하나	shop	126.98485	37.57420
소림마라	food	126.98428	37.56971
소림사	food	126.99145	37.57414
소마	bar	126.98972	37.57565
소마	cafe	126.96349	37.59367
소망약국	shop	127.01483	37.57310
소문난갈비	food	127.01079	37.57212
소문난곱창	food	127.01046	37.57270
소문난과일집	shop	127.01520	37.57175
소문난마산아구	food	126.98814	37.57335
소문난막국수	food	127.01931	37.57355
소문난백반	food	127.01134	37.57487
소문난집삼경원	food	126.97992	37.57085
소문난포차	bar	127.02098	37.57492
소바의온도	food	127.01586	37.57547
소바의온도	food	127.00401	37.58218
소반	food	126.99527	37.58877
소반	food	126.97328	37.57632
소백상회	shop	126.97012	37.58625
소보로식당	food	126.95860	37.57438
소복국수	food	126.97316	37.57297
소복맨션	stay	126.99728	37.58906
소비조합	shop	126.97793	37.57096
소살리토	food	126.98652	37.57214
소서원	stay	126.96982	37.58254
소선재	food	126.98181	37.58559
소선재푸드랩	food	126.98179	37.58554
소소	cafe	126.98911	37.56996
소소갈비찜	food	127.02223	37.57720
소소떡볶이경희궁	food	126.96163	37.57172
소소재	stay	127.01443	37.57709
소소하우스	stay	126.96816	37.58033
소소한행복	food	126.98225	37.57912
소솜	shop	126.99865	37.57144
소숯점	food	126.97536	37.57130
소슬다원	shop	126.98571	37.57359
소야원	food	126.97076	37.57555
소양호실내낚시터	activity	127.02026	37.57290
소연	cafe	126.99159	37.57683
소연에프앤비안동국시소람	food	126.98414	37.57364
소영	shop	126.98488	37.57426
소온	stay	127.01194	37.57008
소온	shop	127.00071	37.57129
소요	shop	127.00732	37.57070
소우	bar	126.97504	37.57126
소우	bar	126.98076	37.57285
소울	cafe	126.97138	37.58045
소울갈비	food	126.98456	37.56888
소울공방	shop	126.99123	37.57431
소울굴	bar	127.00950	37.57933
소울뷰티엔크리스탈환타지	shop	126.98652	37.57230
소울빌챠오바	food	126.97116	37.57529
소울키친콩뼈숯뼈	food	127.01195	37.57224
소원책담협동조합	shop	127.00076	37.58756
소월담	stay	126.98590	37.57883
소월정	stay	126.98649	37.58328
소유	shop	126.98591	37.57422
소유재	stay	126.98739	37.58267
소유템종로광장	shop	127.00122	37.57066
소유템혜화	shop	127.00352	37.58097
소윤이네식당	food	126.99462	37.57015
소이로움	cafe	126.96860	37.57971
소이코스메틱	shop	127.01601	37.57198
소주한잔	bar	126.98429	37.56929
소진담안녕인	food	126.98355	37.57447
소친친	food	126.99976	37.58260
소통보청기	shop	126.98557	37.56926
소품쟁이자수표구	shop	126.99524	37.56929
소풍	food	127.02286	37.57609
소풍	food	126.98925	37.56959
소풍	shop	126.98531	37.57413
소풍	food	126.96492	37.57371
소풍가는날	food	126.97119	37.57922
소풍가는날	food	126.98144	37.57096
소프트박스	shop	126.99231	37.57156
소한마리정육식당	food	126.98658	37.56870
소현당	food	126.98180	37.57889
소호리빙텔	stay	126.95584	37.60057
소호에스티	shop	126.97181	37.58229
속초시장닭강정	food	127.00496	37.57049
속초시장닭강정광장	food	127.00072	37.57063
속초오징어어시장	food	126.98705	37.56907
손놀림공방	shop	127.00795	37.57796
손맛	food	126.96981	37.58072
손수제비	food	126.99110	37.57193
손정보쌈	food	126.98618	37.56893
손큰할매순대국견지동점	food	126.98330	37.57362
손큰할매순대국동묘역점	food	127.01609	37.57272
솔고의료기	shop	127.00235	37.57076
솔나무길된장예술	food	127.00111	37.58213
솔누리세계인형박물관	shop	127.00688	37.57816
솔드아웃	shop	127.01921	37.57246
솔로몬	shop	126.99708	37.57235
솔로몬	shop	126.99710	37.57098
솔로몬악기	shop	126.98765	37.57222
솔밭숯불갈비	food	126.98820	37.57364
솔밭식당	food	127.00611	37.57039
솔상사	shop	126.97990	37.57415
솔솥	food	127.00053	37.58241
솔솥	food	126.99020	37.57421
솔솥서촌점	food	126.97148	37.57809
솔솥종로	food	126.98361	37.57074
솔솥케이트윈점	food	126.97902	37.57473
솔스테이	stay	126.97095	37.57803
솔팬	shop	126.99430	37.56902
솜갤러리	shop	126.98551	37.57565
솜씨	shop	126.98723	37.57189
솜씨	food	126.96507	37.57382
솝리	shop	126.98410	37.57702
솟대	cafe	127.01506	37.57254
솟대	food	127.00466	37.58087
송가네숯불갈비	food	127.01137	37.57311
송도비단	shop	126.98540	37.57210
송림정육점	shop	126.96880	37.58082
송림주	shop	126.96880	37.58082
송백	food	126.97331	37.57186
송백식당	food	126.97421	37.57364
송백표구화랑	shop	126.99103	37.57490
송송약국	shop	126.97992	37.57085
송스키친	food	126.96015	37.60063
송스테이	stay	126.98774	37.58282
송암골뱅이	food	126.97156	37.57785
송암슈퍼	shop	126.97156	37.57785
송암여관	food	126.99017	37.57393
송월종로상회	shop	127.00164	37.57120
송은경한복	shop	126.99967	37.57048
송이네	shop	126.98218	37.56967
송이네	food	127.01178	37.57300
송이네남도식당	food	127.02181	37.57585
송이네예술반찬	food	127.01181	37.57293
송이약국	shop	126.97992	37.57085
송이플라워	shop	126.98034	37.57291
송일기업주	stay	127.01035	37.57085
송재헌	food	126.98261	37.58489
송전	food	126.97886	37.56982
송정식당	food	127.00588	37.57023
송죽필방	shop	126.98362	37.57295
송죽헌	food	126.98942	37.57648
송하식당	food	126.99808	37.57480
송학	food	126.97886	37.56982
송학상사	shop	126.97333	37.57537
송해국밥	food	127.01708	37.57298
송해길노래연습장	activity	126.98938	37.57184
송해길라이브카페	bar	126.98858	37.57234
송현다미	stay	126.98114	37.57771
송현석임대	stay	126.98568	37.58032
송현식당	food	126.99750	37.58397
송화미술관	shop	126.98157	37.58288
솥내음	food	126.97213	37.56964
솥내음종로인	food	126.98696	37.57219
솥밥예찬	food	126.98355	37.57447
쇠고집	food	126.98641	37.57185
쇼라쬬마라탕	food	126.99487	37.58891
쇼콜라디제이	cafe	126.97059	37.57393
쇼타돈부리	food	126.99514	37.58885
숏컷익스프레스	cafe	127.00732	37.57070
수	shop	126.97429	37.57203
수갤러리	shop	126.95819	37.57461
수노래주점	bar	127.00635	37.57165
수도관현악기	shop	126.98854	37.57281
수도약국	shop	126.98514	37.57404
수도원	bar	127.00477	37.58173
수도원의비밀저장고	food	126.98495	37.56906
수래연	cafe	126.97803	37.56955
수레지던스	stay	126.98493	37.56933
수련	food	126.99071	37.57409
수림침구	shop	126.99971	37.57012
수모텔	stay	126.96830	37.57670
수미감자탕	food	126.99485	37.58912
수민예	shop	126.98561	37.57386
수베차레스토랑	food	127.01253	37.57244
수복상회	shop	127.00199	37.57011
수복상회	shop	126.99971	37.57012
수복인삼	shop	127.00006	37.57088
수북강녕	shop	126.98957	37.58218
수북하게줄께	food	126.98663	37.57206
수산	food	126.97504	37.57126
수성노래광장	activity	127.00601	37.57166
수성동계곡	nature	126.96320	37.58228
수송게스트하우스	stay	126.98118	37.57306
수수	cafe	126.96660	37.60574
수수커피디	cafe	126.97891	37.57100
수아뮤직	shop	126.98765	37.57222
수아미악기음향	shop	126.98765	37.57222
수안경콘택트	shop	127.01513	37.57842
수안재	stay	126.99707	37.58571
수앤진골드파트너	shop	126.99290	37.57074
수약국	shop	126.98144	37.57096
수어재	shop	127.01280	37.57608
수에르조	shop	127.00052	37.58649
수연	food	126.98565	37.57487
수연한복	shop	127.00732	37.57070
수연홈마트	shop	126.98663	37.58170
수왕	food	126.98630	37.57772
수요일	cafe	126.98543	37.57379
수우리옷	shop	127.00006	37.57088
수원상회	shop	126.98804	37.57432
수원성갈비	food	127.01121	37.57322
수원왕갈비	food	127.01121	37.57322
수유골목냉면종로	food	126.99919	37.57233
수유리우동동묘점	food	127.01687	37.57354
수자네	shop	126.95926	37.60653
수정공방	shop	126.98652	37.57230
수정모피	shop	127.00048	37.56968
수정분식	food	126.99971	37.57012
수정쇼핑	shop	126.98379	37.57479
수정식당	food	127.02084	37.57521
수제벗갈비	food	127.00359	37.58254
수제비	food	126.97488	37.56973
수제비와보리밥세상	food	127.00140	37.57839
수젬감동이야	shop	126.99228	37.57273
수족관	shop	127.00571	37.57084
수족관남국상사	shop	127.01420	37.57082
수키	food	126.96697	37.57486
수퍼	food	126.97102	37.57308
수퍼야드	cafe	127.00182	37.57402
수풀	shop	126.97072	37.58518
수풀떠들썩파랑나비	shop	127.00436	37.58083
수피아	shop	126.99247	37.57074
수피아게스트하우스	stay	126.97164	37.58091
수한복	shop	127.00006	37.57088
수향식품제조상궁주	food	126.97158	37.56927
수헌재	cafe	126.98413	37.58288
숙녀미용실카페앤펍	cafe	126.98933	37.57558
숙달돼지	food	126.98412	37.56939
숙달돼지종각	food	126.98412	37.56939
숙성의미껍데기	food	126.99114	37.57325
숙썽수산종로	food	126.98677	37.56966
숙이네	food	127.00588	37.57023
숙인	shop	126.96881	37.57757
숙인화가	shop	126.96881	37.57757
숙자트레이딩	shop	127.00732	37.57070
순금당	shop	126.99708	37.57235
순금반지	shop	126.99247	37.57228
순남시래기	food	126.98226	37.58532
순남시래기	food	126.97360	37.57446
순남시래기	food	126.98179	37.57253
순대실록	food	126.98675	37.56868
순대실록	food	127.00307	37.58330
순대실록	food	126.97460	37.57087
순라	stay	126.99114	37.57668
순라간	food	126.99252	37.57363
순라길	food	126.99152	37.57651
순라길비비	cafe	126.99298	37.57290
순라길책방	shop	126.99133	37.57564
순라빈티지	shop	126.99278	37.57329
순라스테이	stay	126.99114	37.57668
순수덮밥	food	127.00532	37.57556
순안슈퍼	shop	127.01150	37.57094
순안여인숙	stay	127.01155	37.57085
순음보청기	shop	126.99127	37.57066
순이네	food	126.97188	37.57713
순이네구제	shop	127.01933	37.57210
순창토속청국장	food	127.01091	37.57203
순천가	food	126.98919	37.57113
순천식당	food	126.98918	37.57107
순풍과일나라	shop	127.01114	37.57370
순희네	shop	126.99971	37.57012
순희네빈대떡	food	127.00074	37.57067
순희네빈대떡닭한마리	food	127.00554	37.57048
술데렐라	bar	127.00651	37.57185
술복궁	food	126.97213	37.57645
술안주편의점	shop	126.99343	37.57201
술타벅스	food	127.00592	37.57083
술패도니	bar	126.98459	37.56946
숨숨	cafe	126.99660	37.57517
숨은나무	food	126.98523	37.57105
숭인근린공원	nature	127.01791	37.57725
숭인다모아약국	shop	127.01572	37.57674
숭인스테이	stay	127.01605	37.57924
숭인약국	shop	127.02232	37.57549
숭인호프	bar	127.01880	37.57431
숯불꼼장어	food	126.99053	37.57246
숲	shop	126.98643	37.57239
숲과함께갤러리	shop	126.95581	37.60787
숲속호두경희궁의아침점	food	126.97223	37.57261
숲인성교육연구소	shop	126.95581	37.60787
쉬는시간	food	126.96956	37.57969
쉬크	shop	126.99186	37.57233
쉼	bar	126.97009	37.57653
쉼박물관	heritage	126.95565	37.59953
쉼터산울림	bar	126.96115	37.61508
쉼표스테이	stay	126.99547	37.58464
슈가살롱	food	126.98669	37.58210
슈거마틴	food	127.00280	37.58365
슈머프	shop	127.01520	37.57175
슈미케이	shop	126.99809	37.56954
슈백	shop	127.01336	37.57011
슈슈	shop	126.98980	37.57057
슈올즈	shop	127.00428	37.57078
슈이타	shop	126.97046	37.58202
슈키	food	126.97106	37.57789
슈퍼랜드	shop	127.00631	37.58324
슈퍼마켓	shop	126.99108	37.57065
슈퍼맨	shop	127.00732	37.57070
슈퍼맨	bar	127.00514	37.57070
슈퍼비어	bar	127.00402	37.57255
슈퍼스타	activity	127.00207	37.58398
슈퍼스타휘트니스	activity	127.00207	37.58398
슈퍼이야이야	food	126.98408	37.57711
슈프림	shop	127.00732	37.57070
슈프림스	shop	126.98416	37.57432
슈홀릭	shop	126.96652	37.60567
스기모토	food	126.98206	37.57975
스닐사	shop	126.98980	37.57057
스란	stay	126.96704	37.58113
스마일	shop	126.98947	37.57291
스마일	shop	127.01662	37.57033
스마일명품찹쌀꽈배기	food	127.02215	37.57689
스마일식당	food	127.00343	37.57053
스모크빌리지	food	126.97803	37.56955
스모크트레인	food	127.00082	37.58412
스모플레이스센트로폴리스점	food	126.98355	37.57157
스몰패브릭	shop	126.99938	37.57350
스무디킹삼청동점	food	126.98133	37.58157
스미레돈카츠	food	126.98568	37.57818
스미스가좋아하는테라스	food	126.98134	37.58762
스스로자	bar	126.97470	37.57129
스시누하	food	126.96865	37.57912
스시마시따	food	127.00026	37.58342
스시사소우	food	126.99920	37.58279
스시산원궁	food	126.97902	37.57473
스시소라	food	126.98365	37.57149
스시소라	food	126.97992	37.57085
스시야	food	126.99195	37.57011
스시와	food	126.98124	37.57502
스시우미	food	126.98181	37.57239
스시키마에	food	126.98179	37.57253
스시해	food	126.96511	37.56886
스에야메이린	activity	126.99857	37.58653
스위스	food	126.97848	37.61142
스위스악기사	shop	126.98765	37.57222
스위스장	stay	127.00405	37.57556
스위트	shop	127.01337	37.57011
스위트노래방	activity	126.98676	37.56893
스위트드림플라워안국역점	shop	126.98582	37.57672
스위트하니서대문역점	shop	126.96664	37.56586
스윗밸런스	food	126.97902	37.57473
스윗밸런스정동길점	food	126.97007	37.56857
스윗소사이어티	cafe	126.97119	37.57838
스윗스모크	food	126.97313	37.57377
스카이노래래짱	bar	126.99025	37.57081
스카이라운지	bar	126.98834	37.57204
스카이모텔	stay	127.00414	37.57198
스카이케이	shop	126.98699	37.56994
스케치	food	127.00172	37.57596
스케치	shop	126.98564	37.57340
스케치노래주점	bar	127.01339	37.57262
스코니	food	126.96511	37.56886
스코프베이크하우스	food	126.96360	37.59315
스코프케이크하우스	food	126.96749	37.58036
스콧스테이	stay	127.01625	37.57695
스쿠퍼	food	126.97119	37.57838
스쿨푸드종로청계천	food	127.00267	37.57454
스타노래	bar	126.98673	37.56858
스타노래밤	activity	127.01204	37.57176
스타노래팡	bar	126.99973	37.57214
스타당구장	activity	126.99982	37.57193
스타더스트	cafe	126.97460	37.57087
스타모터샵	shop	127.01552	37.57984
스타벅스	cafe	126.97264	37.57718
스타벅스	cafe	126.97007	37.56857
스타벅스	cafe	126.98361	37.57074
스타벅스	cafe	126.97899	37.57391
스타벅스	cafe	126.96862	37.57456
스타벅스	cafe	126.99720	37.58046
스타벅스	cafe	126.97488	37.56973
스타벅스	cafe	126.96781	37.56887
스타벅스	cafe	126.97360	37.57446
스타벅스	cafe	126.96723	37.60618
스타벅스	cafe	126.99837	37.58297
스타벅스	cafe	126.98070	37.57167
스타벅스	cafe	126.99839	37.57144
스타벅스	cafe	126.98867	37.56975
스타벅스	cafe	126.99826	37.57298
스타벅스	cafe	126.96626	37.56680
스타벅스	cafe	126.97631	37.57127
스타벅스	cafe	126.97891	37.57100
스타벅스	cafe	126.98052	37.57437
스타벅스	cafe	126.98565	37.57738
스타벅스	cafe	126.97793	37.57096
스타벅스	cafe	126.96721	37.56677
스타벅스	cafe	126.98144	37.57096
스타벅스	cafe	126.97978	37.57545
스타벅스	cafe	126.97396	37.57513
스타벅스	cafe	126.99971	37.57012
스타벅스	cafe	127.00145	37.57645
스타벅스	cafe	126.98178	37.58538
스타벅스	cafe	126.97810	37.56984
스타벅스	cafe	126.98112	37.57267
스타벅스	cafe	127.00391	37.58297
스타벅스	cafe	126.97780	37.57216
스타벅스	cafe	127.00203	37.58424
스타벅스	cafe	126.97230	37.57171
스타벅스	cafe	126.96163	37.57172
스타벅스	cafe	126.99022	37.57059
스타벅스	cafe	127.00234	37.58154
스타벅스	cafe	126.98647	37.57945
스타벅스	cafe	126.98454	37.56996
스타벅스	cafe	127.00220	37.58251
스타벅스	cafe	126.98600	37.56908
스타벅스	cafe	126.98695	37.57218
스타빈	shop	126.98980	37.57057
스타빈티지	shop	127.01853	37.57346
스타악기	shop	126.98798	37.57204
스타안경	shop	127.00162	37.57293
스타약국	shop	127.00203	37.58424
스타원룸텔	stay	126.99837	37.58297
스타일	shop	127.01836	37.57112
스타쥬얼리	shop	126.99123	37.57102
스타키보청기종로센터	shop	126.98736	37.56990
스타하우스	bar	126.98920	37.57196
스타호스텔	stay	127.00342	37.57163
스타호스텔광장마켓점	stay	127.00293	37.57167
스타호스텔스위트	stay	127.00293	37.57167
스탐티쉬	cafe	126.96570	37.59271
스태커스	shop	126.99123	37.57102
스태픽스	cafe	126.96769	37.57737
스탠다드	shop	126.98361	37.57074
스탠다드브레드안국	cafe	126.98560	37.57713
스탠다드트레이닝	activity	126.97148	37.58035
스탠딩커피	cafe	126.97129	37.58363
스터드	bar	126.98994	37.57268
스텀프서울	stay	127.01223	37.57912
스테리하우스	stay	127.01235	37.57521
스테이남산뷰	stay	127.01102	37.57799
스테이노을	stay	127.01162	37.57634
스테이누아종로	stay	127.00044	37.57233
스테이늘	stay	127.00002	37.59031
스테이다반사	stay	126.97111	37.57744
스테이단지	stay	126.98186	37.58140
스테이달마지	stay	126.96878	37.57663
스테이대학로	stay	127.00626	37.58036
스테이도손	stay	127.00533	37.57082
스테이동묘	stay	127.01875	37.57160
스테이르엘프리미엄원룸텔레지던스종로	stay	126.98938	37.57184
스테이릴리헤이븐	stay	127.00461	37.58072
스테이먹	stay	126.97066	37.57668
스테이모어	stay	127.00282	37.57167
스테이모일	stay	126.99111	37.57666
스테이무늬	stay	126.98327	37.58522
스테이바람숨	stay	126.98209	37.58225
스테이바이브	stay	126.96357	37.60518
스테이별빛숭인	stay	127.01931	37.57512
스테이봄	stay	127.00474	37.57479
스테이사이	stay	127.00010	37.57168
스테이서울로그	stay	127.00993	37.57348
스테이석정	stay	126.98699	37.58215
스테이숨	stay	127.00738	37.57556
스테이영에버	stay	127.01064	37.57733
스테이오구당당	stay	126.97061	37.57763
스테이오아시스프리미엄원룸텔레지던스종로	stay	126.98085	37.57191
스테이오하나	stay	126.98478	37.56944
스테이온	stay	127.01337	37.57011
스테이온기	stay	126.98395	37.58014
스테이우연	stay	126.99996	37.57672
스테이울림	stay	126.98436	37.56994
스테이워니	stay	126.96026	37.57302
스테이웨일	stay	126.99397	37.58673
스테이인	stay	127.01223	37.57912
스테이자두	stay	126.99671	37.58703
스테이정	stay	127.00174	37.58919
스테이조이	stay	126.97055	37.58576
스테이종로	stay	126.99852	37.57378
스테이준	stay	127.01043	37.57744
스테이지니	stay	127.02239	37.57808
스테이참	stay	127.01595	37.57610
스테이청운	stay	126.96824	37.58772
스테이코레드	stay	126.97164	37.58208
스테이코멧	stay	127.01064	37.57733
스테이코지	stay	127.01443	37.57709
스테이테바	stay	127.00641	37.57930
스테이트랙	stay	127.00044	37.58421
스테이트리니티	stay	126.96861	37.57963
스테이포레스트	stay	127.00643	37.57938
스테이피스	stay	127.01108	37.57384
스테이한양	stay	126.98670	37.58057
스테이헤리티지익선동	stay	126.98858	37.57309
스테이헤리티지인사동	stay	126.98825	37.57438
스테이혜래	stay	126.99771	37.58901
스테이혜화	stay	126.99737	37.58295
스텔라홈	stay	126.97052	37.58586
스텝백신발	shop	126.98808	37.57245
스텝핑	activity	126.99959	37.58291
스토구	food	126.98410	37.57556
스토리	shop	127.00006	37.57088
스톤콧인어반	shop	126.99344	37.57077
스튜디오나인	stay	127.00641	37.57930
스튜디오디바인삼청	shop	126.98022	37.58376
스튜디오루쥬	shop	126.98181	37.58046
스튜디오에잇	shop	126.98904	37.58371
스튜디오엔케이앤킵인터치	shop	126.98496	37.57731
스튜디오이공팔	shop	126.96459	37.59529
스튜디오잇	cafe	126.97283	37.57877
스튜디오제이	shop	126.98928	37.57364
스튜디오토움	shop	126.96697	37.57405
스트라디	shop	126.97186	37.57878
스트렝스커피	cafe	127.00232	37.57576
스트로모브카	shop	126.98748	37.57927
스파게티가있는풍경	food	126.97618	37.57048
스파더정	shop	126.99817	37.57189
스파렉스여탕매점	shop	127.01520	37.57175
스파렉스피트니스	activity	127.01520	37.57175
스파원	shop	127.01520	37.57175
스페이스	shop	126.98552	37.57020
스페이스	shop	126.98531	37.57058
스페이스결	shop	126.98101	37.58339
스페이스깨	shop	126.97097	37.57764
스페이스로직소격동지점	shop	126.98087	37.58015
스페이스엠	bar	127.00169	37.58684
스페이스오디티	food	127.02247	37.57629
스페이스와이케이	shop	126.97350	37.57836
스페이스제이피바나프레소그랑서울점	cafe	126.98144	37.57096
스페이스크로프트	shop	126.97565	37.61184
스페이스플래닛	stay	127.00771	37.57635
스펙터	cafe	126.96968	37.58028
스포르체	shop	126.99865	37.57144
스포테라피세종	shop	126.97427	37.57248
스포핏츠	shop	127.01520	37.57175
스폿라이트	food	127.00101	37.58313
스푼	cafe	127.00135	37.58388
스푼	cafe	126.97421	37.57364
스프링	shop	126.99014	37.57301
스프링어텀	food	126.97992	37.57085
슬램버거	food	127.00258	37.58186
슬로스텝	cafe	127.00353	37.58208
슬로우보틀	shop	126.97579	37.57155
슬로우스테이혜화	stay	127.00530	37.58113
슬로우스트림커피컴퍼니	cafe	127.01528	37.57469
슬로우캘리	food	126.97992	37.57085
슬로우캘리	food	126.97355	37.57491
슬로우캘리	food	127.00044	37.57233
슬로우캘리	food	126.99805	37.58359
슬로우캘리종각역	cafe	126.98365	37.57149
슬로우캘리종로새문안점	food	126.97440	37.57036
슬로우타이거	food	126.98429	37.56993
슬로우파크	food	126.98149	37.58791
슬로우핸드	bar	126.97124	37.57572
승동교회	heritage	126.98630	37.57120
승룡	food	126.99105	37.57547
승리	cafe	126.99302	37.56984
승리정육점	shop	126.99971	37.57012
승승장구	food	126.98965	37.57076
승우네	food	126.99882	37.57048
승진사	shop	127.00732	37.57070
승진상회	shop	127.00105	37.56977
승진완구	shop	127.01420	37.57140
승희니트	shop	127.00732	37.57070
시가스토리	shop	126.97199	37.56871
시간여행	shop	126.97076	37.57633
시경갤러리	shop	126.96946	37.57570
시골남자	shop	127.01877	37.57175
시골밥상	food	127.00758	37.57141
시골전집	food	126.99131	37.57072
시골집	food	127.01135	37.57145
시골집	food	127.01210	37.57291
시공데코	shop	126.97992	37.57085
시낭	shop	126.99524	37.56929
시너지피트니스	activity	127.01609	37.57272
시네마모텔	stay	126.98922	37.57319
시노라	cafe	126.97012	37.58625
시대여관	food	127.01137	37.57109
시드니	activity	127.00516	37.57214
시래기담은	food	126.98097	37.58159
시루	food	126.97488	37.56973
시리우스	shop	126.99710	37.57098
시리우스쥬얼리	shop	126.99225	37.57296
시미시미	bar	126.99050	37.57446
시민식당	food	126.99040	37.57075
시민약국	shop	126.97276	37.57635
시민호프	bar	126.98677	37.56966
시사에프앤씨	food	126.98665	37.56929
시사에프앤씨부암점	food	126.95987	37.59951
시슴	shop	127.01509	37.57012
시아슈즈	shop	127.01502	37.57934
시아원	stay	126.97055	37.57861
시애틀커피하우스	cafe	126.99154	37.57067
시에라아웃도어	shop	127.00265	37.57001
시에스와이갤러리	shop	126.97101	37.58198
시엔느서촌지점	shop	126.96882	37.58009
시연멸치국수	food	127.00446	37.57336
시온전자	shop	126.99524	37.56929
시우	stay	126.96949	37.58273
시원한산책	food	127.00974	37.57965
시월인	shop	126.97363	37.57919
시은재	stay	126.98725	37.57370
시인통신	stay	126.98726	37.58264
시장왕순대	food	127.01147	37.57327
시저스앤스페이드	shop	126.97144	37.58146
시절에프씨컴퍼니시절	food	126.97535	37.57106
시조명동진성닭칼국수	food	127.00611	37.57039
시즌	cafe	126.97061	37.58368
시카노이에	food	126.96928	37.57260
시크릿가든	food	126.99110	37.57458
시크릿기타	shop	126.98765	37.57222
시크한	shop	127.01944	37.57219
시티델리	food	126.98055	37.57062
시티레지던스	stay	126.98543	37.56929
시티펫카페	bar	126.97062	37.60650
시피	cafe	127.00637	37.58319
시흥상회	shop	126.99937	37.57041
식객촌낙원	food	126.98765	37.57222
식껍	food	126.98043	37.57164
식껍종로	food	126.98931	37.57267
식물	cafe	126.98965	37.57377
식물작업실송하	shop	126.96384	37.59224
식식서울	food	126.99139	37.57237
신광사	shop	126.99708	37.57235
신광악기	shop	126.98765	37.57222
신기상사	shop	127.00243	37.57050
신난토끼	shop	127.00417	37.58333
신내린카페	cafe	126.97333	37.57537
신도세기	food	126.98176	37.57199
신두산약국	shop	127.01545	37.57358
신라갈비	food	127.00406	37.57138
신라갈비	food	126.98985	37.57075
신라골드	shop	126.99247	37.57074
신라라벨	shop	127.01558	37.57040
신라반점	food	126.98896	37.57292
신라상회	shop	127.00076	37.56985
신라스테이	stay	126.98112	37.57267
신라왕족발	food	127.00516	37.57482
신라인도레스토랑	food	126.98556	37.56984
신라정	food	126.98879	37.56917
신라제면	food	126.98622	37.57822
신라주단	shop	127.00955	37.57041
신라플러스	shop	126.98186	37.58529
신라한복	shop	126.99971	37.57012
신랑각시	shop	126.99971	37.57012
신마라공방	food	126.98326	37.57248
신마포갈매기	food	126.98429	37.56929
신만물사	shop	127.02053	37.57248
신만보성	food	126.98551	37.56902
신문박물관	heritage	126.97765	37.56988
신미전자	shop	126.99708	37.57235
신백제약국	shop	127.00490	37.57131
신부원	food	126.98541	37.57427
신비아트	shop	126.99141	37.57123
신비한체험춘천옥	shop	126.98859	37.57422
신사동인동안녕인	food	126.98355	37.57447
신사임당주단	shop	127.00732	37.57070
신삼신텍스	shop	127.01330	37.57357
신생주단	shop	127.00046	37.56983
신서대문대학약국	shop	126.96565	37.56751
신선	shop	127.00383	37.57195
신선식탁	food	127.00071	37.57635
신선하다	food	126.97667	37.61020
신설동가맥집	bar	127.02286	37.57609
신설야채	shop	127.02133	37.57502
신설화원	shop	127.02098	37.57492
신성	food	126.97948	37.56967
신성	bar	127.01497	37.57311
신성메디칼	shop	126.99868	37.57433
신성문구사	shop	127.00283	37.57077
신성악기	shop	126.98765	37.57222
신성유통	shop	127.02171	37.57395
신성일식	food	126.97950	37.56972
신세계	shop	126.99971	37.57012
신세계	shop	126.99127	37.57066
신세계물산	shop	126.97990	37.57415
신세계약국	shop	126.99140	37.57013
신세계의료기	shop	127.00518	37.57080
신세계커피숍맥주	bar	126.98946	37.57100
신세기정보통신	shop	126.96749	37.60568
신승관	food	126.97994	37.57090
신신원	food	127.00722	37.57138
신신전기	shop	126.99394	37.56938
신아산약국	shop	127.00624	37.57134
신안상회	shop	126.99971	37.57012
신안주단	shop	126.99971	37.57012
신안촌	food	126.97167	37.57285
신안촌	food	126.97087	37.57562
신앙촌상회	shop	126.96983	37.58063
신앤권	stay	126.98089	37.57211
신양불교사	shop	126.98275	37.57343
신양평해장국	food	127.00408	37.57619
신영미아트갤	shop	126.98506	37.57341
신우	shop	126.99708	37.57235
신우리침장	shop	127.00494	37.56993
신우악기	shop	126.98790	37.57276
신우양돈	food	127.00068	37.58309
신원양행	shop	127.00302	37.57013
신원지이크서촌하우스	shop	126.97333	37.57882
신유어패럴	shop	127.00422	37.57309
신의주부대찌개	food	126.98895	37.57915
신의주찹쌀순대	food	126.96468	37.56820
신의주찹쌀순대	food	126.97992	37.57085
신의주찹쌀순대	food	127.00672	37.57238
신의주찹쌀순대	food	126.97223	37.57261
신의주찹쌀순대	food	126.98575	37.57687
신의주찹쌀순대국동묘역점	food	127.01600	37.57405
신인류	bar	126.98547	37.56995
신일분식한식	food	126.98456	37.56888
신일상회	shop	127.01124	37.57309
신일주단	shop	127.00105	37.56977
신일커텐	shop	127.00036	37.56966
신자매만물상	shop	126.99852	37.58249
신전떡볶이	food	126.99746	37.58422
신전떡볶이	food	126.95689	37.60001
신정사	shop	126.99231	37.57156
신정원약국	shop	126.95697	37.57549
신진떡방앗간	food	126.97014	37.58064
신진슈퍼	shop	127.00445	37.57038
신진황소곱창	food	127.00496	37.57030
신창사	shop	126.99708	37.57235
신초이	food	127.00228	37.58376
신촌꽃게장	shop	126.99971	37.57012
신촌원조황소곱창	food	126.98650	37.56906
신촌황소곱창	food	126.98651	37.56911
신코아약국	shop	126.98591	37.56895
신토매점	shop	127.00732	37.57070
신토불이	food	126.98953	37.57108
신한국통닭	food	126.98790	37.57276
신한미디어	shop	126.99524	37.56929
신한실크	shop	126.99937	37.57041
신한악기	shop	126.98765	37.57222
신한종로점	shop	127.00412	37.57072
신한종합의료기	shop	127.00250	37.57076
신화골드	shop	126.99341	37.57173
신화랑	shop	126.98651	37.57452
신흥상사	shop	126.99236	37.57012
신흥상회	shop	127.00086	37.56986
실라	bar	127.00256	37.57530
실라파자마	shop	127.00256	37.57530
실로암	shop	126.99967	37.57048
실로암안경원	shop	127.01116	37.57202
실버아트	shop	126.99031	37.57060
실버파라다이스	bar	126.98848	37.57340
실베스뜨레	shop	126.96000	37.60623
실비집	food	126.99139	37.56883
실비집	food	127.01188	37.57281
실크루트플러스	shop	126.99865	37.57144
실타래	shop	126.99971	37.57012
심경희라라랜드	food	126.98253	37.57232
심미뷰티	shop	127.01585	37.57564
심보	shop	126.96684	37.60669
심산애	bar	126.97039	37.57648
심산재	stay	126.96786	37.58098
심야식당	bar	126.99964	37.58280
심여화랑	shop	126.98093	37.57764
심연다원	shop	126.98667	37.57271
심우방	cafe	126.98454	37.57444
심지	shop	126.98395	37.57461
심쿵	bar	126.99102	37.57357
심쿵하우스원룸텔	stay	126.99648	37.58301
심퍼티쿠시	food	126.97978	37.57545
심플	cafe	126.97556	37.56954
심플도쿄	food	126.99041	37.57368
심플리플래터	cafe	126.96932	37.57228
심플스테이	stay	126.98970	37.57226
심플하우스	stay	126.99936	37.57197
심플하우스신설동역점	stay	127.02243	37.57553
십이도씨	shop	127.00076	37.56969
십이에프파티세리	food	126.98355	37.57157
싱글벙글즈	shop	127.00701	37.57324
싱송생송	shop	127.00720	37.57801
싱싱과일나라	shop	126.96963	37.58062
싱싱노래연습장	activity	127.01203	37.57233
싱싱바다	shop	127.01123	37.57344
싱싱밥상	food	126.96862	37.57456
싱싱실내마차	bar	127.01313	37.57205
싱싱야채	shop	127.02204	37.57755
싱싱종합상사	shop	126.97990	37.57415
싱크로에프앤비	shop	127.00031	37.58487
싱크트리아트리에	shop	126.97992	37.57085
싸다구	bar	127.00302	37.57145
싸다김밥	food	126.97330	37.57342
싸다김밥동묘역점	food	127.01609	37.57272
싸다김밥종로관철점	food	126.98739	37.56948
싸다김밥혜화역점	food	127.00131	37.58404
싸롱드향유	shop	126.97080	37.58274
싸리집	food	126.96007	37.60685
싸립문을밀고들어서니	food	126.98608	37.57207
싸움의고수	food	126.99740	37.58431
싸코스투	food	126.99794	37.58419
쌀쌀맞은닭정동점	food	126.96976	37.56837
쌈밥	food	126.97488	37.56973
쌈지길	heritage	126.98487	37.57431
쌍금	shop	126.99708	37.57235
쌍다리돼지불백원남점	food	126.99685	37.57422
쌍벌식당	food	126.99114	37.56985
쌍용반점	food	127.01516	37.57824
쌍용수산	shop	126.96858	37.57465
써니	bar	126.97330	37.57342
써니	bar	126.98904	37.57223
써니	shop	127.00732	37.57070
써니	shop	126.99865	37.57144
써니	shop	126.99123	37.57102
써니스테이	stay	126.99925	37.58409
써드베란다	shop	126.98684	37.57168
써브웨이	food	126.98604	37.57042
써브웨이	food	127.00722	37.57138
써브웨이	food	126.96163	37.57172
써브웨이	food	126.97249	37.57203
써브웨이	food	127.00403	37.58246
써브웨이	food	126.98245	37.57520
써브웨이경복궁점	food	126.97152	37.57629
써브웨이서울	food	126.99312	37.58722
써브웨이성대점	food	126.99852	37.58249
썬노래연습장	activity	126.98544	37.56911
썬당구장	activity	127.01476	37.57244
썬더치킨	food	127.00001	37.57163
썬더치킨	food	127.01516	37.57824
썬더치킨	food	126.95860	37.57438
썬라이더프랜차이즈스토어초본나라	shop	127.00041	37.57063
썬라이즈하우스	stay	127.01648	37.57131
썬비	cafe	126.98478	37.57308
썬앳푸드모던샤브하우스광화문디	food	126.97891	37.57100
썬쥬얼리	shop	126.99190	37.57071
썬카페호프	bar	126.98723	37.56966
썬하우스	stay	126.99093	37.57065
썸띵	shop	127.01774	37.57111
썸머스테이	stay	127.00074	37.58183
썸무드스테이셔너리랩	shop	126.96801	37.58154
쎄라	bar	126.98994	37.57268
쎄시봉	bar	126.98526	37.56928
쎄이썸띵	cafe	126.97203	37.57925
쎈츄럴관광호텔주	stay	126.99296	37.56898
쏘리에스프레소바	cafe	126.97334	37.57648
쏘리에스프레소바경복궁점	cafe	126.97334	37.57648
쏘스	food	127.00092	37.56972
쏘우엔컴퍼니	shop	126.99967	37.57313
쏘울레지던스	stay	126.98937	37.56874
쏘울스테이	stay	126.98912	37.57476
쏠찌	shop	126.97110	37.57939
쑤니	bar	126.99735	37.57363
쑥스초코파이서울	shop	127.00142	37.56993
쑥쑥컴퍼니	shop	126.98682	37.57943
쑥쑥콩나물국밥	food	127.01140	37.57163
쑥향떡집	food	126.99929	37.57321
쓰리쎄븐가방	shop	126.99783	37.56912
쓰브네트웍스	shop	126.99219	37.57181
쓰윗종각	food	126.98409	37.56976
씨드앤파이어	food	126.95678	37.61043
씨디마트	shop	126.99410	37.57026
씨리얼키퍼	shop	127.00402	37.58142
씨스페이스봉익점	shop	126.99305	37.57208
씨스페이스정윤점	shop	127.01467	37.57063
씨스페이스창경궁로점	shop	126.99729	37.57464
씨씨	food	127.00309	37.58249
씨앤코컴퍼니블루포트서울대의과대학점	food	127.00096	37.58115
씨앤코컴퍼니블루포트적십자	food	126.96721	37.56677
씨앤코컴퍼니상명대학교점	food	126.95517	37.60410
씨앤피푸드	food	127.02252	37.57552
씨앤피프랜즈일품진진수라	food	126.98055	37.57062
씨에나	shop	126.99236	37.57074
씨에이씨	stay	126.98826	37.56926
씨에이치유국제무역	food	127.01601	37.57198
씨엔에이치컴퍼니	shop	126.98214	37.58120
씨엘	shop	126.99193	37.57190
씨엘로	cafe	126.97142	37.58564
씨엘하우스	stay	126.99776	37.58242
씨엠티지점커피민트	cafe	126.98589	37.56864
씨유	shop	126.98047	37.57256
씨유	shop	126.95665	37.60104
씨유	shop	127.01098	37.57126
씨유	shop	126.98133	37.58157
씨유	shop	126.97452	37.57047
씨유경희당점	shop	126.97007	37.57291
씨유계동현대점	shop	126.98655	37.57840
씨유광장	shop	126.99962	37.57008
씨유광장점	shop	126.97618	37.57048
씨유낙산공원점	shop	127.00986	37.57173
씨유낙원점	shop	126.98741	37.57235
씨유뉴동대문종합	shop	127.00732	37.57070
씨유동묘역점	shop	127.01669	37.57350
씨유동묘토성점	shop	127.01698	37.57131
씨유동숭아트점	shop	127.00384	37.58317
씨유루체빌리조트점	shop	126.98834	37.58359
씨유마로니에점	shop	127.00193	37.57841
씨유명륜성대점	shop	126.99883	37.58264
씨유부암럭키점	shop	126.96576	37.59343
씨유북악대로점	shop	126.97600	37.60992
씨유북한산구기점	shop	126.95639	37.60908
씨유상명구기점	shop	126.95821	37.60631
씨유생산성빌딩점	shop	126.97355	37.57491
씨유서순라길점	shop	126.99365	37.57200
씨유성균관대인문관점	shop	126.99312	37.58722
씨유성대양현관	shop	126.99371	37.58993
씨유성대원룸촌점	shop	126.99699	37.58588
씨유성대킹고점	shop	126.99560	37.58825
씨유숭인센터	shop	127.01671	37.57245
씨유숭인한양점	shop	127.02143	37.57675
씨유연합미디어	shop	126.98052	37.57437
씨유원남	shop	126.99796	37.57562
씨유인사동메인점	shop	126.98320	37.57287
씨유인사동이브점	shop	126.98663	37.57206
씨유종각센트로폴리스점	shop	126.98365	37.57149
씨유종각쇼핑	shop	126.98368	37.56976
씨유종로	shop	126.98931	37.57267
씨유종로	shop	126.98604	37.56988
씨유종로	shop	127.00477	37.57690
씨유종로	shop	126.98924	37.57184
씨유종로	shop	126.97069	37.58336
씨유종로	shop	126.98181	37.58712
씨유종로	shop	126.96118	37.57274
씨유종로가회점	shop	126.98524	37.58151
씨유종로경희궁점	shop	126.97215	37.57058
씨유종로공원점	shop	127.00758	37.57320
씨유종로광장	shop	127.00160	37.56986
씨유종로대로점	shop	126.98998	37.57005
씨유종로동숭점	shop	127.00253	37.58274
씨유종로묘동점	shop	126.99147	37.57218
씨유종로배화점	shop	126.96751	37.57794
씨유종로부암점	shop	126.96304	37.59781
씨유종로사직공원점	shop	126.96936	37.57635
씨유종로성대점	shop	126.99702	37.58444
씨유종로세운	shop	126.99475	37.57022
씨유종로숭인점	shop	127.01582	37.57604
씨유종로신영점	shop	126.96180	37.60163
씨유종로연강홀점	shop	127.00156	37.57149
씨유종로으뜸점	shop	126.99068	37.56944
씨유종로창	shop	127.00907	37.57798
씨유종로창덕궁	shop	126.98942	37.57657
씨유종로충신점	shop	127.00469	37.57363
씨유종로피아노길점	shop	126.98589	37.56864
씨유종로피카디리점	shop	126.99177	37.57070
씨유종로햇살점	shop	127.00214	37.57151
씨유종로행촌	shop	126.96190	37.57504
씨유창덕궁돌담길점	shop	126.98909	37.57889
씨유창덕궁복권방	shop	126.98909	37.57889
씨유창신	shop	127.01207	37.58132
씨유청계	shop	126.97910	37.56941
씨유콘코디언점	shop	126.97317	37.56980
씨유트윈트리	shop	126.97978	37.57545
씨유평창낙천대	shop	126.97541	37.60888
씨유평창다솜점	shop	126.96475	37.60546
씨유평창타운점	shop	126.96901	37.60686
씨유포레스트힐점	shop	127.00182	37.57402
씨유혜화로점	shop	127.00006	37.58742
씨유혜화한아름	shop	126.99891	37.58967
씨유홍대대학로캠퍼스점	shop	127.00144	37.57656
씨제이올리브영	shop	126.98600	37.56908
씨제이올리브영	shop	126.98698	37.57043
씨제이올리브영	shop	126.99852	37.58306
씨제이올리브영	shop	126.98604	37.56988
씨제이올리브영	shop	126.98437	37.57632
씨제이올리브영경복궁역점	shop	126.97214	37.57691
씨제이올리브영대학로	shop	127.00207	37.58398
씨제이올리브영동묘앞역점	shop	127.01627	37.57292
씨제이올리브영동묘역점	shop	127.01534	37.57326
씨제이올리브영세	shop	126.97626	37.57068
씨제이올리브영스타필드애비뉴그랑서울점	shop	126.98144	37.57096
씨제이올리브영안국역점	shop	126.98580	37.57703
씨제이올리브영올리브베러	shop	126.97891	37.57100
씨제이올리브영종로평창점	shop	126.96678	37.60580
씨제이올리브영혜화역점	shop	127.00225	37.58220
씨제이올리브영홍대	shop	127.00144	37.57656
씨제이푸드빌올리페페	food	126.97887	37.56949
씨지캐럿	shop	126.99170	37.57015
씨커	cafe	126.99914	37.57275
씨케이에프	shop	126.97992	37.57085
씨트	cafe	126.99907	37.57249
씨티오	cafe	126.99728	37.57348
씨티오안경	shop	126.99765	37.57475
씨피씨에스	cafe	126.96358	37.59729
씩	bar	126.98972	37.57283
아가방	shop	127.00955	37.57041
아가페뮤직	shop	126.98765	37.57222
아가페식당	food	127.00502	37.58298
아구일번지	food	126.98781	37.57421
아기자기	shop	126.98723	37.57189
아기자기민예	shop	126.98723	37.57189
아께스토라	food	127.01343	37.57969
아꼬떼	cafe	126.98637	37.57739
아날로그한옥	stay	126.98715	37.58033
아네스	shop	127.00955	37.57041
아눅	stay	127.00051	37.58317
아늑히혜화	stay	127.00601	37.58162
아담만두	food	127.00191	37.57849
아담즈아트컨설팅	shop	126.97511	37.61180
아담집	food	126.99055	37.57371
아담집별관	bar	126.99048	37.57398
아담한가	stay	126.98413	37.58152
아담한옥	stay	126.96968	37.58039
아대	food	127.02230	37.57280
아더커피	cafe	126.99726	37.57452
아데나	cafe	126.98556	37.57865
아덴	food	126.96961	37.57268
아델라베이커리	food	126.97016	37.59517
아델라베일리	food	126.97019	37.59517
아도레쿠치나	food	126.99928	37.58642
아듀로망스	shop	126.98386	37.57756
아디다스퍼포먼스서촌점	shop	126.97191	37.57959
아디아	shop	126.98473	37.57047
아디오도시	bar	126.97145	37.57561
아따블르	food	126.98134	37.58336
아또	shop	126.99006	37.57257
아뜰리에나훔	shop	127.01186	37.57390
아뜰리에드오	shop	126.98744	37.58314
아뜰리에안단테	food	126.97129	37.58363
아띠	bar	126.99001	37.57074
아띠	food	126.97683	37.57219
아띠인력거	activity	126.98256	37.57939
아라가야	cafe	126.99093	37.57642
아라리북촌점	cafe	126.98345	37.58351
아라마크종합시장	shop	127.00732	37.57070
아라야	shop	126.98463	37.57405
아라코	shop	127.01417	37.57116
아란치아	food	127.00191	37.57849
아람	food	126.97331	37.57186
아람꽃방	shop	126.97333	37.57537
아람씨앗	shop	127.00689	37.57136
아랑	shop	127.01021	37.57019
아랑아리	shop	126.99524	37.56929
아레나	bar	127.00711	37.57135
아레나모던바	bar	127.01420	37.57190
아레나와플	food	126.98225	37.57846
아로마인드	shop	126.98421	37.57914
아로마티카북촌	shop	126.98413	37.58182
아로포	food	126.99950	37.58265
아르떼숲	shop	126.98556	37.57286
아르마리오	shop	126.98965	37.57057
아르온스튜디오	shop	126.96535	37.58061
아르젠의하비샵	shop	127.01435	37.57225
아르코미술관	heritage	127.00252	37.57975
아르코예술극장	heritage	127.00299	37.58126
아름	stay	126.98891	37.57475
아름공방	shop	126.99992	37.57038
아름기획	shop	126.99042	37.56951
아름다운가게	shop	126.98491	37.57882
아름다운가게재	shop	127.02298	37.57370
아름다운길	shop	126.99967	37.57048
아름다운세상	shop	127.00512	37.57084
아름다운재단	shop	126.97009	37.58258
아름당	shop	126.99993	37.58669
아름주얼리	shop	127.00057	37.58606
아름하우스	stay	126.98217	37.57504
아리	food	126.96867	37.57654
아리	shop	126.98391	37.57704
아리가또맘마	food	127.00135	37.58388
아리가또맘마	food	126.95556	37.60133
아리계곡	food	126.98540	37.56967
아리노마마	food	127.00732	37.57070
아리디	cafe	126.96902	37.59446
아리따움	shop	126.98622	37.56994
아리따움경복궁역점	shop	126.97195	37.57746
아리랑	shop	126.97485	37.58651
아리랑	food	127.00253	37.57648
아리랑	shop	126.98723	37.57189
아리랑	food	127.01623	37.57020
아리랑	bar	127.00110	37.57155
아리랑네트워크	stay	126.98623	37.57960
아리랑단란주점	bar	126.98578	37.57317
아리랑명품관	shop	126.98646	37.57245
아리랑칠기	shop	126.98643	37.57239
아리랑카페	cafe	127.01623	37.57022
아리수고미술	shop	126.98404	37.57376
아리스타	cafe	127.02202	37.57423
아리아	shop	127.01649	37.57178
아리아사주타로인사동	cafe	126.98607	37.57302
아림사	shop	126.99960	37.58803
아마레	stay	126.98978	37.57142
아마릴리스	shop	126.98723	37.57189
아마빌레	shop	126.98765	37.57222
아마스빈	cafe	126.95577	37.60116
아마쥬	shop	127.01509	37.57012
아메리칸브런치카페	food	126.98436	37.57680
아모레이니스프리	shop	126.98679	37.57183
아모레퍼시픽	shop	126.98488	37.58109
아모르주얼리	shop	126.99865	37.57144
아몬드	event	127.00363	37.58125
아미고그룹	food	126.96911	37.57306
아미스포츠	shop	126.97992	37.57085
아미와인스튜디오	bar	126.98025	37.57790
아바	cafe	127.01115	37.57355
아방궁	bar	127.00408	37.57060
아방스	shop	127.00732	37.57070
아보헌	stay	126.98954	37.58212
아부	cafe	126.98326	37.57355
아부앙	food	126.96387	37.59254
아붕	food	126.98685	37.58068
아비꼬	food	126.98111	37.56984
아비꼬	food	127.00309	37.58249
아빠김치찌개	food	126.97083	37.58100
아빠시계	shop	126.99708	37.57235
아빠의빈티지	shop	126.98693	37.57422
아뻬서울	cafe	127.00125	37.58738
아삐뽀레	cafe	126.98990	37.57356
아사원	food	126.99145	37.56994
아삭이식탁김밥앤커피	food	127.00649	37.57028
아세아골든링크	shop	126.99221	37.57194
아소보	food	126.97179	37.57327
아스펜	food	126.97114	37.57809
아스펜프로젝트	shop	126.96463	37.59254
아시아브이씨	shop	127.02298	37.57482
아시아프리셔스메탈	shop	126.98986	37.57233
아시안테이블	food	126.99755	37.58351
아신	shop	126.98432	37.57457
아씨방앗간	shop	126.98956	37.57371
아안	shop	126.98972	37.57466
아야	shop	126.98669	37.58158
아야진항	food	127.01943	37.57436
아영에프비씨경희궁점	shop	126.97186	37.57082
아오렌	food	127.00048	37.57202
아오리의행방불명광화문	food	126.98730	37.57044
아우라쥬얼리	shop	126.99123	37.57102
아우름	shop	126.98543	37.57379
아우어베이커리광화문디	food	126.97199	37.56871
아울스테이	stay	126.98558	37.56934
아워스톤	shop	127.01633	37.57131
아워홈센트로폴리스점	shop	126.98365	37.57149
아원	shop	126.99031	37.57594
아원공방	shop	126.99174	37.57732
아원공방	shop	126.98220	37.57975
아유	shop	126.96980	37.57956
아이갓에브리씽연풍문점	cafe	126.97678	37.58670
아이골드	shop	126.98670	37.57042
아이노가든	food	126.97127	37.57279
아이더	shop	127.00234	37.57024
아이들모먼츠	food	126.96772	37.58738
아이라이크유	food	126.99598	37.58805
아이링스유한책임회사	shop	126.97007	37.57291
아이보리	shop	126.98531	37.57058
아이비하우스	stay	126.99962	37.58334
아이소	food	126.99142	37.57130
아이스크림스토리서촌	shop	126.96879	37.58038
아이엔지	shop	126.98531	37.57058
아이엔지옷방	shop	126.97012	37.57910
아이엠랑데자뷰북촌매그놀리아점	food	126.98222	37.57872
아이엠무니	shop	126.98664	37.57784
아이엠베이글	food	126.97096	37.57287
아이옥션주	shop	126.99048	37.57411
아이와	food	126.98138	37.56934
아이와푸즈광화문	food	126.97429	37.57203
아이와푸즈새문안로	food	126.97025	37.56881
아이원	shop	127.00732	37.57070
아이원안경	shop	126.99720	37.58046
아이자와	food	126.97306	37.57586
아이즈크림창신점	shop	127.01491	37.57963
아이지에스글로벌스탠다드연구원	food	126.96304	37.59781
아이커피샵	cafe	126.97077	37.58106
아이케어	shop	127.00203	37.58424
아이콘호텔	stay	126.98894	37.57485
아이템스쿨	shop	126.98913	37.57511
아이패밀리	shop	126.98218	37.56967
아인	food	126.97271	37.57883
아일랜드레지던스	stay	127.02303	37.57339
아일로	shop	126.97091	37.58065
아임사이언스	shop	126.98913	37.57511
아임엘렌	cafe	126.99997	37.58443
아임초코	cafe	127.00207	37.58398
아재네닭갈비공장	food	126.97992	37.57085
아재커피	cafe	126.97944	37.57239
아제로랑피니	shop	127.00607	37.57417
아졸리독	shop	126.97902	37.57473
아주신씨화곡파우암재단	cafe	126.97565	37.57151
아지매김밥앤토스트	food	127.01587	37.57478
아지트	bar	126.98814	37.57224
아짐커피로스터스	cafe	126.98097	37.58159
아취사	shop	126.98618	37.57262
아침	food	126.98544	37.57727
아침화원	shop	126.99312	37.58722
아카갤러리	shop	126.98671	37.58186
아카라카	activity	126.99763	37.58399
아카식북스	shop	126.98394	37.57779
아카이브모인	shop	126.96812	37.58060
아쿠아	bar	126.99032	37.57130
아쿠아리스트	shop	127.01422	37.57027
아크	food	126.99034	37.57419
아크랜드서비스하마다종로점	food	126.98591	37.56895
아크로	bar	126.99162	37.57490
아크메드라비광장마켓	shop	126.99971	37.57012
아크코퍼레이션아타쉬케밥종로	food	126.98925	37.56959
아키	food	126.98682	37.57943
아키비스트	cafe	126.97268	37.58222
아트	shop	126.96320	37.59471
아트가가	shop	126.98601	37.57298
아트게이트	shop	126.98331	37.57493
아트당구장	activity	126.97548	37.57135
아트디자인재재	shop	126.98357	37.57494
아트라인	shop	126.98506	37.57341
아트래블한양	stay	126.99235	37.59058
아트레	shop	126.99010	37.57232
아트리	shop	126.98371	37.57534
아트만	food	126.97108	37.57550
아트몬스터익선동점	bar	126.99046	37.57360
아트박스대학로	shop	127.00282	37.58248
아트박스영풍	shop	126.98218	37.56967
아트박스종로	shop	126.99153	37.57010
아트박스종로서적점	shop	126.98361	37.57074
아트불갤러리인사	shop	126.98355	37.57447
아트비앤	shop	126.98051	37.57783
아트비프로젝트	shop	126.98200	37.58267
아트사이드	shop	126.97294	37.57827
아트사이언스	shop	126.99066	37.57692
아트샵가빈	shop	126.98454	37.58149
아트선재센터	heritage	126.98184	37.57946
아트숲	shop	126.98694	37.58234
아트스퀘어	shop	126.97592	37.61736
아트아리	shop	126.95964	37.59908
아트애비뉴	food	126.96902	37.57272
아트앤컴퍼니	shop	126.96901	37.60686
아트옥션	shop	127.00082	37.58412
아트웍스파리서울	shop	126.98603	37.57916
아트자연	shop	126.96284	37.60877
아트코리아	shop	126.96322	37.59476
아트트레블에이치	food	126.99402	37.58959
아트파크	heritage	126.98044	37.58382
아트파크주	shop	126.98043	37.58376
아트팩토링	shop	126.98621	37.57991
아트포라이프	food	126.96960	37.59496
아트포레스트	heritage	127.00310	37.58249
아트프라이스	shop	126.98655	37.57384
아트플라워	shop	126.98723	37.57189
아트하우스소하	shop	126.97518	37.61489
아틀리에송	cafe	126.98940	37.57618
아티스트베이커리안국	food	126.98437	37.57632
아티스트컴플렉스	food	126.98602	37.57767
아티아머천	shop	126.96784	37.59459
아티장크로아상	food	126.98662	37.57959
아프리카	shop	127.00732	37.57070
아프리카미술관	shop	126.97995	37.57802
악기모아	shop	126.98765	37.57222
악기사자	shop	126.98765	37.57222
악기쇼핑	shop	126.98765	37.57222
악기채널드럼채널	shop	126.98765	37.57222
악마는프라다를싸게입는다	shop	127.01623	37.57022
악소	food	126.96718	37.57482
악쓰는하마코인노래연습장	activity	127.00095	37.58337
악어샵	shop	127.00428	37.57078
안개꽃	bar	126.97524	37.57127
안개상자	bar	126.98990	37.57197
안경마당	shop	127.01545	37.57568
안경박사경복궁점	shop	126.97203	37.57714
안경선생님	shop	127.02095	37.57491
안경으로보다	shop	126.95995	37.57334
안경존중	shop	126.96901	37.60686
안경희개미집광장	food	127.00137	37.57121
안국	shop	126.98275	37.57343
안국고다	food	126.98466	37.57473
안국대림국수	food	126.98630	37.57795
안국레져	shop	126.98541	37.57673
안국식당	food	126.98601	37.57630
안국약방	food	126.98613	37.57739
안국오피스	shop	126.98331	37.57493
안국온누리약국	shop	126.98551	37.57565
안국하우스	stay	126.98126	37.57783
안길사가	stay	126.98450	37.57749
안나무역	shop	126.99174	37.57135
안나푸르나	shop	127.00302	37.57051
안나프르나산	food	127.01409	37.57209
안녕브릭샌드인	food	126.98355	37.57447
안녕인사동	heritage	126.98356	37.57448
안녕헬렌	shop	126.96664	37.56586
안느바이송	shop	126.98677	37.58254
안다미로협동조합	food	126.95517	37.60410
안덕	food	126.96968	37.58149
안도	food	127.01244	37.57532
안동국시	food	126.97886	37.56982
안동국시소람	food	126.98413	37.57363
안동네	food	126.98551	37.56902
안동네종로	food	126.98902	37.56956
안동칼국수	food	126.98774	37.57927
안락	shop	126.98892	37.57681
안래홍	food	126.98267	37.57171
안성또순이	food	126.97159	37.57169
안스	bar	126.97441	37.57136
안식당	food	126.97331	37.57186
안암	food	126.98443	37.57945
안에	bar	126.98034	37.57291
안유재	stay	126.98771	37.58332
안전가옥	food	126.96707	37.58246
안전유리	shop	126.99102	37.57357
안주마을	bar	127.01123	37.57344
안주마을	bar	126.97216	37.57645
안집	food	126.98633	37.57757
알게스트하우스종묘점	stay	126.99485	37.56937
알게호	stay	126.98922	37.57304
알라딘중고서점대학로	shop	126.99883	37.58264
알라딘커뮤니케이션	shop	126.98736	37.56990
알라보종각센트로폴리스점	food	126.98355	37.57157
알레그리아덕수궁디	cafe	126.97199	37.56871
알레클라임혜화점	activity	127.00082	37.58412
알로안경서촌점	shop	126.97138	37.57816
알로이막막	food	126.97057	37.57906
알리멘따리꼰떼	shop	126.96570	37.59236
알리앙스모텔	stay	126.99017	37.57129
알리케이크	food	126.99066	37.57685
알마즈	bar	126.99037	37.57268
알버트악기	shop	126.98765	37.57222
알에스스테이	stay	126.99773	37.57613
알엠	bar	126.98825	37.57330
알이토프	shop	126.98308	37.57884
알즈너하모니	shop	126.98860	37.57275
알천	shop	126.98561	37.57386
알콜	bar	126.98921	37.57094
알키미아	food	126.96561	37.58147
알테	shop	127.00289	37.57646
알파	shop	126.98739	37.56948
알파기업	shop	126.99175	37.57433
알파대학로	shop	127.00144	37.57656
알파문구	shop	126.95632	37.60125
알파미디어	shop	127.00651	37.57989
알파전자	shop	126.99708	37.57235
알파코인노래연습장	activity	126.98501	37.56964
알파프린텍	shop	126.98871	37.56957
암돼지오양식관	food	126.98540	37.57100
암소서울	food	126.98144	37.57096
암펙	shop	126.98790	37.57276
압구정샌드위치	food	126.96511	37.56886
압구정쥐포빵	food	127.01139	37.57080
압구정편의점	food	127.00049	37.58350
압구정하루종로	food	126.99053	37.57375
앗싸복만두	food	126.95808	37.57479
앞으로의빵집	food	126.98936	37.57470
앞터	cafe	126.98247	37.58697
애니골드	shop	126.99290	37.57226
애니썸	shop	127.00428	37.57922
애니웨이	food	126.99128	37.57659
애니이츠월드상명대지점	food	126.95517	37.60410
애리	shop	126.99260	37.57353
애소아소금빵	food	126.97221	37.57672
애슐리퀸즈종각역점	food	126.98361	37.57074
애스턴	shop	126.96773	37.59551
애슬릿허브	shop	127.00402	37.58142
애완용품	shop	127.01198	37.57273
애완용품도매·할인	shop	127.01047	37.57110
애월식당	food	126.97148	37.58033
애터미종로산마루센터	shop	126.99003	37.56971
애틀랜틱	cafe	127.00028	37.58594
애프터글로우	stay	127.00771	37.57547
애플	activity	127.01931	37.57355
애플노래연습장	activity	126.98639	37.56893
애플단란주점	bar	127.01512	37.57317
애플스테이	stay	126.99636	37.57512
애플원룸텔	stay	127.01991	37.57395
애플큐브	shop	127.01855	37.57129
애플피트니스	activity	126.96667	37.60600
애호락	food	126.98654	37.57916
액트컴퍼니	shop	126.97197	37.57856
앤	shop	127.01451	37.57291
앤드류앤레슬리	shop	127.00430	37.57673
앤디	food	126.98512	37.56883
앤디컵	cafe	127.01063	37.57574
앤솔담채	stay	126.97006	37.57883
앤솔로지	shop	126.98055	37.57062
앤에스알에프앤비	food	127.00852	37.57388
앤제이	shop	126.99922	37.58612
앤케이	shop	127.00732	37.57070
앤크	shop	126.98552	37.57020
앤투게더	food	127.00403	37.58246
앤하프	shop	127.00307	37.58330
앨리스	shop	126.95983	37.59905
앨리스	food	126.99143	37.57140
앨리스	shop	126.98980	37.57057
앰배스텔이비스앰배서더인사동주	stay	126.98952	37.57438
앰퍼샌드컴퍼니	cafe	126.99039	37.57342
앵콜노래빠	bar	127.01019	37.57065
앵콜노래연습장	activity	126.99643	37.58701
앵콜노래왕	bar	127.01987	37.57353
야구연습장	activity	127.00207	37.58398
야구장	bar	126.99994	37.57198
야구장	bar	126.99932	37.57112
야꼬닭	food	126.99861	37.58355
야드	shop	127.00732	37.57070
야들리애치킨	food	126.97330	37.57342
야래향	food	126.99803	37.57348
야베스쥬얼리	shop	126.99373	37.57074
야수	food	126.98869	37.57223
야스미	food	126.99960	37.58253
야젠	bar	126.99144	37.57165
야젠	bar	127.00022	37.57159
야채가게	shop	127.01081	37.57193
야채분식	food	127.00181	37.57176
야채왕우리농산물	shop	127.01371	37.57275
야채왕우리농산물창신동지점	shop	127.01371	37.57275
야채호떡	food	127.00172	37.57165
야호	bar	126.97947	37.57173
야화	bar	127.00418	37.57061
야후	bar	126.98871	37.57292
약국	shop	126.96901	37.60686
약국	shop	127.00375	37.57076
약선홍삼나라	shop	127.01682	37.57197
약속다방	cafe	127.01140	37.57163
약속커피숍	cafe	127.02084	37.57484
얀	shop	126.98677	37.57175
얌얌스파이스	food	126.98355	37.57447
양가네꼼장어	food	126.97571	37.57106
양곡직매점	shop	127.01063	37.57574
양곰당	shop	126.99708	37.57235
양금사	shop	126.99708	37.57235
양꼬치구이촨	food	126.97914	37.56949
양박사	food	126.98938	37.57184
양반댁	food	126.98586	37.57225
양산도	food	126.97429	37.57203
양서식당	food	127.01377	37.57063
양선생	food	126.97330	37.57342
양식당	food	127.01939	37.57334
양연화로	food	126.98653	37.56930
양정원갤러리	shop	126.96482	37.57227
양지	shop	126.98643	37.57239
양지닭한마리	food	127.00020	37.57232
양지식당	food	127.00699	37.57393
양키스버거	food	126.98926	37.57414
양탄집	food	126.97196	37.57673
양평서울해장국	food	127.01559	37.57113
양평추어탕	food	126.97224	37.57901
양평해장국	food	127.00003	37.58479
양평해장국	food	126.97553	37.56964
어게인리프레쉬	food	126.98738	37.56890
어게인스트보더스룸	food	127.00639	37.57625
어고집밥	food	127.00502	37.58067
어글리셰프	bar	126.98140	37.58671
어나더소세지	food	126.96650	37.60636
어느멋진날에식사	bar	126.99803	37.58266
어니언컴퍼니	cafe	126.98662	37.57732
어니언컴퍼니광장	food	127.00153	37.56983
어다우카페	cafe	127.01065	37.57263
어담익선	food	126.99016	37.57400
어도러블	shop	127.02183	37.57661
어라연전각연구소	activity	126.98571	37.57359
어라이크	shop	127.01520	37.57175
어르신문화쌀롱	shop	126.98765	37.57222
어리연	shop	126.97092	37.57715
어리틀케틀	cafe	126.96877	37.58030
어린왕자	shop	126.99971	37.57012
어망집	food	126.98476	37.56928
어머니가구워주신생선구이	food	126.98687	37.57247
어머니국시방	food	127.00653	37.57013
어메이징커피	cafe	126.97992	37.57085
어메이징컴퍼니	activity	126.99692	37.58637
어바웃스테이	stay	127.00410	37.57226
어바웃애플	shop	126.96418	37.59092
어바웃진스	food	126.97316	37.57297
어바웃플레이스종로	stay	127.02064	37.57560
어반골드호텔	stay	126.99042	37.57087
어반더힐	stay	127.02183	37.57661
어반디자인	food	126.97034	37.57574
어반밀커피	cafe	126.98365	37.57149
어반스테이부티크익선	shop	126.98952	37.57497
어반어패럴	shop	127.01520	37.57175
어반옥	stay	126.98315	37.58450
어반종료	stay	127.00530	37.58113
어반팩토리	shop	127.00445	37.57078
어번던트리	shop	127.01520	37.57175
어베터플레이스	stay	126.98635	37.56966
어부몽	food	126.98355	37.57447
어블리	shop	126.97992	37.57085
어비스	bar	126.97127	37.57533
어사또	shop	127.01250	37.57188
어사출또	food	126.98493	37.56933
어사출또종로	food	126.99070	37.57079
어센던트	shop	126.96675	37.58110
어수지락경복궁점	food	126.97108	37.57976
어스름	bar	127.00473	37.58101
어스키친국과반찬	shop	126.96235	37.57086
어슬	food	126.97199	37.56871
어시장	food	126.98486	37.56967
어심	food	126.98864	37.57347
어썸블링	shop	126.99786	37.56975
어썸프로	activity	126.99816	37.58398
어웨이크커피바	cafe	127.00270	37.58453
어질리티	shop	126.97891	37.57100
어쩌다산책	shop	127.00403	37.58246
어촌생선구이	food	127.00048	37.58663
어탕국수	food	127.01649	37.57101
어텐디북촌점	cafe	126.98604	37.57917
어퍼스트로피	cafe	126.96902	37.57897
어피스어피스	cafe	126.96877	37.58030
억조	food	127.00366	37.57207
언껀	food	126.96685	37.58081
언니네다락방	cafe	127.00042	37.58206
언니스초이스	shop	127.00402	37.58142
언더라인	shop	126.99819	37.57349
언더랩	food	126.97316	37.57297
언더바	food	126.98625	37.56877
언더젤코바	food	126.97297	37.57881
언더투에니포주	cafe	127.00689	37.57054
언덕구	food	126.98491	37.57508
언오디너리랩	food	126.99116	37.57617
언커먼아이웨어	shop	126.98144	37.57096
언코르크드	bar	126.98541	37.57673
언퍼시	bar	126.97127	37.57279
언프레임	shop	126.98655	37.57384
언플러그컬처	stay	126.99110	37.57703
얼로프트	food	126.98737	37.56876
얼리	shop	126.99287	37.57207
얼바네스트	stay	126.98465	37.57494
얼스어스	cafe	126.97124	37.58534
얼씨구마당	shop	126.98352	37.57501
얼음대왕	shop	127.02183	37.57661
얼짱사진샵	food	127.00065	37.58353
얼티밋	food	126.98660	37.57987
엄갤러리	shop	126.98655	37.57384
엄마김밥	food	127.02095	37.57491
엄마손	food	126.96895	37.58081
엄마손돼지불백	food	127.00373	37.58161
엄마손맛집	food	126.99219	37.57181
엄마식당	food	126.97031	37.58082
엄마야	food	127.00705	37.57178
엄마약국	shop	126.99918	37.57107
엄마의식탁	food	126.99532	37.58933
엄약국	shop	127.00300	37.57125
엄용백	food	126.98135	37.57334
엄지	shop	126.99708	37.57235
업소명없음	shop	127.01250	37.57257
업소명없음	shop	126.99865	37.57144
업소명없음	food	126.99971	37.57012
업소명없음	food	126.99744	37.57261
업소명없음	shop	127.00222	37.57072
업소명없음	shop	127.01154	37.57167
업소명없음	food	126.98904	37.57223
업소명없음	food	126.97348	37.57628
업소명없음	shop	126.99971	37.57012
업소명없음	shop	126.99123	37.57102
업소명없음	shop	126.99123	37.57102
업소명없음	activity	126.97148	37.57809
업소명없음	shop	126.99302	37.57075
업소명없음	shop	126.99192	37.57015
업소명없음	shop	126.98371	37.57557
업소명없음	shop	127.00958	37.57951
업소명없음	cafe	126.99883	37.57258
업소명없음	shop	127.01394	37.57179
업소명없음	shop	126.98860	37.57890
업소명없음	shop	127.02055	37.57822
업소명없음	shop	126.98814	37.57335
업소명없음	shop	126.99809	37.56954
업소명없음	shop	126.97333	37.57537
업소명없음	shop	126.99912	37.56980
업소명없음	stay	127.01978	37.57371
엉클	bar	126.98844	37.57202
엉터리생고기	food	126.97887	37.56949
엉터리생고기	food	127.00036	37.58350
에그드랍	food	127.00191	37.57865
에그라상	cafe	126.98405	37.56895
에그마카슈	cafe	127.00253	37.58274
에그서울인한옥	food	126.96596	37.59292
에그유통	food	126.97891	37.57100
에꼴드플라워	shop	126.97429	37.57203
에노테카친친	food	126.96659	37.58115
에노테카포시즌스호텔점	shop	126.97539	37.57070
에덴	shop	126.99708	37.57235
에덴	food	126.97083	37.57472
에덴	stay	126.99705	37.58793
에덴화랑	shop	126.98665	37.57306
에듀비외국어역량강화교육	shop	126.99810	37.56984
에디블	food	126.99021	37.57354
에디션덴마크쇼룸	cafe	126.96980	37.57956
에디션엠	cafe	127.00085	37.58213
에떼르노	cafe	126.96732	37.58071
에뜨네르	shop	126.97992	37.57085
에띠아모	shop	126.98133	37.58319
에레또	shop	126.97083	37.58100
에렉스후와후와	food	126.97891	37.57100
에르띠에	shop	126.99290	37.57223
에머이계동지점	food	126.98653	37.57892
에머이종로	food	126.98462	37.56984
에무	heritage	126.96901	37.57207
에무시네마앤카페	cafe	126.96902	37.57207
에반테일러	shop	126.99865	37.57144
에버	shop	126.98980	37.57057
에버블루밍개발주	food	126.96821	37.58766
에베레스트	food	127.01250	37.57257
에베레스트커리월드	food	127.01157	37.57212
에벤에셀	shop	127.00006	37.57088
에벤에셀	shop	126.99315	37.57094
에브리썬데이	shop	127.01667	37.57311
에비뉴	shop	126.98491	37.58134
에셀가발	shop	127.00698	37.57133
에소테릭티베탄싱잉볼협회	activity	127.00274	37.57555
에스	shop	127.01520	37.57175
에스더	shop	127.01439	37.57286
에스더블유유	shop	127.01887	37.57438
에스박스	shop	126.99524	37.56929
에스블랑	shop	127.00353	37.58191
에스비금거래소	shop	126.99050	37.57230
에스비에스당구클럽	activity	126.98938	37.57184
에스씨비에이치광화문디	food	126.97891	37.57100
에스아르엘경돈	food	126.97096	37.57287
에스아이주얼리	shop	126.99865	37.57144
에스알인터내셔널	shop	127.00018	37.57249
에스앤아이코퍼레이션	food	126.97158	37.56927
에스앤에스	shop	126.99971	37.57012
에스앤지인피니티주	shop	127.01520	37.57175
에스앤티인터내셔널	food	126.97370	37.57136
에스에스	shop	127.01855	37.57198
에스에스노래빵	bar	127.00635	37.57165
에스에이랜드	shop	126.99114	37.57332
에스에이씨	shop	126.98382	37.57604
에스에이치어부세상	shop	127.01250	37.57188
에스엘비	food	127.01075	37.57088
에스엠비컴퍼니	shop	126.98730	37.57044
에스오르	shop	126.99865	37.57144
에스오엔지	shop	126.96748	37.56721
에스와이디자인컴퍼니	shop	126.98443	37.57945
에스와이신세러티	food	126.96697	37.57486
에스와이에스리테일종각역점	shop	126.98324	37.57022
에스제이쥬얼리	shop	126.99297	37.57094
에스지	shop	127.00060	37.57365
에스지푸드호두붐	food	127.00955	37.57041
에스케이엠엔엠	shop	127.02210	37.57324
에스케이주유소팝업스토어	bar	126.98419	37.56894
에스케이컴퍼니	shop	127.02215	37.57689
에스케이푸드시스템	food	126.99311	37.57016
에스티이	shop	126.97263	37.57684
에스프릿서울	shop	126.98144	37.57096
에슬로우	cafe	126.98144	37.57096
에이다	food	127.00044	37.58303
에이듀	shop	127.00022	37.57063
에이라운지	shop	126.96628	37.59373
에이레네	shop	126.98540	37.57210
에이루덴스	food	126.97480	37.61236
에이브이테이크씨	food	126.98850	37.57245
에이블씨엔씨	shop	126.98561	37.56994
에이블씨엔씨	shop	126.98643	37.57239
에이블짐골프아카데미창신역점	activity	127.01503	37.57736
에이블짐창신역점	activity	127.01503	37.57736
에이비갤러리	shop	126.98696	37.57219
에이스	shop	126.99710	37.57098
에이스공조씨스템	shop	127.00884	37.57866
에이스아웃도어	shop	127.00262	37.57075
에이스자석	shop	126.99465	37.56879
에이스플라워	shop	126.97078	37.57890
에이앤디스페이스	shop	127.00358	37.58297
에이에이	shop	127.00281	37.58161
에이엔디스페이스	shop	127.00358	37.58297
에이엠피엠	shop	127.01854	37.57134
에이오이	food	126.98512	37.56883
에이오이	food	126.98507	37.56937
에이원	shop	127.00809	37.57082
에이원레지던스	stay	126.98429	37.56929
에이원쥬얼리	shop	126.99865	37.57144
에이지스튜디오	shop	127.00609	37.57753
에이치디에스푸드	food	126.98144	37.57096
에이치스테이	stay	126.98953	37.57237
에이치아이컴퍼니	shop	126.98463	37.57405
에이치앤비	shop	126.99865	37.57144
에이치에스드림	food	126.98120	37.58122
에이치에프에프에프	shop	126.99952	37.58442
에이치엔비글로벌	shop	127.00525	37.57366
에이치짐신설동역점	activity	127.02095	37.57578
에이치커피로스터스서촌	cafe	126.96804	37.57976
에이치케이파트너스	shop	127.00732	37.57070
에이치케이푸드	food	126.98896	37.57386
에이치콜렉션	shop	126.96929	37.58006
에이치티노래방	bar	127.00997	37.57175
에이커	shop	126.96948	37.57954
에이케이에스	shop	126.98186	37.57909
에이크로리즘안국카페	cafe	126.98497	37.57709
에이피갤러리	shop	126.98663	37.57274
에이피비주얼	shop	126.98845	37.57710
에이하우스	stay	126.98133	37.58319
에일당	cafe	126.99008	37.57351
에일당	food	126.98832	37.57337
에일린샵	shop	126.99093	37.57530
에제르쥬얼스	shop	126.99124	37.57292
에치엠푸드정독	food	126.98387	37.58126
에카	food	126.99964	37.58204
에코	shop	127.01672	37.57194
에코레카페앤그로서리	cafe	126.96777	37.58063
에코샵	shop	127.00732	37.57070
에코코인노래연습장	activity	126.99932	37.58322
에코폰	shop	126.97992	37.57085
에크루	food	126.96523	37.60512
에트왈	shop	127.01520	37.57175
에페	food	126.99928	37.57230
에프더블유	shop	127.00732	37.57070
에프알엠알	shop	126.97257	37.57968
에프에이디랩프앙디	food	126.98972	37.57299
에프엔씨	food	126.97000	37.57630
에프피에이	shop	126.98942	37.57657
에피소드스테이	stay	127.00826	37.57508
에필로그	activity	127.00242	37.58294
엑스	bar	126.99055	37.57287
엑스엑스커피메이커경복궁역점	cafe	126.97333	37.57537
엔도디자인스튜디오	shop	126.98488	37.57426
엔드앤드	shop	126.97035	37.57931
엔들리스써머	food	126.96774	37.57778
엔빵	food	126.99032	37.57130
엔에이	shop	127.00351	37.57656
엔엠에프	bar	126.98429	37.56929
엔엠엘코스메틱스	shop	127.00307	37.58329
엔제리너스롯데백부산식당가	cafe	126.98558	37.56934
엔제리너스세종로	cafe	126.97632	37.57150
엔젤음향	shop	126.98765	37.57222
엔젤피아노사	shop	126.98765	37.57222
엔조이스테이	stay	127.01986	37.57303
엔지엘팜	shop	127.02171	37.57395
엔탈피	shop	126.97307	37.57849
엔트리갤러리	shop	126.97298	37.57135
엔티식당	food	127.00709	37.57293
엔틱마켓	shop	127.01623	37.57022
엔피스	shop	126.97886	37.56982
엘	food	126.99128	37.57506
엘가나커피	cafe	127.00063	37.57276
엘까르니따스	food	126.98942	37.57322
엘도라도	shop	127.00006	37.57088
엘도라도다이아몬드	shop	126.99710	37.57098
엘도라도쥬얼리	shop	126.99865	37.57144
엘레강스	shop	127.00006	37.57088
엘로우쿡	food	126.97179	37.57897
엘로호스텔	stay	127.01107	37.57092
엘리나쥬얼리	shop	126.99364	37.57076
엘리스파이	shop	126.98149	37.57210
엘리스파이종로구청	shop	126.97942	37.57234
엘리시아주얼리금거래소	shop	126.99865	37.57144
엘리야리	cafe	126.96221	37.59724
엘리의기억	stay	126.95881	37.60039
엘리제레갤러리	shop	126.99591	37.59052
엘리트레지던스	stay	126.98902	37.56956
엘린하우스	stay	127.00452	37.58069
엘린하우스	stay	126.99831	37.58375
엘림하우스	cafe	126.99708	37.57235
엘림화장품	shop	127.01065	37.57263
엘브이엠에치코스메틱	shop	126.97891	37.57100
엘빈	cafe	127.00060	37.58557
엘샤인다이아몬드	shop	126.99174	37.57135
엘스	cafe	126.98334	37.57274
엘씨푸드	food	126.99917	37.58304
엘아이지홈앤밀	food	126.97199	37.56871
엘아이지홈앤밀	food	126.98355	37.57157
엘에스스토어	shop	126.97579	37.57155
엘에스스토어성대점	shop	126.99692	37.58637
엘에스트레이딩	shop	127.02281	37.57403
엘에이치비코퍼레이션	shop	126.97793	37.57096
엘엠에스서촌	shop	126.96882	37.58009
엘지생활건강	shop	126.97158	37.56927
엘지포차	bar	127.00614	37.57206
엘케이모텔	stay	127.00357	37.57063
엘케이호스텔	stay	127.00357	37.57063
엘크	shop	127.00166	37.58767
엘파소	food	127.00005	37.58239
엘프호슈즈	shop	127.01194	37.57008
엘피스쥬얼리	shop	126.99710	37.57098
엘피엘피	shop	126.97108	37.57976
엘피음악소	bar	126.97992	37.57085
엠마	food	127.00215	37.57130
엠마하우스	stay	127.00101	37.57930
엠바	bar	126.98994	37.57268
엠비씨	activity	126.98493	37.56933
엠비피당구장	activity	127.01045	37.57385
엠씨티짐이화	activity	127.00007	37.57625
엠앤아이트리어주	shop	126.97440	37.57036
엠에스비전홈	shop	126.97382	37.57309
엠에프지코리아매드포갈릭광화문디	food	126.97891	37.57100
엠에프케이주	shop	126.98025	37.58016
엠엔비코퍼레이션	stay	126.98648	37.57960
엠엠알	shop	126.99022	37.57341
엠엠알	shop	126.98971	37.57330
엠엠엠혜화	stay	126.99708	37.58769
엠와이씨	cafe	126.96798	37.57931
엠워치	shop	126.99708	37.57235
엠제이	activity	127.01553	37.57013
엠제이게스트하우스	stay	126.98463	37.56909
엠제이골드	shop	126.98197	37.58330
엠제이스테이	stay	126.98495	37.56946
엠제이자원	shop	126.98942	37.57539
엠지더블유파트너스삼청동지점	shop	126.98274	37.57953
엠지에프에스백	shop	126.98182	37.58616
엠지호텔	stay	126.98480	37.56894
엠케이갤러리	shop	126.97095	37.61249
엠케이에프앤비	food	127.01609	37.57272
엠케이투	cafe	126.97252	37.57951
엠텍스	shop	127.00732	37.57070
엠투짐	activity	126.97504	37.60854
엠티당구장	activity	126.98633	37.56907
엠티엘	shop	127.02120	37.57347
엠플러스멀티방	activity	126.98658	37.56966
엠피무역	shop	126.98984	37.57296
여기인가	cafe	126.97091	37.57884
여느날	stay	126.96961	37.57657
여래여거	food	126.96708	37.58086
여름	bar	126.97507	37.57107
여름밤비	stay	127.01557	37.57757
여름한옥	stay	126.96819	37.57987
여명	bar	126.99053	37.57270
여성총브랜드	shop	127.01204	37.57176
여수서대	food	127.00774	37.57682
여수오동도	food	126.97992	37.57085
여신주얼리금거래소	shop	126.99142	37.57508
여여재	food	126.98144	37.57096
여여하다	cafe	126.98551	37.57565
여여한옥	stay	126.96084	37.57374
여왕곱창	food	127.01048	37.57253
여우	shop	126.97333	37.57537
여우비	activity	126.99144	37.57165
여우의식탁	food	126.99861	37.58355
여우화장품	shop	127.01497	37.57311
여원	cafe	126.98611	37.57405
여일공필중채화연구소	activity	127.00288	37.57065
여자만별관	food	126.98464	37.57485
여자의정원	shop	126.98646	37.57457
여주상회	shop	126.97075	37.58074
여진곱	food	126.98836	37.57320
역삼빈티지	shop	126.99971	37.57012
역전포장마차종각	bar	126.98662	37.56909
역전할머니맥주서울	bar	127.00079	37.58311
역전할머니맥주종각역점	bar	126.98559	37.56945
역점스포애니케이디스포츠	activity	126.97393	37.56980
연가	bar	126.97473	37.57120
연가	bar	127.01397	37.57274
연가	cafe	126.96660	37.60574
연건식당	food	127.00174	37.57847
연건호스피탈리티그룹	food	126.99943	37.58231
연골드	shop	126.99175	37.57115
연구실	shop	126.96892	37.58056
연금술	bar	127.00477	37.58173
연김밥	food	126.99127	37.57066
연남샐러드	food	126.98582	37.57672
연남토마	food	126.98270	37.57934
연담	food	126.97421	37.57364
연당	stay	126.98707	37.58260
연등회	event	126.98806	37.57061
연목돈	food	126.99946	37.58325
연세보청기센터	shop	126.99192	37.57015
연세소아과	shop	127.00075	37.58624
연세안경	shop	126.98604	37.57042
연세에스웰화장품	shop	126.97992	37.57085
연아트	shop	126.98723	37.57189
연안스테이	stay	126.98593	37.57900
연약국	shop	127.00809	37.57082
연우소극장	heritage	127.00176	37.58698
연우실크	shop	126.99971	37.57012
연우하우스	stay	126.98531	37.58228
연이꼬마김밥	food	126.97333	37.57537
연잎한옥밥상	food	126.97137	37.57654
연재	shop	126.96946	37.57570
연주당	shop	126.98388	37.57395
연지곤지	shop	127.01545	37.57375
연지돈	food	127.00006	37.57248
연지동	food	126.99830	37.57399
연지동순두부	food	127.00134	37.57156
연지동태국	food	127.00026	37.57150
연지플라워	shop	126.97992	37.57085
연타운	shop	126.96083	37.60603
연타운주	bar	126.98552	37.56967
연하동	food	126.99923	37.58247
연화불교사	shop	126.98281	37.57271
연화정주	shop	126.98652	37.57214
연화침구	shop	126.99971	37.57012
연화한복	shop	127.00127	37.57013
연희공방	shop	126.98684	37.57168
연희김밥	food	126.97254	37.57711
연희김밥	food	126.95860	37.57438
연희김밥	food	126.96511	37.56886
연희농산물	shop	126.99367	37.57099
연희양과점	food	126.96963	37.57532
열두바구니	shop	127.00691	37.57748
열두척	shop	126.99202	37.57243
열래원	shop	126.98629	37.57437
열린약국	shop	127.00033	37.57072
열림필방	shop	126.98377	37.57512
열반가배	food	126.96991	37.57917
열애	bar	126.98817	37.57321
열일곱	bar	126.98415	37.57529
열정나라	activity	126.97992	37.57085
열차집	food	126.98278	37.57170
영관상회	shop	126.99971	37.57012
영광노래광장	bar	126.97331	37.57186
영광노래방	activity	127.00455	37.57612
영광사	shop	126.99396	37.57014
영광상회	shop	126.99971	37.57012
영광서적	shop	127.01767	37.57270
영광식품	shop	126.99374	37.57012
영광식품	shop	127.00427	37.57005
영광신발	shop	127.00199	37.57011
영광침구	shop	126.99971	37.57012
영광케미칼	shop	126.99473	37.56992
영광통닭	food	126.96841	37.58106
영광통닭더하기	food	126.96815	37.58079
영구비어	bar	126.98543	37.56929
영국남자파스타	food	126.96858	37.57465
영니트	shop	127.00006	37.57088
영다방	cafe	127.00652	37.57157
영다방혜화명륜점	cafe	126.99832	37.58333
영당구장	activity	127.01186	37.57221
영덕회식당	food	126.98116	37.57174
영도다리	bar	126.99006	37.57272
영도상사	shop	126.99708	37.57235
영동보석	shop	126.99786	37.56975
영동케이스	shop	126.99524	37.56929
영락악기	shop	126.98765	37.57222
영락주단	shop	126.99971	37.57012
영롱	shop	127.00033	37.58145
영림사	shop	127.01067	37.57006
영림음향	shop	126.98765	37.57222
영미사	shop	127.00243	37.57050
영미섬유	shop	127.02034	37.57266
영보	shop	126.98955	37.57585
영보음향	shop	126.98790	37.57276
영브로	shop	127.02106	37.57301
영비	shop	126.97990	37.57415
영빈루레드	food	126.96626	37.56680
영산강	food	127.01028	37.57196
영산포홍어	food	126.96484	37.60519
영삼이네우정소갈비서촌점	food	126.97119	37.57637
영순이네곱창	food	127.01048	37.57253
영스뮤직	shop	126.98765	37.57222
영스테이	stay	127.01590	37.57238
영신	shop	127.00732	37.57070
영신안감	shop	126.99638	37.56948
영신침구	shop	126.99971	37.57012
영암집	food	126.99971	37.57012
영애네집	shop	127.00003	37.57061
영양버섯칼국수	food	126.97298	37.57135
영우당	shop	126.97333	37.57537
영우성균관대학교주	shop	126.99312	37.58722
영원	stay	126.99722	37.58827
영월사랑방식당	food	126.97429	37.57203
영웨이브전자담배	shop	126.97992	37.57085
영웨이브전자담배인	shop	126.98633	37.57267
영은직물	shop	127.00041	37.57063
영인당	shop	126.99269	37.59036
영인디지털	shop	126.98531	37.57058
영인마켓	shop	126.96369	37.60551
영일식당	food	126.98879	37.57325
영일식당	food	126.99665	37.58795
영재식당	food	126.99819	37.57349
영주네해장국	food	127.01193	37.57261
영주매점	shop	126.99524	37.56929
영주얼리	shop	126.99865	37.57144
영지	shop	126.99810	37.56984
영진	stay	127.02222	37.57607
영진보석	shop	126.99801	37.57549
영진사	shop	126.99710	37.57098
영진사	shop	126.99708	37.57235
영진상사	shop	126.99671	37.58703
영진상회	shop	127.01088	37.57305
영진상회	shop	126.96848	37.58622
영진상회	shop	126.99971	37.57012
영진수산	food	126.99085	37.57417
영진악기	shop	126.98765	37.57222
영진안경	shop	126.97429	37.57203
영진직물	shop	126.99967	37.57048
영진피복	shop	127.00302	37.57013
영창당	shop	127.02108	37.57502
영창상회	shop	126.99971	37.57012
영추스테이	stay	126.97348	37.57882
영춘옥	food	126.99153	37.57136
영카	shop	127.01485	37.57065
영콘텍트안경원	shop	127.01465	37.57302
영풍개발주	cafe	126.98218	37.56967
영한복	shop	127.00005	37.56974
영할인마트	shop	126.97333	37.57537
영화관옆호프집	bar	126.99147	37.57124
영화루	food	126.96903	37.58014
영화사	shop	127.00137	37.57004
영화약국	shop	127.00588	37.57330
영화침구	shop	127.00955	37.57041
예	cafe	126.99302	37.57296
예그리나	shop	126.99865	37.57144
예그린하우스	stay	127.00418	37.58076
예나당	shop	126.97990	37.57415
예나당	shop	126.99708	37.57235
예나르	shop	126.98655	37.57384
예다한한복	shop	126.99865	37.57144
예닮바이오라이프디오캄	shop	126.98666	37.58119
예담	food	126.99865	37.57144
예담악기	shop	126.98765	37.57222
예당	shop	126.98859	37.57422
예당	shop	126.99710	37.57098
예당	shop	126.98396	37.57540
예당	shop	127.01753	37.57084
예도	shop	127.00199	37.57011
예랑	shop	126.99708	37.57235
예린	bar	126.97451	37.57115
예림모사	shop	127.00732	37.57070
예림자수공방	shop	127.00005	37.56974
예맥관	food	126.98893	37.56874
예명	shop	126.98584	37.57409
예모아미후	shop	126.98637	37.57739
예목	shop	126.99075	37.57450
예빛	shop	126.99013	37.57058
예쁘당주얼리	shop	127.00048	37.57217
예산집	food	127.00482	37.57049
예성화랑	shop	126.98362	37.57295
예솔뮤직	shop	126.98765	37.57222
예술가의집	heritage	127.00252	37.57975
예술국수	food	126.98587	37.57300
예스모바일	shop	127.01550	37.57474
예원	food	126.96965	37.57563
예원기획	shop	126.98925	37.56959
예원음향	shop	126.98765	37.57222
예원의프랑스자수	shop	127.00469	37.58034
예은	shop	127.00005	37.56974
예은상사	shop	127.00624	37.57567
예은약국	shop	126.95845	37.60688
예은재	stay	126.98552	37.58046
예인	shop	126.99210	37.57208
예인	shop	126.98513	37.57659
예인	shop	126.98643	37.57239
예인갤러리	shop	126.98540	37.57210
예일고시원	stay	127.01928	37.57446
예전사	shop	126.98617	37.57529
예주	shop	126.99971	37.57012
예지과학	shop	126.99385	37.57013
예지당	shop	126.99031	37.57060
예지식당	food	126.99708	37.57235
예지원	cafe	127.00037	37.57213
예진	shop	126.97990	37.57415
예진	shop	127.02052	37.57308
예진골드	shop	126.99865	37.57144
예찬김밥	food	126.95639	37.60908
예하	shop	126.98507	37.57441
예하도예	shop	126.98393	37.57464
예하도예게스트하우스	stay	126.98507	37.57441
예향가	shop	126.98443	37.57420
예향갤러리	shop	126.98442	37.57420
옐라보나	cafe	126.99997	37.58374
옐로드래곤커리	food	126.99271	37.57312
옐롱오렌지	cafe	126.96954	37.57764
옛날	food	127.02095	37.57578
옛날국밥	food	127.01777	37.57284
옛날국수맛집	food	126.97211	37.57703
옛날농장	food	126.99955	37.58259
옛날명동칼국수	food	126.97360	37.57446
옛날보신탕돼지집	food	127.00547	37.57033
옛날순대	food	126.95848	37.57522
옛날순대국	food	127.00362	37.57165
옛날연길냉면	food	127.01026	37.57030
옛날집낙원아구찜	food	126.98801	37.57356
옛날통닭	food	127.01194	37.57174
옛날통닭	food	127.00619	37.57134
옛날통닭	food	127.01101	37.57373
옛날통닭별관	food	127.01183	37.57172
옛마을	food	126.98111	37.57186
옛생각	shop	126.99079	37.57577
옛생각갤러리	shop	127.01723	37.57292
옛찻집	cafe	126.98541	37.57347
옛촌	food	127.01546	37.57067
오가김밥	food	127.00229	37.56994
오가네	food	127.00164	37.57889
오가닉씨드	bar	126.99174	37.57475
오가다	cafe	126.98363	37.57528
오가다대학로본사점	food	127.00284	37.58274
오가와	food	126.97429	37.57203
오감부대	food	126.97992	37.57085
오거리마트	shop	126.97014	37.57933
오고	shop	127.01593	37.57216
오고또포차	food	126.98869	37.56863
오공팔	shop	127.00811	37.57778
오구오구홈데코	shop	126.98506	37.57341
오누루	shop	126.98552	37.57020
오뉴창덕궁점	food	126.99075	37.57594
오는정	food	126.97116	37.57653
오는정쪽갈비	food	126.97119	37.57637
오늘그대와익선	bar	126.98971	37.57338
오늘도두잔	bar	126.99966	37.58321
오늘도한잔	bar	126.99964	37.58280
오늘와인한잔	bar	126.98675	37.56868
오늘은난가복권방	activity	126.99744	37.58462
오늘의밥상	food	126.95788	37.60498
오니	food	126.98748	37.57927
오니로	cafe	126.96237	37.57080
오뎅사케	bar	126.97504	37.57126
오도집	food	126.98217	37.57515
오동잎감자탕	food	127.01877	37.57366
오두막	food	126.97581	37.57150
오드그린컴퍼니	shop	126.97902	37.57473
오드리한복	shop	126.99971	37.57012
오드만	shop	126.99140	37.57560
오드콜라	shop	127.00542	37.58041
오드투디저트	food	127.00436	37.58244
오디션노래연습장	activity	126.98677	37.56966
오디커피	cafe	126.99688	37.58428
오떡순한식부페	food	126.99865	37.57144
오뚜기	shop	127.00732	37.57070
오라	shop	126.96955	37.57845
오라이	food	127.00139	37.57019
오라이등심	food	127.00141	37.57018
오락스테이	stay	126.96724	37.58098
오랫	food	126.96834	37.57770
오레노라멘안국	food	126.98457	37.57652
오레노야끼	food	126.98136	37.57304
오레노카츠	food	127.00215	37.58270
오렌즈	shop	126.98172	37.57205
오렌즈	shop	126.98713	37.57044
오렌즈교보문고	shop	126.97793	37.57096
오렌즈대학로	shop	127.00085	37.58366
오렌지	stay	126.97080	37.58030
오렌지나무	cafe	126.95890	37.60718
오렌지노래연습장	activity	126.98676	37.56893
오렌지룸	bar	126.98651	37.56948
오렌지바	bar	126.98473	37.57047
오렌지컴퍼니	shop	126.99135	37.57465
오로라	shop	126.98633	37.57313
오로시젤라또	food	126.98055	37.57062
오롯서울대	shop	126.99720	37.58046
오롯종로	shop	126.98994	37.57457
오르고	shop	127.00255	37.57048
오름	food	127.00085	37.58436
오름씨앤디	cafe	127.00345	37.57671
오리마을	food	127.01506	37.57889
오리지널팬케이크하우스	food	126.97780	37.57216
오리지널팬케이크하우스세종문화회관점	food	126.97617	37.57185
오리진아시아	shop	126.98156	37.58657
오마녀	food	127.00672	37.57238
오마스페이스	shop	126.98058	37.58261
오마이뎅	bar	126.99788	37.58406
오마이포덕수궁디	food	126.97199	37.56871
오마이하우스	stay	126.96976	37.58438
오마이호텔	stay	127.01344	37.57200
오마쥬	food	126.97349	37.57789
오마카세오사이초밥	food	127.00437	37.58165
오마카세오사이초밥	food	126.97992	37.57085
오메가상사	shop	126.99971	37.57012
오메가솔루션	shop	126.97235	37.57921
오메오메	bar	126.98953	37.57530
오며가며지엠디코	shop	127.01019	37.57048
오목집	food	126.98258	37.57183
오버트서울	cafe	126.96902	37.57647
오번가카페	cafe	126.99947	37.57113
오베르쥬	food	126.97120	37.57761
오벨리베이커리까페	food	126.98909	37.57275
오병이어	food	126.96694	37.60610
오복	food	126.99061	37.56991
오복권방	activity	126.99261	37.57020
오복당	food	126.98219	37.58530
오복미역경복궁역점	food	126.96931	37.57649
오복상회	shop	126.95697	37.57549
오복정	food	127.01032	37.57621
오복주단	shop	126.99985	37.57047
오복주단	shop	127.00732	37.57070
오복집	food	127.00539	37.57028
오봉식당	food	126.97429	37.57203
오봉집	food	126.98385	37.56916
오봉카츠	food	126.97049	37.57779
오브시소	shop	126.98524	37.58056
오브제골드	shop	126.99154	37.57067
오브젝트	shop	126.98458	37.57954
오브종로지점	shop	127.01194	37.57008
오브타임	shop	126.99708	37.57235
오븐앤우드	food	126.95813	37.57457
오븐에빠진닭	food	126.97223	37.57662
오븐에빠진닭	food	126.97472	37.57070
오블레스	shop	126.98413	37.57695
오블레스안	shop	126.98368	37.57928
오비로비	food	127.01969	37.57446
오빈스	food	126.97133	37.57631
오빌	shop	126.99865	37.57144
오사카부루스	bar	126.98559	37.56945
오사카우동	food	127.00154	37.57411
오색공방	shop	127.00160	37.56986
오색을거닐다	shop	126.98223	37.58184
오색인견	shop	126.95743	37.60003
오선생	bar	126.99118	37.57131
오설록인	food	126.98431	37.57424
오성팔복반점	food	126.97992	37.57085
오세계향	food	126.98527	37.57468
오세아나	shop	127.00302	37.57013
오션오브크리에이션그룹	shop	126.99229	37.57235
오수별채	food	126.98603	37.57402
오스카스페이스커피하우스	cafe	127.00253	37.58753
오스테리아고스마	food	126.96511	37.56886
오스테리아라디치	food	126.97429	37.57203
오스테리아소띠	food	126.97224	37.57901
오슬로우경복궁역	cafe	126.97333	37.57537
오슬로우로얄빌딩점	cafe	126.97429	37.57203
오승주단	shop	127.00122	37.56984
오실	shop	127.00207	37.58398
오쏘파스타	food	127.00572	37.58055
오아시스	shop	126.99029	37.57307
오앤온	shop	126.96212	37.57479
오얏리	shop	126.98531	37.57413
오얏카츠	food	126.98330	37.57362
오엑스오카메라세운점	shop	126.99524	37.56929
오엠오	shop	127.01913	37.57207
오예	activity	127.00001	37.57163
오와이케이	shop	126.98319	37.57909
오우드서촌	food	126.96995	37.58506
오월의방울	shop	126.98685	37.58068
오이뮤	shop	126.98310	37.57885
오이지	food	127.00018	37.58185
오이초이	food	126.97066	37.57864
오이타	shop	126.96976	37.57895
오일육	shop	127.01855	37.57198
오제도바	cafe	127.00053	37.57182
오제도카페	cafe	127.00053	37.57182
오제불제순식당	food	126.99946	37.58278
오제이쿠이	food	126.98361	37.57074
오졔졔	shop	127.01601	37.57198
오종종	cafe	126.98208	37.58310
오죽이네	food	126.99075	37.57305
오죽이네	food	126.99081	37.57378
오죽이네	food	126.98842	37.57372
오즈브릿지	shop	127.01520	37.57175
오즈상점	shop	127.00732	37.57070
오즐	shop	126.97175	37.57928
오차르	shop	126.99158	37.57319
오챠드	shop	126.96811	37.57952
오츠커피	cafe	126.97780	37.57216
오치교반	food	126.98867	37.56975
오칸	stay	126.99207	37.57400
오커쇼어	cafe	126.97333	37.57537
오케이노래연습장	activity	126.99169	37.57145
오케이빌	stay	126.98948	37.57471
오크베리경복궁역점	food	126.97181	37.57774
오크통혜화혼술바	food	127.00014	37.58205
오클라	shop	126.98144	37.57096
오키하우스	shop	126.98217	37.58027
오타르	cafe	126.99008	37.57296
오탐나	shop	127.01520	37.57175
오토김밥	food	127.00353	37.58031
오투갤러리	shop	126.99050	37.57230
오투크리스탈상패트로피	shop	126.99140	37.57450
오튀그	shop	126.99160	37.57404
오트커피	cafe	126.98460	37.57879
오티씨익선	cafe	126.98929	37.57379
오티움	bar	126.98718	37.56893
오팔식당창신역점	food	127.01503	37.57736
오풍	shop	126.99708	37.57235
오프램프서울	food	126.98782	37.57421
오프뷰티	shop	126.99962	37.57008
오프뷰티광장시장	shop	126.99820	37.56931
오프뷰티인	shop	126.98695	37.57218
오프커피	cafe	126.98701	37.56893
오픈북	food	126.97094	37.58046
오픈종로셋째집	food	126.98675	37.56868
오픈하우스	stay	127.00214	37.57151
오플로	food	126.99012	37.57328
오피스마트	shop	126.99939	37.57255
오피스헬퍼	shop	126.97992	37.57085
오피에스	shop	126.98531	37.57058
오하이	food	126.99156	37.57448
오하이서울	stay	127.00808	37.57559
오하하커피	cafe	126.97967	37.57239
오한수우육면가	food	126.98138	37.56934
오한수우육면가	food	126.97429	37.57203
오한수우육면가	food	126.98144	37.57096
오한수우육면가광화문	food	126.97899	37.57391
오한수우육면가르메이에르점	food	126.97992	37.57085
오한수우육면가오피시아점	food	126.97488	37.56973
오후	cafe	127.00586	37.58112
오후	cafe	126.96928	37.57936
오후	cafe	126.99001	37.57074
오히	food	126.99700	37.57573
옥광약국	shop	126.99743	37.57687
옥김치	shop	126.96649	37.60583
옥도	food	126.95976	37.60625
옥된장	food	126.98436	37.56994
옥바	bar	126.95993	37.57301
옥상	bar	126.99111	37.57275
옥상	bar	126.95853	37.60031
옥상포차	bar	126.97473	37.57120
옥션	shop	126.98624	37.57320
옥션	shop	126.98723	37.57189
옥수동화덕피자종각	food	126.98559	37.56945
옥수산장	food	126.97853	37.60934
옥연재	stay	126.96679	37.58569
옥이네	food	127.00378	37.57129
옥이네	food	126.97238	37.57764
옥이네	shop	127.00003	37.57061
옥이네칼국수	food	126.97421	37.57364
옥이모	food	127.00162	37.58223
옥인동빵집	food	126.96841	37.58106
옥인문구	shop	126.96843	37.58096
옥인상점	shop	126.96724	37.58098
옥인스테이	stay	126.96381	37.58241
옥인온누리약국	shop	126.97287	37.57638
옥정	food	126.98510	37.57490
옥찬	food	126.99861	37.57417
옥천매운족발	food	127.01160	37.57324
옥천유통	shop	126.99115	37.57609
옥희	food	126.97780	37.57216
온고잉	cafe	126.97094	37.58046
온그라운드갤러리	cafe	126.97278	37.57948
온기	cafe	126.96306	37.59427
온기스테이	stay	126.96991	37.57768
온누리설악종로지점	bar	126.99097	37.56892
온누리예술마당	shop	126.98487	37.57356
온달곱창	food	126.96895	37.58081
온달집	bar	126.98622	37.56965
온담	stay	127.01040	37.57558
온담	stay	127.00805	37.57601
온담채	stay	127.01194	37.57008
온도	shop	126.98328	37.58532
온도센터원	food	126.98625	37.56877
온도호텔앤스파서울	stay	126.99012	37.56918
온리원오브젝트	shop	126.97111	37.57956
온마을	food	126.98153	37.58668
온마을즉석두부요리	food	126.98153	37.58667
온마츠	food	126.96626	37.60562
온미관안국	food	126.98610	37.57805
온세나라의한옥집	stay	126.97131	37.58199
온센	food	126.98566	37.57697
온스	bar	126.98878	37.57341
온아	shop	126.99081	37.57638
온양수예	shop	126.99971	37.57012
온양주단	shop	126.99971	37.57012
온유당	cafe	126.99067	37.57728
온유어마크경복궁	shop	126.97283	37.57802
온정옥익선	food	126.98947	37.57409
온지심	cafe	126.99046	37.57313
온천집	food	126.98982	37.57401
온택메트로	food	126.97333	37.57537
온프	food	126.99853	37.58350
온핏	activity	126.98522	37.56966
온혜화	food	127.00370	37.58052
온혜화	food	127.00436	37.58244
온화	stay	127.00625	37.57868
올가콘라라	cafe	127.00571	37.57022
올데이큐파트너스	shop	127.01067	37.57006
올덴플레이스	cafe	127.01837	37.57409
올덴하우스	stay	127.01837	37.57409
올드앤와이즈	bar	126.97148	37.57809
올디스	bar	126.99982	37.58277
올딧세서촌	cafe	126.96861	37.57918
올라이트	shop	126.96976	37.57895
올라포케	food	126.97429	37.57203
올랄라파리	food	126.98935	37.57337
올로	bar	126.99083	37.57358
올롸이트	shop	126.96976	37.57895
올루올루	food	126.97460	37.57087
올리	shop	126.97617	37.57185
올리	shop	126.97107	37.57050
올리브	stay	127.02014	37.57383
올리브	cafe	126.95770	37.60741
올리브	shop	126.98473	37.57047
올리브	shop	127.00006	37.57088
올리브	shop	126.95920	37.60669
올리브나무	stay	126.96971	37.57666
올리브떡볶이동묘점	food	127.01588	37.57500
올리브약국	shop	126.97477	37.57049
올리브하우스	stay	127.01587	37.57692
올리비아로렌	shop	127.00460	37.57078
올리비아하슬러	shop	127.01421	37.57283
올리엔효성주얼리시티점	shop	126.99865	37.57144
올림	cafe	126.97034	37.58241
올림픽기념국민생활관	activity	126.99880	37.59040
올마루	food	126.97340	37.58049
올모스트마더레시피	food	126.99171	37.57703
올미아트스페이스	shop	126.98271	37.57366
올식	bar	126.99053	37.57134
올인	bar	126.99076	37.57152
올인	food	127.00018	37.57249
올포유	shop	127.00479	37.57078
올포유종로	shop	127.00479	37.57078
옴레스토랑	food	126.97607	37.57051
옵스	shop	126.98531	37.57058
옷나래	shop	127.00006	37.57088
옷이날개	shop	127.00955	37.57041
옷집	shop	126.96836	37.58061
옹끌르방	food	126.99020	37.57386
옹시미경복궁점	food	126.97058	37.57629
옹알스	event	127.00400	37.58201
옻나무갤러리	shop	126.98488	37.57426
와	bar	126.98629	37.57200
와글와글	food	127.01081	37.57239
와글와글	food	127.01048	37.57232
와룡공원	nature	126.99016	37.59123
와룡동닭매운탕	food	126.99097	37.57613
와사비	shop	127.01913	37.57199
와우	bar	126.99982	37.57193
와운	stay	126.98296	37.58289
와유재	shop	126.98221	37.58504
와이	food	126.99100	37.57368
와이디디와이	shop	126.98488	37.57426
와이맨	shop	126.98765	37.57222
와이비엠이엘티프라자	shop	126.98911	37.56996
와이스타브다이어트	food	126.97992	37.57085
와이제이젬주	shop	126.99228	37.57273
와이큐도토리브라더스	food	126.96928	37.57293
와인라인	shop	126.97436	37.57298
와인마켓	shop	127.00154	37.58281
와인슈타인	shop	126.96905	37.57711
와인슈타인	shop	126.98604	37.56893
와인이지	bar	126.98637	37.57739
와인하우스	shop	126.98637	37.57739
와플대학경희궁자이캠퍼스	food	126.96237	37.57080
와플레이	food	126.96235	37.57086
와플샵경복궁점	food	126.97263	37.57684
와하녹	stay	126.99991	37.58177
왁티	shop	126.98616	37.57287
완도집	food	127.01121	37.57322
완백부대찌개	food	126.98144	37.57096
완판생국수	food	127.00655	37.57076
왓슨앤마이크그룹	food	127.01289	37.57193
왓츠업	food	126.98943	37.57593
왕가네웰빙	food	127.01116	37.57202
왕갈비	bar	126.98181	37.57239
왕개미식당	food	127.01026	37.57031
왕관커피숍	cafe	127.00235	37.57076
왕당구장	activity	126.99158	37.57319
왕당구장	activity	127.01069	37.57502
왕도매	shop	127.01623	37.57022
왕도매	shop	127.01939	37.57270
왕림상회	shop	126.99948	37.57038
왕벌집	food	126.99462	37.57015
왕벌집	food	127.00603	37.57059
왕비집	food	126.98618	37.56893
왕산골왕도너츠	food	127.02006	37.57221
왕순대	food	126.99791	37.57393
왕순대식당	food	126.98998	37.56996
왕십리곱창	food	127.00530	37.57576
왕십리꼼닭발	food	127.02165	37.57537
왕십리순대국	food	127.00332	37.57593
왕십리토박이	food	126.99010	37.56999
왕십리황소곱창	food	126.98387	37.56936
왕십리황소곱창	food	126.99092	37.57339
왕오락실	shop	126.98478	37.56944
왕짱구	food	126.98668	37.58109
왕창골뱅이	bar	126.98479	37.57147
왕코	food	126.98552	37.56967
왕코노래타운	bar	126.98552	37.56967
왕푸징만두	food	127.01587	37.57531
외가스테이	stay	126.96774	37.57983
외할머니해장국	food	127.01876	37.57195
외할머니해장국동묘	food	127.02147	37.57424
외할머니해장국종로	food	126.99003	37.56971
외할머니해장국창신점	food	127.01075	37.57357
요거앤라떼	cafe	126.99201	37.57197
요거트맨종로서적점	cafe	126.98361	37.57074
요거트월드	food	126.99842	37.58322
요거트월드경희궁	food	126.96235	37.57086
요거프레소대학로	cafe	127.00177	37.57805
요넥스마을	shop	126.99934	37.58981
요레카	shop	126.96697	37.57486
요지트	food	126.97992	37.57085
용가혜화	food	127.00253	37.58274
용구니콩닭	food	126.98564	37.56966
용금옥	food	126.97092	37.57977
용금옥대미필담	food	126.97080	37.57661
용대리명태마을	food	126.96564	37.59281
용두동쭈꾸미닭갈비	food	126.98985	37.56914
용두쌍둥이네주꾸미	food	127.01531	37.57361
용두쭈꾸미	food	126.97497	37.57137
용문당	shop	126.97229	37.57632
용범이네인계동껍데기	food	126.98543	37.56929
용수산	food	126.98916	37.57943
용수산소반	food	126.98897	37.57945
용수산에프앤씨주	food	126.98153	37.58612
용수염	food	126.98532	37.57379
용식품	shop	127.01665	37.57434
용암상사	shop	127.00384	37.57173
용용선생	bar	126.98658	37.56966
용용선생	bar	127.00247	37.58249
용진상회	shop	126.99064	37.57248
용현섬유	shop	127.00732	37.57070
용호동낙지광화문	food	126.97421	37.57364
우가	food	126.99967	37.57048
우가육회불고기	food	126.99970	37.57054
우게스트하우스	stay	126.97987	37.57792
우경사	shop	126.99971	37.57012
우고산방	shop	126.98657	37.57321
우궁옛날전통찻집	cafe	126.98665	37.57323
우남스피커	shop	126.98765	37.57222
우너스코퍼레이션	shop	126.96713	37.57409
우노	shop	126.98512	37.56883
우담	stay	126.98968	37.58240
우당탕탕	food	126.97102	37.57561
우대포	food	126.97331	37.57186
우동키노야	food	127.00373	37.58186
우드리	food	127.00088	37.57675
우드브로스	food	126.98512	37.56883
우드브릿지	stay	127.01672	37.58022
우드사이드	bar	126.96412	37.59573
우드스탁	bar	126.98510	37.56912
우드스탁	bar	126.99696	37.58328
우드스테이	stay	126.99979	37.57686
우드앤브릭	food	126.97468	37.57079
우드앤브릭더케이트윈점	food	126.97902	37.57473
우드앤브릭재동점	food	126.98406	37.57951
우리구멍가게	shop	127.00956	37.57945
우리농산물	shop	126.98701	37.58204
우리농산물구경상도야채	shop	126.96927	37.58078
우리농산물유통센터	shop	127.00644	37.57134
우리농산물할인매장	shop	127.01529	37.57419
우리님	food	126.98554	37.57876
우리당구장	activity	126.99247	37.57074
우리동네토스트	food	126.97025	37.56881
우리마트	shop	127.01098	37.57239
우리마트	shop	126.99708	37.57235
우리멋	shop	126.98517	37.57245
우리모두협동조합	cafe	127.01430	37.57112
우리미	shop	126.98564	37.57411
우리밥상	food	127.01931	37.57355
우리보석	shop	126.99250	37.57277
우리빛깔	food	126.98005	37.58319
우리사	shop	126.99708	37.57235
우리상회	shop	126.96900	37.58065
우리소리도서관	heritage	126.99023	37.57449
우리술집다람쥐	bar	126.99174	37.57475
우리식품점	shop	127.02084	37.57484
우리아이유기농	shop	126.97393	37.56980
우리약국	shop	126.96675	37.58110
우리옷다솜	shop	126.99971	37.57012
우리옷수	shop	126.99971	37.57012
우리옷진솔	shop	126.99865	37.57144
우리유통	shop	127.01067	37.57006
우리의료기	shop	126.99261	37.57020
우리의료기보청기	shop	127.01760	37.57302
우리의밤	bar	126.99821	37.58310
우리전통상회	shop	126.98668	37.57271
우리집	food	126.98660	37.57811
우리집	food	126.96828	37.58062
우리집	food	127.01505	37.57535
우리집	food	127.00384	37.57160
우리집밥	food	126.99985	37.57244
우리집한옥체험관주	stay	126.98603	37.57903
우리통신	shop	126.99740	37.58431
우리푸드	shop	126.99191	37.57435
우리한우곱창	food	126.99693	37.58596
우리할매떡볶이경복궁점	food	126.97070	37.58355
우리화랑	shop	127.01909	37.57167
우림	shop	127.00732	37.57070
우림사	shop	126.99873	37.56953
우림상회	shop	127.00046	37.56983
우림화랑대림화랑	shop	126.98591	37.57422
우마이당고안국니	food	126.98661	37.57993
우물	shop	126.97099	37.58268
우물가	shop	127.01851	37.57208
우물길정원	shop	126.98253	37.58391
우물집	food	127.00993	37.57967
우미관호텔	stay	126.98671	37.56983
우미옥	food	127.00402	37.57566
우미회관	food	126.98346	37.56944
우보장	food	126.99622	37.58812
우비노	food	126.96928	37.57260
우석공예사	shop	127.00049	37.56973
우성식당	food	127.01251	37.57112
우성양봉	shop	127.00769	37.57251
우성축산물센터	shop	126.95835	37.60640
우솔	food	126.98505	37.57710
우송헌먹그림집	shop	126.98665	37.57323
우슴광화문	food	126.97331	37.57186
우승까몬	food	126.97298	37.57135
우신상회	shop	126.99967	37.57048
우아	shop	127.00486	37.57609
우아김밥	food	127.00769	37.57136
우아에프앤비	food	126.97902	37.57473
우아지경	food	126.97316	37.57297
우아한갑순이	shop	126.98536	37.57276
우아한날	food	126.99037	37.57268
우양상회	shop	127.00137	37.57004
우연화	shop	126.99034	37.57291
우연희미친양꼬치	food	127.00131	37.58404
우영외식산업	food	126.98601	37.56874
우오컴퍼니	food	126.98428	37.56971
우와	food	127.00429	37.58175
우유니베이커리	food	126.97441	37.57136
우유소	food	127.01197	37.57604
우육면	food	126.97992	37.57085
우육면관	food	126.98124	37.57204
우육면관청계천점	food	126.98604	37.56857
우인전기조명	shop	126.99908	37.57562
우정	food	126.98391	37.57508
우정낙지	food	126.98493	37.56933
우정노래연습장	activity	127.01060	37.57272
우정분식	food	127.00514	37.57021
우정식당	food	126.99908	37.57046
우정약국	shop	126.99989	37.57057
우정양꼬치	food	127.00429	37.58175
우정죽	food	126.97333	37.57537
우주라이크커피독립문역점	cafe	126.95860	37.57438
우주악기	shop	126.98765	37.57222
우주정복	shop	126.99062	37.57640
우주정원	shop	126.96053	37.60516
우주하우스	stay	127.00624	37.57516
우즈노래방	activity	127.01544	37.57529
우즈웨일	bar	126.98718	37.56994
우지커피	cafe	127.00191	37.57878
우지커피종각역점	cafe	126.98643	37.56995
우직	food	126.96955	37.57676
우진마네킹	shop	127.00325	37.56992
우진양행	shop	126.99708	37.57235
우진풍력	shop	126.98909	37.56837
우프	activity	126.98734	37.57970
우하나종각역점	food	126.98144	37.57096
우현공방	shop	126.98784	37.57927
우희컴퍼니	shop	126.99363	37.57142
운곡정	food	127.01221	37.57264
운니정담	stay	126.98981	37.57592
운선제한복	shop	126.99975	37.57143
운와	stay	126.98277	37.58287
운와당	stay	126.98277	37.58289
운이상회	shop	127.00005	37.56974
운종가	food	126.98253	37.57295
운현궁설렁탕	food	126.98532	37.57590
운현주단	shop	127.00103	37.56991
울스테이	stay	126.99937	37.58217
울엄마반찬	shop	127.01258	37.57170
울티모	food	126.98362	37.56902
웃고협동조합	activity	126.98603	37.57903
웃는사과	shop	127.00116	37.58749
웃음의식당	food	127.01364	37.57132
웅갤러리	shop	126.95964	37.59908
워너커피	cafe	127.00442	37.58068
워싱턴	food	126.98859	37.57422
워치플러스	shop	126.99708	37.57235
워킹어라운드	bar	126.96845	37.58072
워터링	shop	127.01520	37.57175
워터밀	food	126.99011	37.57343
원	shop	126.99865	37.57144
원결	shop	127.00207	37.58398
원골드	shop	126.99045	37.57556
원곱창	food	126.97059	37.57635
원기획	shop	127.01949	37.57321
원남가베	cafe	126.99767	37.57525
원남당	cafe	126.99767	37.57525
원남복집	food	126.99774	37.57477
원남분식	food	126.99812	37.57504
원남피스	stay	126.99698	37.57577
원다포차	bar	127.01589	37.57248
원당감자탕	food	127.01658	37.57348
원대구탕	food	126.97316	37.57297
원더브라	shop	127.00197	37.58336
원더쿠키	food	126.98484	37.57908
원더플레이스	shop	126.99984	37.58346
원로	shop	126.99003	37.56971
원룸텔경복궁굿스테이	stay	126.97026	37.57559
원모어백	shop	126.96937	37.57665
원미닛게스트하우스	stay	126.98412	37.56939
원보양꼬치	food	127.01183	37.57172
원산주단	shop	126.99967	37.57048
원샐러드	food	127.01099	37.57357
원소닭	food	127.00531	37.57028
원식당	food	126.98138	37.56934
원씨	shop	127.00709	37.57293
원아동복	shop	127.00955	37.57041
원아트，원화방	shop	126.98346	37.57236
원알엠피트니스	activity	126.99092	37.57007
원앙	shop	127.00955	37.57041
원앙보석	shop	126.99708	37.57235
원에스엔터프라이즈	shop	127.01640	37.57299
원에이치갤러리	shop	126.98731	37.57352
원일상사	shop	127.01035	37.57085
원일악기사	shop	126.98765	37.57222
원일이화학	shop	126.99385	37.57013
원잇	shop	127.01964	37.57197
원조부대고기	food	126.98748	37.57927
원조서린	food	126.97992	37.57085
원조식당	food	127.00231	37.57527
원조식당	food	127.00600	37.57253
원조쌈밥집	food	127.01036	37.57228
원조우리곱창닭갈비	food	127.00013	37.57157
원조정할머니기름떡볶이	food	126.96997	37.58063
원조차돌박힌쭈꾸미	food	126.98495	37.56906
원조할매순대국	food	126.99132	37.57204
원조할머니기름떡뽁이	food	126.97021	37.58065
원조할머니두부집	food	126.95758	37.60817
원조함흥냉면본관	food	126.99719	37.56966
원주	food	126.98387	37.56936
원주얼리	shop	126.99253	37.57102
원준네식당	food	127.01419	37.58003
원진스테이	stay	127.01834	37.57438
원창식당	food	126.96894	37.57670
원츄리	food	126.97632	37.57150
원타임	shop	126.99708	37.57235
원토탈	shop	126.99184	37.56921
원투쓰리	bar	126.98950	37.57171
원티지	shop	127.02025	37.57333
원푸드	food	126.99708	37.57235
원플러스	cafe	127.00230	37.57033
원피스	shop	127.02092	37.57277
원픽	food	126.98848	37.57340
원해코퍼레이션	food	126.98355	37.57447
원호와초밥	food	127.00655	37.57076
원홍청기와타운종로점	food	126.98633	37.56907
월당갤러리	shop	126.98646	37.57457
월드당구장	activity	126.99791	37.58332
월드베스트커피	cafe	126.99940	37.57431
월드복권	activity	126.98905	37.57578
월드산업	shop	126.98913	37.57511
월드음향	shop	126.98765	37.57222
월드전자	shop	126.99524	37.56929
월드컵노래방	activity	127.02052	37.57475
월드컵２００２년	bar	127.00515	37.57030
월드토이	shop	127.01474	37.57122
월선네	food	126.99960	37.57189
월성이불	shop	127.00732	37.57070
월운	stay	126.99170	37.57410
월하동	food	126.98600	37.57422
월하미술	shop	126.98186	37.57909
월하보이	shop	126.98356	37.57952
웨딩	shop	126.99236	37.57012
웨딩다이아	shop	126.99123	37.57102
웨딩젬	shop	126.98671	37.57042
웨딩쥬얼리	shop	126.99092	37.57007
웨이브보드카페	activity	127.00207	37.58398
웨이프서대문역점	food	126.96626	37.56680
웨즈페론	shop	126.99655	37.58650
웬즈데이	cafe	126.96869	37.57769
웰니스센터	activity	126.96359	37.60381
웰빙	shop	126.96304	37.59781
웰빙김밥	food	127.00176	37.57150
웰빙수제비	food	126.99131	37.57072
웰빙파크	shop	126.97477	37.57049
웰스커피	cafe	126.99079	37.57577
웰컴미스테익스	stay	126.96324	37.59178
웸브리	shop	127.00006	37.57088
위니경	shop	126.97179	37.57327
위두뮤직	shop	126.98765	37.57222
위드노라바	bar	127.01203	37.57159
위드샌드	food	126.97421	37.57364
위드팜삼정바로약국	shop	126.96511	37.56886
위뜨	shop	126.98084	37.58154
위베이프	shop	126.98908	37.57239
위비스지센	shop	127.01284	37.57239
위빙서울한복	shop	127.00046	37.56983
위시유어히어	shop	126.97283	37.57908
위찜종로	food	126.98602	37.56937
위치비앤씨	food	126.98361	37.57074
위치스테이블	food	126.97179	37.57327
위코스테이인사동	stay	126.98990	37.56944
위트앤시니컬	shop	127.00060	37.58557
위티레몬	cafe	127.01967	37.57284
위한맥주	bar	127.00506	37.57226
윈썸에이	shop	127.01520	37.57175
윈윈커피	cafe	126.98138	37.56934
윈저	bar	126.97058	37.57629
윌	bar	127.00101	37.58313
윌링	shop	126.99119	37.57442
윌스테이대학로	stay	127.00643	37.57938
윌페이퍼	bar	126.99050	37.57446
유☆나	bar	126.97179	37.57327
유가네닭갈비	food	127.00353	37.58208
유가네서서갈비	food	127.00588	37.57148
유가네한우곰탕동묘점	food	127.01569	37.57741
유경직물	shop	127.00366	37.57549
유금사	shop	126.99204	37.57235
유금와당박물관	heritage	126.96268	37.59377
유기개발유	food	127.00362	37.58120
유나수퍼	shop	127.01939	37.57608
유노이아	shop	126.99865	37.57144
유니동화	cafe	127.00152	37.58247
유니버설	shop	127.00732	37.57070
유니버셜제이	shop	127.00271	37.58385
유니북스	shop	126.98459	37.57634
유니스	shop	127.00875	37.57045
유니스제이	shop	126.99212	37.57239
유니온스테이션	food	127.01928	37.57377
유니온텍스	shop	127.00022	37.57063
유니젬스	shop	126.99364	37.57076
유니크피어싱	shop	126.99255	37.57202
유니플렉스	heritage	127.00363	37.58125
유닛제이호스텔	stay	126.98650	37.56893
유담	cafe	126.98410	37.57540
유대감	shop	127.01600	37.57405
유도리	food	126.98552	37.56967
유도리야	food	126.98552	37.56967
유람미디어	shop	126.99524	37.56929
유람선	bar	127.00382	37.57205
유랑재	stay	126.99192	37.57398
유레카	shop	126.99786	37.56975
유로시안	cafe	127.00648	37.57066
유로오스트리아아츠	shop	126.97313	37.57377
유리니티	stay	127.00451	37.57006
유리엘발레	activity	126.97946	37.57165
유림떡집	food	126.95883	37.60048
유림액자	shop	126.98629	37.57450
유메미루	cafe	127.00393	37.57665
유메오뎅종로익선동점	food	126.99037	37.57268
유목민노마드	bar	126.98412	37.57534
유박기업	shop	126.99251	37.56939
유선한복	shop	127.00076	37.56985
유성식당	food	126.98950	37.57171
유성약국	shop	127.00223	37.57072
유성전자	shop	126.99524	37.56929
유소바안국역점	food	126.98748	37.57942
유스테이호스텔	stay	127.01626	37.57252
유식당	food	126.97059	37.57393
유실화방	shop	127.01696	37.57356
유심재	shop	126.96184	37.59363
유쏘풀삼청	shop	126.98197	37.58021
유씨네	shop	126.96475	37.60521
유앤피	stay	126.96550	37.57559
유앤피그룹	food	126.96550	37.57559
유얼버거	food	126.99735	37.58914
유에이치스위트	stay	126.98600	37.56908
유영난원	shop	127.00652	37.57157
유영사	shop	126.99708	37.57235
유영주얼리	shop	126.99708	37.57235
유오에이프로덕션	food	126.98424	37.57502
유온재종로	stay	126.99133	37.57127
유월	food	126.97441	37.57136
유월	food	127.01582	37.57604
유월	bar	126.95836	37.60703
유일뮤직	shop	126.98765	37.57222
유일악기음향	shop	126.98765	37.57222
유정교육원	shop	126.95658	37.60819
유주네스포츠배팅샵	activity	127.01516	37.57863
유진	shop	126.99783	37.56912
유진건강원	shop	127.00525	37.57593
유진상회	shop	126.98474	37.57486
유진식당	food	126.98836	37.57210
유진식품	shop	126.98464	37.57485
유진이네집	shop	126.98689	37.58150
유진하우스	stay	127.00024	37.59039
유창스테이	stay	126.96055	37.57355
유창직물	shop	126.99891	37.56975
유카츠	food	126.98421	37.57914
유캔하이	food	126.99962	37.58334
유키모찌혜화점	cafe	127.00373	37.58186
유토피아	shop	126.96005	37.59943
유티케이	shop	127.02298	37.57370
유한약국	shop	127.00340	37.57079
유한책임회사하이모레이디	shop	126.98725	37.56908
유한피아노사	shop	126.98765	37.57222
유화분	shop	127.00644	37.57134
유환푸드	food	127.00151	37.58657
육가식품	shop	127.00649	37.57028
육결	food	126.98628	37.56893
육대장	food	126.98179	37.57253
육대장	food	126.97502	37.57100
육대장	food	127.00732	37.57070
육랩	food	126.98539	37.56943
육미	food	126.98454	37.57102
육미안	food	126.99946	37.58325
육미쭈꾸미	food	126.98454	37.57102
육방고기집	food	127.00413	37.57180
육석관	food	126.98662	37.56895
육식주	food	126.99221	37.57350
육식주	food	127.00144	37.58282
육쌈냉면	food	127.00105	37.58477
육쌈냉면낙원점	food	126.98869	37.57223
육전국밥	food	127.00348	37.58316
육전국밥광장	food	126.99866	37.57055
육전국밥신설동역점	food	127.02253	37.57598
육전국밥종각역점	food	126.98495	37.56989
육전국밥종로	food	126.98930	37.56935
육전면사무소	food	126.99946	37.57236
육즙당	food	127.00272	37.57132
육즙당	food	126.97504	37.57126
육즙마니	food	127.00131	37.58404
육회	food	126.97331	37.57186
육회바른연어경복궁점	food	126.97233	37.57782
육회자매집	food	126.99989	37.57057
육회자매집	food	127.00084	37.57068
육회지존	food	126.98486	37.56967
육회한연어	food	126.99952	37.58319
윤가네	food	126.95593	37.60098
윤경양품	cafe	126.96955	37.58073
윤동주문학관	heritage	126.96717	37.59218
윤동주시인의언덕	nature	126.96622	37.59105
윤보석	shop	126.99708	37.57235
윤슬라이팅	shop	127.00023	37.57224
윤슬문고	shop	126.98218	37.56967
윤식당	food	127.01085	37.57373
윤아한복	shop	126.99985	37.57047
윤약국	shop	126.97634	37.57060
윤이네	shop	126.99971	37.57012
윤잇스타필드	food	126.98144	37.57096
윤재희한복	shop	126.99865	37.57144
윤정리치웰	food	127.01474	37.57106
윤찬식당	food	127.01558	37.57068
윤퀼트몰	shop	126.96923	37.58382
윤화랑	shop	126.98547	37.57420
윤후자산관리대부	stay	126.98480	37.56894
윤희재한복	shop	126.99971	37.57012
율곡로	heritage	126.99449	37.57698
율동칼국수	food	126.98458	37.57954
융중	food	126.97061	37.57579
융푸라우스	stay	126.98621	37.57991
으뜸고시원	stay	126.99509	37.58900
으뜸악기	shop	126.98765	37.57222
으뜸주단	shop	127.00732	37.57070
으뜸주얼리	shop	126.99004	37.57058
으뜸플러스안경	shop	126.98699	37.56994
은가비	shop	126.98189	37.58476
은가비	shop	126.98223	37.57857
은나무	shop	126.98219	37.57880
은마루	shop	126.98723	37.57189
은메드	shop	126.98225	37.57846
은빛	shop	127.00146	37.58324
은빛행복가게	shop	126.98585	37.57596
은설설렁탕	food	126.98161	37.58158
은성	shop	127.00732	37.57070
은성약국	shop	126.98814	37.57335
은성이네홍탁	bar	127.01572	37.57674
은성한정식	food	126.98149	37.57300
은성회집	food	126.99972	37.57017
은성휴게실	food	126.99708	37.57235
은신처	food	126.99015	37.57575
은안국	food	126.98482	37.57948
은영	shop	126.96805	37.58079
은영농원	shop	127.00654	37.57143
은우정보통신	shop	127.01658	37.57348
은원	food	126.96646	37.57645
은전사	shop	126.99074	37.57393
은정이네빈티지	shop	127.01895	37.57285
은진당	shop	126.99786	37.56975
은진모텔	stay	127.02219	37.57704
은하수모바일	shop	126.97992	37.57085
은행골	food	126.99982	37.58186
은현재바이버틀러리	stay	126.96983	37.57993
은혜명품	shop	127.01927	37.57221
은혜사	shop	127.02034	37.57266
은혜식당	food	126.95949	37.59967
은희네	cafe	127.01136	37.57949
은희주단	shop	126.99971	37.57012
을밀대	food	126.98826	37.57249
을정	food	126.97330	37.57342
을지로골뱅이	bar	126.98886	37.56975
을지로골뱅이	bar	126.99975	37.57143
을지맥옥	food	126.97514	37.57112
음식당	food	126.98502	37.57366
음악예술사	shop	126.95714	37.57585
음악의숲	bar	126.97111	37.57956
음음	food	126.98576	37.57418
음치	activity	126.98951	37.57091
응응스크르서울혜화점	shop	126.99959	37.58790
의광주단	shop	127.00732	37.57070
의령상회	shop	127.00672	37.57238
의료기	shop	127.00811	37.57134
의미소	shop	126.98476	37.58448
의성집	food	127.00265	37.58298
의원상	food	126.99511	37.58868
의전방	bar	126.98179	37.57253
의정부부대고기	food	126.98685	37.57950
의정부부대찌개	food	127.02203	37.57401
의정부부대찌개앤돈까스	food	126.98236	37.57289
이	food	126.98663	37.57924
이가고미술	shop	127.01836	37.57112
이가네	food	126.98253	37.57232
이가네양꼬치종각	food	126.98543	37.56929
이가리빙	shop	127.00928	37.57339
이가면옥	food	126.97041	37.57653
이가상방	shop	126.99839	37.57144
이강순실비집	food	126.98623	37.56853
이경문순대곱창	food	126.99084	37.57309
이계순한복	shop	127.00955	37.57041
이공오도씨	cafe	126.99776	37.58461
이금심임대	food	126.97087	37.57562
이끌림	shop	126.99127	37.57066
이끌림	shop	127.01520	37.57175
이나로	shop	126.98939	37.57580
이나스테이	stay	127.01194	37.57008
이노참치	food	126.98633	37.56893
이노플라이어	shop	126.99192	37.57282
이녹	stay	127.00265	37.57148
이누	food	126.99068	37.57404
이누하	food	126.96865	37.57912
이니스프리	shop	126.99899	37.58269
이니스프리	shop	126.98201	37.57892
이다	food	126.97112	37.57866
이다유통	shop	127.00955	37.57041
이대감고깃집	food	126.99003	37.56971
이도	shop	127.01194	37.57008
이도	food	126.97458	37.57102
이도패밀리	food	126.98630	37.57891
이도한옥	stay	126.98698	37.58056
이든하우스	stay	126.98676	37.56893
이디아	cafe	127.01293	37.57202
이디야	cafe	126.97565	37.57151
이디야	cafe	126.99834	37.58366
이디야	cafe	127.00805	37.57185
이디야	cafe	126.95679	37.57588
이디야광화문스페이스	cafe	126.96862	37.57456
이디야삼일대로점	cafe	126.98797	37.56945
이디야숭인점	cafe	127.02160	37.57528
이디야에스프레소신설점	cafe	127.02147	37.57424
이디야종로	cafe	126.98361	37.57074
이디야종로삼일대로점	cafe	126.98797	37.56945
이디야창덕궁점	cafe	126.99142	37.57228
이디야커피	cafe	126.99153	37.57010
이디야커피	cafe	126.95632	37.60125
이디야커피	cafe	127.00057	37.58606
이디야커피	cafe	126.98675	37.56878
이디야커피	cafe	126.98802	37.57360
이디야커피	cafe	127.00318	37.58209
이디야커피	cafe	126.96752	37.57780
이디야커피북촌	cafe	126.98270	37.57934
이디야커피창신	cafe	127.01584	37.57573
이디야탑골공원점	cafe	126.98920	37.57102
이디야혜화역점	cafe	127.00065	37.58359
이띵룸	cafe	126.99917	37.58304
이라선	shop	126.97346	37.57886
이라운지	cafe	126.98643	37.56995
이랑	stay	126.98900	37.58138
이랜드월드북촌	shop	126.98234	37.58009
이랜드이츠애슐리퀸즈	food	127.00144	37.57656
이런이궈마라탕	food	127.00110	37.58466
이레	shop	127.01293	37.57202
이레상사	shop	127.01051	37.57506
이레앤컴퍼니	shop	127.01698	37.57131
이레해물칼국수	food	126.96969	37.58070
이루향서원	shop	126.98355	37.57734
이룸디자인스킨	shop	126.98197	37.58021
이리오너라	bar	126.98600	37.56908
이마리	food	126.97023	37.57791
이마쇼쿠	food	126.99976	37.58260
이명근떡볶이	food	126.99602	37.58825
이명희직물	shop	127.00022	37.57063
이모네	food	126.99144	37.57165
이모네	food	127.00476	37.58056
이모네감자탕	food	126.97524	37.57127
이모네김밥	food	126.99981	37.57221
이모네산장	food	126.95812	37.60772
이모네설렁탕	food	127.00334	37.57068
이모네식당	food	127.01054	37.57063
이모네집	food	127.00396	37.57396
이모와슌스타필드그랑서울점	food	126.98144	37.57096
이모집	food	126.98430	37.57495
이목	shop	126.98212	37.58411
이목화랑	heritage	126.98543	37.58519
이문	cafe	127.01147	37.57225
이문면옥	food	126.97199	37.56871
이문설농탕	food	126.98391	37.57282
이뮤	bar	126.97330	37.57342
이미	cafe	126.98484	37.57199
이미지상회	shop	127.00161	37.57058
이미지클럽	bar	127.00302	37.57145
이밥	food	126.98760	37.57927
이백점순대국감자탕서순라길점	food	126.99152	37.57394
이백점정육식당익선	shop	126.98991	37.57408
이복희해장종로	food	126.98737	37.56895
이본	shop	127.00732	37.57070
이본스테이	stay	126.99588	37.58764
이불나라	shop	127.00955	37.57041
이불코너	shop	126.98937	37.57130
이브자리	shop	127.00732	37.57070
이브자리효성쥬얼리점	shop	126.99865	37.57144
이브핏	activity	126.97992	37.57085
이비스용역	shop	126.98878	37.57448
이뻐요	shop	127.01666	37.57491
이쁘니생선	shop	127.01099	37.57357
이삭리빙텔	stay	126.99193	37.57006
이삭토스트	food	127.02086	37.57486
이삭토스트	food	126.99763	37.58441
이삭토스트	food	126.97609	37.57156
이삭토스트	food	126.98960	37.56994
이삭토스트경복궁역점	food	126.97211	37.57703
이상서전	shop	126.96774	37.57778
이상의집	heritage	126.97086	37.57864
이상한집	food	126.98960	37.56994
이새	shop	126.98595	37.57347
이새에프앤씨이새북촌점	shop	126.98404	37.57929
이새에프앤씨주	shop	126.98520	37.58048
이서방네순대국	food	126.97010	37.58325
이서방양념치킨효자	bar	126.97119	37.57922
이서윤한복	shop	126.97397	37.57662
이서진의맛집	food	127.01164	37.57291
이석식당	food	126.99312	37.57241
이소하우스	stay	126.98794	37.57425
이슈	food	126.98922	37.57087
이스뜨와드오	cafe	126.98744	37.58314
이스토	food	126.96878	37.58023
이스트루페	shop	126.98275	37.58492
이스트만	food	127.01013	37.57076
이스트아뜰리에	stay	126.99645	37.57422
이스트아뜰리에	stay	126.99667	37.57367
이시돌하우스	stay	126.99642	37.58895
이시스	shop	126.99865	37.57144
이식당	food	126.97150	37.60694
이씨공장	shop	127.00852	37.57351
이씨옷방	shop	127.00270	37.58453
이안자	shop	126.98432	37.57410
이안초밥	food	126.98355	37.57447
이야기옷장	shop	126.97093	37.58520
이약국	shop	127.01543	37.57406
이얼큰한수제비	food	126.98553	37.57260
이에나	shop	126.98451	37.57706
이에스테시	shop	126.96901	37.60686
이에스홀덤펍	bar	126.98559	37.56945
이에이치오부산엄용백돼지국밥	food	126.98581	37.57187
이에프앤비	food	126.98986	37.56880
이엑스에스주	shop	127.00308	37.58163
이엔갤러리	cafe	126.97078	37.61325
이엘씨에이한국	shop	126.98189	37.58116
이엠	shop	126.97421	37.57364
이엠에스	shop	127.01251	37.57422
이엠쥬얼리	shop	126.98924	37.57184
이오이앤코	cafe	126.98471	37.57917
이온오퍼레이션	stay	127.01271	37.57251
이와스페이스	stay	126.98361	37.57727
이용직단금공예공방	shop	126.97033	37.57584
이우에이앤엘	food	127.00152	37.58269
이원	cafe	126.98042	37.57229
이원	cafe	126.98555	37.57158
이원투다리	bar	127.01079	37.57508
이유	shop	127.01520	37.57175
이유리테일	shop	126.96416	37.59666
이유트레이딩	shop	126.97992	37.57085
이음미앤미	food	126.97421	37.57364
이이엄	cafe	126.96749	37.58218
이자까야와라이	bar	126.98076	37.57285
이자카야소우	food	126.97513	37.57139
이자카야잔잔	food	126.98539	37.56943
이자카야희망	food	126.99006	37.57272
이조	food	126.98627	37.57204
이조	food	126.99387	37.59032
이주당	bar	126.97161	37.57656
이지스테이	stay	127.01013	37.57235
이지주얼리	shop	126.99865	37.57144
이지카페엘림	cafe	126.97199	37.56871
이차돌종로	food	126.98891	37.57236
이채	cafe	126.98587	37.57860
이천영양돌솥밥	food	126.96664	37.60663
이춘복참치종각	food	126.98531	37.57058
이층버스	shop	127.01939	37.57270
이층버스	shop	127.01944	37.57219
이층식당	food	126.98652	37.57230
이층약국	shop	126.97452	37.57047
이층양옥	food	126.99039	37.57395
이치규	food	126.97992	37.57085
이케멘	food	126.98904	37.57223
이태리가구	shop	126.99512	37.58584
이태리구제	shop	127.01623	37.57022
이태리문	food	126.98675	37.56868
이태리부대찌개안녕인	food	126.98355	37.57447
이태리부대찌개종각역점	food	126.98604	37.57042
이태리재	food	126.98173	37.57880
이태리총각	food	126.97057	37.57933
이태원가죽집	shop	127.00709	37.57728
이토	food	127.00811	37.57809
이투소프트	stay	126.99430	37.56902
이튼커피	cafe	126.99765	37.57475
이티씨컴퍼니	shop	126.96938	37.57679
이파티	shop	126.99396	37.57014
이팝나무	shop	126.98600	37.57298
이프타르	food	126.96968	37.57701
이한나한복	shop	126.99865	37.57144
이현슈즈	shop	126.98694	37.58234
이현우리옷	shop	126.99985	37.57047
이현주한복종로	shop	126.99865	37.57144
이혜진한복	shop	126.99989	37.57057
이호소락	stay	126.98168	37.58025
이화	food	126.97078	37.57890
이화	shop	127.00448	37.57676
이화가배	bar	127.00309	37.57632
이화게스트룸	stay	127.00588	37.58024
이화골	food	126.98874	37.57539
이화국악사	shop	126.99067	37.57619
이화그로서리	shop	127.00840	37.57685
이화기획	shop	126.98275	37.57343
이화김치찌개	food	127.00292	37.57595
이화다방	bar	127.00817	37.57749
이화돈까스	bar	126.98457	37.57652
이화동개성만두	food	127.00367	37.57630
이화동베이커리	food	127.00649	37.57685
이화로스터리	cafe	127.00504	37.57603
이화문고	shop	126.98815	37.57433
이화벽화마을	heritage	127.00508	37.57868
이화불교사	shop	126.98275	37.57343
이화상회	shop	126.99971	37.57012
이화수전통육개장정동점	food	126.96976	37.56837
이화식당	food	127.00513	37.57584
이화식당	food	127.00448	37.57676
이화식품떡방아	food	127.00440	37.57676
이화악기	shop	126.98765	37.57222
이화오하나	food	127.00799	37.57761
이화익갤러리	shop	126.98201	37.57857
이화종로김밥	food	127.00196	37.57578
이화주막	bar	126.99123	37.57222
이화초밥	food	126.99843	37.57107
이화포차	food	127.00289	37.57520
이화한옥	stay	126.96746	37.58165
이화한옥	stay	126.96958	37.57887
이화한옥별채	stay	126.96948	37.57887
이화한옥사직루	stay	126.96886	37.57645
이화한옥시인의집	stay	126.96940	37.57878
이화호프	bar	127.00534	37.57596
익선갈매기	food	126.99101	37.57313
익선끝집	food	126.98842	37.57372
익선노가리	bar	126.98879	37.57272
익선닭국수	food	126.98862	37.57536
익선돈	food	126.99083	37.57358
익선돈까스	bar	126.99066	37.57425
익선동고기집	food	126.99082	37.57338
익선동냉삼집미미네	bar	126.99081	37.57347
익선동노가리마켓	food	126.98994	37.57268
익선동목장	food	126.99115	37.57319
익선동수제모찌	food	126.98946	37.57279
익선동연리지	food	126.99032	37.57399
익선동완도맛집	food	126.99107	37.57345
익선동자갈치	food	126.99143	37.57140
익선동코다리맛집	bar	126.98959	37.57509
익선디미방	food	126.98946	37.57354
익선세겹살	food	126.99075	37.57336
익선슈팅클럽	activity	126.98971	37.57344
익선스테이	stay	126.98972	37.57455
익선아뜨리에	stay	126.99093	37.57226
익선애뜻	food	126.99059	37.57337
익선에그타르	food	126.99081	37.57347
익선오도독	food	126.99056	37.57305
익선우즈	food	126.99005	37.57412
익선정육	food	126.99055	37.57287
익선취향	food	126.98960	37.57359
익선크림	food	126.98943	37.57361
익선통하다	cafe	126.99014	37.57301
익선풍경	food	126.99021	37.57366
익선하다	food	126.97094	37.57857
익선하우스	stay	126.98936	37.57470
익스	bar	126.98994	37.57268
익스트림스포츠디엠지	shop	127.00393	37.57248
익스트림피트니스복싱클럽	activity	126.98431	37.56899
인경	shop	126.98633	37.57313
인공위성	food	126.98946	37.57608
인노앙	shop	127.02202	37.57423
인덱스카라멜	food	126.97891	37.57100
인도의향기	shop	126.97245	37.57737
인도차이나	food	126.98938	37.57291
인드라식품	shop	127.01854	37.57134
인디고젤라또	food	126.99934	37.58277
인디안노래방	activity	127.00065	37.58359
인문학교실	activity	126.98275	37.58492
인보기업	shop	127.01355	37.57214
인사도담	food	126.98413	37.57513
인사도자기	shop	126.98630	37.57250
인사동	cafe	126.98543	37.57354
인사동	activity	126.98352	37.57546
인사동가는길	cafe	126.98738	37.57252
인사동그집	food	126.98466	37.57449
인사동꽃집	shop	126.98543	37.57379
인사동꿀타래	food	126.98530	37.57381
인사동노가리	bar	126.98600	37.57184
인사동다락	food	126.98624	37.57320
인사동두부마을	food	126.98635	37.57361
인사동마늘보쌈	food	126.98618	37.57405
인사동보라	shop	126.98626	37.57464
인사동본죽	food	126.98395	37.57461
인사동빈티지	shop	126.98594	37.57342
인사동사과나무	food	126.98552	37.57502
인사동수제비	food	126.98605	37.57414
인사동안집	food	126.98556	37.57496
인사동양조장	food	126.98451	37.57523
인사동여자만	food	126.98491	37.57495
인사동정원	food	126.98741	37.57235
인사동제면소	food	126.98355	37.57447
인사동찻집	cafe	126.98547	37.57362
인사동청둥흑염소	food	126.98523	37.57306
인사동칼국수	food	126.98540	37.57210
인사동큰집	food	126.98638	37.57352
인사동토방	food	126.98628	37.57348
인사동풍경이있는찻집	cafe	126.98582	37.57325
인사동한가네불고기	food	126.98338	37.57515
인사동한국미술관	shop	126.98723	37.57189
인사랑	stay	126.98471	37.57520
인사랑	shop	126.99029	37.57307
인사만물상단	shop	126.98523	37.57385
인사샤브정	food	126.98665	37.57355
인사센트럴뮤지엄	heritage	126.98355	37.57447
인사칠기	shop	126.98723	37.57190
인사한마당	food	126.98424	37.57502
인산가	shop	126.98523	37.57306
인산란제리성인용품	shop	127.01071	37.57073
인산인해	cafe	126.98594	37.57312
인생건어물맥주	bar	126.99732	37.58500
인생닭강정성대점	food	126.99832	37.58333
인생식물가게	shop	126.98919	37.57411
인생아구찜	food	126.98181	37.57239
인생의단맛	bar	126.99707	37.58418
인생이보드게임	activity	126.98921	37.57078
인생제육	food	127.00264	37.57545
인생횟집	food	126.98464	37.56967
인성약국	shop	126.95795	37.57473
인셀덤시청종로센터	shop	126.97992	37.57085
인순	stay	127.01100	37.57153
인스타	bar	126.99374	37.57012
인스타노래	bar	127.00521	37.57081
인스파이어	stay	127.01641	37.57277
인쌩맥주	bar	127.00253	37.58274
인앤아웃약국	shop	126.97992	37.57085
인영아트센터	heritage	126.98622	37.57458
인왕산	nature	126.95930	37.58500
인왕산건강원	shop	126.96983	37.58063
인왕오토바이	shop	126.96686	37.57409
인우하우스	stay	126.98696	37.58271
인제약국	shop	126.99916	37.57064
인창상회	shop	126.99985	37.57047
인천한복	shop	126.99989	37.57057
인콕니토	shop	126.96879	37.57874
인터미션	cafe	127.00572	37.58055
인텔리젠시아커피서촌	cafe	126.97175	37.57909
인티마	shop	126.99708	37.57235
인피오라타	shop	126.96556	37.59271
인피티	activity	126.97330	37.57342
인하우스커피앤바	cafe	126.99758	37.57614
인현빌딩	stay	126.99956	37.58349
인형뽑기	activity	127.01069	37.57215
인흥패브릭	shop	127.00517	37.57044
일광당	shop	126.99708	37.57235
일광서적	shop	127.02151	37.57241
일광시계	shop	126.99762	37.57014
일광양행	shop	126.98365	37.57149
일광정사	shop	126.98354	37.57387
일독일박	stay	126.96857	37.57854
일등왕만두	food	126.98967	37.57003
일등집	food	127.01046	37.57270
일렉텔	shop	126.99475	37.57022
일리일리	shop	127.02212	37.57345
일립스	cafe	126.98437	37.57089
일미곱창	food	127.00006	37.57154
일미식당	food	126.98844	37.57299
일미식당	food	126.99453	37.58933
일미식당	food	126.98790	37.57276
일미양구이	food	126.99034	37.57419
일미육개장	food	126.98842	37.57321
일미집	food	126.98765	37.57222
일민미술관	heritage	126.97767	37.56991
일백하노이	food	126.97421	37.57364
일번지	bar	126.98558	37.57100
일번지고기집	food	127.00264	37.57403
일번지노래카페	bar	127.00130	37.57150
일번지상회	shop	126.98848	37.57533
일봉	food	126.99908	37.57046
일산레저주	activity	126.97002	37.58674
일산칼국수	food	126.98718	37.56893
일산칼국수	food	126.97992	37.57085
일상사치	shop	126.98589	37.58035
일상여백	shop	126.98663	37.58170
일성사	shop	127.00148	37.57085
일성상회	shop	126.99971	37.57012
일송가든	food	126.99778	37.57496
일송칼국수	food	126.99685	37.58665
일신	bar	127.02150	37.57337
일신당필방	shop	126.98662	37.57217
일신상회	shop	126.99971	37.57012
일신약국	shop	127.00250	37.57076
일심모자	shop	127.00488	37.57022
일양헬스케어	shop	126.98532	37.57590
일오삼귀금속	shop	127.00006	37.57088
일오팔닭국수	food	127.00154	37.57071
일월의제면소흥인지문	food	127.01035	37.57085
일월일일	cafe	126.99803	37.58266
일월카츠	food	126.98515	37.57730
일월카츠	food	126.98660	37.57811
일일삼	food	126.99146	37.57525
일일주	food	126.96858	37.57465
일일향	food	126.97230	37.57171
일조원갤러리	shop	126.98346	37.57236
일지라사	shop	126.99786	37.56975
일타폰성지	shop	127.01600	37.57405
일트	cafe	126.99593	37.57609
일품	food	126.97992	37.57085
일품국밥집	food	126.98547	37.56995
일품당	food	126.96641	37.60563
일품당샤브샤브	food	126.97505	37.57152
일품당프리미엄	food	126.97402	37.57277
일품손짜장	food	127.01026	37.57031
일품양평해장국	food	127.00373	37.58161
일품양평해장국	food	127.00157	37.57132
일품양평해장국동묘점	food	127.01970	37.57392
일품양평해장국종각역점	food	126.98547	37.56995
일품양평해장국종로	food	126.98922	37.57087
일품진진수라	food	126.98055	37.57062
일호상사종로	shop	127.00145	37.56993
일호상회	food	127.01184	37.57287
일호상회	cafe	127.00041	37.57063
임가전	shop	126.99524	37.56929
임마누엘악기	shop	126.98765	37.57222
임마누엘안경원	shop	127.01465	37.57302
임보석	shop	126.99123	37.57102
임브레이스	activity	126.97360	37.57446
임성용의부추곱창	food	127.00099	37.58301
임실제철밥상	food	127.02203	37.57401
임은재	shop	126.98506	37.57341
임팩트스크린골프	activity	127.02124	37.57447
임포리움주	food	126.97214	37.57691
임현정창신육회빈대떡	food	127.00069	37.57070
임흥수의자연밥상	food	126.99994	37.58764
입춘	shop	126.98524	37.58239
잇다공방	shop	126.98940	37.57618
잇아웃	food	126.98608	37.57794
잇츠꽈배기	food	127.00683	37.57171
잇파라다이스	food	126.98208	37.57934
잉크충전가나	shop	126.99596	37.57579
자가제빵선명희피자	food	127.01979	37.57448
자갈자갈집	stay	127.00446	37.58351
자갈치	food	126.99008	37.57441
자갈치곰장어	food	127.00382	37.57205
자개	shop	127.01009	37.57357
자기만족신설동점	food	127.02160	37.57528
자담치킨	food	126.98651	37.56948
자담치킨서울서대문역점	food	126.96511	37.56879
자담치킨종로	food	126.98650	37.56939
자리에	shop	126.98624	37.57320
자마이카골프아카데미	activity	126.97992	37.57085
자마이카커피	cafe	126.97992	37.57085
자마이카피트니스	activity	126.97992	37.57085
자매네	shop	127.01954	37.57307
자매상회	shop	126.98861	37.57212
자매집	food	126.99989	37.57057
자명서실	stay	126.98296	37.58321
자몽	bar	127.00418	37.57061
자몽밀크티	cafe	126.99444	37.58904
자문밖커피문	cafe	126.96235	37.59776
자미당통인점	food	126.96882	37.58066
자미더홍	food	127.00302	37.58346
자미온	shop	126.99971	37.57012
자바뮤직	shop	126.98854	37.57281
자슈미	shop	127.01520	37.57175
자스	cafe	126.98208	37.57513
자연愛건강터	shop	127.01884	37.57422
자연담은도시락	food	126.97223	37.57261
자연물들이기	cafe	127.00444	37.58305
자연새싹	food	126.98939	37.57120
자연에서	shop	126.97480	37.61236
자연인	food	126.99093	37.57392
자연전통찻집	cafe	127.01503	37.57736
자연침향연구소	shop	126.98318	37.57416
자영식당	food	127.00370	37.57294
자운	activity	127.01268	37.57233
자운당	stay	126.98351	37.58320
자원을일구는사람들사회적협동조합	shop	126.96117	37.57360
자유전자	shop	126.99524	37.56929
자이소서촌	food	126.97052	37.57886
자이소안국	shop	126.98583	37.57782
자이온커피하우스	cafe	126.99436	37.57017
자이축산	shop	126.96235	37.57086
자자야빵먹자	bar	126.99116	37.57617
자작나무이야기	cafe	126.98184	37.57867
자주빛노을자하손만두주	food	126.96605	37.59314
자크	bar	126.99031	37.57114
자하	stay	126.97116	37.57669
자하	food	126.97096	37.57287
자하문호텔	stay	126.95600	37.60881
자하미술관	heritage	126.96030	37.58938
자하손만두	food	126.96601	37.59312
자하싸리집	food	126.95977	37.60685
자현당	shop	126.98583	37.57782
자후	cafe	126.98179	37.57253
작업실갤러리	shop	126.96612	37.60545
작은고양이	shop	127.02179	37.57414
작은마을	food	126.99426	37.58948
작은부엌	food	126.97021	37.58065
작은사랑나눔사회적협동조합	shop	126.97780	37.57216
작은인디아	food	126.98601	37.57306
작은정원	stay	126.96584	37.59217
작전명사색	stay	126.96975	37.57537
잔별	cafe	126.99244	37.57251
잔잔스테이	stay	126.96361	37.57380
잔치마당	food	126.98998	37.57422
잔치집	food	126.98526	37.57448
잘스탐바얀	shop	127.00147	37.58623
잡방	bar	126.98944	37.57338
잡화	shop	126.97429	37.57203
장가네	food	127.01306	37.57256
장교식당	food	126.99992	37.57221
장군굴보쌈	food	126.99080	37.56989
장군보쌈	food	126.99079	37.56990
장군보쌈족발신관	food	126.98832	37.57337
장군족발보쌈	food	126.98818	37.57354
장길	shop	127.01322	37.57177
장난감가게	shop	127.01476	37.57141
장독대	bar	126.95270	37.61409
장독대	food	126.98665	37.56929
장독대구기점	shop	126.95270	37.61409
장땡	bar	127.00434	37.57157
장만만두	food	127.02296	37.57755
장모님해장국	food	126.95563	37.60891
장미모사	shop	127.00732	37.57070
장미사	shop	127.00732	37.57070
장미집	food	127.00112	37.57028
장미푸드	food	126.98355	37.57447
장생호	shop	126.98377	37.57512
장생호	shop	126.98626	37.57464
장소유	bar	126.98884	37.57201
장소유	bar	126.99061	37.57175
장수건강원	shop	126.96041	37.60489
장수곳간	shop	126.97210	37.57097
장수분식	shop	126.98034	37.57291
장수삼계탕	food	126.98850	37.57245
장수삼계탕	food	126.99913	37.57292
장수삼계탕	food	126.98034	37.57291
장수손칼국수	food	127.01147	37.57327
장수식당	food	127.00470	37.57050
장수식당	food	127.00624	37.57180
장수오리	food	127.01931	37.57355
장수침구	shop	127.00955	37.57041
장안식품	shop	126.98709	37.58219
장안전기	shop	126.95894	37.60679
장안전자	shop	126.99524	37.56929
장앤페이스트	food	126.99008	37.57380
장우손어묵	food	127.00041	37.57063
장우원	shop	126.98551	37.57348
장원갈비	food	127.01548	37.57481
장원불고기	food	126.99127	37.57278
장원식당	food	127.01118	37.57378
장위동유성집	food	127.00378	37.57183
장은선갤러리	shop	126.98966	37.57668
장인닭갈비대학로	food	127.00019	37.58316
장인닭갈비종로	food	126.98589	37.56864
장체험관및장카페	activity	127.00601	37.57667
장터곱창	food	127.00458	37.57024
장터국수	food	126.99727	37.57443
장터순대국파보쌈감자탕	food	126.98047	37.57210
장혁민의부대찌개피터몬	food	126.98676	37.56893
장호덕손만두	food	126.96235	37.57086
장호왕곱창	food	126.97992	37.57085
장호짤라집	food	126.97316	37.57297
장화신은고양이	shop	127.01269	37.57038
재감사	shop	127.01696	37.57356
재구네오토바이	shop	127.00498	37.57435
재동갤러리	shop	126.98556	37.57865
재동맥주	bar	126.98544	37.57905
재동문방구	shop	126.98488	37.57985
재동순두부	food	126.98608	37.57784
재림통상종로지점	shop	126.99846	37.57257
재미삼아웅	shop	127.01900	37.57178
재미삼아흥	shop	127.01646	37.57264
재선식품	shop	126.98035	37.57799
재승레이스	shop	127.00002	37.56956
재즈레터	bar	126.97047	37.57544
재팔이네닭발	bar	127.00066	37.58245
재한인도네시아전문가협회	food	127.01087	37.57103
잭잭	food	126.98457	37.57652
잭타임	shop	126.99708	37.57235
잼잼	stay	127.00489	37.57202
쟁반집	food	127.00625	37.57019
저스트포유	stay	127.00737	37.57158
저염젓갈	shop	127.00554	37.57083
저팔계식당	food	126.99501	37.58880
전곱	food	126.98931	37.57267
전과막걸리	bar	126.99027	37.57266
전광수커피에스프레소강북삼성	cafe	126.96636	37.56796
전구샵	shop	126.99802	37.57501
전국축산	shop	127.01141	37.57346
전금당	shop	126.99708	37.57235
전기	shop	127.01571	37.57639
전기통닭	food	127.01124	37.57159
전대포	food	126.99763	37.58441
전라도	food	126.99971	37.57012
전라도밥상	food	126.98937	37.56874
전라도식당	shop	127.01072	37.57393
전라도횟집	food	126.99971	37.57012
전미라매직테니스아카데미	activity	126.97465	37.61186
전북한지	shop	126.98539	37.57210
전설의치킨	food	126.98921	37.57078
전영준프로초밥	food	126.98578	37.57317
전주골갈비	food	126.99130	37.57144
전주골숯불갈비	food	126.99132	37.57150
전주밥차	food	126.97978	37.57545
전주식당	food	126.99110	37.56981
전주식당	food	126.98939	37.57558
전주식당	food	127.02247	37.57816
전주옥돌정	food	127.00538	37.57068
전주완산골	food	127.00112	37.57133
전주집	food	126.98859	37.57422
전주집	food	126.98800	37.57221
전주집	food	127.00638	37.57026
전주집	food	126.98179	37.57253
전주집	food	127.01193	37.57261
전주집	food	126.98565	37.57169
전주집	food	126.99099	37.56999
전주집	food	127.00168	37.57172
전주쭈꾸미마을	food	126.99174	37.57135
전주청국장	food	126.98034	37.57291
전주콩나물국밥	food	126.97992	37.57085
전주콩나물해장국	food	126.97227	37.57648
전태일기념관	heritage	126.98931	37.56852
전태일동상	heritage	127.00670	37.56970
전통국악사	shop	126.99145	37.57341
전통다원	cafe	126.98570	37.57453
전통예가	shop	126.99971	37.57012
전통주갤러리	heritage	126.98587	37.57846
전통주갤러리샵안남	shop	126.98584	37.57841
전통찻집코끼리베이글	food	126.98527	37.57357
절벽	bar	126.97456	37.60908
젊은공간호스텔비호텔렛츠팝	stay	126.98866	37.56840
젊은공간호스텔에이호텔렛츠어보브	stay	126.98866	37.56840
점순이네반찬	shop	126.97046	37.58070
점심시간	food	126.99412	37.58951
점점점	food	126.97992	37.57085
정결스테이	stay	126.99976	37.57672
정관장	shop	126.97059	37.57393
정관장동대문	shop	127.00571	37.57084
정관장안국역점	shop	126.98558	37.57630
정관장평창점	shop	126.96723	37.60618
정관장혜화역점	shop	126.99957	37.58348
정광사	shop	126.99786	37.56975
정광악기음향	shop	126.98765	37.57222
정그리다	cafe	127.00986	37.57173
정글	bar	126.99020	37.57421
정금사	shop	126.99370	37.57022
정금사	shop	126.99708	37.57235
정금이네김밥	food	126.96907	37.58079
정다운약국	shop	127.01512	37.57317
정담은보쌈북촌점	food	126.98612	37.57881
정당구장	activity	127.02203	37.57401
정대	food	126.97007	37.57291
정독도서관	food	126.98387	37.58126
정돈	food	127.00110	37.58181
정든노래방	activity	127.02155	37.57435
정류장	food	126.97152	37.57629
정명당	shop	126.98576	37.57418
정문약국	shop	126.99769	37.57689
정미네참새방앗간	food	127.01694	37.57378
정미소	food	126.99000	37.57453
정민약국	shop	126.99999	37.58196
정백어가광화문피맛골	food	126.97992	37.57085
정베이커리	food	126.99203	37.57043
정보당	shop	126.99396	37.57014
정보당안경	shop	127.00571	37.57084
정사장	bar	126.98544	37.57886
정상그룹지점누나홀닭	food	126.98062	37.57199
정선갤러리	shop	126.99117	37.57456
정선곤드레쌈밥	food	126.98500	37.57460
정선곤드레쌈밥	food	126.97626	37.61007
정선할매	food	126.98482	37.57452
정선할매곤드레	food	126.98596	37.57411
정성담에프앤비종로지점	food	126.98180	37.57189
정성약국	shop	127.02158	37.57513
정수갤러리	shop	126.98626	37.57434
정스디저트	cafe	126.98121	37.58280
정신사	shop	127.00732	37.57070
정신사	shop	126.99123	37.57102
정애쿠키	food	126.98685	37.58068
정약국	shop	126.99046	37.57060
정연재	shop	126.98705	37.57395
정연재	stay	126.98070	37.58348
정오식당	food	126.98629	37.57200
정우당	stay	126.99878	37.58959
정우사	shop	126.99340	37.57016
정우사	shop	126.99708	37.57235
정우상사	shop	126.99708	37.57235
정원	shop	126.99865	37.57144
정원	food	126.97421	37.57364
정원	food	126.96858	37.57465
정원	shop	126.96685	37.58097
정원순두부	food	126.98673	37.56858
정원숯불갈비	food	126.99125	37.57203
정원어패럴	shop	127.01515	37.57682
정원주	stay	127.01939	37.57334
정원표구사	shop	126.98488	37.57426
정원횟집	food	127.00463	37.57051
정육식당	food	127.01103	37.57113
정육의신	shop	127.01955	37.57389
정육점	shop	127.01103	37.57113
정은당	shop	126.99708	37.57235
정은사	shop	126.99708	37.57235
정은쥬얼리	shop	126.99208	37.57160
정읍식당수제어묵	food	127.01931	37.57355
정읍화원	shop	127.00651	37.57185
정일백하노이쌀국수종로	food	126.97992	37.57085
정일악기사	shop	126.98765	37.57222
정일한우	food	126.97331	37.57186
정종미갤러리	shop	126.97128	37.58217
정주	cafe	127.00468	37.57721
정준호스시	food	126.97331	37.57186
정진	shop	126.98316	37.57354
정진상사	shop	127.00022	37.57063
정진호이펙트	shop	126.99720	37.58046
정콜렉션	shop	127.01613	37.57069
정토사	shop	126.96819	37.61017
정통삼계탕	food	127.02202	37.57374
정통삼계탕	food	126.97917	37.57417
정현주단	shop	126.99985	37.57047
정화냉삼	food	126.99917	37.58304
정화대학매점	shop	127.00465	37.58006
정희서순라길점	food	126.99158	37.57435
제니텍컨설팅주	cafe	126.97973	37.57174
제도	cafe	126.96390	37.59522
제로	shop	126.99123	37.57102
제로스토어	shop	127.00452	37.58069
제로연구소종로	shop	126.97992	37.57085
제로커피광장	cafe	126.99803	37.56998
제로한엑스	shop	126.98099	37.58278
제비꽃다방	cafe	126.96448	37.59294
제비술방	food	126.97080	37.57876
제스트에프앤씨종각지점	food	126.98437	37.57089
제신약국	shop	127.00732	37.57070
제야	bar	126.98406	37.56964
제원에프엔비플리퍼스	food	126.99013	37.57308
제이	bar	126.98675	37.56878
제이	shop	127.00732	37.57070
제이가든	shop	126.96101	37.59852
제이닥터골프	activity	126.96061	37.60264
제이더블유무역	shop	127.02298	37.57482
제이드하우스	shop	126.99216	37.57137
제이디엑스	shop	127.00412	37.57072
제이디주얼리	shop	126.99710	37.57098
제이룸	shop	127.00576	37.58042
제이미파커스	shop	126.99015	37.57648
제이바이제이	shop	126.97992	37.57085
제이버튼주얼리	shop	126.99083	37.57064
제이복권방	activity	127.00285	37.57135
제이브릿지	cafe	126.97234	37.57134
제이비소주방	food	126.99032	37.57130
제이상사	shop	126.99971	37.57012
제이스	bar	127.00084	37.58247
제이스킹커피창덕궁점	cafe	126.98940	37.57678
제이스테이	stay	126.99726	37.58814
제이스토리	shop	127.00148	37.56988
제이시즌금거래소	shop	126.98980	37.57057
제이앤골드	shop	126.98384	37.57245
제이앤데코	shop	127.00148	37.57085
제이앤에스바디플로우평생교육원	activity	127.00472	37.57760
제이앤제이	shop	126.99865	37.57144
제이앤제이볼링장	activity	126.98602	37.56937
제이앤케이골프	activity	126.96667	37.60600
제이에스오피스컨설팅	shop	126.97891	37.57100
제이에스컨설팅	bar	126.96959	37.57755
제이에스푸드	food	127.00326	37.58248
제이에이치	shop	126.98378	37.58194
제이에이치대학로무대	cafe	127.00042	37.58206
제이엔엘코퍼레이션	activity	126.97101	37.57264
제이엘	shop	126.97992	37.57085
제이엘티앤티	shop	126.99967	37.57048
제이오호스텔	stay	127.00422	37.57261
제이옴므	shop	127.01194	37.57008
제이와이갤러리	shop	126.98725	37.57371
제이원컴퍼니	food	126.98224	37.57184
제이유	shop	126.99710	37.57098
제이유엔유통	bar	126.98421	37.57684
제이의편집샵	shop	127.01698	37.57131
제이제이	bar	126.98981	37.57673
제이제이	bar	126.97179	37.57327
제이제이	shop	126.96086	37.60469
제이제이엠지	shop	126.99011	37.57321
제이제이주얼리	shop	126.97992	37.57085
제이지아트	shop	127.00130	37.57150
제이진옴므	shop	127.00552	37.57549
제이커넥트	shop	126.96901	37.60686
제이컴퍼니	shop	126.99123	37.57102
제이코코	shop	126.99186	37.57233
제이텍	shop	126.99904	37.57144
제이투투자파트너스	cafe	126.98525	37.58090
제이티비수인점	food	126.98619	37.57478
제이팍스토리	stay	127.00528	37.58033
제이피씨	shop	126.98531	37.57058
제이피올	activity	126.98668	37.58245
제이한옥	stay	126.98735	37.58232
제이힐하우스	stay	126.98893	37.57628
제인소잉	shop	126.99062	37.57640
제일	activity	127.01099	37.57357
제일게임랜드	activity	126.98905	37.57123
제일고시원	stay	127.01186	37.57221
제일국악사	shop	126.99046	37.57008
제일메가스포	activity	127.00143	37.57567
제일문구	shop	127.00732	37.57070
제일분식	food	127.01053	37.57470
제일사	shop	126.99971	37.57012
제일사	shop	126.99708	37.57235
제일서적	shop	127.00648	37.57066
제일서점	shop	127.01646	37.57216
제일옥	food	127.01535	37.57121
제일유통	shop	127.01760	37.57302
제일의료기	shop	126.99758	37.57646
제일잡화	shop	127.01603	37.57081
제일정육점	shop	126.99971	37.57012
제일종묘사	shop	127.00654	37.57143
제일항공	shop	126.99938	37.57350
제일화원	shop	126.98731	37.57352
제임스오뎅	food	126.98479	37.57147
제제뉴	shop	127.00749	37.57169
제주굴보쌈	food	126.99145	37.56994
제주도란다광장시장맛집	food	127.00152	37.57023
제주도야지갈비찜	food	127.01416	37.57305
제주도집	food	126.97992	37.57085
제주면장	food	126.96984	37.60632
제주바다	food	127.00400	37.57199
제주바당	food	126.98680	37.56934
제주본가	food	126.99946	37.57236
제주오겹살	food	126.98073	37.57275
제주향토음식점야우	food	126.98487	37.57356
제주흑돼지순대국밥	food	127.00362	37.58302
제트호텔	stay	126.99064	37.57136
젠틀맨	food	126.99109	37.57142
젠틀티안	shop	126.99123	37.57102
젤라	shop	126.99903	37.57094
젬로드	shop	126.99865	37.57144
젬스	shop	126.99186	37.57233
젬스젬	shop	126.99140	37.57552
젬스토어	shop	126.99192	37.57282
젯아이씨	shop	127.00353	37.57076
조가네부대찌개	food	127.00020	37.57232
조가네뼈해장국	food	126.99783	37.57362
조경선우리옷	shop	126.99865	37.57144
조계종출판사불교전문서점향전	shop	126.98318	37.57394
조금	food	126.98364	37.57533
조니펍	bar	126.98522	37.56966
조메이드	shop	126.97273	37.57819
조선김밥	food	126.98218	37.57860
조선김밥오백년	food	126.98223	37.57857
조선식당	food	127.00215	37.58270
조선젤라또	food	126.98942	37.57402
조세핀양품점	shop	126.97066	37.60663
조세핀플라워	shop	127.01412	37.57277
조스바스켓	cafe	127.00434	37.58215
조아골드	shop	126.99041	37.57222
조아웨딩	shop	126.99123	37.57102
조앤도슨	cafe	126.98144	37.57096
조약돌	bar	126.99087	37.57155
조양문구	shop	127.01486	37.57115
조우	food	126.97119	37.57135
조은	shop	126.99710	37.57098
조은골드	shop	126.99128	37.57012
조은만물전자	shop	127.01927	37.57221
조은상사	shop	126.99340	37.57016
조은유통	shop	126.99261	37.57020
조은자리	shop	127.00732	37.57070
조은진열장	shop	126.99302	37.57283
조은친구들	bar	126.99984	37.58250
조이	shop	126.99865	37.57144
조이아쥬얼리	shop	126.99839	37.57144
조이엔영	shop	126.99865	37.57144
조이워치	shop	126.99708	37.57235
조이하슬라	stay	126.96477	37.60486
조이하우스	stay	126.99923	37.58212
조인앤조인	food	126.97984	37.57804
조일상회	shop	126.99967	37.57048
조타디지털스토어	shop	126.98964	37.57421
조형갤러리	heritage	126.98486	37.57204
족도	shop	126.98582	37.57325
족의한수	food	126.98928	37.56967
존슨부대찌개	food	126.98616	37.57287
존앤마크	bar	127.01534	37.57068
존와일리앤드손스싱가포르주	shop	126.97317	37.56980
졸리상점	shop	127.00720	37.57801
종가김치찌개	food	126.98062	37.57219
종가대박집	food	127.01186	37.57221
종가집	food	126.98592	37.57206
종각건강생활	shop	127.00162	37.57293
종각밥상	food	126.98522	37.57096
종각상회	food	127.00045	37.57153
종각스크린골프	activity	126.98512	37.56883
종각식품	shop	126.98409	37.56976
종각역약국	shop	126.98324	37.57021
종각역점스포애니케이디헬스케어	activity	126.98495	37.56989
종각역중고폰매입판매소녀폰	shop	126.98472	37.57048
종각팜약국	shop	126.98495	37.56989
종각한우	food	126.98439	37.57095
종각호약국	shop	126.98643	37.56995
종갓집	food	126.97025	37.58584
종근당약국	shop	127.00329	37.57078
종려나무	food	127.00008	37.57579
종로	bar	127.00382	37.57137
종로	bar	127.00458	37.57024
종로가발	shop	127.00439	37.57126
종로가발	shop	126.98986	37.57233
종로갈매기	food	126.99125	37.57303
종로게임랜드	activity	126.98891	37.57177
종로경찰서복지회	shop	126.98455	37.57588
종로고기집	food	126.98635	37.56948
종로고기집양연화로	food	126.98651	37.56925
종로고집	bar	126.99122	37.57243
종로골드주	shop	126.99073	37.56929
종로골뱅이	bar	126.98858	37.56907
종로골프죤	activity	127.01437	37.57350
종로곱육개장	food	126.98937	37.56952
종로곱창	food	127.00451	37.57006
종로관북	food	126.98042	37.57220
종로교자칼국수	food	126.98993	37.57057
종로구가로매점	shop	127.00203	37.58424
종로구민회관	activity	127.01444	37.57346
종로구테니스협회	activity	126.98281	37.58887
종로귀금속거리	shop	126.99261	37.57155
종로그릇	shop	127.00307	37.57070
종로기원	activity	126.98971	37.56893
종로기획	shop	126.98986	37.57233
종로김밥	food	126.95848	37.57522
종로김밥	food	127.00809	37.57082
종로꽃시장	shop	127.00629	37.57235
종로꽃집	shop	126.98687	37.57247
종로네스트	stay	126.96201	37.57582
종로당구장	activity	127.00335	37.57063
종로당구클럽	activity	126.99092	37.57007
종로당구클럽	activity	127.02183	37.57661
종로더서울약국	shop	126.99956	37.57113
종로덮밥	food	126.97992	37.57085
종로도담	food	126.98139	37.57205
종로돈부리	food	126.98737	37.56895
종로등심	food	127.00539	37.57036
종로등심익선동점	food	126.98879	37.57325
종로떡사랑	food	127.02201	37.57621
종로떡집	food	126.98731	37.57352
종로떡집	food	127.01557	37.57757
종로떡케이크블레싱케이크	food	126.95826	37.60711
종로랑	stay	127.00969	37.57687
종로리빙침구	shop	127.00955	37.57041
종로마루	stay	127.00048	37.57202
종로마이웨이서적	shop	126.98523	37.57306
종로매운갈비찜	food	126.98416	37.57087
종로매점	shop	126.98386	37.57756
종로맹버칼버섯칼국수	food	126.98034	37.57291
종로멍석집	shop	126.99127	37.57273
종로멸치국수	food	126.99914	37.57275
종로명인단팥빵	food	126.98960	37.56994
종로명태덕장	food	126.99013	37.57004
종로모바일	shop	126.99126	37.57227
종로문구상사	shop	127.00652	37.57157
종로문화원	heritage	126.98040	37.57169
종로바베큐보쌈	food	127.00384	37.57160
종로바이크	shop	127.01778	37.57295
종로바지락	food	126.99147	37.57124
종로반상회	food	126.98346	37.56944
종로밝은약국	shop	127.00698	37.57133
종로밥상	food	126.99210	37.57299
종로백부장집닭한마리	food	126.98065	37.57209
종로백세약국	shop	127.00229	37.57128
종로백제약국	shop	127.00399	37.57126
종로보쌈	food	126.99965	37.57064
종로보쌈	food	126.99964	37.57176
종로분식공평동	food	126.98416	37.57087
종로불돼지	food	126.98513	37.56890
종로빈대떡	food	126.97518	37.57151
종로빈대떡	food	126.98887	37.57193
종로뼈해장국	food	126.99058	37.57080
종로사	shop	126.97001	37.57914
종로사거리포차	bar	126.98602	37.56937
종로사랑채	stay	126.99929	37.57657
종로살롱	cafe	126.97380	37.57636
종로삼겹살	food	126.99088	37.57408
종로삼성약국	shop	127.00491	37.57078
종로상회	shop	126.99127	37.57273
종로생고기	food	126.98938	37.57153
종로생식원	shop	126.98986	37.57233
종로서적	shop	126.98361	37.57074
종로선인장	shop	127.00651	37.57185
종로설렁탕	food	126.98978	37.57004
종로성균관스테이	stay	126.99651	37.58371
종로성지약국	shop	126.99200	37.57114
종로세란약국	shop	127.00687	37.57150
종로센트럴약국	shop	126.99177	37.57070
종로소비자생활협동조합	shop	126.96535	37.60465
종로수원성	food	126.99091	37.57316
종로수정식당	food	126.98876	37.56976
종로수제비	food	126.98664	37.57784
종로수제비	food	126.97992	37.57085
종로순대	food	126.99946	37.57236
종로술방	bar	126.98651	37.56948
종로술집	bar	126.99192	37.57282
종로쉘부르	food	126.98842	37.57237
종로슈퍼	shop	126.99244	37.57251
종로스테이	stay	126.99617	37.57509
종로스테이	stay	127.00477	37.57982
종로시니어클럽명륜다락방	cafe	126.99669	37.58711
종로시래기뼈감자탕	food	126.98547	37.56995
종로시장	cafe	126.98362	37.56939
종로식품	shop	127.00611	37.57195
종로식품	shop	126.99344	37.56925
종로식품사업부더쌍화	cafe	126.98890	37.57155
종로식품사업부더쌍화	cafe	127.00574	37.57059
종로식품사업부케이쌍화커피	cafe	127.00591	37.57073
종로실내포차	bar	126.98526	37.56928
종로아이엠티호텔	stay	126.99027	37.56908
종로약국	shop	126.99932	37.57112
종로양꼬치	food	126.98650	37.56931
종로양행	shop	126.98453	37.57738
종로엔약국	shop	126.98473	37.57047
종로연세약국	shop	127.00108	37.57118
종로오가약국	shop	127.00153	37.57119
종로온누리약국	shop	127.01050	37.57187
종로요업	shop	127.00199	37.57011
종로우거지감자탕	food	127.00683	37.57157
종로우리약국	shop	127.00006	37.57069
종로원	stay	126.98959	37.57509
종로원당구클럽	activity	126.98473	37.57047
종로웰빙텔	stay	126.98526	37.56928
종로유가네육회빈대떡	food	126.98974	37.56885
종로육가	food	126.99060	37.57279
종로육회	food	126.99957	37.57064
종로은행나무집	food	126.98799	37.56871
종로이층약국	shop	126.97992	37.57085
종로익선진스테이	stay	126.98845	37.57484
종로인맥	food	127.01569	37.57741
종로인사이드	stay	126.99955	37.57626
종로전기	shop	126.99524	37.56929
종로전자담배	shop	126.98531	37.57058
종로전집	food	126.98904	37.57223
종로정	food	126.97992	37.57085
종로제면소	food	126.99060	37.57279
종로제일약국	shop	127.00364	37.57128
종로족빨	food	126.98513	37.56890
종로족빨	food	126.98370	37.56932
종로종합의료기	shop	127.00378	37.57129
종로좌판	shop	126.99524	37.56929
종로주막	bar	126.98362	37.56939
종로중앙약국	shop	127.00178	37.57133
종로진낙지	food	126.98910	37.57211
종로찌게마을	food	126.98834	37.57365
종로착한식당	food	126.97330	37.57342
종로참치	food	126.98843	37.56840
종로창고	shop	126.99874	37.56993
종로청운스포렉스	activity	126.96924	37.58592
종로청춘플라워	shop	126.98561	37.56994
종로축산	shop	127.01990	37.57613
종로칼국수	food	126.99067	37.57284
종로칼국수	food	127.00422	37.57368
종로컴퓨터	shop	127.01038	37.57213
종로크라운주	stay	126.98820	37.57399
종로클라쓰	food	126.98953	37.57237
종로태양약국	shop	126.99900	37.57110
종로테니스교실	activity	126.96960	37.57631
종로투엠가운	shop	127.00302	37.57013
종로파크	activity	126.97992	37.57085
종로팔팔온누리약국	shop	126.99223	37.57127
종로포차생맥주	bar	126.98844	37.56936
종로프라자	shop	127.01543	37.57438
종로프라자약국	shop	126.97059	37.58159
종로프로당구장	activity	126.98253	37.57232
종로피부화장품	shop	126.99727	37.57434
종로하녹	stay	127.01735	37.57296
종로하루	stay	126.99655	37.57497
종로하우스	stay	127.00350	37.57176
종로한사랑약국	shop	127.01609	37.57272
종로한옥궁게스트하우스	stay	126.99143	37.57438
종로한옥마당	food	126.98894	37.56857
종로할머니칼국수	food	126.99083	37.57280
종로함바집	food	126.98939	37.57168
종로허서방	food	127.01575	37.57718
종로헤이븐	stay	126.99925	37.58409
종로호프	bar	126.99200	37.57250
종로호프	bar	127.00514	37.57070
종로화로구이	food	127.00383	37.57195
종로황소곱창	food	126.98486	37.56967
종로회타운	food	127.00649	37.57173
종묘광장공원	nature	126.99442	37.57120
종묘대제	event	126.99443	37.57424
종묘식당	food	126.99289	37.57312
종묘식당	food	126.99205	37.57318
종묘호프	bar	126.99365	37.57203
종보당	shop	126.99708	37.57235
종삼기원	activity	126.98985	37.57075
종삼육	food	126.99097	37.57277
종오건강원	shop	127.00489	37.57202
종오약국	shop	126.99947	37.57113
종오화원	shop	127.00638	37.57309
종이나무갤러리	shop	126.98610	37.58234
종합가판	shop	127.01867	37.57362
종합당구장	activity	127.00611	37.57039
종합마트빈티지	shop	126.99524	37.56929
종합신문	shop	126.96972	37.57921
종호네콩비지	food	127.00518	37.57050
좋아좋아분식	food	127.01207	37.58132
좋은사람들	shop	126.96000	37.57278
좋은솔이	shop	126.99209	37.56951
좋은습관피티스튜디오	activity	126.98047	37.57256
좋은씨앗	food	126.98511	37.57463
좋은창블라인드우드자바라커튼롤스크린	shop	126.96356	37.57131
좋은하루	food	126.97917	37.57417
죠샌드위치	food	127.00285	37.57662
죠스떡볶이	food	126.98452	37.56984
죠죠	food	127.00017	37.58285
주간미디어	shop	127.02171	37.57395
주간소바	food	126.97488	37.56973
주누바	bar	126.99176	37.57274
주니실크	shop	126.99937	37.57041
주담터	shop	126.98362	37.56939
주미	shop	126.98914	37.57060
주빈하우스	stay	126.96098	37.57333
주얼리거래소	shop	126.99147	37.57218
주얼리사람들종로지점주	shop	126.99127	37.57066
주얼리사람들주	shop	126.99127	37.57066
주얼링	shop	126.98859	37.57422
주연상회	shop	126.99967	37.57048
주영사	shop	127.01051	37.57439
주은이앤씨	shop	127.01077	37.57415
주자만루	bar	127.00179	37.57590
주주	bar	126.96897	37.58049
주주문화	food	126.97095	37.57832
주차편한천사약국	shop	127.00188	37.57901
주플라워	shop	126.97992	37.57085
주한중국문화원	heritage	126.97132	37.57461
주항아리	food	126.99820	37.58331
주현주얼리	shop	126.99123	37.57102
죽마고돈	food	126.98524	37.56936
죽마고우	food	126.98382	37.57529
죽에진심	food	127.01416	37.57305
죽이야기	food	127.00191	37.57849
죽이최고야	food	126.98879	37.57539
준	shop	126.97349	37.59800
준	bar	126.99411	37.57017
준갤러리	shop	127.00082	37.58412
준기획	shop	126.99019	37.56886
준수방	food	126.97079	37.57969
준수방키친	food	126.97078	37.57969
준스테이경복궁	stay	126.96885	37.58643
준이네	food	126.97488	37.56973
준주얼리	shop	126.99123	37.57102
준카츠	food	126.97333	37.57537
준코	bar	126.98481	37.57076
준코뮤직타운종각	bar	126.98705	37.56907
준텔레콤	shop	126.99140	37.57013
준패션남	shop	127.01338	37.57215
준피자앤즉석떡볶이	food	127.02249	37.57559
준호	shop	127.02298	37.57370
준호네부대찌개성대	food	126.99688	37.58428
중경삼림	food	126.98665	37.58048
중고상품소매업	shop	127.01612	37.57040
중국	food	126.96973	37.58619
중국관	food	126.97992	37.57085
중국서화공사	shop	126.98484	37.57199
중국식품	food	127.01114	37.57370
중부월드전자	shop	126.99473	37.56992
중부유통	shop	126.99613	37.58819
중앙	shop	126.99123	37.57102
중앙	shop	126.99888	37.56944
중앙고등학교	heritage	126.98685	37.58414
중앙고등학교대원푸드	shop	126.98748	37.58379
중앙공예관	shop	126.98652	37.57230
중앙공예사	shop	126.99111	37.56974
중앙기획	shop	126.98842	37.57328
중앙레지던스	stay	126.98978	37.56939
중앙보석	shop	126.99436	37.57026
중앙사	shop	127.00612	37.57372
중앙사	shop	126.99199	37.57272
중앙상회	shop	126.98696	37.58315
중앙숯불갈비	food	127.01137	37.57311
중앙식품	shop	126.96974	37.58062
중앙의료기상사	shop	126.99903	37.57094
중앙전기조명	shop	126.96631	37.60679
중앙전자	shop	126.98765	37.57222
중앙청과	shop	126.96660	37.60620
중앙치킨	bar	126.99098	37.57376
중앙통신	shop	126.97108	37.57627
중앙해장	food	126.97298	37.57135
중원내자점	food	126.97082	37.57483
중차이	food	127.00151	37.57893
중화요리지엔	food	127.00306	37.57596
중화정	food	126.96036	37.59883
쥘리앵	stay	126.98099	37.58074
쥬디	shop	127.00732	37.57070
쥬라옵티크북촌한옥	shop	126.98677	37.58254
쥬라옵티크창덕궁점	shop	126.99089	37.57545
쥬베	food	126.98583	37.57819
쥬비드	shop	127.00191	37.57091
쥬시	cafe	126.95593	37.60098
쥬씨동대문	cafe	127.00615	37.57130
쥬씨종로종묘점	food	126.99185	37.57217
쥬얼나비	shop	126.99363	37.57142
쥬얼리	shop	126.98643	37.57239
쥬얼리누보	shop	126.99811	37.58353
쥬얼리본	shop	126.99253	37.57102
쥬얼리아셀	shop	126.99330	37.57095
쥬얼리아울렛	shop	126.98986	37.57233
쥬얼메이트	shop	126.99363	37.57142
쥬엘	shop	126.99710	37.57098
쥬파크	shop	126.99154	37.57067
즈청춘촬바	food	127.00099	37.58301
즐거운노래방	activity	127.00119	37.58381
즐거운찻집	cafe	126.98357	37.57494
즐거운코인노래연습장	activity	126.98539	37.56943
즐로리아	shop	126.99330	37.57224
지구별	shop	126.96753	37.58057
지구의료기	shop	127.01154	37.57167
지구전자	shop	126.99524	37.56929
지구캣	cafe	127.00426	37.58034
지구커피	cafe	126.98312	37.56929
지금	stay	127.00846	37.57405
지금떡방	food	126.96053	37.60516
지금보고싶다혜화	bar	127.00114	37.58332
지금부터우리는모던바	food	126.98486	37.56967
지금여기	shop	127.01072	37.57756
지노라	shop	127.00122	37.57066
지노쥬얼리	shop	126.99344	37.57077
지니쥬얼리	shop	126.99208	37.57160
지니크인	stay	126.96572	37.57489
지대방	cafe	126.98555	37.57354
지랩	stay	126.96949	37.57916
지리산앞집	food	126.98516	37.57521
지리산흑돼지	food	127.02238	37.57459
지미비	shop	126.99856	37.56992
지미스모크하우스	food	126.99140	37.57552
지미존스	food	126.98055	37.57062
지비케이골드	shop	126.99216	37.57137
지상낙원왕찹쌀꽈배기	food	126.98798	37.57204
지센직	shop	127.01284	37.57239
지수정보통신	shop	126.99708	37.57235
지썸	food	126.99130	37.57138
지씨마트	shop	126.97059	37.57393
지아衣갤러리	shop	126.97078	37.58273
지아트갤러리	shop	126.98571	37.57359
지앤디	shop	126.99154	37.57067
지앤미베이커리	food	126.99966	37.58422
지앤지그래스지점뭄뭄	food	126.97213	37.56964
지어앤	food	127.01168	37.57280
지에비당구장	activity	127.01250	37.57257
지에이치모바일	shop	127.00541	37.57130
지에이치어드바이저리	shop	126.97793	37.57096
지에이트론	food	126.98063	37.57182
지엔스타	shop	126.96477	37.60486
지엘블레스	shop	126.97990	37.57415
지엠솔루션	shop	126.97284	37.57928
지영오행당약국	shop	126.99707	37.58555
지영주단	shop	126.99971	37.57012
지오아트스페이스	shop	126.98662	37.57217
지오쿠치나익선	food	126.99008	37.57363
지와치	shop	126.99289	37.57300
지원다이아몬드	shop	126.99182	37.57107
지원분식	food	127.00732	37.57070
지원전통공예	shop	126.98543	37.57379
지원콜렉션	shop	127.00022	37.57063
지유	stay	127.01647	37.57374
지유가오카핫초메	cafe	126.98369	37.57810
지유명차	cafe	126.96858	37.57465
지유명차인사점	shop	126.98723	37.57189
지유컬렉션	shop	126.99891	37.56975
지음	cafe	126.97956	37.57237
지음스테이	stay	127.00624	37.57607
지이케이	shop	126.97992	37.57085
지중해	cafe	126.99298	37.57016
지중해	food	126.99004	37.57400
지지게임존	shop	126.98939	37.57120
지지게임존	activity	126.98699	37.56994
지커뮨홀	cafe	126.97080	37.58274
지코바	food	126.96163	37.57172
지투	bar	126.98859	37.57422
지퍼	bar	126.98878	37.57209
지평산업	food	126.97162	37.57799
지플리시	shop	126.99700	37.58913
지하우스	stay	126.96768	37.59647
지하철다방	cafe	127.00222	37.57072
지혜	food	126.97054	37.57552
지호옴므	shop	126.99123	37.57102
지호한방삼계탕	food	127.02288	37.57321
지화자	food	126.96942	37.58710
지화자주	food	126.96940	37.58710
지화자지화자청운점주	food	126.96942	37.58710
직화방이	bar	126.98510	37.56912
직화한상케이트윈	food	126.97902	37.57473
진	bar	126.98566	37.57266
진가와광화문점	food	126.97902	37.57473
진고개	food	127.01116	37.57219
진골드컴퍼니	shop	126.99315	37.57094
진공푸	food	126.99654	37.58657
진국정동곰탕재동점	food	126.98563	37.57704
진금사	shop	126.99786	37.56975
진담푸드대학로	food	127.00014	37.58302
진대감	food	126.98618	37.56907
진도악기사	shop	126.98765	37.57222
진도해물	food	127.00037	37.57213
진뚝해	food	126.97313	37.57377
진명당	shop	127.01727	37.57278
진미각	food	126.98665	37.56929
진미김밥	food	127.01019	37.57048
진미식당	food	126.99279	37.56999
진미식당	food	127.01227	37.57266
진미식당	food	126.95808	37.57479
진미통닭	food	126.95795	37.57473
진보사	shop	126.99708	37.57235
진보석	shop	126.99865	37.57144
진보식당	food	126.99955	37.58776
진보쥬얼리	shop	126.99708	37.57235
진성	food	126.98287	37.58721
진순대	food	126.98165	37.57201
진스	shop	126.98236	37.57863
진실크	shop	127.00005	37.56974
진심	food	126.96885	37.57985
진아춘	food	126.97488	37.56973
진아춘	food	127.00040	37.58286
진약국	shop	126.99106	37.57217
진양양꼬치	food	127.00370	37.57274
진양화원	shop	126.98046	37.57341
진영사	shop	126.99708	37.57235
진영상사	shop	126.99708	37.57235
진영상사	shop	127.02069	37.57213
진영식품	shop	126.99482	37.56977
진옥화할매원조닭한마리	food	127.00571	37.57043
진우	shop	127.00491	37.57078
진우사	shop	126.99708	37.57235
진우주얼리	shop	126.99321	37.57017
진원	shop	126.99937	37.57041
진원조닭한마리관철점	food	126.98650	37.56906
진이민이돈가스	food	126.97316	37.57297
진작카키	food	126.98712	37.57948
진주	shop	126.98816	37.57717
진주갈비	food	127.00554	37.57202
진주나라	shop	126.99123	37.57102
진주네푸드시스템	food	127.00169	37.57049
진주대박집	food	126.99079	37.57284
진주리	cafe	126.99633	37.58666
진주상회	shop	126.99971	37.57012
진주얼리	shop	126.98118	37.58335
진주육회	food	127.00166	37.57050
진주육회	food	126.99803	37.56998
진주육회	food	127.00121	37.57018
진주육회	food	127.00121	37.57049
진쥬얼리	shop	126.99241	37.57074
진지방순대국	food	126.99992	37.57174
진진가마솥설렁탕	food	126.99058	37.57080
진짜김밥	food	127.01557	37.57121
진짜루	food	126.99768	37.57605
진짜좋은	shop	127.01654	37.57817
진칠보공예사	shop	126.99708	37.57235
진하우스	stay	126.96890	37.57290
진할매원조닭집	food	127.00571	37.57038
진향에프앤비	food	127.00354	37.57131
진향족발	food	127.00356	37.57136
진현재	food	126.98335	37.58486
진화랑	heritage	126.97366	37.57832
진흥기업보석	shop	126.99708	37.57235
진흥미싱	shop	127.00651	37.57437
진흥사	shop	126.99708	37.57235
진흥여인숙	stay	127.02072	37.57511
질경이	shop	126.99908	37.58362
질경이우리옷	shop	126.98198	37.58321
질러	activity	127.00073	37.58335
질시루주	food	126.99064	37.57490
집	food	126.97497	37.57137
집	cafe	126.97992	37.57085
집나온거북이	stay	126.99093	37.57392
집사의하루혜화점	shop	126.99920	37.58312
집시포차혜화점	food	126.99718	37.58452
징검다리	food	127.00318	37.57629
징광	shop	126.98406	37.57717
짚풀생활사박물관	heritage	126.99986	37.58496
짠지네	shop	126.99954	37.56978
짱	activity	126.98704	37.56982
짱구떡볶이	food	126.95860	37.57438
짱복권	activity	127.00790	37.57133
짱이	food	127.00410	37.57125
쩡이네포차	bar	127.01503	37.57736
쪽당	food	127.00257	37.58213
쪽짚종로	food	126.98917	37.57293
쭈꾸미부대찌개쭈부	food	127.00399	37.58169
쭈먹	food	126.97127	37.57653
쭈악쭈악	food	126.99160	37.57404
쭈티지	shop	127.01843	37.57220
쮸쮸아이스크림할인점	shop	126.99633	37.58786
찌개家한상	food	127.00437	37.58095
찌개랑고기랑	food	127.01366	37.57189
찌개랑찜이랑	food	127.00545	37.57084
찍어떡볶이	food	127.01043	37.57363
찜콩	food	127.01366	37.57064
차갤러리	shop	126.98484	37.57199
차노래연습장	activity	126.98905	37.57123
차니오뎅	food	127.00073	37.58374
차도리	shop	126.98267	37.57263
차뜰	food	126.98228	37.58222
차림	food	126.96660	37.60574
차마시는뜰	cafe	126.98228	37.58222
차분	food	126.99989	37.58172
차사랑	cafe	126.97421	37.57364
차수시간	cafe	126.97333	37.57537
차알	food	126.97891	37.57100
차오	activity	126.97429	37.57203
차오로주얼리	shop	126.99204	37.57349
차이나	bar	126.99261	37.57009
차이원난쌀국수	food	126.99598	37.58805
차이치	food	126.97103	37.57827
차차골드	shop	126.99154	37.57067
차차차노래방	activity	127.00230	37.57141
차차차노래빠	bar	126.98905	37.57123
차차차노래연습장	activity	127.01227	37.57266
차차차노래영상제작실	activity	127.01227	37.57266
차칸도깨비	shop	127.01623	37.57020
차향가	cafe	126.98607	37.57302
착한반찬	shop	127.00549	37.57471
착한불고기	food	126.99865	37.57144
착한붕어낚시카페	activity	127.00265	37.58298
착한커피누하동지점	cafe	126.96920	37.58019
착한코다리	food	126.97427	37.57248
착한필름혜화	shop	126.99989	37.58306
찬스사주작명카페	cafe	126.98352	37.57501
찬양집	food	126.99029	37.57288
찬이네칼국수	food	127.00496	37.57030
찰나호스텔	stay	126.98412	37.56939
찰찰보리식빵	food	127.01451	37.57291
참	bar	126.97038	37.57918
참골뱅이와노가리	bar	126.98860	37.57225
참괜찬소	shop	126.96914	37.58064
참괜찮소	food	126.96914	37.58064
참돼짓간종로	food	126.99123	37.57102
참맛푸드김밥	food	127.02095	37.57578
참메쉬	shop	127.00732	37.57070
참사랑	shop	127.02006	37.57221
참새방앗간	food	126.98937	37.56874
참새집	food	126.98129	37.57210
참숯불갈비살	food	127.00128	37.58427
참스	cafe	126.99780	37.57352
참약국	shop	126.97967	37.56987
참제철	bar	126.97345	37.57637
참조은약국	shop	127.00732	37.57070
참조은오리	food	127.01262	37.57191
참참참분식	food	127.00653	37.57013
참치공방	food	126.98437	37.57089
참치공방정다운지점	food	126.98430	37.56915
참치마을	food	126.99176	37.57140
참호도과자앤커피	cafe	126.99161	37.57168
찹쌀꽈배기	food	127.00041	37.57063
창경곰재	stay	126.99547	37.58464
창경궁	heritage	126.99646	37.57893
창경궁국밥집	food	126.99674	37.57525
창경궁로하우스	stay	126.99925	37.58409
창경궁초밥	food	126.99789	37.58252
창대사	shop	126.99786	37.56975
창대순대국	food	127.01596	37.57453
창덕치컨	bar	126.98596	37.57760
창림상회	shop	127.01258	37.57170
창명부자재	shop	127.01509	37.57857
창민사	shop	126.99708	37.57235
창성갈비	food	126.97160	37.57964
창성동실험실	shop	126.97190	37.58002
창성상품	shop	127.02305	37.57288
창신건강생활	shop	127.01351	37.57297
창신곱창	food	127.01164	37.57291
창신기물	shop	127.01085	37.57373
창신단길	cafe	127.01081	37.57230
창신당	food	127.01537	37.57600
창신동골목길	heritage	127.01343	37.57715
창신동구제	shop	127.01820	37.57120
창신동달커피	cafe	127.01280	37.57608
창신동매운왕족발	food	127.01151	37.57302
창신동숙	stay	127.01210	37.57647
창신동홍어집	food	127.01043	37.57363
창신마루	stay	127.01167	37.57760
창신맛타운	food	127.01176	37.57396
창신맨션	stay	127.01284	37.57347
창신명품가구	shop	127.01580	37.57581
창신방앗간	food	127.01139	37.57349
창신비전안경	shop	127.01055	37.57324
창신상회	shop	126.99971	37.57012
창신숯불돼지갈비	food	127.01361	37.57166
창신육체미체육관	activity	127.01085	37.57276
창신육회	food	126.99985	37.57047
창신육회	food	127.00149	37.57048
창신육회빈대떡	food	127.00069	37.57070
창신종로약국	shop	127.01046	37.57375
창신집	food	127.01123	37.57344
창신책방	shop	127.01142	37.57291
창신할머니가게	shop	127.01140	37.57336
창신호프	bar	127.01203	37.57233
창신홈마트	shop	127.01071	37.57404
창우텍스	shop	127.00003	37.57061
창원상회	shop	126.99971	37.57012
창의문뜰	stay	126.96613	37.59280
창일음향	shop	126.99524	37.56929
창조보청기	shop	127.01601	37.57198
창진사	shop	126.98459	37.56946
창창족발	food	127.01093	37.57842
창화당	food	126.98984	37.57296
채가네순대국	food	126.99051	37.56894
채선당동묘역점	food	127.01600	37.57405
채움	shop	127.00955	37.57041
채움스테이프리미엄원룸텔고시원종로종각역점	stay	126.98486	37.56967
채움통상	shop	126.98540	37.57210
책가도원	stay	126.98209	37.58301
책거리	shop	126.98655	37.57384
책방연희	shop	126.97429	37.57203
책방이음	shop	127.01001	37.57669
책읽는고양이	food	127.00816	37.57779
책읽는마을	shop	127.01877	37.57175
챔버	shop	126.98623	37.57946
챔버룸	bar	126.99473	37.56946
챠코	food	126.99750	37.58397
처갓집양념치킨	food	126.96167	37.57268
처갓집양념치킨혜화점	food	126.99861	37.58982
처마끝하늘풍경	food	126.98542	37.57475
천강에비친달	food	126.98641	37.57185
천궁	food	126.97360	37.57446
천냥마트	activity	127.01242	37.57170
천년동안도	food	126.98844	37.57299
천년지기	shop	126.98646	37.57457
천막집혜화점	food	127.00068	37.58295
천만참숯구이	food	127.01561	37.57730
천사쇼핑	shop	126.98540	37.57210
천사의선물	shop	127.00162	37.57293
천사호프	bar	127.02108	37.57500
천생연분	food	126.99971	37.57012
천수만횟집	food	127.00256	37.57557
천안기구수족관	shop	127.01420	37.57082
천연염색	shop	126.98723	37.57189
천예명호	shop	126.98573	37.57434
천우당	shop	126.98677	37.57251
천운명당	activity	127.02053	37.57248
천일사	shop	126.99708	37.57235
천일상회	shop	126.99937	37.57041
천주교성바오로딸수도회재	shop	127.00371	37.58249
천지	bar	126.99989	37.58238
천지상회	shop	126.98169	37.58097
천지의료기	shop	126.99298	37.57016
천진포자	food	126.96584	37.59241
천풍상사	shop	126.99188	37.56878
천하명가	food	127.02202	37.57423
천하명당	activity	127.01098	37.57239
천하보쌈	food	126.98884	37.57947
천하제일탕수육	food	126.99549	37.58832
천향록	food	126.99816	37.58398
천향록	food	126.99746	37.58422
철길부산집대학로혜화점	food	127.00066	37.58245
철문집	food	126.99688	37.58428
철수포차	food	126.98879	37.57272
철이네오뎅	food	126.98512	37.56883
철판남	bar	126.96947	37.57690
첫만남	cafe	127.00110	37.58181
청계상회	shop	126.99208	37.56921
청계수족관	shop	127.01477	37.57011
청계주막	bar	126.98707	37.56966
청계직판장	shop	127.01529	37.57086
청계천	nature	127.00507	37.56965
청계천서점	shop	127.01877	37.57175
청계천조류원	shop	127.01509	37.57012
청계천휴	bar	126.98550	37.56879
청계하우스	stay	126.99869	37.56931
청국장밥	food	126.98164	37.58054
청기와식당	food	126.97059	37.58362
청년떡볶이	food	126.97488	37.56973
청년밥상문간슬로우점	food	127.00451	37.58259
청노루	stay	126.99547	37.58464
청담원	food	126.97333	37.57537
청락	bar	126.98512	37.56883
청록삼상회	shop	126.97990	37.57415
청룡마트	shop	127.01707	37.58017
청림무역	cafe	127.02201	37.57795
청보원히말라야	shop	126.98617	37.57275
청빈	food	126.98034	37.57291
청사초롱	bar	127.00308	37.57159
청산만두	food	127.00061	37.58198
청산상회	shop	127.00742	37.57399
청석개발주	activity	126.98842	37.57912
청솔식당	food	127.02172	37.57552
청솔환경	shop	127.01926	37.57232
청수당	cafe	126.98979	37.57388
청수당스테이북촌	stay	126.98249	37.57866
청수정	food	126.98165	37.58352
청실주단	shop	126.99971	37.57012
청아화랑	shop	126.98573	37.57434
청안	shop	126.98058	37.58044
청엠아트컴퍼니	shop	126.98139	37.57990
청연재	stay	126.98568	37.58032
청오가방도매상가	shop	127.00299	37.57014
청오스포츠	shop	127.00302	37.57013
청옥션갤러리	shop	126.98582	37.57325
청와대	heritage	126.97468	37.58398
청와대만두	food	127.01079	37.57302
청와대선물의집	shop	126.97357	37.58008
청와대재단	shop	126.97485	37.58651
청와대칠궁	heritage	126.97294	37.58474
청와설렁탕	food	126.95694	37.59996
청우	shop	126.99302	37.57075
청운공원	nature	126.96707	37.59210
청운다원	shop	126.98578	37.57317
청운동남원추어탕	food	126.97116	37.58527
청운문학도서관	heritage	126.96593	37.59043
청운반점	food	126.97098	37.58026
청운재물	shop	126.96909	37.58726
청운주단	shop	126.99971	37.57012
청운토속집	food	126.96407	37.59557
청음보청기	shop	126.98531	37.57058
청음악기	shop	126.98765	37.57222
청일산업	food	127.02053	37.57248
청정바지락칼국수	food	127.01053	37.57221
청정회수산	food	127.01600	37.57405
청중국요리집	bar	127.01543	37.57406
청진	food	126.97947	37.57173
청진기획	shop	126.97947	37.57173
청진만남	food	126.99241	37.56996
청진복집	food	126.98121	37.57195
청진영양센타	food	126.97969	37.57222
청진옥	food	126.97946	37.57173
청진화로구이	food	126.98118	37.57179
청집	cafe	127.00732	37.57137
청춘	bar	126.97451	37.57115
청춘극장	food	126.99154	37.57067
청춘노래타운	bar	126.97992	37.57085
청춘일번지	bar	126.98951	37.57091
청킹	cafe	127.00429	37.58343
청태산	shop	127.01662	37.57033
청파호프	bar	126.99192	37.57015
청하	shop	126.96168	37.59865
청하고려인삼	shop	126.96168	37.59865
청하고려인삼주	shop	126.96168	37.59865
청학동	food	126.99708	37.57235
청학동	bar	126.95871	37.60043
청향제아트	shop	126.96643	37.57229
청호	shop	126.98655	37.57384
청호다원	shop	126.98318	37.57416
청호타운	bar	127.00232	37.57576
청화우육도삭면	food	126.97992	37.57085
청화원	food	126.99955	37.58313
체나레인서촌	food	126.96892	37.58056
체리가든	food	127.01399	37.57230
체리가든인	food	126.98582	37.57325
체부동다락빵	food	126.97102	37.57672
체부동만두	food	126.97035	37.58069
체부동빈대떡	food	126.97150	37.57655
체부동수제비와보리밥	food	126.97104	37.57779
체부동잔치집	food	126.97148	37.57650
체부동잔치집	food	126.97035	37.58069
체부동잔치집감자탕보쌈	food	126.97167	37.57626
체부동잔치집돼지갈비	food	126.97107	37.57660
체부동잔치해장국집	food	126.97169	37.57634
체부하우스	stay	126.97196	37.57673
체스타필드	shop	126.97990	37.57415
첸킨	food	126.96941	37.58071
초당	cafe	126.98388	37.57395
초당	food	127.00722	37.57189
초록김치찌개	food	127.01623	37.57022
초록마을경희궁	shop	126.96237	37.57080
초록매점	shop	127.01322	37.57177
초록영양	shop	127.00915	37.57611
초록쥬얼리	shop	126.99282	37.57155
초록초록	food	126.97313	37.57377
초림	food	127.01072	37.57126
초식곳간	food	126.97992	37.57085
초원	bar	127.00378	37.57129
초원약국	shop	126.97229	37.57632
초원직물	shop	127.00496	37.57030
초이다이닝혜화	food	127.00087	37.58238
초이라멘	food	127.01146	37.57370
초이라멘	food	126.97331	37.57186
초이라멘	food	127.00855	37.57151
초이스	activity	127.00168	37.57172
초이주단	shop	126.99786	37.56975
초정	food	126.98737	37.57948
초콜릿아일랜드경복궁점	food	126.97130	37.57900
촌놈	food	127.00242	37.58294
촌놈숯불닭갈비	food	126.98723	37.56966
촌장집	food	126.97096	37.57653
촘촘서울	food	126.98147	37.57994
총각김밥	food	126.97992	37.57085
최가네곱창	food	126.99385	37.57013
최고	bar	127.00404	37.57266
최고기	food	126.98589	37.56864
최고의맛집	food	127.00468	37.57603
최규빈티지	shop	127.01877	37.57175
최대감네	food	126.98610	37.57400
최부자보쌈	food	126.99079	37.56990
최성근의작은음악회	bar	126.97451	37.57115
최정아갤러리	shop	126.96838	37.57298
최치원치과의원건식	shop	126.99658	37.58788
추어탕	food	126.97360	37.57446
추억더하기	bar	126.98814	37.57224
추억더하기주	bar	126.98850	37.57245
추억만들기포차	bar	126.98890	37.57155
추억저장소쎄시봉라이브	bar	126.98412	37.56939
추억커피숍	bar	126.98965	37.57076
추원	shop	127.01674	37.57338
축구장	bar	126.99946	37.57236
축구전시관	heritage	126.96906	37.57350
축복	stay	127.01276	37.57427
춘리	food	126.97488	37.56973
춘심	stay	127.01978	37.57371
춘원당한의약박물관	heritage	126.99021	37.57144
춘참치	food	127.00366	37.57223
춘천닭갈비	food	126.97090	37.57648
춘천집	food	126.96658	37.60562
춘천집무한닭갈비	food	127.00258	37.58186
춘향이	bar	127.00374	37.57146
충남꼬까방	shop	127.00732	37.57070
충남농산	shop	126.96796	37.58127
충남떡방앗간	food	126.96920	37.58077
충남사	shop	127.00515	37.57006
충남상회	shop	127.00732	37.57070
충남상회	shop	127.01075	37.57357
충남상회	shop	127.00223	37.57052
충남인삼사	shop	127.00512	37.57061
충남정육점	shop	127.00476	37.58056
충남정육점	shop	126.98488	37.57957
충남주단	shop	127.00732	37.57070
충무칼국수	food	126.99713	37.57354
충북사	shop	127.02034	37.57266
충신상회	shop	127.00773	37.57584
충신시장	shop	127.00532	37.57505
충신싱크	shop	127.00568	37.57467
충신아뜨리에	stay	127.00730	37.57467
충신행운복권방	activity	127.00631	37.57451
충주댁양은솥밥	food	126.98983	37.57420
취야벌	food	126.98480	37.57278
취우	food	126.98533	37.57461
취운정	stay	126.98364	37.58327
취홍	food	126.97316	37.57297
츄츄	food	126.96997	37.58063
츠키라멘	food	126.97992	37.57085
치로피자바	food	126.97545	37.57109
치앙마이방콕익선	food	126.98991	37.57380
치앙마이방콕창신	food	127.01166	37.57595
치읓	food	127.00515	37.58300
치즈밥있슈	food	126.95665	37.60104
치치	bar	127.00247	37.58249
치치앤죠이	shop	127.01520	37.57175
치킨마루	food	127.01553	37.57514
치킨매니아	food	126.99707	37.58571
치킨뱅이	food	126.99150	37.57210
치킨인더키친경복궁역점	food	126.97225	37.57795
치킨주막	food	127.00384	37.57173
치킨주막	food	127.02193	37.57604
치킨하우스	food	126.98600	37.57751
친	food	126.97076	37.57777
친구들	bar	126.96584	37.59241
친구모바일	shop	126.99821	37.58370
친너예	shop	127.00020	37.58226
친니	food	126.97617	37.57185
칠	cafe	127.00650	37.57766
칠공팔공아지트	bar	127.00627	37.57234
칠리앤칠	food	126.98969	37.56955
칠린	cafe	126.99937	37.58217
칠링	cafe	126.98950	37.57566
칠링스테이종로	stay	127.02183	37.57661
칠링아웃샵	bar	126.97316	37.57297
칠복사	shop	126.99971	37.57012
칠성	shop	127.00732	37.57070
칠성매점	food	127.00732	37.57070
칠점팔	food	126.98954	37.57608
칠칠	activity	127.01071	37.57073
침니카페	bar	126.97404	37.57665
침스버거	food	126.97992	37.57085
침스버거	food	126.98573	37.57810
칭스튜디오	shop	126.99204	37.57235
카나나	cafe	126.97007	37.56857
카나르	food	126.99030	37.57553
카나주얼리	shop	126.99865	37.57144
카넬라	shop	126.98729	37.58199
카니발호프타운	bar	127.01112	37.57331
카라블로썸	shop	126.97078	37.57890
카레카레	food	127.00019	37.58316
카르페가든	food	127.00459	37.57676
카리미즈서울	shop	126.96947	37.57841
카리브	bar	126.98557	37.57093
카리스	shop	126.95836	37.60703
카븐	shop	127.02281	37.57403
카산도	food	127.00418	37.58076
카세트	cafe	126.97033	37.57584
카스호프뱅크	bar	126.98902	37.56956
카오리	food	126.97992	37.57085
카우보이	cafe	126.97330	37.57342
카이식탁	food	127.01451	37.57291
카이저악기	shop	126.98765	37.57222
카인드플레이트	food	126.99900	37.57572
카츠연	food	126.98179	37.57253
카츠와이찌	food	127.00574	37.57739
카츠헤세드혜화	food	127.00203	37.58424
카카오	bar	126.98937	37.56952
카키문누하	bar	126.96820	37.58047
카타딘	bar	126.98462	37.57966
카페	cafe	126.97392	37.57298
카페가가	cafe	126.97667	37.61020
카페감	cafe	126.99315	37.58948
카페게더	cafe	126.97239	37.57065
카페게일리	cafe	127.00471	37.58076
카페꿈틀	cafe	126.96757	37.57026
카페다오	cafe	127.00250	37.58422
카페다커피독립문	cafe	126.95801	37.57546
카페단	cafe	126.98425	37.57656
카페더블린	cafe	127.00448	37.58316
카페데쏘	cafe	126.98765	37.57222
카페델꼬또네북촌계동점	cafe	126.98748	37.57942
카페동묘	cafe	127.01415	37.57157
카페드람브르	cafe	126.98622	37.56994
카페딜쿠샤	cafe	126.96372	37.57352
카페라토	cafe	126.96355	37.59728
카페루아	cafe	126.98718	37.57239
카페르꽁뜨	cafe	126.98927	37.58172
카페르뮤즈	cafe	126.97166	37.58190
카페마레	cafe	127.00063	37.57276
카페마루	cafe	126.99152	37.57203
카페마마스	food	126.97902	37.57473
카페마이스토리	cafe	126.95571	37.60166
카페마지오	cafe	126.97878	37.57421
카페베로나	bar	126.96844	37.57324
카페보부	cafe	126.98080	37.57775
카페뷰	food	126.99343	37.57201
카페브릿지	cafe	127.00048	37.58663
카페비	cafe	126.96026	37.60598
카페비노	bar	126.96511	37.56886
카페비비	cafe	126.95955	37.60697
카페빵쌤	food	126.99976	37.58324
카페사랑채	food	127.01437	37.57350
카페사흘	cafe	127.00016	37.58705
카페살랑	cafe	126.95848	37.57522
카페샌드위치날에	food	127.00067	37.58237
카페세븐스프링스	cafe	127.00110	37.57261
카페수달	cafe	126.98445	37.57666
카페순리	bar	126.99187	37.57457
카페시크릿	cafe	127.00373	37.58161
카페아에	cafe	126.96511	37.56886
카페아이엠티	cafe	126.98656	37.57826
카페아이엠티	cafe	126.98217	37.57515
카페아이엠티중앙대평동캠퍼스점	cafe	126.96630	37.56742
카페앵커리지	cafe	126.97223	37.57261
카페야미	cafe	127.01544	37.57529
카페어쩌다오늘	bar	127.00215	37.58374
카페에이치	cafe	126.99181	37.57099
카페엘빈	cafe	127.00062	37.58562
카페오늘의기분	cafe	126.97298	37.57135
카페오렌지어웨이크	cafe	126.97331	37.57186
카페오르다	cafe	127.00477	37.57982
카페오쁘띠베르	cafe	126.97098	37.58026
카페오엑스오	cafe	127.00176	37.57150
카페온도	cafe	126.97992	37.57085
카페온화	food	126.98985	37.57330
카페올웨이즈	cafe	126.99248	37.57019
카페우디	cafe	126.97429	37.57203
카페우디덕수궁점	cafe	126.97488	37.56973
카페운니	cafe	126.99015	37.57566
카페이너스	cafe	126.99839	37.57144
카페이드라	cafe	126.98422	37.57698
카페이에스티	food	127.00769	37.57136
카페이층	cafe	126.98845	37.57710
카페일적	cafe	127.01517	37.57812
카페자리	cafe	126.99701	37.58204
카페죠꽁드	cafe	126.98209	37.58345
카페지밥	cafe	126.98235	37.58698
카페진선	cafe	126.98048	37.58140
카페창덕궁	cafe	126.98760	37.57950
카페코나퀸즈	cafe	126.98432	37.57457
카페쿠에른	food	126.98291	37.57952
카페클래식	cafe	126.95689	37.60189
카페클로이	cafe	127.00100	37.57181
카페키이로	bar	126.99974	37.58210
카페통	cafe	126.99281	37.57182
카페트레블	cafe	127.00645	37.58000
카페트루어스	cafe	126.98679	37.57183
카페파오로	cafe	126.99370	37.57133
카페포코	cafe	127.00683	37.57171
카페프리헷종로무악점	cafe	126.96089	37.57414
카페해화	cafe	127.00003	37.58298
카페향과	food	126.99341	37.57229
카페헐리우드	cafe	126.98414	37.57364
카페혜화동	cafe	126.99991	37.58190
카페호미	cafe	126.97987	37.57792
카페효제눅	cafe	127.00142	37.57504
칸스테이	stay	126.98699	37.58169
칸옥션	shop	126.98655	37.57384
칸칸	cafe	126.98860	37.57471
칸토	bar	126.98179	37.57253
칼국수닷컴	food	126.99734	37.57421
칼라노래연습장	activity	126.98601	37.56966
칼리	shop	126.99013	37.57058
칼리가리박사의밀실	bar	126.97094	37.57638
칼리엘라	shop	126.99263	37.57194
캐럿주얼리	shop	126.98671	37.57042
캐슬명품	shop	126.99319	37.57186
캐슬장	stay	127.01962	37.57373
캐치	bar	126.97175	37.57928
캐칭덕경복궁역점	shop	126.97191	37.57757
캐털리스트	shop	126.97480	37.61236
캘리스코더사보텐스타필드애비뉴그랑서울점	food	126.98144	37.57096
캠브리지성대점	food	126.99779	37.58418
캡틴빌리지	shop	127.01603	37.57106
캣츠	bar	126.97115	37.57417
캥거루	bar	126.97023	37.57791
커넥트컬쳐	food	126.98982	37.57283
커먼맨션	food	126.97007	37.57291
커먼투	cafe	126.98953	37.57237
커밍제인	shop	126.96654	37.58090
커스텀커피	cafe	126.98463	37.56909
커플노래주점	bar	126.98727	37.56875
커플닷넷	cafe	126.97288	37.60794
커플로	shop	126.99865	37.57144
커플리아	shop	126.99282	37.57155
커플링	shop	126.98671	37.57042
커피	cafe	126.99885	37.57323
커피가게동경독립문	cafe	126.96041	37.57351
커피기업종로	cafe	126.98361	37.57074
커피나인	cafe	126.97429	37.57203
커피나인종로	cafe	126.98708	37.56994
커피나인종로구청	cafe	126.98078	37.57220
커피내리는분식	food	127.00465	37.57900
커피디지	cafe	127.00732	37.57070
커피마녀	shop	126.99123	37.57102
커피만	cafe	127.00197	37.58336
커피맥스	cafe	126.97421	37.57257
커피방앗간	cafe	126.98248	37.58033
커피베이경희궁	cafe	126.96511	37.56886
커피베이베이크앤비스트로서순라길점	cafe	126.99125	37.57581
커피베이숭인동점	cafe	127.02168	37.57545
커피보더	cafe	126.99967	37.58477
커피볶는아침컴퍼니	cafe	126.98881	37.56941
커피볶는중카페김쌤	cafe	126.99723	37.58518
커피붕붕커피볶는집	cafe	126.97441	37.57136
커피붕붕커피볶는집경복궁점	cafe	126.97355	37.57491
커피브론즈	cafe	126.98485	37.57709
커피비상구	cafe	126.98411	37.56947
커피빈경희궁의아침	cafe	126.97223	37.57261
커피빈광화문점	cafe	126.97886	37.56982
커피빈대학로마로니에점	cafe	127.00371	37.58140
커피빈대학로지점	cafe	127.00258	37.58186
커피빈삼청동점	cafe	126.98177	37.58513
커피빈세종문화회관옆점	cafe	126.97548	37.57135
커피빈안국역점	cafe	126.98459	37.57634
커피빈인사점	cafe	126.98734	37.57299
커피빈종각역점	cafe	126.98517	37.56991
커피빈종로관철동점	cafe	126.98673	37.56848
커피빈종로구청앞점	cafe	126.97949	37.57187
커피빈종로센트로폴리스점	cafe	126.98365	37.57149
커피빈하나은행경복궁역점	cafe	126.97333	37.57537
커피빈혜화역점	cafe	127.00116	37.58353
커피사피엔스종로르메이에르점	cafe	126.97992	37.57085
커피살롱	cafe	126.98233	37.57183
커피소	cafe	126.99475	37.57022
커피숍애츠	cafe	126.96869	37.58118
커피스탑	cafe	126.97179	37.57327
커피스토리	cafe	127.00624	37.57133
커피스트	cafe	126.96943	37.57280
커피앤	shop	127.00129	37.56983
커피앳웍스이마빌딩	cafe	126.97899	37.57391
커피에반하다	cafe	126.98200	37.58231
커피에반하다금융연수원	cafe	126.98201	37.58631
커피에반하다종로도렴빌딩점	cafe	126.97421	37.57364
커피온리역점	cafe	126.97563	37.57121
커피와차	cafe	126.97254	37.57711
커피원	cafe	126.97298	37.57135
커피원	cafe	126.98034	37.57291
커피이터니티	cafe	127.01343	37.57276
커피인왕	cafe	126.96372	37.57352
커피인텐소에이치디	cafe	126.98764	37.57802
커피점방	cafe	126.98507	37.56924
커피중공업	cafe	127.00481	37.58089
커피지원	cafe	126.98978	37.56939
커피친구	cafe	126.98178	37.57232
커피쿡종로	cafe	126.99941	37.57313
커피클라우드	cafe	126.97081	37.58556
커피타임	cafe	126.99726	37.57452
커피투어	cafe	126.97229	37.57632
커피투어	cafe	126.97143	37.57286
커피투어	cafe	126.97022	37.57537
커피팟	cafe	126.97370	37.57136
커피팩토리	cafe	127.00809	37.57082
커피팩토리글로보	cafe	126.98188	37.58030
커피한잔	cafe	126.96794	37.57708
커피향기	cafe	127.00642	37.57297
컨퍼런스하우스달개비	cafe	126.97412	37.57247
컬러리빙	shop	126.96572	37.60929
컴바인웍스	shop	126.98701	37.58296
컴파니	bar	126.99031	37.57114
컴퍼니에스디엔	shop	126.98122	37.58356
컴포즈커피	cafe	126.98764	37.57802
컴포즈커피	cafe	127.01124	37.57159
컴포즈커피경복궁점	cafe	126.97186	37.57769
컴포즈커피경희궁	cafe	126.96511	37.56879
컴포즈커피독립문롯데	cafe	126.95860	37.57438
컴포즈커피동묘롯데	cafe	127.01600	37.57405
컴포즈커피상명대동숭캠퍼스소극장점	cafe	127.00273	37.58337
컴포즈커피서울	cafe	126.99788	37.58406
컴포즈커피시대점	cafe	126.97313	37.57377
컴포즈커피종로	cafe	126.99167	37.57068
컴포즈커피종로르메이에르점	cafe	126.97992	37.57085
컴포즈커피혜화경찰서점	cafe	126.99955	37.57222
컴퓨터방	activity	127.01399	37.57230
컵희	cafe	126.96657	37.60562
케네스스미스	shop	126.97232	37.57093
케로셀트레이딩	shop	126.98106	37.58298
케빈	bar	126.98437	37.57089
케어라이프	shop	126.97106	37.57789
케어빌	shop	127.00008	37.57579
케이게스트하우즈	stay	127.01227	37.57118
케이골드스톤	shop	126.99204	37.57235
케이광장김반찬	food	126.99971	37.57012
케이끼쌀롱	food	126.99676	37.58759
케이디디컴퍼니	food	127.00136	37.58288
케이디제이더블유	food	126.97458	37.57102
케이디하우스	food	126.97126	37.57818
케이모니	shop	127.00122	37.56978
케이서촌달빛	stay	126.96831	37.57695
케이슈즈	shop	127.01520	37.57175
케이쌍화	cafe	127.00590	37.57066
케이앤주얼리	shop	126.99031	37.57060
케이에스	food	126.99753	37.58413
케이에스바이온	shop	126.96794	37.57708
케이에스스포짐	activity	126.98253	37.57232
케이에스시그네쳐	shop	126.96916	37.57917
케이에스옥션	shop	126.98705	37.57395
케이에프씨	food	126.99826	37.57298
케이엔스테이	stay	127.00558	37.57302
케이엠이	food	126.97992	37.57085
케이유아트	shop	126.96170	37.59204
케이제이어패럴	shop	126.99854	37.58792
케이케이의옷장	shop	127.01520	37.57175
케이크아이메이드	activity	126.99999	37.58225
케이타운포유인사점	food	126.98355	37.57447
케이투	shop	127.00374	37.57035
케이티화원	shop	126.97780	37.57216
케이패션	shop	127.00732	37.57070
케이포	food	126.97368	37.57638
케이푸드안국역점	food	126.98892	37.57681
케이하우스	stay	127.01996	37.57375
코끼리빈티지	shop	127.01895	37.57307
코끼리초밥	food	126.97780	37.57216
코나헤이븐	cafe	126.99791	37.58942
코너갤러리	shop	126.98395	37.57946
코너더마켓	shop	127.01337	37.57011
코너비	cafe	126.98604	37.56857
코니스토들러	activity	126.96668	37.60702
코니코퍼레이션	shop	127.00732	37.57070
코니하우스	stay	127.00348	37.58316
코다스	shop	127.00297	37.56992
코닥광장시장	shop	126.99962	37.57008
코데즈컴바인이너웨어	shop	127.00151	37.58290
코델리아	shop	127.01698	37.57131
코도	shop	126.98488	37.57426
코돈부르	food	126.97992	37.57085
코디	shop	127.00006	37.57088
코디젬쥬얼리	shop	126.99865	37.57144
코러스인피니티	shop	126.97793	37.57096
코리엘	shop	126.98521	37.58216
코메타	shop	126.99615	37.58797
코미도리	food	126.98625	37.57210
코브홉스	food	126.97108	37.57641
코블러앤컴퍼니	bar	126.97091	37.57530
코비게스트하우스	stay	127.01412	37.57320
코사마트평창점	shop	126.96660	37.60620
코센홈	shop	127.00732	37.57070
코소바	food	126.98854	37.57330
코수이	shop	126.98186	37.58039
코스리움	shop	126.95682	37.60015
코스코	shop	126.99709	37.57235
코아비젼	shop	127.00022	37.58408
코아신발	shop	127.01062	37.57205
코앤컴	shop	127.00151	37.58290
코야마	food	126.98144	37.57096
코야코	food	127.00430	37.58131
코우치리미티드	shop	126.97891	37.57100
코이라멘	food	126.97992	37.57085
코젤앤엔츠	shop	126.98731	37.57352
코즈케어	stay	126.96477	37.60486
코지	shop	126.98531	37.57058
코지	shop	127.01067	37.57006
코지트	activity	126.97968	37.58402
코지하우스	stay	126.96740	37.60463
코지홈	stay	127.01194	37.57008
코지홈	shop	126.98382	37.57799
코케비	shop	127.00759	37.57739
코케허니	food	126.99930	37.58300
코코	shop	126.99698	37.58607
코코골드	shop	126.99253	37.57102
코코닭	food	126.96887	37.57659
코코댄디	shop	127.01133	37.57023
코코레지던스	stay	126.99894	37.58364
코코로라멘광장	food	126.99882	37.57039
코코로맨스	shop	127.01572	37.57674
코코로벤또	food	126.96735	37.60692
코코로식탁	food	126.99960	37.58342
코코리빙텔	stay	126.99763	37.58399
코코사	shop	126.99708	37.57235
코코아	shop	126.98552	37.57020
코코이찌방야	food	127.00280	37.58365
코쿠너	stay	126.96770	37.58098
코쿤하우스	stay	126.98858	37.56907
코토코토식당	food	126.99048	37.57330
코튼블루	shop	126.96928	37.57853
코피발리	cafe	127.00468	37.57721
코피발리	cafe	126.98474	37.57704
코피티암	food	126.97119	37.57799
콕	food	126.99139	37.57237
콘서트	bar	127.00490	37.57131
콘타이	food	126.98892	37.57681
콘텐츠박스	heritage	127.00418	37.58076
콘피에르셀렉션그랑서울점	food	126.98144	37.57096
콜렉티보디	cafe	126.97891	37.57100
콜리우르	shop	126.98391	37.57704
콤마테이블	food	126.99479	37.58915
콩나물국밥	food	126.97227	37.57648
콩나물장수	food	127.00440	37.58251
콩두에프앤씨주	shop	126.98149	37.58694
콩두주백동묘	food	127.01600	37.57405
콩마루	food	126.98181	37.57239
콩마을	food	127.00640	37.57039
콩밭경복궁역점	shop	126.97238	37.57764
콩뼈숯뼈	food	126.98822	37.57371
콩뼈숯뼈감자탕	food	126.98960	37.56994
콩세유갤러리	shop	126.98506	37.57341
콩시콩뼈순두부	food	127.01195	37.57224
콩쥐팥쥐	food	127.01557	37.57757
콩플레	bar	127.00168	37.58686
콰니쥬얼리	shop	126.99255	37.57138
쿄식당	food	127.00626	37.57039
쿄와우동	food	126.98660	37.57811
쿄코코	food	127.00043	37.58259
쿄코코별관	food	127.00043	37.58259
쿠레타케소	stay	126.98718	37.57239
쿠르가즈크릴레스토랑	food	127.01363	37.57298
쿠마	stay	127.01807	37.57460
쿠바	bar	127.00045	37.58149
쿠브	shop	126.99062	37.57640
쿠아타이푸드	food	126.97992	37.57085
쿠에른리페어센터	shop	126.98939	37.58099
쿠에른삼청	shop	126.98291	37.57952
쿠즈모텔	stay	126.98999	37.57641
쿠캔비어	food	126.98954	37.57095
쿠크봉안녕인	food	126.98355	37.57447
쿠키앤클레이	food	126.98731	37.57352
쿠키엑스	shop	127.02294	37.57462
쿠킹앤모어	food	126.97057	37.57906
쿤스갤러리	shop	126.98725	37.57371
쿤스트	shop	126.98223	37.58184
쿨노래	activity	127.00284	37.57125
쿨웜	shop	126.95692	37.61064
쿰피르스테이크혜화점	food	127.00487	37.58058
쿵푸양꼬치	food	127.00382	37.57137
쿼드	cafe	126.98062	37.57812
퀴즈노스서브서울대의대점	food	127.00102	37.58122
퀴즈노스서울대학교의대점	food	127.00178	37.57978
퀴진라끌레	food	126.97028	37.57921
퀸	bar	126.98844	37.56936
퀸	bar	126.97472	37.57070
퀸당구장	activity	126.97077	37.57845
퀸바	bar	127.01545	37.57366
퀸시바	food	126.97363	37.57919
퀸즈가드	bar	126.99144	37.57540
퀸즈베이커리	food	126.98193	37.57993
퀸즈커피	cafe	127.01060	37.57128
퀸즈테라스한옥달	food	126.97198	37.57692
큐노리방	bar	127.01100	37.57153
큐라덴리테일	shop	126.98253	37.57232
큐럭스	shop	126.99865	37.57144
큐리나	shop	127.01520	37.57175
큐리아뜰리에	shop	126.97142	37.58564
큐뮬러스	food	126.98361	37.57074
큐비레지던스	stay	127.01344	37.57186
큐이디테크놀로지스인터내셔널	shop	126.98591	37.56895
큐피드	shop	126.99128	37.57012
크라운관광호텔	stay	126.98788	37.57405
크라운미디어	shop	127.00035	37.57679
크라운미용재료	shop	127.00528	37.57131
크라운커피	cafe	126.98820	37.57399
크라운호프	bar	126.98707	37.56966
크래프트루익선	bar	126.98946	37.57306
크래프튼	shop	126.97100	37.58180
크레마노경복궁점	cafe	126.97323	37.57921
크레센도	stay	127.01874	37.57676
크레이지	shop	127.00955	37.57041
크레이지후라이	food	126.97902	37.57473
크레이지후라이안녕인	food	126.98355	37.57447
크레이티브펫	shop	126.96564	37.57980
크레페보이	food	126.97078	37.58037
크렘브	cafe	126.98680	37.58003
크로바	shop	127.01440	37.57056
크로스핏마루	activity	127.00247	37.58249
크로스핏수퍼밤	activity	126.97899	37.57391
크로와상점	cafe	126.98027	37.57256
크로커다일	shop	127.00438	37.57077
크로커다일	shop	127.01275	37.57238
크로크다일	shop	127.01305	37.57246
크루아타이커진	food	126.98144	37.57096
크루즈	food	126.99757	37.57553
크리스마스이브	food	126.98517	37.57267
크리스탈	bar	126.97094	37.57857
크리스탈	bar	126.97992	37.57085
크리에이티브리소스	shop	126.96758	37.58193
크리에이티브통인	shop	126.98723	37.57189
크리오	food	126.98800	37.56920
크림브라운스테이	stay	127.01681	37.57615
크림빌라	food	126.98970	37.57314
크으	bar	126.98870	37.56853
큰사람들	shop	127.00588	37.57134
큰손갈비	food	127.01125	37.57247
큰손닭강정동묘역점	food	127.01585	37.57556
큰손집	food	126.99059	37.57154
큰손함흥냉면	food	126.97441	37.57136
큰집닭강정동묘점	food	127.01551	37.57467
클라라	shop	126.99247	37.57074
클라시	shop	126.98920	37.57613
클라우드나인종로	stay	127.01807	37.57460
클라이밍파크	activity	126.99975	37.57143
클래스에스	shop	126.99865	37.57144
클래스원	shop	126.99003	37.56971
클래식고택	stay	126.96814	37.57987
클래식바디짐	activity	127.01472	37.57800
클래씨	shop	126.98428	37.57667
클래씨크루	activity	126.98817	37.57717
클랜돔	stay	127.01851	37.57208
클럽아사이보라	food	126.97891	37.57100
클럽에스프레소	cafe	126.96599	37.59269
클로르	shop	126.97179	37.57327
클로셰	food	126.96948	37.57744
클로젯원	shop	126.98938	37.57546
클리어마인드절명상센터	activity	126.98181	37.57239
클릭이동통신	shop	126.98531	37.57058
키노빈스	food	127.01910	37.57153
키논서촌점	shop	126.96685	37.58081
키론히트	shop	126.98197	37.58021
키모토	food	127.00037	37.57201
키미아트	cafe	126.97429	37.61300
키미아트	cafe	126.97218	37.61574
키보아츠아츠	food	126.97780	37.57216
키사키	food	126.97088	37.57968
키세카츠안국역점	food	126.98892	37.57681
키스노래연습장	activity	127.01243	37.57156
키움참치	food	127.00449	37.56993
키즈나	food	126.98163	37.57881
키즈랜드	shop	127.01434	37.57153
키친토크	food	126.98181	37.57239
키키스테이	stay	126.99678	37.58952
키타스시	food	127.00014	37.58205
키테	food	126.98859	37.56874
키햐아	food	127.00094	37.58429
킨토토혜화점	food	126.99960	37.58342
킬링웨이브	bar	126.97210	37.57646
킴스	shop	126.99865	37.57144
킴스텔종로점	stay	126.99147	37.57353
킴스피아노	shop	126.98765	37.57222
킴자하우스	stay	126.96743	37.58003
킵댓창경궁점	cafe	126.98892	37.57681
킹	activity	127.00518	37.57044
킹노래방	activity	126.97227	37.57648
킹덤금거래소	shop	126.99243	37.57197
킹부대찌개테이크아웃신설동점	food	127.02183	37.57661
킹스가든	stay	126.98972	37.57455
킹스빈경복궁점	cafe	126.97333	37.57537
킹주얼리	shop	126.99170	37.57015
킹즈가드	food	127.00401	37.57004
타래퀸	cafe	127.00268	37.58400
타르트앤	cafe	127.00409	37.58330
타르틴북촌	food	126.98163	37.57993
타마린드	food	126.97891	37.57100
타마린드잼	shop	126.97273	37.57819
타메라	shop	126.97992	37.57085
타미	cafe	127.00642	37.57639
타미지	shop	126.98531	37.57058
타셴	cafe	127.00358	37.58297
타오	shop	127.00506	37.57226
타오파크	cafe	126.99840	37.58355
타이거	food	126.99032	37.57130
타이거리스트	shop	126.98386	37.57548
타이거알유계동지점	activity	126.98857	37.57823
타이거타이거카페	cafe	126.99081	37.57434
타이드워터	cafe	126.96965	37.57988
타이디스테이	stay	127.00786	37.57158
타이밍	shop	127.00732	37.57070
타이슨커피	cafe	127.00459	37.58058
타이치	shop	126.98540	37.57210
타이프	food	126.98023	37.57787
타임럭스	shop	126.99865	37.57144
타임스테이	stay	126.96424	37.58179
타임월드	shop	126.98531	37.57058
타임정	shop	126.99708	37.57235
타임제이	shop	126.99708	37.57235
타임죤	shop	126.98531	37.57058
타쳇	food	126.96772	37.58738
타코냠냠	food	127.01554	37.57067
타코로	food	126.96030	37.57295
타코비	food	126.96650	37.60636
타코챔피언	food	126.97780	37.57216
타펠룬데	food	126.97083	37.57569
탄닌	shop	127.01188	37.57605
탈	shop	127.01623	37.57020
탈랜트	bar	127.00629	37.57173
탈방	shop	126.98446	37.57441
탈스티	bar	126.98243	37.58416
탐라담	food	126.98486	37.56967
탐라순대국감자탕	food	126.97468	37.57079
탐앤탐앤이삭토스트종로피카디리점	food	126.99123	37.57102
탐정의방	activity	126.99972	37.58295
탑골	cafe	126.98900	37.57094
탑골공원	nature	126.98861	37.57050
탑골공원종로	food	126.98905	37.57123
탑골우동	food	126.98849	37.57221
탑버튼	shop	126.99966	37.58422
탑실크비단비한복	shop	127.00005	37.56974
탑실크상사	shop	126.99971	37.57012
탑아트	shop	126.95836	37.60703
탑오피스	shop	127.01371	37.57140
탑쥬얼리	shop	126.99710	37.57098
탑축산	shop	126.99639	37.58812
탑클라우드오파이브	food	126.98355	37.57447
탑할인마트	shop	126.99639	37.58812
탑호텔앤레지던스	stay	126.98878	37.57341
탕화쿵푸	food	127.00065	37.58359
탕화쿵푸마라탕	food	126.98530	37.56995
태광	shop	126.99088	37.56982
태광당	shop	126.99241	37.57074
태광사	shop	126.99227	37.57075
태광인재사	shop	127.01258	37.57170
태극당인	food	126.98593	37.57341
태닝나우	shop	126.97992	37.57085
태닝아일랜드	shop	126.97223	37.57261
태리	shop	127.00419	37.58056
태리아떼	shop	127.00732	37.57070
태말녀감자탕	food	126.98646	37.57204
태산커피안국	cafe	126.98945	37.57669
태성	shop	127.00732	37.57070
태성	food	126.96902	37.57311
태성골뱅이	food	126.95860	37.57438
태성골뱅이	food	126.96991	37.57657
태성골뱅이	bar	126.95746	37.60772
태성골뱅이낙원점	food	126.98941	37.57142
태성골뱅이신사	food	126.98116	37.57174
태성골뱅이신사상명대구기점	food	126.95787	37.60793
태성관	food	126.98577	37.57371
태성불교	shop	126.98274	37.57377
태성전자	shop	126.99524	37.56929
태양	food	126.98339	37.57284
태양	shop	126.99708	37.57235
태양사	shop	127.00732	37.57070
태양이네	bar	126.99142	37.57228
태양이네	bar	126.99075	37.57450
태양인테리어	shop	126.99524	37.56929
태양전파사	shop	126.99959	37.58790
태양주단	shop	127.00732	37.57070
태영	shop	127.01843	37.57220
태영	food	126.98078	37.57220
태영상회	shop	127.00732	37.57070
태영상회	shop	126.99967	37.57048
태영식당	food	127.00545	37.57485
태영주얼리	shop	126.99956	37.57113
태왕전자	shop	126.99524	37.56929
태용아트	shop	127.01146	37.57370
태우실크	shop	126.99941	37.57049
태을커피	cafe	126.98285	37.57171
태인푸드서비스	food	126.98916	37.57943
태진복집	food	126.97208	37.57902
태진사	shop	126.99462	37.57026
태평양약국	shop	126.99193	37.57006
태한코퍼레이션	food	126.97421	37.57364
태화물산주	cafe	126.97949	37.56953
태화식당	food	126.99261	37.57009
태화식품	shop	126.98484	37.57199
태희사	shop	126.98790	37.57276
택이네조개전골	food	126.98253	37.57232
탬버린	bar	127.01104	37.57139
탬버린프로젝트	shop	126.96735	37.58088
탭샵바청계천삼일빌딩	food	126.98715	37.56863
탭앤와인씨앤씨	bar	126.98559	37.56945
탱고	bar	126.97083	37.57472
터전씨앤에이치	cafe	126.96729	37.57954
터키쉬푸드링크랩지점	food	126.98996	37.57421
털보감자탕	food	126.97174	37.57657
털보네해물탕등갈비해물찜	food	126.99980	37.57162
털찐이	shop	127.00542	37.58041
텅	bar	126.98892	37.57681
테냐인터프라세즈	shop	127.01623	37.57022
테노식스	shop	126.98179	37.57253
테니스패밀리	activity	126.97162	37.57799
테디맨션	food	126.99725	37.58397
테라	bar	126.98972	37.57283
테라그라피	shop	126.98042	37.57229
테라스	bar	127.00400	37.57050
테라피	shop	126.97992	37.57085
테라핀	bar	126.98851	37.56864
테르트르카페	cafe	127.01119	37.57822
테리스	shop	127.01634	37.57477
테마	shop	126.98604	37.57042
테시	shop	126.98737	37.57948
테이블노트	stay	127.00777	37.57596
테이블비	food	126.97317	37.56980
테이스트메이드	bar	126.96896	37.57747
테이스티	food	126.97973	37.57174
테이스티로드빠리가옥	food	126.99023	37.57331
테이엔	food	126.97151	37.57273
테이크	shop	127.01067	37.57006
테이크아웃	cafe	127.02244	37.57277
테이큰커피	cafe	126.99527	37.58877
테일러커피서촌점	cafe	126.97385	37.57720
테지움테디베어	activity	127.01520	37.57175
테테하우스	shop	126.98262	37.58488
텍스트북	shop	126.96788	37.57747
텐바	bar	127.00652	37.57197
텐빌리언	shop	127.00437	37.58095
텐션	bar	126.98938	37.57153
텐퍼센트커피	cafe	126.98575	37.57687
텐퍼센트커피	cafe	126.98042	37.57229
템포커피보령본사점	cafe	126.99799	37.57450
토그	shop	127.01678	37.57409
토끼숟가락	food	126.97421	37.57364
토끼의정원	shop	126.96206	37.57143
토니모리인	shop	126.98677	37.57251
토다기	stay	126.98712	37.58314
토담골	food	127.00432	37.57264
토담토담	food	126.98938	37.57184
토독공방	shop	126.98363	37.57528
토리고야	bar	126.98507	37.56946
토리베이커리카페	food	126.96709	37.58108
토리소리	shop	126.97142	37.58564
토리아에즈	bar	126.99899	37.58352
토리요우	food	126.96892	37.57957
토리컴퍼니	shop	126.97172	37.57964
토마토	shop	127.00071	37.56968
토마토	bar	126.98658	37.56870
토마토	bar	126.99006	37.57272
토바메탈	shop	126.98633	37.57313
토선	shop	126.98723	37.57189
토성	shop	126.98705	37.57395
토속삼계탕	food	126.97000	37.57630
토속정	food	126.98330	37.56925
토속집	food	126.97899	37.57391
토속촌삼계탕	food	126.97158	37.57756
토속촌상회	shop	126.97163	37.57761
토속칼국수	food	126.97859	37.61187
토스토리	food	126.97333	37.57537
토스티드클럽	food	126.97012	37.58625
토시코레더	shop	127.00558	37.57738
토이게스트하우스	stay	127.01328	37.57131
토이메이커스	shop	127.00732	37.57070
토이어	shop	126.96925	37.58336
토이팩토리	shop	127.00732	37.57070
토인	shop	126.98447	37.57446
토종순대국	food	127.01623	37.57022
토크쇼	bar	127.01931	37.57355
토탈리	cafe	126.97567	37.61213
토탈미술관	heritage	126.97574	37.61224
토탈전기오토바이	shop	127.01597	37.57136
토탈하얀칠판	shop	127.01417	37.57116
토토	food	127.00326	37.58248
토토당구장	activity	127.00627	37.57234
토토복권식품	shop	127.01055	37.57312
토토스테이	stay	127.01617	37.57759
토토이즈	shop	127.01067	37.57006
토포하우스	shop	126.98432	37.57410
톤티	cafe	126.98630	37.57765
톨레도	bar	126.95894	37.60679
톰	food	126.99019	37.57566
통나무식당	food	126.98802	37.57360
통나무집	food	126.99845	37.57376
통다리치킨	food	126.98588	37.57913
통돼지	food	126.99068	37.57323
통돼지두루치기	food	127.00572	37.57079
통문관	shop	126.98367	37.57490
통밀로만	food	127.01853	37.57363
통식당	food	126.99281	37.57182
통영굴밥	food	126.97333	37.57537
통영멸치국수	food	126.97421	37.57364
통의동단팥	food	126.97225	37.57795
통인가게	shop	126.98590	37.57352
통인감자탕	food	126.97012	37.58039
통인동초밥	food	126.96983	37.58063
통인동커피공방위켄드	cafe	126.97025	37.57957
통인사랑	shop	126.97089	37.58055
통인소쥬방	food	126.97091	37.57926
통인스윗	food	126.96963	37.57963
통인시장	shop	126.96995	37.58077
통인식당	food	126.97031	37.58082
통인잡화	shop	126.96947	37.57999
통인정	food	126.97083	37.58100
통인초록	food	126.96941	37.58071
통인커뮤니티	food	126.96994	37.58076
통인한약국	shop	126.96947	37.57999
통일마트	activity	126.97992	37.57085
통큰갈비	food	127.00035	37.58371
통큰누이네육회빈대떡	food	127.00135	37.57048
툇마루	food	126.98645	37.57338
툇마루주	food	126.97026	37.57271
투고플리즈	shop	127.01927	37.57177
투다리독립문역점	bar	126.95860	37.57438
투맨	shop	127.00732	37.57070
투바쥬얼리	shop	126.96926	37.57981
투버즈인어트리종로지점	shop	126.97331	37.57897
투썸플레이스	food	126.97618	37.57048
투썸플레이스	cafe	126.98034	37.57291
투썸플레이스	cafe	126.97412	37.57040
투썸플레이스동묘앞역점	cafe	127.01483	37.57310
투썸플레이스서린동청계	cafe	126.97950	37.56940
투썸플레이스종각역점	cafe	126.98539	37.56995
투썸플레이스종로	cafe	126.98955	37.57075
투썸플레이스종로알파빌딩점	food	126.98111	37.56984
투썸플레이스종로평	cafe	126.97790	37.61116
투썸플레이스혜화	cafe	127.00067	37.58534
투썸플레이스혜화대명로점	cafe	127.00108	37.58376
투앤갤러리	shop	126.98484	37.57199
투에스플레이스	food	126.99967	37.57229
투에이비	shop	126.97109	37.57763
투에이치리테일	shop	127.00955	37.57041
투에이치코퍼레이션	food	126.99038	37.57311
투파인드피터혜화점	food	127.00373	37.58161
툰드라여우샵	shop	126.95679	37.57588
툴	bar	126.98931	37.57267
툴럼	shop	126.95812	37.60772
튀튀쿠키	food	126.96886	37.58024
튜브캐스트종로지점	bar	126.97191	37.57959
트라이앵글	shop	126.98123	37.58137
트라토리아연남	food	126.99760	37.57533
트래디업바이더디자이너스	stay	126.98854	37.57330
트래블몬스터	stay	127.00302	37.57145
트러블	shop	126.97553	37.56964
트레블게임즈	activity	126.98662	37.56895
트레블플스방	activity	126.98662	37.56895
트레이드메이커	cafe	126.98090	37.57807
트로피프라퍼티	stay	126.98137	37.58070
트루워크	food	126.97899	37.57391
트리베르	food	126.98276	37.57284
트리플	shop	127.01644	37.57110
트리플에스	shop	127.01644	37.57110
트마리	cafe	126.99158	37.57496
트웰브	shop	127.00302	37.57013
트윈클링종로지점	shop	126.99168	37.57151
튼튼약국	shop	127.00082	37.58412
틈	bar	126.99688	37.58428
틈새골	food	126.99865	37.57144
틈새라면	food	126.98575	37.57687
틈새라면	food	126.99920	37.58312
티	stay	126.99066	37.57112
티니타이거	cafe	126.98000	37.57789
티더블유지티	shop	126.97780	37.57216
티랩제이	cafe	127.00053	37.58136
티로아	cafe	126.98355	37.57447
티뮤지움	shop	126.96090	37.60411
티비에이비	cafe	126.95891	37.59878
티스테이	stay	126.96634	37.58504
티시스엘꾸비또	food	126.97213	37.56964
티시스카페큐브신문로	food	126.97213	37.56964
티아이엔와이	shop	126.98227	37.58007
티앤씨아이엔티	shop	126.99971	37.57012
티앤티	food	126.99767	37.58429
티에스개발로제우스레포츠센터주	activity	126.95770	37.60741
티에이치케이	shop	126.98144	37.57096
티엑스티	cafe	126.98903	37.58286
티엘로	shop	127.00732	37.57070
티엘씨	food	126.97179	37.57327
티오더블유	cafe	126.99046	37.57313
티와이에이	shop	126.97032	37.57782
티제이슈즈	shop	127.01139	37.57045
티젬	shop	126.99228	37.57273
티케롬블리	shop	127.00524	37.58318
티케이씨모바일	shop	127.01253	37.57244
티클	shop	126.96741	37.58420
티테라피	cafe	126.97128	37.58125
티테라피	cafe	126.98355	37.57917
티티	shop	126.98678	37.58241
티파니	activity	127.00325	37.58161
티파니	bar	126.95761	37.60818
티하우스레몬서촌점	cafe	126.97088	37.58017
틴	food	126.97092	37.57757
틴틴탁구장	activity	127.00131	37.58404
틴틴홀	heritage	127.00355	37.58160
팀블룸	shop	126.96882	37.58009
팀선교회생명의말씀사재	shop	126.97224	37.57040
팀씨에스피고씨네플러스	shop	127.00402	37.58122
팀엘이디	shop	126.99671	37.57481
팀트	cafe	126.97159	37.57291
팅커벨	shop	127.00732	37.57070
파가니	shop	126.99316	37.57121
파가니니컴퍼니	shop	126.98179	37.57253
파고다게임랜드	activity	126.98905	37.57123
파고다원룸텔	stay	126.98886	37.56975
파고다테크주	stay	126.98905	37.57123
파고다헬스크럽	activity	126.98974	37.57199
파노라마	food	126.98481	37.57076
파도악기	shop	126.98765	37.57222
파란대문	food	126.96390	37.59479
파란상자	food	126.96759	37.58067
파랑물고기	food	126.97330	37.57342
파랑새	food	126.97215	37.57058
파랑새약국	shop	127.00160	37.58204
파레스	bar	126.98041	37.57142
파루스텔라종로	stay	126.98727	37.56875
파르나스호텔	stay	126.98355	37.57447
파르노에프앤비	food	126.98144	37.57096
파르팩트피스인베스트먼트	shop	127.02202	37.57374
파리바게뜨	food	126.97331	37.57186
파리바게뜨경복궁	food	126.97223	37.57662
파리바게뜨동묘역점	food	127.01543	37.57406
파리바게뜨성대명륜점	food	126.99639	37.58777
파리바게뜨종로구기	food	126.95879	37.60669
파리바게뜨종로세무서점	food	126.98859	37.57422
파리바게뜨카페	food	126.98682	37.57943
파리바게뜨카페마로니에	food	127.00191	37.57849
파리바게뜨평창점	food	126.96666	37.60602
파리바게뜨혜화로타리점	food	127.00067	37.58534
파리바게트독립문역점	food	126.95783	37.57484
파리바게트카페마로니에점	food	127.00191	37.57849
파리바케트	food	127.01157	37.57211
파리지엥퍼퓸	shop	126.98153	37.58623
파리크라상	food	126.97793	37.57096
파리크라상서울대	food	126.99720	37.58046
파리크라상파스쿠찌서울대	cafe	126.99720	37.58046
파머스반브레드	food	126.99011	37.57512
파머스포터에프앤비	bar	126.97891	37.57100
파묵깔레	cafe	126.96749	37.60568
파쇼	bar	126.98905	37.57154
파슈파티	food	127.01186	37.57221
파스쿠찌서울역사박물관점	cafe	126.97107	37.57050
파스쿠찌이화	cafe	127.00185	37.57543
파스쿠찌종로	cafe	126.98681	37.56994
파스타마켓	food	127.00126	37.58208
파스텔리	shop	126.98711	37.57983
파스텔서촌점	cafe	126.96879	37.57874
파우세	cafe	126.96720	37.58233
파이	shop	126.96157	37.57754
파이널나인서울	bar	126.98476	37.56928
파이로크리에이션즈	shop	126.98643	37.56995
파이브앤플러스	shop	127.00213	37.58740
파이키	bar	126.99234	37.57385
파인토이즈	shop	126.96235	37.57086
파작	food	126.98405	37.56895
파전집	food	126.99000	37.57253
파주감악산	food	127.00220	37.58251
파크	bar	126.98875	37.57305
파크닉	cafe	127.00684	37.57411
파툼	cafe	126.98217	37.58321
파트너스	bar	126.98089	37.57211
파트너악기	shop	126.98808	37.57216
파티나	food	126.98842	37.57776
파티나라	food	126.98421	37.57259
파티노래빠	bar	127.02215	37.57374
파티세리아프렘	food	126.97223	37.57261
파티세리아프렘	food	126.97370	37.57136
파티세리후르츠	food	126.97333	37.57882
파티파티	activity	127.00234	37.57024
파틱	food	126.96590	37.58071
파파샌드	food	126.96901	37.60686
파파이스	food	126.97477	37.57049
파파이스	food	126.99852	37.58249
파파존스	food	127.00177	37.57805
파파존스피자	food	126.95604	37.57649
파파존스홍제	food	126.95743	37.60003
파피루스	shop	126.98086	37.57171
파피루스	shop	126.97232	37.57093
파피어프로스트	shop	126.96925	37.58033
파히섬	shop	127.01982	37.57256
판다	shop	127.01520	37.57175
판다김밥	food	126.99489	37.58907
판다푸드	food	127.01167	37.57170
판옥선	food	126.98406	37.56964
판타노	food	127.00608	37.57620
팔	cafe	126.97085	37.57957
팔각도종로	food	126.99168	37.57151
팔구사	shop	126.99328	37.57076
팔덕식당	food	126.98955	37.57075
팔도회집	food	126.99973	37.57214
팔레드서울	shop	126.97323	37.57921
팔마	food	126.96967	37.57771
팔발라	food	126.98062	37.58131
팔색찬란	event	126.97306	37.58255
팔선생	food	126.95712	37.59975
팔오구코리안비스트로	food	127.00084	37.58247
팔오삼	food	126.98513	37.57482
팔판가온루	shop	126.98053	37.58281
팔팔너구리해장	food	127.01104	37.57139
팔팔사	shop	126.99708	37.57235
팔팔이불집	shop	126.99971	37.57012
팔프렐류드	food	126.96027	37.60598
팜그린	shop	127.02230	37.57280
팜네이처	shop	126.97393	37.56980
팜카페앤드전통차	food	126.99123	37.57102
팝에찌	shop	127.01520	37.57175
팝콘	bar	126.98875	37.57305
팡팡	activity	127.01907	37.57374
팡팡노래주점	bar	127.01476	37.57244
팡팡노래주점	bar	126.99254	37.56951
패기	stay	126.96594	37.57953
패니클	shop	127.01682	37.57364
패브릭마스터	shop	127.00732	37.57070
패스뎁	food	126.97331	37.57186
패치스워크클럽	food	127.01613	37.57532
패티바이번	food	126.98179	37.57253
팬시	bar	126.99031	37.57114
팬주얼리	shop	126.99247	37.57074
팰리스모텔	stay	127.00023	37.58395
팻레그동묘	food	127.01518	37.57067
퍼깐	food	127.02286	37.57609
퍼블릭가든	food	126.99969	37.56966
퍼스트보드게임카페	activity	127.00212	37.58289
퍼스트타임	shop	126.99708	37.57235
퍼시픽덕	shop	126.97393	37.56980
퍼지라인스튜디오하이드앤시크	activity	126.98485	37.57420
퍼플레인컴퍼니	stay	126.99989	37.57653
퍼플바바	shop	127.01207	37.58132
퍼플와인셀러	shop	126.97160	37.58035
펀비어킹	bar	127.00353	37.58191
펀식쟁이	food	127.00281	37.58161
펀자비무역	shop	127.00732	37.57070
펀치스낵	food	126.96945	37.57223
펄스맥혜화점	cafe	127.00067	37.58534
펄스악기	shop	126.99019	37.57566
펍앤포차	bar	127.00105	37.58477
페니	shop	126.97028	37.57921
페니워치	shop	126.97393	37.56980
페레	food	126.96511	37.56886
페르시아궁전	food	126.99757	37.58491
페르시안궁전	food	126.99758	37.58496
페르조	shop	127.01509	37.57012
페리카나	food	127.01514	37.57465
페리카나	food	126.98818	37.57354
페리카나	food	126.96475	37.60444
페리카나	food	127.00232	37.57576
페어블라썸	shop	127.00694	37.57767
페어트레이드	shop	126.96940	37.57991
페우관	food	127.01038	37.57213
페이벡커피	cafe	126.97421	37.57364
페이보릿종로	stay	126.96746	37.58106
페이브	food	126.99936	37.58331
페이스	bar	126.99037	37.57268
페이스트	shop	126.98662	37.58077
페이퍼	shop	126.96727	37.60556
페트리코파트너스창경궁점	cafe	127.00460	37.57540
펜로그	shop	127.00569	37.57224
펜션	stay	126.98241	37.58375
펜션	stay	127.02223	37.57416
펠로우쉽	stay	126.97001	37.57989
펠어커피초코	cafe	126.98181	37.57239
펠트	food	126.97891	37.57100
펫마마의집	shop	126.96660	37.60620
펫엘	shop	126.99003	37.56971
펫월드	shop	126.96304	37.59781
펭폰	shop	127.00402	37.58142
편안정	stay	127.00772	37.57202
편안한공간	food	126.99825	37.58296
편안한집	food	126.98332	37.58732
평가옥	food	126.97429	37.57203
평가옥	food	126.98311	37.56916
평안당	activity	127.00220	37.57122
평안도만두집	food	126.97328	37.57274
평야	food	127.00215	37.58374
평양고깃집	food	126.98536	37.57276
평양손칼국수	food	127.00075	37.58663
평원식당	food	127.00526	37.57215
평창동김밥	food	126.96531	37.60507
평창동의봄	food	126.97069	37.61047
평창동추어탕	food	126.96477	37.60445
평창동칼국수	food	126.96361	37.60469
평창아트	shop	126.97492	37.61271
평창육칼	food	126.96696	37.61335
평택상회	shop	126.99091	37.57199
평평창창탁구클럽	activity	126.97545	37.61009
평해옥	food	126.98896	37.57339
평화상회	shop	126.99985	37.57047
평화아이앤씨	shop	127.00655	37.56994
평화와평화	stay	127.00742	37.57735
평화제과	food	126.97094	37.58210
평화포장산업	shop	127.00518	37.56993
포게이츠호스텔	stay	126.98736	37.56990
포나인즈골드	shop	126.99225	37.57296
포니	shop	126.99861	37.56953
포담	food	126.97060	37.57937
포담	food	126.97345	37.57637
포도	shop	127.00146	37.58324
포도나무	food	126.97081	37.57583
포도나무	bar	126.98135	37.57334
포도나무랑	bar	126.98396	37.57540
포도나무베이커리	food	127.02203	37.57643
포도술종로	bar	126.99176	37.57274
포도원삼계탕	food	126.99970	37.58220
포동	food	126.97429	37.57203
포레스트	shop	127.01890	37.57275
포레스트앤코	stay	126.99225	37.57296
포로이대학로	food	127.00403	37.58246
포르스	shop	126.99865	37.57144
포마쉐	shop	126.97279	37.57703
포마이카이	food	126.99444	37.58904
포목샵	shop	126.96075	37.60203
포뮬라아뜰리에	cafe	126.96981	37.57627
포베이동대문종합	food	127.00732	37.57070
포보	food	126.99859	37.58332
포브라더스	food	126.98361	37.57074
포비네공방	shop	126.98488	37.57426
포석정	cafe	127.00023	37.58242
포세트	shop	127.01490	37.57511
포쉬	bar	126.99068	37.57418
포스톤즈	cafe	126.98055	37.57062
포스톤즈	cafe	126.98166	37.58477
포스트디셈버	shop	126.96419	37.59459
포시즌	shop	126.98723	37.57189
포에버서울	stay	127.00557	37.58040
포온즈데이커피로스터스	bar	127.00446	37.57362
포옹남종로	food	126.98879	37.56918
포이타	food	126.96384	37.59224
포일구구이	food	127.00094	37.58429
포장마차	bar	127.01931	37.57355
포지티브인	cafe	126.98355	37.57447
포차	food	126.96101	37.60545
포차	food	126.98931	37.57267
포차야	bar	126.99788	37.58406
포츈갤러리아인	shop	126.98723	37.57252
포카	food	126.98940	37.57618
포케로로경희궁의아침점	food	126.97179	37.57327
포케올데이	food	127.00022	37.58408
포케올데이	food	126.98871	37.56957
포케올데이	food	126.97213	37.56964
포크랜드	food	127.00030	37.58388
포탈라레스토랑	food	126.98866	37.56840
포탈스페이스	activity	126.98471	37.56992
포탈종각	bar	126.98471	37.56992
포터리던	shop	126.96125	37.57416
포터리밈	shop	126.98600	37.57282
포튼가먼트	shop	126.99015	37.57566
포틀서촌스토어	shop	126.96947	37.57937
포항식당	food	126.99123	37.57222
폭스노래주점	bar	127.00492	37.57060
폰드그룹북촌점비비씨어스	shop	126.98233	37.57884
폰드그룹북촌점슈퍼드라이	shop	126.98201	37.57892
폰알케이	shop	127.00191	37.57091
폰알케이	shop	126.99200	37.57114
폰앤드림주	shop	127.01686	37.57354
폴랑	shop	127.01520	37.57175
폴리스	food	126.97891	37.57100
폴링	cafe	126.98817	37.57239
폴바셋	food	126.97902	37.57473
폴바셋광화문디	food	126.97891	37.57100
폴바셋서머셋	cafe	126.98124	37.57502
폴바셋신문로점	cafe	126.97298	37.57135
폴바셋종각역점	cafe	126.98244	37.57112
폴바셋흥국생명점	cafe	126.97213	37.56964
폴인혜화	stay	127.00567	37.58400
폴짐	activity	126.96862	37.57456
폴키	cafe	126.96878	37.57651
폼노래주점	bar	126.97223	37.57662
퐁당	shop	127.01774	37.57111
표갤러리	heritage	126.97085	37.57794
표고	shop	126.98678	37.58241
표화랑	shop	126.97084	37.57790
푸가	cafe	126.97992	37.57085
푸드까페김밥천국	food	126.97992	37.57085
푸드떼	cafe	126.98137	37.57798
푸드카페	food	127.00011	37.58656
푸드플래닝	food	126.98258	37.57183
푸디스트한국금융연	shop	126.98194	37.58602
푸디스트현대계동사옥점	shop	126.98764	37.57802
푸딩다이아	shop	126.98428	37.57667
푸라닭	food	127.00402	37.58122
푸르네과일	shop	126.96880	37.58082
푸른	shop	126.96880	37.58082
푸른고시텔	stay	126.99794	37.57379
푸른꽃	cafe	126.97081	37.57528
푸른마트	shop	126.96053	37.60516
푸른별주막	bar	126.98403	37.57553
푸른소나무약국	shop	126.98179	37.57253
푸른솔농장	shop	126.97164	37.61318
푸쉬앤풀피트니스	activity	126.96976	37.56837
푸얼방장푸얼상사	shop	126.98665	37.57306
푸에르코종로센트로폴리스	food	126.98355	37.57157
푸에스토	shop	126.99877	37.58975
푸오리	food	126.97946	37.57165
푸조스쿠터강북	shop	127.00438	37.57612
푸투라서울	heritage	126.98477	37.58225
푸투엔터	shop	126.98952	37.58192
푸페또클럽	food	126.97145	37.58055
푼크툼	food	126.96880	37.57880
푼크트컴퍼니	shop	126.98144	37.57096
풀리미니호텔	stay	126.99131	37.56993
풀무원푸드앤컬처정부서울청사	food	126.97521	37.57491
풀무원푸드앤컬처한국금융연수원	food	126.98194	37.58602
풀문	cafe	127.02203	37.57643
풀오브빈스느루	cafe	126.97876	37.57948
풀오브파운드	cafe	126.97124	37.57561
풀코스	bar	126.98604	37.57042
풀하우스	stay	126.99952	37.58401
풀향기	food	126.99865	37.57144
풋스올종로	shop	126.97992	37.57085
풍경	stay	126.99721	37.58559
풍경	bar	126.98686	37.57926
풍금	food	126.97152	37.57629
풍기	food	126.99132	37.57475
풍년닭도리탕종각	food	126.98650	37.56906
풍년땅콩과자	shop	127.01229	37.57179
풍년생고기	food	126.99091	37.57327
풍년옥	food	126.97513	37.57139
풍년집	food	126.99091	37.57327
풍농	food	127.00285	37.57672
풍농원예	shop	126.98940	37.57678
풍농원예	shop	127.00285	37.57672
풍농화원	shop	127.00256	37.57557
풍류	food	126.96746	37.58027
풍류사랑	food	126.98620	37.57384
풍면칼국수	food	126.97039	37.58528
풍물도깨비	food	127.01860	37.57414
풍미가	food	126.97073	37.57548
풍원식당	food	127.02283	37.57615
풍월관	food	126.98982	37.57283
풍천손가네민물장어	food	127.01250	37.57257
풍천임금님민물장어	food	126.98891	37.57177
풍천장어	food	127.00461	37.57239
풍황	food	126.97992	37.57085
퓨리골드	shop	126.99726	37.57452
퓨처에이드주	activity	127.01534	37.57462
프라이머리프랙티스	shop	126.96303	37.59405
프라이팬	food	126.99458	37.58901
프라임주얼리	shop	126.99670	37.57085
프라임타임스테이	stay	127.00548	37.58381
프라자쥬얼리	shop	126.99364	37.57076
프라하	activity	126.98635	37.56948
프라하노래연습장	activity	126.98635	37.56948
프랑스루브르바게트	food	126.98144	37.57096
프랑지파니플라워아뜰리에	shop	126.97478	37.61177
프랜즈	bar	126.98886	37.57290
프랜치앤룸	shop	126.98564	37.57340
프랭크버거숭인점	food	127.02095	37.57578
프랭크버거종로평창점	food	126.96667	37.60600
프러스유통	shop	126.99436	37.57026
프레드매스	cafe	126.97059	37.57393
프레드피자	food	126.99692	37.58637
프레리온아이보리페이퍼	shop	127.00626	37.57385
프레스리라이브	bar	126.98879	37.56917
프레시럭숭인점	shop	127.01939	37.57334
프레인글로벌	food	126.97188	37.57154
프렌들리케이크	shop	126.97429	37.57203
프렌즈스테이	stay	127.02226	37.57677
프렌즈율	stay	127.00044	37.58421
프렌치웍스주	shop	126.98113	37.58312
프로그	shop	127.00732	37.57070
프로당구장	activity	126.98526	37.56928
프로당구장	activity	126.98601	37.57630
프로미스	shop	126.98670	37.57042
프로에프앤비	food	126.97902	37.57473
프로젝트스페이스사루비아	shop	126.98237	37.57939
프로젝트스페이스이이엄	shop	126.96785	37.58001
프로젝트홈	shop	126.99618	37.58848
프로푸드	food	126.98601	37.57630
프롬네르	cafe	126.99356	37.59037
프롬하츠커피청계	cafe	126.98362	37.56902
프루스트	shop	126.99985	37.58179
프루티에	cafe	126.95665	37.60104
프리모주얼리	shop	126.99865	37.57144
프리즈커피	cafe	126.98983	37.57420
프리츠	food	126.96067	37.57378
프리츠원서점	food	126.98842	37.57776
프리퀄	bar	126.95807	37.60726
프리트리	bar	127.00045	37.58359
플라비혜화점	shop	127.00464	37.58110
플라쏘	shop	126.98517	37.57245
플라워카페	shop	126.95658	37.60819
플라워푸드	food	127.02180	37.57529
플라워８９８９	shop	126.98278	37.57299
플랑슈	bar	126.97313	37.57377
플랜비원	cafe	126.97256	37.58254
플랜티커피	cafe	126.97316	37.57297
플랫커피	cafe	126.97241	37.57747
플러스보틀	shop	127.00362	37.57165
플러스사무기	shop	126.96083	37.60603
플러스약국	shop	126.98604	37.56988
플러스카페	cafe	127.00251	37.58033
플러스카페	cafe	127.00601	37.57667
플러스카페삼청공원숲속도서관점	cafe	126.98409	37.58798
플럼바고	shop	126.99640	37.58801
플레이	bar	127.02183	37.57661
플레이스	food	126.99202	37.57243
플레이크	food	126.98512	37.56883
플레인브랜드	shop	127.00010	37.58342
플레인브랜드리테일	shop	127.00009	37.58342
플렉스보드게임카페	activity	126.99083	37.57064
플로라에프앤비	food	126.97007	37.58369
플로라카페테리아	food	126.97782	37.57319
플로르원	shop	127.00550	37.57487
플로리스트엠	shop	126.97174	37.57729
플로리안커피	cafe	126.97479	37.57097
플로우	bar	126.99081	37.57434
플로우플로우띵즈	shop	126.98915	37.58304
플롭	food	126.98608	37.57794
플뢰르슈	shop	126.96260	37.57434
플루토	bar	126.97179	37.57327
플루토별주	bar	126.97179	37.57327
플르리플르	shop	126.99075	37.57450
플리즈커피	cafe	126.95556	37.60133
플리토	shop	126.99865	37.57144
플립팡	shop	127.00056	37.57121
피골드	shop	126.99271	37.57210
피그바스켓	food	127.02163	37.57665
피나클컨설팅	shop	126.97177	37.57780
피노샵앤트레이딩주	shop	127.00155	37.58633
피노키오	shop	127.00006	37.57088
피닉스	shop	126.98447	37.57659
피닉스	shop	126.99031	37.57060
피닉스골드	shop	126.99333	37.57158
피디랜드	shop	127.01164	37.57438
피렌체	activity	127.02183	37.57661
피마길낙지실비집	food	126.98026	37.57147
피맛골	food	126.99025	37.57081
피머짐	activity	126.97140	37.57120
피버코인노래연습장	activity	126.98431	37.56940
피부모아	shop	126.99828	37.58559
피비갤러리	shop	126.98316	37.58698
피스풀종로	stay	126.96221	37.57577
피시스토리	activity	127.02202	37.57423
피아노스타서부지사	shop	126.96461	37.57992
피아이씨비	food	126.95860	37.57438
피아티	shop	126.99261	37.57020
피얼스	cafe	126.99698	37.58815
피에몬테	bar	126.97495	37.57145
피에이티	shop	127.00428	37.57078
피에프티	shop	127.01072	37.57513
피엔티	shop	127.02120	37.57372
피오나	shop	127.00229	37.56994
피오피정보통신	shop	126.99312	37.58722
피올라스테이	stay	127.02169	37.57743
피유	cafe	126.97059	37.57874
피자스쿨동묘앞역점	food	127.01596	37.57453
피자스쿨서울성대점	food	126.99779	37.58418
피자피자	food	126.99614	37.57497
피자헛	food	126.96511	37.56776
피제리아호키포키	food	126.97437	37.57036
피제이피	shop	126.97724	37.61223
피카디리	cafe	126.99123	37.57102
피카디리갤러리카페	cafe	126.99123	37.57102
피카로드	food	126.99123	37.57102
피카소	shop	126.99279	37.57075
피카소	shop	126.98687	37.57042
피카소모텔	stay	126.98997	37.57128
피카커플링	shop	126.99302	37.57075
피케이엠가든레스토랑	food	126.98007	37.58410
피케이엠갤러리	shop	126.98007	37.58410
피콜로파라다이스	shop	127.02244	37.57277
피크	bar	126.99130	37.57144
피터캣	stay	126.98959	37.57509
피터폴메리	food	126.98627	37.56947
피트	food	126.97115	37.57417
피티루트	activity	126.96901	37.60686
피티루트구기동점	activity	126.95830	37.60668
피티루트부암동점	activity	126.96183	37.59781
피티에반하다	activity	127.01609	37.57272
피포스테이	stay	126.99372	37.58711
피플	bar	127.00468	37.57078
피플	shop	126.98376	37.57037
피플커피숍	cafe	126.98925	37.56959
피플하이	food	126.97069	37.57170
픽미픽미아이스크림종로신영점	shop	126.96000	37.60548
필라라	shop	126.98604	37.56988
필립컴퍼니	shop	126.98765	37.57222
필매헌	stay	126.96994	37.57725
필빈티지	shop	127.01943	37.57249
필소굿캘리	activity	126.98367	37.57490
필와이	shop	127.00022	37.58408
필운동주	bar	126.96924	37.57765
필인유	cafe	126.97333	37.57537
필트럼	shop	127.00401	37.58340
핍스퀵	shop	126.98777	37.58276
핏앤핏	shop	127.00006	37.57088
핏어팻	cafe	127.00028	37.58594
핏제리아오	food	127.00433	37.58209
핏제리아파르코	food	127.00348	37.58316
핏하우스런	activity	126.97316	37.57297
핑곰이	food	126.99143	37.57227
핑콩	cafe	126.97397	37.57652
핑크나무	shop	127.01067	37.57006
핑크뮬리	shop	126.98531	37.57058
핑크빌	stay	126.98495	37.56906
핑크츄러스	food	126.95517	37.60410
핑크펄	shop	127.00401	37.58218
핑클노래바	bar	127.00340	37.57079
하	cafe	127.00804	37.57155
하나	shop	127.01160	37.57620
하나노래방	activity	127.00009	37.58342
하나데이즈종로	stay	126.98085	37.57191
하나로갤러리	shop	126.98646	37.57204
하나로스시	food	126.96858	37.57465
하나로회관	food	126.98540	37.57210
하나마토대학로혜화점	bar	127.00091	37.58462
하나마트	shop	127.01019	37.57593
하나면옥	food	126.99390	37.57005
하나상사	shop	126.98046	37.57341
하나아트갤러리	heritage	126.98529	37.57392
하나엔지니어링	shop	127.01371	37.57275
하나원컴퍼니	cafe	127.00552	37.57285
하나이엠에스	stay	127.00333	37.57147
하나장	stay	127.02227	37.57402
하나재료	shop	126.99817	37.57487
하나주단	shop	127.00955	37.57041
하나쥬얼부티크	shop	126.97179	37.57327
하남돼지집	food	126.97427	37.57248
하남아시안마트	shop	127.01081	37.57230
하노크북촌	stay	126.98385	37.58165
하녹	food	126.98960	37.57593
하녹운	stay	126.99004	37.57598
하녹하녹	stay	126.97172	37.57682
하누소	food	126.98734	37.57299
하누크종로	stay	127.00530	37.57977
하눅	food	126.98658	37.56966
하늘	food	126.96373	37.59614
하늘담	stay	126.96854	37.57737
하늘미소	shop	126.99937	37.57041
하늘보기	shop	127.00163	37.58675
하늘소실크	shop	126.99984	37.56979
하늘아래바람	cafe	126.99958	37.58191
하늘악기	shop	126.98765	37.57222
하늘약국	shop	126.97992	37.57084
하늘은	shop	126.99321	37.57248
하늘장식	shop	127.00732	37.57070
하늘정원	bar	126.99076	37.57152
하늘테크	shop	126.98472	37.57048
하늬마을나무	shop	126.98414	37.58169
하니상사	shop	127.00041	37.57063
하동우렁추어탕	food	127.01072	37.57126
하동집	food	126.98800	37.57221
하디	shop	127.01513	37.57842
하디하우스	shop	126.98654	37.57916
하라컴퍼니사이에	shop	126.98316	37.58698
하랑	shop	126.98652	37.57043
하랑갤러리	shop	126.96562	37.59417
하렌	shop	126.98214	37.58120
하루	food	126.96867	37.57654
하루	food	126.98678	37.58294
하루	food	126.97298	37.57135
하루	bar	127.00176	37.57150
하루골드	shop	126.99211	37.57149
하루방	shop	127.02179	37.57414
하루스테이	stay	127.01321	37.57149
하루에	food	126.97331	37.57186
하루온도	food	127.00059	37.58187
하루온도	bar	127.00264	37.57545
하루작업실	shop	127.00509	37.57721
하리보초밥	food	127.00468	37.57721
하림각	food	126.96217	37.59728
하림호프	bar	127.01502	37.57255
하마비	cafe	126.97368	37.57638
하마씨어터	heritage	127.00278	37.58227
하모니마트	shop	126.98421	37.57259
하모니악기무역	shop	126.98765	37.57222
하베스트	shop	127.02120	37.57372
하복당	cafe	126.98179	37.57253
하비갤러리	shop	126.98484	37.57199
하얀고래종각	food	126.98472	37.57048
하여재	stay	126.98571	37.57866
하연재	stay	126.98751	37.58262
하영	shop	127.00732	37.57070
하영사	shop	127.00199	37.57011
하영슈퍼	shop	127.00380	37.57056
하예라	shop	126.98377	37.57512
하예아트	shop	126.96520	37.61349
하오리	food	126.97992	37.57085
하우경복궁역점	cafe	126.97333	37.57537
하우마라탕	food	126.98851	37.56956
하우스갤러리겸	shop	126.96476	37.61359
하우스다북촌	stay	126.98837	37.58276
하우스다삼청동	stay	126.98271	37.58505
하우스다인사동	stay	126.98385	37.57522
하우스다종각	stay	126.98739	37.56948
하우스다종로	stay	126.98739	37.56948
하우스마당	stay	127.01651	37.57570
하우스북촌	stay	126.98663	37.58064
하우스서촌	stay	126.97056	37.57790
하우스안현	food	126.97091	37.58065
하우스오브블루	bar	126.97085	37.57957
하우스오손종묘점	stay	127.00282	37.57167
하우애니	shop	126.98670	37.58057
하우종로	cafe	126.99203	37.57043
하은재	stay	126.97128	37.58194
하이드	bar	126.98918	37.57107
하이드어웨이광장시	shop	126.99971	37.57012
하이디라오대학로점	food	127.00203	37.58424
하이라이트	shop	127.00732	37.57070
하이루	food	126.99461	37.58911
하이서울타이	food	127.01497	37.57084
하이스테이종로	stay	126.98650	37.56906
하이얀	stay	127.01362	37.57758
하이웨스트익선	food	126.99068	37.57313
하이제씨	food	127.00504	37.57991
하이청양목장	shop	126.95993	37.57285
하이축산물	shop	127.01544	37.57529
하이컬러	shop	126.98488	37.57426
하이컴퍼니	shop	126.95812	37.57468
하이트클래스	bar	126.97277	37.57664
하진식당	bar	127.01615	37.57520
하쿠하루	shop	127.00758	37.57320
하트약국	shop	127.00215	37.58270
하티스트	shop	126.98657	37.57321
하티하티하우스	food	126.98463	37.57713
하프레스트호스텔	stay	126.98840	37.57229
하프커피로스터스	cafe	126.98683	37.58098
학고재	shop	126.96507	37.59245
학고재	heritage	126.98022	37.58030
학고재아트센터	shop	126.98046	37.58025
학교매점	shop	126.98794	37.58158
학다방호프	bar	127.00365	37.57129
학림	cafe	127.00165	37.58185
학림커피	cafe	127.00168	37.58193
학림커피	cafe	127.00062	37.58151
학민재	stay	126.98429	37.58270
학산광화	shop	126.97902	37.57473
학산테라로사커피국립현대미술관지점서울관	shop	126.98009	37.57863
학성악기	shop	126.98765	37.57222
한가람	shop	126.99710	37.57098
한가로움	stay	126.98136	37.58696
한강	food	126.98551	37.57348
한강갤러리	shop	126.98655	37.57384
한강기획	shop	126.99170	37.57007
한강사	shop	127.01855	37.57198
한강장식	shop	127.00809	37.57082
한강치킨	food	126.97083	37.57472
한과미의식안녕인	shop	126.98355	37.57447
한광사	shop	126.99810	37.56984
한국경제서적정부간행물전시관	shop	126.96905	37.58088
한국공예관	shop	126.98551	37.57348
한국관	food	126.99696	37.58643
한국관광명품점	shop	126.98536	37.57276
한국교육학교수협의회	shop	126.98858	37.57234
한국금다이아몬드	shop	126.99656	37.57092
한국기물상사	shop	126.99971	37.57012
한국기원	activity	126.98920	37.57196
한국리즈엔코	shop	126.97235	37.57921
한국문화공간	shop	126.98431	37.56899
한국미술관	heritage	126.98727	37.57195
한국미술연구센터	shop	126.98655	37.57384
한국밀봉원	shop	127.02302	37.57658
한국방송통신대학교소비자생활협동조합	shop	127.00328	37.57919
한국보청기주	shop	126.99286	37.57021
한국사찰음식문화체험관	activity	126.98383	37.57604
한국산악	shop	127.00317	37.57032
한국산업금거래소	shop	126.99123	37.57102
한국상품거래소	shop	126.98179	37.57253
한국색동박물관	heritage	126.99209	37.57389
한국생화유통	shop	126.97990	37.57415
한국소방공사	shop	126.98978	37.56939
한국소비자생활협동조합연합회	shop	126.97360	37.57446
한국송이산삼	shop	126.98652	37.57295
한국스리랑카문화교류협의회사업부	shop	126.98276	37.57284
한국여성평생교육회	food	127.00403	37.58246
한국여자소프트테니스연맹	activity	126.96232	37.59250
한국역사문화학교	activity	126.97092	37.57581
한국원예종묘	shop	127.00627	37.57234
한국웨딩주얼리	shop	126.99160	37.57177
한국유경아트연구원	shop	127.00006	37.57088
한국의상도연	shop	127.00288	37.57051
한국자격관리개발원	shop	127.00213	37.58740
한국전자	shop	126.98790	37.57276
한국전통포장연구소보자기꽃	shop	126.97062	37.57836
한국종합상사	shop	126.99114	37.56985
한국주단	shop	127.00955	37.57041
한국초밥	food	126.95857	37.59994
한국태극금거래소	shop	126.99127	37.57066
한국통닭	food	126.98942	37.57108
한국통닭	food	127.01154	37.57167
한국통닭	food	127.01867	37.57362
한국통닭오리바베큐	food	127.01846	37.57356
한국파파존스	food	126.96237	37.57080
한국포토마트	shop	126.99174	37.57135
한국표준다이아몬드	shop	126.99227	37.57075
한국표준매입센타	shop	126.99227	37.57075
한권	activity	127.01886	37.57207
한그릇	food	126.98193	37.58750
한글전각미술관	shop	126.98584	37.57559
한끼든든마싯는끼니	food	126.99954	37.59029
한남동그집	bar	126.97563	37.57121
한남북엇국안녕인	food	126.98355	37.57447
한도	food	126.99084	37.56929
한독약국	shop	127.00444	37.58058
한돌참치	food	127.00117	37.58480
한라의집	food	126.97539	37.57137
한라주단	shop	126.99971	37.57012
한마당	food	126.97936	37.57534
한마루	food	126.97992	37.57085
한마루주	shop	126.98331	37.57493
한마음보청기	shop	126.98046	37.57103
한마음에프앤씨이디야커피	cafe	127.00226	37.57059
한뫼촌	food	126.98559	37.57901
한미문구	shop	126.99904	37.58297
한미문구알파	shop	127.01807	37.57397
한미문화사	shop	126.96818	37.57767
한미보청기	shop	126.98517	37.56991
한미옥	food	126.99023	37.57552
한민국	food	127.00552	37.57065
한민식품주	shop	127.01528	37.57253
한방삼계탕	food	126.97441	37.57136
한베트남중소기업교류협회	food	126.97115	37.57417
한벽원미술관	heritage	126.98156	37.58288
한별쥬얼리	shop	126.98980	37.57057
한보금거래소	shop	126.99201	37.57197
한복공방란	shop	126.99989	37.57057
한복나라	shop	127.00732	37.57070
한복나래솔	shop	127.00161	37.57058
한복남	shop	126.98188	37.58030
한복다비다명주	shop	126.99865	37.57144
한복데이	shop	126.97400	37.57662
한복마루	shop	127.00071	37.57129
한복마을	shop	126.98529	37.58109
한복식당	food	126.97196	37.57673
한복짓는복나비	shop	126.97156	37.58165
한복창	shop	126.99865	37.57144
한비８호	shop	127.00046	37.56983
한빛솔루션	shop	127.00063	37.57276
한빛주단	shop	127.00732	37.57070
한사발포차	food	126.98675	37.56878
한사발포차혜화점	food	127.00066	37.58304
한살림북서울소비자생활협동조합평창매장	shop	126.96901	37.60686
한샘혜화명륜	shop	127.01496	37.58021
한생연융합교육과학관	heritage	126.99684	37.58928
한서차문화	shop	126.98114	37.57771
한성당필방	shop	126.98665	37.57306
한성본가	food	126.99941	37.58970
한성아트홀	heritage	126.99995	37.58375
한성양꼬치	food	126.98428	37.56971
한성옥	food	126.97957	37.57224
한성의료기	shop	127.00101	37.57117
한성이미용기구	shop	127.00743	37.57133
한세서각	shop	126.98544	37.57403
한소리보청기청각언어센터	shop	126.97186	37.57878
한솔	food	126.98138	37.56934
한솔악기	shop	126.98765	37.57222
한솔정보통신	shop	127.00925	37.57719
한솔주얼리	shop	126.99865	37.57144
한솥	food	127.00769	37.57251
한솥도시락	food	127.00195	37.57823
한솥도시락신설동점	food	127.02281	37.57403
한솥밥	food	126.97429	37.57203
한솥성균관대앞점	food	126.99732	37.58500
한술식당	food	127.00014	37.58205
한스마켓	shop	126.99486	37.57313
한스케익경희궁	food	126.96163	37.57172
한스테이	stay	127.01327	37.57059
한스하우스	stay	127.01400	37.57957
한스하우스	stay	126.97045	37.57747
한신포차관철점	bar	126.98526	37.56928
한쌈족보	food	126.98968	37.56918
한아름송이	shop	127.00014	37.58205
한아름종묘사	shop	126.99894	37.57056
한양	food	126.98972	37.57466
한양국수돈삼오	food	127.01090	37.57119
한양도성박물관	heritage	127.00851	37.57286
한양모사	shop	127.00732	37.57070
한양제철	shop	126.98988	37.57001
한양중식	food	126.98361	37.57074
한양화랑	shop	126.98487	37.57392
한연당	food	126.97007	37.57291
한영	shop	126.99708	37.57235
한옥	cafe	126.98480	37.57460
한옥갈비	food	127.00555	37.57052
한옥달	food	126.97199	37.57692
한옥란갤러리	shop	126.98499	37.57728
한옥랑솜익선동카페	cafe	126.98982	37.57321
한옥서울	stay	127.01167	37.57242
한옥서울커피	cafe	126.99012	37.57328
한옥스테이가인	stay	126.96720	37.58128
한옥스테이션	stay	126.98711	37.58244
한옥스테이소요	stay	126.98615	37.58225
한옥시루	stay	126.96757	37.58026
한옥재노	stay	126.98640	37.58125
한옥재동	stay	126.98583	37.57898
한옥제이드	stay	126.99207	37.57400
한옥집	food	127.00019	37.57183
한옥집	food	126.97404	37.57277
한옥테크	stay	127.00266	37.58430
한옥파스타	food	126.98542	37.57475
한옥하우스	stay	126.98661	37.58067
한올커텐	shop	127.00955	37.57041
한와담블랙센트로폴리스점	food	126.98355	37.57157
한와담센트로폴리스	shop	126.98355	37.57157
한용당	shop	126.98573	37.57434
한우리악기	shop	126.98765	37.57222
한우방	food	127.02263	37.57637
한우식구	food	127.00405	37.58004
한우야시장	food	127.00296	37.57634
한우향기	food	126.95603	37.61240
한울레지던스	stay	126.98385	37.56916
한울마루	shop	127.00148	37.57085
한이서울	food	126.97427	37.57248
한이전자오르간	shop	127.00162	37.57293
한일	bar	126.99176	37.57123
한일	food	126.97886	37.56982
한일	activity	126.99975	37.57143
한일관	food	126.97902	37.57473
한일관	food	126.99119	37.57142
한일관서울라이트디	food	126.97199	37.56871
한일기업	shop	126.99381	37.57025
한일당구장	activity	126.99946	37.57236
한일당구장파티	activity	127.00554	37.57048
한일미싱	shop	127.01056	37.57353
한일사	shop	127.00170	37.57027
한일상회	shop	126.99971	37.57012
한일식당	food	126.99114	37.56985
한일옥	food	126.98968	37.56954
한일인쇄문구	shop	127.00633	37.57073
한일장옥상별관	food	126.98969	37.56955
한입가득	food	126.99535	37.58842
한잔더	bar	126.99512	37.58584
한지가헌	heritage	126.98440	37.57954
한지마트	shop	126.98684	37.57338
한지사랑	shop	126.98723	37.57189
한지추억	shop	126.98578	37.57317
한진	shop	127.01933	37.57210
한진상회	shop	126.99971	37.57012
한티공방	shop	126.98338	37.57515
한평여관	stay	126.98501	37.56970
한형배주얼리	shop	126.99865	37.57144
한혜경의료기	shop	126.98153	37.58674
한화랑	shop	126.98388	37.57395
한화푸드테크유동	food	126.99919	37.57233
한화호텔앤드리조트	stay	126.98892	37.57681
한흥상회	shop	127.00466	37.57006
한흥장모텔	stay	126.98455	37.57484
할랄식품질할브로스	food	126.97891	37.57100
할렐루야악기	shop	126.98765	37.57222
할로	shop	127.00732	37.57070
할리스독립문역점	cafe	126.95860	37.57438
할리스엘지리테일주	cafe	126.97158	37.56927
할리스종각역점	cafe	126.98416	37.56993
할리스청계천점	cafe	126.98659	37.56854
할리스커피대명	cafe	127.00108	37.58376
할리스커피서울대	cafe	126.99720	37.58046
할리스커피세	cafe	126.97626	37.57068
할리스커피센터포인트점	cafe	126.97436	37.57298
할리스커피종로	cafe	126.98681	37.56994
할리스커피종로코리안리빌딩점	cafe	126.98046	37.57341
할매국수	food	126.99261	37.57009
할매집	food	126.97144	37.57567
할머니갑사	shop	126.99967	37.57048
할머니곱창	food	127.00458	37.57024
할머니순대국	food	126.98765	37.57222
할머니종합가판점	shop	127.00609	37.57078
할머니칼국수	food	126.99079	37.57284
함남집	food	127.00517	37.57044
함박식당	food	126.96905	37.57741
함박웃음순대국	food	126.98802	37.57239
함박웃음식당	food	127.00419	37.58056
함박집	food	126.97331	37.57186
함지박순대	food	127.01966	37.57344
함지박주단	shop	127.00955	37.57041
함춘약국	shop	127.00182	37.57959
함평각	stay	127.00005	37.58173
함한옥스테이	stay	126.98713	37.58249
함흥곰보냉면	food	126.99746	37.57211
함흥면옥	food	127.00119	37.57945
합	bar	126.97359	37.57634
합동매점	cafe	127.00732	37.57070
합심	bar	126.96511	37.56879
합천돼지국밥	shop	126.98798	37.57204
핫브레드혜화역점	food	127.00197	37.58180
핫플노래연습장	activity	126.98564	37.56966
항상감자탕	food	126.98965	37.57076
항아리수제비	food	126.98523	37.57306
해광에이치엠	stay	126.99091	37.57135
해광컴퍼니	shop	126.98098	37.58159
해남정	food	126.98179	37.57253
해늘	food	126.98858	37.57234
해늘종로생골뱅이	food	127.00169	37.57133
해동채플린화원	shop	127.00193	37.58348
해뜰날곱창	food	127.02089	37.57506
해뜰날포장마차	bar	127.00512	37.57061
해랑	shop	126.99839	37.57144
해리앤리차드	shop	126.99710	37.57098
해리젬	shop	126.99253	37.57102
해마	cafe	127.00161	37.58640
해목경복궁	food	126.97200	37.57842
해몽	food	126.98642	37.57222
해물데이트	food	126.97057	37.57489
해물사령부	food	127.00008	37.57236
해물상회	food	126.99819	37.57349
해물솥밥모랑오피시아점	food	126.97488	37.56973
해밀톤셔츠	shop	126.98472	37.57048
해바라기겔러리	shop	126.98725	37.57371
해바라기악기사	shop	126.98765	37.57222
해변마을과싱싱해물나라	food	126.98495	37.56906
해비치호텔앤드리조트	food	126.98365	37.57149
해비치호텔앤드리조트그랑서울라운지	stay	126.98144	37.57096
해성	shop	127.01056	37.57353
해성꼼장어	food	126.96058	37.57298
해성악기사	shop	126.98765	37.57222
해솔스테이	stay	126.99760	37.58303
해솔주단	shop	126.99967	37.57048
해송	shop	126.99786	37.56975
해아원	stay	126.98332	37.58290
해오름축산	shop	127.00545	37.57084
해온서울	stay	126.99131	37.57534
해와	stay	127.00110	37.57455
해와달고미술품	shop	126.98705	37.57395
해왕수족관	shop	127.01623	37.57022
해우수산전복마을	food	126.96171	37.60195
해운대	food	126.99053	37.57270
해원	shop	126.99865	37.57144
해원주얼리	shop	126.99865	37.57144
해인옥션	shop	126.98626	37.57434
해일로	cafe	127.01542	37.57026
해정국수	food	127.01966	37.57401
해주집	food	127.00452	37.57061
해천어부	food	126.98917	37.57293
해천횟집	food	127.01082	37.57332
해피나우커피	cafe	126.96511	37.56879
해피뉴라이프	shop	126.96597	37.60550
해피니스	food	126.99969	37.58243
해피랜드	shop	127.00955	37.57041
해피반미	food	127.01147	37.57324
해피복권방	activity	126.95909	37.59974
해피스쿨	shop	126.98913	37.57511
해피스테이	stay	127.01761	37.57290
해피유머리스트	food	126.99780	37.57376
해피쥬얼리	shop	126.99256	37.57112
해피테일스클럽	shop	126.96764	37.58045
해피트리	shop	126.96552	37.56839
해피하우스	stay	126.99193	37.57006
해피하우스	shop	127.00732	37.57070
해화개반대학로	food	127.00356	37.58160
핵밥	food	127.00073	37.58173
핸드폰할인마트	shop	126.98531	37.57058
핸디캡블랙	activity	126.97992	37.57085
핸즈마켓	shop	127.00352	37.58072
햇살약국	shop	126.97128	37.58125
행남수예	shop	127.00955	37.57041
행복가구용품	shop	127.02186	37.57680
행복로또	activity	126.95879	37.60723
행복마트	shop	126.99708	37.57235
행복식탁	food	126.98138	37.56934
행복은간장밥	food	126.99880	37.58331
행복의료기	shop	127.00571	37.57084
행복이가득한한복	shop	127.00955	37.57041
행복집	food	126.96000	37.60623
행복커피	cafe	127.01550	37.57838
행복키움카페점	food	126.99474	37.57003
행복하면돼지	food	127.01520	37.57457
행복하우스	stay	127.01072	37.57565
행복한	food	126.98225	37.57846
행복한가게	shop	127.00732	37.57070
행복한결정	stay	126.98051	37.57783
행복한밥상	food	127.01679	37.57372
행복한식공간주	food	126.98201	37.58631
행복한식탁	food	126.97316	37.57297
행복한집	food	126.98905	37.57123
행복한집	bar	126.99027	37.57266
행복한콩이야기	food	126.98882	37.56923
행아웃	bar	126.99031	37.57355
행운	food	127.00281	37.58415
행운	activity	127.01760	37.57302
행운골드	shop	126.99046	37.57008
행운골드	shop	126.99123	37.57102
행운드림	activity	126.99532	37.58845
행운모터스주	shop	127.00985	37.57183
행운복권마트	activity	127.01587	37.57531
행운약국	shop	127.00036	37.58324
행운이엔지	shop	127.01077	37.57459
행촌담배점	shop	126.95998	37.57313
향교나주곰탕	food	126.98645	37.57338
향기갤러리	shop	126.98391	37.57704
향기베이커리	food	127.01058	37.57304
향기에반하다	shop	127.00122	37.57066
향나무세구루	food	126.98217	37.58421
향낭	shop	127.00276	37.58750
향미	shop	127.00955	37.57041
향미정	food	126.97070	37.57478
향연	food	126.97071	37.57534
향염채단	shop	126.99919	37.57045
향운	stay	126.98593	37.58303
향정	food	126.98408	37.57429
향토	food	126.97313	37.57377
허그	bar	126.99083	37.57358
허니떡볶이	food	126.97618	37.57048
허니웰드림	shop	126.99123	37.57102
허밍버드	food	126.97332	37.57846
허브	stay	127.00410	37.57226
허브	shop	126.99175	37.57115
허브하우스	stay	127.00005	37.58456
허서방네	food	127.01476	37.57244
허쉬	bar	126.99127	37.57273
허스밴즈	food	126.98073	37.58139
허주얼리	shop	126.99226	37.57316
허파집	food	126.98877	37.57165
헌법재판소전시관	heritage	126.98470	37.57753
헝그리서울	bar	126.98440	37.57520
헤라	bar	127.01589	37.57248
헤라	shop	127.01975	37.57186
헤라주	shop	126.99865	37.57144
헤라큐	shop	126.99031	37.57060
헤라클레스	bar	126.98918	37.57107
헤레나	shop	126.99708	37.57235
헤르만의정원	cafe	126.96845	37.58158
헤르만의정원	cafe	126.97891	37.57100
헤르츠	stay	126.98893	37.57275
헤르츠호텔	stay	126.98893	37.57275
헤리티지클럽	cafe	126.99247	37.57379
헤비스테이크	food	126.99930	37.58300
헤비스테이크	food	126.97956	37.57237
헤비스테이크안국역점	food	126.98637	37.57739
헤쎄드	shop	126.98994	37.57184
헤이델리	food	126.96649	37.58068
헤이븐	cafe	126.97140	37.58076
헤이븐스테이종로	stay	126.98085	37.57191
헤이스윗	food	127.00572	37.58055
헤이커피	cafe	127.00061	37.58203
헤이홈	stay	126.97066	37.57668
헬라스커피	cafe	127.00162	37.57293
헬렌	shop	127.00732	37.57070
헬렌앤제이갤러리서울	shop	126.98104	37.58289
헬로김코디	shop	127.01640	37.57299
헬로베트남	food	127.01084	37.57083
헬로서울	stay	127.01619	37.57820
헬로오스틴	food	126.96759	37.60701
헬로우	shop	126.98513	37.57659
헬로우서촌	stay	126.97041	37.57893
헬로우전자담배	shop	126.99959	37.58291
헬로월드종로	stay	127.01292	37.57273
헬로인	stay	126.98962	37.57180
헬로호스텔	stay	126.99196	37.56895
헬리오	shop	127.00555	37.57844
헬스브로	shop	126.99524	37.56929
헬키푸키	food	126.98512	37.56883
헵타	shop	126.98210	37.58741
현궁	food	126.97899	37.57391
현닭매운탕	food	126.98660	37.57811
현대	shop	127.00732	37.57070
현대	shop	126.99339	37.57076
현대건설본사	food	126.98764	37.57802
현대골드	shop	126.99316	37.57075
현대골드	shop	126.99202	37.57177
현대구내안경	shop	126.98764	37.57802
현대구내안경원	shop	126.98764	37.57802
현대금은	shop	126.99328	37.57076
현대기획	shop	126.98939	37.57120
현대꽃나라	shop	127.00077	37.57621
현대내츄럴타운	shop	127.00443	37.57212
현대녹음기	shop	126.99708	37.57235
현대매듭	shop	126.99708	37.57235
현대문구	shop	126.96127	37.60364
현대문구사	shop	126.99328	37.57076
현대사	shop	126.98341	37.57220
현대슈퍼	shop	127.00533	37.57040
현대안경	shop	126.97333	37.57537
현대약국	shop	126.96157	37.57477
현대양행	shop	127.01900	37.57178
현대양행	shop	126.99524	37.56929
현대엔지니어링베이커리	food	126.98764	37.57802
현대여인숙	stay	127.01150	37.57094
현대옥	food	126.97566	37.57112
현대온누리약국	shop	126.98764	37.57802
현대원서공원	nature	126.98856	37.57823
현대음향	shop	126.98946	37.57100
현대전기	shop	127.01543	37.57438
현대전기	shop	126.98662	37.57959
현대정육점	shop	127.00919	37.57776
현대정육점	shop	126.97087	37.58075
현대주단	shop	127.00955	37.57041
현대주물럭	food	126.97514	37.57112
현대침구	shop	127.00955	37.57041
현대한방사	shop	127.00541	37.57130
현대화랑주	shop	126.97986	37.57665
현미네	food	127.00495	37.57023
현미누릉지	food	127.02212	37.57598
현숙사	shop	126.99874	37.56993
현악사	shop	126.97497	37.57137
현윤스페이스	stay	127.01446	37.57123
현음악기	shop	126.98765	37.57222
현정사	shop	126.99801	37.56982
현조	food	126.98428	37.57484
현조당	shop	126.98647	37.57319
현주얼리	shop	126.99708	37.57235
현현독일주택지점	bar	127.00054	37.58299
현현오무사지점	bar	126.96756	37.58218
협성안경	shop	126.99298	37.57016
협신상사	shop	126.99937	37.57041
협우커텐	shop	127.00732	37.57070
형	food	126.99055	37.57093
형국이네	food	126.99794	37.58419
형제구제	shop	127.01774	37.57111
형제기원	activity	126.98941	37.57142
형제냉면	food	127.01117	37.57384
형제네고기마을	food	126.97330	37.57342
형제들투도어펀	food	126.99989	37.58306
형제마켓	shop	126.97111	37.57956
형제상회	shop	126.99971	37.57012
형제섬유	shop	127.00732	37.57070
형제식당	food	127.00548	37.57025
형제악기사	shop	126.98765	37.57222
형제오토바이	shop	127.01497	37.57084
형제육회	food	127.00003	37.57061
형제전기	shop	127.00450	37.58324
형제정육점	shop	127.00638	37.57309
형준	food	126.97538	37.57148
형통커피	cafe	127.01006	37.57006
혜火화	food	127.00014	37.58302
혜당	shop	126.98488	37.57426
혜민공방	shop	126.98513	37.57659
혜성	food	126.98637	37.57426
혜성당구클럽	activity	126.98985	37.57075
혜성슈퍼	shop	127.00112	37.57133
혜성종합주방	shop	127.00324	37.57028
혜원골드	shop	126.99245	37.57240
혜인	shop	126.98617	37.57275
혜진난원	shop	127.00649	37.57173
혜풍당	shop	126.98617	37.57275
혜화가마솥소머리순대국밥	food	127.00110	37.58633
혜화갤러리아트	stay	126.99726	37.58814
혜화곱창	food	127.00065	37.58269
혜화네스트스테이	stay	126.99769	37.58313
혜화더힐	stay	127.00601	37.58358
혜화도담	food	127.00044	37.58303
혜화돌쇠아저씨	food	127.00135	37.58281
혜화동돈까스혼가츠	food	127.00026	37.58342
혜화동버거	food	127.00472	37.58113
혜화동순대국	food	127.00028	37.58594
혜화동슈퍼	shop	127.00531	37.58056
혜화동아뜰리에	shop	126.99988	37.58823
혜화동열두달	food	126.99908	37.58261
혜화동콩집	cafe	127.00155	37.58633
혜화랑	bar	127.00279	37.58429
혜화마루회전초밥	food	127.00108	37.58246
혜화몰트	food	127.00267	37.58416
혜화문구	shop	126.99950	37.58341
혜화문명동스테이	stay	127.00549	37.58327
혜화비앤비	stay	127.00567	37.58102
혜화사잇집	food	126.99725	37.58413
혜화수산	food	127.00005	37.58456
혜화수약국	shop	126.99852	37.58249
혜화술비	food	127.00248	37.58413
혜화스테이	stay	127.00588	37.58024
혜화스테이	stay	127.00002	37.59023
혜화안심한우	shop	127.00029	37.58679
혜화약국	shop	127.00052	37.58649
혜화여관	stay	126.99958	37.58223
혜화정	food	127.00473	37.58101
혜화정원	shop	126.99891	37.58967
혜화쭈왕쭈꾸미	food	127.00054	37.58311
혜화칼국수	food	127.00150	37.58656
혜화플라워니스테이	stay	127.00622	37.58004
혜화필리핀마켓	shop	127.00170	37.58431
혜화헤이든힐즈	stay	127.00498	37.58410
호	food	126.99101	37.56858
호가양꼬치	food	126.98076	37.57285
호감분식	food	127.02163	37.57665
호경당바이버틀러리	stay	126.97133	37.57742
호금	bar	126.95658	37.60819
호남선	food	126.99090	37.57301
호남식당	food	127.01611	37.57481
호남집	food	127.00635	37.57021
호남집	food	127.00160	37.57028
호남집	food	127.00478	37.57033
호라파	food	126.97110	37.57939
호랑주택	stay	126.96958	37.57874
호랭이뼈다귀	food	127.01313	37.57205
호로록	cafe	127.01526	37.57406
호로록꼬치	food	126.99244	37.57251
호림스시	food	126.96631	37.60679
호면정	food	126.98139	37.56939
호명관광	cafe	126.99253	37.57102
호미관	food	126.98046	37.57103
호미당홍콩빵태국커피	cafe	126.96947	37.57690
호박	bar	127.00492	37.57060
호박갤러리	shop	126.98624	37.57320
호박패밀리	food	126.97317	37.56980
호반	food	126.98913	37.57330
호반	food	126.98179	37.57253
호산나	shop	126.98765	37.57222
호산나꽃신	shop	127.00006	37.57088
호산필방	shop	126.98646	37.57204
호센	food	126.96858	37.57465
호수약국	shop	126.98047	37.57256
호순이순대국	food	127.00496	37.57049
호스텔	stay	126.99028	37.57608
호스텔	stay	127.02046	37.57555
호스텔서울	stay	127.02233	37.57840
호스텔익선	stay	126.99093	37.57392
호스텔클로이	stay	126.98859	37.56874
호스텔토미	stay	126.99119	37.57442
호시보시스타필드에비뉴그랑서울	food	126.98144	37.57096
호시탐탐광장	food	127.00103	37.56991
호심	shop	126.98488	37.57968
호아드	food	126.98121	37.57822
호야	food	126.96488	37.56798
호야반점	food	126.95848	37.57522
호영쥬얼리	shop	126.99123	37.57102
호올스하우스	cafe	127.00832	37.57638
호요모리	shop	126.97034	37.58555
호이식종로안국	food	126.98630	37.57779
호전다실	activity	126.97044	37.57980
호천재	bar	126.96566	37.58311
호커피	cafe	127.01055	37.57339
호텔가온	stay	127.01194	37.57155
호텔가온골든파크	stay	127.01459	37.57089
호텔그랜드유통	stay	126.99075	37.56861
호텔그림	stay	126.98959	37.57223
호텔노래타운	bar	127.01035	37.57085
호텔노바	stay	126.98947	37.57221
호텔누누	stay	126.98985	37.57099
호텔더메이	stay	126.98957	37.57199
호텔동양장	stay	127.01777	37.57284
호텔라붐	stay	126.98960	37.57150
호텔라와	stay	126.98917	37.57228
호텔리안주	stay	126.99098	37.56913
호텔뮤제	shop	126.96112	37.57215
호텔스타	stay	126.99007	37.57154
호텔썬비	stay	126.98478	37.57308
호텔야자	stay	126.98893	37.57309
호텔어라이브서울플	stay	126.99925	37.57267
호텔엘루나	stay	126.99776	37.58279
호텔월하여관	stay	126.99093	37.57642
호텔일성	stay	127.01193	37.57129
호텔제로	stay	126.99686	37.57458
호텔컬리넌	stay	126.98939	37.57195
호텔케이월드청계	stay	126.99117	37.56923
호텔큐비	stay	127.01344	37.57186
호텔파이종로	stay	126.99953	37.57421
호텔팝리즈프리미어	stay	126.99021	37.57103
호텔프렌즈	stay	126.98843	37.56854
호텔화	stay	127.01229	37.57135
호프마당	bar	127.01749	37.57310
호호미역	food	126.97992	37.57085
호호미역경희궁	food	126.97215	37.57058
호호식당익선	food	126.99056	37.57305
혼다라멘	food	127.00732	37.57070
혼또카레	food	126.99756	37.58467
혼밥의신	food	126.98179	37.57253
혼수	shop	127.00955	37.57041
혼수방	shop	126.99971	37.57012
홀	bar	126.98977	37.57436
홀리스타카페리옹	cafe	126.97992	37.57085
홀릭	cafe	126.99717	37.58433
홈보이서울	food	126.97315	37.57620
홈스테드	cafe	127.00370	37.58096
홈어브로드	stay	127.00174	37.58919
홈오브하이	food	126.97198	37.57935
홈푸드스토리	food	127.02280	37.57758
홍가네	food	127.00542	37.58058
홍곱창	food	126.99666	37.58435
홍금식당	food	127.01524	37.57692
홍대개미삼청동	food	126.98200	37.58242
홍두께손칼국수	food	127.01104	37.57139
홍레	stay	127.01968	37.57528
홍루이젠경희궁	food	126.96304	37.57008
홍림	shop	127.01250	37.57087
홍만당	food	127.00353	37.58191
홍민생등심	food	126.99776	37.57421
홍백집	food	127.00532	37.57050
홍백화방	shop	126.98368	37.57552
홍보석	shop	126.99865	37.57144
홍복성	food	126.98179	37.57253
홍성원	food	126.98253	37.57232
홍성한약방	shop	127.00392	37.57277
홍순두부	food	126.99462	37.58929
홍스게스트하우스	stay	127.01018	37.57612
홍신원	food	126.97316	37.57297
홍어가막걸리를만났을때	bar	126.98406	37.57547
홍어랑민어랑	food	126.98837	37.57356
홍어마을	food	126.98111	37.57186
홍원내자가전랜드주	shop	126.97238	37.57764
홍원재동점	shop	126.98573	37.57810
홍익녹즙	shop	127.00574	37.57335
홍차오	food	126.97992	37.57085
홍천식당	food	126.99882	37.57039
홍카페	cafe	126.97429	37.57203
홍콩가	bar	126.98878	37.57209
홍콩밀크컴퍼니	food	127.01145	37.57785
홍콩반점	food	127.01879	37.57150
홍핏	activity	126.97190	37.57628
홍화족발빈대떡	food	126.98474	37.57054
화니	shop	127.00543	37.57583
화돌농장	food	126.99982	37.57193
화동일번지	stay	126.98240	37.58018
화동침구	shop	126.98396	37.57690
화동커피	cafe	126.98226	37.57930
화려한정원	shop	126.99865	37.57144
화로담	food	126.97477	37.57106
화로흑돈돈	food	126.99017	37.57084
화목	food	126.97473	37.57120
화문서적	shop	126.98236	37.57289
화산	food	126.97198	37.57729
화성라이팅	shop	127.00358	37.57435
화성상회	shop	126.99971	37.57012
화성의류	shop	127.01623	37.57022
화신꽃농원	shop	126.97007	37.56857
화신씨앗	shop	127.00679	37.57204
화양연화	food	126.98670	37.58057
화연재	stay	126.98214	37.58120
화요일	shop	126.99062	37.57640
화원	food	126.98603	37.57390
화원	shop	126.98523	37.57306
화원김충희프라자	shop	126.97479	37.57097
화월음	bar	126.98625	37.57210
화이트골드	shop	126.99979	37.58738
화이트버튼	cafe	127.00173	37.57031
화이트쥬얼리	shop	126.99865	37.57144
화인레지던스	stay	126.98867	37.56975
화장품소매업	shop	127.01098	37.57239
화장품하우스	shop	126.97021	37.58076
화전골	food	126.99732	37.58407
화정박물관	heritage	126.96590	37.60469
화창인삼사	shop	126.99975	37.57143
화통본가	food	126.99135	37.57005
화평동왕냉면	food	126.99975	37.57167
화플러스	shop	126.98267	37.57263
화화	bar	126.98953	37.57108
화화담대학로	food	126.99984	37.58250
환경운동연합에코생활협동조합	shop	126.96911	37.57810
환기미술관	heritage	126.96613	37.59410
환기재단재	shop	126.96612	37.59409
환생갤러리	shop	126.98731	37.57352
환식당	food	126.99754	37.58391
환이식당	cafe	126.96206	37.57143
환파동치유	shop	126.99682	37.58660
환희	food	127.00031	37.58291
활짝핀메밀	food	126.97163	37.57937
황궁	bar	126.98937	37.56874
황금골드	shop	126.99186	37.57233
황금골드	shop	126.99208	37.57160
황금노방	shop	126.99989	37.57057
황금당	shop	126.99726	37.56932
황금떡방	food	127.02108	37.57502
황금똥빵	food	127.00162	37.57293
황금모이집	bar	126.96974	37.57678
황금별큐빅나라	shop	126.99190	37.57204
황금상사	shop	127.01939	37.57270
황금실크	shop	126.99989	37.57057
황금연못	shop	126.98687	37.57247
황금열차	activity	127.00362	37.57146
황금정	food	126.97026	37.57675
황금정	food	126.97421	37.57257
황금코다리	food	126.97217	37.57932
황기순손칼국수	food	126.99803	37.56998
황남	food	126.97330	37.57342
황남주택	food	126.98229	37.58452
황남쫀드기	food	126.98225	37.57912
황산중국샤브	food	126.98179	37.57253
황생가	food	126.98066	37.58008
황생가에프앤비	food	126.98066	37.58008
황생가칼국수	food	126.98062	37.58004
황생가칼국수종로	food	126.98361	37.57074
황석	shop	126.99865	37.57144
황선생	food	127.00052	37.58334
황소고집	food	126.98604	37.56857
황소집	food	126.99462	37.57015
황소집	food	127.01896	37.57346
황실	shop	127.00041	37.57063
황실체험관리	shop	127.01694	37.57378
황씨네대가추어탕	food	126.98179	37.57253
황씨네커피집	cafe	126.99164	37.57284
황악산약초상회	shop	127.01984	37.57456
황여사김밥	food	127.01545	37.57366
황제	bar	127.01313	37.57205
황제건강물산	shop	127.00609	37.57078
황제라사	shop	126.99783	37.56912
황태구이다래	food	126.97133	37.57554
황태해장국	food	126.98835	37.57217
황태해장국	food	126.99711	37.57322
황토골	food	126.99168	37.57151
황토방원룸텔	stay	127.02065	37.57501
황학물산	shop	127.02097	37.57365
황학정	heritage	126.96510	37.57710
황해집	food	127.01058	37.57070
황후	shop	126.99123	37.57102
황후궁	food	126.98934	37.56916
회기버거경희궁	food	126.96511	37.56886
회랑연어랑	food	126.98618	37.56907
회포	food	126.97507	37.57107
회화나무	bar	126.98912	37.57910
회화당	shop	126.98351	37.58225
횟집산이네	food	126.97460	37.57087
효담원떡창신점	food	127.01338	37.57215
효도치킨	food	126.97107	37.57463
효동스타지오네	food	126.97119	37.57135
효모이야기	food	126.96901	37.60686
효성약국	shop	127.01030	37.57586
효성주얼리시티일리아스	shop	126.99865	37.57144
효오커피	cafe	127.00369	37.57253
효은당	shop	126.98314	37.57424
효자김밥	food	126.97021	37.58076
효자동닭꼬치	food	126.96997	37.58063
효자동로또	activity	126.97111	37.57956
효자동목고기	food	126.98859	37.56897
효자동밥상	food	126.97110	37.58160
효자동초밥	food	126.97243	37.57737
효자바베	food	126.97013	37.57682
효자베이커리	food	126.96866	37.58094
효자분식	food	126.96909	37.58385
효자스테이	stay	126.97349	37.57880
효자왕족발	food	126.97127	37.57880
효자카페	cafe	126.96843	37.58084
효재네뜰	shop	126.98183	37.58630
효제	food	127.00252	37.57572
효제김밥	food	127.00396	37.57228
효제동소머리국밥	food	127.00635	37.57165
효제동조림집	food	127.00370	37.57274
효제루	food	127.00220	37.57268
효제옥	food	127.00618	37.57265
효제주물럭	food	127.00393	37.57311
효제청국장	food	127.00164	37.57417
효지침구	shop	127.00199	37.57011
효창부채	shop	126.98488	37.57426
후니도니	food	126.97992	37.57085
후니드서울치대병원카페혜화점	food	126.99720	37.58046
후니드에스케이건설점	food	126.98433	37.57307
후라토	food	126.97429	37.57203
후라토식당혜화점	food	127.00425	37.57999
후레쉬엎	food	126.97115	37.57417
후스테이블	food	126.98816	37.57965
후야	shop	127.01769	37.57278
후야스테이	stay	126.99399	37.59066
후와후와	food	126.99994	37.57198
후토루	food	127.00044	37.58233
후후라운지	cafe	126.96631	37.58081
훅트포케	food	126.97488	37.56973
훈	bar	126.98908	37.57239
훈이네밥상	food	126.97331	37.57186
휘가온	stay	126.97068	37.57789
휘림	stay	126.98559	37.56945
휘스튜디오	shop	127.00573	37.58362
휘찬산업	stay	126.98892	37.57681
휘텔레콤	shop	127.02133	37.57502
휘트니스피플우먼동묘앞역점	activity	127.01483	37.57310
휴대폰성지	shop	126.99614	37.58723
휴대폰성지사자폰혜화점	shop	127.00028	37.58594
휴대폰성지일타폰	shop	127.01600	37.57405
휴대폰성지청년폰	shop	126.97992	37.57085
휴대폰성지휴대폰맛집창신점	shop	127.01074	37.57339
휴맥	shop	126.97397	37.57652
휴스테이	stay	127.01063	37.57727
휴식	cafe	126.97910	37.56941
흐꺙	shop	126.97163	37.57938
흐린세상건너기	cafe	126.98518	37.57486
흐엉관	food	127.01069	37.57215
흐흐스테이	stay	127.01145	37.57447
흑궁흑염소	food	126.97313	37.57377
흑돼지두루치기	food	126.97992	37.57085
흑주	shop	126.99340	37.57016
흥남부두	food	126.97378	37.57323
흥부	bar	126.99202	37.57243
흥부가	food	126.99079	37.56990
흥부골숯불돼지갈비	food	127.01049	37.57350
흥부네사랑채	food	127.01987	37.57353
흥부랑제비랑	food	126.98544	37.57109
흥신사이언스	shop	126.99874	37.56993
흥인지문	heritage	127.00972	37.57122
흥인지문공원	heritage	127.00908	37.57193
흥진옥	food	126.98027	37.57140
흥화	shop	127.01451	37.57291
흥화통신	shop	127.01451	37.57291
희	shop	126.98663	37.58170
희갤러리	bar	126.98662	37.57424
희래성	food	126.99050	37.57446
희망상회	shop	126.99027	37.57266
희망약국	shop	127.00152	37.57588
희수	shop	127.00743	37.57133
희스토리푸드	food	127.00307	37.58330
희원	food	126.98760	37.57927
희원	shop	126.98637	37.57453
희진전기	shop	126.99838	37.57384
희훈	bar	127.01557	37.57121
흰수염고래하우스	stay	127.00452	37.58209
히든아워	bar	127.00131	37.57010
히든잼동묘	stay	127.01611	37.57556
히든커피	cafe	126.97473	37.57120
히든패브릭	shop	127.00508	37.57671
히메시야	food	126.99994	37.58196
히메카츠	food	127.00084	37.58478
히바치광	food	126.96085	37.60458
히스펍	food	126.99234	37.57385
히어로	bar	126.99130	37.57138
히어링메딕스종로센터	shop	126.99113	37.57008
히어링컨설팅	shop	127.00176	37.57248
히어링허브보청기종로센터	shop	126.97992	37.57085
히츠	shop	127.00049	37.57451
히타토제면소	food	126.97111	37.57845
히트커피로스터스센트로폴리스	bar	126.98355	37.57157
힐릭스아러스	shop	126.97992	37.57085
힐링	activity	126.99251	37.56939
힐링	activity	126.98993	37.57057
힐링노래연습장	activity	126.98430	37.56915
힐링스테이	stay	127.00858	37.57841
힐링약국	shop	126.98046	37.57103
힐링인	stay	127.01223	37.57912
힐링하우스휴	stay	127.00821	37.57585
힐제이	stay	127.00902	37.57839
힘내개커피	cafe	126.99768	37.57403
힙피어경복궁록	stay	126.96647	37.58042
힙피어경복궁의달	stay	126.96647	37.58042
힙피어궁중모란	stay	126.96993	37.57896
힙피어한옥보다	stay	126.96993	37.57896
힛더밥	food	126.98253	37.57232
＂미＂갈매기살전문	food	126.99108	37.57301
２１세기플라워	shop	126.98861	37.57537
５가로또레드탑	shop	127.00235	37.57076
９번지해장국	food	126.99952	37.59005
㈜러쉬코리아 대학로점	shop	127.00010	37.58320
가톨릭대학교 성신교정도서관	heritage	127.00434	37.58596
감사의 정원	nature	126.97648	37.57331
개성만두 궁	food	126.98543	37.57432
갤러리 라메르	heritage	126.98487	37.57258
갤러리 미즈	heritage	126.98622	37.57561
갤러리 비앤에스	heritage	126.96194	37.59800
갤러리 시몬	heritage	126.97325	37.57805
갤러리 엠	heritage	126.98695	37.57427
갤러리 우림	heritage	126.98592	37.57422
갤러리 현대	heritage	126.97983	37.57732
거울한옥 미러룸	cafe	126.98112	37.58005
견지동 불교용품거리	shop	126.98199	37.57448
경복궁 별빛야행	event	126.97672	37.57603
경복궁 생과방	event	126.97672	37.57603
경희궁 숭정전	heritage	126.96799	37.57177
경희궁 흥화문	heritage	126.97078	37.56990
고궁의 아침	food	126.99757	37.57646
고디바 광화문점	shop	126.97634	37.57061
골드리아 종로본점	shop	126.99163	37.57297
공공한옥 밤마실	event	126.98671	37.57905
광무대 목요풍류	event	127.00811	37.57087
광장시장 한복매장	shop	126.99807	37.57024
광주요 북촌점	shop	126.98351	37.58347
광화문 마켓	event	126.97678	37.57168
광화문 세종클럽	food	126.97405	37.57283
교보문고 광화문점	shop	126.97793	37.57096
국가유산진흥원 창덕궁상품관	shop	126.98971	37.57887
국립현대미술관 서울	heritage	126.98000	37.57865
국악공연 진연	event	126.98565	37.57287
그라운드시소 서촌	heritage	126.97292	37.57784
그랑핸드 가회점	shop	126.98326	37.58345
그래인스쿠키 북촌점	shop	126.98351	37.58210
극단 대학로극장	heritage	127.00255	37.57654
금강제화 종로지점	shop	126.98652	37.57043
기기국 번사창	heritage	126.98276	37.58663
김인태 김해김	shop	126.98030	37.58404
김현관 북촌펜드로잉	heritage	126.98212	37.58258
김현주 갤러리	heritage	126.98098	37.58350
까시나 삼청	shop	126.98098	37.58000
낙원 생활문화축제	event	126.98803	37.57283
낙원 악기상가	shop	126.98803	37.57283
낙원동 포장마차거리	heritage	126.98910	37.57264
네이처컬렉션 광화문	shop	126.97630	37.57052
네파 종로점	shop	127.00233	37.57065
노블관광호텔 인사동	stay	126.98967	37.57669
노스페이스 대학로점	shop	127.00365	37.58228
누구나 세종썸머페스티벌	event	126.97684	37.57223
뉴발란스 대학로점	shop	127.00148	37.58311
다보성 갤러리	heritage	126.98653	37.57526
다이소 경복궁역점	shop	126.97286	37.57638
다이소 대학로점	shop	127.00195	37.58359
다이소 동대문점	shop	127.00998	37.57028
다이소 동묘점	shop	127.01600	37.57406
다이소 종로본점	shop	126.98736	37.56990
다이소 혜화점	shop	126.99871	37.58331
다자연 게스트하우스	stay	126.99184	37.57395
닥터마틴 삼청점	shop	126.98196	37.58013
달 카페	cafe	126.98203	37.58378
대포찜닭 대학로	food	127.00089	37.58191
대학천 책방거리	shop	127.00650	37.57071
대한민국 전통연희축제	event	126.97468	37.58398
더 모먼트	stay	126.97062	37.57749
더 우리곱창	food	127.00443	37.57022
더 한옥	cafe	126.98673	37.58071
더샘 인사동점	shop	126.98670	37.57197
도마 유즈라멘	food	126.98647	37.57787
도쿄앤펄 서울본점	shop	126.99124	37.57292
동대문종합시장 액세서리상가	shop	127.00734	37.57097
동대문종합시장 한복상가	shop	127.00734	37.57097
동덕여자대학교 공연예술센터	heritage	127.00335	37.58371
두가헌 레스토랑	food	126.97980	37.57730
두레 국립현대미술관서울점	food	126.97989	37.57854
디타워 광화문	shop	126.97893	37.57105
런던베이글뮤지엄 안국	cafe	126.98620	37.57917
로우로우 광장시장점	shop	126.99980	37.57012
로이드 대학로	shop	126.99990	37.58312
만리지화 본점	food	126.97892	37.57100
메모리스테이 효자	stay	126.97102	37.58274
메튜장 안국	shop	126.98342	37.57591
멜팅샵 치즈룸	food	126.97891	37.57099
목인박물관 목석원	heritage	126.96331	37.58907
뮤지엄 김치간	activity	126.98487	37.57355
뮤지엄한미 삼청	heritage	126.98088	37.58828
뮤직컴플렉스 서울	cafe	126.98357	37.57452
미니골드 종각점	shop	126.98633	37.56995
미페이스트리 별관	shop	126.97074	37.57933
민영환 자결터	heritage	126.98418	37.57191
바라캇 서울	heritage	126.98065	37.58086
바버샵 베스티스	shop	126.97205	37.58013
박가네 빈대떡	food	127.00084	37.57054
복합한옥공간 곳	stay	126.98737	37.57975
부암동 계열사	food	126.96561	37.59288
부암동 몽유도원	cafe	126.96271	37.59416
북악산 숙정문	heritage	126.98111	37.59555
북악스카이 팔각정	nature	126.98056	37.60203
북촌 게스트하우스	stay	126.98568	37.57863
북촌 한옥청	etc	126.98565	37.58272
북촌의 날	event	126.98629	37.57913
북촌전통발효공방 빚담	activity	126.98550	37.58235
북촌한옥마을 감고당길	heritage	126.98242	37.57795
블랙야크 종로	shop	127.00384	37.56995
비건카페 달냥	cafe	126.99911	37.58952
빠네파스타 종로	food	126.97099	37.57839
산마루 놀이터	activity	127.01235	37.57569
삼일 금룡	food	126.98717	37.56865
삼형제쭈꾸미 대학로	food	127.00434	37.58137
상명대학교 박물관	heritage	126.97631	37.61040
샤오바오우육면 종로본점	food	126.98664	37.56914
서울 경교장	heritage	126.96861	37.56818
서울 경모궁지	heritage	126.99901	37.58040
서울 동관왕묘	heritage	127.01842	37.57271
서울 우정총국	heritage	126.98272	37.57437
서울 운현궁	heritage	126.98714	37.57646
서울대학교 치의학박물관	heritage	127.00190	37.58020
서울대학교병원 의학박물관	heritage	126.99720	37.58045
서울라이트 광화문	event	126.97678	37.57168
서울생활문화센터 체부	etc	126.97149	37.57671
서울시립 미술아카이브	heritage	126.97223	37.60790
서울아트센터 도암홀·도암갤러리	heritage	126.96894	37.60619
서울앤호텔 동대문	stay	127.02085	37.57338
서울특별시교육청 어린이도서관	heritage	126.96872	37.57585
서울특별시교육청 정독도서관	heritage	126.98324	37.57976
서울특별시교육청 종로도서관	heritage	126.96647	37.57645
서울한양도성 백악구간	activity	126.96650	37.59260
석파정 서울미술관	heritage	126.96276	37.59482
성경만두요리전문점 종로	food	126.98975	37.56897
성균관 명륜당	heritage	126.99572	37.58615
성균관대학교 인문사회과학캠퍼스박물관	heritage	126.99696	37.58496
세검정 터	heritage	126.95972	37.60095
세라제화 대학로	shop	127.00164	37.58229
세종대왕 동상	heritage	126.97692	37.57295
세종마을 음식문화거리	heritage	126.97108	37.57657
세종이야기 충무공이야기	heritage	126.97684	37.57223
소금집델리 안국	food	126.98623	37.57946
소소한 풍경	food	126.96598	37.59360
수라간 시식공감	event	126.97672	37.57603
수문장 교대의식	event	126.97671	37.58013
수하동 그랑서울	food	126.98150	37.57106
순대실록 대학로본점	food	127.00359	37.58302
슈마커플러스 대학로점	shop	127.00096	37.58338
스테이 어플로트	stay	126.97278	37.57872
스테이 희와	stay	126.99804	37.58926
스튜디오 흐린	shop	126.97187	37.57722
슬로우스테디클럽 삼청	shop	126.98847	37.57715
아디다스 북촌헤리티지스토어	shop	126.98218	37.57990
아름다운 차박물관	heritage	126.98584	37.57231
아시안쿠진 경복궁점	food	126.97196	37.57652
아시테지 국제여름축제	event	127.00387	37.58324
아크테릭스 종로점	shop	127.00355	37.57052
아키비스트 서촌	cafe	126.97269	37.58227
아트박스 대학로	shop	127.00038	37.58355
아트사이드 갤러리	heritage	126.97294	37.57827
안녕브릭샌드 인사동점	cafe	126.98357	37.57452
앙니드 공이안	stay	126.98149	37.58163
어니언 안국	cafe	126.98669	37.57757
어둠속의대화 북촌점	heritage	126.98482	37.58332
엉클스 대학로	food	127.00408	37.58128
엔티엘 갤러리	shop	126.97223	37.58064
엘 샌드위치	food	126.98176	37.57506
여인숙 깔마	stay	126.96913	37.58049
열린송현 녹지광장	nature	126.98140	37.57660
영풍문고 종각종로본점	shop	126.98220	37.56972
예작 쥬얼리	shop	126.99215	37.57136
오렌즈 광화문점	shop	126.98171	37.57206
오렌즈 종로점	shop	126.98713	37.57044
오리지날 백패커스	stay	127.01255	37.57249
오브젝트 삼청점	shop	126.98458	37.57954
오설록 현대미술관	shop	126.97990	37.57860
오팩토리 인사점	shop	126.98582	37.57414
오후정 대학로	food	127.00375	37.58103
올리바인 스파	activity	126.95759	37.57576
올리브영 경복궁역점	shop	126.97214	37.57692
올리브영 대학로점	shop	126.99852	37.58306
올리브영 대학로중앙점	shop	127.00207	37.58398
올리브영 독립문점	shop	126.96235	37.57086
올리브영 동묘앞역점	shop	127.01626	37.57292
올리브영 세종로점	shop	126.97627	37.57068
올리브영 스타필드애비뉴그랑서울점	shop	126.98144	37.57096
올리브영 종각점	shop	126.98428	37.57044
올리브영 종로점	shop	126.98604	37.56988
올리브영 종로평창점	shop	126.96678	37.60580
올리브영 혜화역점	shop	127.00225	37.58219
올리브영 홍대대학로점	shop	127.00145	37.57656
와펜하우스 인사동점	shop	126.98677	37.57252
우물집 창신점	food	127.00993	37.57971
우정약국 종로	shop	126.99988	37.57058
웰컴대학로 페스티벌	event	127.00239	37.58057
위라이드 서울전차	activity	126.97994	37.57090
유심사 터	heritage	126.98700	37.58145
은나무 삼청동점	shop	126.98222	37.57880
이니스프리 대학로	shop	126.99901	37.58275
이도림 블로트커피	cafe	126.97108	37.57993
이리자 한복전시관	heritage	126.97995	37.57762
이새 인사점	shop	126.98594	37.57342
이새 창덕궁점	shop	126.98857	37.57946
이솝 삼청	shop	126.98050	37.58093
이솝 서촌	shop	126.97176	37.57927
이태리문 대학로	food	127.00319	37.58278
익선동 그집	food	126.98944	37.57402
익선동 한옥거리	heritage	126.99014	37.57377
익선동 한옥거리	heritage	126.98978	37.57347
인사 나들이	shop	126.98395	37.57461
인사동 옥정	food	126.98508	37.57487
인사동 촌	food	126.98512	37.57499
인왕산 국사당	heritage	126.95953	37.57887
인왕산 대충유원지	cafe	126.96882	37.58009
인왕산 숲속쉼터	etc	126.96210	37.58679
일품진진수라 광화문점	food	126.98056	37.57062
잉크 하우스	shop	126.97093	37.57628
잘빠진메밀 서촌	food	126.97108	37.57982
잘빠진메밀 익선	food	126.99152	37.57410
장수촌 풍천장어	food	126.98706	37.56936
장수하늘소 인사점	food	126.98561	37.57386
잭아저씨족발보쌈 종로본점	food	126.98495	37.56946
전남세계관광문화대전 선포식	event	126.97678	37.57168
정관장 광화문	shop	126.97076	37.57450
정관장 동대문시장	shop	127.00573	37.57089
정관장 종각역	shop	126.98254	37.57224
정관장 종각역본점	shop	126.98257	37.57231
정돈 대학로본점	food	127.00111	37.58187
정순왕후 문화제	event	127.01813	37.57758
정월대보름 한마당	event	126.97886	37.58198
제로스페이스 북촌점	shop	126.98468	37.57903
종로 무계원	heritage	126.96277	37.59487
종로 성혜헌	stay	127.01737	37.57301
종로구립 박노수미술관	heritage	126.96682	37.58132
종묘 묘현례	event	126.99513	37.57098
주식회사 투바앤	shop	126.97187	37.57070
진원조 닭한마리	food	127.00588	37.57046
차돌박힌쭈꾸미 종로	food	126.98494	37.56914
창경궁 대온실	nature	126.99645	37.57888
창경궁 명정전	heritage	126.99645	37.57888
창경궁 야연	event	126.99645	37.57888
창경궁 홍화문	heritage	126.99646	37.57893
창덕궁 낙선재	heritage	126.99025	37.57770
창덕궁 다래나무	nature	126.98923	37.58645
창덕궁 달빛기행	event	126.99023	37.57765
창덕궁 소극장	heritage	126.99777	37.58248
창덕궁 약다방	event	126.99025	37.57770
창덕궁 인정문	heritage	126.99118	37.57880
창덕궁 향나무	nature	126.98945	37.57923
창신동매운족발 본점	food	127.01153	37.57307
채석장 전망대	heritage	127.01161	37.57831
채식요리전문점 오세계향	food	126.98527	37.57468
천도교 중앙대교당	heritage	126.98651	37.57521
청계 조명기구상가	shop	126.99544	37.56714
청수당 베이커리	cafe	126.98977	37.57396
청와대 사랑채	heritage	126.97257	37.58240
청와대 앞길	heritage	126.97375	37.58349
청와대 야간개방	event	126.97468	37.58398
청와대 전망대	heritage	126.97502	37.59065
청와대 팔도유람	event	126.97468	37.58398
케이디티 다이아몬드	shop	126.99086	37.57085
콩콩이 그림가게	shop	126.98357	37.57452
타넬로 북촌점	shop	126.98443	37.57944
탑골공원 팔각정	heritage	126.98862	37.57055
탑텐 대학로점	shop	127.00225	37.58219
템플스테이 홍보관	heritage	126.98317	37.57388
통의동 국빈관	food	126.97382	37.57663
통인시장 일맥상통맥주축제	event	126.96996	37.58082
파주감악산 대학로	food	127.00221	37.58258
팔러 베스티스	shop	126.97285	37.57928
팜 시티	etc	126.96810	37.57295
퍼퓸그라피 혜화	shop	127.00283	37.58248
평창동 북악정	food	126.97773	37.61129
포인트투파이브세컨드 북촌	shop	126.98329	37.57918
폴인팬케이크 대학로	cafe	127.00283	37.58370
픽스굿 갤러리	heritage	126.96570	37.60815
하모니마트 인사	shop	126.98423	37.57264
하이드앤시크 쌈지길점	activity	126.98485	37.57425
하이엔드코리아 안국	shop	126.98387	37.57553
한국금거래소 종로본점	shop	126.99192	37.57015
한국문화재재단 버들마루	shop	126.97878	37.57954
한복남 경복궁점	activity	126.97332	37.57629
한복남 북촌점	activity	126.98474	37.57985
한복남 창덕궁점	activity	126.99067	37.57618
한복남 프리미엄점	activity	126.97323	37.57640
한식문화공간 이음	heritage	126.98585	37.57840
한옥에세이 서촌	stay	126.96840	37.57867
한일관 광화문	food	126.97904	37.57478
핫트랙스 광화문점	shop	126.97800	37.57100
해칭룸 서촌	shop	126.97270	37.57932
헤트라스 안국	shop	126.98682	37.57943
혜화 양육관	food	127.00082	37.58260
호스텔 하루	stay	126.98429	37.56899
호호식당 대학로	food	127.00003	37.58190
홈플러스익스프레스 광화문	shop	126.97478	37.57054
갤러리 더 스퀘어	cafe	126.98701	37.58297
경복궁에 맛있는 부엌	food	126.97025	37.57625
국립민속박물관과 국립민속박물관 어린이박물관	activity	126.97889	37.58168
꽁뜨와 드 미라벨	shop	126.97180	37.58014
낙원동 아구찜 거리	heritage	126.98829	37.57318
남산봉수의식 등 전통문화행사	event	126.98368	37.56977
다니엘트루스 퍼퓸하우스 삼청	shop	126.98157	37.58193
다이나믹 메이즈 인사동	activity	126.98724	37.57194
더소가 카페 서촌	cafe	126.96880	37.57996
독립선언문 배부 터	heritage	126.98651	37.57521
라 카페 갤러리	cafe	126.97303	37.57929
라인프렌즈 스퀘어 인사동	shop	126.98355	37.57447
마이클 바이 해비치	food	126.98367	37.57155
므스크 안테나 숍	shop	126.97196	37.57993
북촌 설화수의 집	shop	126.98486	37.58102
사찰음식 전문점 발우공양	food	126.98318	37.57393
삼청동 코리아 게스트하우스	stay	126.98203	37.58211
서울 관상감 관천대	heritage	126.98801	37.57778
서울 문묘와 성균관	heritage	126.99671	37.58549
서울 아시테지 겨울축제	event	127.00373	37.58211
서울 원조할머니 기름떡볶이	food	126.97022	37.58066
서울 한양도성 순성길	activity	126.95830	37.58180
설화수의 집 북촌	shop	126.98486	37.58102
세인트제임스 부티크 삼청	shop	126.98189	37.58233
스미스가 좋아하는 한옥	food	126.98005	37.57803
스테이 데이 오프	stay	126.97122	37.57731
아라리오 갤러리 서울	heritage	126.98851	37.57787
아라리오뮤지엄 인 스페이스	heritage	126.98846	37.57771
에베레스트 레스토랑 동대문본점	food	127.01250	37.57257
예린당 바이 버틀러리	stay	126.97044	37.57828
오라카이 대학로 호텔	stay	126.99873	37.57562
오라카이 인사동 스위츠	stay	126.98736	37.57306
오설록 티하우스 북촌점	cafe	126.98459	37.58107
온유헌 바이 버틀러리	stay	126.98749	37.58161
운현궁 운수대통 설맞이	event	126.98683	37.57582
유준당 바이 버틀러리	stay	126.98731	37.58211
윤동주 하숙집 터	heritage	126.96569	37.58150
의정부지 상설 전통문화행사	event	126.97839	37.57462
인사동 문화의 거리	shop	126.98502	37.57395
인왕산 더숲 초소책방	cafe	126.96428	37.58595
인왕산 무무대 전망대	nature	126.96397	37.58401
정조대왕 능행차 공동재현	event	126.97672	37.57603
종로 어디나 스테이지	event	126.97632	37.57206
종로 청계 관광특구	activity	126.97911	37.56941
종묘제례악 야간 공연	event	126.99515	37.57104
창경궁 야간 상시관람	event	126.99451	37.58080
충무공 이순신 동상	heritage	126.97692	37.57105
탬버린즈 삼청 플래그십스토어	shop	126.98226	37.57937
평창동 미술관 거리	heritage	126.97574	37.61224
플리츠마마 이웃 광장시장점	shop	127.00121	37.56985
플리츠마마 이웃 삼청점	shop	126.98180	37.57984
필운동 홍건익 가옥	heritage	126.96888	37.57792
한양을 찾아온 보부상	event	126.97684	37.57223
한옥 게스트하우스 동촌재	stay	126.96986	37.58011
현대카드 디자인 라이브러리	heritage	126.98400	37.57980
홍익대학교 대학로 아트센터	heritage	127.00145	37.57656
홍지문 및 탕춘대성	heritage	126.95861	37.59965
홍파동 홍난파 가옥	heritage	126.96509	37.57155
더일마 서울 플래그십 스토어	shop	126.97250	37.57932
락고재 서울 북촌 한옥호텔	stay	126.98608	37.58018
락고재 컬쳐 라운지 애가헌	activity	126.98394	37.58224
마르헨제이 삼청 플래그십 스토어	shop	126.98205	37.58116
미담 한옥 게스트 하우스	stay	126.98635	37.58066
사와 랑은 물에 산다	event	127.00432	37.58159
서울 동대문 닭한마리 골목	heritage	127.00587	37.57035
서울 종로 낙지볶음 골목	heritage	126.97994	37.57090
서울시립 백남준을 기억하는 집	heritage	127.01378	37.57307
손뜨개 디자인 스튜디오 단주	shop	126.98090	37.58168
아늑호텔 앤 스파 종로운니점	stay	126.98983	37.57652
앤더슨벨 경복궁 플래그쉽 스토어	shop	126.98382	37.57799
온 가족 책 잔치	event	126.98238	37.57974
이비스 앰배서더 서울 인사동	stay	126.98938	37.57429
종로구 인왕산 해맞이 축제	event	126.96633	37.59107
주한 프랑스 대사관 어학센터	heritage	126.98223	37.57184
쿠에른 삼청 시그니처 스토어	shop	126.98289	37.57956
피브레노 안국 플래그십 스토어	shop	126.98663	37.57924
하이드 인 바인 서촌	stay	126.96990	37.58062
호텔 더 디자이너스 종로점	stay	126.98903	37.56937
궁궐 일상모습 재현 및 체험	event	126.99646	37.57893
청계천에 숨겨진 왕의 보물을 찾아라!	event	126.97872	37.56935
세계 책의 날 : 책 한장 할래요?	event	126.97757	37.57413
창덕궁 깊이보기 -심화해설-	event	126.99025	37.57770
동대문 문구완구거리 (창신동 문구완구시장)	heritage	127.01445	37.57123
포시즌스 호텔 서울(광화문미래에셋호텔)	stay	126.97540	37.57070
창덕궁과 후원 [유네스코 세계유산]	heritage	126.99023	37.57765
세인트 제임스 삼청[한국관광 품질인증/Korea Quality]	shop	126.98189	37.58237
편강 율 플래그십&티하우스	cafe	126.98122	37.58105
싱크 넥스트 25(Sync Next 25)	event	126.97632	37.57206
피브레노 광화문 D타워점	shop	126.97891	37.57100
쿠키런 : 킹덤 아트 콜라보 프로젝트 특별전 - 위대한 왕국의 유산	event	126.98362	37.57347
호스텔 토미(구 옐로우브릭2 호스텔)	stay	126.99119	37.57442
박물관은 살아있다(인사동점)	heritage	126.98720	37.57188
박영숙요 (아틀리에서울)	shop	126.98608	37.57335
부산식당 (외국어사이트용)	food	126.98399	37.57387
북촌한옥게스트하우스 라온(라온게스트하우스)	stay	126.98120	37.57755
서울이야기 한옥(서울이야기한옥게스트하우스)	stay	126.98460	37.57701
핫트랙스 (광화문점)	shop	126.97800	37.57100
콰니 경복궁(KWANI Gyeongbokgung)	shop	126.96923	37.57564
더 스테이지(THE STAGE)	shop	126.98219	37.56967
예하도예 게스트하우스(YEHADOYE guesthouse)	stay	126.98507	37.57441
종묘 [유네스코 세계유산]	heritage	126.99513	37.57098
논픽션 삼청&기프트샵	shop	126.98041	37.58011
코리아 헬스&웰니스 페스티벌	event	126.97632	37.57206
올리브영 종로1가점	shop	126.97992	37.57084
한국교회 100주년 기념관	heritage	127.00023	37.57446
스페이스 111	heritage	127.00098	37.57181
호스텔코리아 11th 창덕궁점	stay	126.99031	37.57614
통인 1939	stay	126.97098	37.57903
광장싸롱 1961	cafe	127.00169	37.57037
다이소 안국역2호점	shop	126.98437	37.57632
이새 인사2호	shop	126.98595	37.57347
홈플러스익스프레스 명륜2점	shop	127.00023	37.58597
한옥 201(Hanok 201)	stay	126.98541	37.58056
갤러리카페 3안	cafe	126.98298	37.58696
국제자수원 3호점	shop	126.98477	37.57394
아트박스 종로3가	shop	126.99155	37.57016
광장시장 365일장	shop	127.00131	37.57009
정관장 종로4가	shop	126.99934	37.57117
북촌 8경	heritage	126.98628	37.57909
광복 80년 기념 빛 축제	event	126.97678	37.57168
북촌빈관 by 락고재	stay	126.98422	37.58235
모던샤브하우스 광화문D타워점	food	126.97892	37.57100
유니클로 광화문D타워	shop	126.97893	37.57105
대한불교조계종 도반HC 승소	shop	126.98247	37.57506
더라운지 JW메리어트동대문스퀘어서울	food	127.00880	37.57037
비엘티스테이크 JW메리어트동대문스퀘어서울	food	127.00880	37.57037
올리브영 종로YBM점	shop	126.98911	37.56996
서울 YMCA 사회체육부	activity	126.98557	37.57048
제이디_V	shop	127.01926	37.57232
디네드윤-서울프랑스	food	127.00399	37.58169
서울롤-서촌	food	126.97119	37.57922
세종당구-국일관당구클럽	activity	126.99003	37.56971
썬-텍스	shop	127.00732	37.57070
인티맥스-휴다인	shop	126.98240	37.57496
티-써클	bar	126.98512	37.56883
핏-슈	shop	127.01337	37.57011
호-슈즈	shop	127.01006	37.57006
호텔다다-인사	stay	126.98954	37.57465
보보로-2	shop	127.00369	37.58071
단아-2010	shop	126.97106	37.61421
가로판매대-51	shop	127.00410	37.57125
꽃,밥에피다	food	126.98404	37.57534
오롯이, 한옥	stay	126.96801	37.58001
연화, 설렘의 빛	event	126.97307	37.58260
그러다;공방	shop	126.96349	37.59367
꽃;라온	shop	126.98690	37.58250
나의쉼이있는마을;村	stay	126.98212	37.58275
날마다장날;낙원빈대떡	food	126.98953	37.57118
느마루;종로	stay	126.99414	37.59060
대학로떡;호두과자	food	126.99818	37.58348
도마;유즈라멘	food	126.98653	37.57784
모카수주얼리;보석감정평가원	shop	126.99082	37.57085
백석;흰당나귀	bar	126.96891	37.57858
비욘드다이아몬드;글램앤글로우	shop	126.99280	37.57201
사계절떡국;국수	food	126.97007	37.56857
서울쿠키컴퍼니형제사;강성은명과	shop	126.97263	37.57684
소소한;스테이	stay	127.00643	37.57938
숨;옥	stay	126.98757	37.58331
스테이니어;혜화	stay	127.00448	37.58382
스테이묘미;종로	stay	126.98591	37.56895
아이와이;지젤옴므	shop	127.00180	37.57264
안경;원	shop	126.96658	37.58115
어느날;이화	stay	127.00503	37.57705
운동공간;유인	activity	126.96911	37.57786
이화;동	cafe	127.00233	37.57594
푸드떼;차과자사계	cafe	126.98138	37.57799
하이;한옥게스트하우스	stay	127.01283	37.57288
혜화달손만두;만두전골	food	127.00075	37.58624
홀로그래피아트센터;한국	shop	126.97936	37.61477
황금포차보쌈;족발	food	127.01104	37.57306
황칠가;황칠라이프	food	126.98565	37.57738
유품정리;그림;도자기;골동품;고서화;병풍;자개;고가구옛물건매입	shop	126.95845	37.60023
서촌먹태;너테맥주라라라서프LALALASURF	bar	126.97186	37.57643
노닐다:서촌	food	126.97267	37.57843
더채:갤러리	stay	126.97102	37.58279
더채:라이브러리	stay	126.97329	37.57908
더채:코트야드	stay	126.97078	37.57713
로스터스로스터리:창덕궁	cafe	126.98816	37.57717
송학아트구:송학당	shop	126.98458	37.57724
에이:프릴	shop	126.99242	37.57205
오!바바	cafe	126.99235	37.57395
와!감자탕삼겹살	food	127.01546	37.57348
궁나라냉면.묵밥	food	127.01587	37.57692
그래놀라.	shop	126.96981	37.57910
대봉수대학로족발.보쌈	food	127.00118	37.58453
더픽.	food	126.96053	37.60516
도레미타코구.이화정원	food	126.97421	37.57364
만선통태찜.탕	food	127.01543	37.57406
목단꽃이피었습니다.	shop	126.98205	37.58117
신용전기.마트	shop	126.96556	37.59271
쎄븐.프렌즈	bar	126.97470	37.57129
에코.광목	shop	127.00732	37.57070
엠.디아트	shop	126.99708	37.57235
와이지룩스더.라츠	shop	126.99486	37.56887
일류베스트.롤스	shop	126.99708	37.57235
제이.히든하우스	cafe	127.00797	37.57143
청산식품.	shop	127.00742	37.57399
북악팔각정하늘레스토랑.해오름.커피하우스	cafe	126.98055	37.60197
비.유.티	food	126.99972	37.58295
제이.씨.브이	shop	126.98687	37.57247
귀.남.미.녀	shop	126.99971	37.57012
노브.13	food	126.97066	37.57864
에이.701	shop	127.00589	37.58044
일이.ON	shop	126.98950	37.57402
북촌국악체험공방'국악사랑'	activity	126.97993	37.58363
제갈윤의'나있다'몸체험놀이터	activity	127.00307	37.58330
정스스테이정'SSTAY	stay	127.00588	37.58024
정'sYOGAClinic	activity	126.99865	37.57144
금보개발(오라카이인사동스위츠	stay	126.98734	37.57299
송우무역(	shop	126.97189	37.57880
인미공(구 인사미술공간)	heritage	126.98924	37.58157
감로암(서울)	heritage	127.00664	37.57533
금선사(서울)	heritage	126.95345	37.62078
대각사(서울)	heritage	126.99179	37.57365
대원군별장(석파정)	heritage	126.96277	37.59487
돌실나이(인사점)	shop	126.98536	37.57359
비원스테이(비원게스트하우스)	stay	126.98989	37.57607
사람과사람사이(르브와)주	food	126.98539	37.56943
사직공원(서울)	nature	126.96872	37.57585
서울도심등산관광센터(북악산)	activity	126.98199	37.58326
선바위(선암)	nature	126.95897	37.57900
소림사(서울)	heritage	126.95891	37.60126
승가사(서울)	heritage	126.96086	37.62672
안국선원(서울)	heritage	126.98541	37.58294
안양암(서울)	heritage	127.01335	37.57520
에이치에스티(지점)주	shop	127.00073	37.57531
인왕사(서울)	heritage	126.95965	37.57861
일일주(日日酒)	food	126.96862	37.57446
제헌국회전시관(제헌회관)	heritage	126.97219	37.57851
조계사(서울)	heritage	126.98275	37.57398
창의문(자하문)	heritage	126.96651	37.59266
청룡사(서울)	heritage	127.01686	37.57978
반쿤콴(B.K.K)	food	126.98433	37.56921
(인화B2B	shop	126.96599	37.56688
보안스테이(BOANSTAY)	stay	126.97359	37.57913
컬러풀뮤지엄(COLORPOOL MUSEUM)	heritage	126.98357	37.57452
파툼(FATUM)	cafe	126.98212	37.58315
거안(GEOAN)	shop	126.98485	37.57425
한스하우스(Hans house)	stay	126.97043	37.57748
숨바꼭질(Hide & Seek)(Hide & Seek (숨바꼭질) 게스트하우스)	stay	126.97071	37.58083
제이한옥(JAY Hanok)	stay	126.98734	37.58231
서울한옥스테이(jnpstay)	stay	126.97090	37.57696
호텔큐비(호텔QB)	stay	127.01343	37.57192
바치링(UMC쥬얼리)	shop	126.98357	37.57452
앤디관)	food	126.98463	37.56909
[북한산 둘레길 6구간] 평창마을길	activity	126.98217	37.61287
[북한산 둘레길 7구간] 옛성길	activity	126.95670	37.60900
고운[한국관광 품질인증/Korea Quality]	stay	126.98584	37.58301
락이당[한국관광 품질인증/Korea Quality]	stay	126.98675	37.58279
모꼬지[한국관광 품질인증/Korea Quality]	stay	126.99972	37.59080
화운[한국관광 품질인증/Korea Quality]	stay	126.98272	37.58397
[북악하늘길 1산책로] 북악팔각정~말바위쉼터	activity	126.98055	37.60197
[서울둘레길 19코스] 북한산 성북코스	activity	126.98190	37.61280
[종로둘레길 3코스] 낙산 코스	activity	127.00805	37.57185
납청놋전[면세점(TAX REFUND SHOP)]	shop	126.98531	37.57413
단하[면세점(TAX REFUND SHOP)]	shop	126.98091	37.58365
승진완구[면세점(TAX REFUND SHOP)]	shop	127.01418	37.57134
쌈지길[면세점(TAX REFUND SHOP)]	shop	126.98488	37.57427
[백년가게]신안촌	food	126.97091	37.57569
[백년가게]하나로회관	food	126.98535	37.57204
윤정[윤택할윤곧을정]	shop	127.00396	37.58100
치즈인더스트리[치즈공업사]	cafe	126.99015	37.57352
[백년가게] 선천집	food	126.98445	37.57486
베요[Be窯]	shop	126.98842	37.57946
[K드라마 촬영지] 공근혜갤러리	heritage	126.97968	37.58408
레브[REVE]	shop	127.00564	37.57526
하림맥시칸치킨@구구푸드	food	127.00559	37.57617
파쇼*빅파이브	food	126.98905	37.57154
서울대학교병원/아로마띠꼬	food	126.99720	37.58046
실/섬유제품소매업	shop	127.00648	37.57066
액세서리/잡화소매업	shop	127.01623	37.57022
액세서리/잡화소매업	shop	126.96438	37.58190
잇파라다이스/감동칩스	food	126.98208	37.57934
크레아찌온/탐앤탐스종로한올	cafe	126.98823	37.56990
피자헤븐종로/성대점	food	126.99718	37.58452
한마음약국/한마음몰	shop	126.99758	37.57646
김밥/만두/분식	food	127.01945	37.57446
강여사집밥&찬	food	127.00164	37.57834
갤러리&다이닝펍담	food	126.98601	37.57364
공평왕돈까스&서해칼국수	food	126.98355	37.57157
굿데이샌드&파스타	food	126.97488	37.56973
글라스미&렌즈미	shop	126.99998	37.58310
김&장금돈	food	127.02196	37.57616
꽃보담플라워&보자기아트	shop	126.98429	37.57905
내맘대로볶음밥&떡볶이	food	127.01249	37.57119
네오그린플라워&까페	shop	126.99757	37.57553
디앤브이컴퍼니&피트니스	activity	126.98151	37.58751
딜가전&화원	shop	127.01148	37.57061
러스&유창	food	127.00229	37.58188
로열네팔레스토랑&바르	food	127.01238	37.57245
미가&서울	stay	127.01052	37.57559
본죽&비빔밥경복궁역점	food	126.97277	37.57664
본죽&비빔밥서대문역점	food	126.96511	37.56879
본죽&비빔밥종로르메이에르점	food	126.97992	37.57085
비르투&포르투나	food	126.96664	37.60663
빵&빵	food	127.01966	37.57401
산꼼장어&조개구이	food	126.99992	37.57174
성균관꽃&요커	shop	126.99870	37.58331
슬리피&웨이키	cafe	126.95778	37.60597
써니&푸드	food	127.02238	37.57459
안경선생님&미스터렌즈	shop	127.02097	37.57492
이바우국밥&냉면참잘하는집	food	127.02180	37.57761
정석당구&아카데미	activity	126.98905	37.57123
조선생양지국밥&국수	food	127.00216	37.57259
족발야시장&무청감자탕광화문	food	126.97331	37.57186
짝비어&포차	bar	127.02203	37.57643
째즈&라멘	food	126.99458	37.58901
카린지&린가네	food	126.98075	37.57186
칼국수&냉면	food	127.01167	37.57170
칼콩칼국수&콩나물국밥	food	127.00559	37.57617
커피&분식	food	127.01460	37.57504
토브슈퍼&화원	shop	127.01148	37.57061
팔판동꼬마김밥&토스트	food	126.98134	37.58336
핑크갤러리&아트컨설팅	shop	126.98108	37.58195
한사리감자탕&뼈구이	food	126.98679	37.56926
홈&미트	shop	126.96660	37.60620
바름체형교정재활&키성장운동센터디스크;무릎통증전문	activity	126.96257	37.60339
돈까스&우.찌	food	126.99034	37.57589
금성에셋로스터리카페&라운지)실버레인(SilverRain	bar	126.98718	37.57239
아크로짐안국역점헬스&PT	activity	126.98601	37.57630
어메이징휘트니스헬스&PT	activity	126.99003	37.56971
가온#샵	shop	127.00410	37.57125
블링블링#	shop	126.98531	37.57058
웰두잉#	shop	126.97429	37.57203
바우하우스#3	stay	126.99919	37.57687
대학로#55	bar	127.00093	37.57923
상상+	shop	126.97967	37.56987
지디알+아카데미경복궁점	activity	126.97355	37.57491
<청와대 국민과 함께> 영상전시	event	126.97468	37.58398
마라중독<마라탕.훠궈>	food	126.98739	37.56948
한사리감자탕<타운홀>	food	126.98679	37.56926
조에제이004기프트잡화점	shop	126.99865	37.57144
007소주방	bar	126.99061	37.57148
구구0109식당	food	127.01611	37.57481
엠엠티에이치013	cafe	126.98056	37.57188
025S티솔로지	food	126.98329	37.57919
04판	bar	127.00089	37.58271
미정국수0410	food	126.98452	37.56984
미정국수0410	food	127.00151	37.58290
역전우동0410오피시아점	food	126.97488	37.56973
역전우동0410종로	food	126.99054	37.57004
홍콩반점0410	food	127.00308	37.58163
홍콩반점0410종각역점	food	126.98454	37.56900
카페04293	food	126.98686	37.58056
0711칠성	food	126.97313	37.57377
1번출구앞가로판매점	shop	127.01116	37.57202
1층동묘호약국	shop	127.01608	37.57272
경북1	food	126.98887	37.56958
경성양꼬치1	food	126.98523	37.56943
교촌치킨1호점	food	127.01072	37.57126
구카페종로1점	cafe	126.98138	37.56934
둘둘치킨종로1가점	food	126.98046	37.57103
바우대노1호	shop	127.00061	37.56977
솔방울1	cafe	126.99179	37.57418
스테이션1	stay	127.01886	37.57687
씨유종로1가점	shop	126.97992	37.57085
씨유창신쌍용1단지점	shop	127.01419	37.58003
아마츄어작업실작가의공간1	cafe	126.98835	37.56873
아트1닷컴	shop	126.97887	37.56949
오요호스텔1	stay	127.00353	37.57166
와플대학대학로1캠퍼스	food	127.00281	37.58186
우뚝1	food	126.97992	37.57085
우리1밥상	food	126.98159	37.57183
유제신외1필운동부동산	food	126.96954	37.57716
자담치킨종로1	food	126.98650	37.56939
종로1번지	cafe	127.00603	37.57059
종로1층엔약국	shop	126.98144	37.57096
천향1	food	126.98075	37.57186
카멜커피1	cafe	126.97371	37.57879
커피빈광화문역1번출구점	cafe	126.97404	37.57277
커피빈혜화역1번출구점	cafe	127.00215	37.58270
프라하1	activity	126.98635	37.56948
프라하1노래방	activity	126.98635	37.56948
호스텔바닐라1	stay	127.01115	37.57287
산1-1	cafe	127.00791	37.57807
10막창	bar	126.99061	37.57175
제10회 서울시민연극제	event	127.00207	37.58404
100년가마솥설렁탕	food	127.02294	37.57620
100년설렁탕	food	127.00086	37.58186
가로판매대100	shop	127.00340	37.57079
씨에이치100	bar	126.97179	37.57327
100주년기념관웨딩홀(네오트로)백주년	food	127.00049	37.57451
써머세수1004호	food	126.98124	37.57502
인스파이어1004;1203	stay	127.01641	37.57277
101번지남산돈까스안녕인	food	126.98355	37.57447
101번지남산돈까스종로	food	126.98361	37.57074
래디언트101	cafe	127.00156	37.58259
츄로101	food	126.98190	37.58430
티앤아이1010	cafe	126.98564	37.57398
커피공장103경희궁	cafe	126.96511	37.56886
소격동105번지	shop	126.98181	37.58046
계동107	cafe	126.98686	37.57926
청운동108	cafe	126.97077	37.58518
베란다11	stay	127.02117	37.57503
신대한117호	shop	126.99984	37.56979
국일관12노래연습장	activity	126.99003	37.56971
바스켓12계동점	food	126.98689	37.57975
가판점종로121호	shop	127.00222	37.58095
123약국	shop	126.97967	37.57239
가로판매대124	shop	127.00060	37.58557
고도125	shop	127.01580	37.57581
계동13	cafe	126.98666	37.58258
포럼1301	shop	126.98415	37.57976
필운동133	stay	126.96860	37.57665
135뮤직	shop	126.97476	37.61145
플랏135	shop	126.99144	37.57628
1358	food	126.99202	37.57243
한양도성1396	cafe	126.99300	37.59131
제14회 자문밖문화축제 Art Passages：예술적 여정	event	126.97572	37.61183
1405	food	126.96702	37.57773
글래이드143	stay	127.00245	37.58327
스테이148	stay	126.97112	37.57882
15번출구	bar	126.99145	37.56994
구관15호	shop	127.00003	37.57061
제15회 서울청소년연극축제	event	127.00207	37.58404
창경궁150	food	126.99759	37.57565
153구포국수	food	126.98730	37.57044
153천향	shop	127.00256	37.57013
안국153	food	126.98492	37.57652
샘154하우스	stay	126.96782	37.57934
경복궁155	stay	126.97109	37.57865
독도16도	food	126.96857	37.57947
카페16온스	cafe	126.99403	37.58887
에비뉴162	stay	126.98984	37.57122
소호17번지	bar	127.00477	37.58173
172G갤러리	shop	126.97678	37.57163
18번가	bar	126.98679	37.56926
18번가가요리믹스	bar	126.98530	37.56912
구관18호	shop	126.99971	37.57012
달리181	food	126.98046	37.57103
서촌181	food	126.97083	37.57682
핀1832	bar	126.99153	37.57485
카페1861	cafe	126.99241	37.56996
18cm	bar	126.99061	37.57148
낙원1919	shop	126.96666	37.59435
경성주막1929경복궁역점	bar	126.97227	37.57648
보안1942	heritage	126.97374	37.57902
1943	food	126.98559	37.56945
1943종각	bar	126.98559	37.56945
1945파리바게뜨	food	126.97780	37.57216
카페1958	cafe	126.96840	37.59420
앤196	shop	126.96903	37.57930
동묘스테이197	stay	127.01786	37.57463
종로1971카페	cafe	127.00406	37.57381
카페종로1971	cafe	127.00406	37.57381
다담1977	cafe	127.00035	37.57181
홍능족발1977	food	127.00084	37.58478
해물점1978	food	126.98466	37.56882
부암동돈가스집1979	food	126.96564	37.59281
연남족발1987	food	126.98604	37.56893
1988옛날통닭종로관철점	food	126.98843	37.56840
도담1988	food	126.98536	37.57435
응답한다1988뽑기집	food	126.98765	37.57222
1991아울렛	shop	126.98657	37.57321
카페1993	cafe	126.98950	37.57420
종로당1994	cafe	126.98937	37.56874
2대이천식당	food	127.00512	37.57061
2막	bar	126.97124	37.58140
갤러리2	shop	126.96995	37.61171
다리치2	cafe	126.99160	37.57177
다솜게스트하우스2	stay	126.97114	37.58201
달콤왕가탕후루종로2가점	food	126.98665	37.56994
댑2	shop	126.98552	37.57020
더씨에이치엠2	food	126.97199	37.56871
동산히어링복음보청기종로제2지점	shop	126.99273	37.57020
메가엠지씨커피광장시장남2문점	cafe	127.00023	37.56963
모던키친2	food	126.97342	37.57646
반반2	bar	126.99084	37.57273
비어있는삶2	bar	126.98816	37.57717
삼성호프2	bar	126.98679	37.56926
솔방울2	cafe	126.99179	37.57407
스마일2	shop	126.98969	37.57288
스타하우스2	bar	126.98604	37.57073
스테이션2	stay	127.01886	37.57687
스테이헤리티지경복궁2	stay	126.97118	37.58192
씨유숭인2동점	shop	127.01984	37.57456
씨유종로2가점	shop	126.98871	37.56957
아늑호텔앤스파서울종로안국2	stay	126.98996	37.57636
아리계곡2호	food	126.98540	37.56967
아트하우스2	stay	126.98285	37.58485
양평해장국2	food	126.98556	37.56984
에이비하우스2	stay	127.01949	37.57321
영도다리2	food	126.99006	37.57272
오가다종로2가인	cafe	126.98684	37.57168
오목집2호점	food	126.98258	37.57183
와글와글2	food	127.01081	37.57221
인사동부엌2	bar	126.98637	37.57330
정관장종로2가	shop	126.98920	37.57062
종로2가	shop	126.98914	37.57060
종로고집2	food	126.99122	37.57239
종삼육2	food	126.99109	37.57283
지오다노종로2	shop	126.98736	37.56990
천향2	food	126.98075	37.57186
카페인중독종로2가점	cafe	126.98531	37.57058
코코레시피2	food	126.96961	37.58056
킹콩2	shop	127.01520	37.57175
텅2	bar	126.98816	37.57717
파스쿠찌종로2가점	cafe	126.98933	37.56977
푸드카페김밥천국종로2가점	food	126.98802	37.56975
합동실크2호	shop	126.99937	37.57041
호스텔바닐라2	stay	127.01632	37.57493
황제정육식당2층별관	food	126.98672	37.56945
히든싱어2	bar	127.01021	37.57019
드림스테이2.0	stay	126.99984	37.58250
투썸2.0안국	cafe	126.98459	37.57634
20세기떡볶이충전소	food	127.01552	37.57082
낙산길20	cafe	127.00557	37.58040
한옥201	stay	126.98540	37.58050
리스트레토2010	cafe	126.98097	37.58159
2014화정족발혜화아지트	food	127.00248	37.58429
이에스티디2017	cafe	127.00132	37.57424
그랑비노2018	bar	126.99115	37.57639
페이지202	stay	126.96561	37.57333
현2021527	shop	126.99983	37.59062
조선스테이2024	stay	126.99412	37.58640
2024 부활절 퍼레이드	event	126.97632	37.57206
2024 청와대 뮤직 페스티벌	event	126.97468	37.58398
2024 서울야외도서관 : 광화문 책마당	event	126.97632	37.57206
2024 인사동 엔틱&아트페어	event	126.98357	37.57452
2024 대한민국무용대상 & 대한민국무용인의 밤	event	127.00299	37.58126
2024 K-뮤지컬국제마켓	event	127.00234	37.58468
2025 대한민국 미술축제	event	127.00147	37.57661
2026젊은안무자창작공연	event	127.00318	37.58210
2026 서울한옥위크	event	126.98669	37.57900
문학주간2026 〈곁눈질〉	event	127.00237	37.58051
2026 서울거리공연 구석구석라이브	event	126.97679	37.57162
2026 귀어귀촌 어촌관광 한마당	event	126.97679	37.57162
2026 우리 임산물 숲푸드 대축제	event	126.97631	37.57201
2026 이럴때이런음악 해설이 있는 청소년음악회	event	126.97617	37.57185
2026 D.FESTA 소극장축제	event	127.00229	37.58188
204당구장	activity	127.01612	37.57172
스테이종로209	stay	126.96118	37.57333
21세기	bar	126.98953	37.57108
21세기고시원	stay	127.01399	37.57230
21세기노래연습실	activity	126.97023	37.57635
가배21	shop	126.98488	37.57426
메트로21	stay	127.02017	37.57299
샤브로21	food	126.99974	37.58210
서촌샤브로21	food	126.97094	37.57638
홍푸드21세기축산	shop	126.97148	37.57809
갤러리림22	shop	126.96967	37.61164
옥인23	cafe	126.96837	37.58117
닌자233	food	127.00486	37.57591
종로238	stay	126.95906	37.60059
24시감자탕	food	126.97943	37.57224
24시옛날짜장	food	127.01140	37.57163
견생냥품24시무인펫샵종로익선동점	shop	126.98968	37.57479
경복궁24게스트하우스	stay	126.97042	37.57854
솔트24	food	126.98208	37.57899
쏠트24	food	127.00426	37.57981
언더24	cafe	127.00689	37.57054
예스24스테이지	heritage	127.00316	37.58275
예스24아트원	heritage	127.00401	37.58027
이마트24삼일로점	shop	126.98797	37.56945
이마트24성대	shop	126.99433	37.58906
이마트24시대점	shop	126.97313	37.57377
이마트24정독천수점	shop	126.98215	37.57967
이마트24종로	shop	126.99192	37.57282
이마트24종로낙원점	shop	126.98908	37.57239
이마트24종로당주점	shop	126.97473	37.57120
이마트24종로동묘점	shop	127.01549	37.57121
이마트24종로창신점	shop	127.01276	37.57063
이마트24청계천점	shop	126.98138	37.56934
이마트24행촌	shop	126.96175	37.57454
짬뽕타임24종로	food	126.99001	37.57084
타볼로24	food	127.00874	37.57045
평창동네24스크린	activity	126.97504	37.60854
프로24당구장	activity	126.98471	37.57264
프로24시	activity	127.02179	37.57414
홈즈앤루팡24오티티보드게임플러스	activity	126.99883	37.58264
화창24호	shop	126.99941	37.57049
솔트24/성심크루아상	food	126.99883	37.58264
갤러리240	shop	126.99859	37.58218
창경궁로240	cafe	126.99859	37.58218
247호스텔서울	stay	127.01394	37.57092
이마트24종로BS	shop	127.00413	37.57180
24GUESTHOUSE마켓점	stay	127.01019	37.57065
이마트24R종로대호점	shop	127.00041	37.57303
이마트24R종로성대점	shop	126.99771	37.58387
25그램	cafe	126.98993	37.57436
25시노래연습장	activity	127.01186	37.57221
골목길25	food	127.00116	37.58297
레이나25	shop	126.99865	37.57144
블루25	shop	127.01667	37.57311
성대탑25	shop	126.99792	37.58370
지에스25	shop	126.95571	37.60166
지에스25국일관점	shop	126.99003	37.56971
지에스25그랑서울	shop	126.98144	37.57096
지에스25뉴안녕인사동	shop	126.98355	37.57447
지에스25뉴종로동묘	shop	127.01835	37.57149
지에스25동묘알파점	shop	127.01807	37.57397
지에스25마로니에	shop	127.00352	37.58097
지에스25삼청	shop	126.98221	37.58503
지에스25상명	shop	126.95852	37.60016
지에스25상명대사범관점	shop	126.95517	37.60410
지에스25서울대	shop	126.99720	37.58046
지에스25서울적십자	shop	126.96721	37.56677
지에스25세종마을	shop	126.96831	37.58045
지에스25수성동계곡점	shop	126.96438	37.58190
지에스25수송타워	shop	126.98112	37.57267
지에스25숭인	shop	127.02272	37.57372
지에스25숭인필점	shop	127.01596	37.57453
지에스25숭인현대점	shop	127.02181	37.57573
지에스25인사동마루	shop	126.98487	37.57356
지에스25종각	shop	126.98428	37.56971
지에스25종로	shop	126.96511	37.56879
지에스25종로관철점	shop	126.98716	37.56927
지에스25종로도렴점	shop	126.97436	37.57298
지에스25종로로얄점	shop	126.98124	37.57502
지에스25종로신영점	shop	126.96053	37.60516
지에스25종로영풍점	shop	126.98218	37.56967
지에스25종로율곡로점	shop	127.00007	37.57625
지에스25종로인사	shop	126.98338	37.57515
지에스25종로혜화점	shop	127.00257	37.57656
지에스25종로효제점	shop	127.00391	37.57335
지에스25창신명성	shop	127.01252	37.57391
지에스25청와공간점	shop	126.97357	37.58008
지에스25혜화대명점	shop	127.00118	37.58433
코지25	bar	126.97152	37.57629
클럽25	activity	127.01253	37.57244
탑25	shop	126.99509	37.58900
지에스25경희궁자이2단지	shop	126.96235	37.57086
지에스25종로방통대2점	shop	127.00464	37.57868
지에스25청계천패션2	shop	127.01553	37.57013
스테이256	stay	126.98095	37.58317
지에스25종로94빌딩점	shop	126.98224	37.57184
지에스25LG빌딩점	shop	126.97158	37.56927
지에스25S6동묘앞역점	shop	127.01568	37.57220
지에스25S6창신역점	shop	127.01520	37.58002
지에스25종로SC	shop	126.98244	37.57112
지에스25종로YMCA점	shop	126.98531	37.57058
파운데이션26	shop	126.98121	37.58280
자하문로2길7	bar	126.97314	37.57659
제27회 서울세계무용축제	event	127.00320	37.58215
알엠27-01	shop	126.99708	37.57235
알엠27-02	shop	126.99708	37.57235
필운276	food	126.97034	37.57574
이파리282가든	shop	127.00028	37.58594
엔285인사동호텔	stay	126.98741	37.57235
갤러리291	shop	126.96603	37.58081
3층찌개	food	126.97007	37.56857
그린하우스3	stay	127.01886	37.57687
더쌍화종로3가	cafe	126.99436	37.57026
메가엠지씨커피종로3가역	cafe	126.99127	37.57273
명쭈3대학로	food	126.99735	37.58419
모던밥상3	food	126.96862	37.57456
바다수심3미터신설동역점	food	127.02205	37.57563
빽다방종로3가낙원점	cafe	126.98902	37.57163
빽다방종로3가대로점	cafe	126.99061	37.57005
생기청과3	shop	126.98643	37.56995
세븐일레븐종로3가대로점	shop	126.99140	37.57013
아트스페이스3	heritage	126.97332	37.57846
안국3층약국	shop	126.98459	37.57634
어사출또종로3가	food	126.99070	37.57063
우디스테이종로3가	stay	126.98900	37.57094
익선동빈티지3	shop	126.99057	37.57344
천향록3	food	126.99763	37.58441
청진영양센타3	food	126.97972	37.57212
카밍플레이스3	stay	126.97068	37.57762
카페3청	cafe	126.98153	37.58674
커피빈경복궁역3번상	cafe	126.97265	37.57702
투에이치리테일종로3가	shop	126.99200	37.57114
제3의 시간	heritage	127.00262	37.58158
종로3가 포장마차 거리	heritage	126.98908	37.56955
붐306	shop	127.01520	37.57175
312스튜디오	cafe	127.01694	37.57378
고미술312	shop	126.98703	37.57320
종로3가1호선역2번출구가로판매점36호	shop	126.99190	37.57071
316디자인	stay	127.00060	37.59087
인의동32	cafe	126.99950	37.57202
321플랫폼	shop	127.00131	37.57010
엔321	cafe	127.00644	37.57970
33떡볶이	food	127.00009	37.58315
33마켓	cafe	126.97363	37.57919
33아파트먼트	cafe	126.96965	37.57988
3학년3반노래연습장	activity	127.02108	37.57502
에프터워크33	food	126.99111	37.57663
와이엑스33	shop	127.00732	37.57070
파티오33	cafe	126.99923	37.58430
수애뇨339	heritage	126.97876	37.61261
띵즈34	cafe	126.99657	37.58437
앵글340	cafe	126.99486	37.56887
갤러리공간35	shop	126.98884	37.57561
광장구관35호	shop	126.99971	37.57012
오키드35	food	126.98912	37.57910
커피랩35	cafe	127.00177	37.58698
반미362	food	127.00195	37.57878
365세계과자	shop	127.00371	37.58206
365열린약국	shop	127.01351	37.57263
365일장청계지점	shop	127.00002	37.56956
365종로행복약국	shop	127.01784	37.57391
동묘생고기369	food	127.01480	37.57185
쪼리375	food	127.00087	37.58238
종로377	cafe	127.01945	37.57446
소격동37번지KITCHEN	cafe	126.98151	37.58043
태양38	food	126.98328	37.57284
39도스콘	food	126.96859	37.57869
반미사이곤39	cafe	126.97177	37.57645
이디야종로4가점	cafe	126.99789	37.57350
정관장종로4가점	shop	126.99932	37.57112
4.5평점점	food	126.99598	37.57521
413프로젝트	cafe	126.97333	37.57537
스테이42동묘	stay	127.01928	37.57493
스테이43종각고시원	stay	126.98276	37.57284
스테이즈437	stay	126.98430	37.56915
에프45광화	activity	126.97360	37.57446
혜화로45	food	127.00400	37.58324
제46회 서울무용제	event	127.00299	37.58126
47번가찻집	cafe	126.98445	37.57454
달쥬과일상점47호점	shop	126.98181	37.57239
호프47번가	bar	127.01533	37.57444
카페4M	cafe	126.98386	37.57924
5가곱창	food	127.00474	37.57050
5가장비	shop	127.00281	37.57029
5가컴퍼니	shop	127.00265	37.57023
5번출구	bar	126.98941	37.57142
감성커피종로5가역점	cafe	127.00153	37.57119
갤러리5	shop	126.98601	37.57298
계동치킨종로5가점	food	127.00028	37.57130
김가네종로5가점	food	127.00178	37.57133
동원참치종로5가점	food	127.00168	37.57172
라홍방마라탕종로5가역점	food	127.00156	37.57149
레드페이스종로5가광장	shop	127.00223	37.57032
레드페이스종로5가대로점	shop	127.00361	37.57076
매머드익스프레스종로5가점	cafe	126.99900	37.57285
매머드커피익스프레스종로5가역점	cafe	127.00156	37.57162
메가번종로5가점	food	127.00571	37.57084
메가스테이종로5가점	stay	127.00249	37.57136
메가엠지씨커피종로5가역점	cafe	127.00122	37.57066
바른치킨종로5가점	food	126.99899	37.57322
반포식스종로5가점	food	126.99826	37.57298
브루다종로5가	cafe	127.00162	37.57293
빽다방종로5가역점	cafe	127.00137	37.57121
서울고무상사할리스종로5가점	cafe	127.00166	37.57020
시에라디자인종로5가점	shop	127.00246	37.57034
식껍종로5가점	food	127.00156	37.57162
써브웨이종로5가점	food	127.00153	37.57119
어스샌드위치종로5가점	food	127.00176	37.57150
오근내5닭갈비안녕인	food	126.98355	37.57447
오봉집종로5가점	food	126.99900	37.57255
원할머니보쌈족발종로5가점	food	126.99982	37.57193
이디야커피종로5가점	cafe	127.00182	37.57402
장수본가해장국종로5가점	food	127.00172	37.57166
종로5가미래약국	shop	127.00125	37.57121
탐앤탐스커피종로5가점	cafe	126.99914	37.57115
텐퍼센트커피종로5가역점	cafe	127.00156	37.57149
투썸플레이스종로5가역점	cafe	127.00016	37.57113
편안정종로5가점	stay	127.00533	37.57082
한국통닭종로5가점	food	127.00439	37.57126
호앙비엣종로5가점	food	126.99932	37.57213
제5회 여주인공 페스티벌	event	127.00354	37.58036
카페혜화로5.5	cafe	126.99976	37.58681
세일50	shop	126.98652	37.57295
으뜸50안경	shop	127.00207	37.58398
으뜸50안경 종로점	shop	126.98517	37.56991
케이디509호	stay	127.01949	37.57321
대동513호	shop	126.99967	37.57048
구관53호	shop	126.99971	37.57012
창신561	cafe	127.01057	37.57197
57번가카페	food	126.98260	37.57642
인사57	shop	126.98723	37.57189
종로57길	food	127.01648	37.57454
57th갤러리	shop	126.98260	37.57642
스페이스구기58	shop	126.95975	37.61387
6가게임랜드	activity	127.01072	37.57126
6번지버거	food	126.99774	37.57403
6엠골드	shop	126.99865	37.57144
6일닭강정	food	127.01558	37.57848
메가엠지씨커피종로6가점	cafe	127.00475	37.57145
세븐뉴종로6가점	shop	127.00689	37.57136
장안6호	shop	127.00061	37.56977
온6.5	food	126.98428	37.57737
60년전통신촌황소곱창주	food	126.98650	37.56906
소격동60	cafe	126.98100	37.58059
어반607	shop	127.01627	37.57662
허밍벨라61	food	127.00132	37.57424
그라운드62(GROUND62)	cafe	126.96323	37.60838
테리스620	bar	126.96731	37.60564
644게스트하우스	stay	127.01051	37.57506
가판점68호	shop	127.01952	37.57396
가판점68호	shop	126.98218	37.56967
인사동6842고기밥상	food	126.98628	37.57368
69루쓰	shop	126.99285	37.57250
692고기포차	food	126.99742	37.58376
692대구막창	food	126.99742	37.58376
7번카페	shop	127.01013	37.57076
부암동7번지제빵소	food	126.97349	37.59800
빈티지세븐7	shop	127.01770	37.57131
행촌7-1	cafe	126.96483	37.57235
7080만물사	shop	127.01783	37.57100
뭉클7080생음악라이브	bar	126.98993	37.57057
스케치7080노래주점	bar	127.01339	37.57262
추억콘써트7080	bar	127.01397	37.57274
갤러리71	shop	126.98329	37.57918
711짐	activity	126.97233	37.57782
롯데씨브이에스711청계	shop	126.98431	37.56899
71년전통연평도3대간장게장	food	127.01416	37.57305
72420	food	126.99184	37.57305
74호종합가판	shop	126.98975	37.56849
오커75	stay	127.01534	37.57462
더757	shop	126.99633	37.59029
팀바이크76	shop	126.96481	37.59288
79마라탕	food	127.00228	37.58376
자하79	stay	126.97004	37.58324
책방79-1	shop	126.96989	37.57971
삼천리이엔지챠이797	food	126.97436	37.57298
차이797종로그랑서울점	food	126.98144	37.57096
8하우스	shop	126.98481	37.58121
네이처스테이8분	stay	127.00826	37.57486
마켓8	shop	126.98509	37.57034
바나프레소청진타워8점	cafe	126.98055	37.57062
브이8중식포켓볼당구클럽	activity	126.99779	37.58418
생기청과8	shop	126.98051	37.57203
아뜰리에8동묘	stay	127.01717	37.57421
우드앤브릭타워8점	food	126.98055	37.57062
파툼8	food	126.98217	37.58321
페이지룸8	shop	126.98268	37.58403
여수80	food	126.99171	37.57286
808빈티지	shop	127.01955	37.57223
818프로샵	shop	126.98842	37.57912
82웍스	shop	126.96759	37.58067
아뜰리에8동묘2	stay	127.01717	37.57421
83김밥	food	126.97008	37.58342
아뜰리에8동묘3	stay	127.01717	37.57421
더하기84	food	126.98424	37.57502
87브라더스	food	126.98208	37.58321
88빈티지	shop	127.01939	37.57270
서울88퓨전	bar	126.99173	37.57281
9번출구바로앞가판대	shop	127.00809	37.57082
갤러리9	shop	126.98217	37.58421
동묘하우스9	stay	127.02120	37.57372
위저드9	shop	126.98258	37.58423
케이디원9	stay	127.01949	37.57321
더9.2	bar	126.97168	37.57642
903호	shop	127.00592	37.58067
종로92카페	bar	127.01562	37.57936
씨드925오리진	cafe	127.00320	37.58759
98도씨국밥	food	126.96511	37.56886
베트남플러스99	food	126.98723	37.56966
꼬르젠A	shop	126.99865	37.57144
식물A	cafe	126.98962	37.57383
A.M	shop	126.97350	37.57847
동부A)경태네동부A	food	126.99971	37.57012
A+	shop	126.97333	37.57537
AB휘트니스클럽	activity	126.99816	37.58398
종로abc	bar	126.98618	37.56907
ABC마트 ST 대학로점	shop	127.00210	37.58310
AGold	shop	126.99236	37.57012
갤러리AMORY	shop	126.98905	37.57578
An'scoffee	cafe	126.95975	37.61387
APPLEPIE	shop	126.99708	37.57235
ATELIER CREATIONDEBIJOUX JIGUM	shop	126.98474	37.57880
아뜰리에보네atelierbo;ne	cafe	126.99800	37.58363
혜화Attic	stay	127.00076	37.58756
아티크ATTIQUE	shop	127.01520	37.57175
알파AV	shop	126.99708	37.57235
BABIANA	food	126.97333	37.57537
문BAR	bar	127.00400	37.57199
소시BAR	bar	127.02138	37.57420
바레이BARRAY	bar	126.98128	37.57191
BBQ	food	126.98942	37.58121
빔버니beambunny플래그십스토어	shop	126.98328	37.57218
뷰티BEAUTY	shop	126.99809	37.56954
BHC치킨대학로	food	127.00253	37.58274
BM	stay	127.01148	37.57061
태양BNT	shop	127.00633	37.56994
BYC	shop	127.00318	37.57071
송화byJeong	shop	126.98582	37.57325
CAFE종로시장	cafe	126.98363	37.56947
Cafe-D55	cafe	126.98135	37.58243
이너뮤즈CG	shop	127.01520	37.57175
CGV대학로투썸커피	cafe	126.99984	37.58346
CHICAGO23	shop	127.01280	37.57520
시크라벨CHICLABEL	shop	127.01520	37.57175
씨유엔CIEU.N	shop	126.99865	37.57144
CJ푸드빌뚜레쥬르대학로	food	127.00095	37.58337
CL종로지점(금강_랜드로바)	shop	126.98652	37.57048
코코즈COCOZ	shop	127.01520	37.57175
코기토cogito	bar	127.00695	37.57776
커먼Common	food	126.99139	37.57237
cu동숭아트점	shop	127.00384	37.58323
cu숭인파라빌점	shop	127.02288	37.57407
CU성균관대경영관점	shop	126.99312	37.58722
CU숭인파라빌점	shop	127.02281	37.57403
CU종로글로벌점	shop	126.98972	37.57466
CU 광화문광장점	shop	126.97618	37.57048
CU 성대원룸촌점	shop	126.99699	37.58588
CU종로명륜2가점	shop	126.99989	37.58434
쿠차라라티나CucharaLatina	food	126.99816	37.58379
D아트	shop	126.98670	37.57042
백미당D	food	126.97891	37.57100
벤스쿠키D	food	126.97891	37.57100
시오팡야광화문D	food	126.97891	37.57100
썬앳푸드만리지화광화문D	food	126.97891	37.57100
아웃백스테이크하우스광화문D	food	126.97891	37.57100
야마야푸즈서비스야마야광화문D	food	126.97891	37.57100
에그드랍광화문D	food	126.97891	37.57100
오도레D	food	127.00058	37.58178
온더보더광화문D	food	126.97891	37.57100
캘리스코히바린광화문D	food	126.97891	37.57100
에프알엘광화문D-TOWER점	shop	126.97891	37.57100
D.FESTA 거리공연축제	event	127.00237	37.58051
D.M.KOREA	shop	126.98765	37.57222
삼화문구D/C타운	shop	127.01392	37.57139
D&RKorea	shop	127.00378	37.57003
Do드림	shop	127.00178	37.57133
도프DPC커피	cafe	126.98871	37.56957
갤러리DUCK	shop	126.96373	37.59649
더프트DUFT	cafe	126.97223	37.57261
가화DUMBO	stay	126.97012	37.57864
광장DVD	activity	126.98902	37.57351
동행DVD	activity	126.98890	37.57155
럭셔리수DVD관	activity	126.98658	37.56966
문화DVD	activity	126.99013	37.57078
E젬	shop	126.99344	37.57077
E-롯데문구	shop	126.98854	37.57281
E2전자조명	shop	126.99334	37.56873
현대elc	shop	126.99440	37.56972
대성ENG	shop	126.96098	37.60388
카페eonist	cafe	126.97488	37.56973
이루다ERUDA주얼리	shop	126.98425	37.57656
ESJUNG아트컨설턴트	shop	126.96221	37.57442
ETC서울 서촌	shop	126.96937	37.57677
eunheeleeDesignerjewelry	shop	126.97200	37.58096
하늘민F&B	shop	126.96729	37.58492
필린Fillin	food	126.96881	37.57757
갤러리FM	shop	126.98546	37.57693
이새FNC	shop	126.98593	37.57341
이새FNC이새인사점	shop	126.98593	37.57341
아디다스FTWS북촌	shop	126.98218	37.57990
비에스케이코퍼레이션G	food	126.98219	37.58539
신선식탁광화문G	food	126.98112	37.57267
여기G	bar	126.99037	37.57268
폴바셋광화문G	food	126.98112	37.57267
Gallery고아미	shop	126.98484	37.57199
Gallery이즈	shop	126.98415	37.57479
지아衣GALLERY	shop	126.96785	37.58001
갤러리노와이GalleryNowhy	shop	126.98380	37.57705
동묘가라지동묘Garage	food	127.01454	37.57178
전담GATE	shop	127.00029	37.58321
GBT상역	shop	126.96968	37.58149
지디비그레이트딜베럴GDBGreatDealBetter	food	126.99110	37.57703
GDR플러스아카데미동묘점	activity	127.01520	37.57175
G르GO코인노래연습장	activity	126.99959	37.58291
더갓갓잇GODEAT	food	126.98594	37.57818
음식이야기밥GPZ	food	126.98398	37.57535
그린풀GreenPool	cafe	127.00301	37.58389
승grill	food	126.96940	37.57695
GS２５숭인	shop	127.02202	37.57374
지에스리테일GS수퍼종로구기점주	shop	126.95845	37.60688
지에스리테일GS수퍼종로평창점주	shop	126.96901	37.60686
GS25경희궁	shop	126.96163	37.57172
GS25계동	shop	126.98655	37.58004
GS25동묘역점	shop	127.01609	37.57272
GS25동숭점	shop	127.00256	37.58368
GS25명륜성대점	shop	126.99658	37.58788
GS25명륜스타	shop	127.00042	37.58206
GS25명륜아남점	shop	127.00018	37.58644
GS25성대양현점	shop	126.99493	37.58943
GS25숭인마사회	shop	127.01966	37.57344
GS25숭인현대점	shop	127.02181	37.57573
GS25종로	shop	126.97177	37.57780
GS25종로	shop	126.98593	37.57693
GS25종로	shop	126.95714	37.57585
GS25종로광장시장	shop	127.00170	37.57027
GS25종로낙원점	shop	126.98860	37.57225
GS25종로누하점	shop	126.96863	37.57954
GS25종로방통대점	shop	127.00428	37.57967
GS25종로운현점	shop	126.98892	37.57681
GS25종로익선	shop	126.98878	37.57448
GS25종로청진점	shop	126.97992	37.57085
GS25종로현대	shop	127.00104	37.57481
GS25창신사랑	shop	127.01064	37.57291
GS25창신역점	shop	127.01554	37.57824
GS25청운	shop	126.97044	37.58490
GS25청진본	shop	126.97950	37.57208
GS25평창문화로점	shop	126.97667	37.61020
GS25 종로동묘점	shop	127.01598	37.57174
GS25종로방통대2점	shop	127.00466	37.57874
갤러리H	shop	126.98449	37.57373
디어H주얼리	shop	126.99123	37.57102
홍익대학교총동문회갤러리H	shop	126.98449	37.57373
HERBCITI	shop	126.99123	37.57102
HMB	shop	127.01139	37.57080
웨딩i	shop	126.98604	37.57042
IBC호텔	stay	127.02286	37.57331
세븐일레븐숭인IBC호텔점	shop	127.02283	37.57326
보석Ⅱ	bar	126.99032	37.57130
용비노래주점Ⅱ	bar	126.97330	37.57342
재즈스토리Ⅱ	cafe	127.00652	37.58000
컴즈커피IN	cafe	126.97421	37.57364
홍지식탁IN	food	126.97992	37.57085
In2com	shop	127.01793	37.57142
신나라J	shop	126.99908	37.57046
위드J	shop	126.99290	37.57074
조이jaQjoy	shop	127.00391	37.57296
JC&삼원	shop	126.99042	37.56951
JCC재능문화센터	heritage	127.00189	37.58718
JDX 종로	shop	127.00406	37.57090
JH갤러리	shop	126.98523	37.57306
JTN아트홀	heritage	127.00393	37.57664
동승JW메리어트스퀘어서울	stay	127.00875	37.57045
JW 메리어트 동대문 스퀘어 서울	stay	127.00874	37.57045
씨유종로K트윈	shop	126.97902	37.57473
종로K축제	event	126.97678	37.57168
K-푸드 페스티벌 넉넉	event	126.97598	37.57348
K-컬처 스크린(대한민국역사박물관)	activity	126.97757	37.57413
팀홀튼광화문K-TWIN	shop	126.97902	37.57473
KCDF 갤러리숍 공예정원	shop	126.98414	37.57406
케이씨지KCG	shop	127.01857	37.57447
KFC	food	127.00229	37.58188
KFC	food	126.97595	37.57155
KFC	food	126.98718	37.56994
KFC청계천	food	126.98138	37.56934
KGC 동묘점	shop	127.01613	37.57344
금강KK종로지점	shop	126.98652	37.57043
종로KSStay	stay	126.98875	37.57305
KT온마루	heritage	126.97779	37.57215
젤라띠아니KT	food	126.97780	37.57216
젤라띠아니카페KT	food	126.97780	37.57216
씨유L종로지사2층점	shop	127.02059	37.57362
델리노쉬Lab	food	126.97092	37.57916
라밥LABAB	food	126.99038	37.57008
레이크LAKE	shop	126.99146	37.57637
라베란다플라워샵lavéranda	shop	127.00245	37.58717
엘LEE사	shop	127.01944	37.57219
LF네트웍스고려원예그랑점	shop	126.98144	37.57096
LFM	shop	126.97184	37.58024
LG상남도서관	etc	126.98847	37.57969
메가엠지씨커피LG빌딩점	cafe	126.97158	37.56927
슬로우캘리정동LG	food	126.97158	37.56927
운빛lightgolfstudio	activity	126.98181	37.57239
경북집ll	food	126.98887	37.56958
LP사구팔구	shop	127.01851	37.57208
세븐M종각역점주	shop	126.98472	37.57048
세븐일레븐M종각역점	shop	126.98325	37.57021
마녹MANOK	food	126.98686	37.58130
롯데쇼핑롯데Market999대학로2점주	shop	127.00412	37.58101
Marry&J	shop	126.98914	37.57060
토마토mart	shop	127.01955	37.57389
Masheo	food	126.97324	37.57641
MAX스포츠몰	activity	126.96035	37.60555
엠바Mbar	bar	126.99032	37.57130
me;人심리상담카페	cafe	126.97087	37.58075
MEARI MILITARY&MGW	shop	126.98273	37.57954
커피MENUHA메누하	cafe	126.96477	37.60486
밀로니milony	shop	126.99190	37.57204
믿고스시MitkoSushi	food	126.99127	37.57273
MK쥬얼리	shop	126.99123	37.57102
곳온니플레이스MOFAT	cafe	126.97298	37.57135
MUJI 영풍종로점	shop	126.98218	37.56967
더제임스MusicAgit	food	126.96500	37.60460
오디N오디	shop	127.01520	37.57175
카츠N연어	food	127.01536	37.57502
카페N258	food	127.01494	37.58188
갤러리nara	shop	126.98506	37.57341
NC	shop	126.97629	37.57046
NC대학로	shop	127.00116	37.58353
종로NEPA	shop	127.00233	37.57065
NEW동성	shop	127.00732	37.57070
NEW동아볼링센터	activity	127.02253	37.57598
안전환경NEWS	shop	127.02155	37.57387
씨유NH농협	shop	126.96626	37.56680
푸디스트NH농협타워카페점	shop	126.96626	37.56680
록키NO.1	bar	126.98510	37.56912
워너짐NO.1	activity	126.97191	37.60708
녹턴낙산NocturneNaksan	stay	127.00852	37.57388
O.K.쥬얼리	shop	126.99710	37.57098
한국후지제록스대신OA	shop	127.00058	37.57158
오브디ofd	cafe	126.99633	37.58666
OK텔레콤	shop	127.01432	37.57288
종로OK탁구	activity	126.99108	37.57065
오브오브라이트OrbofLight	food	126.99233	37.57375
갤러리P1	shop	126.97500	37.61636
덤프PC	activity	126.95845	37.60688
도깨비PC방	activity	126.95783	37.57484
사이버존PC방	activity	127.02202	37.57423
사이버파크PC방	activity	127.00369	37.58071
스페셜PC방	activity	127.02211	37.57556
옵티멈존PC카페종각	activity	126.98705	37.56907
옵티멈존PC카페종각역점	activity	126.98428	37.56971
옵티멈존PC카페혜화점	activity	126.99852	37.58249
욜로PC구기점	activity	126.95955	37.60697
육의전PC방	activity	126.98914	37.57060
인터넷PC방	activity	126.99013	37.57078
장동민의옹PC방	activity	127.01984	37.57456
제논PC방	activity	126.97287	37.57638
콩PC	activity	127.01432	37.57288
프리미엄PC방	activity	127.00095	37.58337
레벨업Pccafe	activity	126.99816	37.58398
에이플PCCAFE	activity	126.99688	37.58786
베트남쌀국수PHO	food	127.01535	37.57121
포리코Phorico	food	126.96900	37.57728
PKM갤러리	heritage	126.98008	37.58409
풍Poong	cafe	126.96857	37.57947
POSTMOBILE	shop	127.00660	37.57289
콩지pot지	food	126.98438	37.57884
다함PT	activity	126.97992	37.57085
턴온피트니스PT	activity	126.98046	37.57103
베이지피트니스PT&필라테스	activity	126.97382	37.57309
골드Q	shop	126.99224	37.57167
레지던스Q	stay	126.98540	37.56967
보노노래바Q	bar	126.98878	37.57209
R뱅크	shop	127.01054	37.57063
RAINBOW	shop	126.99974	37.58210
마나님Recipe	food	126.98309	37.57884
락ROCK	bar	126.98939	37.57168
ROROA	shop	127.00732	37.57070
미니스톱서울S	shop	126.97393	37.56980
세븐S서대문역점주	shop	126.96664	37.56586
세븐일레븐S서대문역점	shop	126.96664	37.56586
세븐일레븐S종로	shop	126.99006	37.57257
세운S마트	shop	126.99708	37.57235
영S	activity	126.97992	37.57085
세븐S종로3가역점주	shop	126.99200	37.57114
SAEWHAHOSTEL	stay	126.99032	37.57473
sbs당구장	activity	127.01104	37.57139
SBS노래방	activity	127.00220	37.58251
SBS노래터	bar	127.02176	37.57383
SGH한방차보감	cafe	126.97429	37.57203
가람푸드써비스SGI서울보증보험카페지점	shop	127.00060	37.57365
푸디스트SGI서울보증본사점	food	127.00060	37.57365
SHANGPREESTORAGE	shop	126.98175	37.58057
세인트shop	shop	126.97941	37.61463
남강SILK	shop	126.99962	37.57008
SJ주얼리	shop	126.99123	37.57102
에스제이바SJbar	bar	127.00619	37.57200
SK숭인점	shop	127.01853	37.57363
SK텔레콤종로지점앞가판대	shop	126.98323	37.56938
고메드갤러리아SK서린본사	cafe	126.98030	37.56969
고메드갤러리아SK서린본사더비스트로	food	126.98030	37.56969
고메드갤러리아SK직원카페	cafe	126.98433	37.57307
고메드갤러리아그래머시스퀘어SK서린점	food	126.98030	37.56969
후니드SK건설	food	126.98110	37.57447
후니드SK본사점	food	126.98030	37.56969
SLOWSTEADYCLUB	shop	126.98080	37.58264
로얄SMEDI	shop	127.00360	37.57673
소셜클럽SocialClub	bar	126.99139	37.57237
수·차Soo·茶	cafe	126.99718	37.58452
SOUP	shop	126.98376	37.57037
스타디움STADIUM	shop	126.98531	37.57058
Stay Vibe	stay	126.96358	37.60523
stoneM.I	shop	126.98765	37.57222
SUNNY38th	shop	126.96906	37.57953
수퍼툴스SUPERTOOLS	cafe	126.97179	37.57327
중앙T/C	shop	126.99960	37.56978
대일T&F	shop	127.00288	37.57051
소온table	food	126.98409	37.57716
TAF연신내	shop	126.97313	37.57377
타틸TATIL	shop	126.98914	37.58304
Teagallery고전문화	shop	126.98596	37.57268
Teastory	cafe	126.99186	37.57233
강인TEX	shop	127.00732	37.57070
미래TEX	shop	127.00809	37.57082
분식점THAOLINH	food	127.01203	37.57233
The집	shop	126.98150	37.58108
THE꽃더꽃	shop	127.00119	37.58381
더원스테이THEONESTAY	stay	127.02235	37.57648
ThePianowasdrinking，notme	cafe	126.97480	37.61727
ThomasParkGallery	shop	126.97278	37.57948
타이밍TIMING	shop	127.00402	37.58142
TMwatch 정우상사	shop	126.99709	37.57235
TNF	shop	127.00365	37.58228
TNF 예지동점	shop	126.99819	37.56968
투데이신설TodaySinseol	stay	127.02206	37.57590
탑TOP인형뽑기	activity	126.97119	37.57637
신성통상TOPTEN	shop	127.00225	37.58220
TOTAL부여	shop	126.99524	37.56929
신진TRADINGCo	shop	126.99938	37.57350
신도TV	shop	126.99605	37.56943
U.C.M쥬얼리	shop	126.98355	37.57447
UD원룸텔	stay	126.99042	37.56951
우성VINTAGE	shop	127.01967	37.57284
W엔틱와치	shop	126.99744	37.56963
W쥬얼리	shop	126.99164	37.57069
WA 55	stay	126.99135	37.57481
werock	shop	126.98765	37.57222
케이티그룹희망나눔재단WEST점	activity	126.97780	37.57216
위치스커피WITCH'SCOFFEE	cafe	127.00028	37.58594
도서출판WLI	shop	126.97138	37.57816
닭다방x종로우성닭갈비	food	126.98409	37.56932
종로커플링라스피넬x알제이가	shop	126.99865	37.57144
도시두부가게X대한순두부	food	126.97441	37.57136
제이앤Y	shop	126.99839	37.57144
매머드익스프레스종로YBM점	cafe	126.98911	37.56996
씨제이올리브영종로YBM점	shop	126.98911	37.56996
YD텔레콤	shop	126.96845	37.58072
와이에프엘YFL	activity	126.97472	37.57070
컴포즈커피종로YMCA점	cafe	126.98531	37.57058
YTC	shop	126.96981	37.58078
여미yummy하노이쌀국수	food	127.01465	37.57302
Yun옥션	shop	126.98619	37.57478
ZEN	food	126.96976	37.56837
젠하우스ZENHOUSE	stay	127.01439	37.57514
