가가호호	food	127.05446	37.53980
가게집	shop	127.04702	37.56427
가나만물	shop	127.05391	37.56506
가내수공업고깃집	food	127.04619	37.53852
가든수퍼마켓	shop	127.03487	37.56660
가락공판장	shop	127.04349	37.56740
가락정육	shop	127.01815	37.55628
가람푸드유통	shop	127.03782	37.56872
가로판매대	food	127.01641	37.55133
가마로강정	food	127.02506	37.56782
가마로강정	food	127.03031	37.55733
가마솥추어탕	food	127.05008	37.53925
가마치통닭행당역점	food	127.02755	37.55624
가미핏	activity	127.02642	37.54875
가보자	food	127.02074	37.54806
가보자노래방	activity	127.02754	37.55625
가스스테이션컴퍼니	shop	127.05761	37.53799
가온길	food	127.03112	37.54965
가온에프앤에스프리미엄직원식당	food	127.06588	37.54639
가요무대	bar	127.03595	37.56018
가우	food	127.02554	37.54670
가은커뮤니케이션	shop	127.01951	37.55435
가장맛있는족발답십리역점	food	127.05336	37.56435
가조쿠	food	127.05313	37.54328
가츠로케	food	127.02628	37.55161
가츠몽	food	127.01798	37.54171
가치서울	cafe	127.05643	37.53967
가치플러스	shop	127.03839	37.56144
가평식당	food	127.04298	37.56549
가호축산	shop	127.03957	37.56872
각시탈	shop	127.02432	37.55389
간도우다이닝	food	127.04679	37.54688
간빠이서울숲	bar	127.04529	37.54601
간식정거장	food	127.03426	37.55779
간식창고	food	127.03358	37.55860
간식창고응봉점	shop	127.03551	37.55201
간식천국아이스크림할인점	shop	127.03957	37.56105
갈꾸집왕십리	food	127.03978	37.56090
갈랭	food	127.05510	37.54028
갈매기의꿈	food	127.03302	37.56359
갈바홀릭	shop	127.01798	37.54171
갈십리	cafe	127.04044	37.55893
갈팡즙팡	cafe	127.02469	37.54796
갈포갈비	food	127.03326	37.56023
감닭오구공공	food	127.05445	37.53820
감락	food	127.03094	37.56205
감성요리	food	127.04672	37.54710
감성호프	bar	127.03447	37.56257
감자네감자탕장한평	food	127.06388	37.56113
감정선프로젝트	food	127.04851	37.54802
갓슬립케어	shop	127.05423	37.56522
갓잇	food	127.04589	37.54701
갓잇왕십리엔터식스점	food	127.03839	37.56144
강금옥쭈꾸미	food	127.03374	37.56301
강남교자뚝섬역점	food	127.04844	37.54620
강남면옥	food	127.05035	37.54740
강남빈대떡	food	127.05367	37.53810
강남세끼	food	127.02314	37.54778
강남식당	food	127.03892	37.56926
강너머남촌숯불닭갈비	food	127.02193	37.54793
강다짐	food	127.05489	37.54669
강동피혁상사주	shop	127.05418	37.54293
강떡즉석떡볶이	food	127.03323	37.56133
강릉마트	shop	127.05120	37.54947
강릉엄지네꼬막집왕십리센트라스점	food	127.02408	37.56659
강물	food	127.02781	37.56677
강별	food	127.05687	37.53895
강별브런치와와인	food	127.05687	37.53895
강북통신	shop	127.02875	37.55657
강원농특산품	shop	127.04401	37.56651
강진숯불갈비	food	127.05808	37.54128
강진식당	food	127.03946	37.56877
강철규안경	shop	127.03194	37.55824
같은온도플래그십스토어	shop	127.04402	37.54635
개골개골노래연습장	activity	127.04408	37.54672
개나리복권방	activity	127.03600	37.56076
개미공사	shop	127.04752	37.55719
개미식당	food	127.01542	37.54377
개미식당	food	127.02840	37.56447
개성상인	food	127.05746	37.54770
개인카페	cafe	127.03125	37.55787
갤러리	shop	127.04301	37.54683
갤러리센텐스	shop	127.06181	37.53942
갤러리실버팁	shop	127.01892	37.54799
갤러리아이	shop	127.04489	37.54636
갤러리에이앤씨	shop	127.04653	37.54630
갤러리은	shop	127.04307	37.54772
갤러리은	shop	127.05023	37.53991
갤러리정	shop	127.04008	37.54748
갱상도야채고기찜	food	127.03252	37.56667
갱상도파절이대패삼겹	food	127.03252	37.56667
갱상도푸드랩	food	127.03252	37.56667
갱생	food	127.04066	37.56068
거꾸로하우스	activity	127.03611	37.54575
거성기계	shop	127.05484	37.56216
거성시스템공조	shop	127.05862	37.53540
거창식당	food	127.03731	37.56217
건강과땀휘트니스센터	activity	127.04662	37.55450
건강한약국	shop	127.03418	37.56232
건국약국	shop	127.05424	37.54475
건대고시원	stay	127.06680	37.54772
건대스테이	stay	127.06390	37.54871
건대우동집	food	127.03160	37.56369
건배	cafe	127.05907	37.53658
건원엔터프라이즈	shop	127.06038	37.54852
건짐	activity	127.03680	37.56491
게스엔터식스	shop	127.03834	37.56177
게임노래방	activity	127.05402	37.56459
겨울연가	bar	127.03194	37.56671
겸상	food	127.03037	37.56361
경기집	food	127.04127	37.57126
경남상회	shop	127.05445	37.53820
경북상회	shop	127.02030	37.54842
경상북도한우홍보판매관	shop	127.03839	37.56144
경성갈비	food	127.01993	37.54824
경성고기꾼	food	127.04067	37.55975
경성꽈배기	food	127.04478	37.54719
경성맥주	bar	127.05235	37.56314
경성삼겹살	food	127.03692	37.56671
경성수산	shop	127.04232	37.56539
경성피어싱	shop	127.05593	37.54183
경주이씨	bar	127.04696	37.54627
경화당	shop	127.05272	37.53795
경희본헬스케어	shop	127.03406	37.56253
계경순대국	food	127.04088	37.56026
계동치킨	food	127.04438	37.56938
계동치킨	food	127.01970	37.54847
계란식당	food	127.02604	37.54761
계맛집닭갈비	food	127.04008	37.55902
계모임	food	127.05516	37.53776
계월	food	127.04765	37.53962
계자람	food	127.05517	37.53781
계화통	food	127.04082	37.55991
고고포차	bar	127.03662	37.55232
고고한술상	food	127.03993	37.55988
고공	food	127.04583	37.54628
고구려곱창	food	127.03261	37.56061
고기극찬	food	127.02026	37.54871
고기다	food	127.05325	37.54817
고기를품다	food	127.03595	37.56018
고기박사고기	shop	127.05463	37.53759
고기복	food	127.03714	37.57027
고기싸롱	food	127.02408	37.56659
고기익는마을주	food	127.03896	37.57000
고깃집왕고을	food	127.03413	37.56315
고돼지	food	127.01995	37.54703
고드나트	shop	127.05429	37.53923
고든램지스트리트피자	food	127.04336	37.54416
고래고래코인노래연습장	activity	127.04054	37.55994
고래식당	food	127.02694	37.56665
고로고로성수	food	127.06135	37.54468
고릴라휘트니스	activity	127.02757	37.55657
고마	food	127.04344	37.54607
고마워	food	127.03326	37.56013
고모네집	food	127.02333	37.54783
고미하우스	shop	127.05159	37.55045
고박사정육식당	food	127.03441	37.57061
고반식당왕십리뉴타운점	food	127.02506	37.56782
고성램트레이딩	shop	127.04026	37.56581
고센어반남주지점	activity	127.05215	37.56680
고센인코퍼레이티드	activity	127.05215	37.56680
고소미	food	127.02506	37.56782
고양이분양전문달루나캣츠	shop	127.03055	37.56407
고우넷	food	127.05259	37.54665
고우넷	food	127.06588	37.54639
고우성수	food	127.05073	37.54393
고진감래	shop	127.04366	37.54776
고찌소옥수	food	127.01496	37.54362
고추상회	shop	127.02071	37.54815
고타마베이커리	food	127.02139	37.55054
고품격대패	food	127.03584	37.56029
고피자행당점	food	127.03016	37.55784
고향냉면	food	127.02240	37.54881
고향분식	food	127.03406	37.56461
고향식당	food	127.04789	37.56113
고향식당	food	127.03073	37.56544
고향식당	food	127.06515	37.56037
고흥만	food	127.04931	37.54104
고흥식당	food	127.06515	37.56037
곤지암할매소머리국밥	food	127.05511	37.56375
곤트란쉐리에	food	127.05513	37.54523
골드노래주점	bar	127.03340	37.56283
골드빈	cafe	127.05463	37.54586
골드소일	food	127.05472	37.54092
골드스타즈	shop	127.02175	37.55054
골드윈	shop	127.05717	37.54374
골드축산	shop	127.03013	37.55755
골드축산	shop	127.01987	37.55408
골드휠자전거	shop	127.02469	37.54796
골든리버	food	127.04986	37.55091
골든샤이닝	shop	127.05304	37.53770
골라당구장	activity	127.06654	37.56083
골라먹는재미꼬마김밥	food	127.02246	37.54844
골목냉면	food	127.02201	37.54860
골목식당	food	127.06163	37.53899
골목식당	food	127.06369	37.54853
골목식당	food	127.05484	37.53812
골목전집	food	127.03290	37.56155
골목집	food	127.03824	37.56846
골목집식당	food	127.03918	37.56973
골목포차	food	127.02190	37.54847
골프	activity	127.05572	37.55981
골프매니아	activity	127.03074	37.56935
골프스타디움	activity	127.05479	37.54721
골프존성수센터	activity	127.04880	37.54722
골프존파크블랙행당점	activity	127.03236	37.56028
곰기프트	shop	127.05344	37.54157
곱	food	127.04049	37.56068
곱순이네	food	127.03299	37.56151
곱순이네곱창	food	127.03163	37.55832
곱짱도리	food	127.04573	37.56100
곱창나라	food	127.06672	37.54951
곱창의전설금호	food	127.02544	37.54768
곱창하우스	food	127.04008	37.56088
곳온니플레이스성수낙낙	food	127.06588	37.54639
곳집	shop	127.04424	37.54722
공	bar	127.02089	37.54848
공가네찬	shop	127.05185	37.56468
공간당구장	activity	127.04634	37.54634
공간수련	food	127.06533	37.54853
공간의의미	stay	127.02917	37.56026
공감더테이블	shop	127.03312	37.56798
공감화양	stay	127.06661	37.54872
공릉동원조멸치국수	food	127.05213	37.56417
공씨책방	shop	127.04472	37.55098
공용매점	shop	127.02656	37.54770
공우이엔씨서울숲공원점	shop	127.04180	37.54307
공유다성동구	shop	127.03485	37.55816
공일공파워텔레콤금호지점	shop	127.02353	37.54830
공장갤러리	shop	127.04546	37.55115
공주노래연습장	activity	127.04940	37.53817
공중약국	shop	127.05511	37.53745
공차	cafe	127.05840	37.54357
공차	cafe	127.04492	37.54612
공차	cafe	127.05717	37.54374
공차왕십리센트라스점	cafe	127.02408	37.56659
공차왕십리역사점	cafe	127.03839	37.56144
공차한양대한양플라자점	cafe	127.04662	37.55450
과자점진심	food	127.01167	37.54058
곽가네왕갈비탕	food	127.02140	37.54782
곽쓰부	food	127.01961	37.54797
광동수산산오징어	food	127.03308	37.55845
광명건설주	activity	127.04358	37.54792
광명상회	shop	127.01908	37.54811
광문안경	shop	127.05296	37.56625
광순네식당	food	127.05386	37.53820
광장족발	food	127.05467	37.54463
광주서울곱창왕십리역점	food	127.03361	37.56296
광주식당	food	127.02624	37.54928
광주식당	food	127.05309	37.54863
광주식당	food	127.06515	37.56037
교대이층집	food	127.05682	37.54488
교동집	food	127.05177	37.53791
교촌치킨	food	127.04105	37.56050
교촌치킨	food	127.05462	37.54611
교촌치킨	food	127.05249	37.56477
교촌치킨금호역점	food	127.01875	37.54822
교촌치킨성수	food	127.06057	37.53693
교촌치킨왕십리	food	127.02969	37.56398
교촌치킨왕십리뉴타운점	food	127.02506	37.56782
교촌치킨응봉점	food	127.03223	37.55079
구구족배달	food	127.05309	37.56616
구구치킨	food	127.06608	37.54937
구길순대국	food	127.05020	37.53946
구름모바일	shop	127.02025	37.55357
구름베이프	shop	127.03299	37.56136
구미호	food	127.03840	37.57079
구백냥곱창금호	food	127.02544	37.54768
구스케이지	bar	127.04095	37.54737
구아바	food	127.05642	37.54106
구어보소	food	127.03418	37.56326
구욱희씨	food	127.04189	37.54716
구이마을	food	127.04060	37.55922
구자미플라워	shop	127.05614	37.53868
구제나라	shop	127.05776	37.53652
구쯔	shop	127.04281	37.54644
구찌통신	shop	127.01654	37.54167
구펠	cafe	127.04701	37.54841
국가대표푸드	food	127.02361	37.55622
국가유산체험센터	heritage	127.04964	37.54663
국대점핑	shop	127.03551	37.55201
국대찜닭	food	127.03213	37.56259
국대탁구교실	activity	127.01930	37.55367
국밥의대가	food	127.05380	37.53813
국보전	food	127.05085	37.53807
국수나무	food	127.02408	37.56659
국수랑김밥	food	127.03263	37.56111
국수랑파전이랑	food	127.05452	37.54839
국수일가	food	127.03098	37.56468
국제약국	shop	127.02123	37.54777
군산식당	food	127.04516	37.56792
군음식과로또	activity	127.06924	37.55192
군자대한곱창	food	127.04021	37.56070
군자마트	shop	127.07118	37.55720
군자차량사업소구내매점	shop	127.05497	37.55692
굳웰잉크충전방	shop	127.03201	37.56398
굴과찜사랑	food	127.03291	37.56035
굴다리만물	shop	127.04074	37.56860
굴림	cafe	127.05360	37.53633
굴마을낙지촌	food	127.05368	37.56431
굽네치킨	food	127.02757	37.55657
굽네치킨	food	127.02613	37.54897
굽네치킨성수	food	127.04844	37.54613
굽네치킨신금호역점	food	127.01956	37.55336
굽네치킨왕십리뉴타운점	food	127.02408	37.56655
굿가이즈군자점	food	127.07223	37.55796
굿골프	shop	127.05161	37.54707
굿누리	bar	127.05516	37.53786
굿러너컴퍼니	shop	127.04282	37.54814
굿모닝에어컨설치수리	shop	127.05398	37.54656
굿베럴베스트커피	cafe	127.06543	37.54733
궁마루	food	127.04322	37.56719
궁전아이스크림	shop	127.05263	37.56537
궁중한우	food	127.03683	37.56948
권가네	food	127.03560	37.56602
권식족발	food	127.05437	37.54558
권영본의용문집	food	127.04127	37.57126
귀남자전거	shop	127.05538	37.53857
귀부인금거래소	shop	127.03559	37.56241
귀일만두	food	127.01943	37.54848
귀한족발왕십리역점	food	127.03447	37.56286
규리네과일가게	bar	127.05421	37.53887
규엔당성수	food	127.05533	37.54291
그굴	cafe	127.03945	37.55857
그날의무드	shop	127.03666	37.56123
그늘집	cafe	127.05572	37.55981
그라데이션커피	cafe	127.05031	37.55060
그라반스	shop	127.05367	37.54409
그라운드이오	shop	127.04666	37.54683
그레이	shop	127.01198	37.54459
그레이박스	cafe	127.06141	37.54470
그레이스	shop	127.04076	37.54690
그레이스성수	cafe	127.06235	37.54854
그레이펭귄커피	cafe	127.04339	37.54684
그레이핍플	cafe	127.04495	37.54600
그로브라운지	cafe	127.01918	37.55266
그로피	cafe	127.05199	37.56585
그루트클라이밍	activity	127.04857	37.54234
그룬트	food	127.05673	37.53978
그리너뚝섬점	food	127.04813	37.54850
그리노	food	127.05757	37.54807
그리다플러렌	shop	127.03160	37.56369
그리디힙히크	food	127.04568	37.54899
그릭커성수	food	127.04729	37.55118
그린건강생활	shop	127.01527	37.54376
그린노래연습장	activity	127.04631	37.54682
그린당구장	activity	127.05248	37.56382
그린도트	stay	127.04781	37.53813
그린랩	cafe	127.04059	37.54690
그린리추얼하우스	stay	127.06146	37.53961
그린미용재료	shop	127.05455	37.54174
그린비앤비	stay	127.05320	37.53753
그린빌	stay	127.04147	37.55913
그린스푼	food	127.05786	37.55869
그린엘리	food	127.04580	37.54878
그린웰빙한식부페	food	127.06530	37.54538
그린조이	shop	127.03839	37.56144
그린파파야향기	cafe	127.04824	37.56216
그린푸드	food	127.06446	37.54781
그린푸드	food	127.05161	37.54707
그린피아	stay	127.04488	37.55019
그린하우스	stay	127.04907	37.54860
그린하우스고시텔	stay	127.07172	37.55641
그린한식뷔페	food	127.04798	37.54585
그해그달	food	127.03233	37.56201
극동상가정육점	shop	127.01188	37.54268
근력학교	activity	127.04056	37.55870
근이네포차	bar	127.03453	37.56399
글라스타	shop	127.02506	37.56782
글라스파파	shop	127.04727	37.54785
글레이셔박	food	127.03973	37.54746
글로리칼국수	food	127.05445	37.54633
글로벌	shop	127.05609	37.54450
글로우	cafe	127.05857	37.54590
글루닉	cafe	127.04016	37.54697
글리머	bar	127.05524	37.54430
글리터	cafe	127.05414	37.53677
금강스토아	shop	127.05357	37.56342
금강유리산업	shop	127.03570	37.56661
금광건업	shop	127.05151	37.56423
금금	food	127.05665	37.53983
금남닭골뱅이	food	127.02277	37.54874
금남시장	shop	127.02273	37.54851
금남쌀롱	shop	127.01729	37.54846
금남유통	shop	127.02185	37.54855
금남정	bar	127.02151	37.54878
금녕곰탕	food	127.03507	37.56290
금대고깃간	shop	127.02226	37.54836
금돈옥	food	127.03372	37.55890
금돼지	food	127.05389	37.54821
금룡	food	127.04082	37.55991
금룡	food	127.04047	37.55956
금메달탁구장	activity	127.01476	37.54094
금방유통	shop	127.05105	37.53789
금배	shop	127.05211	37.56446
금별맥주	bar	127.05411	37.54609
금복상회	shop	127.03709	37.56732
금선숯불	food	127.01943	37.54848
금설우	food	127.04814	37.56905
금성당	shop	127.03028	37.55760
금성당구장	activity	127.04022	37.55896
금성면옥	food	127.02040	37.54872
금성전기	shop	127.05538	37.53857
금수원	food	127.02546	37.54779
금수저함바식당	food	127.05318	37.53907
금수저함바식당	food	127.05293	37.54215
금옥당	shop	127.04851	37.54793
금옥정	food	127.02443	37.54788
금이네	bar	127.02033	37.55375
금일식당	food	127.04838	37.54922
금향게스트하우스	stay	127.04080	37.54730
금호	shop	127.02339	37.54791
금호고사회적협동조합	shop	127.02344	37.55362
금호과일원두막	shop	127.02071	37.54822
금호그린스테이	stay	127.01959	37.55074
금호금남다이소	shop	127.02155	37.54788
금호다방	cafe	127.02183	37.54865
금호동닭강정	food	127.02009	37.54824
금호동매운닭발	food	127.02063	37.54889
금호동순대국	food	127.01957	37.55381
금호돼지집	food	127.01932	37.55461
금호만물	shop	127.02271	37.54842
금호모소리	food	127.01936	37.54821
금호미주리	bar	127.01771	37.54844
금호샤브	food	127.01987	37.54852
금호스테이	stay	127.02190	37.54847
금호스포츠	shop	127.02511	37.54570
금호스포츠센터	activity	127.02511	37.54570
금호안경	shop	127.02032	37.54823
금호알베르	cafe	127.02441	37.54768
금호족발	food	127.02121	37.54855
금호치킨	shop	127.02277	37.54880
금호트라이	shop	127.02233	37.54835
금호포차	food	127.02224	37.54895
금호프라자약국	shop	127.02273	37.54762
금호피혁	shop	127.05387	37.53868
금화돼지	food	127.03367	37.56307
기댈빙	food	127.04882	37.53856
기러기둥지성수	bar	127.05348	37.54286
기린	activity	127.06537	37.54879
기린약국	shop	127.00981	37.54162
기분조은무인편의점	shop	127.03600	37.56076
기분좋은날	bar	127.05322	37.56541
기분좋은한잔	bar	127.03137	37.56136
기빙플러스답십리역점	shop	127.05319	37.56645
기빙플러스왕십리역점	shop	127.03839	37.56144
기쁜전기	shop	127.01098	37.54055
기스	shop	127.04523	37.55090
기엔탄	food	127.04838	37.54922
기연각	food	127.05370	37.56303
기왕생고기	food	127.05510	37.54395
기지뜨개방	shop	127.05166	37.56290
기차역가는길	bar	127.03923	37.56095
기후	food	127.05615	37.54067
긱	food	127.02087	37.54817
긴자료코	food	127.04136	37.56157
길고양이마을성수협력점	cafe	127.05449	37.54531
길동우동	food	127.05408	37.54272
길동우동	food	127.01970	37.54847
길모퉁이커피	cafe	127.03957	37.56872
길상참숯양갈비	food	127.03305	37.56007
길선텔레콤	shop	127.04122	37.55965
길이식당	food	127.04341	37.56095
길조	food	127.01091	37.54156
김가네	food	127.01520	37.54426
김가네성수시그마밸리점	food	127.05510	37.54028
김가네왕십리텐즈힐점	food	127.02506	37.56782
김두만	food	127.05563	37.54823
김뚜껑부대찌개	food	127.05521	37.54791
김뚜껑부대찌개용답	food	127.05256	37.56366
김미정플라워	shop	127.02902	37.56423
김밥나라	food	127.01660	37.54262
김밥나라	food	127.04662	37.55450
김밥마루	food	127.02852	37.56018
김밥사랑	food	127.03339	37.56181
김밥천국	food	127.05120	37.54947
김밥천국	food	127.03469	37.56643
김밥친구들	food	127.01833	37.54105
김밥킹	food	127.05309	37.56616
김밥타운	food	127.03357	37.56197
김밥타운	food	127.05397	37.53741
김사부코다리	food	127.05510	37.54395
김수경한복	shop	127.02485	37.54825
김승현스시	food	127.03280	37.56263
김씨네한우	shop	127.04052	37.56973
김앤밥	food	127.06224	37.54832
김재선성동	stay	127.03173	37.56161
김종용누룽지통닭	food	127.04038	37.55994
김종욱커피	cafe	127.04952	37.54961
김첨지	food	127.05231	37.56349
까까를로	food	127.04701	37.54611
까사다루아	cafe	127.05095	37.53789
까치화방	food	127.06588	37.54639
까페아띠	cafe	127.03348	37.56541
깐부치킨	food	127.02554	37.54670
깐부치킨성수	food	127.05505	37.54535
깐부치킨옥수점	food	127.01565	37.54393
깐부치킨왕십리뉴타운점	food	127.02506	37.56782
깐부치킨행당역점	food	127.03082	37.55817
깜닭치킨	food	127.03358	37.55573
깜장드럼통	food	127.03216	37.56270
깡따구포차	food	127.04086	37.56039
깡우동	food	127.04047	37.55956
깡통집	food	127.06476	37.54621
깨비스크린	activity	127.02448	37.55553
꺅	bar	127.05487	37.53754
껍데기집	bar	127.03422	37.56276
꼬꼬스토리	food	127.02750	37.55820
꼬꼬스토리	food	127.04789	37.54930
꼬끼오	bar	127.03725	37.56966
꼬랑치킨	bar	127.03337	37.55942
꼬맹이김밥	food	127.03839	37.56144
꼬맹이네십자수	shop	127.03108	37.55277
꼬모윤	cafe	127.04297	37.54791
꼬밍	cafe	127.04011	37.56171
꼬숩다누룽지닭죽	food	127.03395	37.56487
꼬치방호프	bar	127.03062	37.56344
꼬치있어좋은날	bar	127.03431	37.56270
꼼베베	shop	127.05822	37.54258
꼼뽀스텔라	food	127.03405	37.55386
꽁당보리밥팥죽	food	127.03321	37.55946
꽃과친구들	shop	127.02166	37.54844
꽃나라분식	food	127.05436	37.53737
꽃남	cafe	127.01400	37.54671
꽃담아	shop	127.02017	37.55604
꽃돼지	bar	127.05902	37.53642
꽃보다족발	food	127.03433	37.56377
꽃보배스튜디오	shop	127.04402	37.54635
꽃봄	shop	127.05757	37.54807
꽃분홍양품	shop	127.02456	37.54797
꽃사슴네	shop	127.02686	37.56483
꽃을든남자	shop	127.04130	37.55982
꽃자람떡케이크	food	127.03990	37.56299
꽃찬찜닭	food	127.03719	37.55877
꽃팟왕십리역점	food	127.03839	37.56144
꽃향기플라워	shop	127.05505	37.54535
꽈배기에반한치킨	food	127.05760	37.53870
꽈백최선생	food	127.04801	37.56117
꽈플	food	127.03031	37.56435
꽝링	food	127.04047	37.55956
꾸까	shop	127.05609	37.54450
꾸꾸앤	shop	127.05219	37.56610
꾸리찌바	food	127.06630	37.54927
꾸브라꼬숯불두마리치킨	food	127.03082	37.56245
꾸이한끼	food	127.05387	37.53868
꿀단지	shop	127.05560	37.54678
꿈결	food	127.05380	37.53816
꿉는집답십리	food	127.05347	37.56450
끄트머리집	food	127.03998	37.55866
끌리오	shop	127.05256	37.56388
끝판왕그룹	bar	127.05822	37.54258
끼우자	shop	127.06445	37.54367
끽서울	food	127.04823	37.54242
나그네파전	bar	127.04018	37.55830
나나가챠	shop	127.04003	37.54778
나나횟집	food	127.04659	37.54694
나노티앤디	shop	127.05075	37.54842
나누리반찬	shop	127.03263	37.56111
나눔축산유통	shop	127.03819	37.57015
나능이버섯백숙	food	127.03076	37.56456
나들이	food	127.01925	37.55321
나라구한닭정통닭갈비	food	127.03398	37.56171
나라셀라	shop	127.04801	37.54551
나래울	bar	127.05929	37.53752
나루	food	127.04470	37.56754
나리솔루션	shop	127.06038	37.54852
나리정보	shop	127.03839	37.56144
나린제	food	127.05318	37.54939
나마스떼	food	127.03839	37.56144
나마쿠시모노	bar	127.02506	37.56782
나무	stay	127.03067	37.56462
나무약국	shop	127.02573	37.55166
나무의자	shop	127.04763	37.55031
나미	food	127.05405	37.54225
나비원	stay	127.03297	37.56402
나성식당	food	127.04844	37.54071
나씨상회	food	127.03485	37.55816
나애	shop	127.04470	37.55010
나영이네	food	127.01994	37.55396
나우마스	shop	127.04963	37.54869
나우와	food	127.06620	37.54919
나으리	food	127.05445	37.56400
나이브	shop	127.05599	37.53749
나이스두잉버거샵	food	127.05367	37.54409
나이스이즈굿	food	127.04240	37.54724
나인	shop	127.03839	37.56144
나인	shop	127.05280	37.54312
나인헤르츠	cafe	127.03634	37.55975
나주상회	shop	127.03555	37.55744
나츠가	food	127.04953	37.54581
나히차	cafe	127.04012	37.56136
낙곱새전문점낙원당	food	127.04813	37.56099
낙소당뚝섬역점	food	127.04696	37.54673
낙원그룹	food	127.04240	37.54724
낙원떡집	food	127.02750	37.55820
낙원스낵	bar	127.03960	37.56000
난포	food	127.04269	37.54711
날개	shop	127.03045	37.56416
남다른김밥	food	127.03839	37.56144
남다른본가닭한마리	food	127.05485	37.54368
남대문우리식당	food	127.03430	37.56353
남도순대국	food	127.04056	37.55870
남도정식	food	127.06515	37.56037
남도집	food	127.03500	37.56282
남매양꼬치	food	127.03303	37.56069
남매칼국수	food	127.04859	37.54522
남문한우숯불곱창	food	127.04033	37.56868
남사이곤노래연습장	activity	127.03326	37.56170
남산장어	food	127.02506	37.56782
남양전기	shop	127.05123	37.53788
남양정육점	shop	127.06738	37.55088
남영동양문	food	127.05510	37.54028
남원골추어탕	food	127.03500	37.56452
남원식당	food	127.04456	37.56772
남원집	food	127.04127	37.57126
남원추어탕	food	127.04332	37.56667
남원추어탕	food	127.01951	37.55435
남원추어탕	food	127.05192	37.56616
남원추어탕	food	127.03307	37.56105
남원추어탕통마늘오리	food	127.06537	37.54879
남짐릇	food	127.05580	37.54307
낫띵메터스	cafe	127.04980	37.55073
낭만포차한식점심부페	food	127.03450	37.56158
내가입고싶은옷	shop	127.02408	37.56659
내고향정육점식당	food	127.05394	37.53773
내러티브스테이	stay	127.04126	37.54675
내몸에맞는옷	shop	127.06746	37.55064
내사랑멍멍이	shop	127.04194	37.56586
내셔널지오그래픽성수	shop	127.04482	37.54701
내셔널지오그래픽엔터식스	shop	127.03839	37.56144
내잔서울혼술바	food	127.04636	37.54646
냉면육가	food	127.03213	37.56259
냉면참잘하는집성	food	127.03409	37.56486
냉장고와멸치똥	shop	127.04593	37.56080
냐항인성수	food	127.05101	37.54395
너디블루버로우	cafe	127.03598	37.55970
너랑나랑콩나물국밥삼겹살	food	127.05815	37.53666
너와집	food	127.05255	37.56334
너찜했닭	food	127.03013	37.56344
넘버파이브	bar	127.04661	37.54712
넛시드커피위스키	cafe	127.06861	37.55206
넝쿨마당	bar	127.03285	37.56089
네고	shop	127.02003	37.55379
네기라이브	food	127.05659	37.54365
네네치킨	food	127.02429	37.54834
네네치킨한양점	food	127.04149	37.56327
네스토리서울왕십리	stay	127.03217	37.56125
네스트플라워	shop	127.02756	37.55660
네스티해빗	shop	127.04646	37.54671
네오포유	shop	127.06572	37.54746
네옥스	shop	127.05679	37.54013
네이처리퍼블릭	shop	127.05609	37.54450
네이처리퍼블릭	shop	127.01589	37.54811
네이처리퍼블릭	shop	127.01833	37.54105
네이처리퍼블릭	shop	127.02903	37.56447
네이처리퍼블릭금호역점	shop	127.01589	37.54811
네이처리퍼블릭메트로왕십리역	shop	127.03666	37.56123
네이처리퍼블릭상	shop	127.02903	37.56447
네이처리퍼블릭성수역	shop	127.05609	37.54450
네이처리퍼블릭옥수역	shop	127.01833	37.54105
네이처컬렉션	shop	127.03737	37.57007
노가리슈퍼	bar	127.04058	37.56012
노가리슈퍼	bar	127.03294	37.56024
노다지복권방	activity	127.05368	37.54579
노랑마트	shop	127.02854	37.55729
노랑마트무학점	shop	127.02857	37.56290
노랑통닭	food	127.02506	37.56782
노랑통닭성동	food	127.02035	37.55345
노리들노리쌤서울	activity	127.02618	37.55451
노리터	food	127.01276	37.54278
노먼드	shop	127.06391	37.54315
노모어피자	food	127.02506	37.56782
노무라	food	127.03588	37.56569
노바	food	127.01953	37.55336
노바앤컴퍼니	shop	127.05559	37.53675
노베르	food	127.01975	37.54922
노블레스	shop	127.05448	37.54646
노블휘트니스	activity	127.04711	37.55013
노스누이	shop	127.05344	37.54843
노스타노바	stay	127.02657	37.55020
노아에프엔비	food	127.05800	37.54215
노아크하우스	stay	127.05255	37.56334
노앙	shop	127.04168	37.54789
노엘베	food	127.02253	37.54880
노엘의휴일	stay	127.03393	37.55617
노워리즈	food	127.02810	37.56354
노워리즈	cafe	127.05140	37.56499
노을	food	127.05777	37.54611
노이	bar	127.05599	37.53981
노크성수	shop	127.06038	37.54080
노투스휠	shop	127.04357	37.54841
녹두빈대떡	bar	127.04232	37.56539
녹터널	shop	127.05822	37.54258
논노패션후즈후즈넥스트	shop	127.02457	37.54827
논산족발	shop	127.04050	37.57139
논스톱샌드위치	food	127.04982	37.53884
놀란닭	food	127.04047	37.55956
놀부치킨	bar	127.05322	37.56541
놀숲	cafe	127.04067	37.55894
농심야채	shop	127.03189	37.56644
농우촌	shop	127.05574	37.53621
높은산	cafe	127.05415	37.53686
높은집종가산꼼장어	food	127.03285	37.56089
누가의료기	shop	127.04837	37.54862
누들보쌈배달만족	food	127.02506	37.56782
누리축산	shop	127.04052	37.56973
누림축산	shop	127.01982	37.54842
누메로도스	food	127.04735	37.54642
누메로뜨레쓰	food	127.04869	37.54259
누벨마리	shop	127.03729	37.55876
누아레터링케이크	food	127.05001	37.53962
누아흐	cafe	127.04986	37.54948
누하스	shop	127.04908	37.54466
눈꽃돼지	food	127.04670	37.54623
눈안경원	shop	127.02211	37.54797
뉴날개	shop	127.05420	37.53771
뉴뉴	shop	127.05941	37.54138
뉴모닝마트	shop	127.05546	37.53738
뉴발란스	shop	127.03839	37.56144
뉴스타텔	shop	127.05446	37.53980
뉴아렌	shop	127.05390	37.56221
뉴앳던	cafe	127.04404	37.54647
뉴요크	cafe	127.05387	37.53868
뉴이어	shop	127.04840	37.54659
뉴트로성수	shop	127.06093	37.54125
뉴폼온리	shop	127.05243	37.54645
뉴프로토콜	shop	127.05379	37.53793
느낌	food	127.02426	37.54834
느루성수	stay	127.04908	37.53713
늘꽃길	shop	127.04736	37.54719
늘꽃처럼	shop	127.03839	37.56144
늘봄	food	127.04476	37.54721
늘봄보청기성동	shop	127.03290	37.56013
늘사랑	food	127.03566	37.56579
늘푸른건강원	shop	127.03031	37.55750
능동미나리성	food	127.05396	37.54277
능한이네	food	127.03487	37.56290
니드	cafe	127.05865	37.54130
니드스윗	cafe	127.04571	37.54904
니어	shop	127.04301	37.54683
니온밸리주짓수	activity	127.05081	37.54568
니캉내캉	food	127.04003	37.55966
니키바이킨토라	food	127.02183	37.54865
니트	shop	127.05789	37.53776
닉앤노라스바	bar	127.02122	37.55155
닐스라운지	bar	127.04783	37.54239
닛시플라워	shop	127.02578	37.55116
다나을약국	shop	127.01694	37.54868
다농	shop	127.02163	37.54796
다니	shop	127.04557	37.55093
다다오브제	shop	127.05722	37.54391
다담	food	127.06361	37.54731
다도식당	food	127.05400	37.54546
다락김밥	food	127.04130	37.56128
다락방	bar	127.01926	37.54820
다로베	food	127.04341	37.54857
다모아	shop	127.04801	37.56117
다모아당구장	activity	127.05546	37.53738
다모아리빙텔	stay	127.05930	37.53658
다모토리혼	food	127.05646	37.54528
다미	food	127.04588	37.54609
다미	shop	127.01616	37.54911
다미분식	food	127.04458	37.56116
다보석	shop	127.01218	37.54227
다비치안경	shop	127.02753	37.56462
다사랑	bar	127.03566	37.56579
다사랑	food	127.04016	37.55859
다색	stay	127.02980	37.56344
다솜스테이	stay	127.03027	37.56238
다시올치킨호프	food	127.04673	37.56044
다안로지스	shop	127.05391	37.56249
다연	food	127.06515	37.56037
다온	food	127.03554	37.56567
다온	shop	127.05248	37.56660
다온교역	shop	127.04646	37.54409
다온스시	food	127.02480	37.56533
다올찰떡	food	127.03086	37.56766
다올텔레콤	shop	127.03292	37.55995
다옴	shop	127.05373	37.54697
다우리한식뷔페·펀비어킹	bar	127.05402	37.56459
다우웍스	shop	127.04854	37.53871
다우푸드	shop	127.03734	37.57048
다운즈	food	127.04661	37.54712
다윤마켓	shop	127.04270	37.54762
다이돌핀	shop	127.01306	37.54067
다인몰	shop	127.02020	37.55128
다일레더	shop	127.05007	37.53979
다주막	food	127.04542	37.54703
다트팩토리	bar	127.03993	37.55988
다현목포낙지	food	127.03406	37.56335
다호미스테이	stay	127.03393	37.55617
닥터로빈옥수점	food	127.01266	37.54269
닥터맘마	shop	127.04717	37.54606
닥터홍가정의학과의원	shop	127.01648	37.54258
단과일	shop	127.01755	37.54844
단과자	cafe	127.05814	37.53788
단단포케	food	127.01949	37.54665
단비상자	shop	127.02688	37.55022
단아떡방	food	127.03353	37.55190
단아한에프앤비	cafe	127.03860	37.55475
단일서울	cafe	127.04552	37.54309
단잠성수	stay	127.06186	37.53934
단편선성수	activity	127.05747	37.54387
달	bar	127.03998	37.55951
달구벌반점	food	127.06191	37.54662
달구지	food	127.03490	37.56394
달꽃담	food	127.02377	37.55623
달꿍	food	127.03062	37.56146
달님이네	food	127.06151	37.54590
달다고미	shop	127.04271	37.54785
달다곰이행당	cafe	127.02875	37.55657
달달	shop	127.02086	37.54889
달당	shop	127.01603	37.54239
달디	food	127.01459	37.54108
달떡볶이	food	127.01747	37.54824
달라는대로	food	127.04895	37.53835
달래통신	shop	127.03074	37.56658
달래하우스	stay	127.05067	37.54458
달리는포차	food	127.03508	37.56633
달링키친	shop	127.04883	37.54128
달맞이광장바베큐	food	127.05326	37.54514
달맞이근린공원	nature	127.02100	37.54340
달무리떡	food	127.04525	37.56591
달인의족발	food	127.03379	37.56322
달임막	food	127.05375	37.54282
달주막창	food	127.02503	37.55515
달쥬과일상점성수	shop	127.04762	37.55044
달콤연구소	shop	127.04851	37.54802
달콤왕가탕후루	food	127.04505	37.54516
달콤왕가탕후루답십리역점	food	127.05456	37.56499
달콤커피성수트러스톤점	cafe	127.04650	37.54214
달콤커피엔터식스	cafe	127.04019	37.55714
달콤테이블	cafe	127.01459	37.54108
달콤한카페	cafe	127.03732	37.56985
달크레페	food	127.03978	37.56072
달팽이	food	127.05426	37.53635
달포차	bar	127.04088	37.56026
닭갈비집	food	127.03358	37.55573
닭치고두루치고	food	127.05402	37.53821
닭한마리뚝닭	food	127.05449	37.54467
닭한마리칼국수	food	127.01994	37.55396
닭한마리칼국수	food	127.06195	37.54833
담꾹금호역점	shop	127.01641	37.55133
담담	activity	127.03798	37.56905
담담	shop	127.03321	37.56212
담록	food	127.04385	37.54695
담미온	food	127.05788	37.54515
담바골	food	127.04903	37.54766
담소소사골순대성수시그마밸리점	food	127.05510	37.54028
담솥왕십리역점	food	127.03839	37.56144
담온재	stay	127.03130	37.56298
담쟁이	food	127.03516	37.56300
답십리에어컨	shop	127.05074	37.56628
닷	cafe	127.04726	37.55128
당근아이스앤문구	shop	127.01815	37.55628
당나귀금거래소	shop	127.02348	37.54801
당당	food	127.06195	37.54833
당당	shop	127.04540	37.54838
당도	food	127.04524	37.54471
대게신랑조개신부	food	127.03502	37.56607
대광	bar	127.04000	37.55846
대광상회	shop	127.04468	37.54995
대광상회	shop	127.05410	37.56300
대광식당	food	127.05650	37.53833
대구뭉티기	food	127.05449	37.54586
대기만성	food	127.02465	37.56153
대길유통	shop	127.03887	37.56890
대나무컴퍼니	shop	127.03909	37.57112
대낚식당	food	127.05518	37.54156
대도가구총판	shop	127.03421	37.56505
대도상사	shop	127.04148	37.56413
대도숯불구이	food	127.05309	37.56554
대도양품	shop	127.03473	37.56606
대도전장	shop	127.03114	37.56455
대돈집	food	127.04562	37.54867
대동유리	shop	127.05207	37.53785
대동주방	shop	127.03015	37.56098
대동집	bar	127.04021	37.56050
대림골프	activity	127.03541	37.55190
대림닭강정왕십리역사점	food	127.03839	37.56144
대명고기친구한우	shop	127.04152	37.56961
대명소곱창	food	127.03491	37.56227
대명전기	shop	127.05295	37.54869
대물장어	food	127.03467	37.56398
대물회포차	food	127.04560	37.54634
대박노래연습장	activity	127.05433	37.54555
대박로또	activity	127.05211	37.56328
대박복권방	activity	127.03417	37.56270
대박식당	food	127.03862	37.56935
대성갈비	food	127.04845	37.54625
대성닭집	shop	127.05333	37.56359
대성명가유통	shop	127.04028	37.56943
대성슈퍼	shop	127.03231	37.56668
대성식당	food	127.04819	37.56086
대성유통	shop	127.05166	37.56290
대성장	food	127.04126	37.56536
대성정	food	127.05365	37.53797
대성정보이동통신	shop	127.04082	37.55991
대성집	food	127.05897	37.54394
대성축산	shop	127.03901	37.56936
대승축산	shop	127.03859	37.56851
대연각	food	127.04870	37.56214
대엽	food	127.04855	37.54261
대영부동마트	shop	127.07144	37.55627
대영유리	shop	127.06840	37.56033
대용축산	shop	127.04052	37.56973
대우식품	shop	127.06234	37.56089
대우약국	shop	127.01995	37.54703
대우장여관	stay	127.03589	37.56546
대운복권	activity	127.03037	37.56361
대원슈퍼	shop	127.05259	37.53713
대원참숯구이	food	127.03167	37.56421
대인	shop	127.05618	37.53835
대일부산물	shop	127.04176	37.57040
대일슈퍼	shop	127.03713	37.56918
대종의료기	shop	127.06578	37.54749
대중한우소곱창	food	127.02624	37.54928
대지다방	cafe	127.06515	37.56037
대지사	activity	127.03047	37.56433
대진미트	shop	127.04087	37.56916
대진에프앤에프노가리마켓더그린	bar	127.04386	37.54618
대찬식당	food	127.02694	37.56665
대창종합상사	shop	127.06806	37.55261
대촌정	food	127.03221	37.56684
대취	food	127.05464	37.54311
대패상회	food	127.03433	37.56401
대포차	food	127.05589	37.53713
대풍약국	shop	127.04201	37.56014
대학서적한양대기념품점주	shop	127.04662	37.55450
대학서적한양여자대학교주	shop	127.04932	37.55792
대학약국	shop	127.04158	37.55996
대한공인금거래소한남옥수점	shop	127.01654	37.54167
대한냉장유통	shop	127.03741	37.56704
대한상사	shop	127.06766	37.55027
대한치과의사협회	activity	127.05860	37.54910
대현산체육관	activity	127.03011	37.55402
대흥상사	shop	127.04052	37.56973
대흥정육식당	food	127.04399	37.53910
댓길	food	127.04331	37.54819
더가루	activity	127.02687	37.57027
더갓	food	127.05533	37.54291
더고메	food	127.01410	37.54672
더곱	food	127.04049	37.56068
더구공탄	food	127.04047	37.55956
더그린스테이션	stay	127.04928	37.55020
더그린썸	shop	127.02634	37.56917
더근본	bar	127.04709	37.54626
더꽁꽁	shop	127.06593	37.54891
더다미	bar	127.05441	37.54624
더데이컴퍼니	cafe	127.04293	37.54622
더레모네이드서울숲	food	127.04003	37.54739
더루나	food	127.05221	37.54285
더룸넥스트도어	shop	127.04463	37.54953
더리버하우스	shop	127.04904	37.54226
더리즌	cafe	127.02999	37.55748
더리피플라워	shop	127.02016	37.55588
더마바이오테크놀로지사우스	shop	127.06038	37.54852
더마에스틱	shop	127.05562	37.54355
더마일스톤성수	cafe	127.04279	37.54745
더마틴	food	127.03960	37.54721
더맛있는족발보쌈	food	127.04047	37.55956
더메이크	food	127.03578	37.56369
더멜로우	stay	127.02141	37.55205
더뮤지엄비지터	shop	127.05380	37.54910
더미라리	shop	127.02301	37.55760
더바로	shop	127.05510	37.54028
더바른버거프랭크버거성수생각공장점	food	127.06528	37.54676
더반베를린성수	food	127.06021	37.54076
더반푸드	food	127.04956	37.54547
더밝은약국	shop	127.03976	37.56117
더베이커리준	food	127.06696	37.55208
더베이크	food	127.03839	37.56144
더베이크왕십리역점	food	127.03666	37.56123
더베이크한양대역	food	127.04358	37.55557
더벤티성수아이에스점	cafe	127.05757	37.54807
더벤티성수카페	cafe	127.05437	37.53940
더벨	food	127.05763	37.53757
더벨뷰티	shop	127.03189	37.56071
더블	bar	127.03210	37.56626
더블디벨롭먼트	food	127.05449	37.54467
더블랙	food	127.03236	37.56028
더블베이프성수	shop	127.05401	37.54261
더블업홀덤펍	bar	127.04030	37.55981
더블에잇	shop	127.03839	37.56144
더블원골프	activity	127.01641	37.55133
더블원골프	shop	127.01642	37.54889
더블유씨피컴퍼니	shop	127.05563	37.54823
더블유앤디	shop	127.04276	37.54632
더블유앤리푸드	food	127.03201	37.56055
더블유엠엠스튜디오스	shop	127.05915	37.53639
더블피루엣	shop	127.05479	37.54721
더블하이트갤러리카페	cafe	127.05463	37.54168
더블핸드스테이크	food	127.04573	37.54644
더비즈랩한양여대본관점	cafe	127.04752	37.55719
더빌리져	cafe	127.02135	37.54740
더쁘띠엠	shop	127.06198	37.54449
더사르르	shop	127.02628	37.55161
더사르르응봉점	shop	127.02899	37.54953
더서울라이티움	heritage	127.04326	37.54553
더서울스크롤	stay	127.03348	37.56111
더성수	stay	127.04621	37.54574
더성수스테이	stay	127.05163	37.54388
더소야소	food	127.05379	37.56438
더쉼	stay	127.03868	37.55804
더스테이	stay	127.06677	37.56049
더스테이	stay	127.03303	37.56252
더스테이모텔	stay	127.03493	37.56274
더스토리지커피랩	cafe	127.04678	37.56059
더써드	shop	127.04582	37.54691
더씨에스엠	shop	127.01797	37.54612
더양평해장국	food	127.05563	37.54823
더양평해장국	food	127.05402	37.53796
더에이치에스	activity	127.05727	37.54339
더오브제	shop	127.02284	37.55081
더올리브	cafe	127.01607	37.54486
더우	shop	127.03250	37.56594
더욱	shop	127.01181	37.54103
더원플랫폼	shop	127.05746	37.54770
더월클라이밍성	shop	127.06528	37.54676
더육회	food	127.02506	37.56782
더이레	shop	127.05448	37.54646
더자기	shop	127.03212	37.56744
더존푸드	food	127.05822	37.54258
더좋은	shop	127.04192	37.55723
더좋은내일협동조합	shop	127.04389	37.54883
더즌오이스터	food	127.04223	37.54728
더즌파스타바	food	127.04225	37.54732
더지앤	shop	127.03920	37.56111
더진국	food	127.04045	37.55858
더카페신방	cafe	127.03514	37.56209
더컨디셔닝	activity	127.02143	37.55306
더케이브	shop	127.04301	37.54683
더케이브	shop	127.04850	37.54200
더케이에스씨엠	shop	127.05505	37.54535
더코너	food	127.06962	37.55571
더코너키친	food	127.01655	37.54186
더코드	activity	127.03990	37.55929
더코지성수	stay	127.06181	37.53980
더퀸	shop	127.03834	37.56177
더클래식	food	127.04105	37.56050
더타코부스	food	127.05508	37.54315
더파킹랏	bar	127.04652	37.54654
더파트바디랩	activity	127.04560	37.54634
더페이지갤러리	heritage	127.04326	37.54553
더편한보청기	shop	127.04861	37.53942
더풋샵왕십리민자역사점	shop	127.03839	37.56144
더프레드	shop	127.03223	37.55079
더플랜비글로벌	shop	127.05035	37.54740
더피걀	bar	127.05569	37.53732
더픽브릭	stay	127.05442	37.53628
더홀릭보드게임왕십리역점	activity	127.04088	37.56026
더홀릭보드게임카페왕십리역점	food	127.04088	37.56026
더홈스테이어	stay	127.06014	37.53610
더힘찬약국	shop	127.02273	37.54762
덕구복구	food	127.01967	37.55406
덕산가	food	127.03500	37.55861
덕수식당	food	127.04961	37.53936
덕흥정육점	shop	127.02537	37.55539
덤서울	food	127.05448	37.53884
덤웍스컴퍼니	food	127.05414	37.53677
덮담왕십리	food	127.03248	37.56222
데니지	stay	127.02715	37.56407
데비	bar	127.01692	37.54169
데상트	shop	127.03839	37.56144
데우스엑스마키나성수동	shop	127.05185	37.54543
데이롱카페왕십리무학봉점	cafe	127.02990	37.56089
데이릿	food	127.04700	37.54693
데이지	shop	127.02854	37.55729
데일리파스타성동	food	127.02735	37.56344
델리	food	127.03500	37.56452
도그버디금호	shop	127.02303	37.54834
도기야	shop	127.05048	37.54948
도깨비	activity	127.05140	37.53812
도깨비	shop	127.01976	37.54886
도깨비	shop	127.01970	37.54847
도깨비칼국수	food	127.03086	37.55805
도깨비코인노래연습장	activity	127.04027	37.55912
도깨비코인노래연습장	activity	127.03269	37.56214
도네누	food	127.05310	37.56381
도담베베	shop	127.02754	37.55625
도담삼겹살	food	127.02292	37.54862
도담순대국	food	127.05388	37.54215
도돗	food	127.04595	37.54618
도디치	food	127.05023	37.54923
도래곱창금호	food	127.02544	37.54768
도레미약국샾	shop	127.05763	37.54207
도렐	cafe	127.05442	37.54378
도로시핫도그	food	127.03263	37.56111
도르리바게트	food	127.02423	37.54780
도르리반미	food	127.02423	37.54780
도르미릴렉스	shop	127.04914	37.54450
도리신닭도리탕	food	127.07145	37.55642
도리짱	food	127.04573	37.56100
도미노피자	food	127.02355	37.55917
도미노피자	food	127.04785	37.54087
도미노피자옥수점	food	127.01441	37.54340
도미노피자행당점	food	127.03704	37.56704
도믹스	bar	127.04982	37.53672
도선고사회적협동조합	shop	127.02700	37.56685
도선상회	food	127.03587	37.56446
도스마스	food	127.04030	37.55837
도스타코스	food	127.01930	37.55352
도스팩토리	food	127.05448	37.54646
도시곳간	shop	127.04846	37.54842
도시곳간군자점	shop	127.07144	37.55627
도심속캠핑장	stay	127.03499	37.55998
도쎄멕시칸	food	127.04522	37.54275
도어스낙낙성수	stay	127.05575	37.54206
도우또성수	food	127.04267	37.54705
도이도이	shop	127.04746	37.54199
도이주	shop	127.04831	37.54874
도죠	food	127.05777	37.54611
도치피자성수	food	127.05038	37.54403
도쿄유즈드	shop	127.05105	37.53789
도토르	cafe	127.06330	37.54681
도토리오븐성수	food	127.05370	37.54360
도호	food	127.02012	37.55408
독보	food	127.04863	37.54881
독스타씨앤씨	food	127.03839	37.56144
독일아이즈	shop	127.02037	37.55454
돈가스짱금남	food	127.02211	37.54840
돈가츠야	food	127.02875	37.55657
돈까스전원	food	127.03410	37.56364
돈대감	bar	127.03063	37.56687
돈랑카랑	food	127.05465	37.53804
돈맛탱	food	127.03483	37.55805
돈벼락맛집	food	127.04907	37.54615
돈슐랭	food	127.03322	37.55873
돈앤박	food	127.03054	37.54965
돈이야춘향골	food	127.04882	37.53836
돈카츠프라이왕십리역점	food	127.03450	37.56158
돌삼겹나들목	food	127.03022	37.56383
돌화격닭강정왕십리역점	food	127.03920	37.56111
돔스크린골프	activity	127.03839	37.56144
돔카페	cafe	127.03834	37.56177
동강	food	127.06530	37.54538
동경	activity	127.03480	37.56284
동구식당	food	127.01976	37.54695
동국전기	shop	127.05563	37.54823
동글동글	food	127.02779	37.56459
동남산업	shop	127.04274	37.56626
동네노래연습장	activity	127.03197	37.56023
동네식품	shop	127.02451	37.54947
동네언니	food	127.02014	37.54808
동네오빠	bar	127.03400	37.56328
동네커피	cafe	127.05244	37.56425
동래파전	food	127.04030	37.55981
동막골	food	127.03597	37.56482
동명여인숙	stay	127.05638	37.53506
동명축산	shop	127.03861	37.56978
동명한우	shop	127.03861	37.56978
동문의료기	shop	127.04134	37.55948
동문전기	shop	127.03359	37.56557
동방스크린골프	activity	127.03704	37.56629
동방양꼬치	food	127.04109	37.56065
동보성	food	127.01617	37.54270
동부슈퍼	shop	127.06893	37.55931
동부식당	food	127.06946	37.55973
동빙고성수	food	127.04385	37.54695
동산히어링스타키보청기성동지점	shop	127.03451	37.56221
동서울보육사	shop	127.03119	37.54949
동수원숯불갈비	food	127.05398	37.56437
동순루	food	127.02805	37.56157
동신식당	food	127.05515	37.53825
동아글로벌	shop	127.04113	37.55621
동원각	food	127.02170	37.54791
동원식당	food	127.03618	37.56636
동원장모텔	stay	127.03629	37.56680
동원차유리	shop	127.06515	37.56037
동유통상	shop	127.06818	37.55135
동이나	food	127.03602	37.55210
동인한우	shop	127.03921	37.57007
동치미	food	127.05023	37.54923
동틀약국	shop	127.06502	37.54456
동해루	food	127.03665	37.55814
동해안백골뱅이	food	127.03469	37.56239
동현사	shop	127.03741	37.56704
동호마을	food	127.06199	37.54771
동호일식	food	127.05591	37.56400
돼랑이	food	127.03680	37.56491
돼지공탕하우	food	127.05563	37.54823
돼지꿈	food	127.04047	37.55956
돼지네	food	127.05485	37.54368
돼지맘	food	127.04753	37.54609
돼지미식방	food	127.03500	37.56395
두그릇	food	127.04985	37.54722
두근두근정육	shop	127.04794	37.53868
두꺼비당구장	activity	127.04738	37.53886
두께	food	127.03267	37.56911
두끼	food	127.04149	37.56029
두남자의개수작	food	127.04431	37.54723
두니부	shop	127.05865	37.54331
두두두	shop	127.05961	37.54312
두루치기김치찌개	food	127.06543	37.54733
두리김치	shop	127.06793	37.55122
두리식품	shop	127.06131	37.54540
두마리찜닭두찜	food	127.04103	37.55631
두번째마카롱	food	127.03052	37.56325
두부식당	food	127.04152	37.56961
두성디앤씨	cafe	127.04165	37.55738
두성씽크대	shop	127.03641	37.56668
두성이앤씨	shop	127.04634	37.56588
두영종합주방	shop	127.02506	37.56782
두온컴퍼니	shop	127.04997	37.54468
두정컴퍼니	shop	127.03390	37.56275
두찜성동	food	127.02290	37.54851
두찜성동	food	127.02506	37.56782
두찜성동	food	127.06530	37.54538
두찜성동	food	127.05161	37.54707
두호실업	shop	127.04046	37.57117
둘둘치킨	food	127.01660	37.54234
둘둘치킨	food	127.05522	37.53742
둘둘치킨	food	127.03463	37.56270
둘둘치킨금호	food	127.02605	37.54852
둘둘치킨성수	food	127.04837	37.54862
둘세	cafe	127.03734	37.57048
둘시제과점	food	127.03025	37.56334
둘쭈라성수	bar	127.05535	37.54710
둥지	stay	127.03145	37.56223
둥지원룸텔	stay	127.03757	37.57114
뒷돈산	food	127.03960	37.56000
드라마티크	shop	127.05145	37.54373
드라이빙존운전면허함께하는사람들	activity	127.03868	37.55804
드로우스트링	shop	127.05020	37.53946
드로잉북스	shop	127.03667	37.55999
드롭드롭드롭	shop	127.06023	37.54086
드림고시텔	stay	127.04125	37.55712
드림디포	shop	127.04140	37.56170
드림디포행당점	shop	127.03060	37.55800
드림복권	activity	127.03493	37.56040
드림오피스성동	shop	127.03567	37.56400
드림월드	shop	127.04158	37.55996
드림캐스크	shop	127.05187	37.54251
드림커뮤니티	shop	127.02902	37.56423
드림코스메	shop	127.03028	37.56595
드림코어	activity	127.06507	37.54470
드립온행당점	cafe	127.03358	37.55573
드벨라플라워	shop	127.01875	37.54609
드소영	food	127.03513	37.55742
든든약국	shop	127.05690	37.54464
든든한떡집	food	127.02012	37.55408
든든한한끼	bar	127.04047	37.55956
들창코	food	127.04541	37.56747
등대집	bar	127.04053	37.56089
등불	food	127.05437	37.54558
등촌샤브칼국수	food	127.02506	37.56782
등촌샤브칼국수	food	127.05511	37.54073
등촌샤브칼국수	food	127.01941	37.55416
등촌샤브칼국수옥수점	food	127.01800	37.54167
등촌샤브칼국수왕십리역점	food	127.03425	37.56298
디그니티	shop	127.04662	37.55450
디노트서울	shop	127.05736	37.54588
디닷츠	shop	127.05550	37.53577
디디디	cafe	127.05808	37.54128
디디바이크	shop	127.03390	37.56623
디딤돌	shop	127.05920	37.53596
디렉토	shop	127.05401	37.54192
디마디	shop	127.05756	37.54293
디무무	cafe	127.02638	37.55013
디뮤지엄	heritage	127.04329	37.54454
디비티에	shop	127.06192	37.54548
디셈브레	activity	127.05681	37.53859
디씨넷알파	shop	127.03236	37.56106
디아트랩	shop	127.05503	37.54953
디앤비스포츠서희휘트니스	activity	127.06946	37.55973
디어랑	shop	127.05035	37.54740
디어벌스데이	food	127.04364	37.54819
디어패밀리	shop	127.05510	37.54028
디얼성수	stay	127.05359	37.53671
디에그	food	127.04865	37.54507
디에떼지앤씨글로벌	cafe	127.04844	37.54613
디에떼지앤씨글로벌	cafe	127.05414	37.54565
디에즈나누리잡화점	bar	127.05474	37.54280
디에즈리볼리	food	127.05597	37.54270
디에즈마를리	cafe	127.05474	37.54280
디에즈밀리분식	food	127.05474	37.54280
디에즈방춘리	food	127.05497	37.54319
디에프아이꿉당	food	127.05764	37.54322
디에프컴퍼니	shop	127.05715	37.54573
디엘안경	shop	127.04773	37.54983
디엠큐케	stay	127.04705	37.53825
디엠푸드	shop	127.05310	37.53811
디엣지	activity	127.05945	37.56114
디오	stay	127.06519	37.54852
디오디네르	shop	127.04301	37.54720
디자인팬시	shop	127.06673	37.54972
디자인풋볼	activity	127.05042	37.55033
디진테제하이카페	cafe	127.04413	37.54792
디짐	activity	127.04849	37.54812
디카페	cafe	127.01098	37.54055
디케이투	activity	127.03990	37.55929
디클래식안경원	shop	127.03142	37.56379
디키즈	shop	127.06079	37.54091
디팍스	shop	127.05467	37.54463
디포서울	shop	127.05350	37.54939
디플랜성	cafe	127.05289	37.54941
디핀버터	shop	127.01266	37.54269
디핀옥수	food	127.01266	37.54269
딜런티	shop	127.05510	37.54028
딜리셔스보틀샵	shop	127.02408	37.56659
딤스킨	shop	127.04834	37.54228
딤플	bar	127.05930	37.53658
딥아틀리에	shop	127.05498	37.53829
딩가딩가노래연습장	activity	127.02604	37.54761
따우전드	cafe	127.05031	37.54464
딱따구리문구	shop	127.04311	37.55639
땅끝마을회뜨는집	food	127.04903	37.54766
땅스부대찌개	food	127.04821	37.54913
땅스부대찌개	food	127.02092	37.54840
땅스부대찌개용답	food	127.05310	37.56381
땅코참숯구이	food	127.03303	37.56069
땡벌	bar	127.03424	37.56261
땡초꼼장어	food	127.04631	37.54682
떡마을	food	127.05364	37.53783
떡보의하루성수	food	127.05065	37.53806
떡볶이참잘하는집떡참성동	food	127.02506	37.56782
떡붕	bar	127.04727	37.53932
떡세스	food	127.03252	37.56667
떡이랑한과랑	food	127.04826	37.54892
떼루와	cafe	127.04849	37.54812
떼르드에떼	shop	127.04837	37.53889
또또생고기	food	127.04479	37.54987
또래오래	food	127.02555	37.54561
또래오래	food	127.03940	37.56134
또래오래	food	127.05421	37.53887
또래오래행당점	food	127.03573	37.55646
또바기치킨	bar	127.05309	37.56616
또보겠지말랑쉼표	food	127.04618	37.54659
또봉이통닭	food	127.05412	37.56426
또아	cafe	127.02408	37.56659
또와	bar	127.04970	37.53906
또와	food	127.05324	37.54817
또와문구	shop	127.03061	37.56192
또와분식	food	127.04322	37.56719
또치참숯생고기	food	127.05463	37.53759
똥파리	bar	127.03322	37.56239
뚜뚜토스트앤커피	cafe	127.05518	37.53766
뚜레쥬르	food	127.01871	37.54843
뚜레쥬르	food	127.05713	37.54514
뚜레쥬르금호	food	127.02636	37.54668
뚜레쥬르왕십리민자역사점	food	127.03839	37.56144
뚜레쥬르카페	food	127.06528	37.54676
뚜레쥬르행당	food	127.03343	37.55882
뚜바비앙	shop	127.05557	37.54485
뚜어디브아	shop	127.05266	37.54444
뚜흐느솔	food	127.05741	37.54604
뚝도공방	shop	127.05387	37.53868
뚝도국수	food	127.05457	37.53740
뚝도농원	food	127.05323	37.54529
뚝도돼지	food	127.05454	37.53773
뚝도리탕	food	127.05535	37.53778
뚝도살롱	food	127.04938	37.54632
뚝도상사	shop	127.05402	37.53796
뚝도수산	food	127.05436	37.53808
뚝도시장경기상회	shop	127.05428	37.53820
뚝도지기	food	127.05464	37.53791
뚝도청춘상인회협동조합	cafe	127.05386	37.53796
뚝도청춘시장	shop	127.05483	37.53780
뚝방전설	food	127.02241	37.55320
뚝방집	food	127.04050	37.57139
뚝배기양평해장국	food	127.05616	37.54419
뚝섬건강원	shop	127.05703	37.53818
뚝섬김밥	food	127.04907	37.54615
뚝섬낙원식당	food	127.05004	37.54679
뚝섬노래연습장	activity	127.05546	37.53738
뚝섬당구클럽	activity	127.04878	37.54730
뚝섬대만우육면	food	127.04844	37.54620
뚝섬도락	food	127.06277	37.54665
뚝섬두꺼비왕식자재마트주	shop	127.05500	37.53851
뚝섬띵	shop	127.04736	37.54719
뚝섬명품족발퓨전포차	food	127.04878	37.54730
뚝섬물총칼국수	food	127.04947	37.54625
뚝섬미술관	heritage	127.04833	37.54721
뚝섬생고기	food	127.04825	37.54035
뚝섬수예점	shop	127.05415	37.53776
뚝섬숯불갈비	food	127.04429	37.54712
뚝섬스타약국	shop	127.04910	37.54644
뚝섬식품	shop	127.05380	37.53816
뚝섬역점빽다방	cafe	127.04951	37.54633
뚝섬정보	shop	127.04837	37.54862
뚝섬플레이스	food	127.05462	37.53769
뚝섬해물탕	food	127.05569	37.53732
뚝섬현대유통	shop	127.04703	37.53918
뚝섬호호스테이	stay	127.04344	37.54694
뚝시돈	food	127.05380	37.53807
뚱보집	food	127.05437	37.54558
뚱스필드	cafe	127.05502	37.54576
뚱이감자탕	food	127.02046	37.54852
뚱이네포차	food	127.06077	37.56097
뚱타코	food	127.03323	37.56133
뛰뚜아멍	food	127.06669	37.54965
뜨개공방손수	shop	127.05508	37.56391
뜨돈	food	127.02393	37.55681
뜨아아아커피집	cafe	127.03505	37.56031
뜸들이다	food	127.04846	37.54842
뜻밖의즐거움성수	shop	127.05020	37.54391
띠꼬	food	127.04908	37.55076
띠오니	shop	127.05823	37.54141
띵똥와플	food	127.03948	37.56023
라곰공방	shop	127.01903	37.54689
라그라스쥬얼리	shop	127.05145	37.54374
라나빌레구유진수선	shop	127.02750	37.55820
라네스트	shop	127.01188	37.54268
라도무쇠곱창	food	127.05150	37.56274
라따뚜이케이크	food	127.02637	37.56909
라떼킹	cafe	127.04489	37.54636
라띠수애	shop	127.06528	37.54676
라라면가	food	127.04478	37.54719
라라스톤디자인랩	shop	127.04976	37.53857
라리푸드	food	127.03712	37.55883
라메종쥬	shop	127.04374	37.54672
라멘새노야	food	127.04084	37.56170
라면판다	food	127.04840	37.54659
라무라	bar	127.05599	37.53981
라무진성수카페	food	127.05615	37.54113
라바바베이커리	food	127.04301	37.54720
라바우언	shop	127.04508	37.54909
라베니	shop	127.05029	37.54728
라베이유드플라워	shop	127.06047	37.54031
라벨라다	food	127.04663	37.54664
라보엠	food	127.05324	37.54817
라브리성수	stay	127.04652	37.54569
라성매점	shop	127.05788	37.54515
라성식자재	shop	127.05788	37.54515
라성천사	food	127.06330	37.54681
라성키친	food	127.05788	37.54515
라스베이글	cafe	127.05187	37.54251
라시트포	shop	127.04024	37.54716
라에비뉴	cafe	127.05398	37.54656
라엔뉴컴퍼니	food	127.02875	37.55657
라온	cafe	127.04036	37.56050
라온석갈비	food	127.05716	37.54579
라온스포츠	activity	127.05289	37.54581
라온탑	shop	127.05934	37.54477
라온휘트니스	activity	127.04320	37.56594
라와마라탕	food	127.03593	37.56624
라우드현	shop	127.03503	37.56460
라운지	cafe	127.02345	37.54797
라운지엑스알	food	127.06528	37.54676
라이브노래방	activity	127.02140	37.54782
라이브피플	shop	127.05004	37.54679
라이크왕십리	food	127.03308	37.56220
라이프골프아카데미	activity	127.05187	37.54251
라이프이지	shop	127.01042	37.53989
라이홍	food	127.05035	37.54740
라인	shop	127.02094	37.54761
라인볼링장	activity	127.03548	37.55823
라인스낵	food	127.03548	37.55823
라인앤라운드	shop	127.04292	37.54756
라인프렌즈스퀘어성수	shop	127.05599	37.54200
라일락	bar	127.05758	37.53653
라임	shop	127.02757	37.55657
라임스튜디오	shop	127.06263	37.54036
라임이네문구점	shop	127.04849	37.54812
라즐로앤코	stay	127.06652	37.55008
라채샤브	food	127.02408	37.56655
라쿵푸마라탕	food	127.02053	37.55435
라테라	stay	127.03513	37.56342
라파리나금호	cafe	127.02576	37.54935
라폰다	food	127.01266	37.54269
라프라	shop	127.03073	37.55778
라프레	cafe	127.03944	37.54725
라프레플루트	cafe	127.03946	37.54731
라피네	shop	127.05693	37.54469
락앤웍옥수점	food	127.01520	37.54426
락지	food	127.05386	37.53805
락피쉬웨더웨어	shop	127.05385	37.54279
란	bar	127.02167	37.54889
란돌프서울숲	bar	127.04245	37.54756
란칼국수	food	127.05505	37.54535
랑가네집	stay	127.05448	37.54192
래미안식당	food	127.01589	37.54255
래빗캐슬서울숲	food	127.04264	37.54693
램스퀘어	shop	127.03829	37.56942
랩비오성동지점	shop	127.05756	37.54293
러브	activity	127.05469	37.54525
러브앤쇼	shop	127.03839	37.56144
러브오래된숲	shop	127.04723	37.55141
러브오어라이크	shop	127.04780	37.54197
러브인	shop	127.06581	37.54912
러브제이	food	127.04230	37.54704
러브캣인터내셔날	shop	127.04834	37.54447
러브펫멀티펫샵마장역점	shop	127.04167	37.56587
러프러프	cafe	127.05828	37.54176
럭럭카페	cafe	127.05537	37.53756
럭스레지던스성수	stay	127.06194	37.54027
럭스바	food	127.03500	37.56452
럭스인매직	shop	127.06395	37.54776
럭키노래방	activity	127.04455	37.56745
럭키복권	activity	127.03461	37.56542
럭키스타커피로스터스	cafe	127.04122	37.55965
럭키천막	shop	127.03553	37.56630
럭키할인마트	shop	127.04232	37.56539
런던베이직주	shop	127.02089	37.55366
럼프슈가	food	127.05354	37.56493
레나글로벌	shop	127.03070	37.55019
레드레터데이	stay	127.02672	37.56370
레드맨아이디어	shop	127.01020	37.54112
레드브릭스모크하우스	food	127.04924	37.53825
레드이즈미	food	127.05563	37.54887
레드컵스	food	127.04047	37.55956
레드페이스이마트	shop	127.03834	37.56177
레디투플레이	shop	127.04939	37.53857
레몬골프스크린골프존	activity	127.03548	37.55823
레몬드	cafe	127.01975	37.55369
레몬드랍	food	127.04694	37.54683
레몬브리즈	shop	127.05546	37.54444
레벤호프	bar	127.05257	37.56642
레벨파이브	shop	127.05891	37.54282
레스	food	127.06201	37.53974
레스트인피자	food	127.05441	37.54624
레시피아지트사케바코드	food	127.05580	37.53695
레아의류	shop	127.02217	37.55571
레이더	cafe	127.05404	37.54367
레이디보스	bar	127.03704	37.56629
레이안경	shop	127.04811	37.54867
레이어드성수	stay	127.05661	37.53574
레이지선데이	shop	127.04091	37.54775
레인보우포차	bar	127.03303	37.56069
레지던스스테이우노프리미엄원룸텔	stay	127.06160	37.54017
레짓	shop	127.04401	37.54724
레츠잇치킨	food	127.04598	37.54586
레코브엔터식스왕십리	shop	127.03839	37.56144
레타주	bar	127.04684	37.54657
레트르연무장길	shop	127.05792	37.54201
레퍼토리	shop	127.05492	37.54280
레프트라이트	shop	127.04779	37.54447
렉	cafe	127.03163	37.56115
렉	food	127.02573	37.55166
렉스전자담배	shop	127.03285	37.56315
렉스코인노래연습장	activity	127.04618	37.54659
렉스코인노래연습장	activity	127.02087	37.54817
렉스트림모스지점	shop	127.05452	37.54314
렉스하우스	stay	127.05202	37.53667
렌즈미	shop	127.05124	37.54359
려기도삭면	food	127.03307	37.56105
로그	shop	127.01525	37.54329
로그라운드	shop	127.03217	37.56961
로그성수	food	127.04244	37.54650
로그인편의점	shop	127.06654	37.56083
로데오곱창	food	127.05205	37.56290
로데오노래주점	bar	127.03361	37.56296
로데오분식마트	food	127.05344	37.56351
로또복권판매소	activity	127.03288	37.56386
로또부동산공인중개사사무소	activity	127.05296	37.56625
로라로라성수플래그십스토어	shop	127.05945	37.54141
로로로	shop	127.06282	37.54352
로마네성수	food	127.04668	37.54648
로보아르테서울사무소	shop	127.06131	37.54393
로스터리노드	cafe	127.06128	37.54056
로아르망스	shop	127.03491	37.56227
로얄	activity	127.05296	37.56625
로얄장	stay	127.05525	37.53656
로에베퍼퓸성수부티크점	cafe	127.05040	37.54408
로엠	shop	127.03839	37.56144
로엠걸즈	shop	127.02163	37.54796
로와이드	food	127.04106	37.54694
로우커피스탠드	cafe	127.05954	37.54108
로우커피스탠드	cafe	127.05007	37.55105
로우커피스탠드	cafe	127.04661	37.54712
로우코스트	shop	127.04683	37.54709
로우클래식지점	shop	127.05872	37.54125
로우키	cafe	127.06521	37.54943
로우키	cafe	127.05159	37.54425
로우키	cafe	127.04779	37.54447
로이스	activity	127.06726	37.55872
로이스	food	127.01688	37.54854
로이파스타	food	127.06530	37.54538
로이펫살롱	shop	127.02754	37.55625
로쥬네스	shop	127.04706	37.54670
로즈	shop	127.01589	37.54811
로즈마리	shop	127.03555	37.55744
로컬텍스처	stay	127.04912	37.54812
로타리당구클럽	activity	127.01961	37.55456
로프컴퍼니	shop	127.06588	37.54639
로피엔주	shop	127.03195	37.55410
록멘	food	127.04857	37.54216
롤리포니	shop	127.04003	37.54739
롤링파스타	food	127.04024	37.56013
롬누	food	127.04754	37.55129
롭스	shop	127.02738	37.56034
롯데리아	food	127.05788	37.54515
롯데리아	food	127.01840	37.54854
롯데리아답십리	food	127.05423	37.56522
롯데리아왕십리역사	food	127.03839	37.56144
롯데리아행당역점	food	127.02875	37.55657
롱브레드왕십리엔터식스점	food	127.03839	37.56144
롸카두둘두	food	127.05187	37.54251
룡룡버거하우스	food	127.05685	37.54297
루디먼트	food	127.05452	37.54669
루디아	shop	127.06691	37.54994
루루족발덮밥	food	127.04358	37.56100
루루피피글루글루	bar	127.05562	37.54355
루비	shop	127.02750	37.55820
루비노래클럽	bar	127.03690	37.55978
루비셀뷰티랩	shop	127.05743	37.53806
루시기획	shop	127.05066	37.55004
루씨안트하우스	stay	127.03080	37.54905
루아샤이니	food	127.06939	37.55527
루아옹글스	shop	127.03543	37.56542
루엔성수	stay	127.06036	37.54046
루이션	shop	127.05161	37.54707
루체	shop	127.03118	37.56344
루트비커피	cafe	127.06259	37.54374
루프	cafe	127.05245	37.54428
루프앤클린	shop	127.05379	37.53787
루플레	food	127.04016	37.55844
룩스토어	shop	127.03013	37.56081
룩앤룩안경원왕십리역사점	shop	127.03834	37.56177
룩옵틱컬안경원	shop	127.04047	37.55956
룩캐스트	shop	127.04334	37.54710
룩캐스트	shop	127.04986	37.54402
룩커피	cafe	127.04867	37.54517
룰루랄라노래연습장	activity	127.01982	37.54842
룰루랄라치킨호프	food	127.04634	37.54634
룸템퍼레이처	food	127.05054	37.53930
류가김밥	food	127.05518	37.53766
류운	food	127.03163	37.55832
르꼬끄스포르티브	shop	127.03839	37.56144
르뚜와성수	stay	127.05268	37.53699
르루이	food	127.01648	37.54258
르모멍	food	127.05344	37.54843
르미르미	cafe	127.02964	37.56327
르뱅	food	127.05613	37.54062
르베지왕	food	127.05116	37.54449
르셀	food	127.04176	37.55732
르셀	food	127.05042	37.55033
르프리크	food	127.05266	37.54444
리노힐메디컬센터	shop	127.06502	37.54456
리더스푸드	food	127.05166	37.54553
리도사	shop	127.03294	37.56521
리리더스	shop	127.04435	37.54750
리리쁘앙	shop	127.04781	37.54217
리마라하오	food	127.02852	37.56018
리마크호텔	stay	127.03525	37.56331
리맴버포윅스	shop	127.05449	37.54531
리바트퍼니처	shop	127.05272	37.56421
리버스	shop	127.04082	37.55991
리버인성수	stay	127.04734	37.53778
리브나	food	127.05084	37.53967
리브릭	cafe	127.06168	37.53919
리브성수	stay	127.05369	37.54270
리빙앤솝	shop	127.05048	37.53828
리빙캐슬	stay	127.06258	37.56111
리빠똥호프	food	127.03022	37.56383
리사르커피	cafe	127.05380	37.54788
리사킴주얼리	shop	127.05344	37.54157
리샤오롱	food	127.04047	37.55956
리송	food	127.03839	37.56144
리슨케이크	food	127.05584	37.54867
리시우텍스	shop	127.05367	37.54409
리아뷰티	shop	127.05497	37.54655
리앤리푸드	food	127.03161	37.56244
리어	shop	127.04301	37.54683
리얼라이즈컴퍼니	shop	127.05613	37.54062
리얼리스트	shop	127.05430	37.54249
리얼리티리플렉션	activity	127.05934	37.54477
리얼리파이	shop	127.04850	37.54200
리얼모바일존	shop	127.06515	37.56037
리얼클릭족욕	shop	127.05165	37.56260
리올펍	bar	127.04067	37.55975
리우드레스	shop	127.05789	37.54182
리젠트호텔	stay	127.03447	37.56286
리즈네	shop	127.06622	37.56089
리차드	shop	127.03031	37.56435
리치안경원	shop	127.04429	37.54719
리커버리커피바	cafe	127.06861	37.55206
리커버리커피바	cafe	127.04487	37.55039
리코스타코인노래연습장	activity	127.04005	37.55977
리코스타코인노래연습장한양대	activity	127.04047	37.55978
리킨	bar	127.03178	37.56392
리타르단도	food	127.05449	37.53908
리트머스이마트	shop	127.03834	37.56177
리틀루비스카페에스엠	food	127.04778	37.54599
리틀바잇모어	cafe	127.04089	37.54748
리틀베트남퍼	food	127.03503	37.56460
리틀스위트	shop	127.05367	37.54409
리틀포레스트	stay	127.05331	37.53732
리틀포레스트	food	127.05372	37.54836
리틀포레스트뚝섬	stay	127.04681	37.54632
리틀포레한강	stay	127.04684	37.54637
리퍼콜렉션	shop	127.01535	37.54804
리프레쉬먼트	food	127.04725	37.55065
리프레시성수	stay	127.04704	37.53938
리헨루쓰	shop	127.05775	37.53855
리혜	shop	127.06486	37.54571
리호	food	127.05381	37.54338
린	shop	127.05076	37.54630
린그룹	shop	127.02973	37.56084
린디자인하우스	cafe	127.04931	37.55111
린스테이	stay	127.04902	37.54555
린에스앤제이　화양점주	shop	127.06741	37.54870
린온테니스	shop	127.02610	37.55453
린저	shop	127.05166	37.54491
린지네일	shop	127.02610	37.55453
린컬렉션	shop	127.03422	37.56709
릴라떡볶이	food	127.06672	37.54952
릴리	shop	127.03839	37.56144
릴리케이	shop	127.02408	37.54689
릴즈	food	127.02956	37.56953
릴트	food	127.04834	37.54447
림보	cafe	127.05725	37.53766
립서비스	food	127.02169	37.54853
립스위치	food	127.05736	37.54588
링거스테이	stay	127.05143	37.53783
링크오피스	shop	127.05613	37.54062
마고	food	127.05746	37.54770
마구로쇼쿠도	food	127.04926	37.54605
마넌집	food	127.03110	37.54990
마녀김밥상왕십리점	food	127.02408	37.56659
마님순대국	food	127.05669	37.53654
마더굿즈협동조합	shop	127.05449	37.53908
마돈나노래연습장	activity	127.05415	37.56470
마라민족마라탕마라샹궈	food	127.02408	37.56659
마라부엌	food	127.03185	37.55842
마라순코우	food	127.02067	37.55390
마라영웅	food	127.02014	37.54808
마라전설	food	127.02408	37.56659
마랑고니	shop	127.02665	37.57034
마레	shop	127.01894	37.55228
마루제면소	food	127.06191	37.54662
마루텔레콤	shop	127.03839	37.56144
마르코스	cafe	127.06013	37.54579
마르코웤스	shop	127.06070	37.54694
마르페사	shop	127.03541	37.55190
마르헨제이성수	shop	127.05219	37.54352
마를리	food	127.05475	37.54285
마리오네	food	127.05692	37.53980
마린보이동태해물찜	food	127.03316	37.55975
마마리마켓	food	127.06197	37.53928
마마스	food	127.02241	37.55320
마마식당	food	127.03500	37.56452
마마육개장	food	127.03500	37.56452
마망젤라또	food	127.05598	37.54294
마머스	food	127.04684	37.56532
마메	food	127.04088	37.56026
마므레쥬얼리	shop	127.02389	37.54828
마봉양꼬치	food	127.04661	37.54712
마블상회	food	127.06395	37.54776
마블오에이	shop	127.03565	37.55719
마블정에프앤비	food	127.04985	37.54561
마블트리	food	127.02506	37.56782
마산아구찜	food	127.03196	37.56511
마스타하이볼	bar	127.04009	37.56030
마스터킹행당점	shop	127.03343	37.56148
마시쏘부대찌개상	food	127.02408	37.56659
마시쏘부대찌개성수	food	127.05562	37.54355
마시자호프	bar	127.03031	37.56435
마시타코	food	127.03923	37.56095
마싯서	food	127.06515	37.56037
마야	food	127.05126	37.54398
마왕족발	food	127.03285	37.56043
마을회관	food	127.04050	37.55907
마이림	shop	127.04883	37.54128
마이블루투모로우서울숲	food	127.04672	37.53908
마이비생활건강	shop	127.05493	37.54280
마이삭스	shop	127.02769	37.57002
마이안경	shop	127.01681	37.54150
마이요거트립	food	127.02554	37.54670
마이즈루	food	127.05516	37.53795
마이즈루무학	food	127.03169	37.56034
마이티앤츠	shop	127.05831	37.54773
마이페이보릿가든	shop	127.04653	37.54630
마인드브릿지왕십리엔터식스	shop	127.03839	37.56144
마인어스	bar	127.06067	37.54342
마장	shop	127.03825	37.56901
마장갈비	food	127.03983	37.55910
마장갈비	food	127.04251	37.56546
마장감자탕곰탕전문	food	127.03209	37.56725
마장고기마을	food	127.04149	37.57020
마장골한우숯불구이	food	127.03841	37.56979
마장국민체육센터	activity	127.04079	37.56213
마장동할머니갈비탕	food	127.03343	37.56975
마장상회	shop	127.03837	37.57120
마장상회	shop	127.04098	37.56934
마장축산	shop	127.03819	37.56561
마장탁구클럽	activity	127.04126	37.56536
마장텔레콤	shop	127.03714	37.57027
마장화로	food	127.03680	37.56491
마장황소곱창	food	127.03662	37.56541
마주보고까페	cafe	127.04541	37.56632
마지끄	shop	127.02506	37.56782
마지노성수티룸	food	127.05659	37.54366
마초스테이크성수	food	127.05510	37.54028
마케나이데	food	127.01792	37.54533
마케팅큐레이터그룹	cafe	127.06532	37.54867
마켓디	shop	127.05822	37.54258
마쿠마라탕	food	127.04016	37.55859
마크모크성수플래그십	shop	127.06102	37.54147
마크바이성수	shop	127.05102	37.53934
마테오견문록	food	127.02408	37.54689
마트브루어스	food	127.05079	37.54922
마트브루어스	cafe	127.05161	37.54707
마포갈매기	food	127.05365	37.56485
마포갈비생등심	food	127.03074	37.55763
마포설농탕	food	127.04829	37.54149
마포숫불갈비	food	127.06181	37.53980
마하차이	food	127.05508	37.53895
마하차이	food	127.04691	37.54616
마하차이	food	127.04496	37.54587
막창굽는연탄할매금호	food	127.02544	37.54768
막퍼주는보쌈칼국수	bar	127.01925	37.55321
만나떡볶이	food	127.03429	37.56485
만나식당	food	127.03244	37.56082
만나참기름	shop	127.05465	37.54751
만대갈비	food	127.03289	37.56363
만동제과	food	127.05704	37.54345
만두마을김밥동네	food	127.04200	37.56524
만두전빵	food	127.03192	37.55833
만득이싱싱회	food	127.01918	37.55266
만득이주방	food	127.02429	37.55580
만땅	food	127.03413	37.56374
만리장성	food	127.01740	37.54845
만물마켓	shop	127.04035	37.56981
만물상회	shop	127.04333	37.56066
만물상회	shop	127.04047	37.55956
만물상회	shop	127.03183	37.56470
만복고추상회	shop	127.04795	37.54994
만복공동구매슈퍼마켓	shop	127.04814	37.56905
만복수산	food	127.02506	37.56782
만수네	food	127.01540	37.54290
만식이	bar	127.03480	37.56284
만월경마장역점	cafe	127.04151	37.56434
만조쿠	food	127.05393	37.56480
만족오향족발	food	127.02601	37.54833
말방국밥성수	food	127.06369	37.54779
말본골프성수	shop	127.05717	37.54374
말진가	food	127.05342	37.53819
맑은샘약국	shop	127.02143	37.55306
맑은소리보청기	shop	127.02498	37.55541
맑음장식	shop	127.05504	37.54238
맑음장식	shop	127.05545	37.54287
맘마찬상	shop	127.02408	37.56655
맘마킹	food	127.03680	37.56491
맘스집밥부페	food	127.02875	37.55657
맘스터치	food	127.04105	37.56050
맘스터치	food	127.05717	37.54374
맘스터치신금호역점	food	127.02024	37.55515
맘스터치왕십리뉴타운점	food	127.02408	37.56659
맘스터치행당역점	food	127.03376	37.55806
맘스피자	food	127.04158	37.55996
맘스피자	food	127.05747	37.54387
맛나곱창	food	127.03610	37.56497
맛나식당	food	127.06515	37.56037
맛닭꼬	food	127.04612	37.54650
맛닭꼬	food	127.05609	37.54450
맛닭꼬금호역점	food	127.01836	37.54821
맛닭꼬성수뚝도점	food	127.05565	37.53719
맛동산	food	127.04938	37.54632
맛드리	shop	127.04789	37.54930
맛든	food	127.05934	37.54477
맛보래	food	127.05646	37.54528
맛있는떡집	food	127.02182	37.54891
맛있는술집	bar	127.02208	37.54880
맛자랑	food	127.03709	37.57051
맛쟁이떡볶이	food	127.05891	37.54282
맛집브런치패티엔키친	food	127.03649	37.55808
맛집이모네	food	127.05379	37.53787
맛차차	cafe	127.04061	37.54690
망고앤코코	shop	127.03078	37.54972
매너커피	cafe	127.04650	37.54677
매란방	food	127.03839	37.56144
매매식품	shop	127.06515	37.56037
매머드익스프레스	cafe	127.06588	37.54639
매머드익스프레스뚝섬역점	shop	127.05004	37.54679
매머드익스프레스서울숲아이코닉점	cafe	127.04291	37.54567
매머드익스프레스성동	cafe	127.03680	37.56491
매머드익스프레스성수	cafe	127.06259	37.54374
매머드익스프레스성수엠	cafe	127.04646	37.54409
매머드익스프레스성수우림	cafe	127.06330	37.54681
매머드익스프레스한양대	cafe	127.04158	37.55996
매머드커피장안비바패밀리점	cafe	127.06338	37.56129
매봉미트	shop	127.02036	37.54806
매우당	food	127.02246	37.54844
매일경제성동지국	shop	127.03161	37.56579
매직	shop	127.05140	37.53633
매튜	food	127.06204	37.53927
매틱에프앤지	cafe	127.03839	37.56144
맥락칼국수	food	127.03728	37.56973
맥스넷주	shop	127.06467	37.54733
맥스치킨	food	127.04636	37.54697
맥코이커피성수	cafe	127.05891	37.54282
맨도롱국수	food	127.04498	37.54190
맨스필드커피	cafe	127.04088	37.56026
맵달서울성수	shop	127.05724	37.54129
맷돌	food	127.05065	37.53806
맷돌감자탕	food	127.04674	37.54830
맹구푸드	shop	127.06812	37.55962
맹꽁이	food	127.05410	37.56300
머스트컴	cafe	127.04585	37.54599
머시	shop	127.05435	37.54324
머지피스	food	127.01542	37.54344
먹	food	127.01476	37.54094
먹거리소곱창	food	127.01915	37.54819
먹깨비식당	food	127.01918	37.55266
먹어봐뒷고기	food	127.03414	37.56160
먹태의꿈	bar	127.02020	37.55580
먼데이몽키	bar	127.05042	37.55033
먼치스	food	127.01747	37.54824
먼트	shop	127.06286	37.54079
멀리건	shop	127.02447	37.55295
멋진날	food	127.02024	37.55381
멋진시민	shop	127.04488	37.54629
멋진하루	shop	127.02782	37.56439
멍냥스토어	shop	127.02498	37.55541
멍냥히어로상왕십리역무인애견용품샵	shop	127.03025	37.56334
멍텅구리꼼장어성수	food	127.05479	37.54721
메가네이트	shop	127.04891	37.54495
메가덕스	food	127.05444	37.53829
메가엠지씨커피	cafe	127.05690	37.54464
메가엠지씨커피	cafe	127.03003	37.56395
메가엠지씨커피금호	cafe	127.02551	37.54827
메가엠지씨커피금호역점	cafe	127.01916	37.54820
메가엠지씨커피논골	cafe	127.02458	37.55585
메가엠지씨커피답십리	cafe	127.05379	37.56438
메가엠지씨커피도선	cafe	127.03603	37.56582
메가엠지씨커피뚝섬역점	cafe	127.04872	37.54740
메가엠지씨커피서울숲공원점	cafe	127.04291	37.54567
메가엠지씨커피서울숲리버뷰	cafe	127.03804	37.55630
메가엠지씨커피서울숲리버포레점	cafe	127.04382	37.54938
메가엠지씨커피성수경일고점	cafe	127.04641	37.54364
메가엠지씨커피성수도서관점	cafe	127.04756	37.54618
메가엠지씨커피성수뚝도점	cafe	127.05508	37.53895
메가엠지씨커피성수롯데	cafe	127.05426	37.54596
메가엠지씨커피성수일로점	cafe	127.04926	37.54424
메가엠지씨커피성수지구대점	cafe	127.05380	37.54788
메가엠지씨커피소월아트홀점	cafe	127.03609	37.55995
메가엠지씨커피신금호역점	cafe	127.01961	37.55456
메가엠지씨커피왕십리렉스점	cafe	127.03285	37.56315
메가엠지씨커피응봉현대점	cafe	127.03070	37.55019
메가엠지씨커피장한평자동차	cafe	127.06622	37.56089
메가엠지씨커피한양대역점	cafe	127.04358	37.55557
메가엠지씨커피행당역점	cafe	127.03060	37.55800
메가엠지씨커피화양	cafe	127.06724	37.54851
메가엠지씨커피황학	cafe	127.02408	37.56659
메가커피	cafe	127.03942	37.56112
메가후르츠금호	cafe	127.02548	37.54834
메니아마트	activity	127.06502	37.54456
메드누리	shop	127.05362	37.53750
메디앤핏	activity	127.03031	37.56577
메디칼약국	shop	127.03527	37.56052
메디팜보배약국	shop	127.05470	37.54687
메디팜일진약국	shop	127.05413	37.56266
메디팜한솔약국	shop	127.02740	37.55481
메디팜호정약국	shop	127.04926	37.54424
메르시	shop	127.04962	37.55054
메리네트워크	shop	127.05713	37.54514
메리라일락플라워	shop	127.03213	37.56209
메리베이	cafe	127.03311	37.55044
메리제인	shop	127.02241	37.55320
메릴러번	shop	127.05586	37.54207
메모레	food	127.04781	37.54217
메밀촌봉평막국수	food	127.02216	37.54762
메버릭	shop	127.04117	37.54744
메쉬커피	cafe	127.04247	37.54817
메시	food	127.04938	37.54602
메이게츠한양대	food	127.04093	37.56099
메이베이크	food	127.02790	37.56419
메이커포스	shop	127.05151	37.56283
메이크어딜리버리	food	127.01967	37.55406
메이크어러커스	shop	127.05479	37.54721
메이타왕에그타르트크라프트	food	127.05418	37.54293
메이탄성수	food	127.04498	37.54190
메이통신	shop	127.02408	37.56659
메이플짐	activity	127.03804	37.55630
메이플탑	cafe	127.05679	37.54163
메종	stay	127.03578	37.56306
메종드마가레뜨	food	127.05184	37.54477
메종드미호	stay	127.03409	37.56306
메종드비	shop	127.06604	37.55031
메종드실비	shop	127.06038	37.54852
메종드양	stay	127.03509	37.55970
메종드제이에스	shop	127.03823	37.55826
메종드혁이네	food	127.03970	37.55983
메종성수돈	food	127.05497	37.54319
메종아미	stay	127.04089	37.54748
메종플레장성수	food	127.04339	37.54741
메타모바일	shop	127.01926	37.54820
메트로폴리스	food	127.02408	37.56655
멕시카나	food	127.04603	37.56504
멕시칸치킨	food	127.02396	37.55793
멘노아지	food	127.05367	37.54409
멘야코노하성수	food	127.04589	37.54566
멘야포모	food	127.04385	37.54695
멘츠루	food	127.05764	37.54322
멘쿠도	food	127.05646	37.54528
멘티멘토	shop	127.06669	37.54965
멘푸라	food	127.04016	37.55859
멜드	food	127.04823	37.55029
멜란지피플스	shop	127.04038	37.54781
멜로우랜드로드멜로우뚝섬점	shop	127.04736	37.54719
멜로우브라운	food	127.04936	37.54876
멜로우스테이	stay	127.06146	37.53961
멜로우약국	shop	127.04437	37.54701
멜로즈빈티지서울숲	shop	127.04330	37.54699
멜론노래방	activity	127.03409	37.56306
멜리아뷰티	shop	127.03285	37.56315
멜시보끔분식집	food	127.02079	37.55271
멜츠	food	127.04245	37.54689
멜티멜로우	cafe	127.05159	37.55045
멜팅랩스	food	127.05383	37.54232
멜팅스톤	food	127.05920	37.54110
멤버스고시원	stay	127.05514	37.54360
멤버스원룸텔	stay	127.05514	37.54360
면시켜밥시켜	food	127.02740	37.55481
면식당	food	127.05360	37.54281
면향만리	food	127.03258	37.56377
면화손칼국수	food	127.04655	37.54687
명가	activity	127.03409	37.56306
명가	food	127.03137	37.56136
명가교동짬뽕뚝섬역점	food	127.04514	37.54611
명가노래연습장	activity	127.04464	37.56795
명가닭한마리	bar	127.05480	37.54578
명가떡볶이	food	127.01877	37.54844
명가만두아이스크림	shop	127.01950	37.55323
명가칼국수	food	127.01266	37.54269
명가통닭	food	127.04144	37.56565
명가통닭행당점	food	127.03125	37.55787
명국수	food	127.05466	37.53949
명기할인마트	shop	127.03489	37.55434
명동메디칼	shop	127.04672	37.54710
명동전기	shop	127.04882	37.53836
명동피자	food	127.03282	37.56118
명랑핫도그	food	127.03920	37.56111
명륜진사갈비	food	127.05591	37.56400
명문당구장	activity	127.03783	37.56997
명보당	shop	127.03353	37.56279
명성당	shop	127.03086	37.55805
명성당구장	activity	127.05485	37.54368
명성사	shop	127.03022	37.56383
명성에프엔에스	shop	127.03704	37.56629
명성여관	stay	127.04940	37.53714
명성한우	shop	127.04169	37.57029
명신유리	shop	127.05526	37.53689
명원닭갈비	food	127.05802	37.53668
명인대동양평해장국	food	127.06554	37.56092
명장	shop	127.05232	37.56401
명정게임장	activity	127.03303	37.56252
명진푸드	shop	127.03548	37.55823
명태명가	food	127.02506	37.56782
명태촌	food	127.05437	37.53940
명품부대찌개	food	127.04373	37.56635
명품숯불구이	food	127.02121	37.54877
명품임실치즈피자	food	127.02537	37.55539
명희네손칼국수	food	127.04813	37.56099
모나크	stay	127.04122	37.54667
모노그램	shop	127.05044	37.54535
모노랩스	shop	127.05350	37.53993
모노성수	stay	127.05950	37.53571
모노쥬얼리	shop	127.03424	37.56261
모놀당구클럽	activity	127.04515	37.56790
모니터경영주	shop	127.03535	37.56385
모닝글로리옥수점	shop	127.00981	37.54162
모다허브	shop	127.06313	37.56104
모닥스낵비트플렉스몰점	food	127.03839	37.56144
모던안경콘택트타운	shop	127.05364	37.53783
모던웍스	shop	127.05367	37.54409
모두의죽	food	127.03048	37.56356
모두의피자	food	127.05460	37.56345
모리	food	127.05477	37.54644
모리몰리	food	127.04840	37.54199
모리소품샵	shop	127.05184	37.54477
모리커피서울	cafe	127.03242	37.56334
모리티아	cafe	127.05260	37.54660
모먼트	cafe	127.05510	37.54028
모먼트게스트하우스	stay	127.02987	37.56342
모멀	food	127.04151	37.54682
모모분식	food	127.02634	37.56917
모모야	food	127.04498	37.54190
모모타코용답	food	127.05288	37.56360
모모하우스앳서울숲	stay	127.04025	37.54783
모블론주	shop	127.05602	37.53690
모센즈스위트	cafe	127.05492	37.53950
모스트짐	activity	127.04800	37.54974
모아나스테이	stay	127.02953	37.56214
모아모드	shop	127.02485	37.54825
모아모아슈즈	shop	127.05676	37.54191
모아엘앤비인터내셔널	shop	127.05562	37.54355
모어	food	127.05317	37.53760
모에프엔씨	food	127.01797	37.54612
모음	food	127.04298	37.55630
모이드라	bar	127.03308	37.55981
모찌모찌브레드	food	127.01603	37.54239
모찌유	shop	127.04788	37.54261
모찌이야기	food	127.03839	37.56144
모쿠바	food	127.04588	37.54609
모텔로	stay	127.03317	37.56042
모퉁이와플	food	127.04738	37.54653
모티브짐	activity	127.03160	37.56369
모피크	cafe	127.04668	37.54600
목금	food	127.04847	37.54271
목로정원	cafe	127.04402	37.54635
목목	food	127.04838	37.54922
목탄	bar	127.05385	37.54326
목포꽃게아구찜	food	127.04537	37.56811
목포산꽃게찜	food	127.04508	37.56784
목포식당	food	127.05248	37.56327
목포홍탁	food	127.03553	37.56630
목화다방	bar	127.01927	37.54848
목화해장	food	127.02408	37.56655
몬도커피츄러스신	cafe	127.02070	37.55313
몬스터포	food	127.03238	37.55834
몰리노프로젝트	food	127.04117	37.54744
못말리는우동	food	127.05178	37.56300
못생긴나무가숲을지킨다	food	127.04313	37.56821
몽	food	127.04003	37.55966
몽글몽글	food	127.02408	37.56659
몽련	food	127.04505	37.54720
몽봉봉	food	127.02079	37.55171
몽쥬빠티세리	food	127.02408	37.56659
묘사	cafe	127.03970	37.54786
묘사서울	cafe	127.03972	37.54792
묘월	food	127.06639	37.54970
무근본	bar	127.05470	37.54542
무등산	food	127.05991	37.53629
무브먼트프로젝트	activity	127.04785	37.54087
무브모브	cafe	127.05044	37.54539
무브스테이	stay	127.03696	37.56683
무비드	shop	127.02506	37.56782
무비랜드	heritage	127.05030	37.54423
무쇠막연탄구이	food	127.02546	37.54779
무수막	food	127.02190	37.54847
무슨스튜디오	shop	127.06164	37.56073
무신사무신사런서울숲	shop	127.04106	37.54694
무신사무신사메가스토어성수	shop	127.05587	37.54032
무신사무신사스탠다드	shop	127.05867	37.54176
무신사무신사스토어성수	shop	127.05641	37.54159
무신사무신사킥스성수	shop	127.05704	37.54345
무신사이구어퍼스트로피성수	shop	127.05593	37.54206
무신사이구키즈	shop	127.05262	37.54525
무신사이구키즈서울숲	shop	127.04168	37.54789
무신사티티알에스	shop	127.05840	37.54493
무이한복	shop	127.02573	37.55166
무지개	activity	127.04478	37.54719
무지개맥주	bar	127.04017	37.55929
무지개문구	shop	127.04346	37.56794
무지개병과점	food	127.06391	37.54847
무지개슈퍼	shop	127.04525	37.56591
무지개회관왕십리	food	127.03034	37.56569
무탁우동	food	127.03671	37.56566
무프아파트먼트	cafe	127.03150	37.56152
무학	shop	127.03376	37.55806
무학	shop	127.03442	37.55826
무학	shop	127.03216	37.56270
무학고시원	stay	127.03201	37.56055
무학골프존	activity	127.03500	37.55861
무학기원	activity	127.03451	37.56221
무학유리	shop	127.03266	37.55840
무학청과	shop	127.03062	37.56324
무학할인공판장	shop	127.02833	37.56231
무한통삼	food	127.04070	37.56137
무현전자	shop	127.03593	37.55650
무화당키친	food	127.04359	37.54362
묵사발	food	127.04275	37.55696
묵은지왕솥뚜껑삼겹살	food	127.03575	37.56521
묵은지찜에빠지다	food	127.03696	37.56683
문구야놀자행당점	shop	127.02754	37.55625
문라이트	food	127.03987	37.56029
문리	shop	127.04104	37.54681
문문문	food	127.05651	37.53931
문바이오	shop	127.06530	37.54538
문스골프클럽	activity	127.04291	37.54567
문워크	shop	127.05383	37.54232
문츠바베큐	food	127.05244	37.54363
문토리	food	127.03630	37.56634
문화공간성수	bar	127.04568	37.54899
문화반점	food	127.06406	37.54841
문화식당	food	127.05384	37.54237
물	shop	127.05691	37.53665
물레방아민물매운탕	food	127.05412	37.53805
뮐	food	127.04031	37.54730
뮤지컬노래연습장	activity	127.05693	37.54469
뮤직앤갤러리	cafe	127.05081	37.54371
미각	food	127.05480	37.54578
미경이네	food	127.05842	37.53666
미그커피	cafe	127.03763	37.56337
미나리도야지	food	127.03409	37.56306
미남손	shop	127.02624	37.54928
미네르바	shop	127.02750	37.55820
미네르바부엉이	shop	127.03154	37.55882
미네스키친	food	127.04720	37.56062
미니다과	cafe	127.02161	37.54769
미니멈앤커피	cafe	127.04908	37.54633
미니미니공방	shop	127.05108	37.54557
미니스톱성동	shop	127.02272	37.54386
미니스톱성동도선점	shop	127.03559	37.56401
미니스톱성수	shop	127.05276	37.53777
미니스톱성수경수점	shop	127.05900	37.54061
미니스톱왕십리	shop	127.03189	37.56644
미니스톱한양대학사점	shop	127.03938	37.56170
미니펫강아지고양이	shop	127.05412	37.53750
미닛로스터리	cafe	127.03177	37.56313
미담한우	shop	127.03798	37.56905
미도인성수	food	127.05486	37.54323
미도인왕십리역사	food	127.03839	37.56144
미듬한상	food	127.05387	37.54845
미디엄스튜디오	shop	127.03030	37.56641
미락바지락칼국수	food	127.04880	37.54923
미래보청기	shop	127.03260	37.55946
미래이음	shop	127.05822	37.54258
미래주방	shop	127.03201	37.56055
미래통신	activity	127.06263	37.54036
미래통신	shop	127.06572	37.54746
미러드스피어갤러리	shop	127.04633	37.53871
미르	stay	127.03565	37.56425
미리내	food	127.04967	37.53861
미모사사이클링	shop	127.05863	37.53664
미몰린	shop	127.03211	37.56131
미미	food	127.02263	37.54880
미미램양꼬치	bar	127.04005	37.55894
미미옥	food	127.06588	37.54639
미배사일락답십리역점	food	127.05219	37.56610
미분당	food	127.05315	37.54647
미분당	food	127.02408	37.56659
미쁘동	food	127.04013	37.54757
미사랑	food	127.04907	37.54615
미샤왕십리역점	shop	127.03666	37.56123
미성숯불갈비	food	127.03802	37.57033
미세스주	shop	127.01815	37.55628
미소김밥	food	127.02016	37.55394
미소약국	shop	127.03729	37.55876
미소진약국	shop	127.01804	37.54848
미소푸드	food	127.04359	37.54362
미송코스메틱	shop	127.04531	37.54669
미순이네	bar	127.05364	37.56332
미스크	shop	127.04535	37.54309
미스타교자용답역점	food	127.05214	37.56296
미스터마트	shop	127.03839	37.56144
미스터활전복	food	127.01098	37.54055
미스테리우스성수	shop	127.06156	37.53913
미아	shop	127.04557	37.54698
미아논나	food	127.05267	37.54449
미에뜰	shop	127.04531	37.54669
미연	stay	127.04861	37.53962
미온	stay	127.02867	37.56370
미우동	food	127.02276	37.54871
미육관미트갤러리	shop	127.04106	37.56900
미정이네식당	food	127.05390	37.53830
미정이네코다리찜	food	127.05381	37.53830
미주애견샵	shop	127.03739	37.55835
미즈스타	shop	127.03358	37.55860
미쳐버린파닭	food	127.04870	37.56214
미친노가리	bar	127.03371	37.56330
미친스킨	shop	127.06081	37.53892
미카	food	127.01537	37.54389
미크컴퍼니	cafe	127.04684	37.54854
미키랜드	shop	127.01929	37.54802
미키스시성수	food	127.05609	37.54291
미탄	food	127.02002	37.54880
미테이블	food	127.04529	37.54655
미토피아	shop	127.04200	37.57026
미트몰	shop	127.04485	37.56770
미트조	shop	127.03869	37.56694
미팀유통	shop	127.05822	37.54258
미향	food	127.05379	37.56475
믹스믹스성수	bar	127.05891	37.54282
민	shop	127.03839	37.56144
민들레	bar	127.03534	37.56586
민들레떡방	food	127.01617	37.54270
민물집	food	127.06191	37.54662
민성전기	shop	127.04940	37.53817
민스테이	stay	127.03312	37.56325
민인케이	shop	127.07266	37.55859
민정식당서울숲	food	127.04811	37.54867
민제약국	shop	127.04200	37.57026
민준이네	food	127.03439	37.56159
민텔레콤	shop	127.05426	37.56479
민플라워	shop	127.06166	37.54197
민하우스	stay	127.03201	37.56055
밀땅	food	127.02408	37.56655
밀라노	shop	127.01098	37.54055
밀랍커피	cafe	127.04387	37.54652
밀랍커피앤베이커리	food	127.04387	37.54652
밀리언아카이브	shop	127.05332	37.54730
밀물식당	food	127.06515	37.56037
밀본	food	127.05141	37.54646
밀크마트	shop	127.05226	37.56460
밀키디저트랩	food	127.03055	37.56232
밀킨	shop	127.05318	37.54459
밀향기	food	127.06330	37.54681
밍키	shop	127.02506	37.56782
바구	food	127.05777	37.53842
바나프레소	cafe	127.03424	37.56171
바나프레소	cafe	127.06588	37.54639
바나프레소뚝섬역점	cafe	127.05035	37.54740
바나프레소장한평역점	cafe	127.06120	37.56158
바다생협	shop	127.02018	37.54840
바다양푼이동태탕	food	127.02182	37.54891
바다잔치	food	127.03469	37.56239
바다팩솝	shop	127.05950	37.56177
바다화원	food	127.04910	37.54711
바둑마당	shop	127.03303	37.56621
바드레	food	127.05562	37.54355
바라움	bar	127.03367	37.56307
바람부리명태찜	food	127.02539	37.54850
바렌티노	shop	127.05394	37.53773
바로메디컬	shop	127.02955	37.55243
바르다김선생옥수점	food	127.01527	37.54376
바르다김선생행당점	food	127.03029	37.55794
바르미	food	127.03839	37.56144
바른밥상	food	127.02947	37.56954
바른약국	shop	127.02408	37.56659
바른참주	food	127.05699	37.53682
바른피티	activity	127.01671	37.54201
바를정	shop	127.04052	37.56865
바리엘리네	shop	127.05510	37.54028
바뮤즈	bar	127.05891	37.54282
바버젤라또	cafe	127.04581	37.54528
바베리안	bar	127.06185	37.53921
바스테이션	bar	127.03392	37.55616
바스토리지룸	bar	127.05464	37.54341
바쎄종	food	127.01942	37.54877
바쏘옴므엔터식스	shop	127.03839	37.56144
바아	food	127.05550	37.53577
바에피	cafe	127.04690	37.54214
바오밥	shop	127.01964	37.55199
바오밥커피로스터스	cafe	127.03543	37.56566
바오서울	food	127.06128	37.54056
바우네나주곰탕	food	127.03319	37.56160
바우콕슈보니에타	shop	127.05109	37.54362
바운더리성수	shop	127.05664	37.54164
바위머셀바	food	127.06156	37.53913
바위파스타바	food	127.06158	37.53919
바이수	shop	127.05073	37.54649
바이인터내셔널	shop	127.04222	37.54683
바이지나	shop	127.01623	37.54253
바이츠	shop	127.01815	37.55628
바이크디시	shop	127.03837	37.57120
바이크비	shop	127.05434	37.54937
바이크시즌	shop	127.07133	37.55560
바이크월드	shop	127.06642	37.54849
바이크프로	shop	127.05014	37.53798
바인	bar	127.05056	37.54918
바인드엔터식스	shop	127.03839	37.56144
바인스테이성수	stay	127.04519	37.54892
바케모노	food	127.03115	37.56003
바코드커피	cafe	127.03055	37.56232
바틀리어	bar	127.02408	37.56655
박돼장	food	127.05427	37.54598
박만배아리랑보쌈	food	127.04922	37.54139
박여사네감자탕	food	127.01922	37.55251
박재희아구찜탕	food	127.02014	37.54808
박주희컬렉션	shop	127.05609	37.54450
박창숙콜렉션	shop	127.03666	37.56123
반	activity	127.02628	37.55161
반가온	food	127.03432	37.56368
반도낚시	shop	127.03593	37.56624
반백수	bar	127.01709	37.54413
반스런	food	127.02506	37.56782
반젤로	food	127.03963	37.54770
반포식스	food	127.06528	37.54676
반포식스왕십리역사점	food	127.03839	37.56144
발렁스	food	127.05397	37.54253
발루토커피	cafe	127.04348	37.54819
발리노래연습장	activity	127.05516	37.53805
발발빈티지	shop	127.05865	37.54331
발발빈티지	shop	127.05269	37.54361
밤새우리	food	127.05534	37.53832
밤토리	bar	127.04616	37.54571
밥구정로데오서울	food	127.02506	37.56782
밥집	food	127.04007	37.54721
밥플러스	food	127.05075	37.54842
밥플러스	food	127.05161	37.54707
밥플러스	food	127.04646	37.54409
밥플러스서울숲	food	127.04646	37.54409
밥플러스서울숲코오롱디지털타워	food	127.05004	37.54679
밥플러스아이티	food	127.04458	37.55109
밥플러스하우스디세종	food	127.05295	37.54659
방가네족발국수	food	127.02854	37.55729
방가방가노래연습장	activity	127.04043	37.56015
방글	food	127.05367	37.53820
방배김밥옥수점	food	127.01563	37.54370
방배김밥왕십리역점	food	127.03606	37.56095
방아실연탄구이	food	127.04875	37.54260
배고픈형제들	cafe	127.05746	37.54770
배달의쌀국수	food	127.03712	37.55883
배드브이알	activity	127.03559	37.56241
배들곱창	food	127.03603	37.56582
배떡	food	127.05307	37.56527
배떡	food	127.05420	37.56130
배떡	food	127.02408	37.56655
배럴성수플래그쉽스토어	shop	127.04482	37.54701
배명문구사	shop	127.03142	37.56379
배스킨라빈스	food	127.04094	37.56006
배스킨라빈스	food	127.05433	37.54555
배스킨라빈스상왕십리센트라스점	food	127.02408	37.56659
배스킨라빈스서울숲역점	food	127.04496	37.54587
배스킨라빈스성동	food	127.02392	37.54801
배치원	bar	127.04401	37.54724
백곰표씽크금호	shop	127.02083	37.54755
백남옥달인손만두	food	127.03242	37.56334
백도씨	shop	127.03666	37.56123
백두대간	bar	127.04869	37.53844
백두산로또점	activity	127.05609	37.54450
백미반상	shop	127.01188	37.54268
백번	food	127.04042	37.55881
백삼호	food	127.05392	37.53895
백소정	food	127.04103	37.56037
백소정	food	127.02408	37.56655
백소정뚝섬역점	food	127.04713	37.54634
백소정옥수점	food	127.01798	37.54171
백야드빌더	cafe	127.04704	37.55142
백야드빌더성수	cafe	127.04707	37.55147
백억커피	cafe	127.05004	37.54679
백억커피	cafe	127.03340	37.56283
백억커피금호역점	cafe	127.01786	37.54844
백영종합상사	shop	127.05109	37.56405
백옥	food	127.05633	37.54109
백이의	bar	127.05009	37.54416
백정돈공장	food	127.05220	37.54628
백채금호역점	food	127.01908	37.54843
백채김치찌개	food	127.05511	37.54073
백퍼센트	shop	127.04844	37.54620
밸런스버거	food	127.04233	37.55716
밸런스포케	food	127.04386	37.54701
밸류플레이스	stay	127.05262	37.54843
밸류플레이스왕십리역점	stay	127.03491	37.56227
뱅뱅아이스크림	shop	127.01110	37.54183
뱅인타코	food	127.04668	37.54600
버거다이브	food	127.04717	37.54606
버거리	food	127.04159	37.55735
버거보이	food	127.06588	37.54639
버거쑈	food	127.04116	37.56087
버거앤타코	food	127.04700	37.54693
버니모텔	stay	127.03484	37.56314
버블골드	shop	127.06232	37.53970
버블리플라워	shop	127.03331	37.55851
버블몬성수점	shop	127.05081	37.54371
버블퍼피	shop	127.02973	37.56084
버섯집	food	127.04408	37.54672
버윅	shop	127.05161	37.54707
버치커피	cafe	127.05968	37.54054
버터스토리	food	127.01737	37.54096
버터컵	cafe	127.05344	37.54157
버텍스미국식덮밥	food	127.03248	37.56222
버틀러	bar	127.04095	37.54737
버티샌드위치하우스	food	127.06021	37.54076
번개노래연습장	activity	127.04688	37.53900
번영농산	shop	127.07180	37.55697
벌스데이가든	food	127.05022	37.53949
벌스데이파티	food	127.02583	37.55083
범	bar	127.05492	37.53950
범핏피트니스	activity	127.05314	37.56601
벙커	food	127.03998	37.55866
베네데프	shop	127.04233	37.54792
베네세레	food	127.03839	37.56144
베네토피자앤펍	food	127.03964	37.55846
베델안경원	shop	127.03112	37.55783
베라노	shop	127.03839	37.56144
베러	cafe	127.04661	37.54567
베러초이스	cafe	127.05211	37.54418
베르나르아르노	shop	127.02923	37.55728
베르나르아르노	shop	127.03666	37.56123
베를린하우스	food	127.06035	37.54684
베리시성수	shop	127.05331	37.54287
베비라상설매장	shop	127.02412	37.54798
베스킨라빈스	food	127.03016	37.55784
베스킨라빈스	food	127.05415	37.56470
베스트노래클럽	bar	127.03367	37.56307
베스트텔레콤	shop	127.04487	37.54663
베쌀집	food	127.01899	37.54843
베이글랜드	food	127.05418	37.54293
베이글버트그루밍	shop	127.04581	37.54528
베이스인성수	stay	127.05448	37.54192
베이지	shop	127.02854	37.55729
베이커리니트	food	127.06669	37.55001
베이크베이크	cafe	127.01546	37.54277
베쥬플라워	shop	127.05380	37.54788
베커린	food	127.05580	37.54307
베통	food	127.06361	37.54731
베통성수	food	127.05522	37.54294
베티버	cafe	127.05321	37.53898
베티아노	shop	127.05483	37.54250
벤더스	shop	127.05623	37.54346
벤티버거	food	127.02408	37.56659
벨다	shop	127.01536	37.54090
벨라	cafe	127.05116	37.56519
벨라스가든	food	127.04498	37.54321
벨라앤	shop	127.03541	37.55190
벨라피부샵	shop	127.02869	37.56063
벨로데이	shop	127.03632	37.56045
벨톤보청기	shop	127.04907	37.54615
벱	food	127.05397	37.54208
벼락부자	activity	127.01958	37.55358
벽산슈퍼	shop	127.03217	37.56961
벽산하이마트	shop	127.02610	37.55453
변사또생고기칡냉면	food	127.05368	37.56431
변산반도고향집	food	127.04127	37.57126
별관집	food	127.03577	37.56498
별미분식	food	127.03793	37.56906
별바다	food	127.04557	37.56748
별밤	bar	127.03447	37.56257
별숲노모어피자	food	127.04067	37.55894
별이빛나는밤에	bar	127.04088	37.56064
별장여관	stay	127.02531	37.54830
별장여관임대	stay	127.02531	37.54830
별하나약국	shop	127.02424	37.55227
병아리플라워	shop	127.02666	37.55727
병천순대	food	127.03548	37.55823
병천순대국	food	127.05437	37.53940
보건한양의료기	shop	127.04752	37.55719
보광당	shop	127.02022	37.54822
보그코퍼레이션	shop	127.02012	37.55431
보금사	shop	127.03654	37.56013
보다더	food	127.05562	37.54355
보드게임	activity	127.03728	37.56973
보드게임카페레드버튼	activity	127.04158	37.55996
보디가드이마트	shop	127.03839	37.56144
보따리	shop	127.03108	37.56131
보또비노	bar	127.05416	37.54960
보라매통신	shop	127.03462	37.56121
보라하우스	food	127.01944	37.55092
보람화장품	shop	127.05454	37.53773
보리수체험방	shop	127.02875	37.55657
보리일가	food	127.03097	37.56464
보마켓	food	127.04336	37.54416
보명약국	shop	127.02046	37.54716
보물창고	bar	127.05120	37.54947
보배곱창	food	127.05174	37.56266
보배반점	food	127.05344	37.54157
보보스노래연습장	activity	127.03258	37.56377
보사노바	cafe	127.04567	37.54757
보성스포렉스	activity	127.01579	37.54231
보성정보통신	shop	127.05368	37.54579
보스턴피자	food	127.02506	37.56782
보승회관	food	127.05467	37.54463
보쌈당한닭한마리	food	127.05379	37.56475
보쌈제복	food	127.04754	37.56106
보야타	food	127.02408	37.56659
보연	shop	127.03557	37.55643
보옥당	shop	127.05249	37.53778
보울룬	shop	127.05934	37.54477
보은축산	shop	127.03938	37.56996
보이스코드코인노래연습장	activity	127.02750	37.55820
보카도버터	cafe	127.05560	37.54299
보컬리뮤직스튜디오	activity	127.01619	37.54100
보타니스타	shop	127.04389	37.54883
복권나라	activity	127.05385	37.56445
복권방천하명당	activity	127.02750	37.55820
복권천국	activity	127.03292	37.55995
복권클럽	activity	127.02425	37.54798
복권판매점복권휴게소	activity	127.04393	37.56648
복권판매점황금손	activity	127.05500	37.53851
복닭	food	127.05295	37.54659
복돼지두루치기	food	127.06328	37.54831
복돼지와전골	food	127.03968	37.55971
복띵이로또	activity	127.02896	37.56068
복래여관	stay	127.02400	37.54874
복음떡집	food	127.05288	37.56360
복조리복권방	activity	127.06628	37.54954
복준당	food	127.05295	37.54659
복지마트	shop	127.02107	37.55183
복호두	food	127.03376	37.55806
본	bar	127.04478	37.54719
본노엘	food	127.04800	37.54974
본노엘	food	127.03745	37.55764
본도시락	food	127.05295	37.54659
본도시락	food	127.02506	37.56782
본도시락한양대	food	127.04148	37.56058
본떡볶이	food	127.05091	37.56509
본앤브레드컴퍼니	food	127.04450	37.56679
본우리집밥서울교통공사본사점	food	127.05724	37.56259
본우리집밥서울교통공사신답별관점	food	127.04682	37.56999
본우리집밥서울교통공사옥수역점	food	127.01849	37.54073
본우리집밥서울교통공사인재개발원점	food	127.05669	37.56201
본우리집밥한양대학교서울	food	127.04662	37.55450
본죽	food	127.05461	37.54661
본죽	food	127.04094	37.56006
본죽신금호역점	food	127.01967	37.55406
본죽＆비빔밥	food	127.03160	37.56369
본지르르성수	food	127.05466	37.54935
본참치	food	127.03990	37.55977
본초돈까스	food	127.04294	37.55673
본토고기구이	food	127.06741	37.54870
볼가컬렉션	shop	127.03666	37.56123
볼카노호프	bar	127.03595	37.56018
봄스테이	stay	127.05160	37.56382
봄약국	shop	127.05806	37.54350
봄의정원	bar	127.03978	37.56072
봄의정원	bar	127.05825	37.54170
봄이보리밥왕십리역점	food	127.03839	37.56144
봄채	shop	127.02875	37.55657
봉구가래떡볶이	food	127.06530	37.54538
봉구비어	bar	127.03734	37.57048
봉구비어왕십리역점	bar	127.03274	37.56162
봉구스밥버거무학여고점	food	127.03331	37.55851
봉띠끄	shop	127.02506	37.56782
봉명동내커피	cafe	127.04192	37.56293
봉밀가평양냉면	food	127.03542	37.55507
봉순이네다락방	cafe	127.03298	37.56112
봉스터	shop	127.05580	37.54307
봉자막창	food	127.03193	37.56226
봉주르하와이	food	127.04662	37.55450
봉짬뽕	food	127.05023	37.54923
봉추찜닭	food	127.06588	37.54639
봉평골메밀막국수	food	127.03680	37.56491
봉평메밀면사무소	food	127.04404	37.54647
봉평메밀면사무소	food	127.04560	37.54634
봉평옹심이메밀칼국수	food	127.05217	37.56336
뵈르니	food	127.05020	37.53946
뵈르니	cafe	127.04885	37.53942
부경	food	127.06476	37.54621
부광당구장	activity	127.05496	37.53751
부대끼니	food	127.04353	37.54723
부대스토리	food	127.03958	37.56027
부디무드라성수	shop	127.05266	37.54444
부래당	food	127.06800	37.55131
부루앤쥬디	shop	127.03839	37.56144
부르네모텔	stay	127.03493	37.56371
부부레브	shop	127.05436	37.53737
부부슈퍼	shop	127.03184	37.56207
부부요리단	food	127.01754	37.54281
부산어묵	food	127.02163	37.54796
부엉이	activity	127.04843	37.54844
부엉이산장	bar	127.04115	37.55901
부엉이슈퍼	food	127.02408	37.56659
부영갈비	food	127.04421	37.54727
부영숯불갈비	food	127.04424	37.54722
부영전기	shop	127.02595	37.56124
부요네뜨	food	127.02620	37.55021
부우이	food	127.04016	37.54697
부원냉면	food	127.02025	37.54842
부원약국	shop	127.05240	37.53778
부원에이엠씨	shop	127.06722	37.56069
부일상사	shop	127.02805	37.56992
부일약국	shop	127.03712	37.55883
부자떡집	food	127.02694	37.56665
부자랑	activity	127.05526	37.53689
부자식당	food	127.03592	37.55789
부흥부산물	shop	127.04042	37.56937
북경	food	127.06591	37.54844
북극의열대어	cafe	127.05436	37.54914
북어수산	shop	127.02098	37.54843
북촌명인단팥빵	food	127.05693	37.54469
북촌묵은지삼겹살	food	127.05238	37.56355
북촌손만두	food	127.05427	37.54598
북촌손만두왕십리민자역사점	food	127.03839	37.56144
북촌손만두행당점	food	127.02740	37.55481
분식갤러리	food	127.05352	37.53762
분식집막내아들왕십리	food	127.03248	37.56222
분식코너	food	127.04200	37.57026
분식호랑왕십리역점	food	127.03839	37.56144
분크	shop	127.06162	37.54623
불꽃	bar	127.05796	37.53650
불난맥주뚝섬역점	bar	127.04903	37.54766
불났쭈	food	127.04851	37.53851
불닭발땡초동대문엽기떡볶이	food	127.04043	37.55924
불닭발땡초동대문엽기떡볶이금호	food	127.02613	37.54910
불백집	food	127.05366	37.53830
불백하우스	food	127.06530	37.54838
불향나는횟집	food	127.05249	37.56636
불효자성수	food	127.05435	37.53911
붕어빵과호떡	food	127.02330	37.54800
붕어유랑단	food	127.05463	37.53759
붕어천국	food	127.03055	37.56407
뷰소닉인터내셔널	shop	127.05367	37.54409
뷰티라인	shop	127.02383	37.54829
뷰티샵아름다운가게	shop	127.03629	37.57041
뷰티원	shop	127.03086	37.55805
뷰티캐슬	shop	127.05950	37.56177
브라더스스토어단정비트플렉스점	food	127.03839	37.56144
브라우터	food	127.04686	37.54812
브라운팟	cafe	127.03362	37.56165
브래드앤데스크	shop	127.05479	37.54721
브랜드마켓	shop	127.05476	37.54309
브랜드마켓	shop	127.05025	37.54407
브랜든스테이	stay	127.03016	37.55916
브랜트리	shop	127.05690	37.54518
브런치패티	food	127.03649	37.55808
브레댄코	food	127.03467	37.56573
브레댄코상	food	127.02800	37.56615
브레드가든	shop	127.05187	37.54251
브렌우드이마트	shop	127.05291	37.54002
브로벨커피	cafe	127.05642	37.53866
브론즈윅	shop	127.05515	37.53825
브루나루커피바	cafe	127.07196	37.55807
브루니아성수	shop	127.05112	37.54867
브루어리을를서울숲	food	127.04245	37.54689
브루잉세레모니	cafe	127.05514	37.54327
브루크	food	127.06185	37.53921
브루틸더스크	food	127.01218	37.54227
브리돌	shop	127.03559	37.56241
브리비트	food	127.04886	37.54869
브리즈	bar	127.02592	37.55077
브리즘파운드리	shop	127.05968	37.54054
브릭	shop	127.03241	37.56687
브릭샌드성수팩토리	food	127.06221	37.54177
브릭성수	stay	127.04986	37.54179
브릭스커피	cafe	127.03994	37.56171
브릭스테이	stay	127.04158	37.55996
브릴로	food	127.04095	37.54737
브샤브샤	food	127.04523	37.54722
브알라	food	127.04336	37.54416
브와르	food	127.04763	37.53956
브이노래주점	bar	127.03757	37.57114
브이랩스트레치	shop	127.03804	37.55630
브이씨프레시웍스	food	127.05387	37.53868
브이아이씨	shop	127.04531	37.54669
브이아이피노래뱅크	bar	127.03463	37.56270
브이아이피노래연습장	activity	127.01559	37.54358
브이코인노래연습장	activity	127.05449	37.54531
블란도커피	cafe	127.04167	37.56587
블랑드미	shop	127.02116	37.54862
블랑제리새벽	food	127.03773	37.55566
블랙로드커피성수	cafe	127.04117	37.54744
블랙빈스	cafe	127.03552	37.55168
블랙올리브	bar	127.04043	37.55924
블랙존	activity	127.03983	37.55910
블랙차이나	food	127.02506	37.56782
블랙칭칭	shop	127.05629	37.54495
블랙태닝	shop	127.02628	37.55161
블랙피피	shop	127.03491	37.56227
블랙홀피씨방마장	activity	127.04126	37.56536
블러핑바	bar	127.06566	37.54843
블럿	shop	127.05510	37.54028
블레스트	cafe	127.02438	37.55036
블레플러스	food	127.05139	37.56265
블루베리리딩클럽	shop	127.03355	37.55187
블루보틀커피	cafe	127.04564	37.54810
블루선	shop	127.04273	37.54715
블루스프링스	shop	127.05035	37.54740
블루제이	cafe	127.03090	37.56294
블루클럽	shop	127.03618	37.55978
블루포트한양사이버대점	cafe	127.04752	37.55719
븨브	food	127.04035	37.54702
비기	food	127.01995	37.54703
비노에이치비	shop	127.04952	37.54597
비노오라	shop	127.03064	37.56287
비니베이커리	food	127.04575	37.54909
비더블유트레이딩	shop	127.03390	37.56275
비도	cafe	127.04666	37.54683
비디오카페	activity	127.05276	37.53777
비밀밥상	food	127.02408	37.56659
비밀의정원	cafe	127.04602	37.54842
비바	food	127.04045	37.55858
비비비	cafe	127.04763	37.53956
비비씨지	food	127.03070	37.55019
비비컴퍼니미니얀	shop	127.04810	37.54954
비비큐금호	food	127.01957	37.55381
비비큐마장	food	127.03732	37.56991
비비큐성동옥수점	food	127.01188	37.54268
비비큐성수	food	127.06259	37.54374
비비큐왕십리	food	127.02506	37.56782
비비큐치킨	food	127.02511	37.54791
비비큐치킨	food	127.02879	37.56066
비비큐치킨	food	127.05012	37.53819
비사벌주	food	127.04502	37.54628
비스튜디오	activity	127.05740	37.54629
비스트로괜찮아	food	127.01374	37.54053
비스트로류	food	127.04941	37.54609
비스트로솔레	food	127.04648	37.53899
비아인키노	shop	127.05763	37.54207
비알던킨도너츠왕십리민자역사점주	food	127.03834	37.56177
비알베스킨라빈스왕십리민자역사점주	food	127.03839	37.56144
비앤비	shop	127.06330	37.54681
비어도	bar	127.05496	37.53751
비어오크	bar	127.04275	37.56570
비어치킨	bar	127.04993	37.53902
비에스에이치	shop	127.05487	37.56424
비에스인터내셔날	shop	127.05886	37.54081
비에이이	shop	127.06210	37.54397
비에이치씨	food	127.02086	37.54889
비에이치씨도선점	food	127.03500	37.56452
비에이치씨응봉점	food	127.03636	37.55211
비에이치씨치킨한양대	food	127.04316	37.56059
비에이치씨행당점	food	127.02757	37.56052
비엔나커피하우스서울숲역점	cafe	127.04501	37.54347
비엔에이치알커피	cafe	127.05266	37.54444
비엘디컴퍼니	food	127.06588	37.54639
비올레타	cafe	127.02603	37.54867
비웍스주	shop	127.05161	37.54707
비원키친	food	127.06330	37.54681
비이브이	food	127.04908	37.55076
비제이골프아카데미	activity	127.05750	37.53677
비주류	shop	127.02166	37.54781
비주얼스토리	shop	127.02993	37.55962
비즈웰오피스텔	shop	127.04969	37.54162
비지수프바	food	127.05801	37.53780
비지에프리테일성수디저트파크점	shop	127.05185	37.54543
비지에프리테일한양대생활관점	shop	127.04662	37.55450
비지티호두단팥빵	food	127.03030	37.56528
비츠코퍼레이션	shop	127.05448	37.54646
비케이알버거킹왕십리센트라스점	food	127.02408	37.56659
비케이트래드	shop	127.04570	37.56758
비타민약국	shop	127.03559	37.56241
비타민청과	shop	127.02854	37.55729
비타민하우스로뎀나무커피	shop	127.03088	37.56188
비통레브	food	127.05178	37.54341
비트플렉스약국	shop	127.03839	37.56144
비틀즈뱅크	shop	127.06336	37.54791
비티브랜즈	cafe	127.04523	37.55088
비티샵	shop	127.07068	37.55445
빅브로짐	activity	127.04413	37.54792
빅새드	food	127.05602	37.53690
빅쏘갤러리성수	shop	127.05463	37.54108
빅쭌부대찌개	food	127.05367	37.54409
빅토리분식	food	127.03700	37.57011
빈스디자인	shop	127.02139	37.55054
빈스터	shop	127.05595	37.54099
빈트갤러리	shop	127.05473	37.54065
빈티지라운지	food	127.03433	37.56401
빈티지산타	shop	127.05631	37.54302
빈티지애플스	shop	127.05141	37.54376
빈티지피플	shop	127.04279	37.54745
빈플래토	cafe	127.01643	37.54299
빌라드블루	food	127.04348	37.54616
빌라드성수	stay	127.04401	37.54674
빗츠앤바이츠	food	127.02366	37.54680
빙고노래연습장	activity	127.05407	37.54569
빙고스타	food	127.03593	37.56624
빙동댕	food	127.02373	37.54785
빙봉	cafe	127.04044	37.54696
빛을발하라	shop	127.05745	37.54874
빠나나	bar	127.03371	37.56330
빠삐에마셰	food	127.05812	37.54129
빠삐용베이커리	food	127.04152	37.56961
빨간마후라	food	127.04127	37.57126
빨간모자피자	food	127.02741	37.56050
빨간창고	food	127.05940	37.53537
빨강마차	food	127.04311	37.55639
빵	food	127.01917	37.54842
빵굼터착한빵집	food	127.02750	37.55820
빵빵	bar	127.06566	37.54843
빵빵붕어빵	food	127.04557	37.54698
빵양빵양	food	127.05365	37.53797
빵언니의식빵공장	food	127.02506	37.56782
빽다방	cafe	127.02956	37.56405
빽다방	cafe	127.04082	37.55991
빽다방금호금남	cafe	127.02175	37.54800
빽다방뚝섬상원길점	cafe	127.04846	37.54842
빽다방서울숲역점	cafe	127.04488	37.54646
빽다방성수뚝도점	cafe	127.05471	37.53905
빽다방성수역롯데	cafe	127.05713	37.54514
빽다방왕십리텐즈힐점	cafe	127.02506	37.56782
빽다방용답	cafe	127.05426	37.56479
빽다방행당무학점	cafe	127.03238	37.55834
빽다방화양	cafe	127.06578	37.54749
뺌치킨	food	127.04523	37.55088
뺑드미	food	127.04083	37.56139
뺑드에코	food	127.04905	37.54233
뺑드에코	food	127.05408	37.54272
뻬따	food	127.04533	37.55062
뼈마니마장감자탕	food	127.04331	37.56718
뼈마니마장감자탕본관	food	127.04331	37.56718
뼈탄집	food	127.06067	37.54342
뽀다기포차	food	127.04010	37.56020
뽀빠이치킨	shop	127.02236	37.54900
뽀식이네	food	127.06256	37.54176
뽁당볶음밥	food	127.03578	37.56544
뽈로파스타	food	127.04031	37.54730
뽕신왕십리민자역사점	food	127.03839	37.56144
뿐또블루	cafe	127.06391	37.54315
뿔라컬처랩	shop	127.05354	37.54776
쁘띠그랑	food	127.04717	37.54606
쁘띠아모르	food	127.04882	37.54736
쁘티상사	shop	127.05479	37.54721
쁠라와	shop	127.05344	37.54843
쁠랑호텔	stay	127.06892	37.55150
사거리과일	shop	127.05310	37.56381
사거리찌개집	food	127.05295	37.54659
사계	bar	127.05518	37.53785
사계	food	127.05865	37.54331
사계절함흥냉면	food	127.05241	37.56498
사계코스메틱	shop	127.01563	37.54370
사공사	shop	127.05541	37.53858
사근	shop	127.04710	37.56095
사근브이랩마카롱협동조합	food	127.04045	37.55858
사또나라	food	127.02014	37.54808
사라	shop	127.02754	37.55625
사랑방포차식당	bar	127.02061	37.55342
사랑약국	shop	127.02287	37.54833
사랑의꽃배달	shop	127.03626	37.56102
사무엘스몰즈	shop	127.05562	37.54355
사보르김밥	food	127.05393	37.56480
사브르파리성수스토어	food	127.04301	37.54720
사에앤토닉	food	127.05330	37.53898
사오마이노래연습장	activity	127.03315	37.56189
사와분식	food	127.02020	37.55580
사우나미	food	127.05381	37.54338
사우나미서울숲	food	127.04141	37.54663
사운드프로바이더	bar	127.05664	37.53884
사운드플래닛	bar	127.04370	37.54732
사이나	shop	127.05212	37.56264
사이버노래연습장	activity	127.02613	37.54910
사이버노래연습장	activity	127.05534	37.53832
사임당	stay	127.03977	37.56049
사토규카츠성수	food	127.05383	37.54346
사파리	bar	127.03346	37.56294
사흘카레	food	127.06259	37.54374
사흘카레	food	127.04882	37.54736
산고을칼국수	food	127.03046	37.56337
산골막국수	food	127.03124	37.56336
산도스	food	127.03963	37.54770
산마을순대국	food	127.02441	37.55744
산메촌	food	127.05690	37.54518
산수골추어탕감자탕	food	127.02977	37.56385
산약초백숙	food	127.05341	37.53808
산청화로	food	127.01916	37.54704
산타룸노래클럽	bar	127.03431	37.56270
산타약국	shop	127.03548	37.55823
산호약국	shop	127.03345	37.56276
살곶이체육공원	nature	127.05047	37.55403
살라댕템플	food	127.05951	37.53995
살롱드호우섬	food	127.04336	37.54416
살루띠디페이브스	food	127.02657	37.55020
삼거리노래연습장	activity	127.01970	37.54847
삼건컨설팅	shop	127.06588	37.54639
삼겹살앤낙지	food	127.03508	37.56663
삼겹왔삼	food	127.03248	37.56222
삼구사구당구클럽	activity	127.04060	37.55922
삼대냉면	food	127.04333	37.56490
삼덕상회	shop	127.02578	37.55116
삼마실업	shop	127.04531	37.54669
삼맛호오떡	food	127.03316	37.55975
삼미숯불	food	127.06295	37.56115
삼미식당	food	127.02362	37.56081
삼미식당	food	127.05956	37.53633
삼백집	food	127.02408	37.54689
삼보골드	shop	127.01984	37.54816
삼보한우탁탁	shop	127.03851	37.57011
삼삼	food	127.01710	37.54850
삼삼구	food	127.04047	37.55956
삼삼불닭발	bar	127.06852	37.55195
삼삼이네	food	127.05691	37.53665
삼삼테이블	food	127.04488	37.54624
삼삼테이블윤경양식당	food	127.04300	37.54641
삼선회사랑	food	127.05510	37.54520
삼선회사랑	food	127.04531	37.54669
삼성마장판매장	shop	127.03732	37.56991
삼성물산비이커성수	shop	127.05054	37.54410
삼성스크린골프옥수점	activity	127.01459	37.54108
삼성약국	shop	127.05522	37.53742
삼성전기조명	shop	127.05395	37.53716
삼성천막	shop	127.03399	37.56618
삼성플라워	shop	127.05371	37.53556
삼심육고기집왕십리	food	127.03196	37.56511
삼오기름집	shop	127.05402	37.53807
삼옥	cafe	127.05467	37.54673
삼원글로벌주	cafe	127.04709	37.54679
삼원해천탕	food	127.01173	37.54024
삼육구	shop	127.02376	37.54829
삼일약국	shop	127.02139	37.54843
삼일통신	shop	127.05123	37.53788
삼죽돈	food	127.03269	37.56036
삼진미트	shop	127.04050	37.57139
삼천리식당	food	127.06515	37.56037
삼천만횟집	food	127.05400	37.54546
삼첩분식	food	127.03082	37.56234
삼청동샤브왕십리역점	food	127.03839	37.56144
삼춘농산	shop	127.02037	37.55664
삼통치킨호프	food	127.06032	37.53784
삼팔팔포차	bar	127.04063	37.56049
삼형제김밥	food	127.01958	37.55358
삼형제김밥	food	127.05438	37.54615
삼호갤러리	shop	127.06917	37.56021
삼호흑염소	food	127.03176	37.56200
삼흥화학	shop	127.06515	37.56037
삽다리곱창	food	127.04902	37.54555
상구비어	bar	127.04529	37.54655
상보약국	shop	127.06263	37.54036
상상스테이	stay	127.05470	37.54687
상상오리	food	127.02506	37.56782
상신프린팅	activity	127.03543	37.56604
상왕대전	food	127.02736	37.56443
상왕전자담배	shop	127.03058	37.56413
상왕제약	cafe	127.02709	37.56427
상왕제약홍익점	cafe	127.03328	37.56585
상일리베가구	shop	127.05308	37.53793
상큼텔레콤	shop	127.05554	37.53720
상품양다리양갈비	food	127.03987	37.55965
새날컴퍼니	shop	127.04798	37.54585
새로나안경	shop	127.05479	37.54721
새림통신	shop	127.04275	37.56570
새마을식당	food	127.03923	37.56095
새생활센타	shop	127.06515	37.56037
새서독약국	shop	127.03331	37.55851
새싹문구	shop	127.05400	37.56255
새왕약국	shop	127.06591	37.54844
새인선약국	shop	127.06786	37.55150
새촌호프	food	127.04829	37.54149
새터하우스	shop	127.04914	37.54450
새턴호텔	stay	127.06082	37.56140
새희망약국	shop	127.05423	37.56522
색다른면	food	127.05643	37.53967
색연필	shop	127.01965	37.55399
샌드보이	food	127.04561	37.54863
샌드위고	cafe	127.03095	37.56542
샌드위치에이피티	shop	127.06155	37.54046
샌드카베	cafe	127.04301	37.54683
샌프란시스코플라워	shop	127.04585	37.54599
샐러드플러스	food	127.05928	37.54657
샐러디	food	127.04130	37.55982
샐러디	food	127.05295	37.54659
샐러디상	food	127.02408	37.56659
샐러링성수	food	127.05367	37.54409
샐리	shop	127.02750	37.55820
샐피	food	127.04073	37.55985
샘솜컴퍼니	shop	127.04300	37.54641
샘터가든	food	127.03330	37.56370
샘플래닝	activity	127.05693	37.54469
샛별당	bar	127.01554	37.54230
생강김밥성수	food	127.05400	37.54546
생마차	bar	127.04005	37.55894
생생한우	food	127.03938	37.56996
생선정육점	shop	127.05928	37.54657
생태한마리	food	127.05557	37.53846
생활맥주	bar	127.02408	37.56659
생활맥주	bar	127.04023	37.56088
생활맥주옥수역점	bar	127.01654	37.54276
샤갈패션	shop	127.02287	37.54844
샤론	food	127.04672	37.54702
샤론화원	shop	127.02821	37.56438
샤롯데	shop	127.02034	37.55344
샤마리	food	127.01052	37.54016
샤베리	food	127.05383	37.54346
샤보샤보	food	127.03618	37.55978
샤브성수점	food	127.05656	37.53964
샤브인서울	food	127.05579	37.54422
샤이걸	food	127.06013	37.54088
샤인	shop	127.01188	37.54268
샤인후르츠	shop	127.05455	37.53878
샤인후르츠행당점	shop	127.03370	37.55827
샬롬의집	shop	127.02737	37.55648
샴롬	activity	127.03361	37.56296
샵금호스포츠	shop	127.02511	37.54570
샹도르	food	127.05557	37.53846
샹도르	food	127.05500	37.53851
서가미트델리	food	127.04284	37.56540
서경도락디피	food	127.04522	37.54709
서노	food	127.05806	37.54350
서래갈매기부속고기	food	127.03970	37.55983
서박사갈비냉면	food	127.05222	37.56439
서박사부대찌개	food	127.01951	37.55200
서브젝티브카페	cafe	127.05569	37.54988
서브컨트롤	shop	127.05891	37.54282
서산식당	food	127.06080	37.54367
서산할매묵은지김치찜	food	127.04573	37.56100
서오릉피자	food	127.02506	37.56782
서우	food	127.04291	37.54567
서울	shop	127.03578	37.56369
서울가구	shop	127.04353	37.56070
서울가든페스타	event	127.04181	37.54313
서울고양이분양모아캣	shop	127.04192	37.56293
서울국제정원박람회	event	127.04180	37.54307
서울당구장	activity	127.01654	37.54276
서울떡집	food	127.05388	37.56317
서울로인	food	127.04291	37.54567
서울맛집	food	127.05402	37.53830
서울메이트성수	stay	127.04800	37.53982
서울바당	food	127.04618	37.54559
서울방송고등학교매점	shop	127.01103	37.54778
서울분식	food	127.03696	37.56683
서울브루어리성	bar	127.05228	37.54306
서울빙고	shop	127.05413	37.53859
서울새활용플라자	activity	127.05787	37.55874
서울수산	shop	127.05333	37.56359
서울숲	nature	127.04180	37.54307
서울숲곳간	food	127.04747	37.54603
서울숲노래연습장	activity	127.04487	37.54663
서울숲누룽지통닭구이	food	127.04443	37.54697
서울숲브리즈	stay	127.03308	37.54873
서울숲스테이	stay	127.04477	37.54735
서울숲오삼불고기	food	127.04560	37.54634
서울숲주류연구소	shop	127.04641	37.54364
서울숲쭈꾸미	food	127.04524	37.54471
서울숲탁구클럽	activity	127.04969	37.54729
서울숲팜프라자약국	shop	127.04498	37.54190
서울스테이성수	stay	127.04863	37.54957
서울식당	food	127.02841	37.56313
서울앵무새	cafe	127.04356	37.54837
서울양평해장국	food	127.06680	37.54772
서울에스프레소	cafe	127.04484	37.54329
서울왕돈까스	food	127.05187	37.54251
서울왕족발	food	127.04005	37.55977
서울유통	shop	127.04115	37.56985
서울육골당	food	127.04561	37.54863
서울의닭	food	127.04082	37.55991
서울정보통신	shop	127.06565	37.56080
서울축산	food	127.04127	37.57126
서울포레스트하우스	stay	127.04652	37.54569
서인갤러리	shop	127.04844	37.54620
서일사	shop	127.03328	37.56293
서일여관	stay	127.02365	37.54837
서초동연가	bar	127.03950	37.56045
서프림	shop	127.04279	37.54745
서플라이루트성수매장	shop	127.06039	37.54158
석암생소금구이	food	127.05510	37.54520
석천해장국아구찜	food	127.06533	37.54853
석촌칼국수보리밥	food	127.02852	37.56018
선과선분	shop	127.04331	37.54819
선데이베스트	food	127.04060	37.55922
선라이즈	shop	127.05342	37.54506
선물	shop	127.07205	37.55742
선불유심	shop	127.05650	37.53833
선불타이거알뜰폰	shop	127.06917	37.56021
선숙이네반찬	shop	127.05420	37.53820
선엔터테인먼트	food	127.03362	37.56331
선영약국	shop	127.03075	37.56685
선우이엔씨	shop	127.02863	37.56395
선우하우스	stay	127.03430	37.56321
선진스포츠	shop	127.03353	37.55190
선채성수	food	127.04575	37.54909
선희네밥상	food	127.06770	37.55129
설내옥설렁탕	food	127.02082	37.55379
설레임	shop	127.02383	37.54914
설맥눈꽃맥주왕십리역점	bar	127.03425	37.56298
설빙	cafe	127.04056	37.55870
설씨네야채	shop	127.03415	37.56402
설약국	shop	127.03923	37.56095
섬김의떡	food	127.03279	37.56021
섬마을	food	127.03431	37.56270
섬타르서울숲	food	127.04104	37.54682
성광에프앤비어흥식당	bar	127.03839	37.56144
성동구립매봉산숲속도서관	heritage	127.01081	37.54591
성동구립용답체육센터	activity	127.05669	37.56201
성동구민종합체육센터	activity	127.04403	37.54584
성동구자동차밧데리할인매장	shop	127.06168	37.53870
성동구제과제빵봉사단	food	127.03500	37.56452
성동기아매점	shop	127.06421	37.54494
성동녹즙	shop	127.03967	37.56483
성동두레소비자생활협동조합	shop	127.02275	37.55465
성동매점	shop	127.06032	37.53784
성동문화원	heritage	127.03597	37.55924
성동미래일자리	food	127.02530	37.54616
성동보호작업장	cafe	127.03344	37.57023
성동야구아카데미	activity	127.02667	37.54816
성동온누리약국	shop	127.02498	37.55541
성동유통	shop	127.05400	37.54546
성동자전거	shop	127.06687	37.54798
성동책마루도서관	heritage	127.03698	37.56348
성동캐롬클럽	activity	127.03559	37.56241
성동탁구교실	activity	127.05505	37.54535
성모약국	shop	127.05367	37.53902
성산약국	shop	127.03527	37.56052
성수	shop	127.05806	37.54350
성수갈비	food	127.04435	37.54704
성수감자탕하윤점	food	127.05461	37.54300
성수고등어	food	127.04685	37.54698
성수골	food	127.05367	37.53888
성수곰식당	food	127.05405	37.54225
성수까망	food	127.05478	37.54337
성수꼬마	food	127.04945	37.53867
성수낙지	food	127.05445	37.54755
성수노루	food	127.05588	37.54162
성수노루	food	127.05617	37.54424
성수다락	food	127.05625	37.53999
성수단잠	stay	127.05084	37.54896
성수닭곰탕	food	127.05518	37.53766
성수닭꼬치	food	127.06004	37.54070
성수당	shop	127.04849	37.54812
성수대파	food	127.04646	37.54671
성수더블러버스	shop	127.05459	37.54283
성수도레미약국	shop	127.05593	37.54183
성수도시개발	food	127.05717	37.54374
성수돈가스	food	127.05667	37.53669
성수돈까스	food	127.06079	37.54091
성수동간판없는집	food	127.04997	37.54593
성수동골룸서울숲해산물포장마차	bar	127.04562	37.54124
성수동꿀꽈배기	food	127.05750	37.53677
성수동더블랙	cafe	127.04522	37.54709
성수동뚝도방앗간	shop	127.05453	37.53843
성수동리얼로스팅커피	food	127.04566	37.54680
성수동밀도	food	127.04488	37.54624
성수동셋째집	food	127.04844	37.54612
성수동수제모찌	food	127.04487	37.54640
성수동양갈비	food	127.05467	37.54774
성수동에쎔	food	127.04819	37.54233
성수동카페베네	cafe	127.04798	37.54585
성수동핫플투스타시스	shop	127.05620	37.53679
성수뚝배기	food	127.04754	37.55129
성수라	food	127.04588	37.54609
성수라라코지	stay	127.05801	37.53825
성수라잇	stay	127.04902	37.53970
성수로또	activity	127.04717	37.54606
성수리버	stay	127.06021	37.54049
성수리빙텔	stay	127.05474	37.54280
성수망치버거	food	127.04765	37.53962
성수매운갈비찜	food	127.05691	37.53976
성수무구옥	food	127.05934	37.54477
성수무드하우스	stay	127.05494	37.54208
성수문화사	food	127.04528	37.54226
성수물고기	bar	127.05367	37.53820
성수미	food	127.05066	37.55004
성수바베큐	food	127.04851	37.53851
성수반지하	food	127.05385	37.54326
성수베리뉴약국	shop	127.05485	37.54368
성수베이킹스튜디오	food	127.04376	37.54625
성수벨로	food	127.05187	37.54251
성수보라카이	shop	127.04931	37.53844
성수부대찌개	food	127.04484	37.54940
성수부두	food	127.05429	37.54347
성수비스타	stay	127.04364	37.54684
성수빈티지	shop	127.05528	37.54236
성수빈티지	shop	127.05378	37.54499
성수사위식당	food	127.05266	37.54444
성수삼삼오오	stay	127.05852	37.54139
성수상사	shop	127.04685	37.54698
성수상회	shop	127.05951	37.54647
성수서울숲약국	shop	127.04475	37.54769
성수설렁탕	food	127.04524	37.54471
성수센터	shop	127.05698	37.54552
성수속향연	food	127.05544	37.54097
성수수제화	shop	127.05846	37.54849
성수스타우트	food	127.04435	37.54704
성수스테이	stay	127.04258	37.54683
성수스테이	stay	127.06629	37.54860
성수스테이	stay	127.05351	37.53644
성수스테이	stay	127.05676	37.54887
성수식당	food	127.05344	37.54843
성수식당	food	127.06530	37.54538
성수식당	food	127.05535	37.53804
성수식탁	food	127.04957	37.54168
성수신데렐라	food	127.05491	37.54617
성수신발	shop	127.04854	37.53871
성수실내축구장	activity	127.05561	37.54137
성수쏘주집	bar	127.05557	37.53846
성수아구찜	food	127.04587	37.54557
성수아트홀	heritage	127.04695	37.54543
성수약국	shop	127.05662	37.54404
성수역퓨어약국	shop	127.05717	37.54374
성수연방	etc	127.05688	37.54171
성수예보	bar	127.05496	37.53751
성수오뎅	bar	127.05515	37.53825
성수오징어	food	127.05562	37.54355
성수옥상	food	127.06093	37.54125
성수옥아궁지	food	127.05437	37.54558
성수온실	food	127.04687	37.54691
성수완당왕십리역	food	127.03839	37.56144
성수우동	food	127.04844	37.54071
성수우육면	food	127.05367	37.54409
성수율	cafe	127.06005	37.54030
성수율뮤직	activity	127.06005	37.54030
성수율카페	cafe	127.06005	37.54030
성수이루다	food	127.05464	37.54311
성수이마트런딕	shop	127.05350	37.53993
성수인순	stay	127.05319	37.53892
성수일구	food	127.05518	37.53766
성수일미락	food	127.04964	37.54767
성수일상	shop	127.05059	37.53899
성수장	food	127.05934	37.54477
성수정원	cafe	127.05461	37.54300
성수정찬	food	127.06101	37.54343
성수제이펍	activity	127.06496	37.54791
성수족발	food	127.05429	37.54604
성수족발주	food	127.05427	37.54598
성수종로약국	shop	127.05479	37.54721
성수종합전자	shop	127.05062	37.53788
성수지앵협동조합	cafe	127.04433	37.54675
성수지앵협동조합	shop	127.05402	37.53954
성수지앵협동조합	shop	127.03618	37.55978
성수차이나	food	127.05495	37.54683
성수착한식당	food	127.05075	37.54842
성수찰순대국	food	127.04688	37.54834
성수초밥	food	127.05492	37.53950
성수칼국수	food	127.04474	37.54768
성수컬리	shop	127.05401	37.53813
성수탁구클럽	activity	127.05699	37.53682
성수터전	food	127.04600	37.54554
성수티파니	shop	127.05511	37.53745
성수팍스부대찌개	food	127.05066	37.55004
성수포레스트로프트	stay	127.04502	37.55034
성수포차	food	127.05537	37.53756
성수하임	stay	127.05071	37.54445
성수한사랑의원	shop	127.04748	37.53905
성수한옥	food	127.05314	37.53669
성수햇살약국	shop	127.05722	37.54391
성수행운게임랜드	activity	127.05467	37.54463
성숯	food	127.06228	37.54684
성쉼당	stay	127.06019	37.53629
성식이네매운닭발	food	127.03414	37.56619
성신씨엔엠다이소점주	shop	127.05510	37.53716
성신씨엔엠주	shop	127.05510	37.53716
성실고시원	stay	127.05274	37.54347
성실원룸텔	stay	127.05274	37.54347
성암선교재단	shop	127.02619	37.56556
성우	shop	127.03839	37.56144
성우사	shop	127.05455	37.54258
성운	food	127.06162	37.54623
성원맛가	food	127.06261	37.54370
성은성구사	shop	127.07043	37.55401
성은약국	shop	127.04711	37.55013
성일감자탕	food	127.04103	37.56037
성일식당	food	127.05066	37.55004
성일유통	shop	127.02169	37.55151
성일정육점식당	food	127.04698	37.54835
성일한우정육점식당	food	127.04692	37.54820
성지신발	shop	127.03210	37.56032
성지요옥수점	shop	127.01594	37.54422
성진바이크	shop	127.03541	37.55190
성진복권	activity	127.04974	37.55056
성천	shop	127.05746	37.54770
성형주방	shop	127.03201	37.56055
성화마라탕상	food	127.02408	37.56659
세계모형	shop	127.03561	37.56409
세계주류	shop	127.03429	37.56485
세디치	food	127.06133	37.54398
세라	shop	127.05631	37.54302
세라워크	shop	127.03729	37.56207
세라제화	shop	127.05631	37.54302
세러데이모닝	activity	127.04524	37.54569
세렌디피티	stay	127.03059	37.55945
세림노래방	activity	127.04275	37.56570
세맛원종동장터순대국	food	127.02074	37.54840
세명성모닥터웰빙디포	shop	127.03075	37.56685
세밀	food	127.05409	37.54234
세버린주	shop	127.05147	37.54771
세븐노래방	activity	127.01654	37.54276
세븐도선까페점	shop	127.03390	37.56275
세븐뚝섬역점	shop	127.04877	37.54588
세븐뚝섬점	shop	127.04826	37.54892
세븐버거스어위크	food	127.04545	37.54714
세븐성수에스팩토리점	shop	127.05891	37.54282
세븐성수역점	shop	127.05424	37.54475
세븐성수예광점	shop	127.05614	37.54923
세븐성수위즈베라점	shop	127.04719	37.54566
세븐성수캐슬점주	shop	127.05535	37.54710
세븐옥수점주	shop	127.01459	37.54108
세븐왕십리도선점	shop	127.03413	37.56407
세븐왕십리점	shop	127.03456	37.56245
세븐일레븐	shop	127.05424	37.54475
세븐일레븐도선까페점	shop	127.03390	37.56275
세븐일레븐디지털	shop	127.05187	37.54251
세븐일레븐뚝섬리버빌점	shop	127.04986	37.54948
세븐일레븐뚝섬역점	shop	127.04877	37.54588
세븐일레븐뚝섬점	shop	127.04826	37.54892
세븐일레븐마장고운	shop	127.03734	37.57048
세븐일레븐서울시설관리	shop	127.03574	37.57127
세븐일레븐성동원룸점	shop	127.04484	37.56111
세븐일레븐성수성덕정길점	shop	127.05620	37.53679
세븐일레븐성수수청영화점	shop	127.06023	37.53940
세븐일레븐성수아크벨리점	shop	127.06131	37.54393
세븐일레븐성수에스팩토리점	shop	127.05891	37.54282
세븐일레븐성수예광점	shop	127.05614	37.54923
세븐일레븐성수우리	shop	127.05756	37.54293
세븐일레븐성수위즈베라점	shop	127.04719	37.54566
세븐일레븐옥수	shop	127.01589	37.54255
세븐일레븐옥수점	shop	127.01459	37.54108
세븐일레븐용답	shop	127.05248	37.56660
세븐일레븐용답어반점	shop	127.06201	37.56122
세븐일레븐용답케이	shop	127.06147	37.56155
세븐일레븐한양	shop	127.04024	37.56013
세븐일레븐한양대공학관점	shop	127.04662	37.55450
세븐일레븐한양대타운점	shop	127.04304	37.55651
세븐일레븐한양대학교	shop	127.04662	37.55450
세븐일레븐한양대학생회관점	shop	127.04662	37.55450
세븐일레븐행당미르점	shop	127.04010	37.56119
세븐일레븐행당타운점	shop	127.03170	37.55823
세븐틴코인노래연습장	activity	127.05407	37.54569
세븐포스	shop	127.05035	37.54740
세븐한양대공학관점	shop	127.04662	37.55450
세븐한양대정보관점	shop	127.04662	37.55450
세븐한양대타운점	shop	127.04304	37.55651
세븐한양대학교병원점주	shop	127.04662	37.55450
세븐한양제일점	shop	127.04067	37.55894
세븐행당미르점	shop	127.04010	37.56119
세성여관	stay	127.03573	37.56415
세실	shop	127.03142	37.55735
세심당한약국	shop	127.05048	37.54954
세심약국	shop	127.04152	37.56961
세연축산	shop	127.04789	37.54930
세운전기	shop	127.02319	37.54800
세원정육점	shop	127.04773	37.56110
세이버스케이트성수동	shop	127.05891	37.54282
세이보리플레이트	food	127.04009	37.56070
세이케이크	food	127.06232	37.53970
세일상회	shop	127.05398	37.56514
세종탁구장	activity	127.06685	37.56075
세컨드파이브	cafe	127.04825	37.55047
세컨스킨	shop	127.05479	37.54721
세키신	food	127.03281	37.56159
세터안테나샵성수연무장길점	shop	127.04908	37.54466
센드리온	shop	127.06147	37.56155
센세이션	shop	127.01788	37.54185
센스샵	shop	127.05296	37.53762
센트라스투엑스	activity	127.02408	37.56659
센트럴동물센터	shop	127.03374	37.55868
센트럴모굴	cafe	127.04117	37.54744
센트럴프라임파트너스	stay	127.03502	37.56304
센트리얼메이트	shop	127.01800	37.54167
센트리얼옥수점	activity	127.01788	37.54185
센트리얼필	activity	127.01798	37.54171
셀렌바이옴	shop	127.04772	37.54671
셀리앙	shop	127.03050	37.56477
셀리오아랫집	stay	127.04586	37.55111
셀리오인성수	stay	127.05494	37.54208
셀리오코지	stay	127.04586	37.55111
셀바디	activity	127.03316	37.56301
셉템버선셋	shop	127.05643	37.53967
션골프스튜디오	shop	127.03744	37.56208
셧업앤스	activity	127.01335	37.54299
셰프링크	food	127.04003	37.54739
셰프의돈까스	food	127.04835	37.56108
소공상사	food	127.05035	37.54740
소금집성수	food	127.05133	37.54466
소꿉놀이	food	127.03248	37.56247
소나무기획	shop	127.04800	37.53855
소나무식당	food	127.04047	37.55956
소나무커피	cafe	127.05500	37.53851
소녀방앗간서울숲시작점	food	127.04406	37.54660
소노체	stay	127.03609	37.55995
소담	food	127.03374	37.56301
소담김밥	food	127.05232	37.56619
소담숯불갈비	food	127.01794	37.54815
소담스테이왕십리	stay	127.03528	37.55976
소대식당	food	127.03319	37.56660
소도몰행당한진점	shop	127.02755	37.55624
소람테크주	shop	127.05679	37.54013
소랑호젠	food	127.04522	37.54275
소르노	shop	127.05953	37.54074
소리꾼노래방	activity	127.03326	37.56013
소림마라	food	127.01094	37.54088
소마새우농장	shop	127.01634	37.54550
소마피지오성	activity	127.05225	37.55021
소망에스테틱	shop	127.03231	37.54980
소문난성수감자탕	food	127.05441	37.54288
소문난순대국왕족발	food	127.05301	37.56352
소바마에	food	127.04701	37.54681
소바마에니고	food	127.05390	37.54334
소바식당	food	127.05499	37.54302
소바짐	food	127.05078	37.54899
소백서울플래그십	shop	127.05666	37.53863
소버금호	bar	127.02180	37.54780
소설옥	food	127.02180	37.54780
소소하게	cafe	127.04682	37.53926
소안도풍경	food	127.05807	37.54355
소연네화장품	shop	127.05457	37.53740
소와나성수	food	127.03970	37.54786
소요스테이	stay	127.04609	37.54600
소울드링크	shop	127.03405	37.55386
소울보이	bar	127.02180	37.54780
소울스테이	stay	127.03348	37.56541
소울에프엔비	food	127.04523	37.54722
소울컴퍼니	shop	127.05546	37.54444
소울타코	food	127.04094	37.56006
소월아트홀	heritage	127.03601	37.55931
소유담순대국	food	127.05120	37.54947
소유템	shop	127.04007	37.54721
소이	shop	127.01094	37.54088
소이	shop	127.02014	37.54808
소이나나	food	127.06131	37.54393
소인수서울	food	127.04458	37.54975
소잡는녀석들	shop	127.03793	37.56887
소재	cafe	127.03998	37.55866
소적두	cafe	127.04907	37.54860
소점식당	food	127.03422	37.56460
소정	shop	127.05340	37.56444
소코아뚝섬점	food	127.04705	37.54618
소파	food	127.05412	37.54243
소품다락	shop	127.05373	37.56207
소풍	shop	127.03446	37.56587
소풍김밥떡볶이라면	food	127.05270	37.56345
소프트플러스주	shop	127.05510	37.54028
소호리빙텔	stay	127.03656	37.55875
소호앤노호	shop	127.05367	37.54409
소희네식당	food	127.05318	37.54918
속초면옥달꽃식당	food	127.02408	37.56659
손건호의한우일번지	food	127.04127	37.57126
손건호의한우일번지	food	127.04317	37.56629
손건호의한우일번지	food	127.03837	37.57120
손건호의한우일번지별관	food	127.04499	37.56890
손박사삼겹살	food	127.04903	37.54766
손수떡	food	127.04603	37.56504
손조	shop	127.06192	37.54548
솔브	shop	127.01845	37.54781
솔솥	food	127.05531	37.54320
솔스테이	stay	127.02414	37.54841
솔직한우	food	127.01399	37.54670
솜씨	food	127.02750	37.55820
송가네주먹고기	food	127.03641	37.56668
송강제면소	food	127.06543	37.54733
송림복장어민물장어무한리필성수	food	127.05973	37.53633
송범식당	food	127.04369	37.54774
송앤킴	food	127.03999	37.54788
송약국	shop	127.02506	37.56782
송이식당	food	127.05452	37.54839
송전로또	activity	127.06399	37.56093
송전슈퍼	shop	127.06399	37.56093
송정가든	food	127.07144	37.55627
송정마트	shop	127.07099	37.55498
송정식사	food	127.06510	37.54973
송정자미앤	stay	127.07060	37.55468
송정제방길	activity	127.06500	37.55040
송정카레국수	food	127.06737	37.55054
송정하우스	stay	127.06530	37.54937
송정호프	bar	127.07144	37.55627
송탄진대광부대찌개	food	127.05510	37.54520
송하정	food	127.03108	37.56131
송화루	food	127.05213	37.56417
송화호프	bar	127.05195	37.56461
송희화장품	shop	127.04831	37.54874
쇼닌	food	127.04389	37.54883
쇼부	bar	127.04086	37.56039
쇼콜라쏭즈	food	127.05159	37.55045
수	shop	127.01888	37.54843
수공화원	activity	127.04259	37.56539
수구레	food	127.02071	37.54815
수니네키친	food	127.02578	37.55116
수당구장	activity	127.03491	37.56227
수도박물관	heritage	127.04228	37.53988
수동옥	food	127.05478	37.56247
수딧	bar	127.04914	37.54450
수랏간	food	127.03530	37.56360
수랏간	shop	127.02182	37.54872
수랏간푸드	food	127.03375	37.56533
수랑화	food	127.01304	37.54295
수명약국	shop	127.04492	37.54612
수미떡	food	127.02602	37.55091
수미수작꼴목	food	127.03987	37.56029
수반	shop	127.02832	37.56317
수베니어하우스	shop	127.05325	37.53647
수보청기	shop	127.05713	37.54514
수북국밥	food	127.03578	37.56544
수비드김치찜	food	127.02506	37.56782
수상한막창	food	127.03394	37.56145
수상한막창도선	food	127.03605	37.56546
수상한순대국	food	127.06304	37.54173
수세미	bar	127.04030	37.55981
수아	shop	127.02056	37.54738
수아베	shop	127.05592	37.53724
수아팜	shop	127.03839	37.56144
수연	bar	127.03570	37.56488
수오	shop	127.04964	37.55107
수울래	bar	127.02511	37.54791
수원갈비	food	127.03221	37.56631
수원원조갈비	food	127.04433	37.54708
수유리혼밥왕	food	127.02506	37.56782
수입코너	shop	127.05500	37.53851
수정상회	shop	127.03845	37.56945
수정약국	shop	127.02211	37.54797
수제비먹는닭갈비	food	127.03391	37.56199
수제비먹는닭갈비	food	127.03322	37.55965
수제양정순대국	food	127.03406	37.56393
수제양정순대국	food	127.05390	37.53757
수제요리올레길	food	127.01622	37.54289
수제족발운비	food	127.02000	37.55387
수주룸	shop	127.03990	37.56299
수지약국	shop	127.04167	37.56587
수철리	food	127.02166	37.54844
수칼국수	food	127.04684	37.54854
수플라워	shop	127.03405	37.55386
수피롹스	shop	127.05588	37.54162
수한약국	shop	127.01771	37.54844
수향	food	127.05679	37.54013
수현회집	food	127.03320	37.56188
수호키친	shop	127.02408	37.56659
숙고	food	127.05330	37.56396
숙녀복	shop	127.05500	37.53851
숙성의미껍데기	food	127.03991	37.56089
숙성회심	food	127.03467	37.56398
숙영이네	food	127.05367	37.53810
숙쥬얼리	shop	127.03405	37.55386
순남시래기서울숲역점	food	127.04952	37.54474
순대실록	food	127.05747	37.54387
순대실록상	food	127.02801	37.56511
순대일번지마장역점	food	127.04240	37.56606
순살만공격	food	127.02408	37.56659
순심이네	bar	127.05143	37.53783
순자네코다리조림	food	127.04095	37.56493
순천식당	food	127.03409	37.56343
순희네반찬가게	shop	127.01554	37.54230
술래감자탕	food	127.04585	37.54599
술래잡기	bar	127.02796	37.56432
술사냥	bar	127.05231	37.56645
술에빠진노가리	bar	127.03305	37.56007
술이있는맛있는밥집	food	127.04149	37.56340
술있는식탁	bar	127.04643	37.54656
술찾사	bar	127.02139	37.54863
숨스테이	stay	127.05042	37.54120
숨은	cafe	127.05438	37.54920
숯골	food	127.04369	37.54774
숯불지기	food	127.03816	37.56990
숲	shop	127.03839	37.56144
숲떡	food	127.04007	37.54721
쉐르빌고시텔	stay	127.02521	37.57075
쉐르빌리빙텔	stay	127.04246	37.55703
쉐르빌이모네	food	127.03503	37.56460
쉐르빌휴게소	shop	127.03500	37.56452
쉐이크쉑성수	food	127.05431	37.54264
쉐프우	food	127.04620	37.54597
쉬즈미즈엔터식스	shop	127.03839	37.56144
쉭앤칙	cafe	127.05401	37.54192
쉭앤칙카페	food	127.06191	37.54662
쉴트	shop	127.05274	37.54347
쉼	bar	127.01908	37.54843
슈	shop	127.05291	37.54002
슈걸	shop	127.03426	37.55779
슈도재원	food	127.04941	37.54609
슈만	shop	127.05662	37.54404
슈밤	food	127.04035	37.54702
슈슈	food	127.03285	37.56089
슈슈네가게	cafe	127.01459	37.54108
슈슈베어	shop	127.05196	37.54786
슈엔씨	bar	127.03505	37.56248
슈퍼베어	activity	127.05449	37.54586
슈퍼베어	activity	127.05376	37.54305
슈퍼오리	food	127.05574	37.54899
슈퍼이야이야	food	127.04263	37.54729
슈퍼키친신금호역점	shop	127.02015	37.55431
슈퍼키친행당역점	shop	127.02875	37.55657
슈퍼플	food	127.01781	37.54844
슉	food	127.04684	37.54657
슐스타드	cafe	127.02913	37.56074
스낵바논데	food	127.04521	37.54270
스너그스테이왕십리	stay	127.04066	37.56068
스노우래빗	activity	127.04489	37.54682
스노우엠유한책임회사	cafe	127.05126	37.54398
스마일	food	127.03220	37.56069
스마일	food	127.04130	37.56128
스마일	food	127.02380	37.54794
스마일스테이	stay	127.05191	37.53840
스마일온누리약국	shop	127.05350	37.53993
스마일탁구클럽	activity	127.04931	37.54104
스마트성동대	shop	127.03667	37.55999
스마트온	shop	127.03744	37.56217
스마트원룸텔	stay	127.06818	37.56027
스마트전자저울	shop	127.04338	37.56701
스몰보트	food	127.04598	37.54575
스밍스튜디오	cafe	127.04625	37.54137
스시긴	food	127.03284	37.55842
스시노칸도왕십리비트플렉스점	food	127.03839	37.56144
스시도쿠더성수	food	127.04307	37.54772
스시도쿠왕십리	food	127.03606	37.56095
스시도쿠카미동	food	127.03574	37.56044
스시도키	food	127.04700	37.54693
스시라온	food	127.04883	37.54128
스시로지	food	127.04019	37.55885
스시모치	food	127.02251	37.54885
스시무카	food	127.02408	37.56659
스시스토리	food	127.05047	37.53987
스시아카진	food	127.03447	37.56257
스시오오모토	food	127.04686	37.54703
스시유메	food	127.04333	37.54620
스시이치바	food	127.04484	37.54940
스시존	food	127.04092	37.56085
스시카제	food	127.05464	37.54311
스시코유	food	127.05777	37.53842
스시타카이	food	127.03587	37.56446
스시화	food	127.04796	37.56167
스시훈	food	127.05563	37.54823
스시히나타	food	127.03178	37.56392
스위치컴퍼니	shop	127.05020	37.54391
스위트드림플라워왕십리역점	shop	127.03666	37.56123
스위트모텔	stay	127.03526	37.56340
스위티베어스	food	127.06419	37.54919
스위피	cafe	127.01382	37.53951
스윗글로우	cafe	127.06224	37.54832
스윗바이브	cafe	127.04694	37.54683
스윗번트	food	127.05293	37.54215
스카이노래연습장	activity	127.02012	37.55431
스카프	food	127.05642	37.53737
스컹크	food	127.03285	37.56091
스케줄코퍼레이션스케줄성수	food	127.05546	37.54444
스케쳐스	shop	127.03839	37.56144
스쿨룩스성동	shop	127.03667	37.55999
스쿨푸드금호딜리버리	food	127.02015	37.54885
스크립트	cafe	127.03679	37.55837
스타	activity	127.03456	37.56245
스타노래방	activity	127.01399	37.54331
스타노래연습장	activity	127.03030	37.56641
스타노래연습장	activity	127.04617	37.54619
스타노래연습장	activity	127.01399	37.54331
스타노래연습장	activity	127.05662	37.54404
스타당구클럽	activity	127.05510	37.53716
스타뚝배기	food	127.04668	37.56012
스타벅스	cafe	127.03527	37.56052
스타벅스	cafe	127.03390	37.56275
스타벅스	cafe	127.04498	37.54190
스타벅스	cafe	127.05696	37.54323
스타벅스	cafe	127.02408	37.56655
스타벅스	cafe	127.03839	37.56144
스타벅스	cafe	127.02801	37.56511
스타벅스	cafe	127.01335	37.54299
스타벅스	cafe	127.04212	37.55717
스타벅스	cafe	127.04662	37.55450
스타벅스	cafe	127.04511	37.54768
스타벅스	cafe	127.04910	37.54644
스타벅스	cafe	127.05546	37.54444
스타벅스	cafe	127.06632	37.54718
스타벅스	cafe	127.01536	37.54803
스타벅스	cafe	127.02022	37.55498
스타일빈	shop	127.03666	37.56123
스타일엠	shop	127.04082	37.55991
스타장모텔	stay	127.02414	37.54841
스타즉석떡볶이	food	127.03349	37.55892
스타칼리휘트니스	activity	127.04413	37.54792
스타트짐	activity	127.03339	37.56181
스타트짐헬스	activity	127.05510	37.53716
스타화점	shop	127.02009	37.54841
스타힐스코스메틱	shop	127.04641	37.54364
스탈릿성수	etc	127.05547	37.54449
스태거	food	127.04958	37.53814
스탠다드빌라	food	127.01523	37.54345
스텀멜	cafe	127.03149	37.55997
스텀필즈커피	cafe	127.05757	37.54807
스테이고져스	stay	127.04521	37.55067
스테이나라	stay	127.03027	37.56444
스테이린인성수	stay	127.04677	37.53942
스테이보리	stay	127.06148	37.53966
스테이성수	stay	127.04877	37.55027
스테이성수아지트	stay	127.04799	37.54160
스테이소호	stay	127.04851	37.54994
스테이송정	stay	127.06772	37.55051
스테이수	stay	127.04736	37.54618
스테이수	stay	127.05274	37.54221
스테이얀	stay	127.05618	37.53797
스테이어스	stay	127.04140	37.55733
스테이에이치	stay	127.05391	37.56355
스테이연성수	stay	127.06231	37.53998
스테이영	stay	127.03078	37.56508
스테이온	stay	127.06519	37.54852
스테이온	stay	127.05815	37.53666
스테이온별	stay	127.03539	37.55751
스테이왕십리	stay	127.03511	37.55954
스테이은	stay	127.04806	37.54279
스테이인히어왕십리	stay	127.03447	37.56257
스테이지알	shop	127.06008	37.54525
스테이지엑스	shop	127.03285	37.56315
스테이커렌트	cafe	127.04515	37.54447
스테이티	stay	127.06189	37.56087
스테이페이지	stay	127.05461	37.54300
스테이포성수	stay	127.06507	37.54470
스테이한	stay	127.05450	37.54681
스테이헤리티지성수	stay	127.04502	37.54728
스테이호별	stay	127.06121	37.54852
스테이히비	stay	127.05930	37.53578
스테치	cafe	127.05594	37.54284
스텔라	shop	127.05521	37.54674
스텔라게코	shop	127.03076	37.56456
스텔라떡볶이서울	food	127.02506	37.56782
스텔라팝	shop	127.05669	37.54523
스튜디오무유성	food	127.05477	37.54942
스튜디오성동	stay	127.05266	37.56634
스튜디오우디	cafe	127.05891	37.54282
스트레치뱅옥수점	activity	127.01276	37.54278
스펑크커피	cafe	127.05789	37.53776
스페셜땡스투	cafe	127.04096	37.56376
스페이스가든	cafe	127.01212	37.54730
스페이스누디	shop	127.05628	37.53862
스페이스로라	shop	127.06035	37.54584
스페이스성수	shop	127.05348	37.54265
스페이스젯	shop	127.05562	37.54355
스포애니케이디스포츠	activity	127.05717	37.54374
스포츠당구장	activity	127.04474	37.54768
스포츠당구장	activity	127.03285	37.56089
스프레이하우스	cafe	127.05338	37.55013
스프링펫	shop	127.05319	37.56426
슬로우레빗	cafe	127.05315	37.56559
슬로우캘리	food	127.04122	37.55965
슬로우캘리뚝섬역점	food	127.04854	37.54909
슬로우캘리왕십리뉴타운점	food	127.02408	37.56655
슬로우파마씨	shop	127.06302	37.54567
승리원	food	127.04515	37.54447
승림수예점	shop	127.02245	37.54869
승비어드	shop	127.03839	37.56144
승아스토아	shop	127.05422	37.56291
승일당구클럽	activity	127.03425	37.56298
시간이맛있는집청춘예찬	food	127.03350	37.56315
시골동태찌개	food	127.03049	37.56371
시골밥상	food	127.05053	37.53777
시골순대	food	127.06515	37.56037
시골옻닭	food	127.05779	37.53669
시골집	bar	127.05484	37.53808
시골청국장	food	127.05232	37.56622
시냅스	bar	127.04855	37.54094
시놉시스	food	127.04361	37.56075
시몬스	shop	127.02602	37.54776
시브레서울	shop	127.05528	37.54236
시스기어	shop	127.05187	37.54251
시스크리에이티브	shop	127.06521	37.54943
시엔느성	shop	127.05789	37.54182
시온견과	shop	127.04365	37.56457
시올돈	food	127.03573	37.56046
시올돈옥수점	food	127.01568	37.54244
시옹마오	food	127.05445	37.54347
시원	food	127.04868	37.54936
시원텔레콤	shop	127.02578	37.55116
시유모먼트	stay	127.02735	37.56344
시장바닥	bar	127.02193	37.54891
시장설렁탕	food	127.05428	37.53796
시즈널	shop	127.05488	37.56399
시치미	shop	127.04838	37.54922
시케아성수	shop	127.05767	37.53829
시퀀스	shop	127.06747	37.55046
시크릿노래주점	bar	127.05143	37.53783
시크릿바	bar	127.03356	37.56287
시티짐	activity	127.05423	37.56522
시티짐금호역점	activity	127.01642	37.54889
식당겸	food	127.04694	37.54683
식당오츠	food	127.04692	37.54654
식당컴퍼니	food	127.05499	37.54302
식당컴퍼니소바식당	food	127.05499	37.54302
식당컴퍼니텐동식당	food	127.05491	37.54334
식당컴퍼니해만식당	food	127.05602	37.54307
식물원김밥	food	127.02634	37.56917
식스브로	shop	127.06023	37.54020
식스피엠성수	bar	127.05574	37.54914
신구멍가게상	shop	127.02506	37.56782
신금호김밥반찬	shop	127.01815	37.55628
신금호노래연습장	activity	127.02012	37.55408
신금호당구장	activity	127.02041	37.55408
신금호떡볶이	food	127.02003	37.55379
신금호붕어빵	food	127.02016	37.55548
신금호숯불갈비	food	127.02013	37.55368
신금호약국	shop	127.02030	37.55486
신기루오뎅바	food	127.05456	37.53859
신기소플러스	food	127.03839	37.56144
신나라모바일	shop	127.04401	37.56651
신데렐라아미솔루션	shop	127.03064	37.56287
신도	stay	127.02799	37.56448
신도솔루션	shop	127.05510	37.53716
신도스마트사무기	shop	127.04531	37.54669
신동아마트	shop	127.02899	37.54953
신동아약국	shop	127.04498	37.54572
신라약국	shop	127.06705	37.55013
신라전기조명공사	shop	127.05403	37.56276
신명먹거리	food	127.04862	37.54853
신사소곱창성수	food	127.05037	37.54425
신사수입코너	shop	127.02495	37.54825
신사한우소곱창	food	127.05400	37.54493
신산커피하우스	cafe	127.06406	37.54841
신상에프앤비	shop	127.05448	37.54646
신샘물금호	shop	127.03094	37.54918
신생유니폼	shop	127.03158	37.56514
신선식탁	food	127.05562	37.54355
신선정육점	shop	127.04153	37.56276
신선피엔에프	shop	127.03828	37.56867
신성림약국	shop	127.04130	37.55982
신성웰빙족발	food	127.05522	37.53742
신세계식품	shop	127.02216	37.54836
신세계약국	shop	127.05750	37.53677
신세대노래연습장	activity	127.01987	37.55408
신수정약국	shop	127.05984	37.53652
신숙	stay	127.03993	37.56049
신숯불탁탁	food	127.03902	37.56978
신신원	food	127.06199	37.54771
신앙촌상회	shop	127.02412	37.54798
신앙촌상회	shop	127.03677	37.55989
신앙촌상회	shop	127.02750	37.55820
신앙촌상회	shop	127.03543	37.56604
신양장여관	stay	127.04775	37.53872
신용당	shop	127.02000	37.54824
신용사	shop	127.03319	37.56160
신용사	shop	127.05178	37.53813
신우축산	shop	127.04115	37.56985
신의주찹쌀순대	food	127.02448	37.55553
신의주찹쌀순대	food	127.02694	37.56665
신의주찹쌀순대	food	127.01788	37.54185
신의한국수	food	127.06543	37.54733
신의한국수본점	food	127.06543	37.54805
신이화약국	shop	127.05211	37.56446
신일상사	shop	127.06515	37.56037
신자금성	food	127.01382	37.53951
신전떡볶이	food	127.04789	37.54930
신전떡볶이	food	127.01816	37.54823
신전떡볶이왕십리센트라스점	food	127.03035	37.56562
신촌부침이	food	127.06659	37.54939
신촌설렁탕	food	127.03548	37.55823
신탁구클럽	activity	127.03105	37.56403
신통커피	cafe	127.06681	37.55172
신한국통닭신	food	127.02011	37.55366
신한메디칼	shop	127.05035	37.53814
신한유에프씨성수점	shop	127.04413	37.54792
신화꽃	shop	127.05614	37.53868
신화상사	shop	127.03022	37.56383
신화중고명품	shop	127.02740	37.55481
신흥떡방아간	food	127.01188	37.54268
실내포차	food	127.03435	37.56293
실로암약국	shop	127.05355	37.56454
실루엣건강기능	shop	127.02408	37.56659
실버리아	shop	127.02028	37.54823
실버스미스앤코	shop	127.05446	37.53980
실버스포츠사회적협동조합	activity	127.04798	37.54585
실비식당	food	127.04962	37.53895
실비옥	food	127.05806	37.54350
심봉사도넛고로케	food	127.05406	37.56492
심봉사도로케비트플렉스점	food	127.03839	37.56144
심야식당행당	food	127.03358	37.55573
심우	shop	127.03201	37.56532
심재응봉	food	127.03572	37.55200
심토불이	food	127.05907	37.53658
심퍼티쿠시	food	127.04511	37.54768
심플하우스원룸텔	stay	127.04212	37.55717
십오야떡방	food	127.05416	37.53767
싱싱과일야채	shop	127.02876	37.56046
싱싱마켓키친티비파트너스지점	food	127.02506	37.56782
싱싱마켓티비파트너스지점	shop	127.02506	37.56782
싱싱생고기	food	127.07144	37.55627
싱싱스포츠	shop	127.03839	37.56144
싱싱야채과일	shop	127.05288	37.56360
싱싱오징어바다	food	127.03409	37.56306
싱싱오징어바다	food	127.04071	37.56089
싱싱오징어바다	food	127.01826	37.54822
싱싱횟집	food	127.05341	37.53767
싱잉피그	food	127.04366	37.54776
싸구포차	bar	127.04050	37.55907
싸다김밥	food	127.02408	37.56659
싸다김밥장한평역점	food	127.06120	37.56158
싸리골	food	127.06167	37.54835
싸부의가르침	food	127.02969	37.56398
싸움의고수	food	127.04047	37.55956
싹쓰리곱창	food	127.05588	37.53847
싼보름달피자	bar	127.03968	37.55971
쌀롱드쥬디자인스튜디오	shop	127.05029	37.54152
쌍둥이집	food	127.04127	37.57126
쌍용마트	shop	127.04711	37.55013
쌍용정육점	shop	127.04711	37.55013
쌤닭	food	127.02503	37.55515
쌤닭	food	127.03500	37.56452
써니네분식	food	127.02408	37.54689
써니눅	food	127.05626	37.54005
써니야오빠왔다	food	127.05195	37.56461
써드웨이브커피	cafe	127.02594	37.55065
써미트아이엔티	shop	127.05693	37.54469
써밋주니어골프피트니스	activity	127.06451	37.54834
써브웨이	food	127.04067	37.55894
써브웨이	food	127.05690	37.54464
써브웨이	food	127.04477	37.54735
써브웨이	food	127.03340	37.56283
써브웨이상	food	127.02408	37.56659
써브웨이신금호역점	food	127.01815	37.55628
썬	bar	127.05816	37.53646
썬데이하트	shop	127.06467	37.54451
썬러브성수	shop	127.06181	37.53942
썬크리에이티브	food	127.04779	37.54447
썰트	shop	127.07210	37.55711
썸노래연습장	activity	127.04907	37.54615
썸웨어프롬	cafe	127.04003	37.54739
쎄븐	bar	127.06482	37.54834
쎄븐노래주점광장	bar	127.03701	37.55965
쎄임더스트	shop	127.04982	37.54434
쎄콩데서울숲	shop	127.04421	37.54727
쎄콩데성수	shop	127.05519	37.54239
쎈느	cafe	127.05344	37.54489
쏘나타노래방	activity	127.02155	37.54788
쏘쏘포차	food	127.02121	37.54877
쏘쏘한베이킹	food	127.06166	37.54197
쏘옥	food	127.05436	37.54914
쏘티	food	127.05387	37.53868
쏠라닉스	shop	127.04577	37.54078
쏨	shop	127.03393	37.55617
쑥이네떡볶이	food	127.03248	37.56089
쓰리닷츠	food	127.04149	37.56327
쓰리데이즈	shop	127.02875	37.55657
쓰리와이피	shop	127.03944	37.54725
쓰리짐	activity	127.04734	37.54837
쓰리짐피트니스	activity	127.07148	37.55590
쓰윗	food	127.05155	37.54351
쓰윗	food	127.05178	37.54466
씨니어스무브먼트	food	127.06391	37.54315
씨드니	cafe	127.05538	37.53857
씨디엠세상의중심	shop	127.06620	37.54919
씨미즈	shop	127.04546	37.55115
씨씨	bar	127.03398	37.56171
씨아이미디어	shop	127.05295	37.54659
씨앤피텍스	shop	127.05591	37.56400
씨에스솔루텍	shop	127.04662	37.55450
씨에스씨산업	food	127.04782	37.55134
씨에프에스에스	cafe	127.04074	37.54680
씨엘쇼룸	shop	127.01683	37.53994
씨유	shop	127.02704	37.56521
씨유금호	shop	127.02554	37.54670
씨유금호	shop	127.02348	37.55589
씨유금호동	shop	127.02353	37.54830
씨유금호래미안점	shop	127.02424	37.55227
씨유뉴금호	shop	127.02613	37.54910
씨유뚝섬동아점	shop	127.04840	37.55031
씨유뚝섬현대점	shop	127.04727	37.54785
씨유마장	shop	127.03702	37.57098
씨유마장	shop	127.04525	37.56591
씨유마장서울점	shop	127.03967	37.56483
씨유서울숲	shop	127.03743	37.55390
씨유서울숲아이파크리버포레점	shop	127.04358	37.55018
씨유서울숲트리마제점	shop	127.04467	37.53926
씨유성동	shop	127.01961	37.54817
씨유성동	shop	127.06199	37.54771
씨유성동벽산점	shop	127.03274	37.56821
씨유성동신한점	shop	127.03578	37.56369
씨유성동행당점	shop	127.03363	37.55855
씨유성수	shop	127.05788	37.54515
씨유성수	shop	127.05452	37.54839
씨유성수	shop	127.06194	37.54027
씨유성수	shop	127.05693	37.54469
씨유성수경일점	shop	127.04926	37.54424
씨유성수더블유	shop	127.06207	37.54474
씨유성수디지털	shop	127.05004	37.54679
씨유성수뚝섬점	shop	127.04532	37.54881
씨유성수베스트	shop	127.05082	37.54191
씨유성수스페이스	shop	127.04643	37.55130
씨유성수에이스	shop	127.05679	37.54013
씨유성수에이스	shop	127.05572	37.53578
씨유성수영동교점	shop	127.05955	37.53654
씨유성수토목점	shop	127.05913	37.53671
씨유성수프리미어점	shop	127.04314	37.54822
씨유성수하우스디점	shop	127.05295	37.54659
씨유성수한강한신점	shop	127.05336	37.53577
씨유성수한진점	shop	127.04577	37.54078
씨유성수헤이루점	shop	127.04484	37.54329
씨유성수협성점	shop	127.06162	37.54623
씨유성수휴먼테코점	shop	127.06578	37.54749
씨유성지아라점	shop	127.05897	37.54394
씨유송정금산점	shop	127.06920	37.55183
씨유신	shop	127.02011	37.55366
씨유신금호	shop	127.01882	37.55558
씨유옥수	shop	127.01421	37.54338
씨유옥수극동점	shop	127.01188	37.54268
씨유옥수래미안리버젠점	shop	127.01409	37.54671
씨유옥수역점	shop	127.01833	37.54105
씨유옥수점	shop	127.01654	37.54276
씨유왕십리	shop	127.03765	37.56360
씨유왕십리	shop	127.02465	37.56153
씨유왕십리삼부점	shop	127.03651	37.56105
씨유왕십리역사점	shop	127.03839	37.56144
씨유왕십리한신무학점	shop	127.02809	37.56303
씨유왕십리한양점	shop	127.03948	37.56023
씨유왕십리현대점	shop	127.02359	37.56073
씨유용답리치점	shop	127.05275	37.56527
씨유용답역점	shop	127.05188	37.56280
씨유용답하이츠점	shop	127.05503	37.56359
씨유응봉	shop	127.03070	37.55019
씨유응봉역점	shop	127.03542	37.55190
씨유응봉초점	shop	127.03323	37.55054
씨유장한평역점	shop	127.06338	37.56129
씨유장한평지바트	shop	127.06812	37.55962
씨유하	shop	127.02956	37.56405
씨유한강버스옥수선착장점	shop	127.01793	37.53886
씨유한양대	shop	127.04222	37.56021
씨유한양대	shop	127.04109	37.56170
씨유한양대사근점	shop	127.04668	37.56012
씨유한양사대부고점	shop	127.04196	37.56313
씨유한양사이버대점	shop	127.04752	37.55719
씨유행당	shop	127.02757	37.55657
씨유행당	shop	127.03042	37.55752
씨유행당레몬점	shop	127.03548	37.55823
씨유행당삼부소월점	shop	127.03690	37.55978
씨유현대테라스	shop	127.05367	37.54409
씨제이올리브영	shop	127.04067	37.55894
씨제이올리브영	shop	127.02801	37.56511
씨제이올리브영	shop	127.02273	37.54762
씨제이올리브영	shop	127.05449	37.54531
씨제이올리브영답십리역점	shop	127.05377	37.56567
씨제이올리브영뚝섬역점	shop	127.04511	37.54768
씨제이올리브영서울숲역점	shop	127.04498	37.54190
씨제이올리브영성동	shop	127.05524	37.54430
씨제이올리브영성수연방점	shop	127.05690	37.54141
씨제이올리브영신금호역점	shop	127.01982	37.55423
씨제이올리브영왕십리역사점	shop	127.03839	37.56144
씨제이올리브영왕십리역점	shop	127.03280	37.56263
씨투피	shop	127.04531	37.54669
씨티하우스컴퍼니	cafe	127.05448	37.54646
씨피	shop	127.04521	37.54270
씽노래연습장	activity	127.05460	37.54557
씽씽오토바이	shop	127.04806	37.56369
씽우	shop	127.03839	37.56144
아가젤라또성수	food	127.05408	37.54338
아구듬뿍알곤마니	food	127.02290	37.54853
아끄떼뚜	food	127.04677	37.54645
아남스	shop	127.03756	37.57124
아다나케밥	food	127.04047	37.55956
아달	shop	127.06515	37.56037
아더오브샵	shop	127.05240	37.54324
아더퓨트로샵	shop	127.05624	37.54352
아도르	shop	127.04823	37.54242
아따블르아뜰리에	food	127.02275	37.54867
아떼스타	shop	127.02756	37.56325
아뜰리에성수	stay	127.05366	37.53830
아뜰리에성수	stay	127.04344	37.54694
아띠샵	shop	127.05378	37.53759
아라마크한양대교직원생활과학대	food	127.04662	37.55450
아라참치	food	127.03258	37.56377
아라푸드	food	127.03247	37.56122
아람북스	shop	127.05757	37.54807
아랫목식당	food	127.06793	37.55103
아로나	shop	127.06793	37.55122
아로마	food	127.02209	37.54898
아로마	shop	127.03405	37.55386
아로마글로바왕십리역사점	shop	127.03839	37.56144
아로바스	bar	127.05120	37.54947
아롱다롱	shop	127.03446	37.56587
아루스테이	stay	127.03514	37.56351
아루요	food	127.02408	37.56659
아루쿠	food	127.04713	37.54634
아르고보니	cafe	127.04980	37.55073
아르단테	food	127.04141	37.54663
아르페지오	shop	127.01950	37.55311
아름다운가게	shop	127.03031	37.56577
아름식품	shop	127.05563	37.54887
아리	shop	127.05314	37.53669
아리계곡왕십리	food	127.04012	37.55914
아리따움성동용답	shop	127.05338	37.56404
아리랑노래방	activity	127.03149	37.56173
아리스타커피	cafe	127.05390	37.54200
아리통신	shop	127.04146	37.56534
아마레	shop	127.05557	37.54485
아마스빈	cafe	127.04103	37.56037
아마스빈행당점	cafe	127.03085	37.55778
아마존	shop	127.05616	37.54419
아마존테크	shop	127.05483	37.53798
아메디스트	shop	127.05390	37.56221
아모렉스관광호텔	stay	127.03533	37.56366
아모렉스호텔	stay	127.03530	37.56360
아모르	shop	127.01721	37.54845
아무붙임머리	shop	127.06793	37.55122
아무아쥬성수부티크	shop	127.05468	37.54255
아무튼겨울	cafe	127.04585	37.53972
아미가노래연습장	activity	127.05535	37.54710
아바미	shop	127.04840	37.54659
아방가르드	shop	127.06160	37.54017
아방궁노래연습장	activity	127.05955	37.53654
아벤에젤	shop	127.03690	37.55978
아보카도랩	food	127.05266	37.54444
아비꼬	food	127.05562	37.54355
아비꼬성수동	food	127.05562	37.54355
아비에무아	shop	127.04066	37.54704
아빠올때아이스크림	shop	127.04835	37.56108
아빠올때아이스크림신	shop	127.02018	37.55395
아빠올때아이스크림하	shop	127.02757	37.56052
아사히고도서울영업소주	shop	127.05161	37.54707
아성축산	shop	127.04063	37.56920
아세누	food	127.05442	37.54885
아시바클럽	food	127.05271	37.54864
아시아원파트너스	food	127.05891	37.54282
아싸비어마장역점	shop	127.04144	37.56565
아싸비어왕십리뉴타운점	shop	127.02506	37.56782
아씨네	shop	127.02740	37.55481
아씨네꽃간	shop	127.05651	37.53931
아씨네호프	bar	127.04332	37.56667
아영에프비씨	shop	127.04641	37.54364
아오미	food	127.04636	37.54646
아우라	food	127.03597	37.56482
아우리스테이	stay	127.04702	37.53860
아우어베이커리옥수점	cafe	127.01648	37.54243
아우어쥬빌리	food	127.01926	37.54706
아우트로	shop	127.04970	37.53906
아우프글렛	cafe	127.02622	37.54888
아우프글렛	cafe	127.04472	37.55098
아웃나우성수	food	127.05305	37.54429
아웃백딜리버리옥수점	food	127.01266	37.54269
아웃백스테이크하우스왕십리역사점	food	127.03839	37.56144
아웃오브타임	cafe	127.05459	37.54555
아워데이즈	shop	127.03839	37.56144
아워스테이	stay	127.03590	37.55721
아워스테이	stay	127.04986	37.54179
아워킬리바	food	127.05365	37.56485
아워파트너인터내셔널	shop	127.03405	37.55386
아원	food	127.01212	37.54730
아율	shop	127.04487	37.56274
아이다전자담배	shop	127.03844	37.55817
아이더	shop	127.06082	37.54658
아이더블유홈스테이	stay	127.05042	37.54120
아이디피어싱성수	shop	127.05367	37.54409
아이띵소	shop	127.04141	37.55982
아이러브플렛엔터식스몰왕십리	shop	127.03839	37.56144
아이리스	bar	127.05713	37.53763
아이마트안경콘택트	shop	127.02583	37.55083
아이바이크송정	shop	127.07188	37.55795
아이숲건강기능식품	shop	127.02408	37.56655
아이스따봉	shop	127.02968	37.56062
아이스랑까까랑	shop	127.02448	37.55553
아이스랜드	shop	127.02618	37.55451
아이스앤스낵창고	shop	127.02425	37.54798
아이스앤스낵창고응봉점	shop	127.03300	37.55033
아이스짱행당	shop	127.02737	37.55648
아이스크림스토리	shop	127.04149	37.56327
아이스크림스토리마장역점	shop	127.04028	37.56647
아이스크림스토리신금호역점	shop	127.02016	37.55527
아이스크림에빠지다신	shop	127.02431	37.55223
아이스크림천국	shop	127.03226	37.55833
아이스크림천국	shop	127.03439	37.56529
아이스크림할인점	shop	127.03210	37.56032
아이스크림할인점	shop	127.03417	37.56449
아이스팩토리	stay	127.01981	37.55395
아이안	bar	127.04600	37.54554
아이에이엠제이	shop	127.06155	37.53980
아이에프	shop	127.06120	37.56100
아이엠랑데자뷰성수카멜리아점	food	127.05690	37.54141
아이엠엠디	food	127.05215	37.56680
아이엠피제이	cafe	127.05565	37.54311
아이오쓰리	cafe	127.06315	37.54166
아이오쓰리에이스하이앤드점	cafe	127.05679	37.54013
아이온안경원	shop	127.04148	37.56037
아이유웰웰플러스	activity	127.02511	37.54570
아이지	shop	127.06528	37.54676
아이지인더스트리	shop	127.05788	37.54515
아이케이크유	shop	127.04702	37.54660
아이토아이	food	127.05178	37.53813
아이티	shop	127.05383	37.54787
아이파크	shop	127.07099	37.55498
아이패밀리	shop	127.01468	37.54087
아이패밀리에스씨핑크오피스성수	shop	127.05884	37.54122
아이피엑스코퍼레이션	shop	127.05763	37.54207
아이헤이트케첩	food	127.05383	37.54346
아인테니스클럽	activity	127.06130	37.54775
아인플라츠	cafe	127.03503	37.56460
아일랜드샵	shop	127.05955	37.53654
아임베이글	shop	127.03961	37.56060
아임테크	shop	127.05693	37.54469
아전엔지니어링	shop	127.03412	37.56698
아젤리아	shop	127.05693	37.54469
아쥬로앤코	shop	127.04336	37.54416
아지트카페	cafe	127.01950	37.55323
아카데미고시텔	stay	127.04054	37.56117
아카보시	food	127.05563	37.54823
아카이브서울	bar	127.04672	37.54702
아카이브앱크아틀리에	shop	127.04178	37.54774
아쿠아덕	food	127.04300	37.56644
아쿠아산타서울숲카페	cafe	127.04886	37.54869
아쿠아산타성수카페	cafe	127.05825	37.54170
아크메드라비성수	shop	127.05464	37.54311
아크밸리서비스	cafe	127.06131	37.54393
아크브랜딩팝업스토어	bar	127.04246	37.54790
아크인터내셔널	shop	127.05004	37.54679
아키야마	bar	127.05746	37.54770
아타리	food	127.05668	37.53756
아토즈성수포레스트	stay	127.05263	37.54213
아토커피왕십리	cafe	127.03338	37.56561
아트박스	shop	127.05424	37.54475
아트박스왕십리역점	shop	127.03839	37.56144
아트앤컴퍼니인터내셔널	shop	127.04653	37.54630
아트원룸텔	stay	127.04094	37.56006
아트원룸텔고시원	stay	127.04094	37.56006
아트웨이브	shop	127.05728	37.53839
아트코르	shop	127.02408	37.56655
아트홀릭	shop	127.02805	37.56992
아틀리에케이	shop	127.02506	37.56782
아폴로	food	127.03839	37.56144
아프로모바일	shop	127.03839	37.56144
아프리카수산	food	127.04958	37.54890
악세소와	shop	127.05535	37.54710
악쓰는하마노래연습장	activity	127.05379	37.56475
악쓰는하마노래연습장	activity	127.03394	37.56145
악쓰는하마코인노래연습장	activity	127.04073	37.55985
악어떡볶이	food	127.04109	37.56065
안가네보쌈	food	127.05209	37.56471
안경박사	shop	127.05402	37.56459
안경세상	shop	127.02854	37.55729
안나불루주	shop	127.05449	37.54531
안나플라워	shop	127.01091	37.54156
안느시카페	cafe	127.02408	37.56659
안다미로팬케이크성수	cafe	127.04370	37.54698
안동시농축특산물직거래장터	shop	127.04898	37.54697
안동역	bar	127.03361	37.56296
안목	food	127.05048	37.54954
안목성수	food	127.05796	37.54120
안수산	food	127.02506	37.56782
안스스팽글	shop	127.01188	37.54268
안씨네쭈꾸미	food	127.05416	37.54774
안주림	food	127.04571	37.54935
안주마당	food	127.03248	37.56388
안즈약국	shop	127.05166	37.54491
안타이	food	127.05750	37.53858
안탭리아뜰리에	food	127.04001	37.54710
안테나샵	shop	127.06169	37.54457
안트소울플라워	shop	127.06731	37.55167
알뜰상회	shop	127.02238	37.54869
알레르망	shop	127.03133	37.56329
알로하프룻	cafe	127.02637	37.56909
알베르금호	cafe	127.02441	37.54768
알비씨오	shop	127.04969	37.54162
알앤디컴퍼니	activity	127.05187	37.54251
알엑스퍼스널트레이닝	activity	127.03677	37.55989
알오디	food	127.05727	37.53967
알오에이	shop	127.04931	37.54104
알지멀티	shop	127.04550	37.54892
알촌	food	127.04016	37.55859
알파기원	activity	127.05629	37.54495
알파문구	shop	127.03734	37.56997
알파문구화양점	shop	127.06230	37.54791
암암리	food	127.04015	37.54736
압구정샌드위치	food	127.06962	37.55571
압구정샌드위치	food	127.05204	37.53806
압구정샌드위치옥수점	food	127.01446	37.54648
압구정찌개마을사근점	food	127.04678	37.56074
압구정화로구이옥수역점	food	127.01619	37.54100
앗싸노래방	activity	127.03224	37.56642
앗싸노래연습장	activity	127.05939	37.53633
앙골로에스프레소	cafe	127.05633	37.53995
앙드레김서울	shop	127.05546	37.54444
앙심품은도야지	food	127.05165	37.53793
앙호두	food	127.06032	37.53784
애리꼼닭발	bar	127.03424	37.56261
애솔촌고기마을	food	127.05201	37.56318
애장품	shop	127.04884	37.53983
애정가득찬	food	127.02634	37.56917
애주금호	bar	127.01212	37.54730
애플꼬마김밥옥수점	food	127.01660	37.54234
애플당구장	activity	127.05693	37.54469
애플마트	shop	127.05273	37.56402
애플스하우스	shop	127.05840	37.54194
애플트리고시원	stay	127.04397	37.56079
앤	bar	127.03435	37.56293
앤더슨씨성수	shop	127.05399	37.54421
앤더슨씨쿼드	food	127.05399	37.54421
앤드밀	food	127.05136	37.54423
앤드케이크	food	127.03090	37.56227
앤아더컴퍼니	food	127.04276	37.54632
앤지배	shop	127.05076	37.54630
앤투케이	cafe	127.05544	37.54097
앤티크하우스서울	food	127.06799	37.55312
앨리	cafe	127.04829	37.56058
앨리스연구소	shop	127.06062	37.54195
앨리하우스	stay	127.03115	37.55750
앰비언트성수스토어	shop	127.06093	37.54123
앰프비데이	shop	127.05601	37.53898
앳모스피어	cafe	127.06376	37.54346
앳이즈	cafe	127.04366	37.54776
앳이즈	cafe	127.04271	37.54785
앵글런	shop	127.04063	37.54839
앵아이엔씨	shop	127.06812	37.55962
앵포르멜	shop	127.05241	37.54313
야끼니꾸히안	food	127.03964	37.55846
야끼도리정	food	127.04738	37.54653
야마타니우동	food	127.03323	37.56133
야몽야몽	food	127.04617	37.54619
야미또	food	127.03469	37.56643
야시단란주점	activity	127.03737	37.57007
야심잔기지떡	food	127.06232	37.53970
야키토리모리	food	127.04679	37.54688
야키토리산초	food	127.05651	37.53956
야키토리요인	food	127.05657	37.53818
야키토리코사카	food	127.01986	37.54700
야키토리히노야	food	127.03247	37.56122
야트	shop	127.05122	37.54427
야한생두	cafe	127.04922	37.54139
약사랑옵티마약국	shop	127.02448	37.55553
약산갤러리	shop	127.04801	37.54551
얌샘	food	127.02197	37.54839
얌샘김밥	food	127.02197	37.54839
얌샘김밥	food	127.05367	37.54409
얌이얌이	food	127.03306	37.55008
양가	food	127.03603	37.56582
양가네김치찜	food	127.02506	37.56782
양대포	food	127.04047	37.55956
양마니명동찌개마을	food	127.05390	37.56493
양의공간	food	127.04780	37.54197
양일식품	shop	127.05428	37.53820
양자강	food	127.03147	37.56427
양자강	food	127.03861	37.56921
양지미싱	shop	127.03149	37.56173
양지생고기	food	127.01660	37.54234
양지실부자재	shop	127.03149	37.56173
양평해장국	food	127.05278	37.56353
양평회관	food	127.03957	37.56089
어가세꼬시	food	127.02079	37.54796
어거스트치킨	food	127.03884	37.55620
어거스트치킨왕십리센트라스점	food	127.02408	37.56659
어거스트칠사일	food	127.04083	37.56139
어게인스트보더스	food	127.01218	37.54227
어게인인서울	stay	127.03080	37.54905
어니언컴퍼니	cafe	127.05812	37.54473
어드림오브시드	shop	127.01582	37.54268
어라	food	127.03436	37.56233
어라운드데이	cafe	127.04128	37.54692
어라운드스케이프	food	127.02075	37.54872
어랑회집	food	127.05247	37.53733
어린달	food	127.04044	37.56030
어린달	food	127.04560	37.54709
어린이꿈공원	nature	127.03611	37.55853
어머님의대화와이해속에에디슨탄생무지개새마을	shop	127.04982	37.53672
어메불	food	127.04127	37.57126
어메불판	food	127.03802	37.56021
어메이드맨	shop	127.04438	37.56938
어메이징브루잉컴퍼니	bar	127.04948	37.54282
어묵나라	food	127.05609	37.54450
어묵나라	food	127.05319	37.56645
어묵나라뚝섬점	food	127.04736	37.54719
어묵애꼬치다왕십리역점	food	127.03666	37.56123
어바웃결	shop	127.03990	37.54751
어바웃엠협동조합	activity	127.04128	37.57068
어바웃엠협동조합	cafe	127.04313	37.56821
어반네스트성수	stay	127.06652	37.55008
어반누크	cafe	127.04333	37.54674
어반성수	stay	127.05661	37.53574
어반스케치	stay	127.03591	37.55707
어반스푼	food	127.01446	37.54648
어반테니스상	activity	127.02408	37.56659
어반패션주	shop	127.06062	37.54195
어반포레스트스테이무학	stay	127.03371	37.56391
어볼섬	shop	127.02854	37.55729
어부가	food	127.05459	37.54555
어부오와	food	127.05040	37.54450
어사랑밥상	food	127.03522	37.56309
어스샌드위치	food	127.03028	37.56450
어시스트키친	food	127.05364	37.54342
어썸데이	shop	127.02506	37.56782
어썸블리스	food	127.04947	37.54625
어썸스윗성수	food	127.05540	37.53895
어울림반찬사랑	shop	127.02857	37.56290
어울림온누리약국	shop	127.01648	37.54258
어울림이층약국	shop	127.01798	37.54171
어울림터	food	127.02833	37.56231
어질인	cafe	127.03955	37.56133
어촌	food	127.05421	37.53887
어커	cafe	127.05350	37.54939
어퍼룸	cafe	127.05358	37.54838
어페어커피	cafe	127.05506	37.53675
어폴	food	127.03418	37.56547
어피스앤드피스	cafe	127.05320	37.54857
언니커피	cafe	127.05445	37.53743
언니포차	bar	127.05444	37.53829
언더스탠드에비뉴	shop	127.04358	37.54356
언라인	food	127.06124	37.53967
언써플라워	shop	127.01580	37.54570
언커먼아이웨어	shop	127.03990	37.54751
언코우트	shop	127.04980	37.55034
언포모	shop	127.04108	37.54722
얼음과자	shop	127.04130	37.55794
얼음꽃아이스크림할인점	shop	127.03036	37.56717
얼짱노래연습장	activity	127.05646	37.54528
얼큰이왕냉면	food	127.04785	37.53899
엄마국밥	food	127.01836	37.54821
엄마김치찌개	food	127.05285	37.56393
엄마네집밥	food	127.05389	37.54821
엄마반찬	shop	127.04812	37.54936
엄마밥상	food	127.01554	37.54230
엄마손	food	127.04304	37.55651
엄마손김치	shop	127.06704	37.55046
엄마손김치찌개	food	127.02190	37.54847
엄마손도시락	shop	127.03311	37.55044
엄마손약국	shop	127.03322	37.56239
엄마한끼	food	127.03070	37.55019
엄메이징슈퍼마켓	shop	127.01949	37.54665
업사이드다운	shop	127.05913	37.53671
업사이드커피	cafe	127.05795	37.54205
업소명없음	stay	127.03465	37.56328
업소명없음	stay	127.04070	37.56137
업소명없음	shop	127.06120	37.56158
업소명없음	shop	127.03237	37.54998
업소명없음	shop	127.02016	37.55548
업소명없음	stay	127.06295	37.56115
업소명없음	stay	127.04022	37.56030
업소명없음	shop	127.03673	37.57019
업타운휘트니스	shop	127.03548	37.55823
엉이네조개구이	food	127.05154	37.56236
엉터리생고기	food	127.05449	37.54586
에가트니브	shop	127.04035	37.54702
에고	shop	127.05167	37.54443
에고쇼룸	shop	127.05159	37.54470
에그드랍	food	127.05438	37.54615
에그드랍	food	127.03285	37.56315
에그마카슈성수	cafe	127.04958	37.54822
에그셀런트	food	127.01857	37.54820
에끼우동	food	127.06255	37.54074
에덴	shop	127.01935	37.54846
에디션덴마크서울숲쇼룸	food	127.04785	37.54087
에디슨바이댄	food	127.04058	37.54748
에딘버그골프클럽	activity	127.06543	37.54733
에맥앤볼리오스센트럴시티점	food	127.05613	37.54062
에머이	food	127.05698	37.54552
에밀리성동지점	shop	127.03535	37.56385
에밀리진	shop	127.04646	37.54409
에버그린성수	shop	127.04785	37.53725
에버딘	shop	127.03712	37.55883
에버하트주	shop	127.06169	37.54457
에브라임안경	shop	127.04478	37.54746
에빠	cafe	127.04366	37.54776
에스	bar	127.03463	37.56270
에스더블유전산	shop	127.06685	37.56075
에스디엠컴퍼니	shop	127.04249	37.54767
에스디푸드성동미래일자리	shop	127.04048	37.55467
에스랩	food	127.04883	37.54128
에스메로서울	food	127.05812	37.54129
에스비에스당구장	activity	127.05466	37.53949
에스비에스당구장	activity	127.05572	37.53578
에스아이신도판매주	shop	127.05295	37.54659
에스아이엘파트너스	shop	127.05581	37.54238
에스앤케이	shop	127.06181	37.53980
에스에스플라자	shop	127.04967	37.53834
에스에이치	food	127.02634	37.56917
에스에프아이주	shop	127.05161	37.54707
에스엠바이오팜	shop	127.05690	37.54518
에스엠씨인터내셔널	shop	127.05117	37.53828
에스와이에스	shop	127.04641	37.54364
에스유비디	activity	127.05424	37.54475
에스점핑다이어트	shop	127.04902	37.53856
에스제이그룹	shop	127.06156	37.54173
에스제이씨	shop	127.04349	37.56740
에스제이씨엠리테일	shop	127.06054	37.54124
에스제이푸드	food	127.01999	37.55366
에스케이티프리스비행담점	shop	127.03028	37.55760
에스코피티이엘티디영업소	shop	127.05367	37.54409
에스팩토리	heritage	127.05948	37.54231
에스페란토	shop	127.02143	37.55306
에스푸드	food	127.06778	37.56066
에스프레소카페티	cafe	127.02854	37.55729
에스피엘	food	127.04375	37.54619
에어드랍커피성수	cafe	127.05449	37.54417
에어맥솔루션기술지원	shop	127.04883	37.54128
에어픽	shop	127.03500	37.56452
에오르	shop	127.04939	37.53857
에옹쓰	shop	127.03196	37.56511
에이더블유오	cafe	127.05223	37.54298
에이드티	cafe	127.04980	37.55073
에이레네	shop	127.05595	37.54099
에이셉피자	food	127.04926	37.54424
에이스노래연습장	activity	127.05385	37.56445
에이스디	shop	127.05159	37.55045
에이스시스템	shop	127.03340	37.56943
에이스양품	shop	127.02275	37.54863
에이스전자저울	shop	127.04338	37.56701
에이알	shop	127.04539	37.55129
에이에이	shop	127.04172	37.54675
에이유브랜즈	shop	127.05166	37.54553
에이유커머스	shop	127.05166	37.54553
에이치	shop	127.04063	37.54839
에이치디디	food	127.04330	37.54699
에이치디디	food	127.05322	37.54297
에이치디오에스칙피스성수점	food	127.05266	37.54444
에이치뮤즈	shop	127.06057	37.53693
에이치비씨	cafe	127.05549	37.53513
에이치비와이에프앤비	food	127.05467	37.54463
에이치비푸드핫브레드	food	127.05609	37.54450
에이치스테이	stay	127.02886	37.56389
에이치앤비갤러리	shop	127.05475	37.53732
에이치앤큐푸드	food	127.03161	37.56244
에이치에스레인저스	shop	127.04844	37.54620
에이치엠	bar	127.03322	37.55873
에이치와이앤컴퍼니	food	127.04336	37.54416
에이치커피로스터스	cafe	127.05058	37.54924
에이치케이제이	shop	127.04708	37.53895
에이치호텔	stay	127.03521	37.56259
에이테르	cafe	127.05492	37.53950
에이투지메디칼슈올즈서울	shop	127.02108	37.54840
에이티미트	food	127.03905	37.57039
에이티에잇부티크	shop	127.04085	37.54717
에이틴	shop	127.05556	37.54193
에이팀	shop	127.04521	37.54270
에이포자산관리	food	127.04641	37.54364
에이프롬	food	127.06228	37.54684
에이플러스에이	food	127.05642	37.54106
에코아트	shop	127.03491	37.56227
에코트리푸드	shop	127.03487	37.56561
에코폰	shop	127.03462	37.56121
에쿠스노래연습장	activity	127.03456	37.56245
에크	cafe	127.04845	37.55052
에타	shop	127.06131	37.54393
에트	shop	127.05563	37.54823
에티튜드엘	shop	127.06232	37.53970
에포트리스	shop	127.05556	37.54193
에프씨에스	cafe	127.06187	37.54402
에프앤상사	shop	127.06114	37.54675
에프에스케이주	activity	127.05367	37.54409
에프엠당구장	activity	127.04915	37.53851
에프엠피트니스	activity	127.02014	37.54808
에프터드링크버거	food	127.03632	37.56045
에프티지키친	food	127.03574	37.55743
에픽	shop	127.01756	37.54763
에픽에스프레소	cafe	127.02634	37.56917
에필로그카페	food	127.05500	37.54765
엑스업전자담배	shop	127.05764	37.54322
엔그린떡볶이	food	127.04030	37.55981
엔에스	shop	127.05448	37.54646
엔에프엔디성	shop	127.05865	37.54331
엔엠홈	food	127.05400	37.54984
엔젤컴플렉스	food	127.04643	37.56095
엔젤피어싱	shop	127.04103	37.56037
엔젤화원	shop	127.01930	37.54335
엔커뮤니티	shop	127.03446	37.56587
엔터식스왕십리폴햄	shop	127.03839	37.56144
엔터식스파렌하이트	shop	127.03839	37.56144
엘닷	food	127.05324	37.54817
엘더그룹	food	127.04298	37.54634
엘더버거	food	127.04300	37.54638
엘라	food	127.04694	37.54683
엘레멘츠	cafe	127.05670	37.54176
엘레이	bar	127.03285	37.56089
엘로코	food	127.06222	37.54010
엘루라	food	127.04778	37.54172
엘루이피자	food	127.03991	37.56004
엘리랩컴퍼니	shop	127.04844	37.54620
엘리웨이	food	127.04617	37.54839
엘리트노래연습장	activity	127.05955	37.53654
엘림떡방앗간	food	127.03267	37.56911
엘림하우스	food	127.02307	37.54876
엘릿	food	127.04031	37.54730
엘마트생활용품할인점	shop	127.05456	37.56499
엘모바일	shop	127.02757	37.55657
엘몰	shop	127.05069	37.55005
엘몰리노	food	127.04118	37.54749
엘보른	shop	127.05562	37.54355
엘비에이치컴퍼니	activity	127.03299	37.56136
엘소아청소년과건식	shop	127.02694	37.56665
엘아이에스컴퍼니	shop	127.02973	37.56084
엘앤에이	shop	127.01824	37.54636
엘앤제이인터내셔널	shop	127.05120	37.54947
엘에스솔루션	shop	127.04910	37.54711
엘에스스토어	shop	127.02485	37.54825
엘에스씨푸드매트인재개발원	food	127.05669	37.56181
엘에스씨푸드메트신답	food	127.05497	37.55692
엘에스씨푸드메트옥수점	food	127.01833	37.54105
엘에프지랩스	food	127.05550	37.53577
엘엠엘디컴퍼니	shop	127.04995	37.54416
엘엠케이에이치	shop	127.05544	37.54097
엘이펀	food	127.05266	37.54444
엘중고명품	shop	127.05295	37.54659
엘지피엠	shop	127.03671	37.56566
엘케이팔마	shop	127.05148	37.53764
엘투휘트니스	activity	127.02506	37.56782
엘피퍼시픽	shop	127.05448	37.54646
엠비씨노래주점	bar	127.03456	37.56245
엠씨씨엔바리스타	cafe	127.04245	37.54811
엠알디오컴퍼니	bar	127.04763	37.53956
엠에스	shop	127.05744	37.53476
엠에스에이피	shop	127.05503	37.54953
엠엘	shop	127.02408	37.56659
엠와이소셜프랜차이즈	food	127.04844	37.54620
엠음악연습실	activity	127.03996	37.55942
엠젯코인노래연습장	activity	127.03303	37.56069
엠쥐엠	activity	127.03502	37.56607
엠즈비어	bar	127.05266	37.54444
엠코퍼레이션스	shop	127.05407	37.53732
엠프티성수	shop	127.05659	37.54366
엠플레이그라운드성수	shop	127.05789	37.54182
엣날총각상회	shop	127.03446	37.56571
여기가좋겠네	bar	127.06241	37.54057
여리빈네일	shop	127.04636	37.54697
여민언니의비밀정원	shop	127.03219	37.56171
여백의미학	cafe	127.04019	37.55714
여우주막	bar	127.04030	37.55927
여우집	food	127.03840	37.57079
여운초밥	food	127.02040	37.54872
여일축산	shop	127.02603	37.54843
여주농산	shop	127.03307	37.56581
역삼칼국수	food	127.04535	37.54309
역전할머니맥주	bar	127.04060	37.55922
역전할머니맥주	bar	127.05247	37.56362
역전할머니맥주	bar	127.05513	37.54523
역전할머니맥주	bar	127.03287	37.56337
연	food	127.02506	37.56782
연	food	127.05367	37.54409
연	food	127.02554	37.54670
연교	food	127.03467	37.56398
연디저트	food	127.03030	37.55927
연무장붕어빵	food	127.05537	37.54194
연수에스앤와이	stay	127.03578	37.56369
연스시참치	food	127.01094	37.54088
연어롭다성수	food	127.04040	37.54711
연어왕국	food	127.03323	37.56133
연을잇다	food	127.03011	37.56080
연이네	food	127.06777	37.55140
연탄구이집	food	127.05483	37.53802
연탄불꼼장어	food	127.04905	37.54508
연탄요릿집	food	127.05520	37.53755
연평도꽃게낙지	food	127.04485	37.56770
열기	food	127.06336	37.54791
열린공간	shop	127.05319	37.56645
열린금호교육문화관	activity	127.02076	37.55190
열매나라	shop	127.05394	37.53773
열정국밥	food	127.02290	37.54889
열정한우	shop	127.01255	37.54259
열창노래방	activity	127.03322	37.55965
열창노래방	activity	127.04967	37.53834
열창노래방	activity	127.02201	37.54777
열창노래연습장	activity	127.03322	37.55965
영계소문옛날통닭	food	127.05535	37.53804
영광사	shop	127.04824	37.53884
영광사	shop	127.05014	37.53798
영광식당	food	127.06515	37.56037
영광플라워	shop	127.05768	37.53826
영구스피자	food	127.04672	37.53928
영남	shop	127.04242	37.56663
영동당구클럽	activity	127.06507	37.54470
영동숯불집행당점	food	127.03312	37.56000
영동슈퍼	shop	127.05744	37.53476
영동식당	food	127.05955	37.53654
영동오토바이	shop	127.06057	37.53693
영동황제꽈배기	food	127.03263	37.56111
영민약국	shop	127.05340	37.54622
영베이커리	food	127.01188	37.54268
영소쥬얼리	shop	127.02526	37.54822
영수분식	food	127.05395	37.53792
영스카이	shop	127.06207	37.54474
영스카이	shop	127.06406	37.54841
영스킨앤바디	shop	127.03595	37.56018
영시	food	127.05497	37.54655
영식품	food	127.05777	37.54611
영신상사	shop	127.05825	37.54170
영심이노래연습장	activity	127.05276	37.53777
영자네곱창	food	127.01994	37.55396
영재고시텔	stay	127.05248	37.56660
영주식당	food	127.03242	37.56668
영진오토바이	shop	127.05322	37.56567
영진유리	shop	127.03136	37.55990
영진이노텍호두붐왕십리	food	127.03666	37.56123
영진철판	shop	127.05386	37.53805
영칼로리포케	food	127.02408	37.56655
영패션	shop	127.03322	37.55965
영풍글로벌	shop	127.05479	37.54721
영화농산	shop	127.03277	37.55288
영화장품할인코너	shop	127.03429	37.56485
영화화원	shop	127.02628	37.55161
영희게러지	food	127.03605	37.56546
영희한복	shop	127.05420	37.53805
예그린	shop	127.04958	37.53814
예담아이엔씨	shop	127.05367	37.54409
예당축산	shop	127.01446	37.54648
예림문고주	shop	127.06101	37.54343
예바다	food	127.05295	37.54659
예반	food	127.04916	37.55045
예빈당	cafe	127.05622	37.54273
예뻐해주세요	shop	127.05797	37.53835
예셰숄	cafe	127.05313	37.54838
예스메디	stay	127.05950	37.56177
예쓰뮤직커피알콜	bar	127.05387	37.53868
예아네꽃집	shop	127.05538	37.53857
예원하우스	stay	127.05456	37.54206
예인정보	shop	127.05187	37.54251
예일안경	shop	127.05367	37.53902
예전약국	shop	127.03570	37.56488
예현홍삼	shop	127.05602	37.53690
옐로우	food	127.02689	37.54815
옐로펀치	shop	127.05161	37.54707
옛고을	food	127.03572	37.55673
옛골감자탕	food	127.05438	37.54615
옛날순대국	food	127.05178	37.53813
옛날통닭	food	127.03436	37.56517
오가나셀	shop	127.05159	37.55045
오가네숯불꼼장어	food	127.04869	37.54836
오감	bar	127.04030	37.55981
오거트	cafe	127.04372	37.54737
오거트	cafe	127.04942	37.54842
오거트포레스트	cafe	127.04370	37.54732
오공김밥	food	127.05456	37.56499
오공서울	cafe	127.06632	37.55082
오내혼술집서울	food	127.04694	37.54683
오늘	shop	127.01589	37.54811
오늘도김볶만	bar	127.03307	37.55966
오늘도못참치	food	127.05516	37.53795
오늘도부대찌개	bar	127.05004	37.54679
오늘도성수	stay	127.06185	37.53921
오늘동성수	food	127.06336	37.54791
오늘먹고싶은족발	bar	127.01617	37.54270
오늘보쌈칼국수	bar	127.03314	37.56056
오늘성수스테이	stay	127.05912	37.54664
오늘스테이	stay	127.05912	37.54664
오늘애김밥	food	127.05806	37.54350
오늘와인한잔왕십리역점	bar	127.03978	37.56090
오늘의밥상영창디지털	bar	127.04772	37.54671
오늘전통축제	event	127.05948	37.54231
오늘회식	food	127.05346	37.56317
오니기리와이규동	food	127.05445	37.54755
오다주웠다	shop	127.04701	37.54681
오대리국수	food	127.05934	37.54477
오뎅카세	food	127.05656	37.53964
오드비	food	127.04941	37.54609
오디오시요거트	cafe	127.03357	37.56197
오땅비어마장역점	bar	127.04300	37.56644
오뚜기식당	food	127.03288	37.56370
오뚜기식품	shop	127.06385	37.54363
오뜨그룸	shop	127.01624	37.54526
오뜨로	food	127.04647	37.54414
오뜨로부엔디아	food	127.04646	37.54409
오래느루	food	127.03302	37.56359
오래식당	food	127.03502	37.56713
오레노카츠	food	127.04952	37.54474
오렌즈	shop	127.04158	37.55996
오렌즈성수	shop	127.05270	37.54334
오렌즈왕십리역점	shop	127.03839	37.56144
오렌지	bar	127.03501	37.56250
오렌지보틀한남점	food	127.01094	37.54088
오렌지펫	shop	127.03396	37.55604
오렌지핑크바나나	shop	127.02824	37.56426
오로라	shop	127.05035	37.53814
오로라라운지	activity	127.05314	37.56601
오롯이	food	127.02506	37.56782
오루베	cafe	127.02787	37.56407
오르노	food	127.05891	37.54081
오르에르	cafe	127.05138	37.54352
오리바베큐응봉점	food	127.02899	37.54953
오리지널쿡앤커피	cafe	127.03859	37.57045
오릭스브랑제리	food	127.03112	37.55783
오마뎅	food	127.06588	37.54639
오마이골드	shop	127.04986	37.54402
오마이골프	shop	127.03864	37.56550
오마카세오사이초밥	food	127.05157	37.54484
오매	shop	127.05643	37.53967
오밀성수	food	127.05427	37.54874
오발탄	food	127.04491	37.54189
오버나잇커피로스터스	cafe	127.02408	37.56659
오버도즈	food	127.04663	37.54664
오버도즈도넛앤커피	cafe	127.04665	37.54670
오복떡집	food	127.04708	37.53895
오복집	food	127.06515	37.56037
오부이용	food	127.02606	37.55062
오부찌	food	127.05466	37.53949
오브뉴	shop	127.04331	37.54819
오브젝트	shop	127.04091	37.54775
오븐에빠진닭	food	127.03447	37.56286
오븐에빠진닭	food	127.05449	37.54586
오블리비언	food	127.03076	37.55967
오빠네옛날떡볶이	food	127.05548	37.54303
오빠화이팅	food	127.03303	37.56015
오사카고양이	food	127.03425	37.56298
오설록아모레	food	127.05905	37.54455
오성푸드시스템	shop	127.03463	37.56759
오소록	food	127.03632	37.56045
오소이	shop	127.05097	37.54561
오스킴주	shop	127.06578	37.54749
오스테이성수	stay	127.05852	37.54139
오스트카카	shop	127.04575	37.54909
오스틴리드	shop	127.05291	37.54002
오시블랙성수	food	127.04301	37.54683
오시오	food	127.03305	37.56001
오쏘글로벌	shop	127.05048	37.54954
오씨오씨커피로스터스	cafe	127.05928	37.54657
오아서	shop	127.04929	37.54854
오아시스	shop	127.02686	37.56483
오아시스	shop	127.05418	37.54293
오아시스	shop	127.05000	37.54769
오알지	food	127.04702	37.54636
오앤유주	cafe	127.04956	37.54547
오야성수	food	127.04594	37.54901
오에이치씨리미티드	shop	127.03390	37.56275
오엔와이	food	127.05555	37.54877
오엔와이	food	127.05521	37.54673
오영아샵	shop	127.02610	37.54885
오와리	bar	127.05116	37.54380
오와리뚝섬점	food	127.04654	37.54667
오와리주막	food	127.04650	37.54677
오우스킨	shop	127.03309	37.55884
오일내	food	127.02408	37.56659
오일장	bar	127.04076	37.54690
오일프라이드집	food	127.05419	37.54325
오잉키	cafe	127.04799	37.56099
오저트	food	127.02738	37.56293
오지구전자담배	shop	127.04531	37.54669
오지상성수	bar	127.04926	37.54605
오징어청춘	food	127.05513	37.54523
오쯔	shop	127.02740	37.55481
오츠쿠리	food	127.02087	37.54817
오카보카커피	cafe	127.04680	37.54218
오카소	stay	127.02083	37.54713
오케이아이스크림할인점	shop	127.04812	37.56901
오크모스	shop	127.02408	37.56659
오키초밥	food	127.06191	37.54662
오타쿠포차	food	127.03977	37.56049
오토김밥	food	127.05690	37.54141
오토김밥왕십리뉴타운점	food	127.02408	37.56655
오토카페	shop	127.05942	37.54812
오투휴게소	shop	127.04088	37.56064
오트	cafe	127.05004	37.54679
오트	food	127.06062	37.54195
오트도트	food	127.01212	37.54730
오티콘성동센터	shop	127.04332	37.56667
오팔	food	127.05473	37.54326
오퍼스메이커스	cafe	127.04186	37.54787
오푸	cafe	127.05557	37.53846
오프뷰티성수메가팩토리점	shop	127.05133	37.54466
오프트	food	127.04669	37.54653
오픈갤러리	shop	127.04413	37.54792
오픈케어스포츠투어	cafe	127.02100	37.55368
오픈하우스	stay	127.04094	37.56006
오피스뱅크	shop	127.05407	37.54569
오하그	shop	127.05344	37.54157
오하라	shop	127.06192	37.54548
오하이오옥수	cafe	127.01619	37.54100
오한수우육면가	food	127.05646	37.54528
오후카페	cafe	127.04932	37.55792
옥석가린돼지옥돈	food	127.03036	37.56694
옥소리노래방	activity	127.05285	37.56393
옥수검도관	activity	127.01885	37.54687
옥수동떡볶이	food	127.01508	37.54101
옥수동밀도	food	127.01446	37.54648
옥수동반찬가게	shop	127.01311	37.54098
옥수동방스	shop	127.01624	37.54234
옥수동생과방	cafe	127.01374	37.54053
옥수동화덕피자성수	food	127.05808	37.54128
옥수동화덕피자옥화	food	127.01523	37.54345
옥수벽산약국	shop	127.01737	37.54096
옥수서재	shop	127.01641	37.54274
옥수아지트	food	127.01680	37.54185
옥수역복권방	activity	127.01662	37.54159
옥수이화약국	shop	127.01399	37.54670
옥수주먹고기	food	127.01747	37.54220
옥수참치	food	127.01648	37.54243
옥수투엑스휘트니스	activity	127.01167	37.54058
옥수푸드	food	127.01459	37.54108
옥수해물찜칼국수	food	127.01801	37.54179
옥수행복탁구장	activity	127.01459	37.54108
옥이네	food	127.03324	37.56094
옥자브라더스	food	127.05891	37.54282
옥토집	food	127.01614	37.54226
온누리	food	127.06128	37.54137
온다매육가	shop	127.04106	37.56900
온다하우스	stay	127.02772	37.56441
온달왕족발	food	127.02009	37.54841
온더	food	127.04631	37.54861
온더로스트	food	127.06185	37.53921
온도	bar	127.05422	37.56291
온량	food	127.04345	37.54699
온류	food	127.04003	37.54711
온리고엔코마켓	food	127.04336	37.54416
온리프로틴	food	127.02854	37.55729
온빈당스테이	stay	127.06530	37.54937
온빛컴퍼니	cafe	127.04359	37.54362
온센서울성	food	127.04513	37.54900
온슬	bar	127.05497	37.54319
온시스템	shop	127.05120	37.54947
온유	cafe	127.05590	37.54879
온유스테이	stay	127.03124	37.56277
온유플라워	shop	127.01922	37.55334
온이네집	food	127.06747	37.55046
온전한빵	food	127.01788	37.54185
온죽플레이스	food	127.06800	37.55131
올가뷰티테라피	shop	127.02875	37.55657
올끼니	food	127.04030	37.55837
올댓휘트니스주	shop	127.04926	37.54424
올댓휘트니스짐아서	activity	127.04926	37.54424
올데이성수	stay	127.04511	37.54725
올드너티커피로스터스	cafe	127.05447	37.54968
올드스포트북스토어	shop	127.04874	37.53751
올드캘리	shop	127.04960	37.53844
올드핸즈	food	127.02597	37.55058
올라	shop	127.02408	37.56659
올래노래연습장	activity	127.03285	37.56043
올레오	food	127.01927	37.54848
올레제주뒷고기	food	127.04047	37.55956
올리브	shop	127.02854	37.55729
올리브영황학	shop	127.02408	37.56655
올리비아로렌	shop	127.03303	37.56252
올리비아로렌	shop	127.02436	37.54829
올마트	shop	127.03456	37.56975
올음	food	127.06222	37.54010
올젠엔터식스	shop	127.03839	37.56144
올포유	shop	127.03199	37.56301
올포유용답	shop	127.05192	37.56694
올프롬제이	shop	127.04840	37.54659
옴니밸	shop	127.05822	37.54258
옴니피플그라운드성수	shop	127.05891	37.54282
옴시롱감시롱순대국	food	127.04840	37.54901
옵티마뚝도시장약국	shop	127.05412	37.53750
옷	shop	127.05352	37.53762
옷장	shop	127.01974	37.54879
옹근달	cafe	127.05302	37.54279
와규오감	food	127.06263	37.54036
와니타음악감상실	cafe	127.06093	37.54125
와레버무역	shop	127.06917	37.56021
와시리	food	127.03321	37.56212
와아	bar	127.04933	37.54621
와와	food	127.04016	37.55844
와와노래연습장	activity	127.06591	37.54844
와우	food	127.04200	37.57026
와우치킨	bar	127.01792	37.54533
와이덱스보청기왕십리센터	shop	127.03559	37.56241
와이덴	cafe	127.05445	37.54755
와이디푸드성	food	127.02506	37.56782
와이레더	shop	127.06146	37.53961
와이삼공파인아트	shop	127.04650	37.53904
와이씨에프그룹	bar	127.05600	37.54118
와이앤에이치메디	shop	127.05187	37.54251
와이에이치스테이	stay	127.02715	37.56407
와이와이엘	shop	127.05095	37.53789
와이제이	bar	127.03321	37.56319
와이제이팜	shop	127.04100	37.54746
와이즈오렌지	food	127.01052	37.54084
와이지지알	cafe	127.05953	37.54074
와이코퍼레이션	food	127.04523	37.55088
와이티	shop	127.06062	37.54195
와이티스	shop	127.01833	37.54105
와인비즈니스랩	food	127.04152	37.56961
와인사랑	food	127.04641	37.54364
와인트래블러	shop	127.02241	37.55320
와인포니아	shop	127.04881	37.54177
와인포차	food	127.01999	37.55366
와일드가든	shop	127.06152	37.53920
와일드월커피바	cafe	127.05270	37.54334
와일드플로어	bar	127.05622	37.53959
와츠폴	cafe	127.03998	37.56377
와츠핏	activity	127.01930	37.55367
와키윌리성수플래그십	shop	127.05668	37.54248
와플대학	food	127.03942	37.55975
와플대학신금호역캠퍼스	food	127.01951	37.55435
와플로피	activity	127.04317	37.56561
와플목공방	activity	127.04544	37.54714
와플샵왕십리역사점	food	127.03839	37.56144
왁버거성수	food	127.05840	37.54357
왁티	shop	127.05581	37.54238
완도댁아구찜	food	127.02252	37.54896
완미족발	food	127.04088	37.56064
완백부대찌개삼겹살	food	127.06588	37.54639
완산골명가	food	127.06199	37.54771
왓포	shop	127.03491	37.56227
왕가마솥	food	127.03996	37.55942
왕가탕후루	food	127.05109	37.54362
왕도밭	bar	127.03385	37.56317
왕돈까스	food	127.05452	37.54839
왕분식	food	127.06482	37.54834
왕빈자전통주막	food	127.05477	37.54644
왕삼겹찌개집	food	127.04813	37.54850
왕십리개러지	shop	127.02674	37.56482
왕십리고려인삼	shop	127.03339	37.56181
왕십리금거래소	shop	127.02735	37.55650
왕십리길약국	shop	127.03257	37.56272
왕십리냉박사	food	127.03285	37.56091
왕십리노래연습장	activity	127.03942	37.56088
왕십리노래연습장	activity	127.03424	37.56261
왕십리누룽지통닭구이	food	127.03630	37.56634
왕십리닭내장탕집	food	127.03129	37.56432
왕십리닭한마리	food	127.02408	37.56659
왕십리도리식당	food	127.04043	37.55924
왕십리리본	food	127.03500	37.56452
왕십리막회	food	127.03966	37.55865
왕십리맛골목	heritage	127.04087	37.55943
왕십리별곡	food	127.03065	37.56244
왕십리상단	food	127.03630	37.56634
왕십리소곱창	food	127.03620	37.56544
왕십리순대국	food	127.03227	37.56284
왕십리술집캠핑포차불멍	food	127.04007	37.56050
왕십리약국	shop	127.03221	37.56221
왕십리어시장	food	127.04087	37.56049
왕십리역사	shop	127.03839	37.56144
왕십리역점스포애니케이디스포츠	activity	127.03390	37.56275
왕십리연탄집	food	127.03591	37.56497
왕십리오리사냥	food	127.03342	37.55906
왕십리원조왕곱창	food	127.03189	37.56405
왕십리육감식당	food	127.03238	37.56253
왕십리이마트아가방	shop	127.03834	37.56177
왕십리정곱창	food	127.05073	37.53974
왕십리정부네곱창	food	127.03612	37.56533
왕십리조개창고	food	127.03280	37.56263
왕십리주먹고기	food	127.03333	37.55952
왕십리중앙숯불갈비	food	127.03555	37.56504
왕십리지점	shop	127.03804	37.55635
왕십리테크네주짓수본관	activity	127.04009	37.56030
왕십리텐즈힐파리바게트	food	127.02634	37.56917
왕십리통골뱅이	bar	127.03424	37.56261
왕십리통골뱅이	food	127.03391	37.56323
왕십리프로젝트엠	shop	127.03839	37.56144
왕십리한고기	food	127.03505	37.56248
왕약국	shop	127.06566	37.54843
왕이모밥상	food	127.02224	37.54895
왕족발	food	127.05394	37.53773
왕짜장	food	127.04812	37.54936
왕참치정육식당	food	127.03456	37.56245
왕초바베큐	food	127.03589	37.56546
왕칼국수	food	127.02287	37.54844
왕코등갈비	food	127.02167	37.54889
왕코뮤직타운	activity	127.03430	37.56353
왕호프치킨	bar	127.06566	37.54843
외가집	food	127.05145	37.54373
외길곱창금호	food	127.02544	37.54768
요거비	food	127.03025	37.56334
요거트월드	food	127.02506	37.56782
요거트월드뚝섬점	food	127.04978	37.54625
요거프레소	cafe	127.03964	37.56047
요거프레소서울숲	cafe	127.04566	37.53963
요구르	cafe	127.04047	37.55956
요리하는원숭이	food	127.05563	37.54823
요맛	food	127.03763	37.56337
요미	food	127.05805	37.53816
요쇼쿠성수	food	127.04344	37.54694
요시	food	127.04384	37.54728
요아정왕십리뉴타운점	food	127.02634	37.56917
요요일	food	127.02408	37.56655
요이치성수	food	127.05393	37.54342
요즈음맛	food	127.02430	37.55723
요커	cafe	127.04829	37.54149
요호	food	127.04832	37.54217
욘즈	shop	127.05532	37.54698
용가네	food	127.02099	37.54890
용남농수산	shop	127.01589	37.54811
용답기사식당	food	127.05800	37.56225
용답깨비곱창	food	127.05166	37.56290
용답마트	food	127.05293	37.56406
용답맥주	bar	127.05362	37.56484
용답스테이	stay	127.05305	37.56263
용답양꼬치점	food	127.05258	37.56514
용답옛날가마솥순대국	food	127.05325	37.56431
용답원약국	shop	127.05139	37.56265
용답중국식품	shop	127.05194	37.56429
용돈용답돈까스	food	127.05402	37.56459
용문상회	shop	127.03273	37.56009
용뮤직스튜디오	activity	127.03414	37.56160
용미트	shop	127.03825	37.56901
용배족발보쌈국밥	food	127.06681	37.54981
용스테이	stay	127.05255	37.56334
용용선생	bar	127.03990	37.55929
용용선생마라도원	bar	127.05903	37.54419
용이네	food	127.05161	37.54707
용인낚시	shop	127.02016	37.55548
용진사	shop	127.03347	37.56556
용하약국	shop	127.05480	37.56298
우기식당바다점	food	127.04063	37.56049
우노스	shop	127.04641	37.54364
우담미트	shop	127.04376	37.56503
우대포왕십리	food	127.02408	37.56659
우동가조쿠	food	127.04291	37.55677
우동키노야	food	127.02408	37.56659
우동키노야	food	127.05673	37.53978
우드파이어파로	food	127.05657	37.53818
우디스테이	stay	127.04058	37.56012
우땅	food	127.04113	37.55621
우라	bar	127.05699	37.53682
우람한우	shop	127.03036	37.56793
우리건강원	shop	127.02158	37.55155
우리건어물	shop	127.05394	37.53773
우리고시원	stay	127.02014	37.54808
우리네밥상	food	127.05934	37.54477
우리농산물	shop	127.06620	37.54947
우리눈안경원	shop	127.05140	37.53812
우리돈가	food	127.04158	37.55996
우리동네생고기무한리필	food	127.02656	37.54770
우리동네칼국수	food	127.05386	37.53782
우리동네힐링샾	activity	127.02854	37.55729
우리들곳간	food	127.05404	37.54331
우리들곳간해피베네핏	food	127.05344	37.54157
우리마트	shop	127.02012	37.55417
우리바다생태찌개	food	127.03520	37.56387
우리사람이앤티	food	127.01188	37.54268
우리소종합축산	shop	127.03816	37.56990
우리순대국밥	food	127.03676	37.57035
우리술당당	bar	127.05825	37.54170
우리슈퍼	shop	127.03339	37.55930
우리식당	food	127.06391	37.54847
우리식품	shop	127.06013	37.54579
우리식품	shop	127.04739	37.56081
우리안경	shop	127.03054	37.54965
우리약국	shop	127.04738	37.53886
우리운모	shop	127.05367	37.53880
우리은행금호동지점앞가판	activity	127.02099	37.54817
우리정육점	shop	127.02920	37.56056
우리정육점	shop	127.03418	37.56547
우리집	food	127.03349	37.55892
우리축산	shop	127.01953	37.55349
우리칼국수	food	127.05388	37.54215
우리포차	bar	127.01950	37.55311
우리푸드	food	127.05746	37.54770
우리할매떡볶이	food	127.02030	37.54842
우림참숯갈비집	food	127.02076	37.55448
우마이에프앤비	food	127.03248	37.56222
우마텐텐동	food	127.06530	37.54538
우바성수	food	127.04402	37.54635
우성	shop	127.05329	37.53766
우성하이테크하이필정수기	shop	127.03593	37.56624
우수	bar	127.03534	37.56586
우수컴퓨터	shop	127.05426	37.53635
우스만그룹	shop	127.07077	37.55521
우스블랑성수	food	127.05517	37.54186
우승스테이	stay	127.05071	37.54445
우시글로벌	shop	127.05358	37.54869
우시야	food	127.05681	37.53859
우시장축산도축직판장	shop	127.06230	37.54791
우아하오	shop	127.06588	37.54639
우알롱	shop	127.05537	37.54306
우야꼬	food	127.05500	37.54562
우여사	food	127.04098	37.56934
우영소방통신	shop	127.06286	37.54079
우영푸드빌	food	127.05961	37.54312
우오보	food	127.05460	37.54963
우와냉면	food	127.03019	37.55949
우원	shop	127.03013	37.55755
우웨이탕	food	127.04883	37.54501
우인약국	shop	127.03209	37.56290
우일뭉티기두번째이야기	food	127.04655	37.54687
우전	shop	127.03988	37.56945
우정돈식당	food	127.05593	37.54183
우정베이크웨어	food	127.05582	37.54505
우정수산	food	127.04504	37.56778
우정유통	shop	127.03878	37.57042
우주노래연습장	activity	127.05435	37.54324
우주디자인	shop	127.04800	37.54974
우주미디어	activity	127.04115	37.55901
우주식탁	food	127.01459	37.54108
우촌숯불갈비	food	127.02071	37.54815
우콘카레	food	127.05602	37.53997
우프	food	127.04249	37.54699
우혜상사	shop	127.05487	37.53754
우화	food	127.03734	37.57139
운동연구소	activity	127.01441	37.54340
운동의정석	activity	127.03406	37.56253
운수대통가판점	shop	127.03322	37.56239
운정식당	food	127.03586	37.57103
울보분식	food	127.05386	37.53789
워너비푸드	shop	127.04365	37.56457
워니네키친	food	127.03363	37.55855
워즈코퍼레이션	shop	127.05048	37.54948
워크무드선릉	cafe	127.05704	37.54345
워크업아웃도어아울렛서울	shop	127.06391	37.54315
워터멜론컴퍼니	shop	127.04168	37.54789
원	bar	127.04021	37.56050
원곱창	food	127.03680	37.56491
원광양품	shop	127.05394	37.53773
원기옥	food	127.06591	37.54645
원더풀꽈배기	food	127.02047	37.54839
원더플레이스	shop	127.05380	37.54478
원더플레이스엔터식스	shop	127.03839	37.56144
원데이즈	shop	127.05151	37.56283
원미트유통	shop	127.04223	37.56627
원브로스	shop	127.05187	37.54251
원빈	cafe	127.05383	37.54232
원산면옥	food	127.05788	37.54515
원샷	bar	127.05662	37.54404
원스카페	cafe	127.05392	37.53895
원스탭	shop	127.02040	37.54823
원아이스크림	shop	127.06854	37.55203
원아이스크림	shop	127.05445	37.56294
원앤원안경콘택트	shop	127.03043	37.56660
원오이	shop	127.04926	37.54605
원재산업	shop	127.04422	37.56551
원조감자국	food	127.04882	37.53836
원조반찬	shop	127.02167	37.54889
원조사철냉면	food	127.04047	37.55956
원조설렁탕	food	127.03560	37.56578
원조왕십리곱창	food	127.03605	37.56546
원조용문집	food	127.04200	37.57026
원조장수촌	food	127.01982	37.54842
원조칼국수	food	127.02183	37.54880
원조콩나물국밥	food	127.04841	37.56041
원종동장터순대국	food	127.02087	37.54817
원진	shop	127.05405	37.54296
원탑리테일	shop	127.05482	37.53791
원할머니보쌈용답	food	127.05415	37.56500
원할머니보쌈족발	food	127.05446	37.53980
월넛투	food	127.04066	37.54704
월드베이프	shop	127.04122	37.55965
월드유통	shop	127.03995	37.56943
월드컵당구장	activity	127.04800	37.54974
월매	food	127.04200	37.56524
월스트릿휘낭시에	food	127.05616	37.53977
웜히어	cafe	127.04889	37.54839
웨그앤코	shop	127.05416	37.53767
웨스켄	shop	127.04547	37.55074
웨스턴챕터	cafe	127.03972	37.54717
웨어	shop	127.03202	37.56551
웨이펫	shop	127.05479	37.54721
웨일	shop	127.05753	37.54150
웰런스	shop	127.05756	37.54293
웰빙	activity	127.05248	37.56660
웰빙마트	shop	127.04751	37.54980
웰빙마트	shop	127.01788	37.54185
웰컴	shop	127.01926	37.54820
웰컴차이나	food	127.05510	37.54395
웻	food	127.05144	37.54564
위드바인	shop	127.02016	37.55527
위드쉐프	food	127.05562	37.54355
위드유	shop	127.03972	37.54796
위드주홍	food	127.04566	37.54680
위드키친시스템	shop	127.02506	37.56782
위드플랜츠	shop	127.04168	37.54789
위베이프전자담배	shop	127.05270	37.54334
위브인터내셔널	shop	127.06334	37.56104
위비로프트	stay	127.02962	37.56140
위비스해브어웨일서울숲	shop	127.04370	37.54698
위비즈컴	shop	127.05746	37.54770
위시스테이	stay	127.02867	37.56370
위아더퓨쳐	food	127.06620	37.54919
위앤성수스테이	stay	127.04686	37.54677
위윌커피	cafe	127.02594	37.55065
위즈덤컴퍼니	shop	127.05555	37.54877
위즈포트	cafe	127.04719	37.54566
위치맘	cafe	127.03405	37.55386
위컨텐츠	shop	127.05120	37.54947
위클리베이글	food	127.02408	37.56659
위키드랩	shop	127.05669	37.54523
위키드와이프	food	127.04785	37.54087
위풍당	food	127.05646	37.54528
위풍당당족발	food	127.05646	37.54528
위하우스	food	127.04696	37.54673
윈드엠	shop	127.04643	37.55130
윈야드성수	food	127.05042	37.54385
윌로커피	cafe	127.01792	37.54533
윌비베리	food	127.02875	37.55657
윌슨	cafe	127.02662	37.55009
윙카페	activity	127.04045	37.55858
유가만두우럼마왕만두	food	127.05379	37.56475
유가츠	food	127.04225	37.54732
유경플러스	shop	127.03175	37.56108
유네누컴퍼니	shop	127.03602	37.55796
유니드	cafe	127.06330	37.54681
유니애견용품	shop	127.02854	37.55729
유니온스타볼링클럽	activity	127.05485	37.54368
유니온시스템즈	shop	127.06528	37.54676
유니케	shop	127.02506	37.56782
유니콘무브	food	127.05534	37.54233
유래회관	food	127.03155	37.56649
유래회관주	food	127.03155	37.56643
유레카	shop	127.06807	37.55096
유레카컴퍼니	shop	127.03050	37.56477
유로푸드서비스	food	127.06074	37.54562
유류식당	food	127.01949	37.54665
유림손수제비	food	127.02506	37.56782
유림약국	shop	127.02938	37.56076
유림티에이치씨	shop	127.06778	37.56066
유메이규	food	127.04588	37.54609
유명브랜드할인매장	shop	127.02293	37.54866
유명포장상사	shop	127.05302	37.55042
유명한약국	shop	127.02185	37.54840
유성돌솥밥찌개마을	food	127.04291	37.56577
유성장여관	stay	127.05365	37.53738
유성장여관	stay	127.06353	37.56103
유아이뷰티	shop	127.01993	37.55381
유아이티앤	shop	127.04883	37.54128
유알지	shop	127.05789	37.54182
유알지	shop	127.04575	37.54909
유어네이키드치즈	food	127.04532	37.54674
유어사이드	food	127.02408	37.54689
유어온리	shop	127.05953	37.54074
유얼스테이	stay	127.04234	37.56244
유에스디컴퍼니	shop	127.05913	37.53671
유에스푸드	shop	127.05448	37.54646
유에치티	activity	127.04857	37.54234
유엔유	cafe	127.05448	37.53884
유연약국	shop	127.02408	37.56659
유우부	food	127.06135	37.54468
유월이	food	127.04934	37.54306
유윈엔지니어링	shop	127.03491	37.56227
유유커피	cafe	127.04069	37.56171
유일상사	shop	127.03406	37.56461
유일서적	shop	127.04813	37.54850
유저	shop	127.06124	37.54077
유전	cafe	127.03224	37.56642
유정	bar	127.05902	37.53642
유제니	shop	127.05066	37.55004
유진이네주름옷	shop	127.02854	37.55729
유진참치	food	127.05510	37.54395
유진컴	shop	127.04656	37.53790
유쾌포차	food	127.02063	37.54801
유키모찌	cafe	127.05992	37.54015
유태	food	127.04097	37.56113
유토리홈즈	stay	127.04643	37.54656
유토피아네트웍스	shop	127.05392	37.53895
유풀	shop	127.04723	37.55141
유핑	food	127.05586	37.54207
유한책임회사웨이더뉴트리션	shop	127.05035	37.54740
유향소	food	127.05724	37.54886
육다정수제갈비왕십리행당	food	127.03315	37.56099
육성	food	127.03221	37.56278
육식사관학교서울	food	127.01965	37.55505
육쌈냉면	food	127.03923	37.56095
육장갈비신	food	127.02143	37.55306
육전국밥	food	127.05378	37.54499
육지고기	food	127.04047	37.55956
육천국밥	food	127.06800	37.55131
육초연	food	127.03942	37.56101
육타	food	127.04521	37.54270
육품	food	127.05437	37.53940
육하나이	shop	127.05467	37.54788
육회공작소	food	127.04066	37.56068
육회바른연어	food	127.03621	37.55993
육회바른연어상	food	127.03201	37.56398
육회바른연어옥수점	food	127.01531	37.54365
육회바른연어용답동	food	127.05241	37.56322
육회한인생	food	127.03351	37.55964
윤가네아채곱창	food	127.03942	37.55975
윤건리테일	shop	127.05446	37.53980
윤경	food	127.04540	37.54838
윤돈	food	127.05120	37.54947
윤선비가	food	127.05120	37.54947
윤스김밥	food	127.04472	37.55098
윤스오리지널	food	127.01369	37.54903
윤스테이	stay	127.04666	37.56342
윤스테이	stay	127.03304	37.55955
윤스테이	stay	127.02721	37.56353
윤스테이성수	stay	127.05566	37.54190
윤식당	food	127.06283	37.54128
윤정패션	shop	127.02854	37.55729
윤조빌딩	stay	127.05368	37.54559
윤쥬얼리	shop	127.02506	37.56782
윤트립	shop	127.04349	37.56740
윤평	food	127.04291	37.54567
윤하이닉스	shop	127.03376	37.55806
윤호전기	shop	127.05538	37.54754
율	shop	127.06484	37.54850
율미당	cafe	127.04821	37.54913
율이에	shop	127.05650	37.53971
율코스메틱	shop	127.02139	37.55054
으뜸건강	shop	127.03257	37.56272
으뜸플러스안경	shop	127.03285	37.56315
으쌰라곱창	food	127.05449	37.54467
은도끼	shop	127.02902	37.56421
은빛물결황금낙지	food	127.05516	37.53805
은성보쌈	food	127.02233	37.54844
은식당	food	127.05463	37.53785
은좌식당	food	127.03328	37.56293
은준쌀국수	food	127.04411	37.54686
은진건어물	shop	127.02214	37.54849
은진포장마차	bar	127.02058	37.54775
은하수	bar	127.02139	37.54843
은하약국	shop	127.01946	37.54819
은혜슈퍼	shop	127.04788	37.53777
은호섬유	shop	127.05945	37.56114
을지경양식돈까스	food	127.03189	37.56644
을지로골뱅이	bar	127.05400	37.54546
을지미싱	shop	127.03652	37.56706
음악창고	bar	127.05471	37.53905
응급실국물떡볶이서울상	food	127.02506	37.56782
응봉감성	cafe	127.02911	37.55260
응봉문방구	shop	127.03078	37.54972
응봉실내	activity	127.03276	37.55011
응봉참숯생소금구이	food	127.03112	37.54965
응봉체육공원	nature	127.03742	37.55195
의의	shop	127.04108	37.54722
의정부부대찌개	food	127.04279	37.55683
의정부부대찌개	food	127.06201	37.56122
이가갈비	food	127.04094	37.56006
이가네	food	127.03248	37.56222
이가네곱창	food	127.02143	37.54854
이가네에프앤비	food	127.05662	37.54404
이건희국밥용답	food	127.05370	37.56303
이곳에	cafe	127.04726	37.54581
이구홈성수	shop	127.05581	37.54238
이너릿	shop	127.05756	37.54293
이니스프리성수플래그십스토어점	shop	127.05500	37.54126
이니스프리이마트미소점	shop	127.03839	37.56144
이니스프리이마트성수퍼펙트점	shop	127.05350	37.53993
이니텔	shop	127.03442	37.55826
이도	shop	127.04349	37.56740
이도카페	cafe	127.06078	37.56111
이돈집	food	127.03991	37.55849
이디아텐즈힐점	cafe	127.02634	37.56917
이디야	cafe	127.03462	37.56121
이디야답십리	cafe	127.05342	37.56410
이디야마장역점	cafe	127.04217	37.56595
이디야성수	cafe	127.05788	37.54515
이디야옥수역점	cafe	127.01671	37.54201
이디야왕십리비트플렉스점	cafe	127.03839	37.56144
이디야왕십리센트라스점	cafe	127.03031	37.56608
이디야커피	cafe	127.01964	37.55391
이디야커피	cafe	127.03018	37.56371
이디야커피	cafe	127.01568	37.54530
이디야커피	cafe	127.03735	37.57002
이디야커피서울숲리버포레점	cafe	127.04358	37.55018
이랑바지락닭한마리칼국수종로빈대떡	food	127.05446	37.53980
이랑칼국수	food	127.05448	37.53986
이랜드월드패션	shop	127.05206	37.54334
이랜드월드패션바이어스튜디오	shop	127.05829	37.56197
이랜드이츠애슐리퀸즈	food	127.06588	37.54639
이레	shop	127.04662	37.55450
이레봄	shop	127.05508	37.53895
이레분식	food	127.06593	37.54891
이레약국	shop	127.05207	37.53785
이로이자카야	food	127.03677	37.55989
이룸디자인스킨왕십리역사점	shop	127.03839	37.56144
이룸자산관리대부	food	127.03535	37.56385
이륜차정거장	shop	127.06947	37.55235
이른뷰티	shop	127.03884	37.55620
이름	shop	127.01108	37.54030
이마트노브랜드	shop	127.05291	37.54002
이마트아모레화장품매장	shop	127.03839	37.56144
이마트언더아머	shop	127.05350	37.53993
이모네	food	127.01990	37.55368
이모네북어찜	food	127.03998	37.55866
이모네분식	food	127.02610	37.55453
이모네생고기	food	127.04047	37.55956
이모네생고기정육식당	food	127.04047	37.55956
이모네순대국	food	127.02139	37.54863
이모네즉석김밥	food	127.04318	37.56761
이모네찌게마을	food	127.06562	37.54864
이모네포장마차	bar	127.01943	37.55462
이베리코팜법인	shop	127.03267	37.56911
이북집찹쌀순대	food	127.05764	37.54322
이브	shop	127.04810	37.54954
이브노래연습장	activity	127.03231	37.56668
이브앤아담	shop	127.04413	37.54792
이브피아제	shop	127.01188	37.54268
이삭토스트	food	127.03210	37.55827
이삭토스트	food	127.06330	37.54681
이삭토스트	food	127.04130	37.55982
이상진돈까스	food	127.01098	37.54055
이세이안나	shop	127.02875	37.55657
이셋디저트	food	127.03462	37.56551
이수냉삼집	food	127.03998	37.55951
이순간	shop	127.07283	37.55911
이쉐프의회뜰레옹	food	127.02634	37.56917
이스트엔드로즐리	shop	127.04772	37.54671
이스트오캄	shop	127.05466	37.54935
이스포츠센터	activity	127.03527	37.56052
이아래	food	127.04091	37.54775
이안	shop	127.04531	37.54669
이안스테이	stay	127.05450	37.54681
이안식당	food	127.05257	37.53778
이알앤	food	127.03960	37.54721
이앤장	food	127.03410	37.56364
이야기가있는밥집	food	127.05344	37.54157
이엘씨에이한국	shop	127.05581	37.54238
이엠씨	shop	127.04643	37.55130
이엠에프앤비	food	127.06103	37.54150
이영빌딩	stay	127.06057	37.53693
이영유통	shop	127.04106	37.56900
이오로	food	127.05318	37.54459
이오로비스트로	food	127.05321	37.54464
이오지비	food	127.04330	37.54699
이오한우구이스키야키성수	food	127.04625	37.54674
이올로	shop	127.04338	37.54763
이와자루	bar	127.05157	37.54484
이우	food	127.04985	37.54561
이유있는사람들	shop	127.03638	37.56104
이음상회	shop	127.05679	37.54013
이응	food	127.04631	37.54574
이응이응이응	cafe	127.06663	37.55168
이일칠	food	127.06515	37.56037
이자와왕십리엔터식스점	food	127.03839	37.56144
이장네식당	food	127.05939	37.53633
이조순대국	food	127.06515	37.56037
이주스어워드팩토리	shop	127.06467	37.54733
이즘	shop	127.05075	37.54842
이지겟인터내셔널	shop	127.06187	37.54374
이지앤코	shop	127.04696	37.54303
이케아이케아팝업스토어성수	shop	127.06588	37.54639
이케아이케아푸드랩	food	127.06588	37.54639
이코컴퍼니성수동	shop	127.04076	37.54690
이코플러스	shop	127.03500	37.56452
이코플러스수산	shop	127.03503	37.56460
이코플러스주	shop	127.03500	37.56452
이큐엘	shop	127.05891	37.54282
이키가이	food	127.04855	37.54094
이키나리돈부리	food	127.05563	37.54823
이태리국시성수	shop	127.04668	37.54600
이태리박스	food	127.05355	37.53903
이태리양조장	bar	127.04618	37.54659
이태리오	food	127.02408	37.56655
이태리차차	food	127.05106	37.54356
이태리총각바차차	food	127.05104	37.54351
이태리총각이태리차차	food	127.05104	37.54351
이터널그룹서울숲레이브	shop	127.04352	37.54628
이터널그룹서울숲지점	shop	127.04204	37.54684
이터널그룹조이그라이슨성수	shop	127.05806	37.54350
이터널이모션	shop	127.04225	37.54646
이투소프트	stay	127.05574	37.54914
이트앤드링크	cafe	127.05502	37.54576
이티당구장	activity	127.02014	37.54808
이편한고시원	stay	127.05514	37.54360
이프유캔	cafe	127.04358	37.55018
이피티성수	shop	127.06134	37.54113
이혜경닥터웰빙디포	shop	127.02854	37.55729
이화당	shop	127.05394	37.53773
이화전파사	shop	127.01997	37.54841
이화통산	shop	127.03839	37.56144
이흥부족발	food	127.04831	37.54874
인덕스토어	food	127.01697	37.54535
인덜지	shop	127.06395	37.54776
인디안	shop	127.02339	37.54843
인디호프	bar	127.03696	37.56683
인바이트	food	127.05470	37.56323
인복	food	127.03471	37.56279
인생닭강정	food	127.05238	37.56355
인생사진인형뽑기	activity	127.04047	37.55956
인생술집리퀴진	bar	127.04010	37.56007
인생아구찜	food	127.02096	37.54798
인생제육	food	127.05459	37.54555
인생포차	bar	127.04455	37.56745
인생한우	food	127.03822	37.57020
인생한판	food	127.03135	37.55759
인스피룸성수	stay	127.05590	37.54879
인조이골프스쿨	activity	127.05405	37.53924
인치스	cafe	127.04095	37.54737
인코어메드	shop	127.05563	37.54823
인터뷰	cafe	127.05249	37.56636
인테리어에클라	shop	127.02070	37.55313
인피니티퍼스널트레이닝	activity	127.02076	37.55448
일공일플라워	shop	127.01536	37.54090
일그램	food	127.01110	37.54183
일금당	shop	127.04989	37.53938
일나뚜랄레	shop	127.03839	37.56144
일단닭치고뜯어	bar	127.05426	37.56479
일도노굿즈	shop	127.04531	37.54669
일등축산유통	shop	127.03732	37.56728
일락	bar	127.05219	37.56610
일로	cafe	127.04795	37.54994
일로브	shop	127.04898	37.54877
일루오리	food	127.05459	37.54555
일미돼지국밥	food	127.05416	37.54774
일미락성수일미락	food	127.04963	37.54762
일미리금계찜닭텐즈힐점	food	127.02506	37.56782
일번지	food	127.04047	37.55978
일상화식	food	127.05315	37.54647
일생안경	shop	127.05440	37.54150
일심정	food	127.05741	37.54634
일우마트	shop	127.04530	37.56846
일우상사	shop	127.04530	37.56846
일월만두떡갈비	food	127.03003	37.56396
일월푸드만두	food	127.05475	37.53732
일일양왕십리뉴타운점	food	127.02634	37.56917
일일향	food	127.03156	37.56322
일일향만찬	food	127.03156	37.56322
일정	cafe	127.04851	37.53851
일차돌	food	127.04880	37.54722
일차식당	food	127.05117	37.54885
일카페	cafe	127.06201	37.56122
일품	food	127.02968	37.56062
일품백송칼국수	food	127.03505	37.56031
일품생고기	food	127.01737	37.54244
일품양평해장국	food	127.03467	37.56398
일프레소	cafe	127.06623	37.54802
일호빵	food	127.05550	37.53577
임가네숯불구이식당	food	127.04065	37.56884
임대	stay	127.05584	37.54867
임베스트	shop	127.05161	37.54707
임정란뷰티	shop	127.05501	37.54693
임팩트안경원	shop	127.02997	37.55778
임페리얼골프아카데미	activity	127.03802	37.56021
입소문	food	127.04581	37.54528
잇덴굿	food	127.03680	37.56491
잇샐러드	food	127.05355	37.54585
잇쇼우	food	127.04892	37.54930
자갈치브라더스서울	bar	127.03709	37.57010
자그마치	cafe	127.05677	37.54267
자금성	food	127.04628	37.54837
자꾸자꾸스튜디오	shop	127.05839	37.53577
자담치킨	food	127.05362	37.53780
자담치킨	food	127.05367	37.54409
자담치킨	food	127.02018	37.55490
자담치킨행당점	food	127.03642	37.55812
자두노래방연습장	activity	127.04986	37.53826
자락당주	shop	127.06188	37.54249
자매	food	127.03168	37.56085
자매식당	food	127.03833	37.56949
자매코다리찜	food	127.06639	37.54968
자미온침구	shop	127.05242	37.56397
자신감푸드	food	127.03616	37.56102
자연관	shop	127.04840	37.54659
자연낙지	food	127.05364	37.56332
자연마트	shop	127.03104	37.56443
자연생약국	shop	127.03120	37.55810
자연온누리약국	shop	127.05500	37.53851
자연으로	shop	127.03049	37.56371
자유	bar	127.03566	37.56579
자이팜약국	shop	127.03804	37.55630
자일로닉스피티이리미티드영업소	shop	127.03309	37.55884
자주	shop	127.05350	37.53993
자파	food	127.05688	37.54129
작당모의	cafe	127.04235	37.54714
작심가	bar	127.04067	37.55894
작야	bar	127.05257	37.53778
작업실	cafe	127.04634	37.56076
작은공간	bar	127.05700	37.53747
작은숲사귐	stay	127.04672	37.54661
작은어질인왕십리역점	food	127.03923	37.56095
작은카페	cafe	127.04097	37.56403
작품	food	127.03114	37.55053
잔민	shop	127.05485	37.56129
잔잔세라믹스튜디오	shop	127.05418	37.54293
잘된케이스	shop	127.04364	37.54819
잠수교집	food	127.05936	37.54381
장가	food	127.05344	37.54157
장가축산	shop	127.03548	37.55823
장가통신	shop	127.02027	37.55423
장군갈비	food	127.01276	37.54278
장군장어	food	127.02270	37.54838
장맛손칼국수	food	127.06199	37.54771
장모님밥상	food	127.06259	37.54374
장모님한식뷔페	food	127.06840	37.55988
장모족발	food	127.04027	37.55912
장미슈퍼	shop	127.05331	37.56173
장미식당	food	127.02583	37.55083
장미원	shop	127.04662	37.55450
장미통닭	food	127.05456	37.53859
장미화원	shop	127.05256	37.56366
장보고	shop	127.02408	37.56659
장성식당	food	127.05488	37.56304
장성자전차	shop	127.04401	37.56651
장수건강원	shop	127.03066	37.56226
장수식당	food	127.04776	37.53999
장수왕족발	food	127.06724	37.55071
장수이발재료	shop	127.02618	37.55451
장수조명	shop	127.03353	37.55190
장안등심	food	127.06515	37.56037
장안생고기	food	127.03276	37.56419
장안유리	shop	127.04920	37.54965
장어구이	food	127.04047	37.55956
장어시대	food	127.05314	37.56601
장어시대	food	127.03500	37.55861
장원고시텔	stay	127.04114	37.55717
장원식당	food	127.04993	37.53902
장위동유성집	food	127.05788	37.54515
장터	food	127.06194	37.54027
장평불백	food	127.06515	37.56037
장한평불백참	food	127.02408	37.56659
장한평스나크	food	127.06715	37.56054
장흥식당	food	127.04993	37.54584
장흥집	food	127.02506	37.56782
재건미싱	shop	127.03066	37.56226
재동골식당	food	127.06120	37.56100
재림상회	shop	127.05599	37.54858
재수돈감자탕	food	127.03306	37.56119
재영전자주	shop	127.03477	37.56204
재유소프트	shop	127.04340	37.54918
재정스왕십리	shop	127.03666	37.56123
재즈엑스오버	bar	127.06067	37.54342
잭슨	shop	127.02854	37.55729
잭슨피자	food	127.05215	37.56680
잭슨피자	food	127.02408	37.56659
잭슨피자	food	127.05948	37.53747
잭펍	bar	127.04009	37.55989
잼곱창	food	127.03351	37.55964
쟁반노래연습장	activity	127.05309	37.56616
저스트두잇	food	127.04521	37.54270
저스트텐동	food	127.04672	37.54710
저울시스템	shop	127.04338	37.56701
전과함께	bar	127.03037	37.56361
전광수커피	cafe	127.04883	37.54128
전기품은닭	food	127.02361	37.55622
전농슈퍼	shop	127.05274	37.56237
전도사	food	127.03998	37.55866
전라도식당	food	127.06515	37.56037
전봇대집	food	127.04127	37.57126
전봇대집	food	127.04200	37.57026
전봇대호프	bar	127.04200	37.57026
전사랑	food	127.05395	37.53786
전앤코	stay	127.05704	37.54345
전원클럽가야시	food	127.03946	37.56062
전원클럽신사숙녀여러분포차	bar	127.03923	37.56095
전자담배	shop	127.03839	37.56144
전자방	food	127.05372	37.54836
전잔치	food	127.02011	37.55366
전주대박집	food	127.04127	37.57126
전주본가영양돌솥밥	food	127.01306	37.54067
전주식당	food	127.01961	37.55456
전주식당	food	127.03087	37.56150
전주식당	food	127.03716	37.56987
전주식당	food	127.05535	37.53804
전주집	food	127.03622	37.56051
전주콩나물처가국밥	food	127.03578	37.56369
전주콩나물해장국	food	127.04978	37.54625
전통숯불꼼장어	food	127.05662	37.54404
전통육개장육도장	food	127.03414	37.56619
절기한상	food	127.04086	37.56039
점핑신드롬	activity	127.02027	37.55423
정가네밥상	food	127.03035	37.56595
정고운	stay	127.01625	37.54408
정관장행당역점	shop	127.02754	37.55625
정관장홍삼	shop	127.02064	37.54742
정구에프앤비	food	127.05431	37.54264
정궁	food	127.03408	37.56591
정금당	shop	127.03425	37.56443
정담초밥	food	127.02016	37.55527
정돈	food	127.04336	37.54416
정동진	food	127.01617	37.54270
정든집	food	127.05563	37.54823
정만	food	127.02287	37.54837
정메디컬	shop	127.05609	37.54450
정문약국	shop	127.04130	37.55794
정민약국	shop	127.03413	37.56940
정선부뚜막	food	127.04304	37.54753
정성식당	food	127.03009	37.55332
정성식탁	food	127.03444	37.56547
정성약국	shop	127.03303	37.56657
정성한줄	food	127.02408	37.56659
정시퇴근주	shop	127.05223	37.54951
정우만물산업주	shop	127.02755	37.56306
정원식당	food	127.03436	37.56606
정은약국	shop	127.01961	37.54817
정은이네곱창	food	127.03601	37.56537
정은회관	food	127.02525	37.54751
정일전기	shop	127.02039	37.55368
정족발	bar	127.04240	37.56606
정주문화	shop	127.06191	37.54662
정해화장품	shop	127.06467	37.54733
정현슈퍼	shop	127.03207	37.56712
정확당	shop	127.02578	37.55116
정희네고깃집	food	127.05516	37.53805
정희수닥터웰빙디포	shop	127.02273	37.54762
제나	stay	127.02672	37.56370
제너럴아이디어	shop	127.05065	37.54377
제너럴아이디어	shop	127.04353	37.54723
제로스토어뚝섬점	shop	127.04849	37.54812
제로스토어상	shop	127.02800	37.56457
제로초이스	shop	127.04092	37.56004
제로초이스왕십리역점	shop	127.03626	37.56102
제로편의점제로영	shop	127.04122	37.55965
제비집	food	127.04618	37.54559
제스트	shop	127.03343	37.56148
제스티살룬	food	127.04085	37.54717
제우인터내셔날르메메	shop	127.04386	37.54618
제우인터내셔날오스트카카	shop	127.04244	37.54650
제육집막내아들	food	127.04088	37.56026
제이	shop	127.05485	37.54368
제이드	shop	127.02757	37.55657
제이드앤워터성수엘씨디씨	food	127.06156	37.54173
제이드앤워터옥수점	food	127.01540	37.54290
제이드플로라	shop	127.01593	37.54527
제이디자인스튜디오	shop	127.06334	37.56104
제이맛미쏀	food	127.05410	37.56242
제이번	food	127.01399	37.54670
제이비쥬	shop	127.05467	37.54463
제이스플레이트	food	127.04271	37.55699
제이썬인터내셔널	shop	127.05166	37.54553
제이씨스토어	shop	127.05977	37.56177
제이씨어드밴스	shop	127.05756	37.54293
제이아이	food	127.05083	37.55067
제이알상회	shop	127.03666	37.56123
제이앤	shop	127.05035	37.54740
제이앤디코퍼레이션	shop	127.04531	37.54669
제이앤디팩토리	shop	127.04643	37.55130
제이앤엘코퍼레이션	activity	127.03839	37.56144
제이앤제이펍	bar	127.04660	37.54674
제이앤제이하우스	stay	127.04333	37.54620
제이에스골프아카데미	activity	127.01641	37.55133
제이에스바이오	shop	127.03273	37.56397
제이에스슈즈디자인연구소	shop	127.05143	37.53783
제이에스앤디	shop	127.04349	37.56740
제이에스유통	shop	127.05445	37.53743
제이에스케어	shop	127.05945	37.56114
제이에스페밀리	food	127.05452	37.54839
제이에이치기획	stay	127.03285	37.56205
제이에이치메드	shop	127.05693	37.54469
제이에이치씨코퍼레이션	shop	127.04862	37.54853
제이엔코	shop	127.01788	37.54185
제이엘케이유엠컴퍼니	food	127.02634	37.56917
제이엠메디컬	shop	127.05569	37.53732
제이오메디컬	shop	127.05448	37.54646
제이오케이컴퍼니성수호랭이꽃집	shop	127.05609	37.54450
제이와이코퍼레이션	food	127.03308	37.56220
제이웍스비즈	shop	127.04997	37.54468
제이윈	shop	127.06187	37.54374
제이제이메디웍스	shop	127.05120	37.54947
제이제이시스템즈컴퍼니	shop	127.03359	37.55519
제이제이지고트	shop	127.03839	37.56144
제이컴바인드	shop	127.05020	37.53946
제이컴퍼니	food	127.01984	37.54976
제이케이앤디성수	shop	127.06170	37.54326
제이케이앤디에프앤비	food	127.06170	37.54326
제이케이트	food	127.04291	37.54567
제이큐리아서티	cafe	127.05442	37.54378
제이클럽하우스	food	127.06496	37.54791
제이피컴퍼니	shop	127.04643	37.55130
제이픽스랩	shop	127.05159	37.55045
제이하우스	stay	127.03685	37.56962
제인	shop	127.02833	37.56231
제인마치	shop	127.04792	37.54227
제일	food	127.04560	37.54709
제일곱창	food	127.03597	37.56482
제일분식	food	127.03650	37.55830
제일상회	shop	127.05419	37.53795
제일성수기	food	127.05609	37.54450
제일수족관	shop	127.05428	37.53785
제일순대국	food	127.06133	37.54546
제일식당	food	127.04082	37.55991
제일식당	food	127.06515	37.56037
제일식품	shop	127.02297	37.54880
제일씽크	shop	127.06762	37.54915
제일약국	shop	127.03054	37.54965
제일양대창	food	127.03597	37.56482
제일여관	stay	127.05339	37.53749
제일유리	shop	127.02389	37.54828
제일전기·냉동·설비	shop	127.03382	37.56979
제일판촉	shop	127.01747	37.54824
제임스홀튼	shop	127.05000	37.54769
제제	food	127.04257	37.54790
제제	shop	127.03730	37.55865
제제집	food	127.04029	37.55851
제주곁서울혼술바	food	127.04634	37.54554
제주국수	food	127.05784	37.54511
제주뒷고기집	food	127.05930	37.53658
제주삼다돈한	food	127.03672	37.55880
제주생고깃간	food	127.01623	37.54253
제주슈퍼	shop	127.02445	37.55723
제주시성수동	cafe	127.05624	37.53993
제주아홉혼술바서울	food	127.04686	37.54685
제주올레	food	127.04854	37.54909
제주은희네해장국	food	127.06530	37.54538
제주커피집케이터링	cafe	127.04226	37.56410
제천인두꺼비식당	food	127.03839	37.56144
제철과일화성상회	shop	127.03673	37.57019
제플린솔루션	shop	127.04576	37.55073
젠바오	food	127.05690	37.54518
젠이즘	shop	127.01188	37.54268
젠젠	cafe	127.05756	37.54293
젠토니카	shop	127.03248	37.56222
젠호스피탈리티	food	127.04316	37.54716
젤라떼리아체르카	cafe	127.03028	37.56450
젤라또팩토리	cafe	127.05492	37.53950
젤리머핀	food	127.03690	37.55978
젤리클로젯	shop	127.05463	37.53796
조개도	bar	127.05535	37.53804
조개랑곱창	food	127.04167	37.56566
조교식당	food	127.03635	37.56647
조디악	bar	127.05463	37.54190
조마루감자탕	food	127.03456	37.56245
조명창고	food	127.04141	37.55982
조박사고깃집	food	127.03424	37.56338
조박커피	cafe	127.03077	37.56619
조선아구찜	food	127.02634	37.56917
조선커피	cafe	127.06528	37.54676
조아골드	shop	127.05379	37.56475
조아전자담배멀티샵	shop	127.02107	37.54842
조아텔레콤	shop	127.02083	37.54839
조양식당	food	127.04643	37.55130
조여사	food	127.02740	37.55481
조율컴퍼니	shop	127.04851	37.54571
조은세상	bar	127.03730	37.56979
조은식당	food	127.03063	37.56687
조은약국	shop	127.06715	37.56054
조은주방	shop	127.02713	37.57020
조이	shop	127.06623	37.54802
조이게스트하우스	stay	127.02365	37.54837
조이푸드	food	127.05344	37.54157
조잇	food	127.05377	37.56236
조조반점	food	127.03102	37.55807
조조칼국수	food	127.05669	37.54523
조조헤어	shop	127.06945	37.55970
조해산업디앤엠	cafe	127.02348	37.55589
족발야시장	food	127.06591	37.54844
족발엔닭발	food	127.02991	37.56069
족심	food	127.02676	37.55980
족팔계	food	127.05310	37.56381
종가떡집	food	127.03066	37.56252
종가빈대떡	food	127.04669	37.54725
종로계림닭도리탕	food	127.03371	37.56330
종로떡방	food	127.04811	37.54867
종로떡집	food	127.02610	37.55453
종로떡집	food	127.02750	37.55820
종로빈대떡	food	127.05151	37.56283
종로약국	shop	127.04133	37.55996
종점식당	food	127.04529	37.56738
종점토스트	food	127.04728	37.56096
종필엄마족발	food	127.04127	37.57126
종합화장품	shop	127.06643	37.54936
좋은맛옥수점	food	127.01527	37.54376
좋은사람과컴퍼니	shop	127.03390	37.56275
좋은사람과함께	shop	127.05435	37.54324
좋은사람들	shop	127.06588	37.54639
좋은사람들주	shop	127.06588	37.54639
좋은습관피티스튜디오성수	activity	127.04736	37.54719
좋은와인	shop	127.01238	37.54243
좋은책새김	shop	127.01670	37.54176
죠스떡볶이	food	127.04058	37.56012
죠스아이스크림신금호역점	shop	127.01961	37.55456
죠스아이스크림할인점	shop	127.05293	37.56406
주공부동산컨설팅	shop	127.05511	37.54718
주관	bar	127.02506	37.56782
주당도가	bar	127.02018	37.54840
주도	food	127.04705	37.54618
주물럭꼼장어	food	127.04047	37.55956
주연네연탄곱창구이	food	127.02605	37.54862
주영광전기	shop	127.03075	37.56170
주오	shop	127.05446	37.53980
주옥	bar	127.03942	37.56101
주인자니트	shop	127.02503	37.54797
주전자	food	127.03435	37.56293
주코빈티지	shop	127.05483	37.54250
주향양꼬치	bar	127.03722	37.57012
죽바라기	food	127.05449	37.56423
죽변항	food	127.04885	37.54758
죽에진심	food	127.06800	37.55131
죽여주는동치미국수	food	127.05515	37.53825
죽이야기뚝섬점	food	127.04910	37.54644
준당구장	activity	127.06741	37.54870
준스킨케어	shop	127.02854	37.55729
준앤씨	shop	127.03839	37.56144
준양이	shop	127.03712	37.55883
준오디포	shop	127.05266	37.54444
준이네	food	127.06639	37.54968
줄라이멧톰	food	127.03763	37.56337
줄스플라워	shop	127.03016	37.55282
중국관	food	127.05537	37.53857
중앙가속기	bar	127.04829	37.54149
중앙감속기	food	127.05111	37.54563
중앙부속구이	food	127.06528	37.54676
중앙여관	stay	127.01916	37.54704
중앙유통	shop	127.03931	37.56972
중앙전기	shop	127.05521	37.54791
중앙종로약국	shop	127.05285	37.56393
중앙할인마트	shop	127.02750	37.55820
중앙할인마트	shop	127.02273	37.54762
중앙해장포장	food	127.02267	37.54382
중화각	food	127.02483	37.54837
중화반점여의	food	127.03490	37.56394
중화요리일미향	food	127.02139	37.54870
쥬니쥬	shop	127.03956	37.54713
쥬라옵티크	shop	127.05825	37.54170
쥬방스모텔	stay	127.03514	37.56351
쥬스샵	cafe	127.06588	37.54639
쥬씨	cafe	127.04103	37.56037
쥬씨	shop	127.04523	37.55088
쥬씨뚝섬역점	cafe	127.04840	37.54754
지구촌의류	shop	127.05427	37.53774
지나	shop	127.04810	37.54232
지니밸런스센터	activity	127.07005	37.55516
지니어스커피바	cafe	127.02140	37.54782
지디넷	shop	127.05693	37.54469
지디알골프아카데미성수	activity	127.05064	37.54112
지디알실내	activity	127.03704	37.56629
지미슈퍼	shop	127.04274	37.56512
지비에이치	shop	127.04296	37.54708
지비지에이치	shop	127.04840	37.54659
지비지에이치	shop	127.04511	37.54768
지비지에이치	shop	127.05546	37.54444
지성식당	food	127.04820	37.53834
지센서울	shop	127.02287	37.54833
지수언니	food	127.05364	37.53783
지식나눔문화원	shop	127.06917	37.56021
지씨	food	127.06588	37.54639
지안펫살롱	shop	127.01543	37.54111
지알푸드	food	127.03500	37.56452
지앤정	shop	127.03527	37.56052
지앤티	shop	127.05291	37.54002
지에스더프레시	shop	127.04435	37.54750
지에스더프레시성동옥수점	shop	127.01446	37.54648
지에스더프레시성동텐즈힐점	shop	127.02506	37.56782
지에스신	shop	127.01930	37.55367
지에스티피	shop	127.04843	37.54844
지에스한양중앙	shop	127.04124	37.56107
지에이치	shop	127.06198	37.54449
지엔디	shop	127.04844	37.54620
지엔에이어패럴성수	shop	127.04301	37.54720
지엔엔라운지	shop	127.02408	37.56659
지연단란주점	bar	127.02303	37.54834
지오	bar	127.05469	37.54525
지오지아엔터식스왕십리	shop	127.03839	37.56144
지오플라워카페	shop	127.05415	37.56470
지와이아이엔씨	shop	127.05786	37.55869
지우관	food	127.05777	37.53842
지우축산	shop	127.04021	37.56935
지윤눈썹	shop	127.02506	37.56782
지은자기	shop	127.04136	37.56157
지인컴퍼니	shop	127.04726	37.55105
지인프라임	shop	127.04318	37.56761
지지고한양대	food	127.04133	37.55785
지지제화	shop	127.02840	37.56447
지지지	cafe	127.05004	37.54679
지코바금호	food	127.02503	37.55515
지코바성수	food	127.04756	37.55143
지크커피	cafe	127.05183	37.54457
지키	food	127.05424	37.54333
지킴랩약국	shop	127.06082	37.54658
지투존뚝섬역점	activity	127.04843	37.54844
지티솔루션	shop	127.04641	37.54364
지티에스버거성수	food	127.05954	37.54077
지티에스포레스트	food	127.04015	37.54736
지티오	shop	127.02484	37.54796
지티지오페퍼로니유니버스행당점	food	127.03016	37.55784
지하대피소	food	127.06996	37.55347
진고집동해동태탕	food	127.05310	37.56381
진국당성수국밥	food	127.05220	37.54217
진국설농탕	food	127.03603	37.56582
진국설렁탕	food	127.03610	37.56590
진국해장국	food	127.05439	37.53829
진담푸드한양대	food	127.04007	37.56050
진도부대찌개	food	127.06572	37.54746
진도켄	food	127.04600	37.54554
진로마트	shop	127.02573	37.55166
진로약국	shop	127.05510	37.53716
진미곱창	food	127.02124	37.54844
진미함바식당	food	127.05142	37.56651
진보당	shop	127.05475	37.53732
진보당	shop	127.06451	37.54834
진보사	shop	127.04118	37.55952
진사천훠궈	food	127.05840	37.54357
진선미식당	food	127.03430	37.56353
진성그린푸드	shop	127.03434	37.56676
진성식당	food	127.03367	37.56704
진성희망둥지	stay	127.05441	37.54288
진쇼니	shop	127.04704	37.55142
진숙맛집	food	127.02193	37.54793
진스토어	shop	127.04109	37.56065
진식당	food	127.05240	37.53778
진심갈비	food	127.01993	37.54824
진아슈퍼	shop	127.04891	37.53734
진약국	shop	127.03424	37.56171
진양아이티	shop	127.05756	37.54293
진우동	food	127.01815	37.55628
진이찬방	shop	127.02408	37.56655
진이찬방성동옥수점	shop	127.01536	37.54583
진이찬방행당역점	shop	127.03042	37.55752
진작다이닝	food	127.04567	37.54945
진저그랜파	cafe	127.05121	37.54892
진지방순대국	food	127.06199	37.54771
진지함	food	127.04204	37.54684
진짜무쇠삼겹	food	127.05225	37.54759
진혁	cafe	127.05524	37.54430
진희네수입	shop	127.05390	37.53830
짐타운	activity	127.04814	37.54129
짐타임	activity	127.05713	37.54514
집밥	shop	127.04930	37.54970
짙은	cafe	127.04059	37.56028
짜글이명가왕십리	food	127.03248	37.56222
짬봉타운	food	127.05543	37.53986
짬뽕위에더짬뽕	food	127.04390	37.54752
짬뽕일도	food	127.01800	37.54167
짬뽕품격	food	127.04617	37.54619
짱	food	127.04043	37.55924
짱구네순대타운	food	127.02214	37.54844
짱노래연습장	activity	127.04024	37.56013
짱노래연습장	activity	127.05275	37.56644
짱탁구장	activity	127.04058	37.56012
짱텔레콤	shop	127.05293	37.56406
짱호프치킨	bar	127.03806	37.55832
쪼꼬미마켓	shop	127.03138	37.55814
쪽선생	food	127.05435	37.56408
쫄랑이노래주점	bar	127.05190	37.53787
쭈꾸미도사	food	127.03942	37.56088
쭈꾸미도사	food	127.05616	37.54419
쭈꾸미랑피자	food	127.03839	37.56144
쭈블링쭈꾸미볶음	food	127.03048	37.56356
찌개보스	food	127.03542	37.56577
찌글짜글	food	127.03696	37.56683
찌마찌마	food	127.05136	37.54423
찐미숯불구이	food	127.05295	37.54659
찐이소곱창	food	127.05337	37.56325
찐짜식당	food	127.05377	37.54208
찜사랑해물	food	127.05496	37.56208
차만다	food	127.04141	37.54663
차얌	cafe	127.03920	37.56111
차오르다성수	stay	127.05676	37.54887
차이니포	food	127.03359	37.55519
차일드북앤토이	shop	127.02950	37.56059
차일드오피자	food	127.06181	37.53942
차일디쉬	food	127.06155	37.54046
차차차노래연습장	activity	127.06762	37.54915
착한덮밥	food	127.06515	37.56037
착한씨푸드	food	127.01188	37.54268
착한짜장	food	127.05467	37.54673
착한한우직판장	shop	127.02012	37.55408
찬마카세성수	food	127.04758	37.54190
찬성자전거	shop	127.04959	37.53852
찰리베이커리	food	127.02408	37.56659
찰스보툼	shop	127.05203	37.54793
찰찰보리식빵	food	127.03177	37.56313
참김밥사랑	food	127.03405	37.55386
참나라숯불바베큐	food	127.02539	37.54850
참나무로바베큐	bar	127.06263	37.54036
참나무집뚝섬	food	127.05079	37.54922
참다한홍삼행당점	shop	127.02875	37.55657
참맛깔	food	127.05248	37.56660
참맛할매순대국	food	127.03289	37.56363
참사랑약국	shop	127.04307	37.56584
참새방앗간행당	shop	127.02854	37.55729
참새방앗간행당한진점	shop	127.02875	37.55657
참새와방앗간	food	127.04756	37.55143
참선주면옥	food	127.06530	37.54538
참숯불집	food	127.05489	37.54669
참약사지안약국	shop	127.03839	37.56144
참존숯불바베큐	bar	127.03446	37.56571
참참치킨	food	127.06816	37.55184
참참치킨	food	127.05463	37.53759
참참한방통닭	food	127.05213	37.56417
참치가좋은날	food	127.02408	37.56659
참치마루	food	127.05343	37.56558
참타이	food	127.05141	37.54646
참피온당구장	activity	127.04067	37.55894
찹찹푸드	food	127.04492	37.54612
창자	food	127.03597	37.56482
창창커피	cafe	127.05397	37.54208
창창푸드	food	127.06507	37.54470
채선당	food	127.04424	37.54101
채선당자연한가득	food	127.03839	37.56144
채움	food	127.03100	37.56859
채움스테이왕십리	stay	127.03388	37.56074
채원감자탕	food	127.01925	37.55309
챌린지에프아이	shop	127.05984	37.53652
챔스펍	activity	127.03587	37.56446
챔프커피	cafe	127.05576	37.53983
챠우	food	127.05664	37.53884
처갓집양념치킨	food	127.03209	37.56725
처갓집양념치킨응봉점	food	127.03119	37.54949
처갓집양념치킨행당점	food	127.02741	37.56050
처음	shop	127.03734	37.57048
척스탭하우스	bar	127.01747	37.54220
천국	bar	127.04005	37.55977
천미향	food	127.05295	37.54659
천연구소	shop	127.02302	37.55083
천일장여관	stay	127.05640	37.53521
철규네분식	food	127.05395	37.53789
철길부산집	bar	127.05426	37.54596
철길부산집	food	127.04022	37.55896
철판오사카야	food	127.04625	37.54674
청계천박물관	heritage	127.03504	37.57127
청과물직판장	shop	127.01986	37.55434
청기와타운	food	127.03839	37.56144
청년감자탕순대국왕십리역점	food	127.04054	37.55994
청년고시원장	stay	127.06295	37.56115
청년치킨	food	127.03296	37.55844
청년커튼블라인드	shop	127.05822	37.54258
청년피자행당점	food	127.02876	37.56046
청담경희한방연구소	shop	127.05373	37.56131
청담반찬	shop	127.04153	37.56276
청담순대국	food	127.04877	37.54588
청담찬	shop	127.02968	37.56062
청량리통골뱅이	bar	127.04289	37.56733
청량유통	shop	127.03307	37.56581
청량힐굽	stay	127.04773	37.56110
청록미나리식당	food	127.04009	37.55989
청무	shop	127.06323	37.54492
청바지아울렛	shop	127.02348	37.54801
청솔고시원	stay	127.03430	37.56353
청수먹거리	food	127.05471	37.53809
청신리	food	127.03268	37.56185
청연	food	127.04573	37.56100
청운텔레콤	shop	127.03319	37.56160
청재약국	shop	127.04922	37.54139
청정세꼬시	food	127.02366	37.54776
청정옥	food	127.04877	37.54588
청주명문도너츠	food	127.02257	37.54835
청죽골	food	127.04463	37.54953
청죽골식당	food	127.04402	37.54689
청진동해장국	food	127.04366	37.56620
청춘고깃간	food	127.05467	37.54463
청춘극장	food	127.03131	37.55779
청춘닭꼬치	bar	127.03244	37.56638
청커뮤니케이션	shop	127.04795	37.54212
청해루	food	127.06024	37.56120
청화스테이	stay	127.06232	37.53970
체다앤올리	food	127.04326	37.54553
체리코코	food	127.03978	37.54757
체어픽	shop	127.02408	37.56659
체체	bar	127.02597	37.55058
체크인성수	stay	127.05179	37.53679
초가랑	food	127.02121	37.54867
초능력타코야끼	food	127.01961	37.55456
초록마을서울	shop	127.02573	37.55166
초록약국	shop	127.02448	37.55553
초밥짓는정노	food	127.05340	37.56444
초선마라	food	127.04099	37.55724
초원가축	shop	127.06292	37.55976
초원식당	bar	127.05646	37.53676
초이다이닝	food	127.05483	37.54250
초이인서울	stay	127.05322	37.53812
초코츄츄	cafe	127.02380	37.54794
초콜렛	bar	127.03425	37.56298
총각네옛날통닭	food	127.02047	37.54839
총각네옥수점	shop	127.01399	37.54331
총명플러스	shop	127.03491	37.56227
촬댄	bar	127.03641	37.56668
최가네샤브버섯칼국수	food	127.04292	37.54756
최가식당	food	127.05053	37.53777
최강축산	shop	127.03875	37.57002
최라공방	shop	127.05154	37.53822
최선상회	food	127.02014	37.54808
최영희언양불고기	food	127.03414	37.56160
추선생	food	127.03500	37.56452
추억의홍두께칼국수	food	127.04336	37.56506
추오정	food	127.04814	37.56905
축복	shop	127.04402	37.54689
축산	shop	127.03551	37.55201
축산물장터	shop	127.05560	37.54678
축협한우판매장	shop	127.02757	37.55657
춘리마라탕	food	127.03535	37.56385
춘리마라탕금	food	127.01845	37.54821
춘몽	bar	127.03981	37.55951
춘배버거	food	127.04588	37.54609
춘천닭갈비	food	127.04560	37.54634
춘천닭갈비	food	127.04874	37.54861
춘천집닭갈비	bar	127.04035	37.56070
춘하추우동	food	127.05184	37.54382
춘향미엔	food	127.03203	37.56061
충남상회	shop	127.02220	37.54872
충남식당	food	127.05389	37.54821
충북상회	shop	127.05184	37.54477
충청도집	shop	127.04127	37.57126
충청도집김순선	food	127.04127	37.57126
충청도짜글이마을	food	127.04573	37.56100
취월당	food	127.04522	37.54709
치리미리	food	127.04889	37.54839
치즈인더스트리성수	cafe	127.06114	37.54165
치치	food	127.04022	37.56030
치카성수	food	127.04719	37.54239
치카이라멘	food	127.01538	37.54228
치커리생구이	shop	127.05402	37.56459
치킨노가리	bar	127.03028	37.56589
치킨렉	food	127.03247	37.56426
치킨마루왕십리센트라스점	food	127.02408	37.56655
치킨매니아	food	127.03593	37.55223
치킨매니아	food	127.03336	37.55602
치킨매니아옥수역점	food	127.01641	37.54274
치킨버스	food	127.03998	37.56070
치킨부라더스	food	127.03041	37.56662
치킨주막	food	127.03585	37.55203
치킨팩토리	bar	127.03690	37.55978
치트키룸	food	127.04916	37.54906
치폴레옹	food	127.04041	37.55849
친구야포차	food	127.03426	37.55779
친구친구	food	127.03500	37.56452
칠리칠리	food	127.05471	37.53814
칠리향	food	127.02506	37.56782
칠링	cafe	127.04599	37.54870
칠보양말	shop	127.06825	37.55199
칠성당구장	activity	127.03429	37.56485
칠성식당	food	127.05540	37.53895
칠월의복숭아	food	127.02875	37.55657
칠칠켄터키	food	127.04047	37.55956
침묵을깨다브레이크사일런스	bar	127.06013	37.54579
카네기	bar	127.05879	37.53645
카레클린트	shop	127.06588	37.54639
카레하우스전원	food	127.03410	37.56364
카린지린가네스낵바	cafe	127.04598	37.54575
카멜	stay	127.03163	37.56115
카멜커피	cafe	127.05592	37.53724
카멜커피	cafe	127.04266	37.54838
카모메	food	127.04047	37.55956
카모메그림책방	shop	127.02061	37.55342
카모토	food	127.04882	37.54846
카모플라쥬커피	cafe	127.04568	37.54899
카밍젠	stay	127.04696	37.54627
카브커피	cafe	127.05488	37.56399
카스저울솔루션	shop	127.04338	37.56701
카스카스	bar	127.02578	37.55138
카스타니아	cafe	127.05560	37.54678
카야네	food	127.04867	37.54517
카오	food	127.05390	37.54334
카우떡볶이	food	127.04007	37.54721
카운팅틸텐	shop	127.02662	37.55009
카이로스	cafe	127.02241	37.55320
카이카츠	food	127.05380	37.54788
카이테이블	food	127.03839	37.56144
카지야	shop	127.05560	37.54678
카츠공방	food	127.04844	37.54612
카츠메	food	127.04344	37.54607
카츠백	food	127.03189	37.56644
카츠성수	food	127.04370	37.54698
카츠연가	food	127.05424	37.54333
카츠와이찌	food	127.03272	37.56389
카츠젠	food	127.02694	37.56665
카카모루	food	127.05491	37.54334
카타오모이	bar	127.04672	37.54702
카페그루터기	cafe	127.01497	37.54681
카페그린	cafe	127.02408	37.56659
카페나임	cafe	127.01847	37.55389
카페낭만부부	cafe	127.04754	37.56106
카페다니엘	food	127.06803	37.55168
카페다인	cafe	127.03422	37.56428
카페다즐	cafe	127.04650	37.54214
카페델꼬또네	shop	127.04801	37.54551
카페도쎄	cafe	127.02740	37.55481
카페드림한양여대본관점	cafe	127.04752	37.55719
카페드림한양여대행원	cafe	127.04752	37.55719
카페띠아모	cafe	127.04662	37.55450
카페라	cafe	127.06836	37.55322
카페라제스	cafe	127.02408	37.56659
카페루	cafe	127.02750	37.55820
카페루보브	food	127.03995	37.55834
카페리빈	cafe	127.06101	37.54343
카페리빈갤러리아포레점	cafe	127.04291	37.54567
카페마당	cafe	127.06515	37.56037
카페마실	cafe	127.02408	37.56659
카페마운틴	cafe	127.03225	37.56570
카페마트리	cafe	127.04295	37.54742
카페메이	cafe	127.05344	37.54843
카페문	cafe	127.02436	37.55752
카페밑둥	food	127.04672	37.54702
카페브리즈한양	cafe	127.04011	37.55716
카페비앤에스	cafe	127.04877	37.54588
카페비엔에스	cafe	127.04877	37.54588
카페서울숲	food	127.04359	37.54362
카페서울숲	cafe	127.03944	37.54725
카페서울숲서울숲복합문화체육	food	127.04150	37.54907
카페서울숲성동	food	127.03697	37.56342
카페서울숲성수문화복지관점	food	127.04695	37.54543
카페소그노	cafe	127.03309	37.55884
카페소림	cafe	127.05613	37.54062
카페소확행	cafe	127.01654	37.54276
카페수다	cafe	127.05506	37.54705
카페시벳	cafe	127.05187	37.54793
카페시벳	cafe	127.03952	37.56170
카페시트러스페이퍼	cafe	127.01276	37.54278
카페아모렘	cafe	127.05521	37.54791
카페아이엔지한양대인문관점	cafe	127.04662	37.55450
카페앙코	cafe	127.02628	37.55161
카페에피톤	cafe	127.04133	37.55996
카페엘든	cafe	127.06152	37.53896
카페오라	cafe	127.04513	37.54900
카페올리비아	cafe	127.05786	37.55869
카페와로또	cafe	127.05211	37.56328
카페요아정	food	127.01804	37.54848
카페요아정성수카페	food	127.05676	37.53868
카페인중독	cafe	127.02506	37.56782
카페정원	cafe	127.04895	37.56052
카페차	cafe	127.04186	37.54787
카페차오	cafe	127.03417	37.56589
카페천수장	cafe	127.05134	37.53759
카페큐	cafe	127.04662	37.55450
카페텐즈	cafe	127.02506	37.56782
카페페를	cafe	127.05487	37.54821
카페포제	cafe	127.05575	37.54301
카페픽	cafe	127.04094	37.54696
카페할로나	cafe	127.03272	37.56625
카페홀릭	cafe	127.04498	37.54190
카펠라	cafe	127.05499	37.56312
카프리디마리	food	127.04015	37.54736
칸토	cafe	127.05155	37.54351
칼	food	127.05777	37.54611
칼국수	food	127.03302	37.56168
캄스테이응봉	stay	127.02999	37.55225
캅셀	shop	127.02112	37.55194
캐리홈치킨	food	127.02292	37.54858
캔앤코르크	food	127.05629	37.54495
캘빈클라인언더웨어	shop	127.03839	37.56144
캘프	food	127.01629	37.54210
캡텐왕십리지점	shop	127.03839	37.56144
커넥팅더닷츠	shop	127.05166	37.54553
커농커피	cafe	127.04113	37.55621
커버낫성수플래그십	shop	127.05364	37.54308
커버써먼	shop	127.05446	37.53980
커브스금호클럽	activity	127.02273	37.54762
커스버트케이크	food	127.04686	37.54685
커스텀커피	cafe	127.02554	37.54670
커스텀커피왕십리뉴타운점	cafe	127.02408	37.56659
커플	cafe	127.02750	37.55820
커플	cafe	127.02854	37.55729
커플노래연습장	activity	127.05288	37.56360
커피	cafe	127.06566	37.54843
커피가루	cafe	127.03469	37.56239
커피냅로스터스성수	cafe	127.05307	37.54226
커피니여의도순복음성동교회점	cafe	127.05483	37.56471
커피다	cafe	127.01660	37.54234
커피로그리는꿈협동조합	cafe	127.04340	37.54852
커피마당	cafe	127.06515	37.56037
커피뮤비트플렉스왕십리역점	cafe	127.03839	37.56144
커피베이	cafe	127.05446	37.53980
커피베이	cafe	127.02456	37.55237
커피베이성수세종	cafe	127.05295	37.54659
커피베이행당점	cafe	127.03548	37.55823
커피볶는집낙타	cafe	127.04929	37.54854
커피부스	cafe	127.03285	37.56504
커피빈왕십리민자역사점	cafe	127.03839	37.56144
커피사피엔스성수더스페이스점	cafe	127.04643	37.55130
커피사피엔스성수우림점	cafe	127.06330	37.54681
커피사피엔스성수현대	cafe	127.05367	37.54409
커피살롱	cafe	127.05380	37.54788
커피선생로스터리	cafe	127.03603	37.56007
커피스미스에프씨	cafe	127.04291	37.54567
커피식구성수센터	cafe	127.06151	37.54590
커피에꽃을담다	cafe	127.04180	37.54307
커피에반하다행당점	cafe	127.02875	37.55657
커피엔진	cafe	127.03680	37.56491
커피오리진	shop	127.04186	37.54711
커피온리팔공티	cafe	127.05464	37.54341
커피인류옥수점	cafe	127.01446	37.54648
커피좀비	cafe	127.04489	37.54682
커피코코	cafe	127.06151	37.54590
커피타조	cafe	127.06336	37.54791
커핀그루나루성동문화원점	cafe	127.03689	37.55896
컨슘프로덕트	shop	127.05322	37.54297
컬러오브커피	cafe	127.02408	37.56659
컬리넌호텔앤스파	stay	127.03480	37.56265
컬쳐테크놀로지그룹아시아	shop	127.05050	37.55070
컴매니저	shop	127.05461	37.54661
컴바이컴서비스	shop	127.02871	37.56152
컴오프	cafe	127.04296	37.54747
컴퍼니	shop	127.05025	37.54407
컴퍼니맨주	cafe	127.06210	37.54397
컴포즈마장	cafe	127.04274	37.56626
컴포즈커피	cafe	127.05467	37.54463
컴포즈커피	cafe	127.02408	37.56655
컴포즈커피금호	cafe	127.02543	37.54823
컴포즈커피서울	cafe	127.04149	37.56029
컴포즈커피성동	cafe	127.03500	37.56452
컴포즈커피신금호	cafe	127.01951	37.55435
컴포즈커피왕십리역사점	cafe	127.03839	37.56144
컴포즈커피왕십리텐즈힐점	cafe	127.02506	37.56782
컴포즈커피행당	cafe	127.03263	37.56111
컴포즈커피행당무학점	cafe	127.03210	37.55827
컴포즈커피행당역점	cafe	127.02755	37.55624
컴포즈커피화양	cafe	127.06578	37.54749
컴헬퍼	shop	127.06019	37.53629
컷실내테니스장	activity	127.02273	37.54762
케밥빙	food	127.03839	37.56144
케이감성	shop	127.05563	37.54823
케이그랜드호스텔	stay	127.03199	37.56301
케이레지던스	stay	127.03065	37.56363
케이비당구장	activity	127.06032	37.53784
케이뽑기	activity	127.04488	37.54646
케이아세안	shop	127.06917	37.56021
케이앤지유통	shop	127.05424	37.54475
케이앤콥	shop	127.06361	37.54731
케이에스샵	shop	127.04311	37.56557
케이에스에이치스테이	stay	127.01706	37.54590
케이에이알	shop	127.06230	37.54791
케이에이치커뮤	shop	127.05753	37.54150
케이엔에스푸드	food	127.03839	37.56144
케이와이제이	shop	127.05319	37.56645
케이원축산	shop	127.03217	37.56961
케이제이상사	bar	127.04482	37.54701
케이제이에이치유통주	shop	127.06114	37.54675
케이진생	shop	127.06528	37.54676
케이커런트	shop	127.05594	37.54284
케이케이엠	shop	127.05526	37.56218
케이크달달	food	127.03287	37.56377
케이크숲	cafe	127.03075	37.56685
케이투당구장	activity	127.04651	37.56076
케이푸드리퍼블릭	food	127.03451	37.56221
케이필	shop	127.03491	37.56227
케익다방	cafe	127.05620	37.54313
케키천국	shop	127.02628	37.55161
케키천국	shop	127.02408	37.56659
케키천국행당점	shop	127.03358	37.55573
켈빈클라인언더웨어엔터식스	shop	127.03839	37.56144
코끼리김밥	food	127.02634	37.56917
코끼리냉면칼국수	food	127.01950	37.55311
코끼리당구장	activity	127.02605	37.54852
코끼리베이글성수	food	127.05954	37.54607
코끼리빠카페	bar	127.02605	37.54852
코끼리식당	bar	127.05124	37.54359
코끼리약국	shop	127.02408	37.56655
코너	shop	127.05413	37.56266
코너룸	bar	127.04778	37.54172
코너룸	food	127.04801	37.54975
코너스톤	cafe	127.05597	37.56379
코노미스시성수	food	127.05808	37.54128
코다리와빈대떡	food	127.05225	37.56343
코닥엔터식스왕십리역사점	shop	127.03839	37.56144
코데즈컴바인이너웨어	shop	127.03839	37.56144
코레일유통서울숲역	shop	127.04471	37.54362
코렉스마장	shop	127.03725	37.56966
코렉스성수	shop	127.04922	37.54018
코롱식품	shop	127.06515	37.56037
코리아세븐디지털	shop	127.05187	37.54251
코리아세븐성수우리	shop	127.05756	37.54293
코림	stay	127.03509	37.56324
코맥스	shop	127.01661	37.54719
코바스테이	stay	127.02962	37.56140
코빌당구장	activity	127.04274	37.56626
코스모	bar	127.03266	37.55840
코스모스상점	cafe	127.05344	37.54157
코스모스컴퍼니	shop	127.06515	37.56037
코스모스패션	shop	127.03839	37.56144
코시	food	127.04748	37.54641
코에오	cafe	127.06144	37.53977
코오롱	shop	127.03298	37.56112
코오롱글로벌스포렉스	activity	127.05572	37.55981
코우테츠	food	127.04333	37.54620
코웨이이마트주	shop	127.05350	37.53993
코자성수스토어	shop	127.05742	37.54366
코지네스트	stay	127.03991	37.56104
코지뚝섬	stay	127.04696	37.54627
코지서울	stay	127.03255	37.56391
코지스테이	stay	127.03712	37.56564
코지스테이	stay	127.03059	37.55945
코지스테이	stay	127.05042	37.54120
코지하우스	stay	127.04861	37.53962
코치	food	127.05515	37.53825
코코	shop	127.06588	37.54639
코코	shop	127.03322	37.56239
코코네강아지미용실	shop	127.05155	37.56494
코코노래연습장	activity	127.04854	37.54909
코코베로	shop	127.04953	37.54581
코코성수	stay	127.05654	37.53827
코코온누리약국	shop	127.04951	37.54633
코코제인	shop	127.04769	37.55009
코코카이	food	127.05348	37.54311
코코플래닛	cafe	127.05262	37.54525
코코플레이어	shop	127.05690	37.54141
코코호도	food	127.05506	37.54705
코쿤스토리	shop	127.05563	37.54823
코타	shop	127.03491	37.56227
코트사이드	cafe	127.06067	37.54342
코튼필드	shop	127.01824	37.54636
코페아	cafe	127.04752	37.55719
코페아커피옥수점	cafe	127.01138	37.54085
콜핑이마트	shop	127.03839	37.56144
콩물에빠진두부	food	127.01653	37.54199
콩시루	food	127.02361	37.55622
콩시루콩나물국밥	food	127.02361	37.55622
쾌걸쭈꾸미	food	127.02167	37.54878
쿄쿄몰	shop	127.04643	37.55130
쿠나	food	127.05267	37.54449
쿠나장롱	shop	127.05525	37.54311
쿠마	food	127.01900	37.54823
쿠에노메	food	127.02506	37.56782
쿠에른성수	shop	127.05588	37.54162
쿠켄치킨	food	127.04969	37.54162
쿠코	food	127.05972	37.54477
쿨베이핑전자담배	shop	127.05472	37.53820
쿨쉽	bar	127.01997	37.54841
쿨파인더	shop	127.04531	37.54669
퀄핏퍼포먼스센터	activity	127.05480	37.54578
퀘보스페이스성수	stay	127.06733	37.54940
퀘스토젤라또	food	127.04701	37.54681
퀴바라	bar	127.04680	37.54218
퀴버	food	127.04435	37.54640
퀸당구장	activity	127.01840	37.54854
퀸즈베이커리옥수점	food	127.01737	37.54096
퀸타일아저씨	food	127.02634	37.56917
큐당구장	activity	127.03414	37.56160
큐더블유디	shop	127.04538	37.54625
큐브	bar	127.06685	37.56075
큐브데이	cafe	127.03037	37.56345
큐사랑	shop	127.03381	37.56453
큐이디골프아카데미	activity	127.06715	37.56054
크라운당구클럽	activity	127.05390	37.56493
크라운호프	bar	127.03505	37.56248
크랙온클럽	shop	127.04932	37.55792
크러셋	shop	127.03469	37.56643
크레송	cafe	127.05560	37.54678
크레스트인볼브먼트	shop	127.05788	37.54515
크레이지도넛	food	127.03022	37.56383
크레파스	shop	127.04330	37.54662
크레프트할리비어	bar	127.04094	37.56006
크로스앤컨버전스	cafe	127.05788	37.54515
크로스핏성수	activity	127.06093	37.54123
크로스핏아띠	activity	127.03050	37.56477
크로스핏핏불	activity	127.04958	37.54890
크로앙쥬	cafe	127.04116	37.56087
크로커다일레이디	shop	127.02355	37.54796
크로하우스성수	food	127.04717	37.54606
크리비아	shop	127.02366	37.54829
크리스호스텔	stay	127.01981	37.55395
크림라벨	food	127.04231	37.54656
크림웨이브시눈	shop	127.06101	37.54343
크림하우스성수	stay	127.05247	37.53855
크우익가든	food	127.03572	37.55200
큰손닭강정	food	127.03308	37.56147
큰손닭강정	food	127.04682	37.53924
큰집닭강정	food	127.02876	37.56046
클라스카커피랩	cafe	127.05948	37.54231
클라우드핑크	cafe	127.04167	37.54665
클라운지서울성동	shop	127.02408	37.56659
클라이드앤	shop	127.03839	37.56144
클래식밀크바	food	127.04704	37.55142
클래식코드	shop	127.02193	37.54891
클레	cafe	127.03978	37.54757
클로버	shop	127.04738	37.53954
클리오	shop	127.04501	37.54347
클리오라이프케어	shop	127.04501	37.54347
키노베이크룸	cafe	127.06699	37.55003
키노센트	shop	127.05159	37.55045
키드	shop	127.02226	37.54739
키라카라플라워	shop	127.03493	37.56040
키라키라윤	food	127.02366	37.54789
키미스플랜	shop	127.05048	37.54954
키베이커리	food	127.04842	37.54177
키스짐	activity	127.01986	37.55434
키요인터네셔널	shop	127.06799	37.55312
키위인더하우스	stay	127.05040	37.54147
키즈바이오	shop	127.03527	37.56052
키즈스토리	shop	127.02506	37.56782
키지	shop	127.04641	37.54364
키치노야	food	127.05787	37.54110
키친보리에	food	127.03065	37.56742
키친오늘	bar	127.02134	37.54917
키친우라와	food	127.02422	37.55766
키친키요라	food	127.03444	37.56400
키커피컴퍼니	cafe	127.03749	37.55860
키코디자인	shop	127.04855	37.55136
키쿠키앤커피성수	cafe	127.05157	37.54484
킨들	cafe	127.05153	37.56251
킨토라	food	127.02166	37.54844
킴스바이크	shop	127.02624	37.54928
킴스치킨	bar	127.04851	37.54793
킴스클럽하우스	food	127.05398	37.54351
킷포우	food	127.05380	37.54788
킹게임랜드	activity	127.06388	37.56113
킹노래방	activity	127.03990	37.55929
킹카노래연습장	activity	127.05449	37.54586
킹콩노래연습장	activity	127.05902	37.53642
타래퀸왕십리	food	127.04067	37.55894
타로카페드뷔시산장	cafe	127.04030	37.55837
타우너파우더	food	127.02161	37.54769
타워약국	shop	127.04844	37.54620
타이거풀	food	127.05490	37.54090
타이시즌	food	127.05934	37.54477
타이인플레이트	food	127.04720	37.56062
타이크	food	127.05048	37.54954
타이파	cafe	127.04130	37.55982
타임	stay	127.05221	37.53658
타임	shop	127.05557	37.54485
타임애프터타임	cafe	127.05225	37.54304
타입스	bar	127.04330	37.54662
타코까나스따	food	127.01907	37.54802
타코낫타코	food	127.05178	37.53813
타코마이너	food	127.05047	37.53987
타코마이너	food	127.05385	37.54326
타코스퀘어	food	127.04705	37.54618
타코튜스데이	food	127.04560	37.54673
타쿠	food	127.05163	37.56485
타크	cafe	127.04278	37.54727
타타스베이글	food	127.05506	37.54145
타타타	shop	127.05433	37.54852
타타타노래연습실	activity	127.05377	37.53747
타탄하우스	bar	127.02197	37.54839
탄산마그네슘	shop	127.04984	37.54246
탄즈탄즈탄즈베이스먼트	shop	127.05620	37.54313
탈라코스메틱테라피	shop	127.03977	37.56105
탈렌트노래방	activity	127.01826	37.54822
탐광	food	127.05543	37.54323
탐나종합어시장신금호역점	food	127.02030	37.55486
탐라노래연습장	activity	127.05400	37.54546
탐라순대국감자탕	food	127.02190	37.54804
탐라제주도야지	food	127.03492	37.55839
탐롱	food	127.04652	37.54854
탐앤탐스무학여고점	cafe	127.03442	37.55826
탐앤탐스성수	cafe	127.05510	37.54028
탐앤탐스왕십리센트라스점	cafe	127.02408	37.56659
탐앤탐스왕십리역점	cafe	127.03839	37.56144
탐진인터내셔널	cafe	127.02312	37.55799
탑	bar	127.05353	37.56417
탑와인주류	food	127.06259	37.54374
탕끓이는집	food	127.01238	37.54243
탕촌	food	127.05465	37.54751
탕화쿵푸마라탕	food	127.04082	37.55991
탕화쿵푸마라탕	food	127.05295	37.54659
탕화쿵푸마라탕신	food	127.01973	37.55417
태건축산	shop	127.03819	37.57015
태광전기	shop	127.06023	37.53940
태그	shop	127.05116	37.54380
태능숯불갈비	food	127.02624	37.54928
태닝나우금호옥수점	shop	127.01949	37.54665
태백	food	127.05597	37.54270
태백집	food	127.04775	37.53872
태성골뱅이	food	127.04551	37.54685
태성골뱅이제트에프	food	127.04551	37.54685
태성골뱅이피알	food	127.04551	37.54685
태성유통	shop	127.06754	37.55074
태양각	food	127.05470	37.54687
태양곱창성수	food	127.05464	37.54341
태양단란주점	bar	127.03117	37.56653
태양당구재료	shop	127.06534	37.56094
태양문구	shop	127.02506	37.56782
태양의길목	cafe	127.05320	37.54857
태양장	stay	127.04008	37.56494
태양해물	food	127.05275	37.56644
태영	shop	127.03221	37.56427
태영메드주	shop	127.05424	37.54475
태영정보통신	shop	127.05496	37.53751
태왕식품	shop	127.03385	37.56317
태은김밥	food	127.02854	37.55729
태종스크린골프	activity	127.03864	37.56550
태태	food	127.01531	37.54365
태평양수산	food	127.03036	37.56694
태한하이테크주	shop	127.05534	37.54233
태화아이티주	shop	127.05788	37.54515
태후사랑	shop	127.02094	37.54761
태후사랑	shop	127.01188	37.54268
태훈야채	shop	127.05550	37.53577
태흥슈퍼	shop	127.06257	37.54089
택이네분식	food	127.04478	37.56112
터미널서울	food	127.04628	37.54567
터틀힙성수	cafe	127.04631	37.54861
턴온	cafe	127.05184	37.54477
테네시	cafe	127.04940	37.53817
테니스포레	activity	127.04291	37.54567
테디스오븐	cafe	127.04349	37.54653
테라스에서	bar	127.01875	37.54822
테라안경	shop	127.05713	37.54514
테라톡스	shop	127.02902	37.56423
테마	bar	127.03374	37.56301
테사	shop	127.04914	37.54450
테사에셋	shop	127.04914	37.54450
테오화랑	shop	127.05505	37.53669
테이스터스바스버거	food	127.04499	37.54998
테이스트앤드테이스트성수플래그십	food	127.06155	37.54047
테이크파이브월드	activity	127.05822	37.54258
테이큰커피	cafe	127.06135	37.54468
테이트엔터식스	shop	127.03839	37.56144
테이퍼드커피	cafe	127.01476	37.54356
테크노커피클럽	cafe	127.06336	37.54791
테크노팜대중약국	shop	127.02810	37.56455
테크라인	shop	127.03759	37.57083
테크런	activity	127.05543	37.54148
테트리스찜닭	food	127.03602	37.55796
텍사스파파크레페	food	127.06725	37.55037
텍스멕스	food	127.02506	37.56782
텐동식당	food	127.05492	37.54339
텐바	food	127.05425	37.54339
텐즈힐약국	shop	127.02506	37.56782
텐페이지	food	127.03976	37.56028
텐페이지	cafe	127.04145	37.56191
토끼와거북전	food	127.05662	37.54404
토니모리	shop	127.03839	37.56144
토라식당	food	127.05510	37.54299
토로토로	food	127.02408	37.56659
토로토로	food	127.05646	37.53894
토리무라	food	127.04652	37.54654
토리아에즈	bar	127.05427	37.54598
토리키치옥수역점	food	127.01653	37.54243
토마스가든	shop	127.05828	37.53783
토마스베이커리	food	127.05387	37.53868
토마토	shop	127.03946	37.56071
토마토김밥뚝섬역점	food	127.05004	37.54679
토마토연구소	shop	127.05467	37.54463
토메루	bar	127.05367	37.54409
토메루도선점	food	127.03406	37.56335
토모	food	127.04919	37.54364
토브	shop	127.01532	37.54317
토브	shop	127.05441	37.54288
토브베이커리	food	127.02408	37.56659
토상막회	food	127.03194	37.56191
토속음식점	food	127.04018	37.55830
토시래	food	127.05459	37.54601
토원마블상회	food	127.05441	37.54336
토이파티	shop	127.03491	37.56227
토지상	shop	127.05035	37.54740
토키노	cafe	127.05503	37.54331
토탈	shop	127.02271	37.54842
토탈패션	shop	127.02272	37.54850
토탈플라워샵	shop	127.01816	37.54823
토프레스성수우림점	cafe	127.06330	37.54681
톡톡노래방	activity	127.04672	37.53928
톤업	shop	127.05117	37.54885
톤즈커피	cafe	127.04025	37.56188
톨레돗	shop	127.06799	37.55312
톰그레이하운드성수	shop	127.05187	37.54359
통닭연구소	food	127.05392	37.53895
통돼지두루치기김치찌개	food	127.05315	37.56417
통통갈비	food	127.04254	37.56627
통통식당	food	127.04254	37.56627
퇴근길한잔	bar	127.01834	37.54853
투고샐러드	food	127.04201	37.56014
투고오알	cafe	127.06754	37.55281
투다리	bar	127.05462	37.54611
투다리뚝섬점	bar	127.05473	37.53761
투달러스커피	cafe	127.06467	37.54451
투랑피씨	activity	127.05304	37.53770
투메이크	food	127.05753	37.54150
투민유통	shop	127.05229	37.56270
투썸플레이스	cafe	127.02456	37.55237
투썸플레이스	cafe	127.06528	37.54676
투썸플레이스	cafe	127.02408	37.56659
투썸플레이스금호힐스테이트	cafe	127.02554	37.54670
투썸플레이스서울숲역점	cafe	127.04521	37.54270
투썸플레이스옥수리버젠점	cafe	127.01370	37.54607
투썸플레이스옥수역점	cafe	127.01788	37.54185
투썸플레이스왕십리역	cafe	127.03839	37.56144
투썸플레이스용답역점	cafe	127.05153	37.56237
투썸플레이스장한평역점	cafe	127.06510	37.56099
투썸플레이스한양대엔터식스	cafe	127.04019	37.55714
투아이스안경	shop	127.01943	37.54848
투오브	shop	127.04389	37.54883
투카츠	food	127.04837	37.54862
투테일스	shop	127.05472	37.53797
투파인드피터	food	127.05510	37.54520
튀긴치킨싫어서구운치킨만파는집성동	food	127.02159	37.54878
튜니호프	bar	127.01943	37.55462
튜브락	shop	127.02506	37.56782
튠	shop	127.05473	37.54065
튠	shop	127.05473	37.54064
튠드	shop	127.04840	37.54901
튤립인터내셔널성	stay	127.04472	37.55098
튬	shop	127.04545	37.55048
트라이	shop	127.03265	37.56015
트렁크스테이션	shop	127.02161	37.54769
트레몰로	shop	127.03839	37.56144
트루에스프레소바	cafe	127.04382	37.54938
트리니엘플레이키즈파티룸	activity	127.02619	37.55081
트리밍버드	shop	127.05380	37.54788
트리밍버드성수	shop	127.05387	37.54968
트리앤브리즈	stay	127.04324	37.54652
트리운드	food	127.05487	37.53754
트리플에이	shop	127.06588	37.54639
트리플에이커피신금호역점	cafe	127.02050	37.55455
트립북앤스페이스	shop	127.04498	37.54572
트미	shop	127.05308	37.53793
트윙클바디	shop	127.02022	37.55555
트윙클히얼무인아동복	shop	127.01815	37.55628
특우정	food	127.03186	37.56722
틈새라면	food	127.04837	37.54170
틈새라면	food	127.04116	37.56087
티거베이크	food	127.02628	37.55161
티그린	shop	127.05622	37.54273
티도티도케이크	food	127.03104	37.56443
티룸	cafe	127.04326	37.54792
티룸원더브루	bar	127.04325	37.54787
티바두마리치킨	food	127.02145	37.55161
티벳커피	cafe	127.05466	37.53949
티보	food	127.04696	37.54627
티비디	cafe	127.05020	37.54391
티아트커피로스터스	cafe	127.04047	37.55956
티앤에이	cafe	127.05492	37.53950
티앤와이	food	127.06208	37.54364
티에스디	bar	127.03369	37.55984
티엔에프코퍼레이션성	shop	127.05712	37.54308
티엘비	shop	127.05187	37.54251
티엘씨	bar	127.04044	37.56030
티엠비엠	shop	127.06038	37.54852
티엠티피자서울	food	127.02408	37.56655
티티붙임머리	shop	127.03712	37.55883
티티제	shop	127.02506	37.56782
티포어스	shop	127.05511	37.54073
틴토	food	127.04257	37.55649
틸테이블	shop	127.05722	37.54391
팀메리	food	127.04084	37.56170
팀스튜디오에이	activity	127.02875	37.55657
팀에스와이	shop	127.03627	37.55810
팀커피	cafe	127.05075	37.54842
파라다이스여관	stay	127.03451	37.56307
파라디	food	127.05678	37.53874
파라이소디벨로프먼트성수	food	127.04702	37.54636
파란소나무	food	127.03326	37.56013
파란컴퍼니	shop	127.01241	37.54620
파레스모텔	stay	127.03524	37.56322
파로	shop	127.06128	37.54137
파로호	shop	127.04566	37.56341
파루스셀라성수	stay	127.05309	37.54863
파르카이	shop	127.05434	37.54352
파르코	food	127.04339	37.54636
파르코무수막	food	127.02614	37.55056
파르티멘토스토어	shop	127.05455	37.54898
파리나	food	127.04643	37.55130
파리마들렌왕십리	food	127.03839	37.56144
파리바게뜨	food	127.05296	37.53762
파리바게뜨금호역점	food	127.01537	37.54754
파리바게뜨까페옥수역점	food	127.01692	37.54169
파리바게뜨답십리역점	food	127.05456	37.56499
파리바게뜨뚝섬역점	food	127.04840	37.54754
파리바게뜨마장대로점	food	127.03738	37.57024
파리바게뜨마장역점	food	127.04144	37.56565
파리바게뜨성동구민회관점	food	127.03548	37.55823
파리바게뜨성수역	food	127.05463	37.54586
파리바게뜨왕십리역사점	food	127.03839	37.56144
파리바게뜨행당점	food	127.03017	37.55720
파리바게트금호역점	food	127.01537	37.54754
파리바게트성수코오롱	food	127.05344	37.54157
파리바게트신금호역점	food	127.01941	37.55416
파리바게트왕십리무학점	food	127.03049	37.56371
파리바게트응봉점	food	127.03110	37.54990
파리바케트뚝섬점	food	127.04498	37.54572
파리크라상파리바게뜨한양대학교	food	127.04563	37.55864
파머스카페	cafe	127.04609	37.54600
파머스포케	food	127.04094	37.56006
파머시즌	shop	127.06467	37.54733
파브리크스토어	shop	127.06136	37.53965
파사드패턴	shop	127.04897	37.54054
파사드패턴	shop	127.05070	37.54135
파스쿠찌	cafe	127.05004	37.54679
파스텔드나따	food	127.06530	37.54538
파운더스	shop	127.05266	37.54444
파운드코퍼레이션	shop	127.06588	37.54639
파워플레이어에프엔비	food	127.05161	37.54707
파이널나인	food	127.04010	37.56007
파이브스타	cafe	127.03954	37.54752
파이브스페이스	shop	127.05654	37.54226
파이어타이드	shop	127.05609	37.54450
파인드폼	shop	127.04472	37.55098
파인아트에쿼티	shop	127.05562	37.54355
파인웨더	shop	127.05379	37.53782
파크드지엘지케이	shop	127.04726	37.55105
파크랜드	shop	127.03839	37.56144
파크짐	activity	127.04246	37.55703
파크짐주	activity	127.03462	37.56121
파크짐행당점주	activity	127.03358	37.55573
파타고니아성수낙낙점	shop	127.06588	37.54639
파트타임커피서플라이	cafe	127.05144	37.54564
파티세리후르츠	food	127.05427	37.54874
파티파티노래연습장	activity	127.05310	37.56381
파티파티노래연습장	activity	127.04067	37.55975
파파골프	shop	127.04531	37.54669
파파존스옥수점	food	127.01697	37.54535
파파존스피자	food	127.03405	37.55386
파파존스피자	food	127.04474	37.54768
파파쿡	food	127.03114	37.55053
파피메라	shop	127.05822	37.54258
판다팜	shop	127.02273	37.54762
판타스틱컴퍼니	shop	127.04526	37.54586
팔공돈까스	food	127.03214	37.56642
팔공떡볶이	food	127.01798	37.54171
팔레트	food	127.04738	37.53954
팔레트커리	food	127.04727	37.54662
팔로컴퍼니	food	127.04337	37.54631
팔오	food	127.04267	37.54705
팔자보백숙	food	127.05491	37.56369
팔짝	shop	127.04795	37.54994
팔팔건강원	shop	127.05377	37.56236
팜티진쌀국수	food	127.04522	37.54275
팝스테이	stay	127.05461	37.54300
팟츠	shop	127.04895	37.54548
팡팡노래방	activity	127.04332	37.56667
팡팡노래방	activity	127.05496	37.53751
팡팡노래연습장	activity	127.04012	37.55914
팡팡노래연습장	activity	127.04878	37.54730
패션스타	shop	127.05378	37.53759
패스트패킹서비스	shop	127.05660	37.53608
팩피	food	127.04458	37.54975
팬도로시	cafe	127.04662	37.55450
팬도르시	cafe	127.04662	37.55450
팬커뮤니케이션	shop	127.05668	37.54248
팬톤클래식	food	127.05639	37.53949
팰리스모텔	stay	127.06022	37.53621
퍼느엉	food	127.04662	37.55450
퍼니주	food	127.04524	37.54569
퍼머넌트해비탯	food	127.04296	37.54851
퍼머뉴	shop	127.05466	37.54935
퍼먼츠트레이닝센터	activity	127.04495	37.54600
퍼먼트알티드	food	127.04275	37.54663
퍼멘트베이커리	food	127.02506	37.56782
퍼블릭키친	food	127.04806	37.54279
퍼비엣	food	127.03194	37.56191
퍼스퍼트	shop	127.05159	37.55045
퍼응언	food	127.04902	37.54555
퍼즐팩토리	activity	127.05183	37.54457
퍼팩트디너	food	127.05510	37.54520
퍼퓨라운지성수	shop	127.05033	37.54444
퍼프아웃	cafe	127.05852	37.54139
퍼피랜드	shop	127.01736	37.54826
펀비어킹	bar	127.05469	37.54525
펌킨펫하우스서울숲	shop	127.04851	37.54571
펍지성수플레이아레나	activity	127.04545	37.54609
펑키보이	food	127.04821	37.54913
펑키커피	cafe	127.06845	37.55272
페라리	bar	127.03409	37.56306
페레힐	food	127.05383	37.54346
페리엔서울치즈케이크	food	127.04806	37.54279
페리카나	food	127.01098	37.54055
페리카나	food	127.03035	37.56318
페리카나치킨	food	127.02096	37.54798
페리카나치킨	food	127.02003	37.55379
페스토리	cafe	127.05377	37.54334
페스티발	bar	127.05620	37.54313
페어웰컴	shop	127.04270	37.54762
페이브스토어	shop	127.05679	37.54013
페이지스	food	127.05593	37.54183
페이크	food	127.05441	37.54336
페이퍼플레이트	food	127.05670	37.54176
페쪼	food	127.05416	37.54960
펜데니어	shop	127.06445	37.54367
펜타씨에이	shop	127.05508	37.53895
펠릭스샵	shop	127.01774	37.54824
펠어	cafe	127.03543	37.56604
펠어커피	cafe	127.03543	37.56604
펠즈피자	food	127.01561	37.54555
펫살롱	shop	127.02506	37.56782
평강상회	shop	127.03082	37.56245
평강오리농원	food	127.03163	37.56115
평안약국	shop	127.03548	37.55823
평이담백뼈칼국수	food	127.04906	37.54936
평택쌀상회	shop	127.02117	37.55175
평택쌀상회	shop	127.02661	37.55038
평화	shop	127.05579	37.56368
평화로	food	127.04720	37.54613
평화마을	food	127.06132	37.56133
평화자개상사	shop	127.03312	37.56332
포도리성수	food	127.05414	37.53677
포도빵집	shop	127.04297	37.54841
포도젝트	bar	127.05639	37.53904
포동푸딩서울숲지점	food	127.04101	37.54711
포라리	shop	127.02407	37.54826
포레드뮤	cafe	127.03204	37.56244
포레스타호텔	stay	127.03532	37.56250
포레스트디자인	shop	127.02628	37.55161
포레스트성수카페	cafe	127.04205	37.54743
포레스트스테이	stay	127.03137	37.56136
포르시따	food	127.03839	37.56144
포림	food	127.03338	37.56002
포마토김밥	food	127.02012	37.55431
포메인	food	127.04291	37.54567
포메인레드	food	127.03839	37.56144
포몬스옥수점	food	127.01737	37.54096
포미래	food	127.06035	37.54684
포스테스성수스토어	shop	127.05789	37.54182
포스트루드	shop	127.05934	37.54477
포싸이공	food	127.04275	37.55696
포아이드컴퍼니	shop	127.05066	37.55004
포어플랜	food	127.04754	37.54820
포에버에스테틱	shop	127.03390	37.56275
포유성수	food	127.05428	37.54342
포이에프앤비	food	127.05449	37.54950
포인트오브뷰	shop	127.05138	37.54352
포제	stay	127.05319	37.53892
포지티브	food	127.04361	37.54645
포지티브서플라이	shop	127.05516	37.56398
포차쌀롱	bar	127.04009	37.55989
포차윤	bar	127.04008	37.55902
포차천국	bar	127.04058	37.56012
포차포포	food	127.01631	37.54210
포케박스왕십리	food	127.02506	37.56782
포케올데이	food	127.05626	37.54005
포케올데이행당점	food	127.03433	37.55751
포터리	shop	127.05822	37.54258
포텐코인노래연습장	activity	127.04067	37.55894
폭스	bar	127.06622	37.56089
폭스빈티지	shop	127.04270	37.54762
폰드그룹비비씨어스	shop	127.05388	37.54215
폰드그룹슈퍼드라이	shop	127.05141	37.54376
폰아울렛박카스텔레콤	shop	127.03331	37.55851
폰터스	shop	127.04844	37.54620
폰피쉬무신사성수메가스토어점	shop	127.05587	37.54032
폴리의꽃과가든	shop	127.04890	37.54898
폴유	shop	127.05020	37.54391
폴인레미유	cafe	127.04760	37.54837
폴햄이마트	shop	127.05291	37.54002
폴햄키즈이마트왕십리	shop	127.03839	37.56144
폼드팡	food	127.03839	37.56144
퐁당상점	shop	127.03977	37.56140
푸글렌커피스탠드성수	cafe	127.05587	37.54032
푸드갤러리빈	food	127.04677	37.54591
푸드카페	food	127.04443	37.54697
푸라닭	food	127.03500	37.56452
푸라닭옥수점	food	127.01399	37.54331
푸르너스가든	cafe	127.04368	37.54604
푸른바다	food	127.03421	37.56418
푸른바다찜탕	food	127.01266	37.54269
푸른바다횟집	food	127.05428	37.53806
푸른수산	shop	127.02573	37.55166
푸른숲	shop	127.04470	37.55010
푸른약국	shop	127.04898	37.54697
푸른유통	shop	127.05436	37.53829
푸줏간생고기점	food	127.03317	37.56042
풀리김밥	food	127.05315	37.54647
풀마트	shop	127.03734	37.56997
풀색	shop	127.06662	37.54993
풀하우스고시텔	stay	127.04298	37.55630
풀하우스한양대	stay	127.04298	37.55630
풋볼스탠다드	shop	127.04498	37.54742
풍년상회	food	127.05256	37.56388
풍년상회	shop	127.05538	37.53857
풍년숯불돼지갈비	food	127.05025	37.54513
풍년식당	food	127.05777	37.54611
풍년정	food	127.05406	37.56492
풍년정육점식당	food	127.04866	37.54916
풍성축산	shop	127.04107	37.57023
풍조미역	food	127.05682	37.54488
풍조푸드	bar	127.05682	37.54488
풍천장어	shop	127.02287	37.54833
퓌아지트	shop	127.05526	37.54101
퓨엘커피	cafe	127.06253	37.54792
프라이데이무브먼트	cafe	127.04504	37.54947
프라이메리유한책임회사	shop	127.05746	37.54770
프라임랩	shop	127.05120	37.54947
프라임스테이인성수	stay	127.05521	37.54791
프란세스비	shop	127.04643	37.55130
프란츠카프카	bar	127.03450	37.56158
프란츠카프카딜리버리	food	127.03450	37.56158
프랑스포차	food	127.05478	37.54337
프랙티커피	cafe	127.05020	37.53946
프랭크	food	127.04914	37.54450
프랭크버거서울숲역점	food	127.04521	37.54270
프랭크버거왕십리텐즈힐점	food	127.02634	37.56917
프레고클럽	food	127.04933	37.54621
프레시크레딧센트리얼옥수점	shop	127.01800	37.54167
프레이커피바	cafe	127.06019	37.53629
프레임몬타나	shop	127.04074	37.54718
프레퍼스다이어트푸드	food	127.04082	37.55991
프렌드통신	shop	127.03839	37.56144
프렌즈스크린서울	activity	127.04318	37.56761
프렌즈아카데미성수	activity	127.05757	37.54807
프로가정식백반	food	127.06330	37.54681
프로당구장	activity	127.03350	37.56158
프로당구장	activity	127.03702	37.57098
프로바모어	shop	127.06116	37.54648
프로젝트렌트	shop	127.05272	37.53733
프로젝트미소	shop	127.04383	37.54637
프로젝트비	shop	127.05708	37.54680
프로젝트스페이스큐	shop	127.06136	37.53965
프로젝트신세계	food	127.03248	37.56222
프로짐	activity	127.03097	37.56685
프로티너	food	127.05562	37.54355
프로플루엔트유한책임회사	shop	127.05562	37.54355
프롤라	cafe	127.06095	37.54131
프롬더바디	activity	127.04413	37.54792
프롬마크	shop	127.05865	37.54331
프롬바이트	food	127.04368	37.54604
프롬포	food	127.04368	37.54604
프롬하츠	food	127.04883	37.54128
프롬하츠서울숲	cafe	127.02408	37.54689
프롬하츠커피앤베이커리성동	cafe	127.03559	37.56241
프루스트의서재	shop	127.02193	37.55126
프루프키친	bar	127.04573	37.54644
프룻캠퍼스	food	127.03376	37.55806
프리맨호스피탈리티그룹	food	127.02443	37.54826
프리미엄과일신선도	food	127.02408	37.56659
프리바이크	shop	127.05330	37.56199
프리스실라	shop	127.05007	37.55105
프리아	shop	127.03535	37.56385
프리크	shop	127.05757	37.54807
프린세스	food	127.01815	37.55628
프프프커피	cafe	127.04040	37.54711
플디	food	127.04851	37.54793
플디케이크샵	food	127.04678	37.54815
플디케이크하우스	food	127.04674	37.54818
플라비	shop	127.04100	37.54746
플라오	shop	127.01948	37.55490
플라이모델	shop	127.05800	37.54215
플라이팬뚝섬역점	cafe	127.04997	37.54468
플라이팬커피뚝섬점	cafe	127.04826	37.54892
플라톤벤쳐스컨셉스토어	shop	127.05562	37.54214
플랏쓰리	cafe	127.04287	37.55680
플래닝샐러드	food	127.04291	37.54567
플랜드	shop	127.05676	37.53962
플랜테일러	shop	127.04831	37.54874
플랜트란스	shop	127.05050	37.55070
플랜트란스성수	shop	127.05007	37.54165
플랜포어스	shop	127.02656	37.54906
플랫토	food	127.05662	37.53768
플러드	food	127.04926	37.54605
플러스모토	shop	127.03661	37.56881
플러스프로젝트	shop	127.06362	37.54571
플레르	shop	127.04865	37.54507
플레르슈망	shop	127.05272	37.53795
플레르아델	shop	127.01642	37.54889
플레먼트	activity	127.03995	37.55834
플레이그라운드	shop	127.04748	37.53930
플레이버타운	food	127.04294	37.54703
플레이스온	shop	127.05416	37.53767
플레이아츠	shop	127.05247	37.56582
플레이어	cafe	127.03634	37.55975
플레이에프앤비	shop	127.06117	37.53914
플레이즈에듀테인먼트	activity	127.04291	37.54567
플레잉크루	cafe	127.05423	37.54971
플렌다	shop	127.01537	37.54389
플로레터	shop	127.06057	37.53693
플로렌스푸드	food	127.02506	37.56782
플로렌틴	food	127.05690	37.54141
플로리브레	shop	127.02854	37.55729
플로피	cafe	127.04663	37.54855
플리츠미	shop	127.06337	37.54336
플리터	shop	127.04778	37.54172
플무드	shop	127.05531	37.54885
플식이네크로플	food	127.04960	37.53844
피그	food	127.04470	37.55010
피러팻	shop	127.05950	37.56177
피로싹테라피	shop	127.03086	37.55805
피리어드	food	127.04100	37.54746
피브이	shop	127.05579	37.54422
피비지랩	bar	127.04487	37.54663
피쉬버켓성수	food	127.06277	37.54665
피스레이어	shop	127.05685	37.53847
피씨씨	bar	127.04997	37.54468
피아바	shop	127.05014	37.54499
피앤더블유지	food	127.04240	37.54724
피앤디	activity	127.04868	37.54253
피앤케이그룹	shop	127.04798	37.54585
피어리스짐서울지부	activity	127.03584	37.56029
피어커피	cafe	127.05490	37.54897
피에스메리제인	shop	127.06192	37.54548
피에스투	shop	127.06169	37.54457
피에이비에스	food	127.05127	37.54799
피에이치엠	shop	127.03022	37.56383
피에이피스튜디오	shop	127.07145	37.55642
피에치포스트앤파트너즈주	shop	127.05187	37.54251
피엘뉴트리션	shop	127.05950	37.56177
피예뜨가죽공방	shop	127.04580	37.54177
피오티프로젝트	food	127.01188	37.54268
피올라스테이성수	stay	127.04611	37.54576
피자그래	food	127.02504	37.54825
피자닭터	food	127.02408	37.56659
피자닷컴	food	127.02390	37.55662
피자랑	food	127.04796	37.56128
피자세상구조대	food	127.03680	37.56491
피자스쿨	food	127.03022	37.56383
피자스쿨	food	127.05393	37.56480
피자스쿨	food	127.02053	37.55398
피자스쿨	food	127.02074	37.54840
피자스쿨뚝섬역점	food	127.04837	37.54862
피자스쿨마장역점	food	127.04274	37.56626
피자스쿨서울한양대역점	food	127.04275	37.55688
피자스쿨성수쇼핑	food	127.05506	37.54705
피자스쿨행당역점	food	127.03112	37.55783
피자알볼로주협의회	food	127.02364	37.54533
피자엉클	food	127.06647	37.54977
피자인	food	127.04580	37.54915
피자파는집	food	127.05565	37.53719
피자헛	food	127.05746	37.54770
피자헤븐	food	127.04158	37.55996
피제리아소셜클럽	food	127.05585	37.53984
피제리아히오	food	127.04904	37.54226
피지컬엑스	shop	127.05448	37.54646
피츠	shop	127.05278	37.54927
피치스	cafe	127.05756	37.54293
피카앤코피카성	food	127.05891	37.54282
피카워크샵	cafe	127.05033	37.55028
피코스	shop	127.05023	37.53991
피클로우즈	shop	127.02436	37.54829
피킹플레져	food	127.04599	37.54887
피터팬	food	127.05416	37.53838
피트니스비긴즈	activity	127.05029	37.54773
피트포케	food	127.05663	37.54241
피티스튜디오리온	activity	127.03570	37.56259
피플스에프앤비	food	127.04264	37.54693
피핌	food	127.05746	37.53836
픽미픽미아이스성수	shop	127.05750	37.53677
픽미픽미아이스크림	shop	127.04393	37.56648
픽셀	food	127.04094	37.56006
픽스홀딩	food	127.05004	37.54679
핀	shop	127.05753	37.54150
핀란드뽑기방	activity	127.03570	37.56488
필노래연습장	activity	127.03339	37.56181
필라이브금호동	bar	127.02525	37.54751
필레	shop	127.05822	37.54258
필루미네이트아울렛	shop	127.05690	37.54141
필리필리	food	127.05582	37.54505
필하모니노래연습장	activity	127.04045	37.55858
핌피성수	food	127.05594	37.54284
핍스	food	127.04245	37.54689
핏제리아달포르노	food	127.04083	37.56155
핑거스테이크	food	127.03839	37.56144
핑크빅	food	127.05375	37.54329
핑크스페이드	bar	127.04364	37.54819
핑크엘리펀트	food	127.05587	37.54032
핑크엘리펀트마오	food	127.05094	37.53897
핑크엘리펀트밀스	food	127.05094	37.53897
하고하우스	shop	127.05133	37.54466
하고하우스성수	shop	127.05401	37.54738
하나누엘	shop	127.05340	37.54622
하나미싱	shop	127.03183	37.56470
하나미역국	food	127.04711	37.55013
하나축산	shop	127.03841	37.56979
하남돼지집	food	127.05368	37.54559
하남돼지집왕십리역점	food	127.03450	37.56158
하냥	food	127.04681	37.56099
하노이별	food	127.04498	37.54190
하누황금도야지	food	127.05225	37.54759
하늘공업사	shop	127.03964	37.56903
하늘농수산물	shop	127.03118	37.56383
하늘당구장	activity	127.02969	37.56398
하늘반점	food	127.04200	37.57026
하늘쉐어	stay	127.03182	37.55988
하늘육가공	shop	127.03875	37.57002
하늘을걸치다	shop	127.04827	37.54004
하동매실거리	heritage	127.04970	37.56390
하동진	food	127.03315	37.55992
하람공방	shop	127.05367	37.54409
하루나	food	127.05293	37.54215
하루노유키	cafe	127.04059	37.54726
하루반상	food	127.04883	37.54128
하루반상	food	127.02408	37.54689
하루앤원데이	cafe	127.05426	37.54481
하루커피하우스	cafe	127.05390	37.54200
하마루	bar	127.05415	37.56500
하모	food	127.04963	37.54593
하모니마트	shop	127.03405	37.55386
하삼동금호역점	cafe	127.01961	37.54817
하얀물고기	food	127.03680	37.56491
하영상사	shop	127.02027	37.55423
하영호신촌설렁탕	food	127.05120	37.54947
하오마라	food	127.05293	37.56406
하오마라	food	127.05562	37.54355
하왕	shop	127.03063	37.56266
하왕슈퍼	shop	127.03063	37.56266
하왕연쇄점	shop	127.02775	37.56383
하우두잉	food	127.05464	37.54311
하우스무이	stay	127.03182	37.55988
하우스바이하우스	shop	127.05727	37.54339
하우스오브바이닐	cafe	127.05521	37.54791
하우스오브이뮨	cafe	127.05513	37.56441
하울까페	cafe	127.04200	37.57026
하월의하루	shop	127.03990	37.54751
하은네분식	food	127.04144	37.56565
하이김밥	food	127.04201	37.56014
하이꼬꼬	food	127.01798	37.54171
하이드어웨이성	shop	127.05806	37.54350
하이라인	cafe	127.04994	37.53900
하이시스	shop	127.05424	37.54475
하이약국	shop	127.02854	37.55729
하이존앤	cafe	127.03839	37.56144
하이츠김밥	food	127.04840	37.54754
하이커워크샵	shop	127.05344	37.54843
하이크라스	shop	127.01961	37.55456
하이트	bar	127.04835	37.56108
하이파더	shop	127.04643	37.54796
하이팍리빙텔	stay	127.04030	37.55837
하이패션	shop	127.05023	37.53991
하이퍼데님	shop	127.04526	37.54586
하이퍼라벨	shop	127.05219	37.53759
하이퍼짐	activity	127.03269	37.56214
하이포크생삼겹	food	127.03723	37.56578
하이헬로이모빌리티	shop	127.03559	37.56241
하이홀본	food	127.02184	37.54755
하츠	bar	127.06523	37.54927
하츠룸	cafe	127.06523	37.54927
하츠커피	cafe	127.06567	37.54898
하카상왕십리역	shop	127.03118	37.56344
하쿠나마타타	food	127.03978	37.55872
하트	bar	127.03361	37.56296
하트엔보이	shop	127.04798	37.54585
하트츄러스	food	127.04082	37.55991
하트퍼센트성수플래그십스토어	shop	127.05518	37.54088
하페	food	127.02554	37.54670
하프커피로스터스	cafe	127.04232	37.54740
하프하프	shop	127.05076	37.54630
하피	cafe	127.05064	37.54112
하하하성수	food	127.05405	37.53924
학다방	cafe	127.03600	37.56076
학돌이네	food	127.02143	37.54854
한가네해물아구찜	food	127.05481	37.56377
한강	nature	127.04162	37.53893
한강	bar	127.04940	37.53817
한강노래방	activity	127.05520	37.53755
한강레저서비스	activity	127.06528	37.54676
한강마트	shop	127.02148	37.54712
한강썸라이브	bar	127.02578	37.55116
한강커피숍	bar	127.06190	37.53904
한경화설렁탕	food	127.06277	37.54665
한고	shop	127.04251	37.56680
한골향마라탕	food	127.04149	37.56029
한국농산	shop	127.01670	37.54176
한국당뇨협동조합	shop	127.06169	37.54457
한국방송통신대학교소비자생활협동조합서울성에버그린	shop	127.04567	37.54757
한국수의병리전문의및진단전문가	food	127.06361	37.54731
한국수학사학회	food	127.04752	37.55719
한국스카우트서울동부	shop	127.03503	37.56460
한국인의술상	bar	127.03533	37.56632
한국종합동우라이프	shop	127.06182	37.54757
한국집식당	food	127.03665	37.57150
한국캐드컴주	shop	127.06578	37.54749
한국통닭	food	127.05293	37.56406
한국통닭	bar	127.05429	37.54537
한길식품	shop	127.05433	37.56122
한길약국	shop	127.07093	37.55487
한끼라도잘먹자	food	127.04738	37.56072
한끼한상	food	127.03149	37.56173
한남	food	127.04200	37.57026
한남동감자탕	food	127.01982	37.55423
한남동그집성수어	bar	127.05355	37.53903
한남아버지육간	shop	127.03084	37.54960
한남일류초밥	food	127.01508	37.54101
한냄비	food	127.04504	37.54310
한대부고매점	shop	127.04233	37.56192
한대빵	food	127.04662	37.55450
한돈금냉삼겹살	food	127.06124	37.54077
한라산분식	food	127.02674	37.56482
한량석쇠	food	127.03469	37.56302
한마음왕족발	food	127.02185	37.54855
한마음족발	food	127.03185	37.56034
한미생명과학	shop	127.05148	37.53764
한방닭한마리	food	127.03356	37.56287
한방닭한마리	food	127.03430	37.56353
한살림북서울소비자생활협동조합금호매장	shop	127.02618	37.55451
한상김치찜	food	127.06800	37.55131
한샘문구인쇄	shop	127.06253	37.54792
한샘약국	shop	127.03104	37.56443
한섬	shop	127.05187	37.54359
한성	food	127.04980	37.53976
한성고시원	stay	127.05526	37.54684
한성에프아이	shop	127.05192	37.56694
한성에프아이용답레노마	shop	127.05228	37.56662
한성에프아이용답캘러웨이	shop	127.05180	37.56714
한성축산유통	shop	127.03347	37.56911
한성한우	shop	127.04200	37.57026
한세희복집	food	127.05511	37.54073
한솔	shop	127.05296	37.56625
한솔약국	shop	127.03783	37.56997
한솥도시락장한평역점	food	127.06338	37.56129
한솥도시락한양대	food	127.04109	37.56065
한솥도시락한양대기숙사점	food	127.04835	37.56108
한솥도시락행당점	food	127.03210	37.55827
한수장	stay	127.04165	37.55714
한스배럴	bar	127.05322	37.56517
한스케익	food	127.02704	37.56521
한스케익옥수점	food	127.01446	37.54648
한스테이	stay	127.03312	37.56325
한식밥상	food	127.03149	37.56173
한신약국	shop	127.02694	37.56665
한신우동	food	127.03950	37.56045
한신포차	bar	127.03978	37.56004
한아름	shop	127.03183	37.56470
한아름슈퍼	shop	127.06390	37.54861
한양大양꼬치	food	127.04044	37.56030
한양게임장	activity	127.04056	37.55870
한양그물	shop	127.03715	37.55850
한양대구내안경원	shop	127.04662	37.55450
한양대닭발	food	127.04148	37.56058
한양대당구장	activity	127.04234	37.55693
한양대부속중고등학교매점	shop	127.04233	37.56192
한양대서울캠퍼스파트너스	food	127.04662	37.55450
한양대학교교육대학원유아교육전공총동문회	food	127.04662	37.55450
한양대학교올림픽체육관매점	shop	127.04662	37.55450
한양대학교행복기숙사	stay	127.04662	37.55450
한양복권	activity	127.05392	37.56282
한양불백	food	127.04109	37.56065
한양사	shop	127.05467	37.54463
한양사람모이는곳	food	127.03267	37.56242
한양슈퍼	shop	127.03491	37.56817
한양스테이	stay	127.04259	37.55664
한양쌀직매장	shop	127.04047	37.55978
한양약국	shop	127.04047	37.55956
한양월간	bar	127.04042	37.55881
한양전선생	food	127.04233	37.55716
한양짱분식	food	127.04047	37.55956
한양촌	food	127.04663	37.56033
한양탁구클럽	activity	127.04140	37.55733
한양포차	bar	127.04059	37.56028
한양플라워	shop	127.04662	37.55450
한양하우스고시원	stay	127.03964	37.56047
한영슈퍼마켓	shop	127.06809	37.55144
한영슈퍼마켓정육코너	shop	127.06809	37.55144
한옥보문	stay	127.02724	37.56373
한우고집	food	127.04076	37.56497
한우공감	food	127.05233	37.56432
한우대장	shop	127.02052	37.54819
한우드림	food	127.03630	37.56634
한우랑한돈	shop	127.04800	37.54974
한우리광주집	food	127.04127	37.57126
한우마을	food	127.03875	37.57002
한우마을정육점	shop	127.03875	37.57002
한우생고기잭	food	127.01238	37.54243
한우쓰	food	127.03037	37.56345
한우청용답지점	shop	127.05310	37.56381
한우타운	shop	127.04176	37.57040
한우타운노래연습장	activity	127.04186	37.57058
한우타운숯불구이정육식당	food	127.04186	37.57058
한우판매장	shop	127.03220	37.56069
한율스테이	stay	127.04547	37.54726
한음	food	127.04560	37.54673
한일상회	food	127.05402	37.53816
한일헬쓰케어	shop	127.03050	37.56477
한입베이글	food	127.04625	37.54137
한정선	food	127.05418	37.54293
한진떡집	food	127.02875	37.55657
한진약국	shop	127.02875	37.55657
한촌설렁탕성수뚝도점	food	127.05405	37.53924
한촌설렁탕옥수역점	food	127.01788	37.54185
한촌설렁탕황학	food	127.02408	37.56659
한컵과일	shop	127.06236	37.56116
한패스인터내셔널	shop	127.05424	37.54475
할루우치킨	bar	127.05228	37.56309
할리스커피한양대	cafe	127.04563	37.55864
할매불백	food	127.04796	37.56128
할머니김밥	food	127.01554	37.54350
할머니냉면	food	127.02061	37.55342
할아버지공장	food	127.05496	37.54118
할아버지김	shop	127.02506	37.56782
함지박	food	127.03548	37.55823
함평마을	food	127.02602	37.55070
함흥냉면	food	127.03137	37.56136
함흥순대국	food	127.01566	37.54594
함흥순대국	food	127.02592	37.55075
함흥집	food	127.03444	37.56400
합동철물설비	shop	127.06191	37.54662
핫브레드	food	127.05609	37.54450
핫시즈너동대문엽기떡볶이	food	127.05538	37.54754
핫시즈너보끔당성수	food	127.05582	37.54505
핫쵸	food	127.04404	37.54647
항구도시연구소	cafe	127.01542	37.54377
해녀맥반석가리비	food	127.01167	37.54058
해늘김밥	food	127.03002	37.56092
해담	food	127.06530	37.54538
해랑	food	127.06451	37.54834
해마로숯불바베큐	bar	127.01958	37.55368
해물명가	food	127.01940	37.55475
해밀식당	food	127.02290	37.54851
해밀칼국수	food	127.06330	37.54681
해빈	food	127.05403	37.56276
해빗스튜디오	activity	127.05457	37.53921
해빗피트니스	activity	127.05514	37.54360
해빗피트니스상	shop	127.02764	37.56509
해빗피트니스옥수점	activity	127.01400	37.54671
해설	food	127.05157	37.54484
해성웰리커버리	shop	127.01798	37.54171
해양	bar	127.02408	37.54689
해움	shop	127.03855	37.56421
해원횟집	food	127.05308	37.56412
해장탕식당	food	127.02601	37.54833
해종	food	127.06601	37.54901
해킴	shop	127.06224	37.53979
해탄왕십리역점	food	127.03923	37.56095
해태의집	shop	127.04961	37.53936
해품장팔팔장어	food	127.04814	37.56905
해피고마켓	shop	127.03578	37.56544
해피고시텔	stay	127.02036	37.54806
해피노래연습장	activity	127.05469	37.54525
해피드림빌딩	stay	127.05461	37.54300
해피인터네셔널	shop	127.05746	37.54770
해피하우스	stay	127.03690	37.55978
해핀클라우드	shop	127.05750	37.53677
핵밥	food	127.04133	37.55996
핸사모	shop	127.04531	37.54669
햄찌와베찌	food	127.03339	37.56320
햄찌와베찌뚝섬점	food	127.04840	37.54901
햄찌와베찌성수	food	127.06566	37.54843
햇살약국	shop	127.04194	37.56586
햇잎갈비순심이집	food	127.05577	37.53716
행닭바베큐치킨	food	127.05416	37.53767
행당닭한마리	food	127.03338	37.56002
행당동분식당	food	127.02854	37.55729
행당떡방아간	food	127.03244	37.56082
행당마트	shop	127.03591	37.55707
행당맥주	bar	127.03322	37.56028
행당상사	shop	127.03483	37.56032
행당상회	shop	127.03671	37.56566
행당순대국	food	127.03349	37.55892
행당전기철물	shop	127.03073	37.55778
행당점	shop	127.02646	37.54933
행당족발	food	127.03102	37.55807
행당황태타운	food	127.02740	37.55481
행복가게	shop	127.05379	37.54269
행복곱창	food	127.05412	37.53820
행복그릇	shop	127.03290	37.56013
행복그린정원	shop	127.03066	37.56226
행복나눔이	shop	127.03276	37.56195
행복떡볶이	food	127.03085	37.55778
행복수산	food	127.03095	37.54948
행복슈퍼	shop	127.05139	37.56265
행복슈퍼	shop	127.03207	37.56598
행복은간장밥	food	127.04149	37.56029
행복을파는고기간	shop	127.05301	37.56352
행복이열리는건강약국	shop	127.05713	37.54514
행복이열리는약국	shop	127.02245	37.54835
행복축산	shop	127.03235	37.56034
행복탁구장	activity	127.01459	37.54108
행복하리	shop	127.03178	37.56392
행복한빵집	food	127.04754	37.56106
행복한사람들	shop	127.02833	37.55579
행복한식당	food	127.05912	37.54664
행복한약국	shop	127.01459	37.54108
행복한연탄초벌구이	food	127.05362	37.56424
행복한집	food	127.05576	37.53599
행복한칼국수	food	127.05499	37.56383
행복한칼국수	food	127.05330	37.53898
행복해지는피부샵	shop	127.01804	37.54848
행상숍	shop	127.03066	37.56252
행운	bar	127.05467	37.54463
행운	food	127.04030	37.55837
행운돈까스	food	127.04032	37.55842
행운복권	activity	127.02686	37.56483
행운상	shop	127.05304	37.53770
행운식당	food	127.05934	37.54477
향기내는사람들히즈빈스	cafe	127.04413	37.54792
향기로운세상	shop	127.04383	37.54637
향수공방머뭄성수	shop	127.05476	37.54309
허그인	cafe	127.04779	37.54447
허니바디스포츠	activity	127.04874	37.54861
허모바일	shop	127.03013	37.56081
허브	food	127.02392	37.54801
허브앤뷰티샵성수	shop	127.05538	37.54754
허브약국	shop	127.02032	37.55504
허시파피	shop	127.05291	37.54002
허시파피	shop	127.03839	37.56144
허지스테이	stay	127.03167	37.55989
헌옷수거캡틴강서권	shop	127.05388	37.56317
험블럼블	shop	127.05166	37.54553
헤드골프클럽	activity	127.02899	37.54953
헤라	bar	127.05991	37.53629
헤라	activity	127.03447	37.56286
헤렌디커피	cafe	127.02193	37.55372
헤븐	bar	127.03991	37.56004
헤븐성수	stay	127.04624	37.54882
헤븐센스컴퍼니	shop	127.05280	37.54312
헤븐센스컴퍼니	shop	127.05187	37.54251
헤비스테이크	food	127.05348	37.54286
헤우	bar	127.05537	37.53756
헤이디쉬	food	127.04826	37.54892
헤이숲	food	127.05347	37.54250
헤이즐	shop	127.01559	37.54358
헤이터스서울	food	127.04207	37.54589
헤일리의하우스	stay	127.05202	37.53667
헤즈업	food	127.04008	37.55902
헨리스플랏	cafe	127.05797	37.53835
헨릭	food	127.06526	37.54895
헬로건어물	shop	127.05466	37.56410
헬로서울	stay	127.02973	37.56203
헬로성수	stay	127.05359	37.53671
헬로우뮤지움	heritage	127.05327	37.54823
헬로우전자담배	shop	127.05430	37.54249
헬로크랩옥수점	food	127.01594	37.54422
헬로팬	food	127.06515	37.56037
헬로헬씨	food	127.05196	37.54800
헬키푸키신	food	127.01970	37.55410
혁신풍천민물장어	food	127.04502	37.54304
현	food	127.04898	37.54953
현대고시원	stay	127.06371	37.56096
현대당구장	activity	127.03070	37.55019
현대마트	shop	127.04703	37.53918
현대마트	shop	127.04152	37.56961
현대모텔	stay	127.03225	37.56120
현대붕어빵	food	127.05030	37.54386
현대야채	shop	127.05420	37.53805
현대약국	shop	127.03110	37.54990
현대옥	food	127.05029	37.54728
현대의류	shop	127.02278	37.54877
현대이불	shop	127.05419	37.53781
현대전기	shop	127.05433	37.53911
현대전기전자	shop	127.04821	37.54913
현대전파사	shop	127.03422	37.56428
현대족발	shop	127.04148	37.57000
현대주방	shop	127.02742	37.54795
현대휴게음식	shop	127.02330	37.54800
현동유통	shop	127.03549	37.57070
현빛	food	127.02408	37.56655
현심야식당	food	127.04666	37.54683
현영	shop	127.05035	37.54740
현지플라워	shop	127.01642	37.54889
현진한우	shop	127.03708	37.56554
현텔레콤	shop	127.05500	37.53851
형부네마트	shop	127.03235	37.56034
형부네할인마트	shop	127.03279	37.56021
형부카레	food	127.04747	37.54603
형제방앗간	food	127.02270	37.54894
형제보쌈	food	127.03358	37.55573
형제상회	shop	127.02244	37.54850
형제식당	food	127.05402	37.53782
형제천막사	shop	127.05143	37.53783
혜민약국	shop	127.04149	37.56029
혜성노래연습장	activity	127.02373	37.54799
혜성분식	food	127.05538	37.54205
혜성스크린골프	activity	127.02273	37.54762
혜원소곱창	food	127.03961	37.56070
혜윰슈퍼	shop	127.05152	37.54993
혜인어패럴	shop	127.05161	37.54707
혜화동돈가스극장	food	127.03409	37.56574
호감도	bar	127.05639	37.53949
호감화	food	127.05540	37.53787
호갱	food	127.03433	37.56401
호경이네집	food	127.05707	37.53812
호곱지곱	food	127.05365	37.53821
호국무공수훈자공적비	heritage	127.07012	37.56025
호남곱창	food	127.03076	37.55967
호남상회	shop	127.06304	37.54173
호남식당	food	127.04869	37.54836
호남집	food	127.04127	37.57126
호담설렁탕	food	127.05563	37.54887
호랑도	food	127.05756	37.54810
호랑이식탁	food	127.05472	37.53797
호랭이카노	cafe	127.04584	37.54885
호랭푸드	shop	127.03262	37.56543
호루	food	127.05511	37.53745
호말커피	cafe	127.04016	37.55873
호미담	food	127.04938	37.54602
호미스피자	food	127.02393	37.55579
호민	activity	127.05483	37.54250
호박노래방	activity	127.06057	37.53693
호박패밀리	shop	127.05500	37.54765
호보식당성수직영	food	127.05513	37.54523
호산축산	shop	127.03861	37.56978
호성어패럴	shop	127.06917	37.56021
호수매운탕	food	127.04105	37.56156
호수축산유통	shop	127.03982	37.56932
호수축산유통	shop	127.04106	37.56944
호식이두마리치킨	food	127.05407	37.53732
호식이두마리치킨	food	127.04132	37.56401
호식이두마리치킨	food	127.02506	37.56782
호야네족발	food	127.03308	37.56147
호우주의보크로아상	cafe	127.05992	37.54015
호주뉴질랜드면세점	shop	127.02061	37.54840
호치킨	food	127.04148	37.56058
호타루	food	127.04892	37.54852
호텔드가자	stay	127.06889	37.55135
호텔퓰문	stay	127.03516	37.56364
호호건강마을	shop	127.05435	37.53818
호호국수	food	127.03439	37.56529
호호식당성수	food	127.04386	37.54718
호호왕만두	food	127.02226	37.54836
호호하우스	stay	127.05186	37.56646
호호호닭발	food	127.03345	37.56337
혼밥대왕	food	127.03048	37.56356
혼수이불	shop	127.02245	37.54859
혼약국	shop	127.05585	37.54220
혼저옵서예	food	127.04685	37.54698
혼합복식	cafe	127.04741	37.53969
홀리데이프로젝트	stay	127.05953	37.54096
홀리몰리통닭구이	food	127.05450	37.53838
홀리카홀리카이마트	shop	127.03839	37.56144
홀릭앤틱살롱	shop	127.03680	37.56491
홈그라운드	food	127.01321	37.54047
홈키	food	127.02408	37.56659
홉슈크림	food	127.05127	37.54799
홍가네해장국	food	127.02227	37.54851
홍객	food	127.02637	37.56909
홍고추장삼겹살	food	127.03124	37.56334
홍도식당	food	127.04738	37.53886
홍두깨식당	food	127.05285	37.56393
홍보석	food	127.04972	37.53916
홍보팀	shop	127.05066	37.54172
홍사이언스	shop	127.06445	37.54367
홍샘	food	127.03839	37.56144
홍수계찜닭왕십리민자역사점	food	127.03839	37.56144
홍익돈까스	food	127.04910	37.54497
홍익방	cafe	127.03349	37.56582
홍익슈퍼	shop	127.03472	37.56562
홍익스테이크왕십리뉴타운점	food	127.02637	37.56909
홍익주점	bar	127.03252	37.56667
홍정원	food	127.05781	37.53794
홍짜장	food	127.02012	37.55431
홍천숯닭	food	127.04740	37.54845
홍콩다방왕십리역사점	cafe	127.03839	37.56144
홍화돈	food	127.04637	37.54702
화가	shop	127.02139	37.55054
화락바베큐성동	food	127.02159	37.54878
화랑	food	127.05161	37.54707
화로구이	food	127.04396	37.56732
화로양미	food	127.04969	37.54729
화로주방시로왕십리	food	127.03453	37.56399
화목육계장	food	127.06515	37.56037
화미마라	food	127.04236	37.56027
화분	bar	127.04088	37.56064
화수분베이커리	food	127.03029	37.56650
화양유리	shop	127.06204	37.53927
화원꽃피는아침	shop	127.04132	37.56140
화유담	shop	127.05750	37.53677
화이어폭스	shop	127.05725	37.53812
화이트비치	cafe	127.02408	37.56659
화이트슈즈	shop	127.05822	37.54258
화인티에스	shop	127.04472	37.55098
화적당	food	127.04041	37.56086
화포식당황학	food	127.02408	37.56659
화포엠	food	127.04406	37.54660
화화담성수	food	127.05486	37.54323
환희노래방	activity	127.05485	37.54368
활어대사관	food	127.03248	37.56222
활어정류장	food	127.01476	37.54356
황귀닭곰탕	food	127.04401	37.56651
황귀닭한마리	food	127.04907	37.54860
황금	bar	127.03350	37.56315
황금	shop	127.01508	37.54101
황금가든	food	127.03548	37.55823
황금알	food	127.03323	37.56133
황금어장	food	127.05467	37.54463
황바이크	shop	127.04162	37.55690
황보청기	shop	127.02408	37.56659
황소곱창	food	127.04073	37.55985
황소미가	food	127.05537	37.53765
황실금은거래소	shop	127.02041	37.55408
황우식당	food	127.05330	37.56550
황태국밥집	food	127.06578	37.54749
황후스타일	shop	127.02468	37.54826
회복	shop	127.04141	37.57023
회현집	food	127.04778	37.53991
효민프라자약국	shop	127.04194	37.56330
효에이브	shop	127.04823	37.54242
효자동목고기	food	127.05562	37.54355
효자오뎅	bar	127.05421	37.53887
효창에프씨	shop	127.04076	37.56497
후니드	food	127.06286	37.54610
후라이드참잘하는집	food	127.04708	37.53895
후라이드참잘하는집왕십리행당점	food	127.03436	37.56510
후라토식당	food	127.06588	37.54639
후루룩국수	food	127.05270	37.56345
후문약국	shop	127.04141	37.55982
후아유	shop	127.03839	37.56144
후참치	food	127.05256	37.56388
후추포인트	cafe	127.04335	37.54728
후츠	activity	127.03242	37.56334
후쿠쵸라멘	food	127.02408	37.56655
후피	cafe	127.05750	37.53677
후후베이크	food	127.04875	37.54507
훈이네	food	127.05471	37.53805
훈희네곱창	food	127.03726	37.57025
훌로훌로케이크	food	127.05505	37.53669
훌름지니	shop	127.05377	37.56115
훔볼트	cafe	127.05562	37.54015
훼미리손칼국수보쌈	food	127.04457	37.54956
휘뚜루	food	127.04875	37.54260
휘트니스피플우먼왕십리역점	activity	127.03322	37.56239
휙사격양궁장	activity	127.05504	37.54238
휴	activity	127.05449	37.54531
휴게실	shop	127.04401	37.56651
휴골프존	activity	127.04167	37.56587
휴대폰성지굳폰	shop	127.03839	37.56144
휴대폰성지옆커폰상	shop	127.03285	37.56315
휴먼메이드오프라인스토어서울	shop	127.05324	37.54253
휴비즈	shop	127.03578	37.56369
휴테라피	shop	127.02740	37.55481
흙과나무	bar	127.05515	37.53825
흙표흙침대	shop	127.04643	37.54796
흥부축산	shop	127.02408	37.56659
희동이네	food	127.02272	37.54850
희락공방	activity	127.04851	37.53851
희령이네코다리찜	food	127.03213	37.56188
희릿	bar	127.04845	37.54267
희망사	shop	127.04982	37.54434
희망약국	shop	127.03570	37.56259
희망축산	shop	127.04200	37.57026
희소볼링장	activity	127.06032	37.53784
희정보감족	food	127.04926	37.54605
히노신	food	127.05428	37.54342
히동이치킨	food	127.03197	37.56023
히소미	food	127.02166	37.54844
히어로보드게임카페	activity	127.05461	37.54300
히어앳홈	stay	127.04652	37.54569
히어카페	cafe	127.04710	37.56095
히에라셀렉터스	shop	127.05122	37.54427
히에르플라워	shop	127.03567	37.56400
히토리우동	food	127.03945	37.55857
히트노래방	activity	127.05513	37.54523
힉스유니언	shop	127.04011	37.55715
힌스플래그십스토어	shop	127.04602	37.54842
힌스플래그십스토어	shop	127.05518	37.54156
힐링라파의료기	shop	127.03269	37.56214
힐앤핏	activity	127.01306	37.54067
힘냉면	food	127.04683	37.54709
힘이나커피	cafe	127.05698	37.54552
힘찬꽈배기	food	127.01800	37.54167
강원관광두레 팝업스토어	event	127.05810	37.54133
고운 돈카츠	food	127.05424	37.54475
광야 서울	shop	127.04336	37.54416
그라운드시소 성수	heritage	127.06529	37.54682
기미사 성수	cafe	127.06277	37.54513
꾸아 성수점	food	127.04493	37.54617
나이스고스트클럽 성수	shop	127.05347	37.54250
논픽션 성수	shop	127.05042	37.54385
뉴뉴 성수점	shop	127.05940	37.54138
뉴뉴랩 성수점	shop	127.05940	37.54138
뉴발란스 직영성수점	shop	127.05207	37.54334
다이소 답십리점	shop	127.05423	37.56523
다이소 뚝섬역점	shop	127.04512	37.54769
다이소 상왕십리역점	shop	127.02864	37.56430
대도식당 왕십리본점	food	127.03060	37.56727
대현산배수지공원·대현산배수지공원 모노레일	nature	127.02080	37.55647
데우스엑스마키나 성수점	shop	127.05952	37.54096
디에이치 성수포레	stay	127.04661	37.54645
디올 성수	shop	127.05248	37.54404
땅코참숯구이 본점	food	127.03304	37.56074
뜻밖의 즐거움	shop	127.05020	37.54391
러쉬 성수점	shop	127.05574	37.54223
레스트앤레크레이션 성수	shop	127.04854	37.54512
레이지 유스	cafe	127.03251	37.56502
레인리포트 크루아상	cafe	127.05971	37.54015
로에일 성수점	shop	127.05825	37.54170
로우로우 월드와이드서울	shop	127.05442	37.54153
로우클래식 성수점	shop	127.05865	37.54130
롯데하이마트 장한평점	shop	127.06259	37.56140
룩옵티컬 한대점	shop	127.04047	37.55956
룩옵티컬 한양대점	shop	127.04047	37.55956
룩캐스트 성수점	shop	127.04987	37.54402
리브나 다이닝	food	127.05085	37.53972
리얼월드 성수	activity	127.05843	37.54222
리이 성수점	shop	127.05109	37.54363
마장 축산물시장	shop	127.04002	37.57037
마장동 한우촌	food	127.04129	37.57074
마하차이 성수본점	food	127.05510	37.53900
맥파이앤타이거 성수티룸	cafe	127.05659	37.54365
메종 파이프그라운드	cafe	127.04329	37.54454
모어딥 성수	cafe	127.05123	37.54898
몽실이네 토종한우	food	127.04149	37.57064
무식당 성수본점	food	127.04525	37.54727
문츠 바베큐	food	127.04853	37.54575
미테이블 성수점	food	127.04531	37.54659
바다화원 본점	food	127.04913	37.54717
바로여기 약국	shop	127.06467	37.54451
반상회 성수	food	127.04596	37.54907
반스 성수점	shop	127.05304	37.54429
배드블러드 성수점	shop	127.05713	37.54308
본노엘 성수점	food	127.04803	37.54980
본앤브레드 신관	food	127.04452	37.56684
블루선 성수점	shop	127.04273	37.54715
비아트 성수	cafe	127.05427	37.54714
비이커 성수점	shop	127.05049	37.54400
삼성스토어 왕십리	shop	127.03368	37.55943
새활용 페스티벌	event	127.05782	37.55861
서울숲 곤충식물원	activity	127.04181	37.54313
서울숲클라이밍 뚝섬점	activity	127.04858	37.54239
섬세이 테라리움	heritage	127.04354	37.54633
성수 피치스도원	cafe	127.05156	37.54453
성수동 수제화거리	heritage	127.05720	37.54440
성수동 카페거리	heritage	127.05660	37.54320
세븐일레븐 한양본점	shop	127.04024	37.56013
세스크 멘슬	food	127.05643	37.54111
세터하우스 서울숲	shop	127.04908	37.54467
세터하우스 성수	shop	127.06128	37.54136
센터커피 서울숲점	cafe	127.04164	37.54661
셀메드 스카이약국	shop	127.04747	37.54603
소문난성수감자탕 별관	food	127.05462	37.54305
스시도쿠 왕십리본점	food	127.03608	37.56100
스왈로우라운지 성수	shop	127.05699	37.54552
시에나 에스테이트	food	127.06529	37.54682
시엔느 성수부티크	shop	127.05788	37.54181
아모레 성수	activity	127.05907	37.54460
아방베이커리 서울숲점	food	127.04329	37.54454
아우프글렛 금호	cafe	127.02625	37.54893
아이리스피부과의원 성수	shop	127.04908	37.54634
알로 성수점	shop	127.05005	37.54398
어니언 성수	cafe	127.05813	37.54484
에르제 성수	food	127.05897	37.54392
엔터식스 왕십리역점	shop	127.03839	37.56144
영카이브 성수점	activity	127.06039	37.54158
오레노카츠 성수본점	food	127.04965	37.54481
오렌즈 한양대점	shop	127.04158	37.55997
오로라베이커리카페 성수점	cafe	127.05807	37.54355
오롤리데이 성수	shop	127.05009	37.54415
오스테리아 파로	food	127.04372	37.54737
올리브영 금호점	shop	127.02273	37.54761
올리브영 뚝섬역점	shop	127.04512	37.54769
올리브영 상왕십리역점	shop	127.02802	37.56511
올리브영 서울숲역점	shop	127.04498	37.54190
올리브영 성수역점	shop	127.05448	37.54531
올리브영 성수연방점	shop	127.05691	37.54141
올리브영 신금호역점	shop	127.01982	37.55423
올리브영 왕십리엔터식스	shop	127.03841	37.56150
올리브영 왕십리역사점	shop	127.03839	37.56144
올리브영 하왕십리점	shop	127.03282	37.56269
올리브영 한양대	shop	127.04067	37.55900
올리브영 황학사거리점	shop	127.02408	37.56660
와인나라 성수점	shop	127.04640	37.54364
외로움이의 집	event	127.05917	37.54201
유즈풀 아뜰리에	cafe	127.04048	37.54706
유핑 성수	shop	127.05600	37.54199
응봉산 암벽등반공원	activity	127.03102	37.54866
이니스프리 디아일	shop	127.05501	37.54126
이마트 왕십리	shop	127.03841	37.56150
이솝 성수	shop	127.05580	37.54238
인더매스 마장	cafe	127.03983	37.56564
인사일런스 성수스토어	shop	127.06094	37.54125
제스티살룬 성수	food	127.04247	37.54762
차만다 본점	food	127.04142	37.54668
차이나플레인 서울숲점	food	127.04642	37.54369
천하제일 솥뚜껑	food	127.05345	37.54161
청계천 자전거도로	activity	127.04827	37.56461
카시나 성수점	shop	127.05308	37.54262
카페 할아버지공장	cafe	127.05500	37.54123
커피 바넷리	cafe	127.04374	37.54672
코사이어티 서울숲	cafe	127.04564	37.54477
코코온누리약국 뚝섬	shop	127.04951	37.54632
퀴버 서울숲	food	127.04437	37.54646
키스 서울	shop	127.05702	37.54179
타이틀리스트 시티투어밴	shop	127.05634	37.54328
탑텐 왕십리역점	shop	127.03839	37.56144
트레일헤드 성수점	shop	127.05004	37.54612
트레저 성수	event	127.04181	37.54313
트리밍버드 성수플래그십스토어	shop	127.05387	37.54968
파타고니아 서울성수낙낙직영점	shop	127.06589	37.54639
파티세리 아모니	food	127.04707	37.55147
포레스트 서울숲	cafe	127.04073	37.54680
플래드카페 서울숲	cafe	127.03989	37.54714
하고하우스 성수점	shop	127.05402	37.54738
한양대학교 박물관	heritage	127.04293	37.55747
할머니의 레시피	food	127.04310	37.54623
해칭룸 성수	shop	127.05380	37.54478
호랑이 초밥	food	127.05478	37.54637
호텔컬리넌 왕십리	stay	127.03482	37.56270
호텔포코 성수	stay	127.05706	37.54350
화화돈 성수	food	127.05485	37.54323
감탄로드 여행가챠 팝업스토어	event	127.05502	37.54330
다니엘트루스 퍼퓸하우스 성수	shop	127.05802	37.54132
다이소 비트플렉스 왕십리역점	shop	127.03839	37.56144
더 기어샵 성수	shop	127.05178	37.54466
뚝도 아리수 정수센터	activity	127.04229	37.53984
르 라보 성수점	shop	127.05580	37.54238
메종쥬 성수 부티끄	shop	127.04374	37.54672
무신사 스탠다드 성수	shop	127.05867	37.54177
뭍 성수플래그쉽 스토어	shop	127.05954	37.54108
미오 도쿄 다이닝	food	127.05369	37.54414
베리시 성수 플래그십스토어	shop	127.05331	37.54289
서울 살곶이 다리	heritage	127.04599	37.55379
성수동 대림창고 갤러리	cafe	127.05665	37.54164
세계 민속춤 축제	event	127.03709	37.56174
세이모온도 플래그십스토어 성수	shop	127.04402	37.54635
세이버 서울 성수점	shop	127.05891	37.54282
아더 성수 스페이스	shop	127.05655	37.54226
아비에무아 서울숲 스토어	shop	127.04067	37.54704
아우로 플래그쉽 스토어	shop	127.04370	37.54732
앱톤 성수 쇼룸	shop	127.04899	37.54879
오렌즈 비트플렉스 왕십리역점	shop	127.03839	37.56144
이니스프리 이마트 왕십리점	shop	127.03839	37.56144
카페 차 성수점	cafe	127.04186	37.54792
크림라벨 서울숲 본점	food	127.04232	37.54661
텅 성수 스페이스	cafe	127.05656	37.54231
페넥 성수 플래그십스토어	shop	127.05165	37.54433
페이퍼돌메이트 아틀리에 서울숲점	shop	127.04383	37.54638
하우스 오브 로터스	stay	127.02982	37.56350
다붓다붓 전라남도 미디어아트 쇼룸	event	127.05263	37.54847
마뗑킴 성수 플래그십 스토어	shop	127.05402	37.54738
바닐라코 성수 플래그십 스토어	shop	127.05387	37.54301
비사벌 전주 콩나물 국밥	food	127.04504	37.54634
성동구 구립도서관 북 페스티벌	event	127.03880	37.54542
스탠드오일 성수 플래그십 스토어	shop	127.05739	37.54362
스탠드오일 슈즈 플래그십 스토어	shop	127.06049	37.54078
아디다스 오리지널스 플래그십 성수	shop	127.05304	37.54305
우알롱 성수 플래그쉽 스토어	shop	127.05537	37.54307
이미스 플래그십 스토어 성수	shop	127.05268	37.54361
카린 성수 플래그십 스토어	shop	127.05574	37.54295
파인드카푸어 플래그쉽 스토어 성수	shop	127.05542	37.54220
밀로 아카이브 성수 플래그십 스토어	shop	127.05726	37.54339
서울숲 푸른밤 축제 '별 헤는 서울숲'	event	127.04181	37.54313
섬유기획전 《안식의 결 Texture of Rest》	event	127.05441	37.54381
스니커콘 서울 (Sneaker Con SEOUL)	event	127.05948	37.54231
카페 이페메라 LCDC SEOUL	cafe	127.06132	37.54155
서울교통공사 차량기지(신정, 수서, 천왕기지)	activity	127.05722	37.56258
쉭앤칙 (Chic And Chick)	shop	127.05401	37.54197
엘씨디씨 서울(LCDC SEOUL)	shop	127.06132	37.54155
성동 AI·미래기술체험센터	activity	127.04049	37.55468
에이투비 Cafe&Bar	cafe	127.05897	37.54392
마리떼프랑소와저버 FSS 성수점	shop	127.05150	37.54345
테니 Tenne	cafe	127.05919	37.54109
롯데마트_행당역점	shop	127.02755	37.55630
성수김밥_퍼니텅	food	127.04769	37.53983
스테이디아츠_서울숲뷰	stay	127.04122	37.54667
오티디코퍼레이션_성수연방	shop	127.05690	37.54141
오티디코퍼레이션_아크앤북	shop	127.05690	37.54141
우리집_밥	food	127.05757	37.54807
이유있는반찬_	shop	127.03638	37.56104
체크인연무장실증특례_위홈	stay	127.05366	37.53830
케이컴퍼니_피그먼트	shop	127.06361	37.54731
하이헬로아임루이_Hihelloimloui	shop	127.05394	37.53773
에스-이노베이션	shop	127.05757	37.54807
제이엘케이유엠-2	food	127.02634	37.56917
제이엘케이유엠-3	food	127.02634	37.56917
모노플랜하우스성수-스튜디오A	stay	127.04279	37.54848
고양아;안녕	shop	127.03990	37.56299
꽃;희로애락	shop	127.05101	37.53776
늘;봄날	shop	127.05157	37.56460
뮤직스페이스;찬란한일상	bar	127.02067	37.55390
봄이머무는곳;하루네집	shop	127.04944	37.54617
스테이;서울눅	stay	127.03304	37.55955
스프링;봄	shop	127.03276	37.55011
안녕;꽈배기	food	127.03417	37.56589
오늘또;가챠가챠	shop	127.02875	37.55657
장수오리;삼겹	food	127.04511	37.54569
카페;바로	cafe	127.06492	37.54440
카페;사근	cafe	127.04664	37.56070
한우타운카페;호프	bar	127.04186	37.57058
훼미리손칼국수;보쌈	food	127.04463	37.54953
마켓로거스보끄팬;명동칼국수;테이스트오브비엣	food	127.05350	37.53993
릴리슈;미니트(minute)	shop	127.05048	37.54954
라프리마베라:봄이오다	shop	127.03839	37.56144
레지던스이:룸성	stay	127.03695	37.56658
온:다마켓	shop	127.05454	37.53773
하트:Q;T	shop	127.03469	37.56670
고고!치킨	food	127.02506	37.56782
그랑프리안경.렌즈아이	shop	127.06687	37.54798
본가큰댁설렁탕.생고기	food	127.06530	37.54538
슈나이더안경.렌즈아이	shop	127.03744	37.56208
쌍용.청과랑야채랑	shop	127.04789	37.54930
앂.아로마	food	127.02209	37.54898
업.사이드	cafe	127.05792	37.54201
업.사이드커피뚝섬	cafe	127.04591	37.54877
원할머니보쌈.족발	food	127.05446	37.53980
좋은이름.좋은카페	cafe	127.01736	37.54826
케이콜라보김밥.떡볶이	food	127.01662	37.54252
한.덴마크우유	shop	127.01037	37.54045
이.오.에스골프아카데미	activity	127.06685	37.56075
빌라.1990	food	127.05095	37.53772
'秀'숯불직화꼬치구이	food	127.02503	37.55515
츄로'SCOFFEE&ICECREAM	cafe	127.04047	37.56170
(위너스파크돔골프	activity	127.03834	37.56177
(토마토씨브이에스	shop	127.03946	37.56071
더냄비()	food	127.03451	37.56221
더사르르(하왕십리)	shop	127.02375	37.56108
미타사(성동)	heritage	127.01718	37.54357
오케이아이스크림할인점(얼음나라)	shop	127.04573	37.56100
응봉산(서울)	nature	127.02980	37.54820
로와이드(LOWIDE)	cafe	127.04106	37.54699
피디씨컴퍼니(PDCCOMPANY)주	shop	127.05247	37.56582
리버뷰(River View)[한국관광 품질인증/Korea Quality]	stay	127.01147	37.54325
라운드어바웃(Roundabout.co.;Ltd.)주	shop	127.04646	37.54409
튠(TUNE)	shop	127.05472	37.54064
[대한민국 구석구석 팝업] 구석구석 영화관	heritage	127.06244	37.54061
스핀하우스[SPINHOUSE]	shop	127.05544	37.53503
라임조명/인테리어	shop	127.03646	37.56020
케이푸드리퍼블릭/부자식당	food	127.03505	37.56248
트루인/아띠몽	shop	127.03666	37.56123
김밥/만두/분식	food	127.03472	37.56562
더카페/서울숲SKV1	cafe	127.05161	37.54707
경성함바그&버거스캔들왕십리역사점	food	127.03839	37.56144
노캣노라이프&일로일로	shop	127.03485	37.55798
더라온플라워&가든	shop	127.01903	37.54689
멈블커피&케이크	cafe	127.03030	37.56641
백송이&백만송이꽃집	shop	127.03555	37.56058
본죽&비빔밥서울	food	127.02353	37.54830
본죽&비빔밥왕십리뉴타운점	food	127.02637	37.56909
본죽&비빔밥카페옥수점	food	127.01568	37.54244
본죽&비빔밥행당동점	food	127.03016	37.55784
브로스치킨후라이드&오븐	food	127.04047	37.55956
블랙&압구정	food	127.02571	37.55720
샤트렌&폴로	shop	127.03231	37.56293
성연순대국&족발	food	127.04960	37.53844
슬로우오브젝트&이스트허니	shop	127.05112	37.54867
식스팀골프&휘트니스	activity	127.02690	37.55171
신타코야끼&캔카페	cafe	127.03500	37.56452
옥수티&티바	food	127.01098	37.54055
올데이히로스케이트&피자	shop	127.05216	37.54948
잇라이트샐러드&포케	food	127.02735	37.56344
정성한끼덮밥&찌개	food	127.03048	37.56356
죽토피아&진짜배기국밥	food	127.05258	37.56488
쥬씨&고망고	shop	127.04474	37.54768
째깐한입타코&커피	food	127.03055	37.56232
최가네깁밥&국수	food	127.04682	37.53924
커피로이트&스토리	cafe	127.04567	37.53763
티엔리베트남쌀국수&반미	food	127.03078	37.54972
해밀칼국수&김밥	food	127.05562	37.54355
호밀호두&케이푸드서울숲역점	food	127.04471	37.54362
카페&펍 연무장	cafe	127.05332	37.54292
본죽&비빔밥Cafe옥수점	food	127.01568	37.54244
본죽&비빔밥CAFE성수	food	127.05293	37.54215
더블와이짐헬스&PT신	activity	127.01951	37.55435
더블와이짐헬스&PT행당점	activity	127.02875	37.55657
레트로바이크#	shop	127.03052	37.55831
대흥정육식당+	food	127.04467	37.53926
빈티지애플스+	shop	127.05274	37.54347
0.9스테이서울	stay	127.04727	37.56363
010당구클럽	activity	127.03958	37.55956
일공공일안경02	shop	127.03548	37.55823
025S티솔로지성수	food	127.04579	37.54856
홍콩반점0410	food	127.05467	37.54463
홍콩반점0410	food	127.04094	37.56006
맥05스튜디오	shop	127.03350	37.56999
주052	food	127.03763	37.56337
1등행당복권	activity	127.03004	37.55749
1유로프로젝트	shop	127.06799	37.55312
1층이화약국	shop	127.02408	37.56659
강남1등축산	shop	127.02408	37.56655
델리까또외1	shop	127.02003	37.55174
드림1	shop	127.04310	37.54703
뚝섬1번약국	shop	127.04616	37.54794
매머드익스프레스서울숲코오롱1차점	cafe	127.05187	37.54251
매머드익스프레스서울숲한라시그마밸리1차점	cafe	127.05510	37.54028
성지은외1인왕십리	stay	127.03248	37.56388
신세계인터내셔날성수동1가	shop	127.05178	37.54341
알디파트너스투자1호	food	127.04333	37.54620
얼음왕국아이스크림할인점마장1	shop	127.04385	37.56514
은사즉석떡볶이성수1호	food	127.04900	37.54726
파리바게뜨금호1가점	food	127.02448	37.55553
푸라닭성수1가점	food	127.04883	37.54128
플러스시너지1호조합	food	127.04798	37.54585
한양레지던스1	stay	127.04218	37.55683
훌랄라치킨행당1동점	food	127.03308	37.55981
가로판매1-4-28	shop	127.03805	37.57053
1.5플로어	food	127.04792	37.54203
밥상위1%	shop	127.01788	37.54185
레이어10	cafe	127.04955	37.54698
100회	food	127.04866	37.54071
제로100	activity	127.03257	37.56272
100회죽&카페	food	127.04866	37.54071
101번지남산돈까스왕십리민자역사점	food	127.03839	37.56144
마켓101	shop	127.01888	37.54843
츄로101	cafe	127.05123	37.53788
포레스트101	stay	127.04681	37.54632
하노이102	food	127.04356	37.54739
1060@뮤직클럽	bar	127.05620	37.53679
연무장길11	shop	127.05091	37.54388
주당11-43	bar	127.05388	37.56317
피노115	shop	127.04291	37.54567
121호	cafe	127.02408	37.56659
더커피마켓13	cafe	127.01965	37.55505
새촌131	food	127.04795	37.54212
고집132성수	food	127.04529	37.54655
숙성회136	food	127.03681	37.55861
언코르크137	bar	127.02506	37.56782
씨엘14시스템	shop	127.06917	37.56021
그루밍140	shop	127.02193	37.55372
동우리즈힐스1412호	shop	127.06120	37.56158
153온누리약국	shop	127.02408	37.56659
티아이오153	shop	127.05048	37.54954
푸짐해153	food	127.05317	37.56534
아일랜드173	food	127.06928	37.55514
클럽1847한양사이버대점	shop	127.04752	37.55719
스테이1853	stay	127.03288	37.56370
188도깨비	food	127.05763	37.53757
1923숨비바다	bar	127.04503	37.54714
킴스키친1972	food	127.06189	37.56087
홍능족발1977	food	127.03462	37.56121
1992덮밥&짜글이뚝섬역점	food	127.05075	37.54842
1프로PC아레나	activity	127.02578	37.55116
금남시장뽀빠이치킨2호	food	127.02271	37.54845
노을2관	food	127.05489	37.54669
먹거리장터2	bar	127.03352	37.55991
무신사이구홈성수2	shop	127.06128	37.54056
부부요리단2탄	food	127.01754	37.54281
브샤브샤2층점	food	127.04523	37.54722
블랙몽키2	cafe	127.04167	37.56587
비비큐성수2점	food	127.04823	37.55029
세븐옥수2호점주	shop	127.01589	37.54255
스포츠토토성수2가점	activity	127.05584	37.54867
싸구포차2	food	127.04050	37.55907
씨유성수2가점	shop	127.05190	37.53787
씨유왕십리2동점	shop	127.03142	37.56143
씨유한양대2생활관점	shop	127.04662	37.55450
아재커피성수2가점	cafe	127.06391	37.54746
알디파트너스투자2호	cafe	127.04331	37.54611
오르다샘앤클래스왕십리학원2	shop	127.02506	37.56782
옵션2	food	127.04067	37.55894
응급실국물떡볶이성수2가점	food	127.05563	37.54823
종필엄마2	shop	127.04200	37.56524
진미곱창2	food	127.02124	37.54844
케이원텔2	shop	127.04054	37.56117
코코제이2	shop	127.05258	37.56488
한양레지던스2	stay	127.04218	37.55683
20분의기적	activity	127.02941	37.56413
2002횟집	food	127.05428	37.53785
2010연탄돼지갈비	food	127.04047	37.55956
2024 서울뷰티트래블위크	event	127.04181	37.54313
2025 문화가 있는 날 청춘마이크 10년 기념행사	event	127.06295	37.54196
2025 청년문화주간 <청년문화사용법: 네 개의 방>	event	127.05995	37.54097
2026 크리에이티브X성수	event	127.05947	37.54226
207다이닝	food	127.04754	37.54212
21세기메디칼약국	shop	127.01986	37.55434
샤브로21한양대	food	127.04130	37.55982
24시당구장	activity	127.05400	37.54546
24시무인카페만월경	cafe	127.02618	37.55451
24시전주명가콩나물국밥	food	127.06543	37.54733
견생냥품24시무인펫샵성동행당역점	shop	127.03138	37.55815
견생냥품무인24시답십리역점	shop	127.05319	37.56645
견생냥품무인24시왕십리센트라스점	shop	127.02408	37.56659
올쿡24	shop	127.04333	37.56066
이마트24	shop	127.06446	37.54781
이마트24마장형제점	shop	127.03947	37.57057
이마트24사근초교	shop	127.04824	37.56216
이마트24서울숲뚝섬점	shop	127.04734	37.54837
이마트24성동	shop	127.06562	37.54864
이마트24성동	shop	127.05574	37.54223
이마트24성동	shop	127.01943	37.54848
이마트24성동	shop	127.05492	37.53950
이마트24성동플라이쿱점	shop	127.07210	37.55711
이마트24성수뚝도점	shop	127.05344	37.53904
이마트24성수아트점	food	127.04587	37.54557
이마트24성수오피스점	shop	127.05066	37.55004
이마트24성수으뜸점	shop	127.05540	37.53654
이마트24성수이로점	shop	127.06164	37.53972
이마트24성수한라점	shop	127.05446	37.53980
이마트24시한양대인문관점	shop	127.04662	37.55450
이마트24옥수하이츠점	shop	127.01619	37.54100
이마트24왕십리도선점	shop	127.03555	37.56515
이마트24왕십리신	shop	127.03028	37.56110
이마트24왕십리청계벽산점	shop	127.03037	37.56813
이마트24트렌드랩	shop	127.05546	37.54444
이마트24한마음한양대역점	shop	127.04358	37.55557
이마트24한양여대행원파크점	shop	127.04662	37.55450
이마트24행당	shop	127.03703	37.55836
전자담배24	shop	127.06724	37.54851
이마트24성수AK점	shop	127.05753	37.54150
24CAFE33커피상왕십리역	cafe	127.02868	37.56354
이마트24성수IT점	shop	127.04472	37.55098
이마트24서울숲ITCT점	shop	127.04883	37.54128
이마트24디저트LAB	shop	127.04403	37.54708
이마트24R	shop	127.06528	37.54676
이마트24R	shop	127.05713	37.54514
이마트24R금호파크힐스점	shop	127.02447	37.55295
이마트24R한양여대	shop	127.04932	37.55792
25시노래방	activity	127.05495	37.54683
25시호프	bar	127.03593	37.56624
스테이션25	stay	127.03176	37.56058
쥐에스25	shop	127.06714	37.55025
지에스25	shop	127.05407	37.54569
지에스25금호극동점	shop	127.02396	37.55793
지에스25금호동	shop	127.02250	37.55089
지에스25금호로	shop	127.02239	37.55317
지에스25금호예향점	shop	127.01885	37.54687
지에스25뉴성수뚝도점	shop	127.05450	37.53762
지에스25뉴왕십리동진점	shop	127.02779	37.56459
지에스25마장	shop	127.04092	37.56362
지에스25마장세림점	shop	127.04356	37.56493
지에스25마장역점	shop	127.04300	37.56644
지에스25사근	shop	127.04813	37.56099
지에스25사근본	shop	127.04614	37.56111
지에스25서울숲	shop	127.02408	37.54689
지에스25서울숲더샵	shop	127.04099	37.55724
지에스25서울숲드림	shop	127.05613	37.54062
지에스25서울숲디	shop	127.04336	37.54416
지에스25성동	shop	127.06528	37.54836
지에스25성동	shop	127.04403	37.54584
지에스25성동	shop	127.04324	37.54652
지에스25성동고산자로점	shop	127.03662	37.55232
지에스25성동무학교점	shop	127.03267	37.56911
지에스25성동샤르망	shop	127.03680	37.56491
지에스25성수	shop	127.04958	37.53814
지에스25성수	shop	127.05934	37.54477
지에스25성수대우점	shop	127.04910	37.54885
지에스25성수세대	shop	127.05485	37.54368
지에스25성수영진점	shop	127.04625	37.54674
지에스25성수우리점	shop	127.05350	37.54939
지에스25성수이로점	shop	127.05740	37.54629
지에스25성수프라임	shop	127.06041	37.54700
지에스25송정아이파크	shop	127.06838	37.55263
지에스25신금호역점	shop	127.02012	37.55431
지에스25옥수상떼뷰점	shop	127.01167	37.54058
지에스25옥수이편한점	shop	127.01212	37.54730
지에스25왕십리	shop	127.03269	37.56377
지에스25왕십리도선	shop	127.03505	37.56248
지에스25왕십리동진	shop	127.02726	37.56467
지에스25용답	shop	127.06061	37.56112
지에스25용답와이하우스점	shop	127.06726	37.55872
지에스25한양	shop	127.04082	37.55991
지에스25행당	shop	127.02854	37.55729
지에스25행당벽산점	shop	127.02537	37.55539
지에스25행당스카이점	shop	127.03019	37.55949
지에스25행당점	shop	127.03391	37.56199
지에스25성수AK점	shop	127.05120	37.54947
지에스25성수IS비즈	shop	127.05757	37.54807
지에스25서울숲IT	shop	127.05035	37.54740
지에스25서울숲M	shop	127.04646	37.54409
지에스25S2	shop	127.02903	37.56447
에프이26	cafe	127.03995	37.54723
27에스프레소	food	127.03413	37.56723
갤러리27	shop	127.05994	37.53576
호스텔27	stay	127.06068	37.56141
호텔27	stay	127.06068	37.56141
성수삼삼오오271	stay	127.05852	37.54139
카페27g	cafe	127.03054	37.56531
284스테이	stay	127.03677	37.55989
3층엔약국	shop	127.01642	37.54889
담양3대숯불돼지갈비	food	127.02144	37.54890
알디파트너스투자3호	cafe	127.04186	37.54711
엔컴3	shop	127.05945	37.54141
지점제3호성수	shop	127.05600	37.54118
콤팩트레코드바3호	bar	127.05827	37.54167
봄3.26	shop	127.05270	37.54334
콩나라3000냥	food	127.02266	37.54884
리틀포레301	stay	127.04681	37.54632
플래이스308	cafe	127.03704	37.56704
베스킨라빈스31옥수역점	food	127.01661	37.54217
악토버31	shop	127.05668	37.54248
와이지포레스트311호	shop	127.04538	37.54625
스트로베리32더라운지	cafe	127.04631	37.54682
온정주의329	stay	127.03303	37.56252
33마카롱	food	127.01975	37.54922
헬씨33	cafe	127.02408	37.56659
블루문339	stay	127.05282	37.53883
삼성물산성수스테이지35	shop	127.05348	37.54311
엔컴35지점	shop	127.05657	37.54342
스테이지35 성수	shop	127.05348	37.54311
스테이지35 성수[면세점(TAX REFUND SHOP)]	shop	127.05348	37.54311
354김밥국수	food	127.04100	37.55692
카페357	cafe	127.02854	37.55729
하하아이스365	shop	127.05415	37.53776
화이트365커피	cafe	127.04773	37.56110
엔컴37지점	shop	127.05091	37.54367
37.5	food	127.02594	37.55096
37.5시그니처	food	127.05408	37.54338
38랩	shop	127.04168	37.54789
380고깃집	food	127.03884	37.55620
39도시락	food	127.04838	37.54922
디저트39	cafe	127.04043	37.56015
디저트39행당점	cafe	127.03253	37.56055
3H24시보석사우나매점	shop	127.03548	37.55823
4층열린약국	shop	127.01520	37.54426
404김밥	food	127.03029	37.56484
샐러드41	food	127.03763	37.56337
왕십리420	food	127.03475	37.56019
포레스트46	food	127.04375	37.54619
5도바이크	shop	127.06642	37.54849
5오돈까스	food	127.05233	37.56432
뉴뉴5지점기프트샵	shop	127.05945	37.54141
매머드익스프레스뚝섬역5번점	cafe	127.04907	37.54615
엘5에이엠씨에스팩토리	food	127.05891	37.54282
오피스5	shop	127.03089	37.56279
카페5리	food	127.02211	37.54840
으뜸50안경	shop	127.02190	37.54804
으뜸50안경	shop	127.05469	37.54525
으뜸50안경	shop	127.03303	37.56252
현방500소갈비	food	127.05457	37.53869
피자5000	food	127.05207	37.53785
512디저트	cafe	127.02506	37.56782
517랩	food	127.05322	37.54360
미담53	food	127.04336	37.54416
545스튜디오	shop	127.02012	37.54680
타논55	food	127.05643	37.53967
레이어57	cafe	127.06304	37.54210
59년노래연습장	activity	127.03410	37.56364
599버거레이크왕십리	food	127.02748	37.56035
5to7	cafe	127.04332	37.54617
60계서울	food	127.05048	37.54954
60계서울행당점	food	127.02740	37.55481
60계치킨서울	food	127.02456	37.55237
60계치킨서울	food	127.03603	37.56582
와인656	shop	127.04821	37.54835
마크69	cafe	127.04001	37.54793
7번가피자	food	127.04316	37.56059
신세계인터내셔날성수동연무장길7	shop	127.05040	37.54408
오근내7닭갈비	food	127.06588	37.54639
브로트704	food	127.04562	37.54124
7080노부사	bar	127.07172	37.55641
7080라이브	bar	127.04358	37.56685
7080라이브딴따라	bar	127.05400	37.54546
7080콘서트	bar	127.03050	37.56477
7080호프	bar	127.03272	37.56389
로로볼리712	shop	127.02506	37.56782
화신7216	food	127.05307	37.56527
마장781-9카페&브래드	food	127.04515	37.56650
7eleven마장하영점	shop	127.03932	37.56359
청계8경 버들습지	nature	127.03840	37.57240
82키친푸드	food	127.03381	37.56507
플러스82카페성	cafe	127.03588	37.56433
82키친푸드2	food	127.03381	37.56507
룸84마노모스	shop	127.05663	37.54241
브이알티와이84	shop	127.04108	37.54722
89장어	food	127.01043	37.54104
9시뉴스	shop	127.02443	37.54797
9월의온도	food	127.05309	37.54863
빅토리9	shop	127.05249	37.56477
9237	food	127.04017	37.55929
반지공방스튜디오925	shop	127.05668	37.54248
948에프엔비	food	127.03839	37.56144
오에스97(구)커피오스성수	cafe	127.05263	37.54213
분99	food	127.04118	37.55952
광어9900	shop	127.06608	37.54909
9999아카이브	shop	127.05427	37.54874
9one나인원	shop	127.02408	37.54689
씨유서울숲A	shop	127.04844	37.54620
매머드익스프레스서울숲A1점	cafe	127.05022	37.54926
adreamofseed	shop	127.01582	37.54268
성수AGU	food	127.04851	37.54829
성수AGU2	food	127.04851	37.54829
아후Ahoo	cafe	127.04855	37.54094
이어AI1호프로젝트투자조합	bar	127.03111	37.56807
매머드익스프레스성수AK밸리점	cafe	127.05753	37.54150
삼청동샤브AK	food	127.04491	37.54189
ALLABOUTK2KOREA성수	shop	127.06328	37.54276
아도르ARDOR	food	127.04823	37.54242
에이투비AtoB	cafe	127.05897	37.54394
아토키토ATOKETO	food	127.06330	37.54681
B-마트	shop	127.05773	37.53771
금오B&S	activity	127.06187	37.54374
런드리B2B	shop	127.06578	37.54749
섬bar	bar	127.05396	37.53805
BHC	food	127.04958	37.53814
캐롬BILLIARDSCLUB	activity	127.03303	37.56069
양bnbhouse	stay	127.05244	37.56470
봉쥬르Bonjour	food	127.04963	37.54593
봉땅BONTEMPS	food	127.04339	37.54741
은행골by요이동	food	127.04844	37.54620
BYC	shop	127.02068	37.54840
뚝섬BYC	shop	127.04851	37.54827
커피하우스C	shop	127.04061	37.56545
나디브위생뷰티서울성수C-1점	shop	127.05756	37.54293
카페씨떼CafeCite	food	127.05588	37.54162
Cafelashower	cafe	127.06259	37.54374
camel	cafe	127.05592	37.53730
camouflage coffee	cafe	127.04571	37.54904
성수CDG3팝업	shop	127.05348	37.54311
팥고당CGV	food	127.03839	37.56144
CJ폰뱅크	shop	127.03073	37.55778
코코픽COCOPICK	shop	127.02551	37.54827
제이엠coffee씨젠의료재단점	cafe	127.05513	37.56441
consume product	shop	127.05322	37.54298
꼬팡케이크copaincake	food	127.03242	37.56007
코롤스corolle's	shop	127.05424	37.54475
CU도선공원점	shop	127.03158	37.56514
CU성수성문점	shop	127.05622	37.54273
CU송정건영점	shop	127.07111	37.55533
CU왕십리도선점	shop	127.03447	37.56286
CU행당으뜸점	shop	127.03122	37.55988
CU 뉴성수프리미어점	shop	127.04300	37.54816
CU 성동금호점	shop	127.01961	37.54817
CU 현대테라스타워점	shop	127.05367	37.54409
국민D.C주방마트	shop	127.03193	37.56226
아울렛D.C마트	shop	127.05364	37.53783
건영D&C	shop	127.05218	37.56256
굿day쇼핑	shop	127.06812	37.55126
디어라운드Dearound	shop	127.04445	37.56739
서울숲dogs	shop	127.04508	37.54537
디엑스와이지dxyz	bar	127.05597	37.54270
e안경마켓	shop	127.01701	37.54851
E5M	shop	127.02468	37.54826
이지오어easyoar	cafe	127.03213	37.56188
건강습관EMS다이어트왕십리	shop	127.03485	37.55816
에린의작업장ErinSWork	shop	127.04009	37.56070
호성F.C	shop	127.02266	37.55088
누구나fashion	shop	127.03666	37.56123
하영Fnc	shop	127.03704	37.57030
코오롱인더스트리FNC부문럭키마르쉐	shop	127.04308	37.54656
코오롱인더스트리FNC부문커스텀멜로우	shop	127.05136	37.54423
코오롱인더스트리FNC부문EK서울숲	shop	127.04179	37.54774
프렌즈앤야드Friends&Yard	food	127.05891	37.54282
씨앤코컴퍼니한양대FTC점	food	127.04662	37.55450
G-마트	shop	127.02805	37.56157
전담GATE	shop	127.04094	37.56006
GBGH팝업	shop	127.05827	37.54167
원골프GDRACADEMY	shop	127.01949	37.54665
골든센트리GoldenCentury	food	127.05609	37.54291
곤스Gon's	food	127.03763	37.56337
그랜드마Grandma	shop	127.05394	37.53863
그린룸GRINROOM	cafe	127.04456	37.54969
GS25금호사거리	shop	127.02632	37.54822
GS25뉴성수대우점	shop	127.04936	37.54876
GS25뚝섬	shop	127.04840	37.54659
GS25마장어울림점	shop	127.03990	37.56299
GS25성수공원점	shop	127.05355	37.54451
GS25성수디지털	shop	127.05344	37.54157
GS25성수비즈웰점	shop	127.04969	37.54162
GS25성수우림	shop	127.06330	37.54681
GS25성수테크노	shop	127.05582	37.54505
GS25성수햇살	shop	127.05758	37.53653
GS25성수현대	shop	127.04038	37.54781
GS25옥수점	shop	127.01680	37.54185
GS25왕십리무학봉	shop	127.02909	37.56055
GS25왕십리청계천	shop	127.02622	37.57046
GS25용답	shop	127.05353	37.56417
GS25유어스점	shop	127.04521	37.54270
GS25트리마제점	shop	127.04609	37.53837
GS25한양여대점	shop	127.04910	37.56039
지에스GS25금호벽산점	shop	127.02610	37.55453
지에스GS25상	shop	127.02903	37.56447
지에스GS25성수백영점	shop	127.05044	37.54535
GS25S메트로	shop	127.01589	37.54811
GS25성수SKV1	shop	127.05562	37.54355
GSBOYZ텔레콤	shop	127.03003	37.56395
해성H&C	shop	127.05442	37.54378
한양HABITAT	stay	127.04140	37.55733
쎄콩데haus	cafe	127.04231	37.54656
HDD피자	food	127.05322	37.54298
에르제Herge	food	127.05897	37.54394
HOONTELECOM	shop	127.03839	37.56144
사월House	stay	127.03058	37.56175
지혜정보Ⅱ	shop	127.03839	37.56144
자연도소금빵in성수	food	127.05547	37.54231
INEE	shop	127.02408	37.56659
ING 페스티벌	event	127.04359	37.54362
이리데센트Iridescent	bar	127.04316	37.54716
성공is100	bar	127.04801	37.53886
김가네서울숲IT밸리점	food	127.05035	37.54740
이화수전통육개장서울숲IT밸리점	food	127.05035	37.54740
매머드커피익스프레스성수서울숲ITCT점	cafe	127.04883	37.54128
JBS통신	shop	127.04316	37.56059
JDX멀티스포츠	shop	127.04409	37.54829
JK무역	shop	127.05377	37.54208
JK텔레콤	shop	127.01654	37.54167
조프리케이크JOFREECAKE	cafe	127.04828	37.53853
JS전산	shop	127.05188	37.56280
코리아세븐용답K	shop	127.06147	37.56155
K-비어 페스티벌	event	127.04360	37.54368
K2 성수사거리점	shop	127.06327	37.54276
간지KANZI	bar	127.02212	37.54780
KB행당동지점옆가판	activity	127.03426	37.55779
케이에프씨KFC신금호역점	food	127.01986	37.55434
키ki	bar	127.05396	37.54314
취월당Kitchen	food	127.04522	37.54709
코리야KORIYA	food	127.04641	37.54552
KWANGYA SEOUL	shop	127.04336	37.54416
공유KYOUYUU	cafe	127.05274	37.56237
씨유뉴서울숲L	shop	127.04644	37.54794
Link:연결	event	127.05263	37.54847
왕십리엔터식스LIST	shop	127.03839	37.56144
쎄콩데live	food	127.04232	37.54661
제우인터내셔날LMR	shop	127.04222	37.54683
루쎄로Lucero	food	127.04307	37.54772
세븐M2뚝섬역점	shop	127.04736	37.54719
MAAT커피브루어스	cafe	127.05380	37.54938
밀키샾성수milkyshopseongsu	food	127.05073	37.54393
MJ직수입멀티샵	shop	127.05266	37.56520
MLB 성수점	shop	127.05238	37.54348
MO-NO-HA성수	shop	127.05837	37.54302
모아모스MOAMOS	shop	127.03183	37.56448
모드MODE	shop	127.04270	37.54762
무브온MoveON	bar	127.04456	37.54969
Mr박의돈워리	food	127.03074	37.56935
성동MTB	shop	127.03030	37.56458
무색MUSAEK	food	127.04933	37.54621
My Own Planet, 지구야 놀자	event	127.05787	37.55874
씨제이올리브영올리브영N성수	shop	127.05449	37.54417
하파크리스틴올리브영N	shop	127.05449	37.54417
올리브영N 성수	shop	127.05448	37.54418
나야NaJa	food	127.05178	37.53813
한세엠케이NBA플래그십성수	shop	127.06079	37.54091
세븐일레븐NEWWAVE한양대	shop	127.04662	37.55450
위대한상사NND나누다키친공유식당	food	127.05473	37.54326
에스에스NO.1	activity	127.05469	37.54525
아디다스OCS엔터식스	shop	127.03839	37.56144
OK보청기	shop	127.05318	37.54459
온사이ONSAI	cafe	127.03183	37.56448
신도OS시스템	shop	127.04596	37.54937
아워아워OURHOUR	cafe	127.04684	37.54854
오브이엔아이OVNI	food	127.03521	37.55715
P.G.A골프	shop	127.03834	37.56177
하나복지회하나맛뜨래P&B	food	127.04736	37.54719
에스제이그룹PANAM	shop	127.05941	37.54138
거북선PC방	activity	127.05546	37.53738
도깨비PC방	activity	127.03958	37.56027
래드포스PC	activity	127.01961	37.54817
레드포스PC아레나	activity	127.03261	37.56061
레벨업PC뚝섬점	food	127.04812	37.54936
레벨업PC방	activity	127.05449	37.54586
맞짱PC	activity	127.06743	37.54893
본스PC방	activity	127.04047	37.55956
부영잉크콜PC	shop	127.06515	37.56037
비원PC	activity	127.04047	37.55956
수PC방	activity	127.04682	37.56012
아람PC	shop	127.02875	37.55657
아이닉스PC방	activity	127.04130	37.55794
앤조이PC방	activity	127.05276	37.53777
앤탑PC	activity	127.03238	37.56253
앤탑PC방	activity	127.05449	37.54586
엔탑PC방	activity	127.05449	37.54586
옵티멈존PC카페신금호역점	activity	127.02030	37.55486
웨스트PC방	activity	127.05449	37.54531
인디고PC방금호	activity	127.01804	37.54848
장한평PC방	activity	127.06338	37.56129
지플러스PC방	activity	127.04056	37.55870
탑클래스PC	activity	127.05248	37.56382
텐PC방	activity	127.04038	37.55994
프리미엄본스PC방	activity	127.04821	37.54913
하투PC	activity	127.05456	37.56499
쓰리팝PC;쓰리팝PC2	activity	127.04067	37.55894
레벨업PCCAFE	activity	127.04045	37.55858
피어레스플라워Peerlessflower	shop	127.04768	37.55017
티비엘코퍼레이션PESADE	shop	127.05562	37.54214
PFSMOF플래그쉽스토어	shop	127.04512	37.54592
PGA골프클럽	activity	127.01091	37.54156
플록스phlox	cafe	127.05378	37.53759
베트남쌀국수PHOTRIEU퍼주에	food	127.01961	37.54797
PHYPS MOTORCYCLE	shop	127.05433	37.54352
피제리아앤Pizzeria-Anne	food	127.04882	37.53856
동원PNG	shop	127.03503	37.55778
굿타임PT	activity	127.04194	37.56586
더바른몸PT	activity	127.03436	37.56233
데일리피트니스PT	activity	127.05500	37.53851
리커버리PT	activity	127.04126	37.56536
브라보PT	activity	127.03199	37.56301
빌드업피트니스PT	activity	127.05510	37.54520
성수PT	activity	127.05485	37.54368
찬스짐PT	activity	127.02969	37.56398
퀸스페셜PT	activity	127.05449	37.54531
좋은습관PTSTUDIO옥수	activity	127.01212	37.54730
좋은습관PTSTUDIO왕십리	activity	127.02941	37.56413
꼬지PUB	food	127.04047	37.55956
R.G문구	shop	127.04116	37.56087
R&KInternational	shop	127.04646	37.54409
라온드Raond성수101	stay	127.04816	37.54997
RECTO	shop	127.01293	37.54040
릴레이션RELATION	cafe	127.04863	37.54832
취월당Reservation	food	127.04522	37.54709
로티서리조이RotisserieJOY	food	127.04043	37.54691
RSG 성수	cafe	127.05899	37.54283
루드Rude	cafe	127.05109	37.54362
성수중흥S클레스컴포즈	cafe	127.06135	37.54468
세븐S답십리역점	shop	127.05319	37.56645
세븐S마장역점주	shop	127.04317	37.56629
세븐S신금호역점주	shop	127.02007	37.55454
세븐S왕십리역점주	shop	127.03666	37.56123
세븐S행당역점주	shop	127.02923	37.55728
세븐일레븐S답십리역점	shop	127.05319	37.56645
세븐일레븐S마장역점	shop	127.04317	37.56629
세븐일레븐S신금호역점	shop	127.02007	37.55454
세븐일레븐S왕십리역점	shop	127.03666	37.56123
세븐일레븐S행당역점	shop	127.02923	37.55728
쓰리짐S	activity	127.04734	37.54837
카페S프레소	cafe	127.02408	37.56659
한길S&C	shop	127.06917	37.56021
한양S&S레지던스	stay	127.04116	37.56087
떡산무신사S1점	food	127.05587	37.54032
새들러하우스SADDLERHAUS	cafe	127.05200	37.53870
리틀포레sb01	stay	127.04681	37.54632
리틀포레SB02	stay	127.04681	37.54632
SBS노래연습장	activity	127.04144	37.56565
SBS노래연습장	activity	127.05489	37.54669
SBS노래연습장	activity	127.03078	37.54972
Scene	cafe	127.05326	37.54488
SD모터스	shop	127.03581	37.56293
시즈니seasony	cafe	127.04304	37.54753
센서리커피로스터스SensoryCoffeeRoasters	cafe	127.02412	37.54852
서울맥Seoulmac	food	127.02166	37.54781
쉘리스트리트SHELLEYSTREET	cafe	127.02637	37.56909
SHOWDOG	shop	127.03282	37.56003
SILD	shop	127.05580	37.54238
Sit	cafe	127.01611	37.54428
씨유용답sk점	shop	127.04814	37.56905
세븐일레븐성수SK	shop	127.05161	37.54707
투썸플레이스성수SKV	cafe	127.05562	37.54355
sky당구장	activity	127.04144	37.56565
슬로우팔레트SlowPalette	cafe	127.04515	37.54447
SM상사	shop	127.05368	37.54579
소프트바softbar	food	127.05519	37.54239
강아지Song	shop	127.06630	37.54927
금호동SOOLJIP술집	bar	127.02554	37.54670
킹크로치SPHEREVI	shop	127.05953	37.54096
전담spot	shop	127.02902	37.56421
SR정보통신	shop	127.02944	37.55933
마라스타마라STAR	food	127.04644	37.56095
리버STAY	stay	127.05631	37.53467
SWsoftware	shop	127.02077	37.54952
르빵T65	food	127.03467	37.56398
THE달달행당점	shop	127.03016	37.55746
결이다른Therapy마사지	activity	127.01094	37.54088
TNFWL성수	shop	127.05445	37.54260
TNHLab	shop	127.05953	37.54096
신성통상TOPTEN왕십리비트플렉스점	shop	127.03839	37.56144
美TWO	shop	127.02270	37.54838
유리메라urimera	shop	127.05891	37.54282
USS2 어스투	shop	127.04659	37.54542
채널VJ노래연습장	activity	127.04050	37.55907
더블유W	bar	127.03469	37.56239
이디야성수우리W타워	cafe	127.06207	37.54474
Webconey	cafe	127.05693	37.54469
윕WIP성수	food	127.05436	37.54961
나따오비까with허유산's	cafe	127.03839	37.56144
