㈜이스턴웰스롯데삼강매점	shop	127.04991	37.50545
正닭곰탕	food	127.05068	37.48814
가가불이와바주	bar	127.05824	37.50824
가가솥밥	food	127.03187	37.49503
가거도	food	127.05497	37.50533
가나돈까스의집	food	127.03778	37.50997
가나안	food	127.02726	37.50298
가나안약국	shop	127.02085	37.51702
가담	food	127.03027	37.52642
가드너아드리아	food	127.03666	37.52396
가득김밥	food	127.10184	37.48802
가득드림	food	127.05916	37.51183
가든스테이인서울	stay	127.02890	37.51617
가든에이	shop	127.04269	37.51862
가든파티	bar	127.02260	37.51005
가든패밀리	food	127.03352	37.50972
가디록	food	127.03582	37.52373
가라지리테일	shop	127.06587	37.50615
가라지벤처스	shop	127.03182	37.49689
가람	shop	127.04392	37.49943
가람국시	food	127.03411	37.51684
가람농원	shop	127.11754	37.46673
가람마트	shop	127.08192	37.49140
가람부대찌게	food	127.03675	37.49560
가람식당	food	127.08539	37.48316
가로매점	shop	127.03848	37.52802
가로수길메종키츠네	shop	127.02275	37.51965
가로수길민트약국	shop	127.02211	37.52363
가로수길약국	shop	127.02060	37.52288
가로수길천사약국	shop	127.02299	37.52386
가로수길칼국수	food	127.02068	37.51877
가로수길행복한만두칼국수	food	127.02221	37.52146
가로수브루잉컴퍼니	food	127.02198	37.51953
가로수할인마트	shop	127.02372	37.52155
가로판매	shop	127.03086	37.49859
가로판매점	food	127.02941	37.49531
가루하루	food	127.03808	37.50322
가리비야	food	127.02521	37.50596
가마로	food	127.03813	37.48638
가마로강정	food	127.05119	37.50051
가마로강정	food	127.06440	37.49946
가마솥감자탕	food	127.03563	37.49264
가마솥닭한마리본점	food	127.03721	37.50275
가마솥바베큐치킨	food	127.03803	37.51846
가마솥순대국	food	127.03344	37.49772
가마솥순대국밥	food	127.03146	37.51486
가마치통닭	food	127.02333	37.52377
가마치통닭	food	127.08110	37.48480
가마치통닭	food	127.05299	37.48086
가마치통닭	food	127.10503	37.47477
가마치통닭대모산역점	food	127.07417	37.49109
가마쿠라도산점	food	127.03742	37.52583
가미성형외과	shop	127.02854	37.49870
가배도	cafe	127.02593	37.50403
가부치앤오피엠	shop	127.04850	37.50320
가브리엘	shop	127.05666	37.50220
가비엔누리	cafe	127.02795	37.52309
가비엔누리코람코점	cafe	127.05558	37.50766
가빈아카데미주	food	127.04208	37.52306
가야식당	food	127.03525	37.50744
가연	food	127.03586	37.49945
가연국시	food	127.04603	37.50489
가온	food	127.03635	37.52270
가온뉴트리케어	shop	127.05033	37.52007
가온미르	shop	127.05197	37.47473
가온소사이어티주	food	127.03635	37.52270
가온앰앤디	shop	127.04636	37.51726
가온약국	shop	127.04518	37.51817
가온케이	shop	127.05540	37.52410
가온플랜	shop	127.02888	37.51388
가와주얼리스튜디오	shop	127.03535	37.48708
가왕노래연습장	activity	127.08239	37.48943
가원	food	127.09834	37.48560
가원김밥	food	127.04799	37.49856
가원컴퍼니	food	127.04506	37.52359
가원플라워	shop	127.03025	37.49739
가위캡틴	shop	127.02990	37.49945
가유카페	cafe	127.03610	37.50495
가을겨울	bar	127.04263	37.50475
가이아글로벌	shop	127.02739	37.51635
가이코퍼레이션	food	127.02771	37.50085
가인	bar	127.04380	37.49356
가인	shop	127.02806	37.49862
가인고시텔	stay	127.03301	37.50143
가자	shop	127.02350	37.50748
가자수울판다강남	shop	127.10392	37.47410
가자수울판다카페강남	food	127.10392	37.47410
가장맛있는족발	food	127.10448	37.48856
가장맛있는족발	food	127.08597	37.49075
가장맛있는족발	food	127.04512	37.51123
가정식당	food	127.04889	37.51999
가족한식	food	127.06349	37.51418
가족회관	food	127.05396	37.48946
가진	shop	127.05733	37.50093
가츠몽	food	127.05888	37.49294
가츠몽	food	127.06177	37.51501
가츠몽	food	127.05083	37.52528
가츠몽논현아크로힐스	food	127.03842	37.50953
가츠오	food	127.05346	37.49900
가토프레소	cafe	127.03834	37.51657
가판대	food	127.03103	37.52808
가판점	shop	127.02912	37.49797
가피	shop	127.04006	37.50599
가필드고양이	shop	127.02666	37.52251
각시보쌈	food	127.03928	37.50329
간	food	127.03769	37.52161
간결한대답	food	127.02832	37.53360
간단포차	bar	127.02386	37.50749
간장랭삼집	food	127.04279	37.50509
간지떡볶이돈까스	food	127.03139	37.49955
간지수족관	shop	127.04001	37.48857
간코롯데강남점	food	127.05326	37.49698
갈비삼대	food	127.03935	37.50363
갈빗길	food	127.04459	37.48445
감나무홍시	shop	127.02344	37.50975
감동돼지학동역점	food	127.03350	37.51448
감동식혜	cafe	127.05372	37.50196
감동인사이트	food	127.04861	37.47651
감동칩스	food	127.03594	37.49928
감래등	food	127.05596	37.50413
감미옥	food	127.02381	37.51874
감빠문	food	127.05091	37.51172
감사패션	shop	127.05763	37.52245
감성수작더보스에이엠	food	127.03491	37.50277
감성족발	food	127.02858	37.49929
감성커피	cafe	127.02277	37.50903
감성타코	food	127.02091	37.52070
감성한우	shop	127.04973	37.49421
감자보리밥	food	127.04801	37.50587
감정선프로젝트베이킹	food	127.02632	37.50629
감탄계	food	127.02790	37.50055
감탄성신	food	127.02666	37.50292
감탄정	food	127.03327	37.50371
감탄커피	cafe	127.06135	37.50791
갑기회관강남	food	127.02898	37.51890
갓잇	food	127.02605	37.50414
갓잇	food	127.04471	37.48415
갓잇	food	127.03552	37.52539
갓즈포케강남	food	127.03255	37.50082
갓지은죽	food	127.04396	37.49918
갓텐갓텐스시도곡점	food	127.05396	37.48946
갓텐갓텐스시신사점주	food	127.02254	37.51798
갓텐스시	food	127.02898	37.49882
갓텐코리아갓텐스시스타필드	food	127.05860	37.51024
갓포돈	food	127.03566	37.50162
갓포돈역삼	food	127.03686	37.50348
갓포라멘	food	127.03794	37.52550
갓포문	food	127.04508	37.48465
갓포슈운	food	127.03735	37.52403
갓포아키	food	127.03623	37.52301
갓포아키	food	127.06455	37.50883
갓포우오	food	127.02019	37.51800
갓포카린	food	127.03883	37.52560
갓포하루	food	127.05069	37.51955
강강술래청담점	food	127.05216	37.52518
강기옥부띠끄	shop	127.05797	37.50270
강꼬스시	food	127.03354	37.52026
강남	activity	127.02707	37.52690
강남감자탕	food	127.04901	37.47734
강남게임보드방	activity	127.03613	37.51644
강남고망고케이크	food	127.03017	37.49630
강남고성표구사	shop	127.04060	37.51669
강남고시원	stay	127.03207	37.49515
강남고시원써밋하우스	stay	127.05027	37.50249
강남고양이분양스타돌스	shop	127.02784	37.52482
강남고양이분양캣프렌즈	shop	127.02258	37.52152
강남고양이분양호야캣	shop	127.05388	37.50106
강남고양이분양히어로펫	shop	127.02669	37.50897
강남고양이호텔미용츄캣	shop	127.03010	37.51268
강남고을	food	127.04099	37.52743
강남곱창	food	127.04207	37.51674
강남곱창이야기	food	127.02406	37.50702
강남과일	shop	127.04573	37.49530
강남교자	food	127.05326	37.49698
강남교자스타필드	food	127.05916	37.51183
강남구스테이	stay	127.04076	37.51583
강남구청역약국	shop	127.04180	37.51699
강남국물족발	food	127.04247	37.51032
강남굿모닝약국	shop	127.03576	37.48517
강남김밥	food	127.04333	37.51567
강남꼬뮨	shop	127.04196	37.49224
강남꽃배달예스플라워넷	shop	127.05886	37.49898
강남꿀돼지	food	127.04150	37.51827
강남꿀돼지	food	127.06466	37.51447
강남논현스테이	stay	127.02833	37.50831
강남누룽지	shop	127.06591	37.49962
강남눈꽃한우	shop	127.05279	37.49726
강남당구아카데미	activity	127.05024	37.50346
강남당구장	activity	127.03291	37.49789
강남대골뼈국	food	127.02644	37.50393
강남대공부학사	stay	127.06004	37.50400
강남대성아카데미학사	stay	127.03259	37.49435
강남대성학사	stay	127.03108	37.49449
강남대치블레싱하우스	stay	127.05639	37.49804
강남대학약국	shop	127.03788	37.48592
강남도곡건강생활	shop	127.04514	37.48531
강남도곡프리미엄원룸텔젊은공간매봉역점	stay	127.04523	37.48696
강남돈주는남자	food	127.06436	37.51441
강남돌곱창	food	127.02492	37.52391
강남듀러블스포츠	shop	127.03213	37.51038
강남떡집	food	127.06299	37.49918
강남떡집	food	127.02068	37.51877
강남떡집	food	127.01965	37.52475
강남레지던스주	stay	127.03019	37.50647
강남로또판매점	activity	127.08831	37.49133
강남루	food	127.03135	37.52766
강남루미	stay	127.02967	37.51224
강남루미에르약국	shop	127.02755	37.49922
강남리더스약국	shop	127.10124	37.46576
강남마샬아츠트릭킹트릭스타짐	activity	127.02244	37.51197
강남맛집백년가교동짬뽕	food	127.04388	37.50224
강남메디칼약국	shop	127.06090	37.49806
강남면옥	food	127.05735	37.49747
강남면옥	food	127.03095	37.52143
강남명품금거래소	shop	127.02858	37.49784
강남모바일	shop	127.02831	37.49816
강남모바일	shop	127.04798	37.47829
강남모바일	shop	127.09484	37.48211
강남목장	food	127.04028	37.50032
강남문화사	shop	127.04628	37.51839
강남문화원	heritage	127.02711	37.51385
강남미나리삼겹살	food	127.03088	37.49451
강남미소약국	shop	127.03936	37.50003
강남미약국	shop	127.02878	37.49656
강남미인	stay	127.02631	37.50430
강남밭	food	127.05364	37.50374
강남백순대삼촌네	food	127.03563	37.49264
강남베스트학사	stay	127.03088	37.49503
강남베이프전자담배	shop	127.04870	37.48849
강남벤처스유한책임회사강	shop	127.02634	37.50165
강남보물섬	food	127.03467	37.49904
강남보선약국	shop	127.06299	37.49918
강남보성한의원	shop	127.04830	37.50528
강남복합기프린트렌탈노트북대여매매판매점	shop	127.03633	37.50289
강남봄약국	shop	127.03218	37.49343
강남부엌	food	127.04847	37.47724
강남불고기	food	127.03566	37.50162
강남불백	food	127.03145	37.49549
강남뷰티	shop	127.02807	37.49973
강남뷰티	shop	127.03229	37.51568
강남비너스솔브	shop	127.02806	37.49862
강남살이	stay	127.02630	37.50612
강남삼계탕	food	127.02582	37.50385
강남삼시세끼	shop	127.06591	37.49962
강남상무초밥	food	127.02571	37.50520
강남상사	shop	127.03010	37.49828
강남상회	shop	127.02068	37.51877
강남상회	shop	127.02388	37.50880
강남상회	shop	127.02391	37.50969
강남상회	shop	127.03941	37.49490
강남상회	shop	127.03340	37.50745
강남새천년온누리약국	shop	127.06367	37.50006
강남샘약국	shop	127.04574	37.49510
강남생면우동	food	127.04856	37.49749
강남설렁탕	food	127.02280	37.51043
강남성실전기수리	shop	127.03477	37.51461
강남성인용품몬스터창고	shop	127.02484	37.50539
강남성인용품스페이스	shop	127.02653	37.50244
강남세계로약국	shop	127.04758	37.47520
강남세움근로사업장굿윌스토어	shop	127.10695	37.48698
강남센트럴	stay	127.04222	37.50796
강남셀리뉴약국	shop	127.04947	37.52480
강남소바	food	127.02929	37.49766
강남손제비	food	127.03566	37.50162
강남솔	food	127.03207	37.49836
강남수랏간	food	127.05209	37.50073
강남수산	shop	127.02976	37.49701
강남수상레져	activity	127.01768	37.52771
강남스퀘어약국	shop	127.02803	37.49866
강남스크린골프	activity	127.04180	37.51699
강남스타베이프	shop	127.04870	37.48849
강남스타일빌리지	stay	127.02539	37.50832
강남스테이	stay	127.03660	37.49307
강남스테이원룸텔	stay	127.02881	37.50635
강남스테이호텔	stay	127.03547	37.49942
강남스포츠	shop	127.08428	37.49292
강남시니어플라자	food	127.04322	37.50979
강남시소	food	127.03155	37.49447
강남식당	food	127.03199	37.52820
강남식당	food	127.04102	37.51847
강남실비횟집	food	127.02068	37.51877
강남쌀국수	food	127.03640	37.48587
강남쌀국수	food	127.03350	37.51448
강남썬약국	shop	127.02948	37.49773
강남씨티약국	shop	127.02715	37.49980
강남아이비클럽학생복	shop	127.06853	37.49638
강남아이스크림할인점	shop	127.04799	37.49856
강남아이테라피안경	shop	127.02855	37.52223
강남아인스빌	stay	127.04673	37.50586
강남압구정아이폰수리자재창고	shop	127.02765	37.52653
강남액자	shop	127.03439	37.49162
강남야구아카데미	activity	127.09820	37.46758
강남에이치약국	shop	127.03993	37.51708
강남에코탁구클럽	activity	127.08305	37.49062
강남에프앤비	food	127.03319	37.50115
강남에프앤비집밥한끼	food	127.05033	37.50226
강남에프앤비화덕고깃간	food	127.03319	37.50115
강남엔젤폰	shop	127.06825	37.48898
강남역	bar	127.03074	37.49494
강남연세라인의원	shop	127.02807	37.49862
강남오뎅	food	127.03464	37.50856
강남오뎅압구정	food	127.03117	37.52193
강남오행생식요법원	shop	127.05916	37.49316
강남온누리약국	shop	127.05084	37.50116
강남왕노가리	bar	127.03161	37.49514
강남왕대박	activity	127.03566	37.50162
강남요미독앤캣강아지분양고양이분양	shop	127.04065	37.50856
강남우리온누리약국	shop	127.04951	37.50508
강남우유	shop	127.05233	37.47477
강남원조원주추어탕	food	127.02556	37.50438
강남웰약국	shop	127.02662	37.50124
강남유통	shop	127.02402	37.50875
강남으뜸약국	shop	127.03107	37.49942
강남의료기	shop	127.04631	37.49280
강남의류	shop	127.02806	37.49862
강남인하우스	stay	127.02093	37.51785
강남일미포차	food	127.02823	37.50009
강남잉크랜드	shop	127.03911	37.49301
강남자바	shop	127.02831	37.49816
강남장수미역	food	127.04388	37.50224
강남장어	food	127.02953	37.49582
강남재활용센터	shop	127.08284	37.49084
강남전복해물뚝배기	food	127.03185	37.49173
강남전산마트	shop	127.02980	37.49506
강남전자	shop	127.02806	37.49862
강남전자담배프라자	shop	127.05693	37.50240
강남전자프라자논현역점주	shop	127.02186	37.51153
강남전집	food	127.02754	37.50058
강남점	shop	127.02831	37.49816
강남정성약국	shop	127.03496	37.51362
강남정인한약국	shop	127.03199	37.51405
강남제이제이	activity	127.03102	37.49366
강남제일온누리약국	shop	127.03433	37.50040
강남조은약국	shop	127.03757	37.48560
강남주막	food	127.02769	37.50062
강남주막다방	cafe	127.02336	37.51902
강남주먹고기	food	127.03792	37.51921
강남중고	shop	127.02223	37.51094
강남중고가전가구재활용센터	shop	127.03252	37.50888
강남중고명품매입블루	shop	127.03951	37.52753
강남중고명품시계로렉스매입와치인	shop	127.04723	37.50666
강남중고명품시계매입	shop	127.03665	37.48592
강남중고명품시계출장매입	shop	127.06262	37.49891
강남중고명품아르셀	shop	127.02269	37.52122
강남중고센타	shop	127.02906	37.51316
강남중고폰매입판매에코폰	shop	127.05146	37.50425
강남중앙약국	shop	127.08130	37.49034
강남지엘뷰티	shop	127.02703	37.50606
강남지역자활센터	food	127.10528	37.48901
강남지역자활센터더마실카페세곡점	cafe	127.10273	37.46104
강남지역자활센터엄마밥상	food	127.05166	37.47881
강남지역자활센터청년카페	cafe	127.05166	37.47881
강남지하상회	food	127.02779	37.50043
강남진	food	127.07136	37.49886
강남진해장	food	127.02928	37.49954
강남짐보리	activity	127.04842	37.49923
강남집밥	food	127.06556	37.51050
강남쪽갈비	food	127.03898	37.51743
강남쭈꾸미	food	127.04674	37.51761
강남채소	shop	127.08344	37.48290
강남철판	food	127.03201	37.49240
강남철판요리	food	127.02803	37.52581
강남청년축제	event	127.02831	37.49817
강남청소년센터	activity	127.05405	37.52046
강남청솔탁구	activity	127.08264	37.49061
강남초장	food	127.06835	37.48928
강남축산	shop	127.05464	37.49744
강남축산	shop	127.02466	37.50941
강남치킨	food	127.03323	37.50171
강남코지네스트	stay	127.05942	37.50019
강남코지스테이	stay	127.02851	37.51116
강남코지하우스	stay	127.02764	37.51243
강남콩역삼	food	127.04117	37.50039
강남클라이밍	activity	127.02359	37.50793
강남타이야키코히	cafe	127.06232	37.49364
강남타이야키코히	cafe	127.05975	37.50202
강남탁구장	activity	127.04548	37.47901
강남탁구클럽	activity	127.06152	37.48243
강남태평양약국	shop	127.05217	37.49719
강남테니스아카데미	activity	127.05176	37.49803
강남텍사스홀덤	activity	127.04012	37.50403
강남텔레콤	shop	127.02806	37.49862
강남파티룸더스카이갤러리	shop	127.03148	37.49098
강남패밀리호텔	stay	127.03021	37.50653
강남팰리스	stay	127.04315	37.50664
강남퍼스트약국	shop	127.02034	37.51608
강남페스티벌	event	127.03693	37.52214
강남포도여성의원	shop	127.02687	37.50087
강남프라자	shop	127.02817	37.52584
강남프라자약국	shop	127.03834	37.51657
강남피아노	shop	127.06232	37.49364
강남핑크솔트	shop	127.02806	37.49862
강남하트약국	shop	127.03986	37.51790
강남한끼밥상	food	127.03819	37.49397
강남한우육회	food	127.03521	37.49476
강남핫딜전자담배	shop	127.04267	37.50965
강남햅쌀만꼬마김밥	food	127.10732	37.47380
강남헌옷수거리부트	shop	127.05554	37.50727
강남헌옷수거헌옷수거고고	shop	127.04139	37.51780
강남헬스장에비뉴피트니스	activity	127.03119	37.49157
강남혜자초밥	food	127.02976	37.49701
강남호프	bar	127.08810	37.47176
강남홀덤	bar	127.05483	37.50428
강남홀덤펍	activity	127.03580	37.49360
강남홈식자재마트	shop	127.02720	37.51009
강남홈앤유통	shop	127.05429	37.50424
강남홈유통	shop	127.02720	37.51009
강남회수산	food	127.06844	37.48905
강남후문약국	shop	127.03496	37.48518
강남휴대폰성지자이폰	shop	127.04467	37.49945
강남휴대폰프라자	shop	127.04067	37.49636
강남힘찬장어	food	127.02976	37.49701
강다짐원유로스페셜티강남역지하	cafe	127.02831	37.49816
강도시락	food	127.04361	37.50494
강동수산직판장	food	127.02068	37.51877
강드레	shop	127.04267	37.50965
강릉엄지네꼬막집	food	127.06280	37.50654
강릉엄지네꼬막집	food	127.03670	37.50275
강릉집	food	127.05378	37.49842
강림	shop	127.05916	37.51183
강박사쌈밥	food	127.04361	37.50494
강삼가든	food	127.02730	37.50227
강삼도	food	127.03682	37.49898
강서면옥	food	127.03513	37.52557
강승월한식당	food	127.02407	37.52415
강신덕갤러리	shop	127.05015	37.52637
강씨가문의족발	food	127.02147	37.51240
강아지회관	cafe	127.05615	37.50350
강여사의부엌	food	127.04216	37.49988
강운식당	food	127.04738	37.47783
강원농수산	shop	127.10281	37.47020
강원도떡집	food	127.06729	37.47607
강이남	food	127.05098	37.50399
강정이넘치는집	food	127.04858	37.51879
강정희간장새우	bar	127.05211	37.50257
강죽	food	127.04361	37.50494
강진문어보쌈	food	127.03095	37.52214
강태웅생생아구	food	127.05449	37.51006
강푸드	food	127.04361	37.50494
강하식품	shop	127.03505	37.50243
강화교동상회	shop	127.05009	37.47929
강화메디텍	shop	127.10311	37.48732
강화통통생고기	food	127.02943	37.51903
개구쟁이	bar	127.02949	37.49594
개그맨정용국의용곱창	food	127.04028	37.50807
개꿀이스케이프	activity	127.02649	37.50709
개나리	bar	127.02671	37.52232
개나리노래연습장	activity	127.04392	37.49943
개나리봄약국	shop	127.04842	37.49923
개나리회관압구정	food	127.02956	37.52633
개러지사운드도곡볼륨버거	food	127.04426	37.48536
개성집	food	127.02526	37.50526
개성칡냉면	food	127.08257	37.48947
개성편수	food	127.04789	37.47925
개성풍천장어	food	127.06496	37.51005
개스끼	shop	127.02760	37.52096
개포고매점	shop	127.05942	37.48498
개포골	food	127.06684	37.48869
개포김주아탁구클럽	activity	127.04911	37.47854
개포도서	shop	127.04838	37.47818
개포동손칼국수	food	127.06734	37.48875
개포마을	food	127.06164	37.48277
개포메디칼약국	shop	127.05440	37.48328
개포반찬마을	shop	127.06858	37.48890
개포분식	food	127.06067	37.48312
개포서울약국	shop	127.06842	37.48615
개포약국	shop	127.06074	37.48284
개포이앤티	shop	127.04815	37.47870
개포이화약국	shop	127.07417	37.49109
개포자이프레지던스시니어클럽경로당	food	127.07147	37.48566
개포중고	shop	127.05609	37.48462
개포텔레콤	shop	127.06118	37.48251
개포투엑스휘트니스	activity	127.05321	37.48113
개포푸줏간	shop	127.06152	37.48267
개포플러스약국	shop	127.06118	37.48251
개포한우촌	food	127.06139	37.48277
개포항아리	shop	127.06729	37.47607
개향진미	food	127.05176	37.50272
개화옥	food	127.03859	37.52774
갤러리	bar	127.04015	37.50144
갤러리	shop	127.04870	37.52331
갤러리강남	shop	127.03050	37.51010
갤러리구	shop	127.04833	37.52166
갤러리누리	shop	127.10396	37.49021
갤러리눈주	shop	127.02955	37.51545
갤러리다온	shop	127.05094	37.51066
갤러리다올	shop	127.02973	37.52161
갤러리두두북스	shop	127.04965	37.52055
갤러리두인	shop	127.03933	37.49956
갤러리디바인	shop	127.04374	37.51458
갤러리람	shop	127.04865	37.52243
갤러리로아	cafe	127.05152	37.52562
갤러리루	shop	127.03242	37.52398
갤러리루체	shop	127.04469	37.52079
갤러리문	shop	127.03847	37.49853
갤러리미	heritage	127.04723	37.52526
갤러리바네사프로젝트	shop	127.03875	37.52592
갤러리비브	shop	127.02303	37.51384
갤러리상현제	shop	127.04084	37.51337
갤러리서울	shop	127.02730	37.52092
갤러리씨엔	shop	127.03758	37.52501
갤러리아	shop	127.03322	37.50096
갤러리아	shop	127.05548	37.50809
갤러리아꼼데가르송	shop	127.04005	37.52848
갤러리아닐바렛	shop	127.04184	37.52791
갤러리아띠어리맨	shop	127.04005	37.52848
갤러리아라움에디션	shop	127.04005	37.52848
갤러리아랙앤본	shop	127.04005	37.52848
갤러리아르쥬엘	shop	127.03188	37.51651
갤러리아메종키츠네	shop	127.04005	37.52848
갤러리아명품관	shop	127.04184	37.52797
갤러리아미주	shop	127.04611	37.52653
갤러리아바버	shop	127.04005	37.52848
갤러리아뱀포드	shop	127.04005	37.52848
갤러리아본도곡	shop	127.04456	37.48403
갤러리아비이커남성	shop	127.04005	37.52848
갤러리아슬로웨어	shop	127.04005	37.52848
갤러리아알레그리	shop	127.04005	37.52848
갤러리아오브제조진선	shop	127.04005	37.52848
갤러리아오피신제네랄	shop	127.04005	37.52848
갤러리아온누리약국	shop	127.04022	37.52722
갤러리아이자벨마랑	shop	127.04005	37.52848
갤러리아조셉	shop	127.04005	37.52848
갤러리아질스튜어트뉴욕	shop	127.04005	37.52848
갤러리아포르테포르테	shop	127.04005	37.52848
갤러리아필립림여성	shop	127.04005	37.52848
갤러리안경	shop	127.05599	37.49754
갤러리안경	shop	127.02919	37.53254
갤러리약국	shop	127.02720	37.51009
갤러리에아	shop	127.03672	37.50544
갤러리에이엠	shop	127.02311	37.52159
갤러리에이트	food	127.02981	37.52138
갤러리엔브릭	shop	127.02271	37.51402
갤러리엘	shop	127.05820	37.51099
갤러리영동	shop	127.04232	37.51589
갤러리옳	shop	127.04374	37.50938
갤러리완물	shop	127.04802	37.52114
갤러리위	shop	127.04062	37.52217
갤러리이림	shop	127.05712	37.51295
갤러리이마주	shop	127.03421	37.49889
갤러리이주	shop	127.05916	37.51183
갤러리인디고	food	127.02452	37.51900
갤러리일란	shop	127.05132	37.51740
갤러리장	shop	127.05820	37.51099
갤러리정	shop	127.01980	37.51686
갤러리젬	shop	127.02690	37.52478
갤러리지반	shop	127.02172	37.51205
갤러리카페엔소	cafe	127.10286	37.48105
갤러리키퍼리	shop	127.03326	37.50258
갤러리티움	shop	127.05557	37.51262
갤러리포월	shop	127.03588	37.51410
갤러리프롬퓨처	shop	127.02645	37.50534
갤러리플래닛	shop	127.04591	37.52752
갤러리플래티늄	shop	127.04845	37.52154
갤러리피치	heritage	127.05012	37.52633
갤러리헤세드	shop	127.04674	37.48420
갤러리현	cafe	127.02958	37.51944
갤러리훈	shop	127.04977	37.52124
갤러박스	shop	127.02661	37.52494
갤럭시아코퍼레이션	shop	127.03918	37.52792
갤럭시원룸텔	stay	127.05342	37.51367
갤럭시펍	bar	127.03408	37.50851
갤빈그린	shop	127.04271	37.49969
갯마을낙지	food	127.08257	37.48947
갱상도야채고기찜	food	127.03575	37.49390
갱상도파절이대패삼겹	food	127.03575	37.49390
갱스터피자강남	food	127.03790	37.50618
갸또올리비에	food	127.04879	37.50342
거나하게	bar	127.03532	37.49396
거복	food	127.03330	37.51109
거부기	food	127.04100	37.52591
거북썬블랙	food	127.03759	37.52576
거북집	food	127.03947	37.52739
거성당구장	activity	127.03501	37.50190
거실	bar	127.04957	37.52538
거암아트홀	heritage	127.01908	37.51961
거자필반	food	127.06544	37.50792
거제지심도	food	127.06618	37.50869
거침없이달려노래연습장	activity	127.02345	37.50903
거평식당	food	127.04658	37.50324
거평힐링사우나매점내	food	127.02808	37.50608
건강과땀	activity	127.10307	37.48812
건강과행복	shop	127.03566	37.50162
건강밥상	food	127.04292	37.49666
건강온누리약국	shop	127.06719	37.49601
건강을지키는사랑의손	shop	127.04838	37.50665
건강한너	activity	127.03476	37.50835
건강한생활	shop	127.08264	37.49061
건강해짐	activity	127.03917	37.51117
건영약국	shop	127.03965	37.52389
건우룸	shop	127.04192	37.51882
건하다	shop	127.03678	37.50931
건행가득	shop	127.05080	37.47307
걸스코코	shop	127.02806	37.49862
걸신맛집	food	127.03129	37.49672
걸작떡볶이치킨	food	127.02350	37.50748
검탄소	food	127.03093	37.49295
게리슨	bar	127.04060	37.52641
게리슨	bar	127.03902	37.52748
게릿	bar	127.02737	37.52289
게방식당	food	127.03947	37.51734
게새장터	food	127.03110	37.49759
게스진롯데강남점	shop	127.05326	37.49698
게스진현대무역	shop	127.05976	37.50862
게스트로바리스타	food	127.03728	37.48558
게스트하우스강남	stay	127.03090	37.52612
게임	bar	127.02878	37.52050
게임이너스	activity	127.03510	37.48497
게임잉글리쉬	shop	127.03100	37.52321
게임체인저	activity	127.03231	37.52818
게타라텍스	shop	127.04097	37.50916
게판오분전	food	127.03871	37.52655
겐에프앤비	food	127.03918	37.50750
겐츠만	shop	127.05135	37.47458
겜퍼	shop	127.04526	37.50380
겟올라잇	bar	127.04161	37.52472
겨를	shop	127.04885	37.47971
겨울나그네	bar	127.06161	37.51422
겨울바다	food	127.02632	37.51844
겸상	food	127.03841	37.52699
겸푸드	food	127.04646	37.50411
경	food	127.03415	37.52770
경건한	shop	127.05723	37.50329
경기고매점	shop	127.05607	37.51756
경기테니스장	activity	127.05607	37.51756
경남커피	cafe	127.05470	37.48541
경도시락	food	127.10184	37.48802
경복	food	127.04052	37.50829
경복궁	food	127.04870	37.48849
경복궁블랙오크우드점	food	127.05820	37.51099
경복궁엔타스	food	127.02937	37.52394
경복이모네	food	127.03870	37.50327
경상도갈비국밥	food	127.03508	37.50164
경상도아가씨들	cafe	127.03753	37.49675
경성경양식	food	127.08480	37.48553
경성꽈배기	food	127.05100	37.50080
경성면옥	food	127.05860	37.51024
경성밥상	food	127.02291	37.51507
경성양꼬치	bar	127.04797	37.52462
경성양육관	food	127.03687	37.50332
경성옥	food	127.06337	37.50500
경성찹살꽈배기	food	127.05592	37.50870
경성찹쌀꽈배기	food	127.06591	37.49962
경성찹쌀꽈배기양재역점	food	127.03788	37.48592
경성커피	cafe	127.10301	37.47267
경아의희망담은한약국	shop	127.04219	37.49805
경양식당임정훈	food	127.02976	37.49701
경양카츠가로수길점	food	127.02027	37.51963
경연	shop	127.05916	37.51183
경옥고추어탕	food	127.03563	37.49264
경옥채한약국	shop	127.04701	37.52238
경원수산	food	127.05677	37.51101
경이로운커피	bar	127.02558	37.50586
경주	shop	127.02511	37.53109
경진산업	shop	127.04723	37.50666
경평면옥	food	127.05574	37.51085
경희	shop	127.02832	37.50592
경희상사	food	127.04307	37.51052
경희자연한약국	shop	127.03419	37.50108
경희크리스피바바	shop	127.04789	37.52380
계단꽃	shop	127.03717	37.50131
계동치킨	food	127.06503	37.50808
계륵장군	food	127.03617	37.52063
계릴라도리탕	food	127.04562	37.51109
계몽돈까스	food	127.03396	37.49408
계업식도산	food	127.03618	37.52529
계열사	food	127.03597	37.50936
계작살	food	127.02279	37.50972
계절집	food	127.10448	37.48856
계탄날	food	127.05267	37.50411
고	activity	127.03861	37.52675
고가네철판불백	food	127.03251	37.49137
고객사랑마트	shop	127.05040	37.47532
고갯마루	food	127.03942	37.49940
고고니	food	127.10341	37.48695
고고램	food	127.04124	37.51571
고고랩	shop	127.02560	37.51298
고고살롱	shop	127.02350	37.51999
고고커머스	shop	127.04431	37.50427
고구마명가	food	127.02831	37.49816
고귀한식탁	food	127.03170	37.49879
고급양식	food	127.04076	37.50093
고급오복수산	food	127.02887	37.52532
고기극찬	food	127.04706	37.50592
고기꾼김춘배	food	127.02718	37.50183
고기세상	shop	127.05429	37.50424
고기집	food	127.05924	37.50544
고기창고	food	127.04587	37.48442
고기혁명	food	127.03631	37.51163
고깃집심서방	food	127.06885	37.48930
고꿉집	food	127.03458	37.49309
고끌림	food	127.03378	37.49772
고끌림	food	127.02984	37.51803
고끌림	food	127.03631	37.50920
고니고니	shop	127.04960	37.51436
고다이청담점	food	127.03769	37.52161
고다지풋살스튜디오	activity	127.05203	37.51213
고담식당	food	127.04756	37.50697
고대광실	food	127.04658	37.50324
고대러닝	cafe	127.09873	37.48586
고든램지스트리트버거현대백화점무역	food	127.05976	37.50862
고등어식당	food	127.03110	37.49759
고디바	food	127.06080	37.50919
고디바	food	127.04658	37.50324
고디바	cafe	127.02302	37.52102
고래맥주창고강남	bar	127.03873	37.48622
고래별	stay	127.05155	37.51125
고래불	food	127.03397	37.49633
고래사냥	bar	127.05387	37.51043
고래잡아먹은낙지	food	127.03350	37.51448
고려	shop	127.05945	37.50963
고려무쌍신식요리제법	food	127.04658	37.50324
고려홍삼	shop	127.03215	37.53147
고른햇살	food	127.03201	37.49240
고리나	shop	127.03525	37.50744
고마스	food	127.03440	37.49850
고마워토토	activity	127.06029	37.51924
고망고망	cafe	127.03352	37.50972
고메갈비	food	127.05421	37.50455
고메고매	food	127.05421	37.50455
고메드갤러리아그래머시스퀘어	cafe	127.07417	37.49109
고메드갤러리아부방	food	127.05566	37.50937
고메드갤러리아코엑스연회	food	127.05916	37.51183
고메드갤러리아코엑스캐터링	food	127.05916	37.51183
고메드갤러리아타블레압구정	food	127.04005	37.52848
고메램	food	127.05707	37.50909
고메램	food	127.02033	37.51738
고메스시	food	127.02766	37.50002
고메스테이크	food	127.03856	37.49194
고메키친	food	127.03856	37.49194
고메키친	food	127.03847	37.52156
고메한끼	food	127.05292	37.48911
고반식당	food	127.05714	37.50820
고반식당	food	127.05187	37.50253
고반식당가로수길점	food	127.02193	37.51870
고베규카츠강	food	127.02758	37.50296
고봉당논현역점	food	127.02342	37.50832
고봉민김밥인대치역점	food	127.06295	37.49388
고봉밥상	food	127.03568	37.50084
고봉삼계탕	food	127.05916	37.51183
고부시	food	127.03022	37.51614
고불초삼겹	food	127.03408	37.49223
고비	shop	127.02292	37.52415
고삐	bar	127.03816	37.52605
고설우	food	127.05792	37.50982
고성	bar	127.02501	37.51927
고성북어국집	food	127.05961	37.50264
고센인코퍼레이티드주	food	127.04143	37.52521
고수소셜바	food	127.03711	37.52607
고쉐	shop	127.03724	37.52753
고스피어압구정플래그십	shop	127.03858	37.52619
고시원몽쉘하우스	stay	127.04227	37.49979
고씨네고추장찌개	food	127.02440	37.50802
고씨네역삼배민키친점	food	127.03693	37.49844
고씨네카레	food	127.03693	37.49844
고씨네한신인터밸리	food	127.04658	37.50324
고씨떡볶이	food	127.05616	37.51117
고씨쥬얼리	shop	127.02770	37.52326
고야드아시아퍼시픽리미티드	shop	127.04184	37.52791
고야드아시아퍼시픽리미티드현대	shop	127.05976	37.50862
고양꼬치	food	127.03887	37.50327
고양진생갈비김치찌개	food	127.02929	37.49766
고영애한복	shop	127.03588	37.51410
고와카페	shop	127.05916	37.51183
고요애홈	stay	127.04196	37.51894
고우	food	127.02052	37.51811
고운결뷰티	shop	127.03025	37.49739
고운님	shop	127.10318	37.48676
고운님	food	127.06503	37.50808
고운님	food	127.05810	37.51103
고운님한우곱창	food	127.05590	37.50433
고운떡	food	127.05470	37.48541
고움	food	127.03869	37.49443
고움뷰티	shop	127.04723	37.50439
고유스튜디오	shop	127.04198	37.49654
고유에프앤비	food	127.10133	37.46681
고은재푸드	food	127.03220	37.49571
고은플라워	shop	127.03356	37.51395
고정아클리닉	shop	127.02338	37.51735
고쥬	food	127.02425	37.52034
고지만강남위너복싱다이어트클럽	activity	127.03670	37.50275
고진인터내셔널	shop	127.04139	37.51780
고추장불고기	food	127.02386	37.50749
고쿠	food	127.05302	37.52458
고트	activity	127.04130	37.52657
고품격커피공장뱅뱅	cafe	127.03385	37.48890
고품질	food	127.04109	37.52566
고피자대치	food	127.06040	37.49911
고피자한티역점	food	127.05288	37.49796
고향마을	food	127.03465	37.50070
고향식당	food	127.05763	37.52245
고향식당	food	127.03022	37.51614
고향식당	food	127.05161	37.51206
고향엄마손생바지락칼국수	food	127.03301	37.49198
고향집	food	127.03701	37.51694
고향집	food	127.04506	37.52359
고향집	food	127.04861	37.50600
고향집	food	127.04514	37.50472
고향한식부폐	food	127.04116	37.49580
고향해물칼국수	food	127.02559	37.52619
고화갈비살수서점	food	127.10322	37.48849
고흥집	food	127.02344	37.50975
곤드레소담	food	127.06858	37.48890
곤뜨락	shop	127.04431	37.50427
곤지암소머리국밥	food	127.10732	37.46323
곤지암할매소머리국밥	food	127.03061	37.51083
곤지암할매소머리국밥강남	food	127.03352	37.50972
곤트란쉐리에	food	127.04712	37.50321
곤트란쉐리에개포자이프레지던스점	food	127.06842	37.48615
곤트란쉐리에센트럴시티	food	127.03432	37.49175
곤트란쉐리에압구정현대아파트점	food	127.02919	37.53254
골드	shop	127.06719	37.49601
골드당구장	activity	127.08201	37.48957
골드로즈식당	food	127.05202	37.50421
골드리빙텔	stay	127.06903	37.48901
골드리치	activity	127.10415	37.47456
골드문엔터프라이즈	food	127.03652	37.50532
골드바틀	bar	127.05619	37.50460
골드브릿지와인	shop	127.03938	37.51594
골드스타글로벌	activity	127.05180	37.50108
골드엔에스	shop	127.05522	37.52153
골드윈논현	shop	127.03810	37.51599
골드윈서울	shop	127.03631	37.52564
골드젬	shop	127.05945	37.50963
골드진흥	bar	127.02909	37.49673
골드참치	food	127.02199	37.52283
골드코스트	bar	127.03843	37.50203
골드퀸금거래소	shop	127.06118	37.48251
골드펌프킨주	shop	127.03136	37.52029
골드프라임	shop	127.02841	37.53229
골드피쉬얌차하우스	food	127.03720	37.52529
골드핑거	shop	127.05916	37.51183
골든게이트킹스	shop	127.05522	37.52153
골든구스	shop	127.05976	37.50862
골든디쉬아메리칸차이니즈	food	127.04855	37.50294
골든모먼트	shop	127.03723	37.52839
골든스타	food	127.03890	37.49592
골든아워	bar	127.03385	37.49472
골든에그엔터프라이즈	shop	127.05298	37.52629
골든에이바이오	shop	127.02270	37.50915
골든에이바이오	shop	127.03159	37.51529
골든와이즈컴퍼니	shop	127.04476	37.49758
골든치즈압구정갤러리아	shop	127.04005	37.52848
골든캐슬	shop	127.10669	37.46429
골든클로젯	shop	127.06591	37.49962
골든터치	shop	127.05916	37.49316
골든포레스트에쿼티파트너스	shop	127.05916	37.51183
골든퓨처베이스볼	activity	127.08332	37.49464
골든핏프라이빗짐	activity	127.03310	37.52244
골든하인드	food	127.02299	37.52386
골든하인드	food	127.02389	37.52400
골마켓	shop	127.05540	37.52410
골마켓커머스	shop	127.05540	37.52410
골목	cafe	127.03690	37.49271
골목길와인집	food	127.05612	37.51037
골목식당	food	127.05099	37.52554
골목안경	shop	127.03229	37.51568
골목안생태집	food	127.04411	37.48389
골목안채	food	127.06299	37.49918
골목집	food	127.02693	37.50235
골목짬뽕	food	127.02286	37.50956
골뱅이하우스	bar	127.05764	37.52092
골스튜디오스타필드	shop	127.05712	37.51295
골포드	food	127.03174	37.49611
골프	shop	127.04467	37.49945
골프박스	shop	127.03697	37.52150
골프스타아카데미	activity	127.05479	37.51084
골프스토리	activity	127.11864	37.47031
골프스팟	activity	127.03949	37.51573
골프앤리치	food	127.03665	37.52128
골프존논현도산대로점	activity	127.03519	37.52151
골프존마켓트루핏무역현대점	shop	127.05976	37.50862
골프존아카데미	activity	127.05338	37.50625
골프존카페지카페	food	127.05429	37.52328
골프존투어	activity	127.03344	37.49085
골프존파크	activity	127.06601	37.50185
골프존파크개포동역점	activity	127.06719	37.48905
골프존파크논현강남을지	activity	127.02864	37.51916
골프존파크논현시그니처	shop	127.03308	37.50980
골프존파크논현토너먼트점	activity	127.02808	37.50608
골프존파크대치	activity	127.06447	37.50750
골프존파크대치	activity	127.05146	37.50425
골프존파크삼역	shop	127.04005	37.50034
골프존파크신사	activity	127.02790	37.52283
골프존파크역삼	activity	127.03099	37.50001
골프존파크역삼위너	activity	127.03417	37.49309
골프존파크역삼지앤에프점	activity	127.03888	37.49741
골프존파크터치	shop	127.04284	37.51389
골프트렌드	shop	127.03576	37.52323
골프프렌드	shop	127.03624	37.49122
골프프렌드	shop	127.03392	37.52762
골프프렌드	shop	127.03823	37.49133
골프플래닛	activity	127.03258	37.49515
골프플랜트	activity	127.03113	37.52179
곰다방	cafe	127.02241	37.51587
곰도리곰탕	food	127.06177	37.51501
곰돌이약국	shop	127.05548	37.47856
곰리	food	127.02102	37.52172
곰바로곰탕	food	127.03401	37.49099
곰바우	food	127.05881	37.51489
곰바위	food	127.05883	37.51494
곰브로	shop	127.10773	37.47174
곰푸드	food	127.03719	37.50594
곰프레시	food	127.03719	37.50594
곱	food	127.03155	37.49437
곱도리탕강남논현점	food	127.03621	37.51054
곱창고	food	127.03437	37.49800
곱창과순대국	food	127.06533	37.51216
곱창에빠지다	food	127.03621	37.51054
곱창왕김형제	food	127.03436	37.48532
공간	shop	127.04885	37.51413
공간곡선커피	cafe	127.02880	37.52282
공간이도	cafe	127.02485	37.52032
공감골프	activity	127.05237	37.52517
공감블랙	food	127.02092	37.51919
공감재	food	127.03621	37.51054
공기와물	shop	127.02929	37.49766
공드림	food	127.03098	37.52738
공룡발	shop	127.02831	37.49816
공리	food	127.03199	37.50906
공리	food	127.03952	37.51606
공방슬	shop	127.03948	37.51497
공브라더스	activity	127.03634	37.50976
공브라더스골프아카데미	activity	127.02218	37.51190
공사중	shop	127.03888	37.52792
공수간코엑스몰	food	127.05916	37.51183
공씨네주먹밥	food	127.05783	37.50847
공영식품기소야주	food	127.05758	37.50800
공우이엔씨한강잠원	shop	127.01894	37.52754
공원분식	food	127.08204	37.49147
공원스크립트가로수길점	cafe	127.02251	37.52123
공원스크립트도산	cafe	127.03644	37.52560
공원컴퍼니	shop	127.02635	37.50347
공유숙박한아랑	stay	127.03803	37.51846
공이집청담	food	127.05578	37.51957
공정창업연구소더매칭	cafe	127.03110	37.49662
공존편안하개	food	127.03437	37.51285
공주닭발	food	127.02406	37.50973
공차	cafe	127.04060	37.51669
공차	cafe	127.03457	37.50102
공차강남역점	cafe	127.02806	37.49862
공차국악고점	cafe	127.04957	37.47621
공차대치역점	cafe	127.06295	37.49388
공차대치학원가점	cafe	127.06030	37.49942
공차선릉	cafe	127.05032	37.50330
공차수서역점	cafe	127.10184	37.48802
공차신사세로수길점	cafe	127.02402	37.52438
공차코리아	cafe	127.05916	37.51183
공차한티역점	cafe	127.05239	37.49782
공탕이안	food	127.03531	37.49923
과일앤도시락	food	127.02291	37.51505
과일에반하다프루타	cafe	127.02667	37.50933
과일에반하다프루타	cafe	127.05049	37.51322
과일에반하다프루타양재역점	cafe	127.03523	37.48720
과일의시작야미	cafe	127.02588	37.50594
과일이지	shop	127.09602	37.47206
과일청년	cafe	127.03352	37.50972
곽만근갈비탕강남세곡점	food	127.09922	37.46680
관	shop	127.05326	37.49698
관계	food	127.02589	37.52192
관광호텔태영	stay	127.04911	37.50303
관람	shop	127.03915	37.51482
광개토정육식당	food	127.02614	37.50603
광릉옥	food	127.04699	37.48748
광림마트	shop	127.04210	37.49307
광림마트	shop	127.04141	37.49362
광명당안경	shop	127.03734	37.50199
광보당	shop	127.05977	37.49350
광복집	food	127.03995	37.49583
광부	food	127.04054	37.52198
광부한우	food	127.02260	37.51005
광성약국	shop	127.02305	37.50868
광성유리공업	shop	127.02431	37.52385
광수사	food	127.05427	37.50801
광수육회	food	127.03352	37.50972
광야아트센터	heritage	127.03964	37.52390
광양불고기	food	127.05500	37.50917
광양불고기본가	food	127.06605	37.50190
광양불고기본가주	food	127.03170	37.49879
광양불고기수서	food	127.10376	37.48707
광어군오백양	food	127.02614	37.50673
광윤빌딩이레지던스	stay	127.02103	37.51367
광장포차	food	127.03543	37.50665
광주섬진강	food	127.03514	37.52019
광주식당	food	127.03778	37.52019
광주식당	food	127.06469	37.49716
광주안씨재곤파종중	stay	127.06113	37.49760
광주육전	food	127.02432	37.50854
광짱	shop	127.06162	37.50738
광창정육점	shop	127.05193	37.48360
광평	food	127.06488	37.51436
광평서점	shop	127.07962	37.48286
광혜헬스스포츠센타	activity	127.06476	37.50814
괜찬아	bar	127.02639	37.50475
괜찮은친구들	food	127.02555	37.51969
괴기스러운식당	food	127.03303	37.52026
괴짜반점	food	127.03803	37.51846
교대이층집	food	127.02080	37.51750
교대이층집	food	127.05668	37.50891
교대이층집강남	food	127.02809	37.49948
교동전선생강남	food	127.03007	37.49554
교동찜닭	food	127.03889	37.51290
교수마을초원복집	food	127.10280	37.47947
교정자동차유리	shop	127.08650	37.49384
교촌치킨	food	127.04411	37.48532
교촌치킨	food	127.02748	37.50089
교촌치킨개포	food	127.06196	37.48275
교촌치킨개포	food	127.04691	37.47623
교촌치킨논현	food	127.02342	37.50832
교촌치킨대치	food	127.05264	37.49754
교촌치킨대치	food	127.06179	37.49868
교촌치킨세곡점	food	127.09579	37.47264
교촌치킨압구정	food	127.03630	37.52752
교촌치킨역삼	food	127.03216	37.49189
교촌치킨일원본동점	food	127.08978	37.48484
교촌치킨청담역점	food	127.05421	37.52002
교텐	food	127.02063	37.51988
교토마블샌드위치	food	127.05027	37.50249
교토참치	food	127.08354	37.48977
교회한우리교회	cafe	127.03338	37.48846
구공분식	food	127.03406	37.50211
구구구	food	127.02515	37.52299
구구당	food	127.02788	37.50328
구구스주	shop	127.02959	37.49688
구구족강남	food	127.02350	37.50748
구구족강남	food	127.06218	37.49902
구구족배달대치	food	127.06299	37.49918
구구치킨	food	127.06765	37.48885
구구팔팔	shop	127.05820	37.51099
구내매점	shop	127.04828	37.50230
구담	food	127.03393	37.52636
구도컬렉티브강남	stay	127.03178	37.49827
구드구스스튜디오	shop	127.02039	37.52169
구드마리	food	127.03058	37.52317
구디	food	127.04753	37.51495
구뜰	food	127.04076	37.51645
구룡컴퓨터	shop	127.06595	37.47731
구룡트윈복싱짐	activity	127.06040	37.48316
구루메스시	food	127.02352	37.51054
구르메	food	127.01999	37.51827
구르메에오주	food	127.02747	37.52737
구름계란덮밥	food	127.03352	37.50972
구름약국	shop	127.02741	37.52546
구름커피	cafe	127.03416	37.50431
구면	food	127.04328	37.48302
구민성	shop	127.04309	37.52670
구백냥곱창	food	127.03819	37.49397
구본길펜싱클럽	activity	127.05286	37.50142
구봉산돼지갈비	food	127.04790	37.47693
구상스크린골프	activity	127.06777	37.50152
구석탱이김밥	food	127.05548	37.47856
구스베이커리	food	127.03377	37.50205
구스아일랜드탭룸	food	127.04071	37.51598
구스트	shop	127.02916	37.51852
구십구구	food	127.05611	37.50315
구앤타오	bar	127.03621	37.51054
구야네	food	127.08293	37.49001
구엄품	cafe	127.03440	37.50357
구에스티케이	food	127.02060	37.52288
구울림	food	127.03923	37.49524
구월당	bar	127.03551	37.52624
구월의소철	food	127.04061	37.51744
구이가	food	127.10404	37.48678
구이마마	food	127.05427	37.50357
구인당약국	shop	127.06856	37.49569
구일오	shop	127.03517	37.49947
구일일보드게임카페	activity	127.03848	37.52802
구일일스포츠	shop	127.03355	37.50878
구일일스포츠플러스	shop	127.03356	37.50878
구정족발	food	127.02665	37.52544
구정칼국수	food	127.02700	37.52334
구찌라쿠	food	127.10311	37.48732
구테로이테	cafe	127.05211	37.50951
구테로이테	cafe	127.02753	37.50312
구테로이테청담점	cafe	127.05044	37.52548
구퉁이	food	127.02440	37.50802
구호	shop	127.02747	37.52737
구호롯데	shop	127.05326	37.49698
국가무형문화재기능협회	shop	127.04462	37.51009
국가무형유산전수교육관	heritage	127.04464	37.51020
국고집	food	127.03598	37.48597
국대떡볶이	food	127.05007	37.50291
국대오리	food	127.08539	37.48316
국립관세박물관	heritage	127.03363	37.51812
국립어린이청소년도서관	heritage	127.03015	37.50067
국미당	food	127.03622	37.48615
국민낙곱새	food	127.04435	37.49793
국민닭컴	shop	127.04842	37.49923
국민우유집강남	cafe	127.02406	37.50702
국민한우점	food	127.03392	37.50172
국민한우집본점	food	127.05950	37.50644
국밥쟁이	food	127.02976	37.49701
국밥쟁이수서역점	food	127.10311	37.48732
국밥참맛있는집	food	127.05935	37.50595
국밥카페	food	127.04658	37.50324
국보가든	food	127.05331	37.51389
국빈	food	127.03043	37.49669
국빈	food	127.04444	37.48425
국선도압구정수련원	activity	127.02605	37.51846
국수마을	food	127.06533	37.51216
국수전	food	127.05683	37.52241
국순당와인현대백화점무역	shop	127.05976	37.50862
국제브레인성공아카데미	shop	127.03827	37.50197
국제수입식당	food	127.03396	37.49627
국제아트홀	heritage	127.02747	37.52630
국제엠아이디아이	shop	127.02124	37.51217
국제패션스토어	shop	127.04451	37.51881
국제피트니스전문지도자협회	activity	127.05614	37.49071
국지	shop	127.04842	37.49923
국풍당약국	shop	127.04237	37.51507
군밤먹을래꿀밤맞을래	food	127.02885	37.52656
군천	shop	127.04912	37.47778
굴러들어온복집	food	127.04116	37.49580
굴마을굴국밥	food	127.05252	37.50173
굴비마을	food	127.03803	37.52376
굴비명가	shop	127.06684	37.48869
굴세상해초마을	food	127.03103	37.52808
굽네치킨	food	127.06113	37.49760
굽네치킨강남세곡점	food	127.10717	37.47412
굽네치킨도곡	food	127.04363	37.48453
굽네치킨청담점	food	127.04611	37.51944
굽네치킨학동	food	127.03768	37.52097
굽다	food	127.10415	37.47456
굿	activity	127.06207	37.48286
굿그릴	food	127.03315	37.51124
굿데이	bar	127.03692	37.51562
굿모닝메디	shop	127.03447	37.50717
굿모닝비엔에프	shop	127.03121	37.52229
굿모닝월드주	shop	127.04696	37.51193
굿무드플라워	shop	127.04575	37.50519
굿밴	shop	127.02690	37.52479
굿사마리안레시피	shop	127.02726	37.51747
굿손	food	127.03750	37.52792
굿스테이원룸텔	stay	127.02605	37.50414
굿앤아이안경원	shop	127.08446	37.48402
굿위크앤드주	shop	127.03489	37.49433
굿윌스토어밀알	shop	127.10184	37.48802
굿윌압구정약국	shop	127.02907	37.52670
굿케어약국	shop	127.04041	37.51891
굿타임	shop	127.04842	37.49923
굿푸드앤카페	cafe	127.05525	37.50389
굿프랜드	cafe	127.09356	37.49415
굿피쉬	shop	127.02304	37.52351
궁노래연습장	activity	127.05371	37.50393
궁마을노래연습장	activity	127.09726	37.48577
궁말푸드	food	127.06071	37.51459
궁민김밥김밥천국구	food	127.03337	37.49056
궁정만두	food	127.05119	37.50051
궁중누룽지	shop	127.06591	37.49962
궁중스낵	food	127.02841	37.53229
권숙수	food	127.04359	37.52443
귀금속시계도소매	shop	127.05157	37.49859
귀면무사	food	127.05639	37.52477
귀신반점	food	127.05219	37.51873
귀족볶음밥	food	127.04662	37.49594
귀편한세상보청기	shop	127.05614	37.49071
귀한김치찜	food	127.03492	37.50880
귀한족발	food	127.04712	37.50495
규	shop	127.02054	37.51437
규네	food	127.03179	37.49518
규돈	food	127.05336	37.50382
규상	food	127.03617	37.52063
규상무역	shop	127.05976	37.50862
규씨네	shop	127.04457	37.49622
규카츠정	food	127.02765	37.50031
규카츠정압구정	food	127.03719	37.52514
그고깃집	food	127.06197	37.48301
그날	food	127.03340	37.51999
그남자의파스타도곡	food	127.04373	37.48247
그냥찌개집	food	127.03291	37.49789
그냥플라워앤에스프레소바	food	127.04799	37.47482
그늘집	food	127.05531	37.52221
그때그집	food	127.05827	37.50513
그때그집	food	127.04014	37.51598
그라도스	food	127.02431	37.52235
그라운드써밋	shop	127.04161	37.50998
그라운드에이	shop	127.05714	37.52106
그라운드오리진	cafe	127.10831	37.47349
그라운드커피	cafe	127.04400	37.51393
그란구스또	food	127.05958	37.50198
그랑디르	food	127.03951	37.52771
그랑씨엘	food	127.03585	37.52344
그랑크뤼	food	127.03328	37.50955
그랑파리	shop	127.03928	37.52605
그랑프리문구	shop	127.05614	37.49071
그랑프리안경	shop	127.04177	37.51670
그랑프리안경원한티역역점	shop	127.05464	37.49744
그랑프리옵틱	shop	127.05916	37.51183
그래비티스튜디오역삼지점	activity	127.04417	37.50096
그래스빌	shop	127.05264	37.49754
그래커피	cafe	127.05163	37.50266
그랜드가구	shop	127.04842	37.49923
그랜드노래연습장	activity	127.06684	37.48869
그랜드당구장	activity	127.03595	37.49468
그랜드슬램	activity	127.04329	37.49742
그랜드위스키서울	bar	127.05685	37.51012
그랜드유니폼	shop	127.01971	37.51715
그랜드텔레콤	shop	127.02965	37.51334
그랜디에프앤비	cafe	127.02011	37.52046
그램그램압구정크루즈점	food	127.01917	37.52906
그레이	shop	127.06591	37.49962
그레이	shop	127.05316	37.50474
그레이고	shop	127.03603	37.52589
그레이그리스트밀	cafe	127.01999	37.52076
그레이비	shop	127.03563	37.52664
그레이스	shop	127.04419	37.48238
그레이스	shop	127.05763	37.52245
그레이스	shop	127.02421	37.51061
그레이스	cafe	127.04102	37.51847
그레이스유	shop	127.02826	37.50384
그레이스졸리	shop	127.04051	37.51817
그레이스케일	cafe	127.02825	37.50322
그레이스톤혼밥귀족	food	127.04060	37.51669
그레이스프라이빗짐	activity	127.03366	37.50092
그레이스헤이븐코엑스	stay	127.05155	37.51125
그레이지스테이	stay	127.02877	37.51093
그레이커피	cafe	127.05685	37.50797
그레이프	food	127.05773	37.50766
그레이호텔	stay	127.05291	37.50491
그레인킹	food	127.04761	37.52166
그레텔	food	127.06842	37.48615
그렌그로운	shop	127.05668	37.49890
그로맥스	shop	127.03683	37.49141
그로브스토어	shop	127.03675	37.52546
그로브웍스	shop	127.03224	37.51336
그로스루프	shop	127.02539	37.50563
그로어스	food	127.04544	37.48360
그로우더컴퍼니	shop	127.03459	37.51451
그루	shop	127.05178	37.52673
그루	shop	127.03941	37.51125
그리너	food	127.02534	37.50941
그리너리	food	127.04658	37.50324
그리너에프엔비	food	127.10247	37.47315
그리노도산	food	127.03947	37.52739
그리니어스	food	127.04156	37.49775
그리니치	food	127.07965	37.49434
그리다	shop	127.04723	37.50442
그리다성형외과의원	shop	127.02754	37.49922
그리즐리스스포츠	activity	127.04842	37.49923
그리티감탄스튜디오	shop	127.03257	37.52224
그리티감탄청담	shop	127.03839	37.52599
그릭박스도곡	food	127.03458	37.48571
그릭베리역삼언주점	cafe	127.04013	37.50589
그린가든	food	127.05023	37.50387
그린고시텔	stay	127.05289	37.50100
그린나래	food	127.02535	37.52294
그린레시피	cafe	127.02570	37.50763
그린로그	shop	127.10073	37.46636
그린로드	shop	127.02929	37.49554
그린룸	shop	127.05916	37.49316
그린모아	shop	127.04875	37.47709
그린바이옴팜	shop	127.05416	37.50749
그린벨	food	127.04051	37.51870
그린빌고시원	stay	127.03904	37.51026
그린빌고시원	stay	127.05475	37.49828
그린수기테라피	shop	127.06719	37.49601
그린스투고	food	127.05587	37.50358
그린안경	shop	127.04772	37.47867
그린앤그릴	food	127.05613	37.50582
그린앤그릴	food	127.03803	37.51846
그린앤그릴	food	127.04076	37.50093
그린앤프레쉬	shop	127.05208	37.49734
그린앤플라워	shop	127.03294	37.50008
그린약국	shop	127.02795	37.52309
그린온샐러드압구정	food	127.02790	37.52406
그린자켓	activity	127.06337	37.50500
그린즈	food	127.05156	37.50449
그린터틀논현지점	shop	127.03024	37.51992
그린팜에프앤씨샐러디아	bar	127.04227	37.50055
그린플	food	127.07965	37.49434
그린하우스이펙트	cafe	127.05178	37.52570
그릴식탁	food	127.02722	37.52291
그릴아지사이	food	127.03325	37.50036
그릴한끼	food	127.02960	37.49964
그림과액자	shop	127.04335	37.48180
그림나베학동역점	food	127.03276	37.51556
그림버겐	bar	127.05075	37.52556
그림으로그린세상	activity	127.08246	37.49166
그믐	food	127.04076	37.50093
그전보다이전	food	127.02461	37.50805
그집	food	127.02443	37.50747
극강은마	food	127.06591	37.49962
극동지앤에스	activity	127.02605	37.52557
근본집삼성	food	127.05795	37.50934
근성순대	food	127.03519	37.50161
근성순대	food	127.03683	37.50244
근이네조개전골	food	127.03576	37.48517
근화물산주	shop	127.04407	37.51179
글라스스토리	shop	127.03761	37.52192
글라스안경강남세곡점	shop	127.10124	37.46576
글라스커피	cafe	127.06281	37.50804
글래드위드와인	food	127.03189	37.52786
글래드호텔앤리조트글래드강남코엑스센터	stay	127.06455	37.50883
글램독그라운드삼성	cafe	127.05638	37.51054
글램핏	shop	127.02573	37.51762
글램핑이천	food	127.04059	37.50570
글레이트	cafe	127.05345	37.52599
글로리	food	127.03840	37.50950
글로리	shop	127.03922	37.50250
글로리글로벌강	shop	127.03664	37.50319
글로리아	food	127.03697	37.52150
글로리아	shop	127.04316	37.48255
글로리아진스커피주	cafe	127.02415	37.51631
글로벌	shop	127.02806	37.49862
글로벌나잇	shop	127.03159	37.51529
글로벌대왕버섯	shop	127.02230	37.52169
글로벌리아트	shop	127.05533	37.50161
글로벌린	shop	127.06148	37.48225
글로벌문화원	shop	127.03039	37.49713
글로벌봉피양압구정지점	food	127.02767	37.52067
글로벌이솔루션스	shop	127.05734	37.50663
글로벌플랫폼솔루션	shop	127.02887	37.52185
글로벌하우징	activity	127.03486	37.51393
글로벌호프미션	bar	127.02578	37.51216
글로브	food	127.06080	37.50919
글로스플라워앤가든	shop	127.02580	37.51356
글로우스테이	stay	127.03665	37.49443
글로컬다례하우스	shop	127.05763	37.52245
글로컬어패럴	shop	127.03633	37.50289
글루글루	cafe	127.05444	37.50895
글뤽골프	activity	127.04860	37.51923
글리	food	127.03690	37.52571
글린커피	cafe	127.04686	37.47926
글림오브	food	127.04876	37.47525
글벗서점	shop	127.06299	37.49918
금강강남	shop	127.02381	37.50690
금강디지털보청기	shop	127.08268	37.48519
금강랜드로바논현지점	shop	127.02381	37.50690
금강수림	food	127.03443	37.48517
금강수림주	food	127.03436	37.48532
금강슈퍼	shop	127.02692	37.50756
금강스포츠	shop	127.03215	37.53147
금강시계	shop	127.03215	37.53147
금강안경	shop	127.05976	37.50862
금강안경주	shop	127.02747	37.52737
금강약국	shop	127.02445	37.52678
금강전자냉동	shop	127.02928	37.53154
금강주방	shop	127.03215	37.53147
금거래소압구정점	shop	127.03074	37.52800
금광당	shop	127.02305	37.50868
금녕곰탕	food	127.02616	37.50461
금단제	shop	127.03935	37.52564
금돈옥	food	127.04830	37.51945
금돈옥	food	127.05713	37.49740
금동자원	shop	127.10676	37.46414
금돼지고로케	food	127.02831	37.49816
금란슈퍼	shop	127.08533	37.49308
금별맥주	bar	127.02120	37.51868
금보성	food	127.03597	37.50936
금봉시식당	food	127.04534	37.48455
금빛	shop	127.10347	37.46315
금빛달	food	127.02701	37.50190
금빛상사	shop	127.06094	37.48328
금사랑주	shop	127.05976	37.50862
금산미학바이오헬스	shop	127.03514	37.52019
금산수삼	shop	127.02377	37.50912
금산한스메디컬	shop	127.04049	37.52372
금선	food	127.03447	37.49454
금성스테이크부대찌게	food	127.03585	37.52797
금성아이피	food	127.07965	37.49434
금성유리	shop	127.04688	37.47685
금성유통	shop	127.03118	37.52719
금성커피천랑커피	cafe	127.03285	37.49162
금속공예화랑갤러리오	shop	127.02841	37.53229
금수복국	food	127.03280	37.52355
금수복국	food	127.05534	37.50506
금앤찌	shop	127.04130	37.49588
금양인터내셔날롯데	shop	127.05326	37.49698
금양인터내셔날현대무역점	shop	127.05976	37.50862
금양인터내셔날현대압구정	shop	127.02747	37.52737
금용	food	127.04732	37.51204
금은마에프앤비	food	127.06591	37.49962
금은모	shop	127.02759	37.52573
금은보화	food	127.03170	37.49879
금장한우삼성	food	127.05555	37.51135
금차왕	cafe	127.02166	37.51866
금차왕강남	cafe	127.03788	37.51639
금촌사골순댓국	food	127.10311	37.48732
금커피별빙수	food	127.03728	37.49367
금테판	food	127.03563	37.49264
금홍짬뽕	food	127.02573	37.51762
금화	food	127.03386	37.50143
금화제옥스스타필드	shop	127.05916	37.51183
금화중식당	food	127.10247	37.47315
긍정긍정	shop	127.03723	37.52839
기가스플러스	food	127.03639	37.52307
기기커피	cafe	127.05745	37.51073
기꾸	food	127.02575	37.52477
기람	bar	127.04892	37.52355
기로	cafe	127.05118	37.49844
기린건축	shop	127.03088	37.51292
기린약국	shop	127.03024	37.52694
기무	food	127.03941	37.49490
기분좋은가게	shop	127.06591	37.49962
기븐	activity	127.04240	37.52426
기븐필라테스	activity	127.04368	37.52494
기빙플러스	shop	127.02806	37.49862
기빙플러스수서점	shop	127.10311	37.48732
기쁜우리좋은날	food	127.10073	37.46636
기쁨면家	food	127.03018	37.49757
기쁨약국	shop	127.04772	37.47867
기쁨이네분식	food	127.10729	37.46399
기쁨주는약국	shop	127.10307	37.48812
기세기	bar	127.02448	37.50616
기어스	shop	127.04284	37.51389
기연한식부페	food	127.04878	37.47441
기영약품	activity	127.02854	37.51178
기영이숯불두마리치킨강남	food	127.03315	37.51124
기영이숯불두마리치킨강남	food	127.03439	37.49491
기와집능이백숙삼계탕해천탕	food	127.03986	37.51790
기운	food	127.03408	37.49223
기장꼼장어	food	127.04227	37.50055
기점마라탕	food	127.04658	37.50324
기찬메밀	food	127.04766	37.51211
기타네트강	shop	127.03555	37.52812
기포	bar	127.02553	37.52182
기프코	shop	127.03699	37.50910
기호식품	food	127.03827	37.52405
기흥인터내셔널	shop	127.06686	37.50330
긱스타피시카페	activity	127.04691	37.50522
긱앤잡	stay	127.02531	37.50371
긴자료코	food	127.03505	37.49855
긴자료코	food	127.05949	37.50089
긴자료코강남	food	127.03214	37.52856
긴자카레	food	127.05166	37.50061
길과일	shop	127.10247	37.47315
길농원	food	127.06620	37.50758
길동우동수서역점	food	127.10311	37.48732
길동우동신사역점	food	127.02033	37.51479
길라니후카바	food	127.02775	37.50983
길목	food	127.05642	37.51908
길목신관	food	127.05412	37.51293
길목신별관	food	127.05287	37.51494
길생각	activity	127.05161	37.52409
길손	food	127.02532	37.52507
길채정	food	127.04005	37.52848
길트프리	shop	127.04213	37.52251
길포차	bar	127.05611	37.50315
김가네	food	127.02951	37.49986
김가네	food	127.03153	37.52002
김가네	food	127.02382	37.50999
김가네	food	127.02888	37.51388
김가네강남	food	127.10336	37.47372
김가네김밥	food	127.05683	37.52241
김가네김밥	food	127.08269	37.49132
김가네김밥	food	127.04429	37.48374
김가네대치	food	127.06542	37.50215
김강남매운떡볶이	food	127.03995	37.49583
김강민수능국어	shop	127.05553	37.50728
김경년내과건강식품	shop	127.02940	37.52739
김경애떡방	food	127.06591	37.49962
김남완초밥	food	127.03505	37.49855
김남주바이오	shop	127.03242	37.50973
김대현피티스튜디오	activity	127.03789	37.52533
김대현피티스튜디오도곡한티역점	activity	127.05274	37.49583
김돈이주	food	127.04926	37.50611
김란	shop	127.09921	37.47350
김랩	food	127.03437	37.51285
김록훈베이커리	food	127.02262	37.51542
김명자굴국밥	food	127.05668	37.50891
김미경－플라워	shop	127.03302	37.50201
김미영앤드집밥	food	127.06007	37.50376
김바라김밥	food	127.05401	37.50070
김밥까페	food	127.03043	37.49669
김밥속으로	food	127.02600	37.50349
김밥여행	food	127.05344	37.47427
김밥천국	food	127.05548	37.50809
김밥천국	food	127.07559	37.49266
김밥천국	food	127.02324	37.51010
김밥천국	food	127.03933	37.52487
김밥천국	food	127.03046	37.52785
김밥천국	food	127.04060	37.51669
김밥천국	food	127.04744	37.47898
김밥천국	food	127.05783	37.50847
김밥천국	food	127.10184	37.48802
김밥천국	food	127.03257	37.50033
김밥천국	food	127.05491	37.50691
김밥천국강남	food	127.03268	37.49488
김밥친구들	food	127.03651	37.50002
김밥친구들	food	127.03199	37.51405
김복남맥주수서점	bar	127.10311	37.48732
김볶지존	food	127.04417	37.50096
김봉남포장마차	bar	127.03761	37.51663
김부밀	food	127.02352	37.51054
김부장	food	127.03221	37.49807
김북순큰남비집	food	127.01999	37.52076
김선생	food	127.05904	37.49862
김선생조개찜	food	127.02541	37.50582
김성숙의상실	shop	127.02608	37.52245
김성환짐	activity	127.03810	37.49762
김성훈골프아카데미	activity	127.04950	37.52715
김수사	food	127.02377	37.51727
김스포츠미스테리랜치청담점	shop	127.04558	37.52489
김앤유특산품요리	food	127.03336	37.49161
김양	food	127.03837	37.50270
김여사의오감만족한식·분식	food	127.04503	37.47875
김연옥에스테틱청담	shop	127.04165	37.52384
김연주부띠끄롯데강남	shop	127.05326	37.49698
김영모과자점	food	127.04263	37.51516
김영모과자점	food	127.05132	37.48737
김영모과자점	food	127.06035	37.49368
김영숙그베렛김	shop	127.05151	37.52712
김영주에프엔씨	shop	127.02831	37.49816
김영주에프엔씨강남	shop	127.04131	37.51719
김영희동태찜앤코다리냉면	food	127.05356	37.49753
김이순장춘식당	food	127.02133	37.51850
김이정숯불구이	food	127.05642	37.50991
김정균탁구클럽	activity	127.06440	37.49946
김종목주얼리	shop	127.04225	37.51571
김준석꼬치	bar	127.08385	37.49228
김창환쥬얼리컴퍼니주	shop	127.04056	37.52576
김충기꽃삼겹	food	127.03201	37.49240
김치공장	food	127.05465	37.50471
김치당구클럽	activity	127.05607	37.50949
김치옥	food	127.06337	37.50079
김치찌개	food	127.04421	37.51108
김치찜신사	food	127.02123	37.51768
김치찜에진심	food	127.03712	37.50295
김치찜연가	food	127.03616	37.50158
김치찜은못참지강남	food	127.02561	37.51016
김치찜팝니다	food	127.03745	37.50282
김태완스시대치	food	127.05367	37.49822
김태완스시상점	food	127.05394	37.49795
김태준의탕탕집	food	127.02303	37.51065
김포도컴퍼니	activity	127.03490	37.52644
김포사랑	shop	127.02570	37.50424
김한분	food	127.05947	37.50685
김한성성형외과의원	shop	127.02042	37.51454
김한용의모카	activity	127.03598	37.51634
김해김씨부엌	food	127.03336	37.49161
김현준골프	activity	127.04016	37.51960
김형제컴퍼니	food	127.03377	37.48650
김혜순한복	shop	127.03973	37.49920
까까문방구	shop	127.06115	37.48350
까르뜨블랑슈	shop	127.05326	37.49698
까만미소의하루	cafe	127.03451	37.49836
까망네꽃집	shop	127.05666	37.50220
까멜리아	food	127.03890	37.49592
까미	food	127.03630	37.51467
까발로비안코	food	127.05539	37.51100
까브드뱅현대무역주	shop	127.05976	37.50862
까브드뱅현대주	shop	127.02747	37.52737
까브아뱅	shop	127.06683	37.50798
까브테라스	food	127.02131	37.51876
까사김밥	food	127.02919	37.53254
까사넬로	cafe	127.03472	37.50846
까사도로	stay	127.02976	37.50367
까사레만소	stay	127.07887	37.48370
까사리테일	shop	127.03024	37.51992
까사생갈비	food	127.02616	37.50316
까사알렉시스도산점	shop	127.03024	37.51992
까사알리체	shop	127.02847	37.51739
까사인루체	shop	127.03953	37.52114
까샵그레이	shop	127.03756	37.52619
까세로네	cafe	127.02060	37.51956
까스텔바작도곡직영	shop	127.03314	37.49029
까스텔바작직영	shop	127.03314	37.49029
까시줌마	bar	127.04072	37.50681
까치서적	shop	127.06162	37.49409
까치화방플라워마켓	shop	127.02671	37.50330
까페로마	cafe	127.03772	37.52616
까페시	cafe	127.05223	37.47975
까페텀블러	cafe	127.05662	37.51965
까페한과와락	cafe	127.02714	37.50292
까폼	food	127.03800	37.52488
깐부	food	127.03350	37.51448
깐부치킨	food	127.05649	37.52291
깐부치킨	food	127.03024	37.52694
깐부치킨	food	127.05390	37.50419
깐부치킨	food	127.03511	37.49818
깐부치킨	food	127.06525	37.50859
깐부치킨	food	127.04270	37.50101
깐부치킨	food	127.03756	37.50267
깐부치킨	food	127.05618	37.50872
깐부치킨	food	127.05146	37.50022
깐부치킨	food	127.04939	37.50618
깐부치킨	food	127.10319	37.48868
깐부치킨강남	food	127.04491	37.49511
깐부치킨개포자이	food	127.06842	37.48615
깐부치킨개포포레스트점	food	127.05223	37.47975
깐부치킨대치역점	food	127.06035	37.49368
깐부치킨매봉역점	food	127.04539	37.48566
깐부치킨선정릉역점	food	127.04396	37.51096
깐부치킨세곡점	food	127.10004	37.46682
깐부치킨압구정현대	food	127.02720	37.52335
깐부치킨언주역점	food	127.03283	37.50816
깐부치킨역삼럭키점	food	127.03891	37.49226
깐부치킨은마아파트점	food	127.06299	37.49918
깐부치킨점	food	127.03415	37.50065
깐부치킨청담	food	127.05113	37.52571
깐부치킨청담점	food	127.04119	37.52223
깐부치킨플래티넘점	food	127.03056	37.49490
깐부피자	food	127.06842	37.48615
깐주네꼬마김밥	food	127.02409	37.51014
깡미네	food	127.11389	37.47423
깡우동	food	127.03002	37.51955
깻떡신촌깻잎떡볶이	food	127.05217	37.50244
깻잎막회	food	127.02324	37.51010
꺼벙이분식	food	127.05075	37.50614
껀방푸드	shop	127.03613	37.51644
꼬꼬	food	127.04633	37.51754
꼬꼬	bar	127.04542	37.48596
꼬꼬아찌	food	127.02765	37.50031
꼬꾸이누룽지통닭	food	127.08300	37.48986
꼬꾸이누룽지통닭	food	127.06833	37.49836
꼬끄더그릴	food	127.02015	37.51752
꼬끼오장작구이	food	127.03129	37.49707
꼬네	food	127.02140	37.52220
꼬똥드툴레아꼬똥몽	shop	127.04950	37.52747
꼬르넬리아니갤러리아	shop	127.04184	37.52791
꼬르노	shop	127.02446	37.52243
꼬륵	food	127.02725	37.52020
꼬륵수제도시락	food	127.02725	37.52020
꼬리살랑	shop	127.02901	37.51506
꼬마	shop	127.05824	37.50605
꼬마랑아가랑	shop	127.04871	37.51498
꼬망쎄	food	127.05936	37.49980
꼬모쉐	stay	127.02951	37.49986
꼬모쉐대치동원룸텔	stay	127.06735	37.48875
꼬모스크린	activity	127.04739	37.52635
꼬모옥션주	shop	127.05955	37.51840
꼬추장	food	127.03523	37.50824
꼬치집	bar	127.04603	37.47811
꼭그닭	food	127.02711	37.50244
꼰대김부장고깃집	food	127.02823	37.50080
꼴라미	bar	127.03469	37.52765
꼴라보하우스도산	cafe	127.03523	37.52574
꼴레지오니스타	shop	127.03635	37.51501
꼴로레	shop	127.02772	37.51066
꼼다비뛰드	food	127.02951	37.50336
꼼데가르송현대무역점	shop	127.05976	37.50862
꼼모아	food	127.03822	37.51820
꼼에스테틱신사	shop	127.02429	37.52168
꼼장어와양갈비	food	127.03941	37.49490
꼼터	food	127.03841	37.51727
꽁기컴퍼니	shop	127.03683	37.50790
꽁티드툴레아	food	127.03691	37.52562
꽁티드툴레아더콘란샵점	food	127.05326	37.49698
꽁티드툴레아도산점	food	127.03689	37.52556
꽂이오면	shop	127.02806	37.49862
꽃가마	shop	127.06142	37.49719
꽃나날	shop	127.05666	37.50220
꽃나라라방드	shop	127.04167	37.51764
꽃나래	shop	127.02783	37.51851
꽃내	shop	127.03059	37.49673
꽃누리화원	shop	127.05256	37.48845
꽃돌이네	food	127.03644	37.52811
꽃돼지	shop	127.03310	37.50676
꽃들사이사이	shop	127.05169	37.47398
꽃등심신사	food	127.02615	37.52237
꽃뜨락	shop	127.04396	37.50863
꽃뜰	shop	127.09580	37.47266
꽃미소	shop	127.03050	37.50977
꽃뱅이	food	127.04047	37.51553
꽃보다방수보드카페	activity	127.03160	37.50065
꽃봄	shop	127.10080	37.48663
꽃비	shop	127.02526	37.50526
꽃뿌리	shop	127.04532	37.51164
꽃사랑자연주의플라워	shop	127.10301	37.47267
꽃사랑화원	shop	127.05321	37.47417
꽃아줌마	shop	127.03074	37.52800
꽃을든남자	shop	127.05073	37.47332
꽃을피우고	cafe	127.02736	37.50161
꽃자바	bar	127.03882	37.50077
꽃주막	food	127.02438	37.50696
꽃지삼성	food	127.06161	37.51422
꽃페라	shop	127.03014	37.52775
꽃피어라	shop	127.02572	37.50590
꽃향기속으로	shop	127.05326	37.49698
꽃휘스	shop	127.05503	37.51062
꽈알라보틀숍	food	127.05223	37.47975
꽉찬딜리버리	food	127.03790	37.50618
꽉찬소곱창	food	127.03790	37.50618
꽉찬푸드	food	127.03790	37.50618
꽌안다오	food	127.02150	37.51849
꾸꾸플라워	shop	127.03166	37.51838
꾸덕꾸덕	food	127.05321	37.51235
꾸밈	shop	127.04475	37.52590
꾸부라꼬숯불두마리치킨	food	127.02350	37.50876
꾸브라꼬숯불두마리치킨	food	127.08734	37.49088
꿀꼬집	food	127.03004	37.51856
꿀꽈배기	food	127.06775	37.48865
꿀방울이	food	127.02024	37.51823
꿀스커피	cafe	127.05510	37.49768
꿈과사랑협동조합	shop	127.04658	37.50324
꿈꾸는성형외과의원	shop	127.02699	37.50039
꿈꾸는속눈썹네일	shop	127.03215	37.53147
꿈꾸는애벌레	food	127.05786	37.49737
꿈에그린정육식당강남	food	127.03811	37.51682
꿈의김밥	food	127.04974	37.50629
꿈트리책방	shop	127.05285	37.49820
꿉쇠	food	127.05813	37.50520
꿍닭꿍닭	food	127.03777	37.48626
끄쇼즈	food	127.05663	37.49699
끌레르	shop	127.03541	37.50894
끌레르봉봉	cafe	127.03208	37.50828
끌레오슈가링	shop	127.03682	37.50374
끌로드용	bar	127.03569	37.52808
끌로디플라워	shop	127.06300	37.49315
끌로에	shop	127.04184	37.52791
끓임	food	127.05561	37.51103
끝장	food	127.03682	37.50374
끼니위드팜강남	food	127.02702	37.51111
나가수노래연습장	activity	127.08372	37.48982
나나	shop	127.04100	37.52591
나나	shop	127.03007	37.49551
나나뷰티	shop	127.04723	37.50442
나나블리	shop	127.03019	37.50872
나나상회	food	127.02483	37.51896
나나성형외과의원	shop	127.04122	37.52733
나나에프앤비	cafe	127.02412	37.50621
나나피어싱	shop	127.03804	37.52779
나나힐링	shop	127.08398	37.49192
나누리꽃	cafe	127.07459	37.49234
나눔라이프	food	127.04378	37.50334
나눔밸리	shop	127.04237	37.51507
나는가수다노래연습장	activity	127.02349	37.50815
나능이	food	127.03721	37.50794
나능이능이버섯백숙	food	127.05512	37.50364
나능이능이버섯백숙	food	127.03718	37.50789
나니아	shop	127.02973	37.51947
나더감자탕감자탕	food	127.05201	37.52571
나따오비까	food	127.02068	37.51938
나따오비까	cafe	127.05442	37.49818
나때스타일	shop	127.02019	37.51800
나뛰르에스테틱	shop	127.05554	37.49826
나라셀라압구정현대점	shop	127.02832	37.53360
나라셀라주	shop	127.03154	37.52266
나라셀라청담점	shop	127.03987	37.52292
나라셀라컨시어지	shop	127.02894	37.52112
나라셀라현대무역점주	shop	127.05976	37.50862
나라셀라현대백화점주	shop	127.02747	37.52737
나래에프엔비	food	127.03945	37.50337
나르샤강남	shop	127.02291	37.51505
나르샤노래연습장	activity	127.05561	37.51103
나를위한산부인과의원	shop	127.02929	37.49555
나리	food	127.04105	37.51625
나리	shop	127.07765	37.49421
나리식당	food	127.04171	37.52453
나리약국	shop	127.05884	37.49795
나무마음	food	127.03575	37.51800
나무설렘	shop	127.04150	37.51827
나무숨	shop	127.05005	37.50576
나무아트서비스	food	127.03613	37.51644
나무와현덕	shop	127.03937	37.48661
나무하나	shop	127.04130	37.52679
나무현	shop	127.06745	37.48856
나비	food	127.03615	37.51204
나비부인	shop	127.04842	37.49923
나비약국	shop	127.02852	37.52159
나비웍스	shop	127.02874	37.49763
나비잠	stay	127.03176	37.51911
나비잠안마의자	activity	127.03433	37.50066
나비잠안마의자선릉한신인터밸리점	activity	127.04658	37.50324
나사오	shop	127.03440	37.49850
나아짐	activity	127.03050	37.52603
나연	shop	127.04506	37.52359
나연강남점	shop	127.02066	37.51744
나와	bar	127.10073	37.46636
나우	shop	127.02806	37.49862
나우갤러리	shop	127.03258	37.49515
나의가야	food	127.05976	37.50862
나의가야	food	127.02747	37.52737
나이브	cafe	127.05044	37.52548
나이스	bar	127.05800	37.50872
나이스샤워	food	127.05184	37.50353
나이스샤워	food	127.03302	37.49758
나이스샤워치유	food	127.02171	37.52172
나이스웨더	shop	127.02134	37.52091
나이스타이밍컴퍼니	food	127.03007	37.49551
나이키골프	shop	127.03831	37.49189
나이키골프현대무역점	shop	127.05976	37.50862
나이티지	food	127.03161	37.49554
나인블럭역삼한국기술	cafe	127.04378	37.50334
나인센스	cafe	127.05553	37.50728
나인셉템버	shop	127.04444	37.50356
나인스크린골프	activity	127.04479	37.47861
나인애플	food	127.05262	37.50449
나인에스	shop	127.05765	37.50086
나인원	bar	127.04144	37.52414
나인위스키	food	127.06092	37.50677
나인트리	shop	127.03916	37.48559
나인틴먼스	cafe	127.04502	37.48658
나인플라워	shop	127.04770	37.52235
나인플렉스	activity	127.03088	37.51292
나자인스타필드코엑스	shop	127.05916	37.51183
나자인청담	shop	127.04947	37.52093
나주곰탕	food	127.03496	37.50112
나주곰탕	food	127.03333	37.51506
나주곰탕우정집	food	127.03189	37.50060
나주본가설렁탕	food	127.05404	37.51052
나주본가왕갈비탕강남	food	127.03015	37.49449
나주본곰탕	food	127.10681	37.47476
나주설렁탕	food	127.11917	37.46930
나주소머리곰탕	food	127.10184	37.48802
나즈드라비	food	127.02608	37.50207
나치	shop	127.05941	37.51472
나코바이오	shop	127.04723	37.50442
나투라파트너스	food	127.03881	37.52162
나폴레옹과자점	food	127.05795	37.49243
나폴레옹제과점롯데	food	127.05326	37.49698
나폴리회관	food	127.02908	37.50017
나항	food	127.02060	37.51956
나향반점	food	127.04008	37.50989
낙여삼	food	127.03319	37.48914
낙원떡방앗간	food	127.07911	37.49324
낙원떡방앗간	food	127.04947	37.47436
낙원떡집	food	127.02377	37.50912
낙원화원	shop	127.02841	37.53229
낙지마을	food	127.07965	37.49434
낙타브루잉	bar	127.02666	37.50292
난닝구	shop	127.05916	37.51183
난다모랩	shop	127.03614	37.50098
난달라푸드테크놀로지	food	127.05625	37.51025
난랑	food	127.03159	37.51529
난만	cafe	127.04059	37.50570
난바스낵압구정로데오	bar	127.03801	37.52573
난바스테이션	food	127.02496	37.50819
난분식	food	127.06719	37.49601
난타	activity	127.02428	37.51042
난포코엑스	food	127.05916	37.51183
난희향	shop	127.03775	37.50991
날날리신선육회연어	food	127.02589	37.50718
날마다막창	food	127.05199	37.50227
날마다좋은한우왕	shop	127.04973	37.49421
날쌘카페강남	cafe	127.04225	37.51571
날으는오징어	food	127.05794	37.50819
날이좋아서	bar	127.04363	37.48493
남강씨앤엘	shop	127.04187	37.51844
남경반점	food	127.06812	37.49866
남경중화요리	food	127.04225	37.49356
남다른	shop	127.06885	37.48930
남다른감자탕	food	127.06143	37.50716
남다른감자탕학동	food	127.03782	37.52109
남대	food	127.02069	37.51800
남대문안경	shop	127.04516	37.47821
남대문진주집	food	127.04396	37.51096
남도	food	127.03283	37.50607
남도감자탕	food	127.05353	37.50508
남도구들	food	127.03747	37.49639
남도낙지	food	127.04347	37.49697
남도랑	food	127.03216	37.49414
남도반찬	shop	127.03976	37.49171
남도밥상이어요	food	127.06075	37.51549
남도밥상이어요삼성	food	127.05161	37.51206
남도본가푸드	food	127.03592	37.50366
남도사계고운님	food	127.05590	37.50433
남도수입코너	shop	127.03665	37.48592
남도술상	food	127.03459	37.50080
남도식당	food	127.03344	37.49085
남도애찬	food	127.03189	37.49416
남도인테코	shop	127.05027	37.50249
남도포차	food	127.03283	37.50607
남부	food	127.04751	37.50552
남산옥	food	127.06619	37.50846
남산터	food	127.04035	37.52402
남서울	shop	127.05977	37.49350
남서울민물장어	food	127.02954	37.50633
남소관우육도삭면	food	127.02752	37.49961
남순남순대	food	127.03344	37.48919
남순남순대국	food	127.03344	37.48919
남아공이미래다	shop	127.03530	37.50608
남양동양문가로수길점	food	127.02143	37.52252
남오토코	bar	127.03569	37.49852
남오토코	bar	127.06236	37.50725
남원추어탕	food	127.04879	37.50342
남원추어탕	food	127.05257	37.50693
남은양행	shop	127.04573	37.52437
남일글로벌	shop	127.05950	37.50644
남일문구	shop	127.08246	37.49166
남자식당	food	127.04430	37.50093
남자피자	food	127.04493	37.48221
남자피자	food	127.04970	37.51548
남주네푸드	food	127.07460	37.49233
남파고택롯데강남점	food	127.05326	37.49698
남포동수제비	food	127.05916	37.51183
남해안집	food	127.03569	37.49852
남해안집	bar	127.05783	37.50847
남호식당	food	127.03610	37.49879
낫옛퍼블리시드	shop	127.04319	37.48519
낭낙	food	127.02053	37.51841
낭만식객	food	127.03566	37.50162
낭만식당	food	127.04070	37.51555
낭만크루	shop	127.04307	37.50112
낭만포차	bar	127.03866	37.52640
낯선천장	food	127.02374	37.50766
내가국수다	food	127.10847	37.47367
내가왕이라면	food	127.03791	37.49561
내가찜한닭	food	127.02774	37.49986
내경	shop	127.05533	37.51891
내고향복반찬	shop	127.07911	37.49324
내고향소주리	food	127.05131	37.50319
내림손삼계탕	food	127.05917	37.50554
내림손삼계탕	food	127.06533	37.51216
내림손삼계탕	food	127.03847	37.49853
내셔널지오그래픽롯데강남점	shop	127.05326	37.49698
내슈빌스테이크하우스	food	127.05741	37.49218
내여자를부탁해	food	127.04658	37.50324
내추럴보이	shop	127.04410	37.52290
내추럴보이	shop	127.04686	37.52274
내추럴올가	shop	127.08119	37.49064
내츄럴	shop	127.02953	37.49582
내츄럴에프앤씨	shop	127.02296	37.51006
내츄럴헬스케어	shop	127.05146	37.50022
내함주	food	127.04389	37.48413
냇물아흘러흘러	cafe	127.10667	37.46352
냉동고집삼성	food	127.05548	37.50809
냉동고집역삼	food	127.03496	37.50130
냉부차	food	127.02409	37.51014
냉삼식당	food	127.03535	37.49393
냉삼식당	food	127.03617	37.52063
냉삼식당	food	127.03161	37.49554
냉삼옥강남자곡	food	127.10370	37.47411
냉철한삼겹	food	127.08239	37.48943
냠냠쿠키	food	127.02597	37.51947
냥만꽃카페	cafe	127.03723	37.52839
너가찾던곱도리탕	food	127.05405	37.50248
너구리전자담배	shop	127.07417	37.49109
너드맨즈	shop	127.03569	37.52808
너마늘안동갈비	food	127.03318	37.50182
너에게꽃치다	shop	127.02831	37.49816
너울나비	shop	127.02909	37.51241
너티프레소	food	127.03349	37.49853
넘버링도산	shop	127.03687	37.52596
넘버에이트	shop	127.02131	37.52277
넘버원스포츠	activity	127.02989	37.51921
넘버원짐	activity	127.03866	37.52697
넘버원짐	activity	127.03047	37.52557
넘버원쿨러	shop	127.08592	37.49330
넘버일레븐셀러	food	127.04534	37.52573
넘타코	food	127.03024	37.52694
넙딱집	food	127.03941	37.49490
네기	food	127.02404	37.51949
네기다이닝라운지	food	127.02405	37.51954
네기실비	food	127.02367	37.51949
네기컴퍼니	food	127.02492	37.51938
네네치킨역삼	food	127.03606	37.49329
네드짐청담	activity	127.04611	37.52653
네마	shop	127.03233	37.49457
네모오징어	food	127.06683	37.50798
네모오징어가로수길점	food	127.02300	37.51919
네모오징어역삼	food	127.03503	37.50313
네모집	food	127.02732	37.51857
네모컴퍼니	food	127.03745	37.50282
네모푸드	food	127.03575	37.49390
네버더레스	shop	127.02270	37.50915
네버랜드	cafe	127.02726	37.50765
네버엔딩스토리	shop	127.04842	37.49923
네비아뷰틱	shop	127.02790	37.52406
네세서리커피	cafe	127.08345	37.49000
네스트드림	stay	127.03916	37.50264
네스트스테이강남	stay	127.02787	37.50962
네오뷰티	shop	127.03351	37.49761
네오에프엔비	food	127.02463	37.51940
네오원	shop	127.03284	37.48966
네오클래식	shop	127.02360	37.52181
네온스무디	bar	127.03719	37.52627
네이브워터	shop	127.02747	37.52737
네이처라우드	cafe	127.04819	37.50377
네이처리퍼블릭	shop	127.02831	37.49816
네이처리퍼블릭	shop	127.02819	37.52683
네이처리퍼블릭메트로논현역	shop	127.02166	37.51120
네이처리퍼블릭메트로청담역	shop	127.05364	37.51944
네이처리퍼블릭수서역점	shop	127.10185	37.48739
네이처서플라이	shop	127.09975	37.46641
네이처슬립	shop	127.04052	37.49551
네이처펫	shop	127.03762	37.49444
네이처푸드빌가온국시	food	127.02280	37.51043
네이처프레시팔화당	food	127.04793	37.50317
네이쳐블	shop	127.03477	37.51461
네일무제	shop	127.04139	37.51780
네파	shop	127.10307	37.48812
네파주	shop	127.10307	37.48812
넥서스그린	shop	127.04928	37.47885
넥서즈	shop	127.02001	37.52258
넥스비	shop	127.05798	37.50681
넥스트다이닝	food	127.03815	37.50305
넥스트모빌	shop	127.06142	37.49719
넥스트웍스	shop	127.02814	37.50638
넥스트컴	shop	127.03104	37.49185
넥시스코어	shop	127.05098	37.50399
넵스홈	shop	127.03047	37.51999
넵타임커피	cafe	127.03312	37.51568
녘	food	127.02667	37.50276
노가리슈퍼	bar	127.05217	37.50244
노가리슈퍼	bar	127.10133	37.46681
노가리앤비어	bar	127.03941	37.49490
노가리청춘	bar	127.06844	37.48905
노걸대감자탕직화뼈구이점	food	127.03966	37.50063
노네임	bar	127.03617	37.52063
노네임바	food	127.03454	37.52564
노노어컴퍼니	shop	127.02482	37.51960
노다지삼겹살	food	127.06426	37.50105
노들강	food	127.02597	37.50623
노들강본채	food	127.02599	37.50628
노뜨르	food	127.03858	37.52533
노라에프앤비	food	127.02800	37.51853
노란꼬무줄	cafe	127.05884	37.49795
노란꼬무줄	cafe	127.06040	37.49911
노란꼬무줄	cafe	127.05441	37.49780
노란상소갈비강남	food	127.03207	37.49836
노란상소갈비강남	food	127.03917	37.51752
노랑통닭	food	127.05429	37.50424
노랑통닭강남	food	127.03864	37.51667
노랑통닭강남	food	127.10336	37.47372
노랑통닭점	food	127.03577	37.50217
노래야노래야코인노래연습장	activity	127.03184	37.49558
노래연습장	activity	127.05285	37.50365
노르디	food	127.03148	37.52340
노른자쇼핑수산	shop	127.04636	37.51726
노릇노릇	food	127.05465	37.50984
노리	food	127.05335	37.49767
노리밋그룹	shop	127.03675	37.52662
노리타	food	127.02683	37.50083
노리터	activity	127.03732	37.51699
노리터	food	127.05119	37.50051
노마드	bar	127.05347	37.52654
노마드블룸	shop	127.04186	37.50590
노메지점	bar	127.06175	37.51517
노모	shop	127.02944	37.51616
노모어피자	food	127.06885	37.48930
노모어피자	food	127.03058	37.52721
노모어피자청담점	food	127.04908	37.51888
노바골프	activity	127.08220	37.49154
노바벨리타	shop	127.04638	37.52698
노바아이앤씨	shop	127.03287	37.49607
노바약국	shop	127.02722	37.50751
노박사골뱅이	bar	127.06734	37.48875
노벨약국	shop	127.04028	37.51798
노불레스	stay	127.03575	37.50138
노브랜드강남	shop	127.05112	37.51630
노브랜드강남대치역점	shop	127.06266	37.49458
노브랜드강남세곡점	shop	127.09841	37.46681
노브랜드버거뱅뱅	food	127.03298	37.49025
노브북스	shop	127.03264	37.52159
노블당구장	activity	127.03503	37.50143
노블레지던스	stay	127.03424	37.50900
노블바이오메디컬	shop	127.06058	37.50759
노블워치논현	shop	127.03136	37.52029
노블코코지점	shop	127.03671	37.52601
노블테이블	food	127.05026	37.51510
노블플라워	shop	127.02978	37.51729
노블하우스	stay	127.05611	37.50367
노비스	shop	127.05976	37.50862
노비아	shop	127.03830	37.52228
노숙자아구샤브샤브	food	127.04822	37.47809
노스텔지아코퍼레이션	shop	127.03132	37.52736
노아	bar	127.03025	37.49739
노아스테이	stay	127.02345	37.52118
노아시티하우스	shop	127.03557	37.52727
노아에프엔비노아베이커리	food	127.02939	37.52681
노아에프엔비노아베이커리강남	food	127.04674	37.51761
노아에프엔비에이커스점	food	127.02431	37.52068
노아이디어피자	food	127.02433	37.51896
노아인터네셔날	shop	127.03584	37.49964
노아종합상사주	food	127.02939	37.52681
노앙	shop	127.02709	37.52229
노영희의그릇	shop	127.05167	37.51755
노오랑김밥분식	food	127.05146	37.50425
노웨어	food	127.06552	37.51167
노을	food	127.03135	37.52386
노이록	shop	127.03459	37.49654
노이에아트멍	cafe	127.02593	37.52025
노이에에잇	shop	127.05051	37.52605
노이코퍼레이션	shop	127.02832	37.50592
노이피오레	shop	127.06542	37.50215
노참치스시	food	127.02711	37.50244
노켄	shop	127.04795	37.52395
노크노크	cafe	127.06324	37.50002
노크커피바선릉	cafe	127.05280	37.50236
노크플러스	shop	127.02364	37.51966
노타임포유	food	127.09986	37.48499
노트	bar	127.03600	37.50764
노트북렌탈	shop	127.05100	37.47448
노티드삼성	food	127.06389	37.51005
노틸러스넥스트빅씽투자조합	food	127.03074	37.50073
노퍼블릭	bar	127.02317	37.52139
노퍼블릭	food	127.03665	37.48592
노포칼국수	food	127.04540	37.48386
노플렉스	bar	127.03690	37.52501
녹색마을	shop	127.06729	37.47607
녹스	bar	127.05205	37.50359
녹스부띠끄관광호텔	stay	127.03974	37.50270
녹십자옵티마약국	shop	127.05053	37.47469
녹티인터내셔널	shop	127.03613	37.51644
논골소반	food	127.02671	37.52232
논골집	food	127.09920	37.48624
논골집	food	127.04961	37.47491
논골집영동점	food	127.02420	37.50782
논두렁오리주물럭선릉	food	127.05409	37.50374
논픽	shop	127.03160	37.49742
논현감자탕	food	127.03500	37.51560
논현건강생활	shop	127.03917	37.51117
논현고시원	stay	127.04059	37.51797
논현골프	shop	127.03499	37.51422
논현골흑염소	food	127.02658	37.50763
논현닭한마리	food	127.03938	37.51594
논현담설렁탕	food	127.02180	37.51235
논현당구클럽	activity	127.02305	37.51137
논현돈	food	127.02607	37.50875
논현동네카페	cafe	127.02822	37.50999
논현동약국	shop	127.03091	37.51500
논현로	cafe	127.03022	37.50526
논현무샤	food	127.03024	37.51748
논현문화마루도서관	heritage	127.02712	37.51390
논현밀밭직화구이	food	127.03075	37.50828
논현빈대떡	food	127.03350	37.51448
논현사랑	shop	127.03744	37.51626
논현삼겹	food	127.03107	37.51598
논현삼계탕	food	127.10407	37.48193
논현삼계탕	food	127.02680	37.51955
논현새강남	food	127.02443	37.50825
논현생고기	food	127.02545	37.51133
논현서비스	activity	127.02835	37.50773
논현손국수	food	127.03222	37.50761
논현손칼국수	food	127.03222	37.50761
논현수구레	food	127.04290	37.51222
논현수약국	shop	127.04077	37.51796
논현스테이	stay	127.02834	37.50953
논현약국	shop	127.03967	37.51613
논현양꼬치	food	127.02572	37.50993
논현연세약국	shop	127.02707	37.50891
논현오뎅	bar	127.02696	37.50908
논현오피스	shop	127.03576	37.51602
논현유통	shop	127.03150	37.51792
논현일등복권	activity	127.02281	37.50884
논현장어	food	127.03392	37.50172
논현전	bar	127.02279	37.50972
논현전시장	shop	127.02656	37.51294
논현집	food	127.02959	37.51915
논현차돌집	food	127.02437	37.50840
논현천사약국	shop	127.03404	37.50765
논현쵸	shop	127.02630	37.50958
논현튠의원	shop	127.02890	37.52616
논현푸드	food	127.03225	37.50853
논현필리아약국	shop	127.04229	37.51376
논현하우스	stay	127.02834	37.50953
놀란치킨	food	127.05156	37.50449
놀러오개애견유치원애견호텔	shop	127.04205	37.48462
놀러와	activity	127.05287	37.50411
놀러와노래연습장	activity	127.03781	37.50275
놀부부대강남시티점	food	127.02728	37.50091
놀부부대찌개	food	127.10184	37.48802
놀부부대찌개	food	127.02728	37.52478
놀부부대찌개역삼	food	127.04162	37.49760
놀부청담	food	127.05640	37.52238
놀부포차	bar	127.10319	37.48868
놀숲	cafe	127.02703	37.52528
놀숲	cafe	127.02797	37.50098
놀숲가로수길점	cafe	127.02131	37.51795
놀숲신사가로수길점	cafe	127.02241	37.51817
놀이와학습	shop	127.05203	37.50008
놀이터과일	shop	127.03941	37.48889
농민	food	127.05301	37.50372
농민백암	food	127.05318	37.50380
농민백암순대	food	127.03149	37.49491
농산물미트	shop	127.03632	37.52786
농협유통수서점	shop	127.08831	37.49133
농협유통하나로마트청담점	shop	127.04472	37.51810
농협홍삼인삼	shop	127.03721	37.52798
농협홍삼인삼	shop	127.03565	37.52565
뇽즈	food	127.03352	37.50972
누구나선불폰	shop	127.03053	37.49848
누구나홀닥반한닭	food	127.04781	37.50528
누구나홀닭반한닭	food	127.04396	37.49918
누구나홀딱반한닭	food	127.03976	37.49171
누나네	bar	127.05677	37.51101
누네안경	shop	127.05040	37.50447
누네조은약국	shop	127.05040	37.50447
누누커피	cafe	127.05754	37.51201
누드	bar	127.04501	37.51090
누드크랩	food	127.03469	37.49461
누들스아커밍	food	127.03231	37.50868
누들톡신논현역점	food	127.02503	37.50463
누렁국수	food	127.08405	37.49491
누룽냉면	food	127.02960	37.49964
누리다	shop	127.02297	37.51818
누리모터스	shop	127.04949	37.47887
누리아	shop	127.03721	37.52798
누리약국	shop	127.04475	37.50286
누리정보	shop	127.05010	37.47314
누리초밥참치	food	127.02476	37.50610
누보영	food	127.04197	37.48495
누아르	food	127.03949	37.51811
누앙스미묘한차이	cafe	127.04529	37.52607
누에디트	food	127.04466	37.48316
누오보	shop	127.10301	37.47267
누와	food	127.01908	37.51960
누크	cafe	127.02743	37.51244
눅	cafe	127.03911	37.49301
눈그림	shop	127.05255	37.51210
눈사람	shop	127.04663	37.51842
뉴골드	activity	127.06812	37.48875
뉴광명수산	food	127.02345	37.50903
뉴네스트	shop	127.05368	37.50483
뉴데이호텔강남도곡	stay	127.04306	37.49270
뉴델리	food	127.03063	37.52750
뉴라필름	activity	127.03110	37.49662
뉴로하이짐	activity	127.04059	37.50811
뉴마사이워킹	shop	127.04842	37.49923
뉴만두집	food	127.03888	37.52792
뉴몰드	shop	127.06021	37.51526
뉴본메디컬트레이닝센터	activity	127.05071	37.50158
뉴브랩	shop	127.04431	37.50427
뉴서울휴게소	food	127.05055	37.50293
뉴성심장여관	stay	127.04009	37.50079
뉴스타노래연습장	activity	127.03682	37.49898
뉴스타하이볼	bar	127.05574	37.51085
뉴스틸페이퍼커피	cafe	127.02446	37.52243
뉴에라캡	shop	127.03703	37.52407
뉴욕	bar	127.03284	37.48966
뉴욕김치찌개	food	127.02929	37.49766
뉴욕네일	shop	127.02320	37.52126
뉴욕네일	shop	127.05763	37.52245
뉴욕노래밤	bar	127.03284	37.48966
뉴욕라츠오베이글스	food	127.03662	37.52686
뉴욕러브베이글강남	cafe	127.02654	37.50261
뉴욕바	bar	127.03059	37.49673
뉴욕스토리	shop	127.02806	37.49862
뉴욕안경	shop	127.02831	37.49817
뉴욕약국	shop	127.02875	37.49868
뉴욕화인아트	shop	127.10274	37.47988
뉴이너리	shop	127.05781	37.50866
뉴콘서트라이브	bar	127.05191	37.50302
뉴트리가든오스트레일리아	shop	127.03148	37.49098
뉴트리바이탈	shop	127.02068	37.51877
뉴트리코어	shop	127.05264	37.49754
뉴트리헬스케어	shop	127.03610	37.50193
뉴티풀	shop	127.03159	37.51529
뉴파워	shop	127.02806	37.49862
뉴플라워파크서일	shop	127.09975	37.48642
뉴플레이스	food	127.06071	37.51459
뉴플레이스커피	cafe	127.03819	37.52747
뉴홍콩	food	127.02566	37.50356
뉴히어링보청기강남센터	shop	127.04916	37.50560
느린마을양조장학동역점	food	127.03055	37.51764
늘꽃사랑	shop	127.02877	37.52166
늘보	cafe	127.10004	37.46682
늘복집	food	127.10282	37.47953
늘봄	food	127.03432	37.52684
늘봄고시원	stay	127.04158	37.51526
늘봄메디칼	shop	127.08485	37.49218
늘봄스넥	food	127.06856	37.49569
늘봄식품	shop	127.03624	37.52131
늘봄약국	shop	127.02663	37.52291
늘봄테라피	shop	127.02929	37.49766
늘봄하나로축산	shop	127.06812	37.48875
늘솜에프씨생어거스틴파르나스점	food	127.06080	37.50919
늘처음처럼	bar	127.03142	37.51110
늘통큰감자탕	food	127.03476	37.51002
늘푸른	shop	127.02415	37.50927
늘푸른식물원	shop	127.11080	37.46469
늘푸른약국	shop	127.03778	37.50886
늘푸른온누리약국	shop	127.03476	37.52885
능동미나리	food	127.03108	37.49449
능라도	food	127.05555	37.50968
능이버섯삼계탕죽전문	food	127.09726	37.48577
능인선원	heritage	127.05258	37.47169
니골리앙턱시도	shop	127.04093	37.51894
니꼬쇼핑센타	shop	127.02501	37.52492
니꾸바키라	food	127.04389	37.48514
니드포밍	shop	127.03492	37.51185
니브	food	127.03229	37.52427
니블스	cafe	127.02371	37.52224
니뽕내뽕	food	127.05916	37.51183
니시무라	food	127.03181	37.51949
니아유니버스	shop	127.03907	37.51681
니오빌	stay	127.03947	37.52739
니지	shop	127.04720	37.51649
니쿠니쿠	food	127.02976	37.49701
니크이엔엠	shop	127.08119	37.49064
니팅아카데미	shop	127.04994	37.51446
니혼슈바슈토	food	127.03489	37.48734
닉스	food	127.03102	37.49366
닉플레이스	shop	127.05329	37.51538
닐리비스트로	food	127.05378	37.49842
다감	stay	127.05152	37.49777
다고바	bar	127.05126	37.52640
다고바시티	shop	127.05126	37.52640
다꼬르피스	shop	127.02150	37.51597
다나메드	shop	127.04430	37.48644
다나약국	shop	127.04430	37.48644
다나의료기	shop	127.08960	37.49034
다노스수제버거앤샐러드	food	127.02753	37.51020
다니엘네트웍스	shop	127.03039	37.49713
다니엘샵	shop	127.03946	37.51880
다니엘케이앤코주	shop	127.04718	37.52294
다님길	food	127.02363	37.50911
다다돈까스	food	127.03564	37.50888
다다익찬	food	127.03185	37.49173
다담	shop	127.06806	37.49742
다도화랑	heritage	127.02609	37.52299
다돈식당	food	127.03337	37.48895
다돈식당	food	127.03741	37.49461
다락방	cafe	127.03576	37.48644
다란채	cafe	127.05198	37.47849
다람쥐의첫번째공간	stay	127.04744	37.52265
다래약국	shop	127.03734	37.50199
다롱이네과일가게	shop	127.05340	37.51039
다르네	shop	127.04211	37.49206
다르샨갤러리	shop	127.02416	37.51986
다름성형외과	shop	127.02806	37.49866
다림방에프앤비컴퍼니	food	127.03437	37.49452
다모아	shop	127.04661	37.47850
다모아	bar	127.02015	37.51752
다모아노래연습장	activity	127.08602	37.49056
다모아몰	shop	127.05553	37.50728
다모아분식	food	127.03191	37.52015
다모여월드	shop	127.03949	37.52519
다목당	food	127.04487	37.48639
다몽집	food	127.02718	37.50183
다물도	food	127.02210	37.51777
다미	shop	127.02325	37.51963
다미	shop	127.05976	37.50862
다미	shop	127.04076	37.50093
다미	food	127.03045	37.49685
다미	food	127.04346	37.51532
다미	food	127.03103	37.52808
다미곱창	food	127.02707	37.50125
다미김밥	food	127.02728	37.50091
다미스테이	stay	127.03250	37.49029
다미앙	shop	127.02605	37.52557
다미약국	shop	127.03264	37.52159
다미카츠	food	127.04539	37.48566
다복	food	127.06026	37.48342
다복	food	127.05132	37.51740
다복	food	127.03602	37.50872
다복부페	food	127.05764	37.52092
다복콩비지	food	127.04921	37.47710
다복푸드시스템주	shop	127.05457	37.50807
다비드	bar	127.02359	37.50793
다비어스	bar	127.07965	37.49434
다비치안경	shop	127.05747	37.49806
다비치안경원신사역점	shop	127.02050	37.51686
다비치히어링	shop	127.05747	37.49806
다빈골프스튜디오	activity	127.06024	37.48323
다빈치	bar	127.06618	37.50869
다빈치	shop	127.03859	37.52773
다빈치강남	bar	127.03961	37.51732
다빈치공방	shop	127.09975	37.49214
다빈치당구장	activity	127.04290	37.50972
다빈치당구클럽	activity	127.05264	37.49754
다상유통	shop	127.05326	37.49698
다섯손가락	shop	127.05609	37.48462
다세미농원	shop	127.10080	37.48663
다소곳	food	127.02276	37.51800
다솜약국	shop	127.04136	37.49292
다스코인터내쇼날	shop	127.03744	37.52681
다스클로미	shop	127.04626	37.50569
다슬음	food	127.03344	37.49085
다시봄약국	shop	127.05292	37.48911
다시사랑한다면	food	127.04392	37.49943
다심향	cafe	127.03750	37.49179
다썸스테이	stay	127.02545	37.52109
다쏜다	shop	127.05253	37.50599
다여기	shop	127.03287	37.49607
다온	shop	127.06199	37.50809
다온	shop	127.04548	37.47725
다온	shop	127.05040	37.47532
다온	shop	127.05277	37.50380
다온과	shop	127.06060	37.49630
다온바이뱀부	food	127.02777	37.51613
다온반상	food	127.02747	37.52737
다온샵	shop	127.03921	37.52722
다온식당	food	127.03687	37.51842
다온아이엔씨	shop	127.05742	37.52126
다온약국	shop	127.04768	37.50371
다온재	stay	127.05530	37.50291
다온정	food	127.03309	37.49827
다온프리미엄원룸텔서울	stay	127.06385	37.51416
다온하우스원룸텔	stay	127.03355	37.48983
다온학사	stay	127.05300	37.49754
다올	food	127.05742	37.52126
다올	food	127.04076	37.50093
다올	shop	127.05534	37.52179
다올	activity	127.05211	37.50951
다올커텐	shop	127.04941	37.51556
다옴	food	127.03503	37.50143
다옴	food	127.03349	37.51508
다옴에프앤디	food	127.02790	37.52406
다우케어	shop	127.05854	37.50615
다운타우너강남	food	127.02794	37.49943
다운타우너선릉	food	127.04723	37.50442
다운플라워	shop	127.04797	37.47829
다울뜨개방	shop	127.05739	37.50140
다울랭아트	shop	127.03568	37.50084
다움	shop	127.06433	37.50560
다움스테이	stay	127.04214	37.49943
다원	activity	127.04294	37.50474
다원에듀넷	shop	127.04195	37.50126
다이나핏	shop	127.02715	37.49980
다이나핏	shop	127.05326	37.49698
다이닝갈비	food	127.05595	37.51062
다이닝갈비	food	127.03352	37.49883
다이닝나리	food	127.04654	37.52320
다이닝디자인	food	127.02334	37.50790
다이닝마	food	127.03427	37.52249
다이닝브랜즈그룹비에이치씨	food	127.05191	37.50302
다이닝브랜즈그룹비에이치씨개포자이스퀘	food	127.06842	37.48615
다이닝브랜즈그룹비에이치씨압구정	food	127.03744	37.52681
다이닝상석	food	127.02597	37.52479
다이닝아르떼	shop	127.03053	37.49848
다이몬	shop	127.04139	37.51780
다이묘	food	127.04129	37.52242
다이브짐프라이빗	activity	127.04799	37.49856
다이소강남세곡점	shop	127.10016	37.46639
다이스타운	food	127.02659	37.50223
다이아나쥬얼리	shop	127.03859	37.52773
다이아몬드릴리	shop	127.04059	37.51840
다이아몬드핏	activity	127.05367	37.50238
다이야몬드존	shop	127.04870	37.52331
다이어트팩토리	shop	127.04033	37.51552
다이캐스트모형협회	activity	127.03814	37.51393
다이클로삼성롯데	shop	127.04351	37.51519
다인	shop	127.04060	37.51669
다인맛집	food	127.02186	37.51272
다인식당	food	127.04444	37.50356
다인아웃	food	127.03284	37.50063
다인안경원	shop	127.02367	37.50713
다인에프엔비	food	127.02566	37.50356
다인컴퓨터매입수거하드파쇄	shop	127.03633	37.50289
다인코스메틱	shop	127.03804	37.52779
다있다아이스크림할인점일원동점	shop	127.08344	37.48290
다정	stay	127.05152	37.49777
다정약국	shop	127.02792	37.52614
다정이네	food	127.03148	37.49098
다정한꽃	shop	127.03903	37.51313
다정한떡볶이가게	food	127.05976	37.50862
다정한상	food	127.05185	37.48692
다짐	activity	127.04480	37.52617
다카포	food	127.04042	37.52522
다쿠아랑	cafe	127.10516	37.47061
다크그림	food	127.02546	37.50532
다트너	shop	127.05824	37.50605
다트플렉스	food	127.02359	37.50793
다함	stay	127.05957	37.50552
다해림	shop	127.05030	37.52407
다해회포차	food	127.03482	37.50187
다해회포차	food	127.04617	37.50472
다향	cafe	127.04526	37.50380
다현온누리약국	shop	127.02939	37.52661
닥터나	shop	127.04341	37.51825
닥터디바코스메틱	shop	127.02062	37.51394
닥터레시피	shop	127.05471	37.47428
닥터로빈	food	127.05321	37.51235
닥터리비엠씨	shop	127.04658	37.50324
닥터마틴에어웨어가로수길점	shop	127.02376	37.52033
닥터마틴에어웨어도산점	shop	127.03380	37.52535
닥터마틴에어웨어코리아	shop	127.05945	37.50963
닥터망고의원	shop	127.02559	37.50453
닥터브로우	shop	127.02241	37.51817
닥터브로우스튜디오	shop	127.02188	37.51616
닥터비건	shop	127.04462	37.52191
닥터솔루션	shop	127.03340	37.51999
닥터스코스메틱	shop	127.02296	37.51904
닥터아르떼	shop	127.05553	37.50728
닥터오	shop	127.02908	37.52042
닥터정진주스킨랩	shop	127.05816	37.52015
닥터제안	shop	127.05682	37.50737
닥터초이스	shop	127.02790	37.52406
닥터콜라겐	shop	127.02605	37.51846
닥터큐화장품	shop	127.05440	37.48328
닥터크롬셀	shop	127.04139	37.51780
닥터토오히	shop	127.02011	37.51678
닥터파파	shop	127.02019	37.51800
닥터포바디퍼스널트레이닝	activity	127.06205	37.48264
닥터프렌즈	activity	127.05824	37.50605
닥터핏	activity	127.04148	37.51585
닥터화이티	shop	127.05916	37.49316
단골손님강남	food	127.02728	37.50091
단골집	food	127.04658	37.51180
단국고교구내매점	shop	127.05776	37.49562
단꽃케이크	food	127.03951	37.52753
단델리온시티	stay	127.02617	37.52132
단디	shop	127.02758	37.51714
단막	food	127.02798	37.50073
단미그린비	food	127.10269	37.47937
단백하루	food	127.05507	37.50404
단백하루	food	127.02723	37.51826
단스시	food	127.03580	37.51519
단심	food	127.02722	37.52291
단이네벌교꼬막	food	127.04745	37.47832
단일메뉴김치찌개양푼이집압구정본점	food	127.02765	37.52237
단지마트	shop	127.02938	37.50914
단편	food	127.05688	37.51044
단편선	activity	127.02681	37.50252
단휘	food	127.06007	37.50376
달고나스위트강남	stay	127.02459	37.50864
달구벌반점	food	127.04890	37.52406
달구약국	shop	127.08831	37.49133
달달살롱	shop	127.03551	37.50703
달라에프앤비	cafe	127.02465	37.52222
달래해장플래티넘점	food	127.03056	37.49490
달려라푸드	food	127.06299	37.49918
달론	shop	127.03928	37.52743
달롱도르요거트아이스크림	cafe	127.03148	37.49098
달리는커피강남	cafe	127.02663	37.50952
달리는토끼	bar	127.03116	37.50589
달리셔스	cafe	127.03754	37.49554
달리아	cafe	127.02744	37.52338
달링베이커리	food	127.03027	37.52266
달링컴퍼니	cafe	127.02439	37.51987
달링키친	food	127.03754	37.51406
달마시안	food	127.03454	37.52632
달별브로우랩	shop	127.07965	37.49434
달빗식당	food	127.04131	37.51822
달빛오징어광어	food	127.08638	37.49067
달빛화로	food	127.03702	37.50249
달스테이	stay	127.03198	37.49481
달시아이스크림세계과자	shop	127.05338	37.49924
달식당	food	127.02117	37.52268
달씨	cafe	127.03170	37.49879
달인대보칼국수강남	food	127.03621	37.51054
달인디아	food	127.06071	37.51459
달인의산삼	cafe	127.10367	37.47411
달인포차	food	127.03051	37.51980
달임	food	127.03074	37.52800
달잔	bar	127.03617	37.52063
달쥬과일상점	cafe	127.03803	37.51846
달쥬과일상점	shop	127.04467	37.49945
달코퍼레이션	food	127.04497	37.49458
달콤가든	cafe	127.03174	37.51641
달콤마켓	shop	127.05916	37.49316
달콤정원	shop	127.03174	37.51641
달콤커피	cafe	127.06337	37.50500
달콤커피국기원	cafe	127.03209	37.49627
달콤커피르네상스	cafe	127.04336	37.50209
달콤커피점	cafe	127.03585	37.50243
달콤한이야기	food	127.03394	37.51138
달콤한인생	food	127.03395	37.49734
달크림	shop	127.03803	37.51846
달팡인스티튜트서울	shop	127.04890	37.52196
닭가대표강남대표	food	127.03352	37.50972
닭가든	food	127.02852	37.52095
닭갈비두목	food	127.03773	37.49625
닭굼터	bar	127.06067	37.51517
닭다리순살치킨만팬다	food	127.03995	37.49583
닭맛마미아	food	127.10415	37.47456
닭으로가	food	127.03841	37.52699
닭장수和후라이드	food	127.04051	37.51870
닭장수김밥강남	food	127.03017	37.49630
닭장수후라이드강남세곡점	food	127.10004	37.46682
닭터홍강남	food	127.03098	37.49461
닭한마리감자탕	food	127.02070	37.51714
담다	cafe	127.04909	37.50681
담다	food	127.03385	37.49435
담다플레르	shop	127.05352	37.49538
담담	shop	127.02690	37.52478
담미온	food	127.04751	37.52332
담미온	food	127.04506	37.51134
담미온	food	127.06503	37.50808
담미온	food	127.05607	37.50949
담미온	food	127.02746	37.52377
담미온	food	127.03459	37.50080
담미온	food	127.03028	37.51571
담미온에프앤비	food	127.04751	37.52332
담벼락	food	127.03541	37.50239
담벼락식당	food	127.04028	37.51798
담뿍화로된장	food	127.03496	37.50112
담뿍화로된장	food	127.05440	37.50487
담뿍화로된장언주로점	food	127.04013	37.50568
담뿍화로된장찌개역삼	food	127.03724	37.49868
담소반더키친	food	127.03074	37.50073
담소사골순대신사	food	127.02068	37.51877
담소소사골순대·육개장	food	127.05971	37.50608
담소소사골순대국	food	127.03892	37.51717
담솥	food	127.03858	37.52533
담온푸드	food	127.05742	37.52126
담원	food	127.03035	37.49614
담원인터내셔널	shop	127.03633	37.50289
담홍	shop	127.03048	37.51194
당구사냥	activity	127.03971	37.49150
당구야놀자역삼	activity	127.03161	37.49554
당구의신빌리우스	activity	127.03816	37.50262
당구클럽	activity	127.09726	37.48577
당당한가신사	food	127.02068	37.51877
당땡긴당	shop	127.05017	37.47618
당봄한의원	shop	127.04422	37.50377
당산오돌	food	127.05912	37.50644
당신은지금치킨이땡긴다	food	127.10367	37.47411
당신이선택한강남구청점	food	127.04225	37.51571
당옥	cafe	127.02044	37.52011
당진푸드	food	127.08675	37.49074
대가	food	127.03978	37.51626
대가	food	127.04805	37.47719
대가방	food	127.03855	37.52116
대가에프앤비	food	127.03613	37.51472
대감왕족발	food	127.03103	37.52808
대건산업개발주	bar	127.04286	37.50342
대게집	food	127.02665	37.50998
대경전자	shop	127.02068	37.51877
대광유리	shop	127.03308	37.49432
대구막창생고기	food	127.05938	37.50311
대구뽈지리탕	food	127.03344	37.49772
대구탕	food	127.02691	37.51021
대길	shop	127.03897	37.52653
대낚식당	food	127.03447	37.49454
대농그린	shop	127.05112	37.49707
대농마트	shop	127.05144	37.49716
대농유통	shop	127.05112	37.49707
대도에프앤비주	food	127.05448	37.51018
대도파트너스	shop	127.03541	37.50468
대독장점	food	127.03781	37.50275
대동모피	shop	127.04650	37.50712
대동알엔디주	stay	127.04034	37.50271
대동어지도	food	127.05299	37.50618
대동집서울	bar	127.02361	37.50887
대동천	food	127.03074	37.50073
대려도	food	127.03218	37.49343
대림각	food	127.08585	37.49044
대림교육연구소	shop	127.04078	37.49735
대림옥	food	127.04809	37.51874
대만족	food	127.04156	37.49775
대명스탁	shop	127.03440	37.49850
대명스테이션	shop	127.04031	37.50334
대명텔레콤	shop	127.05916	37.51183
대모닭집	shop	127.02035	37.51502
대모산도시자연공원	nature	127.08101	37.48005
대모산숲속야생화원	nature	127.07838	37.48042
대모산칼국수	food	127.08110	37.48480
대모체육클럽	activity	127.08599	37.48060
대박	activity	127.08437	37.49274
대박	activity	127.04861	37.50600
대박나라빙아	shop	127.10704	37.47475
대박노래연습장	activity	127.06519	37.50782
대박닭강정	shop	127.05174	37.49728
대박보드카페	activity	127.04015	37.51015
대박삼겹살	food	127.02686	37.52360
대박생고기전문	food	127.05357	37.51015
대박순두부	food	127.04389	37.52960
대보름	food	127.05642	37.50882
대복삼계탕	food	127.06578	37.51109
대봉김밥	food	127.04426	37.50195
대봉집	food	127.02144	37.51826
대봉칼국수보쌈	food	127.02068	37.51877
대부유리	shop	127.08580	37.49294
대빵오락실	activity	127.03783	37.52636
대사시미	food	127.02929	37.49766
대삼식당	food	127.03928	37.52142
대삼식당	food	127.03615	37.51749
대상다이브스청담지점	food	127.04102	37.52536
대서에프앤비	bar	127.02486	37.51951
대성	shop	127.05933	37.49762
대성네트워크	shop	127.05277	37.50380
대성마트	shop	127.06279	37.51779
대성무역	shop	127.02790	37.52406
대성수퍼	shop	127.10732	37.46323
대성식당	food	127.04005	37.50034
대성와이	food	127.04675	37.48287
대성의류	shop	127.03545	37.50534
대성제일학사	stay	127.03160	37.49606
대성집	food	127.03127	37.49544
대성축산	shop	127.08831	37.49133
대성축산유통	shop	127.03231	37.50779
대성학사본원	stay	127.03108	37.49631
대송에스엘케이	shop	127.05740	37.50962
대신에프앤	shop	127.06040	37.49911
대아부대찌개	food	127.03666	37.49417
대영이앤지	shop	127.03148	37.49379
대왕노래연습장	activity	127.10729	37.46399
대왕부대찌개	food	127.05346	37.49810
대왕숯불갈비	food	127.08391	37.48988
대왕참숯갈비	food	127.10336	37.47372
대왕통닭	food	127.04345	37.50497
대우부대찌개	food	127.03527	37.50275
대우식당	food	127.03527	37.50275
대운목장	food	127.02877	37.52107
대운수산	shop	127.02841	37.53229
대운식당	food	127.03247	37.49430
대운식품	shop	127.02928	37.53154
대운에프앤비	food	127.03352	37.50972
대원정	bar	127.05188	37.50670
대원정	food	127.05416	37.50749
대장금	food	127.05763	37.52245
대진도원참치	food	127.02954	37.49898
대진디자인고매점	shop	127.09598	37.49043
대진종합공사	shop	127.02764	37.50101
대진컴퓨터	shop	127.04039	37.49194
대찬횟집	food	127.05131	37.50319
대창상회	shop	127.02841	37.53229
대천고추집	shop	127.05194	37.49765
대청당구장	activity	127.08152	37.48990
대청레포츠센터	activity	127.07965	37.49434
대청마루	food	127.03985	37.51613
대청마루김치촌	food	127.07965	37.49434
대청만찬	food	127.07965	37.49434
대청분식	food	127.07878	37.49413
대청뼈다귀감자탕	food	127.08372	37.48982
대청사우나스넥	shop	127.07965	37.49434
대청약국	shop	127.07965	37.49434
대청역점제이제이파워	shop	127.07948	37.49372
대청의료기	shop	127.08708	37.49271
대청채소	shop	127.06729	37.47607
대청탁구교실	activity	127.08269	37.49118
대청패션	shop	127.07965	37.49434
대청플레이스	cafe	127.07878	37.49413
대치	shop	127.06591	37.49962
대치	activity	127.06299	37.49918
대치건강생활	shop	127.06246	37.50011
대치골한우곱창	food	127.05285	37.49820
대치금거래소제이쥬얼리	shop	127.06090	37.49806
대치김밥	food	127.05190	37.49903
대치노래바하트	bar	127.06099	37.49782
대치동꽈배기	cafe	127.06299	37.49918
대치동마당	food	127.05967	37.50506
대치동블루스	food	127.05098	37.50399
대치동숯불갈비	food	127.05356	37.49843
대치동영지	food	127.06853	37.49638
대치동점스포애니케이디스포츠	activity	127.06218	37.49902
대치동제빵소베이커리까페	food	127.05492	37.50277
대치동집	food	127.03075	37.49694
대치동집	food	127.05176	37.50329
대치동집강남	food	127.03075	37.49694
대치드림학사	stay	127.05987	37.50367
대치떡방	food	127.03098	37.52738
대치라벤더약국	shop	127.06266	37.49458
대치로제학사	stay	127.05286	37.50142
대치메디칼약국	shop	127.06134	37.49399
대치베이프	shop	127.05678	37.49781
대치사월에보리밥	food	127.05853	37.49275
대치생활복싱	activity	127.05309	37.50147
대치순대국	food	127.05611	37.50315
대치스마트학사	stay	127.05524	37.50411
대치스테이	stay	127.05819	37.50105
대치시대학사	stay	127.06280	37.50654
대치아이비학사	stay	127.05211	37.50257
대치약국	shop	127.05311	37.50395
대치예스약국	shop	127.05523	37.49663
대치왕솔약국	shop	127.06719	37.49601
대치위너스프리미엄학사	stay	127.06178	37.50719
대치이화약국	shop	127.06171	37.50382
대치정육식당	food	127.05640	37.50223
대치종로약국	shop	127.05632	37.49766
대치참약국	shop	127.06035	37.49368
대치키움학사	stay	127.05475	37.49828
대치타운중앙	activity	127.05415	37.50351
대치필리아약국	shop	127.05447	37.49780
대치하우스인	stay	127.05872	37.50455
대치하이브학사	stay	127.05953	37.50316
대치하이츠	stay	127.05693	37.49963
대통령청담	food	127.04256	37.52244
대파양곱창	bar	127.05233	37.50211
대파집	food	127.03858	37.50276
대패마켙	food	127.02372	37.50852
대포집	food	127.02554	37.50610
대풍참숯갈비	food	127.03963	37.49684
대학가	cafe	127.05741	37.50254
대학로김가네김밥	food	127.04319	37.50483
대학약국	shop	127.08352	37.48573
대학촌	food	127.08242	37.48969
대한공인금거래소	shop	127.03304	37.49372
대한과일	shop	127.06903	37.48901
대한극장	cafe	127.02648	37.52449
대한냉면	food	127.03541	37.50894
대한민국	food	127.06239	37.50673
대한민족	food	127.11917	37.46930
대한민족한방애연구소	food	127.03566	37.50162
대한보청기판매강남지사	shop	127.02270	37.50915
대한불교조계종봉은	shop	127.05773	37.51582
대한불교조계종봉은사서래원	food	127.05773	37.51582
대한상회	shop	127.06903	37.48901
대한포장	shop	127.04286	37.50342
대행사탬버린	bar	127.03974	37.50270
대향연	food	127.04605	37.49473
대현	shop	127.03556	37.51154
대현디에스엘	shop	127.02832	37.50592
대현스포츠	shop	127.03872	37.49623
대현어펙션	bar	127.06073	37.50075
대호정	food	127.04307	37.51052
대화유니텍	food	127.02489	37.50648
대화중화요리	food	127.05077	37.51938
대흥정	food	127.09953	37.48592
댄스비젼	shop	127.04504	37.51844
댄싱홍콩	food	127.02440	37.50802
댑	shop	127.02831	37.49816
댓짱돈까스	food	127.09650	37.47215
댕댕부티크	shop	127.04006	37.50599
댕스랜드	shop	127.03096	37.51920
댕스폴유	shop	127.02526	37.50526
더가든	food	127.05306	37.49799
더가리탕집	food	127.03746	37.49440
더간사이	food	127.03526	37.49824
더감성	cafe	127.04457	37.48469
더갱	shop	127.05797	37.50270
더경옥	shop	127.04701	37.52238
더그레이	food	127.03811	37.52329
더그레이스	stay	127.02939	37.52231
더그린테이블	food	127.03858	37.52533
더까까주까	shop	127.02521	37.50991
더까까주까	shop	127.08438	37.49274
더까까주까프렌즈	shop	127.08437	37.49274
더까페	cafe	127.03153	37.50301
더나무	shop	127.03415	37.49444
더나온	shop	127.06605	37.51015
더나인	stay	127.05098	37.50399
더나인클럽	food	127.03525	37.52731
더네이처컴퍼니	shop	127.02638	37.52211
더넥스트	bar	127.05396	37.50739
더뉴스테이	stay	127.05824	37.50605
더뉴웨이컴퍼니	shop	127.05835	37.50874
더니즈	cafe	127.05194	37.49765
더다이어트클럽	shop	127.02720	37.52446
더달달	shop	127.03891	37.49226
더달달	cafe	127.02843	37.50318
더달달	shop	127.06856	37.49569
더달달개포디에이치아너힐즈점	shop	127.06795	37.48445
더데이즈커피	cafe	127.04295	37.48481
더도산	shop	127.03969	37.52723
더드림	food	127.03062	37.49444
더드림	food	127.04227	37.50055
더드림	food	127.06885	37.48930
더드숑	food	127.04919	37.51424
더디자이너스그룹	activity	127.04941	37.50529
더또순	food	127.04283	37.50060
더라라갤러리	shop	127.05916	37.51183
더라운드	food	127.05767	37.52000
더라운드	food	127.04254	37.52301
더라운지	food	127.03632	37.50343
더라이온스덴청담	food	127.04069	37.52571
더라티브	shop	127.03825	37.52379
더램	food	127.02311	37.50957
더레드	bar	127.04414	37.50485
더레스토랑컴퍼니	food	127.02390	37.52063
더로그인	shop	127.03688	37.49597
더로랑컴퍼니	shop	127.04389	37.52640
더로투스	cafe	127.02670	37.52449
더로프트강남	stay	127.03320	37.49089
더롤드더건강한쌈도회푸드	food	127.05190	37.49903
더루트컴퍼니	shop	127.03110	37.49662
더루틴골프아카데미	activity	127.04401	37.51064
더리뉴탈모	shop	127.04838	37.50665
더리비에라	shop	127.06579	37.51673
더리얼펍	bar	127.10249	37.48837
더리젠성형외과의원	shop	127.02798	37.52440
더리츠웰니스	activity	127.03332	37.50680
더리터	shop	127.03721	37.49877
더리터	cafe	127.02541	37.52485
더리틀포트	food	127.05256	37.50256
더마리아	shop	127.03837	37.52336
더마베이비	shop	127.02315	37.52284
더마콘	shop	127.03810	37.49762
더맛골	food	127.05146	37.50425
더맛있게	food	127.03640	37.50857
더맛있는족발보쌈선릉	food	127.05376	37.50463
더머스크	food	127.03484	37.52263
더메리어	cafe	127.03139	37.49955
더메이저타운	activity	127.03242	37.49777
더멘션청담	shop	127.03907	37.52140
더모델즈	activity	127.03634	37.50376
더모라비안와인앤스피리츠	shop	127.02717	37.52321
더모랩	shop	127.02690	37.52478
더모모야	food	127.03539	37.51032
더모어	shop	127.04176	37.49686
더문	shop	127.03381	37.49819
더뭉티기	food	127.04573	37.49530
더뮤즈	stay	127.03827	37.50254
더미래건설군산횟집	food	127.10004	37.46682
더미본	shop	127.05266	37.51218
더믹스랩	food	127.02300	37.51919
더바디샵평택베스트원몰	shop	127.04167	37.51764
더바디스	shop	127.04695	37.49898
더바른넘버나인	food	127.02279	37.50972
더바른정육식당	food	127.02452	37.50543
더바른케어	activity	127.04041	37.51891
더바미	shop	127.02806	37.49862
더바오	food	127.03721	37.52798
더바인	shop	127.05613	37.50582
더박스나이트캡	food	127.02894	37.52112
더박스코리레스토랑	food	127.02894	37.52112
더박스코리프라이빗룸	food	127.02894	37.52112
더반베를린	shop	127.02407	37.52105
더밤스테이강남	stay	127.03138	37.50066
더밥	food	127.08387	37.49484
더밥상	food	127.06337	37.50500
더뱀부	food	127.02147	37.51858
더버즈	shop	127.02290	37.52229
더버텍스	shop	127.02272	37.51260
더베이직	shop	127.03403	37.48673
더베이직댄스	activity	127.02641	37.50737
더베이크드바이셰프리	food	127.06856	37.49569
더벤자민	shop	127.05316	37.50474
더벤티	cafe	127.03068	37.49615
더벤티	cafe	127.04077	37.51796
더벤티	shop	127.04723	37.50439
더벤티강남	cafe	127.10247	37.47315
더벤티강남역지하	cafe	127.02831	37.49816
더벤티대모산입구역점	cafe	127.07559	37.49266
더벤티뱅뱅사거리점	cafe	127.03337	37.49056
더벳로드	shop	127.02999	37.52069
더보이	food	127.06551	37.50727
더볶이	food	127.04570	37.48433
더봄약국	shop	127.05157	37.49859
더부즈	shop	127.04650	37.50712
더부즈컴퍼니	bar	127.04895	37.52548
더부케	shop	127.04437	37.48723
더부케츠	shop	127.08507	37.49022
더부트컴퍼니주	shop	127.03664	37.52502
더뷰직바	bar	127.02241	37.51817
더브렌즈	shop	127.05773	37.50766
더브리	shop	127.02411	37.51861
더브릭스크리에이티브즈	shop	127.03566	37.50162
더블랑오피스	shop	127.03794	37.52550
더블랙스완컴퍼니	stay	127.04028	37.50807
더블록스	cafe	127.03686	37.51203
더블룸스	shop	127.03952	37.51132
더블린	food	127.02609	37.50212
더블린테라스	food	127.02910	37.50069
더블에스델리주	shop	127.02747	37.52737
더블에이치대부	shop	127.03786	37.52587
더블에이치모아	stay	127.03391	37.48652
더블에이치씨	shop	127.05763	37.52245
더블유	cafe	127.05519	37.50542
더블유	shop	127.02831	37.49816
더블유더블유	cafe	127.03414	37.49599
더블유디자인바	cafe	127.06151	37.51367
더블유리얼티	food	127.03111	37.51478
더블유베러	shop	127.04636	37.52288
더블유보드카페	activity	127.03638	37.51679
더블유복싱	activity	127.06262	37.49891
더블유비스킨슬리컬리지점	shop	127.06744	37.50232
더블유비엔에스	shop	127.04410	37.52635
더블유빈	cafe	127.08387	37.49484
더블유스타일	cafe	127.03343	37.49177
더블유스타일도넛	food	127.05675	37.51042
더블유아이오	food	127.03330	37.49485
더블유아이주	food	127.03117	37.52193
더블유아일랜드	shop	127.03488	37.51604
더블유아일랜드아카디에	shop	127.03488	37.51604
더블유앤엠	food	127.03646	37.52480
더블유약국	shop	127.02514	37.50416
더블유에이와이	shop	127.04966	37.51561
더블유에이피투바이투	food	127.05605	37.52363
더블유에프아웃도어	shop	127.05916	37.51183
더블유엔엠	shop	127.04404	37.48516
더블유엠웰니스	activity	127.02814	37.50638
더블유와이더블유	shop	127.05950	37.50644
더블유웨이브	shop	127.02990	37.52759
더블유케이에스글로벌	food	127.05101	37.47192
더블유티씨	activity	127.03298	37.49025
더블유티아이	shop	127.04139	37.51780
더블유피	shop	127.05007	37.47890
더블제이패밀리	food	127.05461	37.50392
더블지에프	activity	127.03350	37.51448
더블지에프학동	activity	127.03350	37.51448
더블케이네트웍스	shop	127.04529	37.51034
더블포	shop	127.04324	37.49353
더비단향	shop	127.04381	37.52440
더비앤에스	shop	127.04437	37.48285
더빛나	shop	127.04636	37.52321
더사만다스	food	127.02258	37.51960
더삼칠사	food	127.09962	37.46821
더상	shop	127.02351	37.52435
더샘강남지하상가	shop	127.02806	37.49862
더샤벳	shop	127.05429	37.50424
더샵갤러리	heritage	127.10585	37.47510
더샵레지던스	stay	127.06086	37.51533
더세이블컴퍼니	shop	127.04305	37.50036
더소뇨서울점	shop	127.03669	37.52712
더소반	food	127.03137	37.52621
더솔쥬얼리	shop	127.05087	37.49696
더순탄	food	127.04283	37.50060
더쉼프리미엄원룸텔서울	stay	127.06385	37.51416
더쉼하우스	stay	127.04228	37.50783
더스노우	cafe	127.02649	37.50709
더스윙골프	activity	127.04186	37.51489
더스윙블랙	activity	127.03574	37.51491
더스카이	stay	127.03408	37.48980
더스퀘어	cafe	127.02768	37.51406
더스크	cafe	127.02648	37.52449
더스크	shop	127.04214	37.49943
더스타일피앤에스	shop	127.03104	37.49185
더스테이강남	stay	127.05155	37.51125
더스테이삼성	stay	127.06533	37.51216
더스테이신사	stay	127.02202	37.51803
더스테이포엘	stay	127.03686	37.51690
더스티치	shop	127.05319	37.50032
더스페이스	shop	127.04848	37.52084
더슬로우	stay	127.02445	37.50858
더식스앤에프	food	127.04572	37.52519
더실리언	shop	127.04139	37.51780
더써니비	shop	127.08192	37.49140
더썬	shop	127.02806	37.49862
더씨앤디	shop	127.09602	37.47206
더씨앤디	food	127.02813	37.50028
더씨엘의원	shop	127.04464	37.52658
더씨오씨	food	127.03892	37.52583
더아담수서역	cafe	127.10185	37.48739
더아담신사역	shop	127.01980	37.51686
더아름다워져	shop	127.04983	37.52112
더아미	shop	127.05016	37.51972
더아미가	food	127.03971	37.50372
더아온	shop	127.03136	37.52029
더아우라	shop	127.05063	37.51624
더아웃핏	shop	127.04125	37.50874
더아이앤지소금집델리센터필드지점	food	127.04136	37.50288
더아이잗컬렉션	shop	127.05976	37.50862
더아트펌주	shop	127.05056	37.47874
더앤라인컴퍼니	shop	127.03165	37.49321
더앤제이	shop	127.02814	37.50638
더양심	food	127.02764	37.50101
더에브리데이	shop	127.05916	37.51183
더에이치	bar	127.03913	37.52703
더에이치제이컴퍼니	shop	127.03382	37.49048
더에이치코퍼레이션	shop	127.02760	37.52109
더에이치투	shop	127.03104	37.49185
더에이컴퍼니	bar	127.05228	37.52433
더에이피	food	127.03883	37.52561
더엘골프아카데미	activity	127.03076	37.49820
더엘인터내셔널	shop	127.03646	37.52480
더엘케이컴퍼니	activity	127.03133	37.52795
더엠파트너스	food	127.04311	37.52226
더오다리집강남	food	127.03670	37.50275
더오블리쥬	shop	127.04309	37.52553
더오색	shop	127.03401	37.50880
더오이시	food	127.03007	37.49554
더오타임	shop	127.04118	37.51525
더와인	bar	127.03726	37.50938
더와인샵	shop	127.05581	37.51210
더와인콜렉티브도산	shop	127.03635	37.52270
더왈츠앤조이피아	food	127.03432	37.49411
더원	food	127.05767	37.52000
더원내츄럴	shop	127.02711	37.50582
더원라이프	shop	127.05264	37.50477
더원뷰티아카데미	shop	127.02722	37.52386
더원운동과학센터	activity	127.03908	37.52628
더원짐대치	activity	127.05490	37.49797
더월클라이밍강남비지점	shop	127.03200	37.49759
더위스키	bar	127.03185	37.49173
더위스키	bar	127.03423	37.50090
더위스키샵바이배럴	shop	127.05333	37.51142
더위크앤홈즈	stay	127.04435	37.51015
더유니티	shop	127.02929	37.49766
더유리아트앤컬쳐	shop	127.05554	37.50727
더윤	shop	127.06227	37.50820
더윤	shop	127.02218	37.51987
더윤	shop	127.05533	37.51891
더으뜸	shop	127.04631	37.51729
더이나	shop	127.03930	37.51859
더이룸학사	stay	127.05824	37.50605
더이탈리안클럽	food	127.05976	37.50862
더일	food	127.02968	37.52059
더자이언트	shop	127.03459	37.50080
더잡수소	food	127.02572	37.50590
더잰뷰티	shop	127.04539	37.50744
더제이와이	shop	127.05565	37.49146
더제이제이파트너스	bar	127.05861	37.50599
더제이케이키친박스청담점	food	127.05501	37.52221
더제이키친	food	127.03201	37.49240
더죠이	food	127.05916	37.51183
더준컴퍼니	shop	127.03100	37.52321
더준타일주	shop	127.02975	37.51276
더지크	shop	127.05009	37.52720
더차이나	food	127.03459	37.50080
더차이홍	food	127.05824	37.50824
더착한푸드	food	127.06717	37.50268
더청담	food	127.04240	37.52426
더청담골프클럽	activity	127.04494	37.52322
더청담컴퍼니	food	127.04880	37.52506
더청춘	food	127.03740	37.52137
더체어	cafe	127.04495	37.48281
더치앤드립	cafe	127.08431	37.49222
더치앤빈	cafe	127.06676	37.50836
더치앤빈	cafe	127.05715	37.50841
더치앤빈점	cafe	127.03594	37.49928
더치즈샵	cafe	127.05311	37.50395
더치즈샵강남구청	food	127.04225	37.51571
더카네	bar	127.05597	37.52321
더캐시미어	shop	127.06421	37.50031
더커피컴퍼니	cafe	127.02101	37.52042
더케이	shop	127.02806	37.49862
더케이골프스튜디오인청담	activity	127.05742	37.52126
더케이뮤지엄	shop	127.03490	37.50065
더케이에프엔비	food	127.03633	37.50898
더케이에프엔비공룡쌀국수	food	127.03658	37.50903
더케이에프엔비구름카츠	food	127.03658	37.50903
더케이에프엔비금돼지카츠	food	127.03658	37.50903
더케이에프엔비뽁깨비	food	127.03633	37.50898
더케이에프엔비이프유캔	cafe	127.03633	37.50898
더케이에프엔비찜슐랭	food	127.03633	37.50898
더케이에프엔비캔플러스	cafe	127.03633	37.50898
더케이에프엔비케이컴퍼니	food	127.03658	37.50903
더케이에프엔비파스타다	cafe	127.03658	37.50903
더케이키친랩	food	127.03074	37.50073
더케일리	stay	127.03201	37.49534
더코너하우스	food	127.03777	37.52348
더코지스테이	stay	127.02981	37.50830
더코지코너	stay	127.03252	37.50554
더퀸	shop	127.02510	37.52042
더퀸뷰티샵	shop	127.06337	37.50500
더크로스	shop	127.05167	37.51755
더클래식	bar	127.03302	37.49758
더클래식다이아몬드	shop	127.06591	37.49962
더클래식와이핏	activity	127.02733	37.50683
더클럽하우스	activity	127.04978	37.52417
더키친	food	127.03672	37.51686
더키친일뽀르노청담점	food	127.03604	37.52570
더키푸드	food	127.03935	37.52564
더킹	shop	127.04382	37.49959
더타나	shop	127.05820	37.51099
더타코부스	food	127.03695	37.52519
더타코부스	food	127.03007	37.49554
더타코부스강남	food	127.10247	37.47315
더타코부스서울한티역점	food	127.05367	37.49822
더타코부스압구정	food	127.03695	37.52519
더타코부스엔와이씨	food	127.05916	37.51183
더테니스	shop	127.05453	37.51202
더테디	food	127.03836	37.52431
더테이블	cafe	127.02221	37.51224
더튠	cafe	127.04568	37.48273
더트레인	activity	127.03906	37.50339
더트리니티앤어스	food	127.05253	37.50599
더트리니티위드미	food	127.05253	37.50599
더퍼스트플로어	shop	127.04529	37.48377
더펍비스트로	bar	127.05596	37.51235
더펍사운드온	food	127.04812	37.47902
더펍사운드온언주역점	food	127.03621	37.51054
더페이스치과의원	shop	127.02865	37.52369
더페이지	cafe	127.03492	37.52051
더페이트	bar	127.02762	37.49943
더포레스트삼성	stay	127.08749	37.49188
더포맨	activity	127.03098	37.49461
더포틴골프스튜디오	activity	127.05773	37.50542
더풀문	shop	127.03160	37.51690
더풋샵대치한티역점	shop	127.05464	37.49744
더퓨어글로벌	shop	127.03650	37.49473
더프리마	stay	127.05282	37.52390
더플래닛	shop	127.02301	37.51287
더플랜잇서울사무소	shop	127.05241	37.50620
더플랫커피로스터스	cafe	127.02350	37.51999
더플러스성형외과의원	shop	127.02303	37.51857
더플레이트	bar	127.04553	37.52591
더플레이트디저트	food	127.02887	37.52532
더플레이팅	food	127.04249	37.50528
더플로리	shop	127.04475	37.50286
더피오니	stay	127.05824	37.50605
더피자	food	127.03719	37.50594
더피자샵	food	127.05977	37.49350
더피자스탠드	food	127.05448	37.50366
더피자스탠드	food	127.02296	37.51006
더하노이	food	127.06385	37.51416
더하루	shop	127.08325	37.48107
더하얀	shop	127.03756	37.52619
더하우스	stay	127.04367	37.50441
더하우스리빙텔	stay	127.04367	37.50441
더함반찬가게	shop	127.06803	37.48892
더함반찬가게청담점	food	127.05657	37.52253
더헤세드강남	stay	127.03203	37.52291
더헤이븐	stay	127.05203	37.50610
더화이트하우스	stay	127.04296	37.50715
더훈파트너스	shop	127.05202	37.52539
더휴식	stay	127.06605	37.50621
더휴컨벤션주	food	127.05011	37.50539
더휴컴퍼니	shop	127.06744	37.50232
더휴컴퍼니	shop	127.04352	37.50013
덕구관광호텔주	stay	127.04911	37.50303
덕수궁해물칼국수	food	127.03357	37.51423
덕스하우스	stay	127.08194	37.49420
덕신유리	shop	127.04063	37.49473
덕촌리치즈마을피자	food	127.02721	37.50809
덕후선생	food	127.04019	37.52531
덕후선생강남	food	127.03381	37.49938
던에드가	shop	127.04279	37.49833
던킨도너츠	food	127.05052	37.52532
던킨도너츠수서역점	food	127.10455	37.48542
던킨현대아이파크	food	127.06114	37.51363
던휘트니스	activity	127.05471	37.50750
덤벨푸드강남	food	127.03185	37.49173
덤브치킨한티역점	food	127.05464	37.49744
덤프	activity	127.08487	37.49017
덤프피씨방	activity	127.08585	37.49044
덮밥마루	food	127.03457	37.49487
덮밥유니버스	food	127.05744	37.50816
덮밥장사장대치역점	food	127.06035	37.49368
덮밥플러스	food	127.04076	37.50093
데노체	bar	127.02068	37.51877
데누아	shop	127.02485	37.52032
데니스필름	activity	127.03853	37.52048
데님오브벌츄	shop	127.02372	37.52155
데님호텔	stay	127.04667	37.47625
데드포인트멀티짐	activity	127.03700	37.51525
데릭앤제이에스	food	127.03719	37.52627
데메테르	cafe	127.05643	37.51126
데바스테이트	cafe	127.04480	37.52617
데바핑크	cafe	127.04186	37.51363
데상트	shop	127.05326	37.49698
데상트골프	shop	127.05326	37.49698
데상트현대백화점무역	shop	127.05976	37.50862
데스칸사르	cafe	127.03594	37.50910
데시벨	bar	127.03681	37.52618
데시엠아시아퍼시픽	shop	127.02246	37.52170
데쎄르룸	cafe	127.04247	37.51093
데어리퀸	food	127.02831	37.49816
데어무트	cafe	127.03896	37.50205
데우즈	shop	127.03022	37.50526
데이데이	food	127.04071	37.52296
데이롱카페강남	cafe	127.03593	37.49325
데이릿	food	127.02681	37.50252
데이미인	shop	127.02628	37.50702
데이바이데이	shop	127.05456	37.50270
데이빗바이데이빗	shop	127.02769	37.50747
데이식스	bar	127.03933	37.50300
데이앤영	shop	127.02814	37.50638
데이쥬얼리	shop	127.06856	37.49569
데이지	shop	127.02875	37.49851
데이커튼	shop	127.04139	37.51780
데이트당구장	activity	127.03017	37.49630
데이파크	shop	127.04968	37.52643
데인티	shop	127.05396	37.50739
데일룩	shop	127.02703	37.52528
데일리	bar	127.03055	37.52083
데일리반찬가게	shop	127.04468	37.49394
데임	shop	127.03534	37.52064
데자뷰	shop	127.05107	37.50357
데코야주	shop	127.04213	37.51422
데코어	shop	127.02973	37.49465
데포르메	food	127.03123	37.52387
데헤사에프앤비카페드리옹	cafe	127.05916	37.51183
덱셀	shop	127.11917	37.46930
덴비	shop	127.05794	37.50577
덴스크유한책임회사	shop	127.03894	37.50714
덴아이세드압구정	stay	127.03203	37.52291
덴유	shop	127.02040	37.51805
덴키라멘	food	127.04513	37.48489
덴키카츠	food	127.05783	37.50847
덴토플렉스	shop	127.03104	37.49185
델라	shop	127.03979	37.52746
델라마노	bar	127.04232	37.50589
델리	food	127.03632	37.52786
델리뉴스	cafe	127.03087	37.51993
델리박스푸드	food	127.03875	37.50714
델리박스푸드리츠델리	food	127.03875	37.50714
델리백	cafe	127.03976	37.49171
델리스	shop	127.05506	37.52525
델리아	bar	127.03689	37.50724
델리카시스	cafe	127.03042	37.49601
델문도	bar	127.04978	37.51235
델스포	food	127.03975	37.50362
델타쿼드	shop	127.03916	37.48559
델핀플라워	shop	127.05289	37.50191
뎀셀브즈	food	127.05479	37.52300
뎁스	bar	127.03766	37.52343
뎅오야	food	127.02143	37.51951
도곡골프장	activity	127.04323	37.48347
도곡금강안경	shop	127.05348	37.48807
도곡다온	shop	127.03860	37.48646
도곡당구클럽	activity	127.03847	37.49135
도곡동행동물병원	shop	127.03813	37.48638
도곡떡집	food	127.05174	37.49728
도곡렉슬서점문구	shop	127.04973	37.49421
도곡리빙캐슬고시원	stay	127.04347	37.48451
도곡메디칼약국	shop	127.04658	37.49372
도곡명약국	shop	127.04211	37.49206
도곡물고기	food	127.04441	37.48569
도곡미주리	bar	127.04365	37.48155
도곡보성리빙텔	stay	127.03391	37.48652
도곡빈폴	shop	127.05301	37.48719
도곡상회	shop	127.05174	37.49728
도곡수산	food	127.05112	37.49707
도곡수산센타	food	127.05112	37.49707
도곡스시	food	127.04570	37.48433
도곡시장	shop	127.05182	37.49745
도곡약국	shop	127.04334	37.48203
도곡양선지국밥	food	127.03832	37.49139
도곡여울	bar	127.04459	37.48445
도곡중학교사회적협동조합	shop	127.04510	37.49239
도곡참치	food	127.03576	37.48517
도곡타워약국	shop	127.05200	37.48887
도곡함춘산부인과의원	shop	127.04303	37.48241
도곡행운로또방	activity	127.03369	37.48931
도곡회수산	shop	127.05112	37.49707
도그마캣	shop	127.02548	37.50858
도그펫스테이션	shop	127.03816	37.50793
도깨비갤러리	shop	127.10448	37.48856
도깨비노래연습장	activity	127.04345	37.50497
도깨비복권방	activity	127.03457	37.49565
도깨비아지트	food	127.03025	37.51815
도깨비포차	bar	127.03799	37.52675
도나플래닝주	shop	127.04686	37.48061
도너츠윤	food	127.03063	37.52750
도니네	food	127.03944	37.49278
도담도시락	food	127.05340	37.51039
도담치킨	food	127.04638	37.50250
도담한상	food	127.10415	37.47456
도도	shop	127.02806	37.49862
도도	food	127.03161	37.49172
도도에이아이	shop	127.05023	37.50387
도도짝갈비	food	127.03277	37.50736
도드람정육식당	food	127.04660	37.50532
도라후구현복집주	food	127.03734	37.52150
도란	food	127.07417	37.49109
도래집	food	127.02739	37.50055
도레미약국	shop	127.02727	37.49951
도로시	shop	127.03150	37.49035
도로시	food	127.03349	37.51508
도로시	shop	127.04001	37.52283
도르도뉴	food	127.05658	37.51138
도른계	food	127.02807	37.49973
도리당	food	127.03664	37.50319
도리도리	food	127.03859	37.52773
도리반반	food	127.02614	37.50332
도리스테이	stay	127.03348	37.49435
도리연닭도리탕	food	127.02110	37.51740
도리토리	bar	127.04135	37.51553
도리토리	bar	127.05313	37.49876
도마뱀세마리강남	shop	127.05190	37.49903
도마야끼덕아웃	bar	127.03812	37.52525
도메스틱루트	food	127.03789	37.52533
도멘청담	bar	127.04144	37.52414
도명골청국장	food	127.06535	37.51266
도모다찌	food	127.05916	37.51183
도미노피자	food	127.05568	37.50186
도미노피자	food	127.04722	37.47555
도미노피자	food	127.02352	37.51054
도미노피자	food	127.04901	37.51204
도미노피자	food	127.03535	37.49452
도미노피자	food	127.03476	37.52885
도미노피자	food	127.08311	37.48964
도미인서울강남	stay	127.02950	37.50564
도민푸드	food	127.03385	37.48890
도버	shop	127.04863	37.51994
도브서울	food	127.04242	37.52269
도비	food	127.03819	37.49397
도사모사	shop	127.05978	37.50324
도사정일면	food	127.05675	37.51042
도삭	food	127.05285	37.49820
도산공원	nature	127.03540	37.52450
도산대로	food	127.02764	37.50101
도산뚝배기	food	127.03862	37.52155
도산맘마미아	cafe	127.03467	37.52598
도산스테이	food	127.03654	37.52323
도산안창호기념관	heritage	127.03560	37.52395
도산어묵당	food	127.03709	37.52084
도산이국	food	127.03496	37.52559
도산정육	food	127.03883	37.52561
도산정육블랙청담	food	127.03883	37.52561
도산정육청담	food	127.03883	37.52561
도성	food	127.05003	37.51835
도성일식	food	127.04890	37.52406
도손컴퍼니	food	127.03681	37.52410
도순	food	127.02528	37.52001
도스	cafe	127.04576	37.50397
도스마스강남	food	127.02929	37.49766
도스타코스	food	127.05272	37.50659
도스타코스	food	127.04429	37.48374
도스트	shop	127.04494	37.52322
도슨트	shop	127.04713	37.50060
도슬박현대백화점압구정	food	127.02747	37.52737
도시곳간무역	shop	127.05976	37.50862
도시락카페	food	127.06533	37.51216
도시락키친	food	127.05763	37.52245
도시맥주	bar	127.02771	37.50085
도시맥주	bar	127.02408	37.50765
도시문	food	127.03496	37.48518
도시앤자연	shop	127.05606	37.52012
도심공항약국	shop	127.05944	37.50963
도아트컴퍼니	shop	127.04939	37.52198
도야족발	food	127.06885	37.48930
도야짬뽕	food	127.03423	37.50090
도어투도어	food	127.03991	37.52652
도와줘홈즈강남사업본부	shop	127.02019	37.51800
도우라이크피자	food	127.04565	37.49563
도원	food	127.05409	37.50374
도원명가	food	127.02830	37.51193
도원반점	food	127.06262	37.49891
도원반점강남역	food	127.03201	37.49534
도원스타일	food	127.02748	37.52742
도원화장품	shop	127.04712	37.50321
도유컴퍼니	shop	127.05242	37.52308
도이	shop	127.03904	37.50699
도이	food	127.03670	37.50297
도자기와꽃	shop	127.10630	37.47370
도장랜드	shop	127.02938	37.49480
도준푸드	shop	127.04506	37.52359
도치피자강남	food	127.02888	37.50103
도쿄닷지	food	127.06099	37.49782
도쿄등심	food	127.04699	37.48748
도쿄등심선릉	food	127.05534	37.50506
도쿄멘친테이혼포	food	127.05285	37.49820
도쿄수풀레가로수길점	food	127.02223	37.52132
도쿄스위츠	food	127.04417	37.51890
도쿄째즈	bar	127.05703	37.51126
도쿄혼가츠강남	food	127.03027	37.49596
도쿠아띠	shop	127.02979	37.50582
도키메이테	food	127.02929	37.49766
도토리덮밥	food	127.02960	37.49964
도토리생활건강	shop	127.03607	37.52105
도툼	food	127.02976	37.49701
도티	food	127.02295	37.51077
도파닉	bar	127.03830	37.52678
도피오	food	127.05829	37.50180
도현웍스	shop	127.02981	37.50830
도호	food	127.02636	37.50408
독도수산	food	127.08734	37.49088
독베이커리	shop	127.02663	37.50952
독수리약국	shop	127.08352	37.48573
독스아일랜드논현	cafe	127.03239	37.51634
독한	activity	127.03378	37.50513
돈가네	food	127.04330	37.48449
돈가네김치찌개	food	127.04774	37.47623
돈그리아	food	127.05064	37.50280
돈그리아	food	127.05217	37.50244
돈기부여	food	127.03621	37.51054
돈까스데이	food	127.04194	37.50896
돈까스리	food	127.04658	37.50324
돈까스의집	food	127.03775	37.50991
돈까스전원	food	127.03931	37.52483
돈까스하우스	food	127.03658	37.48601
돈까스해	food	127.03793	37.49443
돈꼬레	food	127.05694	37.50899
돈돈	food	127.05534	37.50506
돈만은소	food	127.04151	37.51507
돈바치	food	127.04988	37.47891
돈번집	food	127.05063	37.51253
돈부리칸	food	127.05947	37.50685
돈부리탄	food	127.05289	37.50098
돈불리제담	food	127.02068	37.51877
돈삼촌	food	127.04076	37.50093
돈쉐라	shop	127.03050	37.50713
돈앤동	food	127.03205	37.51648
돈오반	food	127.06506	37.51043
돈우애락	food	127.03649	37.49859
돈육지존	food	127.03348	37.50118
돈주다	food	127.05649	37.52291
돈지가	food	127.03528	37.50715
돈치킨	food	127.03027	37.49596
돈카라	food	127.04916	37.50560
돈카춘	food	127.06295	37.49388
돈카춘뱅뱅	food	127.03265	37.49012
돈카츠멘	food	127.03415	37.49692
돈키	shop	127.02806	37.49862
돈프리미어	food	127.08335	37.48972
돌곰네	food	127.03750	37.52022
돌곰네	food	127.03676	37.51941
돌깨마을맷돌순두부	food	127.02929	37.49766
돌도끼	shop	127.04618	37.48251
돌로이스케이프	activity	127.02736	37.50283
돌리고제주도야지	food	127.10078	37.46679
돌리타이	shop	127.02143	37.52059
돌산수산	shop	127.04231	37.49962
돌스트	cafe	127.03801	37.49665
돌아뜰리에	shop	127.04611	37.51944
돌우물	food	127.02630	37.51215
돌체비타마리나	activity	127.03336	37.50347
돌체에레제로	shop	127.02962	37.52333
돌핀수영	activity	127.02001	37.52258
돔베	food	127.02877	37.52107
동강	food	127.06437	37.51020
동경	food	127.03940	37.49706
동경	food	127.05916	37.51183
동경강	food	127.03381	37.49938
동경규동	food	127.05027	37.50249
동경규동	food	127.05715	37.50841
동경규동	food	127.02831	37.51420
동경규동강남	food	127.03027	37.49596
동경규동강남	food	127.04225	37.51571
동경규동강남딜리버리	food	127.03027	37.49596
동경규동대치학원가점	food	127.05678	37.49781
동경규동수서점	food	127.10448	37.48856
동경규동한티역점	food	127.05355	37.49781
동경에서먹었던규동	food	127.03045	37.49685
동경에서먹었던규동	food	127.06192	37.49335
동경전통육개장	food	127.03074	37.50073
동경화원	shop	127.02826	37.50055
동광자전거	shop	127.05091	37.47927
동굴	bar	127.03792	37.52663
동그라미약국	shop	127.02677	37.52603
동글이	shop	127.02953	37.49582
동남방앗간	bar	127.03464	37.52329
동남회관	food	127.03999	37.50346
동네식당	food	127.09100	37.49315
동녘	bar	127.02258	37.51960
동두천솥뚜껑삼겹살	food	127.02781	37.49966
동래	food	127.05882	37.50635
동래정선릉	food	127.04343	37.50482
동막촌	food	127.03066	37.51947
동명닭집논현직영	food	127.02476	37.50610
동명온누리약국	shop	127.05263	37.49786
동문생선	shop	127.02841	37.53229
동민수산	food	127.05326	37.49698
동반컴퍼니	shop	127.04417	37.52537
동방도서판매	shop	127.04031	37.52277
동방도서판매	shop	127.03809	37.52009
동방미식	food	127.03588	37.50626
동방플러스	shop	127.02690	37.50774
동보성	food	127.04997	37.50442
동보성	food	127.08482	37.49515
동봉관	food	127.04479	37.49629
동봉관압구정	food	127.02687	37.52387
동산분식	food	127.05330	37.50440
동산정육점	shop	127.03367	37.50182
동석	activity	127.05824	37.50605
동성	shop	127.04482	37.49739
동성약국	shop	127.06591	37.49962
동신식당	food	127.04648	37.49590
동신유리	shop	127.03803	37.51846
동신전파사	shop	127.03905	37.48668
동아냉면	food	127.03160	37.49606
동아전기	shop	127.03622	37.49311
동아종합공사	shop	127.02288	37.51806
동양사무용가구	shop	127.02516	37.51202
동양야채청과	shop	127.03476	37.51002
동양인터내셔날	shop	127.05093	37.50577
동양찻집	cafe	127.08610	37.49464
동양화장품	shop	127.02972	37.50689
동어동락	food	127.05853	37.50838
동우당구클럽	activity	127.03366	37.50092
동우아티스	shop	127.02973	37.49465
동원구내매점	food	127.06487	37.50415
동원빌딩	stay	127.03492	37.48670
동원슈퍼	shop	127.04446	37.48296
동원에프앤비지엔씨강남주	shop	127.04631	37.49280
동은빌딩	stay	127.03020	37.50701
동의연구원	shop	127.05609	37.50253
동의온누리약국	shop	127.04225	37.49356
동이순대국	food	127.05694	37.50165
동인동	food	127.05808	37.50623
동인동	food	127.02832	37.53360
동인동	food	127.02040	37.51805
동인에프앤비	food	127.04260	37.51270
동인프라자온누리약국	shop	127.10184	37.48802
동일드방레가로수길주	shop	127.02303	37.52126
동일디아이에스	shop	127.02166	37.51120
동진수산	food	127.06221	37.48333
동천홍	food	127.03276	37.51556
동천홍	food	127.03001	37.51927
동해물과한라산이	food	127.04565	37.49563
동해별관	food	127.02539	37.50563
동해산새우구이	food	127.05763	37.52245
동해수산	food	127.04691	37.50522
동해식당	food	127.04290	37.50463
동해횟집	food	127.06605	37.50621
동행	activity	127.02919	37.53254
동현김밥	food	127.03750	37.52022
동현소문난김밥	food	127.03750	37.52022
동호문구	shop	127.02739	37.52229
동호약국	shop	127.06655	37.50858
동호치킨	food	127.05070	37.51197
동호치킨	food	127.05841	37.50280
동화상협	food	127.04318	37.52254
동화슈퍼	shop	127.02841	37.53229
동화에프엔비	food	127.03341	37.50074
돼봉삼겹살	food	127.02614	37.50332
돼지가엔푸드	food	127.02881	37.50635
돼지고깃국효	food	127.04602	37.48359
돼지곱닭	food	127.03712	37.50295
돼지네포장마차	bar	127.05069	37.51955
돼지벅스	food	127.03353	37.49063
돼지분식	shop	127.02948	37.51268
돼지연구소	food	127.03458	37.50867
돼지저금통	food	127.04097	37.51863
돼지코코	food	127.02613	37.50989
돼지통	food	127.03282	37.50190
돼지통선릉	food	127.04430	37.50487
돼지통역삼	food	127.03887	37.50327
된장찌개고기구이한상궁신사동	food	127.02749	37.52017
될놈포차	bar	127.03870	37.52452
두꺼비	bar	127.04019	37.51714
두꺼비	food	127.05309	37.50147
두꺼비김밥	food	127.04658	37.50324
두꺼비부대찌개	food	127.10311	37.48732
두껍삼역삼	food	127.03207	37.49788
두끼	food	127.02733	37.50074
두끼한티역점	food	127.05239	37.49782
두나미스쥬얼리	shop	127.05763	37.52245
두나서점	shop	127.05157	37.49859
두당스	activity	127.03519	37.50542
두댓	activity	127.03894	37.52454
두두케이크	food	127.03891	37.52713
두드락	activity	127.02785	37.52510
두드림씨앤아이	shop	127.03165	37.49321
두란노기독서점	shop	127.05649	37.52291
두랑	shop	127.03093	37.52178
두레국수	food	127.04282	37.50484
두레반청담아구찜	food	127.04056	37.51856
두레식당	food	127.02422	37.50881
두레통닭강남	bar	127.09580	37.47266
두루	food	127.04184	37.52260
두루두루	food	127.04324	37.51261
두르가	food	127.02896	37.49973
두릉도원북촌순두부	food	127.02352	37.51054
두리약국	shop	127.08119	37.49064
두마리찜닭두찜강남세곡점	food	127.10503	37.47477
두메	food	127.03380	37.48971
두박씨	food	127.05601	37.51076
두배고기	food	127.03147	37.49588
두번먹는명인김치찜	food	127.05750	37.50460
두번먹는명인김치찜	food	127.03170	37.49879
두번째손가락	shop	127.03440	37.49850
두부랩나폴리제면소	food	127.03327	37.50371
두부마을찬	food	127.06223	37.48297
두부요리방	food	127.03024	37.52694
두사라	food	127.02032	37.51780
두사라	food	127.02017	37.51739
두사라청담	food	127.04475	37.52590
두산아트	shop	127.03617	37.52063
두산헬스케어	shop	127.04723	37.50666
두성에이치앤디	stay	127.07004	37.49856
두성전주콩나물국밥	food	127.03098	37.49461
두성전주콩나물국밥	food	127.03986	37.51790
두쏠아이안경원	shop	127.05820	37.51099
두아르트스퀘이라서울	shop	127.04139	37.51780
두어마리	food	127.06535	37.51266
두어마리	food	127.03617	37.52063
두에필리아에	shop	127.04483	37.48300
두오모	shop	127.03181	37.51526
두유라이크코퍼레이션	shop	127.03215	37.52575
두유썸	food	127.05531	37.50117
두잉안경상점역삼	shop	127.04041	37.49276
두지엠아라크렘	food	127.03041	37.51747
두진아이디주	stay	127.05759	37.50893
두찜강남	food	127.03860	37.48646
두찜강남	food	127.03521	37.49476
두찜강남	food	127.05456	37.49824
두찜강남	food	127.08243	37.49110
두코매봉역점	food	127.04542	37.48596
두툼	food	127.04415	37.50424
둘둘치킨	food	127.03235	37.49172
둘둘치킨	food	127.06294	37.50742
둘둘치킨	food	127.05447	37.49780
둘리노래연습장	activity	127.04024	37.49650
둘리노래주점	bar	127.04321	37.51123
둘코르	shop	127.04925	37.51549
둥지식당	food	127.02935	37.50500
뒤끝	food	127.06481	37.50860
듀공	food	127.04445	37.49734
듀베베	shop	127.03851	37.52472
듀스	bar	127.03344	37.49772
듀앤엘	shop	127.06852	37.49800
듀얼	activity	127.03978	37.51626
듀얼라운지	food	127.03463	37.51291
듀엘	shop	127.05326	37.49698
듀이듀이	shop	127.02117	37.52268
듀자미	food	127.02259	37.51934
드	shop	127.05200	37.48887
드가자	food	127.03903	37.49491
드가자	activity	127.02734	37.52312
드누아	shop	127.03019	37.50872
드라쏠	cafe	127.02723	37.51826
드럭스토어커피	cafe	127.03464	37.50633
드레스덴	shop	127.03633	37.50289
드레스덴그린	food	127.04208	37.52306
드레스룸	shop	127.03819	37.52747
드로잉프로젝트	activity	127.05277	37.50380
드롭닷	shop	127.02421	37.52178
드루	shop	127.04081	37.50583
드루와	bar	127.05879	37.50575
드리미	shop	127.03542	37.48529
드리체커피	cafe	127.05473	37.50543
드림드림복권방	activity	127.06591	37.49962
드림디포	shop	127.05523	37.50563
드림디포	shop	127.03447	37.50717
드림디포문구유통	shop	127.04219	37.51397
드림디포문구할인마트	shop	127.04790	37.50568
드림라인	shop	127.04161	37.50998
드림성형외과의원	shop	127.02884	37.52457
드림식당	food	127.04396	37.49918
드림앤파트너스	shop	127.05553	37.50728
드림약국	shop	127.02953	37.51596
드림오피스	shop	127.03964	37.49577
드림짐	activity	127.04786	37.51217
드림캐치	shop	127.10004	37.46682
드림케어네트워크	shop	127.04658	37.50324
드림케어약국	shop	127.02747	37.52631
드림텔레콤	shop	127.06796	37.48924
드림통상	shop	127.11906	37.46656
드림티씨에이강남	shop	127.04225	37.51571
드림파트너스	shop	127.04441	37.48569
드림팩토리짐	activity	127.03585	37.50243
드림펫	shop	127.04060	37.49678
드림푸드	food	127.06515	37.51251
드림하이	cafe	127.10073	37.46636
드림헤어라인의원	shop	127.03464	37.50332
드립드랍	food	127.03803	37.51846
드립드랍	cafe	127.03613	37.51644
드립팩토리	cafe	127.03360	37.51199
드맹	shop	127.04652	37.52658
드미뉴엣	shop	127.02726	37.52149
드미트리	food	127.03450	37.52293
드발리쉬	shop	127.02437	37.50726
드벨레사	shop	127.05029	37.52596
드보라	shop	127.06238	37.48286
드보라메디컬코스메틱	shop	127.03301	37.49416
드봉루아	food	127.10396	37.49021
드비니에	shop	127.06080	37.50919
득끄엉	food	127.04398	37.49622
든든아구	food	127.03489	37.49433
들녁	food	127.06087	37.51555
등대꽃화원	shop	127.04565	37.49563
등촌샤브칼국수	food	127.04076	37.51645
등촌샤브칼국수	food	127.03161	37.49172
등촌샤브칼국수	food	127.05226	37.50151
등촌샤브칼국수	food	127.05567	37.51042
등촌샤브칼국수	food	127.04411	37.48532
등촌샤브칼국수	food	127.02478	37.50643
등촌샤브칼국수	food	127.02823	37.49919
등촌샤브칼국수언주점	food	127.03775	37.50292
디그니티디자인랩	shop	127.06591	37.49962
디그스타일	shop	127.02223	37.52132
디깅	bar	127.03233	37.49820
디너플렉스	food	127.03923	37.49524
디노벨라	shop	127.03944	37.51404
디데이	bar	127.03477	37.51461
디데이	bar	127.03950	37.51758
디델리에프앤비주	food	127.02747	37.52737
디디다	bar	127.03617	37.52063
디디앤월드	shop	127.05299	37.50618
디디에프인터내셔널	food	127.03775	37.50292
디디치킨논현	food	127.03621	37.51054
디디프루츠	shop	127.08211	37.49103
디리조트	food	127.03812	37.52525
디멕스교역	shop	127.03434	37.50542
디멘션랩	shop	127.06099	37.51564
디모라강남	stay	127.03379	37.49515
디모스	shop	127.03866	37.52640
디바	bar	127.03491	37.49468
디바인성형외과의원	shop	127.02122	37.51645
디브이	shop	127.04135	37.50618
디비와이즈주	shop	127.04526	37.50380
디사모빌리영업소	shop	127.02408	37.51218
디사모빌리주	shop	127.02345	37.51282
디센트레블록체인	cafe	127.05429	37.50424
디셈버	bar	127.03693	37.50248
디스이즈네버댓코엑스	shop	127.05916	37.51183
디스커버리롯데강남점	shop	127.05326	37.49698
디스타갤러리	cafe	127.02120	37.51868
디스티프	food	127.03642	37.52385
디스펑트	shop	127.03278	37.52369
디슬로우딥랜드청담	food	127.04092	37.52634
디씨글로벌	shop	127.05146	37.50425
디씨에이치푸드	food	127.03231	37.52818
디씨크리에이티브	food	127.05432	37.52241
디아망	shop	127.02841	37.53229
디아스	shop	127.02630	37.50958
디아이랩	shop	127.03238	37.50764
디아이에프엔씨	shop	127.10471	37.47537
디아지오프리스티지앳서울	shop	127.06080	37.50919
디아프바인	shop	127.03517	37.52784
디안느	shop	127.04237	37.51886
디알비앤에이치	shop	127.04680	37.51143
디알엠글로벌	shop	127.02894	37.51220
디알토판바이오	shop	127.04139	37.51780
디앤	shop	127.04190	37.50158
디앤그룹주	shop	127.05825	37.50906
디앤디압구정로데오바두낫디스터브라운지	bar	127.03928	37.52743
디앤디커뮤니케이션즈	shop	127.03237	37.49993
디앤비에셋	shop	127.03159	37.51529
디앤에스랩	shop	127.03495	37.51435
디앤에스메디텍	shop	127.02832	37.50592
디앤에이아트컴퍼니	shop	127.04823	37.52467
디앤제이	shop	127.05722	37.50883
디앤케이	shop	127.05916	37.51183
디어	bar	127.02422	37.52079
디어데니	bar	127.03749	37.52562
디어로사	shop	127.10752	37.47241
디어리뷰티	shop	127.04723	37.50439
디어마이플라워	cafe	127.04671	37.50615
디어버디	shop	127.03025	37.49739
디어브랜드	shop	127.03677	37.52635
디어스푼	food	127.03821	37.50289
디어포스트	shop	127.02442	37.51751
디어프로젝트	shop	127.02941	37.51516
디에그	cafe	127.04261	37.48398
디에르	shop	127.04240	37.52478
디에스팩토리	food	127.05733	37.51040
디에이비	shop	127.02806	37.49862
디에이스호텔	stay	127.05404	37.50698
디에이치선진	food	127.04005	37.52848
디에이치와이	food	127.02723	37.50636
디에이치와이	food	127.05191	37.50302
디에이치웰리빙	shop	127.04444	37.50356
디에이치이	food	127.03177	37.52376
디에이치푸드꿍탈레	food	127.02175	37.52277
디에프강남지점	food	127.02809	37.49948
디에프서울치즈앤	food	127.03454	37.52564
디에프에스비콜렉티브	shop	127.02015	37.51869
디엔	food	127.04043	37.49661
디엔디모드컴퍼니	shop	127.04740	37.52291
디엔미트	shop	127.05144	37.49716
디엔에이벤처스제삼호	cafe	127.05326	37.49698
디엔티골프	activity	127.02404	37.51949
디엔티에프엔티	food	127.02404	37.51949
디엘로이선	food	127.02232	37.52078
디엠서울	bar	127.03883	37.52615
디엠소프트	shop	127.04155	37.50665
디엠씨	shop	127.10184	37.48802
디엠씨그룹	shop	127.04351	37.48197
디엠와이	activity	127.05846	37.50626
디엠컴퍼니	shop	127.03527	37.49311
디엠티골프아카데미	activity	127.03607	37.51254
디오니스	bar	127.04642	37.51879
디오니식스	shop	127.04151	37.49724
디오리엔탈	shop	127.02346	37.52384
디오리지널보일링크랩	food	127.03848	37.52802
디오엠삼성	food	127.05759	37.51047
디오재	shop	127.03825	37.52008
디오파스타돈까스	food	127.03110	37.49759
디와이푸드	food	127.04196	37.52587
디완컴퍼니	shop	127.05657	37.50845
디원인더스트리	shop	127.05539	37.50691
디유	shop	127.04470	37.52499
디자이너스까사	shop	127.03665	37.52128
디자인갤러리	shop	127.03917	37.51117
디자인브라이드	shop	127.04100	37.52500
디자인웨이투고	shop	127.03210	37.51541
디자인유벤	shop	127.02392	37.51163
디자인첫봄	shop	127.05640	37.50223
디자인펀	shop	127.05167	37.51755
디자인플래닛	shop	127.10705	37.46278
디저트문	food	127.03352	37.50972
디저트팜	cafe	127.04417	37.50096
디저트팩토리	food	127.03304	37.49044
디저트포레	food	127.10073	37.46636
디저트플래넷	food	127.06080	37.50919
디젤	shop	127.02747	37.52737
디즈니플러스	food	127.04240	37.52426
디지시스논현	shop	127.03339	37.50906
디지털디앤씨	shop	127.04676	37.48014
디초콜릿커피앤드강남역미림	cafe	127.02962	37.49730
디카프커피하우스	cafe	127.02238	37.52255
디칼라주얼리카페	shop	127.05007	37.51240
디케이엔와이롯데강남	shop	127.05326	37.49698
디케이옴므	shop	127.02969	37.50716
디코럼	shop	127.03051	37.52228
디코레북창동순두부강남	food	127.04268	37.51548
디타	shop	127.05817	37.50557
디티바이크	shop	127.06171	37.50382
디티에스재팬	shop	127.05093	37.50577
디티엑스메디컬	shop	127.04139	37.51780
디파이넘버	shop	127.03259	37.49913
디프네청담	shop	127.04652	37.52625
디프런트도어즈	activity	127.03819	37.49515
디피오리	cafe	127.05126	37.52583
디핀고	food	127.03835	37.52217
디허브	cafe	127.03903	37.50046
디헬스케어	shop	127.05277	37.50380
디히랑	food	127.03506	37.51188
딘트	shop	127.04937	37.52111
딜리버리킹	food	127.04294	37.50474
딜리셧부티끄	food	127.02929	37.49766
딤딤덕	food	127.03074	37.50073
딤딤섬	food	127.06080	37.50919
딥다이브	shop	127.02437	37.50563
딥티크갤러리아명품관	shop	127.04005	37.52848
딥티크현대	shop	127.02747	37.52737
딥티크현대무역	shop	127.05976	37.50862
딥하우스	bar	127.03491	37.52320
딩동댕	food	127.04895	37.50450
따띠김치찌개	food	127.04430	37.50487
따봉	bar	127.04461	37.51153
따스한에프앤비	food	127.03564	37.52703
따우전드	food	127.02143	37.52059
따청푸드	food	127.02223	37.51932
딱좋아	food	127.02092	37.51586
딸기더쿠	food	127.08499	37.49522
딸랏	food	127.03768	37.52682
딸리	shop	127.08119	37.49064
딸부자네불백	food	127.04544	37.50423
딸부자네불백	food	127.02053	37.51927
딸부자네불백	food	127.02976	37.49701
딸부자네불백가로수길점	food	127.02225	37.52114
땅스부대찌개세곡동지점	shop	127.10073	37.46636
땅코참숯구이	food	127.03672	37.51686
땅코참숯구이	food	127.05235	37.50294
땅코참숯구이	food	127.03439	37.49257
땅코참숯구이강남역	food	127.03127	37.49544
때가이르매강남구청	cafe	127.04020	37.51582
땡굴땡굴	shop	127.02796	37.50972
땡글이네집밥	food	127.04834	37.47874
땡뽀	food	127.03904	37.51026
땡스	shop	127.02143	37.52059
땡이의미술여행강남지사	shop	127.05062	37.47226
땡초김밥	food	127.02291	37.51505
땡초불닭발동대문엽기떡볶이	food	127.04510	37.49675
땡큐	shop	127.05273	37.49919
떠기다방	cafe	127.04061	37.51744
떡도리탕	food	127.02808	37.50050
떡밀밀강남	food	127.03842	37.50953
떡보의하루	food	127.03372	37.49398
떡보의하루	food	127.06856	37.49569
떡볶이참잘하는집떡참강남	food	127.08243	37.49110
떡볶이참잘하는집떡참강남	food	127.03562	37.49534
떡본김에	food	127.04465	37.52297
떡산	food	127.03135	37.52766
떡순튀	food	127.02877	37.50685
떡슐랭	food	127.05187	37.50253
떡스팟	food	127.05744	37.50816
떡쌈시대	food	127.02728	37.52478
떡존	food	127.02515	37.52299
떡판왕	food	127.05299	37.50618
떴다아이스크림	shop	127.08708	37.49271
떼르드카페	food	127.03720	37.52529
떼르에떼르	food	127.02053	37.52177
떼아플라워앤코	shop	127.05287	37.50411
떼조로	shop	127.03914	37.52649
또또분식	food	127.05763	37.52245
또또아이스크림	shop	127.08671	37.48550
또래오래	food	127.05975	37.50202
또보겠지떡볶이집강남	food	127.02726	37.50308
또봉이통닭	food	127.03791	37.49561
또봉이통닭호프라운지	food	127.03305	37.48928
또올래분식	food	127.04506	37.52359
또와유명태간장조림청담점	food	127.05683	37.52241
똑똑한형제들	shop	127.05471	37.47428
뚜또카페	cafe	127.03187	37.50897
뚜레주르	food	127.04232	37.51589
뚜레쥬르	food	127.06228	37.50688
뚜레쥬르강남	food	127.10336	37.47372
뚜레쥬르강남대로점	food	127.02277	37.50903
뚜레쥬르뱅뱅	food	127.03284	37.48966
뚜레쥬르점	food	127.03455	37.49918
뚜레쥬르카페	food	127.03200	37.49759
뚜레쥬르카페강남세곡점	food	127.09922	37.46680
뚜지멍제리냥	shop	127.02618	37.50965
뚝떡	food	127.06071	37.51459
뚝뗀	food	127.05185	37.48692
뚝심	food	127.05074	37.50456
뚱땡이	food	127.04715	37.47839
뚱보집신논현역점	food	127.02596	37.50364
뜨끈	food	127.04838	37.50665
뜨락	food	127.05557	37.52447
뜨락	food	127.02919	37.53254
뜨락플라워앤웨딩	shop	127.03775	37.51782
뜨레	shop	127.04691	37.52259
뜨리굿해빗	shop	127.02371	37.52224
뜯고기강남	food	127.03654	37.51687
뜰안채	food	127.03431	37.49463
뜸들이다	food	127.04017	37.50065
뜸들이다	food	127.03250	37.52266
띠넬로인서울	bar	127.02725	37.52059
띠띠포차	bar	127.02143	37.52252
띠아모	shop	127.06295	37.49388
띠어리	shop	127.05976	37.50862
띠어리맨롯데강남	shop	127.05326	37.49698
띠어리맨현대	shop	127.02747	37.52737
띠어리여성롯데강남	shop	127.05326	37.49698
띠엘로	food	127.02217	37.51885
띵킹쇼핑	shop	127.03232	37.51944
라곰바리스타	food	127.02439	37.52418
라곰트레이닝강남	activity	127.02803	37.49866
라그랑자트	food	127.04296	37.52265
라그릴리아	food	127.05292	37.48911
라그릴리아강남	food	127.02980	37.49438
라까사로사	cafe	127.04590	37.50749
라까사호텔고객	stay	127.01955	37.52214
라까사호텔주	stay	127.01955	37.52214
라꼬메뜨	shop	127.03588	37.51410
라나스테이	stay	127.03046	37.52785
라나스튜디오	shop	127.03767	37.51312
라노비아	shop	127.02602	37.51356
라니	shop	127.02589	37.50527
라드	shop	127.03711	37.52607
라드레쎄	food	127.04683	37.48403
라디오	bar	127.03352	37.49883
라디오아이즈	shop	127.02216	37.52170
라떼킹	cafe	127.03398	37.51297
라뜰리에이은	food	127.02947	37.50701
라라	bar	127.05188	37.50670
라라스테이	stay	127.03505	37.52573
라라스테이	stay	127.04428	37.52161
라라스테이	stay	127.02345	37.52118
라라스플라워	shop	127.04144	37.50707
라라아이스크림할인점	shop	127.08110	37.48480
라라약국	shop	127.03168	37.49961
라라코인노래연습장	activity	127.02746	37.50040
라라팩토리	shop	127.02229	37.51374
라라퓨쳐스	shop	127.04060	37.49678
라라하우스	stay	127.05175	37.51110
라레테	shop	127.03287	37.49607
라렌느	shop	127.03935	37.52564
라로프	shop	127.04723	37.50666
라르고버거	food	127.06232	37.49364
라르디니	shop	127.02747	37.52737
라리	shop	127.03072	37.50919
라마르조코	shop	127.04063	37.51389
라망드쉐프	food	127.03304	37.49044
라메종	shop	127.04098	37.52683
라메종드플레	cafe	127.03621	37.50302
라메종드플레주	shop	127.03621	37.50302
라메종루이	shop	127.05316	37.50474
라멘호토리	food	127.05767	37.50570
라모드	shop	127.03699	37.51765
라모따	food	127.02387	37.52039
라모티플라워	shop	127.04723	37.52525
라몬	food	127.03759	37.51679
라무르	shop	127.05488	37.50786
라무르	shop	127.05215	37.50465
라무진	food	127.05010	37.52522
라무진	food	127.05261	37.50158
라무진	food	127.03100	37.49683
라미드관광라마다서울호텔	stay	127.04529	37.51034
라미드관광라미드호텔주	stay	127.04529	37.51034
라미띠에	food	127.04461	37.52603
라미에뜨	food	127.05652	37.50156
라미포르슈	shop	127.02630	37.51981
라바게트	food	127.04409	37.49554
라밥	food	127.05023	37.50271
라베	bar	127.05449	37.51006
라벨르	food	127.03930	37.52189
라벨르	shop	127.02841	37.53229
라벨르	shop	127.02932	37.49647
라벨쇼룸	shop	127.03149	37.52358
라벨플로라	shop	127.05146	37.50425
라부르켓갤러리아	shop	127.04005	37.52848
라뷰엘	shop	127.03159	37.51529
라브리크	food	127.02793	37.50241
라블로썸	shop	127.03436	37.48532
라블룸	shop	127.09923	37.46772
라비	shop	127.04090	37.49789
라비	shop	127.05307	37.50996
라비뉴	food	127.02765	37.52237
라비르	food	127.03600	37.48670
라비센샐러드	food	127.03740	37.52137
라비쏭	cafe	127.04929	37.51407
라비아피트니스	activity	127.05190	37.49903
라비앙수	shop	127.04437	37.52192
라비에벨	shop	127.03818	37.50435
라비에벨	shop	127.05763	37.52245
라비옥	food	127.03492	37.50335
라비타호텔	stay	127.05689	37.52141
라빈	food	127.03545	37.50988
라빈리커샵	shop	127.03730	37.50189
라빠뜨	food	127.02405	37.52169
라뻬를라	food	127.02156	37.52227
라쁘뻬청담	shop	127.04616	37.52316
라사천마라탕	food	127.04076	37.50093
라세브	shop	127.04838	37.50665
라쇼드퐁	shop	127.05772	37.51021
라스	food	127.03669	37.52712
라스위트청담점	shop	127.03979	37.52186
라스키친	food	127.05695	37.51000
라스트이스케이프	activity	127.02823	37.50080
라스트클래스오브호프	bar	127.05365	37.52713
라시오그	shop	127.04667	37.52199
라쏨	shop	127.05773	37.50766
라엘	shop	127.02484	37.50684
라엘르레지던스	stay	127.03361	37.49643
라엘옴므	shop	127.03715	37.52134
라오상하이찻집	cafe	127.03430	37.51454
라온	shop	127.02665	37.52544
라온	shop	127.03289	37.50046
라온골프	activity	127.02218	37.51190
라온골프아카데미	activity	127.04255	37.50914
라온바치	shop	127.02062	37.51394
라온상회강남	shop	127.04723	37.50442
라온안경	shop	127.02939	37.52681
라온안경원	shop	127.05708	37.50879
라온약국	shop	127.03119	37.49157
라온에스테틱	shop	127.05202	37.50421
라온오피스	shop	127.05949	37.50089
라온제나강남	food	127.03860	37.51696
라온하우스	stay	127.05419	37.50528
라와마라탕강남	food	127.03134	37.49523
라우더	bar	127.03323	37.50171
라우라우	food	127.04208	37.52306
라운더스	activity	127.02813	37.50028
라운드청담	shop	127.04723	37.52525
라운즈강남	shop	127.03102	37.49366
라운지	bar	127.02562	37.52492
라운지빅토리아	bar	127.04070	37.52437
라운지스크린골프	activity	127.03632	37.50343
라운지어반	cafe	127.01995	37.51957
라운지엘	shop	127.04036	37.52753
라운지，많	food	127.02172	37.51205
라움	shop	127.06719	37.49601
라움스테이	stay	127.03322	37.50080
라움아트센터	etc	127.03941	37.50813
라움이스트	shop	127.03409	37.52826
라원	shop	127.04069	37.52571
라이딩하이	shop	127.02630	37.51215
라이레지던스	stay	127.02956	37.51887
라이브러리	cafe	127.03921	37.50341
라이브볼키친	food	127.03594	37.49928
라이브볼키친	food	127.03568	37.50084
라이브죤	activity	127.04776	37.47810
라이스쉐프	food	127.06058	37.50759
라이스앤포	food	127.05326	37.49698
라이스이즈나우	food	127.11389	37.47423
라이스플레이	food	127.03541	37.52727
라이언	bar	127.05257	37.50693
라이언스위스키신사	bar	127.02202	37.51803
라이언스테이	stay	127.04228	37.50783
라이온프라이드	cafe	127.03268	37.49105
라이즈북스	shop	127.05011	37.50539
라이즈선	shop	127.05824	37.50605
라이즈아트	shop	127.06021	37.51526
라이징	bar	127.03352	37.49883
라이카카메라	shop	127.04208	37.52306
라이카카메라현대무역센터	shop	127.05976	37.50862
라이크왕십리	food	127.04136	37.50288
라이크짐	activity	127.02734	37.52312
라이크커피	cafe	127.02378	37.51905
라이크플라워샾	shop	127.05126	37.47370
라이트짐	activity	127.08119	37.49064
라이프델리	food	127.04278	37.50004
라이프랩	shop	127.08119	37.49064
라이프약국	shop	127.04494	37.52322
라이프엔조이	shop	127.02551	37.52014
라이프워크	shop	127.06080	37.50919
라이프워크롯데	shop	127.05326	37.49698
라이프웨이브	shop	127.05734	37.50663
라이프의원	shop	127.03496	37.48518
라이프하우스	stay	127.08275	37.48954
라이프하우스원룸텔	stay	127.04107	37.51611
라이프휘트니스	activity	127.05069	37.49812
라인	shop	127.05976	37.50862
라인볼링장	activity	127.03182	37.49067
라인앤톤	shop	127.03472	37.49626
라인옴므	shop	127.02605	37.52557
라인웍스서울	shop	127.01972	37.52093
라인의상실	shop	127.02605	37.52557
라인프렌즈스퀘어	shop	127.02208	37.52036
라일라에프엔비	food	127.05916	37.51183
라임	food	127.03689	37.50724
라임	cafe	127.04059	37.51797
라임빌고시원	stay	127.05316	37.49866
라임앤컴퍼니	shop	127.03343	37.51056
라임이네문구점언북초점	shop	127.04457	37.51867
라임이뱅이점	food	127.05219	37.49828
라임코코	shop	127.08215	37.49133
라임플로럴	shop	127.05029	37.47400
라임하우스원룸텔	stay	127.03216	37.49414
라잇케어	shop	127.04838	37.50665
라자그논나	shop	127.02436	37.52256
라장양갈비·양꼬치무한리필	food	127.02771	37.50085
라정찰보리빵호두과자	food	127.04725	37.47617
라젠커피	cafe	127.03621	37.51054
라젤로개포	shop	127.04542	37.47827
라코브	shop	127.03503	37.50313
라코스테가로수길점	shop	127.02303	37.52126
라코스테롯데강남	shop	127.05326	37.49698
라코스테스포츠	shop	127.05326	37.49698
라쿵푸강남	food	127.04060	37.51669
라퀴진	food	127.04631	37.48409
라크레	shop	127.05202	37.52539
라크림	cafe	127.02503	37.50865
라키	bar	127.02344	37.51856
라트어린이극장	heritage	127.04230	37.48428
라티아라	shop	127.04968	37.52643
라티오글로벌	activity	127.03651	37.50002
라티커피	cafe	127.04654	37.47896
라틴펍쿠바	bar	127.03396	37.49408
라파레이싱리미티드	shop	127.02236	37.52133
라파엘바디케어센터	shop	127.10184	37.48802
라파즈컬렉티브	food	127.04924	37.52360
라파티세리킴	food	127.04519	37.48448
라페르바	shop	127.04196	37.52587
라펜티	shop	127.03244	37.51740
라펫	shop	127.10336	37.47372
라포레	bar	127.05132	37.51740
라포레드희아틀리에	shop	127.03419	37.50108
라푼젤	bar	127.03993	37.51588
라프레타	bar	127.04529	37.51034
라프레타갤러리	bar	127.04529	37.51034
라프푸드코트	food	127.03492	37.50880
라플라	shop	127.03837	37.52442
라플란드	food	127.04690	37.51214
라플랑	food	127.02542	37.51710
라플레르플로	food	127.04144	37.50707
라플렌	shop	127.05025	37.52554
라피끄	shop	127.02321	37.52254
라피네	shop	127.06132	37.49743
라피네	shop	127.02520	37.50697
라피드커피	cafe	127.07965	37.49434
라피스인터내셔널	shop	127.03229	37.51568
라피자노스트라	food	127.04997	37.50442
라피자노스트라	food	127.04963	37.47731
라피크	shop	127.06132	37.49743
라피크	shop	127.04678	37.52309
라헨느골프레저개발	activity	127.05817	37.50455
라호야	shop	127.02605	37.51846
라호야빈센트	shop	127.03566	37.50162
라화쿵부	food	127.06142	37.49719
락교라이브펍	bar	127.02724	37.52402
락노래연습장	activity	127.02423	37.50724
락스타치킨	food	127.04347	37.50444
락스타코인노래연습장	activity	127.02228	37.51785
락스타코인노래연습장	activity	127.06099	37.49782
락앤롤	bar	127.03721	37.52589
락온	food	127.03621	37.51054
락토벨라	shop	127.04307	37.50112
락포트코엑스	shop	127.05712	37.51295
락플라워	shop	127.11040	37.46443
락휴코인노래연습장신사역점	activity	127.02261	37.51789
란수사	food	127.04060	37.50393
란슬	shop	127.05977	37.51311
란주쿠	food	127.05565	37.51121
란커피	cafe	127.04503	37.47875
란컬렉션	shop	127.05612	37.50292
랄라홀릭	food	127.04805	37.47719
랄프로렌여성현대	shop	127.02747	37.52737
랄프로렌파르나스몰	shop	127.06080	37.50919
랄프로렌폴로가로수길스토어	shop	127.02287	37.52001
람다골프	activity	127.06087	37.50401
람보르한우	food	127.03302	37.49758
람브레타강남	shop	127.04171	37.50577
랍스터바압구정지점	food	127.04005	37.52848
랑꼬뉴	cafe	127.03800	37.52347
랑데뷰	food	127.02558	37.50586
랑데자뷰	cafe	127.02795	37.50268
랑랑스테이	stay	127.02225	37.52114
랑방	shop	127.04184	37.52791
랑방블랑	shop	127.05976	37.50862
랑방컬렉션	shop	127.05976	37.50862
랑방현대무역점	shop	127.05976	37.50862
래그랜느보호작업장	food	127.08759	37.49170
랜더앤코	cafe	127.02556	37.52267
랜덤워크	shop	127.03652	37.52531
랜돌프비어	bar	127.05373	37.49795
랜드마크	bar	127.08556	37.49063
랜드마크안경	shop	127.03848	37.52802
랜탈서비스	shop	127.05466	37.47460
램브라튼	food	127.02166	37.52212
램브란트선릉	food	127.04845	37.50479
램익스프레스	food	127.03828	37.52571
랩	bar	127.03576	37.51602
랩스와이즈넷	shop	127.03459	37.49118
랩스피자	food	127.04076	37.50093
랭맥	bar	127.03008	37.49470
랭스영카페앤펍	cafe	127.03207	37.50126
러너스포츠	shop	127.05976	37.50862
러너펍	bar	127.05176	37.50272
러너펍압구정홀덤펍	bar	127.03732	37.52624
러너펍홀덤펍	bar	127.02359	37.50793
러브다이브	shop	127.06262	37.49891
러브리하우스	shop	127.04573	37.52471
러브블러썸플라워	shop	127.03318	37.50182
러브인토스터	food	127.04916	37.51404
러브펫	shop	127.05414	37.49966
러블리	shop	127.02388	37.50880
러블리대화방	activity	127.03017	37.49630
러빗	shop	127.04768	37.50371
러빙헛랜드	food	127.04770	37.47675
러빙헛주	cafe	127.04944	37.47690
러쉬	food	127.05371	37.50393
러쉬	bar	127.01991	37.51900
러쉬압구정점주	shop	127.03391	37.52775
러쉬코리아스타필드	shop	127.05916	37.51183
러스앤유창	shop	127.02831	37.49816
러스터덴탈	shop	127.05286	37.50142
러스틱스튜디오	shop	127.05277	37.50380
러퓸	shop	127.06080	37.50919
럭셔리골든스페이스	food	127.05202	37.52539
럭셔리리빙홈	shop	127.03603	37.52756
럭셔리카페	food	127.02711	37.50244
럭스	shop	127.05533	37.49087
럭스베이	shop	127.04515	37.48235
럭스어게인	shop	127.03476	37.52885
럭스인	shop	127.06853	37.49638
럭스포레스트	shop	127.10311	37.48732
럭키	bar	127.03928	37.50329
럭키김밥	food	127.04100	37.49141
럭키당구장	activity	127.04542	37.48596
럭키로또	activity	127.04812	37.47820
럭키루치아노	food	127.03525	37.52731
럭키링크주	shop	127.03734	37.50199
럭키마켓	shop	127.02033	37.51643
럭키뷰티	shop	127.02948	37.49773
럭키슈에뜨현대무역	shop	127.05976	37.50862
럭키슈퍼마트	shop	127.05924	37.52283
럭키스팟강남	cafe	127.04097	37.51863
럭키찬스	shop	127.10347	37.46315
럭키축산	shop	127.05763	37.52245
런던베이글뮤지엄	food	127.03644	37.52608
런던베이글뮤지엄도산	food	127.03644	37.52608
런던케밥	food	127.03594	37.49928
런던하우스강남원룸텔	stay	127.03788	37.49688
런드리룸	shop	127.04070	37.52437
런드리본	shop	127.03201	37.49240
런치온	food	127.03631	37.51163
런투유플라워	shop	127.05824	37.50605
레귬	food	127.01908	37.51960
레꼬빵	food	127.04311	37.52226
레꽁디멍	food	127.08506	37.49132
레끌레드크리스탈삼성	food	127.05398	37.50786
레끌레드크리스탈청담	food	127.04776	37.52496
레노바치오인터내셔널	shop	127.02079	37.52244
레드	bar	127.03245	37.50716
레드마블하우스	food	127.03918	37.49672
레드바삭	food	127.05548	37.50809
레드버틀	food	127.03742	37.49914
레드비하우스	stay	127.02806	37.50920
레드썬	shop	127.02806	37.49862
레드아이	shop	127.02831	37.49816
레드애플	cafe	127.02831	37.49816
레드애플강남파이낸스	cafe	127.03651	37.50002
레드앤컴패니	shop	127.04152	37.50183
레드웍	food	127.10311	37.48732
레드제플린	food	127.04390	37.48529
레드카펫	shop	127.04723	37.50666
레드캣	shop	127.02806	37.49862
레드코인노래연습장	activity	127.05183	37.50316
레드타운강남	food	127.03803	37.51846
레드텅	shop	127.03163	37.52231
레드텅부티크청담점	shop	127.04820	37.52499
레드팟	food	127.04850	37.50320
레디고액티브게임파크	activity	127.02718	37.50210
레디투스세븐	food	127.01917	37.52906
레몬	food	127.03462	37.52745
레몬그라스타이	food	127.04787	37.47795
레몬그라스타이	food	127.04076	37.51645
레몬도시락	food	127.05548	37.50809
레몬마트	shop	127.04548	37.51174
레몬버베나	shop	127.03695	37.52519
레몬버터홈	stay	127.04522	37.50676
레몬시티	cafe	127.05625	37.51101
레몬약국	shop	127.03500	37.51560
레몬트리카페	cafe	127.02566	37.51821
레미니스	shop	127.04467	37.49945
레미또	shop	127.04870	37.48849
레바브	cafe	127.06550	37.50206
레바브가든	shop	127.06550	37.50206
레뱅드매일	shop	127.03651	37.50002
레벨업베이스볼시스템	activity	127.06192	37.51371
레벨업스포츠스튜디오	activity	127.03381	37.49819
레벨업홀덤스포츠	bar	127.03816	37.52605
레보	food	127.03204	37.50850
레브	shop	127.04723	37.50442
레브가	shop	127.04480	37.52260
레브골프청담	shop	127.04326	37.52224
레브랩	food	127.04139	37.49961
레브뷰틱	shop	127.04878	37.52537
레비고비유한책임회사	shop	127.06455	37.50994
레비티커스커피	cafe	127.02687	37.52234
레뽀드라라	cafe	127.03074	37.50073
레뽀커피	cafe	127.03305	37.48928
레솔베르	shop	127.04100	37.52471
레스쁘아	food	127.04241	37.52483
레스쁘아주	food	127.04240	37.52478
레스토랑덱스터	food	127.04654	37.52320
레스토랑오와이	food	127.04326	37.52224
레스토랑원	food	127.02436	37.52256
레스티아	shop	127.04015	37.51915
레아	food	127.04398	37.48196
레아	food	127.05476	37.50577
레아주서울피부과의원	shop	127.02792	37.52412
레아주코스메틱	shop	127.02790	37.52406
레아트성형외과의원	shop	127.03133	37.52308
레아플라워	shop	127.03556	37.49345
레알몬스터	bar	127.03396	37.49408
레오	shop	127.04382	37.51245
레오미나	shop	127.06199	37.50809
레우레우	food	127.03721	37.52798
레이나플라워	shop	127.04210	37.49371
레이니에프앤비	bar	127.04540	37.52600
레이디스	shop	127.08130	37.49111
레이브릭스	cafe	127.02445	37.52052
레이앤코	shop	127.04530	37.52488
레이어	shop	127.03735	37.52437
레이어스튜디오	cafe	127.05194	37.50238
레이어스튜디오	cafe	127.05492	37.50277
레이어프로젝트	cafe	127.05194	37.50238
레이지레이디	food	127.02948	37.49773
레이지린지	shop	127.02996	37.50712
레이지뮤즈	food	127.03786	37.52649
레이지버드베이커리	food	127.05170	37.52039
레이지수	cafe	127.03515	37.49624
레이지애프터눈	shop	127.08384	37.49186
레이지케틀서비스	cafe	127.04325	37.48188
레이첼약국	shop	127.02506	37.50434
레이첼푸드	food	127.02771	37.50085
레이호	food	127.01908	37.51960
레인디	bar	127.04863	37.51994
레인보우박스	shop	127.02570	37.50424
레인보우아이스크림대치르엘점	food	127.06341	37.50136
레인보우퍼블릭하우스	shop	127.04768	37.50371
레인빅토리	activity	127.03266	37.50668
레인지엑스가로수	activity	127.02089	37.52299
레인지엑스봉은사	activity	127.06288	37.51389
레인커피	cafe	127.05400	37.50569
레인커피강남	cafe	127.03002	37.49669
레전드갤러리	shop	127.05640	37.50223
레쥬렉션	shop	127.04302	37.52432
레즈메드	shop	127.03711	37.49171
레지던스	stay	127.06584	37.51087
레지던스대치	stay	127.05183	37.50316
레지던스아이	stay	127.04405	37.50541
레코	food	127.05020	37.47572
레코맨드	shop	127.03825	37.52706
레트로맨션	shop	127.02536	37.50920
레트로오븐	food	127.04395	37.51215
레포츠당구장	activity	127.02506	37.50658
레폴리	food	127.03967	37.51818
레하	shop	127.04655	37.52445
레호이	food	127.02018	37.52023
렉슈얼컴퍼니	shop	127.03757	37.49619
렉스관광호텔	stay	127.02055	37.51442
렉슬드림약국	shop	127.04973	37.49421
렉시	stay	127.03392	37.49881
렌즈미가로수길점	shop	127.02187	37.51795
렌즈미강남	shop	127.02634	37.50165
렌즈앤글라시즈	shop	127.02292	37.52415
렛츠핏	activity	127.04566	37.47865
로건에프앤비압구정지점	cafe	127.02747	37.52737
로고몬도	shop	127.05824	37.50605
로고스인	shop	127.02973	37.49465
로그인	shop	127.09726	37.48577
로그짐	activity	127.05984	37.50021
로그짐	activity	127.05765	37.51034
로꼬로꼬	activity	127.04060	37.50771
로꼬타코	food	127.03610	37.50495
로꼬타코	food	127.05704	37.50146
로꼬타코신사역점	food	127.01971	37.51715
로나컴퍼니	shop	127.02720	37.50832
로네펠트티하우스	cafe	127.05916	37.51183
로던플라워	shop	127.06292	37.49394
로데	shop	127.05835	37.50874
로데오끝집	food	127.03719	37.52627
로데오뎅	bar	127.03744	37.52681
로데오안경	shop	127.05124	37.51273
로데오안경	shop	127.06118	37.48247
로데오약국	shop	127.03935	37.52564
로데오원스테이	stay	127.03196	37.52348
로데오하우스	stay	127.03933	37.52487
로뎀	shop	127.04506	37.52359
로뎀	shop	127.02841	37.53229
로뎀나무	cafe	127.03137	37.52621
로뎀나무	shop	127.03360	37.49529
로뎀하우스	stay	127.02675	37.50767
로뎀하우스	stay	127.03884	37.51774
로드샌드위치청담점	food	127.05003	37.51835
로드아일랜드스쿨오브디자인한국총동문회	shop	127.03096	37.51920
로드피트니스	activity	127.04587	37.48442
로또	activity	127.04467	37.49945
로또모텔	stay	127.04399	37.50408
로또복권	activity	127.03617	37.52063
로또복권명당	activity	127.07912	37.49325
로또앤푸드	activity	127.05360	37.50212
로또판매점	activity	127.06707	37.50758
로라애슐리	shop	127.03580	37.52874
로레나안토니아찌	shop	127.02747	37.52737
로렌	bar	127.03427	37.50713
로로	shop	127.02717	37.50851
로로	food	127.03641	37.52552
로로	shop	127.09602	37.47206
로로맨숀	stay	127.01983	37.52165
로로문쇼룸	shop	127.02324	37.52259
로로이	cafe	127.05739	37.51055
로로퍼피	shop	127.04934	37.47701
로로피아나갤러리아남성점	shop	127.04184	37.52791
로로피아나갤러리아여성점	shop	127.04184	37.52791
로로피아나무역센터점	shop	127.05976	37.50862
로로피아나주	shop	127.04580	37.52597
로로피아나현대백화점본점남성	shop	127.02747	37.52737
로로피아나현대백화점본점여성	shop	127.02747	37.52737
로리	food	127.02234	37.51613
로마옥	food	127.03407	37.48700
로망주점	bar	127.03959	37.50086
로맨시크	shop	127.04521	37.52465
로미부띠끄	shop	127.10729	37.46399
로믹	shop	127.06559	37.50796
로바다최군	food	127.03049	37.51944
로바앤컴퍼니	bar	127.02281	37.50884
로바타라이브라	bar	127.04380	37.52287
로바타라이브라별관점	food	127.04278	37.52274
로바타라이브라카운터	food	127.04380	37.52287
로바타모로미	food	127.03387	37.50125
로버스트파트너스	cafe	127.02693	37.51250
로봇김밥신분당선	food	127.02831	37.49816
로브니	cafe	127.04887	37.50287
로브라운	activity	127.04924	37.47575
로블에비뉴의원	shop	127.02067	37.51624
로빈훗	activity	127.02593	37.50403
로사리연정플라워	shop	127.05548	37.47856
로샤스	shop	127.05976	37.50862
로소가로수길	shop	127.02277	37.52068
로스터리락온	cafe	127.05179	37.50630
로스터리락온	cafe	127.03322	37.50096
로스터리락온역삼	cafe	127.03352	37.49883
로스터리스탠점	cafe	127.03381	37.49819
로스터리젠	cafe	127.06603	37.50935
로스트인	food	127.03255	37.52496
로스팅팩토리	cafe	127.04440	37.49745
로스팅플레이스	cafe	127.05020	37.52505
로스팅하우스커피트리	cafe	127.02701	37.53194
로슬린	activity	127.03160	37.50065
로시망고	cafe	127.02434	37.50639
로썸제이	shop	127.02692	37.50756
로씨오	shop	127.02685	37.50979
로아르플라워	shop	127.03312	37.52056
로아스마케팅	shop	127.05333	37.51142
로아커튼	shop	127.05063	37.51624
로얄골프아카데미	activity	127.07004	37.49856
로얄골프피팅	activity	127.07004	37.49856
로얄기획	shop	127.05750	37.50460
로얄림	shop	127.02979	37.51529
로얄림알에이센터	shop	127.02979	37.51529
로얄마카롱	cafe	127.03549	37.50226
로얄문화사	shop	127.05540	37.52410
로얄식품	shop	127.05977	37.49350
로얄앤컴퍼니	food	127.02979	37.51529
로얄워치	shop	127.05326	37.49698
로얄티켓	shop	127.05277	37.50380
로얄프린스	bar	127.03916	37.50264
로얄학사	stay	127.05729	37.50318
로어그라운드	food	127.04538	37.48278
로에베	shop	127.05558	37.50766
로에베까사서울플래그쉽점	shop	127.04574	37.52613
로엠	shop	127.02662	37.50124
로엠바프러덕츠	shop	127.08119	37.49064
로와이드압구정	cafe	127.02488	37.52507
로우미	food	127.03720	37.52529
로우앤리얼	food	127.04269	37.52290
로우키	bar	127.03671	37.52385
로움	food	127.03941	37.49490
로움베이프	shop	127.04638	37.50250
로이드마켓	shop	127.04100	37.49141
로이든바	bar	127.05409	37.50374
로이라베	shop	127.04307	37.50112
로이성형외과의원	shop	127.01909	37.51957
로이스빈	cafe	127.07559	37.49266
로이신사	bar	127.01983	37.52165
로이파스타	food	127.03457	37.49487
로이푸드	food	127.02530	37.50826
로자니	shop	127.03214	37.52856
로잔	shop	127.05326	37.49698
로제또	shop	127.03652	37.52531
로젯런던베이글	food	127.03914	37.50319
로즈가든고시텔	stay	127.02260	37.51005
로즈노래연습장	activity	127.08158	37.49078
로즈데일	bar	127.04947	37.52480
로즈라인	shop	127.02806	37.49862
로즈매점여자	food	127.05202	37.50421
로즈앤모어	shop	127.03803	37.51846
로즈하우스	stay	127.08716	37.49145
로즈할인마트	shop	127.03466	37.49803
로즐리뷰티	shop	127.02867	37.50087
로지골프	activity	127.05977	37.50168
로지브라운	cafe	127.03622	37.50879
로지안카	shop	127.04422	37.52446
로지하우스	stay	127.03233	37.49457
로찌커피	cafe	127.02263	37.50968
로카하우스	stay	127.02638	37.50923
로칼즈	food	127.04931	37.52296
로칼커피	cafe	127.06509	37.51482
로칼커피	cafe	127.03761	37.51735
로칼커피선정릉역점	cafe	127.04261	37.51056
로칼커피청담점	cafe	127.04157	37.51816
로코쥬얼리	shop	127.04053	37.52655
로코코	shop	127.02831	37.49816
로코하우스	food	127.06568	37.50881
로타스페이스	shop	127.02509	37.50800
로탄틱롯데강남	shop	127.05326	37.49698
로터스그룹	food	127.05226	37.52299
로티바	cafe	127.03239	37.49443
로티하우스	bar	127.02418	37.50813
로페로테일러	shop	127.04854	37.51962
로프트크리에이티브스페이스	cafe	127.05892	37.50189
로하앤갤러리	shop	127.05121	37.50234
로하앤중고명품	shop	127.05121	37.50234
로홈강남	shop	127.03258	37.49515
로흐	food	127.03199	37.50085
록갈비	food	127.02432	37.50854
록갈비	food	127.05005	37.50576
록스플레이트	food	127.06491	37.50780
록시	shop	127.02831	37.49816
록시땅	shop	127.05860	37.51024
록시땅	shop	127.02765	37.52653
록커스가든	bar	127.03340	37.48958
록키	food	127.02156	37.52192
롤데이	food	127.02520	37.50918
롤드	food	127.06088	37.50683
롤리문구개포자이	shop	127.06842	37.48615
롤린박스	food	127.03151	37.52366
롤린우드청담	food	127.04273	37.52182
롤링롤라이	shop	127.03551	37.50449
롤링삐삐	cafe	127.06297	37.50400
롤링파스타	food	127.05884	37.49795
롤링파스타가로수길점	food	127.02336	37.51902
롤링하츠	shop	127.03424	37.52574
롤클럽역삼	activity	127.04842	37.49923
롬커피	cafe	127.04008	37.51625
롬프인터내셔날주	shop	127.03220	37.51023
롯데강남가넷옴므	shop	127.05326	37.49698
롯데강남네파	shop	127.05326	37.49698
롯데강남닥스신사	shop	127.05326	37.49698
롯데강남데무	shop	127.05326	37.49698
롯데강남바라기한약국	shop	127.05326	37.49698
롯데강남반스	shop	127.05326	37.49698
롯데강남베르니스	shop	127.05326	37.49698
롯데강남비너스	shop	127.05326	37.49698
롯데강남슈페리어	shop	127.05326	37.49698
롯데강남시리즈	shop	127.05326	37.49698
롯데강남아떼바네사브루노	shop	127.05326	37.49698
롯데강남아이더	shop	127.05326	37.49698
롯데강남오브제박미옥	shop	127.05326	37.49698
롯데강남와코루	shop	127.05326	37.49698
롯데강남점르베이지	shop	127.05326	37.49698
롯데강남점마인드브릿지워크스테이션	shop	127.05326	37.49698
롯데강남점스파이더	shop	127.05326	37.49698
롯데강남점안다르	shop	127.05326	37.49698
롯데강남점케이투	shop	127.05326	37.49698
롯데강남점타임여성	shop	127.05326	37.49698
롯데강남제옥스	shop	127.05326	37.49698
롯데강남퀵실버록시	shop	127.05326	37.49698
롯데강남클럽모나코여성	shop	127.05326	37.49698
롯데강남탠디	shop	127.05326	37.49698
롯데강남파슨스	shop	127.05326	37.49698
롯데강남페라로밀라노	shop	127.05326	37.49698
롯데강남폴로여성손명주	shop	127.05326	37.49698
롯데강남헤지스남성	shop	127.05326	37.49698
롯데강남휠라스포츠	shop	127.05326	37.49698
롯데리아	food	127.05299	37.50618
롯데리아	food	127.02792	37.52637
롯데리아강남	food	127.08727	37.49232
롯데리아강남우성사거리	food	127.03048	37.49299
롯데리아선릉	food	127.04553	37.50308
롯데리아수서역사	food	127.10455	37.48542
롯데리아크리스피크림	food	127.05916	37.51183
롯데리아학동역점	food	127.03312	37.51500
롯데모조에스핀	shop	127.05326	37.49698
롯데쇼핑롯데슈퍼세곡점	shop	127.09877	37.46681
롯데쇼핑롯데슈퍼수서역점	shop	127.10184	37.48802
롯데쇼핑롯데슈퍼주	shop	127.06141	37.51502
롯데쇼핑엘큐브가로수길점	shop	127.02238	37.52255
롯데슈퍼가맹점	shop	127.03039	37.49713
롯데스넥바	food	127.05202	37.50421
롯데스카이학사	stay	127.05279	37.49726
롯데시네마신사	food	127.02151	37.51660
롯데와인현대무역점	shop	127.05976	37.50862
롯데와인현대백화점	shop	127.02747	37.52737
롯데웰푸드	shop	127.05326	37.49698
롯데이새	shop	127.05326	37.49698
롯데케이투	shop	127.05326	37.49698
롯데클럽모나코남성	shop	127.05326	37.49698
롯데풋조이	shop	127.05326	37.49698
롯데프리미엄푸드마켓	shop	127.08446	37.48402
롯데프리미엄푸드마켓	shop	127.05200	37.48887
롯데하이마트주	shop	127.06383	37.49424
롯지나우하우스도산점	food	127.03523	37.52574
롱지비티	shop	127.03459	37.52517
롱타임노씨	bar	127.02066	37.51744
롸카두들포스코센터	food	127.05613	37.50582
뢰벤돈까스	food	127.03170	37.49879
룡룡마라도원	food	127.02593	37.50403
루나그린골프	shop	127.03246	37.49656
루나모디카	cafe	127.05601	37.50381
루나바인	food	127.02744	37.51832
루나스테이	stay	127.02257	37.51340
루나아시아	food	127.05667	37.50996
루나폴	shop	127.09293	37.48090
루나하우스	stay	127.03713	37.49479
루네디	shop	127.04770	37.52295
루다와인상점	bar	127.04429	37.48374
루다커피	cafe	127.03408	37.50851
루덴스	activity	127.03014	37.52775
루디아	shop	127.05470	37.48541
루디아플라워	shop	127.03724	37.52753
루루	food	127.05316	37.50474
루루약국	shop	127.03565	37.50278
루루제이	shop	127.05200	37.48887
루르멜	shop	127.03667	37.50239
루멘	shop	127.04842	37.49923
루멘쥬얼리	shop	127.03227	37.51707
루모	cafe	127.04295	37.52329
루모스	shop	127.05824	37.50605
루미가넷웰리스바	shop	127.05433	37.50145
루미그레이프하우스	stay	127.04923	37.51390
루미노소안경원	shop	127.03842	37.50953
루미안	shop	127.04576	37.52708
루미애체안경	shop	127.05841	37.50280
루미애체안경	shop	127.03007	37.49554
루미에	bar	127.04447	37.50546
루미에르	shop	127.04679	37.47855
루미에르어패럴	shop	127.02572	37.50590
루미에르호텔	stay	127.03914	37.50088
루미엘	shop	127.03159	37.51529
루미엘르	shop	127.04081	37.49565
루벤스	food	127.04017	37.50354
루벳아이웨어	shop	127.02589	37.50954
루브르	food	127.04061	37.52239
루블랑	shop	127.03081	37.50894
루비떡볶이	food	127.03766	37.52469
루비떡볶이	food	127.05540	37.52410
루비루스테이	stay	127.03203	37.52291
루비루하우스	stay	127.03026	37.52239
루비약국	shop	127.02794	37.52191
루비하우스	food	127.03764	37.52463
루소	food	127.04463	37.52653
루스플라이주	shop	127.03782	37.52109
루스플렌	shop	127.04665	37.52261
루시스타	shop	127.06260	37.51523
루시아	shop	127.03231	37.52818
루시우	shop	127.05152	37.52611
루쏘소	shop	127.02626	37.52283
루아코스메틱	shop	127.02418	37.50893
루아키친	food	127.03803	37.49057
루안	shop	127.03140	37.51583
루안	food	127.03836	37.49900
루에골프스튜디오	activity	127.03408	37.50614
루엘라	shop	127.05152	37.52562
루위	food	127.02971	37.52064
루이까스텔광주	shop	127.06008	37.50741
루이까스텔서울	shop	127.05448	37.51156
루이까스텔하남시춘궁점	shop	127.05821	37.50779
루이데코	shop	127.05702	37.50208
루이비통갤러리아유	shop	127.04005	37.52848
루이비통이스트도산	shop	127.03629	37.52482
루이비통현대무역센터유	shop	127.05976	37.50862
루이비통현대서울유	shop	127.02747	37.52737
루이스	bar	127.03428	37.49061
루이스	bar	127.05253	37.50599
루이스카페	cafe	127.03950	37.51717
루이엔젤	shop	127.02741	37.51271
루이인터내셔널	shop	127.02888	37.51388
루이즈	bar	127.03851	37.50190
루젤라	food	127.03486	37.51393
루체비전센터	shop	127.04914	37.50497
루체테솔루션	shop	127.05824	37.50605
루체파스타	food	127.02683	37.51997
루카	bar	127.02297	37.51818
루카골프	activity	127.08219	37.48938
루카정약국	shop	127.03054	37.49381
루트	bar	127.03104	37.49185
루트번	shop	127.02555	37.50778
루트청담	shop	127.05742	37.52126
루트플러스	bar	127.03495	37.51435
루틴그라운드	stay	127.06031	37.48365
루팡	food	127.04077	37.52642
루프	shop	127.04838	37.50665
루프팔공팔	bar	127.02506	37.50434
루해빗수서역점	activity	127.10324	37.48851
룩옵티컬	shop	127.02733	37.50074
룩전자담배	shop	127.04623	37.51053
룰루랄라	food	127.02424	37.51017
룰루레몬애틀라티카	shop	127.05100	37.51207
룰루레몬애틀라티카강남플래그십스토어	shop	127.02547	37.50342
룸메이드	shop	127.02438	37.51852
룸서비스파이브스타	food	127.04076	37.50093
룸즈에이	activity	127.03068	37.49615
룽지	food	127.04051	37.51870
룽청	food	127.03015	37.52151
륀느	bar	127.05590	37.51074
류	food	127.03135	37.51995
류니끄	food	127.02162	37.52076
류마	food	127.04060	37.50771
류몽민	food	127.02882	37.51439
류아영임대	stay	127.03173	37.49845
류애비뉴	food	127.04013	37.50589
류엔조	shop	127.05763	37.52245
류창희국수	food	127.04084	37.49640
류창희국수	food	127.04150	37.51380
류창희국수인류창희국수人	food	127.06442	37.51424
류충선국악기연구원	shop	127.05263	37.47472
르글라스	food	127.03218	37.52819
르꼬끄스포르티브롯데	shop	127.05326	37.49698
르루아	food	127.04147	37.52414
르마레	shop	127.02752	37.51046
르마리골드	shop	127.02641	37.52290
르모리	shop	127.05289	37.50191
르모에누	food	127.05121	37.47482
르므니에치즈	food	127.02714	37.52549
르방드알프스	shop	127.03803	37.51846
르뱅룰즈	food	127.04225	37.51571
르뱅룰즈	food	127.05396	37.48946
르뱅룰즈선릉	food	127.05375	37.50734
르번미신세계도곡	food	127.05396	37.48946
르베이지	shop	127.02747	37.52737
르베일	shop	127.04723	37.50439
르벨류	shop	127.04475	37.50286
르부케	shop	127.02061	37.52205
르뷔에	shop	127.03043	37.50997
르브런쉭	food	127.05915	37.50285
르브아	food	127.04005	37.52848
르블랑	food	127.04431	37.52662
르블랑부티크	shop	127.03523	37.50824
르샤트라테니스아카데미	activity	127.04573	37.49530
르센느케이크	food	127.03803	37.51846
르셀약국	shop	127.02546	37.50979
르셍블랑	shop	127.05553	37.50728
르시엘	bar	127.04052	37.52446
르쌍끄컴퍼니	shop	127.03213	37.52338
르씨엘약국	shop	127.03257	37.51488
르아델뷰티강남눈썹	shop	127.03381	37.49819
르와이즈	shop	127.05763	37.52245
르와조역삼	cafe	127.03505	37.50243
르웰린	shop	127.04006	37.52245
르윈	shop	127.04787	37.47795
르챔버	bar	127.04113	37.52626
르추	shop	127.05149	37.51800
르플레	cafe	127.02990	37.52194
르플로럼	shop	127.03231	37.52557
리가플스방	activity	127.02794	37.49943
리갤러리	shop	127.03253	37.51193
리거양꼬치	bar	127.04250	37.48495
리그넷	activity	127.05758	37.50800
리김밥	food	127.05916	37.51183
리꼬	cafe	127.05870	37.50524
리나	cafe	127.03285	37.51803
리나슈슈	shop	127.04512	37.51123
리나스	food	127.05218	37.50587
리나스강남	food	127.03119	37.49157
리나스도곡	food	127.05396	37.48946
리네아	shop	127.03652	37.52531
리노시스	shop	127.03104	37.49185
리누이	shop	127.04506	37.52359
리뉴셀케어	shop	127.02746	37.52498
리뉴외과의원	shop	127.03852	37.52339
리뉴짐	activity	127.03046	37.52785
리다플라워스튜디오	shop	127.04159	37.51919
리더일원	shop	127.08447	37.49250
리더학사	stay	127.05967	37.50318
리드갤러리	shop	127.03159	37.51529
리드레시	shop	127.04838	37.50665
리드커피스탠드	cafe	127.04532	37.51164
리듬오브라이프	food	127.03892	37.52583
리디아르	shop	127.05142	37.52324
리딕션	shop	127.03942	37.49622
리딩벤더	shop	127.04827	37.50325
리리베리	shop	127.02717	37.50851
리리살롱바이리우인서울	shop	127.05151	37.52712
리리상점	shop	127.04967	37.47919
리마스터	shop	127.02651	37.50943
리마오아시스	stay	127.03552	37.50550
리마장	food	127.03637	37.50839
리머커피	cafe	127.03602	37.51740
리모드	shop	127.04996	37.51159
리무브운동센터	activity	127.05468	37.51894
리미지	bar	127.03277	37.51982
리미티	shop	127.05609	37.48462
리미티드하누	food	127.05040	37.47532
리밍	food	127.04012	37.50403
리바이벌피트니스	activity	127.05560	37.50695
리바이브	shop	127.10392	37.47410
리바이스바디웨어강남	shop	127.02831	37.49816
리바이스트라우시가로수길직영	shop	127.02391	37.52164
리바이히	shop	127.06453	37.51347
리바트스타일샵강남전시장	shop	127.02336	37.51143
리바트키친	shop	127.02392	37.51163
리버스	shop	127.02992	37.51663
리버스라이프짐	activity	127.04207	37.51674
리버스카이	shop	127.05734	37.50663
리버시티수상스키장	activity	127.01916	37.52906
리버힐노래	bar	127.01977	37.51804
리베	bar	127.03327	37.49075
리베디블루메	shop	127.10930	37.46541
리베르떼	food	127.04629	37.48438
리베르떼브띠끄	food	127.04629	37.48438
리벤벨레프	shop	127.03225	37.49468
리본	shop	127.02628	37.50702
리본약국	shop	127.02442	37.51750
리본핏	activity	127.05299	37.48086
리부트라이프	shop	127.04686	37.52274
리북집	food	127.02367	37.50862
리북집딜리버리	food	127.02388	37.50880
리뷰	bar	127.02323	37.52427
리브라컴퍼니	shop	127.05824	37.50605
리브라헬스	shop	127.03717	37.49542
리브레종	shop	127.02865	37.51169
리브레컴퍼니	food	127.02379	37.51888
리브인강남	stay	127.04196	37.51894
리브팜세곡점	food	127.09741	37.46681
리브팜압구정	food	127.02457	37.52441
리빈에프엔비	cafe	127.04388	37.50224
리빙빈대떡	bar	127.04681	37.47828
리빙스	shop	127.04723	37.50666
리빙웰	stay	127.04141	37.49362
리빙캐슬고시텔강남	stay	127.03615	37.51749
리샘	shop	127.02949	37.52589
리숨강남	shop	127.03001	37.50874
리숨두부	food	127.06547	37.51442
리쉬스튜디오	shop	127.02676	37.51013
리스토랑	food	127.04319	37.48504
리슨	bar	127.03801	37.52573
리슨갤러리런던리미티드한국영업소	shop	127.04655	37.51068
리씨저즈	shop	127.04402	37.48166
리아네	food	127.09818	37.48791
리안앤아크	activity	127.02068	37.51877
리알토	food	127.04654	37.52320
리암스	food	127.03836	37.52431
리암스	shop	127.03072	37.51862
리애	food	127.06011	37.48386
리앤에이	shop	127.03259	37.49913
리앤에이	shop	127.05340	37.51039
리앤푸드주	cafe	127.03617	37.52316
리얼등심탕수육	food	127.03790	37.50618
리얼라인	shop	127.04617	37.50472
리얼레이네트웍스	activity	127.04723	37.50666
리얼명품	shop	127.06657	37.50774
리얼부대	food	127.08533	37.49308
리얼클린족욕개포	shop	127.07965	37.49434
리얼클린족욕수서점	shop	127.10184	37.48802
리얼푸드	food	127.03990	37.52255
리얼픽	shop	127.05553	37.50728
리얼핏짐	activity	127.02583	37.52232
리엔	food	127.04975	37.47845
리엔케이강남대건	shop	127.02928	37.49888
리엘브로우래쉬	shop	127.05098	37.50399
리연케이	shop	127.03901	37.52666
리움하우징	stay	127.05336	37.51057
리워드인터내셔널	shop	127.02973	37.49465
리유메아	shop	127.04890	37.52406
리유컴퍼니	shop	127.02567	37.52086
리윤	food	127.04356	37.52257
리윤스시스미레점	food	127.04057	37.52463
리윤스시치우점	food	127.05865	37.50700
리은푸드	food	127.05326	37.49698
리인	shop	127.05093	37.50577
리젠테크	shop	127.02955	37.51405
리젠트테일러샵	shop	127.05820	37.51099
리젬	shop	127.04551	37.52724
리즈	shop	127.06591	37.49962
리즈바이옴	shop	127.03886	37.52497
리즈하우스	cafe	127.03615	37.48655
리차드홈	shop	127.04636	37.48275
리찬방	shop	127.05976	37.50862
리채컴퍼니	food	127.03686	37.51533
리첸	food	127.03262	37.49061
리춘시장	food	127.02753	37.50029
리츠	stay	127.01895	37.52070
리츠펫강남세곡점	shop	127.10296	37.46318
리치	bar	127.05333	37.50720
리치리치	shop	127.02831	37.49816
리치무역	shop	127.03933	37.50300
리치스크린	activity	127.03665	37.52128
리치앤골드	shop	127.06591	37.49962
리치온청담점	shop	127.04329	37.52403
리치워치	shop	127.03436	37.48532
리치원룸텔	stay	127.03728	37.48558
리치웰호텔	stay	127.03984	37.50302
리치커피	cafe	127.04394	37.52242
리칭	food	127.05592	37.50870
리카	shop	127.05916	37.49316
리커맨드	shop	127.04692	37.50555
리커테이션	bar	127.02206	37.52265
리커피로스터스	cafe	127.06533	37.51216
리코나	shop	127.03775	37.52557
리코아이엔지	shop	127.03592	37.50130
리키도잔	food	127.03911	37.49301
리테라커피룸	cafe	127.03231	37.49215
리트니에듀	shop	127.10073	37.46636
리틀가든스마켓	shop	127.02726	37.51747
리틀그라운드현대	shop	127.02747	37.52737
리틀그라운드현대백화점무역	shop	127.05976	37.50862
리틀그린플라워	shop	127.10000	37.46792
리틀넥	food	127.03776	37.52422
리틀로프	food	127.05302	37.50079
리틀루비스카페도산점	food	127.03617	37.52500
리틀사이공	food	127.03585	37.52797
리틀사이공	food	127.06080	37.50919
리틀아티스트	activity	127.05886	37.49986
리틀앤머치	cafe	127.04351	37.51403
리틀우	cafe	127.06476	37.51310
리틀우주	shop	127.05548	37.47856
리틀인디아	food	127.02232	37.52078
리틀주니어도넛	food	127.02458	37.52497
리틀호이안	food	127.03234	37.49197
리파인	food	127.02687	37.50163
리파인가로수길점	food	127.02231	37.51914
리퍼블릭	cafe	127.03028	37.52115
리퍼블릭컴퍼니유타로	food	127.05084	37.50353
리프레스	cafe	127.05585	37.51272
리프트인터내셔널주	shop	127.03781	37.52515
리필하이드레이션	shop	127.05390	37.51123
리하베스트	shop	127.03678	37.50931
리하베스트	shop	127.04120	37.49647
리해빗	activity	127.04815	37.51227
리향	food	127.04290	37.51222
리호네청담	shop	127.04504	37.51844
릭오웬스현대무역	shop	127.05976	37.50862
린	food	127.05222	37.52543
린든그룹	shop	127.04798	37.52194
린바디	shop	127.02990	37.49945
린에스테틱	shop	127.04594	37.52589
린엑서프리	activity	127.04594	37.52589
린치핀헬스케어	shop	127.03796	37.52240
린카	food	127.03244	37.49097
린컴퍼니	shop	127.05576	37.52350
릴공식서비스센터	shop	127.04559	37.48487
릴라릴라	shop	127.04648	37.49590
릴랙스위크	event	127.07077	37.49609
릴리	shop	127.10711	37.47443
릴리앤코	shop	127.04723	37.50666
릴리오오엔	shop	127.04541	37.52165
릴리펏청담	activity	127.04021	37.52496
릴미니멀리움케이티앤지	shop	127.06533	37.50659
림	shop	127.02164	37.52319
림르	shop	127.05194	37.49765
림채	shop	127.04723	37.52525
림핏	shop	127.02330	37.51943
링스골프	shop	127.03418	37.49007
링스지엔씨	shop	127.03885	37.49145
링컴퍼니	shop	127.02725	37.52020
링코	shop	127.03936	37.51687
링코제일	shop	127.06028	37.50655
링코제일링코	shop	127.05916	37.51183
링코제일비즈니스센터	shop	127.06647	37.50798
링코제일주	shop	127.04916	37.50560
링크	cafe	127.04849	37.51238
링크	food	127.05353	37.50508
링크맨콜	shop	127.05277	37.50380
링크스포츠	shop	127.03356	37.50878
링크플레이스	shop	127.02305	37.51137
마가렛	bar	127.03484	37.49919
마계촌포차	food	127.04026	37.50372
마고	shop	127.04834	37.47874
마고	shop	127.03875	37.52530
마고꼬로	food	127.05097	37.52595
마고플라워	shop	127.03858	37.52533
마구로다찌	food	127.03804	37.52191
마구로동우니도	food	127.04743	37.50514
마구로젠	food	127.04005	37.50034
마끄드플레르	shop	127.06467	37.51588
마끼	food	127.04225	37.51571
마날갈비	food	127.04080	37.52200
마녀공장	shop	127.03668	37.50994
마녀김밥대치점	food	127.05619	37.50460
마녀김밥청담본점	food	127.04975	37.52516
마녀닭발	food	127.04662	37.49594
마노디셰프	food	127.03237	37.49993
마노디셰프	food	127.05825	37.50906
마노아	shop	127.03719	37.52514
마놀로블라닉	shop	127.04184	37.52791
마놀로블라닉현대무역점	shop	127.05976	37.50862
마농에마농	bar	127.03113	37.52179
마농와인	shop	127.04031	37.51019
마누테라스	food	127.04559	37.48228
마니	shop	127.05916	37.49316
마니골뱅이	food	127.04364	37.49706
마니달오	shop	127.04638	37.50250
마니달오	food	127.02244	37.51197
마니마니	shop	127.03520	37.51027
마니사라	shop	127.04043	37.50871
마니약국	shop	127.02683	37.50083
마님김밥	food	127.02398	37.50918
마님온컴퍼니	cafe	127.05218	37.50587
마담미	food	127.05030	37.52407
마담뽐므	food	127.03267	37.51758
마당	bar	127.08305	37.49062
마당	cafe	127.03898	37.51743
마더락	food	127.03837	37.49405
마더브리다	shop	127.03239	37.49443
마더에프앤씨	shop	127.04060	37.49678
마더트리	shop	127.03159	37.51529
마더피아노	shop	127.02019	37.51800
마들렌컴퍼니	shop	127.04347	37.50243
마들마들	food	127.03463	37.52656
마띠유	food	127.05945	37.50963
마라공방	food	127.05288	37.49796
마라공방	food	127.05613	37.50582
마라공방	food	127.02920	37.49642
마라식객	food	127.02503	37.51041
마라의신	food	127.05363	37.50082
마라의신	food	127.03918	37.50482
마라차이즈	food	127.05146	37.50425
마라품격	food	127.06111	37.50681
마라현대	food	127.02747	37.52737
마라홀릭	food	127.05264	37.49754
마라홀릭양재역점	food	127.03682	37.48571
마레산토와인도산	shop	127.03534	37.52241
마루공원	activity	127.08082	37.49655
마루구조기술사사무소	shop	127.07965	37.49434
마루센트럴스테이	stay	127.03253	37.50150
마루스테이	stay	127.03380	37.49671
마루심	food	127.03189	37.49672
마루아이티씨주	shop	127.07965	37.49434
마루엔터프라이즈로네펠트	cafe	127.05216	37.50672
마루온플랜	shop	127.05642	37.50991
마루집	food	127.03943	37.49679
마루컨설팅	shop	127.04907	37.51153
마루퍼슨스	food	127.05658	37.51138
마르네	shop	127.05802	37.50479
마르다	shop	127.03046	37.52785
마르디도산	shop	127.03450	37.52553
마르르	food	127.03867	37.52512
마르셀도산점	food	127.03491	37.52320
마르치크플라워	shop	127.03581	37.49552
마르카토	shop	127.02760	37.52109
마르케	food	127.02313	37.50888
마르코제노	shop	127.05327	37.50398
마를린히치콕시크	shop	127.03519	37.50071
마리	shop	127.04079	37.50828
마리	bar	127.03613	37.51644
마리네	food	127.05548	37.50809
마리모	bar	127.03754	37.52378
마리몽듀	shop	127.02218	37.51987
마리바풀	food	127.03231	37.49215
마리아쌍떼	cafe	127.04960	37.51910
마리아치	bar	127.04362	37.50477
마리약국	shop	127.02770	37.52194
마리에부띠끄	shop	127.05330	37.51465
마리킹신사역점	food	127.01980	37.51686
마리타임	shop	127.05153	37.47388
마린바이오사이언스	shop	127.02832	37.50592
마린스노우	shop	127.03559	37.52685
마릴린	food	127.03592	37.50366
마릴린몰트바	bar	127.03592	37.50366
마마	food	127.04560	37.48574
마마	bar	127.03430	37.51454
마마논마마	food	127.02126	37.52257
마마도우	food	127.05119	37.50051
마마리마켓	food	127.04207	37.51674
마마메디	shop	127.02663	37.52291
마마스플라워카페	shop	127.09870	37.46786
마마카세	food	127.02671	37.51805
마마테니스	activity	127.03267	37.49362
마만	shop	127.03804	37.52779
마망갸또	cafe	127.02157	37.52233
마망에필레	shop	127.04843	37.52709
마몽드플라워	food	127.03860	37.48646
마미치킨	food	127.06853	37.49638
마미키친	food	127.05824	37.49732
마봉양꼬치	food	127.02679	37.52526
마봉양꼬치	food	127.04565	37.48529
마봉양꼬치	food	127.03435	37.50862
마브서울	shop	127.01941	37.52073
마사이워킹센타엠베테	shop	127.08137	37.49020
마사타코	food	127.02174	37.52199
마산아구찜	food	127.05888	37.49294
마산옥	food	127.02022	37.51719
마삼계탕뱅뱅	food	127.03251	37.49137
마세리아	cafe	127.06058	37.50664
마스슬립	shop	127.02890	37.51722
마스의정원	shop	127.03521	37.50623
마스터송우	shop	127.03667	37.50239
마스터스인터내셔널주	shop	127.03417	37.51992
마스터키	activity	127.02709	37.50334
마스터키친	food	127.02747	37.52737
마시리	bar	127.04026	37.50540
마시아	food	127.04916	37.50560
마신떡볶이강남	food	127.04658	37.50324
마실	food	127.03741	37.49461
마싯는녀석들	food	127.03712	37.50295
마오	food	127.04054	37.52198
마오타이그룹	shop	127.05916	37.51183
마왕족발	food	127.06299	37.49918
마왕족발	food	127.04636	37.51726
마우아갤러리	shop	127.02990	37.49945
마우이서재	bar	127.03902	37.52748
마운트	food	127.03701	37.52290
마유유	food	127.02951	37.49986
마음꽃갤러리	shop	127.02718	37.52498
마음부고근조화환	shop	127.05093	37.50577
마이네임	shop	127.02831	37.49816
마이니치라멘	food	127.03545	37.50988
마이니치라멘	food	127.04611	37.51222
마이니치라멘역삼카모점	food	127.04227	37.50055
마이다스	activity	127.03945	37.50337
마이다스주	activity	127.05175	37.51474
마이디코스메틱	shop	127.03408	37.48537
마이레시피세곡점	shop	127.10133	37.46681
마이롯시스템	activity	127.04329	37.52403
마이룸신구	stay	127.02652	37.52370
마이리틀케이브	bar	127.03693	37.50248
마이매그니피센트컴퍼니	shop	127.04978	37.52589
마이바눔	shop	127.03422	37.51884
마이빔	shop	127.04793	37.50317
마이샬롬	shop	127.02392	37.51163
마이셀뉴트리션	shop	127.01980	37.51686
마이수플레	food	127.02223	37.52132
마이스벨라	shop	127.05323	37.50023
마이스타우트	shop	127.03969	37.52723
마이아트뮤지엄	heritage	127.06058	37.50759
마이엘프	shop	127.03326	37.50243
마이웨이	bar	127.05039	37.52487
마이위스키테이블	food	127.04751	37.50552
마이위스키테이블	bar	127.05824	37.50605
마이위스키테이블블랙	cafe	127.05287	37.50411
마이젬므	shop	127.03597	37.50559
마이주주	shop	127.04052	37.49989
마이키피트니스	activity	127.03683	37.51778
마이트레이딩주	shop	127.05714	37.52106
마이페이보릿쿠키서울	food	127.02334	37.52339
마이펫돌	shop	127.05109	37.51150
마이펫스토리	shop	127.05316	37.51255
마이프렌드쎄르지오	food	127.02068	37.51877
마이홈리빙텔	stay	127.02765	37.52237
마이홈원룸텔	stay	127.03950	37.50099
마인골드	shop	127.03476	37.51002
마인더갭	food	127.03681	37.52410
마인드	shop	127.02806	37.49862
마인드글로벌	shop	127.03633	37.50289
마인드브릿지	shop	127.05916	37.51183
마인드워치	shop	127.03051	37.52571
마인드캣	shop	127.02421	37.51061
마인드패션	shop	127.04658	37.50324
마인드힐링랩	shop	127.04611	37.52653
마인바이오팜	shop	127.02765	37.52124
마인아카이브	shop	127.01959	37.52109
마일드라이프	food	127.02486	37.52146
마일드모디쉬클럽	cafe	127.04477	37.49665
마일드하이클럽	food	127.03543	37.52661
마일스톤	cafe	127.02433	37.52185
마장동박현규	food	127.02428	37.51042
마젠타	food	127.04067	37.51822
마젠타	shop	127.03870	37.50629
마젤	shop	127.06856	37.49569
마쥬갤러리아백화점	shop	127.04005	37.52848
마쥬현대무역	shop	127.05976	37.50862
마쥬현대백화점	shop	127.02747	37.52737
마지노	shop	127.02464	37.52056
마지모우	cafe	127.03848	37.52802
마쮸	bar	127.02507	37.50550
마초갈비	food	127.04743	37.50514
마초스테이크하우스	food	127.02734	37.52312
마초야	food	127.05304	37.49990
마츄피츄	cafe	127.04101	37.51370
마치래빗	food	127.03007	37.49554
마치래빗	food	127.02454	37.52031
마카모예와인바	bar	127.03911	37.49301
마카오보드카페	activity	127.03991	37.50362
마커스의료기	shop	127.06074	37.48284
마케집	food	127.02202	37.51803
마케집	food	127.02476	37.50631
마케집	food	127.03721	37.52798
마켓정	food	127.02279	37.50972
마크모크도산점	shop	127.03697	37.52486
마크앤드로나	shop	127.03234	37.52147
마크웨일	shop	127.03717	37.49542
마크제이콥스현대	shop	127.02747	37.52737
마크커피	cafe	127.06542	37.50215
마크피어싱	shop	127.02225	37.51965
마타하리	activity	127.03941	37.49224
마태플라워	shop	127.03230	37.50982
마터루	shop	127.04045	37.49172
마테르	bar	127.03464	37.52329
마토	food	127.04170	37.52205
마트리	food	127.04061	37.51744
마티스커피	cafe	127.04930	37.47511
마티쎄수트	shop	127.03048	37.52585
마틸다	shop	127.02831	37.49816
마포갈비	food	127.04414	37.48562
마포갈비	food	127.03757	37.48560
마포고깃간	food	127.02554	37.50677
마포고깃간	food	127.03699	37.50910
마포곱창	food	127.03942	37.49622
마포껍데기집	food	127.03062	37.49444
마포만두	food	127.03742	37.49914
마포생소금구이	food	127.06734	37.48875
마포숯불갈비	food	127.03258	37.52039
마포집	food	127.04414	37.48562
마피아디저트강남	food	127.02720	37.50929
마피아카페강남	activity	127.02857	37.50017
마하나가	food	127.05213	37.51242
마할로포케	food	127.03352	37.50972
마히나비건테이블	food	127.02306	37.52366
막	food	127.03574	37.49902
막걸리너리	bar	127.02202	37.51803
막골	food	127.06503	37.49358
막끌리네	food	127.05595	37.51120
막끌리네	food	127.05209	37.50306
막뚱이치킨	food	127.02422	37.50881
막스시오청담	shop	127.04009	37.51972
막스코	shop	127.03413	37.52858
막썰어	food	127.05279	37.49726
만경면옥	food	127.04306	37.52399
만구기네영동	food	127.02539	37.50832
만나	food	127.02794	37.52365
만나다	food	127.06591	37.49962
만나떡집	food	127.08660	37.48549
만나떡집	food	127.05763	37.52245
만나방	food	127.03215	37.53147
만나분식	food	127.05200	37.48887
만나식당	food	127.07460	37.49233
만나식당	food	127.04867	37.50325
만남의공간	food	127.08960	37.49034
만남의광장	food	127.09100	37.49315
만다리나덕	shop	127.05976	37.50862
만다리나덕청담점	shop	127.04947	37.52093
만다리나덕현대	shop	127.02747	37.52737
만다린	food	127.10184	37.48802
만다린	food	127.04081	37.49565
만다린스톤	shop	127.04157	37.51816
만두언니네부엌	food	127.04116	37.49580
만두의전설	food	127.02829	37.51284
만두제작단	activity	127.03067	37.51649
만땅스시	food	127.03372	37.49398
만땅커피	cafe	127.03328	37.48934
만래옥	food	127.06004	37.50617
만랩커피	cafe	127.06337	37.50079
만랩커피	cafe	127.06385	37.51416
만리	food	127.07460	37.49233
만리장성	food	127.06061	37.51537
만리진청담지점	food	127.03896	37.52529
만물	activity	127.03990	37.50505
만물탁탁	shop	127.02832	37.50592
만복	food	127.04658	37.50324
만복회해산물	food	127.03260	37.50593
만복회해산물뱅뱅	food	127.03211	37.49048
만석	food	127.02370	37.51101
만선	bar	127.05442	37.50708
만선호프	bar	127.06765	37.48885
만세감자탕	food	127.04506	37.48557
만세고기	food	127.08657	37.49072
만수르축산	shop	127.03987	37.48759
만수정	food	127.01943	37.51786
만아정육점식당	food	127.10563	37.48798
만약국	shop	127.03827	37.52405
만월	food	127.04216	37.49988
만월당	stay	127.05443	37.50328
만장	food	127.02523	37.51816
만족오향족발	food	127.03481	37.50162
만쥬랑	food	127.05204	37.49877
만지	bar	127.04035	37.52402
만천리상회	food	127.04821	37.52325
만카이	food	127.03664	37.52619
만타	food	127.04352	37.52235
만타	food	127.04017	37.50311
만학현대백화점무역	food	127.05976	37.50862
말랑떡볶이	food	127.04631	37.51729
말레	cafe	127.03803	37.51846
말로니	shop	127.05763	37.52245
말본골프	shop	127.04005	37.52848
말이정원	food	127.03840	37.50950
말죽거리소달	food	127.03905	37.48668
맑씨	food	127.04072	37.52507
맑은미에스테틱	shop	127.06295	37.49388
맑은바닷가	food	127.04489	37.51120
맑은식탁	food	127.04432	37.48409
맑은약국	shop	127.06292	37.49394
맑음안경	shop	127.08749	37.49188
맘껏	activity	127.02100	37.52150
맘마앤독	cafe	127.04106	37.51495
맘마찬	shop	127.03613	37.51644
맘마찬강남	food	127.07417	37.49109
맘스	activity	127.05533	37.51857
맘스맘	food	127.03107	37.51598
맘스맘보울하우스	food	127.02739	37.52277
맘스에듀지점	activity	127.05675	37.51944
맘스터치	food	127.02711	37.52597
맘스터치	food	127.02687	37.50163
맘스터치강남대성학원점	food	127.03200	37.49564
맘스터치대치	food	127.05907	37.50304
맘스터치랩가든	food	127.04347	37.50243
맘스터치매봉역점	food	127.04487	37.48579
맘스터치삼성	food	127.05124	37.51273
맘스터치세곡점	food	127.10471	37.47537
맘스터치포이	food	127.04562	37.47714
맘스터치한티역점	food	127.05328	37.49805
맘스피자신사역점	food	127.02241	37.51696
맘앤팜미도정육	shop	127.06844	37.48905
맘키드	shop	127.03870	37.50629
맛고을	food	127.04494	37.52322
맛고을찬	shop	127.10184	37.48802
맛기행사계절	food	127.03847	37.49853
맛나냉면	food	127.04097	37.50688
맛나무	food	127.06506	37.51043
맛나분식	food	127.08181	37.48927
맛나행복한밥상	food	127.06533	37.51216
맛난칼국수	food	127.06591	37.49962
맛단	food	127.04076	37.50093
맛도락	food	127.04633	37.47976
맛돈축산	food	127.03701	37.49497
맛드림돈까스	food	127.05763	37.52245
맛따라길따라	food	127.03651	37.50002
맛뜰	shop	127.02254	37.51664
맛배고기	food	127.02331	37.50917
맛소담	food	127.03139	37.51838
맛의끗사람들	food	127.08201	37.48957
맛잇는제주	food	127.04246	37.50515
맛있는돈까스	food	127.08238	37.49435
맛있는식탁	food	127.05741	37.49218
맛있는하루	food	127.03492	37.50880
맛있다바다제주생선구이	food	127.05070	37.51197
맛자랑	food	127.04838	37.50665
맛자랑	food	127.05204	37.49877
맛쟁이떡볶이삼성	food	127.04806	37.51370
맛짱	food	127.03921	37.52779
맛짱떡볶이	food	127.02443	37.50825
맛짱조개	food	127.03703	37.51664
맛짱푸드	cafe	127.02001	37.52258
맛찬	shop	127.02424	37.50868
맛찬	food	127.07559	37.49266
맛찬들왕소금구이	food	127.05658	37.51138
맛찾사	food	127.11917	37.46930
망고	shop	127.06591	37.49962
망고	shop	127.02806	37.49862
망치	bar	127.03435	37.50862
맞춤정장로체	shop	127.03381	37.49819
맡김	food	127.04155	37.50882
맡김차림리담	food	127.03803	37.51846
매뉴얼레이버	shop	127.04936	37.52706
매니악맨션	shop	127.04843	37.52709
매덕스피자	food	127.02378	37.51905
매드	shop	127.06262	37.49891
매드짐	activity	127.05222	37.52543
매드컴퍼니	shop	127.03319	37.51993
매드포갈릭	food	127.03381	37.49938
매드포갈릭	food	127.04976	37.48761
매드피자	food	127.03610	37.50495
매드후라이치킨	food	127.05327	37.50398
매디슨디자인	shop	127.04230	37.52456
매라키아이엔씨	shop	127.04433	37.52480
매란방	food	127.01845	37.52440
매머드익스프레스	cafe	127.05884	37.49795
매머드익스프레스	cafe	127.05548	37.50809
매머드익스프레스	cafe	127.06576	37.50861
매머드익스프레스	cafe	127.05156	37.50449
매머드익스프레스	cafe	127.03460	37.51311
매머드익스프레스	cafe	127.02907	37.52670
매머드익스프레스	cafe	127.02790	37.52406
매머드익스프레스국기원점	cafe	127.02926	37.49949
매머드익스프레스논현	cafe	127.03621	37.51054
매머드익스프레스논현역점	cafe	127.02223	37.51094
매머드익스프레스논현하	cafe	127.02155	37.51224
매머드익스프레스대치학원가점	cafe	127.06112	37.49932
매머드익스프레스동역삼로점	cafe	127.04043	37.49661
매머드익스프레스매봉역점	cafe	127.04560	37.48574
매머드익스프레스봉은사로	cafe	127.04784	37.51120
매머드익스프레스봉은사역점	cafe	127.06095	37.51519
매머드익스프레스삼성	cafe	127.05124	37.51273
매머드익스프레스삼성로점	cafe	127.05427	37.51060
매머드익스프레스삼성현백사옥점	cafe	127.06169	37.50703
매머드익스프레스서역삼로점	cafe	127.03725	37.49506
매머드익스프레스선릉	cafe	127.05353	37.50508
매머드익스프레스선릉로켓점	cafe	127.04862	37.50338
매머드익스프레스선릉성원빌딩앞점	cafe	127.04878	37.50588
매머드익스프레스수서목화점	cafe	127.10341	37.48695
매머드익스프레스신	cafe	127.01977	37.51804
매머드익스프레스신사가로수	cafe	127.02528	37.52273
매머드익스프레스양재역점	cafe	127.03682	37.48581
매머드익스프레스언주역점	cafe	127.03549	37.50681
매머드익스프레스역삼	cafe	127.03794	37.49811
매머드익스프레스역삼신일유토빌점	cafe	127.03352	37.49883
매머드익스프레스역삼신한점	cafe	127.04396	37.49918
매머드익스프레스역삼언주로점	cafe	127.04076	37.50093
매머드익스프레스역삼월드점	cafe	127.04799	37.49856
매머드익스프레스위더스	cafe	127.02642	37.50587
매머드익스프레스자곡동점	cafe	127.10336	37.47372
매머드익스프레스청담점	cafe	127.05027	37.52527
매머드익스프레스테헤란로	cafe	127.04407	37.50215
매머드익스프레스포스코	cafe	127.05619	37.50460
매머드익스프레스포스코	cafe	127.05854	37.50615
매머드익스프레스학동역	cafe	127.02924	37.51445
매머드익스프레스휘문고교점	cafe	127.06185	37.50394
매머드커피강남	cafe	127.04065	37.51613
매머드커피강남	cafe	127.03148	37.49379
매머드커피압구정유림아트홀점	cafe	127.02770	37.52326
매머드커피역삼메르디앙점	cafe	127.03891	37.49226
매머드커피익스프레스논현언주로점	cafe	127.03624	37.52131
매머드커피익스프레스대치영동대로점	cafe	127.06717	37.50268
매머드커피익스프레스뱅뱅	cafe	127.03253	37.49051
매반생면	food	127.04291	37.50397
매봉드림안경	shop	127.04586	37.48542
매봉시니어센터	cafe	127.04610	37.48498
매불닭발	food	127.03075	37.50828
매스커피	cafe	127.03781	37.50275
매쎄	food	127.04261	37.48398
매쓰핑거	food	127.03721	37.52798
매우매오별관	food	127.02661	37.50355
매일	food	127.02347	37.50767
매일공기논현	food	127.03352	37.50972
매일낙지	food	127.05390	37.51123
매일쏜다딜리버리	food	127.03545	37.50988
매점	shop	127.06448	37.48493
매즈믹	shop	127.04324	37.49353
매지컬리빙투데이	shop	127.05835	37.50874
매직	shop	127.03407	37.49191
매직에디션	shop	127.02747	37.52737
매직월드미디어	shop	127.04015	37.50144
매치리스	shop	127.02668	37.50966
매화도삭면	food	127.02825	37.49955
매화램양꼬치	food	127.04227	37.50055
매화연	cafe	127.05614	37.49071
맥널티커피팩토리	cafe	127.03924	37.51035
맥스스크린골프	activity	127.04662	37.49594
맥스퍼스널트레이닝스튜디오	activity	127.04648	37.49590
맥시칸	food	127.10500	37.47470
맥시칸치킨	food	127.02389	37.51125
맥아박스	bar	127.02311	37.50957
맥인아트	shop	127.05916	37.51183
맥주야	bar	127.05347	37.50404
맥주여행	bar	127.04766	37.50520
맥주창고	bar	127.04878	37.50588
맥주창고	bar	127.03492	37.48544
맥주창고이층	bar	127.03415	37.50065
맥주창고플러스	bar	127.04051	37.51608
맥케이슨	shop	127.03330	37.48980
맥케이슨서울플래그십	shop	127.02976	37.51984
맥코이신사	cafe	127.03066	37.52437
맥클린	food	127.04432	37.52236
맨리샐리델리	food	127.03721	37.49877
맨션	shop	127.03721	37.52589
맨션	bar	127.03007	37.49554
맨션	bar	127.02168	37.51635
맨숀서점문구	shop	127.02841	37.53229
맨하탄슈퍼	bar	127.02068	37.51877
맨하탄호텔	stay	127.03993	37.50274
맵	food	127.03222	37.48939
맵당	food	127.04658	37.50324
맵준	food	127.02011	37.52216
맷카페	cafe	127.04064	37.51394
맹그르브삼겹살	food	127.02350	37.50876
머그	shop	127.04778	37.47902
머그포래빗	cafe	127.02317	37.52139
머니볼	food	127.03493	37.51680
머드내갈비살	food	127.03950	37.51758
머무리움	stay	127.02506	37.51736
머물다	cafe	127.04659	37.50635
머스트해브커피	cafe	127.05419	37.50528
머스트휘트니스	activity	127.05277	37.50380
머슬마인드	activity	127.02033	37.51479
머슬본	activity	127.05289	37.50191
먹보돼지	food	127.05544	37.50394
먹보집양재	food	127.04444	37.48425
먹쉬돈나	food	127.04855	37.50294
먹어도	food	127.04282	37.51518
먹어도	food	127.04028	37.51798
먹어도	food	127.03725	37.52197
먹어도돼지	food	127.05552	37.52114
먹어도돼지	food	127.04282	37.51518
먹이는매점	food	127.03130	37.52713
먹자빈대떡	food	127.08668	37.49096
먼데이투선데이	cafe	127.04413	37.52479
먼데이플로우	shop	127.03375	37.52646
먼스터	food	127.05033	37.50226
먼싱웨어롯데강남점	shop	127.05376	37.49766
먼지	food	127.02528	37.52001
멀리건	food	127.04314	37.52568
멀리건	bar	127.03096	37.51463
멀티채널트레이드	shop	127.04150	37.49869
멍냥의민족세곡점	shop	127.10139	37.46648
멍돌핀	cafe	127.02722	37.50795
멍스토랑	shop	127.02389	37.51125
멍텅구리	food	127.03437	37.49800
멍텅구리꼼장어	food	127.04842	37.51186
멍투더냥	shop	127.03627	37.49334
메가라운지	food	127.04090	37.51541
메가박스코엑스몰챔피언더블랙벨트	shop	127.05712	37.51295
메가슈플렉스에스마켓	shop	127.06260	37.51523
메가스테이	stay	127.02822	37.51807
메가스테이	stay	127.04377	37.49373
메가스테이국기원점	stay	127.02896	37.49973
메가스테이여학사	stay	127.05531	37.50117
메가엠지씨커피	cafe	127.04060	37.51669
메가엠지씨커피	cafe	127.03381	37.49819
메가엠지씨커피	cafe	127.02784	37.52482
메가엠지씨커피	cafe	127.06218	37.49902
메가엠지씨커피	cafe	127.04643	37.50484
메가엠지씨커피가로수길점	cafe	127.02300	37.51919
메가엠지씨커피강남	cafe	127.02634	37.50165
메가엠지씨커피강남	cafe	127.10500	37.47470
메가엠지씨커피강남	cafe	127.04674	37.51761
메가엠지씨커피강남	cafe	127.03622	37.49477
메가엠지씨커피강남면허시험장점	cafe	127.06655	37.50858
메가엠지씨커피강남못골도서관점	cafe	127.09602	37.47206
메가엠지씨커피강남보건소점	cafe	127.04225	37.51571
메가엠지씨커피강남세곡점	cafe	127.10004	37.46682
메가엠지씨커피강남포이점	cafe	127.04711	37.47892
메가엠지씨커피강남해링턴	cafe	127.02976	37.49701
메가엠지씨커피개포	cafe	127.06135	37.48231
메가엠지씨커피개포동역점	cafe	127.06775	37.48865
메가엠지씨커피국악고점	cafe	127.05020	37.47572
메가엠지씨커피논현	cafe	127.02825	37.51213
메가엠지씨커피논현가구	cafe	127.02287	37.51092
메가엠지씨커피논현동현점	cafe	127.03732	37.52184
메가엠지씨커피논현아크로힐스점	cafe	127.03842	37.50953
메가엠지씨커피논현힐탑점	cafe	127.03204	37.51057
메가엠지씨커피대치	cafe	127.05261	37.50096
메가엠지씨커피대치	cafe	127.05534	37.50506
메가엠지씨커피대치	cafe	127.05850	37.50269
메가엠지씨커피대치역점	cafe	127.06295	37.49388
메가엠지씨커피대치하이스턴점	cafe	127.06547	37.50151
메가엠지씨커피대치학원가점	cafe	127.05874	37.49877
메가엠지씨커피디에이치자이	cafe	127.07417	37.49109
메가엠지씨커피래미안대치	cafe	127.05916	37.49316
메가엠지씨커피매봉역점	cafe	127.04587	37.48544
메가엠지씨커피백암아트홀점	cafe	127.06587	37.51068
메가엠지씨커피봉은사역점	cafe	127.05915	37.51435
메가엠지씨커피삼성	cafe	127.06126	37.50686
메가엠지씨커피삼성	cafe	127.05278	37.51264
메가엠지씨커피삼성리저브점	cafe	127.05548	37.50809
메가엠지씨커피서울논현초점	cafe	127.02638	37.50923
메가엠지씨커피서울신구초점	cafe	127.02299	37.52386
메가엠지씨커피서울언주초교점	cafe	127.03860	37.48646
메가엠지씨커피선릉대우아이빌점	cafe	127.05376	37.50463
메가엠지씨커피선릉샹제리제점	cafe	127.04997	37.50442
메가엠지씨커피선릉세웅	cafe	127.04956	37.50580
메가엠지씨커피선정릉역점	cafe	127.04267	37.50965
메가엠지씨커피수서	cafe	127.10249	37.48837
메가엠지씨커피수서역점	cafe	127.10311	37.48732
메가엠지씨커피신논현역점	cafe	127.02457	37.50529
메가엠지씨커피신사	cafe	127.02033	37.51479
메가엠지씨커피신사강남	cafe	127.02068	37.51877
메가엠지씨커피신사동고개점	cafe	127.02605	37.51846
메가엠지씨커피압구정동양빌딩점	cafe	127.02854	37.52199
메가엠지씨커피압구정로데오역점	cafe	127.03888	37.52792
메가엠지씨커피압구정카페골목점	cafe	127.03933	37.52487
메가엠지씨커피압구정현대점	cafe	127.03074	37.52800
메가엠지씨커피양재역점	cafe	127.03576	37.48517
메가엠지씨커피언주역점	cafe	127.03408	37.50614
메가엠지씨커피역삼	cafe	127.04305	37.50036
메가엠지씨커피역삼	cafe	127.03977	37.49687
메가엠지씨커피역삼대로점	cafe	127.04015	37.50144
메가엠지씨커피역삼래미안점	cafe	127.04648	37.49590
메가엠지씨커피역삼럭키점	cafe	127.03856	37.49194
메가엠지씨커피역삼문화공원점	cafe	127.03341	37.50074
메가엠지씨커피역삼상록점	cafe	127.04406	37.50443
메가엠지씨커피역삼센터필드점	cafe	127.04032	37.50361
메가엠지씨커피역삼와이즈플레이스점	cafe	127.03185	37.49173
메가엠지씨커피역삼초교교차로점	cafe	127.03267	37.49362
메가엠지씨커피일원맛의	cafe	127.08218	37.48963
메가엠지씨커피점	cafe	127.03519	37.50161
메가엠지씨커피주민센터점	cafe	127.05099	37.52554
메가엠지씨커피청담역점	cafe	127.05079	37.51918
메가엠지씨커피포스코	cafe	127.05758	37.50587
메가엠지씨커피학동	cafe	127.03979	37.52186
메가엠지씨커피학동브라이튼점	cafe	127.02855	37.51393
메가엠지씨커피학여울역점	cafe	127.06833	37.49836
메가엠지씨커피한티역점	cafe	127.05464	37.49744
메가커피지하도점	cafe	127.02806	37.49862
메드커피	cafe	127.06201	37.50768
메디다이어리	shop	127.02966	37.52194
메디데이터	shop	127.03651	37.50002
메디레이	shop	127.09723	37.46845
메디바이오젠	shop	127.02904	37.51190
메디셀러	shop	127.04395	37.52480
메디스킨	shop	127.03948	37.52145
메디에이징	shop	127.03477	37.51461
메디올클리닉	shop	127.01980	37.51686
메디인	shop	127.02908	37.52042
메디칼미래약국	shop	127.06684	37.48869
메디칼정성약국	shop	127.10786	37.47355
메디칼청실약국	shop	127.05916	37.49316
메디칼하늘약국	shop	127.03510	37.48497
메디칼희민약국	shop	127.06491	37.50780
메디컬뷰티	shop	127.03104	37.49185
메디컬약국	shop	127.04479	37.47861
메디큐약국	shop	127.02426	37.50590
메디팜보문약국	shop	127.06684	37.48869
메디팜압구정약국	shop	127.02911	37.52276
메디포스트청담마리지점	shop	127.05016	37.51972
메디플로라	shop	127.08960	37.49034
메디피아약국	shop	127.03408	37.48537
메르밀진미집논현	food	127.02350	37.50748
메르뷰반영구아카데미	shop	127.03923	37.51629
메르시베베	shop	127.02841	37.53229
메리가든	bar	127.02589	37.50527
메리가든청담	food	127.04184	37.52204
메리나잇	bar	127.03728	37.52545
메리메리줄리	food	127.04906	37.52512
메리제인	food	127.05456	37.49824
메리제인	shop	127.05200	37.48887
메리지안미술교습소	shop	127.02425	37.52019
메리코	shop	127.02990	37.49945
메리트	bar	127.03512	37.51252
메리펫카페	cafe	127.05587	37.49800
메릴링갤러리아	shop	127.04005	37.52848
메머드익스프레스삼성도심	cafe	127.05835	37.50874
메머드익스프레스신사가로수길점	cafe	127.02371	37.51824
메머드익스프레스한라빌딩점	cafe	127.03534	37.50255
메멘토모리	shop	127.04240	37.52478
메밀도	food	127.05131	37.50319
메밀마을	food	127.03951	37.52753
메밀밭	food	127.06299	37.49918
메밀향막국수	food	127.06591	37.49962
메쉬커피	cafe	127.02501	37.51927
메시아댄스웨어압구정	shop	127.03949	37.52519
메신저	bar	127.05188	37.50670
메이	food	127.05916	37.51183
메이	shop	127.06276	37.49578
메이대치	shop	127.05464	37.49744
메이드	food	127.02562	37.52492
메이드	bar	127.03726	37.50938
메이드마인	food	127.02720	37.50929
메이드바이제이	cafe	127.04026	37.50520
메이드인헤븐	bar	127.04011	37.50279
메이리지에	shop	127.02278	37.52307
메이린	cafe	127.06885	37.48930
메이메디	shop	127.02770	37.52194
메이블라썸	shop	127.04713	37.52285
메이비	bar	127.02878	37.52048
메이빌고시텔	stay	127.03955	37.50306
메이준갤러리	shop	127.03534	37.52629
메이차이	food	127.06205	37.48264
메이카츠	food	127.06099	37.49782
메이크어디퍼런스	shop	127.02990	37.49945
메이크어딜리버리	food	127.03373	37.51300
메이크업매직	shop	127.02690	37.52478
메이크커피	cafe	127.02951	37.49986
메이킷카페	cafe	127.05466	37.50962
메이트성형외과	shop	127.02561	37.50459
메이트재즈	food	127.04370	37.52242
메이플	bar	127.03018	37.52076
메이플델리	food	127.05040	37.47532
메이플라워대치	shop	127.06856	37.49569
메이플아지트	activity	127.02929	37.49554
메종기욤주	food	127.04103	37.52437
메종드강남스테이	stay	127.03203	37.52291
메종드그릭	cafe	127.05629	37.50174
메종드그릭	cafe	127.03132	37.50949
메종드도산	stay	127.03505	37.52573
메종드레이나	shop	127.02854	37.51693
메종드릴리	shop	127.03641	37.51545
메종드미가람	shop	127.03062	37.50605
메종드소피아그레이스	shop	127.03883	37.52560
메종드슈에뜨	shop	127.04849	37.51238
메종드시울	cafe	127.04904	37.52576
메종드양	food	127.04978	37.52589
메종드조에	food	127.04904	37.52334
메종드클럽	activity	127.03328	37.50955
메종드파팡	shop	127.02559	37.52305
메종드홍만당압구정	food	127.02448	37.52193
메종디	shop	127.03591	37.52628
메종레지던스	stay	127.03329	37.49466
메종뤼미에르인강남	stay	127.04439	37.50724
메종르자당	shop	127.03600	37.52331
메종마르지엘라갤러리아	shop	127.04005	37.52848
메종바이닝	shop	127.04529	37.51398
메종바카라서울	shop	127.03554	37.52248
메종블라인드	food	127.02068	37.51877
메종블랑쉬	shop	127.05916	37.51183
메종스테이인강남	stay	127.03492	37.50880
메종앙스	shop	127.04655	37.52445
메종옵티크	shop	127.04826	37.52144
메종와이	shop	127.04518	37.51817
메종조청담	food	127.05497	37.52203
메종칠렉스	stay	127.03203	37.52291
메종키츠네	shop	127.04005	37.52848
메콩타이	food	127.06525	37.50859
메타럭스	shop	127.04022	37.52722
메타브리지	shop	127.02826	37.50055
메타비젼	cafe	127.02756	37.50121
메타샌	shop	127.05108	37.50275
메타에프앤씨	shop	127.05023	37.50387
메타엠솔루션	stay	127.03566	37.50162
메타코칭	shop	127.05464	37.49744
메타킹대치은마	cafe	127.06141	37.49864
메타팜약국	shop	127.06193	37.49426
메타퓨전	shop	127.03000	37.50442
메트로시스템	shop	127.02503	37.50463
메트로약국	shop	127.06295	37.49388
멕시멈	bar	127.02935	37.50628
멕시카나수서점	food	127.09818	37.48791
멕시카나치킨	food	127.05146	37.50425
멕시코밥집	food	127.04026	37.50540
멘노아지	food	127.03042	37.49601
멘노아지	food	127.02951	37.49986
멘노아지	food	127.05107	37.50357
멘야길조	food	127.04156	37.49775
멘야미코	food	127.05132	37.51740
멘야유메미루	food	127.04420	37.50500
멘야유메미루	food	127.02929	37.49766
멘지	food	127.02085	37.52194
멘츠루	food	127.02685	37.50204
멘츠루	food	127.02018	37.52023
멘쿠도	food	127.02549	37.50394
멘토랩	shop	127.06063	37.50006
멘토학사	stay	127.05804	37.50135
멜라	food	127.06054	37.50221
멜랑쥐	shop	127.04983	37.52112
멜로	shop	127.03877	37.52470
멜로드도산	food	127.03559	37.52685
멜로디	bar	127.04008	37.51625
멜로디노래연습장	activity	127.02476	37.50610
멜로디이	bar	127.04010	37.50263
멜로우가든	food	127.02617	37.50400
멜로우랜드로드랜드점	shop	127.02033	37.51643
멜로우랜드로드세로수점	shop	127.02277	37.51903
멜로우신사	shop	127.02033	37.51643
멜로우원	shop	127.04895	37.50450
멜로즈	shop	127.02841	37.53229
멜리샤호텔	stay	127.02939	37.49724
멜릭서	shop	127.03454	37.52564
멜앤메이	shop	127.05657	37.50845
멜츠	food	127.06471	37.50714
멜츠압구정	food	127.03012	37.52660
멜트스튜디오	shop	127.04385	37.51389
멜트커피	cafe	127.05692	37.50850
멜팅소울	food	127.03805	37.52705
멜팅아워	shop	127.03785	37.50364
멜팅쿠키하우스	food	127.05374	37.49955
멜팅팟컴퍼니	activity	127.03866	37.49479
멜팅피자	food	127.03337	37.49056
멤버	bar	127.03045	37.49765
멤버쉽휘트니스플레이바이어스	activity	127.05040	37.47532
면공장	food	127.04879	37.50342
면육당	food	127.02102	37.52172
면전	food	127.05483	37.50428
면주컴퍼니	activity	127.02487	37.51048
멸치탈출연구소	activity	127.03856	37.49194
멸콩국수	food	127.05218	37.50185
명	food	127.05024	37.50346
명가	shop	127.05609	37.48462
명가	activity	127.03352	37.49883
명가막회집	food	127.06559	37.50796
명가바지락칼국수	food	127.04815	37.47870
명가우육면	food	127.05353	37.50508
명가원설농탕	food	127.06391	37.49956
명가한식	food	127.03521	37.49416
명가한우돈	shop	127.06765	37.48885
명가호떡	shop	127.02391	37.50935
명고전	shop	127.04919	37.51424
명궁	food	127.08579	37.49324
명동관	food	127.05614	37.49071
명동따로집	food	127.06684	37.48869
명동만두	food	127.03415	37.49444
명동손칼국수	food	127.05683	37.52241
명동손칼국수	food	127.03147	37.49164
명동충무김밥	food	127.06035	37.49368
명동칼국수	food	127.05916	37.51183
명동칼국수	food	127.05613	37.50582
명동칼국수	food	127.03170	37.49879
명동칼국수	food	127.03357	37.51423
명동칼국수	food	127.05783	37.50847
명동칼국수	food	127.06559	37.50796
명동칼국수	food	127.04926	37.50611
명동칼국수	food	127.04481	37.48532
명동칼국수	food	127.03113	37.49704
명동칼국수	food	127.03330	37.51109
명동칼국수샤브샤브	food	127.03111	37.51478
명동칼국수샤브샤브	food	127.03393	37.50085
명동칼국수샤브샤브디오빌역삼	food	127.04268	37.50146
명동할머니국수	food	127.06294	37.50742
명동할머니국수	food	127.02739	37.52229
명동할머니국수뱅뱅	food	127.03305	37.48928
명랑시대쌀핫도그	food	127.05194	37.49765
명랑식품	food	127.05429	37.50424
명륜진사갈비	food	127.03432	37.49175
명문빌리아드	activity	127.03503	37.50313
명문어가	food	127.03446	37.49636
명미당화방	shop	127.04911	37.50343
명보아이엔씨갤러리아서관	shop	127.04005	37.52848
명보아이엔씨현대무역점주	shop	127.05976	37.50862
명보아이엔씨현대주	shop	127.02747	37.52737
명보화원	shop	127.01908	37.51899
명성	activity	127.03995	37.49583
명성양갈비	food	127.03491	37.49817
명성양꼬치	food	127.03491	37.49817
명성이자자한국시집주	food	127.05132	37.48737
명성하이텍	shop	127.04982	37.47400
명성황후	food	127.06856	37.49569
명심약국	shop	127.04530	37.47856
명옥약국	shop	127.03046	37.52785
명우돈가	food	127.05657	37.50845
명월당	food	127.04739	37.52635
명월라운지	bar	127.03928	37.52605
명이자카야	food	127.03201	37.49240
명인건강쌀빵	food	127.04895	37.50450
명인골프	activity	127.03447	37.49468
명인대동양평해장국삼성	food	127.05642	37.50882
명인등심	food	127.05686	37.51145
명인만두강남	food	127.04077	37.51796
명인만두도곡	food	127.04658	37.49372
명인만두차병원	food	127.03387	37.50559
명인에프엔비	food	127.04457	37.52597
명정루	food	127.03781	37.50275
명준공방	shop	127.04787	37.47795
명진스포츠	activity	127.02894	37.50619
명품김밥	food	127.03252	37.50888
명품노래연습장	activity	127.03738	37.50263
명품수기요법센터	shop	127.02719	37.50820
명품순대국밥	food	127.08350	37.49472
명품시계선타임	shop	127.04033	37.52759
명품아울렛	shop	127.03147	37.51421
명품아울렛청일점	shop	127.05364	37.51944
명품의신	shop	127.06795	37.48445
명품청운러우	food	127.04210	37.49307
명품포차	bar	127.04842	37.52502
명품한우촌	shop	127.04654	37.47879
명품호박죽	food	127.06591	37.49962
명화옥	food	127.05151	37.52637
명희	shop	127.03928	37.52605
명희원	food	127.05320	37.49916
모건약국	shop	127.03086	37.49859
모공랩	shop	127.03148	37.49098
모구모구돈부리	food	127.06088	37.50683
모그	activity	127.03576	37.48517
모나	cafe	127.03979	37.50054
모나데코	shop	127.03889	37.51290
모나미서울	stay	127.03379	37.49515
모나코	cafe	127.03147	37.51155
모나코플라워	shop	127.05292	37.48911
모너트	food	127.07417	37.49109
모노라이브	shop	127.05682	37.50737
모노로우	shop	127.02091	37.52070
모노로우	shop	127.02204	37.52080
모노샌드	shop	127.02769	37.50146
모노아트스페이스	shop	127.04550	37.48396
모노에프앤비	food	127.03654	37.52662
모노치즈	cafe	127.10184	37.48802
모노케이스	shop	127.02806	37.49862
모노폴리	shop	127.02687	37.52401
모놀로그	shop	127.02806	37.49862
모니크아뜰리에	food	127.04144	37.50707
모닝글로리	shop	127.03098	37.52738
모닝글로리	shop	127.02920	37.49642
모닝글로리	shop	127.06218	37.49902
모닝글로리청담삼익점	shop	127.05763	37.52245
모닝레지던스	stay	127.03347	37.49638
모닝레지던스	stay	127.03610	37.51011
모닝와인	bar	127.03001	37.50874
모닝테이블주	food	127.04605	37.49473
모닥제주몬트락강남	food	127.03074	37.49494
모닥제주몬트락수서	food	127.10364	37.48863
모댄디스트	food	127.03381	37.49819
모던골프	activity	127.04611	37.48350
모던바	food	127.05201	37.50279
모던블리메이커스협동조합	shop	127.04139	37.51780
모던아트	shop	127.02483	37.52401
모던오뎅	food	127.03678	37.52572
모던오뎅	food	127.02492	37.51938
모던출장뷔페	food	127.04081	37.49565
모던코스메틱	shop	127.04044	37.52644
모던하우스	stay	127.05144	37.51071
모던하우스	shop	127.04648	37.49590
모던한담논현지점	shop	127.04161	37.51487
모던호	food	127.05373	37.50769
모데라토	shop	127.02760	37.52109
모델란트	shop	127.10184	37.48802
모도우	food	127.05772	37.50996
모두약국	shop	127.03662	37.50072
모두와당구장	activity	127.08430	37.49000
모두의구대	shop	127.04274	37.52255
모드던	shop	127.05185	37.48692
모드케이하우스	stay	127.04272	37.50811
모드하우스	shop	127.02068	37.51877
모든오피스강남주	shop	127.04095	37.49347
모들국수와전	food	127.04059	37.51797
모디스	shop	127.02001	37.52258
모디아티코	shop	127.03669	37.52696
모락모락	food	127.06009	37.48380
모러스	shop	127.05154	37.50578
모레하우스	stay	127.03505	37.52573
모로	food	127.05082	37.51075
모로미쿠시	food	127.03102	37.49366
모르핀	shop	127.03883	37.52560
모리	food	127.07965	37.49434
모리	shop	127.04842	37.49923
모리	shop	127.04911	37.50343
모리스앤벤코	shop	127.05553	37.50728
모리아푸드	food	127.06290	37.50709
모리움	shop	127.02880	37.52221
모리향	food	127.05286	37.50142
모마북스토어	shop	127.03642	37.52385
모먼트	shop	127.05394	37.50645
모먼트청담	stay	127.04196	37.51894
모멘텀아트갤러리	shop	127.04475	37.52590
모멘텀인터내셔널	shop	127.09804	37.47337
모모라	food	127.03007	37.49551
모모스테이	stay	127.04287	37.49500
모모스테이크	food	127.02687	37.50163
모모아이엔씨	shop	127.02133	37.51850
모모웨이	cafe	127.04648	37.49590
모모유부강남구청	food	127.04107	37.51611
모모커피	cafe	127.10723	37.46411
모모코부엌	food	127.04389	37.48158
모모텐동	food	127.09818	37.48791
모미지	food	127.05390	37.50419
모미지	food	127.02412	37.50687
모미지새한에프앤비	food	127.03399	37.52246
모바	shop	127.03104	37.49185
모바익	shop	127.04148	37.51585
모벰버	cafe	127.02967	37.50502
모브	shop	127.02721	37.50780
모브애틱	shop	127.05013	37.51452
모비딕스크린골프	activity	127.04505	37.50294
모생떼헤드스파	shop	127.02388	37.51710
모서리	bar	127.05742	37.52126
모세사	shop	127.03119	37.49157
모션랩	activity	127.03794	37.49811
모스	food	127.06557	37.50557
모스가든	food	127.02837	37.51666
모스버거대치역점	food	127.06192	37.49335
모스버거익스프레스강남구청역	food	127.04019	37.51714
모스콧서울	shop	127.03775	37.52466
모스트팝	shop	127.03524	37.52796
모슬포	food	127.08533	37.49308
모시모시	bar	127.03849	37.52377
모심	food	127.03408	37.49223
모아	food	127.03631	37.50920
모아	food	127.02871	37.50068
모아모아당구장	activity	127.04415	37.50424
모아센터	shop	127.05046	37.47818
모아엠씨씨	shop	127.03613	37.51644
모아홈패션	shop	127.08344	37.48290
모앤블레스의원	shop	127.02991	37.52764
모어그릭	cafe	127.03007	37.49551
모어댄	activity	127.05062	37.51167
모어덴스시	food	127.04571	37.51830
모요	food	127.04275	37.51488
모우림의원	shop	127.02889	37.52609
모우모우	bar	127.03455	37.52534
모우정	food	127.03617	37.52063
모울	food	127.02258	37.51960
모음인터렉티브	shop	127.06534	37.51294
모이라	bar	127.02484	37.50539
모제커피	cafe	127.03053	37.49848
모즈의원	shop	127.04399	37.52449
모즈클럽	shop	127.02778	37.51142
모찌모찌브레드	food	127.04648	37.49590
모카	cafe	127.04457	37.52179
모카노래연습장	activity	127.10341	37.48695
모쿠	food	127.04302	37.50535
모터시티바이매니멀역삼	food	127.03496	37.49975
모테라스칼프	shop	127.04467	37.49945
모토랩	shop	127.03969	37.50631
모토야수서점	food	127.10311	37.48732
모투스기어	shop	127.02595	37.52158
모퉁이	food	127.04480	37.52260
모퉁이라면집	food	127.02781	37.49966
모퉁이우	food	127.04776	37.52496
모퉁이집	food	127.03732	37.52624
모퉁이흑미김밥	food	127.02726	37.52149
모티비티	activity	127.03827	37.49106
모티에	food	127.04334	37.48508
모티프	shop	127.04413	37.48702
모프먼트역삼	cafe	127.03472	37.50126
모히또	food	127.03079	37.49802
목구멍	food	127.02566	37.50356
목구멍가로수길점	food	127.02206	37.51875
목련반찬	food	127.08480	37.48553
목련슈퍼	shop	127.08480	37.48553
목련식당	food	127.02984	37.51888
목련식당	shop	127.08480	37.48553
목로	food	127.02757	37.52546
목로	food	127.03777	37.52348
목삼정	food	127.06488	37.50841
목서플라워	shop	127.04671	37.50647
목석화수	food	127.05400	37.50569
목원상사	shop	127.02385	37.50947
목포명가	food	127.05728	37.50988
목포명가	food	127.03076	37.49820
목포명가봉은사역점	food	127.06545	37.51567
목포세발낙지	food	127.04490	37.49722
목포식당	food	127.03571	37.50690
목포자매집	food	127.03542	37.51016
목포집	food	127.02545	37.51133
목포집	food	127.02098	37.51732
목포해물	food	127.04493	37.48221
목향지점	food	127.02863	37.49991
목화수	shop	127.05266	37.51835
목화약국	shop	127.08767	37.49153
몬	food	127.04588	37.48503
몬쉘	food	127.02206	37.52265
몬스터	shop	127.03568	37.50084
몬스터차저	cafe	127.06299	37.49918
몬스터컴퍼니	cafe	127.03476	37.51002
몬스터포	food	127.03545	37.50988
몬스터피자압구정	food	127.03749	37.52562
몬타나스포츠	shop	127.04106	37.50661
몬테카를로	shop	127.04146	37.52450
몰노래연습장	activity	127.02739	37.50055
몰타	stay	127.04399	37.50408
몰타	stay	127.03531	37.50513
몰타참치	food	127.05507	37.50502
몰트컴퍼니	food	127.05854	37.50615
몸감독	activity	127.02725	37.52020
몸이편한	activity	127.04024	37.49650
못골빈대떡	bar	127.10540	37.47441
못난이포차	food	127.05596	37.51032
못먹어도고	food	127.03744	37.52681
못이저	food	127.03658	37.50903
못잊어	bar	127.05202	37.50421
몽가타	shop	127.03548	37.49047
몽고네	food	127.03913	37.52521
몽고트	shop	127.05099	37.52554
몽고트하우스	shop	127.03897	37.52058
몽끄컬러랩	shop	127.02661	37.52494
몽노래연습장	activity	127.02582	37.50385
몽다원여몽	cafe	127.02227	37.52189
몽드	shop	127.04524	37.52451
몽드	food	127.05396	37.50974
몽몽이펍	food	127.02570	37.50896
몽몽찌	shop	127.04977	37.47613
몽블랑	food	127.02720	37.52335
몽블리	food	127.02847	37.49987
몽상플라워	shop	127.03505	37.50243
몽소	shop	127.04457	37.52033
몽쉘하우스	stay	127.04227	37.49979
몽슈슈	cafe	127.03095	37.49414
몽슈슈	cafe	127.04290	37.50972
몽월	stay	127.03368	37.50132
몽제	shop	127.04061	37.51744
몽중헌대치	food	127.06548	37.50336
몽중헌청담	food	127.04479	37.52434
몽지람	food	127.05596	37.50413
몽크투바흐	cafe	127.02729	37.52121
몽키	shop	127.03807	37.52817
몽키테라스	bar	127.03792	37.52663
몽트쌀케이크	food	127.05204	37.49877
몽페쉬	shop	127.02438	37.51852
몽하우스	stay	127.03972	37.51136
묘우	food	127.02740	37.52250
묘향옥	food	127.03816	37.50793
무	food	127.02720	37.50929
무공돈까스	food	127.03174	37.49707
무교낙지	food	127.05945	37.50963
무교동낙지	food	127.05068	37.48814
무교동낙지	food	127.02330	37.50943
무교동낙지	food	127.03007	37.49554
무교동유정낙지	food	127.02732	37.52421
무교동유정낙지청담점	food	127.05584	37.52337
무교동홍낙수서점	food	127.09427	37.48400
무궁지	shop	127.03459	37.49654
무궁화대교	food	127.04005	37.52848
무궁화반점	food	127.02823	37.49896
무궁화칼국수현대백화점무역	food	127.05976	37.50862
무낙	shop	127.04262	37.52540
무냐무냐	shop	127.03896	37.52728
무냐무냐	shop	127.05326	37.49698
무냐무냐현대무역점	shop	127.05976	37.50862
무늬	shop	127.06276	37.49578
무니	food	127.04549	37.52294
무니무니	shop	127.03972	37.52680
무닌	shop	127.09484	37.48211
무돌	food	127.04001	37.52128
무등산	food	127.03993	37.52196
무등산수만리염소탕	food	127.03166	37.49250
무등산카이로스	food	127.04718	37.50480
무디타와인	shop	127.04628	37.51839
무라사끼	food	127.03497	37.52306
무루	cafe	127.02354	37.52111
무르	bar	127.03890	37.50216
무명떡볶이	food	127.03601	37.51774
무명씨	shop	127.05328	37.52595
무무	food	127.04397	37.52256
무무코스메틱	shop	127.03784	37.52755
무미유미	food	127.04148	37.51331
무브먼트	food	127.03783	37.52137
무브크래프트피티	activity	127.03649	37.50951
무비무드	shop	127.02667	37.50276
무빈	shop	127.05546	37.50297
무삥과팟타이	food	127.02948	37.49773
무사사비	food	127.02501	37.51927
무샤무샤	food	127.04519	37.51160
무쇠막김치찌게	food	127.02180	37.51254
무수책방	shop	127.03484	37.50819
무스코코알앤디	shop	127.05463	37.50853
무스터링	shop	127.02392	37.51163
무식	food	127.02770	37.52326
무아	stay	127.04980	37.52712
무아국수	food	127.04076	37.51645
무안회관청담점	food	127.04136	37.52184
무앙	food	127.05614	37.49071
무어러	shop	127.04049	37.52298
무오키	food	127.04224	37.51901
무월에프엔비	food	127.02731	37.50263
무유무유파르나스점	shop	127.06080	37.50919
무인닷컴당구야놀자	activity	127.05004	37.50639
무인닷컴당구야놀자선릉역	activity	127.05069	37.50304
무인도라면분식	food	127.02846	37.49905
무인아이스크림	shop	127.05285	37.47488
무인양품	shop	127.06080	37.50919
무적의부대찌개	food	127.03347	37.50578
무중력클라이밍	activity	127.03403	37.50635
무지개렌탈서비스	shop	127.04723	37.50439
무지개맥주	bar	127.02452	37.50724
무지개반찬	shop	127.08246	37.49166
무지개삼성약국	shop	127.08152	37.48990
무지개수프	food	127.03521	37.49476
무진	food	127.04451	37.52245
무청감자탕수서점	food	127.10311	37.48732
무청담	food	127.04016	37.52424
무침에미침	food	127.03995	37.49583
무타	shop	127.05316	37.50474
무탄코엑스몰	food	127.05916	37.51183
무탈	food	127.03786	37.52649
무테키야	food	127.03256	37.50568
무토강주	shop	127.03225	37.50273
무판안경	shop	127.07965	37.49434
무한미니훠궈	food	127.02779	37.50043
무한양행	activity	127.04658	37.50324
무한잉크주	shop	127.04879	37.50342
무화잠	food	127.03222	37.48939
묵쥬얼리	shop	127.03935	37.52564
묵호댁선릉	food	127.05252	37.50173
묵호일식	food	127.04105	37.51597
묵화랑	shop	127.03935	37.52564
문	food	127.03589	37.52145
문	cafe	127.10824	37.47304
문	shop	127.03765	37.52410
문가네고추장추어탕	food	127.10732	37.47380
문구야놀자	shop	127.03103	37.52808
문구야놀자	shop	127.06141	37.49864
문구야놀자강남율현점	shop	127.10785	37.47357
문구야놀자역삼월드점	shop	127.04799	37.49856
문구원	shop	127.03599	37.48637
문구찾기	shop	127.05285	37.47489
문구천사	shop	127.05174	37.49728
문나리자	shop	127.02567	37.50682
문노래연습장	activity	127.05327	37.50398
문리버클래식	bar	127.03617	37.52316
문무	shop	127.04876	37.52254
문배동육칼	food	127.03457	37.50102
문배동육칼	food	127.05618	37.50872
문벅스	shop	127.05396	37.50051
문빔와인스튜디오	bar	127.02009	37.51961
문어다	food	127.04842	37.47785
문어랑상록점	food	127.04255	37.50543
문어앤치킨	food	127.05670	37.51114
문어야	bar	127.04514	37.48531
문어집	bar	127.02144	37.51826
문영코스메슈티컬	shop	127.02783	37.52083
문온더씨	bar	127.05924	37.50544
문익점	food	127.02823	37.50080
문정원	shop	127.03562	37.50841
문짬뽕	food	127.06856	37.49569
문츠	activity	127.03160	37.49742
문츠컴퍼니	shop	127.02655	37.50987
문크리스탈	bar	127.03768	37.52131
문타임트레이딩	shop	127.03928	37.52743
문피어싱	shop	127.02831	37.49816
문화강국협동조합	shop	127.05003	37.51991
문화실업	shop	127.04554	37.47984
문화인들	food	127.03875	37.52592
문화인들	bar	127.02667	37.50276
물고기자리	food	127.03371	37.51637
물노래연습장	activity	127.02131	37.51795
물노래연습장	activity	127.04371	37.50460
물음표노래연습장	activity	127.02541	37.50582
뭅뭅모던핏	activity	127.02577	37.51942
뭔들팩토리	shop	127.04279	37.51098
뮤스킨컴퍼니	shop	127.03104	37.49185
뮤잇	cafe	127.04187	37.48527
뮤제	shop	127.03935	37.52564
뮤즈	bar	127.05656	37.51004
뮤즈	bar	127.03173	37.50024
뮤즈노래연습장	activity	127.03682	37.49898
뮤즈노래연습장	activity	127.03878	37.50310
뮤즈온	bar	127.02376	37.52033
뮤즈인	shop	127.02333	37.52377
뮤즈힐링케어	shop	127.02688	37.52401
뮤지컬펍넘버스테이지	food	127.02823	37.50009
뮤직아날로그	food	127.05695	37.51000
뮤직이너스코인노래연습장	activity	127.03392	37.48571
뮤직포스글로벌네트웍스주	shop	127.03865	37.49506
뮤직플랜트	shop	127.02130	37.52329
뮬	shop	127.05916	37.51183
뮬리코퍼레이션	shop	127.03489	37.51335
므네플라워	shop	127.03135	37.51897
미	activity	127.03459	37.50080
미가	food	127.10732	37.46323
미가대구요리	food	127.04586	37.47743
미가마트주	shop	127.08960	37.49034
미각상점	cafe	127.02806	37.49862
미과담	shop	127.03397	37.50475
미광	shop	127.03244	37.49097
미꼬쥬얼리송명순	shop	127.02747	37.52737
미나리밭오리사냥	food	127.02813	37.50028
미나모토골프스튜디오	activity	127.05040	37.48646
미나트레이드	shop	127.02832	37.50592
미남옥	food	127.03220	37.52294
미네	shop	127.04222	37.52655
미네	food	127.03829	37.50182
미네르바	shop	127.04075	37.52720
미노센	food	127.05590	37.51091
미노스	cafe	127.02270	37.52323
미누씨	bar	127.04356	37.48171
미니김밥	food	127.06719	37.49601
미니돌	shop	127.06047	37.49836
미니돌신사역점	activity	127.02033	37.51643
미니돌점	activity	127.03651	37.50002
미니돌점	shop	127.03662	37.50071
미니말레	cafe	127.03549	37.50226
미니말레커피뢰스터	cafe	127.03549	37.50226
미니매점	shop	127.02972	37.52699
미니멀리스트	shop	127.06604	37.50249
미니보물섬	food	127.02213	37.51861
미니슈퍼	shop	127.06535	37.50225
미니스톱	shop	127.06227	37.50820
미니스톱강남	shop	127.02823	37.49896
미니스톱논현	shop	127.03181	37.51526
미니스톱논현	shop	127.04105	37.51625
미니스톱논현힐탑점	shop	127.03204	37.51057
미니스톱도곡센트레빌점	shop	127.05565	37.49146
미니스톱메트로칸점	shop	127.05947	37.50685
미니스톱삼성플러스원점	shop	127.04494	37.51161
미니스톱수서벤처점	shop	127.10184	37.48802
미니스톱신강남	shop	127.01985	37.51859
미니스톱신사	shop	127.02842	37.52091
미니스톱신사만남점	shop	127.02156	37.51755
미니스톱압구정가은점	shop	127.03799	37.52488
미니스톱역삼태광점	shop	127.04032	37.50113
미니스톱역삼태극점	shop	127.03008	37.49470
미니스톱청담누리점	shop	127.04111	37.52410
미니스톱청담유시어터점	shop	127.04152	37.52208
미니스톱한강잠원	shop	127.01767	37.52766
미니스피어싱	shop	127.02806	37.49862
미니펫샵	shop	127.04356	37.49933
미닛골프스튜디오	activity	127.10396	37.49021
미담과과일바구니과일선물세트컵과일	shop	127.05298	37.51204
미담숯불바베큐	food	127.04510	37.49675
미담헌	food	127.08153	37.48264
미담헌	food	127.03662	37.52307
미당뭉티기	food	127.05463	37.50853
미도리	food	127.04590	37.47793
미도리푸드	food	127.03451	37.50829
미도문구	shop	127.06856	37.49569
미도식당	food	127.06856	37.49569
미도안경	shop	127.06684	37.48869
미도야	food	127.06856	37.49569
미도인강남	food	127.02718	37.50210
미도플라워유통	shop	127.05824	37.50605
미도핏	activity	127.06856	37.49569
미도한우마을	food	127.06735	37.48875
미드나이트	cafe	127.02607	37.50937
미드썸머	shop	127.04922	37.52559
미디어앤아트	activity	127.05984	37.50576
미디어자몽	shop	127.03834	37.49043
미디움게임즈	activity	127.03206	37.51468
미라마르	food	127.03735	37.52403
미라식당	food	127.03170	37.49879
미라이	shop	127.02448	37.52193
미라이	shop	127.05003	37.51991
미라이	food	127.02618	37.52109
미라이안경	shop	127.05004	37.51991
미라쥬양과점	food	127.05937	37.49752
미라클	food	127.03681	37.52484
미라클	shop	127.05434	37.50263
미라클	bar	127.05276	37.52453
미라클랩	shop	127.04723	37.50666
미라클루틴	shop	127.03566	37.50162
미라클바이러스	food	127.10004	37.46682
미라클워터	shop	127.03678	37.50931
미라클케어시스템	shop	127.03165	37.49321
미라클푸드강남	food	127.03381	37.49819
미라클푸드청담점	food	127.04506	37.52359
미락	food	127.03571	37.50690
미란다통신	shop	127.02882	37.52266
미랑	food	127.04697	37.50477
미래	stay	127.03512	37.51252
미래수	shop	127.02919	37.53254
미래온누리약국	shop	127.04976	37.48761
미래향	food	127.05884	37.49856
미러칼국수	food	127.06591	37.49962
미로정	food	127.03893	37.50313
미루도산	food	127.03835	37.52588
미루야	bar	127.03593	37.49325
미르보드카페	activity	127.02574	37.50714
미르오션	shop	127.04625	37.52727
미르유통	shop	127.05976	37.50862
미리내	food	127.06533	37.51216
미리어드	shop	127.03632	37.49072
미림	food	127.04718	37.50480
미림	activity	127.05783	37.50847
미림식품	food	127.08960	37.49034
미림양장	food	127.05222	37.50364
미림양장	food	127.03678	37.52572
미림플라워	shop	127.03344	37.51708
미면정양재칼국수샤브샤브	food	127.03945	37.48687
미몽	food	127.03984	37.50343
미몽신사역점	food	127.02069	37.51800
미무	food	127.04487	37.52289
미미	food	127.03201	37.49240
미미	food	127.03665	37.52128
미미	shop	127.06856	37.49569
미미가	food	127.05264	37.50477
미미나	shop	127.03632	37.52786
미미담	food	127.04136	37.50288
미미동삼성	food	127.05558	37.50766
미미면가	food	127.02110	37.52007
미미미펜트하우스	stay	127.04112	37.52381
미미사천마라탕	food	127.04274	37.49656
미미수산	food	127.07965	37.49434
미미옥강남	food	127.02644	37.50329
미미족	food	127.04076	37.50093
미미짱	food	127.03352	37.49883
미미치킨	food	127.06591	37.49962
미미한우	shop	127.02919	37.53254
미분당	food	127.02622	37.50380
미분당	food	127.02008	37.51786
미분당	food	127.04067	37.51822
미분당	food	127.05306	37.49738
미상	shop	127.04582	37.52330
미색찬란	shop	127.03293	37.50573
미색찬란안	shop	127.03293	37.50573
미샤	shop	127.05976	37.50862
미샤	shop	127.05945	37.50963
미서네	food	127.03521	37.49416
미선우육면	food	127.04658	37.50324
미성백반	food	127.01965	37.52475
미성약국	shop	127.01965	37.52475
미성양꼬치	food	127.05606	37.51028
미성정육점	shop	127.01965	37.52475
미소곱창	food	127.03712	37.50295
미소니현대	shop	127.02747	37.52737
미소니현대무역점	shop	127.05976	37.50862
미소미인릴리코스메틱	shop	127.04988	37.47891
미소산약국	shop	127.05716	37.50748
미소식당	food	127.07087	37.48914
미소야	food	127.05861	37.49909
미소야	food	127.06833	37.49836
미소야강남	food	127.04628	37.51839
미소야수서점	food	127.10184	37.48802
미소약국	shop	127.05975	37.50743
미소온누리약국	shop	127.03131	37.52309
미소코스메틱	shop	127.04711	37.47679
미소플라워	shop	127.09975	37.48642
미솜	shop	127.03483	37.48564
미수국밥청담점	food	127.04506	37.52359
미수동	food	127.02887	37.52532
미술관	bar	127.03173	37.50024
미스강	bar	127.04431	37.52662
미스꼬레아	food	127.06141	37.49864
미스사이공	food	127.03033	37.51806
미스사이공	food	127.04396	37.49918
미스지콜렉션	shop	127.04183	37.52658
미스지콜렉숀현대	shop	127.02747	37.52737
미스치프	shop	127.03802	37.52637
미스켄싱턴	shop	127.04139	37.51780
미스타교자	bar	127.02315	37.50897
미스타쌀국수	food	127.10247	37.47315
미스터마	bar	127.03841	37.51727
미스터시래기	food	127.05841	37.49944
미스터아이안경원	shop	127.03770	37.48610
미스터육회연어왕	food	127.03429	37.50075
미스터지브라	food	127.04914	37.52532
미스터칠드런	bar	127.04087	37.52650
미스터투고커피앤디저트	cafe	127.05351	37.50355
미스터포차	bar	127.03301	37.49198
미스터피자	food	127.05850	37.50269
미스티	bar	127.03569	37.50253
미스페이스갤러리	shop	127.03758	37.52501
미시마	food	127.04468	37.49394
미시마	food	127.04178	37.49302
미식가	shop	127.05316	37.50474
미식가횟집	food	127.08585	37.49044
미식연	food	127.03594	37.49928
미식한상	shop	127.04837	37.48034
미쓰김꼴렉씨옹	shop	127.03731	37.52563
미쓰냉삼	food	127.02541	37.52485
미쓰앤바운즈주	shop	127.02580	37.51356
미쓰양꼬치	food	127.05153	37.50314
미아사이공	food	127.03033	37.51806
미아전	food	127.03638	37.52519
미안예	shop	127.04416	37.51009
미앤미	shop	127.06856	37.49569
미앤미	food	127.03419	37.49104
미야기	food	127.03398	37.51297
미야비	food	127.02297	37.51818
미어	shop	127.02814	37.50638
미에뜨	food	127.04677	37.48292
미에베이커리	food	127.05185	37.48692
미엘	food	127.04361	37.52526
미역향삼겹장	food	127.03231	37.49798
미영킴스튜디오	shop	127.02575	37.52477
미예	cafe	127.03308	37.50980
미오	shop	127.03788	37.48592
미오즈고양이분양강아지분양	shop	127.02501	37.52383
미우	food	127.01965	37.52475
미우	shop	127.05916	37.51183
미우가	food	127.03623	37.50940
미우가	food	127.04496	37.50469
미우니팅	shop	127.10487	37.47151
미우통상주	shop	127.02677	37.52603
미인코스메틱	shop	127.04723	37.52525
미자언니에프엔디	shop	127.04061	37.49373
미작	shop	127.03568	37.50084
미정	food	127.11917	37.46930
미조	food	127.03037	37.50581
미즈	shop	127.05763	37.52245
미즈미	shop	127.02154	37.52258
미즈키	food	127.03058	37.52317
미진	food	127.03059	37.52705
미진식당	food	127.02858	37.49784
미진약국	shop	127.02858	37.49784
미진유통	shop	127.03721	37.52798
미진해산	food	127.03607	37.52105
미진휘트니스센타	activity	127.02858	37.49784
미치코서울	bar	127.02350	37.50876
미친라멘	food	127.04076	37.50093
미친짜글이	food	127.03745	37.50282
미친피자	food	127.03621	37.51054
미카	food	127.02790	37.52406
미카도스시양재역점	food	127.03436	37.48532
미카제	food	127.06506	37.51043
미케어	shop	127.03505	37.49107
미코	shop	127.05609	37.48462
미쿡	shop	127.06591	37.49962
미크래빗	shop	127.02947	37.50701
미키메디칼	shop	127.06377	37.51513
미타니야타워	food	127.05348	37.48807
미타임스테이	stay	127.03853	37.48673
미태리수서역점	food	127.10184	37.48802
미태리파스타연구소	food	127.05488	37.50549
미토우	food	127.04506	37.52211
미톨로지	food	127.03621	37.49825
미트마켓	shop	127.06360	37.49921
미트맨의고깃간	shop	127.10347	37.46315
미트미	shop	127.03608	37.48633
미트앤번버거샵	food	127.04638	37.50250
미트온라인직판	food	127.03519	37.50542
미팅룸선정릉	food	127.04435	37.51015
미파솔	shop	127.02805	37.51802
미플레이스	food	127.02206	37.51278
미플렉스	shop	127.03338	37.51192
미피아체	food	127.04498	37.52451
미향	food	127.03352	37.49883
미향식품	shop	127.02068	37.51877
미호	bar	127.03969	37.50631
믹솔로지	bar	127.04120	37.52206
민	food	127.10073	37.46636
민경이네집밥	food	127.04710	37.47791
민규	food	127.05585	37.51272
민들레	shop	127.10313	37.48097
민들레	food	127.03721	37.50255
민박사봉평메밀촌	food	127.07559	37.49266
민생약국	shop	127.03476	37.51323
민서네손칼국수	food	127.10563	37.48798
민속떡집	food	127.05763	37.52245
민속떡집	food	127.06591	37.49962
민속밀면	food	127.04872	37.51264
민속한우	shop	127.07965	37.49434
민수네떡볶이	food	127.04291	37.50397
민스서울하우스	stay	127.04522	37.50676
민아네프랑스와인한상	shop	127.05763	37.52245
민앤푸드	food	127.08243	37.49110
민에프앤비	food	127.05585	37.51272
민에프앤비민규청담	food	127.04544	37.52559
민준주얼리	shop	127.04694	37.52322
민짱월드	shop	127.03692	37.51620
민튜브	activity	127.03673	37.51399
민트스타하우스청담	stay	127.04429	37.52223
민트약국	shop	127.02042	37.51454
민트크리에이티브	shop	127.04160	37.52422
민트페니강	shop	127.02062	37.51394
민피플	food	127.04646	37.50411
민핏	activity	127.03875	37.52530
민화플라워스튜디오	shop	127.02437	37.50726
밀	food	127.02726	37.52231
밀각삼성	food	127.05854	37.50615
밀떡팩토리	food	127.02217	37.51885
밀라노	shop	127.02589	37.50954
밀라노리빙서울	shop	127.05512	37.50217
밀라노푸드	food	127.02431	37.50984
밀란	shop	127.02618	37.50965
밀란국수	food	127.04911	37.47854
밀란드밀란	shop	127.04069	37.52571
밀레주	shop	127.03416	37.50592
밀레투스	food	127.03251	37.49686
밀리언유니버스도곡	shop	127.04609	37.48292
밀리즈	shop	127.03286	37.51583
밀밭	food	127.05860	37.51024
밀밭	food	127.05261	37.51230
밀밭식당	food	127.04444	37.50356
밀숲	food	127.06299	37.49918
밀숲대치	food	127.05289	37.50100
밀알미술관	heritage	127.08231	37.48608
밀알아트센타	cafe	127.08208	37.48578
밀알학교사회적협동조합	shop	127.08208	37.48578
밀양손만두	food	127.03512	37.51090
밀우	food	127.10078	37.46679
밀크컨셉강남	food	127.03474	37.51042
밀크티향기	cafe	127.06198	37.49873
밀크포차	bar	127.03744	37.52681
밀탑수서역점	cafe	127.10311	37.48732
밍글	food	127.04621	37.51906
밍글스	food	127.04418	37.52543
밍기뉴보태니컬가든앤플라워	shop	127.03621	37.51054
밍약국	shop	127.02278	37.52308
밍크	shop	127.05916	37.49316
밍크뮤롯데강남점	shop	127.05326	37.49698
밍크뮤현대	shop	127.02747	37.52737
밍크뮤현대무역점	shop	127.05976	37.50862
바게트의정석	food	127.10104	37.48965
바게트케이	food	127.04145	37.50030
바글바글에프앤비	food	127.03564	37.52703
바나프레소	food	127.02954	37.49898
바나프레소	cafe	127.05846	37.50626
바나프레소	cafe	127.04366	37.50992
바나프레소	food	127.04672	37.50459
바나프레소	cafe	127.04386	37.50472
바나프레소	cafe	127.03007	37.49554
바나프레소	cafe	127.05974	37.49889
바나프레소	food	127.06227	37.50820
바나프레소강남	cafe	127.02976	37.49701
바나프레소강남	cafe	127.04663	37.51842
바나프레소강남	cafe	127.04565	37.49563
바나프레소강남면허시험장점	cafe	127.06594	37.50795
바나프레소강남역	cafe	127.02763	37.49894
바나프레소강남우성점	food	127.03119	37.49157
바나프레소국기원	food	127.03171	37.49719
바나프레소논현영동	cafe	127.02315	37.51026
바나프레소대치	cafe	127.05267	37.50411
바나프레소대치	cafe	127.06058	37.50664
바나프레소대치	food	127.05534	37.50506
바나프레소대치역점	cafe	127.06192	37.49335
바나프레소대치은마	cafe	127.06141	37.49864
바나프레소도곡역점	food	127.05741	37.49218
바나프레소도산	cafe	127.03764	37.52174
바나프레소삼성	cafe	127.05275	37.51320
바나프레소삼성테헤란로점	food	127.05519	37.50683
바나프레소선릉공원점	cafe	127.05253	37.50599
바나프레소선릉상록점	cafe	127.04361	37.50494
바나프레소선릉역	cafe	127.04824	37.50476
바나프레소선릉위워크점	cafe	127.04988	37.50336
바나프레소세관	food	127.03574	37.51582
바나프레소수서역점	cafe	127.10249	37.48838
바나프레소신사역점	cafe	127.02023	37.51542
바나프레소압구정	cafe	127.02884	37.52458
바나프레소양재역점	food	127.03436	37.48532
바나프레소언주역점	cafe	127.03427	37.50713
바나프레소역삼그랑블점	food	127.03911	37.49301
바나프레소역삼대로점	food	127.03776	37.49843
바나프레소역삼삼보점	cafe	127.03344	37.50040
바나프레소역삼시티점	food	127.03381	37.49819
바나프레소역삼초교	food	127.03366	37.49429
바나프레소을지병원	food	127.02605	37.51846
바나프레소점	cafe	127.03496	37.50112
바나프레소청담디아트점	cafe	127.04977	37.52514
바나프레소테헤란로점	food	127.03911	37.50114
바나프레소포스코	food	127.05606	37.50713
바나프레소학동역점	cafe	127.03135	37.51445
바나프레소한티역점	cafe	127.05208	37.49734
바날에스피엘	shop	127.03665	37.48592
바네	bar	127.02053	37.52177
바네사에프앤지	shop	127.03137	37.52634
바네사원룸텔	stay	127.05937	37.50523
바노바기성형외과의원	shop	127.03571	37.50272
바누아즈	shop	127.02068	37.51877
바늘과실타래	shop	127.05916	37.49316
바니	shop	127.02625	37.50735
바니스	food	127.03617	37.52063
바니스앤와인	food	127.04524	37.52451
바닐리엔엔브이	shop	127.04050	37.52214
바다가득칼국수	food	127.10136	37.46605
바다꽃드새우	food	127.03525	37.50890
바다등푸른생선구이	food	127.02992	37.51822
바다를훔친언니	food	127.02038	37.51757
바다밥상	food	127.04463	37.50476
바다생협대광어강남	shop	127.05087	37.49696
바다수퍼해물천하조개구이찜	food	127.03941	37.49490
바다왕국아구찜	food	127.02688	37.50602
바다푸드	food	127.02283	37.51024
바다풍경	food	127.06584	37.51087
바닭	food	127.03201	37.49240
바델마	bar	127.02575	37.52477
바디라이프쉐프	food	127.03734	37.50199
바디랩엘노블레스	activity	127.05186	37.51664
바디리빌드	activity	127.03129	37.52312
바디메이커	activity	127.06050	37.50045
바디셀프	activity	127.05291	37.51439
바디스	activity	127.03027	37.51333
바디스마일	activity	127.02161	37.51549
바디스삼성	shop	127.05321	37.51235
바디스짐언주역점	shop	127.03311	37.50824
바디스쿨	activity	127.04095	37.52208
바디이노베이션	activity	127.04907	37.51153
바디지민	activity	127.03162	37.51084
바디텍쳐스튜디오청담	activity	127.04306	37.52399
바디튜토리얼	activity	127.03031	37.49357
바디트레인	activity	127.03352	37.49883
바라기한약국	shop	127.05051	37.51973
바라는바	food	127.10356	37.47487
바라다	food	127.05164	37.50293
바라던바	bar	127.03216	37.49440
바라바	food	127.03259	37.49913
바라뷰티	shop	127.06535	37.51266
바라카	shop	127.03296	37.50557
바람과노래	bar	127.03946	37.50058
바랗	food	127.03520	37.52240
바레	stay	127.04037	37.50092
바레나의꿈	food	127.06387	37.49928
바로골프	activity	127.03803	37.49461
바로그린푸드	food	127.05642	37.50882
바로나	shop	127.04842	37.49923
바로네트웍스역삼지점	stay	127.04286	37.50342
바로밥	food	127.03225	37.50882
바로본안경	shop	127.04499	37.47817
바로약국	shop	127.05440	37.48328
바로에셋	shop	127.06885	37.48930
바로푸드	food	127.03719	37.50594
바론	food	127.05627	37.50978
바론컴퍼니	shop	127.06267	37.49978
바루샵	shop	127.03981	37.49546
바르다김선생	food	127.06118	37.48251
바르다김선생	food	127.02790	37.52418
바르다김선생강남	food	127.04718	37.51656
바르다김선생논현아크로힐스점	food	127.03842	37.50953
바르다김선생도곡역점	food	127.05565	37.49146
바르다김선생일원역	food	127.08446	37.48402
바르다김선생학동	food	127.03740	37.52353
바른과학기술사회실현을위한국민연합	shop	127.03074	37.50073
바른냉면	food	127.03352	37.50972
바른마켓네트웍스	shop	127.05534	37.51293
바른먹거리강남오피스	shop	127.03527	37.49600
바른모강남	shop	127.03074	37.52800
바른스포츠주	shop	127.05780	37.50299
바른식당	food	127.03182	37.49200
바른식당	food	127.06161	37.50752
바른식탁	food	127.05715	37.50841
바른약국	shop	127.02564	37.51903
바른에프앤비한티역점빽다방	cafe	127.05464	37.49744
바른연세방문건강재활운동센터	activity	127.04139	37.51780
바른원웨이	food	127.04035	37.52265
바른채움	shop	127.04962	37.47941
바른치킨	food	127.06212	37.48309
바른커피	cafe	127.03928	37.50230
바른플레이스	cafe	127.06126	37.50744
바를참스킨주	shop	127.03466	37.49803
바리바리	activity	127.03108	37.49449
바미바미	shop	127.02806	37.49862
바바	shop	127.03150	37.49035
바바라	shop	127.04005	37.52848
바바스안경	shop	127.05955	37.49883
바바에스안경원	shop	127.04237	37.51507
바밤바	bar	127.03381	37.49819
바버현대무역	shop	127.05976	37.50862
바베네	food	127.02120	37.51287
바벤술	bar	127.03655	37.51711
바블링	bar	127.05311	37.50395
바비도르	cafe	127.03811	37.50622
바비라인의원	shop	127.02338	37.51735
바비스튜디오	activity	127.04938	37.51894
바비영	shop	127.02425	37.52019
바비윤뷰티	shop	127.03566	37.50162
바비읍	food	127.03803	37.51846
바빌리안테이블	food	127.03688	37.52809
바쉘터	bar	127.03455	37.52728
바쉬현대무역점	shop	127.05976	37.50862
바스락	shop	127.03207	37.52367
바스버거	food	127.06655	37.50858
바스버거대치역점	food	127.06295	37.49388
바시몽트	shop	127.03646	37.52480
바엘	food	127.03755	37.52341
바엘	bar	127.03823	37.49133
바오공방	shop	127.05761	37.50048
바오로흑염소	food	127.04691	37.50522
바오바오	food	127.05598	37.51322
바오아토	food	127.06795	37.48445
바오후	food	127.03045	37.49466
바우골참숯화로구이	food	127.02971	37.49940
바우네나주곰탕	food	127.04856	37.47427
바우당구클럽	activity	127.03439	37.49257
바우바우	shop	127.03631	37.51163
바우한우	food	127.04782	37.50343
바운싱휘트니스	activity	127.03413	37.52858
바이가미	shop	127.04445	37.52565
바이가미청담	shop	127.04445	37.52565
바이나플라워	shop	127.05047	37.47638
바이너랩	shop	127.02611	37.50471
바이네르뱅뱅	shop	127.03382	37.49048
바이네츄럴	cafe	127.03185	37.49173
바이디자인	shop	127.02990	37.49945
바이래오	shop	127.03614	37.49539
바이러닉파트너스	cafe	127.04195	37.52688
바이레도현대	shop	127.02747	37.52737
바이미나	shop	127.05374	37.52620
바이미소	shop	127.05005	37.52651
바이바이바니	shop	127.04044	37.52644
바이버쇼룸	shop	127.03802	37.52637
바이복	activity	127.08231	37.49137
바이브	food	127.03909	37.52688
바이브	shop	127.06415	37.48006
바이브런트	food	127.03310	37.50676
바이스골프	shop	127.04005	37.52848
바이슬	shop	127.02830	37.49982
바이쓸	shop	127.04911	37.50343
바이오네이쳐	food	127.05916	37.51183
바이오메드랩테크놀로지	shop	127.03470	37.50205
바이오벤티스	shop	127.02624	37.50580
바이오스틸	shop	127.03469	37.49461
바이오앤메드	shop	127.04939	37.47346
바이오원	shop	127.04654	37.52685
바이오트웰브	shop	127.04127	37.50102
바이올렛	shop	127.06083	37.48320
바이올렛약국	shop	127.03048	37.49299
바이와이제이	shop	127.04526	37.50380
바이와이제이	shop	127.04322	37.50007
바이원의원	shop	127.02102	37.51628
바이위드그믐달스튜디오	cafe	127.02241	37.51817
바이유	shop	127.03053	37.49848
바이이삭	shop	127.09427	37.48400
바이인터내셔널	shop	127.02216	37.52170
바이조조	shop	127.02110	37.51839
바이준코스메틱	shop	127.02929	37.49766
바이진숙	shop	127.04687	37.52658
바이쮸즈	food	127.02460	37.51950
바이크	shop	127.02110	37.52007
바이크림	shop	127.01965	37.51731
바이크소유	shop	127.03622	37.49477
바이키강	shop	127.04878	37.47416
바이킹그룹	food	127.05916	37.51183
바이킹마트	shop	127.03358	37.49616
바이킹스워프	food	127.05916	37.51183
바이탈라이즈	shop	127.03613	37.51644
바이탈바이브	food	127.10672	37.46378
바이트	food	127.05202	37.51237
바이트바이트	bar	127.02799	37.50024
바이트앤레스트시나본	cafe	127.01648	37.52658
바이포엠에프앤티	food	127.04819	37.50377
바이포엠에프엔티	food	127.04819	37.50377
바이현	shop	127.05637	37.52017
바인	bar	127.04032	37.52195
바인더스	cafe	127.02589	37.52136
바인하우스	bar	127.05075	37.52556
바정류장	bar	127.02423	37.50724
바제라늄	bar	127.04070	37.52611
바젤	bar	127.05900	37.50582
바젤	shop	127.03588	37.51410
바지	bar	127.02053	37.51437
바지락칼국수	food	127.04564	37.47890
바코드플러스주	bar	127.03437	37.49800
바쿠스	bar	127.03433	37.50462
바쿠스	food	127.03789	37.52533
바탄	food	127.04070	37.52437
바탕성형외과의원	shop	127.02479	37.50491
바토스파르나스몰	food	127.06080	37.50919
바틀리어	bar	127.03255	37.52869
바틀집	food	127.05208	37.50195
바티센트	bar	127.04169	37.52671
바펄스	bar	127.03002	37.51955
바하방	food	127.03617	37.52316
박경미트리니티갤러리	shop	127.04240	37.52693
박경숙부띠끄	shop	127.02606	37.52458
박고볼래	food	127.04105	37.51597
박군치킨수서점	food	127.09975	37.49214
박군푸드	food	127.03568	37.50084
박내주	shop	127.04600	37.52703
박대박	food	127.03861	37.52675
박려숙화랑	shop	127.04723	37.52525
박미정의한복이야기	shop	127.03995	37.51907
박민주막	food	127.02398	37.50918
박박키친	food	127.04249	37.50528
박사왕족발	food	127.08480	37.48553
박서방순대국밥	food	127.05592	37.50870
박선장네	shop	127.08404	37.49214
박선희한복	shop	127.03930	37.52077
박성훈장	food	127.05200	37.48887
박성희가요리하는집	food	127.02186	37.51272
박세라믹스	shop	127.06795	37.48445
박셰프청담	food	127.04619	37.52703
박속낙지	food	127.03506	37.50095
박수정청담뷰티센터인스티튜트	shop	127.04928	37.51950
박신희하우스	bar	127.03345	37.50055
박앤코파트너스	bar	127.02863	37.49991
박은주아나운서스피치	shop	127.02482	37.51960
박정례칼밥	food	127.04528	37.47754
박진자건강토탈케어	shop	127.02698	37.51790
박창숙컬렉션	shop	127.04661	37.48696
박천익과학연구소	shop	127.05714	37.49845
박철컴퍼니	food	127.03056	37.49490
박콧털	food	127.02718	37.50868
박해동스시	food	127.05924	37.50544
박흥권탁구클럽	activity	127.04232	37.51589
반가안동국시	food	127.09918	37.48603
반가운웰리스	shop	127.03569	37.50267
반가의유	shop	127.05167	37.51755
반가흑돈	food	127.03227	37.50091
반고개식당	food	127.10732	37.46323
반다이남코코엑스직영점	shop	127.05916	37.51183
반달디저트카페	food	127.10318	37.48676
반도골프	shop	127.05276	37.52453
반도샌드	bar	127.04711	37.47812
반도향기나라	shop	127.02628	37.50702
반려담	shop	127.04240	37.50577
반려담카페	food	127.04240	37.50577
반려문화	cafe	127.03332	37.51602
반룡산	food	127.05582	37.50453
반블라썸	shop	127.03723	37.52839
반석고시원	stay	127.03056	37.49490
반소품	shop	127.04636	37.52321
반스	shop	127.02547	37.50342
반스압구정	shop	127.03811	37.52719
반야트리	shop	127.02929	37.49766
반올림피자강남	food	127.06094	37.48328
반올림피자샵강남자곡세곡점	food	127.10500	37.47470
반이박	food	127.02799	37.50024
반장즉석떡볶이	food	127.03045	37.49685
반쟈	bar	127.03801	37.52573
반젤로	food	127.04006	37.52474
반젤로에프앤비	food	127.03496	37.49975
반지대학강남캠퍼스	activity	127.02746	37.50040
반지하	food	127.05205	37.50359
반짝반짝	shop	127.11917	37.46930
반찬가게대치점	shop	127.06630	37.50418
반촌밥상	food	127.09935	37.48631
반촌밥상순대실록수서점	food	127.09935	37.48631
반촌밥상청국장과보리밥	food	127.09934	37.48613
반트피씨	activity	127.05954	37.49811
반티스잉크	shop	127.04078	37.49735
반포등심	food	127.03617	37.52063
반포식스	food	127.02722	37.50751
반포식스	food	127.04860	37.50585
반포식스	food	127.06367	37.50006
반포식스딜리버리	food	127.04860	37.50585
반포식스선정릉역점	food	127.04346	37.51078
반포식스세곡점	food	127.10078	37.46679
반포식스포스코	food	127.05642	37.50882
반피차이	food	127.02451	37.50938
반하나푸딩	cafe	127.04076	37.50093
반하는밥상	food	127.05916	37.51183
발레나플라워	shop	127.04467	37.49591
발레리나샵	shop	127.02817	37.52564
발레리라플레르	shop	127.04374	37.52168
발렉스골프	shop	127.04139	37.51780
발렉스트라	shop	127.04184	37.52791
발렌시아	shop	127.06367	37.50006
발렌시아대치지점	shop	127.06367	37.50006
발렌티	bar	127.03353	37.52042
발루	shop	127.05490	37.50252
발리	food	127.03268	37.50925
발리노래연습장	activity	127.05683	37.52241
발리스틱골프갤러리아명품관	shop	127.04005	37.52848
발망	shop	127.04184	37.52791
발몽뷰티살롱	shop	127.03799	37.52488
발아메밀블라썸	food	127.03744	37.52681
발코니키친	food	127.04663	37.48280
발키리	shop	127.03046	37.52785
발해족발	food	127.10319	37.48868
밝은눈안경원	shop	127.04783	37.47843
밝은달	food	127.03859	37.52773
밝은마음약국	shop	127.02776	37.52397
밝은미소약국	shop	127.08749	37.49188
밝은약국	shop	127.04315	37.49795
밝은온누리약국	shop	127.02745	37.52337
밤고개포차	bar	127.10276	37.48836
밤별	food	127.02667	37.50247
밤부랩	shop	127.03022	37.49368
밤비갤러리	shop	127.03685	37.50691
밤비노	bar	127.04232	37.52226
밤비니교육센터	shop	127.10122	37.48095
밤율	cafe	127.10603	37.47230
밤을걷는선비	bar	127.02443	37.50825
밤푸스치킨	bar	127.08431	37.49222
밥나무	food	127.10154	37.46105
밥마마	food	127.03751	37.49480
밥보야뚠뚠이김밥강남	food	127.04674	37.51761
밥사랑	food	127.04467	37.49945
밥사랑주사랑	food	127.06684	37.48869
밥사부도시락	food	127.03075	37.49694
밥석이조	food	127.04225	37.51571
밥스키친	food	127.05835	37.50874
밥이랑만두	food	127.05224	37.51127
밥이브러운	shop	127.07460	37.49233
밥집	food	127.04354	37.49899
밥짓는집	food	127.05800	37.49956
밥플	food	127.04076	37.50093
밥한민국논현	food	127.02719	37.51097
방	activity	127.05033	37.50226
방떼	shop	127.05950	37.50644
방떼지	shop	127.03382	37.50897
방배김밥	food	127.07417	37.49109
방배김밥한티역점	food	127.04973	37.49421
방아다리	food	127.04065	37.49560
방앗간	cafe	127.02517	37.50874
방일해장국	food	127.03558	37.51016
방추	bar	127.02665	37.52544
방탄	bar	127.03104	37.49185
방하	cafe	127.04487	37.48579
배가무닭볶음탕	bar	127.05222	37.50364
배가한식뷔페	food	127.05584	37.52337
배고픈형제들	cafe	127.10249	37.48837
배기영힐링테라피	shop	127.03332	37.50790
배꼽분식	food	127.11389	37.47423
배꼽집	food	127.05916	37.51183
배꼽집	food	127.02409	37.51014
배달삼겹맛있으면돼지	food	127.02291	37.51505
배달왔소	food	127.05950	37.50644
배달의명가	food	127.03475	37.49371
배떡	food	127.02706	37.52359
배띄어라조선장	food	127.05619	37.50460
배럴	shop	127.02979	37.51529
배럴	bar	127.05549	37.51075
배럴라이프	shop	127.02526	37.50526
배럴스타필드	shop	127.05712	37.51295
배럴즈	shop	127.02279	37.51547
배밀리골프스튜디오	activity	127.04573	37.49530
배산임수	bar	127.06185	37.51351
배스킨라빈스	food	127.04731	37.50540
배스킨라빈스	food	127.04642	37.47843
배스킨라빈스	food	127.04060	37.51669
배스킨라빈스	food	127.05100	37.50080
배스킨라빈스강남은곡	food	127.10133	37.46681
배스킨라빈스개포래미안점	food	127.06415	37.48006
배스킨라빈스삼성플래티넘	food	127.05202	37.51237
배스킨라빈스청담점	food	127.03664	37.52164
배스킨라빈스학동역점	food	127.02888	37.51388
배장윤수학	shop	127.06040	37.49911
배재통상	shop	127.05022	37.51186
배제현의웰빙낙지한마리수제비	food	127.02096	37.51759
배포차	bar	127.02006	37.51769
백가향	food	127.06294	37.50742
백곱식당	food	127.03788	37.51639
백남옥손만두	food	127.07417	37.49109
백남옥손만두	food	127.05208	37.49734
백남옥손만두매봉역점	food	127.04542	37.48596
백년가	food	127.05321	37.51235
백년교동짬뽕	food	127.06834	37.48882
백년교동짬뽕강남	food	127.03244	37.49097
백년그집	food	127.06812	37.49866
백년육일집	food	127.04352	37.50190
백마김씨네	food	127.04568	37.48716
백미당	food	127.02783	37.49878
백미당	food	127.03343	37.52064
백미당역삼	food	127.03878	37.50283
백미당학동역점	food	127.03003	37.51406
백미우	food	127.02988	37.51955
백반감자탕	food	127.05947	37.50685
백반로드삼성코엑스	food	127.05772	37.50996
백부항진공정혈본원	shop	127.04035	37.50408
백산안경점서울	shop	127.02180	37.52082
백삼십육길육미	food	127.03634	37.51738
백설공주	stay	127.02810	37.50260
백세유통	shop	127.03381	37.50647
백세장수촌	food	127.04407	37.49722
백소정	food	127.05971	37.50608
백소정	food	127.04470	37.48413
백소정	food	127.08218	37.48963
백소정	food	127.03063	37.52736
백소정강남	food	127.04051	37.51608
백소정대치	food	127.06299	37.49918
백소정세곡점	food	127.10124	37.46576
백소정점	food	127.03440	37.49850
백수산	food	127.03955	37.50306
백안스테이	stay	127.02093	37.51413
백암	food	127.04073	37.50526
백암	food	127.04051	37.51608
백암소머리곰탕	food	127.05888	37.49294
백암순대·감자탕	food	127.04227	37.50055
백암아트홀	heritage	127.06603	37.51038
백암왕순대	food	127.03856	37.49194
백암왕순대	food	127.03352	37.49883
백압관	food	127.05311	37.52420
백억커피	cafe	127.03834	37.51657
백억커피논현	cafe	127.02752	37.51046
백억커피압구정본사점	cafe	127.02792	37.52240
백억하누	food	127.04291	37.50397
백오	bar	127.02822	37.51807
백짐	activity	127.04708	37.51228
백채김치찌개	food	127.10503	37.47477
백채김치찌개수서역점	food	127.10184	37.48802
백초밥	food	127.03387	37.50102
백파아트	shop	127.06745	37.48856
백프로짐	activity	127.02206	37.52265
백합상사압구정코디센	shop	127.03699	37.52848
백향목스시	food	127.04107	37.50543
밴커피	cafe	127.03893	37.48594
밸런스	stay	127.04987	37.49602
밸런스드	activity	127.04027	37.51883
밸런스몬스터	shop	127.04838	37.50665
밸런스톡에프앤비	cafe	127.03366	37.49429
밸런스포인트	cafe	127.04715	37.50586
밸런스포케	food	127.03341	37.50074
밸런스핏	activity	127.03981	37.49546
밸류앤비욘드	shop	127.02225	37.51965
밸류온피트니스	activity	127.04490	37.49722
뱀파이어위켄드청담	food	127.04967	37.52105
뱀피르	bar	127.02923	37.51877
뱃고동	food	127.03803	37.52682
뱅가드와인머천트강	shop	127.04179	37.50932
뱅글루	food	127.02983	37.52322
뱅뱅	shop	127.03250	37.48953
뱅뱅당구클럽	activity	127.03187	37.49040
뱅뱅막국수	food	127.03285	37.48971
뱅인타코	food	127.04005	37.52848
버거루	food	127.04975	37.52516
버거리개포동점	food	127.06753	37.48914
버거리선정릉역점	food	127.03842	37.50953
버거킹	food	127.04931	37.50320
버거킹	food	127.05933	37.49870
버거킹수서점	food	127.10311	37.48732
버거킹신논현역점	food	127.02503	37.50497
버거킹차병원	food	127.03340	37.50745
버거킹청담점	food	127.03972	37.52430
버니버닛	shop	127.05075	37.50614
버닝스톤	food	127.05301	37.50063
버드나무의초록	shop	127.02520	37.50918
버드맨	bar	127.02246	37.52170
버드컴퍼니	activity	127.03547	37.52001
버디	bar	127.03998	37.50060
버디버디스크린골프	activity	127.03355	37.51600
버라이어티	shop	127.05429	37.50424
버밀리루즈	shop	127.03990	37.50606
버버리코리아	shop	127.04679	37.52449
버번스트리트	food	127.03805	37.52585
버브	stay	127.04659	37.51045
버블라운지	bar	127.04222	37.52191
버스라이브	bar	127.03322	37.50080
버스카드충전소	shop	127.06605	37.51015
버스카드충전소	shop	127.06710	37.50937
버커루	shop	127.05326	37.49698
버터	bar	127.03735	37.52437
버터	shop	127.02707	37.50891
버터	shop	127.05916	37.51183
버터그린	food	127.03987	37.48759
버터바	food	127.04417	37.50096
버터앤쉘터강남	food	127.02092	37.51919
버터풀앤크리멀러스	food	127.05643	37.51042
버터풀앤크리멀러스	food	127.03866	37.52697
버터풀카페	cafe	127.02743	37.51244
버터플레이어	food	127.02506	37.50693
버터핑거팬케익스	stay	127.04043	37.52430
버터헤드	food	127.03544	37.49434
버텍스	food	127.05744	37.50816
버텍스	food	127.02756	37.51131
버튼스	food	127.02374	37.51920
버틀러	bar	127.02482	37.51960
버틀러	food	127.05216	37.52518
버핏그라운드역삼별관	activity	127.03237	37.49993
버핏서울	activity	127.04040	37.51438
버핏서울	activity	127.03995	37.49522
벅스노래연습장	activity	127.05120	37.50377
벅스노래연습장	activity	127.03675	37.49560
번	bar	127.03369	37.52010
번들	food	127.02955	37.51545
번영마트	shop	127.03323	37.50171
번영사	shop	127.04916	37.50560
번쩍피자	food	127.04392	37.49943
번창상회	shop	127.02577	37.50866
벌교한상	food	127.09942	37.48591
벌룬플러스	shop	127.03535	37.48708
벌툰	cafe	127.02798	37.50073
범골	food	127.04305	37.50036
범민사	shop	127.08033	37.49119
범버쿠	shop	127.03834	37.49625
범수산	food	127.02976	37.49701
범표원두	cafe	127.03990	37.50505
법룡사	heritage	127.08839	37.48620
법인금산미학바이오헬스	shop	127.03514	37.52019
법인대경햄청담점	shop	127.04377	37.52266
법인미예탑	shop	127.03308	37.50980
법인와이	shop	127.10363	37.46295
법인인건	food	127.05579	37.52004
벙커	activity	127.03160	37.50065
벙커	shop	127.05514	37.49759
벙커샵	shop	127.02707	37.52401
벙커주류	shop	127.02762	37.50374
벙커컴퍼니	cafe	127.03124	37.52636
베가스	activity	127.04430	37.50487
베네글로우랩	shop	127.04723	37.50666
베네딕다	shop	127.06856	37.49569
베네베네	food	127.04380	37.52287
베네와인	shop	127.03916	37.48559
베네치아리테일	shop	127.05553	37.50728
베네통	shop	127.05326	37.49698
베네티	food	127.02606	37.50374
베니스	food	127.05670	37.51114
베닐리아보틀	bar	127.02583	37.52089
베라시티	shop	127.03772	37.52616
베라쥬얼리	shop	127.04100	37.52471
베라플라워	shop	127.01971	37.51715
베라플레르	shop	127.01971	37.51715
베러댄스윗	bar	127.02665	37.50573
베러댄커피	cafe	127.01971	37.51715
베러댄플라워즈	shop	127.08259	37.49171
베러디	cafe	127.02352	37.51668
베러무드	food	127.02731	37.52108
베럴즈	shop	127.02143	37.52059
베럴짐대치	shop	127.06299	37.49918
베레푸드서래향기세끼	food	127.04691	37.50522
베레푸드서래향수서점	food	127.10299	37.48844
베레푸드치찌중화식탁	food	127.04639	37.50446
베로나	food	127.03991	37.52400
베루체	shop	127.04643	37.52724
베루툼골프	shop	127.04792	37.52248
베르노	food	127.03755	37.52359
베르니	shop	127.02979	37.50582
베르니스갤러리아	shop	127.04005	37.52848
베르니스현대무역점	shop	127.05976	37.50862
베르메디	shop	127.04824	37.50544
베르베르	food	127.04176	37.51386
베르사크룸스테이대치	stay	127.05453	37.49793
베르플러스	shop	127.05316	37.50474
베를린	bar	127.04636	37.52447
베름이뮨헬스	shop	127.05949	37.50073
베리모나코	stay	127.04209	37.50164
베리모나코주	stay	127.04106	37.50058
베리뷰	shop	127.05126	37.50476
베리블라썸	shop	127.04136	37.52274
베리블라썸다이닝	food	127.04136	37.52274
베리블레스	food	127.04674	37.51761
베리시도산	shop	127.03695	37.52519
베리앤머치	shop	127.02255	37.51973
베리앤머치	shop	127.02325	37.52034
베리키친강남	food	127.03966	37.50699
베리타스럭스	shop	127.02629	37.52221
베리타스약국	shop	127.07559	37.49266
베버리힐스포츠주	food	127.02774	37.52448
베베	food	127.04052	37.52446
베베플라워	shop	127.03268	37.50925
베스킨라빈스대치２호점	food	127.05263	37.49786
베스킨라빈스은마	food	127.06161	37.49881
베스텔	stay	127.02519	37.51741
베스토아	shop	127.03725	37.49506
베스트	bar	127.03404	37.52662
베스트	food	127.04461	37.49660
베스트	shop	127.03597	37.50695
베스트라인	shop	127.04438	37.51346
베스트메트릭스	shop	127.03492	37.51493
베스트문구	shop	127.03423	37.50090
베스트문구강남대로점	shop	127.03045	37.49685
베스트문구주	shop	127.03569	37.49985
베스트바이	shop	127.04078	37.49735
베스트바이	shop	127.08315	37.49457
베스트비포베이스	food	127.04524	37.52451
베스트샐러드	food	127.04855	37.50294
베스트웰줄기세포	shop	127.03530	37.52878
베스트플러스	shop	127.03816	37.50262
베스트헬스누리	shop	127.07559	37.49266
베스티	shop	127.05244	37.50024
베스프레소	food	127.03720	37.52500
베어글스	food	127.03381	37.49819
베어약국	shop	127.06547	37.51442
베어쫀쿠	food	127.03289	37.50046
베어프루츠	food	127.04499	37.47817
베유	shop	127.03267	37.51758
베이비기네스	bar	127.06376	37.51436
베이비래빗	shop	127.03440	37.49850
베이스골프라운지	activity	127.03796	37.52240
베이스먼트원지점	food	127.04011	37.52686
베이스전실업	shop	127.03159	37.51529
베이스캠프	stay	127.06228	37.50626
베이스캠프리브	stay	127.03305	37.50129
베이스캠프센터필드점	stay	127.03991	37.50362
베이스캠프스토리지	stay	127.03305	37.50129
베이스캠프역삼	stay	127.03305	37.50129
베이스커피	shop	127.06856	37.49569
베이의원	shop	127.02748	37.52635
베이지앤블랑	shop	127.06719	37.49601
베이직	food	127.03236	37.51517
베이징덕	food	127.02885	37.52656
베이징코야주	food	127.03917	37.49988
베이커리담	food	127.04925	37.51549
베이커리드	food	127.05112	37.49707
베이커리커피쿤달	food	127.03892	37.52583
베이커리토드	food	127.04466	37.48316
베이커스트브라운	food	127.02722	37.50250
베이크앤블레스	food	127.05763	37.52245
베이크인청담	shop	127.05742	37.52126
베이트샬롬	stay	127.02932	37.51229
베이퓨	shop	127.04907	37.51153
베이프스트릿	shop	127.02634	37.50165
베이프스트릿	shop	127.02541	37.52485
베이프온	shop	127.04911	37.50343
베이프픽	shop	127.03428	37.48984
베이핑라운지	shop	127.05027	37.50249
베이핑라운지	shop	127.02277	37.50903
베이핑라운지압구정	shop	127.03742	37.52583
베일리	bar	127.05876	37.50647
베일리컴퍼니주	food	127.04309	37.52475
베지그린	food	127.04736	37.47698
베지야	food	127.03492	37.50880
베카코인노래연습장	activity	127.06090	37.49806
베카프리미엄델리샵	food	127.06026	37.50378
베켓	shop	127.04851	37.52821
베타홀덤	activity	127.02277	37.50903
베테랑할매	food	127.02622	37.51105
베트남노상식당	food	127.06142	37.49719
베티모노	shop	127.04394	37.51875
베프에스에스	shop	127.04346	37.51208
벤스쿠키	food	127.02225	37.51965
벤스쿠키파르나스몰지점	food	127.06080	37.50919
벤제프강	shop	127.03654	37.49080
벤투스	food	127.03828	37.52197
벤하트베이커리	cafe	127.03493	37.51680
벨라	shop	127.05298	37.52703
벨라렌느	shop	127.03935	37.52564
벨라루체	shop	127.08344	37.48290
벨라리움	stay	127.03203	37.52291
벨라모어	shop	127.02001	37.52258
벨라식스	bar	127.03244	37.49097
벨라웨어	shop	127.04441	37.48569
벨라쿠키	shop	127.03786	37.52649
벨라한갤러리	shop	127.04658	37.48416
벨랑트	shop	127.06296	37.51615
벨로니아즈	shop	127.05978	37.50324
벨로니아즈	shop	127.10247	37.47315
벨로아	shop	127.03159	37.51529
벨로아피오리	shop	127.04506	37.52359
벨루	bar	127.02846	37.49905
벨루티갤러리아점	shop	127.04005	37.52848
벨르바이수이	shop	127.03252	37.51857
벨벳트렁크현대	shop	127.02747	37.52737
벨뷰	cafe	127.03126	37.51910
벨브라운	food	127.03519	37.48731
벨앤누보	shop	127.02362	37.52005
벨지움	food	127.05765	37.50880
벨칸토컴퍼니	bar	127.02054	37.51437
벨팜므화장품	shop	127.05977	37.49350
벳남미식	food	127.05375	37.50669
벳남미식	food	127.03476	37.49932
벽돌해피푸드	food	127.03820	37.52546
벽제갈비	food	127.04652	37.52067
벽제구이로주	food	127.05888	37.49294
벽제알앤에프	food	127.04708	37.52601
벽제타워팰리스주	food	127.05301	37.48719
변방의사나이	food	127.05069	37.52575
변황희한복	shop	127.03172	37.51484
별	shop	127.02806	37.49862
별관	food	127.05132	37.51740
별난가게	shop	127.04135	37.50859
별난횟집역삼	food	127.04127	37.50068
별노래밤	bar	127.03345	37.50055
별노래연습장	activity	127.05649	37.52291
별달맛집	food	127.02949	37.52589
별들의기침	food	127.03539	37.51032
별마당도서관	heritage	127.05913	37.51181
별미식당	food	127.09100	37.49315
별미식당	food	127.03034	37.51596
별밤노래연습장	activity	127.05145	37.50333
별별	food	127.03959	37.50086
별별식당	food	127.02646	37.50373
별빛나포차	food	127.02440	37.50802
별빛약국	shop	127.03447	37.50717
별빛이화약국	shop	127.06295	37.49388
별성수산	shop	127.05040	37.47532
별양집	food	127.04368	37.50441
별을품은곱창	food	127.08449	37.49006
별을품은곱창	food	127.10078	37.46679
별을품은곱창수서점	food	127.10448	37.48856
별족발	food	127.04316	37.50470
별주부떡방	food	127.04824	37.47828
별콩다방대치역점	cafe	127.06035	37.49368
별하곱창논현	food	127.02408	37.50765
별하약국	shop	127.02645	37.50534
병어밥집	food	127.04506	37.52425
병천순대	food	127.04262	37.50513
병천순대	food	127.05488	37.50549
병철이네쪽갈비	food	127.03053	37.52134
병철이네치맛살	food	127.02729	37.52121
볕드는호두집	food	127.03907	37.50371
보	shop	127.04022	37.52722
보강	food	127.05665	37.51973
보고보고안경원	shop	127.04502	37.48658
보고펫	shop	127.04254	37.51454
보광당	shop	127.05194	37.49765
보그	bar	127.03037	37.49484
보글지글	shop	127.05259	37.49845
보나랩	shop	127.02929	37.49554
보나르떼디자인	shop	127.02482	37.52279
보나베띠	food	127.03721	37.50275
보나비	food	127.03925	37.49904
보나약국	shop	127.06842	37.48615
보나티	cafe	127.04435	37.49793
보나피자	food	127.04493	37.48221
보노	food	127.02878	37.49995
보노노래연습장	activity	127.05595	37.51120
보노보노	food	127.05798	37.50681
보니따파스타	food	127.02563	37.50711
보니또	shop	127.06276	37.49578
보니또커피논현	cafe	127.02428	37.51042
보니콘	shop	127.03135	37.51445
보다	food	127.03519	37.52151
보다안경원	shop	127.08311	37.49193
보다플라워	shop	127.02327	37.52189
보돌미역강남	food	127.05619	37.50460
보드게임카페다이스타운	activity	127.02659	37.50223
보드게임카페레드버튼강남	activity	127.02388	37.50811
보드게임카페레드버튼강남	activity	127.02608	37.50207
보드게임카페레드버튼압구정로데오	activity	127.03828	37.52571
보드게임카페레드버튼인시네마강남	activity	127.02698	37.50039
보드게임카페홈즈앤루팡	food	127.02707	37.50146
보드게임카페홈즈앤루팡압구정	cafe	127.03848	37.52802
보드람죽	food	127.04076	37.50093
보드람치킨	food	127.06374	37.49952
보드람치킨	food	127.03462	37.49887
보드카페	activity	127.03655	37.51711
보드카페	activity	127.05491	37.50691
보드카페	activity	127.03530	37.52878
보디가드개포	shop	127.07466	37.48933
보로이어	shop	127.05976	37.50862
보르도	shop	127.03664	37.52186
보리굴비	food	127.05888	37.49294
보리떡과물고기	food	127.03906	37.49401
보리수	food	127.05974	37.50558
보리스컴퍼니	shop	127.04544	37.51132
보리씨	shop	127.03719	37.52514
보리원	food	127.04973	37.49421
보리원	cafe	127.06775	37.48865
보리원	food	127.06591	37.49962
보리원	food	127.02919	37.53254
보리첼리	shop	127.04894	37.47509
보메청담	food	127.04267	37.52425
보메플레르	shop	127.04993	37.47409
보문재	shop	127.03237	37.49993
보물섬	food	127.02658	37.50763
보바베어	bar	127.02278	37.52307
보배반점	food	127.05676	37.49723
보배반점	food	127.06258	37.48304
보배반점강남	food	127.02876	37.49970
보보레지던스	stay	127.02291	37.51505
보보레지던스	stay	127.06033	37.48388
보보레지던스	stay	127.05211	37.50257
보보명품청담	shop	127.04844	37.51988
보보상회	shop	127.05569	37.51203
보보식당	food	127.03631	37.52790
보보주	shop	127.06856	37.49569
보보틱가든	food	127.04922	37.52559
보브롯데강남	shop	127.05326	37.49698
보석사랑	shop	127.02377	37.52425
보성녹돈	food	127.08487	37.49017
보세의류	shop	127.06684	37.48869
보스	shop	127.02378	37.51905
보스노래연습장	activity	127.03912	37.49544
보스버거	food	127.05599	37.49827
보스켓	shop	127.03108	37.50517
보스턴체임버	food	127.02248	37.52235
보슬보슬압구정	food	127.03103	37.52808
보승회관	food	127.04028	37.51798
보승회관	food	127.02762	37.49943
보승회관선정릉역점	food	127.04680	37.51143
보승회관압구정	food	127.03825	37.52706
보쌈애칼국수강남자곡	food	127.10271	37.47318
보아랑	shop	127.02832	37.53360
보야저	bar	127.03594	37.52309
보양건강원	shop	127.05504	37.50108
보에브라이덜	shop	127.04199	37.51907
보엠옴므	shop	127.03744	37.52681
보영만두	food	127.05376	37.50463
보영만두패밀리	food	127.02908	37.50017
보영상회	shop	127.10600	37.47193
보울레시피강남	food	127.04603	37.50471
보울룸	food	127.03463	37.52656
보울리쉬	food	127.04658	37.50324
보울박스점	food	127.03242	37.49777
보울앤보틀	food	127.02647	37.52194
보원	cafe	127.02060	37.51956
보원	shop	127.07559	37.49266
보위플라워즈	shop	127.03892	37.52637
보이다원	shop	127.05531	37.52221
보이드	bar	127.04401	37.52267
보이드키즈	shop	127.03833	37.52120
보이스오브유	shop	127.04011	37.52686
보이스코드코인노래연습장	activity	127.02884	37.52638
보자르갤러리	shop	127.04936	37.52706
보전식당	food	127.03445	37.51929
보타니크플라워	shop	127.02710	37.51733
보타닉에프앤비	food	127.04114	37.52472
보타르가	food	127.03501	37.52679
보타르가비노	food	127.04432	37.52236
보타이	shop	127.03180	37.50564
보태니카	shop	127.04638	37.50250
보테	shop	127.07062	37.49992
보테가	shop	127.04076	37.51645
보통의의원건강기능식품	shop	127.02700	37.53180
보통친구들	food	127.03835	37.52537
보투아	shop	127.06162	37.50738
보틀그린	food	127.02534	37.51748
보틀라운지	food	127.04159	37.51559
보틀즈	food	127.02409	37.50830
보틀케이크	food	127.05625	37.51025
보틀타입	shop	127.03758	37.52420
보티첼리	shop	127.05976	37.50862
보플뢰르	cafe	127.02972	37.51482
보하라에프앤엘	food	127.04106	37.49278
보헤미안	cafe	127.03310	37.50676
복권명당청담차움	activity	127.04410	37.52290
복권판매점	activity	127.08734	37.49088
복기	shop	127.03592	37.50130
복대감엔볏짚구이마을	food	127.08507	37.49022
복돈이순대국육회해물포차	food	127.04052	37.50370
복드림복국콩나물국밥	food	127.05645	37.50983
복록	food	127.03455	37.49899
복만당매봉역점	food	127.04586	37.48542
복숭아꽃살구꽃	food	127.03727	37.49459
복싱스페이스	activity	127.02130	37.52329
복싱인사이드샵	shop	127.03642	37.49520
복어마을	food	127.03826	37.48625
복어이야기	food	127.04916	37.50560
복이오복국	food	127.05282	37.52390
복정상회	shop	127.05272	37.50659
복호두	food	127.05279	37.49726
복호두강남	food	127.03621	37.51054
복훈	food	127.04386	37.50472
복희	food	127.05109	37.52592
볶은볶음밥	food	127.02989	37.50692
볶음밥도사	food	127.03745	37.50282
볶음우동의여왕강남	food	127.03745	37.50282
본	bar	127.02656	37.51294
본가마순대국	food	127.02133	37.51334
본가설렁탕	food	127.03617	37.52063
본가식당	food	127.04931	37.50641
본가신의주찹쌀순대	food	127.06067	37.51490
본가신의주찹쌀순대	food	127.06492	37.51480
본네이처	food	127.03780	37.50685
본도시락	food	127.05427	37.50801
본도시락	food	127.06324	37.50002
본도시락	food	127.08411	37.48997
본도시락	food	127.04201	37.51450
본도시락	food	127.05049	37.50261
본도시락봉은사역점	food	127.06376	37.51436
본도시락신사역점	food	127.02060	37.51956
본도시락점	food	127.03381	37.49819
본도시락차병원	food	127.03640	37.50735
본도시락청담점	food	127.05764	37.52092
본딩컴퍼니	shop	127.02640	37.52162
본본	bar	127.05229	37.49907
본부케	cafe	127.02652	37.50305
본설렁탕수서점	food	127.10184	37.48802
본스치킨	food	127.04008	37.51625
본스토리	activity	127.03687	37.52804
본에스티스글로벌	shop	127.02438	37.51852
본연	food	127.02922	37.51828
본우리집밥강남	food	127.04707	37.51797
본우리집밥강남구보건소점	food	127.04232	37.51632
본우리집밥소망교회점	food	127.03172	37.52565
본우리집밥팁스점	food	127.03754	37.49554
본우리집밥헥토점	food	127.04061	37.50048
본음트레이딩	shop	127.05277	37.50380
본이데블룸	shop	127.03668	37.51377
본인브라질	food	127.02634	37.50301
본정돈까스	food	127.05872	37.49958
본죽	food	127.10471	37.47537
본죽	food	127.05860	37.51024
본죽삼성차관점	food	127.05202	37.51237
본죽압구정	food	127.03766	37.52827
본죽앤비빔밥	food	127.03898	37.51743
본죽앤비빔밥세곡점	food	127.10078	37.46679
본죽앤비빔밥카페	food	127.02352	37.51054
본죽앤비빔밥카페	food	127.02896	37.49973
본죽앤비빔밥카페	food	127.05007	37.50291
본죽엔비빔밥양재은광여고점	food	127.03706	37.48563
본죽엔비빔밥카페역삼특허청점	food	127.03294	37.49866
본차푸드	food	127.06232	37.49364
본초강목	food	127.04612	37.51874
본태	food	127.03576	37.52323
본토푸줏간	shop	127.03859	37.52773
본투비을지로골뱅이	food	127.05561	37.51103
본푸드서비스본우리집밥이마트수서점	food	127.10311	37.48732
본흑염소능이삼계탕	food	127.05525	37.50389
볼라	shop	127.04397	37.52256
볼륨	shop	127.02676	37.51013
볼빨간딱새우프리미엄	food	127.04690	37.50576
볼빨간해물찜	food	127.06825	37.48898
볼이너스	shop	127.04738	37.47783
볼트	food	127.04497	37.52500
볼트스테이크하우스	food	127.04499	37.52506
볼트커피바	cafe	127.03225	37.50882
볼티스	shop	127.04950	37.50653
볼피노	food	127.03643	37.52354
봄	bar	127.03537	37.52839
봄	bar	127.04165	37.51544
봄날	food	127.03732	37.50300
봄날스테이	stay	127.02658	37.50763
봄날햇살	shop	127.04950	37.50653
봄담아	food	127.04643	37.50484
봄뜨레	shop	127.03986	37.51142
봄봄북스	shop	127.02954	37.49898
봄봄약국	shop	127.02669	37.50897
봄빛약국	shop	127.03529	37.50492
봄약국	shop	127.02841	37.53229
봄에한우	food	127.05200	37.48887
봄의정원가로수길점	food	127.02120	37.51817
봄이든부대찌개	food	127.04141	37.49362
봄카츠	food	127.05163	37.49958
봄카츠강남	food	127.02948	37.49773
봄테라피	shop	127.03211	37.49048
봄트레이딩	shop	127.04056	37.52576
봉	shop	127.02691	37.51021
봉계타현대백화점무역	food	127.05976	37.50862
봉구비어	bar	127.10415	37.47456
봉구비어삼	bar	127.06560	37.51023
봉구비어양재역점	bar	127.03436	37.48532
봉구스밥버거	food	127.05925	37.49781
봉구스밥버거	food	127.10615	37.47937
봉구스밥버거	food	127.05027	37.50249
봉구스밥버거	food	127.05693	37.50240
봉구스역삼삼일점	food	127.03231	37.49108
봉금	food	127.02164	37.51931
봉남부추꼬꼬	food	127.02352	37.51054
봉남이네	food	127.06171	37.50728
봉된장	food	127.03034	37.49581
봉림장	food	127.10729	37.46399
봉밀가	food	127.04229	37.51588
봉산집	food	127.05433	37.51194
봉산평양냉면	food	127.02166	37.51281
봉식이옛날왕만두	food	127.03047	37.52743
봉에프엔비	shop	127.10487	37.46872
봉우리	food	127.03815	37.50305
봉우이층집강남	food	127.02740	37.50180
봉우화로	food	127.02740	37.50180
봉은사청년약국	shop	127.06071	37.51459
봉은집강남밥상	food	127.04623	37.51053
봉주상회	shop	127.02725	37.52059
봉천생면파스타	food	127.04076	37.50093
봉초밥	food	127.06383	37.49937
봉추찜닭	food	127.03566	37.50162
봉추찜닭	food	127.04061	37.51744
봉추찜닭	food	127.04603	37.50472
봉추찜닭압구정	food	127.03823	37.52655
봉추찜닭주공공이	food	127.02608	37.50207
봉통	shop	127.05976	37.50862
봉평메밀막국수	food	127.06765	37.48885
봉평메밀촌	food	127.06591	37.49962
봉평착한메밀	food	127.03405	37.49075
봉피양딜리버리	food	127.03139	37.49955
봉화면옥	food	127.04810	37.47471
봉화장	food	127.05440	37.48328
봉화전	food	127.05988	37.50611
부	bar	127.03534	37.52064
부거부거	food	127.03568	37.50084
부광유리	shop	127.05341	37.51533
부니카페	cafe	127.04078	37.49735
부대식당	food	127.04909	37.51923
부대찌개대사관선릉	food	127.05170	37.50347
부대찌개매니아돈돌	food	127.04135	37.51553
부드럽소	food	127.03350	37.51448
부드아르	food	127.05080	37.52655
부뚜막	food	127.04526	37.50380
부뚜막	food	127.06083	37.48320
부띠끄류	shop	127.03658	37.51765
부띠끄셀라	shop	127.03717	37.52220
부띠끄썸	shop	127.02232	37.51540
부라더미싱	shop	127.06591	37.49962
부라더축산	shop	127.02399	37.52467
부래당	food	127.02295	37.51077
부르	bar	127.06182	37.48266
부르노뮤직	bar	127.02795	37.52333
부르종	shop	127.05424	37.52383
부리또리	food	127.05619	37.50460
부부불이닭한마리	food	127.03617	37.52063
부부샐러드·샌드위치	food	127.03995	37.49583
부부생선	shop	127.05194	37.49765
부부와인	shop	127.03927	37.52683
부산삼정	food	127.03112	37.49979
부산아지매국밥	food	127.06632	37.50850
부산아지매국밥	food	127.04087	37.49320
부산아지매국밥신논현역점	food	127.02680	37.50573
부산양곱창	food	127.04263	37.50475
부산양대창	food	127.04551	37.47762
부산어묵직판장	food	127.06812	37.48875
부산집	food	127.02070	37.51577
부아아이디	shop	127.08507	37.49270
부어치킨	food	127.06547	37.51442
부어치킨	food	127.06775	37.48865
부어치킨역삼스타	food	127.03542	37.49834
부엉이	food	127.04329	37.52403
부엉이돈가스	food	127.06324	37.50002
부엉이복권맛집	activity	127.03593	37.49325
부엉이산장	bar	127.02826	37.50055
부엉이산장청류압구정	bar	127.03792	37.52663
부엉이살롱디에스유통	shop	127.02806	37.49862
부엉이식당	food	127.05846	37.50571
부엉이식당	food	127.02530	37.51175
부엌데기	food	127.03154	37.52284
부엌부엌강남	food	127.02731	37.50915
부웍돈웍	food	127.04378	37.50491
부원냉삼집대치동점	food	127.05916	37.49316
부자마을	food	127.01941	37.52073
부자부동산공인중개사사무소	cafe	127.06484	37.50194
부자유통	shop	127.08533	37.49308
부잣집	food	127.03233	37.50833
부전한돈	food	127.08500	37.49144
부찜	food	127.06646	37.50825
부케드뺑	cafe	127.03735	37.52403
부타노맥스	food	127.04076	37.51645
부타식당	food	127.05064	37.47480
부타이	food	127.06004	37.50617
부티끄살롱	shop	127.05141	37.51185
부티에	shop	127.05056	37.51478
부흥누룽지오리백숙	food	127.04830	37.47973
부흥왕족발	food	127.04877	37.52309
북경	food	127.04832	37.47568
북경반점	food	127.02070	37.51714
북쌔즈	cafe	127.04487	37.50375
북앤레스트	cafe	127.05659	37.51094
북창동순두부	food	127.05860	37.51024
북청김치찌개	food	127.08551	37.49538
북촌김밥	food	127.02697	37.53195
북촌까스	food	127.03623	37.50940
북촌손만두	food	127.04417	37.50096
북촌손만두수서점	food	127.10184	37.48802
북촌손만두청담점	food	127.04080	37.52200
북카페사가	cafe	127.06205	37.49958
북해도	food	127.04806	37.47634
분식쌀롱	food	127.03352	37.50972
분식을품다	food	127.05180	37.50108
분식을품다	food	127.03348	37.49435
분식을품다강남	food	127.03782	37.51998
분식이	food	127.01977	37.51804
분식카페얌얌	food	127.08325	37.48107
분식하우스	food	127.02096	37.52261
분이네샤브샤브	bar	127.02683	37.52444
분타	food	127.08293	37.48959
불고기브라더스도시락점방스타필드	food	127.05916	37.51183
불교조계종	shop	127.02001	37.52258
불교총지종	heritage	127.04030	37.49493
불꽃	bar	127.03516	37.52116
불꽃	activity	127.04772	37.47867
불닭발동대문엽기떡볶이	food	127.03692	37.48568
불닭발땡초엽기떡볶이대치점	food	127.05166	37.50061
불닭발엽기떡볶이개포동역점	food	127.06753	37.48914
불도그	food	127.05338	37.49924
불도저	cafe	127.04412	37.51252
불독	bar	127.02596	37.50364
불랙당구장	activity	127.03930	37.49247
불로만치킨	food	127.10729	37.46399
불루블럭블루블럭빙	shop	127.09760	37.46681
불스원	shop	127.04411	37.50260
불이아	food	127.03653	37.50253
불이아	food	127.03344	37.51708
불이아	food	127.05726	37.51119
불티나	shop	127.02370	37.50929
불티나식당	food	127.08660	37.48549
불향쭈꾸미	food	127.03437	37.49452
붐비어	bar	127.03340	37.50136
붐안경원	shop	127.10184	37.48802
붓처스컷도산	food	127.03255	37.52496
붓처스피어	food	127.05835	37.50874
붕가	bar	127.02515	37.50823
붕가텔레콤	shop	127.02618	37.50965
붕쌤	cafe	127.05299	37.50618
붕크	cafe	127.09777	37.48524
뷰	shop	127.02806	37.49862
뷰니언스	shop	127.02951	37.52132
뷰니크스	shop	127.02019	37.51800
뷰렌코리아	shop	127.03062	37.50605
뷰로	shop	127.02569	37.51712
뷰스	food	127.03361	37.49590
뷰안경원	shop	127.06299	37.49918
뷰커넥트	shop	127.03997	37.51999
뷰티그로서리	food	127.03678	37.52367
뷰티긱스	shop	127.05093	37.50577
뷰티나나	shop	127.04475	37.50286
뷰티로아	shop	127.03520	37.50798
뷰티밸런스	shop	127.05274	37.49583
뷰티브릿지	shop	127.03259	37.49913
뷰티쉐어	shop	127.04723	37.50442
뷰티앤바이트글로벌	food	127.02831	37.49816
뷰티앤영	shop	127.01950	37.51770
뷰티앤영의원	shop	127.01980	37.51686
뷰티정글하우스	shop	127.02892	37.51480
뷰티초이스	shop	127.04100	37.49141
뷰티컴바인	shop	127.05063	37.51624
뷰티코드	shop	127.05734	37.50663
뷰티톡스	cafe	127.04430	37.50093
뷰티폴폴댄스피트니스	activity	127.03944	37.51728
뷰티풀데이플라워	shop	127.04063	37.49473
뷰티플러스	shop	127.02786	37.51076
뷰티플아워	shop	127.09231	37.48529
뷰티히어로	shop	127.05802	37.51937
브라가	shop	127.04256	37.52395
브라더스스토어동경만향롯데강남점	food	127.05326	37.49698
브라더스스토어패티바이번롯데강남점	food	127.05326	37.49698
브라더야끼	food	127.02131	37.51795
브라더한정식도시락강남	food	127.08770	37.49099
브라보	bar	127.04639	37.50446
브라보헬스	shop	127.04035	37.50740
브라운	food	127.04904	37.51987
브라운갤러리	shop	127.03154	37.52330
브라운도트역삼	stay	127.04030	37.50285
브라운돈까스	food	127.04853	37.50597
브라운돈까스	food	127.04225	37.51571
브라운돈까스강남	food	127.05613	37.50582
브라운돈까스뱅뱅	food	127.03385	37.48890
브라운돈까스삼성	food	127.05202	37.51237
브라운돈까스세곡점	food	127.10073	37.46636
브라운백	food	127.08480	37.48553
브라운에프엔비코원에너지서비스점	food	127.07445	37.49937
브라운치킨	food	127.05988	37.50611
브라운핸즈도곡	cafe	127.04607	37.48394
브라운핸즈카페	cafe	127.04607	37.48394
브라운햇	shop	127.04931	37.52296
브라운홀릭	cafe	127.02867	37.50109
브라이드앤유	shop	127.04092	37.52570
브라이언스커피	cafe	127.04578	37.48386
브라이언스커피도곡	shop	127.05321	37.48875
브라이언스커피포스코사거리	shop	127.05734	37.50663
브라이트사이드	shop	127.02606	37.52276
브라잇스타	shop	127.02627	37.52181
브랑제리루엘	food	127.02929	37.49766
브랜드	shop	127.04658	37.50324
브랜드나라	shop	127.03721	37.52798
브랜드나라	shop	127.03476	37.52885
브랜드네트워크레스토랑지	food	127.06455	37.50883
브랜드네트워크세가프레도	cafe	127.06455	37.50883
브랜드마켓	shop	127.02736	37.49936
브랜드바인더스	shop	127.02874	37.49763
브랜드원	food	127.03987	37.49378
브런치빈강남	food	127.04548	37.47901
브런치앤모어	food	127.03552	37.50616
브런트	shop	127.04726	37.47654
브레댄코학동역점	food	127.03199	37.51405
브레덴버거	food	127.05368	37.49929
브레드앤워크	food	127.04590	37.48238
브레빌	shop	127.06058	37.50759
브레인힐링센터	shop	127.04824	37.50544
브로드아이디어스	shop	127.05553	37.50728
브로벨커피로스터리	cafe	127.03450	37.50178
브로스	cafe	127.03859	37.52773
브로우결	shop	127.04071	37.50030
브로우기프트	shop	127.02773	37.52191
브로우스케치	shop	127.03634	37.49456
브로우온유	shop	127.05098	37.50399
브로이어현대	shop	127.02747	37.52737
브로젝스	activity	127.02514	37.50416
브로젝스청담점	activity	127.04006	37.52474
브로트아트청담엠씨엠점	food	127.04188	37.52712
브론즈가든태닝	shop	127.04394	37.50490
브롱스	bar	127.05191	37.50302
브롱스	bar	127.02429	37.50650
브롱스강남	bar	127.02825	37.49955
브롱스강남	bar	127.03035	37.49614
브루	food	127.05299	37.50618
브루넬로쿠치넬리남성	shop	127.02747	37.52737
브루넬로쿠치넬리현대	shop	127.02747	37.52737
브루노뮤직	shop	127.03476	37.52885
브루다커피수서역점	cafe	127.10184	37.48802
브루버거아크로텔	food	127.04838	37.50665
브루앤웨이브랩	cafe	127.04043	37.50623
브루어리엠스테이블	cafe	127.05162	37.52382
브루주아	cafe	127.03373	37.51554
브루커피삼성공항	cafe	127.05720	37.51129
브루클린더버거조인트	food	127.03177	37.49800
브루클린크래프트	food	127.02362	37.51117
브루터스앤케이터링	food	127.02764	37.52143
브룻츠	shop	127.03904	37.51026
브리비엥	shop	127.04572	37.52519
브리비트레스토랑점심저녁	food	127.02774	37.50309
브리앙	shop	127.03757	37.49619
브리얀떼플레르	shop	127.03170	37.52007
브리오슈도레	food	127.04060	37.51669
브리오슈도레	food	127.02937	37.52394
브리오슈도레논현역점	food	127.02124	37.51217
브리오슈도레언주역점	food	127.03408	37.50614
브리온	bar	127.02060	37.52288
브리커피	cafe	127.05649	37.52291
브리트	stay	127.02524	37.50796
브리팜베이커리	food	127.05007	37.47439
브리팜브래드	shop	127.05007	37.47439
브릭맨션	stay	127.03309	37.50363
브릭스	cafe	127.03906	37.49401
브릭오븐주	food	127.02774	37.50309
브릭힐	shop	127.04309	37.50447
브릴리언트다이아몬드	shop	127.04325	37.52280
브릴리언트커피	cafe	127.02537	37.52212
브릴리원	shop	127.10367	37.47411
브릿지	food	127.04574	37.52363
브릿지골프	activity	127.06106	37.50782
브릿지노바	activity	127.02799	37.51255
브릿지안경	shop	127.02323	37.52427
브릿지앤코	shop	127.03148	37.49098
브링턴	shop	127.03660	37.51413
브브신	shop	127.02671	37.52232
브이	shop	127.02806	37.49862
브이씨에스	cafe	127.02053	37.52122
브이아이피당구클럽	activity	127.06118	37.48251
브이아이피모피	shop	127.02351	37.52435
브이앤비컴퍼니	shop	127.02425	37.52034
브이앤씨라이프서울주	shop	127.05754	37.51201
브이앤에프앤씨	food	127.03151	37.49711
브이에스엔씨	shop	127.04494	37.51161
브이에스이더골프	activity	127.07460	37.49233
브이에스티	activity	127.03521	37.49476
브이에프	shop	127.04576	37.50397
브이엠에스글로벌	shop	127.02296	37.51006
브이오	food	127.04235	37.52241
브이유통	shop	127.05152	37.49777
브타이거	food	127.04051	37.52729
블라노스	shop	127.02870	37.51763
블라섬가든	shop	127.02201	37.51292
블라인드풍경	shop	127.03508	37.50164
블란다	shop	127.10497	37.46947
블랑	shop	127.04895	37.47911
블랑누아	stay	127.03483	37.48979
블랑데블랑	shop	127.04663	37.48280
블랑쉬	cafe	127.10656	37.46397
블랑앤에클레어	food	127.04169	37.52671
블랑앤에클레어	shop	127.05362	37.52661
블랑제리단켄	food	127.06532	37.51634
블랑제리르메이에르	food	127.06842	37.48615
블랑제리쉐종	food	127.09650	37.47215
블랑커피	cafe	127.05006	37.47583
블랑호텔	stay	127.04332	37.50451
블랙국밥	food	127.02006	37.51769
블랙국밥가로수점	food	127.02006	37.51769
블랙덤보	shop	127.04285	37.50641
블랙로즈	shop	127.02127	37.51741
블랙루머다이오트	food	127.03721	37.52798
블랙루즈	shop	127.03738	37.52392
블랙비즈	shop	127.02990	37.49945
블랙야크롯데	shop	127.05326	37.49698
블랙야크롯데강남	shop	127.05326	37.49698
블랙카페	bar	127.02101	37.51488
블랙토마토스크린	activity	127.03636	37.50127
블랙포레스타	food	127.05824	37.50605
블랙포션	cafe	127.02744	37.52338
블랜디크	cafe	127.02238	37.51840
블랭크바이	shop	127.05229	37.49907
블러쉬퍼퓸뷰티끄	shop	127.02019	37.51800
블러썸앤어나더	shop	127.06050	37.50045
블러프	bar	127.03881	37.52162
블럭캠프	shop	127.04294	37.50506
블레스	shop	127.02717	37.50851
블레스드플라워마켓	shop	127.03147	37.51421
블레스드플라워마켓강남	shop	127.02831	37.49816
블레스블룸	cafe	127.04674	37.51761
블레스유	shop	127.04529	37.52607
블레스조이	shop	127.03877	37.52470
블레이즈드	shop	127.04309	37.52475
블레이즈올	food	127.05773	37.50766
블렌드위치	cafe	127.02674	37.52403
블렌디스튜디오	cafe	127.03502	37.48746
블렌딩	bar	127.02928	37.49888
블렌치	shop	127.04708	37.50608
블루	shop	127.03951	37.52753
블루담화	shop	127.05152	37.52611
블루닷코퍼레이션	shop	127.02970	37.49649
블루덤벨	activity	127.04437	37.52192
블루데이	bar	127.02973	37.49465
블루도프	shop	127.08455	37.49174
블루독현대무역점	shop	127.05976	37.50862
블루라팽	food	127.05696	37.51064
블루래빗	shop	127.04778	37.52088
블루마린현대	shop	127.02747	37.52737
블루마트	shop	127.06185	37.50394
블루먼블라트	shop	127.01989	37.52126
블루메	shop	127.02908	37.52042
블루모바일	shop	127.04778	37.47902
블루문	bar	127.05491	37.50691
블루미시티	shop	127.02575	37.52218
블루밍	food	127.03301	37.50143
블루밍독	shop	127.02520	37.50918
블루밍루시플라워키친	shop	127.03162	37.51084
블루밍스완	shop	127.03449	37.51225
블루밍약국	shop	127.02411	37.50621
블루밍키즈사회적협동조합	shop	127.05167	37.51755
블루버드	food	127.04846	37.47742
블루버드플라워	shop	127.10946	37.46674
블루베리	bar	127.03495	37.51435
블루브랜드	shop	127.05316	37.50474
블루샥	cafe	127.03938	37.50217
블루쉘	bar	127.04436	37.50972
블루스카이논현	stay	127.02981	37.50830
블루스하우스	bar	127.02101	37.51488
블루아짐	activity	127.03458	37.48571
블루칩	food	127.05216	37.52518
블루컨투어	shop	127.03120	37.52346
블루타이거	activity	127.06744	37.50232
블루테일	shop	127.05976	37.50862
블루트윈스	shop	127.03495	37.51435
블루파이	shop	127.03847	37.51027
블루포트강남	food	127.04631	37.49280
블루플레임	bar	127.03053	37.49656
블루하우스	stay	127.04150	37.49460
블루해머	shop	127.03149	37.52229
블루홈	shop	127.04176	37.49686
블룸	shop	127.02605	37.51846
블룸	food	127.05690	37.51079
블룸위드러브플라워	shop	127.03053	37.52296
블룸팝	shop	127.06455	37.50994
블룸퍼니쳐	shop	127.05587	37.50310
블리스	bar	127.02730	37.52092
블리스독	shop	127.03723	37.52839
블리스플라워	shop	127.03981	37.51043
블리엔주	activity	127.05531	37.52221
블링	shop	127.04723	37.50442
블링바이코	shop	127.02566	37.51821
블링박스	shop	127.02806	37.49862
블링박스	shop	127.05916	37.51183
블링뷰티	shop	127.03294	37.49866
블링블링	shop	127.02806	37.49862
블링블링노래연습장	activity	127.05572	37.51021
블링에스	shop	127.02721	37.50780
블링유	shop	127.04407	37.50215
블링크	shop	127.02668	37.50966
블링크컴퍼니	shop	127.04799	37.47482
블맥홀	bar	127.10311	37.48732
비	food	127.04278	37.52274
비건·할랄뷰티페어	event	127.05920	37.51187
비공이	cafe	127.03568	37.50619
비긴	bar	127.03919	37.50687
비긴요크	cafe	127.02805	37.51385
비나이더피트니스청담점	activity	127.04518	37.51817
비나인주짓수	shop	127.03715	37.52568
비너스갤러리	shop	127.02752	37.51394
비네트	food	127.03574	37.49165
비넥스트	shop	127.02828	37.50923
비노	shop	127.05614	37.49071
비노리꼬	shop	127.03496	37.51362
비노마노	food	127.03954	37.51288
비노브라더스	shop	127.03159	37.51882
비노비스	bar	127.02452	37.50683
비노아미쿠스	shop	127.04636	37.48275
비노운안경	shop	127.03404	37.50765
비노플렉스	shop	127.10073	37.46636
비놀릭	cafe	127.03548	37.49119
비놀릭더다이닝	food	127.03524	37.49134
비누크	food	127.02367	37.51949
비눔와인스토어	shop	127.03237	37.49993
비니산토	shop	127.02537	37.51823
비단삭스	shop	127.03613	37.51644
비단삭스수원지사	shop	127.03613	37.51644
비더블유비	shop	127.04723	37.50442
비더블유유한책임회사	shop	127.03491	37.52718
비더스테이	stay	127.03634	37.50376
비더스테이	stay	127.03314	37.48950
비더스테이강남	stay	127.03396	37.49627
비더스테이삼성	stay	127.06067	37.51490
비랩	bar	127.02754	37.50058
비마이게스트	cafe	127.06618	37.50869
비마이게스트	food	127.05005	37.50576
비마이게스트	food	127.06560	37.51023
비마이플라워	cafe	127.05578	37.51069
비밀베이커리	food	127.02790	37.52418
비밀의정원치유센터	shop	127.02655	37.50987
비바	activity	127.05722	37.50883
비바블테라스	food	127.02928	37.52281
비바비보앤호프	bar	127.03022	37.51614
비바운스	shop	127.02062	37.51394
비바이아	shop	127.05094	37.47499
비바체플라워	shop	127.04139	37.51780
비바하우스	stay	127.02566	37.50356
비발디	bar	127.03050	37.51523
비브뷰티	shop	127.02832	37.50592
비블럭컴퍼니	activity	127.03402	37.50633
비블레스	food	127.05678	37.50949
비비	shop	127.03848	37.52802
비비그루밍	shop	127.03811	37.50622
비비노래연습장	activity	127.03325	37.50036
비비드	food	127.03381	37.49819
비비드	bar	127.02386	37.50669
비비드빈	cafe	127.03093	37.51984
비비드스킨케어	shop	127.04603	37.50472
비비드스파	shop	127.03721	37.49877
비비드안경	shop	127.05051	37.50189
비비드플랜	shop	127.04890	37.52406
비비릴리	shop	127.05742	37.52126
비비브라운	cafe	127.04073	37.52297
비비브로우	shop	127.03352	37.49883
비비빠	bar	127.03306	37.50063
비비시티	shop	127.02832	37.50592
비비안	shop	127.08831	37.49133
비비안	shop	127.05976	37.50862
비비안	shop	127.05326	37.49698
비비안	shop	127.02747	37.52737
비비안더가즈믹테이블	bar	127.03805	37.52705
비비안바바라현대	shop	127.02747	37.52737
비비안브이라운지	bar	127.03805	37.52705
비비안웨스트우드	shop	127.04005	37.52848
비비안웨스트우드현대무역	shop	127.05976	37.50862
비비안초이갤러리	shop	127.04968	37.52643
비비앤	food	127.02962	37.50354
비비앤코	shop	127.03492	37.52051
비비엔	food	127.03834	37.49471
비비엔그루	food	127.05440	37.47410
비비쥬바이영주	shop	127.02445	37.52678
비비지	food	127.03493	37.52615
비비지네트웍스	shop	127.02990	37.52194
비비큐	food	127.03352	37.50972
비비큐	food	127.05700	37.50322
비비큐	food	127.08219	37.48938
비비큐	food	127.03096	37.49482
비비큐	food	127.08978	37.48484
비비큐	food	127.03437	37.51285
비비큐	food	127.06612	37.50001
비비큐	food	127.03565	37.48669
비비큐강남수서점	food	127.10184	37.48802
비비큐개포동역점	food	127.06885	37.48930
비비큐논현	food	127.02428	37.51042
비비큐논현	food	127.03638	37.51716
비비큐대치	food	127.06300	37.49315
비비큐분식	food	127.05204	37.49877
비비큐세곡점	food	127.10124	37.46576
비비큐압구정신구점	food	127.03135	37.52766
비비큐역삼	food	127.03852	37.49679
비비큐치킨	food	127.02068	37.51877
비비큐치킨	food	127.05340	37.51039
비비큐치킨압구정	food	127.03554	37.53192
비비큐한강버스압구정선착장점	food	127.01648	37.52658
비비하우스	stay	127.02093	37.51413
비빔밥앤냉면	food	127.03803	37.51846
비손컴퍼니	shop	127.05553	37.50728
비슈다청담	shop	127.04317	37.52187
비스마트	shop	127.04388	37.50224
비스커피	cafe	127.03030	37.51836
비스트로논현	food	127.02607	37.50875
비스트로라온	food	127.05613	37.50582
비스트로앤트로	food	127.02717	37.52321
비스트로야마자키	bar	127.03383	37.49435
비스포레스포츠지점	activity	127.05987	37.50152
비슬로	cafe	127.05212	37.47456
비씨아이세븐즈	shop	127.04189	37.50195
비씨에이치	shop	127.10376	37.48707
비아빈	shop	127.04130	37.52679
비아이오성형외과의원	shop	127.02011	37.51678
비아이푸드	food	127.02701	37.50190
비아인키노	shop	127.04399	37.51896
비아플랜	shop	127.02296	37.51006
비아플로리스	shop	127.03492	37.51185
비안어소시에이츠	food	127.04784	37.52538
비안에프엔비	food	127.06080	37.50919
비알던킨도너츠선릉역	food	127.05286	37.50532
비알던킨도너츠청담원더스	food	127.03792	37.52322
비알배스킨라빈스가로수길	food	127.02371	37.51824
비알배스킨라빈스강남대로	food	127.02606	37.50206
비알배스킨라빈스파르나스몰	food	127.06080	37.50919
비알부티크	shop	127.04717	37.52229
비알오에스	food	127.02365	37.51207
비알케이컴퍼니	shop	127.03451	37.52820
비앙컨템포러리	shop	127.05916	37.51183
비앤더블류스테이	stay	127.04222	37.50796
비앤비퍼스널트레이닝스튜디오	activity	127.03629	37.52627
비앤샵푸드	food	127.04371	37.48220
비앤씨	activity	127.02676	37.51013
비앤어스평양일미청담점	food	127.04070	37.52437
비앤어패럴	shop	127.02402	37.52073
비앤오컴퍼니	shop	127.02625	37.50735
비앤제이스	shop	127.03064	37.51504
비앤피서비스	food	127.05860	37.51024
비야게레로	food	127.05279	37.51196
비어라이제	bar	127.02282	37.50931
비어락	bar	127.05411	37.49766
비어룸	bar	127.02848	37.50084
비어맥주창고	bar	127.03811	37.51682
비어스쿨	shop	127.04710	37.47791
비어시티	bar	127.05278	37.51264
비어씨티	bar	127.06092	37.48287
비어이따	bar	127.02241	37.51587
비어캐슬	bar	127.05151	37.48960
비어테라스	bar	127.03145	37.49757
비어팩토리	bar	127.05549	37.51075
비어플라주	bar	127.04861	37.51194
비언유주얼	cafe	127.04464	37.50964
비에스스튜디오	activity	127.03117	37.52193
비에스케이코퍼레이션	shop	127.03831	37.51688
비에스케이코퍼레이션	shop	127.02888	37.52608
비에스케이코퍼레이션신	shop	127.02858	37.49784
비에스케이코퍼레이션주	shop	127.04167	37.51764
비에스타바스바	food	127.04892	37.52355
비에스투	shop	127.02556	37.51432
비에스투	shop	127.02397	37.51596
비에스티성형외과	shop	127.06022	37.51530
비에스피	food	127.04895	37.52548
비에쓰마트곤트란쉐리에	food	127.06169	37.48240
비에쓰마트백소정	food	127.02698	37.50220
비에이치씨	food	127.08482	37.49291
비에이치씨	food	127.05941	37.51472
비에이치씨	food	127.04268	37.51548
비에이치씨	food	127.06081	37.50469
비에이치씨	food	127.06440	37.49946
비에이치씨	food	127.03887	37.48659
비에이치씨	food	127.02740	37.52250
비에이치씨강남	food	127.03110	37.51002
비에이치씨세곡점	food	127.10356	37.47487
비에이치씨압구정크루즈점	food	127.01917	37.52906
비에이치씨역삼	food	127.04398	37.49622
비에이치씨역삼	food	127.04013	37.50568
비에이치씨일원	food	127.08978	37.48484
비에이치아이티	shop	127.02874	37.49763
비에이치팩토리	cafe	127.04413	37.50460
비에프앤코	shop	127.05553	37.50728
비에프월드	food	127.02825	37.49955
비에프푸드	shop	127.03721	37.52798
비엔나	bar	127.03738	37.50736
비엔비	bar	127.04282	37.49786
비엘글로벌	shop	127.10448	37.48856
비엘오오엠	food	127.04599	37.52460
비엘팜	shop	127.04161	37.50998
비엠	activity	127.03871	37.52655
비엠모리스	shop	127.03746	37.49372
비엠알	shop	127.03495	37.49276
비엠제이에프앤비	food	127.05676	37.51159
비엠케이리미티드	shop	127.03374	37.52566
비엠케이리미티드	shop	127.03484	37.52292
비엠케이서비스코퍼레이션	shop	127.03781	37.52515
비엠케이에프앤비	cafe	127.03525	37.52731
비엠케이유통줄라이	food	127.03525	37.52731
비엠티큐	bar	127.03505	37.49855
비오스짐	activity	127.03154	37.52284
비오이	activity	127.03218	37.49343
비오키친	food	127.02719	37.51097
비온성형외과의원	shop	127.02066	37.51619
비온트랙	food	127.03151	37.51391
비올렛	shop	127.02808	37.50608
비올리나	shop	127.03851	37.52388
비와별닭갈비논현	food	127.02359	37.50871
비와이디	bar	127.04060	37.50393
비욘드비엣남	food	127.05229	37.50651
비욘드키친	food	127.04134	37.52256
비욘드피트니스클럽	activity	127.03903	37.49210
비원	food	127.03354	37.52026
비원	food	127.02797	37.50711
비원에프엔에스	food	127.04416	37.51009
비이커현대	shop	127.02747	37.52737
비이커현대무역	shop	127.05976	37.50862
비이플라워	shop	127.04856	37.47427
비일일	bar	127.03080	37.49409
비재즈	food	127.03951	37.52753
비저블스토리지	shop	127.03001	37.50874
비전상회	shop	127.03476	37.51002
비젤	shop	127.03077	37.52410
비젼유아이씨	shop	127.04458	37.47906
비젼컴	shop	127.04081	37.49565
비주얼	shop	127.05191	37.50500
비주얼소사이어티	shop	127.03794	37.52550
비주얼아이	shop	127.04016	37.51960
비주얼코스메틱	shop	127.03811	37.52329
비쥬나무	cafe	127.02720	37.50929
비즈	bar	127.02832	37.53360
비즈	shop	127.02813	37.50991
비즈세터	shop	127.04139	37.51780
비즈월드	shop	127.04658	37.50324
비지에프리테일	shop	127.04697	37.50477
비지에프리테일강남	shop	127.04631	37.49280
비지에프리테일비지에프사옥점	shop	127.05005	37.50576
비지에프리테일세텍점	shop	127.07217	37.49564
비지에프휴먼넷역삼센타점	shop	127.03386	37.49591
비지엠에이치	activity	127.03548	37.50308
비진	shop	127.04099	37.52743
비진도해물뚝배기	food	127.03584	37.49871
비채	cafe	127.03366	37.48943
비채매직테라피	shop	127.03612	37.50372
비체현대무역점	shop	127.05978	37.50867
비츠용산	shop	127.02572	37.50590
비치	shop	127.05824	37.50605
비치스컴퍼니	shop	127.02116	37.51719
비칠공오	food	127.04697	37.50477
비캐츠인터내셔널	shop	127.06285	37.51054
비컨스트리트	shop	127.02796	37.51577
비케이브가로수길	shop	127.02344	37.52088
비케이알강남	food	127.04197	37.48495
비케이알버거킹삼성	food	127.05385	37.51289
비케이알팀홀튼	shop	127.05040	37.50447
비케이알팀홀튼강남역대륭	shop	127.02941	37.49531
비케이알팀홀튼신논현역점	shop	127.02479	37.50491
비케이알팀홀튼신사역점	shop	127.02233	37.51762
비케이알팀홀튼압구정로데오역점	shop	127.04002	37.52755
비케이알팀홀튼양재역점	shop	127.03400	37.48550
비케이알팀홀튼포스코	shop	127.05539	37.50691
비케이알팀홀튼피나클점	shop	127.03519	37.50071
비케이엘	activity	127.03496	37.50216
비코	shop	127.03740	37.50908
비코스메틱	bar	127.04146	37.52450
비코에퀜세	bar	127.04478	37.48716
비콤마	cafe	127.05618	37.50872
비키갤러리	shop	127.01965	37.52475
비타메이트	shop	127.02715	37.50388
비타민	food	127.05707	37.51039
비타민노래연습장	activity	127.04017	37.50065
비타민약국	shop	127.02794	37.52365
비타비프프레시	shop	127.03855	37.50706
비타스크린골프	activity	127.06531	37.51116
비타약국	shop	127.03408	37.50614
비타에프앤비	cafe	127.02715	37.50388
비타카페	cafe	127.02715	37.50388
비터스윗워크	shop	127.02880	37.52221
비테도산	food	127.03902	37.52748
비테셴	food	127.03902	37.52748
비투엠	shop	127.05626	37.49799
비트로시스윈	shop	127.03514	37.52019
비트엔터테인먼트	food	127.04133	37.51325
비틀즈	cafe	127.02652	37.50739
비티비	shop	127.04139	37.51780
비티비이	shop	127.04364	37.49706
비티스	shop	127.02880	37.52248
비티알커머스	shop	127.05088	37.47205
비티알커머스지점	shop	127.05088	37.47205
비티에스방통대	food	127.06383	37.49937
비티엠랩스	shop	127.02543	37.51345
비포더던	bar	127.04294	37.50506
비포베이글	food	127.03722	37.50334
비포성형외과의원	shop	127.04002	37.52283
비포앤애프터랩	shop	127.04406	37.52720
비프리	shop	127.03989	37.48832
비프리티	shop	127.04911	37.50343
비플레이트바이브라운브레드	food	127.04609	37.48292
비플리끄	food	127.03816	37.50793
비플리끄그릴	food	127.03689	37.52106
비피아노	bar	127.04009	37.51972
비피커머스	cafe	127.02359	37.51698
비하우스	bar	127.03007	37.49554
빅가이즈현대무역점	food	127.05976	37.50862
빅골프아카데미	activity	127.10136	37.46605
빅네이처바이오	shop	127.04139	37.51780
빅맨	shop	127.05763	37.52245
빅바이트컴퍼니쉐이크쉑강남스퀘어	food	127.02980	37.49438
빅바이트컴퍼니쉐이크쉑도곡	food	127.05348	37.48807
빅바이트컴퍼니쉐이크쉑청담	food	127.03760	37.52311
빅바이트컴퍼니쉐이크쉑코엑스	food	127.05916	37.51183
빅바이트컴퍼니잠바주스압구정역	food	127.02747	37.52631
빅스	activity	127.06031	37.48365
빅스마일	food	127.02570	37.50424
빅스타피자	food	127.02723	37.50636
빅스텍	bar	127.02066	37.51744
빅시바이뉴욕	shop	127.02523	37.50669
빅에이글로벌	shop	127.05763	37.52245
빅오션이엔엠	activity	127.04659	37.50635
빅컵커피	cafe	127.03352	37.49883
빅토리아건축사사무소	stay	127.04529	37.51034
빅토리크리에이츠	food	127.03681	37.52410
빅투치킨	food	127.06182	37.48266
빅펀샵	shop	127.03935	37.52564
빅펫	shop	127.05824	37.50605
빅피쉬골프	shop	127.03642	37.52385
빅피처커피	cafe	127.05682	37.50737
빅히트코퍼레이션	activity	127.02188	37.51674
빈	shop	127.05976	37.50862
빈더바닐라	cafe	127.03074	37.50073
빈스골드	shop	127.07642	37.49545
빈스드림	cafe	127.01967	37.51912
빈스리츠원	shop	127.03816	37.50793
빈스리츠투	shop	127.03816	37.50793
빈스바이크빈스애견호텔	shop	127.04458	37.47906
빈스테이블강남	cafe	127.08978	37.48484
빈스포레	cafe	127.06043	37.51881
빈즈앤컴퍼니	shop	127.02301	37.52270
빈체로	shop	127.04855	37.50294
빈터커피로스터스	cafe	127.02109	37.52204
빈티지	food	127.04588	37.48503
빈티지셀라스	shop	127.04238	37.48402
빈티지제트	shop	127.02188	37.52206
빈티지코드	shop	127.02552	37.51006
빈티지코인노래연습장	activity	127.02231	37.51914
빈티지트러블	cafe	127.03966	37.51867
빈폴맨현대	shop	127.02747	37.52737
빈폴멘즈롯데강남점	shop	127.05326	37.49698
빈프라임강남	shop	127.03150	37.49035
빈프커피	cafe	127.03614	37.50849
빈호	food	127.03803	37.51846
빌드업운동센터	activity	127.03355	37.48983
빌드업이십일	shop	127.05657	37.50845
빌드업피트니스피티앤드골프언주역점	activity	127.03328	37.50955
빌드인	food	127.02614	37.50332
빌든	food	127.03426	37.48584
빌라드블랑커피	cafe	127.02764	37.51876
빌라레코드	bar	127.02404	37.51949
빌라서울가로수길	stay	127.02498	37.52113
빌라알티	bar	127.03750	37.52604
빌라이층	food	127.03671	37.52385
빌리브라더스	shop	127.03642	37.51225
빌리언즈씨압구정	bar	127.03919	37.52663
빌리엔젤	food	127.03030	37.52307
빌리엔젤강남	cafe	127.02707	37.50146
빌리엔젤양재역점	food	127.03649	37.48576
빌리프짐	activity	127.05005	37.50576
빌리프짐	activity	127.04838	37.50665
빌아트캐롬클럽	activity	127.04193	37.49693
빌킹아트홀	activity	127.08130	37.49034
빌텍	food	127.05766	37.50933
빌텍	food	127.05476	37.50577
빕스딜리버리	food	127.03803	37.51846
빕스얌딜리버리	food	127.05744	37.50816
빙고노래연습장	activity	127.04217	37.50518
빙고노래연습장	activity	127.04426	37.48536
빙고노래연습장	activity	127.08326	37.48995
빙달	food	127.03251	37.49137
빙동댕	cafe	127.06684	37.48869
빙동댕	cafe	127.03189	37.49416
빙동댕	food	127.04533	37.51239
빙빙빙	cafe	127.04494	37.52322
빙츄르	food	127.02825	37.51130
빙탑	cafe	127.03655	37.51700
빛ː나래	shop	127.02685	37.50979
빛고을문구센타	shop	127.02345	37.51918
빛날빛	food	127.04603	37.50472
빠나띠에	food	127.04177	37.49300
빠니드엠무니	food	127.03972	37.52680
빠니피자	food	127.03911	37.49301
빠또스메디칼	shop	127.04574	37.49510
빠띠스리크로스비	food	127.04658	37.50324
빠띠플라워	shop	127.05795	37.49243
빠라박타임	food	127.04853	37.52476
빠레뜨한남가로수길점	food	127.02336	37.51995
빠레뜨한남수서역점	food	127.10311	37.48732
빠레트한남강남	food	127.02685	37.50204
빠뽀스	shop	127.04723	37.50666
빠삐용	shop	127.02723	37.50636
빠세빠세안경클럽	shop	127.10311	37.48732
빠숑	bar	127.02708	37.52078
빠우스타필드	food	127.05916	37.51183
빨간떡볶이	food	127.02785	37.50715
빨간모자	food	127.03937	37.48661
빨간모자피자	food	127.02497	37.51015
빨간소나무	food	127.02678	37.52501
빨강여우	shop	127.02753	37.51020
빨강우산부대찌개	food	127.04526	37.50380
빨라쪼주	cafe	127.05916	37.51183
빵그라미	food	127.02707	37.50891
빵꾸똥꾸문구야역삼	shop	127.04842	37.49923
빵빠르	food	127.02223	37.52132
빵빵떡볶이	food	127.05321	37.51235
빵살레	food	127.06079	37.48298
빵어니스타	food	127.02583	37.52232
빼뽀네	shop	127.06030	37.50475
빽다방	cafe	127.02677	37.52603
빽다방강남소망점	cafe	127.03264	37.52424
빽다방강남을지	cafe	127.03116	37.51928
빽다방강남포스코	cafe	127.05619	37.50460
빽다방논현영동	cafe	127.02350	37.50748
빽다방대치	cafe	127.05872	37.50230
빽다방선릉	cafe	127.05050	37.50306
빽다방선정릉역점	cafe	127.04374	37.50938
빽다방수서역점	cafe	127.10184	37.48802
빽다방양재역점	cafe	127.03576	37.48517
빽다방일원영희초교점	cafe	127.08220	37.49154
빽다방지하도점	cafe	127.02831	37.49816
빽다방태극당점	cafe	127.03007	37.49554
빽돈신논현	food	127.02368	37.50776
뻐꾸기	food	127.02517	37.51905
뻘	food	127.02447	37.51876
뼈감자탕파불고기	food	127.04700	37.47579
뼈다구집정해장	food	127.03516	37.50996
뼈다구집정해장역삼	food	127.04227	37.50055
뼈탄집	food	127.03074	37.49494
뼈탄집강남	food	127.03942	37.49622
뽀끔집	food	127.02617	37.50358
뽀모	food	127.05163	37.49958
뽀미에르	food	127.05255	37.51210
뽀빠이약국	shop	127.02888	37.52608
뽁당볶음밥강남	food	127.03621	37.51054
뽁순이볶음밥강남	food	127.03353	37.50202
뽁역삼센터필드점	food	127.04136	37.50288
뽕나무쟁이	food	127.05193	37.50336
뽕나무쟁이선릉	food	127.05200	37.50320
뽕노래빠	activity	127.02221	37.51809
뽕사부	food	127.04430	37.48302
뽕사부	food	127.04051	37.51817
뽕사부	food	127.03667	37.50239
뽕족	food	127.05200	37.50320
뽕족강남역	food	127.03025	37.49739
쁘띠럭스	shop	127.05200	37.48887
쁘띠모나코	shop	127.03277	37.50623
쁘띠미누노래연습장	activity	127.02434	37.50639
쁘띠비쥬	shop	127.03780	37.50685
쁘띠서울	shop	127.03719	37.51672
쁘띠스테이강남	stay	127.03160	37.50065
쁘띠퀸의원	shop	127.02515	37.50416
쁘띠팔레	food	127.03957	37.51846
쁘띠하우스강남	stay	127.03782	37.51998
쁘렝땅현대무역	shop	127.05976	37.50862
쁠랑커피	cafe	127.03237	37.49811
쁨	shop	127.02696	37.50992
삐루센세	food	127.03459	37.49118
삐삐	shop	127.02832	37.50592
삐삐주점	food	127.02311	37.50957
삐삐탄	bar	127.02210	37.51777
삐삠빱논현	food	127.03803	37.51846
삐아프	food	127.02062	37.52232
사계	food	127.05301	37.50063
사계솔	food	127.04488	37.48491
사계절어머니콩국수	food	127.04417	37.50096
사계절이모카세	food	127.03404	37.52662
사계절집강남	food	127.02959	37.51915
사누키제면소	food	127.02684	37.50083
사대빵	shop	127.02854	37.51693
사또양념치킨	food	127.08660	37.48549
사또치킨	food	127.04958	37.52396
사또통족발	food	127.05278	37.51264
사뜨바	cafe	127.03790	37.52372
사라	shop	127.02764	37.52143
사라	shop	127.05174	37.49728
사라	shop	127.04441	37.48569
사라김정숙뷰티크주	shop	127.04638	37.52698
사라모던앤컨템포러리	shop	127.04567	37.52327
사라블루메	shop	127.05261	37.50677
사라의키친	food	127.02626	37.52283
사라하우스	stay	127.08511	37.49463
사라한의원건식	shop	127.02367	37.50713
사람	stay	127.03715	37.49889
사람사는고깃집김일도	food	127.03268	37.49105
사람사는고깃집김일도	food	127.04491	37.48456
사랑과정성	shop	127.03602	37.52295
사랑만들기	shop	127.02831	37.49816
사랑방	bar	127.02484	37.50539
사랑약국	shop	127.07559	37.49266
사랑온누리약국	shop	127.05853	37.50838
사랑의도시락	food	127.03165	37.50054
사랑의약국	shop	127.10184	37.48802
사랑의집	food	127.06715	37.49715
사랑채	food	127.03265	37.51580
사랑플러스약국	shop	127.04973	37.49421
사랑하는사람들의향기	shop	127.03437	37.51306
사랑해베리	shop	127.03463	37.52656
사랑화원	shop	127.11080	37.46469
사량도	food	127.04166	37.49742
사르토리아케이	shop	127.02015	37.51869
사리원	food	127.05916	37.51183
사리원	food	127.04265	37.48540
사리정	food	127.08341	37.49210
사만다왁싱	shop	127.03816	37.52605
사바비안	shop	127.04565	37.48406
사바비안강남지사	shop	127.03098	37.52738
사보나주	shop	127.10311	37.48732
사보르	food	127.06803	37.48892
사보전진	food	127.02956	37.52633
사뿐가로수길점	shop	127.02244	37.52023
사사	shop	127.03886	37.52497
사색고급요리집	food	127.03905	37.49897
사시미랑초밥	food	127.06095	37.51519
사실빙	cafe	127.05290	37.49769
사오월	food	127.03258	37.49515
사오육	food	127.03162	37.49622
사와레	food	127.05082	37.51075
사우던아일랜드유한책임회사	shop	127.04806	37.47927
사우스케이프갤러리아명품관카페	cafe	127.04005	37.52848
사운드랩	food	127.04345	37.50497
사운드온더펍	bar	127.05841	37.50161
사운드온더펍	food	127.03813	37.48638
사운드웨이브커피	cafe	127.03016	37.51831
사운드트리인터내셔널	shop	127.03763	37.51110
사운즈커피프리미어강남	cafe	127.02980	37.49506
사월의집	food	127.05044	37.47837
사월호텔	stay	127.04184	37.50169
사위식당	food	127.03345	37.50055
사위식당수서점	food	127.10311	37.48732
사위식당역삼	food	127.03345	37.50055
사이	food	127.02060	37.51956
사이공본가	food	127.06218	37.49902
사이공본가	food	127.02806	37.49862
사이공본가포스코	food	127.05799	37.50549
사이공키친	food	127.06178	37.50719
사이공핫팟	food	127.04633	37.51754
사이공핫팟	food	127.02832	37.53360
사이드바인시네마	bar	127.02741	37.50238
사이드쇼	food	127.05945	37.50963
사이드에이원	cafe	127.05426	37.51348
사이렌	shop	127.02251	37.52123
사이야강남	bar	127.08430	37.49000
사이에	shop	127.05533	37.49087
사이클존	activity	127.04532	37.49636
사일삼프로젝트	cafe	127.03447	37.50235
사일삼프로젝트신사	cafe	127.02593	37.52025
사임당떡집	food	127.08699	37.49293
사조참치	food	127.06548	37.50828
사천루	food	127.03300	37.48946
사천스파이시키친	food	127.05613	37.50582
사천옥	food	127.05102	37.50327
사치	food	127.02765	37.52237
사카라	shop	127.04411	37.51361
사카바산원	food	127.05079	37.50657
사카바온도	food	127.03932	37.52699
사카바호빈	food	127.03206	37.52252
사카비토	shop	127.03922	37.52058
사케리아잇콘	food	127.03586	37.52660
사케바라이브라	bar	127.04278	37.52274
사케바와인	food	127.04572	37.52690
사토시	food	127.03590	37.52678
사피엔스텍	shop	127.02205	37.51604
삭스타즈	shop	127.04365	37.48155
산	food	127.04842	37.51186
산	food	127.03393	37.52636
산곰장어	food	127.03726	37.50938
산노루	cafe	127.05509	37.51878
산동교자관	food	127.03074	37.52800
산드로롯데강남점	shop	127.05326	37.49698
산드로옴므압구정갤러리아	shop	127.04005	37.52848
산드로현대무역점	shop	127.05976	37.50862
산드로현대백화점	shop	127.02747	37.52737
산들	food	127.04290	37.50463
산들섬팔도비빔밥	food	127.06690	37.49648
산바다스포츠	shop	127.02690	37.50774
산새코에	food	127.02886	37.52345
산솔	food	127.02561	37.50564
산야로	food	127.04225	37.50142
산에물에꽃집	shop	127.08831	37.49133
산왕	food	127.02295	37.51077
산원반주헌	food	127.02929	37.49766
산월수제비	food	127.06591	37.49962
산월숯불갈비	food	127.07965	37.49434
산장장작구이	food	127.03670	37.50297
산적포차	food	127.06420	37.51397
산쪼메	food	127.02756	37.52595
산청루	food	127.08276	37.49107
산촌신쭈꾸미	food	127.04076	37.50093
산타	activity	127.02743	37.50333
산타마리아	shop	127.04447	37.48209
산타마리아노벨라	shop	127.04005	37.52848
산타마리아노벨라현대백화점	shop	127.02747	37.52737
산타스푼	food	127.10711	37.47443
산탄드레아	shop	127.03213	37.50572
산트로	food	127.03484	37.50819
산호골	food	127.05340	37.51039
산호레지던스	stay	127.02345	37.50903
산호초	food	127.02359	37.50793
살구커피하우스	cafe	127.03827	37.49106
살랑프롬키친	food	127.03216	37.49440
살롱뒤부케	bar	127.04803	37.52558
살롱드까레	food	127.03891	37.51758
살롱드머슬	activity	127.05077	37.51938
살롱드아트	shop	127.05820	37.51099
살롱드예노	shop	127.02832	37.50592
살롱식스룸넘버쓰리	shop	127.03366	37.50092
살루쪼	food	127.04544	37.51132
살찐언니	cafe	127.02763	37.50720
삼각지낚시	shop	127.05769	37.49995
삼겹살대통령	food	127.02606	37.50374
삼계옥	food	127.05685	37.51012
삼군김치찌개	food	127.06646	37.50825
삼남매설렁탕	food	127.04306	37.52399
삼다연주	food	127.02778	37.51881
삼대국수회관	food	127.10311	37.48732
삼대본가김치찜	food	127.03310	37.50676
삼대족발	food	127.06812	37.49866
삼덕통닭	food	127.02398	37.50712
삼도	food	127.04622	37.49441
삼미	food	127.02293	37.50948
삼미	shop	127.03330	37.48980
삼미	shop	127.05206	37.51121
삼미대포	food	127.04726	37.50506
삼미미	bar	127.03352	37.49883
삼미미스낵바앤이자카야	food	127.03352	37.49883
삼미미식당	food	127.03396	37.49894
삼미제면	food	127.03352	37.50972
삼미집	food	127.05141	37.52599
삼미집블랙	food	127.05201	37.52571
삼바리	food	127.02068	37.51877
삼백집점	food	127.04038	37.50548
삼백플러스	food	127.05606	37.50713
삼봉푸줏간청담	food	127.04094	37.52668
삼산회관	food	127.02520	37.50575
삼삼	bar	127.05534	37.52179
삼삼공데이	cafe	127.03616	37.50158
삼삼문구	shop	127.05374	37.49955
삼삼코인노래연습장	activity	127.02683	37.50083
삼삼푸드앤드링스	food	127.02103	37.51367
삼성	stay	127.05985	37.50334
삼성강남스크린	activity	127.05438	37.51035
삼성강남약국	shop	127.08352	37.48573
삼성건강약국	shop	127.04177	37.51670
삼성골프아카데미	activity	127.05202	37.51237
삼성공판장	shop	127.04644	37.51202
삼성그린약국	shop	127.08352	37.48573
삼성농산물유통	shop	127.02033	37.51738
삼성당구장	activity	127.03048	37.49299
삼성당구장	activity	127.06294	37.50742
삼성대주옥	food	127.05662	37.50904
삼성도담약국	shop	127.05079	37.51259
삼성동치킨	food	127.05900	37.51478
삼성동코엑스하남돼지집	food	127.05563	37.51057
삼성디지탈	shop	127.04229	37.51376
삼성라라하우스	stay	127.05175	37.51110
삼성로또	activity	127.05833	37.50561
삼성루미에르스테이	stay	127.04800	37.51221
삼성마트	shop	127.04324	37.51261
삼성마트	shop	127.08978	37.48484
삼성무역	shop	127.04674	37.51761
삼성물산갤러리아압구정주	shop	127.04005	37.52848
삼성물산랙앤본	shop	127.02747	37.52737
삼성물산롯데	shop	127.05326	37.49698
삼성물산메종키츠네가로수길점	shop	127.02275	37.51965
삼성물산브룩스세로수길점	shop	127.02164	37.52235
삼성물산삼성패션주	shop	127.02398	37.50654
삼성물산수트서플라이청담점	shop	127.04461	37.52620
삼성물산아제딘알라이아	shop	127.04184	37.52791
삼성물산에잇세컨즈	shop	127.02698	37.50039
삼성물산에잇세컨즈가로수길점주	shop	127.02288	37.51940
삼성물산준지	shop	127.04005	37.52848
삼성물산준지도산점	shop	127.03547	37.52566
삼성물산코엑스몰주	shop	127.05916	37.51183
삼성물산토리버치청담점주	shop	127.04334	37.52681
삼성물산현대무역센터주	shop	127.05976	37.50862
삼성물산현대주	shop	127.02747	37.52737
삼성병원금강안경	shop	127.08960	37.49034
삼성복집	food	127.05477	37.51203
삼성분식	food	127.05759	37.51047
삼성수약국	shop	127.05680	37.50895
삼성슈퍼	shop	127.05833	37.50561
삼성스낵	food	127.05317	37.51770
삼성스테이	stay	127.05175	37.51110
삼성양곱창	food	127.05764	37.52092
삼성어시장	shop	127.05202	37.51237
삼성에프앤비주	cafe	127.05593	37.49679
삼성온누리약국	shop	127.05754	37.51201
삼성일신약국	shop	127.05253	37.50599
삼성장어	food	127.05340	37.51039
삼성전기조명	shop	127.04931	37.47917
삼성정다운약국	shop	127.08125	37.49048
삼성정문약국	shop	127.08352	37.48573
삼성제일약국	shop	127.08775	37.49134
삼성족발	food	127.06095	37.51519
삼성족발	food	127.06012	37.50604
삼성주류	shop	127.05175	37.51474
삼성중앙약국	shop	127.05039	37.51248
삼성집	food	127.05679	37.51029
삼성참약사약국	shop	127.05744	37.50757
삼성축산	shop	127.02460	37.50916
삼성칼국수	food	127.06376	37.51436
삼성케이약국	shop	127.05861	37.50795
삼성트윙클약국	shop	127.05434	37.51297
삼성파로스호텔	stay	127.06151	37.51367
삼성프린텍	shop	127.04599	37.51051
삼성플라워	shop	127.02806	37.49862
삼성피트니스	activity	127.05202	37.51237
삼성하나약국	shop	127.05821	37.50779
삼성한방삼계와오리	food	127.06071	37.51459
삼성한우	food	127.05477	37.51203
삼성해든약국	shop	127.05592	37.50870
삼성해맞이공원	nature	127.06200	37.51975
삼성화원	shop	127.09975	37.48642
삼성화원	shop	127.05923	37.51454
삼송빵집강남	food	127.05176	37.49803
삼송빵집코엑스	food	127.05916	37.51183
삼시세끼셰프반찬	food	127.02675	37.50767
삼식이감자탕	food	127.03688	37.49597
삼식이감자탕	food	127.04343	37.48476
삼식이네복귄방	activity	127.04307	37.51052
삼신다이아몬드	shop	127.02862	37.52312
삼십육점구	bar	127.05390	37.50419
삼십육점오	bar	127.03263	37.49854
삼십칠점오	food	127.02267	37.52013
삼양만나산업주	food	127.02273	37.51054
삼우고시텔	stay	127.03351	37.49467
삼우약국	shop	127.06745	37.48856
삼원가든	food	127.03246	37.52493
삼원가든별채	food	127.03249	37.52467
삼원가든썬더버드청담점	food	127.04170	37.52618
삼원가든투뿔등심	food	127.02929	37.49766
삼원가든투뿔등심논현	food	127.03607	37.52105
삼원가든특실	food	127.03255	37.52494
삼원관광개발	stay	127.03142	37.51110
삼원티앤비주	cafe	127.02279	37.51547
삼원푸드	food	127.03170	37.49879
삼육가	food	127.02502	37.50569
삼은에프앤비	food	127.03386	37.49591
삼은에프앤비	food	127.05625	37.51025
삼이금거래소청담	shop	127.04329	37.52403
삼익수입상품	shop	127.05763	37.52245
삼익아트홀	heritage	127.02959	37.51411
삼일	food	127.03201	37.49534
삼정	food	127.06392	37.51462
삼정가구	shop	127.05010	37.47314
삼정관광호텔주	stay	127.03116	37.50589
삼정복집	food	127.06394	37.51463
삼정시계	shop	127.03713	37.51394
삼정하누	food	127.03307	37.50608
삼정호텔	stay	127.03116	37.50589
삼조가구주	shop	127.02741	37.51271
삼주약국	shop	127.03170	37.49879
삼진어묵당	food	127.03424	37.49277
삼진트레이딩	shop	127.04072	37.52680
삼창교자	food	127.02176	37.51889
삼천리자전거	shop	127.08459	37.49254
삼천리자전거수서점	shop	127.10448	37.48856
삼천리활성탄소서울	shop	127.06103	37.51035
삼첩분식	food	127.05916	37.49316
삼첩분식	food	127.02291	37.51505
삼청골명가더수제비	food	127.04394	37.50490
삼청당	food	127.02532	37.52507
삼청당강남	food	127.05613	37.50582
삼청당롯데강남점	food	127.05326	37.49698
삼청동샤브수서역점	food	127.10311	37.48732
삼청동에그롤	food	127.06080	37.50919
삼초마을	shop	127.03620	37.49554
삼탱이시래기밥	food	127.04658	37.50324
삼풍치킨	food	127.04268	37.50146
삼해수산	food	127.02809	37.49948
삼향화원	shop	127.02941	37.51972
삼현지주	food	127.05479	37.51084
삼호	food	127.03999	37.50346
삼호도직에프엔비	food	127.04919	37.52475
삼호복집	food	127.04017	37.50354
삼호정육점	shop	127.04821	37.48002
삼환	food	127.06100	37.51498
삼환	food	127.03024	37.51992
삿뽀로엔타스주	food	127.02937	37.52394
상귀	food	127.05432	37.52241
상록금방	shop	127.05200	37.48887
상록수	food	127.05390	37.50419
상록수	shop	127.05763	37.52245
상록수묵사발	food	127.08344	37.48290
상록수압구정	food	127.03659	37.52556
상록약국	shop	127.04291	37.50397
상록화원	shop	127.06858	37.48890
상록화원	shop	127.04291	37.50397
상록회관후문여름이네떡볶이	food	127.04291	37.50397
상상	shop	127.03825	37.52492
상상미락	cafe	127.05357	37.50814
상상바이오	shop	127.05040	37.51192
상상오리	food	127.03911	37.49301
상수리생활건강	shop	127.03909	37.49697
상승로또	activity	127.05376	37.50463
상아김밥선릉	food	127.04638	37.50250
상아식당	food	127.03103	37.52808
상아참치	food	127.05003	37.51835
상우	shop	127.03744	37.52681
상주고추상회	shop	127.02344	37.50975
상지온누리약국	shop	127.04771	37.50556
상하이야시장	food	127.04658	37.50324
상해루	food	127.02334	37.50790
상화컴퍼니주	food	127.05193	37.50336
상황버섯약수삼계탕	food	127.03654	37.50337
새결화랑	shop	127.04462	37.52480
새난주	bar	127.03000	37.49587
새날	shop	127.03039	37.49713
새돌집	food	127.02066	37.51744
새들러컴퍼니	food	127.02492	37.51938
새들러하우스	cafe	127.02492	37.51938
새라콜렉션	shop	127.02364	37.51674
새로본안경	shop	127.04019	37.51714
새로봄이엔지	shop	127.05093	37.50577
새론환경홈쇼핑지점주	shop	127.04945	37.47400
새롬주방	shop	127.02295	37.51077
새르	food	127.02583	37.52089
새마을식당	food	127.03525	37.50744
새마을운동중앙회구내매점	shop	127.06717	37.50268
새마음화원	shop	127.03096	37.51920
새몸만들기	shop	127.06455	37.50994
새벽대게강	food	127.05276	37.50211
새벽바다	food	127.05734	37.50284
새벽밤바다강남	shop	127.05276	37.50211
새벽집주	food	127.05287	37.52557
새봄약국	shop	127.02605	37.52557
새비커머스	shop	127.03208	37.51240
새빛	shop	127.03616	37.50158
새상아약국	shop	127.05003	37.51835
새서울글로벌대치지점	shop	127.06300	37.49315
새소망약국	shop	127.02390	37.52541
새숲땅땅치킨잠원	food	127.02048	37.52837
새싹약국	shop	127.02431	37.51226
새영동기물	shop	127.02358	37.50924
새우공장	bar	127.03936	37.52623
새천년노래연습장	activity	127.06095	37.51519
새하나약국	shop	127.03724	37.52839
새휘정약국	shop	127.05763	37.52245
색국시	food	127.05083	37.52528
샌드백카페	cafe	127.04484	37.49561
샌디골프	shop	127.04457	37.52597
샌프란시스코마켓	shop	127.03633	37.52501
샌프란시스코마켓압구정정	shop	127.03633	37.52501
샐러드몬스터	food	127.03803	37.51846
샐러드박스	food	127.06469	37.50775
샐러드박스대웅제약점	food	127.06547	37.51442
샐러드스탑점	food	127.03694	37.50678
샐러디	food	127.02110	37.51839
샐러디	food	127.02790	37.52406
샐러디	food	127.03504	37.49895
샐러디	food	127.03039	37.49713
샐러디	food	127.04643	37.50484
샐러디	food	127.05657	37.50845
샐러디	food	127.04225	37.51571
샐러디강남세곡점	food	127.10073	37.46636
샐러디랩	food	127.03686	37.49886
샐러디봉은사역점	bar	127.06100	37.51498
샐러디선릉	food	127.05124	37.50333
샐러디선정릉역점	food	127.04265	37.51018
샐러디아	food	127.06421	37.51078
샐러디압구정로데오역점	food	127.03931	37.52483
샐러디점	food	127.03263	37.50061
샐러디치오도씨강남	food	127.03813	37.48638
샐러디포이	food	127.04530	37.47856
샐러디학동역점	food	127.02888	37.51388
샐러디한티역점	food	127.05219	37.49828
샐러리아	food	127.06591	37.49962
샐러리아	food	127.03898	37.50291
샐러리아	food	127.02665	37.52544
샐러리아	food	127.04225	37.51571
샐러링	food	127.05867	37.50661
샐러링	food	127.04638	37.50250
샐러투박스	cafe	127.05083	37.52528
샐러픽	food	127.05119	37.50051
샐리버리	food	127.02267	37.52013
샐리오	food	127.03725	37.49506
샐리하우스	stay	127.03198	37.49481
샐비어	bar	127.04350	37.48148
샐요	food	127.10184	37.48802
샘서림	shop	127.04661	37.47850
샘스커피	cafe	127.02696	37.50992
샘약국	shop	127.04658	37.50324
샘이스브라더스	shop	127.03608	37.52675
샘킴컴퍼니	food	127.03768	37.52381
샘터약국	shop	127.08268	37.48519
샛별약국	shop	127.03723	37.48545
생각나는김밥	food	127.05750	37.50058
생강앤김밥	food	127.04542	37.48596
생그린식품주	shop	127.04406	37.50443
생기의집	shop	127.05040	37.47532
생김치오겹살	food	127.03855	37.52116
생명샘약국	shop	127.04831	37.51876
생생돈까스	food	127.02362	37.51117
생생돈까스	food	127.04079	37.49331
생생마산아구찜	food	127.04386	37.50472
생생온누리약국	shop	127.02873	37.52404
생생원리젠	shop	127.03352	37.49883
생생축산	shop	127.10104	37.48965
생선물은고양이	food	127.03225	37.50853
생선생	food	127.03124	37.52156
생선쓰	food	127.06684	37.48869
생선지존진땡이	food	127.06442	37.51424
생어거스틴	food	127.03651	37.50002
생태사랑	food	127.04697	37.50477
생한우곱창	food	127.06128	37.48292
생활맥주	bar	127.06506	37.51043
생활맥주	bar	127.03088	37.49503
생활맥주	bar	127.05311	37.50655
생활맥주	bar	127.03928	37.50329
생활맥주	bar	127.05164	37.50293
생활맥주강남	bar	127.08449	37.49006
생활맥주매봉역점	bar	127.04471	37.48550
생활맥주삼성	bar	127.05625	37.51101
생활맥주삼성코엑스	bar	127.05661	37.50777
생활맥주삼성휘문점	bar	127.05918	37.50590
생활맥주압구정	bar	127.03931	37.52759
생활맥주역삼	bar	127.04656	37.50455
생활맥주학동역점	bar	127.03350	37.51448
생활생돈	food	127.04652	37.50511
샤넬	shop	127.04443	37.52717
샤넬	shop	127.04701	37.52614
샤넬	shop	127.06080	37.50919
샤넬	food	127.07965	37.49434
샤넬라인	shop	127.02445	37.52678
샤누마누	food	127.05598	37.51322
샤또	bar	127.04195	37.52688
샤론	shop	127.01914	37.52109
샤론	bar	127.04067	37.49636
샤론슈퍼	shop	127.03261	37.51232
샤론스톤	shop	127.02928	37.53154
샤론플라워	shop	127.03393	37.50085
샤롯데	bar	127.03907	37.51623
샤르망	bar	127.04545	37.52352
샤르망	shop	127.03001	37.50874
샤모니	food	127.03054	37.51357
샤방샤방	food	127.04396	37.49918
샤브남바완삼	food	127.04152	37.50433
샤브미	food	127.05301	37.48719
샤브스키	food	127.03439	37.49257
샤브식당상하청담점	food	127.04479	37.52434
샤브쌈주머니	food	127.02926	37.49949
샤브오	food	127.03690	37.52444
샤브익스프레스	food	127.03879	37.49340
샤브익스프레스	food	127.03621	37.51054
샤브인서울압구정	food	127.03883	37.52560
샤브촌바이계백집	food	127.05916	37.51183
샤브퀴진	food	127.05396	37.48946
샤브큐세곡	food	127.10137	37.46627
샤브한끼	food	127.03714	37.49434
샤블리	food	127.02221	37.51814
샤블리셰리	bar	127.03144	37.52182
샤오당쟈	food	127.03024	37.52694
샤오당쟈마라탕압구정신현대점	food	127.02737	37.52289
샤오당쟈신사	food	127.02184	37.51767
샤오차이	food	127.04526	37.50380
샤오치치마라	food	127.04362	37.50477
샤워룸	food	127.03837	37.49405
샤이니	bar	127.03148	37.49379
샤인약국	shop	127.03819	37.52747
샤인온미	shop	127.02503	37.50463
샤인플레이	activity	127.05093	37.50577
샤인후르츠	shop	127.05795	37.49243
샤카디타	food	127.08836	37.48615
샤콘느	food	127.03377	37.50274
샤트렌대치직영	shop	127.06367	37.50006
샤트렌직영	shop	127.04508	37.47796
샤피르	shop	127.02626	37.52404
샬롬	shop	127.03721	37.52589
샬롬김밥	food	127.04396	37.49918
샴	bar	127.03721	37.52798
샴팡	food	127.03951	37.52753
샴페인	bar	127.03577	37.51322
샵노래연습장	activity	127.05306	37.49799
샵노래연습장	activity	127.05176	37.50329
샵리스트	shop	127.03250	37.51122
샵마고	shop	127.03908	37.52628
샵원	shop	127.05916	37.51183
샵피트니스	activity	127.03797	37.50258
샹베리	food	127.04539	37.50744
샹볼뮈지니	bar	127.03798	37.50337
샹스	bar	127.02389	37.51125
샹츠마라	food	127.04076	37.50093
샹츠마라	food	127.02742	37.52571
서강쇠떡볶이	food	127.03182	37.49200
서강쇠떡볶이	food	127.03770	37.52685
서강쇠떡볶이강남	food	127.04633	37.51754
서강컴퍼니	shop	127.05773	37.50766
서강트래블	shop	127.05316	37.50474
서경당구장	activity	127.06094	37.48270
서경메드	shop	127.05324	37.47512
서경한우프라자	food	127.03883	37.49786
서관면옥다이닝	food	127.05446	37.50994
서광안경	shop	127.05119	37.50051
서교상사	food	127.04005	37.52848
서누뷰티앤헬스	shop	127.02739	37.52277
서랍	bar	127.03060	37.52658
서래쭈꾸미청담역점	food	127.05003	37.51835
서른커피	cafe	127.03120	37.52346
서리	food	127.04087	37.52650
서리달	food	127.01967	37.51912
서문떡볶이	food	127.06086	37.51533
서문성	food	127.10396	37.49021
서백자간장게장	food	127.05527	37.51022
서버이노베이션	shop	127.04139	37.51780
서복당	stay	127.05175	37.51110
서사라	food	127.02304	37.52351
서서떡볶이	food	127.09975	37.49214
서스포	bar	127.04747	37.50493
서아코지하우스	stay	127.04139	37.51084
서안글로벌	shop	127.04060	37.49678
서연옥	food	127.04776	37.47810
서영이앤티현대무역점	shop	127.05976	37.50862
서영이앤티현대백화점	shop	127.02747	37.52737
서영코튼	shop	127.05218	37.50587
서오릉피자	food	127.04022	37.49248
서오릉피자강남	food	127.03907	37.51623
서우상사	shop	127.05916	37.51183
서우제이앤디신사	stay	127.02852	37.52030
서울갈매기	food	127.04069	37.50835
서울강남우체국엠푸드	food	127.07808	37.49359
서울고시원	stay	127.05476	37.50099
서울깍두기강남	food	127.03258	37.49515
서울다찌	food	127.03110	37.49662
서울대치탑에듀	shop	127.06192	37.49335
서울더북책방	shop	127.07460	37.49233
서울동	food	127.04005	37.52848
서울떡집	food	127.07510	37.49575
서울라이츠	stay	127.02753	37.50995
서울랜드캘리포니아피자키친	food	127.05916	37.51183
서울록산	food	127.05916	37.51183
서울만남의광장커피논현지점	cafe	127.02707	37.50891
서울메디약국	shop	127.05166	37.50061
서울몽	bar	127.03132	37.52352
서울몽샹	stay	127.04980	37.52712
서울문구	shop	127.03952	37.51132
서울물회	food	127.06003	37.50582
서울미담	stay	127.03171	37.49666
서울미트클럽	food	127.03534	37.52031
서울미트클럽영동미락	food	127.03534	37.52031
서울밥상	food	127.06151	37.51367
서울방역공사	shop	127.04333	37.51567
서울북카페욕망의북카페	cafe	127.02826	37.50384
서울붕어베이커리역삼	food	127.03381	37.49819
서울새싹약국	shop	127.05436	37.50185
서울성모치유센터	activity	127.03151	37.51391
서울세관연금매점	shop	127.03378	37.51830
서울세관직장어린이집	food	127.03378	37.51830
서울세종고등학교매점	shop	127.10308	37.49049
서울수면센타	shop	127.02953	37.51596
서울수면센터	shop	127.02953	37.51596
서울순대국	food	127.03919	37.49497
서울스쿼시실내축구	activity	127.03173	37.49845
서울스테이	stay	127.04315	37.50664
서울스토리	food	127.01999	37.51827
서울시계	shop	127.06591	37.49962
서울시립수서청소년센터	activity	127.08875	37.48361
서울시스포츠발전연구원사	activity	127.07559	37.49266
서울식당	food	127.04299	37.49885
서울식당	food	127.09818	37.48791
서울아이건강	shop	127.05157	37.49836
서울약국	shop	127.10729	37.46399
서울양어장강남	food	127.03878	37.50310
서울여자	bar	127.02953	37.49582
서울옥	food	127.04782	37.50343
서울옥션블루	shop	127.03635	37.52270
서울온누리약국	shop	127.05594	37.50396
서울와인	shop	127.02323	37.52427
서울왕돈까스	food	127.02765	37.52237
서울왕돈까스	food	127.03476	37.51293
서울유정서점	shop	127.07460	37.49233
서울은마꽈배기	food	127.06591	37.49962
서울의료기상사	shop	127.05394	37.49795
서울의휴일게스트하우스	stay	127.05532	37.49963
서울이즘	bar	127.03654	37.52662
서울인바이더디자이너스	stay	127.03899	37.50085
서울전자	shop	127.02491	37.50925
서울정숙서점	shop	127.07460	37.49233
서울지점	shop	127.06572	37.50762
서울집	food	127.03991	37.50362
서울축산	shop	127.07510	37.49575
서울코지네스트	stay	127.05942	37.50019
서울트레이드	food	127.04355	37.48224
서울하나서점	shop	127.07460	37.49233
서울하노이	food	127.04294	37.50506
서울호떡	food	127.02689	37.51808
서울호떡신촌	food	127.02689	37.51808
서울황태	food	127.03155	37.49447
서울황태	food	127.03031	37.51939
서울황태	food	127.03811	37.51682
서울회관	food	127.04726	37.47828
서울휴게소강남	food	127.03493	37.51680
서원	food	127.04034	37.49572
서원	food	127.03858	37.52406
서원텔레콤강주	shop	127.10124	37.46576
서원텔레콤주	shop	127.10124	37.46576
서원트레이딩	shop	127.03136	37.50734
서유정갤러리	shop	127.05656	37.50310
서은약국	shop	127.02452	37.51736
서의	shop	127.04551	37.47883
서이약국	shop	127.05321	37.48875
서이통상크록스	shop	127.05712	37.51295
서일난플라워	shop	127.09975	37.48642
서재문	stay	127.02108	37.51442
서정민건강식품	shop	127.10184	37.48802
서정아이앤비	food	127.03497	37.50259
서주디벨로퍼	stay	127.02630	37.50612
서준수	shop	127.10301	37.47267
서지영의살깎아주는언니	shop	127.05202	37.50421
서진식당	food	127.03110	37.49759
서진플라워아트	shop	127.03874	37.53043
서초곳간	food	127.03250	37.49029
서초동연가	food	127.04731	37.50540
서초동연가	food	127.03062	37.49444
서초동연가	food	127.03906	37.50339
서커스텀골프랩	activity	127.02737	37.52289
서평기사식당	food	127.08350	37.49472
서프라이짐	activity	127.03977	37.48802
서프앤터프그룹	food	127.04895	37.52548
서플라이루트	shop	127.02167	37.52060
서호식품	shop	127.04914	37.50497
서화우	shop	127.03495	37.51435
서희네	food	127.04971	37.47661
서희도시락	food	127.02694	37.50631
석기정	food	127.05909	37.50571
석배	food	127.07878	37.49413
석봉토스트대치	food	127.06193	37.49426
석암생소금구이	food	127.02080	37.51750
석암생소금구이	food	127.02785	37.52510
석암생소금구이	food	127.02370	37.50839
석암생소금구이강남	food	127.02614	37.50332
석탑이레약국	shop	127.07559	37.49266
석화촌	food	127.03436	37.48532
선경문고	shop	127.06014	37.49964
선경의류	shop	127.04161	37.50998
선과점	shop	127.03491	37.52718
선궁	food	127.03170	37.49879
선능설렁탕	food	127.04637	37.50521
선더즈매터	shop	127.04072	37.50594
선덕칼국수	food	127.03723	37.50325
선데이버거클럽	food	127.03675	37.52662
선라이프	shop	127.03736	37.48533
선릉가든	food	127.04998	37.50665
선릉가판점	shop	127.04801	37.50587
선릉갈비탕	food	127.04361	37.50494
선릉감자탕뼈숯불구이	food	127.04838	37.50665
선릉게스트하우스해날	stay	127.04504	37.50591
선릉고기집	food	127.05311	37.50655
선릉공원떡볶이	food	127.05257	37.50693
선릉대치삼성맛집댓짱돈까스	food	127.05673	37.50317
선릉도원	food	127.05429	37.50424
선릉돈까스	food	127.04793	37.50317
선릉로또명당	activity	127.04464	37.50433
선릉마실길	food	127.04756	37.50697
선릉맞이방편의점	shop	127.04895	37.50450
선릉바이오포톤	shop	127.04838	37.50665
선릉분식	food	127.04291	37.50397
선릉불고기	food	127.05351	37.50355
선릉사랑방	food	127.04974	37.50629
선릉순대집	food	127.04386	37.50472
선릉슈즈	shop	127.04895	37.50450
선릉안경	shop	127.04853	37.50597
선릉역매운떡볶이	food	127.03341	37.50074
선릉역약국	shop	127.04867	37.50554
선릉착한식당	food	127.05005	37.50576
선릉청와대소금구이	food	127.04974	37.50629
선릉코코약국	shop	127.04801	37.50469
선릉타워약국	shop	127.04704	37.50355
선릉탁구	activity	127.04887	37.50287
선릉폰연금술사	shop	127.05338	37.50625
선물포장현대아트	shop	127.05945	37.50963
선불폰당일개통선불유심	shop	127.03053	37.49848
선비칼국수	food	127.04697	37.50477
선비칼국수강남보건소점	food	127.04232	37.51589
선비칼국수삼성	food	127.06632	37.50850
선비칼국수점	food	127.03568	37.50084
선삼역삼판매점	shop	127.03104	37.49185
선샤인	stay	127.02878	37.52050
선선	cafe	127.02720	37.50832
선셋스위밍	food	127.03559	37.52685
선술집	bar	127.04510	37.49675
선애밥	bar	127.05917	37.50554
선영원룸텔	stay	127.04431	37.49668
선월한우	shop	127.06299	37.49918
선유도커피집은마	cafe	127.06591	37.49962
선일금고	shop	127.04382	37.49959
선일금고	shop	127.03807	37.52817
선일우드	food	127.02884	37.51311
선정릉맞이방편의점	shop	127.04364	37.51086
선정릉약국	shop	127.04265	37.51018
선정릉역컴퓨터출장수리애플맥북수리데이타복구유지보수	shop	127.04416	37.51009
선정릉케이약국	shop	127.04408	37.50908
선정릉큰약국	shop	127.04346	37.51078
선주가	food	127.05388	37.50345
선주레시피	food	127.04707	37.50565
선진하이테크	shop	127.04902	37.47988
선초밥	food	127.04095	37.50864
선한약국	shop	127.03337	37.50775
선향정샤브샤브	food	127.03294	37.50852
선향정샤브샤브	food	127.05502	37.50556
선향정샤브샤브강남	food	127.03015	37.49449
선혁	shop	127.05325	37.51672
선화당	food	127.05561	37.51103
설농정	food	127.03980	37.50017
설레임에이치앤비	shop	127.03592	37.50130
설로인	food	127.02767	37.52067
설매네	food	127.02949	37.52589
설백가마순대국	food	127.03066	37.52171
설빙	food	127.04816	37.50301
설빙강남세곡점	cafe	127.10124	37.46576
설빙서울	cafe	127.05506	37.49800
설빙압구정	cafe	127.03687	37.52804
설빙지점	food	127.02715	37.50112
설성목장	shop	127.06035	37.49368
설성목장	food	127.05348	37.48807
설성목장청담점	food	127.05064	37.51631
설영희부띠끄마리에블랑	shop	127.03434	37.52748
설온	food	127.03765	37.52595
설윤형	shop	127.04916	37.52175
설화연	shop	127.03242	37.51760
설훈	shop	127.04709	37.51093
섬	stay	127.03823	37.50217
섬마을이야기	food	127.02223	37.51094
섬총각	food	127.02852	37.52095
섭식당	bar	127.03732	37.52624
성경정보통신	shop	127.02887	37.52532
성공수제어묵	food	127.06591	37.49962
성공시대	food	127.04726	37.51185
성공에프앤비	food	127.05596	37.50413
성균관약국	shop	127.08164	37.48961
성덕	food	127.04922	37.52559
성덕	food	127.03493	37.49938
성덕	food	127.02724	37.52580
성모약국	shop	127.07087	37.48914
성모의집	stay	127.03912	37.51054
성바오로수도회재	cafe	127.02366	37.51158
성북동왕돈까스	food	127.05899	37.50536
성북동청국장	food	127.06194	37.51396
성실한청년들	food	127.03941	37.49490
성심약국	shop	127.04726	37.47894
성씨네삼장집	food	127.03744	37.52681
성암아트홀	heritage	127.04302	37.51105
성연한복	shop	127.02690	37.52478
성영전기	shop	127.05296	37.49911
성원개발성원빈주	cafe	127.06401	37.50951
성원비철	shop	127.04235	37.49341
성원학사	food	127.05659	37.50182
성인문구센타	shop	127.04809	37.51874
성일국수	food	127.04562	37.51109
성일산업	shop	127.03287	37.49607
성일약국	shop	127.02723	37.52627
성장기업	shop	127.05846	37.50626
성제기업	stay	127.04976	37.51237
성지연매점	shop	127.04526	37.50380
성지프라자약국	shop	127.03616	37.50158
성풍정육점	shop	127.06512	37.51278
성풍한우	food	127.06512	37.51278
성피티짐	activity	127.05763	37.52245
성하루	food	127.02143	37.52252
성한아이엔티스타필드코엑스	shop	127.05916	37.51183
성현상사·알파문구도곡	shop	127.05068	37.48814
성호마트	shop	127.06645	37.50879
성호식품	food	127.03703	37.49866
성호푸드	food	127.04002	37.52755
성화	food	127.03836	37.49673
성화	shop	127.05161	37.51206
성훈샷시	shop	127.03932	37.49348
세겹	food	127.03827	37.49640
세계골프역사박물관	heritage	127.06200	37.50809
세계관	food	127.05680	37.50895
세계로통신	shop	127.02818	37.52594
세계제일패션	shop	127.04465	37.52297
세계프라임	shop	127.06232	37.50606
세곡당구장	activity	127.10729	37.46399
세곡리엔약국	shop	127.10347	37.46315
세곡스마일	activity	127.10139	37.46648
세곡온누리약국	shop	127.09877	37.46681
세곡자전거	shop	127.10704	37.47475
세곡짜장짬봉이야기	food	127.10729	37.46399
세곡초장	food	127.10729	37.46399
세곡축산	shop	127.10136	37.46605
세곡화원	shop	127.02609	37.50970
세광양대창	food	127.02476	37.50631
세광양대창	food	127.05176	37.50272
세광양대창강남	food	127.04008	37.51826
세광양대창수서점	food	127.10276	37.48836
세교	bar	127.05765	37.49810
세기냉동	shop	127.04411	37.49622
세꼬시닷컴	food	127.02484	37.50539
세나큐즈	shop	127.10184	37.48802
세둥지주	stay	127.05659	37.50182
세드릭신사	cafe	127.03069	37.52537
세라	shop	127.06591	37.49962
세라젬센터필드점	food	127.04136	37.50288
세라젬웰카페	food	127.05157	37.49836
세라젬웰카페	food	127.03257	37.51488
세라젬웰카페청담점	food	127.04965	37.52055
세라젬카페오가다	food	127.02399	37.52467
세라현대무역점	shop	127.05976	37.50862
세란건강	shop	127.05800	37.50959
세레스홈	shop	127.02870	37.51763
세렌디퍼	shop	127.03389	37.49544
세렌디피디	shop	127.02326	37.51963
세렌디피티	bar	127.03353	37.52042
세렌디피티	shop	127.04483	37.52274
세렌앤제이슨	food	127.05853	37.49275
세로방	food	127.03244	37.49097
세로수길	heritage	127.02248	37.51881
세로수길약국	shop	127.02297	37.51818
세로수맥주창고	bar	127.02172	37.51760
세로운	activity	127.03673	37.49859
세리	shop	127.10563	37.48798
세림인터내셔널	shop	127.04506	37.52359
세명약국	shop	127.04472	37.51810
세모담에프앤비	shop	127.03531	37.49923
세모컴퍼니	shop	127.03614	37.50098
세미베이스먼트	shop	127.02102	37.52172
세바	food	127.03171	37.52167
세바스찬도시락	food	127.03490	37.50965
세방무역	shop	127.04120	37.50640
세브도르	shop	127.04743	37.47896
세브도르와인바	bar	127.04272	37.50194
세브도르주	shop	127.04272	37.50194
세브일레븐대치동일점	shop	127.06700	37.50713
세븐	bar	127.03155	37.49437
세븐	bar	127.03104	37.49185
세븐강남도곡로점	shop	127.03912	37.49129
세븐강남롯데점	shop	127.05346	37.49810
세븐강남선릉점	shop	127.04482	37.50472
세븐강남청담점	shop	127.05194	37.51763
세븐개포２호점주	shop	127.06885	37.48930
세븐거평타운점	shop	127.02832	37.50592
세븐골드로즈점	shop	127.05202	37.50421
세븐골프	shop	127.05565	37.49146
세븐과학기술회관점	shop	127.03074	37.50073
세븐논현보람점	shop	127.03181	37.51526
세븐논현스타우스점주	shop	127.02598	37.50976
세븐논현영동점	shop	127.02487	37.51048
세븐논현학나래점주	shop	127.02137	37.51316
세븐논현한바위점	shop	127.02578	37.50686
세븐논현한어울점주	shop	127.02789	37.50997
세븐논현힐탑점	shop	127.03204	37.51057
세븐논현１１호점주	shop	127.04059	37.51797
세븐논현１４호점주	shop	127.02573	37.51762
세븐논현６호점주	shop	127.03665	37.52128
세븐뉴대치동일점	shop	127.06700	37.50713
세븐뉴선릉오성점	shop	127.04878	37.50588
세븐뉴압구정로데오본점	shop	127.03883	37.52615
세븐뉴청담그린점	shop	127.04619	37.52703
세븐당구장	activity	127.05278	37.51264
세븐대치공원점주	shop	127.05841	37.49944
세븐대치나인점	shop	127.05098	37.50399
세븐대치덕일점	shop	127.06287	37.50429
세븐대치동일점	shop	127.06700	37.50713
세븐대치동일점주	shop	127.06700	37.50713
세븐대치멤버스점	shop	127.05376	37.50463
세븐대치본점	shop	127.05935	37.50119
세븐대치삼화점	shop	127.06676	37.50836
세븐대치선릉로점	shop	127.05311	37.50320
세븐대치아이파크점	shop	127.05476	37.49586
세븐대치역삼로점	shop	127.05392	37.50128
세븐대치역점	shop	127.06295	37.49388
세븐대치우성점	shop	127.06451	37.50083
세븐대치은마사거리점	shop	127.06141	37.49864
세븐대치코스모점	shop	127.06491	37.50780
세븐대치６호점주	shop	127.05572	37.50472
세븐대치７호점주	shop	127.05879	37.50575
세븐도곡공원점	shop	127.03340	37.48958
세븐도곡렉슬점	shop	127.04973	37.49421
세븐도곡본점	shop	127.04470	37.48471
세븐도곡센트레빌점	shop	127.05567	37.49144
세븐도곡시네마점	shop	127.04657	37.48716
세븐도곡중앙점	shop	127.03403	37.48673
세븐도곡２호점주	shop	127.03995	37.48776
세븐르네상스점주	shop	127.04039	37.50316
세븐매봉점	shop	127.04638	37.48461
세븐메트로칸점	shop	127.05947	37.50685
세븐목련슈퍼	shop	127.08480	37.48553
세븐삼성국순당점	shop	127.06544	37.51579
세븐삼성대웅점주	shop	127.06509	37.51482
세븐삼성동래미안점	shop	127.04333	37.51567
세븐삼성봉은사점	shop	127.05598	37.51322
세븐삼성역점	shop	127.06227	37.50820
세븐삼성페이토점	shop	127.05871	37.50845
세븐삼성８호점주	shop	127.04690	37.51214
세븐선릉스타점	shop	127.04345	37.50888
세븐세관사거리점	shop	127.03572	37.51628
세븐수서역점	shop	127.10311	37.48732
세븐스타코인노래연습장	activity	127.05220	37.50120
세븐신사대로점	shop	127.02564	37.51903
세븐신사로데오점	shop	127.03517	37.52784
세븐신사증권점	shop	127.02900	37.52631
세븐신사한나래점주	shop	127.02734	37.52312
세븐신사４호점주	shop	127.02381	37.51874
세븐신사５호점주	shop	127.02199	37.52114
세븐압구정가은점	shop	127.03799	37.52488
세븐압구정로데오점주	shop	127.03985	37.52770
세븐압구정로데오현대점	shop	127.03744	37.52681
세븐압구정스퀘어점	shop	127.03098	37.52738
세븐압구정칼릭스점주	shop	127.03123	37.52266
세븐역삼나우점	shop	127.02970	37.50546
세븐역삼래미안점	shop	127.04648	37.49590
세븐역삼만남점	shop	127.03184	37.49558
세븐역삼명랑점	shop	127.03794	37.49811
세븐역삼성지점	shop	127.04526	37.50380
세븐역삼세브란스점	shop	127.04323	37.49405
세븐역삼언주로점	shop	127.04127	37.50102
세븐역삼우일점	shop	127.04135	37.50688
세븐역삼진선점	shop	127.04887	37.50287
세븐역삼창조점	shop	127.03626	37.49910
세븐역삼코넬점주	shop	127.03962	37.50390
세븐역삼타운점	shop	127.03091	37.49699
세븐역삼태광점	shop	127.04032	37.50113
세븐역삼태극점	shop	127.03008	37.49470
세븐역삼테헤란점	shop	127.03821	37.50289
세븐역삼특허점	shop	127.03231	37.49587
세븐역삼하이츠점	shop	127.03592	37.50130
세븐역삼한은점	shop	127.03872	37.50101
세븐역삼화랑점	shop	127.03767	37.49471
세븐역삼１８호점주	shop	127.04517	37.49486
세븐역삼８호점주	shop	127.02674	37.50192
세븐옵티컬	shop	127.02771	37.51494
세븐일레븐	shop	127.03144	37.49191
세븐일레븐	shop	127.06227	37.50820
세븐일레븐	shop	127.06856	37.49569
세븐일레븐	shop	127.02991	37.51638
세븐일레븐강남	shop	127.03757	37.48560
세븐일레븐강남	shop	127.07460	37.49233
세븐일레븐강남	shop	127.03835	37.52217
세븐일레븐강남	shop	127.05346	37.49810
세븐일레븐강남도곡로점	shop	127.03912	37.49129
세븐일레븐강남목련타운점	shop	127.08480	37.48553
세븐일레븐강남언주로점	shop	127.04383	37.50742
세븐일레븐강남인텔렉스점	shop	127.03631	37.51163
세븐일레븐강남청담점	shop	127.05194	37.51763
세븐일레븐강남포레스트점	shop	127.09414	37.48219
세븐일레븐강남푸르지오시티점	shop	127.02929	37.49766
세븐일레븐강남힐즈점	shop	127.09727	37.47328
세븐일레븐개포	shop	127.06885	37.48930
세븐일레븐개포	shop	127.06842	37.48615
세븐일레븐개포주공점	shop	127.06684	37.48869
세븐일레븐개포현대점	shop	127.05299	37.48091
세븐일레븐거평타운점	shop	127.02832	37.50592
세븐일레븐공항	shop	127.05916	37.51183
세븐일레븐과학기술회관점	shop	127.03074	37.50073
세븐일레븐논현	shop	127.04105	37.51625
세븐일레븐논현	shop	127.03665	37.52128
세븐일레븐논현건설회관점	shop	127.03430	37.51684
세븐일레븐논현디네로점	shop	127.02973	37.51947
세븐일레븐논현스타우스점	shop	127.02598	37.50976
세븐일레븐논현영동점	shop	127.02487	37.51048
세븐일레븐논현타운점	shop	127.03126	37.51910
세븐일레븐논현학나래점	shop	127.02137	37.51316
세븐일레븐논현한바위점	shop	127.02578	37.50686
세븐일레븐논현한어울림점	shop	127.02789	37.50997
세븐일레븐뉴강남	shop	127.02774	37.49986
세븐일레븐뉴대청역점	shop	127.07965	37.49434
세븐일레븐뉴대치동일점	shop	127.06700	37.50713
세븐일레븐뉴압구정로데오	shop	127.03883	37.52615
세븐일레븐뉴역삼한은점	shop	127.03894	37.50063
세븐일레븐뉴청담	shop	127.04619	37.52703
세븐일레븐당진호서대점	shop	127.03649	37.49859
세븐일레븐대치	shop	127.05485	37.49578
세븐일레븐대치	shop	127.05572	37.50472
세븐일레븐대치	shop	127.05358	37.49948
세븐일레븐대치	shop	127.06300	37.49315
세븐일레븐대치	shop	127.05352	37.49538
세븐일레븐대치	shop	127.05935	37.50119
세븐일레븐대치공원점	shop	127.05841	37.49944
세븐일레븐대치나인점	shop	127.05098	37.50399
세븐일레븐대치마루점	shop	127.05792	37.50200
세븐일레븐대치선릉로점	shop	127.05311	37.50320
세븐일레븐대치역점	shop	127.06295	37.49388
세븐일레븐대치우성점	shop	127.06451	37.50083
세븐일레븐대치으뜸점	shop	127.05966	37.50407
세븐일레븐대치은마	shop	127.06134	37.49845
세븐일레븐대치코스모점	shop	127.06491	37.50780
세븐일레븐도곡	shop	127.03403	37.48673
세븐일레븐도곡	shop	127.04470	37.48471
세븐일레븐도곡	shop	127.03995	37.48776
세븐일레븐래미안	shop	127.04333	37.51567
세븐일레븐롯데캐논점	shop	127.06401	37.50951
세븐일레븐르네상스점	shop	127.04039	37.50316
세븐일레븐삼성국순당점	shop	127.06544	37.51579
세븐일레븐삼성대웅점	shop	127.06509	37.51482
세븐일레븐삼성베스트점	shop	127.05574	37.51085
세븐일레븐삼성봉은사점	shop	127.05598	37.51322
세븐일레븐삼성예술점	shop	127.05607	37.50949
세븐일레븐삼원	shop	127.03170	37.49879
세븐일레븐세관	shop	127.03572	37.51628
세븐일레븐수서	shop	127.10307	37.48812
세븐일레븐수서역점	shop	127.10311	37.48732
세븐일레븐신논현	shop	127.03013	37.50592
세븐일레븐신사	shop	127.03517	37.52784
세븐일레븐신사대로점	shop	127.02564	37.51903
세븐일레븐신사무지개점	shop	127.02531	37.51985
세븐일레븐신사소망점	shop	127.03069	37.52537
세븐일레븐신사압구정	shop	127.02626	37.52245
세븐일레븐압구정	shop	127.03979	37.52746
세븐일레븐압구정로데오현대점	shop	127.03719	37.52627
세븐일레븐압구정칼릭스점	shop	127.03123	37.52266
세븐일레븐역삼	shop	127.04695	37.49898
세븐일레븐역삼	shop	127.03567	37.49492
세븐일레븐역삼	shop	127.04323	37.49405
세븐일레븐역삼	shop	127.03002	37.49669
세븐일레븐역삼래미안점	shop	127.04648	37.49590
세븐일레븐역삼만남점	shop	127.03184	37.49558
세븐일레븐역삼명랑점	shop	127.03794	37.49811
세븐일레븐역삼보브점	shop	127.02611	37.50471
세븐일레븐역삼성지점	shop	127.04526	37.50380
세븐일레븐역삼우일점	shop	127.04135	37.50688
세븐일레븐역삼은탑점	shop	127.03321	37.49908
세븐일레븐역삼지에프씨점	shop	127.03651	37.50002
세븐일레븐역삼진선점	shop	127.04887	37.50287
세븐일레븐역삼창조점	shop	127.03626	37.49910
세븐일레븐역삼칼리도점	shop	127.03928	37.50676
세븐일레븐역삼코넬점	shop	127.03962	37.50390
세븐일레븐역삼타운점	shop	127.03091	37.49699
세븐일레븐역삼피에스따점	shop	127.03282	37.50190
세븐일레븐역삼하이츠점	shop	127.03592	37.50130
세븐일레븐역삼해피점	shop	127.03689	37.50724
세븐일레븐역삼화랑점	shop	127.03767	37.49471
세븐일레븐은석점	shop	127.04150	37.49869
세븐일레븐일원엘림점	shop	127.08369	37.49363
세븐일레븐청담	shop	127.05096	37.52367
세븐일레븐청담루나점	shop	127.05606	37.52012
세븐일레븐청담튼튼병원	shop	127.05552	37.52114
세븐일레븐청담황해점	shop	127.04494	37.52322
세븐일레븐코엑스아셈	shop	127.05916	37.51183
세븐일레븐테헤란로점	shop	127.05400	37.50569
세븐일레븐포이	shop	127.04808	37.47844
세븐일레븐포이	shop	127.04865	37.47537
세븐일레븐포이	shop	127.04697	37.47674
세븐일레븐포이중앙	shop	127.04613	37.47773
세븐일레븐한신점	shop	127.04658	37.50324
세븐일레븐９００호점	shop	127.04841	37.51399
세븐일원본점	shop	127.08759	37.49170
세븐일원석탑점	shop	127.07559	37.49266
세븐청담누리점	shop	127.04111	37.52410
세븐청담루나점주	shop	127.05606	37.52012
세븐청담유시어터점	shop	127.04152	37.52208
세븐청담튼튼병원점	shop	127.05552	37.52114
세븐청담７호점주	shop	127.05096	37.52367
세븐컴퓨터	shop	127.07136	37.49886
세븐테헤란로점	shop	127.05400	37.50569
세븐틴코인노래연습장	activity	127.05205	37.50359
세븐틴코인노래연습장압구정	activity	127.03756	37.52619
세븐패티버거압구정	food	127.03931	37.52483
세븐포이５호점주	shop	127.04808	37.47844
세븐한신점주	shop	127.04658	37.50324
세빈공간	shop	127.02954	37.49898
세사메이드	shop	127.06612	37.50486
세석정	food	127.03532	37.49396
세실아트홀	heritage	127.03185	37.52819
세실훌라워	shop	127.04978	37.51565
세안안경원	shop	127.04631	37.49280
세야스시	food	127.04272	37.52244
세어그루	shop	127.03313	37.49707
세연안경원	shop	127.05800	37.50959
세울	activity	127.03642	37.50748
세움	stay	127.03841	37.48646
세이	shop	127.05918	37.49996
세이레스커피	cafe	127.05036	37.51122
세이렌다이아몬드	shop	127.02062	37.51394
세이버리	food	127.03301	37.50143
세이버서울	cafe	127.03059	37.50412
세이버투플러스	shop	127.03160	37.49742
세이지앤버터	food	127.03242	37.52398
세이프닉스	shop	127.03665	37.48592
세이프룻	cafe	127.03102	37.49366
세이프룻강남알디센터	cafe	127.03081	37.50966
세이프토피아	cafe	127.06211	37.51483
세인	shop	127.10318	37.48676
세인츠아머	shop	127.04888	37.52243
세인츠아머맞춤정장대여렌탈샵	shop	127.05696	37.51064
세인츠투엘브삼성	cafe	127.05696	37.51064
세인트	food	127.03974	37.50312
세인트기네스	food	127.03379	37.52032
세인트앤드류스현대백화점	shop	127.02747	37.52737
세일아트홀	heritage	127.03906	37.49724
세일화방	shop	127.05113	37.50154
세정엠프티압구정지점	shop	127.03641	37.52781
세조니	food	127.04319	37.52264
세종축산	shop	127.03312	37.51500
세종한우	food	127.03250	37.51096
세주그룹	shop	127.04431	37.50427
세진약국	shop	127.03135	37.52766
세진힐링	shop	127.03406	37.49472
세컨드도산	shop	127.03969	37.52723
세컨드라이브러리	cafe	127.05497	37.52203
세컨드보드카페	food	127.05347	37.50404
세컨드컵커피	cafe	127.02878	37.49995
세컨드플로어	food	127.03306	37.50063
세컨브레스	cafe	127.03431	37.50563
세컨스트릿	shop	127.02336	37.51995
세코아약국	shop	127.03636	37.50127
세터하우스도산대로점	shop	127.03439	37.52628
세피앙논현사옥	shop	127.02935	37.51637
세피앙청담지점	shop	127.04895	37.52182
세하	shop	127.02892	37.50528
세화	shop	127.05340	37.51039
세화바둑살롱	activity	127.04663	37.50548
세화정육	shop	127.03680	37.51652
세화정육식당	food	127.03680	37.51652
세훈통상무역센타지점주	shop	127.05976	37.50862
세희플라워스튜디오	shop	127.03424	37.52574
섹시쿠키강남	shop	127.02806	37.49862
센느약국	shop	127.02314	37.50827
센도수산	bar	127.05242	37.50229
센마키	bar	127.05400	37.50569
센마키	bar	127.05613	37.50582
센민이자카야	food	127.03491	37.50277
센스	bar	127.02023	37.51726
센스노래연습장	activity	127.03300	37.48946
센스앤센서빌러티	shop	127.04604	37.52737
센시오	shop	127.02131	37.52247
센야	bar	127.03364	37.49574
센터커피	cafe	127.06483	37.51095
센트럴강남	stay	127.04222	37.50796
센트럴약국	shop	127.03522	37.50804
센트플라워	shop	127.03922	37.50250
센트하우스	shop	127.03244	37.49097
센티넬	cafe	127.02163	37.52183
센티맷	food	127.04620	37.48396
센프코퍼레이션	shop	127.02068	37.51938
셀드림	bar	127.03901	37.52612
셀라도어와인바	food	127.05272	37.51521
셀라비	food	127.02871	37.50068
셀라피티스튜디오	activity	127.03597	37.50936
셀러브리티버거	food	127.05367	37.49864
셀러잡	shop	127.03104	37.49185
셀렉커피랩	cafe	127.04059	37.50570
셀렉토커피	cafe	127.06126	37.50686
셀렉트원	shop	127.03862	37.52555
셀렉티드닉스	cafe	127.03091	37.49619
셀로아트	shop	127.04723	37.52525
셀리나	shop	127.06775	37.48865
셀린	shop	127.03859	37.49322
셀린느청담점	shop	127.04205	37.52614
셀린뷰티	shop	127.03294	37.49866
셀업성형외과의원	shop	127.04358	37.52438
셀엑티브	shop	127.04444	37.50356
셀큐	shop	127.02205	37.51604
셀파운드	shop	127.02572	37.51966
셀프와인청담점	shop	127.04121	37.51934
셀프포트레이트	shop	127.04005	37.52848
셀피온	shop	127.05363	37.50708
셉스	shop	127.02473	37.51913
셉템	shop	127.03599	37.52657
셔스	food	127.03756	37.49677
션앤루안스	shop	127.03389	37.51311
셜록	food	127.04818	37.52556
셰프의돈까스	food	127.06632	37.50850
셰플리강남키친	food	127.03687	37.50332
소가횟집	food	127.04389	37.48413
소각	food	127.02009	37.51961
소개팅	activity	127.02372	37.50852
소공동뚝배기	food	127.03596	37.51006
소공동뚝배기집	food	127.05825	37.50906
소공푸드	food	127.05046	37.50235
소과당	food	127.02807	37.49973
소금창고	shop	127.03875	37.48649
소꿉	food	127.04775	37.52555
소나	food	127.02158	37.52070
소나무	food	127.02678	37.52501
소나무	bar	127.03752	37.50810
소나무	bar	127.03968	37.49317
소나무	food	127.03499	37.52110
소나무식당	food	127.06552	37.51167
소나무약국	shop	127.04679	37.47855
소나이	shop	127.06512	37.51278
소네트	shop	127.03296	37.50557
소넨덱	food	127.03094	37.51573
소넷다이닝	food	127.03705	37.52629
소녀폰	shop	127.02080	37.51750
소녀폰양재역점	shop	127.03436	37.48532
소년상회	food	127.02446	37.52243
소노야	food	127.02806	37.49862
소노야	food	127.04225	37.51571
소노야	food	127.05916	37.51183
소노온	shop	127.03880	37.52105
소다	shop	127.05326	37.49698
소다롯데	shop	127.05326	37.49698
소다현대무역점	shop	127.05978	37.50867
소담	food	127.07559	37.49266
소담	food	127.04633	37.51754
소담그릴청담점	food	127.03772	37.52148
소담스테이	stay	127.04135	37.50891
소담약국	shop	127.04845	37.50479
소담한블랑제리	food	127.04107	37.51611
소담한우	food	127.04361	37.50494
소더비	shop	127.03495	37.52661
소더비	shop	127.06169	37.50703
소도엘앤비	shop	127.06088	37.50683
소두리	food	127.03828	37.52571
소디스에스프레소바가로수길점	cafe	127.02070	37.52155
소디스에스프레소바역삼	cafe	127.04283	37.49863
소로길	food	127.02433	37.51730
소르비	cafe	127.01972	37.52093
소리케어보청기	shop	127.04858	37.51879
소림마라	food	127.10367	37.47411
소림마라	food	127.06734	37.48875
소림사	cafe	127.03037	37.49484
소림사소금빵	food	127.04152	37.50433
소마	food	127.04007	37.51748
소마테라피	activity	127.10448	37.48856
소망김밥	food	127.03137	37.52621
소망김밥	food	127.07948	37.49372
소망보청기센타	shop	127.08130	37.49034
소망복지재단	food	127.03104	37.52421
소망상회	shop	127.04336	37.50467
소망약국	shop	127.05860	37.50863
소망온누리약국	shop	127.04016	37.51654
소문난국수	food	127.03354	37.52026
소문난바지락칼국수	food	127.05967	37.50048
소문난집	bar	127.04232	37.51589
소문난집토종닭곰탕	food	127.04232	37.51589
소문난할인마트	shop	127.06201	37.51635
소문난흥부네감자탕	food	127.03913	37.52703
소뭉집	food	127.03262	37.49061
소뭉집선릉	food	127.05043	37.50275
소바박스	food	127.04225	37.51571
소반	bar	127.03278	37.52369
소반블랙	bar	127.03278	37.52369
소반애찬	shop	127.03838	37.48632
소반애찬	shop	127.05040	37.47532
소보담치유농장	activity	127.10056	37.48476
소보루치킨	food	127.07460	37.49233
소봄	shop	127.02497	37.52289
소블리	food	127.02341	37.50933
소산퍼시픽	shop	127.04862	37.52371
소셜컨시더	shop	127.02532	37.52507
소소떡볶이강남	food	127.03933	37.52487
소소테이블	food	127.04005	37.52848
소소한	shop	127.04299	37.52275
소소한브라더	food	127.04658	37.50324
소소한스포츠	shop	127.05901	37.50169
소소한식당	food	127.08480	37.48553
소소한식당대치	food	127.05979	37.50035
소스	food	127.04854	37.52277
소시에다드떽스띨로니아	shop	127.04663	37.52607
소야	shop	127.05434	37.51297
소양탐정	food	127.02378	37.51905
소어인터랙티브	shop	127.03121	37.52229
소연	food	127.05574	37.51173
소우주	shop	127.04761	37.47637
소운나김밥	food	127.05841	37.50280
소운빙	cafe	127.05248	37.49912
소울국수	food	127.03569	37.49852
소울담은퓨전요리	food	127.06552	37.51167
소울로뎅	food	127.03301	37.49198
소울마켓베이커리	food	127.05916	37.51183
소울버	shop	127.05763	37.52245
소울스테이	stay	127.05637	37.49867
소울써드	shop	127.02806	37.49862
소울썸	shop	127.02314	37.52009
소원	shop	127.02606	37.52276
소원	bar	127.03618	37.52590
소유화	bar	127.06440	37.49946
소윤화	food	127.03208	37.50065
소은약국	shop	127.03764	37.52174
소이연남더샵스앳센터필드	food	127.04136	37.50288
소이연남마오	food	127.03893	37.52517
소인플레르	shop	127.04023	37.48823
소일베이커	shop	127.02143	37.52059
소잡는최선생	shop	127.06440	37.49946
소적두압구정	cafe	127.03687	37.52804
소제이서울	food	127.02535	37.50604
소주물	food	127.08275	37.48954
소중한사람	shop	127.02503	37.50497
소코아	food	127.04777	37.50695
소표국수	food	127.05279	37.49726
소풍	food	127.03493	37.51680
소풍	food	127.05269	37.50135
소풍	food	127.03302	37.49758
소풍	food	127.03125	37.49132
소풍	food	127.03804	37.52191
소풍	food	127.05945	37.50963
소풍	food	127.04017	37.50065
소풍	food	127.05205	37.50359
소풍가는날	food	127.05763	37.52245
소풍가는날	food	127.02730	37.50227
소풍가는날두번째이야기	food	127.04806	37.47943
소풍김밥	food	127.03063	37.52750
소풍나온산오징어	food	127.03537	37.49374
소프라믹청담	shop	127.04880	37.52211
소프트실버타입	activity	127.05003	37.51835
소피케이트	shop	127.02351	37.52435
소한마리솥밥	food	127.02929	37.49766
소핫	shop	127.02806	37.49862
소향	food	127.04565	37.48529
소호라운지서울	shop	127.03715	37.52568
소호리빙텔	stay	127.03952	37.49298
소호부티크	shop	127.04198	37.49654
소호앤노호	shop	127.05945	37.50963
소호앤노호	shop	127.02943	37.51903
소호약국	shop	127.02884	37.52458
소홍	shop	127.05374	37.50216
소화약국	shop	127.03774	37.48637
소휘	shop	127.03440	37.49850
속시원한대구탕	food	127.03369	37.49063
속초백반	food	127.03476	37.51002
속초오징어어시장	food	127.02393	37.50786
속초오징어어시장	food	127.03074	37.49494
속초오징어어시장	food	127.02210	37.51777
속초코다리냉면	food	127.03651	37.50002
손가네	food	127.04174	37.50890
손국시	food	127.02296	37.51006
손국시	food	127.03516	37.52116
손뜨개이야기	shop	127.10184	37.48802
손수식당	food	127.10271	37.47318
손수짓는우리옷마리	shop	127.04232	37.51589
손수폐백	food	127.05763	37.52245
손앤더아티	shop	127.02019	37.51800
손에손잡고삼성	food	127.05835	37.50874
손유나	shop	127.03842	37.52354
손짜장	food	127.04977	37.47965
손칼국수	food	127.03610	37.51011
솔고헬스케어	shop	127.05069	37.49812
솔낭구	food	127.03294	37.49866
솔당구장	activity	127.05040	37.47532
솔라리움	stay	127.03366	37.48971
솔리데오	shop	127.03828	37.52197
솔리드옴므	shop	127.04005	37.52848
솔리드피씨방	activity	127.03542	37.49834
솔마루	food	127.04413	37.50232
솔밤에프앤비	food	127.03419	37.51554
솔베리엔코	shop	127.06326	37.50435
솔본미디어주	activity	127.05276	37.52229
솔빈덕	food	127.03828	37.52571
솔빈약국	shop	127.04502	37.48658
솔빛동양약국	shop	127.05132	37.48737
솔솥	food	127.02120	37.51868
솔솥청담점	food	127.03861	37.52422
솔솥포스코	food	127.05613	37.50582
솔약국	shop	127.07559	37.49266
솔잎약국	shop	127.07559	37.49266
솔주얼리	shop	127.06591	37.49962
솔트랑스테이크삼성	food	127.06455	37.50883
솔트레인	shop	127.02487	37.52250
솔트앤페퍼	food	127.09320	37.47379
솔티버터스윗	food	127.03166	37.51838
솔향기	food	127.06535	37.51266
솔향기	food	127.06194	37.51396
솔향기약국	shop	127.04815	37.48030
솔향기푸드	food	127.06285	37.51054
솜	activity	127.05290	37.50389
솜	shop	127.02033	37.51643
솜리에프앤비	food	127.02747	37.52737
솜씨맵씨	shop	127.03074	37.52336
솟대	cafe	127.03807	37.52817
송	food	127.05976	37.50862
송가네	food	127.03257	37.50796
송강식당	food	127.05865	37.51464
송광주류	shop	127.03039	37.49713
송담추어탕	food	127.04238	37.48402
송담컴퍼니	shop	127.03942	37.49622
송림	food	127.02908	37.51442
송미정탁구교실	activity	127.06188	37.48251
송송솜사탕	shop	127.02321	37.52254
송송책방	cafe	127.05470	37.48541
송송카레	food	127.03995	37.49635
송송카츠	food	127.05068	37.48814
송송푸드	food	127.01962	37.51933
송오브송즈로스터즈	cafe	127.02674	37.52403
송옥	food	127.02241	37.51867
송옥아이에프씨	food	127.04813	37.52216
송옥에프앤비	food	127.03875	37.52673
송옥엔청담점	food	127.04717	37.52229
송원	food	127.05916	37.49316
송은	heritage	127.04412	37.52416
송지연봉지	shop	127.05916	37.51183
송춘희뷰티	shop	127.05156	37.50449
송커피	cafe	127.04635	37.47751
송탄부대찌개	food	127.07878	37.49413
송탄부대찌개	food	127.08620	37.49062
송탄부대찌게	food	127.02681	37.51870
송파농협하나로마트세곡점	shop	127.10915	37.46641
송포갈비	food	127.02703	37.50606
송현	shop	127.05099	37.52554
송현진	stay	127.10512	37.47226
송혜원한복	shop	127.04072	37.52680
송화	food	127.03281	37.50090
송화	food	127.03366	37.50092
송화냉면	food	127.04453	37.49677
송희네족발	food	127.03469	37.49426
솥국	food	127.05174	37.49728
솥내음	food	127.06442	37.51424
솥내음강남역삼	food	127.04771	37.50556
솥밥신	food	127.04005	37.52848
쇼군	food	127.05916	37.51183
쇼군웨이크스노우보드주	shop	127.03390	37.50831
쇼긴	food	127.03464	37.50237
쇼닌코엑스	food	127.05916	37.51183
쇼린	food	127.04775	37.52555
쇼미더뽑기방	activity	127.08430	37.49000
쇼미더크랩	food	127.02703	37.52528
쇼부라멘대웅제약점	food	127.06547	37.51442
쇼부라멘수서역점	food	127.10311	37.48732
쇼유식당	food	127.04367	37.50441
쇼콜라유아복	shop	127.05976	37.50862
쇼쿠도카이	food	127.04235	37.52242
쇼핀	shop	127.02831	37.49816
쇼헤이	bar	127.04588	37.51181
숀아이비엔엘주	shop	127.02001	37.52258
숍커뮤니티	shop	127.02929	37.49554
숑숑돈가스서울대웅제약점	food	127.06547	37.51442
수	bar	127.03982	37.50380
수	bar	127.04197	37.51041
수궁	food	127.05841	37.51430
수궁갈비집	food	127.05841	37.51430
수노래바	bar	127.03999	37.50346
수노래연습장	activity	127.05164	37.50293
수니앤앨리스	shop	127.02806	37.49862
수다	bar	127.05267	37.50411
수다	food	127.05680	37.51087
수다청담점	food	127.04127	37.52469
수다푸드	food	127.05728	37.51111
수담	food	127.04599	37.51051
수담라운지	food	127.02473	37.51913
수담한정식	food	127.04596	37.51046
수라간떡집	food	127.06591	37.49962
수라김밥	food	127.06591	37.49962
수라메이커즈	food	127.10311	37.48732
수라선	food	127.04152	37.50433
수락정김밥	food	127.04360	37.51170
수랏간김치찌개	food	127.03783	37.52774
수려자연치유테라피	shop	127.04559	37.50262
수렴에프앤비	food	127.02572	37.50337
수리다라	food	127.03749	37.52562
수린	food	127.03548	37.52542
수림복	food	127.05491	37.50691
수림복국	food	127.05347	37.50679
수림조경	shop	127.03573	37.51728
수마트	shop	127.04855	37.47775
수메이트	shop	127.03053	37.49848
수목	food	127.03309	37.49827
수목림개포동역점	food	127.06735	37.48875
수묵	food	127.05368	37.50483
수묵당	food	127.04000	37.51845
수미당	food	127.02832	37.53360
수미돈	food	127.05340	37.51039
수미상회	shop	127.02398	37.50918
수미정	food	127.03110	37.49759
수미초밥	food	127.03714	37.49434
수박빈티지	shop	127.02407	37.52105
수백당	food	127.04286	37.50342
수산나	food	127.04942	37.52665
수서골목냉면	food	127.09809	37.48549
수서골프피팅	shop	127.10299	37.48844
수서그린골프	activity	127.09414	37.48219
수서난원	shop	127.09785	37.48482
수서동전집	food	127.10319	37.48868
수서동커피집	food	127.09918	37.48603
수서두리약국	shop	127.10311	37.48732
수서메디칼약국	shop	127.10184	37.48802
수서세종약국	shop	127.10322	37.48849
수서야채과일	shop	127.09427	37.48400
수서역약국	shop	127.10185	37.48739
수서역육전면사무소	food	127.10184	37.48802
수서역정민아약국	shop	127.10318	37.48676
수서옵티마약국	shop	127.10249	37.48837
수서원스토어	activity	127.10184	37.48802
수서이약국	shop	127.10311	37.48732
수서전자담배	shop	127.10184	37.48802
수서텔레콤	shop	127.10184	37.48802
수수커피컴퍼니	cafe	127.03237	37.49993
수스포츠도곡	shop	127.05185	37.48692
수아당	food	127.04005	37.52848
수앤웰니스	shop	127.04723	37.50666
수약국	shop	127.05069	37.49812
수양	shop	127.03757	37.49619
수에뇨플라워바이엘	shop	127.04679	37.47855
수에뉴	cafe	127.03549	37.50226
수엔수노래연습장	activity	127.05765	37.51034
수연슈퍼	shop	127.05986	37.50417
수영냉삼	food	127.08644	37.49089
수온누리약국	shop	127.04015	37.50144
수원농장	shop	127.02385	37.50947
수인전기조명	shop	127.05856	37.50253
수인푸드	cafe	127.05916	37.49316
수잔라메종	cafe	127.05266	37.51218
수정골한상	food	127.03412	37.48658
수정방	food	127.03613	37.51644
수정약국	shop	127.05146	37.50022
수족관	bar	127.03158	37.52297
수지상회강남	food	127.02762	37.49943
수진	shop	127.03537	37.49482
수차이나	food	127.02679	37.52526
수철이네왕새우튀김고려대점	shop	127.03483	37.48979
수코스메틱	shop	127.04113	37.52718
수타손짜장	food	127.07965	37.49434
수테이	stay	127.03992	37.52013
수트서플라이현대무역점	shop	127.05976	37.50862
수트짐	activity	127.03566	37.50162
수퍼강남	food	127.04313	37.51507
수퍼브렙	shop	127.05472	37.52048
수퍼판	food	127.02686	37.52450
수플레닛	food	127.08258	37.48974
수필리아	shop	127.04078	37.49735
수하동	food	127.05534	37.50506
수하우스	stay	127.05693	37.49963
수하우스강남	stay	127.03253	37.50150
수현	shop	127.02806	37.49862
수현복집	food	127.04086	37.50500
수호전술트레이닝센터	activity	127.08423	37.49311
수황태콩나물국밥	food	127.06684	37.48869
숙	shop	127.05553	37.50728
숙고당	food	127.05420	37.50681
숙명여고매점	shop	127.05262	37.49147
숙명테니스아카데미	activity	127.05262	37.49147
숙성회사랑	food	127.03739	37.52372
숙성회장	food	127.05465	37.50471
숙아채콩나물국밥	food	127.04783	37.47776
숙현침구	shop	127.04216	37.51873
순감자옹심이메밀칼국수	food	127.06318	37.50069
순남시래기	food	127.04024	37.50126
순대국집정해장	food	127.04312	37.50460
순대실록	food	127.08282	37.48979
순대실록강남	food	127.04029	37.51602
순도리	food	127.04890	37.52406
순두부마을	food	127.04225	37.51571
순두부열전	food	127.05484	37.50498
순두부와삼겹살	food	127.06503	37.50742
순두부와청국장	food	127.03391	37.50585
순둥이	food	127.04076	37.50093
순딜리버리	food	127.02133	37.51334
순수스테이	stay	127.04463	37.49572
순애씨포차	bar	127.02830	37.50757
순유	shop	127.03013	37.52724
순이네커피	cafe	127.05502	37.50556
순자포차논현	bar	127.02437	37.50726
순재우육면	food	127.05816	37.50838
순정	bar	127.03386	37.52016
순정갈비선릉	food	127.05353	37.50508
순정족발	food	127.02105	37.51812
순정한우정육식당	food	127.03281	37.50090
순정한우정육식당	food	127.03665	37.50892
순천만	food	127.02447	37.52407
순천만	food	127.02949	37.52589
순천미식	food	127.03682	37.48571
순치킨	food	127.04076	37.50093
술	cafe	127.02468	37.51927
술단지	bar	127.02107	37.51766
술로우법인	shop	127.05763	37.52245
술미남	food	127.02418	37.50893
술비치청담	bar	127.03921	37.51724
술속의밤	food	127.02415	37.50747
술속의밤더블랙압구정	food	127.02632	37.51950
술술풀리는포차	bar	127.08549	37.49035
술이그린밤	bar	127.02305	37.50908
술집	bar	127.04426	37.48536
숨다과자점	cafe	127.08753	37.49141
숨순두부	food	127.05036	37.52514
숨스	bar	127.02549	37.51805
숨인숲압구정동	activity	127.03074	37.52800
숨커피	cafe	127.06516	37.51339
숨케어한의원	shop	127.03682	37.48581
숨후카바	food	127.02000	37.51867
숯덩이	food	127.08620	37.49062
숯불가든청숫	food	127.05252	37.51523
숯칼선릉손칼국수	food	127.05311	37.50655
숲	shop	127.05712	37.51295
숲속에서	shop	127.05744	37.50816
숲속호두대치한티역점	food	127.05176	37.49803
쉐르베베	shop	127.04686	37.52274
쉐르빌리빙텔	stay	127.03559	37.50516
쉐빌로뜨당구클럽	activity	127.02808	37.50608
쉐즈알렉스	food	127.04400	37.51142
쉐카이나	shop	127.02558	37.52210
쉐코지역삼	stay	127.03722	37.49732
쉐키나	shop	127.06853	37.49638
쉐프	shop	127.02892	37.50528
쉐프공팔	food	127.03995	37.49583
쉐프렌드	shop	127.03188	37.52176
쉐프맘	food	127.05013	37.52417
쉐프진	food	127.04491	37.49601
쉐플로	food	127.04419	37.48520
쉘로우리프스튜디오	cafe	127.11415	37.47424
쉘부르	bar	127.02703	37.50606
쉘위	bar	127.03647	37.50921
쉘터에이	cafe	127.04907	37.52022
쉬게	food	127.05750	37.50460
쉬즈네일아트	shop	127.05266	37.51835
쉬즈노래연습실	activity	127.08242	37.48969
쉬즈미스	shop	127.05326	37.49698
쉬크	shop	127.04475	37.52590
쉴드홈	shop	127.02526	37.50526
쉼	food	127.03398	37.51119
쉼공간레지던스	stay	127.04116	37.49580
쉼논현	stay	127.02753	37.50995
슈가	food	127.03935	37.50363
슈가프리	bar	127.03859	37.52773
슈가핏	food	127.08742	37.49161
슈노래연습장	activity	127.02107	37.51766
슈로	shop	127.02806	37.49862
슈마커쥬	shop	127.04411	37.50260
슈망드마리	shop	127.05296	37.51491
슈바빙	cafe	127.10184	37.48802
슈슈	shop	127.03391	37.50964
슈슈	shop	127.03323	37.49800
슈슈차이	food	127.02747	37.52737
슈슈키친	food	127.02835	37.50773
슈에라	shop	127.08119	37.49064
슈엔산업	food	127.03110	37.51002
슈올즈강남	shop	127.02367	37.50713
슈콤마보니	shop	127.05326	37.49698
슈콤마보니청담	shop	127.04397	37.52444
슈콤마보니청담점	shop	127.04397	37.52444
슈터스클럽	activity	127.02747	37.49987
슈테른탈러	shop	127.04139	37.51780
슈트	shop	127.03573	37.51728
슈트에이전시강남	shop	127.04653	37.51276
슈퍼랑밥이야기	shop	127.07878	37.49413
슈퍼막셰	cafe	127.02123	37.51722
슈퍼맘학사	stay	127.05915	37.50285
슈퍼맨	bar	127.03453	37.50445
슈퍼메르카컴퍼니	shop	127.04267	37.50965
슈퍼바디짐	activity	127.02578	37.52503
슈퍼바우	shop	127.03725	37.52601
슈퍼보바삼성	cafe	127.06260	37.50693
슈퍼스타	bar	127.02342	37.50832
슈퍼스타노래바큐	bar	127.03898	37.50291
슈퍼스타코인노래연습장	activity	127.02412	37.50687
슈퍼스타코인노래연습장	activity	127.02762	37.50015
슈퍼스타코인노래연습장	activity	127.06803	37.48892
슈퍼스타코인노래연습장	activity	127.05849	37.49841
슈퍼커피선릉로점	cafe	127.04643	37.50484
슈퍼커피압구정로데오	cafe	127.03794	37.52611
슈퍼코어	activity	127.05594	37.50396
슈퍼키친	shop	127.06299	37.49918
슈퍼키친	shop	127.09602	37.47206
슈퍼키친	shop	127.03644	37.52811
슈퍼키친	shop	127.03887	37.48660
슈퍼키친	shop	127.06775	37.48865
슈퍼키친강남	shop	127.04674	37.51761
슈퍼키친대치역점	shop	127.06035	37.49368
슈퍼키친도시락강남	shop	127.04076	37.50093
슈퍼키친봉은사역점	shop	127.06177	37.51501
슈퍼키친세곡점	shop	127.10004	37.46682
슈퍼트레인	shop	127.05660	37.50810
슈퍼트레인	shop	127.05623	37.50837
슈퍼플	food	127.03486	37.49523
슈페리어타워주	shop	127.06199	37.50809
슈페리어테헤란	food	127.06496	37.50903
슈페리어테헤란주	shop	127.06496	37.50903
슈펜가로수길점	shop	127.02274	37.52342
슈플라워	shop	127.05569	37.50304
슈피겐홀	heritage	127.04852	37.51137
슈하이	food	127.03955	37.51899
슌노오뎅	food	127.02295	37.50921
슐미랭삼	food	127.04976	37.50659
슐터	shop	127.03096	37.51920
스구식탁	food	127.02259	37.51934
스내킹타코	food	127.02033	37.51479
스낵가로수길점	food	127.02197	37.52144
스낵코너	shop	127.03911	37.49301
스낵팩멜번	food	127.04247	37.51032
스낵포	shop	127.03513	37.49798
스넥국수떡복이순대	food	127.02841	37.53229
스노링케어	shop	127.04216	37.49128
스노와잇	cafe	127.04842	37.49923
스노우망고	food	127.04565	37.47767
스노우뱅크	shop	127.04354	37.52407
스노우성형외과	shop	127.02940	37.49812
스노우컨테이너	shop	127.03731	37.52563
스노우코스메틱	shop	127.02954	37.49898
스노우폭스	food	127.05154	37.50578
스노우폭스역삼	food	127.03651	37.50002
스노우폭스플라워	shop	127.03031	37.49357
스노우폭스플라워	shop	127.04951	37.50508
스노우폭스플라워가로수길점	shop	127.02213	37.52022
스노우폭스플라워강남메트로점	shop	127.02806	37.49862
스누성형외과의원	shop	127.04149	37.52563
스니	food	127.03681	37.52410
스닢터	shop	127.04402	37.48166
스드메오픈마켓	shop	127.03964	37.52005
스르르스테이	stay	127.03915	37.48681
스마야	food	127.04659	37.51620
스마일골목집	food	127.03888	37.52792
스마일네트	shop	127.02634	37.50165
스마일명품찹쌀꽈배기	food	127.10073	37.46636
스마일명품찹쌀꽈배기	food	127.08231	37.49137
스마일명품찹쌀꽈배기	food	127.04859	37.47908
스마일스쿼시	activity	127.05715	37.50841
스마일앤샤인에센셜스	shop	127.02973	37.49465
스마일약국	shop	127.02668	37.50541
스마일양말	shop	127.04506	37.52359
스마일에프앤비	bar	127.04713	37.52380
스마일키친	food	127.05540	37.51162
스마트	shop	127.06591	37.49962
스마트북몰	shop	127.06087	37.51555
스마트뷔페	food	127.04658	37.50324
스마트브릭	food	127.03551	37.52877
스마트스코어	shop	127.06744	37.50232
스마트아이온	shop	127.04503	37.47876
스마트앤비	shop	127.02810	37.50260
스마트오투	shop	127.02973	37.49465
스마트프랜즈	shop	127.02806	37.49862
스마트학생복	shop	127.02323	37.52427
스마트해솔	shop	127.10184	37.48802
스마트호프광장	bar	127.03062	37.49444
스매쉬치즈버거	food	127.03439	37.50098
스멜로우	cafe	127.03116	37.49649
스모키빌	food	127.04097	37.51863
스몰디쉬빅쇼	food	127.02119	37.52189
스미식당	food	127.10184	37.48802
스미카츠	food	127.03791	37.52600
스베트	shop	127.03941	37.48889
스스키노	food	127.02336	37.51697
스시결	food	127.03959	37.52242
스시기요세	food	127.03666	37.52396
스시기요이	food	127.03491	37.52320
스시나미	food	127.05068	37.48814
스시나미키	food	127.04076	37.51645
스시노스시	food	127.05220	37.50120
스시도	food	127.08499	37.49522
스시료마	food	127.04023	37.51371
스시류	food	127.05830	37.50428
스시류	food	127.08105	37.49092
스시리카이	food	127.02174	37.51903
스시리큐	food	127.03766	37.52343
스시마이우	food	127.04674	37.50499
스시마이우가로수길점	food	127.02238	37.51840
스시마츠모토새한에프앤비	food	127.04567	37.52580
스시모토이	food	127.04235	37.52242
스시미나미	food	127.04167	37.51764
스시미루	food	127.03556	37.52636
스시미미앤이자카야	food	127.03258	37.49515
스시바라	food	127.10732	37.47380
스시본	food	127.06591	37.49962
스시사	food	127.05347	37.52654
스시사이토쥬욘	food	127.04775	37.52759
스시사인조	food	127.03434	37.51401
스시사카우	food	127.03240	37.52310
스시상선	food	127.03766	37.52827
스시상현	food	127.04505	37.52209
스시선수	food	127.03647	37.52293
스시센렌	food	127.02722	37.52386
스시소라	food	127.05483	37.50428
스시소우	food	127.03986	37.52462
스시쇼우키	food	127.03982	37.50380
스시스즈메	food	127.03569	37.52808
스시시류	food	127.02790	37.52406
스시신카이	food	127.04723	37.52525
스시아오마츠	food	127.05534	37.50506
스시안	food	127.03016	37.51831
스시야	food	127.10311	37.48732
스시어부	food	127.03201	37.49240
스시에비스	food	127.02738	37.52526
스시오사카	food	127.03170	37.49879
스시오오타니	food	127.04076	37.52249
스시와	food	127.10503	37.47477
스시원	food	127.04863	37.51994
스시유	food	127.06436	37.50566
스시유끼	food	127.03031	37.52329
스시이담	food	127.04007	37.52262
스시이로	food	127.03621	37.51054
스시이안앤	food	127.02740	37.49998
스시이타마에	food	127.03405	37.49075
스시인	food	127.03454	37.52564
스시전청담점	food	127.04572	37.52690
스시츠루	food	127.03294	37.49866
스시츠바키	food	127.03632	37.52786
스시카세	food	127.02588	37.50594
스시카와	food	127.04466	37.48316
스시카이레이	food	127.03478	37.52737
스시카이세이	food	127.03987	37.52292
스시카이신	food	127.05177	37.52386
스시칸	food	127.02060	37.52288
스시코마츠	food	127.03224	37.52521
스시코우지	food	127.03666	37.52191
스시코테이	food	127.03098	37.52738
스시쿠루미	food	127.04256	37.52191
스시키	food	127.04384	37.50889
스시타	food	127.05063	37.51624
스시타이쇼	food	127.05916	37.51183
스시하루	food	127.03232	37.52577
스시하루	food	127.06192	37.49335
스시하쿠샤	food	127.05612	37.51037
스시하쿠초	food	127.03730	37.50189
스시한판	food	127.05916	37.51183
스시현	food	127.06858	37.48890
스시히로바주	food	127.05262	37.51496
스시히로바한티역점	food	127.05387	37.49761
스시히야마	food	127.02324	37.51010
스아게	food	127.02686	37.50298
스아게	food	127.05328	37.50013
스와니예	food	127.01909	37.51966
스와이	shop	127.02431	37.51704
스와이트	shop	127.03766	37.51847
스완발레스튜디오	activity	127.04853	37.50597
스웨그골프	shop	127.10301	37.47267
스웨이드	shop	127.02371	37.51824
스웨이드스튜디오	cafe	127.04273	37.52182
스웨티	shop	127.03915	37.51482
스위브	shop	127.03851	37.50481
스위스나린	shop	127.09969	37.46802
스위스워터커피	cafe	127.04673	37.51213
스위치	cafe	127.03801	37.49097
스위치전자담배	shop	127.06232	37.49364
스위트드림플라워	shop	127.04895	37.50450
스위트삼성	stay	127.05336	37.51057
스위트스페이스	shop	127.02616	37.50316
스위트야	food	127.04115	37.51865
스위트에삐	food	127.05417	37.49830
스윗랜드	cafe	127.04910	37.47804
스윗모먼츠	stay	127.04450	37.49722
스윗바이비	food	127.03889	37.51290
스윗밸런스역삼동지점	food	127.03496	37.50130
스윗스멜링	shop	127.03780	37.50685
스윗스팟골프아카데미	activity	127.05068	37.48814
스윗제이	food	127.03897	37.52653
스윗츠플래닛	food	127.03909	37.51721
스윙	food	127.03074	37.52800
스윙부스	cafe	127.03091	37.51117
스윙파크	activity	127.05681	37.49308
스지옥	food	127.04547	37.48558
스카발리테일	shop	127.04308	37.52659
스카이	bar	127.02740	37.52250
스카이당구장	activity	127.08336	37.48972
스카이데이	shop	127.02628	37.50702
스카이돔라운지	bar	127.03132	37.52143
스카이라운지	cafe	127.03682	37.50374
스카이메디칼	shop	127.04723	37.50666
스카이빌	stay	127.02195	37.51823
스카이식당	food	127.03160	37.49606
스카이약국	shop	127.05144	37.49716
스카이짐역삼	activity	127.04088	37.50735
스칼렛	shop	127.05051	37.52605
스칼렛	shop	127.02001	37.52258
스커피	cafe	127.05548	37.50809
스케이터주	shop	127.04125	37.51662
스케줄청담	food	127.04270	37.52471
스케줄코퍼레이션스케줄라운지	food	127.04268	37.52464
스케줄코퍼레이션스케줄청담	food	127.04268	37.52464
스코파더쉐프	food	127.05075	37.52556
스쿠피	food	127.05285	37.50035
스쿨푸드신사가로수길점	food	127.02371	37.51824
스퀴즈미	shop	127.04694	37.52226
스크렘	cafe	127.02646	37.50373
스크린골프	activity	127.07911	37.49324
스크린파크	shop	127.10711	37.47443
스킨	bar	127.03735	37.52403
스킨더넥스트	shop	127.03062	37.50605
스킨뷰티	shop	127.04658	37.50324
스킨스킬	shop	127.02774	37.50793
스킨아리	shop	127.05103	37.51801
스킨앤주	shop	127.03721	37.52798
스킨엔젤라	shop	127.04915	37.52349
스킨포에버	shop	127.02299	37.52386
스킨프린스	shop	127.03962	37.50390
스킨플러스	shop	127.08480	37.48553
스킵스피자	food	127.04000	37.49491
스타	activity	127.05277	37.50380
스타	activity	127.03744	37.50626
스타	shop	127.03631	37.51163
스타갤러리	shop	127.03852	37.52339
스타노래연습장	activity	127.05278	37.51264
스타노래연습장	activity	127.03921	37.52779
스타노래연습장	activity	127.06152	37.48267
스타노래연습장	activity	127.03762	37.49444
스타다스트주	food	127.04506	37.52359
스타닭갈비	food	127.02807	37.49973
스타디온	activity	127.05560	37.50695
스타럭스	food	127.02232	37.52353
스타럭스	shop	127.06103	37.51035
스타럭스교토가츠규삼성오크우드점	food	127.05754	37.51201
스타럭스레스포색	shop	127.02608	37.50207
스타럭스레페토	shop	127.03901	37.52612
스타럭스삼성동치킨	food	127.05900	37.51478
스타럭스셀코스메트	shop	127.02608	37.50207
스타럭스스폰티니삼성	food	127.05479	37.51084
스타럭스압구정아울렛	shop	127.03690	37.52501
스타럭스에탐	shop	127.02608	37.50207
스타럭스콜드스톤크리머리강남대로점	food	127.02608	37.50207
스타럭스쿠스미티	shop	127.03738	37.52392
스타럭스킨키로봇점	shop	127.03696	37.52374
스타럭스포터	shop	127.03674	37.52428
스타레지던스	stay	127.06492	37.51480
스타메디	shop	127.03013	37.50592
스타몽마켓	shop	127.02333	37.50991
스타박스	shop	127.03614	37.50098
스타박스노래바	bar	127.03056	37.49490
스타벅스	cafe	127.05040	37.50536
스타벅스	cafe	127.06266	37.49458
스타벅스	cafe	127.04411	37.50260
스타벅스	cafe	127.04053	37.52655
스타벅스	cafe	127.02164	37.52319
스타벅스	cafe	127.03302	37.49414
스타벅스	cafe	127.03355	37.49039
스타벅스	cafe	127.06311	37.50713
스타벅스	cafe	127.04458	37.51079
스타벅스	cafe	127.03227	37.51159
스타벅스	cafe	127.02062	37.51394
스타벅스	cafe	127.03574	37.51491
스타벅스	cafe	127.06358	37.51074
스타벅스	cafe	127.02666	37.50210
스타벅스	cafe	127.04067	37.50240
스타벅스	cafe	127.02864	37.51916
스타벅스	cafe	127.02970	37.49649
스타벅스	cafe	127.05186	37.51664
스타벅스	cafe	127.03644	37.52811
스타벅스	cafe	127.06706	37.50047
스타벅스	cafe	127.02887	37.52532
스타벅스	cafe	127.04842	37.49923
스타벅스	cafe	127.02334	37.50790
스타벅스	cafe	127.03730	37.50189
스타벅스	cafe	127.03381	37.49938
스타벅스	cafe	127.10247	37.47315
스타벅스	cafe	127.05120	37.50377
스타벅스	cafe	127.05792	37.50982
스타벅스	cafe	127.04136	37.50288
스타벅스	cafe	127.05744	37.50757
스타벅스	cafe	127.04487	37.50375
스타벅스	cafe	127.05560	37.50695
스타벅스	cafe	127.06074	37.48284
스타벅스	cafe	127.05741	37.49218
스타벅스	cafe	127.03311	37.52739
스타벅스	cafe	127.05396	37.48946
스타벅스	cafe	127.04307	37.50112
스타벅스	cafe	127.06558	37.50920
스타벅스	cafe	127.10311	37.48732
스타벅스	cafe	127.05794	37.50577
스타벅스	cafe	127.06312	37.51503
스타벅스	cafe	127.06192	37.49335
스타벅스	cafe	127.05220	37.49649
스타벅스	cafe	127.03473	37.52684
스타벅스	cafe	127.02862	37.52284
스타벅스	cafe	127.04597	37.51831
스타벅스	cafe	127.06519	37.50782
스타벅스	cafe	127.04952	37.51942
스타벅스	cafe	127.03924	37.50188
스타벅스	cafe	127.04523	37.48592
스타벅스	cafe	127.04125	37.51662
스타벅스	cafe	127.02338	37.51735
스타벅스	cafe	127.03077	37.51461
스타벅스	cafe	127.02252	37.52189
스타벅스	cafe	127.03775	37.52557
스타벅스	cafe	127.04184	37.52526
스타벅스	cafe	127.05523	37.49663
스타벅스	cafe	127.04139	37.51780
스타벅스	cafe	127.02227	37.51022
스타벅스	cafe	127.06058	37.50759
스타벅스	cafe	127.03662	37.48525
스타벅스	cafe	127.05159	37.52434
스타벅스	cafe	127.03196	37.50637
스타벅스	cafe	127.04673	37.50496
스타벅스	cafe	127.03796	37.52240
스타벅스	cafe	127.02554	37.52519
스타벅스	cafe	127.02823	37.49919
스타벅스	cafe	127.02810	37.52676
스타벅스	cafe	127.06223	37.49963
스타벅스	cafe	127.02956	37.52633
스타벅스	cafe	127.03653	37.50777
스타벅스	cafe	127.03150	37.49035
스타벅스	cafe	127.03635	37.52270
스타벅스	cafe	127.04852	37.51137
스타벅스	cafe	127.02858	37.49784
스타벅스	cafe	127.02066	37.51619
스타벅스	cafe	127.02790	37.52418
스타벅스	cafe	127.03026	37.49916
스타벅스	cafe	127.03168	37.49961
스타벅스	cafe	127.03890	37.49592
스타벅스	cafe	127.05272	37.51348
스타벅스	cafe	127.04037	37.50903
스타벅스	cafe	127.03496	37.49975
스타벅스	cafe	127.06021	37.51526
스타벅스	cafe	127.05916	37.51183
스타벅스	cafe	127.05646	37.52219
스타벅스	cafe	127.05883	37.50336
스타벅스	cafe	127.03412	37.51960
스타벅스	cafe	127.04687	37.52377
스타벅스	cafe	127.03941	37.49224
스타벅스	cafe	127.02426	37.50590
스타벅스	cafe	127.02557	37.50314
스타벅스	cafe	127.04136	37.49292
스타벅스	cafe	127.03071	37.49236
스타벅스	cafe	127.11833	37.46699
스타벅스	cafe	127.03651	37.50002
스타벅스	cafe	127.06017	37.49900
스타벅스	cafe	127.06852	37.49800
스타벅스	cafe	127.04513	37.47782
스타벅스	cafe	127.10310	37.48812
스타벅스	cafe	127.09993	37.46727
스타벅스	cafe	127.05210	37.49853
스타보드방	activity	127.04862	37.50338
스타복싱	activity	127.08449	37.49006
스타쉐프	food	127.04491	37.48529
스타약국	shop	127.02929	37.49766
스타어스갤러리앤커피	shop	127.02661	37.52494
스타온누리약국	shop	127.03259	37.50941
스타원모바일	shop	127.03784	37.52755
스타월드	shop	127.10184	37.48802
스타위즈	cafe	127.04604	37.50740
스타위즈	shop	127.05048	37.50623
스타일	food	127.05988	37.50611
스타일	shop	127.02806	37.49862
스타일노래연습장	activity	127.02452	37.50683
스타일덕	shop	127.02782	37.51115
스타일딜리셔스	shop	127.04341	37.51825
스타일딜리셔스슈트패브릭렌탈센터	shop	127.04221	37.52423
스타일딜리셔스슈트패브릭비스포크하우스	shop	127.04256	37.52395
스타일리더주	shop	127.02747	37.52737
스타일리쉬	shop	127.03751	37.52483
스타일비건	food	127.05388	37.47553
스타일빈	shop	127.04867	37.50554
스타진	shop	127.04807	37.52227
스타카토코엑스몰	shop	127.05916	37.51183
스타카페	cafe	127.02460	37.51068
스타커피	cafe	127.04658	37.50324
스타큐당구장	activity	127.04931	37.47473
스타테리아	cafe	127.02739	37.52277
스타트레인	activity	127.02844	37.52049
스타플라워	shop	127.03163	37.50759
스타플러스주	shop	127.06141	37.49939
스타필드마인드브릿지	shop	127.05916	37.51183
스타하우스	stay	127.03892	37.49122
스타허브코퍼레이션	shop	127.04646	37.50411
스태틱	food	127.02472	37.51976
스탠다드메이커스	food	127.02176	37.51889
스탠다드브레드	food	127.03827	37.52405
스탠다드시스템	cafe	127.04356	37.52257
스탠다드에프앤비	food	127.06446	37.51536
스탠다드켐	shop	127.04821	37.47457
스탠드	food	127.06237	37.48327
스테메라	shop	127.02990	37.49945
스테이	bar	127.03431	37.50563
스테이강남	stay	127.03070	37.50943
스테이강남	stay	127.03423	37.51270
스테이노아	stay	127.02144	37.51826
스테이논현	stay	127.02981	37.50830
스테이논현	stay	127.02432	37.50854
스테이누크강남	stay	127.04075	37.51003
스테이대청	stay	127.08373	37.49422
스테이더휴강남	stay	127.03445	37.50798
스테이도담	stay	127.04997	37.47353
스테이르	stay	127.05532	37.49963
스테이르엘프리미엄원룸텔	stay	127.03876	37.51105
스테이리에나인강남	stay	127.02574	37.50662
스테이마루논현	stay	127.03063	37.50805
스테이마중논현	stay	127.03154	37.50837
스테이마중삼성	stay	127.05280	37.51047
스테이모어강남	stay	127.03414	37.49640
스테이무드	stay	127.05145	37.49790
스테이벨브리즈	stay	127.05572	37.51021
스테이샛별여성전용원룸텔서울	stay	127.03465	37.50070
스테이서울	stay	127.03520	37.49584
스테이서울풀	stay	127.05014	37.51483
스테이선정릉	stay	127.03972	37.51136
스테이소냐르	stay	127.03558	37.49765
스테이수	stay	127.04017	37.50354
스테이스튜디오	shop	127.03545	37.50879
스테이시온	stay	127.03520	37.48526
스테이아늑	stay	127.04722	37.50556
스테이아이	bar	127.03039	37.49783
스테이안강남	stay	127.04218	37.49614
스테이앤강남	stay	127.03127	37.49544
스테이앤스터디대치	stay	127.05364	37.50129
스테이앤틱	shop	127.03266	37.50668
스테이언주	stay	127.03252	37.50554
스테이역삼	stay	127.03577	37.49586
스테이오다	stay	127.04463	37.49572
스테이오하	stay	127.02276	37.51800
스테이위드유	stay	127.02452	37.50845
스테이인	stay	127.03545	37.49021
스테이인개포	stay	127.04834	37.47874
스테이인조이	stay	127.04075	37.51003
스테이지나인	food	127.05553	37.50728
스테이지바이고디바	food	127.03703	37.52388
스테이지수	stay	127.02519	37.50749
스테이콘타르	stay	127.03558	37.49765
스테이터	food	127.02690	37.50303
스테이트랙	stay	127.02193	37.51870
스테인	bar	127.04282	37.50484
스테파노일류초밥	food	127.04765	37.52274
스텔라	shop	127.03231	37.52557
스텔라갤러리	shop	127.04071	37.51089
스텔라떡볶이서울	food	127.06834	37.48882
스텔라호스텔	stay	127.05419	37.50528
스템약국	shop	127.04853	37.52476
스템잇	food	127.03942	37.49622
스템코엑스	cafe	127.05916	37.51183
스텝통신	shop	127.05239	37.49782
스토리	food	127.03045	37.49765
스토리	shop	127.03589	37.50845
스토리웨이편의점	shop	127.04895	37.50450
스토익	shop	127.03881	37.51613
스톤라벨	shop	127.02363	37.51867
스톤브릭스타필드	shop	127.05712	37.51295
스톤아일랜드	shop	127.02747	37.52737
스톤아일랜드	shop	127.04636	37.52544
스톤아일랜드갤러리아	shop	127.04005	37.52848
스톤헨지현대무역점	shop	127.05978	37.50867
스튜디오귀티	shop	127.02068	37.51938
스튜디오니콜슨	shop	127.02747	37.52737
스튜디오니콜슨	shop	127.04005	37.52848
스튜디오다빔	shop	127.04307	37.50112
스튜디오더수트	shop	127.03715	37.52551
스튜디오삭스탑	shop	127.05916	37.51183
스튜디오에이엔제이	shop	127.04076	37.50093
스튜디오위아플라워	shop	127.05553	37.50728
스튜디오이에스씨	activity	127.02776	37.50221
스튜디오톰보이	shop	127.05916	37.51183
스튜디오흥연습실	activity	127.03446	37.49636
스튜랩	shop	127.04431	37.50427
스튜어트	shop	127.04950	37.52747
스트라다	shop	127.04032	37.51913
스트라우스	shop	127.03766	37.52827
스트라이프커피컴퍼니	cafe	127.04813	37.52540
스트레인져	shop	127.05876	37.50647
스트레인져	shop	127.03591	37.52629
스트레칭뱅	activity	127.04142	37.49215
스트레칭조이	activity	127.06384	37.50543
스트릿	food	127.03028	37.49434
스트릿	food	127.05292	37.48911
스트릿	food	127.06080	37.50919
스트릿투홈	shop	127.02832	37.50592
스티머스커피팩토리	cafe	127.01994	37.52200
스티밀론	shop	127.01899	37.52086
스티브	cafe	127.04201	37.52265
스티즈유소년농구클럽	activity	127.05323	37.50153
스틱스아이앤디	shop	127.10301	37.47267
스파게티스토리	food	127.04510	37.49675
스파게티스토리	food	127.03353	37.50202
스파게티스토리	food	127.03906	37.49401
스파게티스토리	food	127.05132	37.51740
스파게티스토리	food	127.02447	37.52407
스파게티스토리	food	127.02717	37.50901
스파게티스토리	food	127.03648	37.48616
스파게티스토리	food	127.04658	37.50324
스파게티스토리	food	127.04842	37.51186
스파게티스토리	food	127.05333	37.49943
스파게티스토리	food	127.03383	37.49435
스파게티스토리	food	127.06885	37.48930
스파아리채움	shop	127.05202	37.50421
스파클링청담	shop	127.05080	37.52611
스페셜원	food	127.03784	37.52755
스페쉬에프엔비	shop	127.05531	37.52221
스페이스그룬	shop	127.05035	37.51363
스페이스닷아방베이커리	food	127.03251	37.50046
스페이스로직	shop	127.03460	37.52517
스페이스뷰티강남	shop	127.04658	37.50324
스페이스시	food	127.05010	37.51148
스페이스아토청담	shop	127.05325	37.52455
스페이스에이치	shop	127.04636	37.52675
스페이스엠	cafe	127.03824	37.51567
스페이스유포리아	food	127.04338	37.52499
스페이스케피	stay	127.04353	37.50760
스페이시스	cafe	127.06370	37.50629
스페인클럽주	food	127.02186	37.52189
스펠웍스	shop	127.02539	37.52176
스포나인	activity	127.04007	37.50783
스포랩	shop	127.04006	37.52474
스포애니케이디스포츠	activity	127.04830	37.50528
스포애니케이디헬스케어	activity	127.02794	37.52365
스포이즘서울	activity	127.05978	37.50324
스포짐옐로우	activity	127.02035	37.51502
스포첵	shop	127.04411	37.50897
스포츠당구장	activity	127.05201	37.50279
스포츠당구장	activity	127.03103	37.51963
스포츠센터더논현	activity	127.02623	37.50849
스포츠일러스트레이티드도산점	shop	127.03522	37.52636
스포츠퍼포먼스그룹	shop	127.03958	37.52060
스포큐원주	activity	127.05916	37.51183
스포티앤리치	shop	127.02747	37.52737
스프레드랩스	shop	127.02548	37.50858
스프루스주	shop	127.03602	37.52295
스프링가든	cafe	127.08480	37.48553
스프링가든	cafe	127.08960	37.49034
스프링가든스테이	stay	127.03520	37.48526
스프링클키즈클럽	food	127.03220	37.52294
스프스프스프	food	127.04225	37.49356
스피너스포츠	shop	127.10499	37.46912
스피드박스	food	127.03460	37.51033
스피릿	food	127.02306	37.50868
스핀	food	127.03871	37.52655
슬기로운푸드	food	127.03526	37.49407
슬래시앤드	shop	127.02956	37.52633
슬랩커먼즈	cafe	127.03519	37.48991
슬런치팩토리	food	127.05976	37.50862
슬렌디드컴퍼니	shop	127.03633	37.50289
슬로우논현	stay	127.02860	37.50770
슬로우다이브	activity	127.05291	37.47447
슬로우도산	food	127.02941	37.51972
슬로우앤로우	food	127.04076	37.50093
슬로우치즈	food	127.04701	37.52238
슬로우캘리	food	127.03185	37.49173
슬로우캘리	food	127.03381	37.49819
슬로우캘리	food	127.04526	37.50380
슬로우캘리	food	127.04076	37.51645
슬로우캘리	food	127.05548	37.50809
슬로우캘리	food	127.02714	37.52549
슬로우캘리	food	127.05292	37.48911
슬로우캘리	food	127.02763	37.50720
슬로우캘리선릉역	food	127.04974	37.50629
슬로우캘리수서역점	food	127.10184	37.48802
슬로우캘리신사역점	food	127.02254	37.51798
슬로우캘리압구정로데오역점	food	127.03888	37.52792
슬로우커피	cafe	127.03451	37.49422
슬릭부스트강남캠프	activity	127.02929	37.49554
슬릭부스트도곡	activity	127.03976	37.49171
슬림앤스트롱	activity	127.05161	37.52536
슬림팩	shop	127.04057	37.52463
슬림핏	shop	127.03150	37.49035
슬립앤슬립	shop	127.06040	37.51531
슬립온매트리스	shop	127.04279	37.49833
승민상사	shop	127.05976	37.50862
승보	shop	127.02690	37.52478
승봉외식산업주	food	127.03994	37.52197
승산에프앤비	food	127.05085	37.50274
승앤윤	cafe	127.02718	37.50210
시가브로	shop	127.03568	37.50084
시가샵	shop	127.04232	37.50589
시가스토리	food	127.04100	37.52471
시고로	food	127.04204	37.52208
시골가마솥김치찜강남	food	127.03666	37.49328
시골국밥	food	127.03338	37.49582
시골남자파스타	food	127.03352	37.50972
시골밥상	food	127.02344	37.52408
시골밥상	food	127.04916	37.50560
시골밥상	food	127.04842	37.47929
시골밥상	food	127.04526	37.50380
시골빈대떡	food	127.04711	37.50544
시골애	food	127.08238	37.49435
시골진지상	food	127.05468	37.50967
시골집	food	127.04061	37.50048
시골집	food	127.03726	37.49472
시골집	food	127.06177	37.51501
시골청국장	food	127.05102	37.51872
시공커피	cafe	127.04608	37.50605
시그널헌터가로수길점	activity	127.02254	37.51798
시그니처골프	activity	127.02402	37.52438
시그니쳐셀렉션	shop	127.04039	37.50725
시나브로	stay	127.04102	37.50131
시나브로	cafe	127.03268	37.49735
시나브로	bar	127.06885	37.48930
시냅스	activity	127.02566	37.50356
시너지	shop	127.05835	37.50528
시너지성형외과의원	shop	127.02011	37.51678
시너지커피	cafe	127.04822	37.51183
시넬노래연습장	activity	127.05434	37.51297
시다스현대무역점	shop	127.05976	37.50862
시대	stay	127.03089	37.51223
시드니샌드위치	food	127.04225	37.51571
시드컴퍼니주	shop	127.05750	37.50460
시디퍼스	shop	127.05780	37.50299
시라카와	food	127.03962	37.52697
시래밥상	food	127.03098	37.52738
시래본가점	food	127.03724	37.49847
시리얼	shop	127.04081	37.49565
시리즈	shop	127.05976	37.50862
시리즈롯데	shop	127.05326	37.49698
시립수서청소년센터	activity	127.08879	37.48359
시마스시	food	127.06080	37.50919
시몬느위버포레	shop	127.05488	37.50786
시몬스	shop	127.02516	37.51202
시몬스강남사무소	shop	127.02855	37.51801
시문	shop	127.04139	37.51780
시방산업	shop	127.03566	37.50162
시베리아허스키냉면시허냉	food	127.03189	37.50752
시선강남	food	127.02740	37.49998
시스테이	stay	127.03980	37.51117
시스템	shop	127.05326	37.49698
시스템옴므현대무역점	shop	127.05976	37.50862
시슬리롯데	shop	127.05326	37.49698
시슬리현대백화점무역	shop	127.05976	37.50862
시시오	food	127.04879	37.50342
시아	food	127.04904	37.52334
시알시	food	127.04366	37.50992
시애이	cafe	127.05945	37.50963
시앤시뷰티팜	shop	127.04006	37.52474
시에나벨루토	shop	127.03598	37.52692
시에라디자인도산	shop	127.03648	37.52501
시에로	shop	127.05326	37.49698
시연스테이	stay	127.03355	37.49154
시영티엔티	shop	127.06584	37.51087
시오	food	127.03922	37.52058
시온디앤에프	food	127.02880	37.52221
시온홀덤펍	activity	127.03406	37.49868
시올돈	food	127.03566	37.52115
시올돈	food	127.04155	37.49332
시와	food	127.02068	37.51877
시우미에프앤비	food	127.05917	37.50554
시우성형외과	shop	127.02561	37.50459
시울아트랩	shop	127.05097	37.52595
시원갤러리	shop	127.03271	37.51710
시월	food	127.02406	37.50973
시월애	shop	127.05176	37.50272
시은	shop	127.03827	37.50197
시작	stay	127.04218	37.49614
시저독	shop	127.05822	37.49915
시저스홀덤	activity	127.02374	37.50766
시절에프씨컴퍼니호앙비엣	food	127.05303	37.50707
시즈널마켓	shop	127.05763	37.52245
시즈널톤	bar	127.02305	37.50908
시지각부설안경원	shop	127.03632	37.51599
시집	food	127.02131	37.51795
시카고라운지	bar	127.08526	37.49027
시퀀스	bar	127.03919	37.52663
시크	shop	127.04309	37.51523
시크릿	shop	127.04842	37.49923
시크릿디자인	shop	127.03658	37.49830
시크릿핑크	shop	127.02690	37.50774
시크릿호텔	stay	127.05257	37.50461
시토	bar	127.02854	37.51693
시트롱	food	127.04649	37.48428
시티아포스트로피볼	shop	127.03634	37.52672
시현	shop	127.04033	37.52759
시호비전청담	shop	127.05758	37.52048
시호헬스케어한삼인시호헬스케어점주	shop	127.05758	37.52048
시훈와이드	shop	127.06605	37.51015
식겁라면	food	127.03757	37.48560
식껍	food	127.06506	37.51043
식담컴퍼니	food	127.02596	37.50364
식당민홍	food	127.02992	37.51822
식물원김밥	food	127.04477	37.49665
식물원김밥수서점	food	127.10249	37.48838
식물학	cafe	127.02165	37.51837
식물학작업실	shop	127.02520	37.50918
식부관	food	127.03720	37.52529
식스	bar	127.03932	37.50079
식스나잇엔엔씨	bar	127.03502	37.52847
식스밸런스	activity	127.03379	37.52032
식스컷츠	activity	127.03979	37.52450
식스티세컨즈	shop	127.03635	37.52270
식스티퍼센트	shop	127.02814	37.50638
식이야기	shop	127.05795	37.49243
식자재연구하는사람들	food	127.02719	37.51097
식정	food	127.03386	37.49591
식탐가	food	127.04196	37.49377
식품나라	shop	127.04679	37.50562
신家네김밥	food	127.04658	37.50324
신계리	food	127.04343	37.50482
신공항	bar	127.05363	37.50708
신교선	shop	127.02563	37.50863
신기류	food	127.06103	37.51035
신길동매운짬뽕	food	127.03803	37.51846
신논현보물섬	food	127.02644	37.50759
신논현비비약국	shop	127.02479	37.50491
신논현약국	shop	127.02558	37.50511
신대흥장	food	127.03341	37.50074
신데렐라	shop	127.08480	37.48553
신데렐라	shop	127.02726	37.50726
신도강남사무기	shop	127.04426	37.48275
신도그린디지탈	shop	127.04674	37.47698
신도네트대치지점	shop	127.05460	37.50091
신도네트워크	shop	127.05275	37.47358
신도드림넷	shop	127.04867	37.47969
신도디엑스	shop	127.02659	37.50431
신도디지털	shop	127.05169	37.47398
신도디지털	shop	127.03454	37.51172
신도디지털	shop	127.03570	37.49025
신도세기도곡	food	127.05321	37.48875
신동궁감자탕뼈숯불구이	food	127.03291	37.49789
신동궁감자탕뼈숯불구이	food	127.05287	37.50411
신동아마트	shop	127.02291	37.51505
신동와인	shop	127.05326	37.49698
신동와인무역점주	shop	127.05976	37.50862
신동와인주	shop	127.02747	37.52737
신동와인주	shop	127.03451	37.52793
신디케이트	shop	127.02910	37.51573
신라스테이	stay	127.06317	37.50991
신라스테이역삼	stay	127.04152	37.50433
신라양꼬치	food	127.05625	37.51101
신라푸드	food	127.05465	37.50471
신룽푸마라탕수서역점	food	127.10184	37.48802
신림동호남집백순대	food	127.03352	37.50972
신마포갈매기신논현역점	food	127.02582	37.50385
신명가반찬	shop	127.05200	37.48887
신미감자탕	food	127.01971	37.51715
신미식당	food	127.03074	37.52800
신바람노래연습장	activity	127.08549	37.49035
신바람협동조합	shop	127.04526	37.50380
신발닭발	food	127.04076	37.50093
신복관한우육개장	food	127.03503	37.50143
신복관한우육개장	food	127.03161	37.49514
신복면관	food	127.02929	37.49766
신부자식당	food	127.02746	37.49983
신분당선에블린	shop	127.02831	37.49816
신분당약국	shop	127.02858	37.49784
신분당약국	shop	127.03151	37.49035
신불떡볶이부메랑	food	127.06177	37.51501
신비갈비살	food	127.02012	37.51913
신비메디칼	shop	127.02011	37.51678
신사가배	cafe	127.02630	37.51981
신사고집	food	127.02700	37.52443
신사고집	food	127.02624	37.50580
신사골감자탕	food	127.05532	37.51069
신사골감자탕	food	127.03408	37.48537
신사공원	nature	127.02148	37.52678
신사김밥	food	127.02228	37.51640
신사꽃게당	food	127.01973	37.51941
신사꽃게당신사	food	127.01973	37.51941
신사꽃게당압구정	food	127.03696	37.52374
신사달약국	shop	127.02158	37.51812
신사동뽈살	food	127.02647	37.52012
신사동스테이	stay	127.02557	37.51992
신사동작은손	bar	127.02098	37.51732
신사드림약국	shop	127.02765	37.52653
신사라라약국	shop	127.02278	37.51783
신사랑	food	127.02060	37.51956
신사루체약국	shop	127.02146	37.51732
신사마라탕	food	127.03098	37.52738
신사마차	food	127.03386	37.49591
신사만장어	food	127.02017	37.51739
신사버거	food	127.02841	37.53229
신사뻘낙지	food	127.02223	37.51652
신사삼삼하우스	stay	127.02115	37.51555
신사삼일하우스	stay	127.02115	37.51555
신사상가	shop	127.02842	37.53234
신사소곱창	food	127.02145	37.51777
신사소문도	food	127.03165	37.52188
신사수약국	shop	127.02751	37.52477
신사숙녀	bar	127.02050	37.51738
신사숙녀여러분	bar	127.03586	37.52660
신사술녀	food	127.02306	37.52366
신사스퀘어약국	shop	127.01909	37.51957
신사스테이	stay	127.02093	37.51785
신사시크릿	stay	127.02042	37.51786
신사애인호텔	stay	127.01914	37.52134
신사약국	shop	127.02050	37.51686
신사약방선릉	food	127.04161	37.50998
신사양꼬치가로수길	food	127.02202	37.51803
신사양복점	shop	127.03174	37.52268
신사온누리약국	shop	127.02036	37.51520
신사우리가판	shop	127.01971	37.51715
신사워치	shop	127.02667	37.51989
신사웰약국	shop	127.02035	37.51502
신사의바램	food	127.02052	37.51811
신사의정육점	shop	127.07523	37.48925
신사일도씨곱창	food	127.02501	37.51927
신사전	food	127.02270	37.51863
신사정육공방정육점	food	127.02987	37.51832
신사정육식당	food	127.02255	37.51122
신사진미골	food	127.02184	37.51866
신사쭈꾸미	food	127.03144	37.52182
신사코지원룸텔	stay	127.02144	37.51826
신사포장마차그때그자리에서	bar	127.02123	37.51768
신사포차	food	127.03046	37.52785
신사화로구이	food	127.02288	37.51806
신상압구정포차	bar	127.03723	37.52839
신석기부대찌개	food	127.04525	37.47934
신선설농탕	food	127.05937	37.49804
신선설농탕청담점	food	127.05276	37.52453
신선야채	shop	127.05145	37.49790
신선정육점	shop	127.05124	37.51273
신선참치	food	127.04076	37.50093
신성골프아카데미	activity	127.02681	37.50751
신성메디	shop	127.03339	37.51369
신성복권	activity	127.05079	37.51918
신성상사	shop	127.06796	37.48924
신성식품	shop	127.05079	37.51918
신성실업	stay	127.02523	37.50552
신세계개발주	stay	127.02978	37.50637
신세계까사스타필드	shop	127.05712	37.51295
신세계분더샵청담	shop	127.04187	37.52554
신세계센트럴트웰브키친	food	127.04412	37.52331
신세계시코르	shop	127.05916	37.51183
신세계시코르가로수길점	shop	127.02241	37.51817
신세계엘앤비와인앤모어	shop	127.02334	37.50790
신세계엘앤비와인앤모어강남파이낸스	shop	127.03651	37.50002
신세계엘앤비와인앤모어역삼센터필드점	shop	127.04136	37.50288
신세계인터내셔날	shop	127.04462	37.52480
신세계인터내셔날	shop	127.04315	37.52683
신세계인터내셔날	shop	127.02873	37.52403
신세계인터내셔날알마니	shop	127.04293	37.52697
신세계인터내셔날에르노청담	shop	127.04324	37.52662
신세계인터내셔날주	shop	127.04541	37.52431
신세계톰보이	shop	127.04208	37.52306
신세계톰보이	shop	127.05297	37.52526
신세계푸드노브랜드버거	food	127.05916	37.51183
신세계푸드노브랜드버거점	food	127.03717	37.50131
신세계푸드노브랜드버거포이	food	127.04566	37.47865
신세계푸드이마트에브리데이개포	shop	127.06842	37.48615
신세계프라퍼티더샵스앳센터필드점	shop	127.04136	37.50288
신세계프라퍼티코엑스몰	shop	127.05916	37.51183
신스패밀리	food	127.03719	37.50594
신신양꼬치	food	127.03960	37.51554
신안가옥	food	127.02778	37.51881
신안관광	bar	127.05424	37.52383
신안관광주	stay	127.05424	37.52383
신안전지대	bar	127.02823	37.50009
신앙촌상회	shop	127.04834	37.47874
신앙촌상회	shop	127.06903	37.48901
신앙촌상회	shop	127.02391	37.50935
신양월드레저	activity	127.03346	37.50015
신에스비에스노래연습장	activity	127.04837	37.47946
신영김밥	food	127.03066	37.52437
신영수퍼	shop	127.10104	37.48965
신원베스띠벨리대치	shop	127.06367	37.50006
신원세일즈	shop	127.03135	37.52766
신의주부대찌개	food	127.06436	37.51441
신의주순대와쭈꾸미	food	127.10415	37.47456
신의주찹쌀순대	food	127.05517	37.52253
신의주찹쌀순대	food	127.02418	37.50813
신의주찹쌀순대	food	127.03262	37.49061
신의주찹쌀순대논현역점	food	127.02418	37.50813
신의주찹쌀순대수서역점	food	127.10311	37.48732
신의한국수	food	127.05879	37.50543
신의한국수강남	food	127.03572	37.50993
신일유토빌	stay	127.03352	37.49883
신전떡볶이	food	127.06796	37.48924
신전떡볶이	food	127.02896	37.49973
신전떡볶이	food	127.03590	37.48651
신전떡볶이강남	food	127.02373	37.51143
신전떡볶이삼성청담점	food	127.05202	37.51237
신전떡볶이수서역점	food	127.10396	37.49021
신정	food	127.03240	37.49714
신정원약국	shop	127.05640	37.52238
신정주	food	127.03240	37.49709
신조준형	bar	127.03110	37.49759
신주닭발	bar	127.04039	37.49194
신주쿠야압구정스퀘어	food	127.03098	37.52738
신차이홍	food	127.05905	37.50656
신참떡볶이강남	food	127.09602	37.47206
신창기업발리오스새들앤스타일주	shop	127.02847	37.51303
신천생태	food	127.04630	37.51876
신천할매떡볶이	food	127.03421	37.50857
신촌설렁탕	food	127.04177	37.51670
신촌설렁탕	food	127.05404	37.49782
신촌설렁탕	food	127.06534	37.51294
신촌설렁탕	food	127.03208	37.50065
신촌설렁탕역삼로점	food	127.04060	37.49678
신촌황소곱창	food	127.02718	37.50183
신키네도	cafe	127.02530	37.51175
신토리해장국	food	127.07965	37.49434
신토불이정육식당	food	127.03736	37.48533
신평양찹쌀순대	food	127.10324	37.48851
신학에이전시	shop	127.02342	37.50832
신한아트홀	heritage	127.04384	37.49829
신한약국	shop	127.06267	37.49978
신한역삼동지점주	shop	127.04482	37.49739
신한유로텍	shop	127.06026	37.51673
신한정보통신	shop	127.04157	37.51816
신현대비와이씨	shop	127.03215	37.53147
신현대약국	shop	127.02445	37.52678
신혜성약국	shop	127.03860	37.49652
신호등장작구이	food	127.02330	37.50943
신화마트	shop	127.03476	37.51002
신화보드카페	activity	127.04862	37.50338
신환	shop	127.02381	37.50690
신흥식당	food	127.05166	37.50061
실로직물	shop	127.03547	37.52001
실루엣	shop	127.02806	37.49862
실루엣포뮬러	shop	127.04139	37.51780
실버	food	127.03697	37.52150
실버빈	cafe	127.04658	37.50324
실크아트갤러리	shop	127.04620	37.50440
심가네칼국수강남역	food	127.03172	37.49532
심가네칼국수본점	food	127.03852	37.50318
심가네칼국수선릉역	food	127.05330	37.50440
심가네칼국수역삼초교점	food	127.03301	37.49198
심금	bar	127.03805	37.52585
심기동김밥	food	127.05285	37.47488
심미안피어싱	shop	127.02831	37.49816
심스인베스트주	cafe	127.05765	37.51034
심야오뎅	food	127.04623	37.47800
심양청담	food	127.03853	37.52737
심재	cafe	127.06185	37.51351
심재	cafe	127.04493	37.48375
심재청담	cafe	127.03966	37.51867
심지전문서적	shop	127.02925	37.51660
심플	shop	127.02806	37.49862
심플라이트	shop	127.04506	37.52359
심플로어	food	127.05138	37.50258
심플로우	food	127.04630	37.50222
심플리뷰티풀	shop	127.02040	37.51805
심플원룸텔일원동삼성	stay	127.08549	37.49035
십사일동안	activity	127.02800	37.51853
십사일동안다이어트	activity	127.02605	37.52557
십앤칠커피바	bar	127.03908	37.49821
십원집	food	127.03301	37.49198
십이율청담점	food	127.04002	37.52755
십화점	shop	127.04113	37.52718
싱글즈캐슬	stay	127.05311	37.50320
싱싱노래연습장	activity	127.03526	37.49824
싱싱노래연습장	activity	127.05638	37.51143
싱싱농산	shop	127.03930	37.49247
싱싱반찬	shop	127.05174	37.49728
싱싱샐러드	food	127.04247	37.51032
싱싱수산	shop	127.03873	37.48622
싱싱약국	shop	127.04374	37.50938
싱싱온누리약국	shop	127.01971	37.51715
싱싱이야채막회	food	127.04319	37.50483
싱싱푸드	food	127.10470	37.47530
싸다김밥	food	127.02929	37.49766
싸다김밥	food	127.04060	37.51669
싸다김밥	food	127.02803	37.52567
싸다김밥강남	food	127.03912	37.49544
싸다김밥강남르네상스점	food	127.04270	37.50101
싸다김밥뱅뱅	food	127.03298	37.49025
싸다김밥선정릉역점	food	127.04062	37.50960
싸다김밥신사역점	food	127.02228	37.51691
싸다김밥압구정	food	127.03807	37.52817
싸다김밥언주역점	food	127.03481	37.50611
싸다김밥청담역점	food	127.04908	37.51888
싸다김밥학동역점	food	127.03028	37.51571
싸다와플	bar	127.02500	37.50720
싸다휘트니스	activity	127.03107	37.49942
싸리골	food	127.05170	37.50347
싸릿골	food	127.04061	37.52478
싸비에	shop	127.04842	37.49923
싸우나뮤직바	bar	127.04981	37.52542
싸움의고수	food	127.06218	37.49902
싸이	activity	127.06170	37.48255
싸이러스	shop	127.02271	37.51402
싸이클론	shop	127.05901	37.50169
싸인이스케이프	activity	127.03255	37.50082
싸일러	food	127.04950	37.52715
싹뚝	food	127.03447	37.49454
싹쓸이골드	shop	127.05336	37.50382
싼타로사	shop	127.06591	37.49962
쌀똑핫도그	food	127.02719	37.51097
쌀마가정식	food	127.06299	37.49918
쌀어묵공방	food	127.09602	37.47206
쌍다리돼지불백	food	127.03298	37.50097
쌍룡갈비	food	127.05137	37.50308
쌍방울메리야스	shop	127.03215	37.53147
쌍투스케이블	shop	127.04389	37.48413
쌍팔반점강남	food	127.03315	37.51124
쌍팔반점언주점	shop	127.03199	37.50906
쌤소나이트	shop	127.06135	37.50791
쌤소나이트현대백화점무역	shop	127.05976	37.50862
써니데이컴퍼니	food	127.04076	37.51583
써니사이드업강남	food	127.03496	37.49975
써니쿡	food	127.05730	37.50157
써니테르	food	127.03323	37.50103
써니텔	shop	127.10471	37.47537
써니투하이피엠	shop	127.10184	37.48802
써니플레이스	shop	127.04891	37.51925
써드웨이컴퍼니	shop	127.03811	37.52329
써모슈티컬	shop	127.02071	37.51484
써밋스테이	stay	127.05257	37.51326
써브웨이	food	127.03566	37.50162
써브웨이	food	127.02786	37.52567
써브웨이	food	127.04845	37.50479
써브웨이	food	127.02807	37.49973
써브웨이	food	127.02228	37.51691
써브웨이	food	127.08118	37.49105
써브웨이	food	127.05933	37.49870
써브웨이강남우성점	food	127.03147	37.49164
써브웨이봉은사역점	food	127.06401	37.51523
써브웨이삼성	food	127.05299	37.51271
써브웨이선정릉역점	food	127.04290	37.50972
써브웨이수서역점	food	127.10184	37.48802
써브웨이압구정	food	127.03965	37.52389
써브웨이언주역점	food	127.03465	37.50725
써브웨이청담점	food	127.04797	37.52462
써브웨이테헤란로점	food	127.04524	37.50298
써브웨이포이	food	127.04528	37.47754
써브웨이학동역점	food	127.02955	37.51405
써스데이아일랜드	shop	127.05326	37.49698
써스데이아일랜드	shop	127.06080	37.50919
써스티몽크청담점	food	127.04030	37.52291
써클원골프	shop	127.03053	37.49848
써트	food	127.04932	37.50678
썬	activity	127.03530	37.49912
썬	bar	127.03121	37.51970
썬골프용품	activity	127.05277	37.50380
썬노래연습장	activity	127.04539	37.48566
썬더볼드	food	127.02976	37.49701
썬더월드	shop	127.04078	37.49735
썬라이더	shop	127.04838	37.50665
썬라이더프랜차이즈스토어허브앤뷰티샵대치	shop	127.06141	37.49864
썬리취더치즈샵	shop	127.05765	37.49810
썬앳푸드모던샤브하우스강남파이낸스센터	food	127.03651	37.50002
썬앳푸드부베트	food	127.02887	37.52532
썬앳푸드시추안하우스	food	127.02887	37.52532
썬앳푸드시추안하우스주	food	127.05800	37.50959
썬앳푸드텍사스데브라질	food	127.02887	37.52532
썬파닭	food	127.04060	37.51669
썬파워노래방	bar	127.03314	37.48950
썬플라워	shop	127.03930	37.49247
썬플라워베이크샵	cafe	127.03535	37.48708
썬플라워베이크샵	food	127.08423	37.49311
썬핏	shop	127.05609	37.48462
썸	shop	127.10448	37.48856
썸	bar	127.03396	37.49000
썸	food	127.02052	37.51811
썸노래바	bar	127.03017	37.49630
썸노래밤	bar	127.05695	37.50874
썸띵어바웃커피	cafe	127.02783	37.50289
썸에스테틱나뷰티센터	shop	127.03703	37.50731
썸타는노래바	activity	127.02429	37.50650
썸퍼피	shop	127.02232	37.51540
썹주주	food	127.03759	37.52206
쎄덱와인	shop	127.03115	37.52137
쎄라덤	food	127.06483	37.50763
쎄라덤	shop	127.06106	37.50782
쎄라비	bar	127.05799	37.50549
쎄레니끄	shop	127.05523	37.49663
쎄리오	cafe	127.04028	37.51798
쎄바	food	127.10563	37.48798
쎄쎄쎄푸드빌리지	food	127.04379	37.51446
쎄종플레리	shop	127.03722	37.52490
쎌덮	food	127.02561	37.50968
쏘내추럴주	shop	127.02990	37.51707
쏘니아	shop	127.05200	37.48887
쏘딜리셔스키친	food	127.03712	37.50295
쏘미굿	shop	127.05916	37.51183
쏘시에떼케이주	shop	127.02270	37.52323
쏘앤아	shop	127.06591	37.49962
쏘엘	shop	127.06719	37.49601
쏘울	shop	127.02806	37.49862
쏘울컬렉션	shop	127.04411	37.50260
쏘윈스	shop	127.03477	37.51461
쏘주맥쭈	bar	127.02507	37.50550
쏘피엘	shop	127.02143	37.52182
쏠래	activity	127.03098	37.49461
쏠리드맨메이드우영미주	shop	127.03654	37.52454
쏭빠	bar	127.04626	37.52464
쑈숴이양이주방	food	127.04494	37.48512
쑤항계절	food	127.02904	37.49943
쓰리디허브시스템즈주	shop	127.04322	37.50870
쓰리엑스라지커피강남	cafe	127.08810	37.47155
쓰리웨이	activity	127.05257	37.51326
쓰리팝피씨카페	activity	127.05778	37.50528
쓰리푸드	food	127.02690	37.52478
씨그라운드컴퍼니	shop	127.05013	37.51281
씨네마	stay	127.05284	37.50684
씨더블유글로벌	shop	127.04935	37.52652
씨드	shop	127.02875	37.49851
씨드폴크	shop	127.09968	37.47455
씨디오커피	cafe	127.03483	37.49145
씨디텔레콤	shop	127.03192	37.50846
씨마린	food	127.02418	37.50893
씨마인	shop	127.03162	37.51084
씨벨커피	cafe	127.03210	37.51629
씨비엘	food	127.03816	37.50262
씨씨아이에프	food	127.02887	37.52532
씨씨콜렉트현대무역점	shop	127.05976	37.50862
씨아트	shop	127.04539	37.52462
씨알유	cafe	127.06071	37.51459
씨앤더블유에프앤비	food	127.03791	37.52600
씨앤디아트	shop	127.05522	37.52153
씨앤씨팩토리	shop	127.03284	37.48966
씨앤와이인베스트먼트주	stay	127.03664	37.52738
씨앤코컴퍼니메드렉스	food	127.02998	37.51490
씨앤티도시	cafe	127.04283	37.48433
씨앤피	shop	127.02712	37.52119
씨앤피에이전시	shop	127.02109	37.52032
씨앰비즈	cafe	127.02532	37.52507
씨에스마트	shop	127.05937	37.50523
씨에스빈	cafe	127.03723	37.50735
씨에스아이	shop	127.04161	37.50998
씨에스알테이블	food	127.03070	37.52462
씨에스에프엔에스	food	127.04340	37.52309
씨에스오니스	shop	127.04088	37.50735
씨에스유통은마점주	shop	127.06591	37.49962
씨에스타	shop	127.02692	37.50756
씨에스플랫폼	shop	127.04646	37.50411
씨에스피푸드르사이공	food	127.05916	37.51183
씨에에이치	shop	127.02205	37.51604
씨에이에스	shop	127.04633	37.51754
씨에이치	cafe	127.03126	37.51016
씨에이치인터내셔널	shop	127.03225	37.51760
씨에프나인	shop	127.02806	37.49862
씨에프지에프앤비	cafe	127.04394	37.52544
씨에프호텔	stay	127.04226	37.50126
씨엔	shop	127.02719	37.51077
씨엔비	shop	127.05200	37.48887
씨엔씨	shop	127.06853	37.49638
씨엔씨메디칼	shop	127.04631	37.47702
씨엔씨티	shop	127.05162	37.52382
씨엔엔	bar	127.05442	37.50708
씨엔와이코퍼레이션	shop	127.09967	37.46843
씨엘	food	127.03299	37.52172
씨엘드프랑스	food	127.04674	37.51761
씨엘로	shop	127.03985	37.51887
씨엘로	cafe	127.04614	37.48272
씨엘린	shop	127.04032	37.51913
씨엘비티	shop	127.06080	37.50919
씨엘쏭주	food	127.03584	37.52339
씨엘아트컴퍼니	shop	127.03051	37.51980
씨엘위드	food	127.02743	37.50333
씨엘이노베이션	shop	127.10448	37.48856
씨엘케이에프앤비	food	127.05714	37.52106
씨엠비와인앤스피릿츠	bar	127.05202	37.52539
씨엠에스인터네셔널	shop	127.02990	37.49945
씨엠와이	shop	127.06587	37.51068
씨엠플러스	shop	127.03836	37.49053
씨엠피커피	cafe	127.03782	37.51224
씨와이씨유통	shop	127.02806	37.49862
씨원	shop	127.02806	37.49862
씨유	activity	127.03314	37.50597
씨유	shop	127.06086	37.49835
씨유	shop	127.02907	37.52670
씨유	shop	127.06274	37.50739
씨유	food	127.03740	37.50908
씨유	shop	127.03476	37.48497
씨유가로수길점	shop	127.02391	37.51967
씨유강남	shop	127.02929	37.49766
씨유강남	shop	127.08651	37.49345
씨유강남	shop	127.09818	37.48791
씨유강남	shop	127.10255	37.47425
씨유강남거평점	shop	127.02832	37.50592
씨유강남남명학사점	shop	127.09602	37.47206
씨유강남논현타운점	shop	127.02632	37.50629
씨유강남로얄점	shop	127.04822	37.51183
씨유강남소망점	shop	127.03208	37.52449
씨유강남스타일점	shop	127.03102	37.49366
씨유강남시티점	shop	127.04464	37.50433
씨유강남율현점	shop	127.10785	37.47357
씨유강남청담	shop	127.05713	37.52179
씨유개포	shop	127.06067	37.48312
씨유개포우성점	shop	127.05040	37.48646
씨유논현	shop	127.03892	37.51717
씨유논현	shop	127.03085	37.51586
씨유논현	shop	127.03589	37.50845
씨유논현	shop	127.02746	37.50670
씨유논현	shop	127.03808	37.51193
씨유논현	shop	127.02904	37.51251
씨유논현	shop	127.04078	37.51166
씨유논현	shop	127.04197	37.51041
씨유논현	shop	127.03965	37.51699
씨유논현	shop	127.02882	37.51439
씨유논현	shop	127.02350	37.50748
씨유논현경복점	shop	127.03994	37.51021
씨유논현대승점	shop	127.03773	37.51856
씨유논현럭키점	shop	127.03258	37.52039
씨유논현세기점	shop	127.02821	37.51111
씨유논현세원점	shop	127.03463	37.51291
씨유논현영동점	shop	127.02388	37.51710
씨유논현우람점	shop	127.02799	37.51255
씨유논현윤진점	shop	127.02914	37.50812
씨유논현학사점	shop	127.02640	37.51791
씨유논현한미점	shop	127.03340	37.50745
씨유논현한진점	shop	127.03709	37.52089
씨유논현혜성점	shop	127.02448	37.50616
씨유뉴대치	shop	127.05882	37.50635
씨유대청	shop	127.07765	37.49421
씨유대치	shop	127.05884	37.49856
씨유대치	shop	127.05523	37.50563
씨유대치	shop	127.05311	37.49773
씨유대치	shop	127.07004	37.49856
씨유대치	shop	127.05795	37.49243
씨유대치	shop	127.06299	37.49918
씨유대치금강점	shop	127.05074	37.50456
씨유대치기량점	shop	127.05084	37.50116
씨유대치메가점	shop	127.05508	37.50283
씨유대치메트로칸점	shop	127.05947	37.50685
씨유대치샤인점	shop	127.05447	37.49780
씨유대치선경점	shop	127.06192	37.49335
씨유대치역점	shop	127.06162	37.49690
씨유대치예스점	shop	127.05290	37.50389
씨유대치은마	shop	127.06833	37.49836
씨유대치타운점	shop	127.05553	37.49993
씨유대치한국점	shop	127.05032	37.50330
씨유대치현대점	shop	127.06630	37.50418
씨유도곡	shop	127.04211	37.49206
씨유도곡대원점	shop	127.04476	37.48357
씨유도곡럭키점	shop	127.03836	37.49053
씨유도곡우성점	shop	127.05185	37.48692
씨유매	shop	127.04523	37.48696
씨유매봉역점	shop	127.04539	37.48566
씨유삼성	shop	127.05124	37.51273
씨유삼성	shop	127.05729	37.50795
씨유삼성대웅점	shop	127.06436	37.51472
씨유삼성리저브점	shop	127.05548	37.50809
씨유삼성마젤란점	shop	127.05835	37.50874
씨유삼성메가점	shop	127.05397	37.51022
씨유삼성신코점	shop	127.06401	37.51523
씨유삼성암센터	shop	127.08960	37.49034
씨유삼성우주점	shop	127.06017	37.51623
씨유삼성위브점	shop	127.05783	37.50847
씨유삼성한우리점	shop	127.05625	37.51101
씨유삼성현대점	shop	127.04718	37.51656
씨유삼성１호점	shop	127.05229	37.50651
씨유선릉	shop	127.04771	37.50556
씨유선정릉역점	shop	127.04472	37.51087
씨유세곡	shop	127.09327	37.46735
씨유세곡리엔점	shop	127.10416	37.46438
씨유세곡지웰점	shop	127.10078	37.46679
씨유세로수길점	shop	127.02165	37.52293
씨유수서까치	shop	127.08660	37.48549
씨유수서나산점	shop	127.10376	37.48707
씨유신라스테이플러스이호테우점	stay	127.04849	37.51238
씨유신사	shop	127.01994	37.52200
씨유신사	shop	127.02747	37.52030
씨유신사	shop	127.03124	37.52156
씨유신사성환점	shop	127.02070	37.51714
씨유신사세화점	shop	127.03490	37.52644
씨유신사신구점	shop	127.03135	37.52766
씨유신사에비뉴점	shop	127.02299	37.52386
씨유신사프리미어점	shop	127.02486	37.52146
씨유신사현대점	shop	127.03013	37.52724
씨유압구정	shop	127.03720	37.52529
씨유압구정	shop	127.02940	37.52435
씨유압구정	shop	127.02906	37.52218
씨유압구정크루즈점	shop	127.01917	37.52894
씨유양재디오빌점	shop	127.03354	37.48647
씨유어비스	shop	127.03104	37.49185
씨유역삼	shop	127.02920	37.49974
씨유역삼	shop	127.03671	37.49158
씨유역삼	shop	127.03416	37.50431
씨유역삼	shop	127.04490	37.50240
씨유역삼	shop	127.03180	37.50564
씨유역삼	shop	127.03314	37.50597
씨유역삼	shop	127.04084	37.50700
씨유역삼건화점	shop	127.04195	37.49348
씨유역삼경복점	shop	127.04043	37.50871
씨유역삼디오빌점	shop	127.03110	37.49759
씨유역삼목화점	shop	127.04276	37.50894
씨유역삼미래점	shop	127.03884	37.50387
씨유역삼벚꽃길점	shop	127.03524	37.49134
씨유역삼비엘점	shop	127.03093	37.49295
씨유역삼삼부자점	shop	127.04419	37.50571
씨유역삼신웅점	shop	127.04015	37.50144
씨유역삼아트점	shop	127.04292	37.49841
씨유역삼우리점	shop	127.03734	37.49610
씨유역삼우인점	shop	127.02932	37.49647
씨유역삼유토빌점	shop	127.03352	37.49883
씨유역삼제이점	shop	127.03595	37.49468
씨유역삼충현점	shop	127.03645	37.50355
씨유역삼카이로스점	shop	127.03161	37.49172
씨유역삼포스틸점	shop	127.03414	37.49908
씨유역삼푸르지오	shop	127.04639	37.49695
씨유역삼푸른점	shop	127.03232	37.49045
씨유역삼퓨처스점	shop	127.03649	37.49859
씨유역삼한서점	shop	127.03908	37.49821
씨유역삼형지점	shop	127.03960	37.49446
씨유역삼황제펭귄점	shop	127.03694	37.50678
씨유율현	shop	127.10682	37.47179
씨유일원다솜점	shop	127.08541	37.49060
씨유일원마루공원점	shop	127.08448	37.49505
씨유일원맛의	shop	127.08201	37.48933
씨유일원우성점	shop	127.07911	37.49324
씨유자곡	shop	127.08810	37.47176
씨유청담	shop	127.04914	37.52532
씨유청담	shop	127.05601	37.52396
씨유청담	shop	127.05216	37.51672
씨유청담	shop	127.04001	37.52283
씨유청담경원점	shop	127.04506	37.52359
씨유청담노아점	shop	127.04462	37.52480
씨유청담럭키점	shop	127.04947	37.52684
씨유청담삼환점	shop	127.04761	37.52166
씨유청담영동점	shop	127.05259	37.52530
씨유청담오션점	shop	127.04502	37.51854
씨유청담진흥점	shop	127.05033	37.52007
씨유청담청아점	shop	127.04809	37.51874
씨유청담카운티점	shop	127.04904	37.52334
씨유청담현대점	shop	127.05298	37.52703
씨유큰길	shop	127.04067	37.50240
씨유포이대원점	shop	127.05268	37.47501
씨유플러스	shop	127.04416	37.51009
씨유학동역점	shop	127.03350	37.51448
씨유한강버스압구정선착장점	shop	127.01648	37.52658
씨유한티래미안점	shop	127.05112	37.49707
씨이엠갤러리모벰버	cafe	127.02967	37.50502
씨이오인터내셔날	shop	127.02697	37.52422
씨이오인터내셔널	shop	127.02178	37.52218
씨제이앤씨	stay	127.06531	37.51116
씨제이올리브영	shop	127.02151	37.51660
씨제이올리브영	shop	127.06080	37.50919
씨제이올리브영	shop	127.02991	37.49906
씨제이올리브영	shop	127.05954	37.49811
씨제이올리브영	shop	127.05346	37.50549
씨제이올리브영	shop	127.02895	37.52709
씨제이올리브영	shop	127.02928	37.49888
씨제이올리브영	shop	127.04830	37.50528
씨제이올리브영	shop	127.05945	37.50963
씨제이올리브영	shop	127.06594	37.50795
씨제이올리브영강남	shop	127.02907	37.49603
씨제이올리브영강남	shop	127.02454	37.50666
씨제이올리브영강남교보	shop	127.02557	37.50314
씨제이올리브영강남시티점	shop	127.02753	37.50029
씨제이올리브영강남역	shop	127.02929	37.49766
씨제이올리브영강남우성점	shop	127.03104	37.49185
씨제이올리브영강남파이	shop	127.03651	37.50002
씨제이올리브영개포동점	shop	127.06148	37.48225
씨제이올리브영남	shop	127.04061	37.49373
씨제이올리브영대치	shop	127.05952	37.50224
씨제이올리브영대치역점	shop	127.06035	37.49368
씨제이올리브영대치역점	shop	127.06192	37.49335
씨제이올리브영삼성	shop	127.05039	37.51248
씨제이올리브영선릉	shop	127.04553	37.50308
씨제이올리브영선릉로점	shop	127.05127	37.50362
씨제이올리브영선릉타운점	shop	127.05086	37.50549
씨제이올리브영선정릉역점	shop	127.04401	37.51064
씨제이올리브영세곡동점	shop	127.10016	37.46639
씨제이올리브영수서역점	shop	127.10184	37.48802
씨제이올리브영신	shop	127.02654	37.50261
씨제이올리브영신논현역점	shop	127.02506	37.50434
씨제이올리브영신논현역점	shop	127.02503	37.50463
씨제이올리브영압구정	shop	127.03951	37.52785
씨제이올리브영압구정	shop	127.02873	37.52403
씨제이올리브영압구정로데오	shop	127.03826	37.52765
씨제이올리브영압구정로데오역점	shop	127.03943	37.52509
씨제이올리브영언주역점	shop	127.03502	37.50793
씨제이올리브영역삼	shop	127.03614	37.50098
씨제이올리브영올리브영	shop	127.02792	37.52637
씨제이올리브영일원역점	shop	127.08446	37.48402
씨제이올리브영점	shop	127.03430	37.49964
씨제이올리브영타워팰리스	shop	127.05321	37.48875
씨제이올리브영테헤란로점	shop	127.05975	37.50743
씨제이올리브영포이	shop	127.04535	37.47738
씨제이올리브영학동	shop	127.03775	37.52235
씨제이올리브영학동역	shop	127.03029	37.51416
씨제이올리브영학동역점	shop	127.03054	37.51357
씨제이올리브영학여울역점	shop	127.06843	37.49817
씨제이올리브영한티역점	shop	127.05264	37.49754
씨제이푸드빌	food	127.05916	37.51183
씨제이푸드빌뚜레쥬르강남	food	127.02634	37.50165
씨제이푸드빌뚜레쥬르압구정	food	127.02605	37.52557
씨제이푸드빌빕스도곡역	food	127.05614	37.49071
씨제이프레시웨이강남세브란스투썸	cafe	127.04631	37.49280
씨지앤비	food	127.03495	37.51435
씨지에스엑스	shop	127.03084	37.50426
씨케이남성롯데강남	shop	127.05326	37.49698
씨케이닷컴	shop	127.04431	37.50427
씨케이로	shop	127.03723	37.52839
씨케이언더웨어가로수길점	shop	127.02241	37.51867
씨케이엠컴퍼니	shop	127.05945	37.50963
씨케이오성	shop	127.02832	37.50592
씨큐브레이나커피	cafe	127.03349	37.49853
씨테라스	food	127.03831	37.52463
씨투지	activity	127.03883	37.49328
씨티	activity	127.02785	37.52258
씨티마트	shop	127.03742	37.52335
씨티씨앤푸드	food	127.03837	37.50315
씨티에스	shop	127.04726	37.50506
씨티엘	shop	127.02990	37.49945
씨티정보통신	shop	127.04929	37.52398
씨티커피역삼	cafe	127.03829	37.50365
씨플렉스울트라	shop	127.02831	37.49816
씨피컴퍼니	activity	127.05846	37.50626
씬컴퍼니	shop	127.04006	37.52474
씽씽노래연습장	activity	127.03145	37.49549
씽씽노래연습장	activity	127.02415	37.50747
씽씽라이프	shop	127.05051	37.50189
씽크앤플로우	shop	127.03459	37.49654
아가	food	127.02710	37.52173
아가방앤컴퍼니	shop	127.03871	37.50171
아가방앤컴퍼니넥스트맘역삼차	shop	127.03427	37.50713
아가방앤컴퍼니본사	shop	127.03871	37.50171
아가월드삼성교육센타	shop	127.04680	37.51143
아가토스	bar	127.02426	37.51869
아게하	bar	127.02865	37.52098
아고야신사가로수길점	food	127.02188	37.51919
아구본가첨벙대치	food	127.05713	37.49740
아구본가첨벙신사	food	127.02092	37.51586
아구아구	food	127.04514	37.50472
아그라씨티	food	127.05916	37.51183
아그라이엑스	food	127.05326	37.49698
아그라지에프씨	food	127.03651	37.50002
아나고야	food	127.02282	37.50931
아나사글로벌	shop	127.04515	37.52564
아나카롱	food	127.06591	37.49962
아낙	food	127.02803	37.51149
아낙감	food	127.04281	37.48508
아난티클럽청담	cafe	127.04227	37.52589
아너힐즈로또복권	activity	127.06795	37.48445
아너힐즈약국	shop	127.06795	37.48445
아네트	shop	127.02887	37.52532
아네트안다즈	shop	127.02887	37.52532
아누	food	127.04574	37.52363
아늑한아로마테라피	shop	127.03244	37.49097
아는데	food	127.02452	37.51900
아니다파르크	food	127.04260	37.51270
아다지오커피	cafe	127.04046	37.50998
아담	shop	127.05916	37.51183
아담만두	food	127.06803	37.48892
아담만두강남	food	127.04631	37.51729
아담스피치	shop	127.02439	37.51987
아담치킨강남	food	127.03457	37.49487
아더스시	food	127.02852	37.52095
아더케이글로벌	shop	127.05531	37.52221
아덴뷰티	shop	127.04911	37.50343
아델라케이	shop	127.02371	37.51587
아델리아	shop	127.03979	37.52746
아도계영배	cafe	127.03218	37.52819
아도라	shop	127.03095	37.49222
아도르	cafe	127.04511	37.51281
아도르	food	127.03375	37.51345
아드리게호텔	stay	127.03913	37.50087
아드브르	shop	127.03248	37.52290
아디다스골프청담	shop	127.04802	37.52360
아디다스오리지널가로수길	shop	127.02303	37.51858
아디다스오리지널플래그십도산	shop	127.03612	37.52615
아디엘	shop	127.06080	37.50919
아디엘원	shop	127.04877	37.47910
아따	food	127.03909	37.52688
아또아또	shop	127.05629	37.50174
아뜨리에하양연화	shop	127.10080	37.48663
아뜰리에	bar	127.03851	37.50262
아뜰리에	shop	127.05119	37.50051
아뜰리에라라	food	127.09498	37.47192
아뜰리에엠마	shop	127.04663	37.50548
아띠	cafe	127.04067	37.49636
아띠	activity	127.03314	37.50597
아띠랑스	shop	127.02578	37.52503
아띠몽	food	127.10455	37.48542
아띠아라	food	127.04916	37.50560
아띠체리시	food	127.03390	37.49755
아띠피네	cafe	127.03953	37.51426
아라	bar	127.03613	37.51472
아라도	bar	127.02665	37.52544
아라유	food	127.04255	37.52186
아라의당구홀릭	activity	127.03658	37.49830
아라치	food	127.04562	37.51109
아라치라운지	food	127.03694	37.52437
아람	shop	127.04131	37.51719
아람엔코	shop	127.02437	37.50726
아랑	shop	127.03366	37.50545
아랑	bar	127.04860	37.51923
아랑졸	food	127.04362	37.50477
아레나	bar	127.03451	37.49836
아레나피씨	activity	127.03942	37.49439
아로마	shop	127.04087	37.49320
아로마맘	shop	127.04316	37.48255
아로마무역점	shop	127.03466	37.50053
아로마약국	shop	127.04315	37.49795
아로마약국	shop	127.04282	37.49786
아로마약국초록마을	shop	127.04282	37.49786
아로마영	shop	127.05261	37.50677
아로마커피	cafe	127.04282	37.49786
아로마테라피어소시에이트바이인스파	shop	127.05712	37.51295
아로마티카	shop	127.02172	37.52127
아로마티카신사스토어	food	127.01941	37.52073
아로보서울	food	127.01967	37.51912
아로아로이	shop	127.02875	37.51162
아로엔	shop	127.02676	37.51013
아로코	shop	127.02361	37.52205
아로하	shop	127.10500	37.47470
아로하플라워	shop	127.10503	37.47477
아론플라워	shop	127.05341	37.51533
아루	bar	127.03618	37.52529
아루	food	127.03014	37.52775
아룸	shop	127.02887	37.52185
아르	shop	127.05094	37.47499
아르고티	cafe	127.05433	37.50145
아르단테	food	127.03582	37.52373
아르데레	food	127.03454	37.52564
아르때강남겔러리	shop	127.03007	37.49554
아르떼	shop	127.02025	37.52223
아르떼제이	shop	127.02708	37.51329
아르떼컴퍼니	food	127.03282	37.52870
아르띠앙서울	shop	127.04377	37.52266
아르마니꼴레지오니현대무역	shop	127.05976	37.50862
아르보식당	food	127.08507	37.49022
아르보플라워	shop	127.08480	37.48553
아르보플로르	shop	127.08480	37.48553
아르스비벤디	activity	127.05440	37.47410
아르아	shop	127.04022	37.52722
아르온	stay	127.02885	37.50269
아르와	shop	127.03476	37.51002
아르하	shop	127.04818	37.52556
아른스테이	stay	127.04616	37.50643
아름나움	shop	127.03497	37.50426
아름다운가게	shop	127.03393	37.48696
아름다운가게	shop	127.03098	37.52738
아름다운가게재	shop	127.03788	37.51639
아름다운나라에스테틱	shop	127.02858	37.49784
아름다운우리약국	shop	127.03960	37.49446
아름식당	food	127.04881	37.51393
아름온누리약국	shop	127.02929	37.49554
아름재활용	shop	127.06729	37.47607
아리	food	127.02734	37.51076
아리계곡	food	127.02852	37.50037
아리네술상	bar	127.03721	37.50255
아리노마마	food	127.03576	37.48517
아리따움강남역	shop	127.02806	37.49862
아리랑	food	127.06496	37.51005
아리랑마트	shop	127.02483	37.51896
아리산	food	127.04407	37.49722
아리수스테이머무르다	bar	127.03431	37.50563
아리스타	cafe	127.04414	37.50388
아리스타	cafe	127.05668	37.50891
아리스타커피	cafe	127.03433	37.50066
아리스타커피	cafe	127.02929	37.49766
아리스타커피	cafe	127.03251	37.50046
아리스테이	stay	127.05285	37.51082
아리아	bar	127.03577	37.51322
아리아리	food	127.02864	37.51916
아리아테라피	shop	127.05177	37.51799
아리양	food	127.04161	37.50998
아마노사무기	shop	127.03174	37.51960
아마당	shop	127.05865	37.49890
아마레스	shop	127.02262	37.52045
아마레플라워	shop	127.06358	37.51074
아마레호텔	stay	127.04021	37.49468
아마스빈	cafe	127.06099	37.49782
아마스빈개포동역점	cafe	127.06796	37.48924
아마존컨설팅그룹	shop	127.02181	37.51556
아마폴라	cafe	127.03752	37.50810
아만딘	food	127.04838	37.50665
아머스포츠	shop	127.05325	37.52455
아메리슬립지점	shop	127.03022	37.51352
아메리칸용	food	127.07460	37.49233
아메리칸테이블	food	127.06578	37.51586
아메리칸트레일러	shop	127.06080	37.50919
아메리코트레딩	food	127.03805	37.52585
아모레퍼시픽설화수플래그십스토어	shop	127.03549	37.52356
아모에스테틱스	shop	127.04139	37.51780
아모제에프앤엘	food	127.03740	37.50908
아모제푸드	food	127.03740	37.50908
아모제푸드글래드라이브직원식당	food	127.05346	37.50549
아모제푸드오므토	food	127.05918	37.50590
아모제푸드오므토토마토강남	food	127.03053	37.49656
아무르무아	shop	127.04135	37.51553
아무아쥬도산부티크	shop	127.03482	37.52334
아미고	shop	127.05124	37.51273
아미고에프앤비	cafe	127.04288	37.52755
아미고푸드	food	127.02345	37.50903
아미두두	shop	127.02492	37.51938
아미띠에	cafe	127.02918	37.52381
아미치	bar	127.02803	37.52581
아바	shop	127.04599	37.51051
아바노래연습장	activity	127.04065	37.51613
아바이왕순대	food	127.03103	37.52808
아바이왕순대	food	127.03189	37.50752
아방가르드아방베이커리센터필드점	food	127.04136	37.50288
아방궁	food	127.03062	37.49444
아방베이커리	food	127.06012	37.50672
아방스커피	shop	127.05763	37.52245
아베끄	food	127.03935	37.52564
아베크	shop	127.03235	37.49172
아베크노래연습장	activity	127.06734	37.48875
아벡제이베이커리	food	127.03873	37.48622
아보아보	shop	127.02181	37.52022
아부라소바	food	127.03022	37.51614
아부라소바	food	127.03746	37.51663
아비꼬	food	127.02756	37.50255
아비꼬	food	127.02714	37.52549
아비꼬수서역점	food	127.10311	37.48732
아비꼬신사가로수길점	food	127.02225	37.52114
아비꼬재석	food	127.04675	37.52177
아비오	shop	127.04718	37.52348
아빗시스템	shop	127.07965	37.49434
아빠존폰엔커피	shop	127.04426	37.50195
아빠한약국	shop	127.06534	37.49994
아사이퍼플	food	127.05534	37.50506
아삭아삭	shop	127.06842	37.48615
아선재	food	127.06488	37.50421
아성다이소	shop	127.04721	37.48661
아세르	shop	127.02841	37.53229
아세아전기조명	shop	127.04550	37.48396
아세움	shop	127.03420	37.51279
아셈마트	shop	127.06100	37.51498
아셈안경	shop	127.05945	37.50963
아셈플라워랜드주	shop	127.05916	37.51183
아소보이	bar	127.05412	37.51293
아수라발발타	activity	127.03916	37.50264
아스까까	shop	127.02355	37.52215
아스테르	cafe	127.04155	37.50665
아스테리	shop	127.03602	37.50513
아식스롯데	shop	127.05326	37.49698
아식스아식스타이거가로수길점	shop	127.02201	37.52093
아식스오니츠카타이거도산공원점	shop	127.03782	37.52573
아식스오니츠카타이거본사	shop	127.02251	37.51992
아식스오니츠카타이거파르나스점	shop	127.06080	37.50919
아실	shop	127.04273	37.50593
아실라	food	127.02798	37.50073
아쏘	activity	127.03207	37.51984
아아수혈	cafe	127.03204	37.50876
아야서울	shop	127.04077	37.52271
아야진생태찌개	food	127.05476	37.51179
아야진생태찌개	food	127.03934	37.49457
아야커피	cafe	127.04309	37.50447
아영에프비씨	shop	127.05754	37.51201
아영에프비씨롯데주	shop	127.05326	37.49698
아영에프비씨신세계푸드마켓	shop	127.05396	37.48946
아영에프비씨현대백화점	shop	127.02747	37.52737
아영에프비씨현대백화점무역	shop	127.05976	37.50862
아오끼	food	127.04950	37.50653
아오리의행방불명	food	127.03244	37.49097
아오타	food	127.03930	37.52077
아우구스티누스바더	shop	127.05976	37.50862
아우구스티누스바더	shop	127.02747	37.52737
아우네	food	127.05695	37.50928
아우라	shop	127.04973	37.49421
아우라	shop	127.06657	37.50774
아우라	shop	127.02809	37.51186
아우라엔알	bar	127.05304	37.50693
아우라역삼	shop	127.02831	37.49816
아우라지왕순대	food	127.04781	37.50583
아우룸	shop	127.04139	37.51780
아우어베이커리	food	127.04087	37.50052
아우어베이커리가로수길점	food	127.02147	37.52094
아우어베이커리청담	food	127.04878	37.52537
아웃백딜리버리	food	127.05744	37.50816
아웃오브주	shop	127.04650	37.50712
아워비전	shop	127.04005	37.49925
아워위스키	food	127.03999	37.50346
아율	shop	127.03440	37.49850
아윰카펠라양양오너스클럽	food	127.03007	37.51982
아이	bar	127.05754	37.51016
아이	bar	127.04031	37.50334
아이갓에브리씽서울세관점	cafe	127.03378	37.51830
아이구루	shop	127.10184	37.48802
아이다안경원	shop	127.06661	37.48894
아이더블유케이	food	127.03505	37.49855
아이데니스	shop	127.04887	37.52579
아이데스크	shop	127.05765	37.49810
아이돈워너셀	shop	127.04015	37.50144
아이두브레인	shop	127.05146	37.50022
아이디	shop	127.05341	37.51533
아이디라이크	shop	127.02418	37.51768
아이디약국	shop	127.02069	37.51696
아이디어	shop	127.05073	37.50142
아이디어	shop	127.05031	37.51604
아이디어압구정지점	shop	127.03825	37.52492
아이디조이레니본파르나스몰	shop	127.06080	37.50919
아이러브강남의원	shop	127.03399	37.50786
아이러브그릭	cafe	127.02669	37.50897
아이러브코코드림	shop	127.04654	37.52685
아이러브펍	bar	127.03130	37.49486
아이리스	bar	127.03609	37.50332
아이리스	activity	127.02131	37.51795
아이리스메디칼	shop	127.02973	37.49465
아이리움헬스케어	shop	127.02843	37.49746
아이리치	shop	127.02776	37.52397
아이리치하우스	stay	127.02703	37.52528
아이마코콜렉션	shop	127.02188	37.52154
아이모비스	shop	127.11917	37.46930
아이미스킨랩	shop	127.02929	37.49766
아이바	bar	127.05754	37.51016
아이보리	shop	127.02831	37.49816
아이보리	shop	127.02806	37.49862
아이브레인아카데미	shop	127.04648	37.49590
아이브상사	shop	127.05824	37.50605
아이비	shop	127.08220	37.49154
아이비	bar	127.05683	37.52241
아이비고시원	stay	127.03143	37.51020
아이비골드	shop	127.02831	37.49816
아이비랜드	shop	127.04949	37.47887
아이비씨에셋	cafe	127.06071	37.51459
아이비즈	shop	127.04646	37.50411
아이소	cafe	127.03496	37.49975
아이수마	food	127.04268	37.51548
아이스걸크림보이	food	127.02691	37.50319
아이스걸크림보이강남대치	food	127.05206	37.50212
아이스걸크림보이더테라스	food	127.02520	37.50575
아이스무빙강남	shop	127.08810	37.47155
아이스무빙개포래미안포레스트점	shop	127.05223	37.47975
아이스무빙도곡	shop	127.04973	37.49421
아이스버켓	shop	127.08480	37.48553
아이스아레나	food	127.05459	37.52339
아이스앤토이	shop	127.08158	37.49078
아이스크래프트	shop	127.04842	37.49923
아이스크림ㅋㅋㅋ	shop	127.06834	37.48882
아이스크림살래	shop	127.10347	37.46315
아이스크림살래개포	shop	127.07417	37.49109
아이스크림스토리	shop	127.03623	37.48642
아이스크림스토리	shop	127.06207	37.48286
아이스크림스토리논현역점	shop	127.02324	37.51010
아이스크림스토리한티역점	shop	127.05441	37.49780
아이스크림안경원	shop	127.03038	37.49713
아이스크림할인점	shop	127.03995	37.48776
아이스크림할인점와와	shop	127.03622	37.49311
아이스타일러스	shop	127.02768	37.51332
아이스페이스	shop	127.03946	37.52657
아이씨에프제육호투자조합	food	127.03662	37.48525
아이아네트웍스	shop	127.04881	37.51199
아이아이	shop	127.04798	37.47962
아이아이티주	food	127.05916	37.51183
아이앤엠라이프스타일	shop	127.03068	37.51557
아이앤지통신	shop	127.03003	37.51406
아이앤지피씨카페	activity	127.05030	37.51934
아이앰히어	shop	127.02429	37.52168
아이앱스튜디오도산	shop	127.03640	37.52348
아이약국	shop	127.05016	37.51972
아이에스	shop	127.04830	37.47730
아이에스엔	shop	127.03159	37.51529
아이엑스뷰티메디코스	shop	127.03467	37.50785
아이엔티키친프라자	shop	127.02392	37.51163
아이엘피	bar	127.03105	37.49551
아이엠	bar	127.03396	37.49894
아이엠	shop	127.03914	37.52073
아이엠	cafe	127.03502	37.48746
아이엠아사이	cafe	127.03789	37.52533
아이엠아이	shop	127.04011	37.51437
아이엠티	shop	127.02806	37.49862
아이엠티하우스	stay	127.03559	37.50516
아이엠포텐	shop	127.04033	37.51552
아이영칠일칠	food	127.05432	37.52241
아이오다코타	shop	127.02492	37.52198
아이오마	shop	127.03162	37.51457
아이오마강남	shop	127.02818	37.50101
아이오마끌레르	shop	127.02264	37.50930
아이온	shop	127.05985	37.52082
아이올로지	shop	127.02539	37.50502
아이와인	shop	127.02068	37.51877
아이우드	shop	127.04893	37.48720
아이워즈어카	shop	127.03453	37.52657
아이원성형외과	shop	127.02794	37.52191
아이원안경원	shop	127.05904	37.49862
아이웰안경	shop	127.04526	37.50380
아이윈글로벌	shop	127.05610	37.51100
아이조은약국	shop	127.05262	37.51496
아이즈안경	shop	127.03074	37.52800
아이지에이마트개포현대점	shop	127.06117	37.48832
아이지에이마트논현보전점	shop	127.03445	37.51929
아이지피스포츠	shop	127.02990	37.49945
아이캐처안경원	shop	127.03794	37.49811
아이케어닥터	shop	127.02766	37.51912
아이코닉와인스	shop	127.02870	37.51698
아이코스튬	shop	127.02989	37.51229
아이코어리듬체조	activity	127.05124	37.50041
아이콘인터내셔날주	shop	127.03651	37.50002
아이콘즈주	food	127.06071	37.51459
아이템안경원	shop	127.10471	37.47537
아이티뱅크네트웍스	shop	127.04271	37.48464
아이티엑스	shop	127.06103	37.51035
아이티원	shop	127.03519	37.50542
아이편한약국	shop	127.05954	37.48377
아이플라워	shop	127.04278	37.52274
아이픽스폰	shop	127.03972	37.52430
아이핏성형외과의원	shop	127.02035	37.51502
아이하우스	shop	127.05200	37.48887
아이해브어드림	food	127.02928	37.49927
아이홀릭안경원	shop	127.02803	37.50738
아인스	stay	127.02676	37.51029
아일랜더스	shop	127.05739	37.51091
아일랜드	shop	127.02831	37.49816
아임	food	127.04103	37.52437
아임	shop	127.03315	37.50457
아임릴리	shop	127.03700	37.49617
아임뮤트로스터리	cafe	127.02228	37.51640
아임샌드	food	127.04658	37.50324
아임샤인	bar	127.04878	37.47441
아임플라스틱강남	shop	127.02556	37.50438
아임플라스틱역삼	shop	127.04067	37.50379
아임피엔피	activity	127.04091	37.49397
아주레포츠지점	shop	127.02319	37.52237
아주밍	cafe	127.03206	37.52252
아줄레주갤러리	shop	127.04674	37.52348
아지트	activity	127.04726	37.47828
아지트	bar	127.03610	37.51011
아지트	bar	127.05867	37.50661
아지트당구클럽	activity	127.04939	37.50618
아지트카페	food	127.02715	37.50112
아지트포유속눈썹아카데미	shop	127.04526	37.50380
아쭈	food	127.02561	37.50564
아쯔마로	food	127.05228	37.51767
아침가리긴밭	food	127.03340	37.52036
아카데미하우스	stay	127.03486	37.49523
아카라	bar	127.03995	37.51017
아카이브나인	bar	127.03663	37.52483
아코모	shop	127.03159	37.51529
아코페디코	shop	127.06591	37.49962
아쿠쉬네트	shop	127.04193	37.51464
아쿠쉬네트풋조이도산점	shop	127.03310	37.52244
아쿠아	food	127.03123	37.51603
아쿠아트리	shop	127.05202	37.50974
아퀴스	shop	127.04784	37.51120
아큐포인트강남지사	shop	127.02819	37.51389
아크네스튜디오무역점	shop	127.05976	37.50862
아크드뮤즈	shop	127.03565	37.50707
아크라덱스	shop	127.03678	37.50931
아크랜드서비스하마다도산점	food	127.03681	37.52484
아크로노바	shop	127.03664	37.50319
아크로빌약국	shop	127.05130	37.48803
아크로생과일	cafe	127.05068	37.48814
아크로짐논현학동역점	shop	127.02864	37.51916
아크로파트너즈	shop	127.05846	37.50626
아크미압구정	food	127.03938	37.52718
아크비스포크	shop	127.03324	37.50401
아크센츠	shop	127.02828	37.50923
아크테릭스	shop	127.05916	37.51183
아키	shop	127.02140	37.52119
아키블룸	shop	127.03148	37.49098
아키아트	shop	127.05023	37.50387
아테페	food	127.02997	37.52248
아토즈무브	activity	127.04016	37.52424
아토커피	cafe	127.03877	37.50398
아토커피	cafe	127.02732	37.51161
아툰인유통	shop	127.03891	37.49226
아트갤러리	shop	127.03554	37.53192
아트데이	shop	127.09237	37.48084
아트리빙	shop	127.03935	37.52564
아트리샤	shop	127.02040	37.51805
아트리안	shop	127.03318	37.50182
아트모스서울	shop	127.03943	37.52509
아트문구	shop	127.03252	37.51857
아트바이아치쿠	shop	127.03594	37.49928
아트박스	shop	127.02698	37.50039
아트박스	shop	127.06011	37.49825
아트박스	shop	127.02715	37.50112
아트박스	shop	127.02367	37.50713
아트부스서울	shop	127.05721	37.51008
아트불	shop	127.05003	37.51991
아트블루	shop	127.05932	37.51709
아트서울	shop	127.02080	37.51750
아트세인	shop	127.05079	37.51918
아트스시	food	127.03007	37.49554
아트스페이스와이	shop	127.02835	37.50183
아트시그니쳐	shop	127.05977	37.51311
아트앤와인	shop	127.04187	37.48527
아트앤컬쳐	shop	127.04161	37.50998
아트엠엠	shop	127.03766	37.52325
아트오너	shop	127.06433	37.50560
아트올	shop	127.05094	37.51066
아트인아트	shop	127.04150	37.49869
아트지니	shop	127.05479	37.52300
아트지짐	activity	127.03215	37.50707
아트큐브플러스	shop	127.03491	37.52718
아트펄스	shop	127.05093	37.47499
아트플라워	shop	127.06490	37.51371
아트피스코퍼레이션	shop	127.04139	37.51780
아트피어	shop	127.05316	37.50474
아트핀	shop	127.05003	37.51991
아트한	shop	127.03133	37.52586
아트함	shop	127.04441	37.52207
아트홀	shop	127.02295	37.51077
아틀리에해사	shop	127.04076	37.50093
아틀리에헤아림강남	cafe	127.04444	37.50356
아티사	shop	127.04863	37.52506
아티산코리아	shop	127.03319	37.51994
아티장베이커스미니도곡	food	127.04973	37.49421
아티지	shop	127.03422	37.52657
아티카	shop	127.02874	37.51556
아티크레	shop	127.05531	37.52221
아페쎄골프현대백화점무역	shop	127.05976	37.50862
아페쎄현대	shop	127.02747	37.52737
아페쎄현대백화점무역	shop	127.05976	37.50862
아폴로	shop	127.03695	37.52519
아프로디테	shop	127.05296	37.50298
아프리카더블랙안경	shop	127.05326	37.49698
아프리카안경파르나스점	shop	127.06080	37.50919
아프릴리아	shop	127.04324	37.51261
아하	food	127.03725	37.52601
아하오호	cafe	127.03621	37.50302
아흘라마	food	127.06715	37.49715
악동부대찌개	food	127.04464	37.49695
악세사리제시	shop	127.02806	37.49862
악세사리홀릭	shop	127.02806	37.49862
악세사리홀릭	shop	127.05316	37.50474
악쓰는하마코인노래연습장	activity	127.02728	37.50091
악쓰는하마코인노래연습장가로수길점	activity	127.02145	37.51777
안강	shop	127.08119	37.49064
안경공화국	shop	127.05194	37.49765
안경마을	shop	127.05202	37.51237
안경박사	shop	127.05986	37.48352
안경쓴떡집	food	127.02382	37.50894
안경이야기	shop	127.03445	37.51929
안기덮밥마라탕	food	127.04076	37.50093
안나	shop	127.05013	37.51452
안나리사	shop	127.05976	37.50862
안나에스테틱	shop	127.03501	37.49657
안나홈	stay	127.04228	37.50783
안남	food	127.05119	37.48655
안녕숯불	food	127.03057	37.49644
안녕역삼약국	shop	127.03626	37.49910
안녕컴패니	food	127.04467	37.49945
안녕피어싱압구정	shop	127.03883	37.52615
안다미로팬케이크신사	cafe	127.02161	37.52034
안단테	bar	127.04084	37.50700
안동국시	food	127.02939	37.52661
안동국시소호헌	food	127.05915	37.50394
안동찜닭해물떡찜	food	127.05916	37.51183
안동한우원	food	127.02331	37.50917
안동한우청담본가	food	127.04692	37.51991
안드레모리스	shop	127.05976	37.50862
안드레아서울	shop	127.03946	37.52657
안뜨로포스	shop	127.02888	37.51388
안목삼	food	127.04203	37.50498
안방	food	127.03637	37.51693
안사부	food	127.03189	37.49672
안사부	food	127.03667	37.50239
안선녀한복연구소	shop	127.04911	37.50343
안성상회	food	127.03463	37.52706
안스갤러리	shop	127.03818	37.52634
안스하우스	bar	127.02255	37.51973
안시	shop	127.02543	37.51345
안안강남	food	127.02990	37.49945
안젤라플라워	shop	127.02446	37.52243
안젤로비안코	shop	127.03742	37.52335
안주가	bar	127.05521	37.51089
안주가든	bar	127.04679	37.50562
안즈랩	shop	127.04407	37.50215
안지크대치	shop	127.06014	37.50083
안채	food	127.03589	37.50845
안티트러스트	food	127.04146	37.52679
알고기새한에프앤비주	food	127.04480	37.52617
알고기에프앤비	food	127.04170	37.52205
알곡켄넬	shop	127.04922	37.52559
알디	shop	127.05424	37.52383
알라딘중고서점가로수길	shop	127.02299	37.51840
알라딘중고서점강남	shop	127.02634	37.50165
알라딘컴퍼니	shop	127.05151	37.52585
알라보	food	127.03237	37.49993
알라보	food	127.04076	37.50093
알라보청담점	food	127.04924	37.52360
알라카르테주	cafe	127.03488	37.50440
알라프리마	food	127.02604	37.51360
알레르망	shop	127.02888	37.51388
알레시에스프레소	cafe	127.03705	37.52426
알레아	shop	127.03715	37.52551
알렉산더왕	shop	127.04005	37.52848
알렉산더왕현대무역	shop	127.05976	37.50862
알렉산더커피	cafe	127.04575	37.50519
알렉산더커피	cafe	127.03045	37.49466
알렉산디노	cafe	127.04005	37.49925
알렉스네스트	bar	127.02597	37.52479
알렉스루카	food	127.03046	37.49338
알렉스의맛있는초밥	food	127.04855	37.50294
알로안경	shop	127.03722	37.52490
알로원	food	127.03207	37.51279
알로이타이	food	127.05084	37.50353
알로하터틀	cafe	127.04487	37.48174
알로하포케	food	127.02998	37.51490
알리스와아나이스	food	127.05031	37.51604
알리스타투고커피	cafe	127.07417	37.49109
알리앙스젬주	shop	127.04079	37.52522
알린다주얼리	shop	127.03883	37.49328
알바	food	127.05593	37.51042
알바트로스넥스트제너레이션펀드	food	127.05821	37.50779
알베르	cafe	127.02810	37.50305
알벨토악기사	shop	127.04836	37.51525
알볼로에프앤씨피자알볼로대치	food	127.05907	37.50304
알부자알요리	food	127.02784	37.50069
알비유통	shop	127.03215	37.49854
알비이엔씨	shop	127.03740	37.50908
알아차림에프앤비	food	127.04289	37.50537
알앤비디랩	cafe	127.04451	37.49314
알앤핏	activity	127.04195	37.50126
알에스브이피랩	shop	127.04526	37.52506
알에스빌리어즈	activity	127.06505	37.50341
알에스카페	cafe	127.06505	37.50341
알에스피트니스압구정	activity	127.03935	37.52564
알에이디	shop	127.03945	37.50337
알엔디브릿지	shop	127.02548	37.50858
알엔씨코퍼레이션	food	127.04648	37.49590
알엔에스무역주	shop	127.03941	37.51125
알엘에이피	shop	127.02564	37.51903
알유아이	shop	127.03289	37.52300
알이에스피	activity	127.03599	37.52729
알잘딱깔센	food	127.03373	37.51300
알제이글로벌그룹	food	127.02687	37.52096
알제이글로벌그룹카페비투비씨로스터리	food	127.04542	37.47827
알지노래연습장	activity	127.02286	37.50956
알지택	shop	127.02223	37.51094
알집고메	food	127.03031	37.51939
알짜배기미식생활	food	127.04225	37.51571
알찬한끼	food	127.03568	37.50084
알촌논현	food	127.03545	37.50988
알카미스	shop	127.03496	37.49975
알카페	activity	127.02225	37.51038
알코켐	shop	127.03376	37.52647
알코켐	shop	127.03767	37.51312
알타모다	shop	127.02747	37.52737
알타이탈리아모터	shop	127.02853	37.52130
알토란벤처스	shop	127.06008	37.50741
알통맨휘트니스클럽	activity	127.04548	37.47725
알트로	activity	127.04136	37.49292
알트로스크린	activity	127.04136	37.49292
알티엔컴퍼니	shop	127.02513	37.51032
알파	shop	127.02112	37.51892
알파	shop	127.04000	37.51290
알파당구클럽	activity	127.03500	37.51560
알파문구	shop	127.04911	37.50343
알파문구	shop	127.03600	37.48670
알파문구	shop	127.03352	37.49883
알파문구	shop	127.06260	37.50693
알파문구매봉점	shop	127.04461	37.49605
알파문구소망점	shop	127.03931	37.52483
알파문구수서점	shop	127.10311	37.48732
알파믹	shop	127.03678	37.50931
알파역삼남부점	shop	127.04019	37.49606
알파역삼센터	shop	127.04914	37.50497
알파유통	shop	127.04679	37.47855
알파인더스트리	shop	127.02898	37.49882
알파짐	activity	127.03161	37.49172
알파테헤란로	shop	127.05714	37.50820
알파테헤란점	shop	127.04015	37.50144
알포유	shop	127.02949	37.52589
알피	bar	127.02991	37.49906
알피스페이스	shop	127.05186	37.51664
알피스페이스청담나인	food	127.05186	37.51664
알피스페이스카페엠투	food	127.06604	37.50249
암미앤루하마	shop	127.05098	37.50399
암버팜	shop	127.05678	37.50949
암포라스	shop	127.05146	37.50425
압구정	activity	127.02722	37.52291
압구정감마약국	shop	127.03848	37.52802
압구정고깃집	food	127.03773	37.52723
압구정골프스쿨	activity	127.02919	37.53254
압구정곱창	food	127.03565	37.52708
압구정곱창가로수길	food	127.02447	37.51876
압구정광명안경	shop	127.03985	37.52770
압구정금거래소	shop	127.02744	37.52338
압구정길약국	shop	127.02292	37.52415
압구정김밥	food	127.02605	37.51846
압구정낙원떡집	food	127.02841	37.53229
압구정달떡집	food	127.02711	37.52597
압구정닭한마리	food	127.02700	37.52334
압구정로데오놀거리티키룸	food	127.03579	37.52645
압구정로데오스타스크린골프	activity	127.03935	37.52564
압구정로바	food	127.02747	37.52737
압구정리김밥	food	127.02907	37.52670
압구정리본약국	shop	127.02864	37.52335
압구정막국수	food	127.03154	37.52330
압구정만나김밥	food	127.02919	37.53254
압구정망고	food	127.03644	37.52811
압구정면옥	food	127.02908	37.52652
압구정무니	food	127.03972	37.52680
압구정변강쇠떡볶이	food	127.03680	37.52070
압구정볶는커피청담점	cafe	127.04152	37.52208
압구정사카에스시	food	127.01983	37.52165
압구정상회	food	127.03831	37.52527
압구정샌드위치	food	127.03750	37.52604
압구정샌드위치	food	127.05176	37.51148
압구정샌드위치	food	127.04076	37.50093
압구정샌드위치	food	127.06853	37.49638
압구정생식빵옵션블랙	food	127.03070	37.52462
압구정소망약국	shop	127.03189	37.52786
압구정속눈썹비알래쉬	shop	127.03473	37.52684
압구정수산시장	food	127.03524	37.52796
압구정수약국	shop	127.03006	37.52619
압구정순대국	food	127.03474	37.52703
압구정스테이	stay	127.03203	37.52291
압구정스테이	stay	127.03215	37.52236
압구정식당	food	127.03770	37.52685
압구정신비속눈썹	shop	127.03893	37.52517
압구정아지트	activity	127.03131	37.52126
압구정약국	shop	127.04036	37.52753
압구정엘약국	shop	127.02786	37.52567
압구정역알파문구	shop	127.02517	37.52500
압구정역컴퓨터출장수리애플맥북수리데이타복구유지보수	shop	127.02882	37.52266
압구정연탄공장	food	127.03648	37.52620
압구정영약국	shop	127.02784	37.52482
압구정예주약국	shop	127.02700	37.53180
압구정오렌지골프아카데미	activity	127.02949	37.52589
압구정온누리약국	shop	127.02766	37.52658
압구정웰	shop	127.02060	37.52288
압구정웰약국	shop	127.02770	37.52326
압구정위글위글	stay	127.02585	37.52168
압구정육반	food	127.03744	37.52681
압구정육식당	food	127.04544	37.50423
압구정제주집	food	127.03111	37.52152
압구정진주	food	127.03750	37.52792
압구정춘천막국수	food	127.02578	37.52503
압구정치킨	food	127.03111	37.52152
압구정퀸약국	shop	127.02810	37.52511
압구정키친	food	127.02718	37.52106
압구정톡스앤필의원	shop	127.02967	37.52377
압구정프라자약국	shop	127.02810	37.52535
압구정피플	food	127.03703	37.52388
압구정하루	food	127.03830	37.52678
압구정한량	bar	127.03869	37.52577
압구정현대서점	shop	127.03215	37.53147
압구정화이트약국	shop	127.02949	37.52589
압소바	shop	127.05326	37.49698
압쌀브라더스	food	127.03783	37.52774
압집	food	127.03835	37.52588
앙꼬	cafe	127.04282	37.51518
앙떼띠커피로스터리	cafe	127.06660	37.50380
앙뜨레디씨	food	127.05432	37.52241
앙뜨플라워	shop	127.05040	37.51192
앙띰주	shop	127.03477	37.51143
앙마꼬치	food	127.05063	37.51253
앙상블	food	127.05448	37.50366
앙상블	food	127.03576	37.52730
앙시	shop	127.05820	37.51099
앙카페	cafe	127.03698	37.50317
앙코르	shop	127.02806	37.49862
애녹	shop	127.02439	37.52458
애니골프주	activity	127.03246	37.49656
애니멀스토어	shop	127.03159	37.51529
애니바디	shop	127.05916	37.51183
애니베어	shop	127.04384	37.50197
애니살롱	shop	127.06397	37.51682
애니아	shop	127.04646	37.50411
애니타임피트니스	activity	127.03930	37.49652
애니파주	shop	127.02246	37.50957
애니홀	food	127.05363	37.50708
애드꽃방	shop	127.06603	37.50935
애드플러스	shop	127.10301	37.47267
애딕티드	shop	127.03782	37.52573
애란	food	127.09769	37.48473
애란궁	food	127.09783	37.48484
애셔	shop	127.02589	37.50718
애술린갤러리	shop	127.03523	37.52305
애쉬	food	127.04235	37.49341
애시드커피	cafe	127.03323	37.50171
애시드하우스	food	127.02005	37.51993
애월식당	food	127.03789	37.52533
애주가의책방	cafe	127.03379	37.52032
애채	shop	127.03001	37.50518
애체안경콘택트	shop	127.03144	37.49191
애프터모닝바이연남	food	127.04076	37.50093
애프터모브	bar	127.05405	37.50248
애플	shop	127.02806	37.49862
애플	bar	127.04102	37.50131
애플가든	bar	127.04643	37.50484
애플노래연습장	activity	127.04661	37.47850
애플노래타운	bar	127.02649	37.50709
애플원룸텔	stay	127.04150	37.50002
애플짐강	activity	127.06764	37.49926
애플짐과천주	activity	127.06764	37.49926
애플짐수서	activity	127.07559	37.49266
애플짐역삼	activity	127.04842	37.49923
액시엄랩스	shop	127.05824	37.50605
액츠테크놀러지스	shop	127.02862	37.49705
액트짐	activity	127.02639	37.50475
액트컴퍼니	shop	127.03072	37.51862
앤	shop	127.10184	37.48802
앤더슨씨	shop	127.04008	37.52401
앤드그린	food	127.02931	37.51782
앤드류에스	shop	127.05155	37.52723
앤드밀청담점	food	127.04401	37.52267
앤드지	shop	127.05916	37.51183
앤드커피	cafe	127.03393	37.49561
앤드커피랩주	cafe	127.03528	37.52812
앤드트리메타	food	127.03735	37.52437
앤드핏청담	activity	127.04093	37.51894
앤디	shop	127.02806	37.49862
앤디앤뎁	shop	127.05326	37.49698
앤레커피	cafe	127.05945	37.50963
앤보	shop	127.02953	37.49582
앤비비에프앤비	food	127.05161	37.52536
앤샐러드	food	127.03327	37.50371
앤스커피	cafe	127.08387	37.49484
앤스플라워	shop	127.03213	37.50572
앤써	activity	127.02785	37.52094
앤써서울	cafe	127.05576	37.51161
앤써성형외과	shop	127.02854	37.49870
앤엑스다이아몬드	shop	127.02861	37.52307
앤유	shop	127.04085	37.52619
앤유니페어도산	shop	127.03652	37.52531
앤제이에프앤씨	bar	127.04602	37.51188
앤트리	shop	127.05854	37.50615
앤티그래비티피트니스	activity	127.02677	37.52603
앤티앤스	food	127.05916	37.51183
앤티엔스	food	127.05003	37.51835
앤티크블룸신사가로수길꽃집	shop	127.01914	37.52109
앤폴펫츠	shop	127.05846	37.50626
앤픽스이노베이션	cafe	127.05268	37.50899
앤핏	activity	127.05134	37.49610
앤헤이븐	food	127.05565	37.51835
앤헤이븐압구정현대	food	127.02747	37.52737
앨거리즘	food	127.03742	37.52335
앨리샤	shop	127.03159	37.51529
앨리스	shop	127.04417	37.50096
앨리스	cafe	127.03486	37.51393
앨리스몰	shop	127.05244	37.49828
앨빈스커피	cafe	127.03685	37.50691
앰배서더즈주	stay	127.02892	37.50528
앰배스텔	stay	127.05707	37.50511
앰버더피자룸	food	127.05851	37.50495
앰버랑뷰티	shop	127.04257	37.50176
앰앤텔	shop	127.03110	37.49662
앱섹유한책임회사	shop	127.04411	37.50897
앱스트랙트앤드	shop	127.03046	37.50500
앱앤플로우	food	127.03608	37.52675
앳더코너	cafe	127.05189	37.51166
앵그리누들	food	127.03068	37.49615
앵두	shop	127.02992	37.49598
앵콜노래연습장	activity	127.02572	37.50406
앵콜노래연습장	activity	127.03171	37.49719
야기카레	food	127.02929	37.49766
야나기	food	127.05713	37.52179
야나두	shop	127.06483	37.51095
야놀자노래연습장	activity	127.02221	37.51809
야다이	food	127.02765	37.50031
야마모토물산	shop	127.02448	37.52193
야마토야	food	127.02832	37.53360
야마하뮤직	shop	127.05825	37.50906
야무진타코야끼	food	127.04395	37.49641
야미케이크	food	127.02472	37.51976
야사이마끼쿠이신보	food	127.02426	37.51869
야스노야지로	food	127.02707	37.52373
야시장	food	127.03941	37.49490
야신	food	127.04249	37.50528
야야	food	127.02386	37.50749
야옹	shop	127.02806	37.49862
야옹아멍멍해봐	shop	127.02806	37.49862
야옹이전자담배	shop	127.03842	37.50953
야채가게	shop	127.06729	37.47607
야카모즈로스팅컴퍼니	cafe	127.02552	37.51985
야키니쿠규	food	127.01942	37.51895
야키도리수다	bar	127.05720	37.51129
야키토리묵신사	food	127.02123	37.51768
야키토리스미	food	127.03622	37.52706
야키토리요이사	food	127.02117	37.52268
야키토리요이야마	bar	127.02501	37.51927
야키토리잔잔압구정	food	127.03675	37.52662
야키토리찬	food	127.03634	37.50376
야키토리쿠이신보점	food	127.04107	37.52609
야키토리파노	food	127.03865	37.52565
야화혼술바	bar	127.02784	37.50069
야화혼술바	bar	127.02539	37.50832
약국파낙스	shop	127.03242	37.50973
약사랑약국	shop	127.04860	37.50482
약초카페	shop	127.06484	37.50306
얌샘김밥	food	127.05835	37.50874
얌샘김밥	food	127.05005	37.50576
얌샘김밥	food	127.03007	37.49551
얌샘김밥대치	food	127.06494	37.50827
얌얌	food	127.03782	37.48581
양가네푸드	food	127.04464	37.49695
양가식당	food	127.05193	37.50336
양계옥	food	127.03576	37.48517
양구식당	food	127.02606	37.51993
양국	food	127.03470	37.50205
양군이가족	shop	127.05609	37.48462
양궈푸마라탕	food	127.03800	37.50283
양금쿡	shop	127.04924	37.47939
양꽃	food	127.05658	37.51138
양록식품	food	127.05220	37.50039
양록에프앤비	food	127.04818	37.52556
양배추보드카페	food	127.04060	37.50771
양사부양꼬치	food	127.05734	37.51030
양산도	food	127.02131	37.51876
양산도	food	127.05292	37.48911
양산도	food	127.03242	37.49777
양산도	food	127.05452	37.50468
양산도청담점	food	127.03987	37.52292
양스홈	stay	127.03268	37.51219
양식당더램키친	food	127.02136	37.52303
양식당더램키친	food	127.03804	37.52191
양심장어	food	127.05846	37.50571
양심장어강남	food	127.04441	37.48569
양양불떡볶이	food	127.02364	37.50943
양우돈	food	127.04723	37.50666
양월약국	shop	127.06812	37.48875
양육점	food	127.05132	37.48737
양인환대	food	127.03539	37.48558
양자강	food	127.04032	37.50113
양자강	food	127.04604	37.48514
양재기원	activity	127.03740	37.48535
양재로또	activity	127.03576	37.48517
양재미소약국	shop	127.03476	37.48497
양재봄약국	shop	127.03400	37.48550
양재약국	shop	127.03392	37.48571
양재역명품생대구탕	food	127.03527	37.48626
양재옥	food	127.03736	37.48533
양재초밥	food	127.04419	37.48238
양지인더스트리	food	127.04946	37.52187
양천지식당	food	127.05964	37.51998
양철지붕	food	127.02514	37.51899
양촌리화로숯불구이	food	127.04359	37.48551
양출쿠킹	food	127.03245	37.51662
양파이	food	127.02858	37.49929
양평해장국	food	127.06349	37.51418
양행	food	127.03623	37.50940
어가	food	127.05003	37.51835
어가방	food	127.02929	37.49766
어가우가	food	127.08305	37.49062
어거스트	food	127.04222	37.51683
어거스트힐	food	127.02762	37.50338
어게인	bar	127.03071	37.49236
어게인	bar	127.04915	37.50520
어게인대치	food	127.05267	37.50411
어게인리프레쉬가로수길	food	127.02362	37.52005
어게인위스키	food	127.05656	37.51004
어글리	bar	127.02746	37.49983
어글리롤리	cafe	127.03675	37.52662
어글리스토브신논현	food	127.02823	37.50080
어나더네이처	shop	127.05277	37.50380
어나더댄	cafe	127.03812	37.52152
어나더레벨그룹트레이닝센터	activity	127.04845	37.50621
어나더커피	cafe	127.02723	37.50636
어나더컴퍼니	shop	127.02814	37.50638
어뉴골프현대	shop	127.02747	37.52737
어뉴테이스티	food	127.10184	37.48802
어느멋진날	shop	127.03685	37.49333
어니스티	shop	127.04970	37.47414
어덜트온리	food	127.02317	37.52139
어뎁트커피하우스	cafe	127.03449	37.51225
어도	food	127.03617	37.52063
어드반스톤	shop	127.03214	37.52856
어라운드트레이닝	activity	127.06858	37.48890
어람촌	food	127.04362	37.50477
어리숙회	food	127.02824	37.50643
어머니밥상	food	127.07965	37.49434
어머니족발	food	127.05757	37.51022
어머니집	food	127.03905	37.48668
어멍떡집	food	127.03842	37.50953
어메이징타이	food	127.04394	37.50490
어메징크리	shop	127.02747	37.52737
어면	food	127.05068	37.51197
어몽뎀	shop	127.02027	37.51963
어미향	food	127.03666	37.50958
어바웃독	shop	127.04165	37.49639
어바웃스테이	stay	127.04278	37.50075
어바웃스테이	stay	127.01971	37.51715
어바웃허브다이어트	shop	127.04646	37.50411
어반네스트	stay	127.03035	37.51019
어반네스트언주	stay	127.03445	37.50798
어반네이처	cafe	127.06080	37.50919
어반누크에프앤비컴퍼니	cafe	127.02699	37.52144
어반다이닝강남	food	127.03027	37.49596
어반던트	shop	127.04094	37.52668
어반딜라이트	food	127.03542	37.50124
어반부티강	shop	127.05781	37.50866
어반서울스쿼시	activity	127.05734	37.50663
어반스테이강남	stay	127.03972	37.51136
어반스토어	shop	127.03424	37.49277
어반스튜디오	activity	127.05722	37.50861
어반스푼	food	127.07417	37.49109
어반엑시트	stay	127.03392	37.50210
어반오디세이	stay	127.04439	37.50724
어반커피국기원	cafe	127.03242	37.49777
어반테니스	activity	127.03665	37.52128
어반테니스	activity	127.04415	37.50424
어반테니스	activity	127.03429	37.49827
어반테이블선릉	food	127.04931	37.50641
어반트랜드헤어개포	shop	127.06684	37.48869
어반팀버강남	stay	127.02657	37.50662
어반팀버선릉	stay	127.04353	37.50760
어반파머스	food	127.06347	37.50626
어반푸드랩	food	127.01940	37.52147
어반플랜트한남대교	food	127.01592	37.52444
어반플레이스몰글라스오브제	cafe	127.03819	37.49515
어반필드	activity	127.03242	37.49777
어방참치	food	127.06018	37.50587
어벤저스힐링센터	shop	127.05409	37.50374
어벤져스힐링센타	shop	127.05409	37.50374
어부독도활어회	food	127.08734	37.49088
어사인바이수	shop	127.04430	37.52603
어사출또강남	food	127.05429	37.50424
어서오시게강남	food	127.02758	37.51053
어성	food	127.03295	37.52574
어성일식	food	127.03295	37.52578
어센드	shop	127.05211	37.51764
어센트랩	shop	127.03551	37.52624
어셈블	bar	127.03858	37.50276
어셈블뷰티	shop	127.02001	37.52258
어스	food	127.04658	37.50324
어슬강남	food	127.03237	37.49993
어슬도곡	food	127.05292	37.48911
어슬청담한식다이닝	food	127.04111	37.52410
어시스터스	shop	127.03414	37.49908
어시스트키친	food	127.04506	37.52359
어써드	cafe	127.03966	37.52226
어썸	activity	127.03744	37.50626
어썸굿즈컴퍼니	food	127.03678	37.52572
어썸로즈	food	127.02203	37.52098
어썸블	shop	127.04116	37.51821
어썸어스스튜디오	activity	127.05316	37.50474
어야가자	shop	127.03978	37.50662
어여화	food	127.04075	37.52403
어울림혼술바	food	127.04514	37.50472
어원	food	127.06238	37.49882
어웨이크닝	food	127.02561	37.50968
어웨이크짐	activity	127.02699	37.52144
어윔	shop	127.03984	37.51948
어육가	food	127.04417	37.50096
어쩌다횟집	food	127.03969	37.52723
어촌화로	food	127.04633	37.51754
어텀	bar	127.05707	37.50909
어틀런트골프	activity	127.04709	37.51093
어퍼스트	activity	127.02958	37.52095
어퍼스페이스갤러리	shop	127.02828	37.50729
어퍼웨스트	stay	127.03380	37.48971
어퍼하우스	stay	127.04641	37.51318
어퍼하우스강남	stay	127.03545	37.49021
어폰	shop	127.06719	37.48905
어화	food	127.04136	37.50047
어회장댁	food	127.02876	37.50025
언노운다이너	food	127.04550	37.48424
언노운카페다이너	food	127.04550	37.48419
언노운커피	cafe	127.05180	37.50108
언노운커피	cafe	127.02926	37.49949
언니네집밥	food	127.04255	37.51082
언더라인코퍼레이션	cafe	127.05833	37.50639
언더스코어커피	cafe	127.04436	37.48521
언더씨유	food	127.03908	37.49821
언더아머	shop	127.06080	37.50919
언더아머	shop	127.02532	37.50371
언더야드	food	127.03223	37.53267
언덕	food	127.02150	37.51597
언덕집	food	127.03219	37.50113
언바운드	shop	127.02862	37.49705
언북문화체육센타	activity	127.04472	37.52013
언양불고기	food	127.02283	37.51034
언제나오월	shop	127.03204	37.50876
언주사주몽	shop	127.03310	37.50676
언주상회	food	127.03454	37.50817
언주스테이	stay	127.03072	37.50919
언주스테이	stay	127.03618	37.50998
언주통신	shop	127.03366	37.50545
언주혼	bar	127.03294	37.50852
언컷잼스	food	127.03721	37.52798
언플러그드	shop	127.03528	37.52812
언플러그드	bar	127.06262	37.49891
얼라우	shop	127.02364	37.51966
얼리브닝	shop	127.04921	37.52767
얼맥당	bar	127.05176	37.50329
얼바인	bar	127.03499	37.52110
얼오브샌드위치압구정	food	127.03738	37.52392
얼음나라	shop	127.08465	37.49509
얼짱	bar	127.02458	37.50832
얼짱분식	bar	127.02458	37.50832
얼큰한파뼈해장국백년집	food	127.03955	37.50306
얼티밋포텐셜	shop	127.03754	37.49554
엄마떡볶이	food	127.10139	37.46648
엄마밥상	food	127.03476	37.51293
엄마밥상	food	127.03703	37.52454
엄마밥상	food	127.03898	37.50291
엄마방이불	shop	127.10729	37.46399
엄마손	food	127.03341	37.50074
엄마손김밥	food	127.04648	37.49590
엄마손한식뷔페	food	127.02382	37.50894
엄마의부엌	food	127.05321	37.51235
엄마의선택	shop	127.02144	37.51545
엄마의손맛	food	127.06856	37.49569
엄마정원	food	127.04873	37.51975
엄브로스타필드	shop	127.05712	37.51295
엄지네집	food	127.02822	37.51174
엄지척방문재활운동센터서울	activity	127.02814	37.50638
엄지칼국수	food	127.03007	37.49554
엄청난족발	food	127.02558	37.50586
업사이드커피	cafe	127.03232	37.51944
업소명없음	shop	127.05609	37.48462
업소명없음	shop	127.03526	37.52093
업소명없음	cafe	127.03911	37.49301
업소명없음	shop	127.05609	37.48462
업소명없음	food	127.06591	37.49962
업소명없음	stay	127.04641	37.51318
업소명없음	stay	127.06533	37.51216
업소명없음	activity	127.09602	37.47206
업소명없음	shop	127.05609	37.48462
업소명없음	shop	127.03873	37.50522
업소명없음	shop	127.04663	37.50548
업소명없음	shop	127.05193	37.48360
업소명없음	shop	127.03859	37.52773
업소명없음	shop	127.01965	37.52475
업소명없음	food	127.03709	37.52089
업커피	cafe	127.03911	37.49301
업투	activity	127.06236	37.50725
엉넬	shop	127.02717	37.50901
엉클림에프앤비법인유	shop	127.06467	37.51565
엉클톰	food	127.07965	37.49434
엉터리생고기신사역	food	127.02123	37.51722
에곤리	shop	127.02862	37.49705
에그드랍	food	127.02747	37.52631
에그드랍	food	127.03117	37.49516
에그드랍블룸	food	127.02193	37.52126
에그드랍역삼	food	127.03797	37.50258
에그랑커피랑	cafe	127.04642	37.47843
에그몬	food	127.02806	37.49862
에그서울	cafe	127.04173	37.51898
에그슬럿	food	127.02608	37.50207
에그탐탐	cafe	127.03840	37.50162
에그파일즈	cafe	127.05765	37.50086
에그폭탄덮밥	food	127.02561	37.50968
에글렌느퀴진	food	127.04098	37.50144
에꼴드에땅어린이미술관압구정센터	shop	127.02515	37.52299
에끌로르	shop	127.03646	37.49209
에나	shop	127.10318	37.48676
에나	bar	127.04152	37.52208
에나수	shop	127.02583	37.52089
에노테카압구정점	shop	127.02845	37.52178
에덴	food	127.03001	37.51808
에덴갤러리	shop	127.04008	37.51367
에덴노래연습장	activity	127.04246	37.50515
에덴스포츠	shop	127.03766	37.52827
에덴오피스	shop	127.01965	37.52475
에델미디어	shop	127.03211	37.49048
에도긴	food	127.03180	37.49683
에듀루트	shop	127.03860	37.51696
에드엣	food	127.02151	37.52205
에디토컴퍼니	shop	127.04060	37.52641
에디페브	food	127.04890	37.51987
에떼르네	shop	127.04723	37.52525
에뗄	shop	127.04636	37.52675
에뗄린	shop	127.02954	37.49898
에뚜아르	bar	127.04187	37.48527
에뚜왈	food	127.02223	37.52132
에뛰드하우스	shop	127.03046	37.52785
에뛰드하우스	shop	127.02806	37.49862
에띠베라프룻	shop	127.03989	37.48832
에레또	shop	127.02296	37.51006
에레보	cafe	127.02785	37.52094
에렉스르푸도레	food	127.05820	37.51099
에렉스마쯔가제	food	127.05820	37.51099
에렉스이화원	food	127.05916	37.51183
에렉스이화원	food	127.05820	37.51099
에렉스페이페이	food	127.03139	37.49955
에렉스피에프창	food	127.05977	37.51311
에렉스피에프창	food	127.05916	37.51183
에렌시아	shop	127.05203	37.50008
에르노갤러리아	shop	127.04184	37.52791
에르마노설비노	shop	127.04184	37.52791
에르망고	cafe	127.03803	37.51846
에르메스	shop	127.03534	37.52278
에르메스퍼퓸현대무역	shop	127.05976	37.50862
에르미	food	127.05244	37.52574
에르바	food	127.02710	37.52173
에리체	shop	127.05742	37.52126
에린플라워	shop	127.03945	37.48687
에맥앤볼리오스안다즈호텔점	food	127.02887	37.52532
에머슨스위트낙산	stay	127.05527	37.51022
에머이	food	127.02970	37.49649
에머이	food	127.05355	37.49781
에머이	food	127.05661	37.50777
에머이가로수길	food	127.02408	37.51885
에머이학동역점	food	127.02888	37.51388
에메랄드약국	shop	127.02214	37.51685
에메필	shop	127.03150	37.49035
에밀리아뜰리에	shop	127.02143	37.51951
에밀리하우스	stay	127.02602	37.51148
에바네쌍띠웨딩	shop	127.04812	37.52119
에바다	bar	127.03333	37.51504
에버그레이스	shop	127.02664	37.52130
에버그린	shop	127.03555	37.52592
에버그린라이프	shop	127.06591	37.49962
에버스포츠주	shop	127.03278	37.52369
에버허브	stay	127.03425	37.50283
에벤에셀우주	shop	127.04870	37.48849
에보니옴므	shop	127.05280	37.50057
에브리데이	bar	127.03740	37.50908
에브리데이마트	shop	127.04617	37.50499
에브리데이마트	shop	127.05145	37.50333
에브리데이카페앤그릭	food	127.03310	37.50676
에브리데이크리스마스	food	127.03569	37.50253
에브리띵	food	127.03687	37.52596
에비뉴	shop	127.03419	37.49141
에비뉴화원	shop	127.02034	37.51608
에비던스	food	127.04164	37.52407
에비히	shop	127.06385	37.51416
에빗	food	127.03620	37.52343
에빗	food	127.03869	37.49442
에빠뉘	food	127.04255	37.52186
에세테라	shop	127.03586	37.52660
에센허브	shop	127.02382	37.51747
에센허브커피신사역점	cafe	127.02382	37.51747
에셰트하일	shop	127.06591	37.49962
에스	bar	127.03858	37.50276
에스	shop	127.06071	37.51459
에스	shop	127.02976	37.49701
에스노래바	bar	127.04024	37.50126
에스노래연습장	activity	127.04808	37.47844
에스노래팡팡	bar	127.02452	37.50543
에스닉하우스청담	stay	127.04429	37.52223
에스당구장	activity	127.06519	37.50782
에스더블유나인틴가로수길플래그십스토어	shop	127.02188	37.52206
에스더블유푸드	food	127.03477	37.51161
에스디광고	shop	127.08569	37.49290
에스디성동	bar	127.02979	37.50582
에스디에프엔비	food	127.04435	37.49795
에스디테크	shop	127.02526	37.50526
에스디플레이스	food	127.02747	37.52737
에스라온	shop	127.03632	37.48636
에스라인뷰티샵	shop	127.04597	37.51831
에스모션	activity	127.05251	37.51308
에스브릿지	shop	127.04196	37.50998
에스비	shop	127.02630	37.50958
에스비골프	shop	127.05185	37.48692
에스비디	activity	127.02292	37.52415
에스비비컴퍼니	food	127.05222	37.49708
에스비에스노래연습장	activity	127.05166	37.50061
에스비엠인터네셔널	shop	127.04487	37.50375
에스비엠카카오스크린	activity	127.02589	37.50527
에스비파트너스	shop	127.04056	37.52576
에스빌리어드클럽	activity	127.06519	37.50782
에스시합자조합	food	127.03717	37.50131
에스씨비에이치	food	127.05546	37.51257
에스씨에이티	activity	127.06080	37.50919
에스씨티스터디카페협동조합	cafe	127.01965	37.52475
에스씨파트너	shop	127.10301	37.47267
에스씨푸드	food	127.03923	37.49524
에스씨피스쿱	food	127.03803	37.51846
에스아트플랫폼	shop	127.04881	37.51199
에스알스포츠	shop	127.05976	37.50862
에스알앤피	stay	127.05390	37.51123
에스알유통상사	shop	127.03922	37.50250
에스알인베스수서점	food	127.10324	37.48851
에스알푸드	food	127.10324	37.48851
에스앤비글로벌스	shop	127.04161	37.50998
에스앤에이치이엔티주	shop	127.04076	37.51769
에스앤에프컴퍼니	food	127.06605	37.51015
에스앤와이투	food	127.05548	37.50809
에스앤이컴퍼니	shop	127.04723	37.50666
에스앤지	food	127.03677	37.49834
에스앤큐푸드스주	food	127.05472	37.52048
에스앤티로직스	shop	127.04015	37.50144
에스앤티컴퍼니	shop	127.02549	37.50952
에스에스골프스튜디오	activity	127.03959	37.52242
에스에스모바일	shop	127.10184	37.48802
에스에스씨글로벌	shop	127.06162	37.50738
에스에이리테일바로마켓농축산물직거래장터	shop	127.05533	37.49087
에스에이인터네셔널	shop	127.02814	37.50638
에스에이치	shop	127.03096	37.51920
에스에이치골프	shop	127.03392	37.52762
에스에이치골프스튜디오	activity	127.03860	37.49652
에스에이치더힐	food	127.02050	37.51738
에스에이치어페럴	shop	127.03053	37.49848
에스에이치에스에프엔비하루	food	127.05558	37.50766
에스에이치케이인터내셔널주	food	127.04397	37.48270
에스에이치파트너스	food	127.02040	37.52232
에스에이치피코퍼레이션	activity	127.05301	37.48719
에스에이치홀딩컴퍼니	shop	127.03520	37.51027
에스에프아이	shop	127.06080	37.50919
에스에프이노베이션	food	127.05327	37.50674
에스에프이노베이션	food	127.04098	37.49775
에스에프이노베이션	food	127.02662	37.52315
에스에프이노베이션논현지점	food	127.03233	37.50833
에스엔골프라운지	shop	127.03278	37.52369
에스엔브이	shop	127.04461	37.52620
에스엔씨엘인터내셔널	food	127.04225	37.51571
에스엔에스테이블	food	127.04005	37.52848
에스엔제이유통	shop	127.11537	37.47416
에스엔컴퍼니랩	food	127.02732	37.50357
에스엔티탑스	food	127.06267	37.49978
에스엘글로벌	shop	127.05023	37.50387
에스엘랩	shop	127.05824	37.50605
에스엘메디컬	shop	127.02929	37.49766
에스엘비에치	shop	127.04161	37.50998
에스엘비컴퍼니	stay	127.02967	37.51224
에스엘스퀘어선릉역	shop	127.04895	37.50450
에스엘컴퍼니	shop	127.02990	37.49945
에스엠서울	shop	127.04533	37.48245
에스엠에스당구장	activity	127.10404	37.48678
에스엠지모바일	shop	127.03734	37.50199
에스엠초원	food	127.03275	37.52076
에스엠케이오케이마트	shop	127.06118	37.48251
에스엠킴	food	127.04922	37.52620
에스엠피스튜디오	shop	127.03944	37.49278
에스엠홀푸드	shop	127.04524	37.51102
에스오에스노래연습장	activity	127.02659	37.50223
에스온누리약국	shop	127.02605	37.52557
에스와이상사역삼	shop	127.03167	37.49145
에스와이에스	shop	127.05734	37.50488
에스와이에스리테일신사역점	shop	127.02033	37.51643
에스와이엘	food	127.03093	37.52178
에스와이제이	cafe	127.08446	37.48402
에스와이헬스	shop	127.04431	37.50427
에스원	activity	127.05039	37.51248
에스원페이	shop	127.04769	37.50453
에스이엔비	food	127.04329	37.52403
에스이엔비지점카스텔로라운지	bar	127.04329	37.52403
에스이엔에프	stay	127.04329	37.52403
에스이오구테로이테강남구청지점	cafe	127.03963	37.51770
에스이인터내셔널	shop	127.05663	37.50990
에스제이	shop	127.04227	37.50055
에스제이가구	shop	127.02516	37.51202
에스제이그룹	shop	127.04435	37.49793
에스제이그룹	food	127.05916	37.51183
에스제이다이아몬드	shop	127.02773	37.52191
에스제이듀코	shop	127.02761	37.51836
에스제이디자인	shop	127.02722	37.50751
에스제이메디언스	shop	127.04501	37.51090
에스제이모바일	shop	127.04911	37.50343
에스제이씨	shop	127.07032	37.48824
에스제이어페럴	shop	127.03614	37.50098
에스제이에스팀	food	127.04602	37.48359
에스제이에프씨	shop	127.04487	37.50375
에스제이에프엔비푸드	food	127.05750	37.50460
에스제이인터내셔날	shop	127.04695	37.52343
에스제이전기	shop	127.03665	37.52128
에스제이지플러스	shop	127.03654	37.49080
에스제이컬렉션	shop	127.03464	37.52217
에스제이컴퍼니	shop	127.05932	37.51709
에스제이컴퍼니	shop	127.03673	37.49859
에스제이풋앤바디	shop	127.06295	37.49388
에스지강남	food	127.02514	37.51798
에스지당구클럽	activity	127.04283	37.49863
에스지에프앤디	food	127.02748	37.50089
에스지엠주	stay	127.03392	37.49881
에스지케이컴퍼니	food	127.03568	37.50084
에스지푸드논현역마리야	food	127.02503	37.50463
에스지푸드매봉	shop	127.04661	37.48696
에스지푸드학동역푸릇해	shop	127.03199	37.51408
에스칼렛	shop	127.02616	37.50656
에스컴퍼니	shop	127.03549	37.50002
에스케이비숙박연구소	stay	127.02885	37.50269
에스케이티프리스비	shop	127.03975	37.49173
에스케이행복파트너	shop	127.04506	37.52359
에스케이호	activity	127.03894	37.49978
에스코어주	shop	127.04410	37.49368
에스코티지	shop	127.02881	37.51674
에스클라비어	bar	127.04550	37.51747
에스타도컴퍼니	shop	127.02176	37.51938
에스타미네스탠드	cafe	127.03640	37.48587
에스타임	shop	127.02810	37.52676
에스터로브	shop	127.03048	37.52585
에스투비코퍼레이션	shop	127.03283	37.51358
에스투에스	bar	127.03677	37.52635
에스투엘파트너스	shop	127.03468	37.48973
에스튠	shop	127.02769	37.50146
에스트레인	food	127.02168	37.51635
에스티	shop	127.04968	37.52643
에스티디페	food	127.03958	37.52018
에스티브이피지컬퍼포먼스짐	activity	127.05079	37.51259
에스티에이치	shop	127.04911	37.50343
에스티프렌치스타필드	shop	127.05712	37.51295
에스틱	shop	127.05272	37.50659
에스팀모델	activity	127.03131	37.52309
에스파스젬쥬얼리	shop	127.04820	37.52499
에스퍼레이셔널그룹	food	127.03841	37.52559
에스페라레	shop	127.01965	37.52475
에스프레소	food	127.03766	37.52343
에스프레소	cafe	127.05079	37.51918
에스프레소랩퍼스트	cafe	127.06453	37.51347
에스프레소로이	food	127.02832	37.53360
에스프레소바시	cafe	127.05612	37.51125
에스플라워	shop	127.03996	37.51856
에스플러스모바일	shop	127.03461	37.50800
에스피당구장	activity	127.05166	37.50061
에스피더불유	shop	127.05606	37.50713
에스피씨삼립빚은신사역점	food	127.02023	37.51542
에스피씨삼립시티델리도곡사옥점	food	127.04090	37.48590
에스피에스메드	shop	127.10139	37.48130
에스피엔비티	shop	127.02019	37.51800
에스피엠플러스주	bar	127.02514	37.51899
에스핏퍼스널트레이닝	activity	127.05129	37.52621
에슬레틱플로우	activity	127.08448	37.49505
에슬로우	cafe	127.05439	37.50531
에슬로우대치	cafe	127.06630	37.50820
에슬로우라운지	cafe	127.05947	37.50660
에슬로우선릉	cafe	127.04658	37.50324
에슬로우선릉	cafe	127.04838	37.50665
에슬로우역삼	cafe	127.03381	37.49819
에시뉴	activity	127.04622	37.49441
에시드크롬	shop	127.06030	37.48814
에쎄레	shop	127.10311	37.48732
에쓰앤피	food	127.04238	37.50496
에쓰엘	food	127.05208	37.50195
에쓰엠유통	shop	127.05196	37.51194
에어라운지	activity	127.04626	37.50569
에어릭스전자담배	shop	127.02774	37.49986
에어링	bar	127.02928	37.49888
에어보브	cafe	127.05677	37.51101
에어스더마	shop	127.03664	37.50319
에어컨가스충전	shop	127.05553	37.50728
에이그레이트도심공항	cafe	127.05860	37.51024
에이든	food	127.03847	37.52059
에이든청담호텔	stay	127.03047	37.51999
에이디	shop	127.02605	37.52557
에이디갤러리	shop	127.02923	37.51581
에이디스짐	activity	127.04674	37.52348
에이디스토어	cafe	127.06043	37.51763
에이디엠커뮤니티	food	127.03564	37.49321
에이림	cafe	127.03353	37.48941
에이맨더크리에이티브	shop	127.05905	37.50516
에이멘에이	shop	127.10122	37.48095
에이미스	cafe	127.07808	37.49359
에이미스커피	cafe	127.02783	37.51851
에이미스커피학동역점	cafe	127.03350	37.51448
에이미와인하우스	bar	127.03135	37.51995
에이밤커피	cafe	127.04367	37.51242
에이뷔오	shop	127.04451	37.51410
에이블	shop	127.02062	37.51394
에이블	cafe	127.02304	37.52351
에이블맥스강남알앤디센터주	shop	127.04189	37.50195
에이블맥스주	shop	127.04189	37.50195
에이블메디	shop	127.03165	37.49321
에이블짐삼성중앙역	activity	127.05385	37.51289
에이블짐압구정	activity	127.03645	37.52854
에이블학사	stay	127.05209	37.50306
에이비카페	cafe	127.02794	37.50290
에이뿔램	food	127.05306	37.52439
에이샵주	shop	127.05916	37.51183
에이샾	shop	127.02831	37.49816
에이설공방	activity	127.06387	37.49928
에이셉피자	food	127.03512	37.51090
에이션패션스타필드	shop	127.05712	37.51295
에이스	stay	127.02062	37.52166
에이스	activity	127.03686	37.51690
에이스	shop	127.02806	37.49862
에이스	activity	127.06221	37.49881
에이스골프스키	shop	127.03794	37.49811
에이스공방	shop	127.10392	37.47410
에이스기획	shop	127.03053	37.49848
에이스노래당	bar	127.02281	37.50884
에이스당구장	activity	127.03142	37.51520
에이스당구클럽	activity	127.04808	37.47844
에이스렌탈	shop	127.03602	37.50513
에이스보드카페	activity	127.05108	37.50275
에이스보드카페	activity	127.02661	37.52494
에이스브랜드	shop	127.02801	37.51506
에이스웨이	shop	127.03794	37.49811
에이스전산	shop	127.06796	37.48924
에이스침대강주	shop	127.03591	37.52178
에이스침대주	shop	127.03085	37.52018
에이스침대지점	cafe	127.04672	37.52596
에이스침대지점주	shop	127.04672	37.52596
에이스크랩강남	food	127.04501	37.50489
에이스타골프	activity	127.02959	37.49688
에이스턴	shop	127.02806	37.49862
에이스플라워	shop	127.11040	37.46443
에이쓰리바우트커피	cafe	127.02069	37.51800
에이아리움	shop	127.04926	37.51105
에이알그룹	shop	127.04766	37.47693
에이알커피	cafe	127.05734	37.50284
에이알티엘	cafe	127.03662	37.52564
에이앤드에이엔터테인먼트코엑스	activity	127.05916	37.51183
에이앤비	shop	127.01965	37.52475
에이앤비	shop	127.04758	37.47615
에이앤씨	shop	127.03568	37.50084
에이앤정보	shop	127.03903	37.50278
에이앤컴퍼니	shop	127.05042	37.47763
에이에스아이	shop	127.04110	37.50176
에이에스커피	cafe	127.05007	37.50291
에이에스커피	cafe	127.02792	37.52614
에이엔아더	cafe	127.03744	37.51626
에이엔아더	cafe	127.02160	37.51311
에이엔에이스포츠주	shop	127.03122	37.51221
에이엔에이씨티주	shop	127.03122	37.51221
에이엔에이치앤터내셔날	shop	127.04179	37.50932
에이엔팍스	food	127.06349	37.51418
에이엠	bar	127.03637	37.51693
에이엠두시커피강남	cafe	127.03476	37.50875
에이엠에이치앤비	shop	127.04658	37.50324
에이엠지	activity	127.03100	37.49683
에이엠케이테크	shop	127.04637	37.50521
에이엠포차	food	127.02408	37.50765
에이오씨	food	127.04470	37.52499
에이와인	shop	127.02785	37.52581
에이원	shop	127.02873	37.51056
에이원	bar	127.03414	37.49908
에이원스크린골프	activity	127.04483	37.50799
에이원파워	shop	127.06141	37.51502
에이유	cafe	127.04079	37.50828
에이유에이	cafe	127.04574	37.49510
에이젯	shop	127.02764	37.51057
에이지슈터주	activity	127.05107	37.48709
에이지엠티평창	stay	127.04431	37.50427
에이지커머스	shop	127.03592	37.50130
에이지트	food	127.04005	37.49925
에이징엘성형외과의원	shop	127.04088	37.51912
에이치	shop	127.02721	37.50780
에이치	bar	127.03847	37.52059
에이치	bar	127.05813	37.50520
에이치	bar	127.03362	37.49720
에이치	cafe	127.03905	37.49897
에이치	food	127.04183	37.50994
에이치노래연습장	activity	127.02359	37.50871
에이치디씨현대산업개발서울호텔	stay	127.06429	37.50873
에이치디에스푸드	food	127.02604	37.51775
에이치디에스푸드	food	127.04412	37.52331
에이치디에스푸드	food	127.05860	37.51024
에이치디와치	shop	127.05976	37.50862
에이치디유통	food	127.05277	37.50380
에이치디휘트니스	activity	127.03199	37.51408
에이치벤처	food	127.05870	37.50524
에이치비레져	activity	127.05734	37.50663
에이치비아시아퍼시픽	shop	127.04163	37.52721
에이치스튜디오	activity	127.03811	37.52174
에이치아트갤러리	shop	127.07965	37.49434
에이치앤드밀빛	shop	127.03922	37.50250
에이치앤와이	shop	127.04658	37.50324
에이치앤제이크리에이티브	food	127.04341	37.52277
에이치앤주얼리	shop	127.04431	37.52662
에이치앤케이스튜디오	activity	127.03477	37.49002
에이치에비뉴호텔역삼	stay	127.03875	37.50249
에이치에스씨푸드	shop	127.05783	37.50847
에이치에스에프앤비	cafe	127.08446	37.48402
에이치에스청수유통	shop	127.04324	37.49353
에이치에스퍼스널	shop	127.03287	37.49607
에이치에스푸드	food	127.05256	37.50377
에이치엔씨	cafe	127.02939	37.52051
에이치엘	shop	127.04892	37.48021
에이치엠씨	shop	127.03356	37.50878
에이치엠지	shop	127.06021	37.51526
에이치와이케이엘안경	shop	127.04184	37.52791
에이치와이텔레콤	shop	127.05972	37.50656
에이치와인	food	127.03215	37.50707
에이치유니버스	shop	127.02445	37.51018
에이치이엔	food	127.04914	37.52532
에이치인터네셔널	shop	127.05149	37.51800
에이치제이네트워크	shop	127.04526	37.50380
에이치제이비스포츠	shop	127.02747	37.52737
에이치제이에프앤비	shop	127.02482	37.51960
에이치제이인터내셔널	shop	127.04129	37.52242
에이치제이컬쳐	activity	127.02337	37.52360
에이치제이컬쳐	activity	127.02029	37.52205
에이치제이컴퍼니	activity	127.03758	37.52501
에이치제이트레이닝	shop	127.03537	37.49482
에이치지씨아이	shop	127.05255	37.52288
에이치컴퍼니	shop	127.02992	37.49598
에이치케이메딕스	shop	127.03665	37.48592
에이치티티프로젝트	shop	127.04526	37.52506
에이치푸드	food	127.05036	37.51173
에이컵	activity	127.05607	37.51956
에이케이	bar	127.03484	37.49919
에이케이게스트하우스	stay	127.04371	37.50460
에이클래스	activity	127.03079	37.49802
에이탑트레이닝시스템학원	activity	127.04691	37.52259
에이트	shop	127.05564	37.51835
에이트로스	shop	127.03982	37.50380
에이트바디	activity	127.02906	37.52218
에이티더블유	food	127.02094	37.52000
에이티앤이	shop	127.05824	37.50605
에이티커뮤니케이션	shop	127.03039	37.49713
에이티팩토리	shop	127.04802	37.52360
에이티피	activity	127.04367	37.50893
에이틴에이치	activity	127.05719	37.51082
에이틴에이치이정웅프로점	activity	127.04408	37.50908
에이펍	bar	127.03830	37.52678
에이펙셀나노스	shop	127.03551	37.50703
에이펙셀서초강남센터	shop	127.03244	37.49097
에이프로젝트컴퍼니	shop	127.03047	37.51999
에이프릴앤어거스트	shop	127.10970	37.46758
에이프릴홈	shop	127.02747	37.52737
에이플러스	bar	127.04901	37.51204
에이플러스라이프	shop	127.05511	37.51039
에이피알	shop	127.06340	37.51014
에이피엠모나코	shop	127.02634	37.50165
에이피티	food	127.05178	37.52533
에일리언스트링워크샵	shop	127.02456	37.52395
에일리언오더즈	shop	127.03875	37.52592
에임핏	activity	127.03113	37.52179
에잇볼인터내셔널	food	127.03496	37.51362
에잇비돌체	food	127.03988	37.52717
에잇이탈리아알리지	shop	127.02251	37.52123
에잇티	cafe	127.04060	37.51669
에잇포세븐컴퍼니	shop	127.01899	37.52086
에제르플라워	shop	127.04684	37.47912
에제르홈주	shop	127.06548	37.50828
에젤피부과의원	shop	127.02271	37.52323
에즈라현대본점	shop	127.02747	37.52737
에즈라현대코엑스	shop	127.05976	37.50862
에즈투고미나미	food	127.02970	37.50546
에카테라	shop	127.05560	37.50695
에코	activity	127.03159	37.51529
에코사랑공유키친	food	127.03336	37.49161
에코사랑목	food	127.03336	37.49161
에코사랑목강점	food	127.03336	37.49161
에코사랑목도점	food	127.03336	37.49161
에코사랑목역점	food	127.03336	37.49161
에코사랑목영점	food	127.03336	37.49161
에코사랑목직점	food	127.03336	37.49161
에코스미스	shop	127.02249	37.52209
에코쟈뎅뷰티	shop	127.04907	37.52022
에코티앤엘	food	127.04661	37.48696
에코플라워	shop	127.04961	37.47699
에코하우스	shop	127.03459	37.49654
에콜바이오	shop	127.05716	37.50748
에크루	shop	127.03781	37.52515
에크루에디티드	shop	127.02298	37.52141
에클라바치	shop	127.02788	37.52526
에클레시아	stay	127.05205	37.51012
에키노마에	food	127.05976	37.50862
에테르청담	food	127.04313	37.52241
에트레부티크	shop	127.02792	37.52637
에펠	shop	127.03577	37.49622
에포	shop	127.02344	37.52408
에프비비지	food	127.04208	37.52306
에프비아이엔에이에이	shop	127.10711	37.47443
에프아이에이	shop	127.05398	37.50403
에프알엘강남롯데점	shop	127.05326	37.49698
에프알엘신사점	shop	127.02438	37.51852
에프알코리아	shop	127.05916	37.51183
에프앤비안	shop	127.05273	37.50436
에프앤에프가로수길점	shop	127.02249	37.52209
에프앨씨에프앤비	food	127.05347	37.50679
에프에스비앤피주	shop	127.05916	37.51183
에프에이	shop	127.02332	37.51194
에프에이치	shop	127.05662	37.50295
에프에이컴퍼니	shop	127.03160	37.49742
에프에프에이치	food	127.03031	37.51939
에프엔비히어로테헤란	food	127.04715	37.50586
에프엔어니스티	food	127.04780	37.50621
에프엘짐	activity	127.03786	37.49506
에프엠가구라운지	shop	127.05101	37.47192
에프엠그룹	shop	127.02974	37.51546
에프엠바이오	shop	127.02296	37.51006
에프엠에스	shop	127.02831	37.49816
에프와이에이치	shop	127.04139	37.51780
에프유피글로벌	shop	127.02700	37.51229
에프지에프팜엔젤스도산점	shop	127.03568	37.52363
에프지인터내셔날	shop	127.02091	37.52070
에프터눈인더하우스	shop	127.02326	37.51963
에프터바	bar	127.05088	37.50311
에프터파티	food	127.02258	37.51960
에피그램코엑스점	shop	127.05922	37.51192
에피소드	bar	127.05204	37.49877
에피소드	shop	127.03150	37.49035
에피소드방탈출	activity	127.02739	37.50055
에피스	food	127.04158	37.49991
에피코퍼레이티드	food	127.03462	37.52745
에피큐어	food	127.03897	37.52413
에하드	shop	127.04411	37.51361
엑사유니버스	activity	127.05553	37.50728
엑소더스강남	activity	127.02736	37.50161
엑스게임	shop	127.03268	37.50925
엑스비션	shop	127.03080	37.52139
엑스엠씨	shop	127.05750	37.50460
엑스오비스	shop	127.04141	37.50126
엑스와이엠프리미어	stay	127.03965	37.50104
엑스팩터골프클리닉	activity	127.03597	37.52376
엑스퍼트케어링크	shop	127.05949	37.51454
엑스퍼티컴퍼니	activity	127.03506	37.50095
엑스포갤러리	shop	127.05712	37.51295
엑시온랩	activity	127.04845	37.52129
엔도어	cafe	127.02910	37.51662
엔도코아	shop	127.04984	37.47921
엔돌픽	cafe	127.03722	37.50334
엔디아	shop	127.10318	37.48676
엔디자인랩	cafe	127.05544	37.51275
엔뚜디아	cafe	127.08500	37.49144
엔바이콘왕스덕논현	food	127.02320	37.51694
엔블록인베스트먼트	shop	127.05154	37.50578
엔비노래연습장	activity	127.05694	37.50899
엔비노래연습장	activity	127.04494	37.48512
엔비디	food	127.04401	37.52267
엔셀로	shop	127.03399	37.49147
엔솔라피지오랩	activity	127.05728	37.50988
엔숨	shop	127.04634	37.47777
엔스티치	shop	127.05976	37.50862
엔알아이엔씨	shop	127.04700	37.47579
엔앤제이인터내셔널	shop	127.04091	37.52658
엔에스와이그로쓰	shop	127.05553	37.50728
엔에이에스메디칼	shop	127.02990	37.49945
엔엑스짐	activity	127.02367	37.50713
엔엔엔코퍼레이션	shop	127.02580	37.51356
엔엠에프	food	127.05267	37.50411
엔엠에프	food	127.04815	37.50572
엔엠에프	food	127.02417	37.50736
엔오에스세븐	shop	127.02072	37.52187
엔오에스세븐	shop	127.02039	37.52169
엔와이	shop	127.05731	37.50004
엔와이짐	activity	127.04398	37.50506
엔와이티코퍼레이션	food	127.03440	37.49850
엔유	bar	127.03418	37.51656
엔유엘정보통신	shop	127.04931	37.47917
엔융	shop	127.03100	37.52321
엔잭타	shop	127.03053	37.49848
엔제리너스사거리	cafe	127.03053	37.49848
엔제리너스선릉골드로즈점	cafe	127.05202	37.50421
엔제리너스양재천변점	cafe	127.04663	37.48280
엔제이키친	food	127.04076	37.50093
엔젤	activity	127.02367	37.50862
엔젤노래연습장	activity	127.05524	37.50411
엔젤스가든	cafe	127.03391	37.48652
엔젤시크릿	shop	127.02685	37.50979
엔젤의료기	shop	127.08960	37.49034
엔캣	shop	127.05916	37.51183
엔케이	shop	127.05824	37.50605
엔케이웍스	shop	127.04483	37.50799
엔크로	shop	127.02367	37.50713
엔타스퍼시픽주	food	127.02809	37.49948
엔터모다	shop	127.04182	37.49642
엔터안경	shop	127.03750	37.48524
엔텍	shop	127.03773	37.49625
엔토크	shop	127.02296	37.51006
엔트라호텔	stay	127.04849	37.52408
엔트리바디스튜디오	activity	127.03034	37.52349
엔티엔이즈	food	127.02184	37.51896
엔포라	bar	127.05020	37.51267
엔프렌즈	shop	127.02806	37.49862
엔헬스케어	shop	127.05824	37.50605
엘가바이오	shop	127.03356	37.50878
엘디씨서울	shop	127.03595	37.52644
엘디쥐	shop	127.05023	37.50387
엘라	shop	127.08480	37.48553
엘라라	shop	127.02770	37.52326
엘라부티크	shop	127.02252	37.52189
엘라뷰	shop	127.03793	37.50353
엘라브티크	shop	127.02252	37.52189
엘라스틴	activity	127.02831	37.49816
엘라스틴신사역점	shop	127.02033	37.51643
엘라포레스트더강남	stay	127.03521	37.49476
엘랑아틀로메다	shop	127.04769	37.50453
엘레강스안경원	shop	127.08480	37.48553
엘레나영	food	127.04942	37.52665
엘로맨스	shop	127.03504	37.48988
엘로이	shop	127.07965	37.49434
엘로즈	shop	127.03154	37.51957
엘르스크린파크골프강남	activity	127.11439	37.47421
엘리더주얼리	shop	127.03974	37.50480
엘리먼츠	food	127.04068	37.52496
엘리사플라워디자인	shop	127.03142	37.51110
엘리샤뷰티	shop	127.04976	37.48761
엘리스부엌	food	127.05763	37.52245
엘리스앤올리비아현대	shop	127.02747	37.52737
엘리스와인	bar	127.06385	37.51416
엘리야라이브	food	127.04237	37.50479
엘리에셀	shop	127.03706	37.49908
엘리제	shop	127.04370	37.52242
엘리제레갤러리	shop	127.05164	37.52565
엘리크	shop	127.02814	37.50638
엘리트고시원	stay	127.05204	37.49877
엘림	activity	127.09100	37.49315
엘림	shop	127.06591	37.49962
엘림식당	food	127.05609	37.48462
엘메르시	shop	127.04184	37.52204
엘메이드	shop	127.03934	37.50486
엘멧	shop	127.04314	37.52568
엘바	shop	127.04279	37.49833
엘바이비케이	shop	127.02589	37.50690
엘보른	shop	127.03453	37.52626
엘본더테이블	food	127.05678	37.50949
엘본인터내셔날유	shop	127.05678	37.50949
엘본패션	shop	127.05678	37.50949
엘브이플러스메종서울	food	127.04622	37.52561
엘브이플러스이스트도산	food	127.03629	37.52482
엘비스	bar	127.04297	37.50887
엘비에스	shop	127.05553	37.50728
엘비에스	food	127.03839	37.52741
엘비에스스타일럭스	shop	127.03412	37.49056
엘비에스페이	shop	127.03016	37.49570
엘비제이	activity	127.10073	37.46636
엘빈	food	127.03527	37.49935
엘쁠라또도곡	food	127.04515	37.48235
엘스케이	shop	127.05223	37.47271
엘스패밀리	shop	127.04539	37.52462
엘씨디렉션	shop	127.04539	37.48566
엘씨케이전자	shop	127.07965	37.49434
엘씨파이브	shop	127.02457	37.50529
엘앤비와인앤모어청담점	shop	127.03997	37.52369
엘앤제이커피	cafe	127.04842	37.47929
엘에스피플	shop	127.04658	37.50324
엘에이라틴바	food	127.03127	37.49544
엘에이북창동순두부	food	127.05123	37.50286
엘에이양분식	food	127.03075	37.50828
엘에이치엔컴퍼니	shop	127.05767	37.52000
엘에프지	shop	127.04139	37.51780
엘에프푸드메종드구르메	shop	127.03451	37.52793
엘에프푸드주	food	127.03413	37.52858
엘엑스엘디자인	shop	127.05565	37.49146
엘엑스와이	shop	127.03650	37.49130
엘엘에스	shop	127.03268	37.51778
엘엠디더블유	bar	127.05107	37.50357
엘엠씨바이오	shop	127.04922	37.52620
엘엠에스	shop	127.04307	37.50112
엘엠유니버스	shop	127.03682	37.51517
엘엠지에이치	food	127.04525	37.52306
엘오소	bar	127.02254	37.51664
엘오엘컴퍼니	shop	127.03496	37.51362
엘오케이	shop	127.05977	37.51311
엘오케이	shop	127.06103	37.51035
엘와이엘	food	127.04919	37.51424
엘와이컴퍼니	shop	127.05860	37.50863
엘이베리코	food	127.02695	37.52499
엘이컴퍼니	shop	127.02277	37.51903
엘이태원	shop	127.02711	37.50555
엘제이브로스도곡와인구락부	food	127.03478	37.48541
엘제이와이	cafe	127.03150	37.51322
엘제이플러스	shop	127.02139	37.51616
엘지생활건강	shop	127.02279	37.52268
엘지이	shop	127.06326	37.50435
엘카페라티노마이애미	bar	127.03378	37.49772
엘케이국제무역	shop	127.03284	37.48966
엘케이메디칼	shop	127.04139	37.51780
엘케이인사동	food	127.02098	37.51732
엘크레	activity	127.02322	37.52094
엘투애니원	shop	127.03100	37.52321
엘티에프앤비	food	127.02350	37.50876
엘파워	shop	127.04060	37.49678
엘펫	shop	127.04414	37.50388
엘프바	shop	127.02204	37.52080
엘피	bar	127.02462	37.52004
엘픽	food	127.04663	37.52234
엘학사	stay	127.05099	37.50292
엠	food	127.05862	37.50571
엠	bar	127.03962	37.52697
엠	food	127.02478	37.50643
엠갤러리	shop	127.02261	37.52171
엠갤러리	shop	127.03265	37.52561
엠게임동호회	activity	127.05758	37.50800
엠노래밤	bar	127.05420	37.50681
엠노래밤	bar	127.03455	37.49899
엠노래연습장	activity	127.05063	37.51253
엠노래연습장	activity	127.04880	37.52506
엠당구클럽	activity	127.03670	37.50275
엠더블유에스	shop	127.04704	37.50355
엠디드블레	shop	127.04126	37.52530
엠디알티	shop	127.04658	37.50324
엠디에스마케팅	shop	127.02639	37.52250
엠디유글로벌마듀현대백화점	food	127.02747	37.52737
엠레클리	bar	127.03873	37.50197
엠마제과	food	127.06856	37.49569
엠바시	food	127.03565	37.50707
엠버	shop	127.03405	37.52587
엠버	activity	127.03834	37.51657
엠브로샵	shop	127.03802	37.52637
엠브릿지	food	127.03648	37.51211
엠브이샤브샤브	food	127.06192	37.49335
엠브이존노래연습장	activity	127.03547	37.49361
엠브이지	activity	127.03257	37.51488
엠브이피	cafe	127.02306	37.52366
엠비션메디컬	shop	127.03165	37.49321
엠비시노래방	activity	127.08201	37.48933
엠비씨	bar	127.03518	37.52059
엠비티아이	bar	127.01950	37.51770
엠센스	shop	127.04988	37.50336
엠아이씨엔터테인먼트	food	127.04015	37.50144
엠아이티디	food	127.03665	37.48592
엠아이피	shop	127.05133	37.52565
엠알피그룹	food	127.05527	37.51022
엠앤디플라워	shop	127.04842	37.49923
엠앤송아트	shop	127.02725	37.52133
엠앤아이시스템즈	food	127.05157	37.49836
엠앤아이트리어삼성지점주	shop	127.06227	37.50820
엠앤에스인터내셔널	shop	127.05824	37.50605
엠앤에이치인터내셔날	shop	127.02764	37.52143
엠앤티리테일	shop	127.02572	37.50406
엠에스라이프	shop	127.03148	37.49098
엠에스엘앤드지연준지점주	shop	127.02467	37.50511
엠에스와이투쿠시쿠시	food	127.02423	37.50724
엠에스지	activity	127.02746	37.49983
엠에스지엠현대백화점	shop	127.02747	37.52737
엠에스청담파트너스	food	127.02066	37.51744
엠에스케이컴퍼니	shop	127.06605	37.51015
엠에스테일러	shop	127.03721	37.52798
엠에스플러스	shop	127.02595	37.51184
엠에이에스	shop	127.03938	37.52718
엠에이인터내셔널	shop	127.03451	37.52708
엠에이치메디컬	shop	127.04384	37.50197
엠에이치샴페인즈앤드와인즈	shop	127.05734	37.50663
엠에이치셀바이오	shop	127.03374	37.50841
엠에이치에프강	food	127.03381	37.49819
엠에프비즈니스	shop	127.04160	37.52241
엠에프지	shop	127.03175	37.52843
엠에프지코리아매드포갈릭아이파크	food	127.06114	37.51363
엠엔휘트니스	activity	127.02367	37.50713
엠엔휘트니스청담점	activity	127.05046	37.51915
엠엘비키즈	shop	127.05326	37.49698
엠엠	shop	127.03908	37.51927
엠엠에스	bar	127.03732	37.52514
엠엠엔	food	127.04395	37.52089
엠엠엠	shop	127.03694	37.52540
엠엠티에이치일공사	cafe	127.03827	37.50197
엠오디서울	food	127.03848	37.52759
엠오아이	shop	127.03414	37.51920
엠옥션	shop	127.02261	37.52171
엠와이에셋대부	shop	127.04125	37.51503
엠와이컴퍼니	shop	127.04824	37.52397
엠유	food	127.03697	37.52304
엠유엘호텔	stay	127.03531	37.50513
엠이엠인터네셔널	bar	127.02492	37.52391
엠제이	shop	127.02343	37.51569
엠제이뷰티	shop	127.05867	37.50661
엠제이엔터프라이즈	shop	127.05128	37.48676
엠제이테크글로벌	shop	127.04161	37.50998
엠제이트랜드주	shop	127.02690	37.50774
엠제이트레이딩	shop	127.03214	37.52856
엠제이티	shop	127.03595	37.50224
엠주	shop	127.02353	37.52093
엠즈씨드	cafe	127.04579	37.52552
엠지글로벌아이엔씨	shop	127.03022	37.49368
엠지노래밤	bar	127.03837	37.50270
엠지스타일	shop	127.05824	37.50605
엠지씨글로벌	cafe	127.05299	37.50618
엠지텍	stay	127.02605	37.50551
엠지플라워	shop	127.05152	37.48214
엠케이씨앤티	shop	127.02501	37.51927
엠케이쥬얼리	shop	127.04845	37.52154
엠케이컬렉션	shop	127.02070	37.52155
엠케이트레이딩	shop	127.02428	37.51042
엠케이휘트니스	activity	127.02808	37.50608
엠클럽골프	activity	127.05594	37.50396
엠키친	food	127.02198	37.51953
엠키친	food	127.02588	37.50594
엠투포차	bar	127.02779	37.50043
엠트리네트웍스	shop	127.03148	37.49098
엠티콜렉션갈레리아메트로시티	shop	127.04112	37.52381
엠티콜렉션빌라디메트로시티	shop	127.02285	37.52017
엠파이브	shop	127.08354	37.48977
엠파이어드레스	bar	127.05273	37.50436
엠포리오아르마니	shop	127.02747	37.52737
엠포리오아르마니언더웨어	shop	127.04005	37.52848
엠폴베베	food	127.03149	37.50143
엠플러스약국	shop	127.02863	37.49665
엠피에이치	food	127.05005	37.50576
엠피티	activity	127.03328	37.49761
엣세두에주	cafe	127.05079	37.51259
엣지	shop	127.06591	37.49962
엣지걸	shop	127.02803	37.49866
엣지미	shop	127.08171	37.49032
엣지스크린	activity	127.10364	37.48863
엣플렉스	shop	127.04680	37.51143
엥거스	shop	127.02806	37.49862
엪엪지	food	127.04658	37.48416
여가디움	activity	127.03214	37.49728
여가생활	cafe	127.03662	37.52564
여기가행복한밥상	shop	127.08780	37.49124
여기쏘	shop	127.02756	37.51091
여기애가까운약국	shop	127.02774	37.52448
여기음료	shop	127.03426	37.48584
여니하우스	stay	127.03365	37.49219
여로집	food	127.03693	37.49844
여리안	food	127.04113	37.52626
여리한다이어트	shop	127.03175	37.52843
여미지	shop	127.03330	37.48980
여수동촌	food	127.05748	37.50337
여수바다장어	food	127.04514	37.50472
여수에프앤비	food	127.04294	37.50474
여왕의브런치	food	127.04076	37.50093
여우리	shop	127.03549	37.50002
여우사냥	shop	127.10185	37.48739
여운	stay	127.03311	37.49170
여운	stay	127.05560	37.51300
여유당	cafe	127.08690	37.49103
여유돼지	food	127.04575	37.51153
여유와즐거움마코토	food	127.04358	37.52437
여의도숯닭	food	127.02260	37.51005
여의도황소곱창	food	127.03189	37.49416
역삼개나리공원	nature	127.03628	37.49765
역삼골프	activity	127.04482	37.49739
역삼공간점	food	127.04084	37.50700
역삼농원닭도리	food	127.03941	37.49490
역삼다인약국	shop	127.03547	37.50278
역삼다정약국	shop	127.03595	37.50224
역삼대박황제복권방	activity	127.03694	37.50678
역삼도서관	heritage	127.03324	37.49540
역삼동북어집	food	127.03675	37.49864
역삼동성당	heritage	127.04171	37.50026
역삼동점스포애니케이디스포츠	activity	127.04136	37.49292
역삼동참치	food	127.03462	37.49887
역삼동찹쌀순대국	food	127.04081	37.49565
역삼라멘	food	127.03608	37.50724
역삼럭키골프존	activity	127.03976	37.49171
역삼매점	shop	127.03566	37.50162
역삼생생약국	shop	127.03662	37.49881
역삼생활	stay	127.03393	37.50085
역삼센터약국	shop	127.04136	37.50288
역삼센터필드해우리	food	127.04136	37.50288
역삼스테이	stay	127.04439	37.50724
역삼승리복권방	activity	127.03165	37.50054
역삼시휴레지던스	stay	127.03457	37.49487
역삼싱글리빙텔	stay	127.03632	37.50456
역삼약국	shop	127.03372	37.49398
역삼어가생선구이	food	127.03713	37.49453
역삼언주약국	shop	127.04336	37.50209
역삼오늘약국	shop	127.03584	37.49964
역삼오피스녹즙	shop	127.03817	37.49716
역삼유통	shop	127.03719	37.50594
역삼이화약국	shop	127.03964	37.49577
역삼전자담배멀티샵	shop	127.03469	37.49461
역삼정	food	127.03750	37.49726
역삼조은약국	shop	127.04110	37.50176
역삼주점	food	127.03393	37.50085
역삼집	food	127.03547	37.49361
역삼커피로스터스	cafe	127.03566	37.50162
역삼태평양약국	shop	127.03464	37.50633
역삼통고집	food	127.03348	37.50595
역삼하이츠온누리약국	shop	127.03614	37.50098
역삼한방삼계탕	food	127.03335	37.50092
역삼한우	food	127.03794	37.49811
역삼홈마트	shop	127.03958	37.50347
역전할머니맥주	bar	127.02423	37.50724
역전할머니맥주	bar	127.05311	37.50395
역전할머니맥주논현역점	bar	127.02374	37.50766
역전할머니맥주서울	bar	127.08242	37.48969
역전할머니맥주신사가로수길점	bar	127.02123	37.51768
역전할머니맥주압구정로데오	bar	127.03913	37.52703
연	shop	127.05098	37.50399
연가	food	127.04691	37.50522
연가	food	127.03519	37.50161
연경	food	127.02068	37.51877
연꽃치	food	127.08657	37.49072
연남토마	food	127.02678	37.50312
연남토마	food	127.05396	37.48946
연남토마가로수길점	food	127.02353	37.52093
연남해장국	food	127.02976	37.49701
연담음	food	127.08117	37.48487
연당글로벌주	shop	127.05519	37.50683
연돈수제볼카츠강남	food	127.02634	37.50165
연두약국	shop	127.01845	37.52440
연두파트너스	cafe	127.03430	37.51684
연리담	cafe	127.04798	37.47962
연사랑채	stay	127.05443	37.50328
연성갈비	food	127.05411	37.49766
연세갤러리	shop	127.02517	37.52500
연세선우에스테틱	shop	127.05102	37.51872
연세세인트에스테틱	shop	127.02819	37.52619
연세아이웰소아청소년과의원건강기능식품	shop	127.05954	37.48377
연세안경마트	shop	127.03964	37.49577
연세유라인치과병원	shop	127.02859	37.49789
연세윤앤민치과의원	shop	127.06295	37.49388
연세팜약국	shop	127.02333	37.50991
연속	food	127.03726	37.50938
연송	food	127.05616	37.51117
연수커피	cafe	127.05327	37.50324
연스시	food	127.03803	37.51846
연스시	food	127.04039	37.50316
연스시	food	127.06885	37.48930
연승개발	food	127.04010	37.50325
연안숯불압구정로데오	food	127.03721	37.52798
연앤네이쳐샵	shop	127.05575	37.52130
연약국	shop	127.06533	37.50659
연어패밀리	food	127.02960	37.49964
연우씨앤씨	shop	127.02690	37.50549
연우약국	shop	127.04658	37.49372
연울파티스리	food	127.04290	37.51222
연이황소곱창	food	127.08580	37.49072
연자리하우스	stay	127.04024	37.49650
연주블뤼테	shop	127.05040	37.50536
연타발	food	127.05400	37.50569
연타발	food	127.03216	37.52144
연탄구이	food	127.02852	37.50701
연탄김평선강남	food	127.05439	37.50531
연탄마을	food	127.03335	37.50092
연티크	shop	127.03396	37.50283
연하동압구정	food	127.03837	37.52442
연화산	food	127.03955	37.50306
연화산	food	127.06137	37.50730
연화쥬얼리	shop	127.03986	37.51790
열린약국	shop	127.08352	37.48573
열방약국	shop	127.03146	37.51486
열정국밥	food	127.03621	37.51054
열정분식소	food	127.02715	37.50322
열정카츠	food	127.04247	37.51032
열짬뽕	food	127.10104	37.48965
엽기떡볶이수서점	food	127.10104	37.48965
엽기떡볶이언주역점	food	127.03458	37.50867
엽기떡볶이청담점	food	127.05020	37.52505
영계소문옛날통닭디에이치개포	food	127.07417	37.49109
영계소문옛날통닭수서점	food	127.10249	37.48837
영광건어물	shop	127.06806	37.49742
영광문구센타	shop	127.05895	37.50608
영광미용재료	shop	127.06729	37.47607
영광상사	shop	127.05273	37.50436
영국카레	food	127.03352	37.50972
영길	food	127.02736	37.49936
영덕물회	food	127.04420	37.50500
영덕컴퍼니	shop	127.04928	37.51950
영덕횟집	food	127.05610	37.51001
영동	shop	127.04723	37.50442
영동갈비살	food	127.06178	37.50719
영동게임랜드	activity	127.02277	37.50903
영동고등학교매점	shop	127.04374	37.52139
영동곰탕	food	127.02381	37.50895
영동교집	food	127.04054	37.52264
영동교집압구정현대점	food	127.02559	37.52619
영동껍데기	food	127.03113	37.49704
영동다방	cafe	127.02477	37.50922
영동만물	shop	127.02512	37.50947
영동반점	food	127.02548	37.50858
영동불백	food	127.03201	37.49240
영동소곱창	food	127.02123	37.51768
영동소금구이	food	127.03182	37.49200
영동소금구이	food	127.02043	37.51832
영동소금구이논현	food	127.02348	37.50885
영동손떡집	food	127.05194	37.49765
영동손만두	food	127.02381	37.50895
영동숙수	food	127.02530	37.50826
영동숯불생고기	food	127.10723	37.46411
영동스낵	bar	127.02361	37.50887
영동약국	shop	127.02270	37.50915
영동옛날통닭	food	127.02364	37.50943
영동올뱅이집	food	127.04811	37.47779
영동우동	food	127.03439	37.49257
영동원삼겹살	food	127.02305	37.50868
영동육회	food	127.02437	37.50726
영동의료기	shop	127.02929	37.49766
영동장어	food	127.03533	37.52031
영동족반	food	127.02381	37.50895
영동죽집	food	127.02460	37.50916
영동쭈미골	food	127.03638	37.51716
영동커텐	shop	127.02609	37.50970
영동커피	cafe	127.05302	37.52458
영동코다리	food	127.03545	37.49021
영동포차	bar	127.02370	37.50839
영동포차나	food	127.03617	37.52063
영동홈마트	shop	127.02434	37.50932
영동황제꽈배기	food	127.02364	37.50943
영등포여로집강남	food	127.05202	37.50421
영메디칼	shop	127.06292	37.49394
영메디코스	shop	127.03100	37.52321
영명주	food	127.05244	37.52574
영부인	shop	127.05116	37.47361
영상음식점	activity	127.03505	37.49855
영석	shop	127.05179	37.49784
영성실업	shop	127.03834	37.51657
영신빌딩	food	127.06313	37.50031
영심이는세컨드	bar	127.05867	37.50661
영쓰	shop	127.03640	37.49284
영아곱삼	food	127.04634	37.47816
영양과건강약국	shop	127.02246	37.50957
영양센타	food	127.05816	37.49771
영양센타	food	127.03985	37.52770
영엔	shop	127.02019	37.51800
영영사모꽃배달	shop	127.05394	37.50645
영영사모플라워	shop	127.05394	37.50645
영원교육법인대치동지점	shop	127.06162	37.49409
영원약국	shop	127.02559	37.50453
영인성	food	127.02734	37.50612
영인컴퍼니	shop	127.05316	37.50474
영일씨	cafe	127.05327	37.50398
영재모아	shop	127.05194	37.49765
영재실업	food	127.02365	37.51372
영진약국	shop	127.04628	37.51839
영진티앤디누이네	food	127.02068	37.51877
영차떡볶이	food	127.02681	37.50252
영차컴퍼니	shop	127.03617	37.52063
영천얼큰돼지국밥강남	food	127.03712	37.50295
영천얼큰돼지국밥강남	food	127.04289	37.50537
영천영화	food	127.04958	37.52396
영천영화뜰	food	127.04958	37.52396
영카츠대치	food	127.06060	37.49630
영커피	cafe	127.03231	37.49215
영풍문고	shop	127.02211	37.51058
영화네트웍스맥켄지	food	127.04232	37.52226
영화네트웍스주쥬베	food	127.04309	37.52475
영희네포차	bar	127.02409	37.51014
옆집떡볶이	food	127.05856	37.50253
옆커폰	shop	127.03401	37.50880
예	food	127.03369	37.51987
예가낙지마을	food	127.05916	37.51183
예가안경	shop	127.03455	37.49918
예골프아카데미	activity	127.05157	37.49836
예그린하우스	stay	127.05193	37.50336
예글로벌	shop	127.04770	37.52295
예담	food	127.10452	37.47554
예담	food	127.03190	37.50101
예담떡	food	127.06300	37.49315
예담한정식	food	127.03192	37.50106
예당	food	127.03304	37.48890
예당	food	127.03250	37.52266
예당어죽민물매운탕	food	127.03257	37.50033
예당정보통신주	shop	127.03936	37.51687
예린	shop	127.06035	37.49368
예림	food	127.04475	37.50286
예림	activity	127.03837	37.49405
예림당아트홀	heritage	127.04437	37.49799
예림상사	shop	127.04830	37.47973
예맥화랑	heritage	127.02189	37.51086
예맥，언약	shop	127.02190	37.51087
예본의집	stay	127.08481	37.49489
예빈사	shop	127.06080	37.50919
예쁜옷집	shop	127.03869	37.52577
예삐네집	food	127.02385	37.50947
예사스테이논현	stay	127.02602	37.51148
예성씨엔씨	cafe	127.04562	37.52072
예소담	food	127.02785	37.52258
예솔하우스	stay	127.03462	37.49887
예술가	bar	127.03654	37.52662
예술과여행주	shop	127.02806	37.49862
예술의정원	shop	127.04618	37.50617
예술피자강남	food	127.04798	37.51510
예스몽	shop	127.03517	37.49947
예스안경	shop	127.10184	37.48802
예스압구정	shop	127.03110	37.52634
예온채	stay	127.03164	37.49680
예우리주	shop	127.02719	37.50820
예원	shop	127.05916	37.51183
예원갤러리	shop	127.05523	37.50563
예원디자인	shop	127.05200	37.48887
예원주	shop	127.02352	37.51668
예원화랑	shop	127.05523	37.50563
예은이네	shop	127.05609	37.48462
예일비알엠주	shop	127.02416	37.51101
예주약국	shop	127.02717	37.50851
예지유	shop	127.05176	37.49803
예진상사	shop	127.04691	37.50522
예진한복	shop	127.06237	37.48327
예천농축산물홍보판매단청담지점	shop	127.05364	37.51944
예천한우	food	127.05409	37.51031
예촌	food	127.05326	37.49698
예커뮤니케이션즈톡시커피	cafe	127.03174	37.51711
예플	shop	127.03159	37.51529
예향	cafe	127.03170	37.49879
예향	food	127.05040	37.50652
예향정	food	127.05050	37.50306
예화랑	shop	127.02222	37.52288
예화랑주	shop	127.02222	37.52288
옐로베리	food	127.04638	37.50250
옐로우레이디버드	shop	127.03741	37.52419
옐로우문	cafe	127.04761	37.52311
옐로우보틀	shop	127.02597	37.52479
옐로우스탑파트너스	shop	127.02990	37.49945
옐로트렁크	food	127.05898	37.50669
옐루	shop	127.05073	37.52763
옛고을장원김밥	food	127.04035	37.50408
옛골	bar	127.03045	37.49685
옛골	food	127.03260	37.50593
옛날그맛명동칼국수	food	127.03924	37.50052
옛날그맛명동칼국수	food	127.04305	37.49811
옛날그맛명동칼국수	food	127.03909	37.49697
옛날김치돼지찌개	food	127.05302	37.47473
옛날김치돼지찌개	food	127.06834	37.48882
옛날김치찌개	food	127.04215	37.49660
옛날농장	food	127.02389	37.50795
옛날농장	food	127.03922	37.50250
옛날돈가스	food	127.03258	37.52039
옛날손짜장	food	127.06719	37.49601
옛날집	food	127.04265	37.52276
옛맛명동칼국수	food	127.05879	37.50575
옛맛명동칼국수	food	127.05420	37.50681
오	food	127.04107	37.52609
오가	food	127.05139	37.47265
오가고	food	127.04076	37.51645
오가네족발	food	127.04359	37.48511
오가닉맘	shop	127.05976	37.50862
오감	shop	127.03437	37.49800
오감만족	food	127.10564	37.47134
오감쿡	shop	127.06152	37.48267
오곡당청년쥬스	food	127.03314	37.50136
오곡상회	shop	127.02391	37.50935
오구또와	food	127.05093	37.47499
오구오구	food	127.03995	37.49583
오구오구	food	127.06178	37.50719
오그니서울	food	127.03476	37.50835
오글로시	shop	127.03350	37.51448
오꼬노미야끼금	food	127.04855	37.50294
오꼬노미야끼금	food	127.03712	37.50295
오꼬뎅	food	127.04034	37.50787
오꼬앤타코	food	127.02530	37.50893
오끼참치앤스시	food	127.02141	37.51749
오너스	cafe	127.02661	37.50355
오뉴커피	cafe	127.05548	37.50809
오늘감자	bar	127.02324	37.51010
오늘고래	bar	127.03350	37.51448
오늘그릴	bar	127.05062	37.47896
오늘도고기국밥	bar	127.03891	37.49226
오늘도내일도김치찌개	bar	127.03352	37.50972
오늘도등심	bar	127.03199	37.49805
오늘도빙수	food	127.02895	37.51865
오늘도카페일리터	cafe	127.03732	37.50647
오늘도탁구	activity	127.02494	37.50587
오늘도행복해	cafe	127.06552	37.51167
오늘도회이팅	food	127.04648	37.49590
오늘밤에포차	bar	127.02496	37.50819
오늘선불폰선불유심알뜰폰당일개통	shop	127.04842	37.49923
오늘약국	shop	127.05955	37.49883
오늘와인한잔	bar	127.02929	37.49766
오늘와인한잔매봉역점	bar	127.04369	37.48528
오늘은닭	food	127.05636	37.51072
오늘은어떤닭	bar	127.03435	37.49109
오늘은해장국	bar	127.08293	37.49001
오늘의레시피	food	127.03199	37.50906
오늘의약국	shop	127.02803	37.49866
오늘의위스키	bar	127.03816	37.52605
오늘의위스키	bar	127.03184	37.49558
오늘잡은안동갈비	food	127.02567	37.52254
오늘찜닭어때	bar	127.05405	37.50248
오늘튀김	bar	127.06591	37.49962
오닐현대무역점	shop	127.05976	37.50862
오다	food	127.05113	37.52571
오다리집간장게장	food	127.03683	37.50244
오대리국수	food	127.05764	37.52092
오대산	food	127.02949	37.52589
오더블유엔	food	127.04607	37.47670
오더커피	cafe	127.03909	37.49697
오덮밥	food	127.02622	37.51105
오뎅과사케	food	127.06299	37.49918
오뎅야	bar	127.04287	37.51351
오동도	food	127.04717	37.52229
오동도	food	127.05831	37.50213
오동포차	food	127.04671	37.50615
오드그라피	shop	127.04915	37.52349
오드니크	shop	127.03159	37.51529
오드리엘	shop	127.04894	37.47509
오드비	food	127.04397	37.48270
오드비올렛	shop	127.05794	37.50499
오드펠로우즈	food	127.05348	37.48807
오디션노래연습장	activity	127.10318	37.48676
오디엠	shop	127.03836	37.49053
오디오시요거트	cafe	127.03415	37.49444
오디푸드시스템오발탄	food	127.06444	37.50063
오딘주	shop	127.06162	37.50738
오딜리아	shop	127.03928	37.52605
오딸레	food	127.03556	37.48683
오또상	food	127.02406	37.50702
오또상라멘	food	127.02532	37.52507
오또상스시	food	127.04378	37.50491
오또오또베이커리	food	127.03911	37.49301
오뚜기롤리폴리꼬또	food	127.04233	37.51129
오뚜기사우회오뚜기	shop	127.06768	37.50207
오뚜기센터	food	127.06766	37.50210
오뚜기수산	shop	127.02350	37.50939
오뜨플라워	shop	127.04968	37.52643
오뜰리에플라워	shop	127.05568	37.50430
오라방	food	127.02372	37.52110
오라클에스테틱	shop	127.03510	37.48497
오라클코스메틱	shop	127.02949	37.52589
오랜치	food	127.02549	37.50394
오레	food	127.02515	37.50936
오레노	bar	127.04672	37.50459
오레노라멘강남	food	127.02808	37.50050
오레노유메	bar	127.03096	37.49481
오레노유메	food	127.02158	37.51812
오레노카츠	food	127.05397	37.49884
오레노카츠	food	127.05465	37.50367
오렌즈	shop	127.04060	37.51669
오렌즈	shop	127.02434	37.50639
오렌즈	shop	127.05124	37.50333
오렌즈가로수길점	shop	127.02300	37.51919
오렌즈강남	shop	127.06192	37.49335
오렌즈강남역지하쇼핑	shop	127.02806	37.49862
오렌즈루미애체	shop	127.02819	37.52619
오렌즈수서역점	shop	127.10184	37.48802
오렌즈스타필드	shop	127.05916	37.51183
오렌즈신분당선점	shop	127.02858	37.49784
오렌즈압구정	shop	127.03819	37.52747
오렌즈점	shop	127.03626	37.49910
오렌즈한티역점	shop	127.05464	37.49744
오렌지	shop	127.02831	37.49816
오렌지나인네트웍스	activity	127.03702	37.50765
오렌지나인플러스	shop	127.03702	37.50765
오렌지터틀	shop	127.03414	37.48600
오렌지티	cafe	127.03074	37.50073
오로라	food	127.03721	37.52798
오로라	bar	127.03433	37.49943
오로라김밥	food	127.05874	37.49877
오로르플라워	shop	127.03092	37.50793
오로스트	cafe	127.03327	37.49075
오로시젤라또	shop	127.05007	37.50291
오로시젤라또	food	127.05678	37.49781
오로지	food	127.04343	37.50482
오로지한식압도적	food	127.02719	37.51097
오류골한상	food	127.04671	37.50615
오르도산	shop	127.03496	37.52559
오르디앙	shop	127.05352	37.49538
오르디자인하우스	shop	127.03935	37.52564
오르비에토	food	127.02528	37.52001
오르비에토바이카이로스	shop	127.04658	37.50324
오르새피자강남	food	127.03965	37.50496
오르오르센터필드	shop	127.04136	37.50288
오르주아나	shop	127.02319	37.52272
오르피제	shop	127.02717	37.50851
오리온마켓오	food	127.03548	37.52154
오리온마켓오	food	127.04608	37.48721
오리지날시카고피자	food	127.02739	37.50055
오리지널	shop	127.10136	37.46605
오리지널	shop	127.09743	37.46758
오리지널비어컴퍼니	shop	127.04657	37.51147
오리지널팬케이크하우스	food	127.04699	37.48748
오마뎅	food	127.04973	37.49421
오마뎅	food	127.06086	37.49835
오마뎅	food	127.05916	37.49316
오마뎅개포래미안포레스트점	food	127.05340	37.48058
오마뎅개포래미안포레스트점	food	127.05223	37.47975
오마뎅대치도성초교점	food	127.05119	37.50051
오마뎅디에이치개포	food	127.07417	37.49109
오마이주스	cafe	127.02296	37.51006
오마이캡틴	food	127.10311	37.48732
오마주	food	127.03767	37.49471
오마주컴퍼니	food	127.02436	37.52256
오마치	bar	127.05256	37.50256
오마카세오사이초밥	food	127.02808	37.50050
오마카세청담인	food	127.05432	37.52241
오만복	food	127.03931	37.52759
오면가면칼국수	food	127.05694	37.50165
오모시로이규카츠	food	127.02693	37.50235
오묘스튜디오	shop	127.02062	37.51394
오무라안	food	127.03358	37.49616
오므라이스팝니다강남	food	127.03745	37.50282
오므파탈강남	food	127.05744	37.50816
오미가	food	127.02788	37.52287
오미닭강정	food	127.06591	37.49962
오미마리	food	127.05590	37.50433
오바게트	food	127.04400	37.51142
오바코	shop	127.04487	37.48174
오발탄	food	127.03880	37.49953
오백국수	food	127.04791	37.47764
오백매쓰	shop	127.06324	37.50002
오버플로우컴퍼니	shop	127.06344	37.51452
오번가안경원	shop	127.05292	37.48911
오베로	bar	127.06548	37.50828
오베로	food	127.02956	37.52633
오복	food	127.03278	37.49440
오복냉면	food	127.05218	37.50185
오복문화사	shop	127.05698	37.50274
오복수산도산점	food	127.03858	37.52406
오복식당	food	127.10930	37.46541
오복한그릇	food	127.07965	37.49434
오봉냉면	food	127.02588	37.50594
오봉도시락강남	food	127.06734	37.48875
오봉도시락점	food	127.03503	37.50143
오봉집	food	127.02342	37.50832
오봉집	food	127.05585	37.51055
오봉집	food	127.03161	37.49554
오봉집	food	127.04726	37.50579
오봉집개포	food	127.06238	37.48286
오봉집매봉역점	food	127.04436	37.48521
오부빈티지컬렉션	shop	127.02859	37.50176
오부자	food	127.07911	37.49324
오부찌	food	127.03322	37.50080
오붓금복당	food	127.04915	37.52349
오브	bar	127.03697	37.52150
오브	shop	127.02794	37.52191
오브니	food	127.04247	37.51032
오브로키친	bar	127.02799	37.50024
오브롱	food	127.03835	37.52217
오브시에개포	cafe	127.05406	37.47468
오브옌플라워	shop	127.05307	37.50996
오브오드	shop	127.03943	37.52042
오브제현대무역	shop	127.05976	37.50862
오브젝티브커피로스터스	cafe	127.03767	37.51703
오븐데이	food	127.05040	37.47532
오븐에퐁당	shop	127.03877	37.51222
오비어	bar	127.04029	37.51602
오비어밤	bar	127.05824	37.50824
오빠화이팅	food	127.02452	37.50724
오사무식당	food	127.03496	37.49975
오사카카레콘유	food	127.02260	37.52066
오색단장	shop	127.04130	37.52679
오샐러드	food	127.02976	37.49701
오선	shop	127.02731	37.52189
오선지	food	127.05152	37.48214
오성팔복반점	food	127.03803	37.51846
오세안양갈비세곡	food	127.09741	37.46681
오셀리에	shop	127.02448	37.52193
오션텔레콤	shop	127.02692	37.50723
오소	shop	127.04139	37.51780
오손컴퍼니	food	127.05976	37.50862
오수양푼이동태탕	food	127.03201	37.50759
오순	food	127.03564	37.50535
오스카	bar	127.04049	37.50716
오스카	food	127.04726	37.50506
오스카	food	127.05643	37.51126
오스테리아꼬또	food	127.03223	37.52511
오스테리아수	food	127.02929	37.52202
오스테리아주	food	127.02282	37.52048
오슬로우커피수서점	cafe	127.10311	37.48732
오승어패럴	shop	127.03940	37.52014
오시리	shop	127.04636	37.51726
오시리	shop	127.04842	37.49923
오시리	bar	127.03673	37.51551
오시샘	shop	127.03568	37.50084
오시오	cafe	127.04552	37.51202
오시오식당	food	127.04565	37.49563
오신바람노래연습장	activity	127.08734	37.49088
오십오도고메	shop	127.03654	37.51806
오쏜도	food	127.04232	37.52226
오씨네	food	127.08519	37.49525
오씨엠	shop	127.02616	37.50656
오아시스	shop	127.04521	37.49654
오아시스	shop	127.06035	37.49368
오아시스	shop	127.03282	37.52870
오아시스	food	127.04061	37.52478
오아시스강남	shop	127.04938	37.51894
오아시스대치	shop	127.06295	37.49388
오아시스압구정	shop	127.03807	37.52817
오아시스양재역점	shop	127.03770	37.48610
오아시스청담	shop	127.04674	37.51761
오아시스한티역점	shop	127.05242	37.49665
오알지에스브이엘	bar	127.03820	37.52546
오앤씨커피	cafe	127.03803	37.51846
오앤오인터내셔널	shop	127.03490	37.52228
오약국	shop	127.03173	37.50693
오에스에프앤씨	food	127.02367	37.50713
오에스컬렉션	shop	127.05763	37.52245
오엑스솔라	shop	127.04723	37.50666
오엔	food	127.01760	37.52761
오엔와이	food	127.04860	37.50585
오엔케이푸드	food	127.03741	37.52419
오엔티	shop	127.03566	37.49780
오엘엘	food	127.03862	37.52555
오엘오안경원	shop	127.10184	37.48802
오연	food	127.03102	37.49366
오연식안경	shop	127.04718	37.51656
오오쥬	food	127.04480	37.52617
오오키	food	127.03379	37.51287
오와리포차	food	127.03883	37.52754
오와케이크	food	127.05146	37.50022
오와케이크	food	127.02665	37.52544
오와케이크논현학동	food	127.02744	37.51370
오와케이크도산	food	127.03730	37.52161
오우	food	127.04095	37.49290
오우야에스프레소바	cafe	127.01967	37.52237
오운산석가명차	shop	127.05901	37.51430
오월	bar	127.03861	37.52422
오월애약국	shop	127.01980	37.51686
오월의가로수	bar	127.02387	37.52039
오월이십오일	shop	127.03649	37.48576
오월호텔	stay	127.04108	37.50063
오웬클럽	activity	127.05185	37.48692
오웰안경	shop	127.04797	37.52462
오유하우스	stay	127.02093	37.51785
오은환부띠끄	shop	127.04872	37.52097
오일릴리롯데강남	shop	127.05326	37.49698
오잉	food	127.10102	37.46353
오자에프앤비	food	127.10415	37.47456
오장농	shop	127.02625	37.50735
오적회관강남세곡점	food	127.10004	37.46682
오정푸드	food	127.03783	37.52774
오제곱	food	127.03352	37.50972
오제제	food	127.02980	37.49506
오젠	food	127.04441	37.52273
오조	food	127.02708	37.52251
오조아	shop	127.04151	37.51876
오주	shop	127.05262	37.51000
오즈	shop	127.01965	37.52475
오즈아레나피씨까페	activity	127.09571	37.47204
오즈엔터	shop	127.03149	37.49491
오즈피씨카페리저브	activity	127.02823	37.49919
오직블라썸	shop	127.04332	37.50516
오징어광장	food	127.04679	37.47855
오징어세상	food	127.05707	37.50909
오징어풍경	food	127.05153	37.50314
오쭈	food	127.02678	37.50312
오커피	cafe	127.05185	37.48692
오케이	activity	127.03897	37.52394
오케이노래빠	bar	127.02141	37.51749
오케이노래빠	bar	127.03371	37.50077
오케이마트	shop	127.06118	37.48251
오케이스시	food	127.04136	37.50288
오케이치킨	bar	127.05937	37.49752
오케이파스타선릉	food	127.04658	37.50324
오케이포케	food	127.02677	37.52603
오코노미볼트	food	127.04525	37.52306
오코아	shop	127.05467	37.49736
오클랜드파이개러지	food	127.03766	37.52343
오키도키노래연습장	activity	127.04470	37.48575
오키도키스테이	stay	127.08338	37.49064
오키드플라워	shop	127.05289	37.50100
오타이	food	127.02747	37.52737
오타이후쿠	food	127.05976	37.50862
오토김밥	food	127.04367	37.48478
오토김밥	food	127.04227	37.50055
오토김밥신사	food	127.02060	37.52288
오토김밥청담점	food	127.04957	37.52538
오토리	food	127.02711	37.50161
오투	bar	127.02925	37.51660
오투아이	shop	127.09650	37.47215
오투온서울논현	shop	127.03668	37.50994
오투온서울신사	shop	127.03018	37.52076
오투피씨방	activity	127.05077	37.51938
오트웰니스	shop	127.05259	37.52530
오팔구	food	127.03061	37.52180
오팔하우스	shop	127.06591	37.49962
오퍼스다이닝그룹	food	127.04136	37.50288
오퍼스메이커스	cafe	127.05558	37.50766
오퍼스투웨니원	shop	127.04723	37.52525
오페라갤러리	shop	127.03482	37.52334
오페라노래연습장	activity	127.02747	37.52400
오페라바이오	shop	127.04416	37.51009
오페라빈	food	127.05569	37.50304
오페라빈에스프레소바	cafe	127.03725	37.49506
오펜드	cafe	127.03454	37.52564
오포	food	127.04643	37.50484
오퓨랩	shop	127.03109	37.51256
오프	bar	127.04270	37.51498
오프닝	bar	127.03455	37.49918
오프닝	food	127.03103	37.51888
오프레	food	127.03875	37.48649
오프스안경	shop	127.03979	37.52746
오프오프커피	cafe	127.03390	37.49529
오프쳐	shop	127.02147	37.52094
오프커피역삼	cafe	127.03185	37.49173
오프코퍼레이션	shop	127.02808	37.50608
오프투얼론	shop	127.02888	37.52608
오프화이트	shop	127.04184	37.52791
오프화이트	shop	127.05976	37.50862
오픈	food	127.04087	37.52476
오픈컴퍼니	food	127.05772	37.50996
오픈키친	food	127.03109	37.52621
오픈하우스	stay	127.04722	37.47555
오픈하우스	stay	127.03468	37.49384
오픈하우스삼성	stay	127.05342	37.51367
오픈하우스압구정	stay	127.03789	37.52789
오피세이브	shop	127.02156	37.51755
오피스데이	shop	127.03218	37.51588
오피스디포	shop	127.03344	37.51708
오피스몰	shop	127.03173	37.49845
오피스샤인	shop	127.03558	37.51016
오피스솔루션주	shop	127.03867	37.49357
오피스써플라이	shop	127.03146	37.50051
오피스알파	shop	127.03464	37.52047
오피스알파	shop	127.04272	37.50194
오피스조명	shop	127.03318	37.51267
오피스테이션	shop	127.02431	37.51704
오피스프랜드	shop	127.04398	37.50423
오피케이컴퍼니	food	127.03453	37.52626
오핀	shop	127.05200	37.48887
오하나강남	cafe	127.04067	37.51822
오하라	food	127.06542	37.50215
오한수우육면가	food	127.04526	37.50380
오한수우육면가	food	127.03170	37.49879
오한수우육면가	food	127.04916	37.50560
오행생식원	shop	127.04250	37.48495
오행육기생식원	shop	127.06753	37.48914
오향절면	food	127.03572	37.48582
오후	bar	127.04712	37.50495
오후의힐링	shop	127.03712	37.50295
오흐네	cafe	127.04265	37.51018
오히커피	cafe	127.04063	37.49473
옥구서적	shop	127.04838	37.47818
옥돌커피	cafe	127.06088	37.50683
옥된장	food	127.05862	37.50571
옥된장	food	127.02720	37.52446
옥된장	food	127.02296	37.51006
옥된장	food	127.04672	37.50459
옥된장	food	127.02566	37.50356
옥된장강남	food	127.03638	37.51679
옥된장역삼	food	127.03682	37.49898
옥류관	shop	127.04161	37.50998
옥성	food	127.02725	37.52059
옥성주얼리	shop	127.08320	37.49182
옥수투엑스휘트니스지점	activity	127.08446	37.48402
옥스라이브파이어그릴도산	food	127.03245	37.52064
옥시티컬	shop	127.05750	37.50460
옥이네	food	127.05590	37.50433
옥토	food	127.02152	37.52205
옥희분식	food	127.08259	37.49171
온	food	127.04939	37.52198
온가솥밥	food	127.06547	37.51442
온까스	food	127.02983	37.51848
온누리안경원	shop	127.02391	37.50935
온누리커뮤니케이션	shop	127.03398	37.51119
온누리해림약국	shop	127.03651	37.50002
온다	bar	127.03455	37.52728
온다플레이버	food	127.02209	37.51904
온달집신사	food	127.02184	37.51767
온더그라운드	cafe	127.03730	37.52665
온더보더코엑스도심	food	127.05945	37.50963
온더피티	activity	127.03304	37.49044
온더휘트니스	activity	127.05178	37.52533
온도차	cafe	127.03719	37.51672
온돌더프라임	food	127.03237	37.49993
온라이브플러스	shop	127.04304	37.51151
온밥숯불생선구이	food	127.05892	37.50547
온복비빔국수	food	127.05100	37.50080
온새미로	food	127.05376	37.50463
온솥	food	127.04258	37.49945
온수반	food	127.04225	37.50528
온스테이호스텔	stay	127.05512	37.50364
온시정	food	127.04906	37.50671
온실보테니컬컴퍼니	shop	127.05763	37.52245
온심옥	food	127.03497	37.50259
온약국	shop	127.03381	37.50647
온에어	bar	127.03165	37.52188
온에어	shop	127.02806	37.49862
온연	shop	127.04016	37.50949
온유스테이강남	stay	127.03445	37.50798
온유스튜디오	shop	127.02236	37.52133
온유크리에이티브	shop	127.02236	37.52133
온전컴퍼니	shop	127.04139	37.51780
온정약국	shop	127.03227	37.51159
온정주의청담	stay	127.05683	37.52241
온진	food	127.05396	37.50739
온클래스스튜디오강남	food	127.04398	37.49622
온테이블	shop	127.03652	37.50235
온투	bar	127.02728	37.52478
온화다이닝도산점	food	127.03799	37.52488
온화담	food	127.09909	37.48574
온히어온샐러드앤포케	food	127.03381	37.49819
올가드림	shop	127.02832	37.50592
올가드림뷰티	shop	127.03648	37.49150
올굿에프앤비	food	127.05363	37.50411
올뉴팻	shop	127.03235	37.51290
올뉴플라즈마	shop	127.04268	37.50146
올댓미트돔	food	127.03569	37.52808
올댓바디	activity	127.02278	37.52307
올댓바스켓	shop	127.06171	37.49951
올댓플라워	shop	127.06848	37.50096
올데이사운드바	bar	127.02255	37.51973
올데이파스타	food	127.03352	37.50972
올데이피자	food	127.02595	37.52014
올드머니	food	127.04658	37.50324
올드앤영	food	127.06150	37.50317
올드페리도넛	food	127.05747	37.49806
올드페리도넛가로수길점	food	127.02123	37.52038
올디너리모먼트	cafe	127.04418	37.48399
올디브	shop	127.04768	37.50371
올디스타코	food	127.02092	37.51919
올라라	food	127.02174	37.52199
올라보드카페스튜디오	activity	127.03345	37.49499
올라아보	food	127.03597	37.50717
올라포케	food	127.03007	37.49551
올라포케	food	127.03386	37.50143
올라포케선릉	food	127.05036	37.50286
올라포케수서점	food	127.10311	37.48732
올래밥상에프엔비	food	127.03294	37.50852
올레노래연습장	activity	127.04014	37.51598
올레비어	bar	127.03575	37.49390
올루스	food	127.04815	37.47706
올루올루	food	127.02746	37.50670
올리멘	food	127.03237	37.49993
올리버브라운	food	127.02894	37.50619
올리보	food	127.09741	37.46681
올리브	food	127.09975	37.49214
올리브	shop	127.05763	37.52245
올리브	bar	127.04726	37.50579
올리브	shop	127.02873	37.51056
올리브	shop	127.06853	37.49638
올리브노래연습장	activity	127.05176	37.50272
올리브당구장	activity	127.03039	37.49713
올리브데올리브	shop	127.05326	37.49698
올리브보드카페	activity	127.05176	37.50329
올리브상회	cafe	127.05333	37.50720
올리브스테이강남구청	stay	127.04051	37.51817
올리브앤컴퍼니	shop	127.06605	37.51015
올리브약국	shop	127.04125	37.51662
올리브온누리약국	shop	127.03455	37.49899
올리브트리	shop	127.02841	37.53229
올리브트리	shop	127.03082	37.52538
올리브하우스	stay	127.03552	37.50550
올리비아	shop	127.04548	37.47725
올리비아로렌개포	shop	127.04843	37.47436
올리비아박갤러리	shop	127.04688	37.52702
올리비아하슬러	shop	127.05239	37.49782
올린컴퍼니	shop	127.04139	37.51780
올메가덮밥	food	127.03396	37.49408
올몰	shop	127.03496	37.49975
올몰	shop	127.03549	37.50002
올몰	shop	127.03614	37.50098
올바디골프	activity	127.05506	37.52525
올바른건강생활	shop	127.03848	37.50375
올바른몸	activity	127.02811	37.51408
올바른스시	food	127.02693	37.50235
올바름연구소	food	127.03919	37.49497
올바원더블린	food	127.02608	37.50207
올버즈	shop	127.02232	37.52068
올빗	shop	127.03684	37.50259
올세인츠	shop	127.03218	37.51588
올세인츠갤러리아	shop	127.04005	37.52848
올어라운드	cafe	127.06162	37.50738
올어바웃골프	activity	127.04669	37.51081
올어바웃카페강남상록회관점	cafe	127.04291	37.50397
올어바웃콘텐츠	shop	127.05824	37.50605
올어바웃키즈	shop	127.03100	37.52321
올어바웃홈베이킹스튜디오	food	127.10519	37.47092
올인원오피스	shop	127.05278	37.51264
올인원키친	food	127.02563	37.50711
올젠롯데	shop	127.05326	37.49698
올코코	food	127.03662	37.50071
올키친	food	127.03554	37.53192
올포원텔레콤	shop	127.03851	37.48635
옳음	food	127.04270	37.52471
옳음컴퍼니	shop	127.03456	37.52322
옴니	shop	127.02216	37.52170
옴니버스누그레이	shop	127.02941	37.49683
옴니푸드시스템즈주	food	127.05676	37.51159
옵바	food	127.05237	37.52517
옵션스페셜티커피상록회관점	cafe	127.04274	37.50396
옵티마대영약국	shop	127.05132	37.51740
옵티마든든약국	shop	127.04931	37.50306
옵티마미소약국	shop	127.03427	37.50713
옵티마웰니스뮤지엄강남약국	shop	127.02850	37.50355
옵티멈존피씨카페	activity	127.02412	37.50621
옵티멈존피씨카페신논현역점	activity	127.02467	37.50511
옵티멈존피씨카페신사역점	activity	127.02086	37.51702
옵틱라이프	shop	127.03134	37.49523
옵틱프로젝트	shop	127.02366	37.52173
옹고	shop	127.02626	37.52283
옹고집투뿔생고기	food	127.02622	37.51105
옹골찬순대국밥	food	127.04674	37.50499
옹기김밥	food	127.04658	37.50324
옹기미가낙지수제비해물탕찜	food	127.08368	37.49007
옹기족발	food	127.08565	37.49040
옹기집	food	127.02852	37.52095
옹달샘	food	127.04915	37.50520
옹식구	food	127.03542	37.49903
옻칠디자인스튜디오	shop	127.10690	37.46306
와니카레	food	127.03496	37.52559
와니코스	shop	127.05434	37.51297
와드커피	cafe	127.06287	37.50429
와드커피	cafe	127.02613	37.50989
와라야키쿠이신보	bar	127.02411	37.51861
와라쿠	food	127.02072	37.52214
와랑와랑탑동	food	127.05477	37.51203
와려	food	127.06280	37.50654
와바	bar	127.05200	37.48887
와비사비	food	127.04067	37.50379
와사	food	127.04873	37.51975
와사비하우스	stay	127.03060	37.49470
와사이진	food	127.03621	37.51054
와세다식당	food	127.10311	37.48732
와슈다이닝	food	127.03094	37.51573
와쏘	food	127.03121	37.51970
와와노래연습장	activity	127.04745	37.47832
와와노래연습장	activity	127.05363	37.50411
와우	shop	127.07965	37.49434
와우성형외과	shop	127.02806	37.49866
와우스	shop	127.02720	37.50832
와이낫	shop	127.02857	37.50919
와이덱스보청기	shop	127.10184	37.48802
와이드앵글강남	shop	127.03650	37.49130
와이드앵글도곡플래그샵	shop	127.03794	37.49174
와이디	food	127.04464	37.49695
와이디북스	shop	127.06170	37.48240
와이디솔루션	shop	127.04189	37.49792
와이디에프앤비	food	127.05592	37.50870
와이디와이	activity	127.03491	37.49817
와이디컴퍼니	shop	127.04262	37.49780
와이랩골프	activity	127.02322	37.51719
와이브로컴퍼니	shop	127.03607	37.51254
와이비푸드	food	127.03612	37.52688
와이스테이크	food	127.04417	37.50096
와이시너지	stay	127.06700	37.50713
와이씨임클리	shop	127.02723	37.52210
와이알코스	shop	127.06162	37.50738
와이앤티	shop	127.02516	37.51202
와이앰케이파트너	bar	127.04480	37.52617
와이어트인스티튜트어학원	shop	127.06456	37.49980
와이에이치에스컴퍼니	activity	127.04542	37.47827
와이에이치인터내셔널	shop	127.02791	37.51832
와이엔뷰티	shop	127.02103	37.51568
와이엔씨	food	127.04005	37.52848
와이엘	shop	127.04165	37.51544
와이엠디	shop	127.03775	37.52557
와이엠메디컬뷰티	shop	127.02526	37.50526
와이엠엔코퍼레이션	food	127.04032	37.52195
와이유마트	shop	127.02919	37.53254
와이제이	shop	127.03738	37.50736
와이제이컴퍼니	shop	127.08561	37.49419
와이제이푸드	food	127.04464	37.49695
와이즈	shop	127.05011	37.50539
와이지네트웍스	shop	127.05128	37.48676
와이지스타일	shop	127.04776	37.52496
와이지스타일	shop	127.03940	37.52638
와이지이스케이프	activity	127.02843	37.51476
와이캉	food	127.04291	37.50451
와이커피	cafe	127.02384	37.51089
와이케이몽키	food	127.03765	37.52410
와이케이에프엔비	food	127.04134	37.52256
와이케이파트너즈	bar	127.03526	37.49824
와이퀸산부인과의원	shop	127.04021	37.52496
와이키키	activity	127.02001	37.52258
와이투메드	shop	127.02296	37.51006
와이투제이에스	shop	127.03766	37.52325
와이티티	shop	127.04524	37.48253
와이팩토리	shop	127.03848	37.52759
와인갤러리	shop	127.03892	37.52583
와인고	shop	127.02595	37.52158
와인공간	shop	127.02858	37.49929
와인과여행	bar	127.02954	37.49898
와인도깨비강남	food	127.03161	37.49822
와인마케트	bar	127.05733	37.51064
와인마케팅경영연구원	shop	127.03227	37.51159
와인벙커시뉴	shop	127.04017	37.51947
와인사랑	food	127.02792	37.52637
와인사랑청담점	food	127.04206	37.52288
와인쉬어리	bar	127.04375	37.48512
와인스	shop	127.02333	37.50991
와인아트피아	shop	127.05192	37.47433
와인익스프레스	shop	127.10436	37.48408
와인컬렉터	shop	127.05299	37.50618
와인컬렉터	shop	127.04769	37.50453
와인코르크	bar	127.02728	37.50091
와인테크주	food	127.04410	37.52635
와인테크－까사비노주	food	127.04410	37.52635
와인투고	food	127.05587	37.50358
와인하우스	shop	127.05817	37.50455
와인하우스학동주류	shop	127.03991	37.52652
와일드버팔로	bar	127.03921	37.52722
와치앤	shop	127.04022	37.52722
와타미역삼	bar	127.03712	37.50295
와퐁	shop	127.03798	37.50337
와플대학선릉캠퍼스	food	127.05181	37.50378
와플대학지하상가캠퍼스	food	127.02806	37.49862
와플샵신분당선	cafe	127.02806	37.49862
와플에구름	cafe	127.03804	37.52779
와후진	food	127.10249	37.48837
왁골프현대무역점	shop	127.05976	37.50862
왁도산점	shop	127.03289	37.52300
왁버거	food	127.02929	37.49766
왁티	shop	127.02188	37.52206
왁티	shop	127.03047	37.51999
완도	food	127.02068	37.51877
완미족발논현	food	127.02506	37.50658
완백부대찌개고사리꽃삼겹수서역점	food	127.10311	37.48732
완벽한시계수리	shop	127.05375	37.51154
완산골명가	food	127.04232	37.51589
완스키친	food	127.02696	37.50992
완탱이네	bar	127.04105	37.51625
왈츠호텔	stay	127.02605	37.50551
왓	food	127.03791	37.52600
왓더버거	food	127.02696	37.50908
왓더펍	food	127.04080	37.52200
왓쇼이켄	food	127.03007	37.49551
왓어크리스프가로수길	food	127.02045	37.52196
왓츠피데주	food	127.04548	37.47883
왓치앤제이	shop	127.03936	37.51687
왔숑	food	127.03204	37.50876
왕고모	food	127.02891	37.51160
왕대감	food	127.06803	37.48892
왕대감정육점	shop	127.06803	37.48892
왕두꺼비부대찌개	food	127.03201	37.49240
왕산골	food	127.03328	37.48934
왕산인베스트먼트	activity	127.05146	37.50022
왕성약국	shop	127.02255	37.51122
왕소금구이	food	127.03617	37.52063
왕스펍	bar	127.02748	37.50089
왕쓰브강남	food	127.03621	37.51054
왕의닭강정강남	food	127.05333	37.49943
왕자네	food	127.03659	37.52556
왕재	food	127.06534	37.49994
왕창칼국수	food	127.02821	37.51765
왕코등갈비	food	127.02437	37.50840
외가집	food	127.02530	37.50826
외계인방앗간	food	127.04027	37.48912
외계인방앗간	food	127.03938	37.51594
외계인방앗간	food	127.02689	37.51808
외계인피자	food	127.03621	37.51054
외고집설렁탕	food	127.05392	37.51102
외길곱창	food	127.03824	37.49394
외할머니상회	food	127.02398	37.50712
요거랑플러스	cafe	127.02796	37.50972
요거타임강남	food	127.02520	37.50575
요거트맨	cafe	127.05916	37.49316
요거트맨강남	cafe	127.04636	37.51726
요거트아이스크림의정석	food	127.04417	37.50096
요거트아이스크림의정석	food	127.08428	37.49292
요거트얌	cafe	127.04636	37.51726
요거트월드	food	127.05328	37.49805
요거트월드	food	127.06118	37.48247
요거트청담	food	127.04674	37.51761
요거트퍼플	food	127.03046	37.49338
요거트홀릭	food	127.03102	37.49366
요고프로즌요거트압구정	cafe	127.03883	37.52754
요녀석	food	127.03658	37.50903
요달의찜닭	food	127.03712	37.50295
요란	bar	127.05063	37.51253
요리가있는술집	bar	127.05364	37.50374
요리와담소	food	127.02722	37.52374
요리정원온	food	127.06856	37.49569
요리하는오빠	food	127.04407	37.50215
요미우돈교자	food	127.02593	37.50403
요베이글	shop	127.04375	37.50603
요셉하우스	stay	127.05201	37.51709
요술	bar	127.03344	37.50040
요술공주	shop	127.04842	37.49923
요술램프삼겹살	food	127.02107	37.51766
요시야	food	127.03803	37.51846
요아정	food	127.06158	37.50267
요아케	food	127.03688	37.52355
요이치	food	127.03837	37.52442
요즘우리술	shop	127.03469	37.49461
요찌무도곡	food	127.04456	37.48403
요커	cafe	127.03608	37.48633
요커	cafe	127.03919	37.52663
요커삼성	shop	127.06148	37.50319
요커삼성	cafe	127.05666	37.50220
요커압구정로데오	food	127.03919	37.52663
요커청담점	food	127.04977	37.52514
요크	cafe	127.03056	37.51600
욘베로나와삼성	food	127.05593	37.51042
용공장강남	food	127.04194	37.50896
용궁	food	127.11917	37.46930
용기사식당	food	127.08583	37.49520
용길상회	shop	127.06729	37.47607
용문고시원	stay	127.05954	37.50529
용삼계탕	food	127.02288	37.51092
용수사	food	127.05794	37.50577
용용선생	bar	127.02840	37.50014
용용선생	bar	127.02349	37.50815
용용푸드	food	127.04417	37.50096
용우매니지먼트주	stay	127.05005	37.50576
용이네	food	127.01977	37.51804
용이네축산	shop	127.08431	37.49222
용이네축산	shop	127.08810	37.47176
용진빌딩	cafe	127.06451	37.51522
용천옛날통닭	food	127.08105	37.49092
용푸드	food	127.04467	37.49945
우가	food	127.01908	37.51961
우가네	food	127.04904	37.50632
우가청담	food	127.03735	37.52437
우감만족	food	127.03908	37.52628
우공뭉티기수서	food	127.10311	37.48732
우국원스튜디오	shop	127.03701	37.52128
우기식당	food	127.02305	37.50868
우기식당육지	food	127.02305	37.50868
우기식품	food	127.04361	37.50494
우기파스타	food	127.03803	37.51846
우나기와	food	127.03711	37.50307
우나기정	food	127.03007	37.49551
우나다이	food	127.05696	37.50979
우나비	food	127.04383	37.51124
우나스	food	127.03664	37.52186
우나우	food	127.06237	37.48327
우나쥬유키	food	127.03031	37.52329
우노	shop	127.02699	37.52285
우노	food	127.05318	37.50499
우노글로벌	shop	127.04319	37.48519
우노벌스	shop	127.03170	37.49879
우노와치주	shop	127.02747	37.52737
우노커피	cafe	127.05644	37.52317
우노트레이딩	shop	127.05154	37.50578
우노헬스케어	shop	127.05088	37.50421
우니도	food	127.01999	37.52076
우니우니스테이	stay	127.03037	37.50962
우담	food	127.03518	37.52059
우대당우대한식당	food	127.03464	37.49623
우대포	food	127.03152	37.52213
우도	food	127.02549	37.51805
우도	shop	127.04572	37.52519
우도옥	food	127.05555	37.51135
우돈정각	shop	127.03723	37.52839
우돈청	food	127.03676	37.52667
우동명가기리야마본진	food	127.03039	37.49713
우동명가다카마쓰강남	food	127.02976	37.49701
우동키노야강남	food	127.04354	37.48523
우드버리	shop	127.04344	37.51425
우드스탁２００３	food	127.03610	37.52710
우들짐	activity	127.03133	37.52586
우디스테이	stay	127.04267	37.50965
우디집도산점	cafe	127.03599	37.52657
우뚝소곱창	food	127.03921	37.51724
우락뽈락	food	127.04862	37.52371
우랑	food	127.05359	37.52611
우루후	food	127.04184	37.52204
우륵	food	127.03287	37.50174
우리급식	shop	127.08423	37.49311
우리김밥	food	127.02456	37.52395
우리노래연습장	activity	127.04237	37.51507
우리농산물	shop	127.08467	37.49211
우리농산물마트	shop	127.06427	37.50073
우리농산물유통센타	shop	127.02550	37.52314
우리농산물유통센터	shop	127.03632	37.52786
우리농산물할인점	shop	127.08467	37.49211
우리농축산물마트	shop	127.04291	37.50397
우리다	food	127.02690	37.52478
우리다	food	127.04017	37.50065
우리다온약국	shop	127.06148	37.48225
우리단골집	food	127.02344	37.50975
우리닭강정	food	127.08749	37.49188
우리담소	bar	127.03703	37.52407
우리당구	activity	127.03892	37.51717
우리대치약국	shop	127.06192	37.49335
우리대칼국수	food	127.02383	37.50843
우리돈삼이	food	127.03568	37.50084
우리동네국민상회개포포레스트점	shop	127.05548	37.47856
우리동네치킨	food	127.04562	37.51109
우리동네횟집	food	127.02599	37.50747
우리들고시원	stay	127.06825	37.48898
우리들약국	shop	127.03576	37.48517
우리들유통	shop	127.02501	37.52492
우리들자산	shop	127.03995	37.49583
우리들플라워	shop	127.05316	37.50474
우리라이브인	shop	127.04723	37.50666
우리릴렉스	shop	127.05483	37.50428
우리마트	shop	127.05040	37.47532
우리맛	shop	127.03530	37.52878
우리맥스무어	shop	127.03268	37.50925
우리생고기	food	127.06858	37.48890
우리샤브	food	127.04372	37.50220
우리서점	shop	127.06834	37.48882
우리소	shop	127.05917	37.50554
우리순대국	food	127.04355	37.50214
우리스타일	shop	127.03555	37.52795
우리식당	food	127.02599	37.52331
우리아코퍼레이션	shop	127.04638	37.52698
우리온누리약국	shop	127.05829	37.49306
우리원약국	shop	127.02418	37.52447
우리유통	shop	127.04853	37.50597
우리조경	shop	127.03400	37.48816
우리종합공사	shop	127.04382	37.49959
우리집	food	127.03750	37.52604
우리집	food	127.03878	37.50310
우리집	food	127.10184	37.48802
우리집	food	127.02171	37.51795
우리집김밥	food	127.06368	37.50101
우리집김밥	food	127.04672	37.50459
우리집레시피	shop	127.08480	37.48553
우리집만두	food	127.05007	37.50291
우리집반찬	shop	127.02364	37.50943
우리집밥상	food	127.02467	37.50971
우리집젤라또	food	127.05229	37.49907
우리청과	shop	127.04732	37.49723
우리카페	cafe	127.04395	37.49641
우리컬쳐	food	127.04008	37.51625
우리쿱	shop	127.06035	37.49368
우리탁구클럽	activity	127.07087	37.48914
우리탐정	cafe	127.04395	37.49641
우리할매떡볶이	food	127.04638	37.50561
우리할매떡볶이	food	127.02718	37.52106
우리할매떡볶이강남세곡점	food	127.10073	37.46636
우리홈콜렉션	shop	127.03826	37.48625
우리화원	shop	127.11080	37.46469
우마마랩	food	127.04775	37.52555
우마주더블랙	food	127.04359	37.49292
우마쿠라	food	127.05169	37.50666
우멤버	food	127.04998	37.50665
우명에프엔씨훗스테이크	food	127.02727	37.49951
우모크	food	127.03542	37.52661
우목뭉티기	food	127.02305	37.50868
우미가	bar	127.03539	37.51032
우미가	food	127.03486	37.50239
우미관	bar	127.02503	37.50497
우미노히	food	127.05083	37.52528
우미돈블랙	food	127.03851	37.50190
우미야역삼	food	127.04215	37.49660
우미호타루	food	127.03033	37.51975
우밀가	food	127.04643	37.50484
우밀가	food	127.03291	37.49789
우밀가	food	127.05471	37.50750
우밀가상록점	food	127.04274	37.50396
우뱅	food	127.03901	37.52666
우버	shop	127.04842	37.52502
우보한의연구소	shop	127.03135	37.52766
우살롱	food	127.02978	37.52618
우상화로구이강남매봉역점	food	127.04418	37.48458
우생	food	127.02718	37.50612
우성각	food	127.05185	37.48692
우성김밥	food	127.07911	37.49324
우성통상	shop	127.02990	37.49945
우소리	cafe	127.02426	37.50662
우수	food	127.04001	37.52427
우수미	food	127.03093	37.52178
우수생	shop	127.03002	37.51955
우스블랑압구정	food	127.03732	37.52514
우슬역삼	food	127.03491	37.49817
우슴강남	food	127.02418	37.50813
우승오피스마트	shop	127.03271	37.50046
우시라멘	food	127.04667	37.47825
우시야	food	127.04265	37.50491
우신닭발	bar	127.06734	37.48875
우신정육	food	127.05630	37.51088
우아	activity	127.04889	37.52319
우아인	bar	127.03891	37.52713
우아트레이닝강남	activity	127.04067	37.51822
우아한감	food	127.02686	37.50298
우아한강남키친	food	127.05427	37.50357
우암에프앤비	food	127.03129	37.51178
우앤	food	127.03287	37.52249
우연	bar	127.03304	37.49044
우연이네	bar	127.02299	37.50939
우연정가	food	127.05161	37.52536
우오하나	bar	127.02044	37.51991
우오하나	food	127.05277	37.50380
우와한족발	food	127.05033	37.50226
우와해선릉	food	127.05284	37.50647
우월	food	127.04439	37.52449
우유니	cafe	127.02136	37.52303
우인	shop	127.06856	37.49569
우일가든	food	127.05190	37.49903
우일식당	food	127.06228	37.50688
우잇	shop	127.02738	37.50871
우잉	shop	127.03854	37.52517
우정	shop	127.03742	37.52335
우정양곱창	food	127.03012	37.51849
우정에프앤비	food	127.03681	37.52618
우정장학문화재단	activity	127.05912	37.50644
우제홍참치	food	127.02342	37.50832
우제홍참치엔초밥	food	127.02969	37.51429
우종호의커피볶는집	shop	127.04624	37.48029
우주	shop	127.06591	37.49962
우주	food	127.04380	37.48400
우주가챠	shop	127.02588	37.50372
우주별정류장	food	127.03813	37.48638
우주서울	bar	127.03746	37.52592
우주약국	shop	127.05100	37.50080
우주이즈마인	food	127.04120	37.52206
우주인쉼터	shop	127.05326	37.49698
우주정복	shop	127.03028	37.52115
우주푸드	food	127.04417	37.50096
우쥬	shop	127.04129	37.52242
우지커피	cafe	127.05084	37.50353
우지커피사점	cafe	127.02806	37.49862
우지커피양재역점	cafe	127.03682	37.48571
우지커피역삼	cafe	127.03747	37.49639
우지커피역삼래미안점	cafe	127.04648	37.49590
우진	shop	127.03162	37.51084
우진디지탈	shop	127.03556	37.48683
우짱베기	food	127.04467	37.49945
우찌노카레	food	127.03744	37.52681
우찬	food	127.02168	37.51635
우천식육식당	food	127.02241	37.51587
우천식육식당강남	food	127.04124	37.51571
우천에프앤비	food	127.05162	37.52382
우츄진강남롯데점	food	127.05326	37.49698
우츠와	food	127.04282	37.51518
우텐더	food	127.03581	37.52705
우피후피압구정지점	food	127.03932	37.52699
우향다원	shop	127.04657	37.48716
우형준정미소	food	127.02578	37.52503
우화당	food	127.05692	37.50850
우화에프엔비	food	127.05744	37.51010
우후루화	food	127.02425	37.52019
우후죽순	food	127.02227	37.51867
욱준	shop	127.10356	37.47487
운동장	activity	127.02855	37.52223
운동장	activity	127.03220	37.52294
운봉	food	127.05916	37.50267
운빠쏘	shop	127.03618	37.49059
운선제한복청담점	shop	127.03899	37.52111
운소	shop	127.02275	37.52290
운의	shop	127.04056	37.52576
운치	food	127.02386	37.50749
운호청과	shop	127.05349	37.47552
울니트	shop	127.02295	37.51077
울릉집	food	127.03744	37.52681
울리노래연습장	activity	127.03174	37.49707
울엄마추어탕	food	127.03170	37.49879
울트라멘	food	127.02435	37.50784
움직이는공간	activity	127.03686	37.51203
웅가프라자	shop	127.03289	37.52300
워너비대구	food	127.02779	37.50043
워너비바이오앤코스메틱스	shop	127.02011	37.51678
워너비즈	activity	127.04133	37.51325
워니유니	shop	127.05609	37.48462
워니컴퍼니	activity	127.03505	37.49855
워드로브	shop	127.02292	37.52415
워라밸	bar	127.03045	37.49765
워밍업	bar	127.05336	37.50382
워시앤픽	shop	127.03757	37.49619
워치링	shop	127.03788	37.52743
워치매니아샵	shop	127.04966	37.51561
워치홀릭	shop	127.03634	37.52672
워터피아	shop	127.04772	37.47923
웍셔너리	food	127.03852	37.52394
웍스아웃	shop	127.05916	37.51183
웍스아웃강남	shop	127.03940	37.52638
웍시강남	food	127.03173	37.50024
원	bar	127.03309	37.49827
원	shop	127.03806	37.49620
원갈비	food	127.03032	37.51848
원강	food	127.02406	37.51078
원골프	activity	127.03909	37.49697
원골프아카데미	activity	127.03909	37.49697
원광그린텍주	activity	127.06248	37.51373
원네이쳐	shop	127.06543	37.51066
원닭한마리	food	127.03952	37.49298
원당골	food	127.03784	37.49705
원당구장	activity	127.05487	37.50399
원당뼈다귀감자탕	food	127.03393	37.50085
원더	shop	127.03245	37.51723
원더	shop	127.05902	37.51491
원더랩앤코	bar	127.04094	37.52668
원더뮤직	shop	127.02945	37.52368
원더브라	shop	127.02875	37.49851
원더우먼	shop	127.03945	37.50722
원더플레이스	shop	127.02715	37.50112
원더플레이스	shop	127.05916	37.51183
원더플레이스코엑스	shop	127.05916	37.51183
원두막	shop	127.04639	37.49695
원두막	food	127.02452	37.51900
원디그리노스	food	127.03746	37.51663
원디쉬파스타	food	127.03985	37.51613
원모바일	shop	127.04000	37.49491
원모어	cafe	127.02920	37.50053
원모어미닛커피	cafe	127.03181	37.51526
원미옥	food	127.03289	37.50045
원바디퍼스널트레이닝스튜디오	activity	127.04696	37.52150
원바운스테니스아카데미	activity	127.04887	37.50287
원바이오	shop	127.04010	37.50325
원방스넥	food	127.05394	37.50645
원베이커리	food	127.04744	37.47898
원블랙	food	127.02341	37.50933
원석이네	food	127.03476	37.51002
원스보드게임카페	cafe	127.03677	37.52635
원스스크린골프	activity	127.02789	37.51415
원스에이블	activity	127.03708	37.49093
원스타에프앤비	food	127.04437	37.48285
원스타올드패션드햄버거	food	127.04005	37.52848
원스포츠	shop	127.03617	37.52063
원시스템	shop	127.05425	37.47434
원썸	shop	127.03366	37.50092
원앙떡집	food	127.03776	37.49351
원약국	shop	127.02873	37.52403
원약국	shop	127.07965	37.49434
원업	bar	127.03437	37.51285
원엔건	shop	127.02990	37.49945
원오	food	127.03098	37.49461
원웨이글로벌	shop	127.03476	37.52885
원일식당	food	127.03046	37.52785
원일청과	shop	127.08437	37.49274
원자맘대로	food	127.05628	37.50297
원정요뷰티	shop	127.04851	37.52528
원조감자탕일미집	food	127.03860	37.49652
원조강남원주추어탕	food	127.02571	37.50444
원조골뱅이	food	127.05233	37.50211
원조닭칼국수	food	127.04963	37.47445
원조닭한마리	food	127.04964	37.47451
원조마포소금구이	food	127.02089	37.52299
원조마포소금구이	food	127.06012	37.50604
원조마포소금구이도산점	food	127.03847	37.52459
원조명품진갈비	food	127.04214	37.50479
원조부안집	food	127.02857	37.50017
원조상석안동갈비	food	127.03726	37.50938
원조석이네안동갈비	food	127.03816	37.50793
원조소금구이	food	127.04516	37.47822
원조소금구이	food	127.02483	37.50598
원조식당	food	127.06734	37.48875
원조옛날순대	food	127.02000	37.51907
원조우리생태찌게	food	127.04398	37.50506
원조우미각	food	127.03422	37.51884
원조원대구탕	food	127.04617	37.50472
원조을지로골뱅이	food	127.05729	37.51073
원조초가집	food	127.03958	37.52639
원주추어탕	food	127.03214	37.52856
원천인터내셔널	shop	127.04390	37.51864
원키프로덕션	shop	127.05516	37.51840
원테이블	bar	127.03052	37.49582
원투나인푸드	food	127.03381	37.49819
원투잇	food	127.03415	37.49444
원플라워	shop	127.10080	37.48663
원피앤에스	cafe	127.04307	37.50312
원픽	shop	127.02831	37.49816
원픽	shop	127.02261	37.52171
원픽	food	127.04086	37.51560
원픽	activity	127.05439	37.50531
원하레저주	activity	127.04410	37.49368
원할머니국수보쌈	food	127.02428	37.50714
원할머니보쌈	food	127.06222	37.48275
원할머니보쌈강남구청	food	127.04102	37.51847
원할머니보쌈압구정	food	127.03487	37.52702
원할머니보쌈족발대치	food	127.04473	37.49643
원해분식	food	127.01971	37.51715
원홍푸드청기와타운신사역점	food	127.02036	37.51520
원화랑	shop	127.04838	37.50665
월	shop	127.02919	37.53254
월드	activity	127.05823	37.50945
월드마켓	shop	127.03132	37.49364
월드맛집	food	127.02606	37.51993
월드메거진주	shop	127.02274	37.51638
월드메디칼	shop	127.03837	37.52336
월드분식	food	127.06040	37.49911
월드스포츠가인볼링센타주	activity	127.06537	37.51375
월드전자랜드	shop	127.02662	37.50124
월드전자랜드	shop	127.02806	37.49862
월드컵노래연습장	activity	127.08336	37.48972
월매네주막	bar	127.06227	37.50820
월매네주막	bar	127.02789	37.49991
월미당수서역점	food	127.10184	37.48802
월선네	food	127.02885	37.52656
월스트리트	bar	127.05734	37.50828
월주담화	food	127.05164	37.50293
월참치	food	127.03232	37.49045
월출산	food	127.06472	37.51356
월터워커	shop	127.03574	37.51491
월터워커세로수길점	shop	127.02164	37.52235
월피엠	shop	127.04148	37.51585
월화가든	food	127.03155	37.49437
웨더웍스	shop	127.03757	37.49619
웨딩데니쉐르바이서승연	shop	127.03837	37.50481
웨딩숲	shop	127.03210	37.51541
웨버바베큐클럽강남	shop	127.04575	37.49425
웨스키하우스	food	127.02217	37.51528
웨스턴빌리지	food	127.03883	37.52615
웨스턴차이나	food	127.03145	37.52714
웨스트도어청담점	food	127.03991	37.52400
웨스트사이공주	cafe	127.05916	37.51183
웨얼하우스	shop	127.03817	37.52434
웨이배러브랜즈	shop	127.02062	37.51394
웨이브	bar	127.04007	37.50783
웨이브노래연습장	activity	127.03505	37.49855
웨이브피씨방	activity	127.07652	37.48263
웨이스트스토어	cafe	127.03584	37.52339
웨이커피하우스	cafe	127.04799	37.47999
웨이크앤베이크	food	127.03461	37.52579
웨이크앤베이크갤러리아명품관웨스트	food	127.04005	37.52848
웨이크업커피	cafe	127.03074	37.50073
웨이크업커피	cafe	127.04506	37.51134
웰그린약국	shop	127.05208	37.49734
웰너스	shop	127.04534	37.48455
웰니스라운지헤이원	activity	127.02647	37.52194
웰니스약국	shop	127.04604	37.52676
웰니스웍스	activity	127.05572	37.50472
웰디스	shop	127.03018	37.52076
웰라이프에프앤비	shop	127.04017	37.52543
웰레스트역삼지점	shop	127.03802	37.49394
웰메이드대치지점	shop	127.05952	37.50224
웰믹스티지	shop	127.02438	37.51852
웰빙	food	127.05326	37.49698
웰빙수산	shop	127.07969	37.49157
웰빙텔	stay	127.03534	37.52064
웰스약국	shop	127.02535	37.50513
웰스페이스	shop	127.04870	37.48849
웰씨짐	activity	127.05144	37.49716
웰앤피트니스강	activity	127.03816	37.50793
웰젠	shop	127.04290	37.51200
웰컴	shop	127.03215	37.53147
웰컴미스테익스	stay	127.04548	37.47725
웰컴서울	stay	127.03408	37.50851
웰컴엠에스빈프라임	shop	127.03426	37.50579
웰컴투순대국	food	127.05329	37.49844
웰컴퍼니	shop	127.04575	37.50519
웰컴프로젝트	bar	127.03909	37.52688
웰킨	shop	127.02042	37.51454
웰하임	food	127.04336	37.50209
위꼬모	shop	127.03039	37.49713
위너	food	127.02718	37.50183
위너스	bar	127.02520	37.51706
위너스베네핏	bar	127.02779	37.50043
위니비니코엑스	shop	127.05916	37.51183
위대한냉면	food	127.03790	37.50618
위대한사람들	food	127.03621	37.51054
위더스미디어	shop	127.05013	37.51281
위드	shop	127.02406	37.51117
위드미플러스	shop	127.06630	37.50820
위드박기태뷰티살롱주	shop	127.04513	37.52254
위드뷰티	shop	127.04700	37.47579
위드뷰티스파	shop	127.04513	37.52254
위드비인터내셔널	shop	127.03159	37.51529
위드셀렉트	stay	127.02429	37.50650
위드어반	shop	127.04712	37.50321
위드와이컴퍼니	shop	127.04221	37.52423
위드유	food	127.03075	37.49694
위드윤영	food	127.04189	37.52468
위드저니파트너스	shop	127.04471	37.48415
위드코스메틱스	shop	127.02761	37.52170
위드테니스아카데미	activity	127.05442	37.51216
위드팜바른약국	shop	127.08446	37.48402
위드하우스	stay	127.05144	37.51071
위드헴프	shop	127.02131	37.51795
위디스페이스	shop	127.01965	37.52475
위뜨	shop	127.06080	37.50919
위뜨	shop	127.02763	37.49894
위뜨롯데강남점	shop	127.05326	37.49698
위뜨하우스	shop	127.03276	37.52229
위러브쥬얼리	shop	127.02416	37.51986
위리	shop	127.04163	37.52721
위마들렌빠띠세리청담	food	127.04968	37.52643
위밋	cafe	127.02512	37.51110
위버럭스	shop	127.02808	37.50608
위버빌리지	stay	127.02771	37.50085
위버빌리지	stay	127.02728	37.52478
위벳	shop	127.04346	37.51208
위비스볼빅강남	shop	127.03412	37.49056
위비스뷰어파르나스몰	shop	127.06080	37.50919
위삐	shop	127.05005	37.50576
위샷	activity	127.03459	37.49118
위스키디에이	bar	127.05835	37.50874
위스키앤코	food	127.04643	37.50484
위스키청담	food	127.04204	37.52208
위스키티	bar	127.05353	37.50233
위스퍼바	bar	127.03759	37.52576
위시유	shop	127.02270	37.51863
위시컴퍼니마인드눅	shop	127.05218	37.50587
위시풀	shop	127.05682	37.50737
위싱웰	cafe	127.03683	37.50244
위아더월드	food	127.04097	37.50688
위얼라인	activity	127.02877	37.52166
위와우	shop	127.03414	37.49908
위잉스포츠아카데미	activity	127.03995	37.48776
위즈펫	shop	127.04346	37.51208
위치비앤씨	food	127.02731	37.50263
위캔두	food	127.02145	37.51777
위캔두잇	shop	127.04049	37.51511
위캔딧	food	127.04351	37.48302
위크로스핏양재	activity	127.03572	37.48582
위클리	food	127.05279	37.50423
위클리베이글더청담	food	127.04877	37.52309
위클리베이글도산공원	food	127.03417	37.51992
위키와이든	shop	127.05093	37.50577
위타드청담점	shop	127.03696	37.52465
위트	food	127.03051	37.52571
위트앤미트	food	127.02748	37.50368
위트앤미트현대백화점무역	food	127.05976	37.50862
위펀	shop	127.06624	37.50682
위페드	shop	127.05030	37.47829
위플레이	shop	127.02628	37.52309
위피크	shop	127.02089	37.52299
위핏골프	shop	127.04426	37.50195
윈	food	127.03552	37.52098
윈스커피	cafe	127.05781	37.50866
윈스크린골프	activity	127.06192	37.49335
윈스포츠	shop	127.03642	37.50748
윈썸	food	127.03496	37.48588
윈아이	shop	127.04842	37.49923
윈윈리테일	shop	127.05916	37.51183
윈윈사카구라영업소	shop	127.04662	37.52156
윈윈스포츠서울지사	shop	127.03276	37.52384
윈윈스포츠압구정로데오	shop	127.03989	37.52634
윈윈스포츠코엑스지점주	shop	127.05916	37.51183
윈플러스약국	shop	127.06192	37.49335
윈플레르	shop	127.02800	37.51853
윌라	stay	127.02932	37.51862
윌로뜨	food	127.04341	37.52277
윌로우파크	food	127.03602	37.52295
윌리스스크린골프	activity	127.04501	37.50262
윌비성형외과의원	shop	127.02042	37.51454
윌비에프씨	cafe	127.02083	37.51823
윌선네	food	127.03127	37.49544
윌셔블러바드	food	127.02386	37.52146
윔아트	shop	127.05661	37.50777
윔짐	activity	127.10897	37.47205
윗아웃비자	food	127.03489	37.49294
윙블링	shop	127.02766	37.50002
윙스탑	food	127.02572	37.50337
윙스탑압구정	food	127.03965	37.52389
윙앤딥	food	127.03749	37.52562
윙즈	bar	127.02276	37.51800
유	food	127.04291	37.50451
유가네닭갈비	food	127.02634	37.50165
유가네닭갈비신사가로수점	food	127.02210	37.51777
유가네닭갈비한티역점	food	127.05264	37.49754
유가네밥상	food	127.04769	37.50453
유가네찜닭한티역점	food	127.05264	37.49754
유경이디저트	food	127.08272	37.49156
유기농스킨케어	shop	127.05906	37.49970
유끼스시	food	127.04220	37.49711
유나앤비	shop	127.04612	37.48322
유나이티드갤러리	heritage	127.02804	37.50358
유난희컴퍼니	shop	127.04977	37.52124
유노이아도산	shop	127.03663	37.52483
유노청년다방강남케이	cafe	127.02823	37.49919
유노추보	food	127.02990	37.49945
유니네	food	127.02769	37.50062
유니넷피시방	activity	127.07559	37.49266
유니드마이요거트	cafe	127.02071	37.52078
유니버스율라맘팜	shop	127.05146	37.50425
유니셀프	shop	127.03264	37.50337
유니스케어	shop	127.02046	37.51613
유니스타일	shop	127.05609	37.48462
유니스텔라	shop	127.04350	37.52167
유니아브로우	shop	127.03414	37.50251
유니온	shop	127.03148	37.49098
유니온다이닝	food	127.03032	37.52730
유니온에프앤비	food	127.02976	37.49701
유니온텔레콤	shop	127.05292	37.48911
유니전스	shop	127.04558	37.48223
유니콘체육사	shop	127.05973	37.48360
유니크	bar	127.02935	37.50628
유니크	cafe	127.05744	37.49821
유니크	shop	127.03900	37.50651
유니크스타	shop	127.06591	37.49962
유니팜약국	shop	127.04092	37.52378
유니페어	shop	127.03674	37.52560
유니플러스원	shop	127.05084	37.50353
유다까	food	127.03591	37.51308
유다까푸드카페	food	127.06591	37.49962
유디알지에프	activity	127.04227	37.50055
유디지	shop	127.04824	37.52397
유디지덕시아나	shop	127.04611	37.52653
유디트디자인	shop	127.04652	37.52625
유라	food	127.03736	37.48533
유라코퍼레이션주	shop	127.04898	37.47882
유래안	shop	127.04831	37.51876
유로스커피로스터스	cafe	127.05833	37.50639
유로스커피로스터스	cafe	127.05061	37.50586
유로스커피로스터스	cafe	127.05668	37.50891
유로스커피로스터스센터필드점	cafe	127.04065	37.50279
유로스테이	stay	127.03762	37.49757
유로에프앤비	food	127.02389	37.50728
유로첸트로	shop	127.02165	37.52293
유로포차	food	127.02389	37.50728
유로헬쓰	shop	127.04830	37.50528
유르르	shop	127.02828	37.50729
유리구두	shop	127.02806	37.49862
유리알	shop	127.03665	37.48592
유림복요리	food	127.03658	37.49830
유림에프앤비	food	127.02389	37.50728
유메	bar	127.04305	37.49811
유메르컴퍼니도산지점	shop	127.03709	37.52363
유메오뎅	food	127.02408	37.50765
유메오뎅	food	127.02778	37.50019
유메오뎅신사	food	127.02027	37.51916
유메오뎅압구정로데오	bar	127.03828	37.52571
유모터스	shop	127.03873	37.48622
유미분식	food	127.06765	37.48885
유미카츠	food	127.06031	37.48365
유민신문	shop	127.10466	37.47210
유별	cafe	127.05093	37.47499
유비에이	shop	127.01980	37.51686
유비쿼터스	shop	127.05846	37.50626
유빈네이처	shop	127.04039	37.49194
유사길	bar	127.02548	37.50858
유사나	shop	127.06300	37.49315
유사나헬스사이언스유	shop	127.03773	37.50160
유성정육점	shop	127.02370	37.50929
유성칼국수	food	127.06238	37.49882
유스가	shop	127.04196	37.49377
유스타일	shop	127.03476	37.52885
유스테이논현	stay	127.02607	37.50875
유스트	shop	127.02476	37.51268
유스트코리아	shop	127.06080	37.50919
유승	shop	127.05248	37.49912
유신예상종합지	shop	127.04369	37.50524
유썸	food	127.05074	37.50456
유썸퀴즈노스주	food	127.04152	37.50183
유썸퀴즈노스주	food	127.02458	37.52497
유쏘풀압구정	shop	127.03618	37.52590
유알가로수스토어	shop	127.02262	37.52045
유알보조기	shop	127.03665	37.48592
유알지	shop	127.03639	37.52585
유앤미버스	shop	127.04119	37.52223
유앤미테니스	activity	127.05916	37.49316
유앤아이	bar	127.03979	37.52186
유앤정피부과의원	shop	127.04657	37.52376
유앤컨설팅	activity	127.03709	37.52089
유어바레강남	activity	127.02679	37.50670
유어킹덤컨설팅주	shop	127.03053	37.49848
유어테이스트	shop	127.04586	37.52738
유어프렌즈	activity	127.06285	37.51054
유에이치스위트더강남	stay	127.03045	37.49466
유에이치스위트더선릉	stay	127.04843	37.50499
유에이치플랫시그니처강남	stay	127.03267	37.49838
유엔가든	food	127.04136	37.50288
유엔미	bar	127.03632	37.51649
유엔씨갤러리	shop	127.03208	37.52600
유엔아이티	shop	127.05297	37.52526
유엘체형교정센터	activity	127.03965	37.50496
유엠갤러리	heritage	127.02628	37.52186
유엠씨인베스트먼트	stay	127.03664	37.52738
유연바디랩	activity	127.04876	37.51244
유연정	food	127.07765	37.49421
유온스테이	stay	127.03171	37.49666
유웅지	food	127.03076	37.49475
유유서울	shop	127.02767	37.52067
유의미커피로스터즈	cafe	127.03515	37.49885
유이푸드	food	127.03721	37.50275
유장원보쌈	food	127.03027	37.51333
유정	food	127.07765	37.49421
유정분식	food	127.03415	37.49444
유정산업서비스센터	food	127.05916	37.51183
유정삼겹	food	127.05223	37.50510
유정식당	food	127.02807	37.51837
유진	shop	127.05763	37.52245
유진갤러리	shop	127.04389	37.52640
유진네	food	127.02928	37.53154
유진네	food	127.03215	37.53147
유진약국	shop	127.04510	37.49675
유진와치	shop	127.04075	37.52720
유진쥬얼리	shop	127.03479	37.48801
유진컴퍼니	shop	127.04614	37.48272
유천재	shop	127.07965	37.49434
유캔두잇강남	cafe	127.02738	37.51029
유케이시스템	shop	127.05214	37.47375
유쾌한그집	food	127.05211	37.50163
유쾌한접시	food	127.02131	37.51795
유키즈시	food	127.06548	37.50828
유타	shop	127.03548	37.49047
유타로라멘	food	127.03476	37.50835
유토니글로벌	shop	127.05553	37.50728
유토모	shop	127.05553	37.50728
유투	shop	127.02831	37.49816
유퍼스트미세컨드	shop	127.05543	37.50220
유한약국	shop	127.02720	37.50832
유한책임회사루치걸스	shop	127.04060	37.49678
유한책임회사매나테크	shop	127.02980	37.49506
유한책임회사쿠라리차	shop	127.04060	37.49678
유한책임회사필소굿	food	127.02024	37.51823
유한책임회사하이모청담지점	shop	127.03234	37.52147
유헬스	activity	127.04680	37.51143
육갑	food	127.04080	37.52200
육개옥	food	127.03226	37.50725
육고기떡갈비냉면	food	127.03139	37.49955
육골당	food	127.05957	37.50552
육공모드	shop	127.02326	37.51963
육구공	food	127.02402	37.51932
육군단	food	127.03913	37.52703
육군단언주점	food	127.03840	37.50950
육다시구	cafe	127.02528	37.51775
육대장세곡점	food	127.09803	37.46682
육대장수서역점	food	127.10311	37.48732
육덕등심	food	127.02437	37.50840
육덕패밀리	food	127.02432	37.50854
육랩	food	127.02799	37.50024
육목원	food	127.03071	37.49236
육미당몽산	food	127.02823	37.50009
육미식탁	food	127.05226	37.50168
육미안	food	127.02634	37.50301
육분삼십점	food	127.03873	37.50197
육브로	shop	127.03414	37.49908
육사공	stay	127.03406	37.49868
육색찬란	food	127.03933	37.51753
육성급	food	127.05498	37.50769
육성급	food	127.05471	37.50837
육수당강남	food	127.10301	37.47267
육식사관학교	food	127.03621	37.51054
육일랑	shop	127.04695	37.49898
육전국밥	food	127.02858	37.49965
육전국밥	food	127.04756	37.50697
육전국밥논현역점	food	127.02367	37.50713
육전국밥삼성봉은사역점	food	127.06468	37.51477
육전국밥학동역점	food	127.02955	37.51405
육전식당	food	127.03491	37.49907
육즙관리소양재역점	food	127.03426	37.48584
육즙주의보	food	127.03329	37.49466
육초참치강남	food	127.04225	37.51571
육칠팔딜리버리	food	127.02518	37.51070
육파장	food	127.04658	37.50324
육판장	food	127.06295	37.49388
육화몽	food	127.02283	37.51024
육회관블랙	food	127.02068	37.51877
육회담	food	127.02068	37.51877
육회바른연어	food	127.03338	37.49582
육회바른연어강남	food	127.05180	37.50108
육회바른연어논현아크로힐스점	food	127.03840	37.50950
육회바른연어양재비엔피점	food	127.03594	37.48559
육회바른연어포스코	food	127.05450	37.50774
육회앤두잇	food	127.02291	37.51507
육회야문연어대치클래시아점	food	127.06035	37.49368
육회왕자연어공주	food	127.08734	37.49088
육회왕자연어공주매봉점	food	127.04597	37.48488
육회이야기	food	127.03911	37.49301
육회천지	food	127.02228	37.51640
육회한집샤브	food	127.05285	37.50365
육회한차돌	food	127.04076	37.50093
윤가	activity	127.03139	37.52111
윤가양꼬치	food	127.04312	37.50460
윤가양꼬치	food	127.02388	37.50811
윤고깃집	food	127.03684	37.49061
윤곤	shop	127.04908	37.52012
윤곽지온청담점	activity	127.04915	37.52349
윤나훈수학연구소	shop	127.05903	37.50053
윤달	cafe	127.02822	37.50999
윤당아트홀	heritage	127.03373	37.52566
윤대감빈대떡	food	127.02976	37.49701
윤도연	shop	127.04533	37.48731
윤마키	shop	127.02882	37.52266
윤미네	shop	127.04139	37.51780
윤미식당	food	127.02344	37.52408
윤블	shop	127.05130	37.48803
윤서울	food	127.03897	37.52413
윤선생영어교실개포	shop	127.06684	37.48869
윤성꽃집	shop	127.06729	37.47607
윤스키친	food	127.08978	37.48484
윤스테이삼성	stay	127.05287	37.51494
윤슬	stay	127.10503	37.47477
윤식당	food	127.02841	37.53229
윤식당	food	127.06368	37.50101
윤식당	food	127.03131	37.52126
윤쓰패밀리	food	127.06547	37.51442
윤에프에스	food	127.04599	37.51051
윤의	shop	127.03607	37.51254
윤이네	food	127.04947	37.47436
윤잇	food	127.02592	37.52266
윤준희임대	stay	127.02941	37.49531
윤채네김치찌개삼겹살	food	127.04541	37.49618
윤트립	shop	127.03945	37.50337
윤포차	bar	127.03765	37.50307
윤하수제옛날돈가스	food	127.03355	37.48983
윤화돈까스	food	127.04308	37.49345
윤화돈까스기사식당	food	127.04305	37.49338
윤희네	shop	127.02407	37.50864
윤희앤컴퍼니주	food	127.02317	37.52114
율	bar	127.05696	37.50979
율	food	127.05696	37.50979
율꽃스튜디오	shop	127.04911	37.50343
율리아어패럴	shop	127.02437	37.50726
율스테이	stay	127.04485	37.51312
율현	activity	127.11864	37.47031
율현공원	nature	127.11570	37.47250
율현푸줏간	shop	127.10732	37.47380
융선양고기	food	127.03465	37.50070
으뜸	food	127.05185	37.48692
으뜸김치찜	food	127.03139	37.49955
으뜸스시	food	127.05329	37.49779
으뜸스시신사	food	127.02145	37.51777
으뜸육회	food	127.03437	37.49452
으뜸청담맛집	food	127.04247	37.51838
으뜸플러스	shop	127.03372	37.49398
으뜸플러스강남	shop	127.02123	37.51768
으뜸플러스안경	shop	127.05311	37.49773
으리	food	127.08602	37.49056
은경힐스포레	shop	127.06318	37.50069
은곡마을공원	nature	127.10048	37.46811
은곡빵집	food	127.09760	37.46681
은곡상회	food	127.10073	37.46636
은광롯데강	shop	127.05326	37.49698
은마골	bar	127.06218	37.49902
은마골프존	activity	127.06299	37.49918
은마붕어빵델리만쥬	food	127.06591	37.49962
은마상사	shop	127.05096	37.52367
은마서적유	shop	127.06719	37.49601
은마식당	food	127.06719	37.49601
은마안경	shop	127.06719	37.49601
은마옥수수	shop	127.06591	37.49962
은마이바지	shop	127.06853	37.49638
은마전	shop	127.06591	37.49962
은마죽집	food	127.06274	37.49580
은마중고명품	shop	127.06591	37.49962
은마참떡	food	127.03987	37.48759
은마트라이	shop	127.06591	37.49962
은므아쏭	shop	127.03215	37.50707
은소네	shop	127.09917	37.46793
은실이포차	bar	127.03233	37.50833
은약국	shop	127.05427	37.51060
은연아카이브	shop	127.05612	37.51037
은온누리약국	shop	127.03350	37.51448
은우	food	127.03464	37.50856
은우더블랙도산점	food	127.03730	37.52161
은월압구정	bar	127.03888	37.52792
은월압구정로데오포차	bar	127.03888	37.52792
은율네	food	127.05470	37.48541
은이네백반집	food	127.10729	37.46399
은작	shop	127.08314	37.49363
은정야채，반찬	shop	127.02841	37.53229
은주네분식	food	127.02364	37.50943
은탑산업개발호텔포레힐지점	stay	127.02365	37.51207
은탑플래닝	cafe	127.01980	37.51686
은하	food	127.06856	37.49569
은하수면옥	food	127.06533	37.51216
은하수플라워	shop	127.10630	37.47370
은행골신사	food	127.02276	37.51800
은행나무집	food	127.04639	37.50541
은혜약국	shop	127.10184	37.48802
은혜의뜰	cafe	127.02626	37.52404
은호모피	shop	127.05200	37.48887
은화계	food	127.02523	37.51816
을밀대	food	127.03007	37.49554
을지다락	food	127.03570	37.52620
을지다락강남	food	127.02878	37.49995
을지로골뱅이	food	127.05888	37.49294
을지로골뱅이	bar	127.05483	37.50428
을지로골뱅이	bar	127.06866	37.49783
을지로골뱅이	bar	127.05574	37.51085
을지로골뱅이	bar	127.02570	37.50424
을지로골뱅이앤치킨	bar	127.08652	37.49318
을지사거리이디야커피숍	cafe	127.02943	37.51939
을지순대국	food	127.05347	37.50404
음로바다야끼	food	127.02560	37.51785
음마	food	127.04343	37.50482
음매점	food	127.04648	37.49590
음세이로무시	food	127.02454	37.51717
음악담요	food	127.05465	37.50984
음악한잔	food	127.04656	37.50455
음컴퍼니	food	127.04548	37.48468
응그레	food	127.04707	37.50649
응급실국물떡볶이	food	127.03712	37.50295
응수수산	food	127.02066	37.51744
의령전원투	food	127.05451	37.50466
의류	shop	127.06591	37.49962
의정부도연부대찌개	food	127.04476	37.48433
의정부부대찌개	food	127.05940	37.50509
의정부부대찌개	food	127.06420	37.51397
의정부오뎅부대찌개청담점	food	127.05584	37.52337
의정부원조부대찌게	food	127.06152	37.48267
이가네김밥마을	food	127.08256	37.49083
이가네양갈비양꼬지	food	127.05689	37.51079
이가네양꼬치	food	127.05230	37.50349
이가네양꼬치	food	127.04743	37.50576
이가네양꼬치	food	127.03478	37.48541
이가네양꼬치	food	127.05817	37.50557
이가네양꼬치강남	food	127.03686	37.51690
이가네양꼬치양갈비	food	127.03772	37.52792
이가든	bar	127.05856	37.50253
이가미	shop	127.04487	37.50375
이가원항아리수제비	food	127.04210	37.48504
이가원항아리수제비	food	127.02882	37.51439
이강	shop	127.05736	37.52061
이곧	food	127.04284	37.51465
이공이공	food	127.04524	37.52451
이공일사컴퍼니	food	127.04669	37.51081
이구펍	bar	127.02606	37.50374
이글파이브유동화제일차	shop	127.10307	37.48812
이글퍼포밍센터	shop	127.04968	37.52643
이기니스	shop	127.10376	37.48707
이길이구갤러리	shop	127.02148	37.51975
이김파트너스	bar	127.02526	37.50526
이끼	bar	127.04205	37.51342
이끼롤까스가로수길	food	127.02447	37.51876
이남장	food	127.06446	37.51360
이내이처	shop	127.03104	37.49185
이너뷰티랩	shop	127.04694	37.52322
이너프	shop	127.02806	37.49862
이너프도산지점	food	127.03612	37.52688
이너프원	shop	127.03159	37.51529
이노덴트	shop	127.04637	37.50521
이노무브그룹	shop	127.04855	37.50294
이노스텔레콤주	shop	127.06753	37.48914
이노스플레이어스	activity	127.05533	37.51891
이노아이	shop	127.05916	37.51183
이노웨딩프리미엄	shop	127.04830	37.52127
이노텍	shop	127.05121	37.50234
이노트레이드	shop	127.05460	37.50663
이노티엔비	shop	127.02888	37.51388
이니셜	shop	127.01951	37.51747
이니셜에프엔비	shop	127.02990	37.49945
이니스와플	food	127.04698	37.50597
이니스프리도심	shop	127.05945	37.50963
이니스프리코엑스점	shop	127.05922	37.51192
이닛	food	127.02866	37.51668
이닝	food	127.04126	37.52235
이담	food	127.03859	37.52773
이담공방	cafe	127.04106	37.51495
이담약국	shop	127.05204	37.49877
이대성의진면목	food	127.05714	37.51023
이대팔쭈꾸미	food	127.02438	37.50696
이덕아이앤씨알레르망	shop	127.02888	37.51388
이데아성형외과	shop	127.02800	37.51910
이덱스	shop	127.10311	37.48732
이도	bar	127.03827	37.49640
이도건강약국	shop	127.05800	37.50959
이도수라상	food	127.03843	37.50335
이도컴퍼니티앤디	shop	127.02423	37.51123
이도푸드	food	127.03843	37.50335
이도플랫폼	shop	127.04697	37.50639
이동국축구교실	activity	127.06126	37.51402
이동자	food	127.05742	37.52126
이두부야순두부찌개	food	127.02811	37.51238
이두블루커피컴퍼니	cafe	127.04065	37.49560
이든안경	shop	127.03552	37.50616
이디아커피	cafe	127.08162	37.49040
이디야	cafe	127.04055	37.49584
이디야	cafe	127.02145	37.51777
이디야	cafe	127.03312	37.51500
이디야	cafe	127.03007	37.49554
이디야	cafe	127.04819	37.50377
이디야	shop	127.03299	37.51047
이디야강남나누리	cafe	127.03370	37.52051
이디야강남원에디션점	cafe	127.03816	37.50793
이디야개포동역점	cafe	127.06745	37.48856
이디야논현	cafe	127.02811	37.51408
이디야도산	cafe	127.03617	37.52063
이디야삼	cafe	127.05947	37.50685
이디야삼성	cafe	127.06303	37.50039
이디야압구정현대점	cafe	127.03074	37.52800
이디야역삼	cafe	127.04287	37.50035
이디야점	cafe	127.03524	37.50180
이디야청담	cafe	127.05039	37.52487
이디야충현교회점	cafe	127.03634	37.50376
이디야커피	cafe	127.07765	37.49421
이디야커피	cafe	127.04303	37.48241
이디야커피	cafe	127.03572	37.50993
이디야커피강남	cafe	127.05240	37.50129
이디야커피강남도산점	cafe	127.03149	37.52229
이디야커피강남율현점	cafe	127.10786	37.47355
이디야커피강남행복	cafe	127.10332	37.46118
이디야커피삼성	cafe	127.06506	37.51043
이디야커피압구정로데오역점	cafe	127.03883	37.52754
이디야커피역삼월드점	cafe	127.04799	37.49856
이디야커피청담역점	cafe	127.04914	37.52006
이디야커피학동제마점	cafe	127.03365	37.51312
이디야커피한티역점	cafe	127.05611	37.49795
이디플레이	shop	127.05765	37.50086
이디피에스	food	127.04433	37.52480
이따리아나	shop	127.05326	37.49698
이따리아나현대	shop	127.02747	37.52737
이래리	food	127.03870	37.51814
이랜드리테일스타필드코엑스	shop	127.05916	37.51183
이랜드월드	shop	127.02662	37.50124
이랜드월드패션주	shop	127.02727	37.49951
이랜드월드패션코엑스	shop	127.05916	37.51183
이랜드이츠애슐리퀸즈	food	127.03095	37.49222
이레	shop	127.02806	37.49862
이레서적	shop	127.04022	37.52722
이레푸드시스템	shop	127.03739	37.49030
이레플라워	shop	127.03358	37.49233
이로남성갤러리아웨스트	shop	127.04005	37.52848
이로이	shop	127.04968	37.52643
이록	shop	127.04636	37.48275
이롬플러스카페로쥬강남	cafe	127.06348	37.50449
이롬헬스케어서울사무소	shop	127.06348	37.50449
이루다미붙임머리	shop	127.03559	37.50899
이루다씨앤씨	shop	127.04826	37.47730
이루다프랩	shop	127.05185	37.48692
이루리	shop	127.08177	37.49417
이루짐피티샵	activity	127.05830	37.50428
이룬다컴퍼니	shop	127.05835	37.50874
이룰	shop	127.02398	37.50918
이룸	shop	127.02048	37.52058
이룸	shop	127.03537	37.49482
이룸디자인스킨가로수점	shop	127.02261	37.52171
이룸디자인스킨동탄타임	shop	127.02503	37.50463
이름없는파스타	food	127.02756	37.50255
이름없는파스타	food	127.05994	37.49996
이름없는파스타한티역점	food	127.05441	37.49780
이리스	shop	127.04665	37.52261
이마	food	127.02062	37.51394
이마스시	food	127.03002	37.52363
이마트	shop	127.04842	37.49923
이마트노브랜드강남한티역점	shop	127.05237	37.49807
이마트에브리데이	shop	127.09498	37.47192
이마트에브리데이세곡점	shop	127.10124	37.46576
이맛	food	127.05734	37.51030
이매지너리디멘션	bar	127.05947	37.50685
이맥스서점	shop	127.05870	37.49560
이메진	food	127.01945	37.51788
이명환오메기랑떡이랑	food	127.01965	37.52475
이모가있는집	food	127.03806	37.51721
이모네	food	127.03654	37.50648
이모네	food	127.06796	37.48924
이모네	food	127.02691	37.51021
이모네	bar	127.02428	37.51042
이모네	food	127.04102	37.52536
이모네김밥	food	127.05609	37.48462
이모네로	food	127.02561	37.50968
이모네뭉티기	food	127.05783	37.50847
이모네반찬	shop	127.08243	37.49110
이모네밥집	food	127.05163	37.49958
이모네분식	food	127.03776	37.49351
이모네손칼국수	food	127.04450	37.49635
이모네왕곱창	food	127.02386	37.50749
이모네전집	bar	127.05427	37.50801
이모네정육식당	food	127.08468	37.49011
이모왕곱창	food	127.02386	37.50749
이모티아	food	127.05961	37.50264
이모푸드	shop	127.03213	37.52338
이문원한의원	activity	127.04390	37.51864
이문원헤어랩	shop	127.04390	37.51864
이뮤노팜	shop	127.04515	37.49398
이미지서포터즈브이백	shop	127.03066	37.51947
이바담바이논현	food	127.03866	37.51144
이바우펫	shop	127.06115	37.50703
이방인혼술바서울	food	127.02359	37.50871
이백	food	127.04195	37.50126
이백집	food	127.08148	37.49066
이벨라플로	shop	127.07499	37.49570
이벳르블랑	shop	127.02685	37.50392
이보텍	shop	127.07965	37.49434
이복희해장	food	127.05279	37.50423
이봉	food	127.06282	37.50659
이불덮밥	food	127.02714	37.52549
이브	shop	127.02806	37.49862
이브니에	shop	127.02806	37.49862
이브자리주	shop	127.06040	37.51531
이브자리코디센	shop	127.05176	37.49803
이브컴퍼니	shop	127.05763	37.52245
이브포랩	shop	127.05261	37.49886
이비가짬뽕대치	food	127.06456	37.49980
이비에이치	shop	127.05678	37.50949
이비티	food	127.02422	37.52079
이쁘다눈	shop	127.03857	37.52496
이사공	food	127.04062	37.50960
이사칠	shop	127.02205	37.51604
이삭버거한티역키친	food	127.05429	37.49801
이삭안경원	shop	127.08831	37.49133
이삭장터	shop	127.10154	37.46105
이삭토스트	food	127.08243	37.49110
이삭토스트	food	127.05886	37.49986
이삭토스트개포동역점	food	127.06885	37.48930
이삭토스트서울	food	127.05007	37.50291
이삭토스트서울대치역점	food	127.06292	37.49394
이삭토스트수서점	food	127.10311	37.48732
이삭토스트양재역점	food	127.03728	37.48558
이산	shop	127.02803	37.49866
이삼성약국	shop	127.08181	37.48927
이선	shop	127.05316	37.50474
이선영한복	shop	127.03898	37.51743
이선옥청담떡방	cafe	127.04518	37.51817
이성민한복	shop	127.04240	37.52478
이세미플러스	shop	127.06591	37.49962
이세븐	bar	127.05363	37.50708
이세이미야케	shop	127.02747	37.52737
이소룡마라탕	food	127.06266	37.49458
이속우화천공	food	127.02810	37.52534
이송희보컬레슨학원	activity	127.04690	37.50576
이수리테일	shop	127.03463	37.52656
이수미에어비앤비	stay	127.02948	37.49773
이수부	food	127.03801	37.49097
이수쭈꾸미	food	127.03622	37.52706
이스케이프	activity	127.02165	37.52293
이스트바이이스트	bar	127.05075	37.47215
이스트서울	food	127.03556	37.52636
이스트옥션	shop	127.04726	37.50506
이스틴플라워	shop	127.04303	37.48241
이슬향기플라워압구정역지점	shop	127.02849	37.52643
이승남의꽃과빵	food	127.02919	37.53254
이승재참치	food	127.05211	37.50257
이승현한복	shop	127.04503	37.52611
이시스	shop	127.04184	37.52791
이시스커피	cafe	127.02172	37.51205
이신우	shop	127.04131	37.51719
이신우선릉	shop	127.04895	37.50450
이십사절기	food	127.03117	37.52193
이씨랩	shop	127.03755	37.52895
이씨엠인터내셔널	food	127.05394	37.47632
이씨자이크	shop	127.04689	37.52283
이아	food	127.03628	37.51620
이아컵케이크	food	127.03953	37.51426
이안	bar	127.02126	37.52257
이안안경원	shop	127.05272	37.49537
이안애	cafe	127.03146	37.50051
이안앤	shop	127.02062	37.51394
이안코커피	cafe	127.06287	37.50429
이앤강파트너스	cafe	127.02752	37.51046
이앤드비	activity	127.03479	37.52853
이앤박모바일	shop	127.08137	37.49020
이앤씨	shop	127.05326	37.49698
이앤아이트레이딩	shop	127.02184	37.51310
이앤이프로젝트	food	127.04076	37.50093
이앤장메디칼	shop	127.05471	37.47428
이앤젯스포츠컴퍼니	activity	127.03460	37.51331
이어도뚝배기	food	127.04100	37.49141
이어라인	activity	127.02854	37.51178
이에고	food	127.04575	37.48497
이에르로르	shop	127.03413	37.52858
이에스모바일	shop	127.03807	37.52817
이에스씨	cafe	127.03984	37.50343
이에스원	shop	127.03430	37.49964
이에스지컴퍼니	shop	127.04526	37.50380
이에스티	shop	127.04506	37.52359
이에스피컴퍼니	shop	127.05824	37.50605
이에이골프	shop	127.03499	37.51422
이에이치엠	food	127.01861	37.52390
이에프이압소바	shop	127.05976	37.50862
이에프쥐	shop	127.04122	37.51063
이엔씨	shop	127.05326	37.49698
이엔에스씨스터즈	activity	127.05548	37.50809
이엔에프시스템	shop	127.03481	37.50369
이엔투	shop	127.05008	37.47761
이엘씨에이한국	shop	127.02862	37.49705
이엘씨에이한국르라보가로수길	shop	127.02192	37.52177
이엘앤케이	shop	127.05374	37.50216
이엘포레스트	food	127.03201	37.49240
이엠엠	shop	127.03424	37.52574
이여곰탕	food	127.03610	37.49879
이여곰탕강남삼성	food	127.05503	37.51062
이여사한식	food	127.03519	37.50542
이영주콜렉션주	shop	127.03654	37.52323
이영희컬렉션	shop	127.02351	37.52435
이오	food	127.05916	37.49316
이오	shop	127.04195	37.50126
이오니플라워	shop	127.03842	37.50953
이오복순대국	food	127.06591	37.49962
이오스타강남지사	shop	127.03378	37.48850
이오앤의류	shop	127.05868	37.47767
이온토코메드아시아	shop	127.03077	37.52410
이웃집통통이	food	127.03878	37.52731
이원다이애그노믹스강	activity	127.05995	37.49816
이월	cafe	127.03893	37.52071
이월드쥬얼리로이드강	shop	127.02736	37.49936
이월작업실	shop	127.03104	37.49185
이유에프앤비	food	127.03709	37.52089
이유엔	shop	127.02070	37.52155
이유진갤러리	shop	127.04764	37.52630
이유트레이딩컴퍼니	shop	127.03489	37.49433
이윤서의맛있는팔도밥상	food	127.03866	37.49479
이음	shop	127.05763	37.52245
이음길에프앤비	food	127.04974	37.50629
이음삼성	shop	127.05353	37.51115
이이삼	shop	127.03481	37.49706
이이즈	shop	127.04620	37.48396
이인성아트센터	shop	127.03884	37.52357
이일이공구	cafe	127.03493	37.51680
이자까야탄	food	127.02970	37.49649
이자벨라	shop	127.04416	37.51009
이자벨마랑갤러리아압구정	shop	127.04005	37.52848
이자벨마랑현대무역점	shop	127.05976	37.50862
이자벨마랑현대백화점	shop	127.02747	37.52737
이자카야미주강남	food	127.03096	37.49482
이자카야우규	food	127.03314	37.50136
이자카야우규	food	127.02068	37.51877
이자카야우규	food	127.03093	37.49295
이자카야잔잔	food	127.05356	37.50389
이자카야잔잔삼성동	food	127.05627	37.50978
이자카야잔잔신사	food	127.02276	37.51800
이자카야찬논현	bar	127.03289	37.51023
이자카야화분	food	127.02152	37.51893
이장군카레와	food	127.03486	37.51240
이정갤러리	shop	127.05916	37.51183
이정운도산대로점	food	127.02516	37.51794
이제만나	food	127.03712	37.50295
이제이블룸	shop	127.02908	37.52042
이제이비코퍼레이션	food	127.05565	37.51121
이제이비코퍼레이션	food	127.03034	37.49581
이제이아트	shop	127.04345	37.50888
이제이코퍼레이션	shop	127.03946	37.52657
이조떡방	food	127.06591	37.49962
이조뼈찜감자탕	food	127.03512	37.51009
이조식당	food	127.10184	37.48802
이조식당	food	127.06476	37.51310
이주보석	shop	127.05820	37.51099
이즈	food	127.02742	37.52571
이즈골프존파크	activity	127.06791	37.49910
이즈나나	shop	127.02271	37.52323
이즈미	food	127.03298	37.52702
이즈약국	shop	127.02946	37.52343
이즈컴퍼니	shop	127.02558	37.51729
이즈타워약국	shop	127.02806	37.49862
이지게코	shop	127.06235	37.50010
이지골프스튜디오	activity	127.05843	37.49783
이지나	shop	127.02113	37.52237
이지상사카메오	food	127.04364	37.50967
이지스트링	shop	127.03412	37.49056
이지앤스토리	food	127.03437	37.51306
이지앤픽당당미트	food	127.03551	37.50703
이지앤픽픽잇	food	127.03551	37.50703
이지앤픽황장금	food	127.03551	37.50703
이지에프앤비	food	127.04821	37.52325
이지컴퍼니	activity	127.04950	37.51540
이지테니스	activity	127.03412	37.49056
이지테니스	activity	127.03318	37.50801
이지팝메디	shop	127.04747	37.50493
이지함에스테틱	shop	127.04256	37.52395
이지함화장품주	shop	127.02564	37.51903
이집닭강정잘하네강남	food	127.03421	37.50857
이찌준	food	127.03563	37.49264
이차	bar	127.04134	37.52256
이창영참치	food	127.03007	37.49554
이천가든	food	127.05916	37.51183
이천상회	shop	127.03933	37.52487
이천쌀밥	food	127.03305	37.48928
이천오	bar	127.02720	37.51009
이초콜릿커피	cafe	127.03665	37.49443
이츠돈까스	food	127.03132	37.52347
이층고깃집	food	127.04071	37.51598
이층엔약국	shop	127.10470	37.47530
이층집닭도리탕	food	127.02348	37.50885
이치규	food	127.05862	37.50571
이치규강남	food	127.02661	37.50355
이치동	food	127.04855	37.50294
이치서울	cafe	127.02053	37.51927
이치에	food	127.03770	37.52543
이치즈	food	127.05266	37.51218
이카리	food	127.04420	37.50500
이캐슬	shop	127.04675	37.50424
이컴퍼니	bar	127.03388	37.49906
이케이푸드	food	127.03566	37.50162
이코복스커피	cafe	127.05916	37.51183
이코복스커피스튜디오	cafe	127.02225	37.52114
이코복스커피스튜디오글래드호텔점	cafe	127.06455	37.50883
이코스맥	shop	127.04139	37.51780
이코이	food	127.04323	37.49405
이크네	food	127.03681	37.52410
이타카	food	127.03632	37.52786
이탈로모토지점	shop	127.02853	37.52130
이태리다방	cafe	127.03821	37.49464
이태리부대찌개	food	127.05007	37.50291
이태리부대찌개	food	127.03052	37.49582
이태리부대찌개	food	127.05610	37.51100
이태리부대찌개	food	127.03493	37.49938
이태리부대찌개	food	127.03229	37.51568
이태리부대찌개	food	127.02283	37.51648
이태리부대찌개	food	127.04228	37.51036
이태리부대찌개삼성봉은사역점	food	127.06490	37.51451
이태리식당	food	127.03681	37.52618
이태리일원	food	127.08300	37.48986
이터너발효커피	cafe	127.02806	37.49862
이터널	shop	127.05040	37.51192
이터널그룹	shop	127.03515	37.52607
이트리오	cafe	127.02614	37.50332
이트앤토크	food	127.04775	37.52759
이튼	shop	127.05945	37.50963
이티유인터내셔널	shop	127.05491	37.52057
이파리	shop	127.03302	37.50311
이편한레지던스	stay	127.05926	37.50372
이프	bar	127.03414	37.49908
이프로바둑	activity	127.07510	37.49575
이프바이오	shop	127.04107	37.50543
이피아이	cafe	127.04255	37.50914
이필녀국밥	food	127.03492	37.50335
이한커피	cafe	127.04233	37.49678
이향	food	127.05678	37.50909
이현	shop	127.02229	37.51374
이현어패럴	shop	127.02773	37.52191
이현준골프	activity	127.03451	37.52793
이현진컴퍼니	shop	127.02062	37.51394
이현희	bar	127.03007	37.49554
이화	shop	127.05206	37.51121
이화	shop	127.03636	37.49798
이화국악사	shop	127.05016	37.47333
이화수전통육개장	food	127.03574	37.49902
이화수전통육개장	food	127.05917	37.50632
이화약국	shop	127.04465	37.52297
이화옥	food	127.05695	37.51000
이화피플	shop	127.03778	37.50886
이효미에스테틱	shop	127.03725	37.52601
익스퀴진	food	127.04967	37.52105
익스프레스	bar	127.04915	37.50520
인	bar	127.03799	37.52675
인갤러리	shop	127.02578	37.52179
인기급상승떡볶이강남	food	127.03353	37.50202
인노바드주	shop	127.06404	37.50513
인뉴욕	food	127.03623	37.52301
인더노우	shop	127.02796	37.51577
인더키친몽뜨레셰프청담	food	127.04329	37.52403
인덕원비빔국수	food	127.02584	37.51914
인덕티브랩	shop	127.03162	37.51084
인도네시아상공회의소한국협의회	food	127.05345	37.51415
인도야시장	food	127.02806	37.50010
인동에프엔리스트테헤란로점	shop	127.04704	37.50355
인동에프엔쉬즈미스선릉	shop	127.05218	37.50587
인동에프엔시스티나선릉	shop	127.04830	37.50528
인동에프엔코엑스	shop	127.06080	37.50919
인드라망아트컴퍼니	shop	127.06080	37.50919
인디션파워	shop	127.03537	37.49482
인디션파워	shop	127.04506	37.52359
인디아나호프	bar	127.04136	37.52184
인디아더르바르	food	127.05882	37.50565
인디에프	shop	127.05916	37.51183
인디에프	shop	127.06314	37.50763
인디텍스바스트고드	shop	127.06103	37.51035
인딕슬로우	food	127.02033	37.52190
인량훠궈	food	127.02123	37.51405
인모어뷰티	shop	127.04620	37.50440
인미소	bar	127.03765	37.52595
인벡스아이앤씨주	cafe	127.03786	37.52587
인비즈코퍼레이션	shop	127.04412	37.52331
인비트	shop	127.04139	37.51780
인비트윈	shop	127.03593	37.51635
인사이드	cafe	127.04267	37.49900
인사이드	cafe	127.03234	37.49197
인사이트디자인랩	shop	127.04208	37.52306
인생노래바	bar	127.05795	37.50934
인생맛찜	food	127.03135	37.51897
인생식당	food	127.03103	37.52808
인생아구찜	food	127.04060	37.51669
인생아구찜	food	127.04923	37.47521
인생은밥이다	food	127.03654	37.50337
인생제육	food	127.03217	37.49440
인생족발	food	127.03352	37.50972
인생치밥숯불치킨강남	food	127.03525	37.50890
인생카츠	food	127.03103	37.52808
인선약국	shop	127.03919	37.52202
인성내추럴	shop	127.10364	37.47049
인성참치	food	127.05656	37.50916
인셀덤	shop	127.03738	37.50763
인셀덤알지	shop	127.05132	37.48737
인송정보통신	shop	127.04866	37.47875
인스타성형외과의원	shop	127.02764	37.49891
인스테이	stay	127.03614	37.50902
인스테이양재역점	stay	127.03463	37.48620
인쌩맥주	bar	127.03328	37.49761
인아트강주	shop	127.02768	37.51332
인앤아웃청담골프스튜디오	activity	127.04240	37.52426
인어스휘트니스	activity	127.06071	37.51459
인엔디자인웍스주	shop	127.04826	37.52189
인영아트센터	shop	127.02998	37.50299
인온	shop	127.02973	37.49465
인자비화원	shop	127.06729	37.47607
인정에프엔비	food	127.03846	37.50301
인정피앤피	shop	127.08411	37.48997
인조이키친	food	127.09537	37.47199
인카리스	shop	127.03745	37.51411
인카리스	shop	127.02640	37.51791
인케이	cafe	127.04916	37.50560
인큐박스	shop	127.05860	37.51024
인큐텐	shop	127.04384	37.50197
인타운커피	cafe	127.02253	37.51651
인타코	food	127.05338	37.49924
인터내셔날본산유	food	127.05301	37.48719
인터내셔널티컴퍼니	cafe	127.04776	37.52496
인터렉트	cafe	127.02489	37.50648
인터뱅세계주류논현	shop	127.03495	37.51435
인터카페	food	127.04658	37.50324
인터케이주	shop	127.06348	37.50449
인터텔	stay	127.06263	37.50628
인터트레이드앤테크놀로지스	shop	127.02699	37.52144
인터플랜트	shop	127.05553	37.50728
인테그랄레	food	127.02183	37.51600
인테리어살림	shop	127.02337	37.52360
인투	shop	127.05166	37.50061
인투더다이닝	food	127.06063	37.50006
인투더키친	shop	127.06606	37.50899
인트라슈티컬스	shop	127.03104	37.49185
인트로	bar	127.02878	37.52050
인트로케이	shop	127.04179	37.50932
인퍼니스주	shop	127.04730	37.52371
인포레	shop	127.04031	37.51019
인포멀웨어	shop	127.02726	37.51747
인포트	activity	127.04911	37.50303
인풋그룹	bar	127.04034	37.52507
인프라	bar	127.03148	37.49379
인피니	shop	127.04730	37.52371
인피니디어소시에이츠알마튜나	food	127.04575	37.48497
인핏	shop	127.04364	37.51188
인핸즈	food	127.03918	37.52438
인화꽃방	shop	127.03347	37.50578
일곱시떡집	food	127.02385	37.50947
일곱잔	food	127.02228	37.51785
일공	food	127.06521	37.51597
일공중식	food	127.06521	37.51597
일구칠일	shop	127.02970	37.49649
일도생활건강	shop	127.03602	37.50513
일도씨패밀리	food	127.06266	37.49458
일두한우정육식당	food	127.03649	37.50951
일두한우정육점	shop	127.03649	37.50951
일등마트	shop	127.04877	37.47910
일등추어탕	food	127.04483	37.50799
일랑일랑	shop	127.03673	37.50583
일렉트로룩스프로페셔널	shop	127.03651	37.50002
일루	food	127.04696	37.51193
일루션	shop	127.04035	37.50740
일리악	shop	127.04843	37.52278
일리있는	food	127.04662	37.49594
일리카페두산건설점	food	127.03520	37.51938
일리카페선릉저스트코	food	127.05428	37.50652
일마레	shop	127.05712	37.51295
일무	shop	127.02639	37.52250
일미식당	bar	127.04565	37.49563
일미식당	food	127.10930	37.46541
일미쌈밥	food	127.06533	37.51216
일미원	food	127.09967	37.48608
일번지	food	127.10563	37.48798
일번지	food	127.04298	37.50486
일번지식당	food	127.03859	37.52773
일번지약국	shop	127.03039	37.49713
일산칼국수	food	127.04658	37.50324
일산칼국수	food	127.04076	37.50093
일상로망	shop	127.06719	37.49601
일상비일상의틈	etc	127.02677	37.50059
일상에프앤씨	food	127.03386	37.49591
일상의외식	food	127.02829	37.51284
일상하나	shop	127.04504	37.51844
일성당	shop	127.08447	37.49250
일심농원	shop	127.11080	37.46469
일억조해장국	food	127.06552	37.51167
일언족발	food	127.03658	37.50903
일언주먹고기	food	127.08354	37.48977
일우별관	food	127.06552	37.51167
일원건강원	shop	127.08311	37.49151
일원마트	shop	127.08238	37.49435
일원미래점세븐일레븐	shop	127.08485	37.49218
일원반점	food	127.08480	37.48553
일원산곰장어	food	127.08184	37.48996
일원스테이	stay	127.08703	37.49243
일원시장약국	shop	127.08734	37.49211
일원야채	shop	127.09100	37.49315
일원약국	shop	127.08268	37.48519
일원에코파크	nature	127.08730	37.49510
일원엠티비	shop	127.08296	37.49395
일원역약국	shop	127.08445	37.48408
일원전자담배	shop	127.08258	37.48974
일원정류장약국	shop	127.08191	37.48493
일원정육점	shop	127.08715	37.49083
일원투엑스휘트니스	activity	127.08446	37.48402
일이이칠	shop	127.02717	37.50901
일익스프레스	food	127.06071	37.51459
일인자	shop	127.04947	37.52684
일일오	bar	127.02991	37.49906
일일향	food	127.03059	37.52346
일일향	food	127.05765	37.50880
일일향	food	127.03226	37.50725
일일향골드	food	127.03226	37.50725
일일향도곡	food	127.04976	37.48761
일점사	food	127.04718	37.50480
일조룡	food	127.06591	37.49962
일지아트홀	heritage	127.03964	37.52390
일진실업주	activity	127.05760	37.50963
일층약국	shop	127.05741	37.49218
일치	food	127.03343	37.52064
일칠공	cafe	127.04323	37.51478
일커피	cafe	127.05093	37.50577
일커피	cafe	127.06494	37.51409
일토코	shop	127.02601	37.52095
일판	food	127.04208	37.52306
일판함박	food	127.04005	37.52848
일팔공팔	food	127.03047	37.51999
일편등심	food	127.02781	37.49966
일품각양꼬치훠궈	food	127.02847	37.49987
일품돼지국밥	food	127.05835	37.50874
일품돼지국밥휘문고	food	127.06474	37.50492
일품두부	food	127.05802	37.51937
일품진진수라	food	127.05534	37.50506
일품채그린퍼즐지점	food	127.05039	37.51248
일품향	food	127.05263	37.49786
일프레소대치	cafe	127.05993	37.50225
일프로골프	shop	127.05763	37.52245
일피오레	shop	127.03856	37.49194
일호참치	food	127.04076	37.50093
임대감댁	food	127.04793	37.50317
임대감댁스테이크하우스	food	127.04672	37.50459
임대박주영	stay	127.03019	37.50647
임대이경한	stay	127.03019	37.50647
임마누엘	shop	127.05916	37.49316
임명진오돌뼈	food	127.02593	37.51321
임바이브	bar	127.02282	37.50931
임방	shop	127.04838	37.50665
임자	food	127.04150	37.51380
임정라인	food	127.04838	37.50665
임팩트인터내셔날	shop	127.04161	37.50998
임페리얼캐비어	shop	127.05763	37.52245
임펙트	bar	127.03455	37.49918
입다	shop	127.05051	37.52605
입맛을훔친순댓국	food	127.04731	37.50540
입생로랑유한책임회사	shop	127.05977	37.51311
입속행복	food	127.02367	37.50862
입큰노래연습장	activity	127.03152	37.52213
잇다펫강아지분양고양이분양	shop	127.04225	37.51571
잇라이트샐러드포케	food	127.03233	37.50833
잇미샤	shop	127.05326	37.49698
잇쇼우	food	127.04837	37.50669
잇슌	food	127.04050	37.50853
잇츠	shop	127.05531	37.52221
잇츠스킨가로수길	shop	127.02318	37.51799
잇터널에프앤비	food	127.02024	37.51823
잇테이블	cafe	127.03526	37.49407
잇풀	food	127.03231	37.49108
잉카바베큐	food	127.10732	37.46323
자갈치양곱창	food	127.03088	37.49451
자곡맑은약국	shop	127.10336	37.47372
자곡온누리약국	shop	127.09602	37.47206
자곡케이골프용품	shop	127.10402	37.48141
자곡할인마트	shop	127.09102	37.46997
자금성	food	127.04642	37.51879
자금성	food	127.04990	37.47333
자담	food	127.06337	37.50500
자담치킨강남청담점	food	127.04908	37.51888
자담치킨세곡점	food	127.11389	37.47423
자라리테일	shop	127.06103	37.51035
자람학사	stay	127.05436	37.50185
자력갱생	food	127.05829	37.50590
자르보디마레	shop	127.05051	37.52605
자마이카피트니스	activity	127.05185	37.48692
자마이카피트니스	activity	127.03345	37.48696
자마이카휘트니스	activity	127.05185	37.48692
자매들	shop	127.03592	37.50130
자매분식	food	127.05340	37.51039
자매안경원	shop	127.04020	37.49442
자미당	food	127.05273	37.49919
자미당	food	127.02825	37.51213
자미와	shop	127.05159	37.50246
자민컴퍼니	food	127.02452	37.51900
자성실업	activity	127.02894	37.50619
자스	cafe	127.03371	37.50077
자스민	shop	127.08960	37.49034
자연건강식품	shop	127.03636	37.48627
자연과건강	shop	127.08387	37.49484
자연과사람	shop	127.04633	37.51754
자연김밥	food	127.03245	37.52804
자연꽃농원	shop	127.04382	37.49959
자연드림강남	shop	127.06742	37.49954
자연마켓	shop	127.08269	37.49132
자연산	food	127.04576	37.52708
자연산횟집	food	127.06137	37.50730
자연석돌구이	food	127.03535	37.52069
자연식빵	food	127.02831	37.49816
자연애약국	shop	127.05202	37.51237
자연애함박	food	127.05289	37.50100
자연의원죽	food	127.06095	37.51519
자연인	food	127.03355	37.51600
자연인압구정로데오지점	shop	127.03839	37.52741
자연제주	food	127.05632	37.51252
자연주의	shop	127.05977	37.49350
자연주의이마트	shop	127.04842	37.49923
자연힐링	shop	127.03878	37.50310
자연힐링	shop	127.03447	37.50717
자유로운식탁	food	127.04299	37.50010
자유참치	food	127.05619	37.50460
자이김밥	food	127.04417	37.50096
자이데커피	cafe	127.08329	37.49194
자이데커피	cafe	127.02874	37.49763
자이온	food	127.06141	37.49864
자이폰	shop	127.04430	37.50093
자인아트	shop	127.06280	37.50654
자인여학사	stay	127.05546	37.50243
자인한약국	shop	127.05194	37.49765
자임당	shop	127.02632	37.51950
자임한복	shop	127.02764	37.52143
자전거	bar	127.05207	37.50646
자전거라이브	food	127.04223	37.49695
자주식당	food	127.02053	37.51841
자주포차	food	127.08345	37.49000
작	food	127.03464	37.50237
작은공간	food	127.06591	37.49962
작은공간	food	127.03559	37.48688
작은동경	food	127.05398	37.50403
작은뜰	food	127.03409	37.51605
작은식당	food	127.04658	37.50324
작은어촌	food	127.05237	37.49807
작은집	food	127.10184	37.48802
작은창큰풍경	shop	127.04842	37.49923
작은창큰풍경협동조합분사무소	shop	127.04072	37.50594
작정	bar	127.02687	37.52387
작품	food	127.04588	37.48503
잔느	bar	127.05084	37.50353
잔비워	bar	127.04620	37.52667
잔잔스테이	stay	127.05155	37.52348
잘사는복권	activity	127.02218	37.51987
잘생긴정육점강남	shop	127.04636	37.51726
잘아는밥집	food	127.03807	37.52817
잘큼	activity	127.05476	37.52248
잠수교집	food	127.03206	37.52274
잡담	food	127.02923	37.51877
잡어향기	food	127.05310	37.52624
장건아이앤씨	shop	127.04723	37.50666
장곰장	food	127.04961	37.47491
장군숯불갈비	food	127.04962	37.47941
장군주먹고기	food	127.06825	37.48898
장금수부대찌개	food	127.03170	37.49879
장금이네	food	127.06368	37.50101
장녹수	bar	127.05481	37.50528
장다리	food	127.03789	37.52789
장독대	food	127.07062	37.49992
장독대김치찌개	food	127.05145	37.50333
장독대김치찌개청담점	food	127.05282	37.52419
장독묵은지	food	127.06684	37.48869
장루하	food	127.02094	37.52000
장르는혜베	shop	127.02511	37.51991
장모님밥상	food	127.03189	37.50060
장모님이떴다	food	127.03387	37.50559
장미술상	bar	127.02305	37.50927
장박	stay	127.05014	37.51483
장사랑	food	127.03231	37.52557
장생건강원	shop	127.08699	37.49293
장생건강원	shop	127.02451	37.50938
장생당약국	shop	127.05895	37.50608
장성원시계	shop	127.03969	37.52723
장수네	bar	127.09726	37.48577
장수비결	shop	127.02738	37.50437
장수상회	food	127.03450	37.50178
장수서울순대가	food	127.06137	37.50730
장수설렁탕	food	127.02447	37.51703
장수순대국	food	127.08635	37.49421
장수식당	food	127.05698	37.50274
장수옥	food	127.03469	37.49095
장수촌풍천장어	food	127.03314	37.48950
장수케어	shop	127.06103	37.51035
장승원아트라이브	bar	127.03828	37.52197
장앤리컴퍼니	shop	127.04083	37.52745
장어의전설	food	127.02566	37.50618
장어의추억	food	127.04496	37.50469
장원식당	food	127.02452	37.51900
장위동유성집	food	127.03008	37.49470
장인가죽아카데미	shop	127.02422	37.52079
장인닭갈비	food	127.02752	37.49961
장인에프앤비	food	127.03160	37.49742
장인희네일아카데미	shop	127.02807	37.49973
장터순대국감자탕	food	127.03074	37.50073
장터포장마차	bar	127.05239	37.49837
장평식당	food	127.04506	37.52359
장현호베이커리	food	127.04519	37.48448
장호왕곱창	food	127.03610	37.49879
장훈	food	127.03746	37.52592
장흥집	food	127.02068	37.51877
재뉴어리	cafe	127.04969	37.51149
재담주	food	127.03414	37.49908
재림	shop	127.02437	37.50726
재미김밥	food	127.03420	37.49628
재성에프앤비	cafe	127.03443	37.49066
재용	shop	127.02806	37.49862
재욱다이닝컴퍼니호앙비엣	food	127.02742	37.52571
재원	bar	127.03975	37.50362
재원푸드	food	127.05678	37.49781
재이공예협동조합	shop	127.05533	37.49087
재이앤티	food	127.02241	37.51867
재즈문화주	food	127.04017	37.52543
재즈잇업	bar	127.02014	37.51983
재하푸드	food	127.03968	37.50671
재형골프시스템	activity	127.03941	37.48889
재희키친	food	127.06075	37.51549
잭니클라우스	shop	127.05976	37.50862
잭스포즈	shop	127.03646	37.52480
잭슨피자	food	127.05146	37.50022
잭슨피자	food	127.03437	37.49452
잭슨피자	food	127.05340	37.48058
잭슨피자	food	127.02458	37.52497
잭슨피자청담점	food	127.04059	37.51840
잭슨하이볼	bar	127.02666	37.50292
잭팔팔	shop	127.03263	37.49854
잰부닥	food	127.03515	37.48552
잼라운지	food	127.04652	37.50511
잼마	shop	127.06591	37.49962
잼잼스크린골프	activity	127.03028	37.51571
잼잼키즈룸강남	activity	127.06903	37.48901
잼코노래타운	bar	127.03088	37.49503
쟌비어	bar	127.02754	37.50058
저스트	shop	127.04678	37.52309
저스트스테이크	food	127.03440	37.52314
저스트짐	activity	127.03417	37.49309
저스트짐하드코어	activity	127.03417	37.49309
저스트카츠	food	127.02406	37.50955
저스트훅	food	127.03790	37.52372
적토마	food	127.02422	37.50905
전	food	127.05643	37.51126
전가네손칼국수	food	127.04591	37.50468
전가포천이동갈비	food	127.03235	37.49172
전경자컬렉션	shop	127.06591	37.49962
전광수커피하우스학동	cafe	127.03708	37.52112
전국꽃배달심끼플라워	shop	127.04866	37.47875
전국플러스컨설팅	shop	127.05824	37.50605
전담플레이	shop	127.02408	37.50765
전동셔터방범샷다주차장문오버헤드도어	shop	127.03414	37.49908
전라도맛	food	127.05240	37.50197
전라도반찬	shop	127.05174	37.49728
전라도밥상	shop	127.04506	37.52359
전라도밥집순천댁	food	127.03244	37.49097
전봇대	food	127.03682	37.50374
전봇대	bar	127.04028	37.50807
전설의백돌이	activity	127.05707	37.50478
전설의우대갈비강남	food	127.02823	37.49919
전셰프의부페플러스	food	127.05534	37.50506
전우소고기해장국	food	127.05627	37.50993
전자담배	shop	127.06169	37.50703
전자동커피머신	shop	127.03930	37.51707
전자신발	food	127.03858	37.52406
전주고향집	food	127.06542	37.50215
전주맛사랑	food	127.02606	37.51993
전주맛집	food	127.05257	37.50693
전주반찬	shop	127.05436	37.50185
전주비빔밥	food	127.04381	37.50901
전주비빔밥	food	127.03563	37.49264
전주순대	food	127.05272	37.50659
전주순대국	food	127.03723	37.52839
전주식당	food	127.11917	37.46930
전주식당	shop	127.08480	37.48553
전주식당	food	127.06533	37.51216
전주식당	food	127.02989	37.51921
전주식당	food	127.03505	37.49855
전주옥	food	127.02976	37.49701
전주이씨광평대군파묘역	heritage	127.09189	37.48566
전주집	food	127.10311	37.48732
전주집	food	127.05645	37.50983
전주집	food	127.05387	37.50695
전주집	food	127.05209	37.50306
전주콩나루콩나물국밥	food	127.05185	37.48692
전주콩나물국밥	food	127.06676	37.50836
전주콩나물국밥	food	127.05318	37.50380
전주콩나물국밥	food	127.03170	37.49879
전주콩나물국밥	food	127.08369	37.49478
전주피순대	food	127.03320	37.49089
전주한옥찜닭	food	127.03723	37.50773
전주해산물	food	127.03336	37.49161
전주현대옥	food	127.06355	37.51512
전주현대옥	food	127.02052	37.51811
전주현대옥	food	127.03148	37.49379
전주희약선요리	food	127.04842	37.49923
전집가자	food	127.03353	37.50202
전통백암순대국	food	127.05620	37.50935
전한강강술래주	food	127.03948	37.49415
전희성	shop	127.04240	37.52693
젊은공간원룸텔양재	stay	127.03400	37.48816
젊음생각	stay	127.05209	37.50306
점스포애니케이디스포츠	activity	127.03549	37.50002
점심특선	food	127.02271	37.51697
점프	food	127.03642	37.52385
점프	shop	127.04968	37.47592
점핑다이어트	shop	127.08239	37.48943
정	bar	127.04637	37.51061
정가네부엌	food	127.04521	37.47879
정가네손칼국수	food	127.04065	37.51613
정가네한상	food	127.05699	37.48504
정가식당	food	127.04707	37.50565
정갈한상	food	127.03219	37.50113
정겨운식당	food	127.10729	37.46399
정겨운오뎅집	food	127.05602	37.51019
정관장	shop	127.02350	37.50748
정관장	shop	127.08033	37.49119
정관장	shop	127.03962	37.49233
정관장개포전시판매장	shop	127.06885	37.48930
정관장까페사푼사푼	food	127.06533	37.50659
정관장대치타워	shop	127.06201	37.50768
정관장서울개현	shop	127.06148	37.48225
정관장압구정로점	shop	127.03476	37.52885
정관장청담	shop	127.04919	37.52475
정관장홍삼대치	shop	127.05883	37.49797
정관장홍삼수서역점	shop	127.10311	37.48732
정관장홍삼테헤란	shop	127.05501	37.50675
정군비어	bar	127.10540	37.47441
정글북	shop	127.06425	37.50473
정글주스	cafe	127.02897	37.50866
정글주스테헤란로한신점	cafe	127.04658	37.50324
정금당	shop	127.02281	37.50884
정금당	shop	127.03649	37.48576
정남옥	food	127.03306	37.50063
정담가옥	food	127.02604	37.51775
정담에스앤씨	food	127.04793	37.50317
정담은찬	shop	127.06035	37.49368
정대감	food	127.03437	37.49800
정도에프앤비	food	127.03830	37.52678
정돈	food	127.02644	37.50393
정돈식당	food	127.08335	37.48972
정돈프리미엄	food	127.02105	37.51976
정돈프리미엄현대백화점압구정	food	127.02747	37.52737
정동진	food	127.04327	37.50500
정동화장품주	shop	127.04905	37.52369
정든김밥	food	127.03524	37.50180
정문유통	shop	127.05909	37.52018
정미스시	food	127.03188	37.52176
정보유통	shop	127.02501	37.52492
정사장네갈매기	food	127.05703	37.51126
정삼이네수제비김밥	food	127.06337	37.50079
정상그룹주	food	127.04766	37.50520
정상그룹지점기네스라운지	bar	127.04743	37.50514
정샘물뷰티	shop	127.04503	37.52611
정석건강	shop	127.05441	37.50513
정석피티	activity	127.03253	37.49051
정선	food	127.09724	37.48487
정선아라리순대국밥	food	127.10078	37.46679
정성가득한밥상	food	127.03911	37.49301
정성가득한집	food	127.03836	37.49673
정성담에프앤비	food	127.03280	37.52839
정성담은사골한돈김치찌개	food	127.02503	37.51041
정성드림	shop	127.03440	37.49850
정성만김밥	food	127.05741	37.49218
정성맛외식산업주	food	127.02909	37.49673
정성아이엔씨주	shop	127.04975	37.47311
정성이가득찬집밥	food	127.02665	37.50998
정성한줄	food	127.06086	37.49835
정성한줄	food	127.05864	37.49789
정수네	food	127.03074	37.52800
정스치킨	food	127.05030	37.52407
정식당	food	127.04129	37.52561
정애	shop	127.02747	37.52737
정약국	shop	127.04298	37.51028
정온누리약국	shop	127.05516	37.49737
정우	food	127.06182	37.51548
정우	shop	127.06591	37.49962
정우글로벌	shop	127.06375	37.50458
정우네두루치기	food	127.10184	37.48802
정우식품	shop	127.05609	37.48462
정원	food	127.06791	37.49910
정원	food	127.06856	37.49569
정원식당	food	127.03616	37.50158
정원어페럴	shop	127.04926	37.51998
정원유통	shop	127.02806	37.49862
정원짐앤스튜디오	activity	127.04553	37.52591
정월	cafe	127.02864	37.50366
정육공방	food	127.02987	37.51832
정육도토리	shop	127.06427	37.50073
정육점	food	127.02938	37.49806
정윤	food	127.05306	37.50191
정은	shop	127.03842	37.50953
정읍그맛	food	127.05183	37.50316
정읍옛날김밥	food	127.04136	37.50288
정일돈	food	127.05733	37.51040
정일약국	shop	127.06047	37.49836
정자	activity	127.03517	37.50210
정자매카페	cafe	127.06521	37.51597
정장에프엔비	food	127.06547	37.51442
정정시스막스	shop	127.05326	37.49698
정주상회	shop	127.06113	37.50175
정준유통	food	127.04961	37.47491
정지칸	shop	127.11221	37.47672
정직유부	food	127.06299	37.49918
정직유부한티역점	food	127.05464	37.49744
정직한공간	shop	127.03208	37.51240
정진화쉐르보	shop	127.02747	37.52737
정찬	food	127.04467	37.49945
정찬용교육	shop	127.03724	37.49847
정참치	food	127.05590	37.50433
정크	bar	127.03896	37.52529
정크루	food	127.02588	37.50594
정탁구	activity	127.04360	37.50000
정통마라탕마포마라회관	food	127.05222	37.50364
정통집	food	127.02810	37.49996
정포차	bar	127.04616	37.52316
정피티	activity	127.02407	37.52415
정한뿌리죽키친	food	127.05548	37.50809
정한식뷔페	food	127.03102	37.49366
정한우	food	127.02473	37.51913
정현나라	shop	127.04548	37.47725
정희	food	127.02698	37.50220
정희가	food	127.03066	37.52171
정희네정원이야기	shop	127.10630	37.47370
제가하겠습니다	food	127.06545	37.51567
제국한우짝갈비	food	127.03617	37.52063
제나	shop	127.04631	37.47917
제나스위트	stay	127.02412	37.52407
제너럴아이디어가로수길점	shop	127.02204	37.52240
제너릭	food	127.04947	37.52093
제너뷰	shop	127.04124	37.52608
제너스티앤씨	shop	127.02700	37.51229
제네리꼬	shop	127.04312	37.52173
제네베라스페이스	cafe	127.03616	37.50158
제노	activity	127.06067	37.51517
제노르엑스	shop	127.05151	37.49617
제노스포츠	shop	127.05960	37.50382
제뉴인바이오	shop	127.04712	37.50321
제니메디컬	shop	127.02351	37.52435
제니박스	food	127.03568	37.50084
제니스	bar	127.04105	37.51597
제니스	food	127.03788	37.52065
제니스네트	shop	127.02973	37.49465
제니스원룸텔	stay	127.06262	37.50045
제니즈	cafe	127.08978	37.48484
제니컴퍼니	shop	127.04289	37.52297
제니코옴므	shop	127.02929	37.49766
제니퍼샆	shop	127.05609	37.48462
제니하우스	stay	127.04338	37.49532
제니하우스	stay	127.02093	37.51785
제디씨앤드룸바칼리엔테피트니스	activity	127.03172	37.50096
제떼	shop	127.05916	37.49316
제라르다렐강남롯데	shop	127.05326	37.49698
제레미도산	food	127.03617	37.52063
제레미버거	food	127.03728	37.48558
제로그라운드	shop	127.03701	37.52290
제로백구룡역점	activity	127.06221	37.48333
제로백피씨방학동	activity	127.03764	37.52174
제로원짐	activity	127.03208	37.50828
제로전자담배	shop	127.03670	37.50275
제로전자담배	shop	127.02676	37.51013
제로펫	shop	127.04139	37.51780
제로한식	food	127.03225	37.50882
제록스몰	shop	127.04763	37.47755
제론드	shop	127.04161	37.50998
제르바소니	shop	127.02941	37.51516
제리스플래닛	stay	127.02851	37.49911
제리오강남	shop	127.03060	37.49631
제리조컴퍼니	shop	127.10376	37.48707
제메이양꼬치와샤브샤브	food	127.02447	37.51876
제미니	shop	127.04325	37.52280
제미니스	shop	127.04325	37.52280
제비울	shop	127.05765	37.49810
제스트	bar	127.04079	37.52522
제스트원역삼지점	food	127.04076	37.50093
제스트인터내셔널	shop	127.02990	37.52194
제스트컴퍼니	shop	127.02333	37.52145
제스트프로퍼티	food	127.04741	37.51587
제시인셀덤	shop	127.05470	37.48541
제아갸또	cafe	127.05285	37.50885
제우스	bar	127.03484	37.49919
제우스당구클럽	activity	127.02210	37.51777
제육대가	food	127.04565	37.49563
제육의계절	food	127.04076	37.50093
제육일번가	food	127.02622	37.51105
제이	food	127.02452	37.50683
제이	bar	127.03754	37.50744
제이	shop	127.03204	37.52305
제이	shop	127.06856	37.49569
제이끌로에	shop	127.06903	37.48901
제이나인스테이션	shop	127.02093	37.51970
제이너스	shop	127.04838	37.50665
제이더럭셔리	shop	127.02707	37.52401
제이더블유엘인터내셔널	shop	127.02163	37.52183
제이더블유지	food	127.01908	37.51960
제이더인셀덤	shop	127.04548	37.47725
제이더플로어	shop	127.02496	37.51193
제이돈까스	food	127.04073	37.50526
제이드레지던스	stay	127.03450	37.50178
제이드앤코	shop	127.04572	37.52519
제이드짐	activity	127.04732	37.50594
제이든앤크리샤	shop	127.02027	37.51963
제이디	shop	127.03579	37.49113
제이디솔루션	shop	127.03824	37.50417
제이디아이코퍼레이션	shop	127.04139	37.51780
제이디엑스	shop	127.06014	37.50083
제이디제이컴퍼니장정정	food	127.05123	37.50286
제이디케이다이닝	food	127.01977	37.51804
제이디티컴퍼니	food	127.05825	37.50906
제이디푸드주	food	127.05531	37.52221
제이디하운	shop	127.04723	37.50666
제이라텔	stay	127.03989	37.50070
제이랩코스메틱	shop	127.05763	37.52245
제이럭	cafe	127.05519	37.50542
제이린드버그	shop	127.05326	37.49698
제이린드버그현대무역점	shop	127.05976	37.50862
제이린드버그현대백화점	shop	127.02747	37.52737
제이미	shop	127.07087	37.48914
제이미스테이	stay	127.03216	37.49495
제이바	food	127.02006	37.51769
제이바	bar	127.03921	37.52722
제이박스	shop	127.03082	37.52538
제이벨	food	127.05702	37.50208
제이브로스에프앤비	food	127.03698	37.50317
제이브로짐	activity	127.04289	37.52297
제이브이엘부대찌개	food	127.05502	37.50556
제이브이엘필리치즈스테이크포스코	food	127.05613	37.50582
제이블룸아뜰리에	shop	127.05553	37.50728
제이블리테일	shop	127.04016	37.52424
제이블링	shop	127.05464	37.49744
제이비미소약국	shop	127.02790	37.52406
제이비비	food	127.03621	37.51054
제이비스트레칭센터	activity	127.04092	37.52378
제이비스포웰	activity	127.02826	37.50055
제이빌리아드	activity	127.05519	37.50542
제이쇼룸	shop	127.04125	37.51503
제이스	food	127.04269	37.52290
제이스	shop	127.08480	37.48553
제이스	shop	127.03682	37.48571
제이스골프스튜디오	activity	127.04211	37.49206
제이스애나퍼스널트레이닝	activity	127.03863	37.50375
제이스쿠킹팸	food	127.03904	37.51026
제이스킨케어	shop	127.04885	37.51413
제이스타일	shop	127.05471	37.47428
제이스테이	stay	127.08252	37.49407
제이스테이코	shop	127.04176	37.49686
제이스트	shop	127.03951	37.48599
제이스플라워랩	shop	127.02302	37.51271
제이슨골프랩무인	activity	127.05023	37.50387
제이슨윈터스	shop	127.04827	37.50325
제이씨	shop	127.06853	37.49638
제이씨모션	shop	127.04680	37.51143
제이씨커피전화방	activity	127.02283	37.51034
제이씨패밀리	shop	127.03556	37.51154
제이아이식품주	food	127.02747	37.52737
제이아이씨	shop	127.03191	37.52602
제이앤드제이골프아카데미	activity	127.03162	37.51084
제이앤드케이인베스트먼츠	activity	127.04599	37.51051
제이앤미	shop	127.02066	37.51619
제이앤비당구클럽	activity	127.02154	37.51227
제이앤쇼토	food	127.02431	37.52385
제이앤씨	shop	127.10424	37.48602
제이앤씨스포츠	activity	127.03408	37.50614
제이앤에스컴즈	shop	127.05846	37.50626
제이앤영글로벌	shop	127.04462	37.52480
제이앤제이	shop	127.05553	37.50728
제이앤제이	shop	127.03893	37.52517
제이앤제이컴퍼니즈	shop	127.04225	37.51571
제이앤지	shop	127.04944	37.47690
제이앤케이오	shop	127.02717	37.50851
제이앤피오스틴강남	food	127.02758	37.50296
제이앤피푸드	food	127.02037	37.51707
제이약국	shop	127.02806	37.49862
제이어반터치	shop	127.04187	37.51844
제이어스	food	127.03352	37.50972
제이에스	shop	127.02019	37.51800
제이에스가든	shop	127.02833	37.51353
제이에스가든센터필드점	food	127.04136	37.50288
제이에스다이닝	food	127.04260	37.51270
제이에스당구클럽	activity	127.05553	37.50728
제이에스떼	shop	127.02830	37.49982
제이에스무인호텔	stay	127.05145	37.50642
제이에스브론	shop	127.02120	37.51817
제이에스상사	shop	127.02431	37.52385
제이에스앤글로벌	shop	127.02471	37.51864
제이에스앤디	shop	127.04060	37.49678
제이에스에프앤비	food	127.02784	37.50350
제이에스인터네셔널	shop	127.03159	37.51529
제이에스컴퍼니	shop	127.04658	37.50324
제이에스케이헬스케어	shop	127.02832	37.50592
제이에스키친	food	127.03466	37.50112
제이에스티	shop	127.02006	37.51769
제이에스푸드	food	127.04464	37.49695
제이에이치에프이	shop	127.02164	37.52319
제이에이치엠컨설팅	shop	127.02526	37.50526
제이에이치유즈드	shop	127.02632	37.50756
제이에이치컴퍼니	stay	127.03736	37.49728
제이에이치티코스메틱	shop	127.04826	37.47730
제이에이치티코스주	shop	127.04826	37.47730
제이에이치피컴퍼니	shop	127.03376	37.52647
제이에이치헬스케어	shop	127.03678	37.50931
제이에프피부과의원	shop	127.05901	37.51431
제이엔씨헬스케어	shop	127.04458	37.51397
제이엔에스홍	food	127.02558	37.50511
제이엔에프	food	127.02452	37.50724
제이엔에프삼성지점	food	127.05613	37.50582
제이엔제이다이닝	food	127.03381	37.49819
제이엔제이다이닝스시산원	food	127.05079	37.50657
제이엔지리테일	shop	127.04343	37.49286
제이엔컴퍼니	shop	127.04418	37.48458
제이엔픽컴퍼니	shop	127.05264	37.50477
제이엘	shop	127.02734	37.52312
제이엘	shop	127.01965	37.52475
제이엘뉴트리션	shop	127.04139	37.51780
제이엘리	shop	127.03861	37.52422
제이엘씨잉글리시아카데미학원	shop	127.06024	37.48323
제이엘에이치	shop	127.03104	37.49185
제이엘푸드부산아지매국밥주	food	127.03710	37.49898
제이엠	shop	127.01965	37.52475
제이엠	food	127.04222	37.52655
제이엠멀티샵	food	127.03189	37.50752
제이엠에벤에셀	shop	127.05590	37.50433
제이엠엔케이	food	127.05098	37.50399
제이엠인터네셔널	shop	127.03861	37.52675
제이엠커피그룹	cafe	127.02238	37.51840
제이엠컴퍼니	shop	127.05639	37.52477
제이엠케이알	shop	127.02894	37.52112
제이엠케이알기와강바	food	127.02894	37.52112
제이엠케이알기와강프라이빗	food	127.02894	37.52112
제이엠코코	shop	127.05846	37.50626
제이엠헬스케어대치	shop	127.06295	37.49388
제이오에프엔비	food	127.02785	37.52258
제이오케이컴퍼니강남커피온리	cafe	127.02806	37.49862
제이오케이컴퍼니강남푸릇해	shop	127.02806	37.49862
제이오케이컴퍼니논현푸릇해	shop	127.02503	37.50463
제이오케이컴퍼니루시스타신논현	shop	127.02503	37.50463
제이온커피	shop	127.04391	37.51314
제이올댓	shop	127.04783	37.47776
제이와이	shop	127.04324	37.49353
제이와이	shop	127.03403	37.48673
제이와이콘텐츠	shop	127.03356	37.50878
제이와이플래닛	shop	127.05299	37.50618
제이와이피에프엔비	food	127.03737	37.52490
제이와인	food	127.03977	37.49735
제이와인주류샵	shop	127.02281	37.50884
제이원골프아카데미	activity	127.02476	37.50631
제이원엔터테이먼트벨뷰	food	127.04191	37.52417
제이유씨바이오	shop	127.03502	37.50793
제이이글로벌주	food	127.02674	37.50192
제이제이	bar	127.04027	37.50569
제이제이	shop	127.02831	37.49816
제이제이가리비인논현	food	127.02443	37.50747
제이제이그룹	cafe	127.03024	37.52694
제이제이다이닝	food	127.03859	37.52773
제이제이랩	shop	127.02807	37.52476
제이제이레지던스	stay	127.05572	37.51021
제이제이모터트레이딩	shop	127.05826	37.50544
제이제이와인	bar	127.02422	37.50905
제이제이인터내셔날	shop	127.05916	37.49316
제이제이쥬니어	shop	127.03297	37.50500
제이제이하우스	stay	127.02115	37.51555
제이제이해피니스	shop	127.11864	37.47031
제이제이홈주	food	127.06447	37.50750
제이준성형외과의원	shop	127.03586	37.50383
제이지	shop	127.03734	37.52459
제이지글로벌	shop	127.03959	37.49834
제이지알	shop	127.03159	37.51529
제이지에스	food	127.04620	37.50440
제이지전력	shop	127.05824	37.50605
제이지지아정안무창작연구소	activity	127.04920	37.52734
제이지하우스	stay	127.02364	37.51966
제이짐	activity	127.05377	37.49912
제이카페	cafe	127.05185	37.48692
제이컬렉션	shop	127.02501	37.51927
제이컴즈	shop	127.05274	37.49583
제이케이	food	127.02795	37.52309
제이케이모바일	shop	127.03576	37.48517
제이케이선진	food	127.02797	37.50041
제이케이앤파트너스	food	127.02849	37.50063
제이코스퍼시픽	shop	127.04305	37.49338
제이크베이크	food	127.03803	37.49057
제이클로젯	shop	127.03636	37.50127
제이키친	food	127.03712	37.50295
제이투인터내셔날주	shop	127.04032	37.52195
제이투짐	activity	127.07965	37.49434
제이투트레이딩	shop	127.04894	37.47550
제이티더블유엘글로벌	shop	127.04715	37.52369
제이티비	food	127.01908	37.51960
제이티컴퍼니주	food	127.06295	37.49388
제이티코퍼레이션	shop	127.10296	37.46318
제이티콜라보	food	127.02359	37.50871
제이포유컴퍼니	food	127.02732	37.52421
제이푸드	food	127.10184	37.48802
제이플라워	shop	127.05777	37.50063
제이플라워	shop	127.06534	37.51294
제이플러스유	cafe	127.03523	37.52305
제이피아츠	shop	127.05802	37.51937
제이피중국고미술	shop	127.03603	37.52756
제이피지컬스테이션	activity	127.02346	37.52384
제인케이영미곽	shop	127.03950	37.51863
제인픽스	shop	127.10137	37.46627
제일	shop	127.09100	37.49315
제일	shop	127.10930	37.46541
제일골덴하우스	stay	127.05013	37.47391
제일그랜드약국	shop	127.02467	37.50511
제일노래연습장	activity	127.04532	37.49519
제일떡집	food	127.02370	37.50929
제일식당	food	127.05763	37.52245
제일양	food	127.04692	37.50555
제일양	food	127.03646	37.52699
제일양	food	127.03524	37.52796
제일영동부두	food	127.03634	37.51738
제일유리	shop	127.03469	37.49461
제일의료기	shop	127.08352	37.48573
제일저당	food	127.03803	37.51846
제일칼국수	food	127.06719	37.49601
제일패션리테일	shop	127.03935	37.52564
제일플라워	shop	127.05340	37.51084
제일화원바이와이지	shop	127.03991	37.52652
제임스론프로페셔널	shop	127.04318	37.52461
제임스브라운	shop	127.03672	37.50544
제임스브라운앤코	shop	127.03229	37.51310
제임스치즈스테이크	food	127.04890	37.51987
제임스펄스갤러리아압구정	shop	127.04005	37.52848
제제스	activity	127.02495	37.50689
제제집	food	127.02295	37.51077
제주갈치	food	127.08279	37.49097
제주그집	food	127.04982	37.47400
제주꿀꿀이족발	food	127.06885	37.48930
제주농수산	shop	127.02630	37.51981
제주달	food	127.02478	37.50643
제주덕구	food	127.05696	37.51064
제주도야지빵경이네	food	127.04081	37.50513
제주도흑돼지	food	127.03159	37.51529
제주몬트락	food	127.05321	37.49823
제주몬트락	food	127.03803	37.51846
제주미향해장뱅뱅사거리	food	127.03284	37.48966
제주부엌	food	127.05976	37.50862
제주생선구이올래밥상삼성	food	127.05661	37.50964
제주순옥이네명가	food	127.05976	37.50862
제주씨씨	shop	127.03752	37.50810
제주아홉혼술바서울	food	127.02437	37.50726
제주애돈	food	127.02709	37.52229
제주왕솥뚜껑삼겹살	food	127.04711	37.47812
제주우다	food	127.05289	37.50100
제주은희네해장국	food	127.05882	37.50565
제주은희네해장국	food	127.03161	37.49822
제주주먹고기	food	127.04028	37.50807
제주축산	shop	127.06035	37.49368
제주탐하리	food	127.03390	37.50570
제주흑도야지	food	127.06161	37.51422
제주흑돼지마을	food	127.04183	37.50994
제철소	food	127.04487	37.52289
제타리움카페	food	127.04329	37.51111
제트엑스벤쳐스	bar	127.03218	37.49343
제트엑스벤쳐스리테일	bar	127.03218	37.49343
제트커피	cafe	127.03170	37.52007
제퍼강남주	cafe	127.03734	37.50199
제프리도산압구정	food	127.03027	37.52253
제프스골프	activity	127.04008	37.52401
젝시믹스	shop	127.04822	37.51183
젠	food	127.05068	37.48814
젠	shop	127.04723	37.50666
젠	shop	127.05945	37.50963
젠느	bar	127.04238	37.48509
젠스테이	stay	127.08619	37.49096
젠제로	cafe	127.04324	37.51532
젠틀맨커튼블라인드	shop	127.02445	37.52678
젠틀스트릿커피	cafe	127.06156	37.50764
젠틀커피	cafe	127.04494	37.48479
젠틀코스	shop	127.02720	37.52335
젠하이더웨이묵전주	food	127.03535	37.52609
젠한국	shop	127.03673	37.49084
젤라떼리아도도파르나스	food	127.06080	37.50919
젤라클로젯	shop	127.02711	37.50555
젤리시스터즈쇼룸	shop	127.02951	37.49986
젤에스테틱	shop	127.04655	37.52445
젬	bar	127.03962	37.52697
젬뮤	shop	127.02158	37.52344
젬므	shop	127.04051	37.52545
젬스커피	cafe	127.08180	37.49009
젬오르트레이딩	shop	127.03986	37.51790
젬월드	shop	127.04842	37.49923
조	shop	127.06848	37.50096
조개사냥	food	127.04052	37.50829
조개천국	food	127.05311	37.50395
조광	shop	127.02718	37.51312
조디아	shop	127.02914	37.51174
조리인	food	127.03861	37.52422
조브스테이	stay	127.03394	37.51138
조상현위캔두잇	shop	127.04049	37.51511
조샌드위치앤커피	food	127.05428	37.50729
조선냉면	food	127.03790	37.50618
조선부뚜막	food	127.03721	37.50255
조선식품관	shop	127.05223	37.47975
조선의진국	food	127.05049	37.50261
조선제일족발	food	127.03350	37.51448
조선호텔앤리조트격물공부센터필드점	shop	127.04136	37.50288
조선호텔앤리조트조선팰리스강남	stay	127.04136	37.50288
조선호텔앤리조트호무랑	food	127.04412	37.52331
조세핀	food	127.03766	37.52827
조셉플라워	shop	127.04280	37.51477
조셰프키친	food	127.05841	37.50161
조수경라이브	bar	127.03541	37.50468
조수사	food	127.03285	37.49899
조수아주	shop	127.03739	37.52372
조수정한지그림갤러리카페	cafe	127.06110	37.50705
조순금닭도리탕	food	127.03337	37.49056
조스개러지	shop	127.03642	37.52385
조신	shop	127.06866	37.49783
조앤	shop	127.03034	37.51596
조양문구센타	shop	127.04386	37.48257
조영유통주	food	127.06130	37.48792
조올라커피	cafe	127.03636	37.49798
조우	bar	127.03515	37.48552
조우조우	shop	127.02665	37.52544
조유	food	127.05835	37.50874
조은상사	shop	127.05976	37.50862
조은숙아트앤라이프스타일	heritage	127.04359	37.52443
조은식당	food	127.05961	37.50264
조은온누리약국	shop	127.07559	37.49266
조은자전거	shop	127.07460	37.49233
조은화원	shop	127.11040	37.46443
조이	bar	127.03456	37.51423
조이노래연습장	activity	127.03670	37.50275
조이라이브	bar	127.04622	37.49441
조이빌리아드클럽	activity	127.02858	37.49929
조이스	shop	127.03096	37.51463
조이스덴텍	shop	127.08449	37.49006
조이에프앤비주	food	127.06385	37.51416
조이엔조이	shop	127.02281	37.50884
조이정	food	127.03665	37.52128
조이치	shop	127.04723	37.50666
조이파티	shop	127.03810	37.51599
조인	shop	127.04269	37.52290
조인로드	shop	127.08344	37.48290
조인바이트	food	127.04987	37.51129
조인선논현동	stay	127.02524	37.50796
조인파트너	shop	127.03501	37.49716
조조	shop	127.03602	37.51740
조커보드카페	activity	127.04321	37.51123
조프로커피	cafe	127.03959	37.49834
조현골프아카데미	shop	127.04504	37.51844
족발갓성비	food	127.04013	37.50589
족발마니아	food	127.04718	37.52252
족발신선생	food	127.05201	37.50279
족발장인네칼국수	food	127.02694	37.50631
족삼리	food	127.04283	37.50060
존바바토스	shop	127.04005	37.52848
존쿡델리미트바	shop	127.04457	37.48635
종가떡집	food	127.10137	37.46627
종려나무숲	shop	127.02789	37.51165
종로계림닭도리탕원조	food	127.05277	37.50380
종로계림닭도리탕원조	food	127.03715	37.49889
종로김밥	food	127.01965	37.51731
종로김밥	food	127.05521	37.51089
종로김밥	food	127.03505	37.49855
종로김밥	food	127.06471	37.51025
종로김밥르네상스점	food	127.03914	37.50319
종로떡방아간	food	127.08202	37.49308
종로떡집	food	127.08831	37.49133
종로떡폐백	food	127.02415	37.50927
종로보석	shop	127.08407	37.49236
종로분식식당	food	127.09975	37.49214
종로빈대떡	food	127.03103	37.52808
종로빈대떡	food	127.08130	37.49089
종로약국	shop	127.05632	37.49766
종로옛날빈대떡	bar	127.10318	37.48676
종쓰부	food	127.02721	37.52359
종원약국	shop	127.02628	37.50702
종합전기전자	shop	127.02382	37.50894
종합제과한전식품	shop	127.06448	37.48493
좋아요	bar	127.04139	37.51780
좋아해	food	127.04784	37.51420
좋은	shop	127.10184	37.48802
좋은날	cafe	127.10407	37.48193
좋은사람들섹시쿠키	shop	127.02434	37.50639
좋은사진관	shop	127.06676	37.50836
좋은습관	bar	127.05330	37.50440
좋은아침약국	shop	127.05132	37.48737
좋은안경원	shop	127.06885	37.48930
좋은옷싸게파는집	shop	127.04842	37.49923
좋은집밥	food	127.04072	37.49455
좋은초밥	food	127.04658	37.50324
좋은터수리상점	shop	127.05694	37.50165
좋향하다	shop	127.04060	37.49678
죠샌드위치대치	food	127.05872	37.50230
죠샌드위치매봉점	food	127.04367	37.48478
죠샌드위치앤커피일원역	food	127.08446	37.48402
죠샌드위치역삼키토선생점	food	127.03451	37.49422
죠샌드위치포스코	food	127.05376	37.50463
죠스떡볶이	food	127.03933	37.52487
죠스떡볶이	food	127.05263	37.49786
죠야	food	127.03240	37.51546
죤프란시스	shop	127.05977	37.51311
죤프란시스	shop	127.04812	37.52198
주기율	cafe	127.04320	37.51080
주나	food	127.04030	37.52291
주나코스	shop	127.02161	37.52100
주노	shop	127.05200	37.48887
주니글로벌	shop	127.05970	37.50535
주니냉면	food	127.04247	37.51032
주니스	food	127.06842	37.48615
주니카페	cafe	127.02938	37.49806
주담터	bar	127.06545	37.51539
주도락강남	food	127.02847	37.49987
주돈집	food	127.03661	37.52639
주래등	food	127.03624	37.52131
주래등	food	127.08219	37.48938
주루즈	food	127.02852	37.50701
주류상회비	food	127.06262	37.49891
주몽	food	127.03868	37.52442
주민약국	shop	127.08105	37.49092
주박사닭갈비	food	127.06796	37.48924
주박사춘천닭갈비	food	127.08105	37.49092
주박사푸드	food	127.06796	37.48924
주부맘헬스바이오	food	127.07965	37.49434
주부식당	food	127.03351	37.50565
주상복합	food	127.04588	37.51181
주성밥상	food	127.04806	37.47927
주성에프엔디	food	127.05673	37.52197
주시브로스	food	127.03255	37.52869
주시브로스힘난다	food	127.05916	37.51183
주식회사	bar	127.03453	37.50445
주신당	food	127.02774	37.49986
주앤랩	shop	127.03924	37.52515
주야왕감자탕	food	127.02255	37.51122
주얼리앤금거래소	shop	127.10415	37.47456
주얼리연세	shop	127.02517	37.52500
주연에스테틱	shop	127.04506	37.52359
주영갤러리	shop	127.04462	37.52480
주원앤코	shop	127.02908	37.52042
주유소	bar	127.04915	37.50520
주인	shop	127.05722	37.50883
주전부리	food	127.04467	37.49945
주직회사진주가정식	food	127.03267	37.52269
주파수	bar	127.02471	37.51864
주한국산업양행	activity	127.02545	37.52345
주형수입토탈패션	shop	127.10729	37.46399
주호시스템즈	shop	127.03022	37.49368
죽단지	food	127.03007	37.49554
죽에진심	food	127.03492	37.50880
죽이야기강남양재역점	food	127.03576	37.48517
준	cafe	127.04658	37.50324
준	bar	127.08430	37.49000
준	bar	127.06349	37.51418
준	shop	127.03435	37.52323
준바이오랩압구정지점	shop	127.03024	37.52694
준성	shop	127.09958	37.47412
준스테이	stay	127.05014	37.51483
준시스템	shop	127.08007	37.48334
준아트	shop	127.02526	37.50526
준액자	shop	127.02640	37.52162
준우젬	shop	127.04614	37.52762
준의대포차	bar	127.05201	37.50279
준코	bar	127.02189	37.51746
준코	bar	127.03037	37.49484
준태킴	shop	127.02712	37.52119
줄기	cafe	127.02959	37.51915
줄리스커피	cafe	127.03985	37.49717
줄리아나	bar	127.02770	37.52194
줄리안스브레드	food	127.03196	37.50637
줄리엣발코니	shop	127.03804	37.52067
줄서서먹는돼지짜글이	food	127.03712	37.50295
줌바피트니스스튜디오	activity	127.05955	37.49883
줌옷가게	shop	127.10184	37.48802
중경마라탕	food	127.03145	37.49549
중경마라탕	food	127.02707	37.50125
중고명품삼육오	shop	127.05385	37.50715
중고컴퓨터매매	shop	127.04161	37.50998
중고폰매입판매에코폰강남신사역점	shop	127.02228	37.51785
중고폰사까파까강남본사	shop	127.02752	37.50833
중대부고매점	shop	127.05211	37.49191
중산고매점	shop	127.08143	37.48574
중선에프앤비	cafe	127.02744	37.50272
중선에프앤비블라썸	food	127.02744	37.50272
중식포차	food	127.01962	37.51933
중앙	shop	127.03888	37.52792
중앙약국	shop	127.03933	37.52487
중앙텔레콤	shop	127.04947	37.52480
중앙해장	food	127.06548	37.50828
중앙해장포장	food	127.02832	37.53360
중외약국	shop	127.02398	37.50918
중화객잔수	food	127.02377	37.52425
중화객잔수	food	127.03182	37.49200
중화백반강남	food	127.03613	37.51644
중화요리일품	food	127.04658	37.50324
중화주가명정루	food	127.05316	37.50474
쥐뿔	food	127.03132	37.52143
쥬노	shop	127.06661	37.48894
쥬드	shop	127.04049	37.52298
쥬땜팰리스	shop	127.04604	37.48244
쥬리아	shop	127.03935	37.52564
쥬빌리	shop	127.04506	37.52359
쥬빌리	shop	127.03761	37.52192
쥬빌리쇼콜라띠에삼성테헤란점	food	127.05539	37.50691
쥬스식스	cafe	127.02831	37.49816
쥬씨	cafe	127.10184	37.48802
쥬씨	cafe	127.04116	37.51821
쥬씨	shop	127.03712	37.50295
쥬씨압구정	cafe	127.03046	37.52785
쥬씨앤고망고	cafe	127.02806	37.49862
쥬씨역삼상록회관점	cafe	127.04327	37.50500
쥬안새한에프앤비	food	127.04599	37.52460
쥬얼리빡스	shop	127.02152	37.51893
쥬얼리진	shop	127.05820	37.51099
쥬얼투싼	shop	127.05167	37.51755
쥬와	shop	127.08404	37.49214
쥬청과강남세곡점	cafe	127.10689	37.47440
쥬케로	shop	127.03218	37.52309
쥬코인동전노래연습장	activity	127.05191	37.50302
쥬히커피	cafe	127.03588	37.50626
쥴리스샵	cafe	127.02553	37.51111
즐거운노래연습장	activity	127.04378	37.50491
즐거운약국	shop	127.02817	37.52583
즐부스테이	stay	127.04150	37.49460
즐춤그대	bar	127.05098	37.50399
지	shop	127.06591	37.49962
지강낙곱새	food	127.02956	37.52633
지고트	shop	127.05976	37.50862
지구당	food	127.02330	37.52226
지구당현대	food	127.05299	37.50618
지그재그	food	127.06509	37.51482
지나살롱	bar	127.04947	37.52684
지나에스테틱	shop	127.04723	37.52525
지노	shop	127.03046	37.52785
지노스피자	food	127.03902	37.52748
지니	food	127.03353	37.52007
지니김밥	food	127.05696	37.49874
지니샵	shop	127.03921	37.52722
지니스오븐	cafe	127.02491	37.50925
지니스포츠	activity	127.05056	37.51478
지니아	shop	127.06141	37.49864
지니어스커피대청역점	cafe	127.07965	37.49434
지니전복죽	food	127.03669	37.50369
지니청	shop	127.04890	37.52196
지니토스트	food	127.03837	37.49405
지니플로라	shop	127.05126	37.52583
지니홈	stay	127.02810	37.50260
지디	shop	127.04603	37.50489
지디랩	activity	127.02320	37.52088
지디알골프아카데미압구정제이플래그	activity	127.02873	37.52403
지디이에프앤비	food	127.03282	37.52870
지라이브	bar	127.03348	37.50118
지리산	food	127.03720	37.51658
지리산약초장어서울	food	127.10448	37.48856
지리산청	food	127.04346	37.51208
지마루	bar	127.03800	37.50283
지모드	shop	127.02870	37.51255
지미갤러리강남	shop	127.03433	37.49943
지미스타코	food	127.05666	37.50220
지미존스	food	127.02980	37.49506
지미존스점	food	127.03466	37.50053
지미추	shop	127.04703	37.52549
지미테일러	shop	127.03899	37.51907
지브이파워점핑줄넘기	activity	127.08164	37.48961
지비디	activity	127.03349	37.49853
지비산업	stay	127.03988	37.50256
지비스텔라	shop	127.05846	37.50626
지비엘	food	127.02720	37.52335
지뽀렘	shop	127.02720	37.50832
지성인터내셔널청담지점	shop	127.04941	37.51966
지세포	food	127.03436	37.48532
지스마트리테일	activity	127.02908	37.52042
지스타대치	activity	127.05841	37.50280
지스튜디오	activity	127.04797	37.47829
지스팟	bar	127.02445	37.52052
지식재산전문도서관	heritage	127.03295	37.50014
지씨개포	food	127.06795	37.48445
지아니쥬얼리	shop	127.01980	37.51686
지아이	shop	127.03644	37.52608
지아지조컴퍼니	shop	127.03933	37.50300
지안	shop	127.03732	37.52624
지안식당	food	127.03007	37.49554
지안정	food	127.04086	37.51560
지안컴스	shop	127.04838	37.50665
지알브이	bar	127.03144	37.52182
지알에치	shop	127.03610	37.52710
지알해마루	food	127.04290	37.51222
지암바티스타	shop	127.04005	37.52848
지앤리테일	shop	127.03631	37.51480
지앤미유통	shop	127.06413	37.51662
지앤비코퍼레이션	food	127.04095	37.52406
지앤솔주	food	127.02748	37.50089
지앤에이치글로벌	shop	127.05637	37.52017
지앤에프	activity	127.03888	37.49741
지앤에프씨	shop	127.06630	37.50820
지앤엠	activity	127.05395	37.52565
지앤피코퍼레이션	food	127.03795	37.52359
지에스논현	shop	127.02484	37.50539
지에스당구장	activity	127.03721	37.50275
지에스더프레시	shop	127.03551	37.52877
지에스더프레시	shop	127.02545	37.52345
지에스더프레시강남	shop	127.07937	37.48284
지에스더프레시강남영동점	shop	127.02382	37.50999
지에스더프레시대치	shop	127.05676	37.50265
지에스더프레시역삼	shop	127.03358	37.49616
지에스더프레시청담점	shop	127.05178	37.52673
지에스랜드	shop	127.05128	37.48676
지에스리테일도곡주	shop	127.04973	37.49421
지에스리테일지에스수퍼강남	shop	127.06035	37.49368
지에스메드	shop	127.03104	37.49185
지에스삼성	shop	127.05257	37.51326
지에스선진	food	127.02797	37.50041
지에스신사초롱점	shop	127.02445	37.52052
지에스압구정시티점	shop	127.02677	37.52603
지에스압구정유림점	shop	127.02770	37.52326
지에스엠테이블	bar	127.02506	37.50693
지에스지에스	shop	127.03590	37.50187
지에스청담진흥점	shop	127.05219	37.51873
지에이치자연건강	shop	127.04119	37.51586
지에프리테일	shop	127.05479	37.50948
지에프에프지	food	127.03824	37.52419
지에프에프지	food	127.03619	37.52510
지에프에프지미튜트빠삐용	food	127.03801	37.52573
지에프패션	shop	127.03797	37.50258
지에프패션씨피컴퍼니도산점	shop	127.03568	37.52363
지에프포라	shop	127.03172	37.51484
지엔시스템	shop	127.03415	37.49444
지엔씨	shop	127.06853	37.49638
지엔와이한스타일	shop	127.05763	37.52245
지엔제트	shop	127.04384	37.50197
지엔지골프스튜디오	activity	127.05428	37.50729
지엔터테인먼트	food	127.03866	37.52640
지엔트레이드	shop	127.04356	37.49933
지엘에프앤비	food	127.05916	37.51183
지엘커머스	shop	127.03566	37.50162
지엘티개발	activity	127.04421	37.51108
지엠골드마스터	shop	127.04718	37.51656
지엠엘도산	shop	127.03652	37.52517
지오	shop	127.05712	37.51295
지오갤러리	shop	127.05313	37.51272
지오넷	shop	127.06162	37.50738
지오다노파르나스몰	shop	127.06080	37.50919
지오또	shop	127.02816	37.51341
지오또산업	shop	127.02816	37.51341
지오바네	bar	127.03612	37.50372
지오바니	shop	127.05213	37.52368
지오안경	shop	127.05977	37.50168
지오에프앤비	cafe	127.05313	37.51272
지오의류	shop	127.05724	37.52163
지오지아	shop	127.05916	37.51183
지오피스문구센타	shop	127.05386	37.49824
지와이비앤컴퍼니주	shop	127.03543	37.52661
지와이에스에프앤비	shop	127.04548	37.51174
지우네	bar	127.03250	37.49029
지우의원	shop	127.02877	37.49874
지우피버주	shop	127.03282	37.52870
지유가오카핫초메	cafe	127.04638	37.50250
지유가오카핫쵸메	food	127.02782	37.50745
지유갤러리	shop	127.03658	37.51764
지유명차	cafe	127.02790	37.52406
지유명차	shop	127.03039	37.49713
지유명차강남	shop	127.08548	37.49237
지은푸드주	shop	127.04763	37.47755
지음약국	shop	127.05846	37.51419
지이니	bar	127.03837	37.50270
지이오안경	shop	127.03098	37.52738
지이인터내셔널	shop	127.10318	37.48676
지이크롯데	shop	127.05326	37.49698
지인에스테틱	shop	127.03832	37.49139
지자케샵	shop	127.02747	37.52737
지제스튜디오	shop	127.03245	37.51723
지제이	stay	127.03201	37.49435
지젤	bar	127.04165	37.50165
지젤어린이수영장	activity	127.05609	37.50253
지지게임존	activity	127.02634	37.50165
지지당구장	activity	127.04177	37.51670
지직	food	127.05483	37.50428
지직스베이프	shop	127.04092	37.52378
지칸	food	127.05144	37.51071
지칸	food	127.06532	37.51634
지케이글로우	activity	127.05553	37.50728
지케이유통	food	127.03576	37.52730
지케이인터내셔널	shop	127.05916	37.51183
지케이지에너지	shop	127.03232	37.52567
지코바	food	127.03512	37.51174
지코바	food	127.04871	37.51411
지코바	food	127.03663	37.49177
지코바대치	food	127.05239	37.49837
지코바자곡	food	127.10540	37.47441
지큐브	stay	127.03853	37.48673
지킴약국	shop	127.05747	37.49806
지킴이	shop	127.05763	37.52245
지테라피	shop	127.05299	37.50618
지티디	shop	127.03740	37.50908
지티에스버거	food	127.02920	37.49974
지티에스버거청담점	food	127.04450	37.52296
지티지엔터프라이즈주	shop	127.03250	37.51122
지티지오페퍼로니유니버스	food	127.05288	37.49796
지파암	shop	127.04100	37.49141
지포어갤러리아명품관	shop	127.04184	37.52791
지포어서울	shop	127.03456	37.52322
지프키즈롯데	shop	127.05326	37.49698
지플렉스골프	activity	127.03923	37.49524
지피갤러리	shop	127.03928	37.52605
지피로지스	shop	127.03571	37.50690
지호네집밥	food	127.05139	37.47265
지호락재	shop	127.06318	37.50069
지호바	shop	127.03074	37.52800
지호식	bar	127.04815	37.47870
지호한방삼계탕	food	127.02661	37.52494
지호한방삼계탕	food	127.04032	37.49287
지호한방삼계탕	food	127.05847	37.51453
지훈텔레콤	shop	127.02721	37.50780
지희	cafe	127.03288	37.48805
직화뚝배기	food	127.03672	37.51686
직화장인	food	127.01941	37.52073
직화한상	food	127.06169	37.50703
직화한상	food	127.05613	37.50582
직화한상스타필드	food	127.05916	37.51183
진가네	food	127.04770	37.47675
진가에프앤비역삼지점	food	127.03758	37.50324
진갤러리	shop	127.05045	37.49572
진경유통	food	127.09480	37.47408
진경컴퍼니	shop	127.03665	37.52128
진고래	food	127.05124	37.50333
진곱도리탕	food	127.03457	37.49565
진금당	shop	127.05194	37.49765
진김밥선정릉역점	food	127.04364	37.51086
진남관	food	127.03091	37.49699
진담	food	127.02159	37.51880
진담옥	food	127.05088	37.50311
진대감	food	127.03444	37.51247
진대감	food	127.04377	37.48555
진대감	food	127.05572	37.51021
진대감	food	127.05398	37.50403
진도리닭도리탕	food	127.02452	37.50724
진도집	food	127.02424	37.50868
진도켄	food	127.02379	37.51888
진돈카츠	food	127.04610	37.52226
진로마트	shop	127.06299	37.49918
진로마트정육	shop	127.06299	37.49918
진리의고기	shop	127.07417	37.49109
진미	food	127.03904	37.51026
진미곰탕	food	127.02068	37.51877
진미김밥	food	127.06856	37.49569
진미도	food	127.04658	37.50324
진미식당	food	127.05483	37.50428
진미식당	food	127.03443	37.50845
진미언양불고기	food	127.05800	37.50872
진미평양냉면	food	127.03606	37.51620
진미함바식당	food	127.04487	37.49394
진밀옥	food	127.05714	37.50820
진바이오	shop	127.05802	37.51937
진바이오텍	shop	127.01985	37.51859
진배족발	food	127.03189	37.52786
진배족발	food	127.02888	37.51388
진사나글로벌	shop	127.03284	37.48966
진선약국	shop	127.05007	37.50291
진선플라워	shop	127.04395	37.49641
진성메디켐	shop	127.05553	37.50728
진성식당	food	127.05069	37.51955
진소울랩	shop	127.03941	37.50869
진소울랩	shop	127.10732	37.47380
진솔루션	shop	127.10591	37.46361
진수사	food	127.04013	37.50284
진수성찬	food	127.05077	37.51938
진시황	food	127.03080	37.51957
진식당	food	127.04479	37.47861
진심왕돈가스개포자이	food	127.06842	37.48615
진심왕돈까스	food	127.05404	37.49782
진심우	food	127.04540	37.52600
진심젤라크림	food	127.02520	37.50575
진심하우스	stay	127.04382	37.49959
진아	bar	127.03373	37.51974
진양재순대	food	127.05439	37.50531
진양재순대	food	127.06535	37.51266
진영뷰티	shop	127.04723	37.50442
진오봉참치	food	127.03074	37.50073
진온더	bar	127.05376	37.50463
진우림	food	127.04464	37.49695
진우에스엠	shop	127.03059	37.49673
진우원	food	127.03646	37.52287
진이찬방청담점	shop	127.05047	37.52300
진저보틀	cafe	127.06150	37.50345
진전복삼계탕	food	127.02999	37.52176
진전복삼계탕	food	127.04012	37.50403
진전복삼계탕	food	127.06050	37.50045
진전복삼계탕강남	food	127.03977	37.51581
진전복삼계탕압구정	food	127.02756	37.52595
진정성금거래소	shop	127.03632	37.50343
진주	shop	127.02831	37.49816
진주미슬미	shop	127.04548	37.47725
진주성	food	127.03770	37.49434
진주정	food	127.03961	37.50641
진지방순대국	food	127.06812	37.49866
진지상회	shop	127.05656	37.51004
진진	food	127.03911	37.49301
진진정보통신	shop	127.03607	37.51254
진짜집밥	food	127.03502	37.49471
진짜해산물	food	127.04287	37.50035
진티엔	food	127.05329	37.50051
진파워텔	shop	127.02832	37.50592
진평면옥	food	127.03146	37.50051
진푸드	food	127.04417	37.50096
진해만어부	shop	127.04526	37.50380
진현대	shop	127.02747	37.52737
진호전기조명	shop	127.04841	37.47909
진후컴퍼니	shop	127.02062	37.51394
진흥수퍼	shop	127.03093	37.51984
진희네가방	shop	127.02831	37.49816
질센더	shop	127.05976	37.50862
질스튜어트롯데	shop	127.05326	37.49698
질할컴퍼니	food	127.05010	37.52522
짐다운짐	activity	127.03173	37.49845
짐로드	activity	127.04854	37.51962
짐모먼트	activity	127.04550	37.48419
짐어스	activity	127.06684	37.48869
짐와이	activity	127.04031	37.51019
짐타운	activity	127.03491	37.52763
짐타운	activity	127.03768	37.52131
짐티	activity	127.03325	37.50036
짐파티	activity	127.05132	37.51740
짐퍼스트청담	activity	127.04718	37.51656
짐포레스트	activity	127.05644	37.52317
짐홀리데이	activity	127.02973	37.51947
집	cafe	127.03581	37.49552
집밥가득드림	food	127.05945	37.50963
집밥연구소오늘	bar	127.04345	37.50497
집밥윤선생	food	127.04026	37.50372
집생로커피	cafe	127.03242	37.52822
집앞	bar	127.05319	37.50032
집현전	stay	127.05255	37.51210
징기스칸晙	food	127.05146	37.50425
짚뿔닭발	food	127.02761	37.50048
짚시	shop	127.02806	37.49862
짚신	food	127.03056	37.49490
짜글이대가강남	food	127.03353	37.50202
짜글이미식회	food	127.03352	37.50972
짜글이의대부	food	127.03712	37.50295
짜오	food	127.03001	37.50518
짜임	shop	127.05590	37.49852
짜장도사	food	127.03803	37.51846
짜장왕왕서방	food	127.02286	37.50956
짝태앤노가리	bar	127.03698	37.49428
짝호텔	stay	127.01965	37.51731
짬뽕지존	food	127.03291	37.49789
짬뽕지존강남	food	127.04024	37.51631
짱가노래연습장	activity	127.02448	37.50616
짱강남	activity	127.02608	37.50207
짱구네	shop	127.06358	37.51074
짱구분식	food	127.05607	37.52386
짱노래연습장	activity	127.04414	37.50485
짱노래클럽	bar	127.03759	37.51679
짱수양꼬치	food	127.10184	37.48802
짱아네숯불치킨	food	127.03170	37.49879
짱오락실강남대로점	activity	127.02684	37.50083
짱이네	food	127.03726	37.50938
째즈	bar	127.03904	37.50699
쪼가리	food	127.02570	37.50763
쪼우진가	food	127.04658	37.50324
쭈꾸미랩소디	food	127.02790	37.50055
쭈꾸미앤낙지	food	127.03352	37.49883
쭈니네츄러스	food	127.03801	37.52573
쭈불앤쭈불	food	127.05945	37.50963
쮸즈	food	127.02462	37.51956
찌개마을	food	127.03007	37.49551
찌개마을시골촌	food	127.03301	37.51158
찌개집	food	127.04386	37.50472
찌개촌	food	127.03459	37.49118
찌글이주의보강남	food	127.03621	37.51054
찐쭈꾸미	food	127.05217	37.50244
찐초밥	food	127.02871	37.50152
차고집	food	127.03586	37.49568
차돌박힌쭈꾸미	food	127.04771	37.50556
차돌삼합진대감	food	127.03721	37.50275
차뜨라므	cafe	127.03756	37.52619
차라리	food	127.03897	37.52653
차만다	food	127.04334	37.48508
차밍바이링고	shop	127.02771	37.50854
차반	food	127.04968	37.52643
차백도	cafe	127.02622	37.50298
차백도강남	food	127.05190	37.49903
차선책서울	food	127.03862	37.52555
차수서역사점카페차	cafe	127.10455	37.48542
차슈밍	food	127.02896	37.49973
차알센터필드	food	127.04136	37.50288
차얌	food	127.06040	37.49911
차오르플라워	shop	127.02983	37.52322
차올바이명옥헌	shop	127.04965	37.52055
차올주	food	127.02299	37.51840
차움마일스톤	food	127.04412	37.52331
차이	food	127.05689	37.51079
차이	bar	127.05477	37.52228
차이나정향	food	127.03670	37.50297
차이나타운	food	127.04696	37.51193
차이룸	food	127.02890	37.49628
차이진	food	127.04263	37.51516
차이향	food	127.03837	37.50270
차차차	bar	127.05053	37.51178
차차차노래연습장	activity	127.04217	37.50518
차찬텡	food	127.02526	37.50526
차텐	food	127.02467	37.51888
차호랑	food	127.05581	37.50446
차호방바이리북방	food	127.05916	37.51183
착수생춘비바채	shop	127.04842	37.49923
착한부자다이어트도시락	food	127.03170	37.50746
착한왕갈비탕	food	127.08269	37.49048
착한족발	food	127.04013	37.50589
착한헬스강남	activity	127.04071	37.51598
착형	cafe	127.10311	37.48732
착형	cafe	127.04487	37.50375
찬금당	shop	127.02333	37.50991
찬란한아구직영사업본부	food	127.03037	37.49484
찬사랑	food	127.04916	37.51404
찬스클로딩	shop	127.03758	37.52501
찬아트컴퍼니	shop	127.02658	37.52139
찬이자카야	food	127.03289	37.51023
찰스앤키스사우스가로수길점	shop	127.02252	37.52189
참나무집	food	127.05030	37.52407
참나찾기수련원	activity	127.04663	37.50548
참누들바	food	127.04225	37.49356
참다한홍삼	shop	127.06141	37.49864
참대식당	food	127.06170	37.48255
참맛갈비살	food	127.03892	37.49122
참맛깔곱창	food	127.03712	37.50295
참맛식당	food	127.02888	37.51388
참미	shop	127.05916	37.49316
참바다수산	shop	127.03267	37.49362
참배나무골역삼지점주	food	127.03636	37.50127
참살이한우	shop	127.06295	37.51693
참숯불화로구이쇠뚜레	food	127.04294	37.50474
참숯불화로구이우리소	food	127.05917	37.50554
참시루떡집	food	127.04710	37.47791
참약국	shop	127.08352	37.48573
참조아	shop	127.02296	37.51006
참족	food	127.03315	37.48875
참존바이오	shop	127.05036	37.51173
참좋은선약국	shop	127.03616	37.50158
참좋은약국	shop	127.05835	37.50874
참좋은온누리약국	shop	127.05834	37.50874
참짐	activity	127.04380	37.49356
참치공간	food	127.05371	37.50361
참치공방강	food	127.03088	37.49503
참치공방선릉지점	food	127.05429	37.50424
참치군마끼양	food	127.05302	37.47473
참치그라와복그라	food	127.04674	37.50499
참치논데	food	127.02055	37.51997
참치대가	food	127.04705	37.47632
참치명가	food	127.05302	37.52458
참치부라더스	food	127.04220	37.50464
참치여행	food	127.04644	37.50585
참치휴인	food	127.03282	37.52870
참토원	shop	127.03614	37.50098
참프루	food	127.04204	37.51023
참피언탁구클럽	activity	127.05190	37.49903
참핏청담점	activity	127.04914	37.52006
참한뽈락	food	127.05483	37.50428
참한우곱창	food	127.05947	37.50685
참한집	food	127.05256	37.50377
참한집논현	food	127.02374	37.50766
참할인마트	shop	127.09102	37.46997
찹스토리	food	127.02286	37.50956
창노래연습장	activity	127.02483	37.50598
창바리한상	food	127.04026	37.50372
창신한우정육식당	shop	127.04076	37.51645
창우수산활새우직판장	food	127.04076	37.51645
창인개발	shop	127.05552	37.52114
창조레저개발	stay	127.06531	37.51116
창텔레콤	shop	127.04799	37.47482
창포	food	127.05411	37.49766
창해식탁	food	127.03046	37.52785
창현약국	shop	127.03933	37.52487
창화당	food	127.05261	37.50158
창화당도산점	food	127.03861	37.52422
창희보석예술관	heritage	127.03014	37.52775
채뜰플라워	shop	127.04386	37.50472
채린	food	127.04790	37.50568
채선당	food	127.06734	37.48875
채선당샤브보트점	food	127.05326	37.49698
채아뷰티	shop	127.04723	37.50442
채온	shop	127.03259	37.49913
채움디	shop	127.05005	37.50576
채움약국	shop	127.03098	37.52738
채움코퍼레이션	shop	127.09997	37.47134
채율	shop	127.02296	37.51904
채화	shop	127.03692	37.51620
챔피온	shop	127.05577	37.52441
챕터원	bar	127.02117	37.52268
챙길케어	shop	127.02625	37.50735
챠코트	shop	127.04652	37.52338
처갓집양념치킨	food	127.08404	37.49355
처갓집양념치킨	food	127.03248	37.50820
처갓집양념치킨	food	127.04323	37.49405
처갓집양념치킨	food	127.04758	37.47615
처갓집양념치킨	food	127.05204	37.49877
처갓집양념치킨	food	127.05340	37.51039
처갓집양념치킨세곡점	food	127.10136	37.46605
처음처럼	bar	127.03941	37.49490
척척바이오랩	shop	127.10717	37.47412
천공	food	127.03803	37.52684
천당노래연습장	activity	127.08657	37.49072
천린	food	127.02811	37.51238
천미미	food	127.02033	37.51738
천미미	food	127.05555	37.50968
천미향	food	127.03430	37.51684
천미향	food	127.06446	37.51360
천비인	food	127.02068	37.51877
천사약국	shop	127.08352	37.48573
천상애장어가	food	127.02581	37.50569
천수민물장어	food	127.04201	37.51434
천안상회	shop	127.02443	37.50825
천용	food	127.04413	37.50232
천원샵	shop	127.02503	37.50463
천일관민이한상	food	127.03219	37.50113
천장지구	cafe	127.03835	37.52217
천진영감	food	127.02709	37.50334
천하일품추어탕	food	127.04274	37.50396
천향푸드	food	127.04228	37.48453
천화동인다이닝	food	127.05446	37.50994
천희푸드	food	127.06476	37.51310
철길부산집압구정	bar	127.03865	37.52755
철따라	food	127.06121	37.49691
철수네포장마차	bar	127.05259	37.49845
철이골프피팅	shop	127.06169	37.50703
철이네조개찜구이	food	127.05416	37.50749
철화	food	127.03343	37.52064
첫번째의원	shop	127.03897	37.52393
청개구리	bar	127.05620	37.50935
청계산갈비살	food	127.03781	37.51677
청국장	food	127.03617	37.52063
청국장과보리밥	food	127.06835	37.48928
청국장서갈비	food	127.05027	37.50249
청기와	food	127.03617	37.52063
청기와아트갤러리	shop	127.04807	37.52227
청기와타운	food	127.03646	37.49900
청기와타운	food	127.05145	37.50333
청년감자탕	food	127.03258	37.49515
청년감자탕순대국	food	127.04663	37.50548
청년다방	food	127.04061	37.51744
청년다방	food	127.05202	37.50421
청년다방	food	127.03047	37.52743
청년떡볶이수서역점	food	127.10184	37.48802
청년볶음밥	food	127.03745	37.50282
청년분식	food	127.03201	37.49240
청년에프앤비	food	127.04407	37.50215
청년의꿈	food	127.04441	37.52273
청년이백순대국	food	127.05892	37.50547
청년정보통신	shop	127.03096	37.51920
청년치킨	food	127.03415	37.49444
청년피자	food	127.04713	37.47933
청담	food	127.04718	37.52252
청담	food	127.04146	37.52450
청담	shop	127.04597	37.51831
청담가온	food	127.03051	37.51981
청담각짜장짬뽕	food	127.03961	37.50641
청담갤러리	shop	127.05522	37.52153
청담고기마을	food	127.03911	37.49301
청담고수청담	food	127.04863	37.52506
청담고운세상닥터지피부과의원	shop	127.03775	37.52235
청담고운세상코스메틱	shop	127.03775	37.52235
청담골	food	127.04342	37.52268
청담골든스페이스	food	127.05202	37.52539
청담골반상	food	127.03904	37.51026
청담골반상	food	127.05027	37.52527
청담곱창	food	127.04794	37.52207
청담과	shop	127.04674	37.51761
청담궁	bar	127.04465	37.52297
청담그롬	food	127.05626	37.52349
청담근린공원	nature	127.05262	37.52135
청담김윤식	food	127.04775	37.52555
청담까츠	food	127.04060	37.51669
청담꽃뎅	food	127.05027	37.52527
청담꽃화원	shop	127.05105	37.51075
청담나이트클럽	bar	127.05419	37.52376
청담나인	food	127.05186	37.51664
청담나인한우	food	127.03034	37.52158
청담다나약국	shop	127.04083	37.52745
청담다이아몬드	shop	127.04022	37.52722
청담더약국	shop	127.04045	37.52644
청담더코스	food	127.04309	37.52670
청담도로공원	nature	127.06281	37.52069
청담도시락	food	127.04968	37.52643
청담돈가스	food	127.03007	37.49554
청담동	bar	127.03493	37.51680
청담디저트	cafe	127.04674	37.51761
청담떡볶이	food	127.05763	37.52245
청담마	shop	127.05763	37.52245
청담마카롱	food	127.04928	37.52226
청담만옥	food	127.04160	37.52422
청담맥주	bar	127.03724	37.52117
청담머구리	food	127.03796	37.52204
청담메디웰약국	shop	127.04802	37.52360
청담메디컬	shop	127.04139	37.51780
청담메딕스	shop	127.04139	37.51780
청담명약국	shop	127.05046	37.51915
청담몽	food	127.05097	37.52595
청담무신장어	food	127.05069	37.52575
청담미미계	food	127.04889	37.51999
청담미역	food	127.05497	37.52203
청담미역	food	127.02541	37.52485
청담미인뷰티스토리	shop	127.06451	37.51586
청담바른약국	shop	127.04518	37.51817
청담바른짐	activity	127.04717	37.52229
청담반점	food	127.04636	37.51864
청담반점	food	127.03531	37.52756
청담밝은약국	shop	127.04374	37.51152
청담배짱이	food	127.03369	37.49063
청담백송	food	127.05204	37.52382
청담별빛약국	shop	127.04938	37.51894
청담보쌈	food	127.04201	37.51450
청담본약국	shop	127.05552	37.52114
청담뷰티화장품	shop	127.04895	37.52476
청담비담	food	127.05237	37.52517
청담비엔나안경	shop	127.05713	37.52179
청담빌딩	shop	127.04573	37.52437
청담사랑온누리약국	shop	127.05063	37.51624
청담산업주	food	127.05200	37.51953
청담소	food	127.05620	37.50277
청담소망약국	shop	127.04571	37.51830
청담소반	food	127.04024	37.49650
청담소쿠리촌	bar	127.04862	37.52371
청담솥밥	food	127.05003	37.51835
청담수	food	127.05916	37.49316
청담수약국	shop	127.04663	37.51842
청담수연고래	food	127.04610	37.52226
청담수청담역점	food	127.05003	37.51835
청담순두부	food	127.03837	37.52442
청담순두부두부공방	food	127.03837	37.52442
청담슈슈	shop	127.05421	37.52002
청담스시	food	127.05102	37.51872
청담스크린	activity	127.03697	37.52304
청담스킨케어	shop	127.04597	37.51831
청담스테이	stay	127.04428	37.52161
청담스테이숲틈집	stay	127.05181	37.51704
청담아이스코스메틱	shop	127.04965	37.52055
청담아티젠에스테틱	shop	127.04006	37.52474
청담안주	food	127.05365	37.52713
청담알뜰폰프라자	shop	127.04947	37.52480
청담애드	food	127.05059	37.52605
청담애비뉴마인	shop	127.05070	37.52496
청담애비뉴타임	shop	127.05070	37.52496
청담약국	shop	127.05079	37.51918
청담에프앤디	food	127.05649	37.52291
청담엑티브짐	activity	127.04968	37.52643
청담엔약국	shop	127.03811	37.52244
청담엘약국	shop	127.05742	37.52126
청담여백	food	127.04095	37.52519
청담여제갈비	food	127.04718	37.52348
청담영양센터	food	127.05200	37.51953
청담오뎅	bar	127.04877	37.51243
청담오뎅	food	127.04225	37.51571
청담오라클피부과성형외과의원	shop	127.04376	37.51158
청담오후	food	127.04116	37.51821
청담와이약국	shop	127.04723	37.52525
청담우	food	127.02943	37.51903
청담우애	food	127.04892	37.52355
청담우헌	food	127.04318	37.52254
청담원	activity	127.04890	37.52406
청담원에프앤비	shop	127.04890	37.52406
청담윈	food	127.04926	37.51998
청담유노추보	food	127.02193	37.52126
청담유통	food	127.02968	37.52059
청담육수원조양평해장국더청담	food	127.05683	37.52241
청담윤	food	127.04433	37.52480
청담은피부과의원	shop	127.04103	37.52437
청담이로	shop	127.05080	37.52611
청담이북인절미	shop	127.04968	37.52643
청담이상블랙압구정	bar	127.03690	37.52571
청담이상에프엔비	bar	127.05007	37.52544
청담이안건강기능식품	shop	127.06074	37.48284
청담이화약국	shop	127.04333	37.51567
청담이화포차	bar	127.05161	37.52536
청담장수한약국	shop	127.05020	37.52505
청담정국	food	127.05763	37.52245
청담제주물항	food	127.05128	37.48676
청담제주물항	food	127.05243	37.52574
청담족발	food	127.03392	37.50172
청담주먹고기	food	127.03709	37.52089
청담주문진항	food	127.04167	37.51764
청담죽	shop	127.05763	37.52245
청담중앙소곱창	food	127.04906	37.52512
청담쥬넥스피부과의원	shop	127.04329	37.52403
청담짐	activity	127.04802	37.52500
청담쭈꾸미	food	127.02526	37.50526
청담채한복나라	shop	127.04222	37.52191
청담카렐음악연습실	cafe	127.04968	37.52643
청담캠핑	shop	127.04506	37.52359
청담커피	cafe	127.05088	37.50421
청담커피앤토스트	food	127.04526	37.50380
청담케이팜약국	shop	127.03837	37.52336
청담퀸즈케어	shop	127.03861	37.52422
청담큐골프랩	activity	127.04354	37.52407
청담클라쓰	food	127.04325	37.52280
청담탕후루	food	127.04968	37.52643
청담통신	shop	127.04674	37.51761
청담트리니티갤러리	shop	127.04977	37.52124
청담티아카데미	activity	127.05763	37.52245
청담패션거리	heritage	127.04432	37.52555
청담펫츠	shop	127.03992	37.52013
청담푸드빌주	food	127.05515	37.52248
청담프라그랑스	shop	127.05713	37.52179
청담피플	food	127.04757	37.52526
청담하늘	food	127.04068	37.52695
청담하이	bar	127.05259	37.52530
청담항	food	127.05649	37.52291
청담핸드폰	shop	127.03948	37.52145
청담호프	bar	127.04465	37.52297
청담희망약국	shop	127.04013	37.51735
청담히	food	127.05641	37.51902
청라	food	127.04236	37.51779
청량불닭발	food	127.04225	37.51571
청록미나리	food	127.04238	37.50496
청룡	shop	127.06591	37.49962
청마유통개발	shop	127.05016	37.51972
청목	food	127.03170	37.49879
청미심	food	127.04708	37.52601
청불천막집	bar	127.02452	37.50683
청사포산꼼장어	food	127.03828	37.52197
청석	stay	127.04689	37.51084
청석골	food	127.05988	37.50611
청석골식당	food	127.03207	37.51984
청솔마트	food	127.02981	37.49967
청송당구장	activity	127.08137	37.49020
청송숯불화로구이	food	127.03904	37.51026
청송일식	food	127.07878	37.49413
청수횟집	food	127.03496	37.50128
청숫골	food	127.05007	37.52059
청숫골보리밥쌈밥	food	127.05030	37.51934
청실문구	shop	127.05916	37.49316
청실식당	food	127.05916	37.49316
청실홍실	food	127.04565	37.48406
청아샘플라워즈	shop	127.03483	37.49145
청아약국	shop	127.02996	37.51495
청애당옥	cafe	127.02044	37.52011
청양칼국수	food	127.03193	37.51952
청오	cafe	127.05824	37.50605
청와옥본사직영	food	127.03572	37.51628
청우미트	shop	127.04225	37.51571
청우미트주	shop	127.04225	37.51571
청운각	food	127.04361	37.50494
청운시앤디	shop	127.03954	37.50261
청운한식	food	127.05068	37.48814
청월객잔	food	127.02382	37.50894
청월관	food	127.04976	37.48761
청음	shop	127.05471	37.47428
청자골	food	127.05611	37.50367
청자매운소돼지갈비찜	food	127.01967	37.51912
청작화랑	heritage	127.02349	37.52430
청초수네이쳐스테이	food	127.02746	37.52498
청초수에프앤비	food	127.02746	37.52498
청춘극장	food	127.05062	37.51167
청춘김치찌개	food	127.04216	37.49988
청춘닭꼬치논현	bar	127.02418	37.50813
청춘닭볶이	food	127.05240	37.50197
청춘양꼬치포차	bar	127.02440	37.50802
청춘어람	food	127.04886	37.50330
청춘어부	food	127.04494	37.52322
청춘에프앤비	food	127.03327	37.50371
청춘커피	cafe	127.02215	37.51585
청춘포자	bar	127.04536	37.51143
청평숯불갈비	food	127.02494	37.50587
청풍대영	shop	127.05448	37.47469
청호	activity	127.03617	37.52063
청호나이스뷰티강남지사	shop	127.03415	37.50065
청화당엘지엔중식당청화당롯데강남점	food	127.05326	37.49698
청화랑	heritage	127.04765	37.52274
청화스테이선정릉	stay	127.04075	37.51003
청흥문화체육진흥원	activity	127.06796	37.48924
체	bar	127.02924	37.51933
체리블라썸	shop	127.05540	37.52410
체리쉬	shop	127.03790	37.50618
체바오트푸드	food	127.04136	37.50288
체어파크	shop	127.04723	37.52525
체어파크논현	shop	127.02357	37.51230
체인팝스	shop	127.03665	37.48592
첼시	shop	127.03739	37.52372
첼시스하이볼	bar	127.04920	37.52542
쳐비스	food	127.03750	37.52792
초가마을	food	127.04043	37.49661
초가집	food	127.05187	37.51136
초가집	food	127.03397	37.49600
초가집삼계탕	food	127.04722	37.50556
초량돼지	food	127.06576	37.50861
초록당구장	activity	127.05289	37.50100
초록밭	food	127.05163	37.49958
초록뱀컴퍼니유리사업본부	cafe	127.04103	37.52288
초록작업실	food	127.03436	37.48532
초록하다	food	127.05465	37.50984
초류향	food	127.04879	37.50342
초밥에진심회전초밥강남	food	127.10718	37.47415
초밥집	food	127.05764	37.52092
초심한우정육식당	food	127.03670	37.52101
초아국수	food	127.04100	37.49602
초아보석	shop	127.02638	37.52211
초아에프앤비주	food	127.05539	37.50691
초원	food	127.10732	37.46323
초원밥상	food	127.03951	37.49662
초원복집	food	127.10311	37.48732
초원양꼬치	bar	127.08411	37.48997
초원족발	food	127.05692	37.50850
초월관	food	127.03572	37.51628
초의한복	shop	127.04870	37.52331
초이다이닝	food	127.02570	37.50424
초이빌리지	food	127.04286	37.50342
초이스반영구협회	shop	127.03834	37.51657
초이진	shop	127.03997	37.51987
초인	shop	127.03918	37.50750
초장집	food	127.05277	37.50380
초장집	food	127.08372	37.48982
초장집매봉역점	food	127.04390	37.48529
초장집신사가로수길점	food	127.02233	37.51762
초장집압구정별관	food	127.03744	37.52681
초코동	food	127.01976	37.51895
초회장집	food	127.02566	37.50356
촌	food	127.02171	37.51795
촌구석	food	127.04292	37.49841
촌돼지마을	food	127.04769	37.50453
촌집보쌈	food	127.04207	37.49332
총각네	shop	127.04799	37.49856
총각네	shop	127.02511	37.53109
총각네강남	shop	127.04674	37.51761
총각네대치역점	shop	127.06035	37.49368
총각네삼성힐스테이트	shop	127.05124	37.51273
총각네청담점	shop	127.04906	37.52512
최가남도마당	food	127.07878	37.49413
최가네	food	127.05436	37.50185
최가네버섯매운탕칼국수	food	127.05394	37.49795
최가네버섯매운탕칼국수	food	127.03820	37.52546
최가네샤브샤브버섯칼국수강남	food	127.02904	37.49943
최강곱도리탕	food	127.03745	37.50282
최강어묵	food	127.02831	37.49816
최고의밥상	food	127.02131	37.51795
최대패	food	127.04227	37.50055
최셰프연구소	food	127.03712	37.50295
최쉐프초밥가게	food	127.02960	37.49964
최완욱골프연구소	activity	127.03496	37.51362
최유미서울콜렉션	shop	127.04770	37.52295
최은숙부띠끄	shop	127.04757	37.52260
최인아책방	shop	127.04791	37.50605
최전방부대찌개	food	127.03617	37.52063
최정참치	food	127.02452	37.51900
최하라테라피	shop	127.10448	37.48856
최형숙웰빙케어	shop	127.07965	37.49434
최혜민	stay	127.03381	37.49819
쵸이닷	food	127.04657	37.52451
쵸코렛파트너스	food	127.04471	37.51449
추억속으로	bar	127.03701	37.49497
추억의냉삼	food	127.04361	37.50494
추억의떡볶이	food	127.06096	37.49418
추억의오뎅바	bar	127.05888	37.49294
추오정남원추어탕	food	127.10402	37.48141
추포도	food	127.09844	37.48573
추풍령칼삼겹살	food	127.03810	37.52594
축산사랑	shop	127.05174	37.49728
축제노래연습장	activity	127.02374	37.50766
춘리	food	127.03840	37.50950
춘리마라탕	food	127.02485	37.52484
춘리마라탕	food	127.02634	37.50165
춘만두	food	127.03544	37.49434
춘몽	food	127.03799	37.52449
춘식당	food	127.02595	37.52014
춘여닭숯불닭갈비	food	127.03547	37.49361
춘천닭갈비	food	127.10004	37.46682
춘천닭갈비	food	127.06128	37.48292
춘천닭갈비	food	127.08239	37.48943
춘천명물닭갈비	food	127.04797	37.47784
춘천숯불닭갈비	food	127.02806	37.50010
춘풍월	bar	127.02832	37.53360
춘하추동밀면논현	food	127.03617	37.52063
춘하추동밀면대치	food	127.05579	37.50406
춘향골남원추어탕수서점	food	127.10184	37.48802
춘화포차	food	127.06182	37.48266
춤사	bar	127.02054	37.51437
충남반찬	shop	127.02382	37.50894
충남야채	shop	127.05159	37.49755
충무깁밥	food	127.03074	37.52800
충무상회	food	127.03012	37.52660
충주시청충주씨	shop	127.02849	37.52643
충현교회유지재단재	shop	127.03762	37.50533
취원	food	127.03284	37.50063
취원플라워갤러리	shop	127.06533	37.50659
취향마라마라탕	food	127.03683	37.50244
취화헌	food	127.05778	37.50528
츄라우미	food	127.04031	37.50334
츄르	shop	127.03602	37.50513
츄르스튜디오	shop	127.05328	37.50674
츄스퀘어드	food	127.03760	37.50726
츄우카	food	127.03661	37.52639
츠보나베	food	127.03842	37.50953
츠케도	food	127.02951	37.49986
츠키요와	food	127.04147	37.52613
치마	bar	127.02053	37.51437
치마오	food	127.10184	37.48802
치마오	food	127.07965	37.49434
치바오스타필드코엑스몰	food	127.05860	37.51024
치보	food	127.02747	37.52737
치보강남	food	127.02084	37.51802
치솟	food	127.03669	37.50369
치스타	food	127.02634	37.50301
치어스	bar	127.03531	37.52756
치원	food	127.05573	37.52450
치유성형외과의원	shop	127.02102	37.51628
치유약국	shop	127.02854	37.52199
치유에프앤비	food	127.03618	37.52529
치유플라워	shop	127.03583	37.50553
치즈룸	food	127.02887	37.52532
치찌	food	127.06646	37.50825
치키차카초코강남	cafe	127.02535	37.50604
치킨공식	food	127.03662	37.49881
치킨더비학동역점	food	127.03350	37.51448
치킨두	bar	127.04914	37.52532
치킨매니아수서	food	127.09726	37.48577
치킨뱅이	food	127.02819	37.51389
치킨뱅이	food	127.02261	37.51789
치킨뱅이	food	127.06559	37.50796
치킨뱅이	food	127.06489	37.51387
치킨신드롬	food	127.03842	37.50953
치킨이맛있는집	food	127.04796	37.47644
치킨잇수다	food	127.05739	37.51055
치킨클라쓰	food	127.04771	37.50556
치터스	food	127.04547	37.48558
치토스	bar	127.03878	37.52731
치포샌드위치	food	127.05036	37.51122
치폴라로쏘삼성	food	127.06040	37.51531
치폴리니	food	127.03352	37.50972
칙바이칙	food	127.04780	37.50621
칙피스	food	127.02473	37.51913
친구	food	127.03883	37.49511
친구포차	bar	127.03125	37.49500
친신마라탕	food	127.03381	37.49819
친절한약국신논현역	shop	127.02503	37.50497
친친	food	127.05075	37.50614
친환경농산물	shop	127.06765	37.48885
친환경도자기젠	shop	127.03673	37.49084
친환경상품	shop	127.05976	37.50862
칠	bar	127.02435	37.50784
칠랑고	food	127.05271	37.50259
칠렉스전자담배	shop	127.02726	37.50726
칠리향마라탕	food	127.06040	37.49911
칠리향마라탕	food	127.05222	37.50364
칠리향마라탕	food	127.05835	37.49880
칠링	cafe	127.03690	37.52571
칠링신사	food	127.02015	37.51869
칠선장원	food	127.04316	37.48284
칠성집	food	127.03503	37.50409
칠일사샵	shop	127.02651	37.50943
칠칠	shop	127.04161	37.50998
칠프로칠백식당역삼	food	127.04278	37.50075
카가리	food	127.04401	37.52267
카나이	shop	127.03402	37.50633
카낼	shop	127.03484	37.52263
카낼웰라이프	shop	127.02708	37.51818
카넘버	shop	127.05824	37.50605
카네	shop	127.04249	37.48363
카네	shop	127.03948	37.51497
카네	shop	127.03502	37.49015
카노	activity	127.03924	37.50377
카니발	bar	127.03632	37.52111
카드냥	shop	127.03773	37.49679
카드냥토너먼트센터	shop	127.03775	37.50292
카라	activity	127.04305	37.50036
카라멜플라워	shop	127.06719	37.48905
카라바지오	cafe	127.04389	37.49715
카라커뮤니케이션	shop	127.02613	37.50925
카레공간	food	127.05534	37.50506
카레데이	food	127.04359	37.49292
카레마치	food	127.06594	37.50795
카레샵단풍	food	127.03865	37.52565
카론바이오	shop	127.02362	37.51117
카르텔한국가구	shop	127.03375	37.52615
카르트서울	shop	127.04078	37.52456
카린지린가네	food	127.02700	37.50273
카린지린가네	bar	127.05388	37.50345
카린지린가네스낵바뱅뱅	bar	127.03305	37.48928
카마도	food	127.05378	37.50378
카마바	food	127.04255	37.52186
카메스시	food	127.04176	37.51386
카메참치	food	127.03654	37.50337
카멜커피	cafe	127.03601	37.52350
카멜커피	cafe	127.03459	37.52517
카모스삼송빵집신논현역점	shop	127.02503	37.50463
카미더가든	cafe	127.03503	37.50426
카미야	shop	127.01965	37.52475
카바나	bar	127.03770	37.52685
카발	food	127.05070	37.50268
카베하네	cafe	127.03225	37.52793
카본	food	127.04432	37.52236
카비스트	shop	127.06384	37.50543
카사아지오	food	127.03935	37.50363
카산도	food	127.02217	37.51665
카소미야	food	127.05548	37.50809
카스광장	bar	127.03141	37.51976
카스라인	shop	127.05824	37.50605
카스랑	bar	127.04877	37.47755
카시나주	shop	127.03450	37.52553
카야루	food	127.05024	37.50346
카와세미	bar	127.03654	37.52323
카우베이프	shop	127.02069	37.51695
카우보이	activity	127.03878	37.50310
카우치	shop	127.05945	37.50963
카이	food	127.03200	37.49759
카이	shop	127.02445	37.52052
카이노스	cafe	127.02431	37.51226
카이로식품	shop	127.04962	37.47941
카이리스	shop	127.04006	37.52474
카이성형외과의원	shop	127.04044	37.52601
카이센클럽	bar	127.03495	37.52661
카이쇼	food	127.04077	37.52271
카이수산	food	127.03572	37.50993
카이슌	food	127.04199	37.51907
카이오	food	127.03775	37.50991
카이카츠	food	127.03759	37.51679
카이퍼에프앤비	food	127.03768	37.52131
카인드엉클즈	shop	127.04086	37.51907
카즈야	food	127.03843	37.50203
카츠공방	food	127.02659	37.50223
카츠공방신사역점	food	127.02377	37.51681
카츠공방학동역점	food	127.02960	37.51460
카츠노미	food	127.03985	37.49717
카츠로우	food	127.04749	37.52243
카츠반	food	127.03623	37.50940
카츠선명	food	127.05335	37.51165
카츠쇼신	food	127.03237	37.49993
카츠야	food	127.04818	37.52556
카츠오도	food	127.05461	37.50392
카츠오우	food	127.03153	37.52184
카츠오우	food	127.03301	37.49198
카츠오우	food	127.04508	37.48465
카츠왕	food	127.02929	37.49766
카츠왕강남	food	127.02884	37.49938
카츠젠	food	127.05027	37.50302
카츠조선	food	127.05339	37.49988
카카오빈	cafe	127.02359	37.52127
카카오칩	shop	127.05447	37.49780
카쿠레가역삼	food	127.03291	37.49789
카타죠우	bar	127.03962	37.50390
카터바닐라	shop	127.03676	37.52683
카토멘	food	127.05427	37.50416
카티아조랩	shop	127.02258	37.51960
카파노	food	127.08243	37.49110
카파스호텔	stay	127.04115	37.50158
카파쓰	stay	127.04113	37.50152
카페	cafe	127.03941	37.48889
카페게이트강남역	cafe	127.02929	37.49766
카페게이트논현역점	cafe	127.02333	37.50991
카페고리	cafe	127.04830	37.47973
카페구오	cafe	127.02060	37.51956
카페그라노	cafe	127.05328	37.50013
카페그라운드	bar	127.04078	37.52456
카페글락	cafe	127.05491	37.52057
카페꼬미	cafe	127.04470	37.50665
카페넘버스	food	127.05010	37.47314
카페놀다	cafe	127.03554	37.49099
카페누아르	shop	127.03673	37.49470
카페뉴	cafe	127.04997	37.50442
카페달꼬미	cafe	127.02555	37.50778
카페달달	cafe	127.06856	37.49569
카페더스크	cafe	127.02648	37.52449
카페더아르떼코인	cafe	127.05202	37.50421
카페더육삼공	cafe	127.08311	37.49151
카페더하리	cafe	127.06630	37.50418
카페데베르	cafe	127.04134	37.49719
카페델꼬또네	cafe	127.04059	37.51840
카페델라루즈	food	127.03273	37.52012
카페두레브	cafe	127.09922	37.46680
카페드나탈리역삼	cafe	127.03435	37.49863
카페드래더	cafe	127.09975	37.46641
카페드마레	cafe	127.03965	37.51579
카페드모네	food	127.04604	37.52737
카페드몽슈슈	food	127.03651	37.50002
카페드빈티지	cafe	127.03635	37.50527
카페디퍼	cafe	127.05483	37.50428
카페딜라잇	cafe	127.05331	37.50225
카페띠아모	cafe	127.03813	37.48638
카페런	cafe	127.03616	37.50158
카페레아	cafe	127.08145	37.49005
카페레이어	cafe	127.03833	37.50444
카페로빈	cafe	127.10416	37.46438
카페로얄마카롱신사역점	food	127.02037	37.51707
카페로온봄	cafe	127.10503	37.47477
카페로즈우드	cafe	127.08660	37.48549
카페로코	cafe	127.03547	37.50651
카페루스터	cafe	127.03936	37.50003
카페루치아	cafe	127.02716	37.52195
카페루카	cafe	127.03947	37.51109
카페르뷰	food	127.06337	37.50500
카페리브롱	food	127.05378	37.51007
카페리빈	cafe	127.02822	37.51174
카페리빈	cafe	127.03847	37.49535
카페리빈	cafe	127.04842	37.49923
카페리빈	cafe	127.04388	37.50224
카페리빈강남	cafe	127.03246	37.49057
카페리에또	cafe	127.08978	37.48484
카페리프	cafe	127.03098	37.52738
카페리프	cafe	127.03293	37.49448
카페린	cafe	127.04642	37.51879
카페마리	cafe	127.03071	37.52509
카페마마스	cafe	127.03682	37.49898
카페마마스	food	127.05977	37.51311
카페마마스딜리버리논현	food	127.03352	37.50972
카페마마스키친역삼센터필드점	food	127.04136	37.50288
카페마스카라	cafe	127.08683	37.49214
카페만월경	cafe	127.03024	37.52694
카페만월경대치	activity	127.05925	37.49973
카페맞닿은	cafe	127.06274	37.50765
카페머머	cafe	127.06421	37.51078
카페멜로우	cafe	127.02323	37.52427
카페무드	cafe	127.03816	37.50793
카페무라노	cafe	127.02671	37.50390
카페뮤제오	cafe	127.02238	37.52255
카페미뇽수서역점	cafe	127.10185	37.48739
카페밀브리지	cafe	127.03132	37.49324
카페밀키	cafe	127.03414	37.49599
카페바바바	cafe	127.02567	37.50682
카페밤	cafe	127.10711	37.47443
카페버니베어	food	127.05906	37.49970
카페베네논현역점	cafe	127.02156	37.51157
카페베네청담영동점	cafe	127.05255	37.52515
카페베르가모	cafe	127.03290	37.49562
카페베르떼	cafe	127.04400	37.51142
카페베이직먼트	cafe	127.03713	37.52182
카페보보	cafe	127.04973	37.49421
카페보스강남	cafe	127.02584	37.51914
카페봄봄	cafe	127.05007	37.50291
카페봄봄삼성	cafe	127.05040	37.51192
카페브릭	cafe	127.03205	37.51648
카페블레싱	cafe	127.06591	37.49962
카페블루	cafe	127.03400	37.50037
카페비밀	food	127.04507	37.48271
카페쁠레노	cafe	127.04081	37.51930
카페삼삼	cafe	127.02103	37.51367
카페샌드플래닛	food	127.03790	37.50618
카페샘	cafe	127.02908	37.52042
카페스몰띵	cafe	127.03638	37.52099
카페스토리	cafe	127.07062	37.49992
카페시그니처	cafe	127.03600	37.50764
카페아미	cafe	127.03437	37.51306
카페아트엔	cafe	127.03118	37.52719
카페아흘라마	cafe	127.05744	37.49821
카페안나	cafe	127.05030	37.52407
카페알로하	cafe	127.02001	37.52258
카페알케미	cafe	127.08724	37.49125
카페앤디카프	shop	127.04673	37.51213
카페어거스트	cafe	127.04916	37.50560
카페에스파니	cafe	127.06420	37.51397
카페엘리에나	cafe	127.03142	37.51110
카페엠	cafe	127.05188	37.51669
카페연무장	shop	127.02937	37.52394
카페열두시	cafe	127.05666	37.50220
카페예노	cafe	127.05531	37.52221
카페오늘	cafe	127.04854	37.52277
카페오아시아사회적협동조합포레카포스코	cafe	127.05613	37.50582
카페온	cafe	127.03712	37.50295
카페온화	cafe	127.02711	37.50244
카페올	cafe	127.04743	37.47628
카페요아정	food	127.04837	37.47946
카페요아정	food	127.02501	37.52383
카페요아정	food	127.03537	37.49374
카페요아정세곡점	food	127.10004	37.46682
카페요아정수서역점	food	127.10448	37.48856
카페요아정압구정	food	127.03721	37.52798
카페유	cafe	127.04497	37.49709
카페유유히	cafe	127.02441	37.50991
카페이레	food	127.06552	37.51167
카페이안	cafe	127.03363	37.49748
카페이탈리아노	shop	127.06591	37.49962
카페인산죽염	food	127.05565	37.49146
카페인중독	cafe	127.03304	37.50409
카페일라로	cafe	127.06192	37.51371
카페자몽	food	127.05511	37.51039
카페정오	cafe	127.03723	37.50773
카페제이율현점	food	127.10682	37.47179
카페조이	cafe	127.10367	37.47411
카페지오	cafe	127.06556	37.51050
카페차이로하	cafe	127.05121	37.50234
카페차이수서로즈데일점	cafe	127.10311	37.48732
카페청	cafe	127.05916	37.49316
카페첼리스타	cafe	127.03981	37.51043
카페카르페디엠	cafe	127.08326	37.48995
카페카이브	cafe	127.02239	37.52116
카페캠프통	cafe	127.03530	37.52707
카페커넥티드	cafe	127.06553	37.48797
카페컬렉터	cafe	127.03825	37.52252
카페코너	cafe	127.04028	37.51798
카페코너	cafe	127.03034	37.51596
카페코넌	cafe	127.03614	37.50849
카페쿠담	cafe	127.05548	37.50809
카페클로츠	cafe	127.03240	37.52001
카페키츠네서울	cafe	127.02275	37.51965
카페테라	cafe	127.06533	37.50659
카페테리아	cafe	127.06553	37.48797
카페포레	cafe	127.03903	37.50278
카페포레스트	cafe	127.08694	37.49081
카페포엠	cafe	127.04433	37.50453
카페포엠	cafe	127.02098	37.52231
카페폴라리스	cafe	127.05813	37.50208
카페프라미스	cafe	127.02589	37.50527
카페프렌즈	cafe	127.02849	37.52643
카페플랫	cafe	127.03419	37.50108
카페피노사	cafe	127.03433	37.50462
카페필	cafe	127.03892	37.49788
카페필트레	cafe	127.04646	37.50411
카페해온	cafe	127.04141	37.50126
카페홈즈	cafe	127.03339	37.51369
카페휘난	cafe	127.04797	37.47829
카펜터스	bar	127.04851	37.52528
카피앤토너	shop	127.04658	37.47929
칸	bar	127.06161	37.51422
칸꼬시	bar	127.03405	37.49075
칸나	shop	127.03887	37.49356
칸나닭집	food	127.03076	37.49475
칸나칼국수	food	127.03076	37.49475
칸노래연습장	activity	127.02080	37.51750
칸트의시간	cafe	127.07004	37.49856
칸트푸드	shop	127.03068	37.49615
칸티나	shop	127.04663	37.48280
칸티뿌르레스토랑	food	127.04001	37.52427
칸틴	cafe	127.04359	37.50166
칸틴삼성	cafe	127.05540	37.51162
칼국수	food	127.05259	37.52530
칼라	bar	127.05882	37.50635
칼라텍스타일	shop	127.04060	37.49678
칼로리바다이어트대치	shop	127.04842	37.49923
칼리아	cafe	127.02716	37.52195
칼리아	shop	127.10503	37.47477
칼마커피	cafe	127.03185	37.49173
칼바도스가든	bar	127.04372	37.52254
칼슨	shop	127.06657	37.50774
칼없는정육점	shop	127.09427	37.48400
칼츠	shop	127.03014	37.52775
칼하트신사동	shop	127.02247	37.52008
캄파넬라	shop	127.03891	37.52713
캉가루당구장	activity	127.05824	37.50824
캉골	shop	127.05326	37.49698
캉골롯데	shop	127.05326	37.49698
캉카스	shop	127.04927	37.51218
캐논플렉스	shop	127.03573	37.50818
캐디엑스	activity	127.03981	37.49546
캐롬당구클럽	activity	127.06584	37.50837
캐리마켓가로수길지점	shop	127.02317	37.52102
캐리스노트	shop	127.05326	37.49698
캐릭터그루밍	shop	127.05185	37.48692
캐비넷스토어	shop	127.02472	37.51976
캐비스트리	bar	127.03115	37.52248
캐서린	shop	127.06591	37.49962
캐슬	bar	127.04915	37.50520
캐슬	bar	127.05708	37.50879
캐슬인터네셔널강	food	127.02741	37.50238
캐슬파인	stay	127.04043	37.49661
캐시미어라운지	shop	127.02221	37.51224
캐씨현수인터내셔널	shop	127.03650	37.49130
캐어리	shop	127.03916	37.48559
캐주얼김밥	food	127.04658	37.50324
캐치필라테스	activity	127.04067	37.51822
캐칭몬	shop	127.03110	37.49436
캔갈비	food	127.04095	37.49290
캔버스	shop	127.02806	37.49862
캔버스엔갤러리	shop	127.03603	37.52754
캔버스케이크컴퍼니	food	127.03752	37.52462
캔픽	cafe	127.05378	37.51007
캘러웨이현대백화점무역	shop	127.05976	37.50862
캘리더델리청담	food	127.04042	37.52625
캘리럭셔리	stay	127.04522	37.50676
캘리롤리	food	127.02960	37.49964
캘리스코리퍼크메리츠타워	cafe	127.02862	37.49705
캘리스코사보텐	food	127.04553	37.50308
캘리스코사보텐	food	127.03662	37.49881
캘리스코사보텐	food	127.05916	37.51183
캘리스코사보텐	food	127.06161	37.49881
캘리스코사보텐압구정	food	127.02975	37.52561
캘리스코타코벨	food	127.03646	37.49900
캘리포니아드림	shop	127.05243	37.51250
캘리포니아뜰	food	127.02928	37.53154
캘리포니아모텔	stay	127.05144	37.50665
캘리포니아미형	shop	127.04830	37.50528
캘리포니아보이	food	127.03987	37.49378
캘리포니아치킨	food	127.01989	37.52187
캘빈클라인언더웨어	shop	127.05976	37.50862
캘빈클라인언더웨어	shop	127.05916	37.51183
캘빈클라인진	shop	127.05976	37.50862
캘빈클라인현대무역여성	shop	127.05976	37.50862
캘빈클라인현대무역점남성	shop	127.05976	37.50862
캠브리지	shop	127.05326	37.49698
캠브리지맴버스	shop	127.02938	37.49806
캠토토스트	food	127.05004	37.47629
캠퍼스호텔	stay	127.02921	37.49731
캠프	shop	127.03622	37.52706
캠핑고양이	cafe	127.05027	37.50249
캠핑고양이	activity	127.03484	37.48797
캠핑웨이	shop	127.05471	37.47428
캠핑인더라운지티톤브로스	shop	127.04558	37.52489
캠핑칼삼겹강남	food	127.03201	37.49240
캡틴모바일	shop	127.06086	37.49835
캡틴브릭	shop	127.08344	37.48290
캣썸	shop	127.05429	37.50424
캥거루유통	shop	127.05298	37.52703
캥거루짐	activity	127.03554	37.53192
캥거루풋볼	activity	127.06796	37.48924
커리인	food	127.06552	37.51167
커맛타이니브라운	cafe	127.03584	37.50487
커머스앤	shop	127.03053	37.49848
커먼바이크	shop	127.03698	37.50317
커먼위켄드	food	127.02736	37.50283
커먼위켄드강	food	127.02772	37.50274
커뮤니언	shop	127.02685	37.50979
커밍순	food	127.03648	37.52501
커버넌	shop	127.07965	37.49434
커브	shop	127.03259	37.49913
커브	food	127.04449	37.52637
커브스세곡클럽	activity	127.10078	37.46679
커스텀커피	cafe	127.07417	37.49109
커스텀커피	cafe	127.05895	37.50608
커스텀커피	cafe	127.02832	37.53360
커스텀커피강남	cafe	127.04674	37.51761
커스텀커피개포래미안포레스트점	cafe	127.05223	37.47975
커스텀커피세곡점	cafe	127.09779	37.46681
커스텀커피현대	cafe	127.02747	37.52737
커튼디자인청담	shop	127.05192	37.48363
커튼메이트	shop	127.05609	37.48462
커튼명가창	shop	127.02833	37.51353
커튼밸리	shop	127.05964	37.51998
커튼콜	food	127.04075	37.52720
커프	cafe	127.04278	37.50004
커프스	shop	127.06591	37.49962
커플	bar	127.04558	37.52623
커피	cafe	127.06177	37.51501
커피	cafe	127.04128	37.50142
커피가든	cafe	127.04167	37.51764
커피가좋아	cafe	127.10448	37.48856
커피기업	cafe	127.03651	37.50002
커피나인강남비엘	cafe	127.03093	37.49295
커피나인대치사거리	cafe	127.05985	37.50334
커피나인선릉역	cafe	127.04974	37.50629
커피나인센트럴애비뉴	cafe	127.02948	37.49773
커피나인신사	cafe	127.02008	37.51786
커피나인언주역	cafe	127.03529	37.50492
커피나인언주역	cafe	127.03266	37.50668
커피나인역삼	cafe	127.04658	37.50324
커피나인역삼상록회관	cafe	127.04312	37.50503
커피나인역삼센트럴	cafe	127.04076	37.50093
커피나인테헤란로	cafe	127.03423	37.50090
커피나인포스코	cafe	127.05681	37.50870
커피나인학동역점	cafe	127.03434	37.51401
커피는사랑	shop	127.02431	37.52235
커피니	shop	127.03786	37.51381
커피니	cafe	127.05660	37.50810
커피니	food	127.04205	37.48462
커피니	cafe	127.05128	37.48676
커피니논현그린	cafe	127.03556	37.51154
커피니논현한미점	cafe	127.03215	37.50707
커피니청주	cafe	127.03392	37.52762
커피다운도곡	cafe	127.04226	37.49238
커피더주다	cafe	127.05010	37.47794
커피데스크	cafe	127.04220	37.50464
커피덴티티영동	cafe	127.02491	37.50925
커피디투	cafe	127.04842	37.51186
커피랑디저트룰루랄라	cafe	127.04100	37.49141
커피랑차랑	cafe	127.04180	37.51699
커피릴리	cafe	127.04333	37.51567
커피마마퀸	cafe	127.05376	37.50463
커피박스	cafe	127.03284	37.48966
커피발보아	cafe	127.06842	37.48615
커피베이도곡삼성래미안점	cafe	127.05151	37.48960
커피베이일원	cafe	127.08275	37.48954
커피보뇌르	cafe	127.06448	37.50032
커피볶는곰	cafe	127.05279	37.49903
커피볶는아침	cafe	127.04638	37.50250
커피볶는집	cafe	127.05234	37.50926
커피볶는집	cafe	127.05925	37.49781
커피볶는키미	cafe	127.02622	37.51105
커피블루그린	cafe	127.06154	37.48286
커피빈강남대로센터점	cafe	127.02608	37.50207
커피빈강남역먹자골목점	cafe	127.02730	37.50011
커피빈강남포스코상	cafe	127.05619	37.50460
커피빈공항터미널앞점	cafe	127.05835	37.50874
커피빈국기원사거리점	cafe	127.03216	37.49615
커피빈논현동수면센터점	cafe	127.02953	37.51596
커피빈뉴가로수길점	cafe	127.02232	37.52353
커피빈뉴압구정점	cafe	127.02742	37.52442
커피빈대치동나무병원점	cafe	127.06764	37.49926
커피빈대치사거리점	cafe	127.05907	37.50304
커피빈더커피빈앤티리프	cafe	127.10311	37.48732
커피빈도곡동지오빌딩점	cafe	127.04167	37.49227
커피빈도곡점	cafe	127.05132	37.48737
커피빈매봉역점	cafe	127.04506	37.48557
커피빈본사	cafe	127.05917	37.51467
커피빈삼성금융플라자점	cafe	127.05218	37.50587
커피빈삼성로점	cafe	127.05414	37.51071
커피빈삼성루첸	cafe	127.05865	37.50700
커피빈삼성봉은사로점	cafe	127.05949	37.51454
커피빈삼성역글라스타워뒷점	cafe	127.06290	37.50709
커피빈삼성오크우드점	cafe	127.05623	37.50837
커피빈선정릉역점	cafe	127.04298	37.51028
커피빈수서역원방빌딩점	cafe	127.10411	37.48878
커피빈신논현역	cafe	127.02558	37.50454
커피빈신사점	cafe	127.02241	37.51696
커피빈압구정로데오점	cafe	127.03901	37.52612
커피빈압구정시티점	cafe	127.03696	37.52374
커피빈압구정에스	cafe	127.03693	37.52829
커피빈압구정역점	cafe	127.02873	37.52403
커피빈압구정현대아파트점	cafe	127.02700	37.53180
커피빈역삼점	cafe	127.03652	37.50235
커피빈역삼포스틸타워뒷점	cafe	127.03414	37.49908
커피빈영동고앞점	cafe	127.03948	37.52145
커피빈주	cafe	127.05917	37.51467
커피빈차병원사거리	cafe	127.03467	37.50785
커피빈차병원점	cafe	127.03472	37.50704
커피빈청담성당점	cafe	127.05003	37.51991
커피빈청담에스점	cafe	127.04723	37.52525
커피빈청담카페점	cafe	127.04439	37.52449
커피빈코리아강남역랭기지	cafe	127.03009	37.49653
커피빈코리아논현동팍스	cafe	127.03668	37.50994
커피빈코리아대치	cafe	127.05417	37.49830
커피빈코리아도심공항	cafe	127.05860	37.51024
커피빈코리아역삼동태광	cafe	127.03989	37.50106
커피빈코리아테헤란로비젼	cafe	127.04505	37.50294
커피빈코리어대치포스코뒷점	cafe	127.05619	37.50460
커피빈코엑스인터점	cafe	127.06103	37.51035
커피빈테헤란로하이닉스뒷점	cafe	127.05316	37.50474
커피빈포스코사거리점	cafe	127.05519	37.50683
커피빈학동역점	cafe	127.03206	37.51468
커피빈한티역디마크빌딩점	cafe	127.05523	37.49663
커피사피엔스역삼	cafe	127.03381	37.49819
커피셀러	cafe	127.10367	37.47411
커피수기	cafe	127.03709	37.52089
커피스미스	cafe	127.04193	37.49693
커피스미스	cafe	127.03214	37.49728
커피스미스에프씨	shop	127.03214	37.49728
커피스미스에프씨	cafe	127.06274	37.50739
커피스미스에프씨본사점	cafe	127.03214	37.49728
커피스쿨	cafe	127.05935	37.50503
커피스퀘어	cafe	127.04526	37.50380
커피식스쥬스식스강남을지병원	cafe	127.02747	37.52030
커피십오일	cafe	127.04638	37.50561
커피씨	cafe	127.04875	37.47709
커피알라	cafe	127.02625	37.50735
커피앤첼로	cafe	127.03819	37.49397
커피앤클라우드	cafe	127.03820	37.49666
커피야	cafe	127.05568	37.50430
커피양탕국	cafe	127.03532	37.50195
커피에반하다	cafe	127.04033	37.52759
커피에반하다한티역점	cafe	127.05225	37.49922
커피에스페란토	cafe	127.03558	37.48598
커피엘	cafe	127.05262	37.51496
커피엠스테이블	cafe	127.05162	37.52382
커피온	cafe	127.06481	37.50860
커피온리논현	cafe	127.03621	37.51054
커피온리역삼초교점	cafe	127.03185	37.49173
커피와이	cafe	127.04721	37.51197
커피의향기	cafe	127.05916	37.49316
커피인류	cafe	127.04799	37.49856
커피인류	cafe	127.06591	37.49962
커피인류	cafe	127.07417	37.49109
커피인류대치	cafe	127.06707	37.50758
커피인류대치르엘점	cafe	127.06341	37.50136
커피인류도곡	cafe	127.04973	37.49421
커피인류삼성도심점	cafe	127.05618	37.50872
커피일루	cafe	127.02722	37.52291
커피쟁이드림	cafe	127.03378	37.49240
커피정원	cafe	127.05340	37.51039
커피주네	cafe	127.02832	37.50592
커피중독	cafe	127.05098	37.50399
커피진심베이커리	cafe	127.06676	37.50836
커피카소	cafe	127.03345	37.48696
커피커넥션	cafe	127.09875	37.46764
커피코트선릉한신인터밸리점	cafe	127.04658	37.50324
커피퀸즈	cafe	127.05132	37.51740
커피트리	cafe	127.02697	37.53195
커피트리	cafe	127.03833	37.49721
커피펄쓴김판다	cafe	127.06014	37.50083
커피포유	cafe	127.04633	37.50632
커피프릭스	cafe	127.03827	37.50350
커피프린스	food	127.02534	37.50941
커피하우스	cafe	127.05947	37.50685
커피하우스	cafe	127.02286	37.50956
커피하우스	cafe	127.03445	37.51929
커피헤일로	cafe	127.04130	37.49588
커피효과	cafe	127.03762	37.49444
컨비니	shop	127.02850	37.50355
컨셉바이헤넴	shop	127.04712	37.50321
컨셉비	food	127.03632	37.52786
컨셉온	shop	127.02333	37.52377
컨템포러리웍스	shop	127.05824	37.50605
컨트롤브이	cafe	127.02814	37.51229
컨플릭트스토어커피	cafe	127.04397	37.52444
컨플릭트스토어커피	cafe	127.02390	37.52015
컬러닝	activity	127.02140	37.51569
컬러랩코퍼레이션	shop	127.03159	37.51529
컬러페이지	shop	127.05040	37.47532
컬러풀	bar	127.02120	37.51287
컬렉션서울	cafe	127.02221	37.52146
컬처앤비	food	127.04411	37.50897
컬처인키친	cafe	127.03283	37.50816
컬쳐앤와인	bar	127.03093	37.49295
컬트와인오스트레일리아앤셀러도어	shop	127.08544	37.49311
컴닥터컴퓨터	shop	127.04435	37.49793
컴앤쉽	cafe	127.02582	37.50986
컴앤씨	activity	127.03024	37.52694
컴앤잉크굳웰강남	shop	127.04490	37.51276
컴온	food	127.03666	37.50746
컴온플라워강남	shop	127.05724	37.50200
컴젠	shop	127.06080	37.50919
컴케어시스템	shop	127.08344	37.48290
컴퍼니페이버	shop	127.02930	37.50410
컴포스커피수서점	cafe	127.10184	37.48802
컴포즈강남영동고점	cafe	127.04032	37.51913
컴포즈커피	cafe	127.05353	37.50508
컴포즈커피	cafe	127.06299	37.49918
컴포즈커피	cafe	127.03302	37.49758
컴포즈커피강남	cafe	127.10415	37.47456
컴포즈커피강남	cafe	127.02068	37.51877
컴포즈커피강남세곡점	cafe	127.10004	37.46682
컴포즈커피강남을지	cafe	127.02863	37.51941
컴포즈커피강남포이점	cafe	127.04726	37.47894
컴포즈커피개포	cafe	127.07559	37.49266
컴포즈커피개포구룡초교점	cafe	127.05299	37.48091
컴포즈커피개포동점	cafe	127.06719	37.48905
컴포즈커피논현스마일점	cafe	127.03709	37.52089
컴포즈커피논현영동	cafe	127.02408	37.50765
컴포즈커피대치	cafe	127.05942	37.50102
컴포즈커피대치	cafe	127.05264	37.49754
컴포즈커피대치학원가	cafe	127.05894	37.49772
컴포즈커피대치학원가점	cafe	127.05865	37.49890
컴포즈커피도곡매봉점	cafe	127.04542	37.48596
컴포즈커피사점	cafe	127.02806	37.49862
컴포즈커피삼성	cafe	127.06169	37.50703
컴포즈커피서울세관	cafe	127.03500	37.51560
컴포즈커피선릉한티	cafe	127.05289	37.50100
컴포즈커피압구정	cafe	127.03098	37.52738
컴포즈커피압구정스마일점	cafe	127.03807	37.52817
컴포즈커피양재	cafe	127.03740	37.48535
컴포즈커피역삼	cafe	127.04396	37.49918
컴포즈커피역삼뱅뱅	cafe	127.03185	37.49173
컴포즈커피일원맛의	cafe	127.08368	37.49007
컴포즈커피테헤란	cafe	127.04638	37.50250
컴포즈커피테헤란로점	cafe	127.05075	37.50614
컴포트앤커스텀	stay	127.04723	37.50666
컴포트존	cafe	127.03685	37.49572
컴퓨터구조대	shop	127.05272	37.50659
컴퓨터나라	shop	127.03616	37.50158
컴퓨터수리데이터복구역삼	shop	127.04842	37.49923
컴프리마	cafe	127.04611	37.48350
컵프	shop	127.02158	37.52344
케나인	shop	127.02254	37.51920
케렌시아	shop	127.04071	37.52296
케르반레스토랑	food	127.05916	37.51183
케베	shop	127.02941	37.51591
케빈스보일링크랩	food	127.04417	37.50096
케씨	bar	127.02549	37.50394
케어월드	shop	127.04284	37.51465
케어위드	shop	127.03810	37.49762
케어프로	shop	127.03159	37.51529
케이가든	shop	127.03602	37.52872
케이가마모션	activity	127.03678	37.50931
케이더블유네트웍스	shop	127.02557	37.50314
케이디	shop	127.03003	37.51406
케이디닥터스	shop	127.02858	37.49784
케이디메디컬	shop	127.05272	37.50659
케이디엠티이조한아름갈비주	food	127.04355	37.50933
케이라운지	bar	127.02941	37.51591
케이리버어뮤즈먼트	shop	127.03386	37.50143
케이바이브	food	127.04251	37.50451
케이바이크	shop	127.05589	37.50196
케이밸리	shop	127.04441	37.48569
케이보드게임카페	activity	127.02686	37.52360
케이뷰티	shop	127.10184	37.48802
케이뷰티스트	shop	127.04154	37.50632
케이브	shop	127.03586	37.52356
케이비디아띠몽	food	127.05916	37.51183
케이비아이티	shop	127.05316	37.50474
케이삼백	shop	127.03566	37.49961
케이신드롬	shop	127.03560	37.49564
케이쏠라프라자	shop	127.03754	37.49554
케이씨엘	shop	127.05846	37.50626
케이아이아이유학카페	shop	127.03361	37.49590
케이알체육복지재단	shop	127.03568	37.50084
케이앤스포츠	shop	127.03831	37.52463
케이앤씨	food	127.06684	37.48869
케이앤씨서비스	shop	127.04189	37.52468
케이앤에스인터커넥션	shop	127.04837	37.47946
케이앤제이앤케이정보통신	shop	127.02790	37.52406
케이앤제이원컴퍼니	shop	127.05093	37.50577
케이앤케이정보통신	shop	127.04033	37.48587
케이약국	shop	127.02347	37.51709
케이에듀북스온라인서점	shop	127.02967	37.52376
케이에스스포짐컴퍼니	activity	127.05523	37.49663
케이에스엔케이주	food	127.04272	37.51146
케이에스쥬얼리	shop	127.02882	37.52266
케이에이치비인터네셔널	shop	127.03984	37.49846
케이에이치에스에이치아카데미	activity	127.03893	37.49980
케이에프교역	food	127.02426	37.51869
케이에프오오디	food	127.03772	37.52616
케이엔에스	shop	127.05885	37.49663
케이엔커피	cafe	127.04903	37.50655
케이엘그룹엔터프라이즈	shop	127.03773	37.49679
케이엘컨설팅	cafe	127.03556	37.49345
케이엘푸드	food	127.03773	37.49679
케이엠디에스강	shop	127.03107	37.49942
케이엠마켓	food	127.02894	37.52112
케이엠인터네셔날	shop	127.03259	37.49913
케이엠지엠	food	127.02412	37.50687
케이엠지엠	bar	127.05363	37.50411
케이오알쥐	shop	127.03835	37.52588
케이오에이	shop	127.05692	37.50850
케이와이코스메틱	shop	127.03019	37.51687
케이욱스텔라떡볶이	food	127.06834	37.48882
케이웍	food	127.02158	37.51266
케이원	bar	127.03149	37.49460
케이원골프	activity	127.04100	37.49141
케이제이모터라드주	shop	127.04591	37.49433
케이제이텔레콤	shop	127.02831	37.49816
케이존컴퍼니	cafe	127.05016	37.51972
케이즈클로젯	shop	127.03455	37.52728
케이케이케이케이케이케이	shop	127.04572	37.52519
케이코스메틱	shop	127.02718	37.50612
케이투메디칼	shop	127.05540	37.52410
케이투자곡빌딩	shop	127.10320	37.47214
케이투플러스	shop	127.02717	37.52321
케이트앤코	shop	127.04477	37.48211
케이파트너스그룹	food	127.03232	37.52577
케이팝바자	shop	127.03053	37.49848
케이팝서포터즈협동조합	shop	127.05995	37.50599
케이팝스	shop	127.04440	37.49745
케이팝와빠	shop	127.04769	37.50453
케이팝코인노래연습장	activity	127.03803	37.52684
케이패턴뮤지엄	shop	127.04307	37.50112
케이퍼피강아지분양청담점	shop	127.04201	37.51823
케이푸드	food	127.05218	37.50587
케이푸드베르체도곡점	cafe	127.04540	37.48386
케이푸드코엑스우면관	food	127.05916	37.51183
케이푸드코엑스제주오전복	food	127.05916	37.51183
케이푸드텍	food	127.03234	37.49197
케이프	shop	127.03440	37.49850
케이프라임금거래소	shop	127.02445	37.52678
케이피링크	shop	127.03551	37.52877
케이피티	activity	127.02558	37.50511
케티랭	shop	127.03451	37.52793
케프리	shop	127.02954	37.49898
케플러커피	cafe	127.04410	37.52290
케피	stay	127.04353	37.50760
케희체인코퍼레이션	food	127.05707	37.50478
켄	food	127.03481	37.52301
켄카	food	127.02424	37.51893
켈리	bar	127.02931	37.51782
켈리더쿡	food	127.03370	37.52051
켈리쇼	cafe	127.02080	37.52144
켈리스커피	cafe	127.04383	37.51124
켈빈클라인언더웨어	shop	127.02747	37.52737
켘켘	food	127.02068	37.51877
코	food	127.03206	37.52274
코기쿡	food	127.03201	37.49240
코끼리마트	shop	127.05711	37.50131
코끼리쌀국수	food	127.03640	37.50857
코끼리쌀국수	food	127.05677	37.50198
코끼리약국	shop	127.02103	37.51628
코너	bar	127.02491	37.50925
코너드커피	cafe	127.02388	37.51688
코너맨	activity	127.02647	37.52012
코너스톤	food	127.07417	37.49109
코너스톤	cafe	127.03142	37.51110
코너스톤디	food	127.05989	37.50207
코너커피스탠드	cafe	127.04336	37.50209
코너컴퍼니	cafe	127.02575	37.52477
코너피자조인트압구정	food	127.03801	37.52573
코다노래연습장	activity	127.04463	37.52653
코다차야	bar	127.02514	37.50416
코데즈컴바인이너웨어	shop	127.02806	37.49862
코드매니지먼트	shop	127.03285	37.51763
코드이스케이프가로수길	activity	127.02342	37.51883
코드케이	activity	127.02654	37.50261
코드헌터	activity	127.02810	37.49996
코디라이프	shop	127.04723	37.50666
코디센	shop	127.06040	37.51531
코디센슬립라운지	shop	127.06413	37.51662
코라코스메틱	shop	127.03414	37.50251
코랄	food	127.05151	37.52585
코람데오플라워	shop	127.10630	37.47370
코레일유통강남구청역	shop	127.04131	37.51719
코레일유통선릉역	shop	127.04895	37.50450
코레일유통압구정로데오역	shop	127.04051	37.52729
코레진	shop	127.03688	37.49597
코르트사이드바	bar	127.03782	37.52389
코리아	bar	127.03189	37.49416
코리아세븐강남주	shop	127.03835	37.52217
코리아세븐공항	shop	127.05916	37.51183
코리아세븐논현	shop	127.04105	37.51625
코리아세븐대치	shop	127.05599	37.49827
코리아세븐수서주	shop	127.10307	37.48812
코리아세븐역삼	shop	127.03002	37.49669
코리아세븐코엑스아셈	shop	127.05498	37.51168
코리아케이푸드베르체도심공항	cafe	127.05945	37.50963
코리아하우스	food	127.05179	37.52532
코리안치킨클럽	food	127.03117	37.49516
코마츠	bar	127.03163	37.51564
코마하	food	127.02588	37.50594
코메	food	127.03663	37.52483
코모피타	shop	127.04715	37.52369
코미도리	food	127.04227	37.50055
코바늘과대바늘	shop	127.05763	37.52245
코부네	food	127.03621	37.51054
코뿔소안경	shop	127.02281	37.50884
코뿔소안경원	shop	127.02282	37.50884
코삼	bar	127.04711	37.50544
코삼이커피	cafe	127.03691	37.49860
코스디아이	shop	127.03562	37.50841
코스메틱더엘	shop	127.03737	37.52490
코스메틱이레	shop	127.03992	37.52013
코스모문구	shop	127.06533	37.50659
코스모스	cafe	127.06591	37.49962
코스모스	food	127.05336	37.50956
코스모스그룹	shop	127.06185	37.51351
코스모왕양꼬치	bar	127.02438	37.50696
코스모월드	shop	127.04241	37.49362
코스모텍	shop	127.03682	37.49898
코스엠리테일	shop	127.02808	37.50608
코스온자산관리	shop	127.06487	37.50415
코시	food	127.04473	37.48510
코아리빙텔강남	stay	127.03686	37.51690
코아리빙텔강남상록점	stay	127.04097	37.50688
코아마트	shop	127.06223	37.48297
코아트상사	shop	127.03636	37.50127
코앤컴	shop	127.02634	37.51659
코앤컴가로수길점	shop	127.02336	37.51902
코어메드	shop	127.03527	37.49311
코어무브	activity	127.04298	37.51028
코어짐	activity	127.04585	37.50268
코어커피스탠드	cafe	127.03185	37.49173
코업시스	shop	127.02730	37.50701
코엑스	heritage	127.05915	37.51175
코엑스동측광장	nature	127.05922	37.51192
코엑스몰세라	shop	127.05916	37.51183
코엑스전주비빔밥	food	127.05860	37.51024
코엑스피자느반현대백화점무역	food	127.05976	37.50862
코오롱글로벌스포렉스청담점	activity	127.04412	37.52331
코오롱글로벌호텔카푸치노	stay	127.03150	37.50691
코오롱스포츠롯데	shop	127.05326	37.49698
코우	food	127.04378	37.50491
코이	shop	127.05626	37.52349
코이라멘	food	127.03024	37.52694
코인알비	shop	127.03287	37.49607
코인커피	cafe	127.05519	37.50744
코자차	food	127.05521	37.52087
코즈믹바이시클	shop	127.02631	37.52348
코즈믹버거청담점	food	127.04000	37.51845
코즈플라워	shop	127.03555	37.50857
코지	food	127.03796	37.52204
코지	food	127.03933	37.51753
코지골프	shop	127.08507	37.49022
코지네스트	shop	127.04284	37.48303
코지라멘	food	127.05036	37.50286
코지로	food	127.04472	37.48549
코지로그	stay	127.02980	37.50959
코지스테이신사	stay	127.02506	37.51736
코지코너	stay	127.04296	37.50715
코지코너	cafe	127.04582	37.47835
코지하우스	stay	127.03311	37.49170
코지하우스	food	127.02823	37.49919
코지하우스	stay	127.04152	37.51107
코지하우스	stay	127.04296	37.50715
코카김밥	food	127.03493	37.51680
코코	shop	127.04916	37.50560
코코	bar	127.03904	37.50699
코코	shop	127.04646	37.50411
코코난청센타	shop	127.06192	37.49335
코코넛역삼	shop	127.03837	37.49405
코코노래바	bar	127.03637	37.51693
코코니크	shop	127.02167	37.52060
코코달리	shop	127.04192	37.50851
코코드레스	shop	127.02720	37.50832
코코럭스	shop	127.04909	37.50681
코코로	shop	127.03690	37.52501
코코로키친	food	127.02362	37.52204
코코리빙텔	stay	127.05683	37.52241
코코리빙텔	stay	127.02434	37.50932
코코미나	shop	127.04099	37.52743
코코블	shop	127.04449	37.52233
코코블랑	shop	127.03469	37.49461
코코스낵	food	127.03750	37.52022
코코약국	shop	127.04570	37.48433
코코온누리약국	shop	127.02763	37.49894
코코원룸텔압구정	stay	127.03931	37.52759
코코이찌방야	food	127.03848	37.52720
코코이찌방야	food	127.03007	37.49554
코코이찌방야선릉포스코	food	127.05613	37.50582
코코이찌방야수서역점	food	127.10184	37.48802
코코지플라워	shop	127.11037	37.47555
코코프	shop	127.02531	37.50371
코코호도	food	127.03074	37.50073
코코호도	food	127.06853	37.49638
코쿤하우스	stay	127.03414	37.49599
코쿤하우스	stay	127.02344	37.52408
코타바이뎐	bar	127.03768	37.52537
코튼	shop	127.02268	37.52101
코튼블랙	shop	127.03289	37.50595
코티커피강	cafe	127.02976	37.49701
코페르	food	127.02411	37.52063
코푸인터내셔널주	food	127.03568	37.50084
콕스콤컨설팅주	bar	127.03800	37.50283
콘도띠	shop	127.02990	37.52194
콘메	food	127.04005	37.52848
콘스탄스스프라이	shop	127.03542	37.51016
콘유	food	127.02188	37.51919
콘제닉스	activity	127.03576	37.48517
콘피에르	food	127.03755	37.52359
콜드플라	shop	127.02791	37.50739
콜드플라즈마	shop	127.02270	37.50915
콜드핏	shop	127.04498	37.52451
콜렉터제로원	food	127.01908	37.51960
콜로린	shop	127.03991	37.50003
콜린	shop	127.03159	37.51529
콜린스	shop	127.05021	37.52646
콜링북스	shop	127.03892	37.52637
콜마인	cafe	127.02517	37.52194
콜미	shop	127.05200	37.48887
콜비나	food	127.04723	37.52525
콜비에비뉴	food	127.03024	37.52694
콜키지	shop	127.03110	37.52634
콤팩트레코드바	bar	127.02575	37.52218
콤포	shop	127.03985	37.49717
콩나물도시락	food	127.04646	37.50411
콩부자전주콩나물국밥양재역점	food	127.03692	37.48568
콩뿌리전주콩나물국밥	food	127.04898	37.47882
콩뿌리콩나물	food	127.04506	37.48439
콩뿌리콩나물국밥강남	food	127.03767	37.51703
콩사랑	food	127.10311	37.48732
콩쥐팥쥐	cafe	127.03665	37.49682
콩카페롯데강남점	cafe	127.05326	37.49698
콩컴퍼니	food	127.04379	37.48193
콰이	food	127.02730	37.52092
콰이어트앤콰이트	cafe	127.04380	37.48400
콰트로	bar	127.03950	37.50099
콰트르쎄종	shop	127.05052	37.52532
콴	bar	127.03095	37.52143
콴안다오	food	127.02150	37.51849
쿄코코	food	127.02743	37.50333
쿠담플라워	shop	127.03943	37.52042
쿠데타	food	127.03828	37.52571
쿠라리에	cafe	127.03380	37.52535
쿠만오은환	shop	127.04872	37.52097
쿠사파스타	food	127.05730	37.50157
쿠시마사	food	127.03135	37.51995
쿠시마사논현분점	food	127.03141	37.51976
쿠시마켓	food	127.03842	37.50953
쿠시일오이	bar	127.05610	37.51100
쿠시카와	food	127.04568	37.48273
쿠이고	cafe	127.02140	37.52119
쿠지	food	127.03225	37.49468
쿠지덕	shop	127.05065	37.47426
쿠지커피	cafe	127.06164	37.48277
쿠지커피로스터스대치	cafe	127.05248	37.49912
쿠지커피로스터스수서	cafe	127.10184	37.48802
쿠치나파스타	food	127.02228	37.51640
쿠치넬리현대무역	shop	127.05976	37.50862
쿠캣	shop	127.02498	37.50793
쿠캣마켓	food	127.05916	37.51183
쿠쿠도시락	food	127.02432	37.50854
쿠키시스터즈	cafe	127.03569	37.49651
쿠키헤르츠	food	127.05080	37.47883
쿠킹라이브러리	food	127.03566	37.52565
쿠프	cafe	127.03282	37.52870
쿠히치	food	127.03806	37.52418
쿡디퍼	food	127.04430	37.50487
쿡디퍼탄	food	127.05483	37.50428
쿡앤푸드	food	127.03193	37.51952
쿤	food	127.03473	37.52684
쿤스트할레	shop	127.03492	37.52051
쿨노래연습장	activity	127.02438	37.50696
쿨마트	shop	127.05829	37.49306
쿨마트	shop	127.03891	37.50957
쿨마트도곡	shop	127.03873	37.48622
쿨바이트	shop	127.06299	37.49918
쿨쉽다이닝	food	127.02583	37.52232
쿨앤커뮤니케이션즈	shop	127.03488	37.50440
쿨타임	bar	127.03045	37.49765
쿰크	shop	127.04367	37.50893
쿱	food	127.03786	37.52649
쿱인터내셔날	shop	127.02537	37.52212
쿼터백	food	127.02730	37.50011
퀀텀바이옴	shop	127.03614	37.50098
퀘스천비어	bar	127.02541	37.50582
퀴즈노스대치	food	127.06007	37.50376
퀴즈노스서브신사위워크점	food	127.02061	37.51420
퀴즈노스신사위워크점	food	127.02061	37.51420
퀴진케이프로젝트	shop	127.05452	37.50468
퀵실버록시	shop	127.03077	37.51461
퀵페이	shop	127.02883	37.50182
퀸	bar	127.03701	37.52290
퀸강남아이스크림할인점	shop	127.04784	37.51420
퀸네일	shop	127.05916	37.51183
퀸노래방	activity	127.04791	37.47871
퀸노래연습장	activity	127.08293	37.48959
퀸스	shop	127.05916	37.51183
퀸스	shop	127.06591	37.49962
퀸스파크청담점	food	127.04161	37.52599
퀸앤드	shop	127.03133	37.52795
퀸즈	bar	127.03484	37.49919
퀸즈블러바드	food	127.04527	37.48350
큐	bar	127.04797	37.52462
큐노래바	bar	127.02350	37.50748
큐노래연습장	activity	127.03951	37.52753
큐벨로	shop	127.03175	37.52207
큐브공간기획	activity	127.10448	37.48856
큐비디에이치	food	127.04526	37.48201
큐비지엠	shop	127.04841	37.47802
큐스포츠당구클럽	activity	127.04842	37.47929
큐쓰리당구장	activity	127.04544	37.50423
큐알프린트	shop	127.02696	37.52090
큐앤드비인터내셔날	shop	127.03812	37.49130
큐어스크립트	shop	127.04087	37.50052
큐엘코	food	127.04928	37.47885
큐원테크	shop	127.05824	37.50605
큐짐	activity	127.03554	37.53192
큐짐	activity	127.03677	37.51484
큐코인노래연습장	activity	127.05194	37.49765
큐큐치킨	food	127.03939	37.49267
큐피드텔레콤	shop	127.02806	37.49862
크노파	cafe	127.04165	37.50165
크라운	activity	127.03553	37.49929
크라운돼지	food	127.02047	37.51852
크라운핫도그솔테르푸드	food	127.10563	37.48798
크라이베이비	food	127.03492	37.52747
크라이치즈버거	food	127.03327	37.50371
크라이치즈버거	food	127.06558	37.50920
크라이치즈버거	food	127.03174	37.49707
크라크라짐	activity	127.04691	37.51910
크라프트카페	cafe	127.02859	37.50334
크랑크랑	shop	127.03568	37.50084
크래버대게나라	food	127.03631	37.51163
크래커스	cafe	127.05450	37.50774
크래프트맨갤러리	shop	127.04691	37.52582
크레노	shop	127.05093	37.50577
크레마코스타	cafe	127.03554	37.53192
크레몽	cafe	127.04247	37.51032
크레스타운	food	127.02732	37.52421
크레스타운	cafe	127.03687	37.52804
크레스타운서울세관	cafe	127.03578	37.51513
크레스트	shop	127.05835	37.50874
크레아	shop	127.04882	37.52061
크레아스페이스	shop	127.05781	37.50866
크레아티오	shop	127.04157	37.51816
크레오	cafe	127.04814	37.51359
크레용화방	shop	127.06753	37.48914
크레이지델리	food	127.06856	37.49569
크레이지램	shop	127.03193	37.50705
크레이지링	shop	127.04830	37.52127
크레이지카츠역삼	food	127.03651	37.50002
크레이지타이수아에피스	food	127.03756	37.52619
크레이지포삭스	shop	127.02806	37.49862
크레이지포삭스	shop	127.02831	37.49816
크레이지후라이포스코	food	127.05534	37.50506
크렘드마롱청담	food	127.05200	37.51953
크렘알레	food	127.03911	37.49301
크렘커피카일리다이어트	cafe	127.02808	37.50608
크로노스앤컴퍼니주	food	127.05483	37.50428
크로비스	shop	127.03296	37.51988
크로스	shop	127.05763	37.52245
크로스다이닝	shop	127.02532	37.50371
크로스보더커머스	shop	127.04928	37.47885
크로스핏강남	activity	127.05033	37.50226
크로스핏강남논현	activity	127.02085	37.51338
크로스핏강남삼성	activity	127.06576	37.50861
크로스핏라임라잇	activity	127.03490	37.52644
크로스핏볼케이노	activity	127.04755	37.50631
크로커다일	shop	127.04542	37.47827
크로커다일레이디직영	shop	127.03673	37.51551
크로커다일레이디직영	shop	127.03995	37.49522
크로하우스강남	food	127.02452	37.50724
크롬	cafe	127.02314	37.50827
크롬하츠	shop	127.04242	37.52652
크루터	cafe	127.02110	37.51786
크리센트	shop	127.03757	37.49619
크리스에프앤씨	shop	127.03886	37.49145
크리스에프앤씨압구정도산	shop	127.03471	37.52608
크리스에프앤씨역삼빌딩	shop	127.04045	37.49413
크리스찬루부탱	shop	127.03651	37.50002
크리스탈	shop	127.02806	37.49862
크리스탈워커	shop	127.03839	37.51850
크리스티대부	shop	127.03979	37.52746
크리스틴키친	cafe	127.03616	37.50663
크리스피크림	food	127.06063	37.49843
크리스피크림	food	127.02878	37.49656
크리스피크림강남역지하쇼핑	food	127.02831	37.49816
크리슬렛	shop	127.04411	37.51361
크리아트	shop	127.03215	37.53147
크리아트시스템	shop	127.03568	37.50084
크리에이션엘아트샵문화센터지점	shop	127.03430	37.51610
크리에이티드바이제나	shop	127.04467	37.49945
크리에이티브랩주	shop	127.02847	37.51818
크리에이티브키친	food	127.05441	37.50513
크리에잇하스	food	127.03512	37.50294
크리에잇하우스	cafe	127.03512	37.50294
크리켓서울	bar	127.03662	37.52564
크린가이드	shop	127.07965	37.49434
크린랩세이텐	food	127.04340	37.50920
크린렌진	shop	127.03104	37.49185
크림	shop	127.02362	37.52204
크림	bar	127.04660	37.50532
크림라벨	food	127.02199	37.51849
크림라벨	food	127.05916	37.51183
크림스턴	shop	127.03422	37.51884
크림웨이브시눈도산점	shop	127.03461	37.52579
크림전자담배	shop	127.05327	37.50398
크림크림	food	127.04985	37.51275
큭큭피자	food	127.03310	37.50676
큰그림골프	activity	127.05466	37.50962
큰길약국	shop	127.02922	37.49586
큰나무약국	shop	127.03602	37.52872
큰물참치	food	127.02970	37.49649
큰물참치수서점	food	127.10184	37.48802
큰입아구찜	food	127.04743	37.50576
클라라꽃집	shop	127.03888	37.52792
클라로	food	127.04222	37.52655
클라비스스타필드코엑스	shop	127.05916	37.51183
클라시코	bar	127.03750	37.52604
클라우드	cafe	127.04304	37.49870
클라우드나인카페	food	127.03609	37.49855
클라우드인터내셔널	bar	127.03678	37.52572
클라우드카페	food	127.03429	37.49827
클라우드캔디	shop	127.03946	37.51880
클라운지서울강남	shop	127.04087	37.52476
클라이밍파크	activity	127.02929	37.49554
클라이밍파크	activity	127.02514	37.50416
클라이밍파크	activity	127.05210	37.49853
클라임라이트	shop	127.05185	37.48692
클라치커피	cafe	127.04669	37.51081
클랑베니	shop	127.04604	37.52737
클래스어뮤즈먼트	activity	127.04620	37.50440
클래식	bar	127.04445	37.50942
클래식	bar	127.04663	37.51842
클래씨스테이	stay	127.03032	37.51848
클랩피자	food	127.03659	37.52410
클랩피자도산점	food	127.03659	37.52410
클러프트	shop	127.02736	37.51347
클럽도파	bar	127.02976	37.49701
클럽모나코남성현대무역	shop	127.05976	37.50862
클럽모나코여성현대	shop	127.02747	37.52737
클럽모나코여성현대무역	shop	127.05976	37.50862
클럽옥타곤	bar	127.03142	37.51110
클럽케이서울	etc	127.04837	37.50669
클럽클리오강남지하클럽	shop	127.02806	37.49862
클레오	shop	127.06591	37.49962
클레이	shop	127.04061	37.51744
클로리스	cafe	127.03651	37.50002
클로리스삼성	cafe	127.05385	37.51289
클로버스킨	shop	127.02018	37.52023
클로버스테이	stay	127.02865	37.50810
클로버포케	food	127.05169	37.51156
클로즈키친	food	127.02360	37.52181
클론와인셀러	shop	127.04444	37.50356
클리닉그리다	shop	127.02755	37.49922
클리어레이저	shop	127.05824	37.50605
클리오	shop	127.02886	37.52332
클릭노래연습장	activity	127.04477	37.49665
클립스	shop	127.02352	37.51054
클립스	shop	127.05256	37.50514
키고	food	127.04654	37.52320
키꾸야	food	127.05261	37.50677
키네코어	shop	127.04081	37.49565
키네트워크	shop	127.03498	37.49635
키노라	shop	127.04818	37.52556
키노에다	food	127.04448	37.48541
키노이에파티	food	127.04542	37.52343
키라메쿠키라메쿠텐동	food	127.02747	37.52737
키라키라치즈케이크	food	127.02181	37.51556
키르아	shop	127.02879	37.52199
키마컴퍼니	food	127.05003	37.51991
키무카츠아시아	food	127.02973	37.49465
키미제이	shop	127.03698	37.50709
키미쿡	shop	127.04170	37.52205
키베이직	shop	127.03801	37.50414
키베이직	shop	127.04070	37.52611
키보우	food	127.04225	37.51571
키세카츠	food	127.02433	37.51730
키쉬미뇽	cafe	127.10185	37.48739
키슈	food	127.04892	37.52298
키슌	food	127.02667	37.51989
키스더바리스타	shop	127.04553	37.52591
키스킨	shop	127.05515	37.52248
키스톤플래닝	shop	127.05359	37.52611
키아라	shop	127.02131	37.51876
키오스	shop	127.04237	37.51056
키와미	food	127.06141	37.49864
키움골프아카데미	activity	127.04842	37.49923
키움랩	shop	127.03440	37.49850
키움유통	shop	127.02738	37.51151
키움컴퍼니	shop	127.02831	37.49816
키움텔레콤	shop	127.02831	37.49816
키이스케이프강남	activity	127.02840	37.50014
키이스케이프더오름	activity	127.03110	37.49662
키이스케이프메모리컴퍼니	activity	127.02570	37.50424
키이스케이프우주라이크	activity	127.03145	37.49569
키즈	food	127.04091	37.52658
키즈스터디웍스	cafe	127.06411	37.49965
키즈스플래쉬	activity	127.03511	37.52881
키즈캐비넷	shop	127.03489	37.49433
키즈타임강남	activity	127.04860	37.47850
키즈틴엔터테인먼트	activity	127.02383	37.51649
키즈힐소아청소년과의원	shop	127.03098	37.52738
키청담지점	bar	127.04295	37.52329
키친레시피	shop	127.03812	37.52152
키친르쎌	food	127.03487	37.52702
키친마이야르	food	127.03544	37.52666
키친맘	food	127.04890	37.51987
키친몬	food	127.03437	37.51285
키친바락	food	127.05943	37.50583
키친스탠다드	food	127.03918	37.50482
키친혁명	food	127.06584	37.51087
키커피컴퍼니	cafe	127.03673	37.51399
키키팩토리	shop	127.05296	37.50894
키토분식	food	127.04225	37.51571
키퍼스	food	127.04095	37.52406
키퍼스마켓	food	127.05200	37.48887
키헤이커피	cafe	127.05318	37.51183
킨	food	127.03988	37.52717
킴스골프	shop	127.08459	37.49119
킴스살롱	shop	127.03928	37.52605
킴스약국	shop	127.06295	37.49388
킴스우동	food	127.04582	37.47835
킴스코퍼레이션플라워베이커리카페	cafe	127.02112	37.51892
킴스텔	stay	127.05416	37.50749
킴스토리청담	shop	127.04718	37.52294
킷사텐	cafe	127.04149	37.50016
킹노래연습장	activity	127.03125	37.49500
킹노래연습장	activity	127.05625	37.51101
킹덤한우육회연어	food	127.02521	37.50991
킹도리탕	food	127.03352	37.50972
킹렉스	shop	127.03087	37.51993
킹마트	shop	127.05063	37.51624
킹마트	shop	127.03365	37.50107
킹마트삼성	shop	127.05064	37.51631
킹박스	food	127.02121	37.51400
킹스만두	food	127.05531	37.50117
킹스맨	food	127.04240	37.52426
킹스맨	bar	127.04544	37.50423
킹스맨	bar	127.03964	37.50249
킹스컵	bar	127.02176	37.51889
킹스턴	shop	127.03947	37.52599
킹제임스	shop	127.04770	37.52295
킹케밥	food	127.03651	37.50002
킹코브라	food	127.03803	37.51846
킹콩보드게임	activity	127.03897	37.52653
킹콩부대찌개	food	127.05205	37.50359
킹콩부대찌개	food	127.03558	37.49915
킹콩생고기	food	127.03946	37.50058
킹콩생고기	food	127.04227	37.50055
킹콩전자담배	shop	127.05540	37.51162
킹콩전자담배	shop	127.04997	37.50442
킹콩전자담배	shop	127.03786	37.52649
킹콩전자담배멀티샵	shop	127.02223	37.51094
킹콩전자담배멀티샵	shop	127.02858	37.49784
킹콩전자담배블랙가로수길	shop	127.02330	37.51943
킹콩코인노래연습장	activity	127.05884	37.49856
킹콩펍	food	127.03897	37.52653
킹크라운닭발강남	food	127.02532	37.50700
킹크라운족발강남	food	127.02532	37.50700
킹포메인청담점	food	127.04981	37.52542
킹핏	activity	127.03991	37.52652
타누키돈부리	bar	127.03553	37.49929
타라	bar	127.02411	37.51861
타라호텔	stay	127.05188	37.50670
타래상점	shop	127.03134	37.52359
타래커피	cafe	127.04671	37.50615
타래퀸	cafe	127.02803	37.50738
타래퀸	food	127.05861	37.49909
타래퀸압구정	cafe	127.03744	37.52681
타로맨스	bar	127.03574	37.49165
타로이	shop	127.04723	37.50439
타르틴	food	127.03986	37.52462
타르틴강남역	food	127.03007	37.49399
타르틴대치	food	127.05071	37.50158
타메니	cafe	127.08447	37.49250
타미남성현대무역	shop	127.05976	37.50862
타미롯데강남	shop	127.05326	37.49698
타미아동현대무역	shop	127.05976	37.50862
타미하우스	cafe	127.05068	37.48814
타미힐피거가로수길점	shop	127.02234	37.52326
타비의부엌	food	127.06531	37.51116
타사키갤러리아백화점	shop	127.04184	37.52791
타사키현대백화점압구정지점주	shop	127.02747	37.52737
타스파트너즈	food	127.07878	37.49413
타우너스	cafe	127.03984	37.49846
타운샌드위치	food	127.03951	37.49662
타워과일	food	127.05132	37.48737
타워그안주	food	127.05301	37.48719
타워당구장	activity	127.06468	37.51477
타워당구클럽	activity	127.06468	37.51477
타워스	activity	127.03797	37.50258
타워약국	shop	127.02011	37.51678
타워차이주	food	127.05301	37.48719
타원	shop	127.05211	37.50951
타이거	cafe	127.10184	37.48802
타이거꼬마김밥	food	127.05333	37.49943
타이거꼬마김밥언주역점	food	127.03266	37.50668
타이거슈가	food	127.05736	37.50924
타이거슈가청담점	food	127.03991	37.52400
타이거피자	food	127.02891	37.50765
타이밍	bar	127.05284	37.50647
타이반쩜	food	127.06299	37.49918
타이쇼난지당	bar	127.03520	37.48526
타이쇼베이스먼트	bar	127.03520	37.48526
타이엘리펀트	food	127.03110	37.49759
타이완벤땅	food	127.10367	37.47411
타이완벤땅강남	food	127.03439	37.49257
타이지엔	cafe	127.04544	37.50423
타이키	food	127.02414	37.52031
타이틀리스트도산점	shop	127.03548	37.52154
타이팰리스	activity	127.03958	37.50347
타이홀릭	food	127.03415	37.50065
타임	food	127.03862	37.51794
타임노래연습장	activity	127.05259	37.52530
타임노래연습장	activity	127.03524	37.50180
타임머신	bar	127.03191	37.52015
타임브릿지프라퍼티	shop	127.04529	37.51034
타임블루	shop	127.03896	37.52728
타임서울명품갤러리	shop	127.02811	37.51238
타임서울점	shop	127.04163	37.52721
타임스미스	shop	127.04318	37.52461
타임약국	shop	127.04911	37.50343
타임존	shop	127.03697	37.52486
타임즈	bar	127.05216	37.52518
타임즈	food	127.05671	37.50920
타임즈압구정	bar	127.03936	37.52623
타임투헬스케어	activity	127.04078	37.49735
타조약국	shop	127.04959	37.51927
타츠	food	127.02822	37.51807
타츠로바타쇼	food	127.02055	37.51764
타카라	food	127.03724	37.52753
타카이청담점	food	127.03978	37.51835
타코깔리토	food	127.11389	37.47423
타코노미	food	127.10247	37.47315
타코로쌈바	food	127.03774	37.52060
타코벨더강남	food	127.02707	37.50146
타코볼볼대웅제약점	food	127.06547	37.51442
타코비강남대치	food	127.06218	37.49902
타코비양재역점	food	127.04100	37.49141
타코앤리또	food	127.04076	37.50093
타코앤칠리	food	127.02014	37.51983
타코이노베이션스영업소	shop	127.06103	37.51035
타코잇	food	127.04801	37.50587
타코치바스코	food	127.02976	37.49701
타코치바스코	food	127.03803	37.51846
타코칸타빌레	food	127.06734	37.48875
타코투고	food	127.05587	37.50358
타쿠타쿠	food	127.03942	37.51044
타키온	activity	127.04711	37.47812
타테오시안아시아리미티드	shop	127.02689	37.51959
타트카페	cafe	127.04723	37.52525
타트컬렉션	shop	127.03705	37.52629
타피오빈	cafe	127.06753	37.48914
타피오스커피브루어	cafe	127.05681	37.49308
탁골감자탕	food	127.03859	37.52773
탁전	bar	127.03940	37.50381
탄	food	127.03462	37.49887
탄	food	127.03959	37.50086
탄	food	127.04343	37.50482
탄자니아	cafe	127.04100	37.49141
탄지로	food	127.02612	37.50723
탄탄면공방	food	127.06080	37.50919
탄탄면공방	food	127.03052	37.49582
탄허기념불교박물관	heritage	127.10295	37.47898
탈렌트	shop	127.06719	37.49601
탈로홈	shop	127.03766	37.51847
탈리아	shop	127.06337	37.50500
탐라담매봉역점	food	127.04448	37.48541
탐라도라	cafe	127.04639	37.47957
탐라도야지	food	127.05571	37.51109
탐라흑돼지김치찌개전문	food	127.04786	37.47612
탐미안	cafe	127.06026	37.48342
탐앤탐스	cafe	127.08655	37.49373
탐앤탐스	cafe	127.03981	37.49546
탐앤탐스더클래식압구정	cafe	127.03935	37.52564
탐앤탐스도산로점	cafe	127.02999	37.52176
탐앤탐스브레드	cafe	127.05020	37.52505
탐앤탐스블랙	cafe	127.03480	37.52795
탐앤탐스블랙청담점	cafe	127.04445	37.52416
탐앤탐스압구정	cafe	127.02732	37.52421
탐앤탐스역삼	cafe	127.03981	37.49546
탐앤탐스청담웨딩홀점	food	127.04295	37.52329
탐앤탐스탐스커버리아셈	cafe	127.05934	37.51435
탐조마니아	shop	127.02040	37.51805
탐프라이빗짐	activity	127.03623	37.50940
탑쉬레드	shop	127.04139	37.51780
탑스타노래연습장	activity	127.02342	37.50832
탑시크릿	activity	127.05363	37.50411
탑시크릿바디케어힐링센터	shop	127.05363	37.50411
탑약국	shop	127.03512	37.51252
탑클래스성형외과의원	shop	127.02716	37.49980
탑텐	food	127.03566	37.50162
탑텐키즈	shop	127.05916	37.51183
탕비실커피워크	cafe	127.04112	37.49417
탕에이마라	food	127.03995	37.49583
탕탕노래연습장	activity	127.04279	37.50509
탕탕잇	food	127.03811	37.51682
탕화쿵푸	food	127.03098	37.52738
탕화쿵푸강남	food	127.02634	37.50165
탕화쿵푸마라탕	food	127.03893	37.50313
탕화쿵푸마라탕	food	127.05331	37.49894
탕화쿵푸마라탕압구정로데오	food	127.03794	37.52611
태건한우	food	127.03328	37.49761
태공치킨	food	127.02158	37.51812
태국당	shop	127.03731	37.52563
태국의밤	food	127.05184	37.50353
태권브이	bar	127.02305	37.50908
태능숯불갈비	food	127.02718	37.52106
태닝해	shop	127.03134	37.49523
태릉진갈비탕	food	127.03803	37.51846
태백식당	food	127.04197	37.51041
태범	cafe	127.06505	37.50341
태산	activity	127.04510	37.49675
태산에스엠씨주	shop	127.05835	37.50874
태산전기	shop	127.03723	37.52839
태수	food	127.02217	37.51885
태승이십일주	stay	127.03588	37.51410
태양	food	127.03675	37.49560
태양곱창	food	127.02429	37.50650
태양문화사	shop	127.03725	37.49506
태양컴퍼니	shop	127.03866	37.52697
태연글로벌	shop	127.02723	37.52210
태영생막창	food	127.04319	37.48519
태영식당	food	127.06820	37.50495
태오	food	127.03277	37.51982
태원	stay	127.03077	37.49635
태일정보통신	shop	127.03602	37.50823
태정푸드	food	127.03911	37.49301
태진케이에스	shop	127.03104	37.49185
태평농원	shop	127.11080	37.46469
태한인터내셔널주	shop	127.07965	37.49434
태현스테이	stay	127.05463	37.49809
태후사랑	shop	127.04875	37.47709
태훈주	stay	127.02846	37.49905
태흥전기	shop	127.03225	37.50853
택사스돈까스	food	127.02703	37.51031
택시파스타압구정로데오역점	activity	127.03985	37.52770
택이네조개전골서울	food	127.05595	37.51120
탠디현대무역센터	shop	127.05976	37.50862
탠저린	cafe	127.03029	37.51650
탭샵바도산대로점	food	127.02516	37.51794
탭핏대치	activity	127.05741	37.50254
탱크	food	127.02534	37.52534
터닝포인트	food	127.04445	37.50233
터보힐링랜드	shop	127.04502	37.48658
터치에프앤비	food	127.04284	37.51389
터치카페	cafe	127.05226	37.50151
터틀베어	food	127.03721	37.52798
터틀스랩	food	127.04426	37.50195
터틀스커피	cafe	127.04383	37.51124
털털	shop	127.01982	37.51748
텀블러비어역삼	bar	127.03474	37.49875
텁도산점	shop	127.03599	37.52657
테니스닥터	shop	127.04808	37.47844
테니스마스터	activity	127.02532	37.52507
테니스비트삼성청담점	activity	127.05033	37.51317
테니스핏수도전기공업고등학교테니스장	activity	127.06267	37.48515
테더	cafe	127.02726	37.51747
테디베어뮤지엄서울	activity	127.03392	37.52762
테디엔터테인먼트	shop	127.03369	37.48931
테라스	activity	127.03839	37.51170
테라스	cafe	127.06471	37.51025
테라스룸	food	127.04270	37.52471
테라큐	shop	127.04070	37.49617
테라페이아샵앤플랫	cafe	127.04973	37.49421
테라포커스	cafe	127.03255	37.50082
테레아	shop	127.05316	37.50474
테리수에뇨	shop	127.03599	37.50964
테리우스	shop	127.02831	37.49816
테미	cafe	127.03559	37.50601
테바디엔피	food	127.04506	37.48439
테이블스	cafe	127.03381	37.49819
테이블스타	food	127.02327	37.52013
테이블스푼	food	127.04225	37.51571
테이블오브크래프트	shop	127.03217	37.52819
테이블원	food	127.03669	37.50369
테이스터스바스버거	food	127.03584	37.49964
테이스터스바스버거	food	127.05429	37.50424
테이스터스바스버거매봉역점	food	127.04547	37.48558
테이스트먼트	food	127.02061	37.51453
테이스티브라더	food	127.05465	37.50471
테이스티아티스트	food	127.02858	37.49929
테이스티준	food	127.04227	37.50055
테이스티해례본	food	127.03892	37.49788
테이크	food	127.03458	37.48571
테이크파이브	cafe	127.03381	37.49938
테이퍼드커피	cafe	127.04343	37.51218
테이프라인	shop	127.02660	37.51318
테일러메이드압구정점유	shop	127.03318	37.52215
테일러성형외과의원	shop	127.02889	37.52609
테일러커피	cafe	127.02121	37.52017
테일리학생복	shop	127.05274	37.49583
테크비즈	shop	127.02526	37.50526
테크앤업	shop	127.03059	37.49673
테타라운지바	food	127.03775	37.52557
테트리스찜닭	food	127.05275	37.47360
테트리스찜닭강남	food	127.05275	37.47358
테판야키소고	food	127.04377	37.52266
테판플레이	food	127.02483	37.50598
테헤란건강약국	shop	127.05107	37.50357
테헤란로점스포애니케이디스포츠	activity	127.05539	37.50691
테헤란안경콘택트렌즈	shop	127.05613	37.50582
테힐라한복대여맞춤	shop	127.03308	37.50980
텍사스파파크레페	food	127.01951	37.51747
텍수트	shop	127.02218	37.51987
텍스모드	food	127.04572	37.52519
텐뉴욕버거	food	127.03476	37.51002
텐달러	shop	127.03207	37.52367
텐션	bar	127.01950	37.51770
텐위스키	food	127.03566	37.50162
텐즈	food	127.04334	37.48508
텐텐	cafe	127.06435	37.51378
텐텐노래밤	activity	127.05394	37.49795
텐텐노래연습장	activity	127.05754	37.51016
텐트리키친	food	127.02398	37.50918
텐파마라탕마라샹꿔	food	127.05115	37.52557
텐퍼센트역삼	cafe	127.04076	37.50093
텐퍼센트커피	cafe	127.05478	37.50478
텐퍼센트커피	cafe	127.04974	37.50629
텐퍼센트커피	cafe	127.03255	37.50082
텐퍼센트커피	cafe	127.06560	37.51023
텐퍼센트커피강남국기원점	cafe	127.03165	37.50054
텐퍼센트커피강남지인	cafe	127.03503	37.51279
텐퍼센트커피센트럴애비뉴점	cafe	127.02929	37.49766
텐퍼센트커피신논현역점	cafe	127.02617	37.50400
텐퍼센트커피신사역점	cafe	127.02271	37.51697
텐퍼센트커피점	cafe	127.03821	37.50289
텐푸라인	food	127.03454	37.52564
텐프로	activity	127.06489	37.51387
텔레그램	bar	127.05311	37.52420
템포러리가든	food	127.03991	37.52652
템프업플러스	shop	127.04712	37.50321
텟어텟선릉	food	127.05099	37.50292
토가라시	food	127.02900	37.51463
토군바이오	shop	127.03104	37.49185
토끼마루하우스	stay	127.04962	37.52551
토끼분식대치	food	127.05730	37.50157
토노야	bar	127.05619	37.50460
토니모리강남지하	shop	127.02806	37.49862
토담골	food	127.04824	37.52331
토담골	food	127.03676	37.50870
토담골맛집	food	127.03018	37.49757
토담김치찌개	food	127.02295	37.51077
토라레스토랑	food	127.03463	37.51195
토라코퍼레이션	food	127.05367	37.49822
토르산업개발	shop	127.04527	37.48350
토르패션	shop	127.06295	37.49388
토리니쿠	bar	127.03201	37.49240
토리박스	shop	127.04866	37.47875
토리버치현대무역점	shop	127.05976	37.50862
토리버치현대백화점	shop	127.02747	37.52737
토리시오	food	127.04513	37.48489
토리시키	food	127.04317	37.52187
토리키치	food	127.03930	37.49247
토리키치	food	127.05617	37.50986
토리키치	food	127.02588	37.50594
토리키치신사가로수길점	food	127.02367	37.51949
토리키치압구정	food	127.03759	37.52576
토리키치압구정로데오	food	127.03749	37.52562
토리키치포이	food	127.04634	37.47816
토마토	cafe	127.02058	37.51595
토마토	shop	127.06591	37.49962
토마토김밥	food	127.05263	37.49786
토마토노래방	activity	127.03047	37.52743
토마토노래연습장	activity	127.04687	37.47590
토마토도시락아크로힐스	food	127.04062	37.50960
토마토도시락압구정로데오역점	food	127.03848	37.52802
토마토랩	food	127.02622	37.50298
토마토스크린골프존	activity	127.04287	37.50035
토마토케터링	food	127.03636	37.50127
토말	food	127.04122	37.51370
토말	food	127.03130	37.49486
토모	food	127.02784	37.52482
토박스	shop	127.05976	37.50862
토보시	food	127.02662	37.52021
토브	food	127.03051	37.51703
토브	food	127.04738	37.47783
토브스테이	stay	127.04464	37.49695
토브제	shop	127.05383	37.50814
토브힐링	shop	127.06591	37.49962
토사베베펫	shop	127.02217	37.51528
토소웅	shop	127.03234	37.49901
토스토스	cafe	127.02720	37.50929
토스트마켓	food	127.02609	37.50970
토스플레이스	shop	127.03496	37.49975
토시꼬퀼트	shop	127.06237	37.48327
토우	food	127.02683	37.51997
토우베	food	127.02164	37.51931
토이토픽	shop	127.06090	37.49806
토종맛집	food	127.05971	37.50608
토종맛집	food	127.05783	37.50847
토종소곱창	food	127.05888	37.49294
토종시골집	food	127.04367	37.50441
토종한우강남축산	shop	127.08749	37.49188
토주집	food	127.03381	37.49819
토치커피	cafe	127.05194	37.50963
토쿠시이자카야	food	127.03859	37.52773
토크쇼	bar	127.08130	37.49089
토탈문구랜드	shop	127.05390	37.51123
토탈스위스	shop	127.04774	37.50504
토탈유닛	shop	127.02832	37.50592
토탈의류	shop	127.06856	37.49569
토토잼잼	cafe	127.04100	37.49602
토파	food	127.04487	37.52289
토파즈	bar	127.03173	37.50693
토퍼스퍼니쳐주	shop	127.03759	37.49164
토풀리	shop	127.05109	37.52592
토프랜드	food	127.03189	37.52786
토핑스	cafe	127.04076	37.50093
톡	food	127.03574	37.49165
톡스크린	activity	127.05023	37.50387
톡톡	shop	127.02806	37.49862
톡톡	food	127.05431	37.52242
톰그레이하운드현대	shop	127.02747	37.52737
톰그레이현대무역	shop	127.05976	37.50862
톰보이	shop	127.05976	37.50862
톰브라운	shop	127.02438	37.51852
톰브라운	shop	127.04184	37.52791
톰브라운여성	shop	127.04184	37.52791
톰하우스	food	127.03427	37.52249
통닭왕맥주	food	127.02929	37.49766
통돼지	food	127.03384	37.49069
통돼지네	food	127.03088	37.49451
통삼집	food	127.02638	37.50923
통영다찌	food	127.03107	37.51598
통영마을	food	127.02786	37.52567
통영집	food	127.03595	37.50224
통영집	food	127.04740	37.50650
통일프론티어	shop	127.05657	37.50845
통통김치찌개	food	127.03235	37.49172
통통맘찬	food	127.10748	37.47703
통통산도	food	127.10615	37.47937
통통커피	cafe	127.04070	37.49617
투게더	shop	127.02806	37.49862
투게더스	activity	127.06392	37.51462
투겟허	food	127.03584	37.52339
투고	cafe	127.03392	37.52762
투다리	bar	127.02706	37.52359
투다리	bar	127.03572	37.50903
투다리	bar	127.02582	37.50986
투다리	bar	127.06734	37.48875
투다리강남	bar	127.10336	37.47372
투다리대치	bar	127.06099	37.49782
투다리수서점	bar	127.10249	37.48837
투다리포이점	bar	127.04867	37.47764
투데이	bar	127.03276	37.50904
투데이	bar	127.03539	37.51032
투데이무역	shop	127.05638	37.50955
투모로우훠티	shop	127.04341	37.51825
투문버드	food	127.02878	37.52048
투미갤러리아	shop	127.04005	37.52848
투비아이엔씨	shop	127.10249	37.48837
투뿔한우	food	127.05174	37.49728
투뿔한우천국학동역점	food	127.02829	37.51284
투쁠한상	food	127.10319	37.48868
투샷	cafe	127.03148	37.49098
투스타짐	activity	127.04573	37.49530
투시스엔에이아이시티지점	cafe	127.03117	37.49516
투싼	shop	127.03232	37.52577
투싼	activity	127.04842	37.49923
투썸플레이스	cafe	127.02743	37.50576
투썸플레이스	cafe	127.03112	37.49979
투썸플레이스	cafe	127.06106	37.50782
투썸플레이스	cafe	127.03810	37.49762
투썸플레이스	cafe	127.02698	37.52620
투썸플레이스	cafe	127.05798	37.50681
투썸플레이스	cafe	127.02941	37.49531
투썸플레이스	cafe	127.05156	37.49989
투썸플레이스	cafe	127.03965	37.51699
투썸플레이스	cafe	127.02479	37.50491
투썸플레이스	cafe	127.02189	37.51103
투썸플레이스	cafe	127.02940	37.52435
투썸플레이스강남	cafe	127.02127	37.51741
투썸플레이스강남	cafe	127.10470	37.47530
투썸플레이스강남도산점	cafe	127.03121	37.52229
투썸플레이스강남삼성로점	cafe	127.05543	37.50840
투썸플레이스강남세곡점	cafe	127.10073	37.46636
투썸플레이스강남수서점	cafe	127.09414	37.48219
투썸플레이스강남역	cafe	127.02794	37.49943
투썸플레이스강남청담점	cafe	127.04895	37.52476
투썸플레이스개포언주로점	cafe	127.05548	37.47856
투썸플레이스경복아파트	cafe	127.03941	37.50869
투썸플레이스대웅제약사옥점	cafe	127.06547	37.51442
투썸플레이스대치	cafe	127.05330	37.50440
투썸플레이스대치	cafe	127.05987	37.50152
투썸플레이스도곡타워	cafe	127.05348	37.48807
투썸플레이스도산공원	cafe	127.03464	37.52047
투썸플레이스삼로점	cafe	127.03218	37.49343
투썸플레이스삼성	cafe	127.05040	37.51192
투썸플레이스삼성도심	cafe	127.05772	37.50996
투썸플레이스선릉로점	cafe	127.04431	37.50427
투썸플레이스세관	cafe	127.03488	37.51604
투썸플레이스수서역점	cafe	127.10318	37.48676
투썸플레이스신사세로수길점	cafe	127.02111	37.52323
투썸플레이스압구정로데오역점	cafe	127.04033	37.52759
투썸플레이스역삼	cafe	127.04347	37.50028
투썸플레이스역삼성홍	cafe	127.03430	37.49964
투썸플레이스점	cafe	127.03803	37.50244
투썸플레이스청담역	cafe	127.05102	37.51872
투썸플레이스청담역점	cafe	127.05736	37.52061
투썸플레이스테헤란	cafe	127.04782	37.50343
투썸플레이스포이	cafe	127.04551	37.47883
투썸플레이스학동역점	cafe	127.03036	37.51420
투쏜플레이스	shop	127.04582	37.51896
투아로	shop	127.04512	37.51123
투아투아	food	127.03677	37.52635
투어포퍼먼스	shop	127.04941	37.51556
투에이치리테일	shop	127.10185	37.48739
투에이치리테일수서역점	shop	127.10185	37.48739
투엑스라지커피	cafe	127.05665	37.51973
투엑스휘트니스주	activity	127.06295	37.49388
투엘	cafe	127.03213	37.50572
투온분식	food	127.03099	37.50001
투워즈텐	shop	127.02184	37.51896
투인스포츠	shop	127.05657	37.52253
투제이산업	shop	127.05824	37.50605
투케이앤리	shop	127.02277	37.52068
투쿨포스쿨투쿨라운지	shop	127.02131	37.51969
투투서울	shop	127.02832	37.50592
투티프루티	shop	127.03158	37.52156
투페	shop	127.04934	37.47701
투헌드레드서울	food	127.02218	37.51987
튀긴치킨싫어서구운치킨만파는집	food	127.03995	37.49583
튀김아저씨	food	127.06591	37.49962
튀김이오	food	127.03995	37.49583
튜니니	food	127.04169	37.51035
튤립	food	127.03312	37.52056
트라가	food	127.03486	37.50350
트라가가로수길	food	127.01967	37.52050
트라가가로수길점	bar	127.01967	37.52050
트라가삼성	food	127.05558	37.50766
트라가역삼	food	127.03486	37.50350
트라아트	shop	127.03215	37.52575
트라이앵글	activity	127.04165	37.52384
트라이핏	activity	127.03995	37.51907
트라토리아이오찌노	food	127.03897	37.52413
트래키	food	127.03594	37.48559
트래픽	bar	127.03853	37.52737
트랜짓현대무역점	shop	127.05976	37.50862
트랩커피	cafe	127.04588	37.48503
트러스트스페셜티커피	cafe	127.04464	37.50453
트러스트코퍼레이션	cafe	127.05353	37.50508
트럼프	activity	127.03888	37.52793
트레이쇼핑몰	shop	127.04548	37.47725
트레인버거	food	127.06058	37.50664
트레인트루	activity	127.02756	37.52595
트레조	activity	127.02969	37.51429
트렌드크래프트	shop	127.02019	37.51800
트로니스	shop	127.03746	37.52592
트로이케밥	food	127.02794	37.49943
트로피보드카페	activity	127.02487	37.51048
트로피티아일랜드	food	127.03537	37.50805
트롬바커피	cafe	127.04309	37.51523
트루게이트	shop	127.05734	37.50663
트루랩	shop	127.03574	37.49902
트루맥	shop	127.03190	37.51580
트루상사	shop	127.03278	37.52389
트루상사	shop	127.04693	37.52567
트루아	bar	127.04712	37.50495
트루잇파트너스역삼뭉티골	food	127.03569	37.49852
트루푸드	food	127.05326	37.49698
트루플리단성무이	food	127.02830	37.49982
트리거	activity	127.02769	37.50062
트리거피쉬	food	127.05548	37.47856
트리니티	bar	127.03811	37.52329
트리니티	bar	127.03576	37.52323
트리니티안경원	shop	127.06035	37.49368
트리니티여성의원	shop	127.02066	37.51619
트리드	food	127.04169	37.52671
트리블리	food	127.03673	37.51399
트리비아	shop	127.03387	37.50332
트리스약국	shop	127.03369	37.52010
트리아농	cafe	127.04457	37.52033
트리플스타	food	127.06080	37.50919
트리플약국	shop	127.02066	37.51619
트리플에이치트레블리테일	shop	127.04139	37.51780
트리플에이커피청담점	cafe	127.04889	37.52319
트리플텐안경	shop	127.02786	37.51076
트리하우스베이킹클럽	food	127.04612	37.48322
트릿츠바이유니스	food	127.04568	37.48273
트웬티짐	activity	127.03059	37.51578
트위드	food	127.03139	37.49773
트윈스뷰티	shop	127.06856	37.49569
트윈쿡	food	127.05916	37.51183
트윗젤	food	127.04895	37.50450
트키	cafe	127.03594	37.52309
트헝뜨	food	127.04474	37.51418
특강남스시횟집	food	127.04658	37.50324
튼튼약국	shop	127.09405	37.48394
튼튼연구소	shop	127.04225	37.51844
튼튼중앙약국	shop	127.07559	37.49266
틈새당	food	127.02583	37.50619
틈새라면	food	127.03848	37.52802
틈새라면	food	127.03323	37.50171
틈새라면	food	127.02485	37.52484
티	cafe	127.03104	37.49185
티그린임대	cafe	127.03632	37.52786
티나인터내셔널	shop	127.04945	37.47400
티니위니	shop	127.03996	37.49357
티디앤무역	food	127.04283	37.50060
티디에이하우스	shop	127.03231	37.52772
티랩	activity	127.03325	37.50036
티랩골프	activity	127.03797	37.50258
티레드	food	127.03639	37.52307
티미커피	cafe	127.04333	37.51567
티비렌탈	shop	127.10184	37.48802
티비씨헬스케어	shop	127.02641	37.50561
티비엔에스	shop	127.02379	37.51888
티비인터내셔널	shop	127.04380	37.52287
티비컴퍼니	shop	127.05916	37.51183
티식스	food	127.04150	37.52563
티씨엔컴퍼니	cafe	127.05102	37.50327
티씨엔컴퍼니강남	cafe	127.03037	37.49484
티아라	shop	127.02446	37.52243
티아라	shop	127.01965	37.52475
티아라	shop	127.04889	37.52319
티아이엠이에스	bar	127.03936	37.52623
티아이포맨코엑스점	shop	127.05922	37.51192
티앤씨	shop	127.03778	37.51097
티앤아이청담점	shop	127.04895	37.52182
티앤지	shop	127.03760	37.52311
티에라플라워도곡	cafe	127.04641	37.48415
티에르	shop	127.04057	37.52463
티에스아트센터	shop	127.04758	37.52493
티에이디엔	food	127.05916	37.51183
티엑스오	shop	127.02526	37.50526
티엔에이치	food	127.04283	37.50060
티엔티엔티엔	food	127.05427	37.50801
티엔프루프	bar	127.04576	37.48234
티엘알지	food	127.04124	37.52608
티엘컴퍼니	food	127.05677	37.50198
티엠	shop	127.05916	37.51183
티엠스마일	food	127.03548	37.52542
티엠엑스	shop	127.06946	37.49840
티엠지	shop	127.02559	37.52305
티오피	bar	127.04620	37.50440
티이	cafe	127.02032	37.52001
티잎앤커피	cafe	127.06283	37.50033
티제이버거앤파스타	food	127.03987	37.48759
티제이브런치앤그릴	food	127.03987	37.48759
티즈컴퍼니	shop	127.05824	37.50605
티지에스강남센터	shop	127.03117	37.49516
티지엑스코엑스	activity	127.05916	37.51183
티컴퍼터블티	shop	127.03883	37.49328
티케	bar	127.04475	37.52590
티케브릿지	shop	127.04658	37.50324
티켓	shop	127.04116	37.49580
티쿤올람	shop	127.03284	37.48966
티타민	shop	127.02278	37.51177
티타운	shop	127.03636	37.50127
티톨로	food	127.04309	37.52670
티티엑스퍼포먼스센터	shop	127.03959	37.52242
티티엠서울	cafe	127.03430	37.51610
티티케이플러스	food	127.05694	37.50939
티파니	activity	127.04926	37.50611
티파니	bar	127.02723	37.52627
티파니	shop	127.03009	37.51915
티파니노래연습장	activity	127.04822	37.47809
티피이서울	cafe	127.03577	37.52601
티피제트골프스튜디오블루	activity	127.02873	37.52403
티피파트너스	shop	127.03909	37.49697
티하우스청담	cafe	127.05468	37.51894
티하우스하다暇茶	cafe	127.04408	37.52138
틴틴즈	shop	127.03717	37.49542
팀	bar	127.03353	37.52007
팀버랜드	shop	127.05916	37.51183
팀에스	shop	127.03886	37.52497
팀엑스	activity	127.03413	37.52858
팀엘리트	shop	127.03603	37.49117
팀일로	food	127.03218	37.52309
팀제이티	activity	127.03620	37.49554
팀찰스	shop	127.05398	37.50786
팀호완	food	127.02730	37.50011
팀호완	food	127.05686	37.51145
팀홀튼센터필드교차로점	shop	127.04347	37.50243
파나쉬	shop	127.04301	37.52458
파넬	food	127.03455	37.52534
파니엔테	food	127.02217	37.51885
파드마	shop	127.05560	37.50695
파라노이드강남뱅뱅	food	127.03187	37.49040
파라다이스에어라인	shop	127.02165	37.52293
파라디	shop	127.03694	37.52540
파라디소디강남	shop	127.03496	37.51362
파라아트	shop	127.04264	37.52667
파라오텔레콤	shop	127.02795	37.52333
파란행복	cafe	127.03553	37.49883
파랑새식품	shop	127.02630	37.51981
파랑새약국	shop	127.08157	37.48975
파렌하이트스타필드코엑스	shop	127.05916	37.51183
파로스	shop	127.05180	37.47870
파로스	shop	127.05683	37.52241
파르나스몰	shop	127.06081	37.50919
파르나스몰시스티나	shop	127.06080	37.50919
파르나스호텔	stay	127.06080	37.50919
파르나스호텔	stay	127.05712	37.51295
파르나스호텔신용협동조합코엑스호텔점	shop	127.05712	37.51295
파르크플라워	shop	127.02352	37.51668
파르테즈	shop	127.02242	37.52292
파리게이츠	shop	127.02706	37.51883
파리게이츠현대백화점무역	shop	127.05976	37.50862
파리바게뜨	food	127.02888	37.52608
파리바게뜨	food	127.04019	37.51714
파리바게뜨	food	127.10471	37.47537
파리바게뜨	food	127.06447	37.50750
파리바게뜨강남	food	127.08110	37.48480
파리바게뜨강남구청	food	127.04165	37.51544
파리바게뜨강남구청카페점	food	127.04628	37.51839
파리바게뜨강남일원	food	127.08110	37.48480
파리바게뜨강남포이점	food	127.04566	37.47865
파리바게뜨개포포레스트점	food	127.05340	37.48058
파리바게뜨대청	food	127.07965	37.49434
파리바게뜨대치	food	127.05918	37.49802
파리바게뜨대치	food	127.06262	37.49891
파리바게뜨대치역점	food	127.06295	37.49388
파리바게뜨도곡	food	127.04973	37.49421
파리바게뜨매봉역점	food	127.04560	37.48574
파리바게뜨뱅뱅	food	127.03166	37.49032
파리바게뜨봉은사역점	food	127.06175	37.51517
파리바게뜨삼성카페점	food	127.06028	37.50655
파리바게뜨선릉아이	food	127.04704	37.50355
파리바게뜨선정릉역점	food	127.04265	37.51018
파리바게뜨세곡지구점	food	127.10133	37.46681
파리바게뜨수서역점	food	127.10311	37.48732
파리바게뜨수서점	food	127.10249	37.48837
파리바게뜨신분당선	food	127.02831	37.49816
파리바게뜨압구정신구초교점	food	127.02559	37.52305
파리바게뜨압구정중앙	food	127.03074	37.52800
파리바게뜨압구정현대점	food	127.02832	37.53360
파리바게뜨양재	food	127.03723	37.48528
파리바게뜨언주역점	food	127.03404	37.50765
파리바게뜨역삼뉴	food	127.03964	37.49577
파리바게뜨역삼럭키점	food	127.03903	37.49210
파리바게뜨역삼포스틸	food	127.03433	37.49943
파리바게뜨일원역점	food	127.08446	37.48402
파리바게뜨점	food	127.03610	37.50193
파리바게뜨청담	food	127.04978	37.52417
파리바게뜨청담역점	food	127.05923	37.52008
파리바게뜨카페선릉	food	127.04815	37.50572
파리바게뜨한티역점	food	127.05386	37.49824
파리바게트	food	127.05954	37.48377
파리바게트	food	127.06775	37.48865
파리바게트강남	food	127.05278	37.51264
파리바게트강남영동점	food	127.02246	37.50957
파리바게트강남을지	cafe	127.02903	37.51965
파리바게트대치	food	127.05619	37.50460
파리바게트신논현교보	food	127.02476	37.50631
파리바게트압구정	food	127.03949	37.52519
파리바게트일원주공점	food	127.08759	37.49170
파리바게트학동역점	food	127.02888	37.51388
파리스토	shop	127.05107	37.51052
파리악세사리	shop	127.05977	37.49350
파리크라상	food	127.05256	37.48845
파리크라상키친	food	127.06199	37.50809
파리클라라	shop	127.07559	37.49266
파머스마켓팥집	food	127.02784	37.52482
파머스빈	cafe	127.05353	37.50508
파머스오리진	shop	127.05316	37.50474
파머스포케	food	127.02929	37.49766
파보내	shop	127.04615	37.52112
파불라	food	127.04578	37.52714
파브란트	food	127.03237	37.49993
파브리끄	cafe	127.04433	37.50453
파비아나필리피	shop	127.02747	37.52737
파비아나필리피현대무역점	shop	127.05976	37.50862
파삐스타코	food	127.03828	37.52571
파삐쓰타코	food	127.03828	37.52571
파사드패턴	shop	127.02068	37.51815
파스쿠찌	cafe	127.06322	37.51057
파스쿠찌	cafe	127.04819	37.50377
파스쿠찌	cafe	127.04870	37.48849
파스쿠찌논현언주역점세중이에스	cafe	127.03555	37.50918
파스쿠찌논현역점	cafe	127.02352	37.51054
파스쿠찌청담역점	cafe	127.05783	37.51966
파스쿠찌커피숍	cafe	127.05040	37.47532
파스타스트릿	food	127.03995	37.49583
파스타앤도우	food	127.06005	37.49981
파스타에꼬치다	food	127.05205	37.50359
파스타에반하다	food	127.03712	37.50295
파스타엔포크강남	food	127.03251	37.49137
파스타예요	food	127.03847	37.52059
파스타입니다	food	127.03352	37.50972
파스타좋은날	food	127.03939	37.51713
파스타파는남자	food	127.03790	37.50618
파스텔드나따	food	127.03724	37.52753
파스텔라	food	127.04430	37.50093
파스토보이	food	127.03496	37.50130
파스티스	food	127.02086	37.51702
파슨스쥬얼리	shop	127.02710	37.52012
파시	bar	127.04411	37.48532
파쏘다이내믹스	shop	127.04842	37.49923
파씨오네	food	127.03676	37.52551
파씨오네레스토랑	food	127.03674	37.52547
파아란바다	shop	127.02602	37.52309
파에	food	127.03188	37.52176
파오창	food	127.03632	37.52786
파운드엠	shop	127.04683	37.48403
파운드커피	cafe	127.03257	37.50033
파워플랜트	food	127.03803	37.51846
파이굽는집	food	127.03386	37.52016
파이널나인서울	bar	127.02307	37.50978
파이널파이브논현지점	shop	127.03096	37.51920
파이니지	food	127.04367	37.50893
파이데이	shop	127.07062	37.49992
파이브스페이스신사스토어점	shop	127.02212	37.51959
파이브오션스	shop	127.05824	37.50605
파이브오헬스케어	shop	127.05713	37.49740
파이사랑	shop	127.05316	37.50474
파이어벨	food	127.05820	37.51099
파이진글로벌	shop	127.04768	37.50371
파이크골프	activity	127.03417	37.51992
파이토치	shop	127.04286	37.50342
파이프라인커피스튜디오	cafe	127.04493	37.48221
파이하우스	cafe	127.05490	37.49797
파인	shop	127.05200	37.48887
파인골프아카데미	activity	127.04519	37.50250
파인드피부과의원	shop	127.02852	37.52159
파인모션	food	127.04920	37.47484
파인보울샐러드	food	127.05230	37.50349
파인앤코	bar	127.03705	37.52629
파인에스씨주	activity	127.04658	37.50324
파인에프엔비	cafe	127.03984	37.51740
파인즈	shop	127.10184	37.48802
파인쿡강	food	127.03189	37.50060
파인하우스	stay	127.03463	37.48620
파지티브호텔	food	127.03534	37.52241
파지티브호텔키친선릉	food	127.05011	37.50539
파쪼카페	cafe	127.04177	37.51670
파치노	cafe	127.02134	37.52091
파크랜드	shop	127.03778	37.50886
파크식스원	activity	127.03600	37.48670
파크약국	shop	127.03764	37.52174
파크에이아이	shop	127.06103	37.51035
파타고니아강남직영점	shop	127.05460	37.51817
파타임	shop	127.03289	37.50046
파토리아누오바	shop	127.03586	37.49568
파티	bar	127.03348	37.49435
파티노래연습장	activity	127.06197	37.48301
파티노래연습장	activity	127.03740	37.52137
파티노래연습장	activity	127.03800	37.50283
파티세리송버드	food	127.04457	37.48469
파티온	shop	127.03990	37.50505
파티파티노래연습장	activity	127.02311	37.50957
파티팡	shop	127.03245	37.50716
파티풀	food	127.03631	37.51163
파파디에스	food	127.06290	37.50709
파파밸리	food	127.05916	37.51183
파파손돈까스	food	127.08752	37.49093
파파스푸드	food	127.03904	37.51026
파파야리프	food	127.02758	37.50296
파파야리프	food	127.05754	37.51201
파파존스	food	127.03893	37.51623
파파존스	food	127.04317	37.49757
파파존스세곡점	food	127.10078	37.46679
파파존스수서점	food	127.07962	37.48286
파파푸드마켓	shop	127.10073	37.46636
파파호	food	127.05534	37.52179
파퓰러	cafe	127.02700	37.51229
파프짐	activity	127.06035	37.49368
파프짐개포	activity	127.05548	37.47856
파피루스플러스	shop	127.05916	37.51183
팍스골프	shop	127.03458	37.49024
팍스문고	shop	127.05824	37.50605
팍스컨설팅	shop	127.04723	37.52525
판교집	food	127.10311	37.48732
판교집	food	127.02829	37.51284
판다비즈	food	127.03719	37.50594
판다서점	shop	127.03159	37.51529
판도에프엔비	food	127.03263	37.49854
판동면옥	food	127.05633	37.50285
판문점부대찌개	food	127.03369	37.49063
판타스틱	shop	127.10311	37.48732
판타스틱코인노래연습장	activity	127.04104	37.51581
판타스틱코인노래연습장매봉역점	activity	127.04472	37.48549
판타스틱코인노래연습장삼성동	activity	127.05567	37.51042
판타스틱코인노래연습장신논현역점	activity	127.02526	37.50526
판타지몰	shop	127.10717	37.47412
팔공면옥	food	127.02428	37.51042
팔공일	bar	127.02305	37.50868
팔공티	cafe	127.05264	37.49754
팔구공	food	127.02156	37.51755
팔당닭발	food	127.03824	37.51720
팔당닭발	food	127.03780	37.51652
팔당별미울	food	127.03451	37.52708
팔당족발	food	127.03781	37.51677
팔당푸드	food	127.03793	37.51710
팔도밀방강남	food	127.02825	37.49955
팔도비빔밥	food	127.03437	37.49452
팔도순대	food	127.03429	37.50075
팔도식당	food	127.02724	37.52402
팔도식품	shop	127.02724	37.52402
팔도실비집	bar	127.08219	37.48938
팔도장터	shop	127.06729	37.47607
팔라스스케이트보드	shop	127.03811	37.52719
팔레드플레르	shop	127.05976	37.50862
팔레트젤라또	food	127.02691	37.50319
팔로우스타	cafe	127.05534	37.50506
팔발라	food	127.05276	37.52453
팔발라	food	127.03803	37.52684
팔식당	food	127.04936	37.52373
팔일삼	food	127.02228	37.51785
팔칠푸드	food	127.02840	37.50014
팔팔공팔	food	127.03381	37.49819
팔팔스케이트	shop	127.03577	37.52601
팔팔찌개마을	food	127.03975	37.50362
팔팔큐레이트	shop	127.04451	37.51410
팜스약국	shop	127.03610	37.50193
팜엑스약국	shop	127.05916	37.51183
팜우리	shop	127.04783	37.47776
팜트리	shop	127.04765	37.47959
팝	bar	127.02131	37.51795
팝마트코엑스몰지점	shop	127.05916	37.51183
팝스노우보드	shop	127.03290	37.50880
팝스키친	food	127.03387	37.50559
팝스타코인노래연습장	activity	127.02674	37.50192
팝코스메틱	shop	127.02795	37.52333
팝콘	activity	127.03933	37.52487
팟카파우	food	127.04005	37.52848
팡마트	shop	127.01965	37.52475
팡뮤제	food	127.04000	37.49696
팡뮤제강남	food	127.03209	37.49627
팡팡	bar	127.05272	37.50659
팡팡노래바큐	bar	127.04463	37.50476
팡팡노래밤	bar	127.04718	37.50480
팡팡노래연습장	activity	127.02726	37.50726
팡팡노래연습장	activity	127.03878	37.50310
팡팡노래연습장	activity	127.03163	37.49426
팡하우스	food	127.10184	37.48802
팥고당	food	127.03986	37.51790
패브릭	shop	127.04301	37.52458
패션그룹형지	shop	127.04045	37.49413
패션그룹형지샤트렌	shop	127.04508	37.47796
패션그룹형지올리비아하슬러직영	shop	127.05239	37.49782
패션아울렛	shop	127.03150	37.49035
패션집	shop	127.03440	37.49850
패션플랫폼서래마을지점	shop	127.04336	37.48273
패션피플	shop	127.02990	37.49945
패칫	shop	127.04161	37.50998
패티드	food	127.02731	37.50915
패티버거	food	127.05240	37.51129
패티앤베지스	food	127.02029	37.52205
패티하우스	food	127.06067	37.48312
팩스포	shop	127.02712	37.50552
팩토리이엔디	shop	127.02806	37.49862
팬아시아다인힐롱씨암	food	127.03619	37.52510
팬아시아다인힐온기정센터필드점	food	127.04136	37.50288
팬케이크샵가로수길점	cafe	127.02018	37.52023
팬트하우스	bar	127.02131	37.51795
팰리스	shop	127.05185	37.48692
팰리스원룸텔	stay	127.04541	37.49618
팻보이샌드위치	food	127.02722	37.52386
팻커피	cafe	127.03654	37.50738
퍼그피자강남	food	127.02736	37.50283
퍼남사이곤	food	127.03638	37.51716
퍼리즘	shop	127.05683	37.52241
퍼멘자임	shop	127.04508	37.47796
퍼밋청담	food	127.04582	37.52330
퍼블리카	shop	127.03662	37.52307
퍼블릭컨피던스컴퍼니	shop	127.03570	37.52620
퍼블릭푸드	food	127.04395	37.49641
퍼사이공	food	127.04076	37.50093
퍼사이공	food	127.03654	37.50337
퍼센트나인	shop	127.04402	37.48166
퍼스널휠스	shop	127.03615	37.49392
퍼스트라이	shop	127.05490	37.50937
퍼스트약국	shop	127.06295	37.49388
퍼스트원광고	cafe	127.02968	37.50841
퍼스트커피랩	cafe	127.02795	37.50268
퍼스트플로어	cafe	127.03781	37.51709
퍼시픽스탠다드	food	127.02080	37.52177
퍼시픽스탠다드마켓	shop	127.02080	37.52177
퍼즐팩토리	activity	127.02685	37.50204
퍼지타운	food	127.04984	37.47921
퍼키스쿼드	shop	127.03477	37.50383
퍼키퍼키	shop	127.04307	37.50112
퍼포먼스스포츠용품서울	shop	127.03665	37.48592
퍼프룸	food	127.04605	37.52370
퍼프브레드	food	127.04334	37.48203
퍼프타운	bar	127.03586	37.52660
퍼플골프	shop	127.05031	37.47353
퍼플라인크리에이티브	shop	127.05763	37.50127
퍼플룬스	shop	127.04360	37.52473
퍼플리프	cafe	127.03426	37.50579
퍼플스미스	shop	127.04008	37.51367
퍼플퍼피	shop	127.02456	37.52395
퍼플핀서울플래그쉽점	shop	127.02976	37.51984
퍼플해머	shop	127.03149	37.52229
퍼피레드	cafe	127.02730	37.50227
퍼피빌리지	shop	127.05171	37.51805
펀보드게임카페	activity	127.05256	37.50377
펀비어킹	bar	127.04050	37.50853
펀비어킹	bar	127.03717	37.51695
펀타임강남	activity	127.02762	37.49943
펄미에이트	shop	127.03234	37.52147
펄미에이트	shop	127.02699	37.52285
펄보드카페	activity	127.04414	37.50485
펄세이플라워	shop	127.05152	37.52611
펄쉘	food	127.04091	37.52659
펄스휘트니스	activity	127.03715	37.52152
펌킨펫하우스청담	shop	127.03938	37.51057
펍마이	bar	127.05607	37.51138
펍마이마이	bar	127.05607	37.51138
펑키코코	shop	127.04906	37.51277
페레	shop	127.02503	37.50463
페레역삼	activity	127.03847	37.49853
페렐리	shop	127.02747	37.52737
페로	shop	127.04842	37.49923
페르에피스	food	127.05132	37.48737
페리도트	shop	127.01950	37.51770
페리쉬	shop	127.03621	37.50302
페리잼	shop	127.04723	37.52525
페리지	food	127.04948	37.51124
페리카나	food	127.02428	37.51042
페리카나치킨	food	127.03995	37.50980
페리카나치킨	food	127.04877	37.47755
페리카나치킨	food	127.06521	37.51597
페리카나치킨	food	127.05916	37.49316
페블	cafe	127.05311	37.52420
페세리코	shop	127.05976	37.50862
페세리코롯데	shop	127.05326	37.49698
페스카도청담	food	127.03979	37.52186
페어라이어롯데강남	shop	127.05326	37.49698
페어리플로스	food	127.06154	37.48286
페어링	bar	127.03089	37.52101
페어링룸	food	127.04786	37.52544
페이딤갤러리아	food	127.04005	37.52848
페이보릿	shop	127.10139	37.46648
페이스리퍼블릭	shop	127.03568	37.50084
페이스트리테이블	shop	127.02292	37.51210
페이스플러스성형외과의원	shop	127.02456	37.50529
페이지	shop	127.08480	37.48553
페이지그림	shop	127.04506	37.52359
페이지컨퍼런스라운지	shop	127.03548	37.50308
페이토개발호텔	stay	127.05871	37.50845
페이홍러우	food	127.05772	37.50996
페인스톰	activity	127.02972	37.52699
페코리노	food	127.04451	37.52245
페타테	bar	127.02330	37.52226
페트레이현대무역	shop	127.05976	37.50862
페티나트립	shop	127.03765	37.50680
펙스	food	127.02121	37.51400
펜디주	shop	127.03548	37.52154
펜션	stay	127.02712	37.50657
펜션	stay	127.05550	37.51037
펜션	stay	127.10341	37.48695
펜션	stay	127.02593	37.50583
펜션	stay	127.05783	37.50847
펜션	stay	127.05693	37.49963
펜션	stay	127.07965	37.49434
펜션	stay	127.05835	37.50874
펜션	stay	127.03561	37.50954
펜션	stay	127.05563	37.49842
펜션	stay	127.05947	37.50685
펜션	stay	127.10448	37.48856
펜션	stay	127.03240	37.50146
펜션	stay	127.05483	37.50706
펜션	stay	127.03899	37.50085
펜션	stay	127.08487	37.49356
펜션	stay	127.02948	37.49773
펜션	stay	127.05098	37.50399
펜션	stay	127.05007	37.51240
펜션	stay	127.05302	37.49953
펜션	stay	127.02627	37.50637
펜앤아트카페촉	shop	127.06346	37.51543
펜타	bar	127.04762	37.51169
펜타리움	stay	127.05515	37.52248
펜타피플	cafe	127.05515	37.52248
펠레코	shop	127.04515	37.48235
펠리스	stay	127.03929	37.50091
펠리스산쵸	food	127.06456	37.49980
펠리체	shop	127.02626	37.52283
펠리체	shop	127.02841	37.53229
펠리체안경원	shop	127.03447	37.49468
펠리치타스	bar	127.04191	37.52417
펠어커피초코강남포스코	cafe	127.05619	37.50460
펠즈피자	food	127.02511	37.53109
펠트	food	127.03547	37.52566
펫문	shop	127.03171	37.51549
펫요람무	shop	127.02580	37.51356
펫유니버스	shop	127.02526	37.50526
펫제이	shop	127.04377	37.52476
펫큐베이션	shop	127.04445	37.50233
펫클럽	shop	127.04290	37.51200
펫클럽압구정	shop	127.03848	37.52802
펫키즈	shop	127.05218	37.50587
펫투	shop	127.03104	37.49185
펫프렌즈	shop	127.02144	37.51545
펫플스	shop	127.04648	37.49590
편의점스토리웨이	shop	127.04180	37.51699
평가옥	food	127.05285	37.50701
평구	shop	127.06266	37.49458
평방건설	food	127.03491	37.49907
평상집	food	127.04217	37.50518
평상집강남	food	127.08391	37.48988
평안도식당	food	127.02588	37.50372
평안도식당	food	127.02080	37.51604
평양만두	food	127.03723	37.52839
평양면옥	food	127.02916	37.51893
평양면옥	food	127.04475	37.48339
평양면옥세한	shop	127.03890	37.52264
평양옥	food	127.03803	37.49486
평양제면가	food	127.03803	37.49486
평온재	stay	127.08476	37.49086
평한재	stay	127.08476	37.49086
평화로운집신사가로수길점	food	127.02184	37.51896
평화패션	shop	127.10563	37.48798
포그네스테이	stay	127.03904	37.50699
포근채	stay	127.02657	37.51193
포나타이	food	127.07878	37.49413
포낙보청기	shop	127.04016	37.51654
포니정홀	heritage	127.06106	37.51367
포도	bar	127.04049	37.50716
포도빵집	food	127.03581	37.52875
포도식당	food	127.02703	37.52449
포라모	shop	127.02888	37.51388
포라이브	bar	127.03783	37.52774
포란	food	127.03742	37.49914
포럼앤스페이스	shop	127.03506	37.52342
포레	shop	127.04093	37.52569
포레드뱅	shop	127.03310	37.50676
포레스트	cafe	127.03903	37.50278
포레스트	food	127.03897	37.52394
포레스트	stay	127.03853	37.48673
포레스트에프앤비	food	127.03649	37.50951
포레스트역삼	stay	127.03995	37.49635
포레약국	shop	127.02338	37.51735
포르토	shop	127.03723	37.52839
포르투나	shop	127.05822	37.50064
포리듬	cafe	127.04031	37.50036
포메인	food	127.05860	37.51024
포메인	food	127.04061	37.51744
포메인레드	food	127.05200	37.48887
포메인레드	food	127.02759	37.52573
포모	cafe	127.03903	37.51313
포몬스	food	127.03647	37.50921
포몬스	food	127.03329	37.49466
포몬스	food	127.05953	37.50316
포물집	food	127.03233	37.50243
포뮬러아이엠	activity	127.06667	37.50354
포미다건강생활	shop	127.10311	37.48732
포뱅가즈	bar	127.03932	37.52699
포브갤러리	shop	127.04100	37.52591
포브라더스	food	127.04533	37.48402
포브로그	shop	127.03793	37.50353
포비브라이트	food	127.03730	37.50189
포비엘	shop	127.04562	37.51109
포사로	bar	127.02131	37.51876
포쇄	bar	127.04262	37.50513
포쉬피플	food	127.04686	37.52636
포스카포주	food	127.03352	37.49883
포스코미술관	heritage	127.05608	37.50588
포스톤즈	food	127.06390	37.50977
포스톤즈삼성	food	127.06080	37.50919
포스펜싱클럽	activity	127.02573	37.51266
포시애틀	food	127.05933	37.49762
포시애틀	food	127.04658	37.50324
포시애틀강남	food	127.03007	37.49554
포시즌스파트너스	cafe	127.05824	37.50605
포시즌아울렛	shop	127.02188	37.52206
포시즌푸드컬쳐	food	127.04358	37.52437
포씨	shop	127.05029	37.52596
포아	food	127.05627	37.50978
포아당선정릉역점	food	127.04346	37.51078
포앤세븐	shop	127.02649	37.50709
포에버워치	shop	127.03738	37.52392
포엔식스	food	127.03241	37.51141
포용에프앤비강	food	127.05302	37.50079
포웨이기타	shop	127.04661	37.47850
포위브	shop	127.01960	37.52059
포이골프	activity	127.04895	37.47911
포이김밥초밥	food	127.05017	37.47618
포이나짐	activity	127.04689	37.48566
포이브하우스	food	127.03123	37.52387
포이스포츠센터	activity	127.05250	37.47591
포이제면소	food	127.04963	37.47863
포이케이크	food	127.05012	37.47315
포인비에트	food	127.04088	37.51617
포인트	bar	127.02408	37.51885
포인트나인	activity	127.02836	37.50345
포인트약국	shop	127.02181	37.51661
포인핏	shop	127.04022	37.52722
포제아뜰리에	shop	127.04881	37.51199
포제이	shop	127.04740	37.52291
포즈	food	127.03027	37.50558
포차에꼬치다	bar	127.10336	37.47372
포차일	food	127.04472	37.48549
포춘쿠키팩토리	shop	127.02078	37.52117
포카이	food	127.06232	37.49364
포카코	food	127.06285	37.51054
포커스	activity	127.04534	37.48455
포커스	activity	127.06825	37.48898
포커스안경	shop	127.05977	37.49350
포케바	food	127.05488	37.50549
포케올데이	food	127.04052	37.49551
포케올데이	food	127.05441	37.49780
포케올데이	food	127.05947	37.50685
포케올데이	food	127.02463	37.51940
포케올데이선정릉역점	food	127.04307	37.51052
포코너스	cafe	127.04106	37.49278
포코니멀	shop	127.05725	37.49870
포쿠치나	food	127.03772	37.52076
포크댄스	food	127.02563	37.50711
포크엔나이프	food	127.04487	37.52289
포크컴퍼니	shop	127.03677	37.52635
포타임쌀국수	food	127.04467	37.49945
포타커피	cafe	127.05619	37.50460
포타커피강남포스코뒷점	cafe	127.05619	37.50460
포털아트주	shop	127.03453	37.50445
포텐	bar	127.04916	37.50560
포텐	food	127.05352	37.50332
포텐	bar	127.04915	37.50520
포텐인사이트	shop	127.05824	37.50605
포트	shop	127.02497	37.52289
포트캔커피	cafe	127.02607	37.50875
포트캔커피강남	cafe	127.05483	37.50428
포트캔커피강남	cafe	127.03474	37.51042
포트캔커피신사역점	cafe	127.02010	37.51695
포튼가먼트	shop	127.02913	37.51811
포티나인즈	shop	127.03287	37.49607
포티데이즈	food	127.02019	37.51886
포포빈	food	127.06707	37.50758
포포야	food	127.04247	37.51032
포퐁	food	127.02029	37.52151
포푸스	shop	127.02879	37.51743
포항오거리막회	food	127.03474	37.49875
포홀펍	food	127.02766	37.50002
폭스	shop	127.03681	37.52484
폭풍갈비	food	127.03793	37.51710
폰나와	shop	127.03426	37.48584
폰드그룹압구정도산점비비씨어스	shop	127.03749	37.52562
폰드그룹압구정도산점슈퍼드라이	shop	127.03759	37.52576
폰바꾸는날	shop	127.01965	37.52475
폰앤조이	shop	127.10133	37.46681
폰장마차	shop	127.02806	37.49862
폰케이스몰	shop	127.02826	37.50055
폰타나밀라노갤러리아압구정	shop	127.04184	37.52791
폰테크	shop	127.04712	37.50321
폰트	cafe	127.05976	37.50862
폰하우스	shop	127.02424	37.51017
폴겟미낫	shop	127.03794	37.52611
폴댓	shop	127.04723	37.50666
폴드앤타이	shop	127.02880	37.52221
폴라	activity	127.03893	37.52071
폴라리스엠넷카페	cafe	127.02853	37.52130
폴라에스테이트	food	127.03633	37.50898
폴로남성롯데강남	shop	127.05326	37.49698
폴로랄프로렌여성	shop	127.05326	37.49698
폴리스	food	127.06080	37.50919
폴링인뷰티	shop	127.04335	37.51087
폴바셋	cafe	127.05916	37.51183
폴바셋	cafe	127.04167	37.51764
폴바셋	food	127.05086	37.50549
폴바셋	food	127.06080	37.50919
폴바셋롯데	cafe	127.05326	37.49698
폴바셋서울세관	cafe	127.03574	37.51582
폴바셋선릉역동훈	food	127.04576	37.50397
폴바셋수서역점	cafe	127.10184	37.48802
폴바셋압구정	cafe	127.03133	37.52795
폴바셋언주로점	cafe	127.03393	37.52743
폴바셋일원역점	cafe	127.08446	37.48402
폴바셋입구정점	cafe	127.02605	37.52557
폴바셋청담점	cafe	127.04579	37.52552
폴바셋현대모터스튜디오서울점	cafe	127.03437	37.52128
폴스미스갤러리아	shop	127.04005	37.52848
폴스타	food	127.03688	37.52355
폴앤샌드라	shop	127.04430	37.52603
폴인포케	food	127.02746	37.50040
폴프랭크카페	food	127.04801	37.50469
폴한	shop	127.02492	37.51938
폴햄	shop	127.05326	37.49698
폴햄신세계스타필드코엑스	shop	127.05916	37.51183
폼드팡베이커리	food	127.02241	37.51817
폼맨즈라운지	shop	127.02747	37.52737
퐁	bar	127.03661	37.52639
퐁치커피익스프레스논현	cafe	127.02785	37.51249
퐁트마리	shop	127.02691	37.50319
퐁퐁	food	127.02832	37.53360
퐈이어스시	food	127.03139	37.49955
표준	food	127.02182	37.51954
표준에프앤비	cafe	127.03273	37.52012
푸드	food	127.03545	37.50988
푸드까페	food	127.03903	37.49210
푸드까페	food	127.03451	37.49836
푸드몬드	food	127.02970	37.50546
푸드비	food	127.02070	37.51714
푸드스타사가라멘	food	127.02184	37.51866
푸드스토아	food	127.03233	37.50833
푸드아일랜드주	food	127.04610	37.52498
푸드앤프랜차이즈컨설팅주	cafe	127.05052	37.49020
푸드엑스	food	127.04076	37.52249
푸드위즈	food	127.04031	37.50334
푸드카페	food	127.06004	37.50617
푸드카페김밥천국	food	127.02120	37.51817
푸드카페김밥천국	food	127.05036	37.52514
푸드카페김밥천국청담	food	127.05683	37.52241
푸드카페대치	food	127.06594	37.50795
푸드케미	food	127.02671	37.50390
푸드트리오	food	127.04402	37.50521
푸드팩토리	food	127.05070	37.51197
푸드헤븐	food	127.02372	37.50852
푸디스트갤러리아	food	127.04005	37.52848
푸디스트국민연금강남신사지사점	food	127.02271	37.51697
푸디스트새마을금고중앙회점	food	127.06537	37.51375
푸디스트코원에너지서비스점	food	127.07445	37.49937
푸디스트하나금융그룹강남사옥점	food	127.03204	37.49970
푸라닭	food	127.08657	37.49072
푸라닭	food	127.03842	37.50953
푸라닭	food	127.05436	37.50185
푸라닭세곡점	food	127.10356	37.47487
푸르밍	shop	127.05470	37.48541
푸르파파역삼언주로점	cafe	127.04195	37.50126
푸른꿈꾸미	shop	127.06758	37.49167
푸른나무	stay	127.04319	37.48519
푸른떡방	food	127.03819	37.49397
푸른바다	food	127.03775	37.49803
푸른수산	food	127.03670	37.50275
푸른안경	shop	127.02589	37.50309
푸른약국	shop	127.04911	37.50343
푸른온누리약국	shop	127.04919	37.52475
푸릇몬스터	shop	127.04957	37.47621
푸리테라피	shop	127.05287	37.50411
푸바오	bar	127.03670	37.52101
푸세울닭	food	127.06285	37.51054
푸실	food	127.05591	37.51193
푸에르코삼성더프라이빗	food	127.05772	37.50996
푸에르코역삼	food	127.03549	37.50002
푸줏간	food	127.03918	37.50482
풀림	cafe	127.02647	37.52151
풀무원푸드앤컬처	food	127.03381	37.49938
풀무원푸드앤컬처강남구청	food	127.04707	37.51797
풀무원푸드앤컬처서울삼성병원행정동	food	127.08446	37.48402
풀무원푸드앤컬처위드이노베이션	food	127.05275	37.51320
풀무원푸드앤컬처현대오토에버	food	127.06656	37.51132
풀서렌	food	127.04232	37.52226
풀스	shop	127.04015	37.50144
풀스테이논현	stay	127.03972	37.51136
풀타임피씨방	activity	127.06232	37.49364
풀파워샐러드	food	127.03911	37.49301
풀하우스	shop	127.07911	37.49324
풀하우스	shop	127.05280	37.50057
품글로벌주	food	127.05167	37.51755
품다	food	127.03411	37.49709
풋볼스탠다드	shop	127.03287	37.51774
풋솔루션	shop	127.04790	37.50568
풋스올강남	shop	127.04790	37.50568
풋조이	shop	127.03777	37.49170
풋조이현대무역	shop	127.05976	37.50862
풍	food	127.02506	37.50658
풍경	shop	127.04020	37.51582
풍경	bar	127.03016	37.49570
풍경있는사랑만들기	shop	127.06273	37.50175
풍광중식뷔페	food	127.03007	37.49554
풍금	bar	127.04051	37.51817
풍년네큰아들네	food	127.03481	37.49272
풍년닭도리탕	food	127.02734	37.50612
풍년닭도리탕강남역삼	food	127.03258	37.49515
풍년집	food	127.03481	37.49272
풍년집	food	127.05487	37.50399
풍년집	food	127.05932	37.50562
풍년코스메틱	shop	127.04711	37.47679
풍라운지	bar	127.03828	37.52571
풍류스포츠	shop	127.03277	37.50891
풍류옥육전냉면	food	127.03352	37.50972
풍류익스트림	shop	127.03220	37.51023
풍월당	shop	127.03893	37.52580
풍천가강남	food	127.03958	37.50347
풍천가청담	food	127.04035	37.52265
풍천민물장어구이	food	127.04786	37.47612
풍천민물장어송담추어탕	food	127.08157	37.49410
풍천민물장어직판장	shop	127.06853	37.49638
풍천장어	food	127.02315	37.50897
퓨리밍뷰티	shop	127.02071	37.51484
퓨어랩스	shop	127.05554	37.50727
퓨어리	shop	127.03723	37.52839
퓨어블랑	shop	127.04171	37.50764
퓨어셀	shop	127.05763	37.52245
퓨어에스테틱	shop	127.06796	37.48924
퓨어짐	activity	127.04363	37.48453
퓨어코스	shop	127.04890	37.52196
퓨어하우스	stay	127.05576	37.49818
퓨잡세일즈	shop	127.04603	37.50489
퓨전서비스주	shop	127.03775	37.50991
퓨전테크놀로지	shop	127.03000	37.50442
퓨처스타즈주	food	127.03344	37.51708
퓨처키친	food	127.03361	37.49643
프라베이쿡주	shop	127.04827	37.50325
프라이멀피트니스트레이드컴퍼니	activity	127.04769	37.52708
프라이빗엠에스	shop	127.05299	37.50618
프라이빗짐	activity	127.10732	37.47380
프라이빗청담	bar	127.05297	37.52526
프라임브릿지컴퍼니	shop	127.03165	37.49321
프라임에프앤비	food	127.03329	37.49466
프라임엠약국	shop	127.05907	37.50304
프라임원룸텔	stay	127.02712	37.50657
프라임위스키	food	127.04076	37.50093
프라임펫	shop	127.04950	37.52747
프라텔리	cafe	127.02692	37.50284
프라하	bar	127.03723	37.50735
프라하	bar	127.04030	37.52291
프라하	bar	127.03893	37.50313
프랄리네	food	127.03581	37.49552
프랜드	shop	127.03536	37.50597
프랜드노래연습장	activity	127.03127	37.49544
프랜즈	shop	127.05916	37.49316
프랜즈스크린디자이너스논현	activity	127.02589	37.50527
프랫	shop	127.05326	37.49698
프랭크버거	food	127.05849	37.49841
프랭크버거	food	127.03566	37.50162
프랭크버거	food	127.05084	37.50353
프랭크버거	food	127.02714	37.52549
프랭크버거강남	food	127.08201	37.48933
프랭크버거논현아크로힐스점	food	127.03840	37.50950
프랭크버거삼성	food	127.05202	37.51237
프랭크버거압구정로데오	food	127.03721	37.52798
프러스원엔터테인먼트주	food	127.04494	37.51161
프레델	shop	127.03330	37.50268
프레도	cafe	127.02793	37.50241
프레드므아청담	food	127.04380	37.52287
프레드시갈여성	shop	127.04005	37.52848
프레드페리서울	shop	127.02203	37.52299
프레드피자	food	127.06796	37.48924
프레드피자강남	food	127.05029	37.51455
프레베리	food	127.05464	37.49744
프레베스	shop	127.04907	37.52022
프레빈	shop	127.02336	37.51995
프레세르커피로스터스	cafe	127.06004	37.50446
프레스카	cafe	127.04446	37.48389
프레시마켓	shop	127.05264	37.49754
프레시크레딧	shop	127.06169	37.50703
프레시크레딧	food	127.05316	37.50474
프레시크레딧역삼푸르지오시티점	shop	127.03381	37.49819
프레시파인즈	cafe	127.04273	37.52182
프레시플레르	shop	127.05238	37.50994
프레씨	shop	127.03189	37.52786
프레이야	food	127.02131	37.51876
프레이져	shop	127.04416	37.51009
프레인글로벌	food	127.05509	37.51878
프레임몬타나	shop	127.03718	37.50789
프레임바이로찌	cafe	127.02553	37.50386
프레임서울	bar	127.03661	37.52639
프레임팩토리주	food	127.02882	37.52266
프레즈드로이	bar	127.02218	37.51913
프레지던트	food	127.05578	37.51069
프렌즈스크린강남	activity	127.03068	37.49615
프렌즈스크린라운딩	activity	127.02979	37.50582
프렌즈카페	cafe	127.03035	37.49614
프렌즈코인노래연습장압구정	activity	127.03803	37.52684
프렌즈쿡	food	127.03237	37.49993
프렌치아	shop	127.08354	37.48977
프렌치캣현대무역점	shop	127.05976	37.50862
프렌치코스텍	shop	127.04906	37.51277
프로간장새우	food	127.02461	37.50805
프로골프마트	shop	127.02863	37.51777
프로그커피브루어리	cafe	127.03070	37.52372
프로당구장	activity	127.02945	37.51453
프로메딕스	shop	127.03132	37.52143
프로스펙스롯데	shop	127.05326	37.49698
프로잭트애이치	food	127.03434	37.50112
프로젝트갤러리영원	shop	127.05850	37.50269
프로젝트언더바선릉제일차	food	127.04916	37.50560
프로젝트엠	shop	127.05916	37.51183
프로젝트엠롯데	shop	127.05326	37.49698
프로젝트엠에이션패션	shop	127.05326	37.49698
프로젝트케이	shop	127.10363	37.46295
프로토콜랩	food	127.04076	37.52249
프로토포이점	activity	127.04856	37.47427
프로티너	food	127.03037	37.49484
프로티너	food	127.05353	37.50508
프로티너점	food	127.03651	37.50002
프로페셔널코리안쿠진	food	127.03514	37.52019
프로푸모	cafe	127.03119	37.49157
프록시케이	shop	127.02437	37.50726
프롬	shop	127.02528	37.52001
프롬문	shop	127.02528	37.51775
프롬제이	shop	127.05683	37.52241
프롬주	shop	127.02721	37.50780
프루	shop	127.04743	37.51052
프루따프레스카	cafe	127.04019	37.51385
프리데카청담점	bar	127.04144	37.52414
프리레인강남	cafe	127.04013	37.51735
프리마베라	shop	127.02669	37.52193
프리마트	shop	127.06427	37.50073
프리마휘트니스	activity	127.05282	37.52390
프리머케이	shop	127.04233	37.51870
프리모	shop	127.02717	37.50851
프리미어	shop	127.05202	37.51748
프리미엄생과일	cafe	127.04674	37.51761
프리미엄스파엘	shop	127.03308	37.50980
프리미엄스파엘	shop	127.04398	37.50423
프리미엄온핏	activity	127.06024	37.48323
프리미에르	shop	127.02990	37.49945
프리버드이	food	127.03231	37.49587
프리스틴	stay	127.02093	37.51413
프리시하우스	stay	127.03087	37.51941
프리식단	food	127.04417	37.50096
프리즘	shop	127.04951	37.50508
프리톤	shop	127.04487	37.50375
프린세스	shop	127.04576	37.48234
프린세스	shop	127.05326	37.49698
프린세스엔퀸	shop	127.02628	37.50702
프린스성형외과의원	shop	127.02034	37.51608
프린스호텔	stay	127.05309	37.50424
프스팹	shop	127.02928	37.49888
프윙스줄넘기클럽	activity	127.06856	37.49569
플디도산점	food	127.03455	37.52728
플디케이크샵	food	127.03851	37.52472
플디케이크하우스	food	127.03851	37.52472
플디팩토리	shop	127.04962	37.47385
플라넌	food	127.06143	37.50716
플라니	shop	127.03091	37.51500
플라야라운지	food	127.03007	37.51982
플라워	bar	127.03769	37.52161
플라워그라치아	shop	127.04396	37.50178
플라워꽃남꽃녀	shop	127.02155	37.51204
플라워데이	shop	127.05116	37.47361
플라워디자인	shop	127.03681	37.52484
플라워랩떼아	shop	127.03688	37.49246
플라워룩소	shop	127.03182	37.49067
플라워리안	shop	127.05696	37.51110
플라워메이트	shop	127.04914	37.50497
플라워바이유지	shop	127.02914	37.51949
플라워바테	shop	127.05763	37.52245
플라워샵산책	shop	127.08569	37.49290
플라워스인에덴	shop	127.06232	37.49364
플라워앤타이드	shop	127.03126	37.51910
플라워어썸	shop	127.05920	37.49891
플라워인스튜디오	shop	127.07965	37.49434
플라워조	shop	127.03995	37.49635
플라워지원	shop	127.10471	37.47537
플라워테라피	shop	127.07965	37.49434
플라워팬트리	shop	127.06742	37.49954
플라워페이지	shop	127.03936	37.51687
플라워하우스	stay	127.08699	37.49254
플라워희가	shop	127.06245	37.51637
플란디아	cafe	127.03092	37.50793
플람므	food	127.02428	37.51042
플래넷	shop	127.02832	37.50592
플래닛	shop	127.10705	37.46278
플래쉬	bar	127.02070	37.51714
플래쉬백	bar	127.02368	37.50776
플래터나인	food	127.03892	37.49788
플랙롯데	shop	127.05326	37.49698
플랜라이트	food	127.02516	37.51794
플랜리빙	shop	127.02941	37.51591
플랜비즈글로벌	shop	127.03285	37.51110
플랜비크리베이트	shop	127.05824	37.50605
플랜씨	shop	127.04005	37.52848
플랜테리어	shop	127.04660	37.47771
플랜트프렌드	shop	127.04960	37.51436
플랫폼	bar	127.04863	37.52506
플랫폼	shop	127.02735	37.51512
플랫폼엘	heritage	127.03431	37.51616
플러스	activity	127.02847	37.51303
플러스마이너스	food	127.05950	37.50644
플러스약국	shop	127.02926	37.49891
플러스에이케이	shop	127.04638	37.50250
플러스플라워	shop	127.04302	37.48546
플러팅	bar	127.05689	37.52141
플럼	cafe	127.04428	37.48657
플럼라인	shop	127.04479	37.52434
플럼위스키하우스	bar	127.02697	37.52006
플럼코브에이치	food	127.02448	37.52193
플레누스	food	127.03803	37.51846
플레루	shop	127.04041	37.51891
플레르엘	shop	127.02990	37.49945
플레르엘	shop	127.05093	37.50577
플레르엘	shop	127.03259	37.49913
플레르완	shop	127.02583	37.50619
플레어비	food	127.04492	37.48346
플레이	bar	127.04924	37.52360
플레이그라운드	shop	127.04244	37.49427
플레이그라운드	shop	127.03024	37.52694
플레이그라운드	shop	127.06232	37.49364
플레이볼	bar	127.03950	37.51758
플레이빌영업소	shop	127.03165	37.49321
플레이스넘버원	food	127.05638	37.50955
플레이스둡	shop	127.05610	37.51001
플레이스디	food	127.03576	37.52323
플레이에프앤비	food	127.03688	37.52355
플레이오션	activity	127.09498	37.47192
플레이키즈프로	shop	127.05326	37.49698
플레이타임그룹	activity	127.10441	37.48896
플레이필드강남	activity	127.05830	37.50428
플레인	food	127.04973	37.49421
플렉스	bar	127.02584	37.51914
플렉스	food	127.05583	37.51110
플렉스브로스	shop	127.03204	37.50850
플렛트	shop	127.05151	37.48960
플로꽁	shop	127.03665	37.48592
플로니끄	shop	127.04374	37.52168
플로라빌	shop	127.02662	37.50124
플로라운지	shop	127.02241	37.51817
플로렛	cafe	127.04604	37.48244
플로르로즈	shop	127.05421	37.52002
플로르커피	cafe	127.06591	37.49962
플로리스	shop	127.05348	37.48807
플로리안카페	cafe	127.05185	37.48692
플로리안커피	cafe	127.02831	37.49816
플로리에스텔논현꽃집	shop	127.02496	37.50819
플로린	shop	127.02256	37.51591
플로멜트케이크	food	127.04754	37.47707
플로션	shop	127.03426	37.48837
플로쎄	shop	127.02091	37.52070
플로아줄	shop	127.03396	37.49627
플로애	shop	127.04294	37.49541
플로어바질	food	127.03995	37.49583
플로어칠	food	127.05483	37.50428
플로우바이임	shop	127.05802	37.51937
플로우핏	activity	127.02228	37.51691
플로카페	shop	127.05838	37.49734
플로테	shop	127.02696	37.52090
플로희	shop	127.04217	37.50884
플롱	shop	127.03472	37.50846
플루비아플라워	shop	127.03790	37.50618
플루터룸	shop	127.02739	37.52277
플룬	cafe	127.08155	37.49100
플르서라구뜨	cafe	127.03650	37.52718
플리에	cafe	127.05566	37.50018
플리츠플리즈	shop	127.02747	37.52737
플미	shop	127.09800	37.46754
피고앤피가	shop	127.03319	37.51993
피규어뮤지엄더블유	shop	127.04039	37.52580
피그노래룸	bar	127.03469	37.49426
피그닉	food	127.02068	37.51877
피그베	shop	127.04374	37.52168
피그커피	cafe	127.04006	37.50516
피기베이스	shop	127.03654	37.49080
피기블라인더스	activity	127.04071	37.52376
피끄니크	food	127.03372	37.48660
피나클컨설팅	shop	127.04006	37.52474
피넛유통	shop	127.02814	37.50638
피넛츠	bar	127.03447	37.50717
피노와친구들	shop	127.03244	37.49097
피노키우수	cafe	127.02193	37.52126
피누스플라워	shop	127.03616	37.50158
피니셔클럽가민브랜드샵	shop	127.03330	37.48980
피닉스스포츠	shop	127.05276	37.52229
피다	shop	127.04638	37.50250
피다스튜디오	activity	127.08446	37.48402
피데스델빼	shop	127.05763	37.52245
피디티	shop	127.02514	37.51985
피레티도산플래그샵	shop	127.03534	37.52241
피르마	cafe	127.02583	37.52089
피르마에프앤비	cafe	127.04129	37.51889
피박스	shop	127.11389	37.47423
피버바스	cafe	127.02968	37.52357
피보스	shop	127.11389	37.47423
피부	shop	127.08810	37.47176
피브이에이치	shop	127.02241	37.51867
피브이에이치	shop	127.02640	37.50971
피브이에이치	shop	127.05184	37.50353
피브이에이치	shop	127.03465	37.51605
피비알스포츠아카데미대치	activity	127.06658	37.50098
피비토탈서비스	food	127.04429	37.48374
피센시오	shop	127.02131	37.52247
피쉬마트수족관	shop	127.05274	37.49583
피쉬스토리	shop	127.03859	37.52773
피쉬앤피쉬	food	127.05177	37.52386
피스스포츠	shop	127.02526	37.50526
피스오브골프	activity	127.03825	37.52492
피스오브플라워	shop	127.02158	37.51812
피스커피	cafe	127.02968	37.50091
피스타	activity	127.03723	37.50325
피스풀프로젝트	shop	127.04686	37.48061
피씨디브릿지	shop	127.02929	37.49766
피씨베네	activity	127.08620	37.49062
피아노	food	127.03524	37.49134
피아이어학원	shop	127.05083	37.49591
피알피생명과학	shop	127.04494	37.52322
피앤비월드	shop	127.04921	37.51964
피앤씨갤러리	shop	127.04978	37.52784
피앤아이	food	127.06295	37.49388
피앤알	shop	127.05685	37.50797
피앤알코퍼레이션	shop	127.05003	37.51835
피앤에이치플레이스	shop	127.03765	37.50680
피앤제이푸드	food	127.03294	37.50852
피앤케이	food	127.03858	37.52533
피앤피	cafe	127.04864	37.52295
피양옥	food	127.04830	37.51945
피양콩할마니	food	127.05526	37.50416
피어싱	shop	127.03150	37.49035
피어싱마인드	shop	127.03786	37.52649
피어커피	cafe	127.05916	37.51183
피에르시가지점	shop	127.05676	37.51159
피에스엔에프	shop	127.03855	37.50706
피에스쥐서울	shop	127.03901	37.52612
피에스지트레이닝	activity	127.04038	37.49618
피에스코퍼레이션	shop	127.03566	37.50162
피에스타	food	127.05585	37.51055
피에스푸드	food	127.03298	37.50163
피에이치로드	food	127.03428	37.50840
피에이치아트	shop	127.04514	37.50472
피에이티	shop	127.04845	37.50621
피엑스지현대무역점	shop	127.05976	37.50862
피엔에이치에프엔비	food	127.04059	37.50811
피엘파크	shop	127.04161	37.50998
피엘풋볼아카데미	activity	127.04031	37.50036
피엠독일정품시음하우스	shop	127.08311	37.49151
피엠제이인플레이터블스	shop	127.05824	37.50605
피오나	shop	127.06591	37.49962
피오니페페	shop	127.03744	37.51626
피오레파르코	shop	127.03226	37.52413
피오렌티나	food	127.02790	37.52406
피와이언주	shop	127.04769	37.50453
피우다꽃	shop	127.06142	37.49719
피움글로벌	shop	127.05798	37.50681
피이엘	bar	127.04016	37.52424
피자나라치킨공주	food	127.02830	37.50757
피자나라치킨공주	food	127.03450	37.49572
피자니스타	food	127.03481	37.52301
피자리움	food	127.10845	37.47362
피자마루	food	127.07460	37.49233
피자명월	food	127.04739	37.52635
피자사만다강남	food	127.04148	37.51458
피자스쿨	food	127.08749	37.49188
피자스쿨	food	127.06262	37.49891
피자스쿨강남	food	127.02627	37.50881
피자스쿨포이점	food	127.05093	37.47499
피자스쿨한티역점	food	127.05194	37.49765
피자아이	food	127.03736	37.50371
피자아이코닉	food	127.03621	37.51054
피자알볼로	food	127.03379	37.51287
피자엠소마	food	127.10482	37.46781
피자오논현	food	127.03803	37.51846
피자탑강남	food	127.03655	37.51700
피자피자바이스타빙배	food	127.03685	37.50691
피자헛강남	food	127.09537	37.47199
피자헛개포	food	127.04866	37.47875
피자헤븐	food	127.03460	37.51331
피자홈	food	127.05330	37.47392
피저스	food	127.03942	37.51044
피제리아호키포키	food	127.05570	37.51284
피제이	bar	127.03050	37.50554
피지에이웨스트골프아카데미	activity	127.03267	37.49362
피지엠	bar	127.04617	37.47813
피치	bar	127.02523	37.51816
피치앤코	shop	127.04139	37.51780
피치앤크림	shop	127.02609	37.51749
피카소	bar	127.04262	37.49780
피카청담	cafe	127.05266	37.51835
피카피카	cafe	127.06141	37.48370
피케이이엔티	food	127.05540	37.52410
피코커피	cafe	127.04417	37.50096
피크	shop	127.03825	37.52008
피크닉	shop	127.04262	37.49999
피크베크	food	127.03623	37.50940
피크핏	activity	127.03520	37.50798
피클고	shop	127.04723	37.50666
피클볼	shop	127.05277	37.50380
피키오	food	127.01967	37.51912
피터펫	food	127.03311	37.50824
피터폰	shop	127.03766	37.52827
피터폴앤드메리	bar	127.02678	37.52501
피트니스라운지	activity	127.03496	37.49975
피트니스리저브	activity	127.04988	37.50336
피트니스메이트	activity	127.07559	37.49266
피트니스모터베이션	activity	127.06605	37.51015
피트니스카디오	activity	127.04251	37.49770
피트니스플랜비	activity	127.04106	37.49278
피트앤브레드	food	127.03354	37.48647
피트인	shop	127.08483	37.49261
피트인피트니스	activity	127.02802	37.52489
피티	activity	127.03246	37.49057
피티스토리	activity	127.05040	37.48646
피티스튜디오원	activity	127.04006	37.52245
피티아지트	activity	127.03721	37.50255
피티에프글로벌	shop	127.06266	37.51494
피티원	activity	127.02606	37.52458
피팅앤모어	activity	127.03585	37.49344
피팅의원	shop	127.02229	37.51691
피팝	activity	127.03432	37.52684
피프티라드	shop	127.03770	37.52685
피플	bar	127.04022	37.52722
피플	activity	127.06466	37.51447
피피나인	shop	127.04506	37.52359
피피랜드	activity	127.03766	37.52827
피피베이커리	cafe	127.03033	37.51806
피핌	food	127.04178	37.50130
피헨	cafe	127.03070	37.51745
픽미픽미	shop	127.03903	37.49210
픽미픽미	shop	127.10396	37.49021
픽셀하우스	stay	127.04901	37.47734
픽스	food	127.04005	37.52848
픽스	food	127.03242	37.49777
픽스유	food	127.03906	37.50339
픽앤딜갤러리	shop	127.04637	37.50521
픽업커피	cafe	127.04363	37.49395
픽처레스크	cafe	127.09727	37.47328
픽쳐하우스	food	127.02203	37.52299
픽폰	shop	127.02531	37.50371
핀덴압구정	cafe	127.03002	37.52164
핀스	cafe	127.04375	37.50603
핀치	food	127.02059	37.52148
핀치하우스	shop	127.05824	37.50605
핀타컴퍼니	shop	127.10448	37.48856
핀포인트	shop	127.10359	37.48164
필	cafe	127.07136	37.49886
필	bar	127.03031	37.51939
필	shop	127.03802	37.52637
필경재	food	127.09524	37.48478
필그린	shop	127.08831	37.49133
필다스닷컴	shop	127.04523	37.48696
필드	shop	127.08978	37.48484
필라스에어	cafe	127.03137	37.52634
필라스에프앤비	food	127.03137	37.52634
필라스인터내셔널	food	127.03137	37.52634
필레터	food	127.04272	37.52244
필로스씨엔에프	shop	127.02781	37.52137
필로스화장품	shop	127.02863	37.52183
필리지	shop	127.04008	37.52401
필립서울	cafe	127.02681	37.50921
필메이트	cafe	127.02762	37.50015
필바	bar	127.05390	37.50419
필본	food	127.04407	37.49722
필승탁구	activity	127.06026	37.50378
필아트미	shop	127.02277	37.50903
필앤필버거	food	127.03496	37.49975
필하이약국	shop	127.03264	37.52159
핏라인	activity	127.09650	37.47215
핏제리아디부자	food	127.03424	37.52574
핏츠로이	shop	127.03752	37.52462
핏커버리도산	activity	127.02941	37.51972
핏펫	shop	127.05256	37.50514
핏플로우짐	activity	127.04820	37.52499
핑꾸상점	shop	127.05493	37.50103
핑미핑미인형뽑기	activity	127.03117	37.49516
핑크	shop	127.02806	37.49862
핑크골프매니아	shop	127.03665	37.48592
핑크드림	shop	127.03019	37.50647
핑크레이디	cafe	127.02832	37.53360
핑크로즈	shop	127.04842	37.49923
핑크리본	shop	127.02831	37.49816
핑크리본	shop	127.02806	37.49862
핑크멜로우신사가로수길점	food	127.02089	37.51950
핑크빈티지	shop	127.02752	37.49961
핑크스톤	shop	127.05609	37.48462
핑크에이지	shop	127.02852	37.49864
핑클	bar	127.06142	37.49719
핑클럽	activity	127.05204	37.49877
핑클럽	activity	127.06207	37.48286
하게	bar	127.05132	37.51806
하기네	food	127.03301	37.49198
하꼬야	food	127.04081	37.49565
하나	stay	127.02981	37.50830
하나구김말자	food	127.04060	37.51669
하나래곳간	shop	127.09843	37.46822
하나마이	shop	127.04182	37.49642
하나매점	cafe	127.06717	37.50268
하나모리	cafe	127.05261	37.50677
하나비의원	shop	127.02515	37.50416
하나비카레	food	127.02094	37.51828
하나샤부정	food	127.05596	37.51234
하나샤부정	food	127.05585	37.51055
하나야	shop	127.07965	37.49434
하나약국	shop	127.03214	37.52856
하나의료기	shop	127.04317	37.49757
하나테크	shop	127.05440	37.48328
하나플라워샵	shop	127.10311	37.48732
하남돼지집	food	127.06198	37.49873
하남돼지집가로수길점	food	127.02363	37.51867
하남돼지집수서역점	food	127.10276	37.48836
하남돼지집신논현역점	food	127.02484	37.50684
하남돼지집역삼	food	127.03974	37.50312
하남돼지집학동역	food	127.03371	37.51637
하남돼지집한티하남에프앤비	food	127.05306	37.49799
하남에프앤비	food	127.02484	37.50684
하남장돼지	food	127.05069	37.50304
하남해장국	food	127.03621	37.51054
하네	food	127.03491	37.52763
하노이스토리	food	127.03584	37.49871
하늘	shop	127.04506	37.52359
하늘담은시래기땅품은청국장	food	127.06532	37.51238
하늘담쟁이	shop	127.04517	37.49486
하늘발전소	shop	127.04430	37.49559
하늘빛건강	shop	127.06295	37.49388
하늘빠	bar	127.02254	37.51798
하늘약국	shop	127.02790	37.52406
하늘약국	shop	127.05299	37.48091
하늘온누리약국	shop	127.06071	37.51459
하늘원룸텔	stay	127.03963	37.49684
하늘정원	cafe	127.09953	37.48592
하늘정원	shop	127.03383	37.49435
하늘정원꽃집	shop	127.04911	37.50343
하니반점개포	food	127.04748	37.47772
하니푸드스토리	food	127.10104	37.48965
하니하우스	stay	127.02093	37.51413
하동관	food	127.05916	37.51183
하두스살롱뒤뱅	food	127.05955	37.51840
하라뷰티컴퍼니	shop	127.03788	37.49688
하랑	food	127.04671	37.51186
하랑	shop	127.02414	37.52031
하레이자카야	food	127.06058	37.50664
하로스테이신사	stay	127.02114	37.51473
하루	food	127.03903	37.49491
하루	activity	127.04856	37.47427
하루	bar	127.05912	37.50644
하루끼우동	food	127.03310	37.50676
하루반	food	127.05040	37.50536
하루반상신사역점	food	127.02388	37.51710
하루방	food	127.04623	37.51053
하루샌드위치	food	127.03620	37.50726
하루스킨케어	shop	127.02832	37.50592
하루스페이스	food	127.02439	37.51987
하루엔소쿠	food	127.10336	37.47372
하루온	food	127.05256	37.48845
하루의원	shop	127.02034	37.51608
하루일청	cafe	127.02960	37.49964
하루한알	food	127.02665	37.52544
하르당한티역점	food	127.05193	37.49761
하르모니아	shop	127.04367	37.51242
하리약국	shop	127.02016	37.51587
하마	food	127.03495	37.51435
하마식당	food	127.02094	37.51828
하모	food	127.04890	37.52406
하모	food	127.03272	37.52339
하모니	bar	127.04010	37.50263
하모니	activity	127.08642	37.49089
하모니마트삼성	shop	127.05372	37.50787
하바나	bar	127.03214	37.52856
하바네로디아이피	food	127.03610	37.52147
하버드리빙텔	stay	127.05272	37.50659
하비순살떡볶이논현	food	127.03803	37.51846
하비존	shop	127.03725	37.49506
하삼동커피강남	cafe	127.06591	37.49962
하삼동커피압구정	cafe	127.03794	37.52611
하성이불	shop	127.04416	37.51009
하스초콜릿공방	food	127.05307	37.50996
하스타	shop	127.04118	37.51525
하시라	food	127.04892	37.52298
하얀정원	shop	127.05316	37.50474
하영에이씨엔씨	shop	127.04139	37.51780
하오마라	food	127.04617	37.50472
하와이조개	food	127.03654	37.52662
하와이짐	activity	127.03885	37.51187
하와이짐	activity	127.03947	37.49810
하우	cafe	127.04867	37.50554
하우	cafe	127.02849	37.52643
하우두유필	bar	127.02465	37.51720
하우두잉	food	127.06218	37.49902
하우마라탕	food	127.02920	37.49974
하우뷰티	shop	127.03555	37.50857
하우스	food	127.05178	37.52533
하우스강남	stay	127.05280	37.51047
하우스라벨	shop	127.04379	37.48193
하우스오브제이비	food	127.04380	37.52408
하우스오브코이	food	127.03671	37.52385
하우스풀	food	127.03835	37.52537
하우신사역점	cafe	127.01980	37.51686
하우점	cafe	127.03651	37.50002
하우츠	food	127.04693	37.47829
하우프	cafe	127.04674	37.51761
하이	shop	127.04377	37.52266
하이	shop	127.03559	37.50601
하이골든핏	shop	127.03735	37.52437
하이그릴	food	127.04463	37.50476
하이도조	food	127.03059	37.49629
하이드리드	shop	127.05824	37.50605
하이드어웨이	shop	127.06080	37.50919
하이드어웨이	shop	127.03402	37.51532
하이드어웨이	shop	127.03515	37.52607
하이들	food	127.04232	37.49665
하이디라오	food	127.05754	37.51201
하이라이트핏	activity	127.03187	37.49503
하이락앤	shop	127.09741	37.46681
하이랜드	bar	127.03406	37.49472
하이랜드호텔	stay	127.02681	37.51870
하이로월드	shop	127.03616	37.50158
하이미엘	food	127.02174	37.52199
하이베스트문구	shop	127.03130	37.50088
하이베스트문구	shop	127.03923	37.51629
하이베스트문구출력제본	shop	127.05269	37.50135
하이베스트신사역점	shop	127.02352	37.51668
하이보	food	127.06260	37.50693
하이보	food	127.06142	37.49719
하이볼가든	cafe	127.02497	37.52289
하이브	bar	127.03050	37.51523
하이브리온	shop	127.04845	37.50479
하이브모노	shop	127.04830	37.47973
하이브플러스	bar	127.03492	37.52747
하이비즈	shop	127.06535	37.50996
하이빌고시원	stay	127.02932	37.51229
하이서울	stay	127.05872	37.50455
하이스테이	stay	127.03365	37.50107
하이약국	shop	127.03311	37.52719
하이어엑스	shop	127.04707	37.50565
하이엔드위스키	bar	127.05532	37.51069
하이온플라워즈	shop	127.08236	37.49341
하이웨이드라이버강남신논현	food	127.02731	37.50263
하이웰리빙텔	stay	127.03354	37.48874
하이진컴퍼니	shop	127.02620	37.51039
하이치마라대치	food	127.05220	37.50039
하이컨시북스서점	shop	127.05990	37.49896
하이케어	shop	127.05824	37.50605
하이트진로신세계푸드마켓청담점	shop	127.04412	37.52331
하이퍼메디컬학사	stay	127.03189	37.50060
하이퍼스타	shop	127.05553	37.50728
하이퍼코퍼레이션	shop	127.03501	37.51343
하이포	food	127.02408	37.51885
하이프	food	127.10133	37.46681
하이플로리	shop	127.04261	37.50215
하이하이	cafe	127.05289	37.50191
하일로	bar	127.03681	37.52484
하임하우스	stay	127.04911	37.50343
하입스튜디오	shop	127.02296	37.51006
하잎서울	bar	127.03858	37.52619
하진	shop	127.05682	37.50737
하청리	shop	127.02726	37.52149
하츠코이오카	food	127.03436	37.48532
하치타치	cafe	127.08579	37.49324
하카강남압구정역	shop	127.02765	37.52653
하카도곡동	shop	127.03823	37.49133
하카전자담배강남언주역	shop	127.03773	37.50817
하카전자담배논현동	shop	127.02362	37.51117
하카전자담배삼성역	shop	127.05817	37.50455
하카전자담배삼성중앙	shop	127.05434	37.51297
하카전자담배압구정로데오	shop	127.03852	37.52339
하카전자담배학동역	shop	127.03227	37.51159
하쿠	bar	127.02929	37.52202
하쿠나	shop	127.02803	37.49866
하쿠라멘	food	127.03723	37.48545
하쿠라멘	food	127.05290	37.49769
하쿠시	food	127.03226	37.52413
하쿠시	food	127.02381	37.51724
하크어패럴	shop	127.03664	37.52502
하텍교역	shop	127.04641	37.48415
하트댄스	shop	127.02487	37.51048
하트카페	cafe	127.03985	37.49717
하트티라미수압구정	food	127.04005	37.52848
하파크리스틴	shop	127.02634	37.50165
하파크리스틴압구정	shop	127.03799	37.52675
하파크리스틴올리브영압구정로데오역점	shop	127.03951	37.52785
하파크리스틴코엑스	shop	127.06080	37.50919
하프랩	shop	127.05950	37.50644
하프스페이스	shop	127.04267	37.50965
하프커피로스터스	cafe	127.02089	37.52299
하프하우스	food	127.02959	37.49688
하하	food	127.02614	37.51998
하하도시락	food	127.02614	37.51998
학교매점	shop	127.02238	37.52548
학돌이네	food	127.02956	37.51887
학동근린공원	nature	127.02510	37.51540
학동김치찜	bar	127.02831	37.51420
학동나주곰탕	food	127.02969	37.51429
학동봄약국	shop	127.02855	37.51393
학동부대	food	127.03350	37.51448
학동수제비	food	127.03276	37.51556
학동약국	shop	127.03119	37.51442
학동역고시원비더스테이강남학동	stay	127.03444	37.51247
학동역약국	shop	127.03199	37.51408
학동오뎅	food	127.03350	37.51448
학동집	cafe	127.03266	37.51507
학동포차	food	127.03617	37.52063
학산코엑스지점	shop	127.05916	37.51183
학산테라로사점	shop	127.03984	37.50211
학산테라로사커피포스코센터지점	shop	127.05613	37.50582
한·강	bar	127.04255	37.51082
한가네숯불닭갈비	food	127.04722	37.50556
한가람한우곱창	food	127.04628	37.51839
한강수	food	127.03355	37.48964
한국가강남	shop	127.08978	37.48484
한국가구논현주	shop	127.02432	37.51169
한국건강연구소	shop	127.05256	37.48845
한국고려당테크놀로지	shop	127.06796	37.48924
한국골드인베스트	shop	127.04925	37.52123
한국관	food	127.05937	37.50523
한국관	food	127.05465	37.50367
한국교육개발원	shop	127.03866	37.52640
한국국민금거래소	shop	127.06104	37.49393
한국국민금거래소청담점	shop	127.05742	37.52126
한국국제전시서울국제와인주류박람회	shop	127.05916	37.51183
한국권건화장품	shop	127.04289	37.52297
한국금시장거래소	shop	127.02759	37.52573
한국기원압구정지원	activity	127.02907	37.52670
한국대학생포럼	shop	127.03634	37.49456
한국매입자산관리	shop	127.04307	37.50112
한국맥도날드청담점	food	127.04033	37.52373
한국맥도날드학동역점	food	127.03054	37.51357
한국모린다	shop	127.05794	37.50577
한국문화의집	heritage	127.06047	37.50683
한국문화재재단	food	127.04462	37.51009
한국미가	shop	127.04641	37.48415
한국미니스톱도곡공원점	shop	127.03340	37.48958
한국민화디자인센터	shop	127.05132	37.51740
한국방송고전머리전문가협회	shop	127.04130	37.52679
한국본차이나	shop	127.02896	37.51708
한국비전케어안경원	shop	127.04031	37.50036
한국생명건강	shop	127.04906	37.51277
한국생화유통	shop	127.04917	37.52754
한국수묵화창작회정전한국화연구소부설	food	127.04623	37.51053
한국수상안전지도자협회	food	127.05742	37.52126
한국수어연구소	food	127.10473	37.48683
한국수화성경연구원	food	127.08558	37.49287
한국시세이도	shop	127.03217	37.49005
한국시찌다교육압구정블루센터	shop	127.03883	37.52754
한국아이지에이주	shop	127.04756	37.50697
한국에스티엘	shop	127.04323	37.49978
한국에프앤비파트너스	cafe	127.02960	37.49964
한국연주자협회	activity	127.02973	37.52161
한국유소년레포츠연합회	activity	127.04438	37.51956
한국유전자센타	shop	127.05539	37.50691
한국자폐인사랑협회청담예상지	shop	127.05129	37.52509
한국전기상사	shop	127.02925	37.51660
한국집센터필드	food	127.04136	37.50288
한국촌	food	127.06228	37.50688
한국클라우드베리뉴트리쇼널스	shop	127.03549	37.50002
한국테니스지도자협회	activity	127.05398	37.50786
한국통전	shop	127.04712	37.50321
한국투자금거래소	shop	127.04032	37.51913
한국티앤비	shop	127.03104	37.49185
한국파티케이크디자인협회	food	127.04610	37.52226
한국파파존스	food	127.03014	37.52775
한국파파존스	food	127.02346	37.52384
한국파파존스도곡지점	food	127.04657	37.48716
한국파파존스주	food	127.03014	37.52775
한국파파존스청담지점	food	127.05219	37.51873
한국표준금거래소강남	shop	127.06227	37.50820
한국피자헛강남	food	127.03469	37.49095
한국한아름복지회	shop	127.04963	37.47731
한국한자속독교육협회	shop	127.02748	37.50089
한그루바이오	shop	127.05206	37.51121
한글인	shop	127.03941	37.49490
한길상회우미학압구정	food	127.02937	37.52394
한길상회현대백화점무역	food	127.05976	37.50862
한길서점	shop	127.06086	37.49835
한길텔레콤	shop	127.01980	37.51686
한끼국밥	food	127.04139	37.51907
한끼든든	food	127.05976	37.50862
한끼식사	food	127.02802	37.52489
한끼한상	food	127.03521	37.51074
한나	shop	127.05200	37.48887
한남동그집가로수길점	bar	127.02377	37.52425
한남동암소갈비집	food	127.04832	37.52526
한남베르그도산	cafe	127.03690	37.52501
한남북엇국	food	127.04540	37.52306
한농마을	shop	127.05470	37.48541
한다마켓	shop	127.03777	37.48626
한덕테크	shop	127.03244	37.49097
한독헬스케어	shop	127.03321	37.49932
한돈애한우가	shop	127.05190	37.49903
한돈애한우가	shop	127.09498	37.47192
한드레시아	shop	127.04266	37.51850
한라산쑥떡미당	food	127.05163	37.49958
한라산청담	food	127.04576	37.52708
한림메디칼	shop	127.06193	37.49426
한마리소	food	127.04105	37.51625
한마음분식	food	127.02806	37.49862
한마음온누리약국	shop	127.06719	37.48905
한무쇼핑주	shop	127.05916	37.51183
한무컨벤션	stay	127.05916	37.51183
한미금거래소	shop	127.05352	37.49538
한미상사	shop	127.05916	37.51183
한미옥	food	127.04017	37.52526
한미옥청담	food	127.04017	37.52526
한미인테리어	shop	127.02841	37.53229
한바이오코스메틱	shop	127.02874	37.49763
한박꽃떡볶이	food	127.04822	37.47809
한방대가삼계탕	food	127.03201	37.49534
한방메기탕	food	127.04141	37.49362
한방비만학회주	shop	127.05107	37.50357
한방삼계탕	food	127.03022	37.49368
한방정통삼계탕	food	127.05628	37.50915
한방정통삼계탕	food	127.05285	37.50365
한빛	cafe	127.05246	37.47465
한빛	food	127.03933	37.52487
한빛살한우	food	127.05695	37.51082
한사랑약국	shop	127.04830	37.50528
한사바리해장국	food	127.03504	37.51025
한사발포차	food	127.03564	37.48560
한사발포차	food	127.02454	37.50705
한사발포차	food	127.05427	37.50357
한사발포차	food	127.03181	37.49445
한사발포차강남	food	127.04104	37.51581
한사발포차신사가로수길점	food	127.02068	37.51877
한산디엠씨	shop	127.02545	37.52345
한살림남서울소비자생활협동조합개포매장	shop	127.05299	37.48086
한살림남서울소비자생활협동조합대치매장	shop	127.06060	37.49630
한살림남서울소비자생활협동조합압구정매장	shop	127.03554	37.53192
한살림남서울소비자생활협동조합역삼매장	shop	127.04380	37.49356
한살림남서울소비자생활협동조합자곡매장	shop	127.10336	37.47372
한살림남서울소비자생활협동조합청담매장	shop	127.05266	37.51835
한삼우리옷	shop	127.03386	37.52016
한상더테이블	food	127.04184	37.52260
한상본가	food	127.03917	37.49988
한샘유나이티드주	shop	127.02959	37.51575
한서외식산업	food	127.03519	37.52151
한섬도산지점	shop	127.03600	37.52331
한섬청담지점주	shop	127.04333	37.52469
한섬타미힐피거가로수길점	shop	127.02234	37.52326
한섬하우스현대라이브	shop	127.02747	37.52737
한성	shop	127.05916	37.51183
한성메디칼	shop	127.02990	37.49945
한성세종푸드	shop	127.04267	37.50965
한성양꼬치	food	127.03127	37.49544
한성양꼬치	food	127.05183	37.50316
한성양꼬치	food	127.03155	37.49447
한성양꼬치	food	127.05371	37.50393
한성에프아이	shop	127.03683	37.49141
한성에프아이	shop	127.05591	37.50896
한성에프아이	shop	127.03318	37.52215
한성에프아이도산대로점	shop	127.03282	37.52407
한성에프아이레노마	shop	127.03650	37.49130
한성칼국수	food	127.03617	37.52063
한성칼국수강남	food	127.05232	37.50475
한소반탕마을	food	127.06591	37.49962
한솔	shop	127.04842	37.49923
한솔근린공원	nature	127.07880	37.48120
한솔당구클럽	activity	127.04034	37.50885
한솔인유로온누리약국	shop	127.04842	37.49923
한솔호프	bar	127.07652	37.48263
한송정	shop	127.07559	37.49266
한솥	food	127.03102	37.49366
한솥대치삼성아파트	food	127.05925	37.49781
한솥도시락	food	127.04268	37.50146
한솥도시락	food	127.02407	37.52415
한솥도시락논현힐탑점	food	127.03332	37.51083
한솥도시락삼	food	127.05695	37.50874
한솥도시락역삼세무서점	food	127.03502	37.49471
한솥은마점	food	127.06218	37.49902
한솥청담플래그십	food	127.04703	37.52549
한수	stay	127.10184	37.48802
한수지화원	shop	127.03493	37.51680
한순례한복침구	shop	127.02766	37.52658
한숲부동산중개법인	cafe	127.03505	37.49855
한스	food	127.05146	37.50022
한스바이오	shop	127.10184	37.48802
한스엔씨	shop	127.03274	37.51674
한스쥬얼리	shop	127.06591	37.49962
한스케익	food	127.02630	37.52454
한스케익	food	127.06300	37.49315
한스클락	shop	127.03819	37.49117
한스타일청담점	shop	127.03352	37.51638
한스포	food	127.04303	37.48241
한식밥상	food	127.03521	37.51074
한식밥상	food	127.02467	37.50971
한식밥상	food	127.05280	37.47462
한식밥짓는사람들	food	127.02719	37.51097
한식의품격	food	127.02561	37.51016
한식포차	food	127.05357	37.51015
한식한상	food	127.02622	37.51105
한신떡방앗간	food	127.05040	37.48646
한신설렁탕	food	127.04658	37.50324
한신유통	shop	127.02431	37.52385
한심	food	127.04237	37.50479
한씨커피	cafe	127.04081	37.50862
한아름	food	127.06591	37.49962
한아름축산	shop	127.02110	37.51839
한아름플라워	shop	127.10080	37.48663
한아인터내셔날	shop	127.04371	37.52643
한앤둘치킨	food	127.03610	37.50193
한앤둘치킨	food	127.04691	37.50522
한양	shop	127.08660	37.48549
한양가	food	127.03745	37.50282
한양고시원	stay	127.03918	37.50482
한양김밥논현곱창	food	127.02354	37.50963
한양냉면	food	127.03790	37.50618
한양떡집	food	127.03617	37.52063
한양마트	shop	127.11162	37.47613
한양약국	shop	127.02972	37.52699
한양정보통신	shop	127.03578	37.50593
한양주	shop	127.03807	37.52817
한양프라자주	shop	127.02806	37.49862
한오상회	shop	127.04977	37.52514
한옥집김치찜	food	127.03514	37.52019
한올	food	127.02378	37.51905
한올브로우	shop	127.03566	37.50162
한올진	food	127.03185	37.49173
한와담포스코	food	127.05613	37.50582
한우드림신사	food	127.02426	37.51869
한우리강남북지부	shop	127.05203	37.50008
한우리외식산업주	food	127.03473	37.52115
한우리위그하우스	shop	127.04487	37.52289
한우리음식	shop	127.03473	37.52115
한우리음식대치역점	shop	127.06035	37.49368
한우리음식압구정	shop	127.02832	37.53360
한우리일원도서	shop	127.08204	37.49147
한우리코퍼레이션	shop	127.05824	37.50605
한우본	food	127.03291	37.49789
한우식당	food	127.05387	37.51043
한우터	shop	127.02407	37.50864
한우투뿔육사시미	food	127.02622	37.51105
한우투뿔육회육사시미	food	127.02622	37.51105
한우특별시	shop	127.03987	37.48759
한우홀릭	shop	127.10133	37.46681
한울메디컬	shop	127.04139	37.51780
한울에프앤에스이마트	shop	127.04799	37.49856
한울타리	bar	127.06099	37.49782
한율막국수	food	127.03007	37.49554
한율푸드	food	127.03457	37.49487
한이앤에스	shop	127.03031	37.49357
한일관주	food	127.03249	37.52779
한일문구	shop	127.03185	37.49173
한일오피스프로	shop	127.02315	37.51026
한일유리	shop	127.05977	37.49350
한일펌프강남센터	shop	127.03821	37.51001
한임	shop	127.05824	37.50605
한입의온도	cafe	127.03165	37.49321
한입한쌈강남	food	127.02534	37.50941
한잔	food	127.03007	37.49551
한재용베이커리	food	127.03971	37.49150
한정남의샤오차이	food	127.03919	37.50687
한정식애덕	food	127.02180	37.51235
한주출력액자	shop	127.10301	37.47267
한준케미칼	shop	127.10006	37.47379
한지로운	shop	127.05178	37.51055
한진의미	shop	127.02781	37.52137
한촌설렁탕	food	127.05170	37.50347
한촌설렁탕강남	food	127.04609	37.49437
한추주	bar	127.02344	37.52408
한캄	stay	127.04942	37.51328
한특퍼니쳐	shop	127.02516	37.51202
한티문고	shop	127.05599	37.49754
한티악기	shop	127.05242	37.49665
한티역밀도	food	127.05264	37.49754
한티역약국	shop	127.05134	37.49610
한티역점스포애니케이디스포츠	activity	127.05210	37.49853
한티옥	food	127.05626	37.49701
한티참약국	shop	127.05242	37.49665
한티하나약국	shop	127.05064	37.49586
한획	food	127.05124	37.50333
할랄식품	food	127.05010	37.52522
할렐루야탁구장	activity	127.06232	37.49364
할렐루야탁구클럽	activity	127.06232	37.49364
할리스	cafe	127.06080	37.50919
할리스샹제리제점	cafe	127.04997	37.50439
할리스점	cafe	127.03636	37.50127
할리스청담삼성로점	cafe	127.05063	37.51624
할리스커피	cafe	127.02783	37.49878
할리스커피	cafe	127.04675	37.50424
할리스커피	cafe	127.04620	37.48453
할리스커피	cafe	127.05526	37.51996
할리스커피강남대로논현	cafe	127.02305	37.50868
할리스커피도심	cafe	127.05945	37.50963
할리스커피세로수길점	cafe	127.02268	37.51824
할리스커피수서점	cafe	127.10184	37.48802
할리스커피신사역	cafe	127.02023	37.51542
할리스커피클럽역삼	cafe	127.03586	37.49945
할리스커피클럽역삼테헤란점	cafe	127.03294	37.50008
할매기름집	food	127.05567	37.51042
할매기름집	food	127.02359	37.50793
할매도토리	shop	127.08344	37.48290
할매순대국매봉역점	food	127.04604	37.48514
할매재첩국대치	food	127.06082	37.49967
할머니반찬가게	shop	127.05763	37.52245
할머니분식	food	127.06299	37.49918
할머니순두부	food	127.03328	37.48934
할스	food	127.03924	37.50377
할아버지돈까스	food	127.06719	37.49601
함가네일원동김밥	food	127.08759	37.49170
함께그룹	cafe	127.06506	37.51043
함박곱창족발	food	127.02328	37.50929
함수라	food	127.02502	37.50569
함스테이	stay	127.05443	37.50328
함스플라워	shop	127.03093	37.51984
함지곱창	food	127.02328	37.50929
함초마을	food	127.03433	37.50040
함평집	food	127.03626	37.49910
함흥당	food	127.02767	37.52221
함흥면옥	food	127.05326	37.49698
함흥면옥	food	127.02855	37.52223
합	food	127.04573	37.52471
핫브레드	food	127.04820	37.48739
핫브레드논현역점	food	127.02503	37.50463
핫브레드학동역점	food	127.03199	37.51405
핫스토리	food	127.05754	37.51201
핫시즈너땡초불닭발엽기떡볶이	food	127.02790	37.52406
핫썬치킨	food	127.05952	37.50600
핫썬치킨점	food	127.03322	37.50080
핫쵸	food	127.02353	37.52093
핫코베이커리	food	127.04066	37.50759
핫토리엽기떡볶이강남구청역점	food	127.04028	37.51798
핫플레이	shop	127.03568	37.50084
항방양꼬치	food	127.05324	37.49853
해가	food	127.02133	37.51850
해가빛한복	shop	127.03938	37.52057
해강	shop	127.02205	37.51758
해거름	bar	127.03984	37.51740
해골피자	food	127.03145	37.49569
해남세발낙지	food	127.05925	37.49781
해남식당	food	127.06856	37.49569
해남식당	food	127.05763	37.52245
해남집	food	127.02018	37.51932
해냄	food	127.02387	37.52039
해담스시	food	127.10184	37.48802
해담아구찜강남	food	127.02789	37.49991
해담일식	food	127.04083	37.50392
해담채강남	food	127.03242	37.49777
해담채삼성	food	127.05734	37.50663
해랑	food	127.02389	37.50728
해랑가정식백반	food	127.03444	37.51247
해랑화	food	127.02790	37.52406
해룡마을국수집선정릉역점	food	127.04307	37.51052
해룡축산	shop	127.08517	37.49302
해루질	food	127.11389	37.47423
해림상사	shop	127.10563	37.48798
해맑은약국	shop	127.03770	37.48610
해머스미스	cafe	127.05202	37.50421
해머스미스커피	cafe	127.03321	37.49908
해머스미스커피	cafe	127.03693	37.50248
해머스미스커피뱅뱅	cafe	127.03232	37.49045
해머스미스커피삼성선정릉역점	cafe	127.04576	37.51113
해머스미스커피선릉	cafe	127.05491	37.50691
해머스미스커피선릉세웅타워소망점	cafe	127.04956	37.50580
해머스미스커피역삼초교	cafe	127.03372	37.49398
해머스미스커피포스코	cafe	127.05867	37.50661
해머스미스커피학동역점	cafe	127.02882	37.51439
해목	food	127.03830	37.52153
해물꽃돈	food	127.03231	37.50868
해미심푸드	food	127.04544	37.50423
해미심푸드	food	127.04362	37.50477
해미정	food	127.03916	37.50264
해민수산	shop	127.02361	37.50887
해밀	food	127.03232	37.49045
해바라기	food	127.03135	37.51897
해방촌닭신세계청담점	food	127.04412	37.52331
해봉	food	127.06657	37.50774
해봉정육	food	127.06657	37.50775
해브스테이	stay	127.04480	37.50637
해브어굿파스타	food	127.03610	37.50495
해브인발레스튜디오	activity	127.09760	37.46681
해비치호텔앤드리조트스패출러지점	food	127.03509	37.52591
해빗피트니스압구정	activity	127.04072	37.52680
해산물청춘	food	127.06812	37.49866
해선옥	food	127.03423	37.50090
해선옥	food	127.04217	37.50518
해성약국	shop	127.05734	37.50663
해솔	food	127.03672	37.51686
해솔컴퍼니	shop	127.03096	37.51920
해심	food	127.03685	37.49572
해양	food	127.02830	37.51193
해오름	bar	127.04770	37.47675
해오름	shop	127.06591	37.49962
해오름	food	127.10183	37.46813
해오름맛집	food	127.05584	37.52337
해오름약국	shop	127.05068	37.51281
해온게스트하우스	stay	127.02932	37.51862
해우소	food	127.03852	37.51172
해울떡	food	127.06100	37.51498
해월	food	127.03624	37.52131
해월동아트갤러리	cafe	127.02127	37.51741
해일리코즈메틱앤뉴트리션	shop	127.05523	37.49663
해장왕양평해장국	food	127.03477	37.51461
해장은했니	food	127.04361	37.50494
해장촌	food	127.04100	37.49138
해정에스에프크레이지마라	food	127.03153	37.52002
해주옥덤벙소고기국밥	food	127.04449	37.50478
해중천	food	127.05072	37.51157
해초록	food	127.06591	37.50478
해초록사랑	food	127.05465	37.50984
해탄	food	127.05084	37.50353
해태곱창	food	127.03621	37.51054
해품달	shop	127.10930	37.46541
해품장팔팔장어	food	127.04290	37.49269
해피데이	bar	127.03032	37.52730
해피데이푸드	food	127.08978	37.48484
해피로또	shop	127.03148	37.49098
해피바디	shop	127.02414	37.51266
해피베어데이	food	127.02976	37.49701
해피베어컴퍼니	food	127.06279	37.51779
해피스마일	cafe	127.03437	37.49800
해피쏭	bar	127.04029	37.51602
해피아트	shop	127.02970	37.49649
해피정보통신	shop	127.03592	37.50130
해피카페	cafe	127.03751	37.50338
해피큐플라워	shop	127.10080	37.48663
해피하우스	stay	127.02890	37.51617
해피해피케이크	food	127.04320	37.51080
해화장	food	127.05572	37.51021
핵밥	cafe	127.04444	37.50356
핸다이닝	food	127.04001	37.52283
핸드인핸드	bar	127.03077	37.51897
핸드인핸드	shop	127.04431	37.50427
핸썸마녀	shop	127.05191	37.52359
햇빛약국	shop	127.09650	37.47215
행루즈	shop	127.02007	37.51881
행복골프	activity	127.04020	37.49314
행복나눔	activity	127.02743	37.51244
행복농산	shop	127.04694	37.47740
행복담	shop	127.03583	37.50553
행복담은에프엔비	food	127.05007	37.50291
행복당서울	food	127.02247	37.52066
행복드림	activity	127.03007	37.49551
행복밥상	food	127.02286	37.50956
행복스토아	shop	127.04712	37.50321
행복식당	food	127.08694	37.49081
행복온누리약국	shop	127.04795	37.47901
행복이싹트면	food	127.04232	37.51589
행복한구이세상	food	127.03234	37.52147
행복한나눔	shop	127.04997	37.52748
행복한만두	food	127.02598	37.52076
행복한미래약국	shop	127.03501	37.51622
행복한밥상	food	127.04167	37.51764
행복한수약국	shop	127.02594	37.50238
행복한약국	shop	127.04077	37.50166
행복한온누리약국	shop	127.03976	37.49171
행복한잔치국수	food	127.09405	37.48394
행복한집	stay	127.02764	37.50208
행복한초밥행초	food	127.03434	37.51401
행복한칼국수	food	127.05068	37.48814
행복해짐	activity	127.05475	37.49828
행운간	cafe	127.04625	37.48260
행운상회	bar	127.06684	37.48869
행운스토어	shop	127.06684	37.48869
행운아구찜	food	127.03566	37.49780
행운약국	shop	127.02861	37.52307
행운열쇠복권	activity	127.04930	37.47884
행운의젤다	cafe	127.02362	37.52204
향기나무	shop	127.05235	37.50294
향기내는사람들히즈빈스서울영동교회점	cafe	127.03193	37.51500
향기억	activity	127.03796	37.52616
향동가	food	127.03127	37.51629
향로	food	127.05995	37.50599
향방	food	127.02070	37.51577
향비원	shop	127.03922	37.50250
향원	food	127.03201	37.49240
향유랑	shop	127.06858	37.48890
향촌면옥	food	127.02841	37.53229
향호면옥	food	127.05341	37.49874
허그앤스마일	shop	127.03806	37.51721
허글	shop	127.03578	37.51513
허니냅스	shop	127.03514	37.50348
허니벨라	food	127.02823	37.49919
허니비	shop	127.05027	37.51543
허니탕후루	food	127.02831	37.49816
허닛바이팀매니멀	food	127.03734	37.50199
허당맛선생	food	127.03379	37.51287
허머스키친	food	127.06081	37.50919
허미노컴퍼니	shop	127.03126	37.51910
허밍	bar	127.04506	37.52359
허밍	shop	127.02831	37.49816
허밍	bar	127.03726	37.50938
허브	bar	127.05772	37.51021
허브	shop	127.04761	37.47897
허브아로마	shop	127.03046	37.52785
허브인러브플라워	shop	127.04877	37.52309
허센트	shop	127.02019	37.51800
허수아비돈까스	food	127.06435	37.51378
허스토리	shop	127.05763	37.52245
허와유	cafe	127.03170	37.52778
허지웅약국	shop	127.06227	37.50820
허형만의커피집	cafe	127.02480	37.52579
헌인	food	127.05425	37.49813
헌터피씨방언주역점	activity	127.03401	37.50880
헐레벌떡	food	127.06185	37.50394
헤나바디스튜디오	activity	127.04449	37.50478
헤드라인고시텔	stay	127.08749	37.49188
헤롱헤롱	bar	127.03469	37.49426
헤르바	shop	127.03074	37.50073
헤리	shop	127.02973	37.49465
헤리스	shop	127.04230	37.50448
헤리티지	bar	127.04947	37.52480
헤븐	bar	127.03775	37.50292
헤븐리	shop	127.02785	37.51784
헤븐리파이	food	127.08325	37.48107
헤븐몰	cafe	127.03825	37.52379
헤븐센스컴퍼니	shop	127.03786	37.52649
헤비레이어스	food	127.08690	37.49103
헤비머핀	shop	127.05476	37.50099
헤비스모커	food	127.02548	37.50858
헤비스테이크	food	127.03017	37.49630
헤세드	activity	127.05683	37.52241
헤슬바흐	shop	127.02994	37.51468
헤아림코스메틱	shop	127.03159	37.51529
헤야	food	127.03006	37.51647
헤어더뷰	shop	127.03246	37.50465
헤어수트압구정	shop	127.03723	37.52839
헤어컨설팅	shop	127.02223	37.51652
헤이가든	shop	127.05464	37.49744
헤이노르딕	shop	127.02929	37.49766
헤이데이	bar	127.03843	37.50203
헤이로	bar	127.03734	37.52150
헤이보울	food	127.04076	37.50093
헤이즈	stay	127.03369	37.49562
헤이즈	cafe	127.03126	37.51016
헤이즈	bar	127.05590	37.51091
헤이즐넛라떼	shop	127.05891	37.50045
헤이즐성	shop	127.04611	37.52653
헤이즐성	shop	127.04723	37.50666
헤이키	cafe	127.03762	37.49757
헤즈업	bar	127.02123	37.51768
헤즈업	food	127.05290	37.50389
헥사스테이역삼	stay	127.03333	37.50232
헥사스테이청담	stay	127.04602	37.52109
헥스앤아이	stay	127.02990	37.52194
헨로포우	shop	127.05299	37.50618
헨리베글린로데오플래그십	shop	127.03759	37.52501
헨리코튼	shop	127.05326	37.49698
헨어스	shop	127.03250	37.48953
헨즈브로우	shop	127.02158	37.52070
헬로뉴트리션	shop	127.02697	37.52422
헬로레이지	shop	127.03476	37.52885
헬로룸카페	activity	127.02718	37.50210
헬로몽키	food	127.02726	37.50308
헬로브라질	food	127.02769	37.50062
헬로스킨	shop	127.05428	37.50652
헬로에이치스페이스	shop	127.05684	37.50186
헬로우미트	food	127.03124	37.49403
헬로포	food	127.02382	37.50999
헬무트	shop	127.04017	37.51947
헬스보이짐	activity	127.04576	37.50397
헬스보이짐학동역점	activity	127.02955	37.51405
헬스보이컴퍼니	activity	127.02970	37.49649
헬스인신사	activity	127.02035	37.51502
헬스장	activity	127.05228	37.52433
헬스케어플랜잇	shop	127.04031	37.50334
헬스파르타클럽	activity	127.05872	37.49958
헬시플레저	food	127.03573	37.50480
헬시플레저	shop	127.04077	37.50166
헬씨브레인	shop	127.03227	37.51159
헬키푸키	food	127.05119	37.50051
헬프주	shop	127.04620	37.50440
헵시바	shop	127.05977	37.49350
헵시바코스메틱	shop	127.10448	37.48856
현경이네	food	127.02675	37.50767
현경이네	shop	127.02218	37.51190
현당구클럽	activity	127.03161	37.49822
현대	shop	127.02929	37.49766
현대	shop	127.03051	37.52571
현대고기담강남	food	127.02511	37.53109
현대골프아카데미	activity	127.03554	37.53192
현대그린마트	shop	127.06775	37.48865
현대그린푸드강남차병원	shop	127.03472	37.50704
현대그린푸드구찌오스테리아	shop	127.04652	37.52507
현대그린푸드네오플오토웨이타워카페	shop	127.06370	37.50629
현대그린푸드카페오토웨이	shop	127.06370	37.50629
현대그린푸드현대오토에버	shop	127.05867	37.50700
현대꼼데가르송	shop	127.02747	37.52737
현대떡방앗간	food	127.02841	37.53229
현대떡방앗간	food	127.06745	37.48856
현대라움	shop	127.02747	37.52737
현대랑방	shop	127.02747	37.52737
현대랑방블랑	shop	127.02747	37.52737
현대랑방컬렉션송미정	shop	127.02747	37.52737
현대레오나드	shop	127.02747	37.52737
현대르메르	shop	127.02747	37.52737
현대리바트	shop	127.02658	37.51244
현대리바트죠르제띠	shop	127.02392	37.51163
현대마인	shop	127.02747	37.52737
현대마인유혜영	shop	127.02747	37.52737
현대마트	activity	127.08152	37.48990
현대맛드림협동조합	food	127.06463	37.51383
현대무역꼼데가르송여성	shop	127.05976	37.50862
현대무역뉴발란스	shop	127.05976	37.50862
현대무역닥터퍼니스트	shop	127.05976	37.50862
현대무역라움맨	shop	127.05976	37.50862
현대무역라코스테남성	shop	127.05976	37.50862
현대무역라코스테우먼	shop	127.05976	37.50862
현대무역레오나드	shop	127.05976	37.50862
현대무역마뗑킴	shop	127.05976	37.50862
현대무역마인권희정	shop	127.05976	37.50862
현대무역무스너클	shop	127.05976	37.50862
현대무역바네사브루노	shop	127.05976	37.50862
현대무역바바라	shop	127.05976	37.50862
현대무역바쉬	shop	127.05976	37.50862
현대무역발리스틱	shop	127.05976	37.50862
현대무역비너스	shop	127.05976	37.50862
현대무역빈스	shop	127.05976	37.50862
현대무역센터마틴골프	shop	127.05976	37.50862
현대무역센터지샥	shop	127.05976	37.50862
현대무역센터피어	shop	127.05976	37.50862
현대무역스펙터	shop	127.05976	37.50862
현대무역슬로웨어	shop	127.05976	37.50862
현대무역시리즈	shop	127.05976	37.50862
현대무역시스템	shop	127.05976	37.50862
현대무역아미	shop	127.05976	37.50862
현대무역에뜨와	shop	127.05976	37.50862
현대무역와코루	shop	127.05976	37.50862
현대무역점	shop	127.05976	37.50862
현대무역점구호	shop	127.05976	37.50862
현대무역점더캐시미어	shop	127.05976	37.50862
현대무역점디루치아노	shop	127.05976	37.50862
현대무역점무이남성	shop	127.05976	37.50862
현대무역점벨벳트렁크	shop	127.05976	37.50862
현대무역점세인트앤드류스	shop	127.05976	37.50862
현대무역점아쉬	shop	127.05976	37.50862
현대무역점여성무이	shop	127.05976	37.50862
현대무역점이세히미야케	shop	127.05976	37.50862
현대무역점쟈딕앤볼테르	shop	127.05976	37.50862
현대무역점질스튜어트뉴욕	shop	127.05976	37.50862
현대무역점폴로여성	shop	127.05976	37.50862
현대무역준지여성	shop	127.05976	37.50862
현대무역질스튜어트	shop	127.05976	37.50862
현대무역클럽모나코남성권오산	shop	127.05976	37.50862
현대무역타임	shop	127.05976	37.50862
현대무역타임옴므	shop	127.05976	37.50862
현대무역톰그레이하운드	shop	127.05976	37.50862
현대무역폴로남성	shop	127.05976	37.50862
현대무역헤지스남성	shop	127.05976	37.50862
현대무이남성	shop	127.02747	37.52737
현대문구	shop	127.03804	37.52779
현대문구	shop	127.02919	37.53254
현대문구사	shop	127.07087	37.48914
현대미니슈퍼	shop	127.05440	37.48328
현대바네사브루노	shop	127.02747	37.52737
현대바쉬	shop	127.02747	37.52737
현대발망	shop	127.02747	37.52737
현대백화점무역락포트	shop	127.05976	37.50862
현대백화점무역르메르	shop	127.05976	37.50862
현대백화점무역스포티앤리치	shop	127.05976	37.50862
현대백화점이브살로몬	shop	127.02747	37.52737
현대백화점플랜씨	shop	127.02747	37.52737
현대보청기	shop	127.03214	37.52856
현대북어	food	127.03662	37.49881
현대비이커	shop	127.02747	37.52737
현대빈스	shop	127.02747	37.52737
현대상회	shop	127.06729	37.47607
현대솔리드옴므	shop	127.02747	37.52737
현대순대국	food	127.02422	37.50905
현대순대국	food	127.02361	37.50887
현대슈퍼	activity	127.06796	37.48924
현대스토리	shop	127.02841	37.53229
현대스토아	shop	127.02841	37.53229
현대스포츠클럽	activity	127.02919	37.53254
현대시계주	shop	127.05976	37.50862
현대식당	food	127.05440	37.48328
현대식당	food	127.04016	37.52192
현대아미	shop	127.02747	37.52737
현대아워레가시	shop	127.02747	37.52737
현대알레그리	shop	127.02747	37.52737
현대압구정파타고니아	shop	127.02747	37.52737
현대에프앤에스	activity	127.02919	37.53254
현대오에라	shop	127.02747	37.52737
현대옥대치	food	127.06050	37.50045
현대옥수서점	food	127.10184	37.48802
현대와코루비너스	shop	127.02747	37.52737
현대위크엔드막스마라	shop	127.02747	37.52737
현대의료기강주	shop	127.03208	37.50065
현대이모네	food	127.06436	37.51441
현대이모네	food	127.06533	37.51216
현대이자벨마랑	shop	127.02747	37.52737
현대자동차현대모터스튜디오서울	activity	127.03437	37.52128
현대전기	shop	127.05289	37.50100
현대전기통신	shop	127.04488	37.48426
현대정육점	shop	127.02422	37.50905
현대조셉	shop	127.02747	37.52737
현대종합가구	shop	127.05168	37.49820
현대진가순대국	food	127.02279	37.50972
현대집	food	127.02337	37.52360
현대청과	shop	127.02841	37.53229
현대코엑스톰브라운	shop	127.05976	37.50862
현대토템	shop	127.02747	37.52737
현대파리게이츠골프	shop	127.02747	37.52737
현대페세리코	shop	127.02747	37.52737
현대홈스토아	shop	127.02841	37.53229
현명헬스비즈	shop	127.02808	37.50608
현삼정한식부페	food	127.06446	37.51360
현스테이	stay	127.04032	37.50361
현아네	shop	127.02040	37.51939
현악사	shop	127.03214	37.52856
현온누리약국	shop	127.02139	37.51193
현우농장	shop	127.08493	37.49046
현우동	food	127.02432	37.51709
현우디자인	shop	127.02215	37.51249
현이네와인샵	shop	127.02740	37.52586
현인터내셔널	shop	127.05860	37.51024
현정숯불바베큐	food	127.03632	37.52111
현진에프앤비주	cafe	127.05916	37.51183
현텔레콤	shop	127.04334	37.48203
현풍할매외손자집곰탕도곡	food	127.04483	37.48300
현해	food	127.03666	37.52191
현현	food	127.10860	37.47378
형수곱창	food	127.03904	37.51026
형식炯食	food	127.04283	37.50060
형제곱창	food	127.04681	37.47828
형제곱창	food	127.05879	37.50575
형제떡집	food	127.02398	37.50918
형제식품	shop	127.03456	37.51423
형제야채	shop	127.06856	37.49569
형제족발보쌈	food	127.10732	37.46323
형제청과	shop	127.06591	37.49962
형제특수부위	food	127.02810	37.49996
형제회관	food	127.05596	37.50413
형지쇼핑	shop	127.04045	37.49413
형지탁구클럽	shop	127.05759	37.50257
혜미네떡볶이랑닭발	food	127.05174	37.49728
혜민서힘	shop	127.07965	37.49434
혜성손만두	food	127.08105	37.49092
혜성키친	food	127.04076	37.50093
혜솔	shop	127.04065	37.50909
혜아리	food	127.05733	37.50093
혜안에프앤비	food	127.04467	37.49945
혜윰	bar	127.03658	37.50903
혜인예술기획	shop	127.02347	37.51967
혜재	shop	127.03246	37.49656
혜준당	food	127.03352	37.50972
호남마을	food	127.03348	37.49435
호남식당	food	127.03063	37.52289
호남식당	food	127.05279	37.49903
호도스	shop	127.03617	37.52063
호돌이반점	food	127.03568	37.50084
호두까끼형제	food	127.03473	37.48550
호두당	food	127.01980	37.51686
호떡과사랑은뜨겁게	food	127.06834	37.48882
호또치킨	bar	127.03921	37.50341
호라산그린에너지	shop	127.05657	37.50845
호랑	food	127.05419	37.50528
호랑이다이닝	food	127.03363	37.49748
호랑이주방	food	127.05321	37.51235
호랑이초밥	food	127.05689	37.51079
호랭이행님	food	127.02715	37.50112
호레나	stay	127.04015	37.50144
호루몬	food	127.03445	37.52304
호리팩토리	shop	127.04462	37.52480
호무랑	food	127.04411	37.52336
호묵원양재	shop	127.03432	37.48646
호미곳횟집	food	127.04816	37.47623
호미곶막회물회	food	127.05273	37.50436
호밀호두	food	127.04895	37.50450
호밀호두선정릉역점	food	127.04364	37.51086
호박노래연습장	activity	127.04855	37.47775
호박불한증막	food	127.04501	37.49692
호박약국	shop	127.02941	37.49683
호별관	food	127.03525	37.50890
호보식당	food	127.03466	37.49803
호보식당신사역	food	127.01999	37.51827
호브	food	127.04274	37.50396
호빈	bar	127.02424	37.50868
호사양곱창수서점	food	127.10311	37.48732
호산나약국	shop	127.03335	37.52857
호샤퀴테리에	food	127.04076	37.50093
호서한증막매점	shop	127.05316	37.50474
호선생전	food	127.05390	37.50419
호세야	food	127.05750	37.50460
호세야오리바베큐	food	127.03061	37.51083
호센바	bar	127.03386	37.50143
호스테이청담	stay	127.04428	37.52161
호시	bar	127.03891	37.52713
호시타코야끼	food	127.05765	37.50086
호시탐탐	food	127.02430	37.52472
호식이두마리치킨	food	127.08485	37.49218
호식이두마리치킨논현	food	127.03726	37.50938
호식이두마리치킨세곡점	food	127.10154	37.46105
호신각	food	127.05714	37.50820
호아빈	food	127.05773	37.50542
호아인	food	127.03610	37.52147
호아킴	food	127.05748	37.51064
호앙비엣	food	127.04442	37.48321
호앙비엣	food	127.03182	37.49200
호앙비엣	food	127.02774	37.50309
호앙비엣역삼	food	127.03345	37.50055
호야	food	127.02068	37.51877
호야트레이드	shop	127.03308	37.50980
호우양꼬치	food	127.05256	37.50377
호우지시절	food	127.05531	37.52221
호운주단	shop	127.05020	37.47572
호웅서권	shop	127.03165	37.49321
호원당	food	127.03055	37.52640
호익	stay	127.03310	37.50676
호재식당	food	127.10415	37.47456
호정김밥	food	127.04899	37.50603
호정순대국	food	127.09498	37.47192
호정화랑	shop	127.04723	37.52525
호족반	food	127.03674	37.52547
호찬떡볶이	food	127.08580	37.48439
호천당	food	127.03542	37.49903
호체	shop	127.03670	37.50297
호타루	food	127.03466	37.50112
호텔더디자이너스리즈강남프리미어	stay	127.02589	37.50527
호텔데님	stay	127.04666	37.47620
호텔디아티스트	stay	127.03850	37.50245
호텔리베라아노블리	stay	127.04165	37.52384
호텔린	stay	127.03910	37.50070
호텔마리	stay	127.04209	37.50164
호텔벤	stay	127.03989	37.50070
호텔빙수	food	127.03225	37.50882
호텔세느	stay	127.03514	37.50396
호텔소울하다	stay	127.03252	37.49875
호텔스타	stay	127.03332	37.50234
호텔스타	stay	127.03543	37.49954
호텔시애틀	stay	127.03000	37.49587
호텔야자강남	stay	127.03725	37.50882
호텔얼라이언스컴퍼니	stay	127.03259	37.50941
호텔에이치디씨	stay	127.06429	37.50873
호텔에이치디씨안다즈서울강남	stay	127.02887	37.52532
호텔엔트라	stay	127.04847	37.52403
호텔예스	stay	127.04115	37.50116
호텔올인	stay	127.03992	37.51726
호텔유리앤	stay	127.05760	37.50893
호텔컬리넌개포	stay	127.04592	37.47684
호텔컬리넌대치	stay	127.05424	37.50510
호텔클로이	stay	127.01971	37.51715
호포당	food	127.04539	37.48566
호프마을	bar	127.08699	37.49293
호프을지로골뱅이	bar	127.03585	37.49344
호프풀	shop	127.04003	37.49182
호현디에스	food	127.04031	37.50334
호호	shop	127.02445	37.52678
호호솥밥	food	127.03366	37.49429
호호스테이	stay	127.03904	37.50699
호호식당스타필드코엑스	food	127.05916	37.51183
호화반점	food	127.03980	37.52694
호훈화랑	shop	127.05961	37.50264
혼	bar	127.04825	37.47491
혼	food	127.04582	37.47835
혼가먼트	shop	127.04005	37.52848
혼마찌	food	127.02418	37.50893
혼밥대왕	food	127.03504	37.51025
혼밥대왕	food	127.03774	37.50580
혼밥선생	food	127.02622	37.51105
혼술바소문의낙원	food	127.03149	37.49491
홀랜드앤바렛	shop	127.06080	37.50919
홀리데이브로스도나르압구정	food	127.02690	37.52478
홀리스트레이닝	activity	127.02852	37.52159
홀리원뮤직	shop	127.04825	37.47491
홀릭	bar	127.05781	37.50866
홀릭노래연습장	activity	127.03393	37.50085
홀릭스	shop	127.03734	37.52459
홀릭스보드게임방	activity	127.02406	37.51117
홀릭스안경	shop	127.03735	37.52461
홀릭앳홈	shop	127.04006	37.50599
홀릭전자담배논현초점	shop	127.02719	37.50820
홀릭홀릭	shop	127.02589	37.50718
홀썸	cafe	127.03434	37.51401
홀인원	bar	127.04237	37.50479
홀푸드랩	shop	127.10376	37.48707
홈	shop	127.08531	37.49278
홈	activity	127.03788	37.52065
홈러버쿠키	food	127.04790	37.47693
홈마트	shop	127.04654	37.47879
홈수끼푸드	food	127.03572	37.51628
홈스밀	shop	127.10371	37.48865
홈즈스테이지밸리	stay	127.04435	37.51015
홈즈앤루팡보드게임카페신사가로수길점	activity	127.02050	37.51738
홈푸드	food	127.04472	37.51810
홈플러스익스프레스	shop	127.05274	37.49583
홈플러스익스프레스서울세곡점	shop	127.10296	37.46318
홉트레이닝	activity	127.04787	37.47795
홋카이도여보	food	127.04312	37.50503
홍가네	food	127.03710	37.49898
홍가네김치독	food	127.03459	37.49118
홍경	food	127.04496	37.50469
홍단	shop	127.04272	37.50686
홍대주막	bar	127.02797	37.50041
홍대포	food	127.05330	37.50440
홍로	food	127.02411	37.50848
홍루루	food	127.03235	37.49172
홍루이젠	food	127.04575	37.50208
홍루이젠	food	127.08380	37.49209
홍루이젠강남세곡점	shop	127.09650	37.47215
홍만당	food	127.02448	37.52193
홍명	food	127.02947	37.51453
홍미단	food	127.03139	37.49955
홍박사생고기	food	127.02799	37.51904
홍박사정육점	shop	127.02799	37.51904
홍반장신의주찹쌀순대	food	127.02725	37.52059
홍반점	food	127.03585	37.49344
홍백	food	127.05325	37.51241
홍보각	food	127.02892	37.50528
홍보석	shop	127.04841	37.47909
홍삼나라	shop	127.05763	37.52245
홍성원	food	127.05213	37.52572
홍수계찜닭강남파이낸스	food	127.03651	37.50002
홍스나나	food	127.04494	37.51161
홍시복권	activity	127.02344	37.50975
홍신애요리연구소	food	127.03333	37.51519
홍영재장수청국장	food	127.06447	37.50750
홍요정플라워	shop	127.05279	37.49726
홍운장	food	127.05892	37.50189
홍익문구센터	shop	127.07878	37.49413
홍익육개장역삼주	food	127.03148	37.49098
홍주얼리	shop	127.06853	37.49638
홍짬뽕	food	127.03396	37.49627
홍콩다방	cafe	127.04061	37.51744
홍콩다방	cafe	127.06080	37.50919
홍콩반점성남태평	food	127.05741	37.49218
홍키보드카페	activity	127.02723	37.52045
홍팥집	cafe	127.03556	37.48683
홍팥집세곡동점	cafe	127.10347	37.46315
화기애애강남	food	127.02652	37.50285
화니스시	food	127.03225	37.50853
화니워니찰식빵	food	127.03873	37.48622
화다인	food	127.02359	37.50793
화덕피자파숑	food	127.06775	37.48865
화락바베큐치킨역삼	food	127.03995	37.49583
화랑불닭발	food	127.02495	37.50689
화랑이노베이션	bar	127.02776	37.51673
화로상회강남	food	127.02330	37.50943
화린	food	127.05200	37.50320
화만포정육점	shop	127.03088	37.49451
화목	food	127.06591	37.49962
화사한	shop	127.03172	37.51484
화생몽	shop	127.02730	37.50943
화설	food	127.05503	37.50497
화수목	shop	127.04590	37.47793
화수목플라워	shop	127.03204	37.52305
화수분	shop	127.05200	37.48887
화수사	food	127.05476	37.50814
화연	shop	127.04330	37.49265
화연산장	food	127.04054	37.52400
화연에스테틱	shop	127.04932	37.51282
화요일	shop	127.05440	37.48328
화원일식	food	127.06218	37.49902
화유담	shop	127.05629	37.50174
화이린	food	127.02908	37.51442
화이트	bar	127.03725	37.50882
화이트	shop	127.02344	37.51856
화이트	shop	127.06591	37.49962
화이트	shop	127.05763	37.52245
화이트리에	food	127.06218	37.49902
화이트린넨하우스	stay	127.02528	37.51775
화이트모텔	stay	127.03851	37.50262
화이트오키드	shop	127.03159	37.51529
화이트와인개러지	food	127.04694	37.52322
화이트잉크	shop	127.02306	37.52366
화이트짐	activity	127.03251	37.49137
화이트짐	activity	127.04673	37.50496
화인약국	shop	127.02907	37.49603
화인유통	shop	127.02747	37.52030
화인푸드개미집	bar	127.02089	37.52299
화작	food	127.01935	37.51796
화장품소매업	shop	127.04196	37.49880
화장품소매업	shop	127.04034	37.49572
화장품타운	shop	127.08396	37.49232
화정국밥	food	127.03551	37.50703
화주요정	food	127.03951	37.52771
화진상사	shop	127.03968	37.50671
화통집강남	food	127.10471	37.47537
화평	food	127.05003	37.51835
화평	food	127.05071	37.51859
화평식당	food	127.06632	37.50850
화포식당	food	127.02924	37.51447
화항풍국제무역	food	127.03418	37.51656
화항풍국제무역알펜주	bar	127.03418	37.51656
화화	food	127.03524	37.50526
화화일식	food	127.03525	37.50531
확실한에듀	shop	127.05824	37.50605
환경운동연합에코생활협동조합	shop	127.03945	37.48687
환연실업	shop	127.03774	37.50580
환호인터내셔널	food	127.05695	37.50928
황가솥뚜껑삼겹살	food	127.04459	37.48445
황고집	food	127.02518	37.51070
황금당	shop	127.08130	37.49111
황금당	shop	127.04225	37.51571
황금돼지	food	127.04836	37.47852
황금마차	bar	127.03709	37.52089
황금면가	food	127.10184	37.48802
황금복국	food	127.05800	37.50872
황금설	food	127.03565	37.50278
황금소	food	127.08258	37.48974
황금식당	food	127.10184	37.48802
황금열쇠강남	activity	127.02867	37.50109
황금열쇠플라워	activity	127.02740	37.50180
황금유황오리부추덕	food	127.10184	37.48802
황금족발대감참조은도시락	food	127.03294	37.50852
황금축산	shop	127.04283	37.50060
황룡서점	shop	127.08447	37.49250
황보산업주	shop	127.03784	37.49342
황비홍마라탕	food	127.03248	37.50820
황소곱창	food	127.05499	37.51213
황소양곱창	food	127.03941	37.49490
황장금압구정	food	127.03841	37.52559
황재벌	food	127.03615	37.51736
황제만두	food	127.03905	37.48668
황제찹쌀꽈배기논현영동	food	127.02391	37.50935
황태마을	food	127.05497	37.50533
황태만상선릉포스코	food	127.05534	37.50506
황태명가	food	127.10311	37.48732
황태명가	food	127.06062	37.51468
황태사랑	food	127.04658	37.50324
황태자노래연습장	activity	127.08296	37.49395
황토감자탕	food	127.02781	37.49966
황해담	shop	127.02752	37.51167
황해도족발이화수육개장	food	127.03096	37.49482
황회장집	food	127.03732	37.52624
황후	shop	127.03660	37.51413
회관	food	127.03639	37.52307
회덮밥잘하는집	food	127.11917	37.46930
회의소	food	127.03849	37.52377
회장님댁	food	127.05191	37.50302
회장님댁	bar	127.02762	37.50015
회초리씨푸드	food	127.05815	37.50484
회춘	shop	127.03799	37.52449
회춘식당	food	127.03268	37.49032
회판장	food	127.02806	37.50010
횡성한우촌	shop	127.04633	37.51754
효계	food	127.02374	37.51920
효도치킨	food	127.03709	37.52089
효도치킨가로수길점	food	127.02379	37.51888
효미역	food	127.09882	37.48600
효미역	food	127.02956	37.52633
효미역	food	127.04550	37.48419
효미역현대백화점	food	127.02747	37.52737
효자동설렁탕	food	127.02204	37.52080
효자동설렁탕	food	127.02433	37.51730
효정옥	food	127.03911	37.49301
후	shop	127.10311	37.48732
후게츠도산점	food	127.03909	37.52688
후꾸짱	food	127.03655	37.52547
후니드골프존타워청담점	food	127.05459	37.52339
후라이드참잘하는집	food	127.03911	37.49301
후라이드참잘하는집강남	food	127.10503	37.47477
후라이드참잘하는집삼성	food	127.05505	37.50849
후라토식당	food	127.02232	37.52078
후랜드	food	127.03554	37.53192
후레쉬빌	food	127.06630	37.50820
후문	bar	127.02582	37.50738
후식	cafe	127.04867	37.50554
후아유	shop	127.02662	37.50124
후아유스타필드코엑스몰	shop	127.05712	37.51295
후웨이즈텐카민	cafe	127.04381	37.50922
후제	food	127.04477	37.48211
후지	food	127.05924	37.50619
후지필름일렉트로닉이미징코리아	shop	127.04058	37.52669
후추네	food	127.03742	37.52546
후추마켓	shop	127.04139	37.51780
후추포인트	food	127.02726	37.50308
후카킹	bar	127.03570	37.52620
후쿠오카함바그롯데강남점	food	127.05326	37.49698
후쿠인	food	127.06690	37.49648
후토루	food	127.05861	37.50795
후토시	food	127.06591	37.49962
후포항	food	127.04507	37.48541
훈	food	127.05984	37.50576
훈민정식	food	127.05816	37.50838
훈스돈까스강남	food	127.03352	37.50972
훈썹압구정	shop	127.03724	37.52117
훈연호버거	food	127.04076	37.50093
훈이네	shop	127.08154	37.49122
훈이네슈퍼	shop	127.05726	37.49869
훌랄라치킨	food	127.04061	37.50048
훌훌	food	127.04363	37.48493
훠궈나라	food	127.02653	37.50244
훠궈야	food	127.06080	37.50919
휘가로	bar	127.03531	37.52756
휘게	cafe	127.03288	37.48805
휘겔리스테이	stay	127.02011	37.52116
휘미브로우	shop	127.04743	37.50514
휘슬러비씨	shop	127.04582	37.47835
휘슬러휘트니스	activity	127.03148	37.49098
휘초밥	food	127.05968	37.50572
휘트니스모션	activity	127.05159	37.52434
휘한복	shop	127.02882	37.51439
휠라롯데강남	shop	127.05326	37.49698
휠링	bar	127.06464	37.50118
휠텍스도곡지점	shop	127.04593	37.48281
휴	activity	127.04369	37.48528
휴	food	127.03381	37.49819
휴가	cafe	127.03084	37.51073
휴고	food	127.03690	37.52501
휴고보스롯데	shop	127.05326	37.49698
휴대폰성지	shop	127.03840	37.50950
휴대폰성지	shop	127.05750	37.50460
휴대폰성지	shop	127.04290	37.51222
휴대폰성지	shop	127.04076	37.50093
휴라운지	activity	127.03187	37.49595
휴롬엘에스	shop	127.03406	37.51466
휴머	bar	127.04798	37.52194
휴먼다이브	shop	127.05316	37.50474
휴먼메이드압구정	shop	127.03854	37.52662
휴먼바이오	shop	127.04799	37.47482
휴먼스토리지	food	127.03022	37.50526
휴메이드하우스	stay	127.02528	37.52001
휴메이크	activity	127.05246	37.50087
휴메이크	activity	127.05146	37.50022
휴메이크논현지점	activity	127.02190	37.51087
휴메이크도곡지점	activity	127.03931	37.49156
휴메이크코퍼레이션	activity	127.04265	37.51018
휴메이크휘트니스	activity	127.02190	37.51087
휴민시티파티오세븐	stay	127.02931	37.51782
휴베이스웃는약국	shop	127.03626	37.50775
휴앤락노래연습장	activity	127.04284	37.48303
휴앤아이빌	stay	127.03537	37.49531
휴에프와인	shop	127.02683	37.52444
휴온	stay	127.03853	37.48673
휴온재	stay	127.08364	37.49022
휴즈짐	activity	127.04261	37.51833
휴호텔	stay	127.03746	37.51663
흐비지떼	food	127.05124	37.51085
흑다우	food	127.05977	37.49350
흑다우맵장떡복기	food	127.05977	37.49350
흑돼지대통령칼국수대통령	food	127.03068	37.49615
흑룡반점	food	127.03961	37.50641
흑백홍	food	127.05916	37.51183
흑소랑	food	127.05663	37.50931
흑쌈시대	food	127.05861	37.50599
흑우정	food	127.04111	37.52410
흥농바이오	shop	127.05792	37.50982
흥도식당뱅뱅	food	127.03366	37.48943
흥부이가	food	127.03016	37.49570
흥청망청에프앤비	food	127.04345	37.50497
희	bar	127.03847	37.52156
희도	bar	127.03434	37.51401
희래등	food	127.01968	37.52132
희래등	food	127.06619	37.50846
희래등	food	127.03713	37.49479
희망약국	shop	127.08352	37.48573
희망축산	shop	127.05299	37.48091
희병약국	shop	127.03995	37.50980
희복	shop	127.03445	37.52304
희앤락	food	127.06192	37.49335
희앤썬주	stay	127.03542	37.50124
희야	food	127.02683	37.52444
희영온누리약국	shop	127.05124	37.51273
희와지꽃집	shop	127.04646	37.50411
희현코퍼레이션	food	127.03835	37.52217
흰돌네	shop	127.01965	37.52475
히까리	food	127.02350	37.50748
히노마끼	food	127.03803	37.51846
히노아스카	food	127.03139	37.49773
히노아지포스코	food	127.05613	37.50582
히노카츠	food	127.03665	37.48592
히데키친	shop	127.03592	37.50130
히든랩스튜디오	activity	127.04574	37.49510
히라메키	food	127.05665	37.50910
히라이	food	127.05201	37.50279
히로아키	food	127.03234	37.49197
히스	cafe	127.03254	37.52317
히스노래연습장	activity	127.04052	37.50829
히스더	shop	127.05291	37.50469
히스피커피	cafe	127.02011	37.52216
히야뭉티기	food	127.05237	37.49807
히어	bar	127.03932	37.50079
히어로	food	127.03285	37.49162
히어로파운더	food	127.02604	37.51775
히어스디자인	food	127.05426	37.51348
히엘케이	shop	127.04572	37.52519
히즈빈스디캠프점	cafe	127.04522	37.50786
히즈플랜	stay	127.02986	37.51020
히카리	food	127.05279	37.49726
히키	food	127.04278	37.52274
히키니쿠토코메도산점	food	127.03794	37.52550
히트인덕션	shop	127.03126	37.50104
히트커피로스터스신사	cafe	127.02414	37.52095
히히냥냥	shop	127.02701	37.50190
힐라비	shop	127.03834	37.51794
힐리빙텔	stay	127.02870	37.50436
힐리언스코어운동센터	activity	127.06532	37.51485
힐링	shop	127.02764	37.52143
힐링	activity	127.03221	37.49807
힐링	food	127.03314	37.50597
힐링북스	shop	127.05523	37.50563
힐링브릿지	activity	127.06287	37.50429
힐링사우나식당	food	127.02808	37.50608
힐링샵	shop	127.06729	37.47607
힐링센터	activity	127.08218	37.48963
힐링약국	shop	127.02793	37.52241
힐링엔슬림케어	shop	127.02807	37.49973
힐링웍스	shop	127.05316	37.50474
힐링포차	bar	127.05325	37.49907
힐링하우스	stay	127.03074	37.49494
힐스테이	stay	127.08374	37.49455
힐스테이역삼	stay	127.04235	37.49341
힐스토어	shop	127.04015	37.50144
힐컴	shop	127.02044	37.52011
힐튼베이커리	food	127.04565	37.49563
힘	shop	127.05763	37.52245
힘	cafe	127.06086	37.51533
힘난다버거	food	127.02976	37.49701
힘내라소상공인협동조합	shop	127.04658	37.50324
힘내라정육식당	food	127.05211	37.50257
힘도산	shop	127.03604	37.52570
힘스생명공학	shop	127.06299	37.49918
힙카롱	food	127.04333	37.51567
힙포압구정로데오	food	127.03839	37.52741
힛더스팟베이커리	food	127.04340	37.50920
１００１안경	shop	127.04548	37.47725
갓덴스시 강남	food	127.02902	37.49889
갓포아키 도산공원점	food	127.03624	37.52307
강남중고명품 아마레스	shop	127.02262	37.52045
갤러리 나우	heritage	127.03497	37.52276
갤러리 마노	heritage	127.03659	37.52409
갤러리 서림	heritage	127.05607	37.52014
갤러리 원	heritage	127.04587	37.52747
갤러리아백화점 명품관	shop	127.04007	37.52853
갤러리에이엠 가로수	shop	127.02313	37.52165
계절밥상 코엑스몰	food	127.05731	37.51293
고센인코퍼레이티드 청담점	cafe	127.04145	37.52526
골드피쉬 딤섬퀴진	food	127.03712	37.52612
골목안경 논현	shop	127.03231	37.51574
골프존마켓 대치점	shop	127.06636	37.50196
골프존마켓 압구정점	shop	127.02750	37.51904
광림아트센터 장천홀	heritage	127.02654	37.52426
구구스 압구정점	shop	127.04083	37.52745
구스아일랜드 브루하우스	food	127.03220	37.49348
그로브스토어 가로수점	shop	127.02155	37.52258
글래드스톤 갤러리	heritage	127.04843	37.52277
글로브 비스트로	food	127.06081	37.50919
금강제화 강남본점	shop	127.02380	37.50690
김리아 갤러리	heritage	127.04685	37.52636
김북순큰남비집 신사본점	food	127.01997	37.52077
까르니두브라질 강남역	food	127.02971	37.49741
까사미아 압구정	shop	127.01970	37.52242
꽃새우 영번지	food	127.04133	37.50612
나나피어싱 압구정점	shop	127.03803	37.52779
나이스웨더 마켓	shop	127.02118	37.52077
나이키 강남	shop	127.02595	37.50239
나이키 압구정	shop	127.03988	37.52633
나이키골프 도곡점	shop	127.03758	37.49165
나이프샵 마이도	shop	127.03188	37.52177
남원추어탕 풍천장어	food	127.06632	37.50850
네모집 청담점	food	127.04187	37.52266
네이처컬렉션 강남역사점	shop	127.02880	37.49657
노란상 소갈비	food	127.03920	37.51757
노브랜드 강남삼성점	shop	127.05111	37.51629
노브랜드 강남역삼점	shop	127.03095	37.49215
노브랜드 강남한티역점	shop	127.05237	37.49807
노블워치 논현점	shop	127.03136	37.52030
노블코코 도산점	shop	127.03672	37.52601
논픽션 신사	shop	127.02206	37.52264
논현 가구거리	shop	127.02488	37.51246
농민백암순대 본점	food	127.05304	37.50376
뉴발란스 강남점	shop	127.02727	37.49951
뉴에라 압구정점	shop	127.03702	37.52406
다미 강남점	shop	127.02325	37.51963
다비치안경 대치점	shop	127.05064	37.49587
다비치안경 도곡역점	shop	127.05564	37.49146
다비치안경 신사역점	shop	127.02050	37.51687
다운타우너 청담	food	127.03857	37.52406
다이소 강남본점	shop	127.02907	37.49604
다이소 선릉점	shop	127.05163	37.50491
다이소 신사역점	shop	127.02015	37.51583
다이소 압구정역점	shop	127.02895	37.52709
닥터스피부과의원 신사	shop	127.02375	37.51723
닭으로가 압구정본점	food	127.03842	37.52704
대가방 본점	food	127.04308	37.51058
대가원 본점	food	127.03614	37.51477
대치동 함흥면옥	food	127.05679	37.49786
더라운드 삼성점	food	127.05769	37.52004
더샘 코엑스몰점	shop	127.05944	37.50963
더소뇨 강남점	shop	127.03669	37.52712
더원 레스토랑	food	127.05769	37.52004
더클래스 청담	food	127.04229	37.52619
돌체앤가바나 서울청담플래그십	shop	127.04207	37.52715
듀얼소닉 강남신사점	shop	127.02035	37.51502
드레익스 도산	shop	127.03612	37.52541
디스커버리 가로수길점	shop	127.02291	37.51960
디오디너리 강남	shop	127.02246	37.52171
디자인스킨 가로수길점	shop	127.02262	37.52172
디자인스킨 강남지하점	shop	127.03151	37.49035
디자인스킨 압구정점	shop	127.03803	37.52779
디젤 도산점	shop	127.03551	37.52624
딘트 청담본점	shop	127.04936	37.52111
딸부자네불백 신사본점	food	127.02054	37.51932
라디오아이즈 가로수길점	shop	127.02216	37.52170
라온안경원 삼성점	shop	127.05708	37.50878
라움 웨스트	shop	127.03318	37.52875
라이프워크 파르나스몰점	shop	127.06081	37.50919
라코스테 가로수길직영멀티점	shop	127.02303	37.52126
락피쉬웨더웨어 도산점	shop	127.03695	37.52466
러쉬스파 압구정점	shop	127.03391	37.52775
러퓸 파르나스몰점	shop	127.06081	37.50919
레몬버베나 강남점	shop	127.03695	37.52518
레페토 메종서울	shop	127.03818	37.52634
로데오안경원 삼성점	shop	127.05124	37.51273
로로피아나 청담플래그십스토어	shop	127.04580	37.52597
로우클래식 가로수길점	shop	127.02373	37.52155
로이드 강남점	shop	127.02735	37.49935
롯데백화점 강남점	shop	127.05326	37.49698
롯데하이마트 대치본점	shop	127.06383	37.49424
롯데하이마트 압구정점	shop	127.02751	37.51999
루미애체 압구정	shop	127.02821	37.52624
루이까스텔 삼성점	shop	127.05448	37.51157
룩옵티컬 강남역점	shop	127.02733	37.50074
룰루레몬 파르나스몰점	shop	127.06081	37.50919
르브런쉭 신사점	food	127.02108	37.52212
리바이스 가로수플래그쉽스토어	shop	127.02343	37.51872
리차드 밀	shop	127.04595	37.52590
리틀넥 청담	food	127.03778	37.52427
링스 강남점	shop	127.03417	37.49007
마리몽듀 강남점	shop	127.02219	37.51987
마리약국 강남점	shop	127.02771	37.52194
마오 청담동점	food	127.04056	37.52203
마일스톤 커피	cafe	127.02435	37.52190
마초쉐프 강남본점	food	127.02786	37.50355
마켓오 압구정	food	127.03550	37.52160
만다리나덕 청담	shop	127.04948	37.52094
만족오향족발 강남역	food	127.03018	37.49456
맨메이드 도산	cafe	127.03656	37.52459
메종 사우스케이프	food	127.03508	37.52347
목포명가 율현본점	food	127.10862	37.47384
몽블랑드파리 강남점	cafe	127.03522	37.52672
몽중헌 청담점	food	127.04481	37.52438
무냐무냐 플래그십스토어	shop	127.03896	37.52727
무등산수만리염소탕 강남점	food	127.03167	37.49255
무이 압구정점	shop	127.04333	37.52469
미 피아체	food	127.04489	37.52151
미미미 가든	food	127.04113	37.52386
미쉔주 본점	shop	127.02771	37.52194
미우미우 청담점	shop	127.04537	37.52688
밀란국수 개포본점	food	127.04911	37.47852
바바에스 논현	shop	127.02670	37.50722
바쉐론콘스탄틴 갤러리아	shop	127.04184	37.52797
바이셀골프 강남점	shop	127.05780	37.50299
바이오프로그래밍클럽 서울	shop	127.04652	37.52625
반도카메라 강남	shop	127.05568	37.50235
배정철 어도	food	127.03615	37.52057
백마김씨네 도곡본점	food	127.04570	37.48721
벤제프 강남점	shop	127.03653	37.49080
보슬보슬 역삼본점	food	127.03330	37.49766
봉밀가 강남구청점	food	127.04231	37.51595
봉브라더스 본점	cafe	127.02627	37.50735
봉쁘앙 도산점	shop	127.03500	37.52298
봉우리 역삼본점	food	127.03816	37.50309
부베트 본점	food	127.02887	37.52532
분크 청담직영점	shop	127.04422	37.52446
브이알존 코엑스	activity	127.05713	37.51294
비비씨어스 도산점	shop	127.03749	37.52562
비이커 청담점	shop	127.04140	37.52720
빈폴 타워팰리스	shop	127.05244	37.48803
빌보드코리아 하우스	heritage	127.04018	37.51383
빌즈 강남	cafe	127.03498	37.49979
뽕나무쟁이 선릉본점	food	127.05202	37.50325
사뿐 가로수길플래그십스토어	shop	127.02244	37.52023
삼성스토어 대치	shop	127.06706	37.50047
삼성스토어 도곡	shop	127.04878	37.48843
삼성스토어 청담	shop	127.03891	37.52263
삼성온누리약국 글라스타워	shop	127.06280	37.50804
삼호 짱뚱이	food	127.03104	37.51968
상상돈가츠 코엑스	food	127.05845	37.51043
새벽집 청담	food	127.05294	37.52567
생강김밥 본점	food	127.04543	37.48602
서울 선샤인호텔	stay	127.02879	37.52063
서울옥션 강남센터	heritage	127.03392	37.52743
서울특별시교육청 강남도서관	heritage	127.04684	37.51368
서플라이루트 가로수	shop	127.02168	37.52066
설화수 발란스스파	shop	127.03548	37.52356
설화수스파 신사	shop	127.03550	37.52361
세라제화 코엑스	shop	127.05946	37.50969
세컨스트릿 본점	shop	127.02336	37.51995
소니스토어 압구정점	shop	127.03883	37.52357
쇼군 논현	shop	127.03392	37.50836
수라선 역삼	food	127.04146	37.50482
수트서플라이 청담점	shop	127.04460	37.52620
쉬즈미스 테헤란로점	shop	127.05218	37.50587
슈페리어 테헤란점	shop	127.06496	37.50903
스시 장종현	food	127.04897	37.52554
스시효 청담	food	127.04188	37.52209
스시히로바 삼성동본점	food	127.05265	37.51502
스타일난다 가로수	shop	127.02225	37.52232
스타필드 코엑스몰	shop	127.05920	37.51187
스테이피플 파르나스몰	shop	127.06082	37.50925
스투시서울 압구정	shop	127.03578	37.52606
스파오 강남점	shop	127.02663	37.50124
스페이스 도산	shop	127.03588	37.52616
스포츠일러스트레이티드 패션도산점	shop	127.03522	37.52636
시스티나 파르나스몰점	shop	127.06081	37.50919
시추안하우스 본점	food	127.05799	37.50959
신동궁감자탕 역삼본점	food	127.03283	37.49785
신라스테이 삼성	stay	127.06319	37.50996
신사 굿약국	shop	127.02188	37.51673
신사동 가로수길	activity	127.02276	37.51971
썬더버드 청담점	food	127.04170	37.52619
아디다스 강남브랜드센터	shop	127.02506	37.50433
아뜰리에 에디션	shop	127.03594	37.52644
아로마글로바 서울사무소	shop	127.05949	37.51455
아로마티카 신사	activity	127.02173	37.52133
아로마티카 제로스테이션	shop	127.01944	37.52079
아르켓 가로수길점	shop	127.02321	37.51986
아미 가로수길점	shop	127.02302	37.52112
아베골프 삼성점	shop	127.05471	37.51113
아야진생태찌개 본점	food	127.05478	37.51184
아이갤러리 안경원	shop	127.05227	37.51561
아이디어 압구정	shop	127.03826	37.52498
아이디어안경원 도산점	shop	127.03830	37.52463
아이리치 압구정	shop	127.02792	37.52412
아이스버그골프 청담플래그쉽스토어	shop	127.04024	37.52302
아크네스튜디오 청담점	shop	127.04293	37.52677
아크메드라비 청담	shop	127.04241	37.52430
아트박스 가로수길점	shop	127.02371	37.51825
아트박스 강남점	shop	127.02715	37.50113
아트박스 대치점	shop	127.06011	37.49826
안경 압구정	shop	127.02428	37.52428
알렉산더왕 청담점	shop	127.04195	37.52688
알로 가로수길점	shop	127.02166	37.52261
알마튜나 도곡점	food	127.04574	37.48497
압구정 로데오거리	activity	127.03888	37.52682
압구정로데오 페스티벌	event	127.03562	37.52401
앱섹 캐시미어	shop	127.02131	37.52277
야코리아호스텔 강남점	stay	127.04376	37.50466
어거스트힐 강남점	food	127.02762	37.50344
언더아머 압구정점	shop	127.03918	37.52792
에메필 강남가로수점	shop	127.02085	37.51702
에이랜드 가로수길점	shop	127.02269	37.52371
에잇세컨즈 가로수길점	shop	127.02288	37.51939
에잇세컨즈 강남대로점	shop	127.02699	37.50039
엔비성형외과의원 강남	shop	127.02011	37.51678
엠주 가로수	shop	127.02354	37.52099
엠포리오아르마니 청담전문점	shop	127.04293	37.52697
여수오동도 대치	food	127.05835	37.50219
오니츠카타이거 가로수길점	shop	127.02188	37.52154
오렌즈 강남시티점	shop	127.02687	37.50087
오렌즈 압구정로데오	shop	127.03821	37.52752
오아시스 청담점	food	127.04062	37.52483
오아시스 호스텔	stay	127.03178	37.49806
오콜로르 신사점	shop	127.02082	37.51823
온더스팟 가로수길점	shop	127.02241	37.52034
올리브영 강남구청역점	shop	127.04075	37.51769
올리브영 강남논현점	shop	127.02455	37.50664
올리브영 강남우성점	shop	127.03105	37.49185
올리브영 강남중앙점	shop	127.02907	37.49629
올리브영 강남파이낸스	shop	127.03652	37.50008
올리브영 개포동점	shop	127.06149	37.48229
올리브영 대치사거리점	shop	127.05953	37.50224
올리브영 대치역점	shop	127.06192	37.49335
올리브영 대치점	shop	127.05955	37.49811
올리브영 봉은사역점	shop	127.06048	37.51472
올리브영 삼성중앙역점	shop	127.05040	37.51248
올리브영 선릉로점	shop	127.05127	37.50362
올리브영 선릉역점	shop	127.04830	37.50528
올리브영 선릉점	shop	127.05347	37.50549
올리브영 선릉중앙점	shop	127.04554	37.50308
올리브영 선릉타운점	shop	127.05086	37.50549
올리브영 선정릉역	shop	127.04403	37.51070
올리브영 세곡동점	shop	127.10016	37.46640
올리브영 수서역점	shop	127.10184	37.48802
올리브영 신강남점	shop	127.02654	37.50261
올리브영 신논현역점	shop	127.02503	37.50463
올리브영 신사점	shop	127.02152	37.51661
올리브영 압구정로데오역점	shop	127.03943	37.52509
올리브영 압구정로데오점	shop	127.03826	37.52765
올리브영 압구정역점	shop	127.02895	37.52709
올리브영 압구정점	shop	127.02792	37.52637
올리브영 압구정중앙점	shop	127.02873	37.52404
올리브영 양재스타클래스점	shop	127.03588	37.48519
올리브영 언주역점	shop	127.03501	37.50793
올리브영 역삼역점	shop	127.03430	37.49964
올리브영 역삼점	shop	127.02926	37.49891
올리브영 역삼중앙점	shop	127.03614	37.50098
올리브영 일원역점	shop	127.08446	37.48402
올리브영 청담사거리점	shop	127.05060	37.52511
올리브영 청담역점	shop	127.05004	37.51991
올리브영 코엑스몰점	shop	127.05944	37.50963
올리브영 타워팰리스점	shop	127.05321	37.48875
올리브영 테헤란로점	shop	127.05976	37.50743
올리브영 파르나스몰점	shop	127.06081	37.50919
올리브영 포이사거리점	shop	127.04534	37.47739
올리브영 학동역점	shop	127.03054	37.51357
올리브영 학동중앙점	shop	127.03775	37.52235
올리브영 한티역점	shop	127.05264	37.49754
올세인츠 파르나스몰	shop	127.06082	37.50925
옵티마 강남정약국	shop	127.03058	37.49350
왕스덕 논현점	food	127.02299	37.51724
우아인 성형외과	shop	127.02572	37.50525
우천식육식당 청담본점	food	127.05164	37.52387
울프강 스테이크하우스	food	127.04146	37.52445
웍스아웃 압구정점	shop	127.03849	37.52645
위글위글집 도산	shop	127.03630	37.52611
유니클로 신사점	shop	127.02441	37.51852
유메르 도산지점	shop	127.03710	37.52362
유미식당 본점	food	127.03848	37.50306
이끼롤까스 가로수길본점	food	127.02446	37.51875
이마트 수서점	shop	127.10311	37.48732
이솝 가로수길	shop	127.02295	37.52159
이솝 파르나스몰점	shop	127.06081	37.50919
이자벨마랑 서울점	shop	127.04621	37.52507
인디브랜드 가로수길점	shop	127.02287	37.52239
일등추어탕 선릉본점	food	127.04484	37.50804
일일향 압구정본점	food	127.03034	37.52349
자이언트 호텔	stay	127.04977	37.51237
정관장 논현점	shop	127.02350	37.50748
정관장 대치본점	shop	127.05884	37.49795
정관장 압구정	shop	127.03477	37.52891
정관장 역삼점	shop	127.03962	37.49232
정관장 청담사거리점	shop	127.04918	37.52475
정관장 테헤란로본점	shop	127.05501	37.50675
정관장 한티역점	shop	127.05219	37.49828
정샘물 플롭스	shop	127.02248	37.52139
제너럴아이디어 신사점	shop	127.02204	37.52240
제니의원 압구정역점	shop	127.02555	37.52519
제이린드버그 클럽하우스서울	shop	127.04315	37.52683
제일그랜드약국 공공심야약국	shop	127.02467	37.50511
조던 서울	shop	127.02206	37.52342
지방시 갤러리아명품관	shop	127.04184	37.52797
지아니스나폴리 역삼	food	127.03759	37.50272
진전복삼계탕 논현본점	food	127.03372	37.51642
짱이네 산곰장어	food	127.03727	37.50943
찰스앤키스 가로수길점	shop	127.02252	37.52189
청담 마코토	food	127.04359	37.52443
청담고수 청담점	food	127.04155	37.52226
청명당 안경	shop	127.05279	37.49726
최수사 대게마을	food	127.03742	37.49913
치즈룸 안다즈	food	127.02888	37.52537
칙바이칙 선릉역점	food	127.04780	37.50620
캐리마켓 신사	shop	127.02274	37.52343
코리아나 화장박물관	heritage	127.03277	37.52401
코엑스 아쿠아리움	activity	127.05913	37.51181
코엑스 오디토리움	heritage	127.05838	37.51297
코엑스아티움 우리은행홀	heritage	127.05920	37.51187
코코온누리약국 강남	shop	127.02764	37.49891
쿠촐로 테라짜	food	127.04231	37.52456
클린업피부과의원 청담	shop	127.04042	37.52625
키톤 플래그십스토어	shop	127.04559	37.52622
타워차이 본점	food	127.05243	37.48798
타이틀리스트 역삼점	shop	127.03458	37.49024
테이러메이드 포스코점	shop	127.05592	37.50902
테헤란안경 포스코센터점	shop	127.05613	37.50582
토니모리 강남지하상가점	shop	127.02807	37.49862
토니모리 신분당선강남	shop	127.02859	37.49789
토말 본점	food	127.04123	37.51375
토속촌앤와이씨 역삼본점	food	127.04150	37.50002
투뿔등심 가로수길	food	127.02225	37.52291
트라비체 청담본점	shop	127.04221	37.52422
트리아 관광호텔	stay	127.03943	37.50293
파나쉬 차선영	shop	127.04300	37.52458
파리게이츠 베셀직영점	shop	127.02705	37.51883
파타고니아 서울가로수길직영점	shop	127.02369	37.51937
파티오세븐 호텔	stay	127.02931	37.51781
팔당닭발 강남본점	food	127.03783	37.51677
페라가모 청담본점	shop	127.04464	37.52709
포레스트 청담	food	127.03898	37.52399
포브라더스 도곡점	food	127.04534	37.48407
폴로랄프로렌 가로수길직영점	shop	127.02287	37.52001
폴인팬케이크 강남	cafe	127.02754	37.50317
품 서울	food	127.05166	37.51752
풋조이 도산점	shop	127.03312	37.52241
풍류 스노우	shop	127.03277	37.50891
프라다 청담점	shop	127.04733	37.52487
프라이탁 압구정점	shop	127.03851	37.52472
프레드 갤러리아	shop	127.04184	37.52797
프레임몬타나 본점	shop	127.03718	37.50788
프로젝트 프로덕트	shop	127.02661	37.52110
프리미엄멀티샵 청담	shop	127.04086	37.52549
프리터 도산	shop	127.03652	37.52531
플레어비 도곡점	cafe	127.04493	37.48351
피카소 라운지	shop	127.04862	37.52371
하우스 도산	shop	127.03570	37.52542
하파크리스틴 압구정로데오점	shop	127.03799	37.52675
한교방 서울면옥	food	127.03811	37.51682
한국도자기 논현점	shop	127.02896	37.51708
한국인삼공사 코스모타워본점	shop	127.06533	37.50658
한라산 청담점	food	127.04576	37.52708
한생연 실험누리과학관	heritage	127.05526	37.49666
함흥면옥 압구정점	food	127.02856	37.52228
허형만의 압구정커피집	cafe	127.02446	37.52679
헤이 가로수	shop	127.02325	37.52217
헬레나 홈스테이	stay	127.06538	37.50156
현대백화점 무역센터점	shop	127.05977	37.50862
현대백화점 압구정본점	shop	127.02747	37.52737
현복집 강남본점	food	127.03735	37.52156
호림박물관 신사분관	heritage	127.03636	37.52270
호족반 청담	food	127.03676	37.52551
호텔 카푸치노	stay	127.03151	37.50695
호텔 프리마	stay	127.05227	37.52414
호텔리베라 청담	stay	127.05434	37.52392
호텔스타프리미어 역삼	stay	127.04035	37.50276
호텔컬리넌 역삼	stay	127.04211	37.50141
호텔크레센도 서울	stay	127.04691	37.51089
홍미닭발 신사본점	food	127.02037	37.51708
화이트큐브 서울	heritage	127.03645	37.52288
화춘옥 청담점	food	127.03773	37.52154
흑돈가 삼성	food	127.05636	37.51257
감탄 도산공원 스토어	shop	127.03256	37.52224
강남 마이스 관광특구	activity	127.05922	37.51192
강남 미디어 윈터페스타	event	127.06105	37.51040
강남 센트럴 약국	shop	127.02764	37.49891
갤러리 느와 송지오	shop	127.03423	37.52550
갤럭시 롯데백화점 강남점	shop	127.05326	37.49698
갤럭시 현대백화점 무역센터점	shop	127.05977	37.50862
갤럭시라이프스타일 롯데백화점 강남점	shop	127.05326	37.49698
게스 현대백화점 무역센터점	shop	127.05977	37.50862
고야드 현대백화점 무역센터점	shop	127.05977	37.50862
골드젬 스타필드 코엑스몰점	shop	127.05916	37.51182
골든구스 서울 플래그십	shop	127.03583	37.52288
골든구스 현대백화점 무역센터점	shop	127.05977	37.50862
골든듀 롯데백화점 강남점	shop	127.05326	37.49698
골든듀 현대백화점 무역센터점	shop	127.05977	37.50862
골든듀 현대백화점 압구정본점	shop	127.02747	37.52737
구찌 청담 플래그십	shop	127.04653	37.52507
구찌 현대백화점 무역센터점	shop	127.05977	37.50862
구찌 현대백화점 압구정본점	shop	127.02747	37.52737
그녀의 헤어라인 의원	shop	127.02855	37.52223
글래드 강남 코엑스센터	stay	127.06454	37.50882
금강안경 현대백화점 무역센터점	shop	127.05977	37.50862
금강안경 현대백화점 압구정점	shop	127.02747	37.52737
김해김 청담 플래그십	shop	127.04546	37.52526
까르띠에 현대백화점 무역센터점	shop	127.05977	37.50862
까르띠에 현대백화점 압구정본점	shop	127.02747	37.52737
까사 로에베 서울	shop	127.04574	37.52613
나이키 롯데백화점 강남점	shop	127.05326	37.49698
나이키 스타필드 코엑스몰점	shop	127.05916	37.51182
나이키골프 압구정 프리미엄점	shop	127.03279	37.52369
내셔널지오그래픽 스타필드 코엑스몰점	shop	127.05916	37.51182
넘버링 플래그십스토어 가로수길점	shop	127.02193	37.52176
노벨라 롯데백화점 강남점	shop	127.05326	37.49698
노스페이스 스타필드 코엑스몰점	shop	127.05916	37.51182
노스페이스 현대백화점 무역센터점	shop	127.05977	37.50862
뉴에라 스타필드 코엑스몰점	shop	127.05916	37.51182
다니엘케이 주얼리 청담본점	shop	127.04719	37.52294
다미아니 현대백화점 압구정본점	shop	127.02747	37.52737
다이나핏 롯데백화점 강남점	shop	127.05326	37.49698
다이네즈 디스토어 서울	shop	127.03682	37.50789
닥터마틴 스타필드 코엑스몰점	shop	127.05916	37.51182
더클라임 클라이밍 양재점	activity	127.03589	37.48523
데상트 현대백화점 무역센터점	shop	127.05977	37.50862
델보 현대백화점 압구정본점	shop	127.02747	37.52737
디디에두보 현대백화점 무역센터점	shop	127.05977	37.50862
디올뷰티 현대백화점 압구정본점	shop	127.02747	37.52737
디자인스킨 스타필드 코엑스몰점	shop	127.05916	37.51182
라미 스타필드 코엑스몰점	shop	127.05916	37.51182
라이카 스토어 청담	shop	127.04220	37.52305
라인프렌즈 스퀘어 신사	shop	127.02208	37.52035
랑방컬렉션 현대백화점 무역센터점	shop	127.05977	37.50862
래코드 청담 플래그십스토어	shop	127.04579	37.52497
러쉬 스타필드 코엑스몰점	shop	127.05916	37.51182
러쉬 압구정 스파점	shop	127.03392	37.52780
럭키슈에뜨 스타필드 코엑스몰점	shop	127.05916	37.51182
레오나드 현대백화점 무역센터점	shop	127.05977	37.50862
로얄 라운지 다이닝	food	127.02982	37.51534
로에베 현대백화점 무역센터점	shop	127.05977	37.50862
로에베 현대백화점 압구정본점	shop	127.02747	37.52737
로저비비에 현대백화점 무역센터점	shop	127.05977	37.50862
로저비비에 현대백화점 압구정본점	shop	127.02747	37.52737
록시땅 현대백화점 무역센터점	shop	127.05977	37.50862
롤렉스 현대백화점 무역센터점	shop	127.05977	37.50862
루이비통 메종 서울	shop	127.04623	37.52561
루이비통여성 현대백화점 무역센터점	shop	127.05977	37.50862
루첸리 현대백화점 압구정본점	shop	127.02747	37.52737
룰루레몬 청담 스토어	shop	127.04002	37.52668
룰루레몬 현대백화점 무역센터점	shop	127.05977	37.50862
르 라보 가로수길점	shop	127.02193	37.52176
리모와 청담 플래그십	shop	127.04723	37.52526
리모와 현대백화점 무역센터점	shop	127.05977	37.50862
리바이스 스타필드 코엑스몰점	shop	127.05916	37.51182
리베 스타필드 코엑스몰점	shop	127.05916	37.51182
리복 스타필드 코엑스몰점	shop	127.05916	37.51182
리차드 밀 압구정	shop	127.04595	37.52590
립바이 메이크업 스튜디오	activity	127.02731	37.52189
링코 스타필드 코엑스몰점	shop	127.05916	37.51182
마시모두띠 스타필드 코엑스몰점	shop	127.05712	37.51295
막스마라 청담 플래그십	shop	127.04431	37.52662
만다리나덕 스타필드 코엑스몰점	shop	127.05916	37.51182
메디큐브 스페이스 도산	shop	127.03588	37.52616
메종마르지엘라 현대백화점 무역센터점	shop	127.05977	37.50862
명인등심 압구정 본점	food	127.02971	37.52064
몽블랑 현대백화점 무역센터점	shop	127.05977	37.50862
무탄 압구정 본점	food	127.03031	37.52731
미꼬 현대백화점 압구정본점	shop	127.02747	37.52737
미니골드 스타필드 코엑스몰점	shop	127.05916	37.51182
미샤플러스 스타필드 코엑스몰점	shop	127.05916	37.51182
미우미우 현대백화점 무역센터점	shop	127.05977	37.50862
바쉐론콘스탄틴 현대백화점 압구정본점	shop	127.02747	37.52737
반클리프아펠 현대백화점 무역센터점	shop	127.05977	37.50862
발렌시아가 현대 본점	shop	127.02748	37.52742
발렌티노 현대백화점 압구정본점	shop	127.02747	37.52737
발망 현대백화점 무역센터점	shop	127.05977	37.50862
버버리 현대백화점 무역센터점	shop	127.05977	37.50862
버터 스타필드 코엑스몰점	shop	127.05916	37.51182
베르니스 현대백화점 무역센터점	shop	127.05977	37.50862
베스트웨스턴 프리미어 강남호텔	stay	127.02979	37.50637
베이프 스토어 서울	shop	127.04443	37.52623
보코 서울 강남	stay	127.02463	37.51782
보테가베네타 현대백화점 무역센터점	shop	127.05977	37.50862
보테가베네타 현대백화점 압구정본점	shop	127.02747	37.52737
부쉐론 현대백화점 무역센터점	shop	127.05977	37.50862
불가리 현대백화점 압구정본점	shop	127.02747	37.52737
브레게 현대백화점 압구정본점	shop	127.02747	37.52737
브루넬로쿠치넬리 현대백화점 무역센터점	shop	127.05977	37.50862
비비안 스타필드 코엑스몰점	shop	127.05916	37.51182
비앤디 청담 쇼룸	shop	127.04222	37.52191
비이커 현대백화점 무역센터점	shop	127.05977	37.50862
빅 존스 플레이스	stay	127.02736	37.50415
빈폴 롯데백화점 강남점	shop	127.05326	37.49698
빈폴멘 롯데백화점 강남점	shop	127.05326	37.49698
빈폴멘 현대백화점 무역센터점	shop	127.05977	37.50862
빌라 디 메트로시티	shop	127.02286	37.52022
사봉 스타필드 코엑스몰점	shop	127.05510	37.51408
삼성스토어 롯데백화점 강남점	shop	127.05326	37.49698
설화수 플래그십 스토어	activity	127.03550	37.52361
세라믹 팔레스 홀	heritage	127.08236	37.48614
세인트 제임스 서울	shop	127.02165	37.52325
스와로브스키 스타필드 코엑스몰점	shop	127.05916	37.51182
스와로브스키 현대백화점 무역센터점	shop	127.05977	37.50862
스와치 스타필드 코엑스몰점	shop	127.05916	37.51182
스킨밴드 스타필드 코엑스몰점	shop	127.05916	37.51182
스톤아일랜드 현대백화점 무역센터점	shop	127.05977	37.50862
스톤헨지 현대백화점 무역센터점	shop	127.05977	37.50862
스파오 스타필드 코엑스몰점	shop	127.05916	37.51182
스파이더 압구정 직영점	shop	127.03852	37.52590
스펙터 현대백화점 무역센터점	shop	127.05977	37.50862
시코르 스타필드 코엑스몰점	shop	127.05916	37.51182
쌤소나이트 스타필드 코엑스몰점	shop	127.05916	37.51182
씨샵 압구정 플래그쉽	shop	127.03775	37.52466
아더에러 신사 스페이스	shop	127.02211	37.51958
아디다스 롯데백화점 강남점	shop	127.05326	37.49698
아디다스 현대백화점 무역센터점	shop	127.05977	37.50862
아레나 스타필드 코엑스몰점	shop	127.05916	37.51182
아셈안경 스타필드 코엑스몰점	shop	127.05916	37.51182
아크테릭스 스타필드 코엑스몰점	shop	127.05916	37.51182
아크테릭스 플래그십스토어 강남	shop	127.03839	37.52623
안경진정성 스타필드 코엑스몰점	shop	127.05916	37.51182
안다즈 서울 강남	stay	127.02888	37.52537
언더아머 스타필드 코엑스몰점	shop	127.05916	37.51182
에르메스 현대백화점 무역센터점	shop	127.05977	37.50862
에스파스 루이비통 서울	heritage	127.04624	37.52567
에이랜드 스타필드 코엑스몰점	shop	127.05916	37.51182
에잇세컨즈 스타필드 코엑스몰점	shop	127.05916	37.51182
에코 현대백화점 무역센터점	shop	127.05977	37.50862
예거르쿨트르 현대백화점 무역센터점	shop	127.05977	37.50862
예거르쿨트르 현대백화점 압구정본점	shop	127.02747	37.52737
예원코리아 스타필드 코엑스몰점	shop	127.05916	37.51182
오니츠카타이거 스타필드 코엑스몰점	shop	127.05916	37.51182
오렌즈 스타필드 코엑스몰점	shop	127.05916	37.51182
오메가 현대백화점 무역센터점	shop	127.05977	37.50862
오즈세컨 현대백화점 무역센터점	shop	127.05977	37.50862
올리브영 가로수길 타운	shop	127.02301	37.51793
올리브영 파르나스삼성 타운	shop	127.06081	37.50919
원더플레이스 스타필드 코엑스몰점	shop	127.05916	37.51182
웰던 플래그십 스토어	shop	127.04479	37.52486
유 아트 스페이스	heritage	127.04588	37.52744
유니클로 롯데백화점 강남점	shop	127.05326	37.49698
유니클로 스타필드 코엑스몰점	shop	127.05916	37.51182
이노아이 스타필드 코엑스몰점	shop	127.05916	37.51182
이니스프리 스타필드 코엑스몰점	shop	127.05916	37.51182
입생로랑뷰티 현대백화점 무역센터점	shop	127.05977	37.50862
입생로랑뷰티 현대백화점 압구정본점	shop	127.02747	37.52737
제냐 현대백화점 무역센터점	shop	127.05977	37.50862
제냐 현대백화점 압구정본점	shop	127.02747	37.52737
제옥스 스타필드 코엑스몰점	shop	127.05916	37.51182
제이에스티나 현대백화점 무역센터점	shop	127.05977	37.50862
젠틀몬스터 현대백화점 무역센터점	shop	127.05977	37.50862
젠틀몬스터 현대백화점 압구정본점	shop	127.02747	37.52737
지강한식당 압구정 본점	food	127.02955	37.52633
지오다노 스타필드 코엑스몰점	shop	127.05510	37.51408
지오지아 스타필드 코엑스몰점	shop	127.05916	37.51182
질샌더 현대백화점 무역센터점	shop	127.05977	37.50862
찰스앤키스 스타필드 코엑스몰점	shop	127.05916	37.51182
챔피온 스타필드 코엑스몰점	shop	127.05916	37.51182
카카오프렌즈 스타필드 코엑스몰점	shop	127.05916	37.51182
캐리마켓 스타필드 코엑스몰점	shop	127.05916	37.51182
캠퍼 현대백화점 무역센터점	shop	127.05977	37.50862
컬럼비아 스타필드 코엑스몰점	shop	127.05916	37.51182
코오롱스포츠 롯데백화점 강남점	shop	127.05326	37.49698
코치 롯데백화점 강남점	shop	127.05326	37.49698
코치 현대백화점 무역센터점	shop	127.05977	37.50862
클럽모나코 현대백화점 무역센터점	shop	127.05977	37.50862
타사키 현대백화점 무역센터점	shop	127.05977	37.50862
타사키 현대백화점 압구정본점	shop	127.02747	37.52737
탑텐 스타필드 코엑스몰점	shop	127.05916	37.51182
탑텐키즈 스타필드 코엑스몰점	shop	127.05916	37.51182
탬버린즈 신사 플래그십스토어	shop	127.02205	37.52064
토니모리 스타필드 코엑스몰점	shop	127.05916	37.51182
토즈 현대백화점 무역센터점	shop	127.05977	37.50862
토즈 현대백화점 압구정본점	shop	127.02747	37.52737
톰포드 현대백화점 압구정본점	shop	127.02747	37.52737
투뿔등심 논현 본점	food	127.03609	37.52111
튜더 현대백화점 무역센터점	shop	127.05977	37.50862
트위 스타필드 코엑스몰점	shop	127.05916	37.51182
티파니앤코 현대백화점 무역센터점	shop	127.05977	37.50862
파네라이 현대백화점 무역센터점	shop	127.05977	37.50862
파크 하얏트 서울	stay	127.06413	37.50877
파피루스플러스 스타필드 코엑스몰점	shop	127.05916	37.51182
판도라 스타필드 코엑스몰점	shop	127.05916	37.51182
팜엔젤스 플래그십 스토어	shop	127.03569	37.52361
펜디 현대백화점 압구정본점	shop	127.02747	37.52737
폴햄 스타필드 코엑스몰점	shop	127.05916	37.51182
프라다 현대백화점 무역센터점	shop	127.05977	37.50862
프라다 현대백화점 압구정본점	shop	127.02747	37.52737
프라다퍼퓸 현대백화점 무역센터점	shop	127.05977	37.50862
프라임안경원 스타필드 코엑스몰점	shop	127.05916	37.51182
프레드페리 스타필드 코엑스몰점	shop	127.05916	37.51182
프린세스 롯데백화점 강남점	shop	127.05326	37.49698
플랫폼플레이스 스타필드 코엑스몰점	shop	127.05916	37.51182
플리츠플리즈 현대백화점 무역센터점	shop	127.05977	37.50862
피아제 현대백화점 무역센터점	shop	127.05977	37.50862
피아제 현대백화점 압구정본점	shop	127.02747	37.52737
하우스 오브 디올	shop	127.04650	37.52478
한섬 클럽모나코 가로수	shop	127.02306	37.52372
호카 스타필드 코엑스몰점	shop	127.05916	37.51182
호텔 안테룸 서울	stay	127.02523	37.51887
호텔 페이토 삼성	stay	127.05872	37.50845
혼마골프 플래그십 스토어	shop	127.03276	37.52383
후아유 스타필드 코엑스몰점	shop	127.05916	37.51182
휴고보스 롯데백화점 강남점	shop	127.05326	37.49698
휴고보스 현대백화점 무역센터점	shop	127.05977	37.50862
그랜드 인터컨티넨탈 서울 파르나스	stay	127.06089	37.50960
글로우 플래그십 스토어 클리어	shop	127.02227	37.52189
네스프레소 부티크 현대백화점 무역센터점	shop	127.05977	37.50862
노보텔 앰배서더 서울 강남	stay	127.02891	37.50534
느와르라르메스 플래그십 스토어 가로수길	shop	127.02392	37.52164
도곡 메타세쿼이아 로드 페스타	event	127.04728	37.48316
라이카 스토어 현대백화점 무역센터점	shop	127.05977	37.50862
레스포색 압구정 플래그십 스토어	shop	127.03743	37.52335
롤렉스 우노와치 현대백화점 압구정본점	shop	127.02747	37.52737
마제스티 타바론 티 라운지	food	127.03761	37.52317
메종 드 라 카테고리	food	127.04024	37.52562
바샤커피 청담 플래그십 스토어	shop	127.04408	37.52661
발렌시아가 남성 현대백화점 무역센터점	shop	127.05977	37.50862
발렌시아가 남성 현대백화점 압구정본점	shop	127.02747	37.52737
뱅앤올룹슨 압구정 플래그십 스토어	shop	127.03322	37.52777
설화수 도산 플래그십 스토어	shop	127.03548	37.52356
아디다스 오리지널스 스타필드 코엑스몰점	shop	127.05916	37.51182
아디다스 오리지널스 플래그십 가로수길	shop	127.02303	37.51857
아디다스 퍼포먼스 스타필드 코엑스몰점	shop	127.05916	37.51182
아틀리에나인 도산 플래그십 스토어	shop	127.03708	37.52594
아프리카 더 블랙 파르나스몰점	shop	127.06081	37.50919
어린이날 도서관 큰 잔치	event	127.03015	37.50067
에센허브 플래그십 스토어 강남	shop	127.02379	37.51743
오크우드 프리미어 코엑스 센터	stay	127.05822	37.51103
우진가 더 챔버스 역삼점	food	127.03759	37.50330
젝시믹스 핏 스토어 가로수길점	shop	127.02317	37.52139
조선 팰리스 서울 강남	stay	127.04136	37.50288
준지 도산 플래그십 스토어	shop	127.03546	37.52567
파크 하얏트 서울 코너스톤	food	127.06427	37.50872
프라다 남성 현대백화점 무역센터점	shop	127.05977	37.50862
프레드 현대백화점 압구정 본점	shop	127.02747	37.52737
프레이트 신사 플래그십 스토어	shop	127.02390	37.52192
꼼데가르송 여성 컬렉션 현대백화점 무역센터점	shop	127.05977	37.50862
시그니처 키친 스위트 청담 쇼룸	heritage	127.04214	37.52639
여행가는 가을 문화관광축제 홍보 기획전	event	127.05922	37.51192
이비스 스타일 앰배서더 서울 강남	stay	127.05710	37.50515
크라운구스 하우스 도산 청담 부티크점	shop	127.04624	37.52166
포포인츠 바이 쉐라톤 서울 강남	stay	127.02853	37.52036
메종 마르지엘라 프래그런스 서울 플래그십 스토어	shop	127.02178	37.52217
불가리 하이주얼리 플래그십 스토어 갤러리아백화점 명품관 EAST점	shop	127.04183	37.52792
알렉산더 맥퀸 여성 갤러리아백화점 명품관 EAST점	shop	127.04183	37.52792
클래식랩 융합 레지던시 쇼케이스 〈우오, 욱오(郁烏), 백오(白烏)〉	event	127.03431	37.51616
발렌시아가 남성 갤러리아백화점 명품관 WEST점	shop	127.04005	37.52848
서울 선릉과 정릉 [유네스코 세계유산]	heritage	127.04718	37.50742
디올 현대 본점 1층	shop	127.02748	37.52742
고야드 갤러리아백화점 명품관 EAST점	shop	127.04183	37.52792
까르띠에 갤러리아백화점 명품관 EAST점	shop	127.04183	37.52792
델보 갤러리아백화점 명품관 EAST점	shop	127.04183	37.52792
랑에운트죄네 갤러리아백화점 명품관 EAST점	shop	127.04183	37.52792
로저비비에 갤러리아백화점 명품관 EAST점	shop	127.04183	37.52792
메종마르지엘라 갤러리아백화점 명품관 EAST점	shop	127.04183	37.52792
몽블랑 갤러리아백화점 명품관 EAST점	shop	127.04183	37.52792
반클리프아펠 갤러리아백화점 명품관 EAST점	shop	127.04183	37.52792
발렌티노 갤러리아백화점 명품관 EAST점	shop	127.04183	37.52792
부쉐론 갤러리아백화점 명품관 EAST점	shop	127.04183	37.52792
부첼라티 갤러리아백화점 명품관 EAST점	shop	127.04183	37.52792
브레게 갤러리아백화점 명품관 EAST점	shop	127.04183	37.52792
쇼파드 갤러리아백화점 명품관 EAST점	shop	127.04183	37.52792
예거르쿨트르 갤러리아백화점 명품관 EAST점	shop	127.04183	37.52792
오메가 갤러리아백화점 명품관 EAST점	shop	127.04183	37.52792
위블로 갤러리아백화점 명품관 EAST점	shop	127.04183	37.52792
질샌더 갤러리아백화점 명품관 EAST점	shop	127.04183	37.52792
토즈 갤러리아백화점 명품관 EAST점	shop	127.04183	37.52792
톰포드남성 갤러리아백화점 명품관 EAST점	shop	127.04183	37.52792
파네라이 갤러리아백화점 명품관 EAST점	shop	127.04183	37.52792
파텍필립 갤러리아백화점 명품관 EAST점	shop	127.04183	37.52792
프레드 갤러리아백화점 명품관 EAST점	shop	127.04183	37.52792
피아제 갤러리아백화점 명품관 EAST점	shop	127.04183	37.52792
구찌 갤러리아백화점 명품관 WEST점	shop	127.04005	37.52848
돌체앤가바나뷰티 갤러리아백화점 명품관 WEST점	shop	127.04005	37.52848
디올남성 갤러리아백화점 명품관 WEST점	shop	127.04005	37.52848
디젤 갤러리아백화점 명품관 WEST점	shop	127.04005	37.52848
루이비통 갤러리아백화점 명품관 WEST점	shop	127.04005	37.52848
미우미우 갤러리아백화점 명품관 WEST점	shop	127.04005	37.52848
발렌티노남성 갤러리아백화점 명품관 WEST점	shop	127.04005	37.52848
벨루티 갤러리아백화점 명품관 WEST점	shop	127.04005	37.52848
보테가베네타 갤러리아백화점 명품관 WEST점	shop	127.04005	37.52848
생로랑 갤러리아백화점 명품관 WEST점	shop	127.04005	37.52848
입생로랑뷰티 갤러리아백화점 명품관 WEST점	shop	127.04005	37.52848
젠틀몬스터 갤러리아백화점 명품관 WEST점	shop	127.04005	37.52848
크리스찬루부탱 갤러리아백화점 명품관 WEST점	shop	127.04005	37.52848
타사키 갤러리아백화점 명품관 WEST점	shop	127.04005	37.52848
펜디남성 갤러리아백화점 명품관 WEST점	shop	127.04005	37.52848
프라다 갤러리아백화점 명품관 WEST점	shop	127.04005	37.52848
호간 갤러리아백화점 명품관 WEST점	shop	127.04005	37.52848
씨네 드 쉐프(CINE de CHEF)	food	127.02944	37.52437
하이 스트리트 이탈리아(High Street Italia)	etc	127.02237	37.52256
호텔인나인 강남 (hotel in 9)	stay	127.06004	37.51558
세종한우정육점식당  2호점	food	127.03313	37.51505
갤러리아백화점 명품관 WEST	shop	127.04005	37.52848
올세인츠 갤러리아 WEST 여성복	shop	127.04007	37.52853
경기여고 경운박물관(서울)	heritage	127.06568	37.48675
스시 카이신(鮨海信)	food	127.05175	37.52384
클루 (코엑스점)	shop	127.05711	37.51289
저스트 스테이크(Just Steak)	food	127.03441	37.52320
샤샤하우스 (SHA SHA House)	stay	127.02600	37.50441
네이처컬렉션 강남대로1호	shop	127.02635	37.50170
부타이 1막	food	127.06005	37.50622
에메필 강남1호점	shop	127.02807	37.49862
다이소 강남역2호점	shop	127.02899	37.49883
메이리지에 가로수2호	shop	127.02337	37.51907
에메필 강남2호점	shop	127.02832	37.49822
디자인코리아 2024	event	127.05922	37.51192
코리아비건페어 2025	event	127.05944	37.51172
다비치안경 압구정4번출구점	shop	127.02810	37.52535
에이치 450(h' 450)	food	127.02769	37.52868
광림아트센터 BBCH홀	heritage	127.02558	37.52390
렌즈미 CGV 강남점	shop	127.02634	37.50164
삼성온누리약국 coex	shop	127.05754	37.51202
피레티 도산FLAGSHOP	shop	127.03535	37.52241
정관장 GS타워점	shop	127.03734	37.50200
힘도산 HDEX 플래그십스토어	shop	127.03604	37.52570
정관장 KT&G타워본점	shop	127.06201	37.50768
인터랙트 with 글루텐프리	cafe	127.02489	37.50648
갓포준 x 에스테반	food	127.02734	37.52425
프리미어호텔 XYM	stay	127.03967	37.50108
고디바_코엑스몰	shop	127.05922	37.51192
라이스파이_국악고점	shop	127.04957	37.47621
브이앤에이_에이오엠럭셔리워치	shop	127.04049	37.52372
숨_네엣	stay	127.04987	37.49602
숨_다섯	stay	127.05066	37.52587
숨_하나	stay	127.05066	37.52587
오픈_도쿄등심압구정	food	127.03707	37.52337
오픈_우후	food	127.04147	37.52613
올포원텔레콤_더벤티	food	127.03103	37.52808
브레드_히어_	food	127.08276	37.49107
섹타나인_바움피엔에스_구인증_일반	shop	127.04090	37.48590
듀코_현대(백)무역_듀퐁	shop	127.03774	37.50165
네이처리퍼블릭-네이처메트로선릉역	shop	127.04895	37.50450
담소정-담백하고소박하고정갈한밥상	food	127.04283	37.50060
마크앤로나-갤압구정	shop	127.04184	37.52791
모닝글로리-수서점	shop	127.10184	37.48802
밥원-저당도시락	food	127.03698	37.50317
삼보유리-종합보수	shop	127.03932	37.49348
샬롬-논현	stay	127.02432	37.50854
서울테라리움-피어나	cafe	127.02528	37.52001
선릉역굿-스테이원룸텔	stay	127.05347	37.50679
선호에프엔비-속초코다리냉면	food	127.03426	37.49611
슈퍼텍스앤컴퍼니-비슬로우가로수길	shop	127.02342	37.52103
엠즈씨드-폴바셋청담역점	food	127.05003	37.51835
오저당-오늘도저당다이어트식탁강남	bar	127.04076	37.50093
웰-빈	food	127.04268	37.50146
윤찬-맛있는식품점	food	127.04100	37.51094
이유덕부티크-의류	shop	127.04598	37.52672
저당제육-설탕없이맛있는밥상	food	127.04363	37.49395
제로테이블-다이어트가맛있어지는순간	food	127.04076	37.50093
주담터-롯데강남점	shop	127.05326	37.49698
주담터-현대백화점	shop	127.02747	37.52737
최윤정피부과의원-화장품	shop	127.04139	37.51780
티-플래닝	shop	127.03479	37.48801
한산디엠씨-시흥	shop	127.02545	37.52345
제로웍-정통중식설탕0%미식다이어트	food	127.04076	37.50093
티비티-아이비엑스넥스트유니콘제2호투자조합	food	127.02438	37.51852
클래스에이한국-인도네시아콘텐츠3호조합	food	127.06516	37.51339
청우참치-e	food	127.02068	37.51815
레드레터데이-REDLETTERDAY	shop	127.04887	37.51268
빈, 블루테일 직영점	shop	127.02771	37.52194
김희선토탈패션;털실잡화	shop	127.03736	37.48533
꽃;너의의미	shop	127.04842	37.49923
나주육곱식당;커피플리즈	cafe	127.04963	37.50567
노블하우스;빈티지덕	shop	127.03947	37.52739
느리게;걷기	cafe	127.03348	37.50320
다름;달음과일	shop	127.10133	37.46681
더펜타스;기쁨이넘치다	shop	127.04746	37.47532
동해;김명자낙지마당	food	127.04736	37.47544
땡기면;땡비어	bar	127.04009	37.50079
미식가들의식탁;꽃길만걸으세요	food	127.03744	37.52681
바로여기;약국	shop	127.03600	37.50344
빙고코다리;아구찜삼성	food	127.05610	37.51100
산호일식탕;활전복죽	food	127.04658	37.50324
소;돼지불맛집	food	127.03367	37.50182
스테이여운;청월	stay	127.05904	37.50021
안녕;제주	food	127.04332	37.50516
야채가게도;소매	shop	127.06729	37.47607
오늘;여기한상차림	bar	127.03773	37.49679
오늘;와인한잔	bar	127.02412	37.50687
오늘;완탕	bar	127.04658	37.50324
완도상회;전복통닭	shop	127.03250	37.51613
우리집;강남	stay	127.03841	37.48646
자연임실치즈피자;부어치킨	food	127.03621	37.51054
중고가전세탁기냉장고책상;중고사무용가구	shop	127.02906	37.51316
청담에비뉴마인;랑방	shop	127.05070	37.52496
카츠랩;숯불돈까스	food	127.05060	37.50214
커피;온수서현대벤처빌점	cafe	127.10184	37.48802
코엑스허브베이스;뉴코지하우스	stay	127.05550	37.51037
포레스트오늘;숲강남	food	127.04026	37.50372
현대타임옴므;강정화	shop	127.02747	37.52737
홀덤;스튜디오앤아카데미	activity	127.03896	37.50205
영암집;영암집1호;영암집2호	food	127.02605	37.51007
콤마;623	stay	127.08252	37.49407
대치;Goodstay	stay	127.05302	37.49953
돈우정;빽다방역삼GS점	cafe	127.03712	37.50295
라프리마베라:봄이오다	shop	127.04051	37.52729
로스터스로스터리:삼성	cafe	127.05707	37.50478
숨:스테이	stay	127.04222	37.50796
한수와:HANSHUWA	shop	127.02605	37.51846
아이라이크먼데이!	cafe	127.03245	37.51723
오!븐치등삼	food	127.02830	37.51193
원더시티!뉴욕컵케이크	food	127.02156	37.51157
하이헤이헬로!	food	127.02404	37.51949
길.이다	shop	127.06031	37.48365
논현삼계탕.죽	food	127.03227	37.51159
논현칼.전	food	127.02422	37.50905
닥터.페브릭	shop	127.04364	37.51366
담소소사골순대.역삼	food	127.03872	37.49623
담소소사골순대.육개장	food	127.03134	37.49523
라이프전기.전자	shop	127.01976	37.51895
레쥬렉션.설윤형	shop	127.04916	37.52175
미가한우.치킨처럼	food	127.03059	37.51578
백암순대국.뼈해장국	food	127.02440	37.50802
소프.도산	shop	127.03548	37.52542
시.에프	shop	127.05945	37.50963
업.사이드커피	cafe	127.05992	37.50562
에이.썸	shop	127.02300	37.51919
원할머니보쌈.족발자곡	food	127.10689	37.47440
은하수.서울	shop	127.06043	37.51763
최강달인춘천닭갈비.막국수	food	127.04168	37.51529
칠팔.사	bar	127.05816	37.52015
핏.세이브포인트	bar	127.03785	37.51363
하이베스트문구.마트	shop	127.03074	37.52800
고.사.클	food	127.04134	37.52256
엠.엔.에스	food	127.05590	37.51091
플레이스이.엠.	bar	127.02984	37.51803
자.미.건.테라피	shop	127.04184	37.51859
디.5414	food	127.03851	37.52182
그라운드.8	cafe	127.03631	37.52564
허니.VR죤	activity	127.05916	37.51183
부대찌개'연'	food	127.05256	37.50377
다솜's하우스	stay	127.08691	37.49264
윤's다이닝	food	127.06447	37.50750
닥터장's골프Lab	shop	127.03328	37.48903
(컨퍼니	shop	127.03546	37.52072
럭키엠케이유(럭키할인마트	shop	127.03267	37.49362
케이엔디(	food	127.06584	37.50839
크로스핏강남(언	activity	127.03359	37.50860
투쿨포스쿨(가로수길지점	shop	127.02277	37.52068
(주)아틀리에젠즈	shop	127.05097	37.51070
관악(신안스포츠클럽)주	activity	127.05924	37.50725
국기원(세계태권도본부)	heritage	127.03024	37.50277
국순당(영업소명칭：백세주마을)주	bar	127.06545	37.51539
더감성()	cafe	127.04301	37.48313
반트(실내수영장)	activity	127.05306	37.48726
봉은사(서울)	heritage	127.05732	37.51486
불국사(서울)	heritage	127.07507	37.47755
세븐럭카지노(강남코엑스점)	activity	127.05753	37.51203
역삼청소년수련관(실내수영장)	activity	127.04096	37.49401
연타발(삼성코엑스점)	food	127.05786	37.51005
오래된미래(하모)주	food	127.03280	37.52336
오리지널팬케이크하우스(가로수길점)주	food	127.02161	37.52100
티티지(지점)	shop	127.05553	37.50728
코코리색채연구소(강남점) (외국어사이트용)	activity	127.02110	37.51937
챔피온인터내셔널(주) MOK & COO	shop	127.02268	37.51849
석화(畵)재(齋)갤러리	shop	127.04143	37.52598
아크메드라비(acmedelavieCo	shop	127.04240	37.52426
베이비뵨(BabyBjornCo.，Ltd)주	shop	127.04168	37.51059
클로리스(CHLORISCo.，Ltd)주	cafe	127.03549	37.50002
씨앤케이다이닝(CNKDining)주	food	127.03525	37.52731
디자인갤러리바이그레이스리(designgallerybygracelee	shop	127.04146	37.52679
에트레부티크(etre boutigue)	shop	127.02794	37.52643
강남스테이힐(Gangnam Stay Hill)	stay	127.03012	37.50343
그릴에이치(Grill H)	food	127.04376	37.52408
에이치마켓(HMARKETCo.;Ltd	food	127.03988	37.52025
제이엠케이코퍼레이션(JMKCorporationCo.;Ltd	food	127.05151	37.49617
케이스타로드(KstarROAD)	heritage	127.04230	37.52750
오더릴리(Lilli)	cafe	127.05547	37.51146
미누씨(minu c)	food	127.04359	37.48176
무오키(MUOKI)	food	127.04225	37.51906
자주피케이(PK)청담점	shop	127.04412	37.52331
새들러하우스(SADDLER HAUS)	cafe	127.02492	37.51938
서울무역전시컨벤션센터(SETEC)	heritage	127.07154	37.49583
에스지(SG)다인힐주	food	127.03209	37.52469
스노볼(SnowballCo.，Ltd)주	shop	127.02605	37.51846
제이에이치스튜디오(studio)세곡점평생교육원	activity	127.10078	37.46679
나라글로벌)주	activity	127.04221	37.52423
세븐)	bar	127.03932	37.50079
파이브)	bar	127.03932	37.50079
펏스원)로봇랜드(부산은행	shop	127.05540	37.52410
미라이안경[한국관광 품질인증/Korea Quality]	shop	127.05006	37.51996
브릿지안경[한국관광 품질인증/Korea Quality]	shop	127.02321	37.52426
[서울둘레길 9코스] 대모·구룡산코스	activity	127.10188	37.48697
캐논플렉스[면세점(TAX REFUND SHOP)]	shop	127.03573	37.50818
카페리[利]	cafe	127.03998	37.50060
비비노[BEVINO]	food	127.02372	37.52110
골든하인드/에그드랍파르나스점	food	127.06080	37.50919
백반/한정식	food	127.03396	37.49627
백반/한정식	food	127.04367	37.50441
쉬즈베이글/감성화로	food	127.02714	37.51357
액세서리/잡화소매업	shop	127.03093	37.49295
액세서리/잡화소매업	shop	127.04663	37.50548
종로복싱/강남소리	activity	127.05950	37.50644
쥬씨/차얌	food	127.03045	37.49685
채소/과일소매업	shop	127.08110	37.48480
케이엔/라커디움카페	food	127.05707	37.50478
햇살푸드에프에스/외길곱창	food	127.04437	37.51206
플레이그라운드앤/오늘의밥상3.4	food	127.05854	37.49275
오브베이커리/AUBE.bakery	food	127.07417	37.49109
데이무드/Daymood	shop	127.02721	37.50780
드리즐앤코/Drizzle&Co	cafe	127.03053	37.51183
지디이에프앤비/PUOS	food	127.03282	37.52870
배스킨라빈스/던킨도너츠SPC스퀘어강남	food	127.02980	37.49438
강남귀금속&시계수리	shop	127.04914	37.50497
강남냉면&카츠	food	127.03790	37.50618
강남막국수&보쌈	food	127.03018	37.49757
강남술상&강남밥상	bar	127.03666	37.50746
강남조개구이&어촌	food	127.03632	37.51649
갤러리엘비스&크래프트	shop	127.02723	37.52210
고기반햄반김치찌개&김치찜세곡점	food	127.10078	37.46679
고센가&스튜디오율	food	127.03683	37.52399
고택남&막창일보	food	127.04247	37.51032
구영회참치&초밥	food	127.04067	37.50488
그린보이즈샐러드&포케	food	127.02403	37.51716
그린보이즈샐러드&포케역삼	food	127.03512	37.50294
난달라커피&샌드위치	cafe	127.05625	37.51025
냉면&덮밥도배달돼지	food	127.04006	37.50599
대전큰집칼국수&구구족	food	127.03185	37.49173
더샌드&케이크	food	127.02471	37.50678
도산족발&칼국수	food	127.03662	37.52307
돼지와플&요거트아이스크림	food	127.03406	37.50211
디초콜릿커피&국기원	cafe	127.03139	37.49955
딴딴&마라집	food	127.05233	37.50211
리우스칼프&스킨랩	shop	127.03664	37.50319
리즌샌드위치&커피	food	127.02515	37.50936
마포갈비&갈매기	food	127.03941	37.49490
무한숯불양꼬치&훠궈	food	127.02659	37.50223
미니펫강아지&고양이	shop	127.03521	37.50623
베트남쌀국수포몬스압구정&파리에다녀온치킨	food	127.03783	37.52774
벤티프레소&베이커리포스코	cafe	127.05613	37.50582
본죽&비빔밥	food	127.06299	37.49918
본죽&비빔밥	food	127.08145	37.49005
본죽&비빔밥강남세브란스	food	127.04648	37.49590
본죽&비빔밥구룡초	food	127.05299	37.48091
본죽&비빔밥점	food	127.03702	37.50249
본죽&비빔밥카페	food	127.05947	37.50685
본죽&비빔밥카페	food	127.02228	37.51785
본죽&비빔밥학동역점	food	127.02888	37.51388
뷰티풀샐러드&도시락	food	127.03900	37.50353
블랑제리&파티세리아두	food	127.05285	37.50035
블랙&압구정	food	127.05030	37.52407
서대문김치찜&김치찌개	food	127.03315	37.51124
서울덮밥&김치찜	food	127.05945	37.50963
서울떡갈비&우이락무역	food	127.05976	37.50862
서정원양꼬치&샤부샤부	food	127.03563	37.49264
선&석갤러리미술관	shop	127.03581	37.50412
소문난닭도리탕&생선조림	food	127.04283	37.50060
술파남&파파남	bar	127.04093	37.51606
스칼프미학&소묘눈썹	shop	127.03356	37.50878
스타럭스상까스&상화교자공항터미널앞점	food	127.05835	37.50874
신마라명가마라탕&마라샹궈강남	food	127.05289	37.50100
신사자동차공업사&청춘커피	cafe	127.02215	37.51585
쎈텐&베리타스학생복	shop	127.06591	37.49962
아우네부대찌개&삼겹살	food	127.05696	37.50933
야물딱찌개&찜	food	127.02707	37.50891
어반스쿼시&스피닝	activity	127.04743	37.50514
에스프레소웍스&브래드웍스	cafe	127.03248	37.50820
엠소마&엠단테	food	127.10482	37.46781
역전김밥&분식	food	127.04895	37.50450
영칼로리포케&샐러드서울학동역점	food	127.02882	37.51439
오빠생각타코야끼&캔카페	cafe	127.02625	37.50735
오투닭갈비&부대찌개	food	127.10247	37.47315
요거요거&과일빙수	cafe	127.04638	37.50250
우아한과일&커피강남	cafe	127.03424	37.49277
이끌린뷰티&어나더블랙두피페인팅두피염색스칼픽	shop	127.02158	37.52070
이지스터커피&베이커리	cafe	127.03686	37.51533
이피티핏&미라클	activity	127.02710	37.52173
인생포케&인생두부	food	127.05744	37.50816
임고집한우&보쌈마을	food	127.06525	37.50845
장인꽃게&순살덮밥강남	food	127.03665	37.49682
장칼&짜글이	food	127.02976	37.49701
쟈딕&볼테르현대	shop	127.02747	37.52737
정관장&동인비테헤란로	shop	127.05501	37.50674
정이담긴죽&카페	food	127.02011	37.51678
정필라&테라피월	activity	127.03162	37.51084
제이파스타&샐러드	food	127.05068	37.48814
제일꼼장어&갈비살	food	127.06844	37.48905
준패션&쥬얼리	shop	127.05464	37.52100
차칸치킨&피자	food	127.02891	37.50765
케그샵프리미엄수제맥주&전통주셀렉샵	bar	127.03160	37.50065
퀸슈가링스칼프&브로우강남	shop	127.03721	37.52798
킴브로스피자&파스타강남	food	127.03237	37.49993
투머치토커토스트&커피	food	127.05285	37.47488
파라이&카이카이	food	127.04006	37.50599
펀앤드펍&스파게티스토리	bar	127.05107	37.50357
푸룻푸룻생과일&화채	cafe	127.04674	37.51761
피자알볼로&목동버거역삼	food	127.03559	37.49452
피지컬케어&짐	activity	127.05048	37.51460
피크포케&샐러드	food	127.04855	37.50294
피프틴커피&아이스크림	cafe	127.05099	37.47352
한사리감자탕&뼈구이강남	food	127.04076	37.51583
한사리감자탕&뼈구이세곡점	food	127.10732	37.46323
한사리감자탕&뼈구이청담점	food	127.04981	37.52542
한스갤러리카페&디저트	food	127.03473	37.52684
호랑이갈비찜&찜닭	food	127.03842	37.50953
화기애애플라워&플랜트	shop	127.06135	37.50791
본죽&비빔밥CAFE대치	food	127.05467	37.49736
플로&MOOD	shop	127.04015	37.50144
라이트짐헬스&PT수서역점	activity	127.10324	37.48851
빌리프짐헬스&PT	activity	127.05005	37.50576
스웻먼데이그룹운동&PT	activity	127.04227	37.50055
엠브이엠피트니스&스트레칭뱅헬스PT	activity	127.05723	37.50809
엠엔엠헬스&PT점	activity	127.03670	37.50297
유니콘플레이스헬스&PT	activity	127.06234	37.50397
케이든헬스&PT	activity	127.08344	37.48290
피트리움헬스&PT역삼	activity	127.03650	37.49130
하이볼짐헬스&PT	activity	127.04487	37.48579
강남#	shop	127.02817	37.52584
노브랜드#	shop	127.02817	37.52584
압구정#	shop	127.02817	37.52584
박사부`S	food	127.03715	37.49889
야채가게+	shop	127.08352	37.49211
엠+엠	food	127.04315	37.50887
죽~이요	food	127.02570	37.50424
0082플라워	shop	127.11080	37.46469
히포크라테스개인투자조합01호	food	127.04195	37.50126
아티초크0125	food	127.05568	37.52380
엠엠티에이치017	cafe	127.05695	37.51000
역전우동0410태극당점	food	127.03007	37.49551
홍콩반점0410	food	127.05226	37.50168
엠엠티에이치052	cafe	127.05548	37.50809
엠엠티에이치069	cafe	127.02217	37.51665
파시0914	food	127.03512	37.52323
0914 도산공원 플래그십 스토어	shop	127.03512	37.52323
1등복권방	activity	127.05390	37.50091
1등축산	shop	127.05279	37.49726
1인밥줘	food	127.03904	37.51026
1층엔약국	shop	127.01950	37.51750
1호점스포애니케이디스포츠	activity	127.03008	37.49470
강남1등축산	shop	127.03887	37.48660
교촌치킨삼성1호	food	127.04901	37.51204
교촌치킨일원1동점	food	127.08549	37.49035
굽네치킨논현1동점	food	127.02373	37.51143
굽네치킨역삼1동점	food	127.03383	37.49435
깐부치킨삼성1동점	food	127.06095	37.51519
꼬마1	cafe	127.04709	37.52314
대치동1타피자	food	127.05761	37.50048
듬북담북선릉1호	food	127.05229	37.50651
라1품마라탕	food	127.03437	37.49452
로스터리락온1호점	cafe	127.03007	37.49554
루프서울호텔리트리트바이아늑서울강남1	stay	127.03496	37.49751
루프서울호텔바이아늑서울강남1	stay	127.03953	37.49264
룰루레몬애틀라티카청담스토어1	shop	127.04001	37.52668
룰루레몬애틀라티카파르나스몰스토어1	shop	127.06080	37.50919
마라보스성장제1호조합	food	127.04161	37.50998
마린보이코다리1번가강남	food	127.08293	37.48959
매머드익스프레스선정릉역1번	cafe	127.04268	37.51040
멘토1학사	stay	127.05804	37.50135
별하스테이1	stay	127.05252	37.50173
부엌강남1호	food	127.03139	37.49955
브루강남구청역1호	cafe	127.04119	37.51586
세븐수서역사1호점	shop	127.10185	37.48739
세븐일레븐논현1	shop	127.02564	37.51119
세븐일레븐논현1	shop	127.02573	37.51762
세븐일레븐논현1	shop	127.04059	37.51797
세븐일레븐논현1	shop	127.03751	37.51706
세븐일레븐대치1	shop	127.06494	37.50827
세븐일레븐대치1	shop	127.05226	37.50224
세븐일레븐압구정1	shop	127.03719	37.52627
세븐일레븐역삼1	shop	127.04517	37.49486
수백당1호	food	127.04286	37.50342
수서동1번집	bar	127.10318	37.48676
수서동1번집세곡점	food	127.10073	37.46636
씨스페이시스삼성1점주	shop	127.06067	37.51517
씨유청담1동점	shop	127.05311	37.52420
엔코어베트남신기술사업투자조합1호	food	127.05945	37.50963
오브이텔레콤1	shop	127.04548	37.47725
일원역1번출구약국	shop	127.08445	37.48408
제1법인	shop	127.05916	37.51183
진정칼국수미사리밀빛초계국수선릉1호점	food	127.04838	37.50665
컴포즈커피제1호조합	cafe	127.04161	37.50998
콤팩트레코드바1호	bar	127.02601	37.52253
트레이드빌리지강남1지점	shop	127.02806	37.49862
포레빌리지하우스1	stay	127.02539	37.52144
푸라닭역삼1동점	food	127.03362	37.49720
피자스쿨개포1단지점	food	127.06170	37.48255
피자스쿨역삼1동점	food	127.03521	37.49476
개포우성1;2차아파트재건축추진준비위원회	food	127.05801	37.49161
굽네치킨일원1;2동점	food	127.08668	37.49096
1.2.3.당구클럽	activity	127.05004	37.50639
버버리현대무역1점(여성)주	shop	127.05976	37.50862
10번가고깃집앤드쉐프의부대찌개	food	127.04747	37.50493
메가엠지씨커피학동역10번	cafe	127.03254	37.51523
삼성물산10꼬르소꼬모마가찌니	shop	127.02203	37.52299
삼성물산10꼬르소꼬모서울주	shop	127.04240	37.52693
삼성물산10꼬르소꼬모서울카페주	food	127.04240	37.52693
세븐대치10호점주	shop	127.05358	37.49948
세븐삼성10호점주	shop	127.04841	37.51399
스토어허브파이오니어10	shop	127.04997	37.50442
영영상점일원10호상점	shop	127.08204	37.49147
10꼬르소꼬모 청담점	shop	127.04242	37.52698
10꼬르소꼬모 마가찌니 가로수길점	shop	127.02202	37.52299
100세건강약국	shop	127.10136	37.46605
100홈	shop	127.02504	37.51294
커피100컵	shop	127.03798	37.50337
1001안경콘텍트	shop	127.08119	37.49064
세븐일레븐신사1001	shop	127.02199	37.52114
100년유통파머스24자곡	shop	127.09602	37.47206
제로100PC	activity	127.05269	37.50135
101바이오랩	shop	127.03807	37.52817
101번지남산돈까스	food	127.05358	37.49876
와인공방101	shop	127.03147	37.50114
카멜리아101	food	127.04586	37.52738
타잔101클라이밍	activity	127.02785	37.52581
푸드코트101	food	127.02797	37.50711
빌리브1012	shop	127.10367	37.47411
10월19일	food	127.05322	37.50911
해온하우스102호	stay	127.02932	37.51862
에이피104	activity	127.03035	37.52129
테이블105	food	127.02783	37.51851
106길15	cafe	127.02678	37.50312
쿠쿠룸1089	activity	127.02429	37.50650
딸부자네11번	food	127.02756	37.50255
세븐대치11호점주	shop	127.06494	37.50827
세븐압구정11호주	shop	127.02439	37.52458
엠휘트니스11	activity	127.04793	37.50317
키친스탠다드11호	food	127.03738	37.50736
포레스트에프앤비강남11호지점	food	127.03649	37.50951
청담111	cafe	127.04018	37.52235
브루113	bar	127.03148	37.49379
엑슬루프라임115	shop	127.10247	37.47315
스튜디오119	shop	127.07965	37.49434
12원투스토어	shop	127.05126	37.50476
세븐논현12호점주	shop	127.02564	37.51119
커피빈강남역12번출구점	cafe	127.02928	37.49888
키친스탠다드12호	food	127.03738	37.50736
120아트랩	shop	127.05003	37.51991
리웍스120	shop	127.02061	37.52020
에벤호쉔에봇1225유한책임회사	shop	127.04842	37.49923
123스튜디오	shop	127.03387	37.50332
12319청담	bar	127.05109	37.52592
비앤비1234	stay	127.02748	37.50222
통125	food	127.04461	37.49660
일이육126cafe	cafe	127.06856	37.49569
13월	food	127.05007	37.47378
등안채13	food	127.03220	37.52256
쁠로13	food	127.02234	37.51613
세븐논현13호점주	shop	127.03751	37.51706
영영상점도곡13호상점	shop	127.03757	37.48560
청담13	food	127.04525	37.52306
청담13동해안	food	127.04525	37.52306
키친스탠다드13호	food	127.03738	37.50736
포레스트에프앤비강남13호지점	food	127.03649	37.50951
부산대원식품135튀김집	food	127.06218	37.49902
숙성회136	food	127.05183	37.50316
쿤스트138	cafe	127.04758	37.47615
엠휘트니스14	activity	127.02790	37.52406
키친스탠다드14호	food	127.03738	37.50736
포레스트에프앤비강남14호지점	food	127.03649	37.50951
클라우드143	food	127.05393	37.50678
클라우드143	food	127.03131	37.52126
클라우드143선릉지점	food	127.05393	37.50678
논현145	food	127.02398	37.50918
커리146	food	127.05050	37.50306
그릴1492	food	127.05336	37.50657
애플1492	shop	127.04021	37.48887
세븐역삼15호점주	shop	127.03304	37.49044
엠1500	shop	127.05976	37.50862
오퍼스150cafe	food	127.02516	37.51794
153구포국수	food	127.01980	37.51686
153구포국수	food	127.05974	37.49889
153구포국수	food	127.05050	37.50306
153구포국수양재역점	food	127.03576	37.48517
153구포국수언주	food	127.03600	37.50764
153미용실	shop	127.04838	37.50665
153스테이	stay	127.02517	37.50767
153테이블	food	127.03516	37.50996
153플래그유한책임회사	shop	127.05291	37.50469
총각수산153	food	127.04039	37.49194
카페153	cafe	127.08272	37.49177
포케153	food	127.04025	37.50425
간1548	food	127.05483	37.50428
샤블랑157	food	127.05744	37.50816
세븐대치16호점주	shop	127.05226	37.50224
언주로164길33	shop	127.03631	37.52564
논현1647	food	127.02217	37.51528
논현1647학동역점	food	127.03265	37.51580
청담17	food	127.04499	37.52302
청담17번지	food	127.04499	37.52302
포레스트에프앤비강남17호지점	food	127.03649	37.50951
171레스토랑	food	127.04390	37.48529
플라워174	cafe	127.03622	37.49477
레드175	food	127.05579	37.49759
레드175	food	127.06232	37.49364
세븐1809호점	shop	127.04229	37.51376
181아트프로젝트	shop	127.04576	37.48234
1830피자협동조합	food	127.05770	37.50220
청담점푸에기아1833	shop	127.04397	37.52444
메종184강남	stay	127.02619	37.50645
카페188	cafe	127.02881	37.50719
스파1899대치	shop	127.06533	37.50659
세븐191호역삼	shop	127.03371	37.50077
논현194	food	127.02960	37.50682
1955강남낙지	food	127.03390	37.49755
완도1957별관	food	127.04076	37.51645
완도1957전복삼계탕	food	127.03371	37.51637
완도1957학동	food	127.03709	37.52089
스퀘어1968	shop	127.03782	37.52389
집1972	stay	127.03170	37.49236
집1972강남	stay	127.03502	37.49489
집1972신논현역점	stay	127.02614	37.50603
소우1973	food	127.01917	37.52894
1974비래옥	food	127.05005	37.50576
1974비래옥	food	127.03476	37.49932
1974비래옥압구정	food	127.03654	37.52662
1974옛날삼겹살	food	127.04090	37.49479
1977소곱창	food	127.04660	37.50532
찌개집1979양재역점	food	127.03436	37.48532
찌개집1979제이엠브로	food	127.04726	37.50506
1980밀면회관	food	127.03492	37.50880
닭발존1981	food	127.03870	37.51771
종로금거래소1984	shop	127.05328	37.49805
더오리1987	food	127.03381	37.49819
한식1989	food	127.04586	37.47743
1992덮밥&짜글이	food	127.02920	37.49642
동막골1998	food	127.05335	37.49831
1LDK SEOUL 청담	shop	127.04115	37.52722
2번출구약국	shop	127.02843	37.49746
가시리역삼2호특허청점	food	127.03374	37.49622
게임2	bar	127.02878	37.52050
고끼리2	cafe	127.03208	37.50828
굽네치킨도곡2동점	food	127.04363	37.48453
굽네치킨삼성2동점	food	127.05340	37.51039
글로우2	activity	127.03275	37.52076
다복부페2	food	127.05649	37.52291
더와인시즌2	food	127.03290	37.48778
더팩토2	shop	127.03593	37.52830
동관2	shop	127.03406	37.52802
듬북담북선릉2호	food	127.05184	37.50353
또래오래대치2점	food	127.06329	37.50125
루아키친2	food	127.03803	37.49057
루프서울호텔리트리트바이아늑서울강남2	stay	127.04288	37.49935
만선2	bar	127.05442	37.50708
메가스테이역삼2	stay	127.04377	37.49373
모란도2	shop	127.04842	37.49923
목포명가2	food	127.06545	37.51567
미시마2	food	127.04468	37.49394
바오후2	bar	127.05158	37.50616
별하스테이2	stay	127.05240	37.50197
보드게임카페레드버튼강남2호	activity	127.02746	37.49983
비2에프	shop	127.05942	37.51677
서울미담2	stay	127.02885	37.50269
서울스테이2	stay	127.04315	37.50664
서울의휴일2	stay	127.05532	37.49963
세븐수서역사2호점	shop	127.10185	37.48739
세븐압구정2점	shop	127.02751	37.52477
세븐일레븐청담2점	shop	127.04174	37.51817
세븐청담2점	shop	127.04174	37.51817
슈펜강남2점	shop	127.02715	37.50112
시크릿호텔2	stay	127.05262	37.50449
신화마트2호	shop	127.03476	37.51002
아지트2카페	activity	127.02754	37.50058
알라2	shop	127.03150	37.49035
야옹2	shop	127.02803	37.49866
양곶간2	food	127.02368	37.50776
엔엠에프2호점	food	127.03008	37.49470
올리버2	shop	127.05916	37.51183
우연이네2	food	127.02299	37.50939
이군주막시즌2	food	127.02523	37.50669
인생2막창	food	127.02295	37.50864
인쌩맥주2호점	bar	127.02779	37.50043
카페2	cafe	127.04609	37.49437
카페해온2	cafe	127.03938	37.49829
캐롬2빌리아드클럽	activity	127.03214	37.49728
커먼위켄드강남2호지점	food	127.02744	37.50272
커피나인2호점	cafe	127.02896	37.49973
커피스미스2빌딩	cafe	127.04193	37.49693
컴포즈커피역삼2동점	cafe	127.04210	37.49371
콘쩌우벤처스2호베트남디지털인프라펀드	food	127.04282	37.49786
키보2	food	127.02038	37.51923
키이스케이프로그인2	activity	127.02798	37.50073
투도컴퍼니2	shop	127.04895	37.50450
팔일삼2	food	127.02228	37.51785
포레빌리지하우스2	stay	127.02539	37.52144
할리스2점	cafe	127.02698	37.50039
할리스도심2	cafe	127.05945	37.50963
홈플러스익스프레스개포2점	shop	127.05470	37.48541
휴컴퍼니2	food	127.03621	37.51054
제2회 고메 잇 강남	event	127.05922	37.51192
투썸2.0강남	cafe	127.02514	37.50416
휘트니스2.0	activity	127.02929	37.52127
카페2.15	cafe	127.04369	37.49907
파티앤하이킥2.3.4.5.6.7.8.9.10	bar	127.05183	37.50604
코지넘버2^8	stay	127.02764	37.51243
포레스트에프앤비강남20호지점	food	127.03649	37.50951
20회수산-하루20판한정판매	food	127.03803	37.51846
프로2000당구클럽	activity	127.04901	37.47734
2001강남메밀엔돈가스	food	127.03437	37.49800
베네베네2010(Benebene2010)	food	127.04378	37.52281
커피빈논현2015번지	cafe	127.02605	37.50551
루프탑2018	bar	127.05285	37.50701
다솜202	stay	127.02345	37.52118
2024 강남디자인위크	event	127.02292	37.52105
2024년 청년문화포럼 3회차	event	127.04853	37.51142
2024 G-KPOP 콘서트	event	127.01882	37.52745
2025 과학영재교육 페스티벌	event	127.03075	37.50077
2025 강남 디자인 위크 G-KFOOD	event	127.02237	37.52332
2025 서울 카페&베이커리페어	activity	127.07077	37.49609
2025 제14회 강남구 아름다운 건축물 전시회	event	127.05922	37.51192
2026 국제선명상대회	event	127.05773	37.51583
2026 보드게임콘	event	127.05920	37.51187
2026 서울국제도서전	event	127.05920	37.51187
2026 서울국제불교박람회	event	127.05920	37.51187
2026 책 읽는 대한민국 캠페인 선포식	event	127.05916	37.51182
2026 보드게임페스타 (시즌1)	event	127.07075	37.49604
에이치203	food	127.06075	37.50671
제레미20먼키3호	food	127.03139	37.49955
컬렉터2030	shop	127.05167	37.52599
206짐	activity	127.05272	37.51348
21그램케어센터	shop	127.04052	37.49989
21세기건강식품건강원	shop	127.04866	37.47875
21세기문고	shop	127.03556	37.48683
21세기문구	shop	127.03556	37.48683
21세기이동통신	shop	127.05916	37.51183
21케이크	food	127.03907	37.50371
21케이크선릉	food	127.05300	37.50338
넘버21갤러리아	shop	127.04005	37.52848
샤브로21	food	127.02671	37.50229
씨21	shop	127.05146	37.51869
애플21대치지점	cafe	127.05924	37.50725
제이스21	food	127.02573	37.50947
참치21	food	127.03007	37.49554
포레스트에프앤비강남21호지점	food	127.03649	37.50951
스페이스211음악연습실	activity	127.04261	37.48398
압구정212	stay	127.03046	37.52785
공간21s	cafe	127.04865	37.52703
22그램	cafe	127.05375	37.50669
22노벰버	shop	127.02806	37.49862
22번가	food	127.05899	37.50536
세븐역삼22호점주	shop	127.04428	37.49734
포레스트에프앤비강남22호지점	food	127.03649	37.50951
대치퍼스트2층204호	shop	127.06295	37.49388
221B	cafe	127.03746	37.51639
2월22일	food	127.04205	37.51365
카페222	cafe	127.02796	37.50972
경천애인2237	food	127.05255	37.50604
23에비뉴	shop	127.02806	37.49862
강남23	stay	127.02519	37.50749
스타짐23	activity	127.04572	37.52690
잉크토너23시	shop	127.03590	37.48651
포레스트에프앤비강남23호지점	food	127.03649	37.50951
23에비뉴 강남역지하쇼핑센터	shop	127.02806	37.49866
티지커피233	cafe	127.03234	37.52147
엔237카페앤베이커리	cafe	127.03678	37.50931
24게스트하우스강남센터	stay	127.03335	37.50391
24시무인카페만월경강남	food	127.10732	37.47380
24시무인카페만월경압구정현대점	food	127.02832	37.53360
24시신사동물용품	shop	127.02903	37.51965
24시전주명가콩나물국밥서울	food	127.06358	37.49947
24시중식당취빈	food	127.04510	37.49675
골드24시당구장	activity	127.05707	37.50909
골드짐24	activity	127.04367	37.50441
남도24	bar	127.03283	37.50607
루맨홀24	activity	127.02345	37.50903
리김밥이마트24청담	shop	127.04170	37.52508
마트24시주	shop	127.08960	37.49034
삼성라이크짐24시	activity	127.05505	37.50849
스타24시	activity	127.03162	37.51084
스피드24	food	127.04362	37.50916
신구멍가게24세곡점	shop	127.10154	37.46105
에그카페24	bar	127.03859	37.52773
오로지라멘한신인터밸리24점	food	127.04658	37.50324
이마트24	shop	127.02806	37.49862
이마트24	shop	127.06440	37.49946
이마트24강남	shop	127.04838	37.50665
이마트24강남	shop	127.05470	37.48541
이마트24강남에이	shop	127.05505	37.50758
이마트24강남청담점	shop	127.04666	37.51957
이마트24개포래미안점	shop	127.06447	37.48130
이마트24개포상록스타힐스점	shop	127.07523	37.48925
이마트24논현소망점	shop	127.03617	37.52063
이마트24뉴강남	shop	127.04238	37.48509
이마트24대치타운점	shop	127.05451	37.50466
이마트24대치휘문점	shop	127.06103	37.50404
이마트24도산대로점	shop	127.03519	37.52235
이마트24삼성래미안점	shop	127.06284	37.51704
이마트24선정릉역로또점	shop	127.04416	37.51009
이마트24스타필드코엑스몰	shop	127.05916	37.51183
이마트24역삼서희점	shop	127.03251	37.49137
이마트24역삼승리점	shop	127.03165	37.50054
이마트24역삼초교점	shop	127.03424	37.49277
이마트24영동대로점	shop	127.05584	37.52337
이마트24오피스디포	shop	127.04553	37.50308
이마트24청담	shop	127.04637	37.52223
이마트24청담	shop	127.05302	37.52458
이마트24청담	shop	127.04170	37.52508
이마트24청담리테일점	shop	127.05534	37.52179
이마트24청담아이어스점	shop	127.04016	37.52424
이마트24포스코	shop	127.05613	37.50582
이마트24한티대로점	shop	127.05579	37.49759
인감도장24열쇠출장신논현역점	shop	127.02437	37.50726
제이24	food	127.04506	37.52211
조이핏24점핑	shop	127.04280	37.51477
칠렉스24	shop	127.02929	37.49766
파인24논현	food	127.02638	37.50923
포레스트에프앤비강남24호지점	cafe	127.03649	37.50951
프로24	activity	127.05861	37.50599
프로24당구장	activity	127.04476	37.48433
플젠24	shop	127.05284	37.50647
피카소24	shop	127.02976	37.49701
한남동24시감자탕분점	food	127.03841	37.51727
한남동24시뼈다귀감자탕분점	food	127.03841	37.51727
헬로앨리스마켓24	food	127.04638	37.50250
이마트24 청담본점	shop	127.04171	37.52509
팀2407	activity	127.02922	37.51828
이마트24논현101점	shop	127.03893	37.52133
이마트24삼성119점	shop	127.05278	37.51264
탱2424	shop	127.02774	37.52448
메종246	shop	127.03656	37.51477
라운지엑스24H	food	127.02863	37.49665
논현24PC방	activity	127.02764	37.51096
카인드짐24시헬스PT	activity	127.05023	37.50387
24시PT&태닝	activity	127.04812	37.47902
이마트24R강남차	shop	127.03472	37.50704
이마트24R논현	shop	127.02415	37.50747
이마트24R대치역점	shop	127.06266	37.49458
이마트24R센터필드점	shop	127.04136	37.50288
이마트24R수서사이룩스점	shop	127.10448	37.48856
이마트24R신사케이	shop	127.02146	37.51732
이마트24R역삼윤이점	shop	127.03968	37.49317
이마트24대치SK점	shop	127.06060	37.49630
이마트24smart오피스디포학동역점	shop	127.03488	37.51604
김밥세상25	food	127.10249	37.48837
런앤런지에스25봉은사점	shop	127.05868	37.51442
설빙고25대모산입구역점	shop	127.07417	37.49109
아카이브25	cafe	127.02127	37.52311
오피스25	shop	127.04549	37.50465
재이앤지에스25역삼아워홈점	shop	127.03163	37.49426
지에스25	shop	127.06080	37.50919
지에스25강남	shop	127.03550	37.49615
지에스25강남	shop	127.03007	37.49554
지에스25강남	shop	127.04531	37.47919
지에스25강남	shop	127.02874	37.49763
지에스25강남	shop	127.02686	37.50298
지에스25강남	shop	127.03245	37.52804
지에스25강남	shop	127.04209	37.50740
지에스25강남드림하이점	shop	127.10073	37.46636
지에스25강남상록회관점	shop	127.04394	37.50490
지에스25강남시티힐점	shop	127.02797	37.50098
지에스25강남아트점	shop	127.02836	37.50345
지에스25강남에이스	shop	127.10301	37.47267
지에스25강남영동점	shop	127.02451	37.51736
지에스25강남유블레스점	shop	127.10336	37.47372
지에스25강남중동고	shop	127.08184	37.49303
지에스25강남쥬비스점	shop	127.05767	37.50570
지에스25강남타운점	shop	127.02991	37.49906
지에스25강남한티	shop	127.05347	37.49746
지에스25강남헤븐리치	shop	127.03266	37.50668
지에스25개포	shop	127.05046	37.47446
지에스25개포늘푸른점	shop	127.07417	37.49109
지에스25개포미래점	shop	127.04928	37.47885
지에스25개포빌리지	shop	127.04708	37.47605
지에스25개포소망	shop	127.06796	37.48924
지에스25개포포레스트점	shop	127.05223	37.47975
지에스25논현	shop	127.03701	37.51500
지에스25논현	shop	127.03876	37.51105
지에스25논현	shop	127.02080	37.51604
지에스25논현	shop	127.02873	37.51079
지에스25논현	shop	127.02821	37.51765
지에스25논현대지	shop	127.02313	37.50888
지에스25논현동우점	shop	127.03647	37.50921
지에스25논현마루점	shop	127.02854	37.50753
지에스25논현미래점	shop	127.02605	37.50551
지에스25논현성암점	shop	127.04335	37.51087
지에스25논현아크로점	shop	127.03834	37.51004
지에스25논현영동	shop	127.02461	37.50805
지에스25논현영동점	shop	127.02296	37.51006
지에스25논현우람점	shop	127.02613	37.50925
지에스25논현으뜸점	shop	127.03063	37.50805
지에스25논현은선점	shop	127.04070	37.51555
지에스25논현정노점	shop	127.03170	37.50953
지에스25논현진실점	shop	127.03496	37.51173
지에스25논현초교점	shop	127.02599	37.50747
지에스25논현하니점	shop	127.02783	37.51381
지에스25뉴개포영광	shop	127.05126	37.47257
지에스25뉴삼성	shop	127.05321	37.50693
지에스25뉴삼성아트점	shop	127.06515	37.51012
지에스25뉴역삼월드점	shop	127.04799	37.49856
지에스25대치	shop	127.05556	37.50122
지에스25대치	shop	127.06318	37.50069
지에스25대치	shop	127.05102	37.50327
지에스25대치	shop	127.05726	37.49869
지에스25대치	shop	127.05215	37.50465
지에스25대치골드	shop	127.05363	37.50411
지에스25대치래미안점	shop	127.06035	37.49368
지에스25대치미래점	shop	127.05201	37.50279
지에스25대치스카이	shop	127.06425	37.50473
지에스25대치은마	shop	127.06612	37.50001
지에스25대치은마타운점	shop	127.06221	37.49881
지에스25대치중앙	shop	127.05739	37.50077
지에스25대치포인트점	shop	127.05824	37.49732
지에스25대치학여울	shop	127.06866	37.49783
지에스25대치희망	shop	127.06030	37.49942
지에스25도곡	shop	127.03975	37.49173
지에스25도곡	shop	127.03705	37.48552
지에스25도곡	shop	127.03458	37.48571
지에스25도곡	shop	127.05200	37.48887
지에스25도곡래미안	shop	127.05151	37.48960
지에스25도곡매봉점	shop	127.04574	37.48521
지에스25도곡역점	shop	127.05614	37.49071
지에스25도곡으뜸점	shop	127.04363	37.48453
지에스25도곡타워	shop	127.05292	37.48911
지에스25도곡프레시점	shop	127.04336	37.48273
지에스25디에이치	shop	127.07509	37.49070
지에스25래미안포레스트점	shop	127.05223	37.47975
지에스25무역	shop	127.05823	37.50945
지에스25보금자리점	shop	127.10210	37.46710
지에스25삼성	shop	127.05155	37.51077
지에스25삼성	shop	127.05313	37.51138
지에스25삼성	shop	127.05062	37.51467
지에스25삼성메디슨점	shop	127.06577	37.50726
지에스25삼성언주점	shop	127.04336	37.51378
지에스25삼성영진점	shop	127.05772	37.51021
지에스25삼성으뜸점	shop	127.04382	37.51245
지에스25삼성제일	shop	127.05499	37.51213
지에스25삼성진우점	shop	127.06490	37.51371
지에스25서울로봇고점	shop	127.08325	37.48107
지에스25선릉로즈점	shop	127.05063	37.50412
지에스25세곡	shop	127.09923	37.46772
지에스25세곡리엔점	shop	127.10154	37.46105
지에스25수서디아크리온	shop	127.10826	37.47456
지에스25신사	shop	127.02255	37.51973
지에스25신사자생점	shop	127.03434	37.52748
지에스25신사진주점	shop	127.03849	37.52377
지에스25신사타운점	shop	127.03542	37.52845
지에스25압구정	shop	127.03022	37.52118
지에스25압구정신구점	shop	127.03060	37.52658
지에스25언주	shop	127.03238	37.50764
지에스25에스청담역	shop	127.05200	37.51953
지에스25역삼	shop	127.03898	37.50291
지에스25역삼	shop	127.03039	37.49713
지에스25역삼	shop	127.04450	37.50029
지에스25역삼	shop	127.03706	37.49908
지에스25역삼	shop	127.04294	37.49541
지에스25역삼	shop	127.04655	37.50595
지에스25역삼	shop	127.04076	37.50093
지에스25역삼	shop	127.03446	37.49636
지에스25역삼띵동점	shop	127.04246	37.50515
지에스25역삼미래점	shop	127.04027	37.50569
지에스25역삼블루점	shop	127.03883	37.49328
지에스25역삼성보점	shop	127.04638	37.50250
지에스25역삼싱아점	shop	127.04055	37.49584
지에스25역삼쌍마점	shop	127.03344	37.49772
지에스25역삼아람점	shop	127.04141	37.49362
지에스25역삼아르누보점	shop	127.04286	37.50342
지에스25역삼우리점	shop	127.04177	37.49784
지에스25역삼이담점	shop	127.03411	37.49856
지에스25역삼제스트	shop	127.04481	37.50684
지에스25역삼제일	shop	127.04007	37.50783
지에스25역삼지에스점	shop	127.03702	37.50249
지에스25역삼캐피탈점	shop	127.03493	37.49938
지에스25역삼코디점	shop	127.03419	37.50108
지에스25역삼타운점	shop	127.04473	37.49643
지에스25역삼테헤란	shop	127.03928	37.50230
지에스25역삼프레시	shop	127.04299	37.50010
지에스25역삼하나	shop	127.03563	37.49264
지에스25역삼햇살점	shop	127.03909	37.49697
지에스25역삼혜성점	shop	127.04061	37.50048
지에스25역삼홍인	shop	127.03624	37.50476
지에스25율현은하	shop	127.11864	37.47031
지에스25일원	shop	127.08420	37.49240
지에스25일원	shop	127.08344	37.48290
지에스25일원센타	shop	127.08326	37.48995
지에스25일원스타	shop	127.08780	37.49124
지에스25일원으뜸점	shop	127.08149	37.49065
지에스25자곡라르고점	shop	127.10471	37.47537
지에스25자곡베스트점	shop	127.09102	37.46997
지에스25자곡신영점	shop	127.10540	37.47441
지에스25청담	shop	127.04655	37.52082
지에스25청담	shop	127.05649	37.52291
지에스25청담	shop	127.04093	37.52569
지에스25청담골프존점	shop	127.05429	37.52328
지에스25청담메종점	shop	127.04826	37.52144
지에스25청담미래점	shop	127.04301	37.52458
지에스25청담영동점	shop	127.04097	37.51863
지에스25청담우리	shop	127.04890	37.51987
지에스25청담칼릭스점	shop	127.05083	37.52528
지에스25코스모타워	shop	127.06533	37.50659
지에스25큰길	shop	127.04067	37.50240
지에스25포이점	shop	127.04934	37.47654
지에스25포이한라점	shop	127.05321	37.47417
지에스25학동	shop	127.03254	37.51523
지에스25학동	shop	127.03189	37.51320
지에스25학동세일점	shop	127.02969	37.51429
지에스25한티단국점	shop	127.05663	37.49699
지에스25한티역	shop	127.05151	37.49617
지에스25현대강남대로사옥점	shop	127.03007	37.49399
청담25	food	127.04978	37.52522
포25	food	127.03744	37.52681
프로25	activity	127.04771	37.50556
지에스25세곡1단지	shop	127.09237	37.48084
지에스25S논현역점	shop	127.02503	37.50463
지에스25S점	shop	127.03651	37.50002
지에스25S학동역점	shop	127.03147	37.51421
지에스25S2호점	shop	127.02858	37.49784
지에스25S3호점	shop	127.02858	37.49784
지에스25S9봉은사역점	shop	127.06089	37.51435
지에스25S9삼성중앙역	shop	127.05271	37.51288
지에스25S9신논현역점	shop	127.02503	37.50463
지에스25S9언주역	shop	127.03428	37.50745
지에스25SI	shop	127.03773	37.50160
지에스25개나리SK점	shop	127.05031	37.50056
지에스25대치SK타운점	shop	127.06100	37.49591
지에스25도곡STX점	shop	127.04439	37.48188
제이오케이컴퍼니강남26호앤비쥬	shop	127.02806	37.49862
아뜰리에27	shop	127.05714	37.52106
28번가	food	127.03443	37.48838
282독	cafe	127.02551	37.51668
더282	cafe	127.02551	37.51668
이구펍29클라스	bar	127.02766	37.50002
푸드2900논현	food	127.03740	37.52137
아보카도291대치동지점	shop	127.05534	37.50435
육회2990	food	127.03654	37.50337
3노트커피	cafe	127.04638	37.50250
3단계레드갈비찜	food	127.03621	37.51054
3디앵커플러스	shop	127.04956	37.50580
3일소고기국밥	food	127.04708	37.51169
3일한우국밥역삼	food	127.03521	37.49476
3층중앙약국	shop	127.04519	37.48448
3호집	food	127.04751	37.51207
깐부치킨강남구청역3번	food	127.03986	37.51790
롯데쇼핑롯데슈퍼역삼3점	shop	127.03598	37.49505
롯데프레시역삼3점	shop	127.03598	37.49505
루아키친3	food	127.03803	37.49057
미시마3	food	127.03944	37.49278
밀라하우스3	stay	127.03688	37.50611
세븐수서역사3호점	shop	127.10185	37.48739
신논현역3번출구곳간약국	shop	127.02571	37.50520
에이블씨엔씨지하철3호선수서역	shop	127.10185	37.48739
엔컴3	shop	127.02684	37.50083
제이엠지아이엔씨3	cafe	127.02629	37.52221
조은한식뷔페3관	food	127.05916	37.49316
주교리3구	food	127.05279	37.49726
커피빈선릉역3번출구세방빌딩	cafe	127.04891	37.50377
휴대폰3대천왕	shop	127.04658	37.50324
현대3.1필립림	shop	127.02747	37.52737
30년불멸의닭발	food	127.03170	37.49879
뜨랑30	cafe	127.07965	37.49434
블루문3점0	bar	127.03055	37.52083
시크릿3점0	bar	127.03055	37.52083
엔컴30지점	shop	127.02727	37.49951
브루커피강남타워300점	cafe	127.02941	37.49683
막썰이회30000	food	127.05367	37.51073
룸서비스301	cafe	127.04663	37.48280
메종드럭스302	stay	127.04641	37.51318
다솜303	stay	127.02345	37.52118
쿠쿠304	shop	127.03089	37.51867
루307	food	127.02156	37.52192
만타스시31	food	127.05916	37.49316
만타스시31	food	127.09579	37.47264
배스킨라빈스31강남수서점	food	127.09427	37.48400
베스킨라빈스31강남세곡점	food	127.10471	37.47537
키친스탠다드31호	food	127.03738	37.50736
32호식당	food	127.06591	37.49962
더33	bar	127.02821	37.51765
씨엘33	bar	127.01980	37.51686
키친스탠다드33호	food	127.03738	37.50736
333갤러리	shop	127.04709	37.52314
대치342	shop	127.05953	37.50224
얼음왕국개포35	shop	127.06812	37.48875
백미당강남358	food	127.02980	37.49506
봉추찜닭강남358	food	127.02980	37.49506
브라더스스토어단정강남358	food	127.02980	37.49506
브라더스스토어모닥스낵강남358	food	127.02980	37.49506
빌리엔젤강남358	food	127.02980	37.49506
스타럭스교토가츠규강남358	food	127.02980	37.49506
36번가금거래소	shop	127.02208	37.52228
포36거리	food	127.03491	37.49468
카페36-16	cafe	127.04463	37.51225
휘트니스클럽36.5	activity	127.05884	37.49795
365논현역약국	shop	127.02166	37.51120
365약국	shop	127.03662	37.50071
모어모어365	shop	127.05414	37.49966
신논현역365약국	shop	127.02503	37.50463
아이폰수리센터휴대폰365	shop	127.02831	37.49816
역삼365매일여는약국	shop	127.03651	37.50002
청담365	food	127.05311	37.52420
프라임365약국	shop	127.10271	37.47318
한음365일상담센터	shop	127.03922	37.50250
한티365약국	shop	127.05247	37.49648
고구려37	shop	127.05359	37.52611
37.5시그니처	food	127.06719	37.48905
37.5시그니처	food	127.05373	37.49795
37.5시그니처청담점	food	127.05064	37.51631
스텔라38	shop	127.04506	37.52359
태번38	food	127.01908	37.51960
제38회 서울국제화장품·미용산업박람회 (2024 코스모뷰티서울)	event	127.05922	37.51192
디저트39	cafe	127.05720	37.51129
디저트39	cafe	127.05456	37.49824
디저트39신사역점	cafe	127.02217	37.51528
솔트플러스39	food	127.08423	37.49311
디저트39강남1	cafe	127.02948	37.49773
위너3D	activity	127.03418	37.49007
백삼십육길육미3F	food	127.03634	37.51738
4월호텔	stay	127.04186	37.50175
4층맑은약국	shop	127.02858	37.49784
굽네치킨개포4동점	food	127.04834	37.47689
굽네치킨대치4동점	food	127.05612	37.50164
다비치안경압구정4번	shop	127.02810	37.52534
렉슬4층약국	shop	127.04973	37.49421
루아키친4	food	127.03803	37.49057
비에이치씨개포4동점	food	127.05082	37.47486
생기청과4	shop	127.02960	37.49964
생활맥주역삼역4번	bar	127.03496	37.50130
세븐수서역사4호점	shop	127.10185	37.48739
세븐포이4호점	shop	127.04697	37.47674
액트4	shop	127.02407	37.51908
커피니을지로4가역점	cafe	127.03621	37.51334
커피빈역삼역4번출구	cafe	127.03490	37.50062
한솥도시락개포4동점	food	127.04783	37.47843
4.2캐쥬얼다이닝	food	127.04561	37.47747
40크루	food	127.05680	37.50895
네스빌401호	stay	127.03258	37.49515
405	food	127.02774	37.50309
41포원	food	127.04043	37.50222
카페413프로젝트	cafe	127.03448	37.50241
갤러리안경415	shop	127.05598	37.49754
루42	shop	127.03197	37.52140
기네스424	food	127.05007	37.50291
부자되세요창고43	food	127.02941	37.49531
부자되세요창고43	food	127.04411	37.50260
부자되세요창고43	food	127.06281	37.50804
부자되세요창고43청담점	food	127.04196	37.52394
더카페440	cafe	127.05613	37.50582
현대그린푸드현대빌딩에이치450	shop	127.02768	37.52868
슬리퍼456	shop	127.04985	37.51275
46이너스피자	food	127.04324	37.51261
마레461	shop	127.09854	37.48559
480그라디	food	127.03881	37.52162
토담골49번지	food	127.04821	37.52325
포490베트남쌀국수	food	127.03150	37.49035
지스트리트494	shop	127.04184	37.52791
지스트릿494플러스	shop	127.04005	37.52848
루이4989	shop	127.03979	37.52746
분크4ONE5IVE	shop	127.03495	37.52735
5센소	cafe	127.03306	37.50063
5층약국	shop	127.05210	37.49853
매머드익스프레스역삼역5번	cafe	127.03568	37.50084
빌라5	food	127.05924	37.50544
빌리엔젤5호점	food	127.02823	37.49919
세븐수서역사5호점	shop	127.10185	37.48739
카페5	cafe	127.03909	37.52688
캠브리지5층약국	shop	127.02938	37.49806
포레스트에프앤비강남5호지점	food	127.03649	37.50951
덮밥전문웍스50청담점	food	127.04797	37.52462
으뜸50안경	shop	127.02790	37.52418
으뜸50안경	shop	127.05084	37.50353
으뜸50안경	shop	127.05745	37.51073
으뜸50안경논현역점	shop	127.02277	37.50903
으뜸50안경청담역점	shop	127.05079	37.51918
으뜸50안경 강남구청역점	shop	127.04084	37.51676
으뜸50안경 압구정역점	shop	127.02776	37.52397
501스튜디오	cafe	127.03248	37.51679
매머드커피익스프레스선릉501	cafe	127.05354	37.50665
502세컨즈카페	food	127.02798	37.51140
돝고기506	food	127.03520	37.50076
청담507	bar	127.04853	37.52476
갤러리508	shop	127.04470	37.52499
덱52	food	127.03867	37.52512
비52	food	127.03218	37.49343
크랩52	food	127.06103	37.51035
탑클라우드탑클라우드52	food	127.06103	37.51035
클럽520	activity	127.05316	37.50474
신세계인터내셔날신사536-16	shop	127.02299	37.51890
54K스포츠2	activity	127.03875	37.50732
청담57스테이	stay	127.05155	37.52348
신사동577	bar	127.03810	37.52594
비앙57Bien57	cafe	127.04633	37.51754
59년왕십리포차	food	127.10311	37.48732
모아전산잉크가이서울6지역센터	shop	127.03798	37.49301
살롱6더하우스	shop	127.03054	37.50452
생기청과6	shop	127.04384	37.50197
신세계인터내셔날청담6	shop	127.04292	37.52676
엘지전자알엔디센터플레이보6	food	127.03662	37.48525
포레스트에프앤비강남6호지점	food	127.03649	37.50951
6-5	food	127.02549	37.51805
60계	food	127.06684	37.48869
60계치킨	food	127.03463	37.52656
60계치킨서울	food	127.02478	37.50643
60계치킨서울	food	127.03911	37.49301
60년전통신촌황소곱창	food	127.02310	37.50980
60년전통신촌황소곱창	food	127.05241	37.50372
곰스603	food	127.03294	37.50852
에이612	shop	127.04397	37.48270
비노615	bar	127.03074	37.52800
벙커616	cafe	127.02762	37.50374
62-주방	food	127.04939	37.52198
요술로626	bar	127.05916	37.49316
더그릴630	food	127.04302	37.52313
머물다636	stay	127.03138	37.50066
말본6451 도산플래그쉽스토어	shop	127.03493	37.52615
648호텔앤레지던스	stay	127.03187	37.49995
67소호	cafe	127.03023	37.51863
7당구장	activity	127.03930	37.49652
7당구클럽	activity	127.03930	37.49652
7세븐스튜디오도곡역	activity	127.05741	37.49218
7층애약국	shop	127.05523	37.50563
생기청과7	shop	127.05553	37.50728
선릉엘7해우리	food	127.05154	37.50578
세븐세븐일레븐대치7호점	shop	127.05879	37.50575
스카이7	bar	127.05086	37.50549
카페7그램	cafe	127.06524	37.50875
카페7그램	cafe	127.03244	37.49097
커피넘버7	cafe	127.03549	37.50681
플레이스7	activity	127.05638	37.50955
70.80메들리단란주점	bar	127.04269	37.50452
소도702	shop	127.10301	37.47267
스페이스럭스702	stay	127.03483	37.48979
땡기면땡비어703	bar	127.04032	37.50361
705	food	127.04743	37.50514
크리드705	bar	127.03002	37.49669
7080라이브딜라일라	bar	127.04715	37.47839
강남7080라이브카페강남대관	bar	127.03384	37.49069
라이브7080	bar	127.03615	37.51736
쏭7080	bar	127.03262	37.49061
바투타라716	shop	127.03738	37.52392
72	activity	127.04956	37.50580
골프72	activity	127.06310	37.50691
기네스72삼성	food	127.05658	37.51138
기네스72역삼	bar	127.03858	37.50276
기네스72역삼초교	food	127.03185	37.49173
마켓728	cafe	127.03208	37.52449
알트729	shop	127.02896	37.51708
아미730	shop	127.04947	37.52093
팬텀7398	bar	127.03569	37.49852
75애비뉴	stay	127.04824	37.51126
논현77	shop	127.03226	37.51775
도화77	food	127.03636	37.50127
마르셀78	food	127.03450	37.52293
신세계인터내셔날청담78-9	shop	127.04195	37.52688
스테이782역삼	stay	127.04241	37.49394
친구플라워79	shop	127.03173	37.49845
박승규역삼동791-3	stay	127.03834	37.49471
차이797	food	127.05772	37.50996
차이797역삼GFC점	food	127.03651	37.50002
8월	food	127.05059	37.52605
개포우성8차아파트재건축사업추진준비위원회	food	127.06231	37.48858
골든8	shop	127.04144	37.52414
디스트릭트8플랜라이트	food	127.02516	37.51794
반지만들기반지공방8그램	shop	127.02659	37.50223
진심8분찌개	food	127.05861	37.50795
카츠8	food	127.06080	37.50919
포레스트에프앤비강남8호지점	food	127.03649	37.50951
하이서울8	shop	127.02205	37.51604
루케테80	activity	127.05835	37.50874
쏠801	shop	127.04446	37.48296
카페808	cafe	127.02506	37.50434
어반81	cafe	127.04858	37.51263
아브라소812	food	127.02686	37.50298
모쿠816	cafe	127.02630	37.51215
광장818	food	127.02858	37.49965
82올리언즈	food	127.02867	37.50087
뀌쏭82	food	127.04469	37.48162
르82	bar	127.04469	37.48162
짐82	activity	127.10124	37.46576
플러스82	cafe	127.04358	37.49468
플러스82강남	cafe	127.02613	37.50989
플러스82강남	cafe	127.08652	37.49276
플러스82엔터테인먼트	bar	127.05255	37.52515
831에스티	bar	127.03060	37.49470
86피티	activity	127.08680	37.49324
스팟86라운지카페대치	shop	127.05987	37.50264
커피빈선릉로86길점	cafe	127.05053	37.50337
커피빈포스코옆삼성로86길	cafe	127.05829	37.50590
88노가리	bar	127.05290	37.50389
88노가리강남	food	127.02847	37.49987
88시장버거	food	127.04003	37.50423
88식당	food	127.03621	37.51054
육품88	food	127.02726	37.50308
청담88	food	127.04084	37.52543
8883아트스튜디오	shop	127.02402	37.52073
그레이9	activity	127.04003	37.49242
미르차이9	food	127.03525	37.52731
인생치맥9	bar	127.05590	37.51091
포레스트에프앤비강남9호지점	food	127.03649	37.50951
아지트901	cafe	127.08638	37.49067
청담91떡볶이	food	127.04144	37.52414
커피빈선릉로93길점	cafe	127.04790	37.50568
빈티지935	cafe	127.05463	37.49809
선릉96마켓협동조합	shop	127.04838	37.50665
유미9864	shop	127.02438	37.51852
99마켓안경콘택트	shop	127.05329	37.49779
99육회본가	food	127.04707	37.50565
99클럽	shop	127.03278	37.52369
알로이99	food	127.03664	37.50319
휘트니스991	activity	127.06440	37.49946
9CAFE	food	127.04878	37.50588
A타워약국	shop	127.02852	37.49864
엔피씨플랜A감성키친강남	food	127.03803	37.51846
청담A하우스	stay	127.04113	37.52626
A타워약국 강남역	shop	127.02853	37.49865
엔피씨플랜A-1	food	127.03803	37.51846
엔피씨플랜A-2도복희상회강남	food	127.03803	37.51846
누하스A/S	shop	127.03467	37.50785
ABC마트 GS 스타필드 코엑스몰점	shop	127.05916	37.51182
AC 호텔 바이 메리어트 서울 강남	stay	127.03542	37.50124
Aceink	shop	127.04436	37.50800
ADK상사	shop	127.03572	37.50903
AHC플레이존	shop	127.03299	37.52172
에이아이이AIE	shop	127.03549	37.50226
트래블피자신사AIRPORT	food	127.02394	37.52084
AJ모바일	shop	127.03240	37.52001
AK골프 삼성점	shop	127.05490	37.50936
AK골프 역삼본점	shop	127.03760	37.49833
선물나라Alice	shop	127.04973	37.49421
앨리스ALLYS	food	127.04988	37.47891
씨유논현APEX점	shop	127.02605	37.51846
Apple 가로수길	shop	127.02261	37.52088
아르넬ARENEL	cafe	127.01989	37.52126
ARIES	shop	127.04075	37.52720
ARTAGE	shop	127.03422	37.52657
아우라AURA	bar	127.04141	37.50126
레지던스B	stay	127.03968	37.49317
아영에프비씨코엑스B홀점	shop	127.05916	37.51183
엔피씨플랜B	food	127.03803	37.51846
플레어B	food	127.03651	37.50002
엔피씨플랜B-1	food	127.03803	37.51846
엔피씨플랜B-2	food	127.03803	37.51846
B.K코스메틱	shop	127.05035	37.52118
웨이브키친역삼b101-2호	food	127.03724	37.49847
B612	shop	127.05126	37.52583
BAB	food	127.05952	37.50600
아이엔bar	bar	127.03738	37.50263
인빠창가BAR	shop	127.03378	37.49772
빈BAR.WIEN	bar	127.03464	37.50856
바쿠스BARQUUS	food	127.04147	37.52414
batutara716	shop	127.03737	37.52391
BBQ치킨	food	127.04988	37.47891
제주옥탑블랙BBQ	food	127.03643	37.52644
신세계인터내셔날BBW파르나스	shop	127.06080	37.50919
아디다스BCC롯데강남	shop	127.05326	37.49698
아디다스BCS코엑스	shop	127.05916	37.51183
나이키강남BE	shop	127.02596	37.50238
비케이에셋BHC치킨	food	127.03381	37.49819
BJ직영강남도산대로점	shop	127.03277	37.52320
까스텔바작BJ직영	shop	127.03995	37.49522
까스텔바쟉BJ직영	shop	127.06374	37.49952
Black Lab	food	127.04909	37.50677
블랭킷Blanket	cafe	127.03474	37.51042
바운드리스바운드BLB	cafe	127.04635	37.51223
강남BLS	shop	127.02662	37.50124
브레드풀Breadful	food	127.04641	37.51318
버거스하이Burger'sHigh	food	127.10448	37.48856
버터앤쉘터butterandshelter	food	127.05421	37.52002
양재화로by설화한우	food	127.03492	37.48544
해연by청담	food	127.04155	37.52226
흑벽돌집by숯불	food	127.03555	37.50918
전가BY서초집	bar	127.05279	37.49726
페닌슐라골프아카데미byMK휘트니스	activity	127.02808	37.50608
비타민C월드	shop	127.05945	37.50963
갤러리아C.PCOMPANY	shop	127.04005	37.52848
C&S	shop	127.03807	37.52817
다드림C&T	shop	127.03614	37.50098
cafe뜨레	cafe	127.06710	37.50937
스탠다드브레드cafe	cafe	127.03827	37.52405
과일샵CAFE리치	cafe	127.03110	37.49759
비알CAFE31압구정역주	food	127.02940	37.52739
깜브레Cambre	bar	127.03439	37.49491
커피빈코리아CBTL	cafe	127.06080	37.50919
CED인터내셔널	shop	127.03775	37.52466
CED인터내셔널씨샵서울플래그쉽	shop	127.02199	37.52283
신세계인터내셔날CELINE청담	shop	127.04205	37.52614
다원글로벌꾸아CGV점	food	127.02674	37.50192
빽다방CGV점	cafe	127.02707	37.50146
유라멘삼신논현역CGV점심저녁	food	127.02667	37.50276
이자카야나무CGV점	food	127.02606	37.50206
진구곱창CGV점	food	127.02711	37.50161
짬뽕떡볶이ㅇㅇ분식강남CGV점	food	127.02634	37.50165
갤러리아CGW	shop	127.04184	37.52791
치치포CHICHIPAW	shop	127.04010	37.50325
CHRISS&CO.	shop	127.03226	37.52548
베러먼데이CJ제일제당점	food	127.05452	37.50468
CJFW시대인재	food	127.06060	37.49630
CJFW시대인재브릿지별관	food	127.06111	37.49932
CJFW시대인재3관	food	127.05974	37.49889
CJFW시대인재M3관	food	127.06400	37.50020
CJFW시대인재S관	food	127.06046	37.49797
CJFW시대인재W관점	food	127.05901	37.50169
clubU2	shop	127.03150	37.49035
한섬가로수CM점	shop	127.02306	37.52366
한성CNP	shop	127.04161	37.50998
아레나COEX	shop	127.05976	37.50862
커피오스coffeos1997	cafe	127.05905	37.50516
COS 신사가로수점	shop	127.02180	37.52240
COS 청담점	shop	127.04270	37.52703
COS 현대백화점 무역센터점	shop	127.05977	37.50862
갤러리아압구정CP컴퍼니	shop	127.04005	37.52848
씨피CP컴퍼니	food	127.03712	37.50295
CP컴퍼니 서울 플래그십 스토어	shop	127.03569	37.52361
크리드CREED	bar	127.04712	37.50495
코브라푸마골프CS센터	shop	127.03894	37.52454
CU	shop	127.04951	37.50508
CU강남	shop	127.04323	37.51527
CU강남	shop	127.08831	37.49133
CU삼성	shop	127.05031	37.51604
CU신사렉스점	shop	127.02054	37.51437
CU압구정	shop	127.03866	37.52697
CU압구정	shop	127.01845	37.52440
CU역삼시티점	shop	127.03047	37.49964
CU청담	shop	127.04075	37.52720
CU포이점	shop	127.04812	37.47902
씨유CU논현평화점	shop	127.02731	37.50915
씨유CU대치세정점	shop	127.05916	37.50267
CU 역삼경복점	shop	127.04043	37.50871
CU 청담삼환점	shop	127.04757	37.52213
CU 삼성1호점	shop	127.05229	37.50651
대한민국전몰군경미망인회CUL청담지점4층	shop	127.05129	37.52509
커리온CurryOn	food	127.06856	37.49569
깐부치킨D개포포레스트점	food	127.05223	37.47984
엔피씨플랜D큐큐면관강남	food	127.03803	37.51846
강남D-18호	shop	127.02831	37.49816
D&A모발센터코스메틱	shop	127.03335	37.52857
DAiNESE	shop	127.03683	37.50790
다모와Damowa	shop	127.04824	37.52397
DB마트	shop	127.05476	37.50577
로스터리락온DB금융	cafe	127.05458	37.50538
세븐일레븐DH아너힐즈점	shop	127.06795	37.48445
갤러리아압구정DKNY	shop	127.04005	37.52848
롯데강남DKNY남성	shop	127.05326	37.49698
롯데강남DKNY남성이성현	shop	127.05326	37.49698
현대무역DKNY남성유상희	shop	127.05976	37.50862
디알에스피DrSP	shop	127.02639	37.52400
DST학동스키	shop	127.03400	37.50787
메가엠지씨커피역삼e편한세상점	cafe	127.05157	37.49859
입e편한집	food	127.04046	37.50998
E수서성은	shop	127.10311	37.48732
티엔제이코엑스몰트위E117호	shop	127.05916	37.51183
현대무역EBM	shop	127.05976	37.50862
ECRU	shop	127.03760	37.52391
EK메디칼	shop	127.02296	37.51006
EMART24포이	shop	127.04499	37.47817
ENE	shop	127.02333	37.52145
오성ENG	shop	127.02130	37.52329
맑은숲ENT	shop	127.06090	37.49806
서울ENT	shop	127.03048	37.49299
피자EPP	food	127.04076	37.50093
Esprench	shop	127.04023	37.48823
ETCSEOUL	shop	127.02199	37.52283
성북동EXCHANGE	shop	127.04159	37.51559
동락커피점EXP	cafe	127.02948	37.49773
Extraordinary	shop	127.02219	37.51987
강남F/XS.SH	shop	127.06421	37.50031
F/XTIME	shop	127.06421	37.50031
김미김미F&B	food	127.03201	37.49240
로즈F&B	bar	127.03466	37.49803
밥아저씨F&B	food	127.04012	37.50403
오로라F&B	cafe	127.04417	37.50096
정F&B	food	127.05156	37.50449
착한부자F&B	food	127.03170	37.50746
아라온F&G	shop	127.02747	37.52737
이앤F&G	cafe	127.03632	37.51864
F3PC방	activity	127.05194	37.49765
F45한남	activity	127.01971	37.51715
FINDKAPOOR	shop	127.02282	37.52048
FINGA'SZONE	food	127.03896	37.52529
fleurdeJ	shop	127.04562	37.52122
Flo.E	shop	127.05966	37.50407
난Flowercafe	cafe	127.04435	37.51015
아름flowerstudio	shop	127.03255	37.50082
공감에프앤비FNB	food	127.03933	37.52487
현대그린푸드크리스FnC	shop	127.04045	37.49413
코오롱인더스트리FNC부문강남주	shop	127.02938	37.49806
코오롱인더스트리FNC부문래코드청담	shop	127.04579	37.52497
코오롱인더스트리FNC부문럭키슈에뜨주	shop	127.05916	37.51183
코오롱인더스트리FNC부문시리즈주	shop	127.06103	37.51035
코오롱인더스트리FNC부문 지포어 서울점	shop	127.03455	37.52322
코오롱인더스트리FNC부문HEAD쇼룸	shop	127.05534	37.51010
매머드익스프레스역삼FnF점	cafe	127.04006	37.50599
FOLNUA도산	shop	127.03678	37.52572
비에스케이코퍼레이션G-가로수길점	food	127.02302	37.52102
역삼테헤란G&F	activity	127.04646	37.50411
골프존파크역삼G5	activity	127.03549	37.50002
미도Gacha	shop	127.06856	37.49569
Gardenia	shop	127.04658	37.50324
전담GATE	shop	127.02781	37.49966
전담GATE압구정	shop	127.03756	37.52619
전담GATE영동	shop	127.02348	37.50885
GB가빈아트홀	heritage	127.05554	37.50968
바나프레소삼성GBC점	cafe	127.06490	37.51371
청담피트니스GDR골프	activity	127.05552	37.52114
제주스gfc몰점	cafe	127.03651	37.50002
노아에프엔비노아베이커리GFC점	food	127.03651	37.50002
농심코코이찌방야역삼GFC점	stay	127.03651	37.50002
렌위치역삼GFC점	shop	127.03651	37.50002
리김밥GFC점	food	127.03651	37.50002
바나프레소역삼GFC점	cafe	127.03584	37.49964
버핏그라운드역삼GFC	activity	127.03651	37.50002
솔솥GFC몰점	food	127.03651	37.50002
알레시에스프레소GFC점	cafe	127.03651	37.50002
정희GFC몰점	food	127.03651	37.50002
주시브로스GFC점	food	127.03651	37.50002
파브리끄역삼GFC점	cafe	127.03662	37.49881
폴바셋GFC	cafe	127.03651	37.50002
플레어비역삼GFC몰점	food	127.03651	37.50002
한옥집김치찜GFC몰점	food	127.03651	37.50002
후라토식당GFC역삼	food	127.03651	37.50002
지지gigi	food	127.02454	37.50752
글로매스GLOMASS	food	127.05976	37.50862
GLS2024 (Game Level-Up Showcase)	event	127.03493	37.52056
GNC롯데강남점	shop	127.05326	37.49698
맥스Golf	activity	127.02110	37.51841
GOTRE	food	127.04575	37.49425
GS논현평화점	shop	127.02752	37.50833
GS수퍼본부특판점	shop	127.03734	37.50199
달래해장역삼GS점	food	127.03711	37.50307
던킨도너츠역삼GS	food	127.03734	37.50199
레뽀드라라GS타워	cafe	127.03734	37.50199
바나프레소역삼GS점	food	127.03738	37.50263
백소정역삼GS점	food	127.03738	37.50263
부산아지매국밥GS	food	127.03765	37.50307
빽다방GS점	cafe	127.03712	37.50295
신의주찹쌀순대역삼GS	food	127.03664	37.50319
에슬로우GS	cafe	127.03797	37.50258
에이비씨마트GS강남본점	shop	127.02668	37.50097
정관장GS	shop	127.03734	37.50199
지에스리테일GS더프레시디에이치	shop	127.07509	37.49070
GS25	shop	127.03784	37.52755
GS25	shop	127.06285	37.51054
GS25	shop	127.03884	37.50235
GS25	shop	127.02757	37.52546
GS25	shop	127.04470	37.48575
GS25강남	shop	127.05347	37.49746
GS25강남	shop	127.03927	37.52683
GS25강남나누리점	shop	127.03340	37.51999
GS25강남동원점	shop	127.05451	37.50698
GS25강남메트로	shop	127.02831	37.49816
GS25강남태강점	shop	127.03233	37.49820
GS25개포럭키점	shop	127.04726	37.47793
GS25논현	shop	127.02992	37.51822
GS25논현금옥점	shop	127.02504	37.51294
GS25논현동현점	shop	127.03774	37.52060
GS25논현목련점	shop	127.02673	37.51048
GS25논현삼익점	shop	127.02198	37.51221
GS25논현스카이점	shop	127.02243	37.51603
GS25논현한영	shop	127.03430	37.50882
GS25대치	shop	127.06618	37.50869
GS25대치	shop	127.06201	37.50768
GS25대치	shop	127.05285	37.50035
GS25대치	shop	127.05628	37.50297
GS25대치학원점	shop	127.06223	37.49963
GS25도곡	shop	127.03976	37.49171
GS25삼성	shop	127.05681	37.50870
GS25삼성선릉	shop	127.05450	37.50774
GS25삼성승리점	shop	127.05004	37.50639
GS25수서벤처점	shop	127.10184	37.48802
GS25신사	shop	127.02120	37.51817
GS25신사	shop	127.01959	37.52109
GS25신사제일	shop	127.02254	37.51798
GS25신사현대점	shop	127.02000	37.51719
GS25신현대점	shop	127.02445	37.52678
GS25압구정화인점	shop	127.02731	37.52189
GS25역삼	shop	127.04655	37.50595
GS25역삼	shop	127.03473	37.50310
GS25역삼넥스빌	shop	127.04426	37.50195
GS25역삼대로점	shop	127.04043	37.49661
GS25역삼대홍점	shop	127.03930	37.49247
GS25역삼덕원점	shop	127.03234	37.50074
GS25역삼르네상스점	shop	127.04128	37.50160
GS25역삼명진점	shop	127.03656	37.49343
GS25역삼상록점	shop	127.04399	37.50408
GS25역삼소망점	shop	127.03366	37.50545
GS25역삼쏘도베점	shop	127.03496	37.50112
GS25역삼충현점	shop	127.03774	37.50580
GS25오크우드점	shop	127.05916	37.51183
GS25일원삼성	shop	127.08446	37.48402
GS25지에스	shop	127.03950	37.50099
GS25청담대로	shop	127.04024	37.52302
GS25청담여신점	shop	127.04621	37.52478
GS25코스모타워	shop	127.06533	37.50659
GS25학동공원점	shop	127.02237	37.51529
지에스GS25	shop	127.02832	37.53360
지에스GS25도곡	shop	127.03478	37.49030
지에스리테일GS25강남동원점주	shop	127.05450	37.50692
지에스리테일GS25지에스주	shop	127.03734	37.50199
GS25 강남쥬비스점	shop	127.05767	37.50569
GS25 삼성한울점	shop	127.04856	37.51531
GS25 청담중앙점	shop	127.04218	37.52265
GS25역삼2점	shop	127.03552	37.49408
GS25S1호점	shop	127.02858	37.49784
기네스하우스Guinnesshouse	bar	127.04406	37.50443
책임Gym	activity	127.09820	37.46758
고피티GYM	activity	127.05049	37.51495
최원준GYM	activity	127.06295	37.49388
H모바일	shop	127.05204	37.49877
세레브스H	shop	127.04095	37.52716
칸티나H	food	127.03776	37.49843
하루H	bar	127.04127	37.50102
현대그린푸드H가든	shop	127.02967	37.50656
H;AVENUE2	stay	127.03875	37.50249
라까사호텔H.O.ABAR	food	127.01967	37.52237
H&M 스타필드 코엑스몰점	shop	127.05916	37.51182
하카HAKKA	food	127.03795	37.52359
하누HANU	stay	127.05282	37.52419
브루커피HB	cafe	127.03476	37.49932
강남스타리움HC	shop	127.02437	37.50726
희디자인랩HeeDesignLab	shop	127.03052	37.52193
헬로굿바이HELLOGOODBYE	shop	127.03789	37.52533
힙Hip	shop	127.04305	37.51459
씨유역삼HK	shop	127.03346	37.50015
호짐HOGYM	activity	127.08157	37.49410
호퍼스Hopers	food	127.03875	37.52673
HOTTICE	activity	127.02254	37.51798
신사HQ	food	127.02174	37.51903
Huxley	shop	127.02251	37.52123
i고시텔	stay	127.05821	37.50473
엠플러스멀티방Ⅰ	activity	127.02781	37.49966
형지I&C	shop	127.03957	37.49392
헬스IHLPTstudio	activity	127.05476	37.52248
가로수그곳Ⅱ	food	127.02066	37.51744
럭셔리Ⅱ노래바	bar	127.02494	37.50587
메이리지에Ⅱ	shop	127.02336	37.51902
안단테Ⅱ	food	127.04084	37.50700
자연도소금빵in도산	food	127.03690	37.52571
명보INC 청담	shop	127.04025	37.52589
투썸플레이스선릉ing점	cafe	127.04608	37.50317
IWC 샤프하우젠 현대백화점 무역센터점	shop	127.05977	37.50862
IWC 샤프하우젠 현대백화점 압구정본점	shop	127.02747	37.52737
IWC 샤프하우젠 갤러리아백화점 명품관 EAST점	shop	127.04183	37.52792
J마트	shop	127.06050	37.50045
J약국	shop	127.02806	37.49862
J.갤러리	shop	127.05273	37.49919
JAJU	shop	127.04541	37.52431
JAJU	shop	127.02386	37.50669
신세계인터내셔날JAJU	shop	127.02895	37.52709
JAJU 스타필드 코엑스몰점	shop	127.05916	37.51182
JDX 역삼	shop	127.04483	37.49744
황하JEWELRIVER	shop	127.02904	37.52145
지니스샐러드Jinnie'ssalad	food	127.02960	37.49964
갤러리JJ	shop	127.02838	37.51831
갤러리JJ	heritage	127.02917	37.52330
현대JJ준지	shop	127.02747	37.52737
쭈니스테이JJUNISTAY	stay	127.04069	37.50885
제이제이벤처스JJVentures	food	127.02588	37.50594
JL그룹	food	127.04895	37.52548
JPGYM	activity	127.03866	37.52640
JS가든블랙	food	127.03697	37.52150
JS갤러리	shop	127.05328	37.51640
JS가든[]	food	127.02790	37.52406
JS가든[청담점]	food	127.03664	37.52186
Jstyle	shop	127.03905	37.52546
준지Juun.J	shop	127.03547	37.52566
JVL부대찌개삼성	food	127.05627	37.50978
K현대미술관	heritage	127.03919	37.52443
가라오K노래연습장	activity	127.02277	37.50903
갤러리K	cafe	127.04087	37.52476
K-그랜드 호스텔 강남 1(K-GRAND HOSTEL GANGNAM1)	stay	127.02527	37.50557
K-일러스트레이션페어 서울 2025	event	127.05922	37.51192
K-핸드메이드페어 2025	event	127.05913	37.51181
겐조KENZO현대무역센터	shop	127.05976	37.50862
KFC강남구청역	food	127.04180	37.51699
KFC대치동	food	127.06292	37.49990
KFC점	food	127.03610	37.50193
케이에프씨KFC신사역	food	127.02338	37.51735
케이에프씨KFC압구정로데오점	food	127.03746	37.52834
KFC압구정1점	food	127.02792	37.52614
케이에프씨KFC학동역2	food	127.03312	37.51500
KFC코엑스MALL	food	127.05916	37.51183
kia360	heritage	127.04289	37.52756
키뮤서울Kimuu.Seoul	shop	127.04157	37.51858
루비KM	activity	127.05223	37.47410
케이오케이KOK	shop	127.05971	37.50608
KOTEL1	stay	127.06700	37.50713
투썸플레이스강남역KR	cafe	127.02959	37.49688
커피빈선릉KSA한국표준협회점	cafe	127.05241	37.50620
커피빈역삼KSA한국표준협회교육센터점	cafe	127.03649	37.49859
브레드캐스트KT&G	food	127.06533	37.50659
KT&G상상마당 대치아트홀	heritage	127.06533	37.50658
메가엠지씨커피언주KTS빌딩점	cafe	127.03557	37.50805
롯데강남KUHO	shop	127.05326	37.49698
호텔롯데L7강남	stay	127.05154	37.50578
L7 강남 바이 롯데호텔	stay	127.05165	37.50571
씨샵서울Lab	shop	127.02199	37.52283
곰탕LAB	food	127.05976	37.50862
맘스터치LAB	food	127.04723	37.50439
맘스터치LAB대치	food	127.05900	37.50301
맘스터치LAB도산대로점	food	127.03768	37.52097
맘스터치LAB학동역점	food	127.03257	37.51488
커피LAB	cafe	127.05245	37.48015
라뽁뜨Laporte	food	127.03847	37.52156
LC강남영업소	shop	127.04375	37.51138
레커LEKKER	food	127.04235	37.52242
LF	shop	127.03406	37.52802
LF가로수어라운드더코너	shop	127.02248	37.52235
LF네트웍스수련점주	shop	127.03734	37.50199
LF네트웍스역삼	shop	127.03957	37.49392
LF서관숙녀종합	shop	127.03318	37.52875
LF청담이자벨마랑플래그십	shop	127.04620	37.52507
브릿지앤드LF	food	127.03406	37.52802
엘에프푸드메종드구르메LF동관점	shop	127.03406	37.52802
엘에프푸드메종드구르메LF라움이스트점	shop	127.03409	37.52826
LFGS타워행사	shop	127.03734	37.50199
LG빛전자２	shop	127.02653	37.50911
LG키폰써비스	shop	127.03378	37.51830
LG전자 베스트샵 대치본점	shop	127.07055	37.49713
LG전자 플래그십 D5	shop	127.03961	37.52364
레코드커피로스터즈LH서울지역본부점	cafe	127.04098	37.51450
LIE SANGBONG	shop	127.04573	37.52437
더메이드Living	shop	127.02406	37.51117
LivingTel	stay	127.05991	37.50441
제우인터내셔날LMR도산점	shop	127.03720	37.52529
보드게임카페LOW	activity	127.04573	37.49530
레지던스M	stay	127.03974	37.50312
M3레드펍	bar	127.02457	37.50529
몰트앤캐스크maltandcask	bar	127.05763	37.52245
마나MANA	shop	127.05644	37.52317
롯데쇼핑롯데MARKET999주	shop	127.08256	37.49149
마르마나디MarmaNadi	activity	127.05290	37.49769
마테리오갤러리MATERIAUXGALLERY	shop	127.02910	37.50069
해머스미스강남MBC점	cafe	127.03193	37.50705
MCM HAUS	shop	127.04188	37.52715
세븐역삼MG스타점	shop	127.04824	37.50476
세븐일레븐역삼MG	shop	127.04824	37.50476
앤하우스메가MGC커피	cafe	127.05916	37.51183
쪼르르miniteacuppuppy	shop	127.02128	37.51903
MK상사	shop	127.05916	37.51183
에프앤에프MLB	shop	127.04043	37.50623
MLB 가로수길점	shop	127.02284	37.51980
MLB 강남사옥점	shop	127.03104	37.49820
카프킥복싱MMA강남	activity	127.04165	37.51544
mmn(미미네)	cafe	127.04395	37.52094
Mod9 도산	shop	127.03473	37.52313
몽쁘블랑제리MONPEU	food	127.03953	37.51426
moumoucosmetic	shop	127.03928	37.52142
MOZU	food	127.04211	37.51857
MUJI 파르나스몰점	shop	127.06081	37.50919
오뎅n카레	food	127.05371	37.50361
더그릭베어강남N	cafe	127.03237	37.49993
동화고옥강남N점	food	127.03237	37.49993
반포식스강남N	food	127.03237	37.49993
빌리엔젤강남N	food	127.03237	37.49993
수수커피강남N	cafe	127.03237	37.49993
야마야푸즈서비스야마야강남N	food	127.03237	37.49993
자매의부엌마켓N	food	127.02201	37.52093
한와담블랙강남N	food	127.03237	37.49993
호박식당강남N	food	127.03237	37.49993
오렌즈N카린 CGV 강남점	shop	127.02634	37.50164
N.S.E.Korea	shop	127.05023	37.50387
나비naabii	shop	127.06591	37.49962
코엑스NBA	shop	127.05916	37.51183
재주NBCompany	shop	127.02929	37.49766
NC강남대로점	shop	127.02634	37.50165
NC신분당선	shop	127.02831	37.49816
폴바셋NC타워	food	127.05821	37.50779
오렌즈N카린CGV점	shop	127.02634	37.50165
세븐NEWWAVE역삼점	shop	127.04152	37.50433
NHDH플라워	shop	127.11040	37.46443
나인밧NINEBAT	shop	127.03794	37.52550
루쏘갤러리No.2	shop	127.04723	37.52525
베르사크룸대치No.2	stay	127.05453	37.49793
노르다NORDA	food	127.04662	37.49594
NOS7	shop	127.02039	37.52170
라운지O	food	127.02605	37.52557
신도OA	shop	127.05007	37.47378
아디다스OCS코엑스	shop	127.05916	37.51183
마담주OFFICIAL	shop	127.04726	37.52265
오브노트서울OFNOTE.SEOUL	cafe	127.03245	37.51662
OK축산유통	shop	127.06368	37.50101
ON플라워	shop	127.05470	37.48541
아식스ONITSUKATIGER가로수길	shop	127.02188	37.52154
onlywon	shop	127.02425	37.52034
오뉴플로라ONUflora	shop	127.06532	37.51634
오사청담OSACheongdam	food	127.04268	37.52464
Ost오스트	shop	127.05002	37.51306
오엑스그릴OXG	food	127.04570	37.48433
필립P.T.S	activity	127.03499	37.52674
강남탑PC방	activity	127.03546	37.49489
논현PC	activity	127.03461	37.50800
독스PC방	activity	127.08181	37.48927
동네PC	activity	127.03951	37.49662
레드포스PC아레나	activity	127.02514	37.50416
레벨업PC	activity	127.06391	37.49956
레벨업PC방	activity	127.03181	37.51526
레벨업PC방매봉점	activity	127.04487	37.48579
매직엔PC방	activity	127.04726	37.47894
미슐랭PC	activity	127.05427	37.51060
바나나PC카페	activity	127.10318	37.48676
사운드PC	activity	127.03451	37.49836
셰프PC방	activity	127.02948	37.49773
오즈쓰리팝PC방	activity	127.02907	37.52670
이스포츠PC방강남	activity	127.08411	37.48997
제너스PC	activity	127.06134	37.49399
제로백PC방	activity	127.05063	37.51253
제일PC과일나라과일천국	activity	127.02503	37.51041
친친PC방	activity	127.02786	37.51076
케이앤에이치제로백PC	activity	127.03930	37.49247
콤마PC카페	activity	127.02819	37.52619
탑플레이스PC방언주역점	activity	127.03374	37.50841
파빌리온PC카페	activity	127.05904	37.49862
포텐PC	activity	127.03746	37.52834
피크PC방압구정	activity	127.03807	37.52817
피크PC방역삼	activity	127.04136	37.50047
픽PC방	activity	127.04133	37.51627
긱스타PC&올툰만화카페	activity	127.04691	37.50522
단골PCCafe	activity	127.02888	37.52608
pga골프앤레포츠	shop	127.02060	37.52288
PGA골프클리닉	activity	127.04877	37.47910
PGA스포츠피지에이	activity	127.05613	37.50582
본사PGA&LPGA	shop	127.03217	37.50998
식물관PH	heritage	127.09435	37.48269
김소영POTTERY	shop	127.02700	37.52313
PR성형외과의원	shop	127.02338	37.51735
르까프ProShop	shop	127.06484	37.50306
강PT	activity	127.04019	37.48922
굿피티PT헬스	activity	127.03330	37.48980
로그짐PT	activity	127.05202	37.50421
룡코치PT하우스	activity	127.05077	37.51938
리미트리스짐PT	activity	127.04517	37.49486
리우PT	activity	127.04842	37.49923
머슬마인드PT	activity	127.03794	37.49811
머슬마인드PT강남	activity	127.04076	37.51769
바른PT	activity	127.02096	37.51282
버핏그라운드PT삼성	activity	127.05660	37.50810
버핏그라운드PT한티역	activity	127.05156	37.49989
어반필드PT	activity	127.03242	37.49777
여성전용비더원PT	activity	127.03552	37.49408
온리원PT스튜디오	activity	127.03624	37.50686
유니크바디PT압구정	activity	127.03481	37.52301
챔스PT	activity	127.03463	37.48620
테라PT언주역점	activity	127.03461	37.50800
파프짐개포PT	activity	127.05973	37.48360
훈짐PT	activity	127.05991	37.48373
빌드업피트니스PT&골프언주역점	activity	127.03328	37.50955
스포니스PT&헬스	activity	127.04034	37.50885
점핑PT&샐러드	activity	127.03163	37.50759
압구정PTstudio	activity	127.03530	37.52878
온유어짐PTstudio압구정	activity	127.03013	37.52724
베러댄나우PTSTUDIO언주	activity	127.03549	37.50681
PVH CK언더웨어 가로수	shop	127.02241	37.51872
문노래바Q	bar	127.04781	37.50528
뱅뱅노래바Q	bar	127.03320	37.49089
싱싱노래바Q	bar	127.04766	37.50520
알마니노래바Q	bar	127.03974	37.50312
오페라하우스노래바Q	bar	127.04743	37.50514
웨이브노래Q	bar	127.03505	37.49855
탑시크릿노래바Q	bar	127.03250	37.49029
R고기	food	127.04482	37.52622
R카페	cafe	127.02784	37.50069
샤브보트R강남뱅뱅	food	127.03284	37.48966
제이R컴퍼니	shop	127.03757	37.49619
리복RCS코엑스	shop	127.05916	37.51183
ReflectCreation	shop	127.02626	37.52283
롤리폴리꼬또rolypolycotto	food	127.04226	37.51153
루틴잇routineit	cafe	127.02589	37.52192
RPM	cafe	127.03903	37.52671
파르마RX센터	shop	127.03248	37.52290
강남피스톤S체대입시	activity	127.04006	37.52245
에스S골프아카데미	activity	127.02681	37.50751
더S.S골프	shop	127.04778	37.52088
이시야S&D	bar	127.02418	37.50813
세븐S3일원역점	shop	127.08445	37.48408
세븐일레븐S3일원역점	shop	127.08446	37.48402
사우커피바SAUCoffeebar	food	127.03537	37.49374
SBS노래연습장	activity	127.04448	37.48541
압구정SDTelecom	shop	127.03816	37.52605
쎄컨드플로어secondfloor	cafe	127.04658	37.50324
영영영영seoul	food	127.01967	37.51912
짱구SFOOD	food	127.02906	37.49628
SG스크린골프	activity	127.07911	37.49324
SI 사카이 청담	shop	127.04151	37.52568
SJ쿤스트할레	heritage	127.03492	37.52051
마인SJ	shop	127.06421	37.50031
청담애비뉴S，J，K	shop	127.05070	37.52496
현대무역SJSJ	shop	127.05976	37.50862
SJSJ 현대백화점 무역센터점	shop	127.05977	37.50862
씨유논현SK점	shop	127.04060	37.51669
씨유선릉SK	shop	127.04911	37.50343
SL 포터 강남	shop	127.02603	37.50207
세븐강남SLI점	shop	127.05118	37.49844
세븐일레븐강남SLI점	shop	127.05118	37.49844
SmartFriends 강남역지하쇼핑센터점	shop	127.02831	37.49817
한림SMF서울만두현대	food	127.02747	37.52737
한림SMF서울만두현대무역	food	127.05976	37.50862
SMFIT운동센터	activity	127.03856	37.49194
에스엠하우스SMHOUSE	stay	127.03408	37.50179
소쿠리베니스SOCURIVENICE	cafe	127.04658	37.50324
Solar901	shop	127.03719	37.52514
SOLB 스타필드 코엑스몰점	shop	127.05916	37.51182
SPA 1978	activity	127.06533	37.50658
파리크라상라그릴리아비스트로바SPC	food	127.02980	37.49438
강남지역자활센터SR카페테리아	cafe	127.10388	37.48693
레전드트레이닝센터SR	activity	127.02123	37.51768
SSG청담점	shop	127.04412	37.52331
공차SSG푸드마켓	cafe	127.05512	37.48984
아영에프비씨신세계SSG청담점	shop	127.04412	37.52331
이마트SSG 도곡	shop	127.05491	37.48942
에넥스ST	shop	127.02477	37.51186
Supreme도산	shop	127.03639	37.52454
스시Sushi702	food	127.02774	37.52448
스윗써머sweetsummer	food	127.03300	37.50154
T1 HQ SHOP	shop	127.04280	37.51251
T1Cafe&Arena	shop	127.04260	37.51246
탕고TAANGO	food	127.03214	37.52856
티씨케이컴퍼니TCKCompany	food	127.04950	37.52715
티의수채화TEA.CHAE	cafe	127.08181	37.48927
댓커피THATCOFFEE	cafe	127.04658	37.50324
The신사뷰티	shop	127.02605	37.51846
삼청골명가The수제비	food	127.03276	37.51556
THE바른몸	activity	127.04183	37.50994
일원동삼성병원스테이THE쉼	stay	127.08391	37.48988
The Round	food	127.04254	37.52307
더드리머THEDREAMER	shop	127.04526	37.50380
TheOmni	shop	127.04500	37.52485
theory	shop	127.02747	37.52737
강남ThePsalms	food	127.10672	37.46378
현대무역THW톰브라운여성	shop	127.05976	37.50862
TJ움직이는편의점	shop	127.03035	37.51019
타임TM	activity	127.03630	37.52752
한일TM	shop	127.03678	37.50931
TMAG	shop	127.03318	37.52215
탑디스TOP10	shop	127.05129	37.52621
Toypalace	shop	127.03792	37.52663
마이룸TV	activity	127.05534	37.52179
TWG Tea 압구정 안다즈점	shop	127.02887	37.52532
퓨전술집U	food	127.02566	37.50356
U.F.O	activity	127.02184	37.51767
U.N.D퍼스널트레이닝센터	activity	127.04506	37.52425
신세계인터내셔날UGG도산	shop	127.03735	37.52437
UNIL프리미엄샵유닐	shop	127.03715	37.52551
UNIT롯데유닛	shop	127.05326	37.49698
유라노스강남UranusGangnam	food	127.03599	37.48637
롯데강남스케쳐스USA	shop	127.05326	37.49698
USS2	shop	127.02510	37.51914
서울일러스트레이션페어V.21	event	127.05920	37.51187
스토비V.O	bar	127.04575	37.52310
브이V12	shop	127.05976	37.50862
엘엑스컴퍼니V12도산	shop	127.02766	37.51912
VANS 스타필드 코엑스몰점	shop	127.05916	37.51182
비노스앤vinos	shop	127.04222	37.52191
채널VJ노래방	activity	127.03783	37.52636
보이스캐디VSE	activity	127.11415	37.47424
브브스VVS	cafe	127.02161	37.52034
엉넬W	shop	127.02717	37.50901
피규어뮤지엄W	heritage	127.04039	37.52580
왑WAP	bar	127.03772	37.52616
청담더블유비비청담WBB	food	127.04147	37.52613
갤러리아westJuun.J	shop	127.04005	37.52848
칼하트WIP 신사점	shop	127.02247	37.52008
칼하트WIP 압구정점	shop	127.03940	37.52639
칼하트WIP 스타필드 코엑스몰점	shop	127.05916	37.51182
더블유라운지WLounge	bar	127.05620	37.50935
WoooM	shop	127.02153	37.51928
비알배스킨라빈스WORKSHOP	food	127.04090	37.48590
골뱅이신사x장어야	food	127.02184	37.51866
닭발여행x윤이불닭발	food	127.02830	37.49982
더멤버십짐x토탈케어컴퍼니	activity	127.04076	37.51645
멘션X	bar	127.03810	37.52594
카페인더무드X무드베지	cafe	127.08172	37.49084
카페인더무드X무드베지	cafe	127.05564	37.50403
엑스날XNAL청담	shop	127.04201	37.51823
Y빌딩	stay	127.02867	37.50087
연YEON	food	127.04239	37.50579
예스터데이즈곤Yesterday'sGone	food	127.05561	37.51103
YM모바일	shop	127.02806	37.49862
강남YM리빙텔	stay	127.03147	37.50091
세븐강남YMCA점	shop	127.03596	37.51006
세븐일레븐강남YMCA점	shop	127.03596	37.51006
ZARA 스타필드 코엑스몰점	shop	127.05916	37.51182
ZARA HOME 스타필드 코엑스몰점	shop	127.05916	37.51182
주이ZUI	food	127.03773	37.52723
