大전주정육식당	food	127.73172	34.73992
頻遠潔짱	food	127.70479	34.75360
가고파민박	stay	127.76640	34.65347
가나다	cafe	127.73609	34.74142
가나분식	food	127.71944	34.73342
가나여수기정떡집	food	127.65027	34.76117
가득피자	food	127.65156	34.76123
가든골프존	activity	127.70479	34.75326
가든식당	food	127.70479	34.75326
가든피어	stay	127.78241	34.66974
가든회관	food	127.66429	34.76011
가든횟집	food	127.74407	34.77547
가람복집	food	127.64087	34.77149
가람주방생활용품	shop	127.66413	34.76426
가린	shop	127.63898	34.76858
가림갤러리	shop	127.74830	34.66687
가릿랑고스	food	127.73442	34.74132
가마솥별미	food	127.62615	34.74110
가마솥볶음밥	food	127.70804	34.75257
가마촌	food	127.69521	34.75514
가마치통닭	food	127.63863	34.76469
가마치통닭	food	127.65618	34.76225
가마치통닭무선점	food	127.65113	34.77280
가마치통닭여서점	food	127.70110	34.75050
가마치통닭여수	food	127.70245	34.77122
가마치통닭여수소호점	food	127.65216	34.74465
가마치통닭여수신기점	food	127.67853	34.76387
가막만횟집	food	127.62250	34.68871
가맛죽	food	127.67607	34.75920
가발포인트	shop	127.66224	34.76622
가배목	food	127.67526	34.76290
가버나움	shop	127.66798	34.75937
가보리식당	food	127.68186	34.82634
가보자포차	food	127.70120	34.75058
가사리꽃님이네	food	127.59949	34.74878
가사리산책로카페	cafe	127.59568	34.74829
가산자원	shop	127.63536	34.78235
가온	food	127.66881	34.76073
가온센텀	shop	127.66991	34.76224
가요무대	activity	127.66816	34.75978
가우디힐링민박	stay	127.73285	34.64515
가을커피숍	cafe	127.72809	34.74140
가자세계주류할인점	shop	127.73115	34.74135
가장맛있는족발	food	127.74960	34.72033
가장맛있는족발	food	127.71238	34.72663
가장맛있는족발	food	127.63576	34.76374
가장맛있는족발	food	127.70018	34.75036
가장맛있는족발웅천점	food	127.67001	34.74654
가정상회	shop	127.56457	34.65654
가정식당	food	127.72795	34.74411
가족	food	127.67735	34.76229
가족건강원	shop	127.69590	34.75059
가죽스러움	shop	127.66974	34.76111
가즈아	stay	127.75796	34.70288
가챠쿠지야	shop	127.73467	34.74161
가치커피	cafe	127.65566	34.75323
가토호스텔	stay	127.74052	34.74300
가향	food	127.75503	34.71767
간바레니카상여수분점	food	127.67051	34.74626
간식타임	cafe	127.66498	34.76415
간이꼬치구이	bar	127.71212	34.73077
간이역봉계역점	bar	127.68966	34.78388
간이역봉산역점	bar	127.72370	34.73433
간이역선소역점	bar	127.67259	34.75997
간이역소호점	bar	127.65179	34.74454
간이역역	bar	127.66516	34.75918
간이역충무점	bar	127.73125	34.74108
갈릴리회관	food	127.55902	34.82455
갈매기횟집	food	127.74470	34.77794
갈바람	stay	127.66216	34.57138
갈치랑해물이랑	food	127.57946	34.88374
갈치조림기똥차게맛있는집	food	127.78672	34.60658
갈치조림기똥차게맛있는집푸른파도	food	127.78672	34.60658
감도가든횟집	food	127.56448	34.72519
감성낙곱새	food	127.70242	34.75306
감성술집	food	127.71542	34.75623
감성죽이네	bar	127.69039	34.78469
감성커피여수	cafe	127.61399	34.84023
감성커피여수	cafe	127.70237	34.77305
감자뭉케이스	shop	127.73557	34.74154
감초건강원	shop	127.67255	34.76090
감탄	food	127.70337	34.75365
갑돌갑순	bar	127.64919	34.77525
갑돌이	food	127.64919	34.77525
갑순이네	shop	127.72830	34.74154
갑순이네실내마차	bar	127.70965	34.75721
갑순이룸소주방	bar	127.64919	34.77525
갑이농장정육식당	food	127.59328	34.80315
갓고을	activity	127.78680	34.63988
갓고파김치	shop	127.74651	34.72051
갓라멘	food	127.74397	34.74688
갓버터도나스	cafe	127.73589	34.74097
갓커피	cafe	127.71556	34.75725
갓튀긴후라이드여수	food	127.65636	34.76135
강경화수라간	shop	127.68275	34.75049
강남	bar	127.65042	34.77650
강남국밥	food	127.75425	34.71985
강남노래연습장	activity	127.63555	34.76219
강남스타일	shop	127.73217	34.74172
강남앤필술마시는노래방	bar	127.65042	34.77650
강남전기	shop	127.76057	34.66831
강남집	food	127.66687	34.76363
강남팥죽	food	127.66989	34.76141
강남횟집	food	127.74899	34.72110
강다짐	food	127.70323	34.75357
강다짐	food	127.74309	34.75329
강동민박	stay	127.31061	34.02505
강동횟집	food	127.31061	34.02505
강찌개	food	127.73257	34.82466
강촌토종닭숯불구이	food	127.67001	34.74654
강촌토종닭숯불구이여수	food	127.63604	34.76451
개그웅천점	shop	127.67051	34.74626
개나리꽃농원	shop	127.66992	34.76522
개나리오두막	food	127.70582	34.75455
개도	nature	127.66577	34.56976
개도민박	stay	127.66861	34.58006
개도사랑펜션	stay	127.66885	34.57961
개도상회	food	127.66233	34.57154
개도식당	food	127.72181	34.61570
개도지역발전협의회	shop	127.66286	34.57136
개도집	bar	127.72851	34.73899
개도편의점	shop	127.67197	34.56966
개미양념	shop	127.73178	34.73860
개선스포츠특판	shop	127.66242	34.77209
개성시대	shop	127.72879	34.74109
개화	food	127.73114	34.74097
객석	bar	127.70517	34.75455
갤러리	bar	127.73125	34.74108
갤러리민박	stay	127.73844	34.74721
갤러리백야	shop	127.61765	34.67833
갤러리수	shop	127.74412	34.75081
갤러리안	cafe	127.74571	34.71865
갤러리죽카페	food	127.62801	34.74162
갤러리카스	shop	127.69980	34.75037
갤러리카페파인	food	127.65216	34.79098
갤러리휴	shop	127.70495	34.75444
갤럭시당구장	activity	127.65894	34.75715
갤럭시스포츠주	activity	127.64100	34.79127
갯가솔향민박	stay	127.77549	34.68110
갯마을	shop	127.66264	34.57109
갯마을장어탕	food	127.72069	34.73262
갯바위	food	127.72420	34.73488
갯벌낙지	food	127.70668	34.76786
갯벌낙지수제비	food	127.65158	34.74400
갱번상회	shop	127.54127	34.60773
갱불	food	127.80465	34.59471
갱순이포차	bar	127.72408	34.73224
거기	food	127.74309	34.75329
거기마트	shop	127.70180	34.76698
거기책방다섯	shop	127.73675	34.74053
거닐다봄커피숍	cafe	127.65923	34.76705
거래처	food	127.70355	34.75442
거래처	food	127.70672	34.75096
거문건어물	shop	127.31055	34.02779
거문당구장	activity	127.30969	34.02844
거문대교	heritage	127.30179	34.05640
거문도	nature	127.30895	34.02749
거문도	food	127.67309	34.76087
거문도맛집	food	127.70700	34.75378
거문도먹거리	shop	127.31131	34.02664
거문도섬호텔	stay	127.30329	34.01989
거문도수산	shop	127.73834	34.73845
거문도스킨스쿠바	activity	127.30542	34.02744
거문도식당	food	127.55630	34.82203
거문도실내마차	food	127.70438	34.75515
거문도은빛수산	shop	127.31124	34.02696
거문도의아침	shop	127.31431	34.04534
거문도해물포차	food	127.64930	34.77400
거문도해수욕장	beach	127.30431	34.01997
거문도해풍쑥쑥차체험판매장	shop	127.29832	34.05578
거문도해풍쑥힐링체험장	activity	127.29587	34.05559
거문슈퍼	shop	127.31075	34.02760
거문식당	food	127.31014	34.02780
거문장	stay	127.31047	34.02811
거문황토민박	stay	127.31097	34.02724
거미대문	stay	127.63973	34.61812
거부기빵	food	127.74153	34.73059
거북선	food	127.70018	34.75036
거북선공원	nature	127.66672	34.76059
거북선대교	heritage	127.74951	34.73644
거북선민물장어	food	127.71834	34.73267
거북선상회	food	127.74133	34.73739
거북선상회	food	127.73927	34.74105
거북선상회	food	127.73578	34.74028
거북선상회포차	bar	127.73663	34.74062
거북선어	food	127.73817	34.73800
거북선통닭	shop	127.72908	34.74211
거북선호	activity	127.73952	34.73282
거북선호매점	shop	127.75312	34.75415
거북선호스텔	stay	127.72315	34.73474
거북선횟집	food	127.75480	34.71618
거북슈퍼	shop	127.80477	34.59515
거북이	bar	127.66397	34.75884
거북이는울지않아	food	127.66668	34.76300
거북이동산	food	127.72406	34.73805
거북이슈퍼	shop	127.72239	34.74262
거북이식당	food	127.72236	34.72868
거북횟집	food	127.80477	34.59515
거상	food	127.70237	34.77305
거상	bar	127.66556	34.75928
건강녹즙	shop	127.66930	34.75971
건강보조식품소매업	shop	127.74413	34.75482
건강샘	shop	127.72944	34.74021
건강스포츠	activity	127.65152	34.74422
건강신발엠에스존	shop	127.73369	34.74050
건강약국	shop	127.65013	34.77265
건강을담은국수	food	127.66531	34.75894
건강의료기	shop	127.72834	34.74279
건강이야기	shop	127.69702	34.74840
건강이야기	shop	127.66410	34.76114
건널목	bar	127.72949	34.74011
건로직스	shop	127.60020	34.88472
건배노래타운	bar	127.70397	34.75240
건설유리	shop	127.74399	34.74750
건어물중매인１１５호	shop	127.72635	34.73022
건우컬쳐클럽	shop	127.70616	34.75104
건종롯데마트	shop	127.65148	34.77685
걸작떡볶이	food	127.66053	34.76702
걸작떡볶이여수	food	127.73235	34.74134
걸작떡볶이여수여서점	food	127.70124	34.75228
검은나비	bar	127.70032	34.75062
검은모래횟집	food	127.74459	34.77575
게로스	cafe	127.63917	34.76437
게미집	food	127.66672	34.75839
게스	shop	127.66837	34.75971
게스	shop	127.73392	34.74159
게스언더웨어	shop	127.66581	34.75913
게스트노래연습장	activity	127.64390	34.77380
게임랜드	activity	127.67893	34.74912
게장명가장가남도	food	127.73316	34.74081
겔마미라클여수가호방	shop	127.72119	34.73049
겨비창고	food	127.64987	34.76074
결	cafe	127.65914	34.76053
결	shop	127.65751	34.75844
경기상회	shop	127.72903	34.74170
경남국밥	food	127.71163	34.75239
경남실내마차	food	127.74375	34.74850
경도매점	shop	127.72195	34.72686
경도비티에스	shop	127.71979	34.72670
경도치킨	food	127.72728	34.71751
경도풍경횟집	food	127.72762	34.71763
경도회관	food	127.65806	34.74671
경도회관	food	127.72182	34.72180
경도회관	food	127.65723	34.75736
경동	food	127.66064	34.76526
경복궁	food	127.65549	34.75336
경북상회	shop	127.31039	34.02538
경성기업	shop	127.75232	34.78882
경원이네	food	127.70435	34.75496
경전상회	shop	127.73256	34.74059
경진식당	food	127.63177	34.79785
경화찻집	cafe	127.72894	34.74147
경희분식	food	127.72309	34.73291
경희엔오몰	shop	127.73420	34.74056
계동마트	shop	127.79274	34.66496
계동치킨	food	127.72253	34.73331
계동치킨여문점	food	127.70700	34.75378
계동치킨여서점	food	127.70582	34.75455
계동횟집	food	127.79287	34.66446
계명치킨	food	127.57956	34.88205
고	bar	127.66428	34.75829
고가네실내마차	food	127.74834	34.74462
고가밀면	food	127.74359	34.74702
고갯마루	bar	127.65034	34.77392
고고노래연습장	activity	127.70958	34.77010
고고마차	food	127.69433	34.75478
고고모바일	shop	127.67537	34.74143
고고삼합	food	127.72411	34.73582
고고차이나	food	127.66626	34.75808
고구려노래타운	bar	127.66428	34.75829
고궁갤러리	shop	127.76348	34.67647
고궁노래타운	bar	127.66397	34.75884
고궁파크	stay	127.70753	34.75491
고궁포차	bar	127.72411	34.73582
고기궁전	food	127.67455	34.75771
고기랑해물이랑	food	127.69300	34.75466
고기사랑숯사랑	food	127.73023	34.74235
고기싸롱여수	food	127.65118	34.76121
고기써는놈	shop	127.71425	34.75817
고기써는놈도원점	shop	127.65003	34.76117
고기써는놈신기점	shop	127.67409	34.76221
고기의신정육점	shop	127.70475	34.77091
고기주세요	food	127.63369	34.76216
고기창고	food	127.63592	34.76186
고기총각	shop	127.64086	34.77370
고기한낙지	food	127.63819	34.76298
고노래타운	bar	127.70092	34.75087
고니물상	shop	127.60482	34.78490
고도	food	127.31058	34.02575
고도민박	stay	127.30981	34.02777
고돈가제주흑돼지	food	127.69877	34.74988
고락산	nature	127.69549	34.76083
고래맥주창고여수웅천점	food	127.67088	34.74627
고래사냥	bar	127.72542	34.73477
고래식당	food	127.75202	34.71915
고래실	food	127.70952	34.75138
고래와새우	food	127.70082	34.75063
고려건강원	shop	127.66619	34.76529
고려마트	shop	127.67541	34.76296
고려삼계탕	food	127.69436	34.74982
고려식당	food	127.73455	34.73980
고려커튼	shop	127.67480	34.76262
고려홍삼건강식품원	shop	127.72955	34.74194
고로고로	shop	127.73282	34.74156
고루모도시락여수	food	127.63720	34.76545
고맥가	food	127.69999	34.75156
고메다와라	food	127.68042	34.74796
고미	shop	127.57107	34.87941
고박사	shop	127.65050	34.77759
고박스	food	127.74470	34.73887
고봉민김밥인	food	127.71484	34.73036
고봉민김밥인미평점	food	127.70217	34.77171
고봉민김밥인쌍봉점	food	127.66168	34.76623
고삼고기와삼합	food	127.74175	34.73814
고소담	stay	127.74110	34.73834
고소대	heritage	127.73886	34.74007
고소먹방	food	127.73907	34.73892
고소먹방	food	127.66697	34.75811
고수라김밥	food	127.66299	34.75818
고스타	bar	127.70032	34.75062
고요림	shop	127.73629	34.74089
고운색동	shop	127.72768	34.74315
고운손이쁜손뜨개샵	shop	127.67046	34.76118
고운채스테이	stay	127.63184	34.79022
고유흥주점	bar	127.70092	34.75087
고은패션	shop	127.72862	34.74179
고을분식	food	127.65910	34.76759
고인돌맛집	food	127.64596	34.77676
고진이가	stay	127.62991	34.71648
고추	bar	127.70292	34.75325
고파남푸드	food	127.66947	34.76114
고향노래연습장	activity	127.73404	34.82746
고향맛집	food	127.66184	34.76489
고향맛집	food	127.73193	34.73906
고향문구	shop	127.69771	34.74889
고향민속식당	food	127.74420	34.74774
고향생오리	food	127.72126	34.73361
고향식당	food	127.73109	34.73716
고향집뚝배기	food	127.72131	34.73256
고향집뚝배기	food	127.66617	34.75815
고향횟집，고향모텔	food	127.80315	34.59471
고흥냉동	shop	127.65240	34.77336
고흥떡방앗간	food	127.70958	34.77010
고흥분식	food	127.72309	34.73291
고흥상회	shop	127.73256	34.74059
고흥수산	food	127.72137	34.73209
고흥수퍼	shop	127.72679	34.74780
고흥슈퍼	shop	127.74522	34.72890
고흥화원	shop	127.73047	34.74271
고희	shop	127.66926	34.76118
곡성당	shop	127.72798	34.74080
곡성식당	food	127.74132	34.74124
곡성집	food	127.73176	34.73814
곡성집	bar	127.72327	34.73731
곤드레찜드레	food	127.66582	34.75800
골드귀걸이	shop	127.70730	34.75421
골드노래타운	bar	127.72390	34.73110
골드노래타운	bar	127.66401	34.75849
골드문	cafe	127.75186	34.74581
골드보석	shop	127.70619	34.75354
골드스퀘어	shop	127.65148	34.77685
골드앤골드	shop	127.66237	34.76512
골드통신	shop	127.65072	34.77679
골드트리	shop	127.55654	34.85115
골드피시존	activity	127.65152	34.74422
골드핑거	shop	127.66859	34.75960
골든	shop	127.75042	34.74353
골든노래	bar	127.75041	34.74353
골든바블랙	bar	127.66341	34.75758
골든식당	food	127.75042	34.74353
골라모바일	shop	127.66914	34.75978
골목길식탁	food	127.74177	34.74144
골목대장	food	127.64979	34.77296
골목돼지	food	127.66653	34.76390
골목마차	food	127.66507	34.76491
골목비어	bar	127.64637	34.77316
골목식당	food	127.73689	34.74060
골목집	food	127.72093	34.73213
골목집식당	food	127.73072	34.73877
골목짬뽕	food	127.65654	34.76249
골목카페	cafe	127.66061	34.76035
골목포차	bar	127.66822	34.76230
골뱅이닭컴	food	127.73661	34.74071
골프앤밥	food	127.72046	34.72618
골프존소라	activity	127.63518	34.76219
골프존파크둔덕나이스점	activity	127.70432	34.78751
골프존파크소라관기점	shop	127.62898	34.74805
골프존파크소호디오션리조트점	activity	127.64333	34.73339
골프존파크어썸점	activity	127.71239	34.74914
골프존파크오림점	activity	127.71540	34.75849
골플렉스	shop	127.68542	34.75870
곰돌이	bar	127.70516	34.75344
곰세마리	cafe	127.66939	34.76413
곰세마리행복연구소	food	127.74413	34.75482
곱창담우여수	food	127.67273	34.74629
곳간	food	127.70214	34.77278
공간	food	127.73231	34.74149
공단전자담배	shop	127.66255	34.76980
공때리는당구클럽	activity	127.70424	34.75404
공룡이꼬마김밥	food	127.64485	34.76024
공부가양	food	127.64867	34.77628
공예나라	shop	127.63085	34.79665
공원길카페	food	127.58818	34.82336
공원다방	cafe	127.66633	34.76061
공원민박	stay	127.30712	34.02340
공원스포츠	shop	127.70131	34.75005
공원약국	shop	127.64802	34.77505
공원커피숍	cafe	127.66633	34.76061
공주수산	shop	127.73693	34.73944
공주칼국수쭈꾸미구이	food	127.70571	34.77068
공주칼국수쭈꾸미구이	food	127.65585	34.74918
공차여수	cafe	127.66593	34.76030
공차여수웅천점	cafe	127.67088	34.74627
공차여수해양공원	cafe	127.74133	34.73739
공한약국	shop	127.72972	34.74224
공항간이	shop	127.61210	34.84062
공화동우무집	food	127.74142	34.74501
공화맥시칸치킨	food	127.74097	34.74238
과일에빠지다	shop	127.65208	34.74458
과일에빠지다커피숍	cafe	127.65208	34.74458
과일의숲	food	127.74570	34.72906
과일참좋다	shop	127.71683	34.72999
과일파는삼촌	shop	127.61000	34.74086
관광민박	stay	127.30692	34.02361
관기	shop	127.62343	34.74894
관기상회	shop	127.62738	34.74859
관기소매점	shop	127.62836	34.74779
관호	food	127.66821	34.75991
관혼상제	food	127.72830	34.74154
광광식당	food	127.30692	34.02361
광금당	shop	127.66453	34.76044
광명공조	shop	127.72802	34.75295
광명대창집여수	food	127.66489	34.75830
광명수산	shop	127.70899	34.75140
광명식당	food	127.66466	34.76420
광목이야기	shop	127.65512	34.75048
광무집	bar	127.73020	34.74100
광삼이식당	food	127.65197	34.79029
광성호	activity	127.76082	34.59363
광암슈퍼	shop	127.53600	34.81182
광양불고기	food	127.73336	34.74054
광양숯불갈비	food	127.65568	34.76577
광양숯불고기	food	127.64838	34.77548
광양포새마을	shop	127.69804	34.88967
광어의전설	food	127.69388	34.76852
광어의전설	food	127.63938	34.76414
광어한마리	food	127.67274	34.74659
광영건강원	shop	127.74262	34.73864
광운미곡	shop	127.74518	34.74446
광운식당	food	127.72349	34.72952
광장	food	127.73645	34.74043
광장댁	stay	127.73640	34.74007
광장먹거리	bar	127.73640	34.74007
광장미가	food	127.73516	34.73975
광장서대회	food	127.73320	34.73982
광장서대회	food	127.74439	34.73852
광조민박	stay	127.73121	34.52807
광주건강원	shop	127.71649	34.72969
광주사	shop	127.72801	34.74065
광주상회	shop	127.71715	34.73001
광주해장국	food	127.72360	34.73416
광진맛집	food	127.72158	34.73201
광한루춘향골	food	127.73176	34.73814
광희네선어	shop	127.73176	34.73814
교동떡방앗간	food	127.73003	34.73994
교동삼천리자전거	shop	127.73157	34.73889
교동수산식품	shop	127.73046	34.73951
교동식당	food	127.72999	34.73934
교동야식	food	127.73198	34.74005
교동여관	stay	127.73111	34.73882
교동연쇄점	shop	127.73074	34.73895
교동족발	food	127.65197	34.77280
교동커피집	cafe	127.73487	34.74147
교동큰약국	shop	127.73102	34.74004
교육예술협동조합교문	activity	127.65954	34.76082
교촌치킨	food	127.70961	34.72462
교촌치킨	food	127.70242	34.75306
교촌치킨	food	127.65108	34.76072
교촌치킨덕충점	food	127.74309	34.75329
교촌치킨돌산점	food	127.75229	34.71946
교촌치킨둔덕점	food	127.69407	34.76859
교촌치킨신기점	food	127.67143	34.75821
교촌치킨여서점	food	127.70510	34.75296
교촌치킨웅천점	food	127.67001	34.74654
교촌치킨죽림무선점	food	127.63956	34.76260
구공	cafe	127.64577	34.77654
구내매점	food	127.72828	34.72996
구든에너지	shop	127.64603	34.78073
구름속으로	stay	127.61277	34.69922
구백식당	food	127.73204	34.73875
구봉국수	food	127.72826	34.74202
구봉길	food	127.71304	34.73462
구봉산장	food	127.69577	34.75402
구봉산장식당	food	127.71204	34.73230
구봉전통참옷닭	food	127.72148	34.73273
구억식당	bar	127.53943	34.60505
구에펠탑	food	127.69461	34.75480
구오	bar	127.66613	34.75931
구이구이식당	food	127.74269	34.74464
구이랑회	food	127.73289	34.73683
구이오룸	shop	127.70788	34.75956
구제나라아이꼬야	shop	127.70775	34.75377
구팔칠이	cafe	127.67194	34.75808
국가네국밥	food	127.69257	34.75447
국가대표여서점	food	127.70208	34.75161
국가대표참숯고깃집	food	127.69410	34.75384
국가대표축산	shop	127.67416	34.74311
국가대표탁구장	activity	127.55418	34.87071
국가대표푸줏간	shop	127.67506	34.74915
국도상회	shop	127.72337	34.73082
국동낚시	shop	127.72385	34.73009
국동노래연습장	activity	127.71556	34.72896
국동신발	shop	127.71921	34.73307
국동이불	shop	127.71916	34.73299
국동칼국수	food	127.71031	34.72510
국동포차	food	127.71522	34.72874
국동항	nature	127.72138	34.72636
국동항수변공원	nature	127.72499	34.72780
국립여수해양기상과학관	heritage	127.74731	34.74736
국민대패	food	127.69411	34.75494
국민상회	food	127.73176	34.73814
국민서관	shop	127.69789	34.75461
국민식당	food	127.75229	34.71946
국민씽크제조원	shop	127.72744	34.74963
국민학교	bar	127.70786	34.76696
국밥이네	food	127.70582	34.75455
국밥한끼	food	127.67012	34.75909
국빈	food	127.70779	34.75192
국빈관	food	127.64850	34.77314
국뽕공단점국물에진심을담은짬뽕	food	127.68201	34.82710
국사랑여수	shop	127.63627	34.76815
국성	food	127.67206	34.76147
국수가맛있는집	food	127.66633	34.76061
국수나무	food	127.74309	34.75329
국수나무	food	127.66158	34.76673
국수당	food	127.64984	34.77742
국수앤밥	food	127.57938	34.88254
국수와김밥	food	127.67268	34.76023
국시	food	127.73310	34.73999
국일식당	food	127.73256	34.74059
국제마트	shop	127.72639	34.75540
국제상사	shop	127.73424	34.73993
국제스포츠	shop	127.65040	34.77775
국제스포츠여서점	shop	127.70154	34.75110
국제스포츠여수	shop	127.65040	34.77775
국제정여인숙	stay	127.74417	34.74688
국제할인마트	shop	127.66928	34.75918
국화향기	shop	127.65621	34.75421
군것질유통	shop	127.57903	34.88255
군내돌문어치킨	food	127.72168	34.61513
군내리횟집	food	127.66489	34.75930
군내약국	shop	127.72869	34.61660
군내치킨오리바베큐	food	127.72168	34.61513
군산수산횟집	food	127.66545	34.76374
군산횟집	food	127.72092	34.72635
군산횟집	shop	127.73290	34.73683
군장	food	127.65217	34.76073
굴전여가캠핑장	stay	127.76502	34.69244
굽네치킨	food	127.70286	34.75334
굽네치킨	food	127.64918	34.77288
굽네치킨	food	127.70594	34.75143
굽네치킨관문점	food	127.73166	34.74189
굽네치킨돌산점	food	127.74960	34.72033
굽네치킨미평점	food	127.70219	34.77210
굽네치킨봉산	food	127.72382	34.73559
굽네치킨여수	food	127.63663	34.76376
굽네치킨여수	food	127.67321	34.75705
굽네치킨여수웅천점	food	127.67804	34.74843
굿모닝약국	shop	127.72680	34.74024
굿모닝펜션민박	stay	127.58528	34.74394
굿뮤직	bar	127.65770	34.75670
굿샵	bar	127.74696	34.75083
굿샷스크린	activity	127.68958	34.78424
굿스테이	stay	127.74780	34.73296
굿썸모텔	stay	127.75026	34.71978
굿아로마화장품	shop	127.64134	34.77168
굿타임호스텔	stay	127.77506	34.69789
궁	bar	127.72152	34.73187
궁뎅이	shop	127.73148	34.74227
궁술마시는노래방	bar	127.66530	34.75801
궁전	food	127.73411	34.74139
궁전횟집	food	127.73164	34.73216
궁중분식	food	127.72242	34.73216
귀감	food	127.73662	34.74045
귀감당	shop	127.56130	34.85251
귀빈식당	food	127.72392	34.73413
귀한김치찜	food	127.67001	34.74654
귀한족발	food	127.65851	34.75750
그곳애	stay	127.59028	34.86373
그곳에가면	food	127.63463	34.76356
그날그꽃	shop	127.70931	34.76969
그날찻집	cafe	127.72862	34.74179
그녀의옷장	shop	127.70509	34.75170
그놈	shop	127.66913	34.76084
그놈포차	bar	127.69300	34.75466
그놈포차여수	bar	127.66575	34.75885
그대	bar	127.71039	34.75779
그라운드제이	shop	127.66886	34.76148
그라운드포스트	stay	127.75673	34.70616
그라티아	shop	127.67024	34.75990
그랑블루	activity	127.31362	34.04627
그랑블루	stay	127.77820	34.68768
그랑프리모텔	stay	127.72337	34.73136
그랑피아프	food	127.69885	34.74806
그래니푸드맛있는꼬마김밥	food	127.67526	34.75984
그래이스팬션	stay	127.58533	34.74420
그랜드골프클럽	activity	127.70814	34.74888
그랜드관광	stay	127.66470	34.75688
그랜마커피	cafe	127.72837	34.74611
그레니엘	shop	127.53626	34.82910
그레이룸소주방	bar	127.66458	34.75813
그로브	cafe	127.58331	34.73323
그로우	stay	127.56085	34.67816
그로우마인드	shop	127.66911	34.76144
그루브	food	127.63555	34.76219
그루브	food	127.70561	34.75400
그루브식당	food	127.70582	34.75455
그루비	stay	127.73965	34.73846
그루터협동조합	activity	127.69878	34.75037
그리고보이차	food	127.64149	34.72830
그리다	cafe	127.70412	34.75444
그리다	stay	127.74541	34.72022
그리담	shop	127.64840	34.77704
그리드	shop	127.66907	34.76045
그리운바다	cafe	127.78085	34.69034
그린골프클리닉	activity	127.72469	34.73082
그린나래	food	127.80056	34.59363
그린루체	stay	127.69964	34.78332
그린씽크	shop	127.72993	34.74120
그린장여관	stay	127.72744	34.74147
그린조이	shop	127.65636	34.76135
그린조이여수	shop	127.73338	34.74162
그린팜	shop	127.65461	34.75067
그린팜식자재	shop	127.71896	34.73371
그린펄	bar	127.73046	34.74240
그린하우스	stay	127.58486	34.74440
그림	cafe	127.63804	34.76232
그림정원	stay	127.74042	34.74333
그림횟집	food	127.74455	34.77621
그믐	shop	127.73351	34.74142
그여자	food	127.72811	34.74110
그외기타상품전문소매업	shop	127.65061	34.77336
그집소머리곰탕	food	127.68556	34.82731
글라스바바안경바바보청기여수	shop	127.66324	34.76272
글라스박스	shop	127.74456	34.73946
글라스박스안경원	shop	127.66146	34.76624
글랑블루	food	127.69337	34.75286
글로리	bar	127.66676	34.75891
글리플케이크	cafe	127.69553	34.78340
글린트	shop	127.66849	34.75998
글씨쓰는하라	shop	127.65211	34.75727
금강	stay	127.72297	34.73447
금강당한약국	shop	127.70995	34.75745
금강디지탈보청기	shop	127.71150	34.72596
금강마차	bar	127.72297	34.73447
금강보청기여수센터	shop	127.70854	34.76861
금강생고기	food	127.65995	34.75773
금강제화랜드로바여수	shop	127.73369	34.74037
금광	bar	127.66455	34.75882
금광주단	shop	127.73256	34.74059
금금수수	food	127.65392	34.78944
금단이펜션	stay	127.74406	34.60025
금덕철물	shop	127.71605	34.72634
금량추어탕	food	127.69863	34.78332
금마차	food	127.70533	34.75139
금마트	shop	127.66430	34.79006
금메달	food	127.72451	34.73394
금벼락	bar	127.70087	34.75027
금보당	shop	127.70974	34.75787
금복감로청과	shop	127.74112	34.74306
금복상회	shop	127.76210	34.53487
금복식당	food	127.73060	34.74197
금부정	food	127.73040	34.74201
금비늘	food	127.72074	34.72625
금산약초참능이	food	127.64842	34.77393
금성면옥	food	127.69528	34.75027
금성여인숙	stay	127.73290	34.73965
금성열기	shop	127.70521	34.75234
금성칡냉면미평점	food	127.70395	34.76918
금성칡면옥	food	127.72281	34.73669
금성회센타	food	127.76144	34.59368
금성횟집	food	127.73352	34.73944
금손양품점	shop	127.67031	34.76007
금송아지	food	127.64785	34.77378
금수산	food	127.70297	34.75255
금양	activity	127.66598	34.75938
금영노래방기기	shop	127.67598	34.76305
금영수산	shop	127.64443	34.75946
금영푸드	cafe	127.64316	34.80157
금오도	nature	127.74948	34.52259
금오도	stay	127.64274	34.62831
금오도더샾	stay	127.75468	34.50574
금오도마차	food	127.70063	34.74978
금오도바다펜션민박	stay	127.77382	34.49761
금오도방풍마을	shop	127.73730	34.52584
금오도별밤지기펜션	stay	127.76525	34.50864
금오도보금자리펜션	stay	127.78159	34.50478
금오도선어	food	127.72343	34.73710
금오도세자매식당	food	127.73320	34.73982
금오도초원의집	stay	127.74199	34.50871
금오도해녀집	food	127.75265	34.55022
금오도휴식처	stay	127.71630	34.53926
금오스테이	stay	127.75431	34.50562
금오아일랜드펜션	stay	127.74545	34.50812
금오회관	food	127.80285	34.59400
금원보석	shop	127.66852	34.76067
금자네오곡	shop	127.57870	34.88122
금자마차	food	127.69911	34.75063
금주상회	shop	127.67279	34.76432
금쪽갈비	food	127.70337	34.75318
금창란제리	shop	127.72862	34.74179
금창모텔	stay	127.72355	34.73197
금천굴구이	food	127.75479	34.71832
금천바다민박	stay	127.72198	34.64012
금파	stay	127.70852	34.53563
금풍	food	127.65816	34.75705
금호대중음식점	food	127.69209	34.78449
금호반점	food	127.71995	34.73299
금호소주방	bar	127.73210	34.74056
금호약국	shop	127.70787	34.72393
금호전기	shop	127.67385	34.75680
금호통신	shop	127.73010	34.74017
기분조은안경원	shop	127.70355	34.75367
기분좋은날	food	127.65008	34.77247
기브인	shop	127.70718	34.75383
기쁨펜션	stay	127.72580	34.54681
기성주단	shop	127.73256	34.74059
기영이숯불두마리치킨여수	food	127.65199	34.76053
기영이숯불두마리치킨여수여서점	food	127.70198	34.75167
기차와바다	stay	127.74469	34.74896
기찻길	bar	127.70100	34.75036
긴급출동노래타운	bar	127.72176	34.73227
긴자료코	food	127.70325	34.77055
긴자료코여수신기점	food	127.67471	34.76252
긴자료코여수웅천점	food	127.67421	34.74112
긴츠키	food	127.67231	34.74277
길	stay	127.73645	34.74043
길동무네자전거	shop	127.66937	34.76579
길삼겹	food	127.70354	34.77021
길언니	food	127.74384	34.73833
김가네무선	food	127.64706	34.77356
김기빈종합피아노	shop	127.69963	34.76807
김동주네일	shop	127.66897	34.76004
김밥나라	food	127.73258	34.74002
김밥나라	food	127.71556	34.72896
김밥나라	food	127.65684	34.76074
김밥나라관문점	food	127.74113	34.74313
김밥나라무선점	food	127.65107	34.77249
김밥뱅크	food	127.63955	34.76346
김밥본가	food	127.70131	34.75005
김밥세상	food	127.72778	34.74244
김밥신화신기점	food	127.67364	34.75689
김밥천국	food	127.74922	34.74292
김밥천국	food	127.71764	34.73087
김밥천국	food	127.69974	34.74784
김밥천국	food	127.69402	34.75516
김밥천국	food	127.73114	34.74097
김병오탁구교실	activity	127.70491	34.75193
김복남맥주	bar	127.65788	34.75703
김복남맥주여서점	bar	127.69885	34.74806
김복남맥주여수	bar	127.63897	34.76323
김복남맥주여수무선점	bar	127.64918	34.77593
김복남맥주웅천점	bar	127.67043	34.74692
김삿갓	food	127.72192	34.73175
김서방네어물전	shop	127.67600	34.74792
김선생휘트니스클럽	activity	127.65636	34.76135
김성은가죽연구소	shop	127.74086	34.73859
김소윤아로마이야기	shop	127.65253	34.75469
김숙희한지공예방	shop	127.65345	34.77278
김씨네국수	food	127.66495	34.75845
김씨네부엌	food	127.65271	34.77249
김양비어	bar	127.72158	34.73192
김여사란제리	shop	127.57947	34.88248
김여사전집	food	127.64384	34.77395
김장수민박사도식당민박	stay	127.55565	34.59174
김정문알로에	shop	127.70082	34.74905
김제공덕농협쌀판매점	shop	127.72150	34.73636
김종구식맛치킨•전기바베큐옛날통닭여수여서점	food	127.70665	34.75377
김준골프아카데미	activity	127.70546	34.75470
김지유	activity	127.67087	34.74656
김치옥여수	food	127.66396	34.75968
김치찜잘하는집	food	127.65654	34.76332
김태욱초밥참치	food	127.67240	34.74646
김태진골프앤피팅센터	shop	127.66745	34.76556
김해골목뒷고기율촌	food	127.57914	34.88259
김형제고기의철학여수	food	127.66440	34.75703
김형제고기의철학여수웅천점	food	127.67175	34.74625
깊은바다	food	127.69992	34.74981
까꿍이국밥	food	127.65744	34.75857
까꿍이국밥무선점	food	127.65365	34.77279
까눌레드여수	cafe	127.73513	34.74033
까루포차	bar	127.70783	34.75377
까르마	shop	127.73141	34.65590
까르메	shop	127.70751	34.75419
까망	shop	127.66944	34.76034
까멜리아동백나무	bar	127.74949	34.73653
까사고니펜션	stay	127.72475	34.65258
까사리빙	shop	127.69964	34.75103
까사봉봉	stay	127.77614	34.67943
까이	bar	127.73209	34.73927
까치마을	bar	127.72482	34.73546
까치식당	food	127.70044	34.75081
까치통신	shop	127.72802	34.74094
까치펜션민박	stay	127.75943	34.70123
까투리	bar	127.67309	34.76087
까투리	bar	127.69911	34.75063
까투리	food	127.70063	34.76600
까투리	bar	127.70252	34.77299
까투리	bar	127.67429	34.76265
까투리대나무	bar	127.66992	34.75818
까투리돌산점	bar	127.74915	34.72053
까투리웅천점	bar	127.67242	34.74624
까투리중앙하이츠점	bar	127.69527	34.76846
까투리충무점	bar	127.73149	34.74209
까투리해피데이점	food	127.69474	34.75479
까페너머	cafe	127.76765	34.81613
까페마틸다	cafe	127.78247	34.64127
까페몽	bar	127.72246	34.73324
까페문	cafe	127.64971	34.74049
까페빈	food	127.72351	34.73252
깍뚝연탄구이	food	127.69507	34.75451
깍뚝연탄구이	food	127.72360	34.73416
깍뚝연탄구이무선점	food	127.64881	34.77641
깍뚝참숯구이	food	127.70957	34.77032
깐깐한족발	food	127.70401	34.75385
깐깐한족발여수	food	127.66538	34.75695
깐꼬시	bar	127.66537	34.75847
깡통시장	shop	127.72184	34.73170
깨보마차	food	127.69402	34.75516
깨비게장	food	127.72241	34.73361
깨비마차	food	127.72396	34.73230
깨비분식	food	127.65618	34.76225
깨비소풍도시락	food	127.65654	34.76332
깨순이김밥무선점	food	127.63785	34.77393
깨순이김밥미평점	food	127.70958	34.77010
깨순이김밥쌍봉점	food	127.66083	34.76624
깨순이밥상	food	127.67272	34.74611
꼬꼬호프	bar	127.75229	34.71946
꼬뎅여수	food	127.65660	34.76630
꼬맹이	food	127.73063	34.74185
꼬맹이김밥	food	127.64816	34.77261
꼬모양품점	shop	127.67596	34.74206
꼬물꼬물체험농장	activity	127.62003	34.75266
꼬북샌드여수	food	127.73485	34.74066
꼬숩	shop	127.67376	34.76304
꼬지마루	bar	127.65550	34.75467
꼬지마루	bar	127.65247	34.76075
꼬지마루	food	127.72096	34.73198
꼬지마루돈	bar	127.65180	34.77247
꼬지마루무선공원점	food	127.64525	34.77604
꼬지마루여서점	bar	127.70304	34.75305
꼬지사께웅천점	bar	127.67231	34.74277
꼬치는맛	food	127.74153	34.73059
꼬치니	food	127.69898	34.74774
꼬치니무선주공점	food	127.64929	34.77324
꼬치니소호	food	127.65302	34.74556
꼬치니천만점	bar	127.71137	34.75724
꼬치의품격웅천점	bar	127.67240	34.74646
꼬치이야기	bar	127.72331	34.73370
꼬치이야기웅천점	bar	127.68310	34.74833
꼬치이야기한려점	food	127.68919	34.76598
꼬치핀밤	food	127.73668	34.75408
꼬치한잔	food	127.66578	34.75738
꼭대기연탄국동	food	127.71304	34.73462
꼭지식당	food	127.67012	34.75909
꽃	shop	127.66175	34.76672
꽃	bar	127.66597	34.75858
꽃길이면돼지여수	food	127.70948	34.72546
꽃길커피	cafe	127.63720	34.76120
꽃날펜션	stay	127.75762	34.70631
꽃님다락방	shop	127.74342	34.74766
꽃님이네	shop	127.64621	34.76221
꽃다리식당	food	127.62130	34.72533
꽃다리한옥펜션	stay	127.62513	34.72715
꽃다실	activity	127.80230	34.48792
꽃단지	food	127.63928	34.76166
꽃담식당	food	127.70963	34.75234
꽃담은	cafe	127.67781	34.76387
꽃담촌	food	127.65594	34.77722
꽃돼지	food	127.73085	34.74063
꽃돼지감자탕	food	127.63539	34.78972
꽃돼지식품	shop	127.63539	34.78972
꽃뜰펜션	stay	127.74419	34.73875
꽃마름여수선소점	food	127.65719	34.75659
꽃불	bar	127.65009	34.77619
꽃사랑찻집	cafe	127.57984	34.78649
꽃섬민박	stay	127.62059	34.59498
꽃섬식당	food	127.62059	34.59498
꽃섬해물포차	food	127.69250	34.78453
꽃순이	bar	127.72457	34.73346
꽃이피다	stay	127.75800	34.70091
꽃처럼	shop	127.67019	34.75979
꽃피는마을	shop	127.66051	34.76671
꽃피는봄날	cafe	127.74541	34.74000
꾸다	bar	127.69250	34.78453
꾸브라꼬숯불두마리치킨	food	127.72176	34.73227
꾸브라꼬숯불두마리치킨	food	127.66946	34.75943
꾸석지돌판한우무선점	food	127.64971	34.77578
꾸석지돌판한우여수여서점	food	127.70476	34.75393
꾸어붕어빵	food	127.65133	34.77280
꿀꾸미	food	127.64881	34.77641
꿀잠호텔	stay	127.74303	34.74544
꿈그리고희망	stay	127.36085	34.28617
꿈그리다	activity	127.65425	34.75332
꿈드림	activity	127.74696	34.75083
꿈뜨락몰	etc	127.73257	34.74060
꿈뜰펜션	stay	127.54215	34.60079
꿈의바다	stay	127.79198	34.62974
끌레르온수수영장펜션	stay	127.62643	34.67289
끌리네	shop	127.65623	34.76290
끌리다	shop	127.67019	34.76053
끌림	stay	127.70767	34.76694
끌림	bar	127.72658	34.73380
끝등전망대	heritage	127.77496	34.58812
끼끼야식	food	127.65654	34.76332
나그네	cafe	127.73885	34.74101
나나갤러리	shop	127.64365	34.78168
나눔	shop	127.66970	34.76227
나눔약국	shop	127.65633	34.76375
나눔유	shop	127.65617	34.76180
나눔유플러스	shop	127.70950	34.75382
나는가수다	bar	127.70561	34.75400
나능이능이버섯백숙여수주삼점	food	127.65378	34.78924
나능이버섯백숙	food	127.72102	34.73559
나도갈비	food	127.66165	34.76483
나도국밥	food	127.71824	34.75952
나도미	shop	127.73256	34.74059
나도야간다	bar	127.66460	34.75790
나디아	food	127.66623	34.75945
나뚜루	food	127.74292	34.75377
나라통신	shop	127.65198	34.77248
나래마켓	shop	127.77161	34.68787
나래밥상	food	127.77160	34.68787
나래성	bar	127.72289	34.73399
나로도식당	food	127.57890	34.88272
나루커피숍	cafe	127.72182	34.72180
나르샤관광호텔	stay	127.65724	34.75635
나르자아모르	shop	127.66970	34.76227
나른	cafe	127.63817	34.76214
나리의집	food	127.70804	34.75040
나마나마	food	127.65072	34.77679
나무	shop	127.70619	34.75354
나무	shop	127.65320	34.75470
나무내음	shop	127.62745	34.74795
나무애그림	cafe	127.75405	34.74038
나무펜션	stay	127.75161	34.72240
나무향기공방	shop	127.64405	34.75935
나비	bar	127.66518	34.75945
나비잠	stay	127.66538	34.75695
나비잠모텔	stay	127.72504	34.73491
나산패션마트	shop	127.66981	34.76191
나시고랭	food	127.73612	34.74090
나영카페	cafe	127.73176	34.73814
나우	shop	127.73256	34.74059
나우커피	cafe	127.70709	34.76378
나우커피낭만낭도점	cafe	127.54045	34.60846
나우커피여수엑스포	cafe	127.74413	34.75482
나우커피창덕점	cafe	127.70856	34.72456
나의봄애	shop	127.67550	34.75241
나의사계	stay	127.74264	34.74495
나의여수	cafe	127.74259	34.74159
나이스	activity	127.67786	34.76408
나이스로또복권	activity	127.74517	34.73968
나이스스포츠토토	activity	127.74517	34.73968
나인커피숍	cafe	127.72810	34.74425
나인텐스초이	shop	127.66716	34.75974
나주곰탕	food	127.66495	34.76468
나주배한우	food	127.66514	34.75669
나진	stay	127.61169	34.70310
나진국밥	food	127.61339	34.70692
나진별채	stay	127.61110	34.70854
나진스테이	stay	127.61778	34.71007
나진피서지	stay	127.61570	34.70210
나탄스테이	stay	127.63547	34.62391
나폴리	shop	127.80091	34.59642
나폴리펜션	stay	127.74263	34.73309
나폴리횟집	food	127.74265	34.73312
나현	shop	127.71138	34.72582
낙원	food	127.75133	34.74242
낙원모텔뉴	stay	127.75140	34.74233
낙지명가	food	127.64497	34.77286
낙지천국	food	127.70083	34.75130
낙포집	food	127.64965	34.77441
낚시마을	shop	127.78285	34.58759
낚시부품차량	shop	127.72028	34.73261
낚시촌	shop	127.72915	34.61650
낚시친구	shop	127.73115	34.73403
난민박	stay	127.31064	34.02762
난주시장	shop	127.73958	34.75016
난춘	food	127.65854	34.76671
날라리	bar	127.64867	34.77628
날마다당구장	activity	127.70552	34.75439
남강슈퍼	shop	127.30492	34.02673
남강식당	food	127.30492	34.02673
남경상사	shop	127.64577	34.77164
남경선어	food	127.69821	34.75007
남경식당	food	127.75401	34.71973
남경전복	food	127.66132	34.75909
남금당	shop	127.66092	34.76672
남다른감자탕여수소호점	food	127.65451	34.74609
남대갈뚝배기전국	food	127.66695	34.75830
남대문아이원안경원	shop	127.66959	34.76196
남덕슈퍼	shop	127.73511	34.73931
남도고집	food	127.74891	34.72247
남도관	shop	127.73553	34.74103
남도국밥수육	food	127.66490	34.76200
남도떡방앗간	food	127.70655	34.75208
남도마을	shop	127.77590	34.68224
남도맛집식당	food	127.65460	34.80040
남도반찬	shop	127.70437	34.77003
남도밥상	food	127.73187	34.73872
남도사랑채민박	stay	127.61078	34.70953
남도상회	shop	127.30921	34.02755
남도식당	food	127.30962	34.02765
남도식당	food	127.65560	34.74925
남도식당	food	127.70300	34.76682
남도아꾸	food	127.66194	34.76578
남도음식점	food	127.63735	34.62370
남도자연속으로관광농원펜션	stay	127.74514	34.66085
남도한약국	shop	127.68446	34.74269
남도회관	food	127.65676	34.75848
남면떡집	food	127.70207	34.77235
남면실내포장마차	bar	127.72909	34.74246
남면포차	bar	127.72283	34.73308
남면횟집	food	127.73370	34.73947
남문식당	food	127.72167	34.61537
남문제과	food	127.72173	34.61559
남부식당	food	127.72689	34.73926
남산낚시	shop	127.72690	34.73393
남산선구점	shop	127.73425	34.73936
남산식당	food	127.73108	34.73738
남산약국	shop	127.71991	34.73400
남성크로커다일	shop	127.73434	34.74095
남수서울뚝배기	food	127.66842	34.80728
남양분식	food	127.65088	34.77233
남양알로에	shop	127.72854	34.74346
남양집	food	127.73208	34.73893
남원상회	shop	127.67130	34.76119
남원식당	food	127.74120	34.74262
남원집	food	127.73290	34.73683
남원추어탕	food	127.71213	34.75674
남원춘향골	food	127.73290	34.73683
남원횟집	shop	127.73290	34.73683
남자만들기	shop	127.66915	34.76064
남진당구장	activity	127.69256	34.75415
남진이네게장갈치명가	food	127.72400	34.73550
남쪽마을	stay	127.76194	34.80762
남쪽바다	stay	127.80538	34.48960
남촌	food	127.65654	34.76332
남촌다실	cafe	127.73161	34.74009
남촌식당	food	127.67265	34.76074
남해떡집	food	127.72862	34.74179
남해생선구이	food	127.67084	34.75840
남해안참숯장어전문	food	127.64402	34.77358
남해약국	shop	127.65909	34.76678
남해화학구판장	shop	127.74825	34.84863
남흥얼음	shop	127.73109	34.73841
남희네김밥	food	127.67840	34.74003
낭낭오리	food	127.63803	34.76297
낭낭오리율촌점	food	127.57788	34.88336
낭낭오리집	food	127.72388	34.73398
낭낭오리집	food	127.72882	34.74485
낭낭오리집	food	127.66891	34.76275
낭낭오리집	food	127.70369	34.77026
낭낭오리집돌산점	food	127.74998	34.72096
낭낭오리집무선점	food	127.65075	34.77417
낭낭오리집봉계점	food	127.68933	34.78428
낭낭오리집소호	food	127.65676	34.75489
낭낭오리집여서점	food	127.70221	34.75216
낭낭오리집웅천점	food	127.67196	34.74626
낭도	stay	127.64312	34.62820
낭도	nature	127.54143	34.60846
낭도거기휴게소	shop	127.54015	34.59844
낭도매점	shop	127.54009	34.60682
낭도민박	stay	127.54080	34.60794
낭도식당	food	127.65991	34.79579
낭도애식당	food	127.54045	34.60846
낭도야영장	stay	127.54155	34.60056
낭도어부	food	127.53923	34.60554
낭도엄마맛집	food	127.53968	34.60862
낭도의아침민박	stay	127.54021	34.60330
낭도제일포차	food	127.53923	34.60536
낭도짬뽕	food	127.53992	34.60658
낭도포차	bar	127.53997	34.60871
낭도항	nature	127.53880	34.60516
낭도해변	beach	127.54070	34.59953
낭만	bar	127.74981	34.72021
낭만가마솥치킨	food	127.74191	34.73735
낭만고래가든	food	127.77715	34.69455
낭만곰도리포차	food	127.73046	34.74240
낭만낭도어촌체험휴양마을협의회	stay	127.54162	34.60039
낭만네컷	activity	127.74993	34.73689
낭만노래연습장	activity	127.74506	34.73944
낭만당구장	activity	127.70317	34.75271
낭만도시	food	127.75020	34.73646
낭만바다	stay	127.74983	34.74416
낭만바다김치	shop	127.76732	34.69315
낭만바다유통	shop	127.76732	34.69315
낭만바다유통향일암점	shop	127.80266	34.59971
낭만밤바다포차	food	127.74133	34.73739
낭만밤바다호스텔	stay	127.74133	34.73739
낭만삼합	food	127.74133	34.73739
낭만스테이	stay	127.74781	34.73763
낭만안경	shop	127.69310	34.75402
낭만여수딸기모찌	food	127.80239	34.59386
낭만여수딸기모찌	cafe	127.74354	34.73759
낭만여수딸기모찌낭만포차점	cafe	127.74993	34.73689
낭만여수딸기카페낭만여수유통	cafe	127.72590	34.73278
낭만여수딸기카페중앙동점	food	127.73575	34.74120
낭만옵빠	food	127.74949	34.73653
낭만조개포차	food	127.74133	34.73739
낭만추어탕	food	127.66633	34.76061
낭만카페	cafe	127.74038	34.73877
낭만코인노래연습장	activity	127.74829	34.71701
낭만포차거리	heritage	127.74952	34.73659
낭만포차낭만여장부	bar	127.74949	34.73653
낭만하루	bar	127.73046	34.73951
낭만해물삼합	food	127.73485	34.73954
낭만호프	bar	127.65747	34.76438
낭만회포차	food	127.64927	34.77489
낮일	cafe	127.74374	34.74509
낯가리는책방	shop	127.74389	34.74520
내가조선의국밥이다그랜드	food	127.71621	34.75783
내가조선의국밥이다내조국	food	127.66073	34.79525
내가조선의국밥이다내조국	food	127.63867	34.76416
내가조선의국밥이다내조국	food	127.65975	34.75794
내가조선의국밥이다내조국관문점	food	127.74174	34.74422
내가조선의국밥이다내조국국밥	food	127.69519	34.75451
내가조선의국밥이다내조국국밥	food	127.71138	34.72582
내가조선의국밥이다내조국국밥웅천점	food	127.67676	34.74728
내가조선의국밥이다내조국돌산점	food	127.75520	34.71824
내가조선의국밥이다내조국소호점	food	127.64938	34.73884
내가조선의국밥이다내조국신기점	food	127.67454	34.76187
내고향	bar	127.72367	34.73601
내고향국밥	food	127.73055	34.82255
내고향식당	food	127.72016	34.73251
내맘대로	food	127.69821	34.75007
내맘대로	bar	127.70061	34.74791
내몸에건강원	shop	127.70757	34.76648
내셔널지오그래픽	shop	127.73457	34.74090
내셔널지오그래픽	shop	127.66858	34.76080
내손아귀	food	127.75312	34.71911
내인생최고의족발	food	127.66422	34.75748
내조국	food	127.72394	34.73454
내조국국밥무선점	food	127.64954	34.77632
내조국국밥미평점	food	127.70431	34.76962
내조국국밥율촌점	food	127.57956	34.88205
내트럭편의점	shop	127.66244	34.79772
냉삼집	food	127.74110	34.74271
냥빗는집	shop	127.67642	34.73936
너랑나랑	cafe	127.63572	34.76514
너를위하여	food	127.65543	34.76590
너울가지	cafe	127.71476	34.77328
넘너리바닷가	food	127.70564	34.72214
넘버세븐노래연습장	activity	127.30981	34.02777
넘버원횟집	shop	127.73290	34.73683
네네치킨	food	127.74250	34.74576
네네치킨	food	127.71803	34.73458
네네치킨	food	127.64453	34.75991
네네치킨둔덕점	food	127.69369	34.76848
네네치킨무선지구점	food	127.65276	34.77211
네네치킨신기점	food	127.67619	34.76382
네네치킨여서점	food	127.69976	34.74683
네박자술마시는노래방	bar	127.65770	34.75670
네오당구장	activity	127.65179	34.77280
네이처리퍼블릭	shop	127.65148	34.77685
네이처컬렉션	shop	127.73235	34.74134
네일도예뻐	shop	127.65178	34.77232
네파	shop	127.73504	34.74144
네파여수	shop	127.72153	34.72838
네파전남여천	shop	127.67016	34.75864
넥스원	shop	127.70391	34.76515
노가네	stay	127.66397	34.75796
노가리엔비어	bar	127.67642	34.73936
노경성양꼬치	food	127.67309	34.76087
노군꼬치	bar	127.66635	34.75832
노군꼬치	bar	127.70479	34.75360
노다지복권방	activity	127.72242	34.73216
노다지찬방	shop	127.71104	34.72726
노다지포차	bar	127.64182	34.77164
노닥거리	food	127.63847	34.77281
노닥거리	food	127.70328	34.77271
노닥거리	bar	127.64505	34.77582
노닥거리문수	bar	127.69300	34.75466
노띠	cafe	127.66911	34.76205
노랑고래찹쌀꽈배기	food	127.73581	34.74130
노랑고래찹쌀꽈배기	food	127.65633	34.76375
노랑고래찹쌀꽈배기여수	food	127.70480	34.75285
노랑통닭	food	127.72165	34.73198
노랑통닭여수여서	food	127.69310	34.75402
노랑통닭여수웅천점	food	127.67537	34.74143
노래미	food	127.73662	34.74010
노래미식당	food	127.73663	34.74005
노래하는거기	bar	127.70630	34.75413
노루섬민박	stay	127.30999	34.02789
노마드카우치	food	127.73177	34.74193
노브랜드버거여수여서점	food	127.70414	34.75244
노블	stay	127.74728	34.71786
노블하우스	shop	127.70920	34.76098
노블호텔	stay	127.74728	34.71786
노비타비데	shop	127.67585	34.76320
노빌리타	cafe	127.70504	34.75261
노스페이스화이트라벨	shop	127.73498	34.74098
노아스로스팅여수	cafe	127.72153	34.72838
노아카페	food	127.58867	34.81016
노을	bar	127.70348	34.75450
노을과바다풀빌라	stay	127.56611	34.65273
노을담은호스텔	stay	127.75704	34.70248
노을드림펜션	stay	127.58529	34.74441
노을마루펜션	stay	127.73103	34.65685
노을멍	shop	127.71990	34.64636
노을민박	stay	127.55720	34.81279
노을바다민박	stay	127.55871	34.80562
노을빛펜션	stay	127.58535	34.74362
노을쉼터	shop	127.56742	34.78955
노을이야기	cafe	127.56217	34.80256
노을정	food	127.57676	34.76955
노을팬션식당	food	127.74176	34.50998
노을펜션	stay	127.71995	34.64657
노을횟집	food	127.55900	34.79969
녹동상회	shop	127.73720	34.73933
녹산등대	heritage	127.29422	34.06166
녹산등대펜션	stay	127.29623	34.05552
녹산등대휴게소	food	127.29623	34.05552
녹색건강원	shop	127.71346	34.72791
녹색식당	food	127.70903	34.75092
녹원갈비	food	127.74532	34.74741
녹원숯불갈비	food	127.72006	34.61753
녹원식당	food	127.73193	34.73894
녹음당구장	activity	127.66245	34.76559
녹지원식당	food	127.65974	34.76059
녹차곱창	food	127.72242	34.73216
녹차밭	food	127.66715	34.76219
녹차식당	food	127.75542	34.71525
논샘식당	food	127.72720	34.73874
놀러와	cafe	127.69209	34.78449
놀러와게임랜드	activity	127.66426	34.75686
놀러와라이브	bar	127.70202	34.77136
놀러와호프	bar	127.64345	34.77647
놀부항아리갈비여수돌산점	food	127.74263	34.73309
놀스삼육오	food	127.79395	34.66091
놀스삼육오	food	127.74696	34.75083
농민소돼지생고기도매정육식당	food	127.69506	34.75479
농장오리	food	127.64337	34.77455
농촌가든	food	127.60038	34.79693
농협한삼인	shop	127.65148	34.77685
농협홍삼	shop	127.74437	34.75355
누가머랭	food	127.69977	34.74767
누구나맥주	bar	127.66582	34.75800
누구나홀딱반한닭여수여서점	food	127.70348	34.75328
누나	food	127.65716	34.75804
누나네식당	food	127.31111	34.02588
누나야	bar	127.72348	34.73520
누나포차	food	127.71121	34.75747
누네띠네	bar	127.71044	34.75885
누들누들	bar	127.66503	34.75892
누들마녀	food	127.74044	34.73842
누룩꽃삼겹살	food	127.70245	34.77221
누룩향	bar	127.67051	34.74626
누리기획	shop	127.63576	34.77300
누리상사	shop	127.70565	34.76989
누리펫	shop	127.64442	34.77540
누리호피싱	food	127.73142	34.73483
눈그린안경	shop	127.67288	34.76166
눈꽃한우정육식당	food	127.63895	34.77181
눈높이안경원	shop	127.72153	34.72838
뉴낙원	food	127.75140	34.74233
뉴노나노래타운	bar	127.66538	34.75695
뉴델리	bar	127.70119	34.75131
뉴랑데부	bar	127.70634	34.75362
뉴마이홈스넥	food	127.73256	34.74059
뉴미소노래타운	bar	127.57967	34.88158
뉴바다수산	shop	127.67239	34.75811
뉴바디짐	activity	127.67047	34.74657
뉴발란스	shop	127.72153	34.72838
뉴백도식당	food	127.31167	34.02638
뉴백도여관	stay	127.31167	34.02638
뉴백제게임장	activity	127.66693	34.75885
뉴복사편의방	shop	127.66220	34.78396
뉴비제	bar	127.65025	34.77544
뉴산골당구장	activity	127.72350	34.73391
뉴앗싸유흥주점	bar	127.74250	34.74500
뉴예스마트정육	shop	127.65217	34.76123
뉴장어매니아	food	127.64689	34.77577
뉴진남유통	shop	127.72744	34.74226
뉴크리스탈	bar	127.66503	34.75892
뉴타운파크	food	127.66123	34.76074
뉴포트	cafe	127.66073	34.76829
뉴플러스마트	shop	127.72836	34.74101
뉴피닉스호	activity	127.71493	34.73358
뉴한려당구장	activity	127.66556	34.75871
늘	food	127.72288	34.73207
늘고은	food	127.72875	34.74214
늘바다	food	127.77566	34.68292
늘봄건강원	shop	127.73110	34.73971
늘솜이야기	shop	127.74411	34.73867
늘푸른건강원	shop	127.63850	34.77345
늘푸른녹즙	shop	127.67445	34.75841
늘푸른리젠시빌	stay	127.71568	34.75770
늘푸른민박	stay	127.80062	34.59386
늘푸른민박	stay	127.31108	34.02715
늘푸른분식	food	127.71092	34.72607
늘푸른섬바다	food	127.71986	34.72692
늘푸른식당	food	127.72298	34.73129
늘푸른식당	food	127.31039	34.02538
늘푸른푸드	shop	127.72298	34.73129
니꼴	shop	127.65162	34.77231
니발	shop	127.65429	34.77395
닉스	bar	127.70497	34.75416
닉스올라운드	shop	127.65148	34.77685
님바래기	stay	127.56939	34.78946
님프만충무	shop	127.73217	34.74059
다경원	cafe	127.62373	34.76237
다기야	food	127.63878	34.76298
다기야	food	127.74309	34.75329
다기야	food	127.71569	34.72898
다기야돌산점	food	127.74780	34.73296
다기야웅천점	food	127.67216	34.74622
다기야치킨여문점	food	127.69433	34.75401
다나모바일	shop	127.70442	34.75257
다나약국	shop	127.66250	34.76343
다나와셔츠유한책임회사	shop	127.70751	34.76931
다나한뷰티크레딧화장품	shop	127.69300	34.75466
다누리산업	shop	127.57739	34.88057
다누리산업전남대지점	shop	127.70051	34.77300
다니엘	shop	127.73140	34.74166
다다씨푸드	food	127.70238	34.75654
다다씨푸드파티랜드	food	127.70197	34.75614
다다한정식	food	127.70245	34.75655
다담	stay	127.74291	34.74490
다담	food	127.67129	34.75829
다담골면옥	food	127.66274	34.75784
다담골숯불갈비	food	127.67088	34.74627
다담쌈정식	food	127.65171	34.74445
다도해마트	shop	127.74496	34.72666
다도해민박	stay	127.74163	34.50893
다도해선어	food	127.70840	34.75381
다도해식당	food	127.29420	34.05273
다도해힐링펜션	stay	127.79171	34.49165
다드림	shop	127.70816	34.76818
다듬이생활한복	shop	127.73256	34.74059
다락방동백가치지점	shop	127.74251	34.74466
다롤	shop	127.66843	34.75985
다리미삼겹살무선점	food	127.65073	34.77631
다리미삼겹살여수웅천점	food	127.67001	34.74654
다리섬카페	food	127.73164	34.73216
다만	bar	127.66445	34.75798
다모노래연습장	activity	127.66600	34.75910
다모아선어구이	food	127.71207	34.75682
다모아숙녀복	shop	127.72862	34.74179
다모아치킨	bar	127.67012	34.75909
다미	food	127.70865	34.76892
다반사	bar	127.62176	34.71999
다복분식	food	127.74133	34.74217
다복회마차	food	127.67309	34.76087
다복횟집	food	127.65670	34.74889
다비어	bar	127.64828	34.77439
다비치노래주점	bar	127.72392	34.73413
다비치안경여수서시장앞점	shop	127.72882	34.74008
다비치히어링	shop	127.72882	34.74008
다빈오가네기정떡집	food	127.65437	34.77083
다사랑문구	shop	127.70273	34.75483
다산수산	food	127.77286	34.65245
다산약국	shop	127.66311	34.76610
다소니약국	shop	127.67509	34.76124
다시온남산동	shop	127.72913	34.73837
다연	bar	127.72723	34.73961
다영식당	food	127.74334	34.74780
다영이네정육식당	food	127.64965	34.77479
다오소식당	food	127.66721	34.75697
다온	cafe	127.65588	34.75337
다온	shop	127.64645	34.77205
다온노래연습장	activity	127.63795	34.77369
다온마트	shop	127.66721	34.75697
다온민박	stay	127.76329	34.71488
다온밥상	food	127.72132	34.73375
다온의료기기	shop	127.65423	34.76903
다온이네숯과닭발	food	127.63647	34.76301
다온이네숯과닭발소호점	food	127.65156	34.74468
다온정	food	127.64988	34.77362
다온축산	shop	127.68849	34.78470
다온쿡	food	127.67678	34.75111
다올	food	127.63856	34.76398
다올슈즈	shop	127.72844	34.74135
다올장	stay	127.72173	34.73257
다올카페	cafe	127.74605	34.82998
다올향기	shop	127.70690	34.72527
다옴	cafe	127.63321	34.79288
다옴식당	food	127.73369	34.74050
다와모텔	stay	127.74203	34.74573
다운	cafe	127.66148	34.77453
다원노래타운	bar	127.72288	34.73207
다원상사	shop	127.65143	34.77394
다원찻집	cafe	127.72909	34.74246
다원푸드	shop	127.72469	34.73082
다은민박	stay	127.74731	34.73157
다음텔레콤	shop	127.71051	34.75854
다이나핏	shop	127.66880	34.76138
다이나핏	shop	127.73286	34.74123
다이닝야경여수	food	127.66572	34.75863
다이루어질여수	food	127.74949	34.73653
다이빙월드	shop	127.72637	34.73430
다이소	shop	127.70559	34.77054
다이소여수	shop	127.71262	34.72745
다이소여수돌산점	shop	127.75074	34.72047
다이소여수봉계점	shop	127.69363	34.78388
다이소여수신기점	shop	127.66901	34.75904
다이소종화점	shop	127.74488	34.73988
다이아모텔	stay	127.73328	34.73964
다이얼음	shop	127.73290	34.73683
다자연맛집	food	127.69856	34.75047
다정	food	127.73114	34.74073
다정소방	shop	127.64608	34.77705
다정횟집	food	127.72469	34.73082
다준숯불구이	food	127.72639	34.73469
다초왕갈비탕	food	127.62275	34.68746
다판다진남점	shop	127.73031	34.74070
다해	shop	127.73326	34.74093
닥엔돈스	food	127.72444	34.73833
닥엔돈스여수	food	127.67222	34.76070
닥터가드	shop	127.70854	34.75388
닥터뉴셀바이오여수	shop	127.66194	34.76578
닥터스팜한약국	shop	127.74329	34.74436
단골식당	food	127.63385	34.79108
단군신화	food	127.64965	34.74018
단단	shop	127.70457	34.75388
단밤여수	food	127.74949	34.73653
단백	cafe	127.70390	34.77124
단지분식	food	127.67840	34.74003
단짝친구	food	127.70169	34.76650
달	cafe	127.56352	34.76226
달	shop	127.74988	34.72191
달구네슈퍼	shop	127.63994	34.72349
달그레	food	127.69898	34.74774
달님	food	127.68188	34.74856
달달카페	cafe	127.75613	34.71958
달달한오후	cafe	127.67240	34.74646
달덩이식당	food	127.74470	34.73887
달뜨리몬당	stay	127.76685	34.82469
달램	food	127.63880	34.76145
달려라자전거	shop	127.64703	34.77706
달리는커피여수	cafe	127.65695	34.76128
달마실	food	127.64954	34.73945
달무인텔	stay	127.73194	34.74077
달밑밤	food	127.72123	34.74223
달밭카페	cafe	127.73598	34.57833
달빛갤러리	heritage	127.74004	34.73972
달빛게스트하우스	stay	127.74350	34.74710
달빛과맥주	bar	127.64881	34.77641
달빛라이브음악홀	bar	127.64998	34.77604
달빛맥주	bar	127.65161	34.76073
달빛맥주여수웅천점	bar	127.68327	34.74870
달빛바다	stay	127.73472	34.73940
달빛비어	bar	127.66335	34.76974
달빛에구운고등어여수	food	127.66452	34.76124
달빛옥상	bar	127.66696	34.76032
달빛한상	food	127.57324	34.88214
달빛한잔	food	127.67261	34.76110
달빛휴게소	food	127.72034	34.57710
달시아이스크림세계과자웅천점	shop	127.68700	34.74684
달천해변식당	food	127.57306	34.76235
달콤	bar	127.66422	34.75871
달콤	bar	127.72256	34.73336
달콤봉다리	shop	127.66717	34.75874
달콤분식	food	127.69666	34.78442
달콤비	stay	127.77677	34.67856
달콤에이펜션	stay	127.77695	34.67841
달콤왕가탕후루여서점	food	127.70554	34.75319
달콤펜션	shop	127.77695	34.67841
달콤호프	bar	127.63647	34.76301
달하루	food	127.71363	34.72816
달호프	bar	127.72145	34.73174
닭가대표	food	127.70804	34.75257
닭박사	food	127.55871	34.80562
닭씨네닭강정	food	127.69878	34.75037
닭이랑놀자	food	127.73442	34.74132
닭익는마을	food	127.65535	34.76547
담	shop	127.67588	34.76369
담박골	food	127.61325	34.70675
담배가게	shop	127.66218	34.57100
담배집	shop	127.60046	34.85186
담분식	food	127.72906	34.74389
담소정	food	127.71494	34.87993
담소정	food	127.66674	34.75784
담소정육점	shop	127.71712	34.73148
담실	food	127.66611	34.75846
담쟁이	stay	127.55210	34.80923
담쟁이	activity	127.55168	34.80939
닷커피	cafe	127.67910	34.74762
당구더테라스	activity	127.66415	34.75958
당구에빠지다당구장	activity	127.70730	34.75421
당구친구	activity	127.74980	34.72067
당두가든	food	127.62710	34.62976
당두슈퍼	shop	127.62773	34.63021
당머리첫집	food	127.66642	34.75732
당머리첫집	food	127.73133	34.72946
당머리하모거리	heritage	127.73160	34.72938
당산횟집	food	127.72235	34.72162
당신은빙수가땡긴다	food	127.69934	34.74767
당신의노래연습장	activity	127.70964	34.75780
대가인생순두부여수	food	127.65760	34.75662
대감게장	food	127.66023	34.76035
대게나라	food	127.65607	34.74909
대게맛있는집	food	127.73740	34.73179
대경도	food	127.65760	34.75740
대경식당	food	127.74290	34.74553
대광레져	shop	127.66545	34.75826
대교낚시프라자	shop	127.71382	34.72559
대교식당돌게장	food	127.72552	34.73236
대교횟집	food	127.73782	34.73167
대구통닭	food	127.63915	34.76146
대궁	food	127.64097	34.78202
대궁노래연습장	activity	127.73404	34.74127
대궐	bar	127.72402	34.73268
대기만성	food	127.63878	34.76430
대길	bar	127.74450	34.75162
대나무생숯장어구이	food	127.65740	34.75737
대덕농원	food	127.73270	34.82392
대덕수퍼	shop	127.72656	34.74870
대덕식당	food	127.72472	34.73194
대도건어물	shop	127.72814	34.74158
대동미곡	shop	127.72053	34.73397
대동식당	food	127.65546	34.77702
대명	bar	127.72986	34.74197
대명	food	127.65770	34.75670
대명마트	shop	127.61397	34.70779
대명산노래연습장	activity	127.70266	34.77054
대명선어	food	127.65880	34.75714
대명수산	shop	127.65770	34.75670
대명포차식당	food	127.67409	34.76333
대미마트	shop	127.71304	34.75809
대민약국	shop	127.66180	34.76153
대박기원	activity	127.72885	34.74317
대박나라	shop	127.70446	34.75336
대박난쪽갈비	food	127.70353	34.75298
대박노래타운	bar	127.64971	34.77647
대박민박	stay	127.80307	34.48796
대박실내마차	food	127.69448	34.75513
대박어패류	shop	127.73290	34.73683
대박찬스	activity	127.71024	34.75825
대박촌	food	127.70462	34.75524
대박컬렉션	shop	127.72803	34.74078
대박클럽	bar	127.70305	34.75333
대박호프	bar	127.69845	34.75018
대복	food	127.75150	34.74223
대복산장어	food	127.67316	34.75557
대복식당	food	127.77264	34.65260
대복추어탕	food	127.64949	34.77787
대빵오락실여수	activity	127.66598	34.75938
대빵오락실여수여서점	activity	127.70497	34.75289
대성	shop	127.78199	34.58857
대성곱창여서점	food	127.70061	34.74791
대성곱창여서점	food	127.70399	34.74857
대성국밥	food	127.72855	34.74399
대성국밥갓김치	food	127.72855	34.74399
대성떡방앗간	food	127.65485	34.74640
대성상사	shop	127.66413	34.76426
대성상회	shop	127.73256	34.74059
대성수산	shop	127.72861	34.74216
대성수산	shop	127.69702	34.72682
대성수육	food	127.65215	34.77281
대성식당	food	127.73418	34.73980
대성약국내	shop	127.73024	34.74017
대성장어	food	127.70745	34.75511
대성전자	shop	127.73055	34.74074
대성통신	shop	127.73055	34.74074
대성푸른마트	shop	127.61419	34.70794
대성한방수육국밥	food	127.73127	34.73998
대송민박식당	stay	127.31162	34.05094
대수식당	food	127.64194	34.77245
대신뷔페식당	food	127.73946	34.83282
대양낚시	shop	127.69500	34.74847
대양선구점	shop	127.73453	34.73939
대양유통	shop	127.72441	34.73169
대양천막사	shop	127.73370	34.73939
대어횟집	food	127.65662	34.75833
대열상회	shop	127.31127	34.05032
대영당구클럽	activity	127.72469	34.73221
대영수족관	shop	127.64272	34.77213
대영식품	shop	127.72256	34.73549
대영약국	shop	127.70273	34.77044
대영편의점	shop	127.67947	34.73554
대우슈퍼	shop	127.64668	34.77192
대운면옥	food	127.74636	34.71948
대운터	shop	127.70188	34.77109
대웅약국	shop	127.72824	34.74065
대웅정	food	127.64847	34.78809
대원	bar	127.70572	34.75410
대원막창	food	127.66614	34.75749
대원유리	shop	127.67206	34.76147
대원전자	shop	127.73203	34.73943
대월	bar	127.65065	34.77584
대유	bar	127.74653	34.73789
대유민박	stay	127.76148	34.53630
대율새마을회	activity	127.78766	34.60499
대음레코드	shop	127.73575	34.74120
대작	food	127.65261	34.76072
대장금	bar	127.66474	34.76033
대전주식당	food	127.73169	34.73964
대정식당	food	127.70276	34.77274
대주건강원	shop	127.65393	34.77048
대주반점	food	127.65393	34.77048
대주사료여수특약점	shop	127.63078	34.79787
대진슈퍼	shop	127.74327	34.74534
대진식당	bar	127.72211	34.73608
대진펫여수지사	shop	127.67086	34.76092
대초커피	cafe	127.57107	34.87941
대추나무	shop	127.63915	34.76146
대치마을소주방	bar	127.69987	34.74746
대패밥	food	127.69433	34.75417
대패생각여수웅천점	food	127.67416	34.74208
대풍마차	food	127.65253	34.74582
대풍식당	food	127.72182	34.61558
대한맥주집	bar	127.65760	34.75662
대한사료	shop	127.72245	34.61534
대한수퍼	shop	127.72108	34.73512
대한수퍼	shop	127.31040	34.02775
대한얼음	shop	127.73658	34.73936
대한유리샷슈공사	shop	127.66126	34.79334
대한이앤씨	activity	127.67322	34.74541
대한인터내셔널	stay	127.75451	34.69768
대한피앤에프	shop	127.64747	34.79040
대해식자재유통	shop	127.66595	34.76380
대호노래연습장	activity	127.63367	34.79135
대호야채	shop	127.74283	34.74692
대호팬션민박	stay	127.79828	34.47902
대흥슈퍼	shop	127.31140	34.02604
대흥식당	food	127.64515	34.82666
대흥식당여문점	food	127.69562	34.75451
대흥아구찜	food	127.69039	34.78469
대흥약국	shop	127.71887	34.73252
댄디	food	127.66477	34.75916
댄디	shop	127.70571	34.75159
댄디스토리	shop	127.70571	34.75159
댕글냥글	shop	127.67602	34.76375
댕이네회포차	bar	127.70523	34.76835
더계동	cafe	127.79351	34.66208
더글로우랩	shop	127.67509	34.74374
더끌림	stay	127.76275	34.69854
더끌림온수수영장인기숙소	stay	127.76264	34.69864
더덕솥뚜껑삼겹살	food	127.65372	34.74581
더드림푸드	food	127.72411	34.73817
더디벨롭	food	127.66440	34.75703
더라운지	bar	127.66613	34.75931
더라인	shop	127.70840	34.74996
더리치레인	activity	127.58005	34.78955
더리터	cafe	127.70996	34.75802
더만족여수	food	127.66334	34.75746
더맑음민박	stay	127.62275	34.68746
더멋짐	activity	127.65061	34.77287
더메디치	shop	127.66996	34.75928
더묵어맥주당	bar	127.69411	34.75478
더베이크여수	food	127.70224	34.76736
더벤티	cafe	127.69385	34.75473
더벤티	cafe	127.63853	34.76299
더벤티	cafe	127.65674	34.75467
더벤티	cafe	127.74544	34.75363
더벤티국동서희스타힐스점	cafe	127.71778	34.73183
더벤티무선지점	cafe	127.64809	34.77419
더벤티미평점	cafe	127.70176	34.77368
더벤티미평주공점	cafe	127.70958	34.77010
더벤티서	cafe	127.72761	34.74128
더벤티소호점	cafe	127.65223	34.74473
더벤티신기점	cafe	127.67290	34.76067
더벤티여서	cafe	127.70060	34.74842
더벤티여수	cafe	127.65232	34.76121
더벤티여수	cafe	127.66556	34.75871
더벤티여수	cafe	127.65827	34.76684
더벤티여수	cafe	127.63350	34.79144
더벤티여수	cafe	127.66240	34.79990
더벤티여수고인돌점	cafe	127.64565	34.77667
더벤티여수국동항점	cafe	127.72134	34.72666
더벤티여수돌산점	cafe	127.75090	34.72068
더벤티여수미평공원점	cafe	127.70275	34.76706
더벤티여수봉계점	cafe	127.69405	34.78372
더벤티여수소호점	cafe	127.65223	34.74473
더벤티여수수산	cafe	127.73120	34.73862
더벤티여수여서점	cafe	127.70730	34.75421
더벤티여수웅천포레나점	cafe	127.67840	34.74003
더벤티여수유월드점	cafe	127.64146	34.74791
더벤티여수해양공원점	cafe	127.74133	34.73739
더벤티여수화장점	cafe	127.63904	34.77081
더벤티웅천점	cafe	127.68387	34.74872
더벤티웅천지웰점	cafe	127.67043	34.74692
더벤티이순신	cafe	127.73645	34.74043
더벤티진남	cafe	127.66395	34.76378
더벨르	stay	127.62695	34.67249
더뷰민박	stay	127.63844	34.62312
더브리즈	cafe	127.63879	34.76164
더블루스	bar	127.67245	34.76138
더블유	bar	127.70410	34.75205
더블유맛집	food	127.66449	34.75875
더비어	bar	127.63893	34.76232
더비호텔	stay	127.66599	34.75690
더빅디퍼	shop	127.67555	34.76442
더빈스바이유씨씨	cafe	127.74153	34.73059
더샘	shop	127.66843	34.75924
더설렘	shop	127.72986	34.74197
더소담여수지사	shop	127.70188	34.77109
더스타오토캠핑장	stay	127.78098	34.71865
더스테이펜션	stay	127.75877	34.71921
더스테이호스텔	stay	127.72147	34.73226
더스토리단란주점	bar	127.70541	34.75387
더엘관광호텔	stay	127.73880	34.73789
더여수호스텔	stay	127.74606	34.73930
더오늘독	stay	127.73823	34.75161
더오션상사	shop	127.72005	34.73199
더원짐	activity	127.66452	34.76124
더원호텔	stay	127.72339	34.73013
더이쁜멍살롱	shop	127.70328	34.77271
더지니	shop	127.67534	34.76338
더콤마케이크	food	127.67075	34.75975
더킹무인텔	stay	127.78410	34.66872
더킹펜션	stay	127.78416	34.66891
더테라스커피	cafe	127.57788	34.88336
더포근민박	stay	127.80006	34.59295
더포비	food	127.71985	34.73304
더포스앤커피	shop	127.69497	34.74937
더프라이빗돌산	stay	127.76371	34.69342
더하루	stay	127.56476	34.72461
더함	food	127.63880	34.76395
더홀릭보드게임카페여수	food	127.66608	34.75952
더휴	stay	127.76558	34.72353
덕담골푸드스토리	shop	127.66978	34.75956
덕산정육점	shop	127.65221	34.77654
덕성민박	stay	127.30527	34.02604
덕수파스타여수	food	127.66496	34.75667
덕양갈비	food	127.63263	34.79854
덕양건강원	shop	127.63253	34.79861
덕양곱창	food	127.63160	34.79779
덕양곱창	food	127.64371	34.77422
덕양곱창	food	127.71055	34.75889
덕양곱창	food	127.63315	34.79811
덕양곱창	food	127.72853	34.74208
덕양떡집	food	127.72896	34.74181
덕양시장	shop	127.63201	34.79796
덕양양념치킨	food	127.63370	34.79126
덕양은혜곱창	food	127.63144	34.79803
덕양할인마트	shop	127.63300	34.79113
덕엽수퍼	shop	127.74450	34.77661
덕일감자국	food	127.63764	34.76445
덕일선구	shop	127.73521	34.73935
덕일호	shop	127.71828	34.73492
덕충반점	food	127.73594	34.75384
덕충식당	food	127.74423	34.74680
덕충아구찜	food	127.73668	34.75408
덕향	shop	127.66413	34.76426
던킨	cafe	127.63959	34.76143
던킨도너츠여수웅천점	food	127.67001	34.74654
던킨여천제일	food	127.66402	34.76585
덩쿨식당	food	127.67787	34.75006
데끌라	shop	127.67509	34.76124
데상트	shop	127.73393	34.74129
데상트여천	shop	127.66861	34.76094
데스띠노카페	cafe	127.74153	34.73059
데이나인	food	127.67051	34.74626
데이유플라워	shop	127.67705	34.74910
데이유플라워여서	shop	127.69891	34.75400
데이지샌드	cafe	127.74488	34.75508
데일리	shop	127.66941	34.76058
데코	shop	127.66861	34.76211
델루나	food	127.62166	34.75516
델리킹	food	127.64333	34.73339
도가한옥민박	stay	127.54127	34.60773
도갓집	food	127.74431	34.73890
도그펄슨	stay	127.76839	34.71053
도깨비	bar	127.66503	34.75892
도깨비가든	food	127.78956	34.64010
도깨비농수산	food	127.65654	34.76332
도깨비미용재료염색방	shop	127.65617	34.76180
도깨비찬방	shop	127.65654	34.76270
도니와	food	127.66991	34.76224
도담	food	127.70546	34.75470
도담	food	127.73173	34.74148
도담도담	food	127.61466	34.70840
도담축산	shop	127.75191	34.72228
도담펜션	stay	127.63098	34.74866
도도뷰티	shop	127.67046	34.76217
도드랑펜션	stay	127.79533	34.49289
도라	bar	127.73094	34.74124
도란도란	food	127.69399	34.75419
도란도란	food	127.66831	34.75877
도란도란또맛나	bar	127.70384	34.75507
도로시	shop	127.72704	34.74260
도로시파스타연정여수	food	127.65999	34.76524
도르가공방	shop	127.70867	34.76808
도마뱀피싱	shop	127.71454	34.72556
도미노피자	food	127.66154	34.76151
도미노피자	food	127.70355	34.75367
도시어부	food	127.73810	34.73826
도시어부	food	127.73826	34.73787
도시커텐종합인테리어	shop	127.66734	34.76604
도야족발보쌈	food	127.74437	34.75355
도야족발여수	food	127.63959	34.76143
도야짬뽕	food	127.65373	34.74527
도야짬뽕여서점	food	127.69977	34.74767
도예공방	shop	127.58942	34.72192
도올	stay	127.76231	34.63972
도요새	food	127.77566	34.68292
도움	shop	127.63847	34.77281
도움텔레콤	shop	127.63847	34.77281
도원스크린골프	activity	127.65232	34.76121
도원침구	shop	127.64767	34.76273
도원커피	cafe	127.65751	34.75844
도원포차	food	127.65122	34.76072
도정갤러리	shop	127.70276	34.75370
도테라	shop	127.65217	34.75485
도토	shop	127.70772	34.76562
도투마리	food	127.64426	34.77533
도해수산	shop	127.73687	34.74000
도희네장어	food	127.66411	34.75907
독도노래연습장	activity	127.72191	34.73495
독도수산	shop	127.73682	34.73919
독일명품주방가구	shop	127.67076	34.76576
독일보청기	shop	127.66340	34.76666
독정항	activity	127.73020	34.58120
독주	food	127.66637	34.75783
독채펜션여수돌산민박	stay	127.75285	34.71869
독채펜션진남맨숀	stay	127.73566	34.74028
돈까스	food	127.65586	34.76561
돈까스미평점	food	127.70246	34.77135
돈까스이야기	food	127.74668	34.72472
돈꽃	food	127.63778	34.76463
돈낙지	food	127.69867	34.75008
돈돈돈오부장	food	127.65469	34.75890
돈뗄	food	127.70229	34.77272
돈막골	bar	127.73642	34.75347
돈맛	food	127.66299	34.75818
돈바리식당	food	127.72112	34.73222
돈사랑	food	127.73783	34.73935
돈사무소	food	127.70086	34.75143
돈순이	food	127.72272	34.73189
돈슐랭	food	127.70501	34.75184
돈스토리	food	127.65332	34.74552
돈쌈	food	127.70483	34.75409
돈쌈푸드	food	127.70483	34.75409
돈암정	food	127.70189	34.75192
돈앤국	cafe	127.65654	34.76249
돈이오리	food	127.63839	34.76273
돈제주	food	127.70700	34.75378
돈주유소	food	127.70010	34.75024
돈창고	food	127.68958	34.78424
돈치킨여수둔덕봉계점	food	127.69242	34.78427
돈하르방	food	127.64912	34.77516
돋을볕	stay	127.79134	34.49107
돋을볕노래연습장	activity	127.79154	34.49134
돌고래상회	food	127.73176	34.73814
돌고래유통	cafe	127.64633	34.74338
돌깨마을맷돌순두부	food	127.64934	34.77642
돌다리슈퍼	shop	127.80483	34.48720
돌다무락	stay	127.78670	34.62094
돌담	food	127.66411	34.75907
돌돌하	stay	127.75438	34.50576
돌문어상회	food	127.74702	34.73771
돌문어상회별관	food	127.74730	34.73756
돌베개펜션	stay	127.80913	34.48916
돌비	food	127.65263	34.76053
돌비펜션	stay	127.76575	34.59397
돌산건강원	shop	127.72327	34.61625
돌산건어물	shop	127.74168	34.72753
돌산건어물	shop	127.73290	34.73683
돌산게장명가대교점	food	127.72696	34.73374
돌산계동뼈꼬시	food	127.67168	34.75816
돌산고추상회	shop	127.72959	34.73970
돌산공원	nature	127.74150	34.73056
돌산국밥	food	127.74958	34.72087
돌산규리네갓김치	shop	127.75438	34.71794
돌산김밥	food	127.75541	34.71854
돌산나룻터	shop	127.73936	34.73332
돌산남면화정연안자망자율관리어업공동체	shop	127.72230	34.61501
돌산대교	heritage	127.73709	34.73019
돌산도	nature	127.77692	34.71486
돌산마트	shop	127.74805	34.66506
돌산막창	food	127.75427	34.71943
돌산맛집	food	127.75047	34.72161
돌산민박	stay	127.74098	34.66291
돌산바다김밥	food	127.75273	34.71544
돌산백반	food	127.74786	34.72152
돌산버거	food	127.72646	34.74065
돌산상회	shop	127.72845	34.74114
돌산새댁	shop	127.74972	34.72215
돌산섬마을김치	shop	127.78680	34.63988
돌산섬섬갤러리	shop	127.78064	34.64307
돌산섬섬마트	shop	127.72173	34.61614
돌산수산	shop	127.64893	34.77866
돌산식당	food	127.74584	34.73268
돌산식당	food	127.73474	34.73951
돌산아나고	food	127.72877	34.74267
돌산야식포차	bar	127.75161	34.72240
돌산오갈비	food	127.75463	34.71804
돌산정육식당	food	127.76817	34.69135
돌산족발	bar	127.72869	34.74148
돌산중앙횟집	food	127.78379	34.66945
돌산진두마을	shop	127.74263	34.73309
돌산참옻닭	food	127.67828	34.74977
돌산칠성포차	food	127.75267	34.72210
돌산콩심이	food	127.74981	34.72021
돌산펜션	stay	127.75434	34.71954
돌산포차	food	127.72181	34.61570
돌산포차천국	bar	127.70571	34.77068
돌산하늘문	stay	127.78888	34.63548
돌산한우	shop	127.76817	34.69135
돌산항	nature	127.72356	34.61455
돌산항아리불짬뽕	food	127.75211	34.72157
돌산해성수산	shop	127.74457	34.59988
돌산향교	heritage	127.72803	34.61753
돌산횟집	food	127.66516	34.75918
돌산휴게점	shop	127.78780	34.63983
돌산흔들고노래연습장	activity	127.75216	34.72170
돌섬김밥	food	127.74596	34.71986
돌섬당구클럽	activity	127.74998	34.72096
돌섬선어	food	127.67111	34.76144
돌섬어부	food	127.74973	34.72172
돌우물	food	127.66106	34.76011
돌핀스	shop	127.72890	34.74139
돔노래주점	bar	127.70623	34.75396
동고지마을	activity	127.81907	34.49587
동고지명품마을	stay	127.81907	34.49588
동고지민박	stay	127.81911	34.49567
동궁찜닭	food	127.65197	34.77280
동그라미	bar	127.65189	34.76074
동그라미	food	127.67047	34.75983
동근이숯불두마리치킨	food	127.70007	34.75169
동근이숯불두마리치킨여수해양공원점	food	127.73950	34.73775
동내슈퍼	shop	127.73975	34.57296
동네방네	bar	127.72289	34.73399
동네방네	bar	127.66471	34.75803
동네방네뮤직스쿨	shop	127.71604	34.72931
동네방네웅천점	food	127.67001	34.74654
동네상회	shop	127.70817	34.76683
동네커피	cafe	127.69827	34.75049
동네포차	food	127.65088	34.77249
동네행복밥상	food	127.73668	34.75408
동네헬스장	activity	127.66672	34.75787
동동노래연습장	activity	127.65636	34.76135
동동등뼈감자국	food	127.65177	34.74490
동동해	food	127.65412	34.74549
동락	food	127.66299	34.75818
동래정여수여서점	food	127.70419	34.75362
동림의류	shop	127.72835	34.74118
동문식당	food	127.74176	34.74501
동미스포츠호남총판	shop	127.61639	34.71138
동박새꿈정원	shop	127.76762	34.74448
동반자	bar	127.65270	34.77280
동백	food	127.72580	34.73961
동백관광농원매점	shop	127.77563	34.68249
동백꽃식당	food	127.71507	34.72604
동백꽃향기포차	bar	127.74949	34.73653
동백뚱	shop	127.73919	34.73929
동백분식	food	127.74199	34.74513
동백선어	food	127.70101	34.75168
동백식탁	bar	127.63870	34.76361
동백이	food	127.65252	34.77246
동백카페	cafe	127.75292	34.74029
동백쿠키	food	127.73570	34.74134
동백한식	food	127.75621	34.71517
동백화장품	shop	127.75343	34.72041
동백회관	food	127.75004	34.74315
동부팜마트	shop	127.64100	34.77156
동부호	activity	127.71241	34.72576
동산동성당	heritage	127.73996	34.74558
동산디지털	shop	127.65099	34.78637
동서가구	shop	127.73096	34.74168
동서볼링쎈타	activity	127.71641	34.75636
동서식당	food	127.71643	34.75641
동서울왕족발	food	127.67026	34.75883
동서할인마트	shop	127.70360	34.75087
동성슈퍼	shop	127.73805	34.74370
동아리	bar	127.70087	34.75027
동아리	bar	127.69310	34.75402
동아리꼬치구이	bar	127.67249	34.75980
동아리부영	food	127.63801	34.76911
동아리안산우미점	bar	127.65160	34.76052
동아리청솔점	bar	127.75730	34.71997
동아상사	shop	127.73205	34.74050
동아수퍼	shop	127.31140	34.02626
동아전기	shop	127.73194	34.74044
동안미	shop	127.70162	34.76881
동양공조시스템	shop	127.72000	34.73702
동양당표구사	shop	127.73696	34.74110
동우랑	bar	127.72240	34.73305
동우랑충무점	bar	127.73132	34.74216
동운장	stay	127.72716	34.74276
동원떡갈비	food	127.72748	34.74533
동원주	shop	127.72964	34.74059
동원텔레콤	shop	127.72964	34.74059
동인당한약국	shop	127.70715	34.76405
동인마트	shop	127.71066	34.75914
동인약국	shop	127.74361	34.74646
동일라코	shop	127.73366	34.74132
동진산업개발	shop	127.71821	34.75614
동진슈퍼	shop	127.24781	34.23959
동진운수	shop	127.68098	34.78019
동쪽마을	stay	127.76166	34.80794
동창회	bar	127.69039	34.78469
동천소주방	bar	127.70010	34.75024
동춘마트	shop	127.73208	34.73913
동춘족발식당	food	127.72878	34.74147
동태한마리	food	127.70523	34.75501
동트는집	food	127.70430	34.75376
동해생선구이	food	127.65839	34.76077
동혁슈퍼	shop	127.64386	34.77783
동현숯불갈비	food	127.75455	34.71843
동황토산	shop	127.56095	34.87468
동희	shop	127.73384	34.74141
동희나이키	shop	127.66863	34.75971
돼지	bar	127.70119	34.75131
돼지먹소	food	127.65024	34.77357
돼지사랑	food	127.72289	34.73399
돼지저금통	food	127.70518	34.75380
두가지딜리버리	food	127.70621	34.76867
두거리우신탕	food	127.64971	34.77647
두경	stay	127.75073	34.73186
두꺼비	bar	127.72388	34.73398
두꺼비게장	food	127.72070	34.73380
두꺼비식당	food	127.62082	34.71349
두꺼비식당	food	127.74431	34.74812
두꺼비식당	food	127.66498	34.76415
두꺼비실내마차	food	127.64362	34.77446
두끼여수	food	127.66717	34.75874
두라리민박	stay	127.73439	34.56984
두레	food	127.66498	34.76415
두레죽집	food	127.70817	34.75263
두리	food	127.72158	34.72684
두리두리	bar	127.70107	34.75120
두리두리맛집	food	127.70107	34.75120
두리아나	shop	127.73256	34.74059
두리포차	food	127.65230	34.74502
두마리찜닭두찜여수	food	127.72176	34.73227
두메산골	food	127.64913	34.73891
두문포	nature	127.79680	34.64790
두바이	bar	127.66377	34.75901
두바이모텔	stay	127.71678	34.75746
두번먹는명인김치찜	food	127.64822	34.76068
두번째길	stay	127.73710	34.74056
두산민박	shop	127.24463	34.23843
두암	food	127.69755	34.83647
두찜	food	127.69980	34.75037
두찜	food	127.74277	34.74545
두찜여수	food	127.71929	34.73444
두찜여수	food	127.66018	34.76086
두찜여수웅천점	food	127.67051	34.74626
두포슈퍼	shop	127.73392	34.52591
둔병도새마을회협동조합	cafe	127.53540	34.62689
둘레길산장	food	127.71483	34.73864
둘리문구사	shop	127.69975	34.74650
둥지민박	stay	127.80555	34.48582
둥지소주방	food	127.70597	34.75463
둥지실내마차	bar	127.66642	34.75732
둥지횟집	food	127.57908	34.88297
뒷고기집	food	127.64397	34.77366
드래곤반점	food	127.63813	34.77451
드론즈올	shop	127.67226	34.76023
드롭탑여수	cafe	127.63738	34.76414
드롭탑여수소호점	cafe	127.64967	34.73913
드롭탑여수웅천	cafe	127.67879	34.74871
드루와성인게임방	activity	127.73106	34.74152
드루와포차	bar	127.70812	34.72423
드림	stay	127.74267	34.74645
드림	shop	127.66413	34.76426
드림모텔	stay	127.70190	34.76821
드림식품	shop	127.66871	34.78086
드림약국	shop	127.66593	34.76030
드림여수	stay	127.74639	34.71870
드림음식점	food	127.73080	34.74109
드림컴퍼니	shop	127.62136	34.84319
드림컴퓨터랜드	shop	127.67471	34.76252
드림푸드	food	127.69712	34.75210
드림플러스	shop	127.67893	34.74912
드림홀	activity	127.70007	34.75169
드메르	stay	127.63004	34.66729
드본	shop	127.68282	34.75056
드우붓	cafe	127.54021	34.60330
드피치	food	127.65217	34.77248
득템	shop	127.73106	34.74152
들가민박	stay	127.76653	34.65379
들가운데	food	127.63297	34.78330
들깨나라	food	127.67230	34.75786
들깨나라	food	127.73399	34.74036
들깨나라국수	food	127.67228	34.75790
들꽃	bar	127.70348	34.76976
들꽃	shop	127.75124	34.72242
들꽃마을펜션	stay	127.78222	34.66884
들녘밥상	food	127.64715	34.79027
들풀	shop	127.70566	34.75192
등가게장	food	127.71994	34.73276
등나무집	food	127.73027	34.74217
등대	bar	127.30533	34.02629
등대이층	food	127.73733	34.73905
등대지기	food	127.69736	34.72597
등뼈家	food	127.70406	34.76932
등뼈감자탕무선점	food	127.64512	34.77292
등촌민박	stay	127.74146	34.50881
등촌샤브칼국수	food	127.66475	34.75668
디데이	food	127.66644	34.75852
디디아로마	shop	127.66607	34.75920
디딤돌	shop	127.72116	34.73128
디딤돌협동조합	shop	127.69929	34.76890
디마레풀빌라	stay	127.72075	34.64186
디마레풀빌라루나펜션	stay	127.72062	34.64219
디모데	shop	127.66626	34.75966
디바	bar	127.66622	34.75763
디바인델리	food	127.67708	34.73945
디벨롭	bar	127.66440	34.75703
디스커버리	shop	127.67113	34.75833
디스커버리	shop	127.73404	34.74127
디씨백화점	shop	127.69289	34.75399
디씨잡화철물	shop	127.71358	34.72552
디아크	food	127.75770	34.70127
디아크리조트	stay	127.75755	34.70181
디앤알피자헛	food	127.70137	34.75239
디앤알피자헛여수	food	127.65939	34.76081
디어베이비	shop	127.65148	34.77685
디에스팜여수여서점	shop	127.70626	34.74876
디오션리조트	activity	127.64397	34.73245
디오션워터파크푸드홀릭	food	127.64333	34.73339
디오션피트니스센타	activity	127.64333	34.73339
디오아시스풀빌라히노끼펜션	stay	127.62827	34.67242
디저트사계	cafe	127.74177	34.74144
디저트카페오뉴	food	127.65392	34.74536
디제이노래타운	bar	127.66575	34.75885
디지털세상	shop	127.66002	34.76131
디테주얼리	shop	127.69534	34.75453
따끼또스	food	127.67416	34.74311
따뜻한밥상따밥	food	127.64312	34.77446
따봉	bar	127.72396	34.73530
딱여그서	food	127.64555	34.77305
딱지	bar	127.70594	34.75143
땅땅치킨죽림무선점	food	127.63831	34.76389
땅스부대찌개	food	127.70257	34.74982
땅콩찻집	food	127.72862	34.74179
땡초닭발	food	127.70226	34.77297
떡먹는비버	food	127.69931	34.75057
떡보의하루	food	127.69885	34.74806
떡볶이먹고갈래요	food	127.69474	34.75479
떡사랑	food	127.66495	34.76382
떡순이두마리치킨	food	127.69402	34.75516
떼루아	cafe	127.65796	34.74699
떼루아	bar	127.67569	34.74535
떼루와여수	cafe	127.70188	34.77109
뗏목	food	127.69489	34.75493
또또마차	bar	127.65013	34.77532
또또분식	food	127.70060	34.74842
또또수예점	shop	127.73115	34.74135
또또와포차	food	127.70450	34.75500
또래김밥	food	127.74462	34.74458
또래김밥	food	127.71029	34.75831
또래오래치킨	food	127.70804	34.75257
또래친구편의점	food	127.65522	34.76557
또뮤비노래방	activity	127.69209	34.78449
또바기	food	127.70055	34.75040
또바기	shop	127.71641	34.72964
또봄	shop	127.65620	34.76242
또봉이통닭	food	127.74413	34.75482
또순이식당	food	127.72434	34.73381
또스테이	stay	127.63727	34.62628
또예쁘네	shop	127.65816	34.76708
또오넛	cafe	127.70503	34.77055
또오리라	food	127.63378	34.79055
또와	food	127.67239	34.76020
또와	shop	127.72862	34.74179
또와노래연습장	activity	127.69912	34.74792
또와마차	bar	127.73069	34.74225
또잇케이크	food	127.66983	34.75900
똑똑한여천맘의공간	cafe	127.67071	34.74875
똑심이식당	food	127.66489	34.75930
똑심이호프	bar	127.72001	34.73502
뚜레쥬르	food	127.65896	34.76673
뚜레쥬르	food	127.65636	34.76135
뚜레쥬르돌산점	food	127.75172	34.72105
뚜레쥬르미평점	food	127.70211	34.77160
뚜레쥬르봉계동	food	127.69300	34.78455
뚜레쥬르여서점	food	127.70549	34.75362
뚜레쥬르여수	food	127.66722	34.75899
뚜레쥬르여수	food	127.71757	34.73156
뚜레쥬르여수무선점	food	127.64819	34.77494
뚜레쥬르여수엑스포타운점	food	127.74380	34.75269
뚜레쥬르여수웅천롯데	food	127.67837	34.73946
뚜레쥬르여수웅천점	food	127.67626	34.74814
뚝딱	cafe	127.65075	34.77512
뚝밥	food	127.70284	34.77204
뚱땡이	food	127.74699	34.74409
뚱땡이김밥	food	127.57912	34.88290
뚱땡이숯불두마리치킨	food	127.65654	34.76332
뚱언니네	food	127.70122	34.75276
뚱이네백반	food	127.66351	34.78836
뚱이식당	food	127.75591	34.71997
뚱이집밥	food	127.65420	34.77277
뛰뛰빵빵제빵소	food	127.67242	34.74624
뜨더	food	127.64876	34.77546
뜨락	food	127.67397	34.75748
뜨레놀레키즈풀빌라	stay	127.73554	34.83385
뜨레모아	stay	127.80354	34.59411
뜨레모아	food	127.70962	34.77046
뜰방에꼬꼬닭	food	127.63681	34.76496
띠아모호텔	stay	127.72418	34.73358
라갈비	food	127.67462	34.74076
라노체	bar	127.66708	34.75856
라니야잡화점	shop	127.73133	34.74263
라또아와인	food	127.74583	34.74733
라또아카페	cafe	127.74583	34.74733
라또아플라워	shop	127.74583	34.74733
라라랜드	food	127.74639	34.71870
라라살롱	shop	127.69964	34.75103
라라유니버스	food	127.67462	34.74076
라라캠프	food	127.77686	34.68617
라로사	stay	127.57835	34.73209
라마네제화	shop	127.71596	34.72885
라메르	stay	127.78010	34.69040
라무진여수	food	127.66606	34.75724
라벤나	food	127.64367	34.72986
라벤다	stay	127.75793	34.70322
라비다샵여수	shop	127.66731	34.75915
라비베이커리	food	127.65148	34.77685
라비앙	food	127.63651	34.76582
라비치스토어	shop	127.75649	34.70875
라스베가스	stay	127.73100	34.74136
라스텔라펜션	stay	127.72663	34.65548
라온	food	127.70476	34.75393
라온놀이	shop	127.70250	34.74980
라온유마트	shop	127.69553	34.78340
라온커피솝	cafe	127.63858	34.76349
라온펜션	stay	127.74782	34.71723
라운지	shop	127.67001	34.75937
라이라이	food	127.66528	34.76112
라이브카페공감	bar	127.65188	34.74436
라이언보드카페	activity	127.66717	34.75874
라이크미	shop	127.70892	34.72412
라이크율	shop	127.66918	34.76038
라이프아트뮤지엄카페	cafe	127.57947	34.78628
라이프플러스	stay	127.75732	34.70380
라인	shop	127.66690	34.75987
라인김밥	food	127.71304	34.73462
라인마트	shop	127.71304	34.73462
라인반점	food	127.71304	34.73462
라인실내마차	bar	127.71271	34.73395
라임	shop	127.69044	34.78383
라임모먼트	shop	127.63863	34.76469
라임호스텔	stay	127.74478	34.73972
라테라스게임존	activity	127.75649	34.70875
라테라스빌라호스텔	stay	127.75682	34.70837
라테라스코브스위트	stay	127.75649	34.70875
라포즈호스텔	stay	127.75621	34.70238
라프라자여수	stay	127.74829	34.71701
라피끄	shop	127.77695	34.69511
라피끄로맨틱카	shop	127.74997	34.72139
라피끄베이커리딸기모찌원조	cafe	127.77695	34.69511
라홍방마라탕	food	127.63957	34.76174
라홍방마라탕	food	127.74309	34.75329
라홍방마라탕	food	127.70386	34.77030
라홍방마라탕	food	127.66694	34.75912
라홍방마라탕	food	127.70007	34.75169
라홍방여수웅천점	food	127.67047	34.74657
라화쿵부	food	127.66125	34.76624
라화쿵부마라탕	food	127.70567	34.75446
라화쿵푸여수	food	127.73661	34.74071
람바다노래연습장	activity	127.65867	34.75753
람세스노래연습장	activity	127.73117	34.74222
랑데부	bar	127.70634	34.75362
랑데부당구장	activity	127.66622	34.75892
랑데뷰카페	cafe	127.66622	34.75892
래빗슬라임	activity	127.65184	34.76506
랜드숲	stay	127.71030	34.72509
러브뱅크라이브콘서트	bar	127.66556	34.75871
러브빈스토어	shop	127.66996	34.75928
러블리	shop	127.66850	34.77161
러블리	shop	127.73011	34.74358
러운	cafe	127.71138	34.72582
럭셔리당구장	activity	127.70168	34.75132
럭키통신	shop	127.73604	34.74063
런치타임	shop	127.68451	34.73890
레고	bar	127.66545	34.75826
레노마골프	shop	127.73363	34.74162
레노마골프	shop	127.66897	34.76175
레돈도	stay	127.74947	34.75954
레드	bar	127.65623	34.75401
레드존	cafe	127.74177	34.74115
레드폭스	bar	127.69885	34.74806
레드폭스빠	bar	127.66581	34.75913
레몬노래타운	bar	127.66397	34.75884
레브	cafe	127.62837	34.67468
레브민박	stay	127.74192	34.66366
레브슈퍼	shop	127.62837	34.67468
레이백	cafe	127.65170	34.76141
레이지데이	stay	127.76739	34.71049
레인보우	stay	127.66223	34.76550
레인보우	shop	127.64640	34.77998
레인보우가라오케	bar	127.66572	34.75863
레인보우앵무새카페	cafe	127.58045	34.88004
레인보우횟집	food	127.65631	34.74901
레인블러	cafe	127.74490	34.75281
레저로파크골프	activity	127.70302	34.75068
레전드야구존	activity	127.66667	34.75945
렉시	stay	127.72512	34.73472
렌라멘	food	127.68310	34.74833
렌조	food	127.74177	34.74144
렙쇼메이스튜디오	shop	127.72153	34.72838
로가디스	shop	127.73219	34.74091
로그펜션	stay	127.72461	34.65502
로덱스	shop	127.65660	34.76630
로뎀	cafe	127.57929	34.88202
로뎀	cafe	127.31041	34.02559
로뎀	cafe	127.70706	34.75324
로뎀나무	shop	127.67023	34.76064
로뎀민박	stay	127.55460	34.59085
로뎀아트센터	shop	127.67457	34.76217
로뎀탁구클럽	activity	127.66991	34.76224
로도울	shop	127.67636	34.74730
로드	shop	127.66876	34.75955
로드비어	bar	127.74993	34.72060
로또	bar	127.70401	34.75385
로또당구장	activity	127.70665	34.75377
로또맛집	activity	127.73120	34.73917
로또명당빛	activity	127.66299	34.75818
로또카페	activity	127.65382	34.74588
로또통신	shop	127.73256	34.74059
로띠번여수여서점	cafe	127.69907	34.74982
로라앤틱카페	cafe	127.69231	34.78345
로마의휴일	bar	127.65713	34.75875
로맨틱브라운	shop	127.70847	34.74985
로바타토리	food	127.66643	34.75751
로부터	cafe	127.66957	34.75907
로스터리카페어촌	cafe	127.71504	34.72604
로스티아	food	127.76095	34.70038
로얄	bar	127.66542	34.75672
로얄게임장	activity	127.66582	34.75800
로얄멕스칸양념통닭，패션속옷란제리	food	127.61345	34.70735
로얄모텔	stay	127.71625	34.75727
로얄테니스아카데미	shop	127.70360	34.75087
로엠	shop	127.65636	34.76135
로와	food	127.74836	34.72210
로우플	shop	127.72994	34.73995
로이스푼	food	127.66564	34.76297
로이스푼여서점	food	127.70512	34.75249
로제플레르	shop	127.64300	34.77221
로젠	stay	127.70330	34.76522
로젠모텔	stay	127.70332	34.76526
로즈	bar	127.70634	34.75362
로즈마리	food	127.73273	34.73996
로즈애플여수웅천점	food	127.67416	34.74311
로즐리플라워	shop	127.66970	34.76227
로컬마루	shop	127.65531	34.75888
로코코공간사랑	shop	127.70693	34.76349
로타리마차	food	127.69976	34.74745
로타리분식	food	127.73636	34.74017
로타리식당	food	127.72752	34.74145
로타리큰약국	shop	127.70004	34.74799
로하스	shop	127.70014	34.75179
록시	bar	127.66471	34.75803
록원장어구이	food	127.64501	34.77664
롤러팝	activity	127.69861	34.74815
롤로	shop	127.70710	34.76394
롤로	shop	127.65393	34.77048
롤로	shop	127.67433	34.75722
롤링파스타여수여서점	food	127.70634	34.75362
롤핀	food	127.67505	34.75192
롯데리나	cafe	127.73256	34.74059
롯데리아디오션리조트점	food	127.64333	34.73339
롯데리아롯데더몰	food	127.72153	34.72838
롯데리아여수	food	127.73418	34.74099
롯데리아여수여서점	food	127.70004	34.74799
롯데리아여수예술랜드	food	127.77695	34.69511
롯데리아여수웅천점	food	127.67095	34.74691
롯데리아이마트	food	127.71499	34.75792
롯데마트수비비안	shop	127.65148	34.77685
롯데마트엘지화장품	shop	127.65148	34.77685
롯데슈퍼여수무선점	shop	127.65052	34.77243
롯데칠성음료진원유통	shop	127.63008	34.79423
롯데캐논	shop	127.66944	34.76231
롯데탑스	shop	127.72153	34.72838
루나	food	127.70120	34.75058
루나	stay	127.64965	34.77676
루디아패션	shop	127.66668	34.76300
루루	shop	127.63870	34.76806
루멘	shop	127.67573	34.74773
루비	shop	127.73346	34.74158
루비	shop	127.66931	34.76081
루비모텔	stay	127.75091	34.72114
루비스넥	food	127.71648	34.75829
루시드커피	cafe	127.67549	34.74834
루쏘소여수	shop	127.66988	34.76395
루아네민박	stay	127.71906	34.74318
루의퀼트	shop	127.70258	34.77245
루이까스텔여수	shop	127.66453	34.76044
루카가라오케	bar	127.66523	34.75882
루키나호	activity	127.70840	34.72345
루키버드	shop	127.66902	34.76066
루틴베이크샵	cafe	127.67869	34.74767
룩앤슈	shop	127.73357	34.74117
룰노래뮤비방	activity	127.65276	34.74535
룰루랄라룸소주방	bar	127.66516	34.75812
룰루앤룰루	shop	127.66849	34.75998
류메디코	shop	127.66311	34.76610
르그랑블루	stay	127.77775	34.68746
르꼬끄	shop	127.73362	34.74116
르네셀	shop	127.65623	34.76290
르네셀	shop	127.67129	34.75773
르네셀옥이네일	shop	127.65010	34.74449
르니앤맥코이	shop	127.72236	34.72867
르블랑풀빌라	stay	127.55307	34.63746
르쁘띠뮤	stay	127.71650	34.72925
르시엘민박	stay	127.74195	34.66347
르컬렉티브여수	stay	127.67705	34.74142
르파라디펜션	stay	127.75517	34.79718
리갈	bar	127.70412	34.75296
리더	bar	127.70419	34.75362
리더낚시	shop	127.73139	34.73470
리더낚시돌산점	shop	127.74518	34.72610
리도	food	127.53192	34.80728
리모텔	stay	127.70422	34.75213
리바이스롯데몰	shop	127.72153	34.72838
리바이스언더웨어	shop	127.66575	34.75885
리버스영	food	127.64333	34.73339
리본스화장품	shop	127.67091	34.76149
리블링스	food	127.72634	34.74066
리빙오브제	shop	127.67000	34.76058
리빙포레스트여수	shop	127.67075	34.76360
리스너	bar	127.70479	34.75360
리스치킨	food	127.73840	34.74166
리알씨	shop	127.71199	34.72580
리얼통신	shop	127.65351	34.75468
리얼펍살얼음맥주	bar	127.69274	34.75393
리얼펍살얼음맥주여수덕충점	bar	127.74309	34.75329
리얼펍여수	food	127.66562	34.75725
리에또	cafe	127.74135	34.66342
리에또오션뷰수영장풀빌라	stay	127.74160	34.66313
리오모텔	stay	127.72491	34.73288
리지	cafe	127.66932	34.76038
리챠드종합무역	shop	127.71995	34.64657
리츠모텔	stay	127.66500	34.76129
리치	cafe	127.65821	34.75759
리카	shop	127.74922	34.74292
리틀이들	activity	127.63624	34.76422
리틀코코	shop	127.68288	34.74830
리틀포레스트펜션	stay	127.77197	34.71632
리펜스튜디오	shop	127.72153	34.72838
리포소스파독채풀빌라	stay	127.78426	34.66940
리홍	food	127.63810	34.76362
린·준샵	shop	127.65636	34.76135
린나이가스렌지여수	shop	127.72853	34.74389
린차이나	food	127.69655	34.74886
립앤테이블	food	127.70475	34.77091
링링차이나	food	127.63866	34.77350
링스	shop	127.73506	34.74064
링스스포츠	shop	127.66474	34.76033
마나바	cafe	127.70336	34.75246
마녀배달	food	127.67150	34.76115
마녀호프	bar	127.65029	34.76052
마님포차	food	127.70426	34.75512
마담포라	shop	127.73114	34.74073
마당발	shop	127.66861	34.76211
마더정	shop	127.73774	34.75434
마드모아젤	shop	127.67023	34.76182
마띠유	cafe	127.31090	34.02588
마띠유	food	127.56886	34.79109
마라시대	food	127.71971	34.73374
마라월드	food	127.70755	34.75522
마레몬떼	shop	127.73331	34.74114
마루민박팬션	stay	127.63741	34.63305
마루보청기	shop	127.66250	34.76343
마루숯불구이	food	127.67001	34.74654
마리나무인호텔	stay	127.72465	34.73314
마리나볼링	activity	127.66426	34.75686
마리나부페	food	127.66426	34.75686
마리나편의점	shop	127.66426	34.75686
마리네식탁	food	127.65986	34.75984
마리아	bar	127.70483	34.75409
마리앤모리	shop	127.67552	34.75133
마리타임	activity	127.74696	34.75083
마린	shop	127.66973	34.75947
마린드리플	food	127.67231	34.74277
마린테라스	stay	127.63281	34.66379
마마트여수시소호점	shop	127.64965	34.73902
마마펫살롱	shop	127.70007	34.75210
마미손김밥	food	127.64270	34.77251
마미양품	shop	127.68003	34.74787
마벨	shop	127.68228	34.75057
마부하이	shop	127.71682	34.75764
마산횟집	shop	127.66413	34.76426
마선생마약국밥	food	127.65545	34.76612
마셔요가요주점	bar	127.72342	34.73509
마스터바니	shop	127.66842	34.76019
마스터스골프존	activity	127.65721	34.75892
마시고마시고소주호프	bar	127.75485	34.71743
마시마로	shop	127.66581	34.75913
마시베이커리	food	127.67359	34.74131
마애	cafe	127.63597	34.62384
마왕핫도그	food	127.66910	34.75853
마우스풀다이닝	food	127.65730	34.75845
마운티아여수	shop	127.73473	34.74161
마음가짐	activity	127.67067	34.74693
마음고기	food	127.63929	34.76129
마음고기여서점	food	127.70285	34.75252
마음숯불고기	food	127.65650	34.75905
마이라이프도연	shop	127.72871	34.74835
마이엔벌룬	shop	127.70938	34.77160
마이웨이	bar	127.66615	34.75869
마이찬푸드	shop	127.64327	34.77129
마이크로	shop	127.66961	34.76146
마이티통신	shop	127.71484	34.73036
마이펫	shop	127.74202	34.75487
마이풋살장	activity	127.71836	34.80341
마젠타커피로스터리	shop	127.67239	34.76274
마중카페	food	127.73349	34.73956
마카나이여수	food	127.66664	34.75875
마카오	bar	127.66556	34.75928
마켓	shop	127.71515	34.73620
마코	shop	127.73426	34.74159
마코골프스포츠	shop	127.65618	34.76225
마크툽	shop	127.66897	34.76004
마타보라	shop	127.73256	34.74059
마트	shop	127.72866	34.74064
마트	shop	127.71515	34.73620
마트충무점	shop	127.72986	34.74061
마티네	cafe	127.67077	34.75867
막걸리랑소주랑	bar	127.69992	34.74717
막사발	food	127.64905	34.77373
막창드라마	bar	127.68966	34.78388
막창품은뒷고기	food	127.70116	34.75075
만광	shop	127.73299	34.74089
만광약국	shop	127.69898	34.74797
만끽	food	127.64815	34.73942
만나	shop	127.67042	34.58008
만나당한약방	shop	127.73155	34.73930
만나식당	food	127.72828	34.74951
만나식당	food	127.58607	34.86104
만나식품	food	127.73219	34.74194
만나한정식뷔페	food	127.74868	34.74335
만남	food	127.73342	34.73991
만남	bar	127.70242	34.75306
만남곱창	food	127.72900	34.74194
만남의광장	shop	127.58130	34.82743
만남의광장	food	127.71959	34.73319
만남의집	food	127.72136	34.73796
만남찻집	cafe	127.72846	34.74232
만덕불교사	shop	127.72977	34.74198
만두당	food	127.66668	34.76300
만두먹고찐빵먹고	food	127.72825	34.74241
만리성	food	127.69507	34.75513
만리장성	food	127.57173	34.88228
만물상낚시	shop	127.73342	34.73943
만물상회	shop	127.73391	34.74095
만물상회	food	127.66992	34.76019
만물상회	shop	127.73123	34.73973
만물할인마트	shop	127.67044	34.76160
만복먹거리	food	127.69422	34.74983
만복상회	shop	127.72862	34.74179
만복식당	food	127.66663	34.76430
만복이네농산물	shop	127.67416	34.74311
만복집흑염소	food	127.67346	34.76062
만선집	food	127.75001	34.72157
만선해양통신	shop	127.72167	34.72899
만선호	activity	127.57383	34.64142
만성리낚시	shop	127.74630	34.77372
만성수산유통	shop	127.71778	34.72687
만세식당	food	127.73199	34.73859
만세푸드	food	127.66889	34.80697
만송노래연습장	activity	127.72309	34.73291
만원식당	food	127.66222	34.76531
만월	food	127.66446	34.75973
만월	food	127.70470	34.75402
만조	food	127.66951	34.76125
만추롯데몰	food	127.72153	34.72838
만카이	food	127.69332	34.75423
만카이무선점	food	127.64774	34.77390
만카이웅천	food	127.67569	34.74535
만흥공원	nature	127.74389	34.77282
많이드릴께많이잡숴	food	127.71340	34.75639
말랑여수	cafe	127.74461	34.74754
말리브호텔	stay	127.63490	34.76184
말자싸롱	food	127.64935	34.77608
맑은수한약국	shop	127.70067	34.74961
맘	cafe	127.71315	34.72723
맘스터치	food	127.70060	34.74842
맘스터치	food	127.74696	34.75083
맘스터치	food	127.70281	34.77285
맘스터치	food	127.65922	34.76675
맘스터치무선점	food	127.64660	34.77595
맘스터치여수	food	127.63958	34.76159
맘스터치여수	food	127.64051	34.82113
맘스터치여수웅천메가박스점	food	127.67893	34.74912
맘스터치여수웅천점	food	127.67518	34.74861
맘스터치치킨	food	127.73273	34.73996
맘스피자여수	food	127.63958	34.76159
맘앤맘교육	shop	127.64891	34.77317
맛	food	127.68186	34.82634
맛깔참죽	food	127.66125	34.76624
맛나감자탕	food	127.70349	34.75254
맛나감자탕여수신기점	food	127.67853	34.76387
맛나게장	food	127.67065	34.76083
맛나게장백반	food	127.67062	34.76087
맛나네분식	food	127.31069	34.02737
맛나식당	food	127.71171	34.73121
맛나식품	shop	127.72980	34.73935
맛나옛날삼겹살	food	127.67693	34.74919
맛나푸드	food	127.65057	34.76182
맛나회뜨는집	shop	127.73837	34.73836
맛더함푸드	food	127.65942	34.76613
맛드림	shop	127.31096	34.05168
맛뜰안식품어묵고	shop	127.66498	34.76415
맛사랑식당	food	127.70759	34.75221
맛으로여는행복	food	127.65912	34.75757
맛있는게장식당	food	127.75542	34.71525
맛있는여수	shop	127.74153	34.73059
맛자랑	food	127.66498	34.76415
맛전	bar	127.70517	34.75415
맛집남도밀면	food	127.70410	34.77017
망고	shop	127.66886	34.75975
망고	bar	127.65016	34.77687
망고찻집	cafe	127.72862	34.74179
망고하우스	stay	127.74265	34.73823
망치네	stay	127.66664	34.76439
망향비빔국수	food	127.65413	34.78971
맞나떡방앗간	food	127.65175	34.76073
매돈정육점	shop	127.72186	34.61630
매료	food	127.70951	34.74972
매운탕명가	food	127.66947	34.80751
매일소주방	bar	127.73020	34.74100
매일우유여천	shop	127.67216	34.75914
매종리바벨라	cafe	127.79490	34.63067
매직	bar	127.65042	34.77650
매직갤러리인테리어	shop	127.65504	34.75472
매직보드카페	activity	127.63856	34.77295
매직볼당구클럽	activity	127.69332	34.75423
매치박스	shop	127.73256	34.74059
매화아씨	bar	127.70630	34.75413
맥가이버	food	127.75622	34.71970
맥시카나치킨신기점	food	127.67004	34.76070
맥시칸양념통닭	food	127.73154	34.73914
맥시칸치킨돌산점	food	127.75512	34.71948
맥주깡패	bar	127.69209	34.78449
맥주깡패	bar	127.68958	34.78424
맥주마트	bar	127.69310	34.75402
맥주야	bar	127.71104	34.72726
맥주이야기	bar	127.65938	34.75759
맥주장터	bar	127.70199	34.75244
맥필드베이커리	food	127.65044	34.74418
맨가엣집	food	127.67575	34.75241
맨발의청춘	food	127.70525	34.75356
맨투맨스포츠	shop	127.73566	34.74028
맨하탄모텔	stay	127.66475	34.75852
맬러드	stay	127.62848	34.65538
맵도리탕	food	127.66613	34.75931
맵시	shop	127.66957	34.75907
맵시뜨게방	shop	127.65654	34.76332
맹꽁이	food	127.70406	34.75401
맹꽁이포차	food	127.64674	34.77585
맹꽁이푸드스토리	food	127.66933	34.75894
맹꽁이푸드스토리	food	127.68034	34.73861
머메이드	food	127.74083	34.74386
머물래	food	127.67261	34.76110
먹거리광장	food	127.70086	34.75143
먹거리맛자랑	bar	127.72863	34.74421
먹거리천국	food	127.69427	34.74890
먹거리푸드	food	127.75292	34.74029
먹고또먹고	food	127.70400	34.76955
먹기만회	food	127.74201	34.74696
먹뱅이한우	food	127.66510	34.75693
먹보	food	127.73342	34.73991
먹성집여수무선점	food	127.65072	34.77679
먹쇠	food	127.66489	34.75830
먹쇠	food	127.70254	34.75201
먹쇠家	shop	127.70254	34.75201
멋부림샵	shop	127.70144	34.77157
멋쟁이명품구제	shop	127.73150	34.74201
멋진만남	cafe	127.72998	34.74014
멋진하루	stay	127.70589	34.72322
멍냥멍냥	shop	127.70931	34.76969
멍냥펫택시	stay	127.70931	34.76969
메가시티	activity	127.73256	34.74059
메가엘앤씨	shop	127.73256	34.74059
메가엠지씨커피	cafe	127.74309	34.75329
메가엠지씨커피	cafe	127.69411	34.75478
메가엠지씨커피	cafe	127.70325	34.77055
메가엠지씨커피여수	cafe	127.66001	34.76625
메가엠지씨커피여수	cafe	127.73284	34.74138
메가엠지씨커피여수	cafe	127.66556	34.75928
메가엠지씨커피여수국동서희점	cafe	127.71745	34.73138
메가엠지씨커피여수무선점	cafe	127.65057	34.77730
메가엠지씨커피여수신기점	cafe	127.67430	34.76152
메가엠지씨커피여수여서	cafe	127.70510	34.75296
메가엠지씨커피여수웅천점	cafe	127.67067	34.74693
메가엠지씨커피여수진남	cafe	127.66333	34.76474
메가엠지씨커피여수진남주유소점	cafe	127.69298	34.78369
메가피자	food	127.70582	34.75455
메고지고떡창고	food	127.69361	34.75467
메고지고떡창고	cafe	127.74202	34.75487
메디치가든	bar	127.65492	34.75467
메르민박	stay	127.74211	34.66382
메르시	shop	127.70754	34.75388
메르시	bar	127.70414	34.75244
메르시엘	shop	127.69201	34.75429
메르온수수영장펜션	stay	127.62643	34.67301
메리비쥬	shop	127.66863	34.76034
메리야스할인매장	shop	127.73130	34.74062
메리엘	cafe	127.74562	34.78009
메리퀸	shop	127.67245	34.76138
메리퀸	shop	127.72849	34.74354
메모리	cafe	127.69970	34.75118
메밀빛초계국수막국수	food	127.73602	34.74041
메밀빛초계국수막국수양평해장국돌	food	127.76403	34.69644
메아리글램핑장	stay	127.56690	34.79131
메아리노래연습장	activity	127.74269	34.74464
메이	shop	127.66850	34.75942
메이비	cafe	127.61997	34.76495
메이비하우스	stay	127.61997	34.76495
메인	food	127.66401	34.75849
메인정보시스템	shop	127.70298	34.76580
메종	shop	127.67164	34.76194
메종드메르	cafe	127.61535	34.70938
멕시카나무선	food	127.65173	34.77452
멕시카나여서점	food	127.70759	34.75015
멕시카나치킨	food	127.71304	34.73462
멕시카나치킨여서점	food	127.70257	34.74982
멕시칸치킨	food	127.64780	34.74519
멕시칸치킨	food	127.66501	34.76492
멜로우	cafe	127.71986	34.73208
멜론코인노래연습장	activity	127.70414	34.75244
멜리플루어스	cafe	127.69515	34.75029
면수민박	stay	127.76961	34.50858
명가	food	127.72098	34.73264
명가식당	food	127.72811	34.74110
명가식당，명가모텔	stay	127.76664	34.50977
명가유블레스	stay	127.71890	34.72679
명광통신	shop	127.73126	34.74098
명금보석	shop	127.66856	34.75920
명금휴게소	shop	127.51150	34.62927
명동	bar	127.70605	34.75394
명동각	stay	127.66474	34.76495
명동게장	food	127.72195	34.73296
명동노래단란	bar	127.72401	34.73462
명동당구클럽	activity	127.66597	34.75858
명동레이디	shop	127.73286	34.74123
명동먹거리	bar	127.66644	34.75852
명동보석	shop	127.73373	34.74132
명동수제화	shop	127.72862	34.74179
명동아울렛	shop	127.73352	34.74106
명동의류	shop	127.71847	34.73279
명랑시대쌀핫도그여수신기점	food	127.66825	34.75945
명륜진사갈비	food	127.69866	34.74895
명보당	shop	127.73940	34.74137
명산매점	shop	127.57759	34.83389
명성도시락	food	127.65654	34.76332
명성루	food	127.70399	34.77102
명성맛집	food	127.73176	34.73814
명성생고기	food	127.72398	34.73546
명성숯불갈비	food	127.63949	34.76389
명성숯불갈비	food	127.66497	34.75875
명성식당	food	127.73178	34.73906
명성전자냉동	shop	127.73022	34.73954
명성족발	food	127.72845	34.74150
명성천막사	shop	127.73890	34.73917
명성토참옻닭	food	127.66646	34.75799
명성호	shop	127.72236	34.72716
명수	food	127.74311	34.74735
명신낙지	food	127.73455	34.73987
명신노래단란	activity	127.70101	34.75022
명신수산	shop	127.74474	34.59992
명신식품	shop	127.73123	34.73928
명작노래연습장	activity	127.65851	34.75750
명장	shop	127.69300	34.75466
명진밥상	food	127.73751	34.83154
명창식당	food	127.73200	34.73905
명태골	food	127.65801	34.75744
명테크	shop	127.74616	34.72079
명품갤러리동방미인	shop	127.64140	34.72783
명품김밥	food	127.72360	34.73416
명품김밥	food	127.65352	34.74567
명품나루터	food	127.74017	34.73323
명품닭발	food	127.74181	34.74114
명품당구클럽	activity	127.70958	34.77010
명품돌솥국밥	food	127.68556	34.82731
명품맛집	food	127.74428	34.74784
명품상무팥죽여수	food	127.63634	34.76156
명품스크린	activity	127.65050	34.77759
명품스포츠	shop	127.71171	34.75873
명품육회	food	127.71662	34.75588
명품육회	food	127.64692	34.76068
명품제강식당	food	127.72311	34.73052
명품쪽갈비	food	127.63891	34.76185
명품퀼트	shop	127.70918	34.77114
명품통삼겹	food	127.71614	34.72941
명품호텔	stay	127.74863	34.73260
모꼬지	bar	127.70446	34.75336
모나미상회	shop	127.73697	34.73952
모나코	bar	127.70491	34.75193
모나코	stay	127.57340	34.65031
모네카페	bar	127.65988	34.75728
모네프	shop	127.66875	34.76059
모녀김밥	food	127.70848	34.76755
모노	cafe	127.74142	34.74359
모노아	food	127.66897	34.76004
모노퍼피	shop	127.65522	34.76579
모니카	shop	127.73256	34.74059
모닝글로리	shop	127.63666	34.76575
모닝문구	shop	127.70779	34.76585
모다	shop	127.70377	34.75267
모다기	food	127.74673	34.72295
모던노래타운	bar	127.66614	34.75795
모데끼리	bar	127.67218	34.76119
모데끼리	food	127.64865	34.77416
모도리보쌈족발여수	food	127.72152	34.73703
모도리보쌈족발여수	food	127.67198	34.76124
모두모아	bar	127.67261	34.76110
모드니	food	127.64967	34.77285
모란소주방	food	127.72868	34.74141
모란케이크	food	127.65467	34.74648
모랑지	shop	127.75398	34.79250
모래섬민박	stay	127.55507	34.59117
모래성한옥펜션	stay	127.55527	34.59158
모래시계	bar	127.66530	34.75801
모래알펜션	stay	127.77625	34.67922
모리네돈까스	food	127.67171	34.76131
모리아	cafe	127.56909	34.79104
모모네해초	shop	127.59279	34.76473
모모민박	stay	127.74473	34.77520
모모식당	food	127.73542	34.73951
모미가게	shop	127.72631	34.89232
모바일빛	shop	127.64224	34.77636
모범식당	food	127.73434	34.73980
모사금	stay	127.75236	34.79441
모사금선베드	stay	127.75585	34.79689
모사금해수욕장	beach	127.75577	34.79656
모씨라멘	food	127.75548	34.71930
모아	shop	127.72862	34.74179
모아민박	stay	127.73851	34.73171
모아원	shop	127.71769	34.73168
모여라호프	bar	127.72176	34.73227
모이리게스트하우스	stay	127.72480	34.73437
모이리당구클럽	activity	127.72176	34.73227
모이세당구장	activity	127.67302	34.76162
모이자분식	food	127.72971	34.74269
모이핀	cafe	127.77910	34.68788
모자이크	bar	127.66745	34.76232
모자천국	shop	127.72890	34.74139
모장이판장	shop	127.73234	34.65780
모장참옻닭	food	127.63642	34.76121
모장참옻닭	food	127.73287	34.65778
모장힐링하우스	stay	127.73278	34.65763
모카힐카페	cafe	127.74227	34.73815
모터프라자	shop	127.67453	34.76500
모텔	stay	127.66377	34.75901
모텔리베라	stay	127.66612	34.76075
모텔리빙	stay	127.74193	34.74561
모텔밤바다	stay	127.72443	34.73317
모텔스카이	stay	127.73399	34.73980
모텔티	stay	127.73301	34.73983
모토라이드쌍봉오토바이	shop	127.66909	34.76582
모토이시	food	127.66531	34.75894
모퉁이	food	127.70169	34.77313
모퉁이주가	food	127.70169	34.77313
목구멍	food	127.66594	34.75901
목련	bar	127.73312	34.74085
목련식당	food	127.64849	34.73882
목련포차	bar	127.72125	34.73193
목마루	food	127.74015	34.74237
목마주점	bar	127.65256	34.77232
몬스터피싱	shop	127.65587	34.74722
몰디브	bar	127.72434	34.73522
몰몰하우스	stay	127.75497	34.71953
몸을짓다	activity	127.63791	34.76478
못난이곱창	food	127.67383	34.76071
못말리는파닭프렌즈	food	127.73668	34.75408
몽	bar	127.70314	34.75235
몽담	food	127.64775	34.77344
몽돌굴구이	food	127.64069	34.72636
몽돌민박	stay	127.80832	34.48279
몽돌힐링	stay	127.51508	34.62728
몽땅선어	food	127.70005	34.75084
몽블랑핸즈여수	cafe	127.74605	34.73821
몽블랑핸즈여수아쿠아플라넷점	cafe	127.74871	34.74626
몽실아지매	food	127.66335	34.76974
몽실이네실비집	food	127.67309	34.76087
몽실푸드	shop	127.74989	34.73167
몽키컴퍼니	food	127.74354	34.73759
묘도가마솥식당	food	127.70963	34.88021
묘도민박	stay	127.71219	34.87492
묘도민박	stay	127.71228	34.87159
묘도상회	shop	127.73294	34.89376
묘도선착장	nature	127.71164	34.87139
묘도슈퍼	shop	127.71286	34.87380
묘도식품상회	shop	127.71174	34.87448
무궁화상회	shop	127.72945	34.74084
무냐무냐	shop	127.73375	34.74099
무동이네	shop	127.74460	34.77569
무드인디고	stay	127.71890	34.72679
무등소갈비	food	127.64867	34.77628
무등스포츠여수몰지점	shop	127.72153	34.72838
무랑민박	stay	127.74223	34.72705
무무	food	127.73476	34.74173
무무드	food	127.64704	34.76071
무번지	food	127.72309	34.73021
무선	food	127.64876	34.77546
무선건강원	shop	127.65008	34.77247
무선노래타운	bar	127.64782	34.77517
무선다구워갈비	food	127.64680	34.77347
무선당구클럽	activity	127.64972	34.77354
무선덩쿨식당	bar	127.64972	34.77354
무선맛드림김밥나라	food	127.65179	34.77280
무선맥주	bar	127.63814	34.77335
무선맥주	bar	127.65008	34.77375
무선문구	shop	127.65133	34.77280
무선반점	food	127.64414	34.77299
무선세븐노래타운	bar	127.64899	34.77502
무선소곱창	food	127.64918	34.77409
무선스크린골프존	activity	127.64763	34.77558
무선안경원	shop	127.65107	34.77249
무선쪽갈비	food	127.64876	34.77546
무선파크골프스크린용품	shop	127.64763	34.77558
무성닭집	shop	127.72844	34.74218
무술목민박	stay	127.77218	34.68264
무슬목해변	beach	127.77624	34.68359
무이골프스튜디오	activity	127.74544	34.75363
무이비엔카페	cafe	127.80341	34.59434
무작정	stay	127.24624	34.23888
무지개	bar	127.66362	34.76350
무지개	shop	127.73256	34.74059
무지개민박	stay	127.58556	34.74381
무지개포차	food	127.73189	34.74157
무지막회	food	127.65759	34.74795
무진장포차	bar	127.70812	34.72423
무타	food	127.66655	34.75794
무한정장어	food	127.70056	34.75157
무해	food	127.66831	34.75958
묵돌이식당	food	127.65277	34.74576
묵선방	shop	127.73966	34.74133
묵자	food	127.57173	34.88228
문	food	127.63831	34.76456
문가네민박	stay	127.80094	34.43328
문고리	food	127.65628	34.74809
문구야놀자여수웅천점	shop	127.67509	34.74374
문방구놀이터	shop	127.71299	34.72712
문수	shop	127.69841	34.74939
문수골	food	127.70046	34.75009
문수동왕갈비	food	127.69520	34.75479
문수막창	food	127.71137	34.75724
문수약국	shop	127.71055	34.75801
문수홈마트	shop	127.69274	34.74895
문어랑참치	food	127.66572	34.75863
문어의꿈	shop	127.67023	34.76182
문어팜	shop	127.72022	34.72667
문옥례솥뚜껑떡볶이롯데여수몰점	food	127.72153	34.72838
문자네통장어	food	127.68384	34.74961
문탁구카페	activity	127.66237	34.76512
문펜션	stay	127.74859	34.73181
문펜션슈퍼	shop	127.74859	34.73181
문풀	shop	127.65198	34.76578
문화냉동	shop	127.69974	34.76803
문화병원매점	shop	127.69928	34.74585
문화횟집	food	127.73793	34.73199
물노래타운	bar	127.64960	34.77516
물마지골	food	127.64001	34.77398
물망초	bar	127.73996	34.74292
물망초식당	food	127.73164	34.74155
물맷돌	food	127.65687	34.75924
물음표	bar	127.73073	34.74314
물음표노래타운	bar	127.70270	34.75292
물음표당구클럽	activity	127.64819	34.77494
물집얼음	shop	127.73726	34.73942
뭉치펫	shop	127.71098	34.75509
뭉크	food	127.65063	34.77363
뭉크마돈나	food	127.64735	34.77745
뭘먹지	food	127.73642	34.75347
뮤	stay	127.72419	34.73386
뮤즈	shop	127.73241	34.74177
뮤즈하우스	stay	127.63272	34.71139
뮤직팩토리악기사	shop	127.65059	34.74525
미	shop	127.67950	34.74767
미가	shop	127.57873	34.88116
미가	food	127.70313	34.75483
미가	food	127.71604	34.72931
미가칼국수	food	127.74345	34.75138
미건의료기	shop	127.66437	34.76368
미나식당	food	127.72191	34.73238
미네르바	shop	127.66092	34.76672
미니	activity	127.73254	34.74112
미니	shop	127.72862	34.74179
미니도트	shop	127.67905	34.74207
미니비치	shop	127.67001	34.74654
미니스위치	activity	127.70390	34.75275
미니스톱무선	shop	127.64899	34.77502
미니스톱무선남양점	shop	127.65274	34.77123
미니스톱미평	shop	127.70380	34.77066
미니스톱봉산어항점	shop	127.72350	34.73391
미니스톱여서공원점	shop	127.70314	34.75235
미니스톱여수	shop	127.71617	34.75763
미니스톱여수	shop	127.71535	34.72880
미니스톱여수	shop	127.71568	34.75770
미니스톱여수우두리점	shop	127.75290	34.72050
미니스톱여수해오름점	shop	127.74020	34.83453
미니스톱여천	shop	127.66438	34.75767
미니스톱여천무선점	shop	127.64429	34.77303
미니스톱화치	shop	127.64094	34.82048
미니점방	shop	127.70630	34.76930
미니클럽	bar	127.66581	34.75913
미도	shop	127.65747	34.76438
미도김밥	food	127.72812	34.74166
미도리타코	food	127.71940	34.73615
미도파낚시	shop	127.65674	34.75512
미들센스	food	127.66299	34.75818
미디어정보통신	shop	127.73092	34.74194
미라클헬스클럽	activity	127.73642	34.75347
미락정	food	127.64067	34.82069
미래모텔	stay	127.72473	34.73428
미래식	food	127.70331	34.75348
미래약국	shop	127.65070	34.77247
미래전기조명	shop	127.71933	34.73330
미래정보통신	shop	127.70589	34.75169
미래통신	shop	127.70235	34.77204
미로주	food	127.65696	34.75801
미로횟집	food	127.65671	34.75767
미르산업주	stay	127.75223	34.74154
미리내식당	food	127.69864	34.74966
미림간이음식점	food	127.69774	34.75466
미림식품	shop	127.71984	34.73282
미림푸드	shop	127.71238	34.72664
미림횟집	food	127.72239	34.72187
미메모	shop	127.61497	34.77567
미몽여수	food	127.66139	34.76673
미몽여수여서점	food	127.70518	34.75380
미미가	food	127.66222	34.76568
미미꼬마김밥	food	127.70075	34.74972
미미꼬마김밥	food	127.65633	34.76375
미미네	cafe	127.69043	34.74992
미미네국밥	food	127.64202	34.77228
미미뷰티미용재료	shop	127.65871	34.76078
미미소바	cafe	127.67240	34.74646
미미수산	food	127.66997	34.76241
미미패션	shop	127.72862	34.74179
미미호두	food	127.65751	34.76695
미분당여수웅천점	food	127.67832	34.74754
미사리	bar	127.66859	34.75960
미샤	shop	127.66842	34.76019
미샤	shop	127.71499	34.75792
미샤플러스이마트	shop	127.71499	34.75792
미성복어불고기	food	127.69902	34.74119
미성산업	shop	127.65116	34.76141
미성전자	shop	127.73497	34.73989
미성조명	shop	127.69879	34.74941
미성주방	shop	127.30403	34.02630
미성해물칼국수	food	127.74396	34.74746
미세스마카롱	food	127.73643	34.73999
미센스	shop	127.73528	34.74159
미셸롯데몰	shop	127.72153	34.72838
미셸여수	shop	127.72153	34.72838
미소	shop	127.57967	34.88158
미소	food	127.72868	34.74255
미소국밥	food	127.65274	34.77152
미소국밥	food	127.65361	34.77247
미소네과일집	shop	127.68025	34.74767
미소네점빵	shop	127.68042	34.74796
미소담	food	127.70677	34.75383
미소반찬	shop	127.70311	34.75650
미소야채	shop	127.73010	34.74017
미소약국	shop	127.69959	34.74985
미소포차	food	127.67309	34.76087
미송식당	food	127.63484	34.76217
미술	food	127.70382	34.76981
미스노래타운	bar	127.66489	34.75830
미스즈야	food	127.64617	34.77624
미스킴	bar	127.74981	34.72021
미스터보쌈앤스탠딩스테이크여수	food	127.67321	34.75705
미스터세븐	bar	127.70485	34.75432
미스터컵	cafe	127.64423	34.77319
미스터푸드	food	127.74696	34.75083
미스트롯	bar	127.64886	34.77674
미식정	food	127.63243	34.79041
미쎄스터	shop	127.67539	34.76443
미쓰바람	bar	127.70552	34.75439
미쓰콩마켓	shop	127.71418	34.72964
미영이네삼합	food	127.67043	34.74692
미우	shop	127.66856	34.76019
미운오리	food	127.64703	34.77706
미원상회	shop	127.73119	34.73827
미인	bar	127.72366	34.73483
미인	shop	127.72833	34.74269
미인나라스포츠	shop	127.72763	34.74283
미인종합화장품	shop	127.72825	34.74132
미즈노여수	shop	127.66874	34.76118
미진슈즈	shop	127.73372	34.74000
미진침구	shop	127.73256	34.74059
미치게	food	127.69759	34.74888
미치게	food	127.64950	34.77376
미카도스시여수	food	127.66695	34.75830
미코노스	food	127.75735	34.70722
미코인노래연습장	activity	127.70257	34.77090
미쿠	food	127.74343	34.74552
미팅	bar	127.71251	34.73191
미평껍데기	bar	127.70223	34.77182
미평낭도	shop	127.54168	34.60852
미평디씨로또	activity	127.70845	34.76713
미평문구분식	food	127.70642	34.76386
미평선어	food	127.70938	34.77160
미평스마일찹쌀꽈배기	food	127.70693	34.76349
미평스크린골프장	activity	127.70453	34.76463
미평식물	shop	127.70710	34.76394
미평실내포차	bar	127.70786	34.76696
미평싱싱포차	food	127.70831	34.76803
미평오리	food	127.70709	34.76378
미평주공마트	shop	127.70896	34.77023
미평주공할인마트	shop	127.70896	34.77023
미평팥죽	food	127.70938	34.77160
미평햄버거	food	127.70786	34.76696
미평햇살약국	shop	127.70867	34.76808
미하스빌	stay	127.79465	34.66038
미하우스빌	stay	127.79465	34.66038
미향축산	shop	127.70013	34.75227
미호베타	shop	127.72604	34.75603
미화라이브	bar	127.31098	34.02509
미화민박	stay	127.31071	34.02597
미화수산	shop	127.72087	34.72680
미황포차	food	127.73178	34.73860
믹스존	shop	127.66836	34.76004
민들레	activity	127.69838	34.74828
민들레수예	shop	127.73256	34.74059
민디스포테리	shop	127.64345	34.77647
민박	stay	127.75133	34.74242
민박	stay	127.31029	34.02662
민박식당	food	127.73211	34.58318
민성	shop	127.73460	34.74078
민성	food	127.65550	34.75388
민속국밥	food	127.71504	34.72604
민속한우정육점	shop	127.66545	34.76374
민스카페	food	127.66056	34.75825
민영파트너스	stay	127.75649	34.50881
민자노래연습장	activity	127.65771	34.75716
민정상회	shop	127.73256	34.74059
민정우렁쌈밥	food	127.64686	34.77696
민철스윙	activity	127.63651	34.76361
민턴매니아	shop	127.65615	34.75482
민턴사랑	shop	127.69501	34.74892
민화포크아트	shop	127.64575	34.77295
믿음건강원	shop	127.65654	34.76249
믿음밥상	food	127.66024	34.76009
믿음원단	shop	127.72863	34.74227
믿음조명인테리어	shop	127.72102	34.73559
믿음푸드	shop	127.70793	34.75033
밀당	food	127.69422	34.78373
밀도	food	127.66396	34.75968
밀라노컬렉션	shop	127.67047	34.75983
밀라노토탈패션	shop	127.72130	34.73592
밀레	shop	127.73384	34.74141
밀레롯데몰	shop	127.72153	34.72838
밀스	cafe	127.66996	34.76117
밀키샵	food	127.74478	34.73972
밀터해물칼국수	food	127.64172	34.72806
밍크고래	bar	127.72151	34.73236
밍크모텔	stay	127.74965	34.74399
바꿔술창고	bar	127.73373	34.73984
바나다	food	127.66626	34.75966
바나타이거여수	cafe	127.73257	34.82466
바늘공주	shop	127.67511	34.75884
바닐라슈	shop	127.73434	34.74139
바닐라하우스	cafe	127.70535	34.75506
바다	bar	127.70406	34.75401
바다가보이는노래연습장	activity	127.75020	34.73646
바다가있는풍경	stay	127.80313	34.59518
바다김밥	food	127.73594	34.74078
바다냉면	food	127.73164	34.73216
바다를품다	shop	127.65567	34.75401
바다마차	bar	127.72240	34.73305
바다맛물회횟집	food	127.65525	34.75362
바다목장민박	stay	127.80892	34.48264
바다밥상	shop	127.73290	34.73683
바다세상	food	127.72495	34.73122
바다속으로조개구이	food	127.70306	34.75309
바다수산	shop	127.71252	34.87447
바다수입가구	shop	127.74910	34.82951
바다슈퍼	shop	127.75614	34.79548
바다식탁	food	127.73937	34.73835
바다식탁루프탑	food	127.73954	34.73853
바다야	stay	127.73113	34.73927
바다양푼이동태탕	food	127.74292	34.75377
바다양푼이동태탕	food	127.70354	34.77021
바다양푼이동태탕돌산점	food	127.74997	34.72139
바다양푼이동태탕무선점	food	127.64693	34.77351
바다양푼이동태탕소호점	food	127.64932	34.73973
바다양푼이동태탕찜여수	food	127.66613	34.75931
바다양푼이동태탕화로흑돼지구이	food	127.70886	34.75726
바다어울림	stay	127.63152	34.62183
바다와꽃	shop	127.50171	34.75467
바다와등대펜션민박	stay	127.65311	34.61019
바다웽이	food	127.72308	34.70999
바다유	stay	127.74543	34.77382
바다의도시	stay	127.74440	34.77787
바다의언덕	stay	127.73898	34.73782
바다장어숯불구이	food	127.65583	34.75466
바다정원	stay	127.75510	34.54850
바다창고	food	127.66438	34.75767
바다푸드마트	shop	127.66498	34.76415
바다횟집	food	127.74412	34.77749
바다횟집	food	127.64140	34.72783
바다횟집	food	127.73816	34.73236
바닷가두부촌	food	127.70140	34.88804
바닷가선창횟집	food	127.78848	34.60853
바닷가풍경	stay	127.79054	34.67007
바드래식당	food	127.60085	34.79845
바디스미스	activity	127.65942	34.76613
바디스미스	activity	127.68464	34.74371
바디슬림미	shop	127.70921	34.75066
바라밀	shop	127.80299	34.59380
바라보다	stay	127.62504	34.61486
바라보다커피	cafe	127.62525	34.61442
바라보다펜션	stay	127.62525	34.61442
바람꽃언덕	cafe	127.55761	34.80785
바롱	food	127.66644	34.75927
바롱드	shop	127.71238	34.72663
바르다김선생여서점	food	127.70646	34.75369
바른몸피트니스	activity	127.67240	34.74646
바른몸피트니스	activity	127.66457	34.75671
바른몸피트니스여서점	activity	127.69054	34.74705
바른생활	shop	127.73256	34.74059
바른서울보청기	shop	127.72758	34.74007
바른수산	shop	127.71121	34.72462
바른수산	shop	127.74561	34.72829
바른수영	activity	127.70435	34.75221
바른식당	food	127.69989	34.74734
바른암소한우무선점	shop	127.64718	34.77555
바른약국	shop	127.66250	34.76343
바른커피	cafe	127.65061	34.77287
바른커피생활	cafe	127.70176	34.77368
바림	food	127.67778	34.74936
바미	shop	127.70783	34.75389
바바나비치	cafe	127.73109	34.65716
바베큐마켓	shop	127.57797	34.65284
바비	shop	127.72032	34.73464
바비여수지사	shop	127.69039	34.78469
바빈스여수	cafe	127.66316	34.76569
바빠	bar	127.70497	34.75416
바사삭김튀맥	food	127.64645	34.77205
바삭바삭	food	127.66414	34.76393
바삭하게	cafe	127.73704	34.73124
바오담채	food	127.66968	34.76026
바우네나주곰탕	food	127.72305	34.73408
바운스여수센터	shop	127.67509	34.74374
바이네르	shop	127.66846	34.76055
바이브	bar	127.70457	34.75388
바이브룸소주방	bar	127.70457	34.75388
바이오홀릭	shop	127.66052	34.76825
바이탈펫	shop	127.74601	34.74001
박가네대구랑아구랑	food	127.63824	34.76414
박가네숯불장어	food	127.56298	34.80064
박가네옛날짜장	food	127.66465	34.76419
박사장호프	cafe	127.63624	34.76275
박송자민박	stay	127.55596	34.59079
박씨청과	shop	127.72958	34.73982
박여사닭발	food	127.69209	34.78449
박카스	bar	127.65745	34.75662
박혜진의휴대폰이야기	shop	127.72284	34.73640
박홍근홈패션	shop	127.70412	34.75444
박휘철골프아카데미	activity	127.69352	34.78430
반갑워친구야	bar	127.67198	34.76124
반도보청기	shop	127.73489	34.74033
반도안경콘택트	shop	127.73489	34.74033
반도장	stay	127.74124	34.74288
반도전자	shop	127.65999	34.76671
반석민박	stay	127.77010	34.51147
반석컨설팅	shop	127.70477	34.76912
반올림피자샵	food	127.73160	34.73996
반올림피자샵	food	127.67495	34.75856
반점주점	food	127.66562	34.75725
반짝반짝	food	127.65607	34.74909
반찬마트	shop	127.65070	34.77234
반찬카페	food	127.67569	34.74535
반찬하우스	food	127.70471	34.76856
반하다	food	127.73476	34.73960
반했쥬	shop	127.70303	34.75444
발렌타인	bar	127.72857	34.74380
발리다포차	bar	127.67509	34.74374
발리다포차여수	bar	127.66557	34.75749
발리모텔	stay	127.64801	34.77536
발콘드예울	cafe	127.67089	34.74630
밝은눈시기능센터	shop	127.67571	34.74817
밝은세상안경원	shop	127.70538	34.75316
밝은안경	shop	127.72843	34.74336
밝은약국	shop	127.70931	34.76969
밝은여수안경	shop	127.72776	34.74275
밝은영양제	shop	127.72776	34.74275
밤도깨비	food	127.65654	34.76332
밤디불거리	heritage	127.73971	34.73729
밤바다	bar	127.74133	34.73739
밤바다	bar	127.66594	34.75901
밤바다호프	bar	127.73841	34.73774
밤바다힐링마사지	shop	127.73846	34.73824
밤안개	bar	127.72396	34.73258
밤안개실내포차	food	127.72184	34.73170
밤장군	food	127.73641	34.74034
밥도둑푸드	shop	127.75113	34.71788
밥먹고가	food	127.74295	34.74050
밥묵자	food	127.69431	34.74948
밥상술상포차	food	127.70333	34.75274
밥심이	food	127.66102	34.76624
밥은먹고댕기냐	food	127.67176	34.75900
밥이랑	food	127.74001	34.74102
밥장인	food	127.74834	34.74481
밥장인	food	127.67204	34.75955
밥통분식	food	127.67041	34.75901
밥퍼술퍼	food	127.72524	34.73490
밥풀릭스	food	127.69455	34.74963
밥하는여자	food	127.66930	34.80742
밥한끼뚝딱	food	127.70802	34.75975
밧데리전문할인매장	shop	127.69645	34.76848
방가방가분식	food	127.66413	34.76426
방방노래연습장	activity	127.74359	34.74733
방방놀이터	activity	127.69250	34.78453
방배동	bar	127.72272	34.73189
방아떡볶이	food	127.67383	34.76071
방죽포해수욕장	beach	127.79312	34.63066
방죽포횟집	food	127.79008	34.63436
방풍향기	cafe	127.74975	34.76017
배가네	shop	127.74462	34.77590
배가네동태탕찜전문점여수	food	127.68616	34.82770
배가네왕족보	food	127.70517	34.75455
배길섭	food	127.73687	34.74065
배꼽식당	food	127.70840	34.72345
배달연구소	food	127.70061	34.74791
배떡	food	127.64820	34.76057
배떡여수	food	127.66904	34.76343
배불뚜기	food	127.72255	34.73586
배스킨라빈스	food	127.65922	34.76675
배스킨라빈스	food	127.70367	34.77063
배스킨라빈스	food	127.66667	34.75945
배스킨라빈스아이스크림여서점	food	127.70582	34.75374
배스킨라빈스여수	food	127.72013	34.73437
배스킨라빈스여수	food	127.63957	34.76215
배스킨라빈스여수	food	127.67784	34.74037
백금당	shop	127.73191	34.74092
백금식당	food	127.73441	34.73979
백년단골	food	127.67677	34.76370
백년손님	food	127.70987	34.75809
백년유자	food	127.73508	34.74041
백년족발	food	127.65383	34.77277
백년해로백송	food	127.67176	34.76012
백도상회	shop	127.30925	34.02784
백도수중개발	shop	127.66178	34.76578
백돈	food	127.73423	34.74086
백두산노래타운	bar	127.66422	34.75748
백리섬섬	cafe	127.51147	34.63132
백림상회	shop	127.73373	34.73978
백림횟집	food	127.80325	34.59429
백미식당	food	127.72805	34.74399
백번해장국	food	127.72913	34.74265
백송	food	127.70259	34.77079
백송	bar	127.70479	34.75360
백송	food	127.66011	34.75832
백송민박	stay	127.80347	34.48761
백송식당	food	127.80351	34.48760
백송펜션민박	stay	127.80375	34.48744
백수약국	shop	127.72876	34.74064
백수초밥	food	127.70202	34.75206
백쌤에어로빅점핑피트니스	activity	127.65332	34.75944
백야	cafe	127.57057	34.77673
백야가든	food	127.63272	34.76998
백야도	stay	127.64307	34.62850
백야도별빛바다민박	stay	127.63982	34.61823
백야도블루베리민박	stay	127.64021	34.62008
백야도손두부	food	127.64081	34.62000
백야몽돌해변민박	stay	127.63908	34.60853
백야바다	stay	127.62898	34.62266
백야밤바다	stay	127.63114	34.62216
백야선착장	nature	127.64144	34.62024
백야섬마을이야기	food	127.64108	34.62007
백야스테이	stay	127.64134	34.61824
백야어촌체험휴양마을	food	127.64258	34.61378
백야오빠	food	127.64113	34.61981
백야장어구이	food	127.67686	34.74894
백야할인마트	shop	127.64250	34.61828
백야휴게소	food	127.64059	34.62051
백야휴게소식당	food	127.64059	34.62051
백약국	shop	127.72776	34.74275
백억꼬마김밥	food	127.70605	34.75120
백운모텔	stay	127.74325	34.74567
백운숯불구이	food	127.64678	34.77329
백운약국	shop	127.70360	34.75216
백운청과，수퍼	shop	127.74301	34.74448
백제관	food	127.66635	34.75832
백제식당	food	127.73119	34.73899
백참산업	shop	127.67028	34.76212
백천상회	shop	127.59237	34.74389
백천선어마을	food	127.74143	34.74907
백천선어마을	food	127.74356	34.74599
백패커스인여수	stay	127.74291	34.74528
백패커스인여수앞집	stay	127.74308	34.74516
백패커스인여수카페테리아	shop	127.74288	34.74526
백패커스인여수호스텔	stay	127.74284	34.74519
백호통신	shop	127.69256	34.75415
밸런스자연슬링운동센터	activity	127.67058	34.76380
뱅뱅	bar	127.70360	34.76978
뱅크통신	shop	127.70060	34.75276
버거리버거여수	food	127.66798	34.75937
버거리여수웅천점	food	127.67879	34.74871
버거베어여수	food	127.66415	34.75958
버거스캔들여수	food	127.63791	34.76478
버거킹여수웅천점	food	127.67087	34.74656
버니아쿠아	shop	127.64613	34.76069
버닝썬	bar	127.66440	34.75860
버드나무	food	127.67346	34.76062
버드나무	bar	127.66362	34.76350
버디	bar	127.70648	34.75419
버디	bar	127.66386	34.75833
버디모텔	stay	127.66386	34.75833
버블쏙	food	127.65633	34.76375
버스커룸소주방	bar	127.66597	34.75858
버즈라이브카페	bar	127.64568	34.77310
버팔로	shop	127.72850	34.74135
벅스코인노래연습장	activity	127.65636	34.76135
번개막창	food	127.72409	34.73368
번개포차	food	127.74949	34.73653
번지식당	food	127.31127	34.02673
벌가횟집	food	127.55718	34.65858
벌구상회	food	127.55718	34.65858
벌떼실내포장마차	bar	127.57947	34.88248
벌스텐드바	bar	127.64863	34.77655
벌크커피여수선원점	cafe	127.65441	34.76540
범맥주	bar	127.66676	34.75891
범앗간	food	127.74133	34.73739
범양한국냉동공조	shop	127.72826	34.74941
범축산고기마트	shop	127.74200	34.75478
법인광수푸드	shop	127.63188	34.79535
법인돌산대미	shop	127.75317	34.71994
법인미수팜	food	127.71886	34.76048
법인송시마을주	activity	127.72776	34.63034
법인숲속의자연관광농원	shop	127.73346	34.73965
법인여수돌산관광농원	activity	127.76224	34.69592
법인여수재활승마	activity	127.61109	34.68478
법인여수커피나무	cafe	127.78636	34.60822
법인치킨프라자	food	127.65232	34.74480
법인케렌시아	stay	127.62087	34.71537
법인현천승마장주	activity	127.61135	34.76693
법인효복	activity	127.70961	34.74852
베네치아	bar	127.74314	34.74575
베네치아호텔특산품점	shop	127.75186	34.74581
베니스	bar	127.69992	34.74981
베니스모텔	stay	127.72507	34.73373
베데스다	shop	127.71061	34.75871
베드레숙녀복	shop	127.72862	34.74179
베라코트	cafe	127.31116	34.02705
베레타사격장	activity	127.70533	34.75394
베레타사격장	activity	127.66638	34.75885
베몽여수웅천점	shop	127.67509	34.74374
베베드피노	shop	127.73286	34.74123
베베드피노여수웅천점	shop	127.67509	34.74374
베베롱	shop	127.66375	34.75923
베베올레매점	shop	127.79465	34.63161
베베올레키즈가족펜션	stay	127.79465	34.63161
베스띠벨리	shop	127.73327	34.74162
베스띠벨리	shop	127.66867	34.75981
베스킨라빈스웅천점	food	127.67001	34.74654
베스트	shop	127.70397	34.75240
베스트	bar	127.66554	34.75838
베스트	activity	127.62088	34.76248
베스트솔루션	shop	127.67272	34.74611
베스트즉석빵	food	127.72824	34.74234
베스트통신	shop	127.65126	34.77247
베스트푸드	shop	127.64155	34.77580
베아므	shop	127.68228	34.75057
베이스통신	shop	127.73106	34.74152
베이원파크	stay	127.67416	34.74311
베이원파크오션	stay	127.67416	34.74311
베이커리샤워	food	127.63475	34.76400
베이커리순	food	127.70995	34.75745
베이커리후	food	127.64937	34.77775
베키앤바비	bar	127.70517	34.75415
베테랑	food	127.66664	34.76311
베트남노래타운	bar	127.66438	34.75767
베트남쌀국수	food	127.65972	34.75828
베트남쌀국수와김밥	food	127.64589	34.76067
베트남의혼	food	127.64404	34.77257
벤자롱	shop	127.63360	34.80071
벤제프	shop	127.66537	34.76057
벤제프골프	shop	127.73369	34.74114
벤츠	bar	127.72353	34.73288
벤츠모텔	stay	127.70154	34.76737
벤치	bar	127.66635	34.75832
벧엘반찬도시락	shop	127.71854	34.73209
벧엘수퍼	shop	127.74642	34.74475
벨라	food	127.66582	34.75800
벨라	cafe	127.66426	34.76572
벨라	stay	127.74135	34.66342
벨라지오관광호텔	stay	127.65839	34.75647
벨루스톤힐링카페	shop	127.66867	34.75938
벨르온수수영장펜션	stay	127.62648	34.67268
벨리시모하우스	stay	127.65769	34.76220
벨톤보청기여수센터	shop	127.73306	34.74087
벽도	food	127.70221	34.75216
벽화당	food	127.73954	34.73853
변사또	food	127.70029	34.74764
변촌민박	stay	127.29353	34.04018
별까페미스리	bar	127.73114	34.74073
별난친구	food	127.69300	34.75466
별달	stay	127.73205	34.74075
별라촌	food	127.67347	34.75980
별무인텔	stay	127.73183	34.74077
별미곱창	food	127.71304	34.73462
별미만두	food	127.66384	34.76482
별미식당	food	127.72841	34.74151
별미정	food	127.69446	34.74912
별바다포차	food	127.72192	34.73175
별밤노래연습장	activity	127.65466	34.75436
별밤포차	food	127.64540	34.77300
별별김밥	food	127.72329	34.73430
별빛여수	food	127.74949	34.73653
별이네	food	127.74671	34.66440
별이네식품	shop	127.70783	34.75348
별이빛나고	bar	127.66556	34.75871
별이향한식건강뷔페	food	127.67272	34.74611
별주부전	food	127.66614	34.75795
별주부횟집	food	127.75027	34.74386
별폰	shop	127.73191	34.74092
별하	stay	127.78275	34.67386
별헤는바다	stay	127.56232	34.65795
병따개	food	127.72856	34.73900
보경노래마당	bar	127.70559	34.75479
보고또보고	bar	127.71641	34.72964
보고상사	shop	127.74014	34.75062
보노	food	127.65913	34.76862
보노보노웍	food	127.64286	34.77217
보니또여수해상케이블카돌산점	cafe	127.74153	34.73059
보니즈여수지사	shop	127.70304	34.77244
보대민박	stay	127.74183	34.50818
보드게임카페레드버튼여수	activity	127.66402	34.75727
보드람치킨여수여서점	food	127.70126	34.75071
보드레모시떡카페	food	127.75503	34.71767
보디가드	shop	127.66850	34.75942
보떼여수	shop	127.72808	34.74134
보라매식당	food	127.74394	34.73851
보라상회	shop	127.60242	34.85925
보라팬션	stay	127.61491	34.64414
보람토이	shop	127.74001	34.74140
보리보리	shop	127.67538	34.74844
보리사랑	food	127.65709	34.75853
보리수	cafe	127.73303	34.73997
보리수	food	127.63192	34.79658
보리수마차	bar	127.74285	34.74697
보리수삼겹살	food	127.65005	34.77346
보리수아구찜무선점	food	127.64119	34.77162
보리정	food	127.65239	34.74540
보무	shop	127.66995	34.76356
보물섬	food	127.74547	34.73989
보물섬	shop	127.72779	34.74223
보물섬	bar	127.64869	34.77578
보물섬	bar	127.75126	34.71955
보물찾기	shop	127.72862	34.74108
보배로운물소리	bar	127.70796	34.75326
보배반점	food	127.66608	34.75952
보배반점여수여서점	food	127.70317	34.75271
보보노래연습장	activity	127.73159	34.74186
보보만두여수	food	127.66125	34.76624
보보스노래주점	bar	127.70470	34.75402
보브	shop	127.73343	34.74121
보석공예사	shop	127.73193	34.74178
보석노래타운	bar	127.66464	34.75900
보석뱅크	shop	127.65618	34.76225
보수네집밥	food	127.66785	34.76232
보스	bar	127.66455	34.75882
보스	shop	127.66867	34.75938
보스톤	food	127.73271	34.74108
보스트로	shop	127.73348	34.74040
보스휘트니스	activity	127.70626	34.74876
보약밥상	food	127.70122	34.76790
보윤산업개발	shop	127.73880	34.73789
보이스싱어코인노래연습장	activity	127.70017	34.74809
보츠팩토리	shop	127.64596	34.76113
복권나라	activity	127.73434	34.73993
복권왕국	activity	127.65111	34.77722
복권왕국	activity	127.73023	34.74016
복권천지	activity	127.67116	34.76195
복권판매점화이트마트	shop	127.74203	34.74468
복덩이식당	food	127.74367	34.74036
복된기획	shop	127.72668	34.73398
복림	food	127.63822	34.76442
복부인	shop	127.70238	34.74731
복산	food	127.63241	34.79866
복수클럽	shop	127.67186	34.76031
복쌍둥이	bar	127.72314	34.73627
복음보청기여수센타	shop	127.66020	34.76048
복자네콩나물국밥	food	127.57865	34.88157
복조리식당	food	127.72836	34.74594
복주키친	food	127.67642	34.73936
복지관	food	127.65330	34.75697
복춘식당	food	127.73408	34.73953
복커피	cafe	127.65944	34.79578
복호두여수웅천점	food	127.67509	34.74374
볶은곡물	shop	127.80072	34.59357
본도시락	food	127.70266	34.75360
본동주점	food	127.76768	34.50869
본때	shop	127.73256	34.74059
본부	food	127.65777	34.76077
본스치킨	food	127.70958	34.77010
본에브	stay	127.66599	34.75690
본우리집밥이마트	food	127.71499	34.75792
본전	food	127.67231	34.74277
본죽	food	127.71734	34.73047
본죽비빔밥여서점	food	127.70051	34.74954
본죽비빔밥웅천점	food	127.67804	34.74843
본죽앤비빔밥여수	food	127.72802	34.74387
본투비	cafe	127.66586	34.78376
본한우	shop	127.65462	34.78950
본한우정육식당	food	127.72134	34.72666
볼드커피로스터스	cafe	127.74148	34.74090
볼락스	stay	127.75711	34.70897
볼러스	shop	127.69861	34.74815
볼러스앨리	activity	127.69861	34.74815
볼륨노래타운	bar	127.65011	34.77724
볼륨룸소주방	food	127.70567	34.75446
볼빅롯데몰	shop	127.72153	34.72838
볼빅브이닷	shop	127.66698	34.75984
봄	shop	127.66556	34.75928
봄나리베이커리	cafe	127.73547	34.73952
봄날	shop	127.73174	34.74215
봄날	food	127.66022	34.75759
봄날공방	shop	127.73411	34.74159
봄비노래타운	bar	127.72850	34.74365
봄안경	shop	127.63960	34.76125
봄안경	shop	127.71867	34.73318
봄안경여서점	shop	127.70419	34.75362
봄의정원	cafe	127.60406	34.75967
봉	cafe	127.74304	34.74636
봉강	food	127.73243	34.73956
봉계골프	activity	127.68933	34.78893
봉계국밥	food	127.69004	34.78430
봉계동거기	bar	127.69004	34.78430
봉계상회	food	127.69242	34.78427
봉계약국	shop	127.69440	34.78370
봉계정	food	127.69003	34.77757
봉구상회	food	127.67840	34.74003
봉구스밥버거	food	127.70032	34.75244
봉구스밥버거	food	127.70176	34.77368
봉구스밥버거신기점	food	127.66831	34.75958
봉덕슈퍼	shop	127.70063	34.76600
봉두식당	food	127.60055	34.79740
봉마차	food	127.72364	34.73534
봉명동내커피	cafe	127.69427	34.74890
봉명동내커피여수	cafe	127.66125	34.76624
봉봉노래타운	bar	127.66461	34.75891
봉봉마트	shop	127.69827	34.75049
봉산객주	bar	127.70892	34.75378
봉산게장백반거리	heritage	127.72055	34.73408
봉산냉삼겹	food	127.72264	34.73340
봉산달포차	food	127.72353	34.73566
봉산동돈벼락복권판매점	activity	127.72382	34.73600
봉선화	food	127.66498	34.76415
봉숙이네국수	food	127.63356	34.79137
봉숭아네일	shop	127.67493	34.76318
봉자막창여수	food	127.66435	34.75951
봉정식당	food	127.73300	34.73964
봉초밥	food	127.65760	34.75700
봉팔이회마차	food	127.70004	34.74776
봉화식당	food	127.70853	34.88205
봉황산자연휴양림	nature	127.75811	34.61357
봉희상회	shop	127.72969	34.73994
뵈르뵈르여수	cafe	127.72183	34.73318
부광황칠삼계탕	food	127.64073	34.72665
부대찌개전쟁터	food	127.73208	34.74198
부덕청과	shop	127.72182	34.73283
부동산	stay	127.67416	34.74311
부뚜막	food	127.70270	34.75292
부뚜막	bar	127.73079	34.74203
부라보맥주	bar	127.63927	34.76272
부르고노래타운	bar	127.66487	34.75866
부르네	bar	127.72321	34.73353
부르자	bar	127.72350	34.73391
부리나바베큐치킨여문점	food	127.69402	34.75516
부림상회	shop	127.72817	34.74178
부림소주코너	bar	127.73213	34.74000
부민정육식당	bar	127.74408	34.74806
부부상회	shop	127.65088	34.77233
부부약국	shop	127.73440	34.74031
부산상회	shop	127.30984	34.02797
부산수산	shop	127.66453	34.76386
부삼	bar	127.66638	34.75885
부삼고기집	food	127.66672	34.75839
부삼플러스	bar	127.66622	34.75892
부송국수여수돌산점	food	127.75469	34.71838
부암김밥여수	food	127.67690	34.73950
부어치킨	food	127.66522	34.76496
부엉이정육점	shop	127.74951	34.72076
부엌	food	127.63605	34.76521
부영마차	bar	127.71521	34.75603
부영마차	food	127.69244	34.75509
부영마트청과	shop	127.70131	34.75005
부영물산	shop	127.66721	34.75697
부영반점	food	127.65152	34.74422
부영수퍼	shop	127.76123	34.59378
부영스쿼시	activity	127.65042	34.75898
부영예스마트	shop	127.63853	34.76982
부영정육마트	shop	127.71097	34.75718
부영청과	shop	127.71573	34.75651
부영치킨	food	127.64811	34.76069
부영통닭	food	127.66831	34.75877
부영함바지리산	food	127.65448	34.75437
부일식당	food	127.70411	34.75522
부일식당	food	127.67233	34.75945
부일식당봉산게장	food	127.72472	34.73194
부자식당	food	127.69402	34.75516
부자식당	food	127.74578	34.73902
부자촌	food	127.63727	34.76252
부자푸드	shop	127.74482	34.75566
부촌물산	shop	127.72944	34.74021
부킹스크린	activity	127.65885	34.75680
부흥슈퍼	shop	127.70585	34.76288
북경반점	food	127.67559	34.74827
북경반점신기점	food	127.66967	34.75936
분카	food	127.67147	34.76189
불꽃	bar	127.65009	34.77619
불난닭발	food	127.66647	34.75901
불닭발땡초동대문엽기떡볶이	food	127.70286	34.75334
불닭발땡초동대문엽기떡볶이여수	food	127.66608	34.75952
불닭발땡초엽기떡볶이여수웅천점	food	127.67088	34.74627
불로만바베큐	food	127.65197	34.77280
불로만바베큐봉계점	food	127.69231	34.78345
불로만숫불바베큐	food	127.70572	34.75410
불로만숯불바베큐	food	127.63785	34.77393
불로만치킨바베큐	food	127.66582	34.75800
불로만치킨바베큐웅천점	food	127.68514	34.74388
불바다	cafe	127.74473	34.77520
불바다마차여문점	food	127.69355	34.75481
불새	bar	127.72366	34.73483
불타는닭발	food	127.66990	34.76511
불타는삼겹살	food	127.70458	34.75417
불타는생삼겹	food	127.66466	34.75939
불티	bar	127.70250	34.75317
붉은꽃	bar	127.72457	34.73346
붐비어	bar	127.70217	34.77171
뷰가	stay	127.76915	34.71053
뷰티라인	shop	127.67097	34.75968
뷰티샬롱	shop	127.74228	34.74447
뷰티스테이여수신기점	shop	127.66962	34.75925
뷰티크레딧동신	shop	127.72835	34.74118
뷰포레	stay	127.75060	34.73095
브라더한정식도시락	food	127.69474	34.74964
브라보	bar	127.64932	34.77534
브라보	stay	127.59150	34.86115
브라운바스켓	shop	127.67231	34.74277
브런치빈	food	127.67716	34.73917
브레스커피	cafe	127.70101	34.75107
브루웍스	bar	127.70561	34.75400
브르르르	cafe	127.75456	34.71530
브릭스전자담배	shop	127.66117	34.76097
브살렐	shop	127.67013	34.76088
브이아이피	bar	127.70715	34.75425
브이아이피화장품	shop	127.65002	34.77678
브이알짱	activity	127.70479	34.75360
블라우카페	cafe	127.65104	34.60984
블랑	shop	127.66930	34.75971
블랙마켓	shop	127.64703	34.77706
블랙문	food	127.66556	34.75928
블랙비치	stay	127.72729	34.77425
블랙샌드편의점	shop	127.74271	34.77446
블랙앤화이트	shop	127.73472	34.74142
블랙야크	shop	127.73535	34.74156
블랙야크여수	shop	127.67002	34.75869
블랙홀당구클럽	activity	127.64300	34.77494
블랭크	stay	127.74474	34.78026
블럭제빵여수	shop	127.65970	34.76672
블루	bar	127.66572	34.75863
블루	bar	127.72122	34.73239
블루마린민박	stay	127.63829	34.62322
블루망고풀빌라앤리조트	stay	127.79395	34.66091
블루문	shop	127.73575	34.74120
블루밍	shop	127.73575	34.74120
블루밍민박	stay	127.75744	34.70611
블루밍제인원	shop	127.68345	34.74852
블루샥여수이순신	cafe	127.73483	34.74082
블루스타마린	activity	127.67322	34.74541
블루아라	stay	127.64260	34.62850
블루오션무인호텔	stay	127.64063	34.72606
블루오션스	activity	127.80552	34.48808
블루오션주	stay	127.65908	34.75657
블루온	cafe	127.72481	34.65540
블루온리조트	stay	127.72462	34.65534
블루온마트	shop	127.72481	34.65540
블루요트	activity	127.75062	34.74441
블루웨일더후르츠여수	shop	127.63929	34.76324
블루인	food	127.73808	34.73230
블루진	shop	127.73341	34.74042
블루포트전남대여수캠퍼스점	cafe	127.70051	34.77300
블루플라워	shop	127.72327	34.73731
블룸	shop	127.70735	34.75388
블리스아트컴퍼니	shop	127.71568	34.75770
블리스여수오션뷰키즈온수풀빌라	stay	127.74560	34.66087
비	bar	127.70394	34.77011
비겐여수	shop	127.71079	34.75158
비너스	shop	127.73219	34.74104
비너스	bar	127.70390	34.75275
비노래타운	bar	127.70394	34.77011
비닐천국	shop	127.73123	34.73928
비렁길굴등민박	stay	127.72653	34.51480
비렁길돌담민박	stay	127.73378	34.52679
비렁길쉼터	bar	127.70888	34.53317
비렁길쉼터	shop	127.73082	34.52794
비렁길식당	shop	127.75327	34.55003
비렁길자연밥상	food	127.73531	34.52634
비렁길카페	cafe	127.75265	34.55022
비룡	food	127.69416	34.74936
비마인	shop	127.66875	34.76059
비바노래연습장	activity	127.73022	34.74251
비바체	bar	127.69242	34.78427
비버리힐스폴로클럽	shop	127.73611	34.74099
비비싸롱	food	127.65250	34.76053
비비안	shop	127.70677	34.75383
비비안롯데몰	shop	127.72153	34.72838
비비추케이크	food	127.70574	34.76823
비비큐	food	127.74309	34.75329
비비큐	food	127.70451	34.75426
비비큐여수	food	127.63926	34.76426
비비큐여수돌산점	food	127.74787	34.72152
비비큐여수무선점	food	127.65011	34.77315
비비큐여수여서점	food	127.70124	34.75228
비비큐여수충무점	food	127.73118	34.74117
비비큐치킨	food	127.70266	34.77255
비스토니커피	cafe	127.72120	34.62788
비스트	bar	127.66644	34.75927
비스트인여수	shop	127.77646	34.69457
비아그라노래타운	bar	127.70403	34.75282
비앤비	shop	127.72908	34.74226
비어라비어	bar	127.67170	34.74873
비어뱅크	bar	127.64762	34.77383
비어비어	bar	127.63379	34.76171
비어세븐	bar	127.71080	34.72666
비어존	bar	127.70126	34.75071
비어존	bar	127.65068	34.77549
비어창고	bar	127.70543	34.75115
비에뜨반미	food	127.65584	34.76575
비에이치씨	food	127.69907	34.74982
비에이치씨	food	127.72129	34.73604
비에이치씨	food	127.64333	34.73339
비에이치씨돌산점	food	127.75217	34.71918
비에이치씨소호점	food	127.65142	34.74409
비에이치씨여수엑스포	food	127.74477	34.74758
비에이치씨여수율촌점	food	127.57003	34.88317
비에이치씨죽림무선점	food	127.63720	34.76545
비에치씨여수웅천점	food	127.67879	34.74871
비엔나레코드	shop	127.65982	34.76673
비엔에프호텔	stay	127.66342	34.75738
비엘산업	shop	127.65305	34.77377
비와이씨	shop	127.66043	34.76626
비와코	food	127.67416	34.74311
비전건강원	shop	127.74280	34.74610
비쥬	shop	127.73168	34.74199
비쥬모텔	stay	127.72453	34.73337
비지트인뉴욕	shop	127.72153	34.72838
비치	stay	127.74605	34.73821
비치골프아카데미	activity	127.67001	34.74654
비치물류	shop	127.71539	34.75665
비치센타	food	127.67001	34.74654
비치센타골프존	activity	127.67001	34.74654
비치숯불왕갈비	food	127.72982	34.74228
비치쌈밥	food	127.72917	34.74272
비치캐슬	stay	127.56341	34.72285
비타민	shop	127.64927	34.74704
비타민	shop	127.72862	34.74179
비타민	bar	127.70008	34.74754
비타민	bar	127.72454	34.73493
비타민	food	127.65745	34.75662
비타민약국	shop	127.71484	34.73036
비트박스	cafe	127.74292	34.75377
비틀즈	bar	127.70293	34.75300
비티알골프	shop	127.66933	34.75894
비하이브	cafe	127.67231	34.74277
비하인드	food	127.70124	34.75228
빅애플요트투어	activity	127.65204	34.74482
빅오쇼게스트하우스	stay	127.74361	34.74790
빅키드롯데몰	shop	127.72153	34.72838
빈스빈스여수	cafe	127.67403	34.76095
빈이네	food	127.70783	34.75348
빈초콜릿	food	127.73556	34.74137
빈커피숍	cafe	127.65423	34.76903
빈티스	food	127.67701	34.74707
빈티지소품가게	shop	127.69567	34.72813
빈티지톡	shop	127.64999	34.77276
빌런	bar	127.65260	34.74500
빌리어드클럽	activity	127.66717	34.75874
빌리지마루	food	127.78265	34.66985
빙고피싱	shop	127.74263	34.73309
빙그레냉삼집	food	127.70518	34.75380
빙동댕	cafe	127.69964	34.75103
빚은	food	127.70456	34.75476
빠꾸떼	food	127.67309	34.76087
빠끔사리	shop	127.65469	34.75890
빠른김밥꼬르륵	food	127.66338	34.78561
빠리안경	shop	127.73424	34.74033
빠리안경원	shop	127.66870	34.75991
빠체식당	food	127.70292	34.75325
빨간대문닭갈비	food	127.70176	34.77368
빨간벽돌집	food	127.74831	34.74440
빨간집	stay	127.35944	34.28569
빰밤	shop	127.63623	34.76120
빵	food	127.67331	34.76026
빵공장	food	127.72862	34.74108
빵공장	shop	127.70705	34.75449
빵공장	food	127.75033	34.72052
빵굽는사람들	food	127.66349	34.76540
빵굽는집	food	127.57947	34.88262
빵그레맛쥬	food	127.72823	34.74165
빵그읏	cafe	127.64300	34.77221
빵빠레	bar	127.70554	34.75319
빵빵김밥	food	127.70637	34.75405
빵빵노래타운	bar	127.65002	34.77678
빵위에치즈	food	127.70060	34.75276
빵이요빵	cafe	127.68186	34.82634
빵집오빠여수여서점	shop	127.70735	34.75388
빽다방여수	cafe	127.66615	34.75869
빽다방여수웅천	cafe	127.67087	34.74656
빽다방여수진남관점	cafe	127.73629	34.74089
빽보이피자여수	food	127.65751	34.76695
뻔한술집	food	127.67111	34.76144
뼈때리는해장국	food	127.64960	34.76116
뼈순신	food	127.66534	34.75910
뽀빠이국밥	food	127.71000	34.77138
뽑기왕	activity	127.65636	34.76135
뽕노래타운	bar	127.64954	34.77632
뽕뜨락피자여수여서점	food	127.70519	34.75301
뽕이나무	food	127.65341	34.78992
뿌리탓컴	shop	127.77020	34.68861
뿌잉노래연습장	activity	127.65880	34.75714
쁘띠하우스	shop	127.70876	34.74860
쁘러이	cafe	127.65751	34.75844
삐꾸	food	127.68186	34.82634
삐끔투야식	food	127.67081	34.76130
사강럭키살롱	food	127.75442	34.71893
사거리상회	shop	127.79296	34.66534
사계절	food	127.70948	34.75113
사계절식품사계절반찬	shop	127.66545	34.76374
사계절잔치국수	food	127.73085	34.74063
사계절패션	shop	127.65635	34.76336
사계절횟집	food	127.72226	34.73161
사곡농장	shop	127.58280	34.78941
사골박사	food	127.68288	34.74830
사과나무	shop	127.67765	34.74926
사도	nature	127.55563	34.59273
사도식당횟집	food	127.55558	34.59132
사도테이블	food	127.55460	34.59085
사도한옥민박	shop	127.55562	34.59110
사또분식	food	127.64362	34.77684
사라	shop	127.70754	34.75388
사라	food	127.73092	34.74194
사랑	bar	127.64906	34.77664
사랑각여수	food	127.66597	34.75858
사랑나루	bar	127.70462	34.75524
사랑농원	shop	127.72772	34.74624
사랑더하기	bar	127.72428	34.73513
사랑더하기	bar	127.67279	34.76107
사랑더하기	bar	127.69448	34.75451
사랑더하기	bar	127.64318	34.77495
사랑더하기공화점	bar	127.74275	34.74605
사랑떡방앗간	food	127.72951	34.74000
사랑마트	shop	127.68502	34.74657
사랑빵집여수꿀빵	food	127.72813	34.74119
사랑손팥죽	food	127.57910	34.88249
사랑아구찜	food	127.73016	34.74174
사랑약국	shop	127.66317	34.76545
사랑이벤트	shop	127.63347	34.79172
사랑채	food	127.73699	34.74013
사랑채	bar	127.65048	34.77400
사랑처럼홈패션	shop	127.67602	34.76375
사랑침구	shop	127.72907	34.74188
사랑투	bar	127.67258	34.76060
사막여우호프	food	127.72625	34.73476
사무실	bar	127.66364	34.75811
사보이	food	127.66487	34.75866
사시사철	food	127.73427	34.73979
사운드오브뮤직	shop	127.53543	34.82954
사이시옷컴퍼니	cafe	127.63929	34.76232
사천성	food	127.66102	34.76624
사천푸드	food	127.66907	34.76045
사철횟집	food	127.74455	34.77621
사케명가	bar	127.72357	34.73573
사쿠라야	food	127.74397	34.73854
사회생활	food	127.65172	34.74597
산골생고기	food	127.68839	34.78446
산골식당	food	127.72305	34.73328
산내들정육식당	food	127.65106	34.77232
산동	bar	127.72146	34.73205
산동마차	bar	127.72379	34.73438
산동슈퍼	shop	127.72152	34.73347
산들네	bar	127.72892	34.74161
산들애밥상	food	127.73187	34.73872
산마루노래연습장	activity	127.64989	34.77335
산마을	bar	127.67598	34.76305
산무인텔	stay	127.72338	34.73334
산속애	food	127.61237	34.76867
산수갈비	food	127.70261	34.75282
산수모텔	stay	127.73052	34.74218
산수몽	food	127.72865	34.73129
산수식당	food	127.57947	34.83048
산수액자	shop	127.65682	34.75940
산아래	food	127.65159	34.76394
산아래글램핑	stay	127.55795	34.83640
산아래황칠음식	food	127.71213	34.73262
산장어전문상아식당	food	127.71236	34.72528
산전봉화가든	food	127.59494	34.66903
산전수전	bar	127.73221	34.74161
산책	shop	127.65590	34.74738
산책	food	127.66717	34.75874
산카이여수	food	127.66676	34.75891
산타바휴게소	shop	127.54892	34.59897
산토리니	food	127.75150	34.71901
산토리니	food	127.74040	34.74197
산토리니호스텔	stay	127.56276	34.79720
산해반점	food	127.73588	34.74079
산해진미	food	127.69948	34.75141
산호	food	127.30994	34.02809
삼	shop	127.66237	34.76512
삼거리마차	bar	127.72443	34.73981
삼거리상회	shop	127.77526	34.68272
삼거리식당	food	127.76709	34.51243
삼거리실내마차	bar	127.70783	34.75348
삼거리포차	bar	127.63385	34.79108
삼겹	food	127.65715	34.75748
삼겹촌	food	127.65553	34.74913
삼광포차	food	127.65632	34.75473
삼남석유화학사내구판장	shop	127.71282	34.85764
삼대농원	food	127.64702	34.79251
삼대옥여수딸기찹쌀떡아쿠아플라넷	cafe	127.74871	34.74626
삼도빙커맥	food	127.30960	34.02742
삼도상회	shop	127.30960	34.02742
삼도펜션민박	stay	127.31097	34.02724
삼득슈퍼	shop	127.52465	34.81102
삼마	food	127.70032	34.75244
삼멍삼냥	cafe	127.69914	34.76934
삼미해물포차	food	127.67279	34.76107
삼미횟집	food	127.73841	34.73774
삼백식푸드	food	127.64831	34.77384
삼보컴퓨터	shop	127.73170	34.74006
삼복백반	food	127.73243	34.74130
삼복슈퍼	bar	127.71499	34.75687
삼복식당	food	127.73643	34.74015
삼복촌산장어구이	food	127.75513	34.72172
삼부식당	food	127.64290	34.80196
삼부할인마트	shop	127.64290	34.80196
삼산물산	shop	127.73319	34.73948
삼삼오오	food	127.64831	34.77384
삼색항아리수제비	food	127.69993	34.75047
삼선반점	food	127.65212	34.74489
삼성냉동사	shop	127.72582	34.75524
삼성냉열시스템	shop	127.70020	34.76792
삼성설비상사	shop	127.63908	34.73771
삼성스토어서교	shop	127.72590	34.73856
삼성약국	shop	127.72274	34.73732
삼성유리	shop	127.72847	34.74886
삼성통신	shop	127.72179	34.73159
삼성한복엔틱	shop	127.73256	34.74059
삼성할인마트	shop	127.73951	34.74322
삼술	bar	127.31124	34.02689
삼시세끼	shop	127.72849	34.74150
삼시세끼	food	127.67786	34.76408
삼시세끼찬방	shop	127.63880	34.76323
삼앤삼	shop	127.70400	34.76955
삼양당한약방	shop	127.65147	34.76051
삼양종합유통삼양식자재마트	shop	127.73074	34.73949
삼오상회	shop	127.73256	34.74059
삼오식당	food	127.70389	34.76944
삼우플러스주	shop	127.74912	34.73237
삼육오피싱	activity	127.70463	34.72158
삼육오황여사꼬마김밥여수	food	127.67416	34.74311
삼익피아노여수특약점	shop	127.70391	34.76515
삼일농원	food	127.64333	34.79574
삼일돈	food	127.63853	34.76425
삼일마차	food	127.67383	34.76071
삼일문구	shop	127.74279	34.74780
삼일약국	shop	127.73068	34.74052
삼진	cafe	127.73026	34.74008
삼천냥해장국	food	127.65654	34.76332
삼천리자전거	shop	127.70289	34.75377
삼천리자전거선원	shop	127.65564	34.76703
삼천리자전거여천	shop	127.66970	34.76227
삼천통상	shop	127.64174	34.77182
삼첩분식	food	127.66882	34.75933
삼칠로또	activity	127.63388	34.76217
삼학집	food	127.74528	34.73914
삼합싸다구	food	127.73950	34.73775
삼합어때	food	127.70630	34.75413
삼합집	food	127.74949	34.73653
삼해수산마차	food	127.72170	34.73118
삼형제노래연습장	activity	127.65438	34.77095
삼호교민박	stay	127.31076	34.02479
삼호교횟집	food	127.31076	34.02479
삼호숯불갈비	food	127.70080	34.75057
삼화몰	shop	127.73189	34.73950
상경주단	shop	127.73256	34.74059
상록수민박	stay	127.74207	34.72723
상록수슈퍼	shop	127.76688	34.50956
상록수식당	food	127.76688	34.50956
상록회관연탄구이여수여서점	food	127.70212	34.75178
상무초밥	food	127.66973	34.75880
상무초밥낭만포차	food	127.74439	34.73852
상봉이민박	stay	127.73691	34.51327
상상	cafe	127.70958	34.75768
상상패럿	activity	127.66881	34.75966
상아식당	food	127.71281	34.72524
상암가게	shop	127.73226	34.82489
상암골식당	food	127.67147	34.75831
상암반점	food	127.73349	34.82624
상암수퍼	shop	127.73339	34.82679
상암연쇄점	shop	127.73741	34.83189
상일리베가구	shop	127.66689	34.76305
상일문구사	shop	127.70247	34.75522
상지수퍼	shop	127.71617	34.73550
상하동참옻닭	food	127.75936	34.71473
상호민박	stay	127.51570	34.62840
상화도류센점방	shop	127.60370	34.59985
상화상회	shop	127.72902	34.74156
새가정새가구사	shop	127.73084	34.74144
새광장해장국	food	127.70893	34.75108
새길유통	shop	127.30990	34.02781
새남면집	food	127.73000	34.73953
새로미숙녀복	shop	127.67489	34.76270
새롬이네민박	stay	127.76693	34.50914
새마을슈퍼	shop	127.70771	34.75020
새마을커피	cafe	127.74866	34.74329
새벽김밥	food	127.70924	34.76960
새벽별민박	stay	127.77652	34.50016
새벽한시	food	127.64935	34.77608
새복슈퍼	shop	127.74107	34.60269
새봄약국	shop	127.70723	34.75492
새싹약국	shop	127.66470	34.76086
새애양약국	shop	127.62294	34.84362
새여수종합씽크	shop	127.72582	34.75524
새일수산식품	shop	127.63035	34.79911
새죽림떡방앗간	food	127.63724	34.76293
새중앙식당	food	127.29340	34.05246
새천년가구	shop	127.60336	34.85005
새천일약국	shop	127.73525	34.73978
새콤달콤탕수육	food	127.72836	34.74594
새힘건강원	shop	127.64977	34.75900
샌디스카페	food	127.70307	34.77165
샐러드숲	food	127.67623	34.76433
샐럽스프	cafe	127.74469	34.74896
샘물	activity	127.31112	34.02711
샘소나이트	shop	127.66249	34.76362
샘이깊은물	bar	127.72887	34.74593
샘카페	bar	127.71752	34.73268
샘터식당	food	127.73299	34.82482
생고기집	shop	127.70049	34.74813
생금생오리숯불구이	food	127.71373	34.72762
생면공작소	food	127.63656	34.76469
생명푸드시스템	food	127.75280	34.79617
생방송노래연습장	activity	127.69398	34.75489
생생마을	food	127.73374	34.73994
생생연어	bar	127.74292	34.75377
생생연어여서점	food	127.70232	34.75225
생생호프여수	bar	127.66582	34.75800
생생호프여수무선점	bar	127.65042	34.77650
생선가게	shop	127.72972	34.74019
생선방	shop	127.65621	34.76276
생활드림	shop	127.72946	34.74059
생활의달인	food	127.66495	34.76382
샤넬라인	shop	127.72862	34.74179
샤론카페	cafe	127.70377	34.77081
샤론하임	stay	127.73261	34.74330
샤론홈스토리	shop	127.67142	34.76160
샤르망	food	127.72350	34.73391
샤방샤방꽂	shop	127.70180	34.78894
샤브리안웅천점	food	127.67272	34.74643
샤브리안종화동하멜등대점	food	127.74605	34.73821
샤브마니아여수웅천점	food	127.67846	34.74905
샤브올데이	food	127.65066	34.76121
샤샤노래타운	bar	127.72394	34.73144
샤인하우스가동	stay	127.62889	34.74610
샤인하우스나동	stay	127.62918	34.74597
샤트렌	shop	127.65636	34.76135
샬롬	shop	127.31131	34.02664
샬롬민박	stay	127.31054	34.05155
샬롬패션	shop	127.66413	34.76426
샴	shop	127.66983	34.75900
샴페인샤워	bar	127.74332	34.74722
샵나인	shop	127.70484	34.76846
샵모텔	stay	127.66379	34.75902
샵부스	bar	127.66518	34.75945
샵찐포차	food	127.64775	34.77344
샷플레이스	activity	127.66622	34.75892
샹그릴라	bar	127.66489	34.75930
샾브리알짱노래연습장	activity	127.70479	34.75360
서가네뚝배기	food	127.74155	34.74089
서고지식당	food	127.79860	34.47809
서광식품	shop	127.72829	34.74142
서광의료기	shop	127.65564	34.76703
서교동죽집	food	127.72845	34.74246
서교마트	shop	127.72697	34.74152
서교반점	food	127.72971	34.74269
서녹씨디저트상점	food	127.73405	34.74159
서녹씨여수	cafe	127.71499	34.75792
서대박통신	shop	127.72884	34.74086
서대석안경콘택트	shop	127.74094	34.74398
서도민박	stay	127.29559	34.05415
서도슈퍼	shop	127.29450	34.05301
서목	cafe	127.70357	34.72060
서민갑부김영희가구갤러리	shop	127.58808	34.86750
서부수퍼	shop	127.72815	34.74148
서시고뎅	food	127.66659	34.75823
서시장건강원	shop	127.72841	34.74232
서시장마트	shop	127.72839	34.74083
서시장소금집	shop	127.72645	34.73884
서시장얼음수산	shop	127.72862	34.74179
서시장찻집	cafe	127.72862	34.74179
서시장포차	bar	127.72944	34.74098
서시장폰마트	shop	127.72765	34.74141
서시장휴게소	shop	127.72862	34.74108
서식	bar	127.66659	34.75823
서연민박	stay	127.56820	34.67841
서영완탁구교실	activity	127.66333	34.76474
서영이네	shop	127.72894	34.74147
서영이네김밥	food	127.70865	34.76892
서울구제의류	shop	127.73085	34.74063
서울깍두기	food	127.73356	34.74054
서울깍두기	food	127.63894	34.76214
서울깍두기미평	food	127.70335	34.77019
서울깍두기신기여서동	food	127.70971	34.75249
서울깍두기여서점	food	127.70443	34.75345
서울깍두기여서점	food	127.70412	34.75370
서울노래연습장	activity	127.72293	34.73604
서울떡집방앗간	food	127.69461	34.75495
서울마트	shop	127.70333	34.75459
서울모텔여관	stay	127.65036	34.77602
서울민박	stay	127.80390	34.59485
서울보쌈왕족발	food	127.66676	34.75811
서울식당	food	127.80382	34.59471
서울식당	food	127.74265	34.74091
서울여인숙	stay	127.74443	34.74710
서울완구사	shop	127.73216	34.74073
서울유통	activity	127.69906	34.76829
서울전파사	shop	127.73264	34.73969
서울주단	shop	127.73252	34.74002
서울축산물	shop	127.73046	34.73851
서울탱고	bar	127.72980	34.74133
서울해양수족관	shop	127.72582	34.75524
서울해장국	food	127.73553	34.74103
서원바이오	shop	127.72151	34.61495
서전의료기기나라보청기	shop	127.73245	34.74002
서정	food	127.72862	34.74179
서정김밥	food	127.72823	34.74165
서정대추건강원	shop	127.72941	34.74124
서정만물상회	shop	127.72884	34.74128
서정문구사	shop	127.72774	34.74215
서정백화	shop	127.72829	34.74196
서정비와이씨	shop	127.72834	34.74136
서정스넥	food	127.72825	34.74133
서정시장	food	127.65002	34.77678
서정약국	shop	127.72813	34.74119
서정얼음	shop	127.72980	34.74220
서정역	food	127.72845	34.74067
서정원단	shop	127.72887	34.74214
서정찻집	cafe	127.72811	34.74103
서촌떡방	food	127.58031	34.68904
서촌상회	shop	127.57997	34.68827
서틀러사회적기업	shop	127.61243	34.75305
서펜션	stay	127.76350	34.59384
서풍건강원	shop	127.72714	34.74232
서현	food	127.67346	34.74147
서호통신	shop	127.73306	34.82629
서화	cafe	127.66997	34.76241
서희국밥	food	127.72170	34.73118
서희패션	shop	127.72862	34.74179
석곡수퍼	shop	127.69464	34.77009
석류노래타운	bar	127.70397	34.75240
석영주	shop	127.66640	34.76312
석영컴퓨터	shop	127.66640	34.76312
석유화학고등학교매점	shop	127.64316	34.77873
석정	food	127.65802	34.75704
석창떡방앗간	food	127.66332	34.78486
석천식당	food	127.72348	34.73520
선가진미장어탕	food	127.73111	34.73953
선경갤러리	shop	127.74477	34.74758
선경볼링경기장	activity	127.69798	34.76947
선경쌈밥	food	127.70388	34.77133
선경하이퍼	shop	127.70387	34.77264
선경회센터	food	127.70496	34.72179
선덕여왕하우스	stay	127.72388	34.73692
선미	food	127.73497	34.74032
선베드	cafe	127.75700	34.79542
선불폰선불유심당일개통점	shop	127.66856	34.76019
선비촌	bar	127.64493	34.77571
선비칼국수여수	food	127.71831	34.73055
선샤인	stay	127.71261	34.72772
선소닭구이	food	127.65759	34.74795
선소당	food	127.66371	34.75720
선소맥주	bar	127.65759	34.74795
선소정우리가락	food	127.65759	34.74795
선수입장	activity	127.66622	34.75892
선어삼합회장님	food	127.63593	34.76290
선영민박	stay	127.80307	34.48766
선영이네마차	food	127.65662	34.75833
선우샷시	shop	127.64773	34.76029
선우수산	food	127.70263	34.77066
선우중화요리	food	127.65946	34.79540
선원동죽집	food	127.65178	34.77293
선원맛집	food	127.65654	34.76332
선원미곡	shop	127.65160	34.77295
선자상회	shop	127.73690	34.73917
선재약국	shop	127.65867	34.76627
선창가	food	127.76844	34.82649
선창가횟집	food	127.73198	34.72963
선커피	cafe	127.71011	34.75123
선풍	food	127.70471	34.75424
선해특산기프트	shop	127.61377	34.70440
선현진여천부동산	shop	127.66973	34.75880
선호상사	shop	127.74431	34.74477
선화악세사리	shop	127.65013	34.77265
선화온더힐풀빌라	stay	127.76768	34.71071
선화하우스독채펜션	stay	127.76807	34.71058
선희네도시락	shop	127.71818	34.73453
설렘온수수영장펜션	stay	127.58604	34.74294
설린	stay	127.73899	34.77806
설봉산숯불닭갈비	food	127.64939	34.77388
설빙여수	food	127.73418	34.74066
설빙여수여서점	food	127.70480	34.75285
설빙여수학동	cafe	127.66371	34.75720
설야	bar	127.71596	34.75706
설이네국밥여수	food	127.67509	34.74374
설치피싱호	activity	127.70238	34.74887
설탕	bar	127.72402	34.73268
섬그늘편의점	shop	127.62504	34.61486
섬그리고여수	food	127.74949	34.73653
섬데이	stay	127.63802	34.62249
섬마을	shop	127.70856	34.72456
섬마을	shop	127.70949	34.53753
섬마을민박	stay	127.30962	34.02765
섬마을민박	stay	127.79850	34.47744
섬마을선어	food	127.72133	34.73186
섬마을슈퍼	shop	127.31503	34.04600
섬마을식당	food	127.73178	34.73860
섬마을장어구이	food	127.66076	34.76092
섬마을펜션	stay	127.80182	34.45244
섬마을펜션민박	stay	127.72232	34.64114
섬마을편의점	shop	127.56420	34.76189
섬마을횟집	food	127.30962	34.02765
섬빛효소연구소	shop	127.35966	34.28523
섬사랑	food	127.75299	34.55012
섬섬길카페	cafe	127.51567	34.62311
섬섬김밥	cafe	127.75831	34.70295
섬섬낚시	shop	127.75831	34.70295
섬섬면옥	food	127.75831	34.70295
섬섬민박	stay	127.36108	34.28466
섬섬씨	food	127.64102	34.61979
섬섬참숯장어	food	127.64631	34.77614
섬섬횟집	food	127.75314	34.71540
섬스테이	stay	127.79099	34.49312
성공유통	shop	127.74950	34.72337
성광	shop	127.66244	34.76585
성광	shop	127.72779	34.74223
성광글라스	shop	127.70135	34.76854
성금당	shop	127.73183	34.74005
성금호프	bar	127.73183	34.74005
성덕상회	shop	127.65623	34.76290
성두수산	shop	127.78250	34.58900
성미네왕만두	food	127.67387	34.76110
성산공원	nature	127.64757	34.77438
성산대학교	food	127.71990	34.73256
성산회관	food	127.64906	34.77572
성수미술관	cafe	127.74439	34.73852
성신낚시	shop	127.73137	34.73460
성신호	activity	127.73137	34.73460
성실건강원	shop	127.72729	34.74146
성실의류	shop	127.69456	34.76914
성실종합사무가구	shop	127.72362	34.73837
성심호스텔	stay	127.75347	34.71996
성안건강원	shop	127.66309	34.76859
성운전기	shop	127.66849	34.75998
성원	shop	127.73134	34.74100
성원숯불갈비	food	127.72457	34.73202
성원종합상사	shop	127.72451	34.73839
성은반점	food	127.72122	34.61441
성은상사성은탁구장	activity	127.66688	34.76010
성은홈패션	shop	127.72875	34.74214
성일미곡	shop	127.72750	34.73875
성지	shop	127.66572	34.78123
성지전산	shop	127.66635	34.76570
성진유통	shop	127.71773	34.73218
성진의류	shop	127.72890	34.74110
성진테크	shop	127.74539	34.75288
성하수산	shop	127.75033	34.72052
성호약국	shop	127.71911	34.73289
성화식당	food	127.71052	34.75752
세계로약국	shop	127.69912	34.74792
세계축산유통	shop	127.74691	34.72162
세금전당대부	shop	127.72855	34.74292
세기항업유	shop	127.73663	34.74062
세동식당	food	127.63263	34.79854
세라믹페이지	shop	127.73774	34.75434
세라젬웰카페여수웅천점	food	127.67893	34.74912
세렌디피티펫프라덕츠	shop	127.73243	34.74130
세련미	shop	127.73256	34.74059
세련여화	shop	127.73256	34.74059
세르빈	shop	127.72803	34.74109
세리	shop	127.66902	34.76066
세림	food	127.66275	34.75780
세림한정식여수시청	food	127.66285	34.75769
세명	shop	127.69912	34.74792
세명약국	shop	127.73440	34.74031
세미노래연습장	activity	127.69397	34.75476
세미락	shop	127.66274	34.75784
세범이앤지	shop	127.73418	34.74034
세븐	bar	127.70342	34.75288
세븐	bar	127.66428	34.75829
세븐	food	127.72388	34.73398
세븐뮤직타운	bar	127.70485	34.75432
세븐스타코인노래연습장	activity	127.70510	34.75296
세븐스타코인노래연습장여수웅천점	activity	127.67708	34.73945
세븐식당	food	127.74505	34.60056
세븐아라	stay	127.63108	34.71257
세븐여수경도골프앤리조트점주	shop	127.72580	34.71405
세븐여수광무점	shop	127.72802	34.74365
세븐여수교동점주	shop	127.73392	34.74045
세븐여수롯데첨단소재점	shop	127.67991	34.81316
세븐여수무선주공점	shop	127.64918	34.77288
세븐여수봉산점	shop	127.72469	34.73221
세븐여수여천중앙점	shop	127.66440	34.75860
세븐여수여천흥국점	shop	127.66546	34.75903
세븐여수학동선소점	shop	127.66578	34.75738
세븐여수학동엑스포점주	shop	127.66611	34.75846
세븐일레븐여수	shop	127.66656	34.76024
세븐일레븐여수	shop	127.73643	34.73999
세븐일레븐여수	shop	127.66397	34.76606
세븐일레븐여수	shop	127.72469	34.73221
세븐일레븐여수	shop	127.65029	34.77706
세븐일레븐여수	shop	127.74133	34.73739
세븐일레븐여수경도골프앤리조트점	shop	127.72553	34.71391
세븐일레븐여수공단점	shop	127.66404	34.78797
세븐일레븐여수공항로점	shop	127.61150	34.84082
세븐일레븐여수광무점	shop	127.72802	34.74365
세븐일레븐여수구봉점	shop	127.72168	34.73217
세븐일레븐여수금오도점	shop	127.76666	34.51250
세븐일레븐여수낭만포차점	shop	127.74979	34.73646
세븐일레븐여수대광점	shop	127.68886	34.78666
세븐일레븐여수돌산로점	shop	127.71952	34.61939
세븐일레븐여수돌산청솔점	shop	127.75639	34.71888
세븐일레븐여수돌산크루즈점	shop	127.73737	34.72991
세븐일레븐여수디아일랜드점	shop	127.67231	34.74277
세븐일레븐여수만성로점	shop	127.72729	34.77425
세븐일레븐여수무선성산점	shop	127.64065	34.77416
세븐일레븐여수무선주공점	shop	127.64918	34.77288
세븐일레븐여수무선화산로점	shop	127.64174	34.77182
세븐일레븐여수문수	shop	127.70055	34.75224
세븐일레븐여수문수주공점	shop	127.69423	34.74915
세븐일레븐여수미평메디컬점	shop	127.70224	34.76736
세븐일레븐여수산단	shop	127.64515	34.82666
세븐일레븐여수선소점	shop	127.65820	34.75745
세븐일레븐여수선소점	shop	127.66578	34.75738
세븐일레븐여수소호	shop	127.65220	34.74573
세븐일레븐여수신기	shop	127.67143	34.75821
세븐일레븐여수신기항점	shop	127.74505	34.60056
세븐일레븐여수안산	shop	127.65439	34.75909
세븐일레븐여수야	shop	127.74578	34.73902
세븐일레븐여수여문공원점	shop	127.70277	34.75319
세븐일레븐여수여서	shop	127.70446	34.75336
세븐일레븐여수여서	shop	127.70754	34.75377
세븐일레븐여수여서여문점	shop	127.70541	34.75387
세븐일레븐여수여순로점	shop	127.62048	34.81916
세븐일레븐여수여천	shop	127.66309	34.76859
세븐일레븐여수여천	shop	127.66440	34.75860
세븐일레븐여수여천흥국점	shop	127.66546	34.75903
세븐일레븐여수웅천	shop	127.67535	34.74892
세븐일레븐여수웅천	shop	127.67951	34.74962
세븐일레븐여수웅천로점	shop	127.68238	34.74895
세븐일레븐여수율촌월산점	shop	127.57107	34.87941
세븐일레븐여수장	shop	127.72283	34.73308
세븐일레븐여수젠트리스점	shop	127.63371	34.76434
세븐일레븐여수죽림대로점	shop	127.63663	34.76376
세븐일레븐여수진두바다점	shop	127.74314	34.73299
세븐일레븐여수진성여고점	shop	127.72137	34.73965
세븐일레븐여수학동	shop	127.66664	34.75875
세븐일레븐여수해양공원점	shop	127.74354	34.73759
세븐일레븐여수호스텔점	shop	127.74928	34.74338
세븐일레븐여수화양로점	shop	127.62838	34.74763
세븐일레븐편의점	shop	127.71494	34.87993
세사리빙	shop	127.66856	34.75920
세사리빙	shop	127.70453	34.76463
세송이동백미	shop	127.75157	34.71911
세시아	food	127.31163	34.02616
세시에카페	food	127.70838	34.76016
세신매점	shop	127.71302	34.72595
세연	shop	127.74432	34.75192
세운상사	shop	127.73151	34.73836
세운상회	shop	127.73151	34.73836
세운약국	shop	127.65342	34.74560
세은수산	shop	127.71564	34.72627
세이브가방	shop	127.70554	34.75319
세이브가방	shop	127.66931	34.76129
세이브일렉트릭전남지사	shop	127.73246	34.73989
세이지	shop	127.66894	34.76050
세인트레드	cafe	127.74083	34.74386
세일	shop	127.69300	34.75466
세일약국	shop	127.73299	34.74089
세자리실내마차	food	127.71211	34.75654
세자매	food	127.73178	34.73860
세자매푸드	shop	127.73320	34.73982
세정소주방	bar	127.72669	34.73910
세정피싱	shop	127.72005	34.73199
세종바이오	shop	127.69528	34.74944
세진과학사	shop	127.72456	34.73561
세진산업	shop	127.61850	34.82472
세진수산	shop	127.73480	34.56549
세화가구	shop	127.72802	34.74387
세화모텔	stay	127.75049	34.74373
섹시한돼지	food	127.70068	34.75036
센스	bar	127.66453	34.76044
센스쟁이	shop	127.66859	34.76256
센스쟁이	shop	127.72955	34.74107
센지	shop	127.73384	34.74127
센트럴약국	shop	127.70227	34.76711
셀렉토커피여수충무로	cafe	127.73096	34.74177
셀렘	cafe	127.71004	34.76987
셀셀프세차장	cafe	127.66364	34.78653
셜록홈즈	activity	127.66606	34.75724
소경어촌계	activity	127.70742	34.70751
소금창고	stay	127.74415	34.74883
소나무민박	stay	127.74162	34.50868
소나무슈퍼	shop	127.74449	34.77701
소나무식당	food	127.73320	34.52723
소나무집	food	127.74451	34.77685
소나무펜션	stay	127.76546	34.72499
소나무호스텔	stay	127.73863	34.73967
소낭구무선점	food	127.64745	34.77539
소노인터내셔널	stay	127.75442	34.74239
소담	food	127.69923	34.76833
소담	food	127.64957	34.73967
소담민박	stay	127.77596	34.68125
소담원	shop	127.80081	34.59326
소담원여수	food	127.80081	34.59326
소담한상	food	127.67788	34.74716
소담한카페	cafe	127.73256	34.74059
소댕이횟집	food	127.52463	34.81121
소도몰여수웅천점	shop	127.67840	34.74003
소라노을식당	food	127.57708	34.78361
소라로또	activity	127.62210	34.81831
소라약국	shop	127.63288	34.79238
소라왕식자재마트	shop	127.63351	34.79061
소리	bar	127.69858	34.74839
소림마라	food	127.65011	34.77724
소마담	food	127.66440	34.75703
소마담정육점	shop	127.66440	34.75703
소망떡방아간	food	127.65248	34.74517
소망민박	stay	127.74131	34.51023
소망부식	shop	127.69989	34.75190
소망빌딩	cafe	127.65988	34.76599
소망상회	shop	127.66392	34.76396
소망약국	shop	127.63960	34.76232
소맥소호동맥주집	bar	127.65270	34.74506
소문난김치	shop	127.72830	34.74189
소문난돼지국밥	food	127.72242	34.73216
소문난손칼국수	food	127.72835	34.74118
소문난숯불갈비	food	127.74135	34.74093
소문난옛날호떡	food	127.65647	34.75466
소문난찹쌀도너츠	food	127.73098	34.74260
소문난찹쌀도너츠	food	127.67493	34.76318
소문난팥죽	food	127.67383	34.76071
소뭇한상	food	127.67036	34.75961
소미마을슈퍼	shop	127.70046	34.75541
소미온	food	127.77392	34.68657
소바자쿠	food	127.67196	34.74626
소반	food	127.71873	34.75979
소백인포	shop	127.73952	34.74135
소소	food	127.65998	34.75897
소소방	food	127.70496	34.75369
소소한기쁨	food	127.62668	34.74376
소슬	shop	127.65492	34.74743
소아공방	shop	127.60895	34.70490
소야	bar	127.66694	34.75912
소연칼국수	food	127.74435	34.77439
소영	shop	127.73231	34.74164
소외계층문화체육연합회전남협회여수지회	shop	127.70548	34.75512
소우주	bar	127.64920	34.73916
소울라운지	bar	127.73803	34.73805
소유	cafe	127.68313	34.74987
소율횟집	food	127.79517	34.60295
소이	shop	127.66859	34.75960
소이에꼴리에여수	shop	127.73413	34.74089
소정공방	shop	127.69039	34.78469
소조전자통신	shop	127.67585	34.76320
소주밤거리	bar	127.64954	34.77632
소주주소	food	127.70443	34.75380
소치빌리지	stay	127.76167	34.80745
소치빌리지풀빌라펜션	stay	127.76168	34.80746
소치자연회집	food	127.76749	34.80720
소치횟집여수횟집하모샤브샤브물회	food	127.76700	34.80749
소코아웅천점	food	127.67844	34.74759
소트네	stay	127.76220	34.80848
소품하나	shop	127.74270	34.74692
소풍	food	127.70663	34.76373
소풍	bar	127.66466	34.75939
소풍	bar	127.70840	34.75381
소풍	shop	127.65492	34.74743
소풍나라김밥	food	127.67754	34.76410
소호더팜청과	shop	127.65490	34.74729
소호동동다리	heritage	127.65088	34.73884
소호동동다리	cafe	127.64915	34.73978
소호마켓	shop	127.64004	34.72365
소호물꽃호스텔	stay	127.63891	34.73837
소호반점	food	127.65553	34.74848
소호밤바다	food	127.65188	34.74436
소호분식	food	127.65121	34.74496
소호승마클럽	activity	127.63463	34.72333
소호아꾸	food	127.64789	34.73967
소호청과마켓	shop	127.65223	34.74473
소호항	nature	127.65661	34.74627
소호호	stay	127.64004	34.72365
소호호스텔	stay	127.63849	34.73853
소호회관	food	127.64569	34.73301
소화온누리약국	shop	127.69940	34.74606
속옷나라	shop	127.66244	34.76585
속옷나라	shop	127.72842	34.74289
속풀이식당	food	127.64766	34.77602
속풀이식당	food	127.73188	34.73860
손길	shop	127.73148	34.74227
손끝작업실	cafe	127.64797	34.77931
손노리	shop	127.71944	34.73342
손대점빵	shop	127.36115	34.28585
손두부마을하림	food	127.74472	34.77490
손뜨개나라	shop	127.67187	34.75854
손수김밥	food	127.70257	34.77090
손수김밥여서점	food	127.70464	34.75237
손수밥상	food	127.71969	34.73314
손죽도	nature	127.36125	34.29028
손죽민박	stay	127.35970	34.28573
손큰푸드	food	127.74177	34.74144
솔고개횟집	food	127.64053	34.72563
솔고지	stay	127.63937	34.60854
솔나무떡방앗간	food	127.74413	34.74486
솔레이유	stay	127.75601	34.54896
솔레일	food	127.67823	34.74777
솔로투	cafe	127.67887	34.74828
솔루션퍼니처	shop	127.69892	34.76967
솔리토	cafe	127.63288	34.79238
솔마트	shop	127.74155	34.74466
솔마트정육코너	shop	127.65114	34.74419
솔밭수산물센타	shop	127.56559	34.76173
솔솥여수웅천점	food	127.67737	34.74676
솔스테이호스텔	stay	127.74523	34.71922
솔약국	shop	127.65636	34.76135
솔잎횟집	food	127.74596	34.71986
솔지오	stay	127.29214	34.03986
솔트	cafe	127.66503	34.75892
솜사탕앤길손	food	127.73342	34.73991
송경희갓김치	shop	127.73176	34.73814
송고민박	stay	127.72764	34.54856
송광상회	shop	127.72817	34.74166
송광재단	shop	127.60799	34.82369
송금당	shop	127.73161	34.74087
송도포차	food	127.72729	34.73970
송도회관	food	127.69444	34.74954
송두리식당	food	127.72360	34.73727
송방고기장터무선점	food	127.64140	34.77439
송백	food	127.70826	34.75129
송복	food	127.63686	34.76404
송소수산	shop	127.65044	34.74418
송소횟집	food	127.64100	34.72648
송송	bar	127.75126	34.71955
송연	shop	127.62649	34.72176
송원중국	shop	127.72470	34.73581
송월타올여수	shop	127.67133	34.76162
송이네아구찜	food	127.72239	34.73618
송이네집	food	127.69842	34.75008
송이분식튀김	food	127.70188	34.77109
송이약국	shop	127.73951	34.74087
송정여인숙	stay	127.72884	34.74262
송촌꼬마김밥	food	127.70159	34.77150
송촌꼬마김밥여문점	food	127.71211	34.75654
송촌꼬마김밥웅천점	food	127.67518	34.74861
송촌꼬마김밥죽림무선점	food	127.63853	34.76323
송파골	food	127.69924	34.75100
송하우스	stay	127.73488	34.74259
솥뚜까리	food	127.66562	34.75725
솥뚜껑	food	127.70495	34.75444
솥뚜껑식당	food	127.72396	34.73230
쇼쿠지	food	127.65466	34.75436
쇼탬버린코인노래연습장	activity	127.66402	34.75727
수	stay	127.74501	34.73925
수국	food	127.72649	34.75504
수궁반점	food	127.74132	34.74211
수궁식당	food	127.66192	34.76565
수내미곡	food	127.70951	34.74972
수니농산물	shop	127.71333	34.87455
수니통신	shop	127.66831	34.75958
수다	cafe	127.64379	34.77409
수라식당	food	127.71010	34.75152
수레인보우협동조합	food	127.74234	34.74458
수리수리술술	food	127.70061	34.74791
수린불교사	shop	127.72420	34.73867
수림회포차	food	127.64915	34.77315
수림회포차고인돌점	bar	127.64618	34.77697
수명의료기	shop	127.72847	34.74316
수미네게장밥상	food	127.70271	34.75328
수미네게장장어밥상	food	127.65759	34.74795
수미네죽집	food	127.73198	34.73835
수미마차	food	127.72113	34.73189
수미슈퍼	shop	127.23317	34.22899
수민박	stay	127.62414	34.69917
수복갈비	food	127.70130	34.75286
수빈해물찜	food	127.64799	34.77409
수산얼음	shop	127.72469	34.73082
수상한마차	bar	127.63863	34.76438
수생당약국	shop	127.57941	34.88222
수선화	cafe	127.64333	34.73339
수성궁	bar	127.70412	34.75370
수셰프치킨앤튀김	food	127.69708	34.74807
수수하지만굉장해	food	127.63785	34.76297
수스	shop	127.73526	34.74118
수스	shop	127.66916	34.76096
수스여수여서점	shop	127.70735	34.75388
수시아	food	127.74283	34.74483
수아슈퍼	shop	127.75675	34.57880
수연	shop	127.63369	34.79781
수연	bar	127.72351	34.73187
수연식당	food	127.63174	34.79813
수영복	shop	127.67521	34.75905
수영회포차	food	127.64915	34.77315
수왕노래타운	bar	127.64934	34.77642
수월노래연습장	activity	127.64548	34.77628
수유리우동집	food	127.74309	34.75329
수은	bar	127.31027	34.02643
수인컴퍼니	shop	127.69577	34.78286
수재샵	shop	127.67045	34.76179
수전기조명	shop	127.67486	34.75920
수정	shop	127.69785	34.74889
수정당구장	activity	127.67677	34.76370
수정마차	food	127.73015	34.74127
수정마트	shop	127.73290	34.73683
수정슈퍼	shop	127.76100	34.59358
수정약국	shop	127.73161	34.74009
수지	stay	127.75285	34.72167
수채화노래타운	bar	127.70298	34.75341
수초밥	food	127.64855	34.77405
수타반점	food	127.65911	34.76075
수평선	bar	127.31163	34.02597
수평선횟집	food	127.74502	34.77871
수평선횟집	food	127.79371	34.66190
수항도펜션민박	stay	127.76248	34.53411
수향	bar	127.70232	34.75225
수호천사	shop	127.66894	34.76050
수화축산물유통	shop	127.72048	34.74288
숙이네	food	127.72862	34.74234
숙이네밥상	food	127.74331	34.74895
숙이식당	food	127.61082	34.84367
숙이정육점	shop	127.61082	34.84367
숙희상회	shop	127.70162	34.74231
순금당	shop	127.69533	34.75478
순동이네	food	127.67493	34.75183
순살만공격	food	127.70854	34.74957
순살만공격	food	127.65520	34.76546
순선건어물	shop	127.72511	34.73537
순수유통	shop	127.66072	34.76137
순심원	food	127.73448	34.73982
순심하우스	stay	127.65857	34.76761
순애네굴구이	food	127.77243	34.69638
순이네반찬	food	127.67346	34.76062
순이네밥상	food	127.73542	34.74057
순지트운석궁	shop	127.72854	34.74062
순천광양기정떡	food	127.64927	34.77489
순천돌곱창	food	127.66863	34.76034
순천상회	shop	127.72862	34.74179
순풍노래타운	bar	127.70419	34.75287
숟가락젓가락	food	127.66496	34.75667
숟가락젓가락들고위드어썸	cafe	127.69039	34.78469
술건달	food	127.64895	34.77563
술렁	food	127.74299	34.73762
술먹는국수집	bar	127.64986	34.77659
술사랑	bar	127.70169	34.76650
술상밥상	food	127.70261	34.77280
술술포차	bar	127.71337	34.72887
술이조아	food	127.70247	34.75522
술잔비어	bar	127.65986	34.75742
술잔속멜로디	food	127.66992	34.75818
술점빵	bar	127.65017	34.76052
술집으로와	bar	127.66446	34.75973
술친구	bar	127.69402	34.75516
술친구미평점	bar	127.70931	34.76969
술터	bar	127.64801	34.77388
술퍼마켓	food	127.66451	34.75985
술한박그릇	bar	127.70737	34.76562
숨비	stay	127.62871	34.71912
숨은맛집	food	127.70779	34.76585
숯과닭발	food	127.66534	34.75910
숯과닭발여서점	bar	127.70518	34.75380
숯돌이	food	127.64861	34.77534
숯불촌	food	127.65567	34.75435
숯소	food	127.65096	34.77670
숯소푸줏간	shop	127.65096	34.77670
숯에미친남자	food	127.70162	34.75256
숯총각	food	127.65570	34.76567
숲	shop	127.72153	34.72838
숲과사람꽃방	shop	127.72716	34.74038
숲속애펜션	stay	127.78577	34.61508
숲속의펜션	stay	127.74893	34.66929
쉐프밀	food	127.72153	34.72838
쉔픽스의료기	shop	127.65654	34.76270
쉘브르	bar	127.71039	34.75779
쉘스톤	stay	127.72468	34.73365
쉬어가는집	shop	127.63019	34.79534
쉬자여수	stay	127.58164	34.87505
쉴모텔	stay	127.63926	34.72467
쉼터민박	stay	127.73413	34.52701
쉼터슈퍼	shop	127.72248	34.72177
쉼터약국	shop	127.66553	34.76049
쉼표’	bar	127.69244	34.75509
쉼표더하기	bar	127.74083	34.74386
쉼호스텔	stay	127.64964	34.74002
슈가브리움	stay	127.75528	34.69896
슈가트레블링	shop	127.75528	34.69828
슈블렌	food	127.74397	34.74688
슈슈	shop	127.65633	34.76375
슈슈앤크라	shop	127.67509	34.74374
슈올즈	shop	127.72854	34.74062
슈즈마트	shop	127.73357	34.74117
슈즈홀릭	shop	127.66843	34.75985
슈팅오락실	activity	127.66615	34.75869
슈팅오락실	activity	127.70537	34.75431
슈퍼	shop	127.77232	34.49969
슈퍼돼지모도리	food	127.63627	34.76815
슈퍼뽑켓몬	shop	127.66686	34.76040
슈퍼크리스피여수	food	127.66175	34.76672
슈페리어여수	shop	127.72153	34.72838
스노우피크롯데몰	shop	127.72153	34.72838
스노우피크여수	shop	127.66949	34.75888
스마일브로우	shop	127.67087	34.74656
스마일식당	food	127.71008	34.87556
스마일여수꽈배기	food	127.69257	34.75447
스마일점빵	shop	127.74460	34.75553
스마일찰진꽈배기	food	127.66025	34.76672
스마트안경	shop	127.70571	34.77068
스마트푸드	food	127.70250	34.75317
스마트학생복	shop	127.73608	34.74074
스몰	cafe	127.72810	34.74425
스시愛생선가게애	food	127.71955	34.73272
스위밍차일드여수웅천점	activity	127.67001	34.74654
스위트래빗	cafe	127.69460	34.74831
스위트모텔	stay	127.70178	34.76718
스위트쇼코인노래연습장	activity	127.66717	34.75874
스위티	cafe	127.64817	34.77431
스위티펜션	stay	127.75301	34.72204
스카이	bar	127.66615	34.75869
스카이노래타운	bar	127.70353	34.75298
스카이당구장	activity	127.70113	34.75174
스카이뷰	stay	127.73726	34.74336
스카이온수수영장펜션	stay	127.58452	34.74466
스카이정보통신주	shop	127.66878	34.76248
스카이허브	stay	127.56033	34.80495
스캔들	bar	127.70323	34.75357
스케쳐스	shop	127.72153	34.72838
스콘의정석	cafe	127.73165	34.74128
스쿨룩스	shop	127.73661	34.74071
스크린	shop	127.66005	34.75863
스킨데이	shop	127.69466	34.75002
스타노래연습장	activity	127.64731	34.77567
스타당구클럽	activity	127.66959	34.76196
스타마트	shop	127.71484	34.73036
스타벅스	cafe	127.70419	34.75287
스타벅스	cafe	127.67088	34.74627
스타벅스	cafe	127.63379	34.76171
스타벅스	cafe	127.66106	34.76144
스타벅스	cafe	127.66716	34.75974
스타벅스	cafe	127.74422	34.73834
스타벅스	cafe	127.74392	34.72749
스타벅스	cafe	127.67784	34.74037
스타벅스	cafe	127.69749	34.76876
스타벅스	cafe	127.70888	34.72470
스타비어	bar	127.71484	34.73036
스타솔루션	shop	127.67370	34.76276
스타수산	shop	127.75304	34.71604
스타스포츠	shop	127.66188	34.76623
스타음악홀	bar	127.66623	34.75945
스타일노리터	shop	127.66943	34.75914
스타일샵	shop	127.72862	34.74179
스타일아로마	shop	127.71958	34.73358
스타치오네	cafe	127.73250	34.75442
스타크	bar	127.70510	34.75296
스타킹	bar	127.72353	34.73288
스타펫	shop	127.70489	34.75207
스테이	cafe	127.74568	34.71926
스테이결	stay	127.74361	34.74790
스테이모브	stay	127.73975	34.74153
스테이배	stay	127.75236	34.79441
스테이새록	stay	127.73377	34.73963
스테이수옥	stay	127.62649	34.61975
스테이조이	stay	127.69404	34.76900
스테이프랑	stay	127.56765	34.67878
스테이하코	stay	127.63334	34.71178
스테이호미	stay	127.63325	34.71175
스텔라	cafe	127.73885	34.74101
스텔라떡볶이전남여수웅천점	food	127.67559	34.74827
스텔라우드	food	127.75312	34.75415
스토리	shop	127.66912	34.75922
스토어	shop	127.73577	34.74152
스톤	shop	127.66221	34.76587
스톤마운틴	cafe	127.80091	34.59642
스톤하우스	stay	127.74468	34.74830
스트라이크존여수여서구장	activity	127.70516	34.75344
스트라이크존학동구장	activity	127.66694	34.75912
스팅펜션	stay	127.75475	34.71551
스파이더	shop	127.73300	34.74151
스펀지	shop	127.73262	34.74110
스페셜	bar	127.70360	34.75289
스페셜데이	shop	127.73483	34.74082
스페이스게스트하우스	stay	127.64926	34.77764
스페이스바	food	127.66556	34.75928
스포렉스매점	shop	127.67526	34.75984
스포츠당구클럽	activity	127.70257	34.75308
스포츠매니아	activity	127.66333	34.76474
스푼샵	shop	127.66944	34.76034
스피도	shop	127.67521	34.75905
스피드노래타운	bar	127.70428	34.75250
스피드모터샵	shop	127.72456	34.73561
스피드씽크대	shop	127.63916	34.77498
슬기로운술생활	food	127.74949	34.73653
슬기로운어촌생활	shop	127.77186	34.52499
슬기수산	shop	127.63985	34.72383
슬라이스대패삼겹	food	127.69397	34.75476
슬로우캘리여수	food	127.66470	34.76086
슬로우캘리여수여서점	food	127.70619	34.75354
슬로우코티지	stay	127.70931	34.72411
승리마트	shop	127.74408	34.74760
승리매점	shop	127.71002	34.87599
승리상회	shop	127.70761	34.72675
승승장구	bar	127.70533	34.75394
승월마을	heritage	127.76346	34.63401
승이네분식	food	127.70742	34.75942
승주네식당	food	127.64918	34.77409
승진통신	shop	127.67510	34.76327
시간스케치	food	127.72184	34.73170
시간스케치	food	127.72077	34.73241
시계대학병원	shop	127.70069	34.75271
시고	stay	127.59029	34.65216
시골막국수와옹심이	food	127.75490	34.71644
시골밥상	food	127.75675	34.57793
시골밥상	food	127.65991	34.79579
시골집	food	127.66646	34.75799
시골집돼지국밥	food	127.64618	34.77718
시골토종국밥	food	127.66384	34.76482
시공간	stay	127.72580	34.54805
시국왕만두	food	127.70775	34.75377
시그니아독일보청기독일여수센터	shop	127.72792	34.74319
시그마하우스	stay	127.65196	34.74445
시나브로	food	127.70876	34.53774
시나브로민박	stay	127.74325	34.72845
시나브로함구미민박	stay	127.70851	34.53766
시놀로	cafe	127.71793	34.72679
시누랑올케랑	food	127.72122	34.73239
시니맘돈가스	food	127.71064	34.75304
시니에스타	shop	127.67858	34.74776
시드니	stay	127.71703	34.75730
시랜드모텔	stay	127.30947	34.02741
시랜드횟집	food	127.30947	34.02741
시로	shop	127.63566	34.62354
시로비풀빌라	stay	127.63508	34.62395
시로씨	stay	127.63508	34.62395
시로에이풀빌라	stay	127.63508	34.62395
시류	food	127.68244	34.75044
시먼	cafe	127.65588	34.78932
시민떡집	food	127.72833	34.74210
시민슈퍼	shop	127.72829	34.74220
시민얼음	shop	127.73176	34.73814
시민족발보쌈	food	127.70470	34.75402
시바별장	stay	127.58318	34.73788
시선집중	shop	127.67414	34.76231
시시한꿈뜰꽃갤러리	shop	127.54205	34.60780
시앤시리조트	stay	127.75690	34.70128
시영연쇄점	shop	127.71064	34.73091
시온청과	shop	127.65626	34.76317
시원냉동공조	shop	127.65368	34.77467
시원이네남도밥상	food	127.73467	34.74086
시원이네반찬	food	127.69402	34.75516
시인공간	stay	127.59627	34.68001
시인과바다	bar	127.64957	34.73977
시작	food	127.66647	34.75901
시장약국	shop	127.73023	34.73998
시전돌곱창	food	127.67346	34.76062
시전푸줏간	shop	127.67383	34.76071
시즌	cafe	127.73538	34.74140
시즌글라스여수협동조합	shop	127.66237	34.76512
시청먹거리	food	127.66386	34.75955
시카고세계맥주	bar	127.65696	34.75725
시크	shop	127.67033	34.75951
시크릿	bar	127.66222	34.76568
시크릿가든펜션	stay	127.63121	34.71862
시티당구클럽	activity	127.71262	34.72745
시티편의점	shop	127.73203	34.74157
식감이야기	bar	127.66632	34.75909
식구	food	127.74672	34.72442
식당	food	127.66427	34.78909
식당민들레	food	127.64229	34.77159
식물부자	shop	127.72137	34.73681
식스티	stay	127.66445	34.75798
식품잡화상회	shop	127.73256	34.74059
신광공예사	shop	127.73256	34.74059
신광식당	food	127.64707	34.77565
신광약국	shop	127.74250	34.74576
신광여인숙	stay	127.72981	34.73962
신광이불	shop	127.66333	34.76474
신기당구클럽	activity	127.67225	34.76000
신기동안	shop	127.67150	34.76158
신기동옷방	shop	127.67588	34.76369
신기맛골	food	127.67346	34.76062
신기서울깍두기	food	127.66047	34.76089
신기슈퍼	shop	127.74109	34.60342
신기아꾸	food	127.67272	34.76170
신기오리불고기	food	127.67664	34.76364
신기옥	food	127.66896	34.76287
신기전자，냉동	shop	127.67262	34.76009
신기찐빵만두	food	127.67452	34.76287
신깡통뒷고기	food	127.69228	34.75398
신꼬가게	shop	127.73351	34.74136
신나는점핑다이어트	shop	127.69434	34.75452
신나라레코드	shop	127.73273	34.74097
신덕가든	food	127.76705	34.82453
신덕자연산횟집	food	127.76585	34.82553
신덕해수욕장	beach	127.76686	34.81894
신동아꼬치집	food	127.65942	34.76613
신동아당구장	activity	127.65660	34.76630
신동아마트	shop	127.65660	34.76630
신동아마트거북	shop	127.65660	34.76630
신동아약국	shop	127.65588	34.76603
신동아전기	shop	127.72138	34.73180
신레이저노래연습장	activity	127.65759	34.74795
신명마트돌산청솔점	shop	127.75578	34.71916
신명품맛집	food	127.74432	34.74788
신명화원	shop	127.71643	34.73179
신미락횟집	food	127.75655	34.79531
신바람	bar	127.70067	34.74961
신바람난공주	shop	127.73432	34.74063
신바람난찐빵손만두	food	127.77506	34.68332
신바람노래연습장	activity	127.64915	34.77315
신바람문구사	shop	127.70193	34.77239
신발나라	shop	127.74123	34.74127
신발나라	shop	127.72867	34.74131
신발세상	shop	127.66346	34.76357
신발세상	shop	127.72952	34.74020
신복에프앤비	shop	127.74591	34.60056
신비의물약더미르	shop	127.66054	34.76558
신사랑더하기	bar	127.65543	34.76634
신삼복식당	food	127.71764	34.75896
신생모텔	stay	127.73069	34.74120
신선스포렉스유	activity	127.72009	34.75900
신선회마차	food	127.65947	34.75816
신성게임랜드	activity	127.66537	34.75847
신성식당	food	127.63168	34.79781
신성회관	food	127.57920	34.88177
신신낚시	shop	127.71535	34.72617
신신레저	shop	127.72236	34.72867
신앙촌상회	shop	127.72118	34.73576
신여수집	food	127.72669	34.73910
신여수한방김치	shop	127.55511	34.84982
신영가요타운	bar	127.70386	34.77030
신영노래연습장	activity	127.70386	34.77030
신영슈퍼	shop	127.75530	34.73065
신우펜션민박	stay	127.73850	34.73184
신우푸드	food	127.66190	34.76317
신월골프존	activity	127.71138	34.72582
신월농장	shop	127.63570	34.84534
신월슈퍼	shop	127.70909	34.72397
신장식당	food	127.69335	34.74973
신전떡볶이	food	127.70242	34.75306
신전떡볶이	food	127.66051	34.76671
신제일식당	food	127.66465	34.76419
신진식당	food	127.73278	34.82598
신창상회	shop	127.73201	34.73928
신촌설렁탕	food	127.70335	34.77019
신태화루	food	127.71580	34.75677
신팔도맛반찬	shop	127.66414	34.76393
신포맛집	food	127.72900	34.74207
신포우리만두	food	127.66879	34.76010
신포우리만두	food	127.73524	34.74037
신포우리만두	food	127.63928	34.76217
신포우리만두	food	127.72008	34.73239
신포우리만두도원점	food	127.65824	34.76077
신포우리만두여서점	food	127.70497	34.75289
신포우리만두웅천점	food	127.67666	34.74735
신풍가구	shop	127.60287	34.85018
신풍애양약국	shop	127.62333	34.84336
신호등의류	shop	127.72862	34.74179
신화루	food	127.73096	34.74275
신화상회	shop	127.66234	34.77011
신황금어장	food	127.31117	34.02699
신흥당구장	activity	127.65261	34.76072
신흥바이크	shop	127.64861	34.76121
신흥수퍼	shop	127.72227	34.73599
실내낭만포차	food	127.74052	34.74300
실내마차	food	127.73191	34.74005
실내영마차	bar	127.65123	34.77184
실로암한약방	shop	127.70376	34.77579
심가네	food	127.67034	34.76020
심마니건강원	shop	127.72863	34.74421
심야식당	food	127.73166	34.74189
심재용오픈마켓	shop	127.73109	34.65716
심쿵딸기	shop	127.73566	34.74152
심포마을식당	food	127.77179	34.49878
심포잠수	activity	127.77188	34.49902
심플	shop	127.66918	34.76038
심할머니안흥찐빵만두낭도점	shop	127.53943	34.60505
심할머니안흥찐빵만두서	food	127.72842	34.74289
십구	bar	127.66471	34.75908
십오야	food	127.70552	34.75439
십이룸	shop	127.73575	34.74120
싱글벙글빵집	food	127.74215	34.74197
싱싱게장마을	food	127.69819	34.74969
싱싱게장마을판매점	shop	127.70052	34.74695
싱싱김치여서동	shop	127.70816	34.75989
싱싱마트	shop	127.71097	34.75718
싱싱생생협동조합	shop	127.69501	34.74797
싱싱소주마을	bar	127.72684	34.73937
싱싱야채	shop	127.66413	34.76426
싱싱어가	food	127.64143	34.77250
싱싱횟집	food	127.65427	34.74557
싸다아구찜	food	127.69852	34.75037
싸리나무	food	127.67046	34.76118
싼타나	bar	127.66422	34.75748
쌀국수이	food	127.73065	34.74080
쌀디저트가게미소	food	127.74413	34.75482
쌀디저트떡카페미소	food	127.74340	34.75120
쌀쌀맞은닭	food	127.67259	34.75997
쌀언니과자점	food	127.67509	34.74374
쌀통닭무선점	food	127.64831	34.77384
쌀통닭여문점	food	127.70357	34.74900
쌈바찹쌀닭강정	food	127.72814	34.74158
쌈밥명가	food	127.63879	34.76188
쌈지	shop	127.73445	34.74164
쌍둥이낚시	shop	127.31043	34.02600
쌍둥이네흙집	stay	127.74345	34.63422
쌍둥이네흙집펜션	stay	127.74341	34.63419
쌍둥이마차	bar	127.64013	34.77519
쌍둥이무한리필여서점	food	127.70168	34.75132
쌍둥이생선	shop	127.72914	34.74259
쌍둥이숯불곱창막창	food	127.74829	34.72227
쌍둥이식당	food	127.72287	34.61624
쌍둥이장어	food	127.69606	34.76933
쌍마	bar	127.73078	34.74216
쌍방울토탈패션전시장	shop	127.72908	34.74180
쌍봉	bar	127.66429	34.76011
쌍봉동주민자치회	cafe	127.66465	34.76362
쌍봉반점	food	127.66134	34.76490
쌍봉약초건강원	shop	127.66474	34.76451
써니노래타운	bar	127.64918	34.77593
써니아일랜드	cafe	127.78143	34.50499
써니아일랜드민박	stay	127.78143	34.50499
써니힐	food	127.65375	34.75469
써밋피트니스	activity	127.65057	34.77663
써브웨이여수	food	127.66593	34.76030
써브웨이여수여서점	food	127.70604	34.75347
써스데이아일랜드	shop	127.73320	34.74094
썬	food	127.72992	34.74179
썬노래타운	bar	127.66626	34.75808
썬라이즈	cafe	127.72992	34.74179
썬마레인여수마린시티	stay	127.71890	34.72679
썬모텔	stay	127.73043	34.74176
썬뷰티미용재료도겸	shop	127.66237	34.76512
썬비치펜션호스텔	stay	127.74191	34.73735
썬샤인	shop	127.67320	34.76159
썬차일드여수지사	shop	127.69789	34.75461
썬찻집	food	127.72992	34.74179
썬플라워모텔	stay	127.72456	34.73408
썬힐호텔	stay	127.75180	34.73159
썰어부러	food	127.72145	34.73174
썸	food	127.66422	34.75871
썸	bar	127.72389	34.73444
썸	shop	127.65636	34.76135
썸	bar	127.72389	34.73444
썸모텔	stay	127.72353	34.73299
쎄시봉	bar	127.70605	34.75394
쎈텐학생복	shop	127.67179	34.76495
쏘니	food	127.69499	34.74947
쏘자토스트여수	food	127.61399	34.84023
쏘재지	bar	127.70965	34.75721
쏠	shop	127.76298	34.80239
쏠	cafe	127.76298	34.80239
쏠레비치	stay	127.56376	34.72306
쏠로스타피싱	shop	127.74273	34.60100
쏠로아떼	shop	127.66939	34.76413
쏭쏭돈가스	food	127.69807	34.74888
쏭쏭돈까스여수관문점	food	127.74071	34.74317
쑝쑝돈까스미평점	food	127.70246	34.77135
쑥뜸천하	shop	127.63726	34.76236
쓰리띵스	cafe	127.66931	34.76081
쓰리엑스라지커피	cafe	127.68700	34.74684
쓰리엑스라지커피여수	cafe	127.66818	34.75931
쓰리와이즈	activity	127.67322	34.74541
씨	shop	127.73363	34.74162
씨	shop	127.66867	34.75981
씨드민박	stay	127.56756	34.67785
씨먹치먹	food	127.74429	34.73883
씨메르펜션	stay	127.72252	34.62829
씨밀레	bar	127.66466	34.75939
씨사이드인여수뷔페	food	127.72134	34.72666
씨스페이스블랑호텔점	shop	127.72453	34.71782
씨아이지	shop	127.65465	34.77154
씨앤블루펜션	stay	127.77718	34.68654
씨앤코컴퍼니전남대여수캠퍼스점블루포트	food	127.70051	34.77300
씨에프숯불바베큐	food	127.70409	34.77072
씨에프엠	shop	127.72354	34.73024
씨엔앨에프앤씨	shop	127.66879	34.76010
씨엔엘에프앤씨	shop	127.66842	34.76019
씨엘로	stay	127.76344	34.82512
씨와이에스	shop	127.67014	34.75972
씨울프	activity	127.70488	34.72172
씨유	shop	127.66766	34.76276
씨유	shop	127.70439	34.76973
씨유	shop	127.74544	34.75363
씨유뉴여수라	shop	127.75649	34.70875
씨유데어	cafe	127.67558	34.76350
씨유돌산금봉점	shop	127.72088	34.65010
씨유돌산청솔점	shop	127.74856	34.72124
씨유돌산평사로점	shop	127.73923	34.66171
씨유여문	shop	127.70457	34.75388
씨유여수	shop	127.66430	34.75717
씨유여수	shop	127.66474	34.76495
씨유여수	shop	127.64984	34.77742
씨유여수	shop	127.73011	34.82281
씨유여수	shop	127.63624	34.76275
씨유여수	shop	127.71377	34.72814
씨유여수	shop	127.70178	34.77329
씨유여수	shop	127.66717	34.75874
씨유여수경남점	shop	127.71098	34.75509
씨유여수공단점	shop	127.66409	34.78816
씨유여수공화점	shop	127.74315	34.74595
씨유여수관문점	shop	127.74075	34.74346
씨유여수남양	shop	127.65308	34.77278
씨유여수대박	shop	127.70417	34.75154
씨유여수덕충점	shop	127.73576	34.75382
씨유여수돌산	shop	127.75216	34.72170
씨유여수돌산로점	shop	127.75831	34.70295
씨유여수무선공원점	shop	127.64352	34.77459
씨유여수무선점	shop	127.64942	34.77333
씨유여수무선지구점	shop	127.64305	34.77674
씨유여수무슬목점	shop	127.77547	34.68287
씨유여수문수	shop	127.70910	34.75690
씨유여수문수북점	shop	127.70749	34.75912
씨유여수미평주공점	shop	127.70922	34.77040
씨유여수바다	shop	127.71009	34.72391
씨유여수반월길점	shop	127.65546	34.77702
씨유여수봉산	shop	127.72457	34.73346
씨유여수봉산미래점	shop	127.72388	34.73780
씨유여수부영	shop	127.65567	34.76065
씨유여수삼동로점	shop	127.65669	34.80039
씨유여수삼일점	shop	127.74073	34.83534
씨유여수석창대로점	shop	127.66773	34.78211
씨유여수선소대교점	shop	127.65710	34.74875
씨유여수선소점	shop	127.65988	34.75728
씨유여수선원우미점	shop	127.65059	34.76143
씨유여수소라점	shop	127.63352	34.79090
씨유여수소호점	shop	127.64633	34.74343
씨유여수시전점	shop	127.67047	34.76044
씨유여수신기남점	shop	127.67258	34.76060
씨유여수신기로제비앙점	shop	127.67688	34.76296
씨유여수신화점	shop	127.66815	34.75676
씨유여수쌍봉	shop	127.66139	34.76673
씨유여수안산	shop	127.65261	34.76072
씨유여수여객선	shop	127.73243	34.73956
씨유여수여문로점	shop	127.69434	34.75452
씨유여수여서	shop	127.70082	34.74905
씨유여수여서로점	shop	127.70773	34.75234
씨유여수여서점	shop	127.70257	34.74982
씨유여수여서점	shop	127.70131	34.75005
씨유여수여서현대점	shop	127.69837	34.74781
씨유여수오동도점	shop	127.75023	34.74312
씨유여수오케이점	shop	127.65815	34.76681
씨유여수우두리점	shop	127.75202	34.71915
씨유여수우리점	shop	127.63522	34.77480
씨유여수웅천	shop	127.68333	34.73976
씨유여수웅천점	shop	127.67095	34.74691
씨유여수월하	shop	127.66889	34.80697
씨유여수유탑	shop	127.75062	34.74441
씨유여수율촌	shop	127.60297	34.89467
씨유여수율촌대로점	shop	127.59190	34.86055
씨유여수율촌점	shop	127.57906	34.88225
씨유여수전대	shop	127.69491	34.77648
씨유여수죽림	shop	127.63953	34.76276
씨유여수죽림현대점	shop	127.63806	34.76495
씨유여수죽림호반점	shop	127.63719	34.76750
씨유여수중앙하이츠점	shop	127.69318	34.76730
씨유여수진남점	shop	127.73602	34.74041
씨유여수충무점	shop	127.73117	34.74222
씨유여수트리마제점	shop	127.67509	34.74374
씨유여수팔레트카페점	shop	127.75282	34.79506
씨유여수학동	shop	127.65635	34.76336
씨유여수한	shop	127.71490	34.75371
씨유여수한화	shop	127.69553	34.72860
씨유여수해양공원점	shop	127.74605	34.73821
씨유여수호수점	shop	127.64748	34.77375
씨유여수호텔라라점	shop	127.70047	34.75101
씨유여수화장대로점	shop	127.64714	34.77719
씨유여수화장점	shop	127.64954	34.77632
씨유여천	shop	127.65585	34.76548
씨유요트동동점	shop	127.64970	34.73939
씨유웅천베이원파크점	shop	127.67416	34.74311
씨유웅천비고시티점	shop	127.67804	34.74843
씨유웅천캐슬	shop	127.67940	34.73886
씨유웅천퍼스트시티점	shop	127.67596	34.74206
씨유편의점여수	shop	127.72678	34.73409
씨제이올리브영여수웅천	shop	127.67151	34.74646
씨제이올리브영여수해양공원점	shop	127.74265	34.73753
씨제이프레시웨이투썸여수디아크점	cafe	127.75770	34.70127
씨존민박	stay	127.64068	34.73277
씨크커피로스터리	cafe	127.65987	34.75828
씨티스	cafe	127.73287	34.74104
씰리침대	shop	127.69843	34.76801
씽코인노래연습장	activity	127.67051	34.74626
아가미피싱	shop	127.64861	34.76121
아가방	shop	127.73313	34.74096
아가방갤러리	shop	127.66897	34.76112
아가방플렉스롯데여수	shop	127.72153	34.72838
아구랑삼합이랑	food	127.72914	34.74259
아구명가	food	127.66410	34.76477
아구박사	food	127.70834	34.75123
아구왕창알곤이찜	food	127.65719	34.75769
아구조아	food	127.65161	34.77248
아구찜장어탕	food	127.73159	34.74186
아그네스	shop	127.66224	34.76622
아기밥	food	127.63539	34.76317
아기엄마가요리하는반찬	shop	127.65193	34.76497
아꾸사랑	food	127.72046	34.73221
아꾸회관	food	127.70510	34.75424
아낌없이주는나무	shop	127.65617	34.74866
아날도바시니여수	shop	127.73396	34.74143
아놀키즈풀빌라	stay	127.77581	34.67940
아는집	food	127.71121	34.75747
아는집	food	127.65211	34.76053
아담만두	food	127.70298	34.75341
아담만두	food	127.66495	34.76382
아델까페	cafe	127.73943	34.73302
아델라	stay	127.59695	34.65022
아델라인	cafe	127.71271	34.73395
아델리아	cafe	127.74660	34.71775
아델카페호스텔	stay	127.73944	34.73304
아도니스	bar	127.72440	34.73530
아도쿄	food	127.70298	34.76580
아디다스여수	shop	127.72153	34.72838
아따비어	bar	127.63789	34.77381
아따오져포차	food	127.71969	34.73314
아뜰리에	shop	127.70428	34.75250
아뜰리에감성	shop	127.66581	34.75913
아뜰리에화양연화	shop	127.64977	34.74060
아띠	shop	127.64798	34.77280
아라	food	127.78119	34.64115
아라당구장	activity	127.65820	34.75745
아라모드	shop	127.70775	34.75388
아라모텔	stay	127.66583	34.76093
아라비카	cafe	127.66382	34.77926
아라스	food	127.70424	34.75404
아라스강정	food	127.73453	34.73939
아라스포차	bar	127.66611	34.75846
아라식당	food	127.73187	34.73906
아라쭈꾸미	food	127.66596	34.75767
아람민박	stay	127.31116	34.02705
아레나수영복	shop	127.67452	34.76287
아레스모텔	stay	127.70535	34.75458
아렌스펜션	stay	127.73109	34.65716
아르	cafe	127.65984	34.76085
아르떼민박	stay	127.74704	34.66001
아르쥬	cafe	127.66057	34.76018
아르페지오여수	shop	127.71499	34.75792
아른거리다펜션	stay	127.56461	34.72453
아른독채풀빌라	stay	127.62717	34.63212
아름	stay	127.72486	34.63825
아름다운가게여수여서점	shop	127.70653	34.75447
아름다운가게재	shop	127.66714	34.76248
아름다운동행민박	stay	127.74514	34.60033
아름다운만남	cafe	127.73676	34.74037
아름다운뷰티	shop	127.67093	34.75861
아름이네	food	127.61094	34.76173
아름이네갓김치	shop	127.80268	34.59394
아리곳간	shop	127.73570	34.74134
아리랑	food	127.74450	34.77661
아리랑	bar	127.65146	34.76075
아리랑곱창	food	127.72899	34.74204
아리랑당구클럽	activity	127.66443	34.75821
아리랑힐호텔	stay	127.64951	34.77660
아리수	food	127.65718	34.75692
아리스	bar	127.70242	34.75306
아리아	bar	127.70144	34.75151
아리아호스텔	stay	127.74657	34.77171
아마떼	cafe	127.67596	34.74206
아모레뷰티카운셀러	shop	127.70718	34.75383
아모레뷰티카운셀러	shop	127.69980	34.75037
아모레카운셀러	shop	127.66317	34.76545
아모레카운셀러	shop	127.69980	34.75037
아모레카운셀러	shop	127.72986	34.74261
아모레카운셀러	shop	127.66375	34.75923
아모르	cafe	127.74391	34.73848
아모르	stay	127.73346	34.73965
아모르카페	cafe	127.72158	34.64232
아모르파티	bar	127.66607	34.75920
아모르펜션	stay	127.72158	34.64232
아모르호스텔	stay	127.74391	34.73848
아모스프로페셔널	shop	127.73324	34.74116
아모푸	cafe	127.57221	34.64209
아미	bar	127.66644	34.75852
아미고도스	bar	127.66415	34.75840
아미고우노	bar	127.66415	34.75840
아바이면옥	food	127.69528	34.74944
아베크소호	food	127.64965	34.74018
아벨리아	stay	127.72871	34.75102
아비꼬롯데몰	food	127.72153	34.72838
아비뇽수선	cafe	127.73408	34.74175
아비숑	bar	127.70346	34.75176
아빠와바다	shop	127.65461	34.75067
아사비	food	127.70645	34.76795
아선휴게소식당	food	127.77367	34.65239
아세아낚시점	shop	127.73244	34.73943
아시나요	food	127.65234	34.77247
아시아노래타운	bar	127.66600	34.75910
아시아마트	shop	127.57939	34.88294
아시아볼링장	activity	127.70479	34.75326
아시아술마시는노래방	bar	127.70293	34.75300
아싸플레이	shop	127.65752	34.76123
아아수혈여수	cafe	127.66192	34.76671
아와비	food	127.76654	34.59373
아우라	shop	127.67011	34.75959
아웃백스테이크하우스여수웅천점	food	127.67837	34.73946
아워	shop	127.66957	34.76031
아워비스킷	food	127.67019	34.75979
아이갓에브리씽이순신도서관점	cafe	127.69043	34.74992
아이누리여수	shop	127.67276	34.78609
아이디어	shop	127.66124	34.76669
아이디어안경	shop	127.74380	34.75269
아이디어안경여수여서점	shop	127.70718	34.75383
아이라이크	stay	127.73556	34.83225
아이러브제이	shop	127.73384	34.74097
아이린	shop	127.65942	34.76613
아이모	shop	127.70276	34.75370
아이모두	shop	127.70571	34.77068
아이비스	shop	127.64905	34.77373
아이비체육사	shop	127.66822	34.76230
아이비클럽	shop	127.66800	34.76225
아이비클럽	shop	127.73655	34.74056
아이스앤스낵창고	shop	127.74547	34.75506
아이스앤후르츠	food	127.67641	34.76336
아이스크림스토리여수	shop	127.73274	34.74142
아이스크림스토리여수서희스타힐스점	shop	127.71484	34.73036
아이스크림옥	food	127.73543	34.73934
아이스크림옥웅천	food	127.67896	34.74837
아이스크림창고	shop	127.65749	34.75808
아이언박스크로스핏	activity	127.64895	34.76069
아이엠	shop	127.66931	34.76081
아이엠도넛여수웅천점	food	127.67581	34.74810
아이엠샵	shop	127.70548	34.75512
아이엠피티	activity	127.67585	34.74779
아이월드	stay	127.76229	34.71074
아이유안경원	shop	127.66911	34.76205
아이자야	food	127.71927	34.73313
아이조아키즈풀빌라	stay	127.76711	34.71065
아이카드랜드	shop	127.65825	34.76437
아이커양념통닭광무점	food	127.72787	34.74351
아이커치킨앤버거	food	127.67091	34.76149
아이티스토리유	shop	127.70713	34.75483
아이플러스안경	shop	127.66901	34.75904
아일랜드모텔	stay	127.65951	34.75688
아일랜드보인다펜션	stay	127.77590	34.67906
아일로	shop	127.66842	34.76019
아일로여수	shop	127.73605	34.74108
아일리아	stay	127.78172	34.67215
아일리아돌산	stay	127.78190	34.67164
아임펜션	stay	127.59094	34.75713
아재부산낙곱새	food	127.74734	34.72526
아주공감	shop	127.61014	34.64648
아주아이스크림	shop	127.69039	34.78469
아주커	food	127.69389	34.74980
아주커치킨	food	127.66224	34.76622
아주커치킨	food	127.71580	34.72893
아주커치킨관문점	food	127.74241	34.74507
아주커치킨돌산대교점	food	127.74672	34.72442
아주커치킨둔덕점	food	127.69425	34.76862
아주커치킨무선점	food	127.64001	34.77398
아주커치킨미평점	food	127.70777	34.76676
아주펜션	stay	127.78509	34.70480
아지트	bar	127.70215	34.77300
아지트	food	127.72329	34.73623
아지트	food	127.71516	34.72920
아지트	food	127.72964	34.74015
아지트	food	127.64743	34.77579
아지트	food	127.70497	34.75416
아지트라이브	bar	127.70537	34.75431
아지트의류	shop	127.66413	34.76426
아츄아이스크림할인점	shop	127.68919	34.76598
아침농장	shop	127.63518	34.76376
아카데미당구클럽	activity	127.66704	34.75929
아쿠아마린호텔앤리조트	stay	127.72134	34.72666
아크엔스모크	food	127.75770	34.70127
아트박스	shop	127.73191	34.74126
아트삭스	shop	127.73232	34.74183
아트스페이스	stay	127.77704	34.69319
아트펜션	stay	127.58419	34.74452
아파치피싱	shop	127.65759	34.74795
아페약국	shop	127.66399	34.76594
악어사냥	shop	127.73582	34.74081
안강상회	shop	127.72366	34.73093
안개꽃	bar	127.72454	34.73493
안개비	bar	127.66449	34.75875
안경나라	shop	127.73245	34.74002
안경나라	shop	127.66626	34.75966
안경닥터	shop	127.67430	34.76152
안경마을	shop	127.64969	34.77306
안경매니아	shop	127.66933	34.76201
안경뱅크	shop	127.66940	34.76244
안경본가	shop	127.73175	34.74113
안경스토리	shop	127.63893	34.76451
안경아이존	shop	127.66244	34.76585
안경여행	shop	127.70935	34.75756
안굴전민박	stay	127.77460	34.69708
안녕아이들	stay	127.76373	34.71536
안녕홍매화여수웅천점	food	127.67001	34.74654
안도	stay	127.80271	34.48842
안도모텔민박	stay	127.80261	34.48786
안도어촌체험마을	activity	127.80389	34.48781
안도자연산	food	127.73642	34.75347
안도제일식당	food	127.80463	34.48727
안도펜션슈퍼	shop	127.80271	34.48842
안도해수욕장	beach	127.81254	34.49051
안박사숯불돼지갈비	food	127.72389	34.73444
안박사축산	shop	127.72389	34.73444
안산건강원	shop	127.64661	34.76029
안산동해물삼합	food	127.65053	34.76053
안산약국	shop	127.65508	34.76073
안성푸드안성식당	food	127.74025	34.74194
안씨족발	food	127.65232	34.77280
안온	stay	127.74788	34.73090
안일상회	shop	127.62898	34.71936
안자네밥상	food	127.73466	34.74074
안정상사	shop	127.65089	34.76123
안진엘씨갤러리안	cafe	127.74570	34.71862
안테나	bar	127.66343	34.75830
안포전골	food	127.64283	34.77255
안포정육식당	food	127.59377	34.68586
안흥쌀찐빵	food	127.72159	34.61613
안흥찐빵만두카페	food	127.75563	34.71883
알뜰살뜰	shop	127.70446	34.75336
알뜰슈퍼	shop	127.66738	34.76517
알뜰푸드	food	127.66304	34.76700
알라딘	bar	127.66397	34.75796
알로에판매원	shop	127.29513	34.05366
알로하민박	stay	127.76507	34.71152
알록달록테이블	food	127.66884	34.76085
알찬꼬마김밥	food	127.63791	34.76478
알토랑반찬	shop	127.69814	34.74904
알파무선	shop	127.64400	34.77294
알파문구	shop	127.73163	34.74074
알파시스템	shop	127.69484	34.74848
알파약국	shop	127.74095	34.74252
알파여수	shop	127.72730	34.74000
알프스모텔	stay	127.72394	34.73144
암소촌	food	127.65935	34.75773
암시롱국수	food	127.74330	34.73780
암오푸	cafe	127.57220	34.64210
암파스타레	food	127.67547	34.74015
압구정날라리	food	127.72168	34.61513
앗싸	activity	127.74250	34.74500
앙주앙가맥	food	127.72070	34.74248
앙콤	cafe	127.64596	34.76141
앙호두여수웅천점	food	127.67095	34.74691
애농공동체	shop	127.77210	34.65435
애니밴드엔터테인먼트지점	stay	127.74480	34.74749
애니팡	bar	127.70615	34.75406
애다인	stay	127.75209	34.73193
애모	bar	127.72355	34.73517
애양상회	shop	127.62294	34.84362
애양슈퍼	shop	127.62328	34.84254
애양식당	shop	127.62485	34.84331
애양종로약국	shop	127.62319	34.84318
애터미	shop	127.62891	34.79382
애터미아울렛	shop	127.65272	34.77561
애터미여수무지개센터	shop	127.66927	34.76187
애터미여수전진센타	shop	127.69940	34.74620
애틋	cafe	127.63606	34.76497
애프터파티	food	127.73663	34.74062
애플노래	activity	127.71556	34.75725
애플노래연습장	activity	127.69977	34.74767
애플노래타운	bar	127.70479	34.75326
애플망고	shop	127.74437	34.75355
애플몽키웅천점	shop	127.68700	34.74684
애플아이폰수리점	shop	127.71070	34.75879
애플편의점	shop	127.70479	34.75326
애플호텔	stay	127.64930	34.77697
앤드로이	cafe	127.75240	34.71604
앨리스	shop	127.67075	34.75975
앨리스토리커피여수	bar	127.69974	34.74731
앨오너	shop	127.65635	34.76336
앵그리치밥	food	127.74696	34.75083
앵두나무	shop	127.67735	34.76229
앵두노래타운	bar	127.72454	34.73493
야간게장	food	127.74050	34.73321
야간대학	food	127.67194	34.76105
야간포차	bar	127.74275	34.74605
야궁	bar	127.70390	34.75275
야끼토리애	food	127.68034	34.73861
야망닭발	food	127.64580	34.76117
야무짐	activity	127.75149	34.71943
야미야미	food	127.70479	34.75360
야방산영농조합	stay	127.55649	34.81512
야식타임	food	127.75639	34.71888
야야	bar	127.72418	34.73358
야자수	food	127.64333	34.73339
야채의품격	shop	127.73018	34.73994
야키토리사사	food	127.66722	34.75899
약국	shop	127.66249	34.76316
약수건강원	shop	127.72714	34.73949
약수닭집	food	127.71252	34.73245
약수산장	food	127.71550	34.73907
약초이야기	shop	127.65450	34.77352
얌샘김밥	food	127.68277	34.74913
얌얌신동아슈퍼	shop	127.65942	34.76613
얏빠리	food	127.64812	34.77398
양가네	food	127.66614	34.75749
양가네축산	shop	127.65636	34.75437
양기웅피티명가주	activity	127.67382	34.76149
양대감갈비탕	food	127.65016	34.77687
양문여수웅천점	food	127.67001	34.74654
양복점여수	food	127.66572	34.75863
양산떡집	food	127.72078	34.73471
양선비프리미엄여수	food	127.65050	34.77759
양와당	cafe	127.65171	34.76123
양은이네여수웅천점	food	127.67240	34.74646
양자강	food	127.65107	34.77314
양자나라	shop	127.70390	34.75275
양지골수육	food	127.70386	34.77030
양지당구클럽	activity	127.70417	34.76945
양지뜰민박	stay	127.77166	34.49866
양지마트	shop	127.70336	34.77234
양지반찬	shop	127.70410	34.77017
양지밥집	food	127.70988	34.75120
양지분식	food	127.65205	34.77296
양지선어	food	127.70754	34.76611
양지정가든	food	127.76285	34.82394
양철북곱창	food	127.70906	34.76888
양치엔양꼬치	food	127.67272	34.74611
양파	bar	127.70582	34.75374
양푼이김치찌개	food	127.71886	34.76048
양푼이포차	food	127.72405	34.73116
양품점	shop	127.65526	34.75482
양하치	food	127.65981	34.75773
어가	food	127.73163	34.74109
어객상회	shop	127.73290	34.73683
어게인스포츠	shop	127.69003	34.77757
어느멋진날	cafe	127.56366	34.76236
어느멋진날펜션	stay	127.56343	34.76261
어리틀코티지	stay	127.74669	34.66416
어매김치찌개	food	127.65131	34.77560
어매분식	food	127.64867	34.77628
어매해물삼합	food	127.64867	34.77628
어머니죽집	food	127.72849	34.74150
어메이징이스케이프	activity	127.66617	34.75815
어묵방앗간	food	127.66498	34.76415
어반	shop	127.66836	34.76004
어번네이쳐	shop	127.73774	34.75434
어부몰	shop	127.72671	34.73167
어부밥상	food	127.76432	34.71131
어부백반	food	127.70956	34.72408
어부의아들	food	127.64754	34.77590
어부지리	food	127.65122	34.76072
어부촌	food	127.57966	34.88169
어사랑	food	127.72151	34.73180
어서오리	food	127.70462	34.75524
어서와흐니네	food	127.75240	34.79207
어시장	food	127.65796	34.75778
어시장일식	food	127.65799	34.75758
어썸호텔	stay	127.66343	34.75830
어야둥둥	bar	127.65747	34.76438
어영차화태바다야편의점	shop	127.73033	34.58107
어울림	bar	127.70304	34.77244
어울림	shop	127.63858	34.76349
어울림주점	food	127.70495	34.75444
어웨이브	stay	127.59115	34.75181
어육촌	food	127.73167	34.74171
어장군	food	127.74304	34.72862
어쩌다해물삼합	food	127.73312	34.73984
어촌마을	food	127.70612	34.72239
어푸어푸	activity	127.64382	34.77192
억조슈퍼	shop	127.74437	34.77753
언남금잡화	shop	127.64469	34.57455
언노운피자	food	127.67460	34.74833
언니김밥	food	127.63817	34.76325
언니네	shop	127.66384	34.76482
언니네디저트	food	127.70176	34.77368
언니닭	shop	127.65271	34.75468
언니마켓	shop	127.65271	34.75468
언니쓰	bar	127.72357	34.73500
언니야국밥	food	127.69928	34.75118
언니옷장	shop	127.72862	34.74179
언니죽집	food	127.72862	34.74179
언더마운틴	cafe	127.64663	34.76141
언덕마루	food	127.80356	34.59454
언덕에바람	stay	127.75536	34.59486
언덕위에펜션	stay	127.62193	34.71987
언던커피	cafe	127.66906	34.76025
언라이크트윈	shop	127.66954	34.76180
언제나건강원	shop	127.69966	34.76981
언제나봄날	food	127.74457	34.59988
얼리버드겟더베이글	cafe	127.65999	34.76524
얼씨구떡방앗간	food	127.66473	34.76386
얼씨구식당	food	127.80193	34.59388
엄남금잡화	shop	127.64469	34.57455
엄마곰탕	food	127.74988	34.72191
엄마국밥	food	127.65650	34.76180
엄마네집밥	food	127.72986	34.73933
엄마라탕	food	127.72048	34.74288
엄마랑나랑	shop	127.72868	34.74255
엄마막창구이	food	127.65173	34.76053
엄마매점	shop	127.74392	34.72775
엄마손	food	127.72694	34.74225
엄마손김밥	food	127.70176	34.77368
엄마손반찬	shop	127.70250	34.77108
엄마손식당	food	127.74307	34.74694
엄마식혜	food	127.72863	34.74227
엄마의정원	cafe	127.74104	34.73786
엄마죽식당	food	127.66465	34.76419
엄일당건강원	shop	127.73593	34.75348
엄지노래연습장	activity	127.72046	34.73252
업바	food	127.70390	34.75275
업소명없음	shop	127.78204	34.58847
업소명없음	activity	127.65942	34.76613
업소명없음	stay	127.66223	34.76550
업소명없음	activity	127.66093	34.76836
업소명없음	stay	127.79860	34.47809
업소명없음	stay	127.65270	34.74506
업소명없음	food	127.64069	34.72636
업소명없음	shop	127.69004	34.78594
업소명없음	shop	127.70992	34.75958
업소명없음	shop	127.59667	34.77932
업소명없음	cafe	127.76249	34.71484
업소명없음	shop	127.72993	34.82417
업소명없음	shop	127.63227	34.79636
업소명없음	shop	127.64780	34.74519
업소명없음	shop	127.55592	34.84495
업소명없음	cafe	127.59353	34.74996
업소명없음	stay	127.71890	34.72679
업소명없음	shop	127.74888	34.74094
엉바구	food	127.74046	34.83263
엉클조	food	127.70854	34.74957
엉클캐빈	food	127.73684	34.74098
엉터리무한대패여수돌산점	food	127.74981	34.72021
엉터리생고기	food	127.66607	34.75920
엉터리해물전	food	127.72422	34.73504
에그셀런트여수종화점	food	127.74404	34.73861
에꼴드파리	shop	127.73366	34.74142
에꼴리에여수	shop	127.73413	34.74089
에덴가든	food	127.52500	34.81181
에덴건강원	shop	127.57946	34.88374
에덴뜨게방	shop	127.66413	34.76426
에덴민박	stay	127.24572	34.23891
에덴슈퍼	shop	127.55571	34.82154
에덴침구	shop	127.73256	34.74059
에드빌홈	shop	127.67336	34.75699
에떼프룻	shop	127.66950	34.76047
에뜨왈펜션	stay	127.74612	34.72898
에바다안경원	shop	127.70596	34.75130
에바다카페	cafe	127.69402	34.75516
에바다횟집	shop	127.73290	34.73683
에버산업개발	stay	127.74473	34.74516
에벤에셀	shop	127.60791	34.69307
에벤에셀과자점	food	127.65162	34.77174
에벤에셀클린	shop	127.73866	34.74044
에보이브스킨케어	shop	127.69361	34.75467
에브라임커피	cafe	127.53626	34.82910
에브리데이	food	127.70159	34.75216
에브리데이할인점	shop	127.69891	34.75400
에스	shop	127.62933	34.79337
에스골프존	activity	127.67364	34.75689
에스노래타운	bar	127.70394	34.75393
에스더	shop	127.70677	34.75383
에스디스포츠	shop	127.70275	34.76706
에스디인터내셔날롯데아울렛	shop	127.72153	34.72838
에스마켓	shop	127.73884	34.74248
에스마트	shop	127.63835	34.77339
에스모텔	stay	127.64969	34.77533
에스바	bar	127.65096	34.77670
에스비골프	shop	127.70008	34.76733
에스비에스노래연습장	activity	127.67091	34.76149
에스앰바이크	shop	127.67607	34.75196
에스에이치안경원	shop	127.67663	34.74073
에스엘샵	shop	127.69912	34.74792
에스엠마린	shop	127.69475	34.75516
에스엠점핑클럽	shop	127.71937	34.75985
에스오에스	bar	127.66575	34.75885
에스와이에스리테일	shop	127.66322	34.76297
에스와이에스리테일여수	shop	127.70311	34.76543
에스지골프돌산점	activity	127.74960	34.72033
에스콰이아이마트	shop	127.71499	34.75792
에스타코야끼	food	127.65751	34.76695
에스토커피	cafe	127.66626	34.75966
에스티아라	shop	127.73341	34.74141
에스티오여수둔덕팩토리점	shop	127.69896	34.76832
에쏘	cafe	127.66875	34.76001
에어컨나라	shop	127.67238	34.76051
에이그라운드	shop	127.75683	34.70648
에이급할인매장	shop	127.71112	34.72552
에이비씨통신	shop	127.70915	34.75736
에이비에프지	shop	127.65636	34.76135
에이샵	shop	127.73582	34.74081
에이션패션롯데몰	shop	127.72153	34.72838
에이스	bar	127.66514	34.75669
에이스마트유	shop	127.69861	34.74815
에이스스퀘어	shop	127.70114	34.76733
에이스침대	shop	127.70917	34.76020
에이스핏짐	activity	127.66704	34.75929
에이스홀덤바	food	127.65111	34.77722
에이엔	shop	127.63858	34.76349
에이엔	food	127.73322	34.73615
에이치스토어	shop	127.73471	34.74127
에이치알	food	127.63960	34.76125
에이치엠	shop	127.64831	34.77627
에이치제이매그놀리아용평디오션호텔앤리조트	food	127.64333	34.73339
에이치케이건설자산관리	shop	127.72762	34.74914
에이치타투	shop	127.66821	34.75991
에이플러스노래타운	bar	127.66465	34.75841
에코가구산업	shop	127.66940	34.76383
에코로드	shop	127.70548	34.76951
에코피시방	activity	127.66453	34.75923
에코힐즈	activity	127.60256	34.77004
에쿠스모텔	stay	127.72319	34.73261
에펠조명랜드	shop	127.72387	34.73794
에프원호	activity	127.63017	34.71751
에프터클린	shop	127.65143	34.77394
에하드	cafe	127.56394	34.72334
엑스포골프존	activity	127.74539	34.75288
엑스포곱창구이	food	127.70430	34.75376
엑스포노래연습장	activity	127.74402	34.75248
엑스포당구장	activity	127.71892	34.61781
엑스포레저	activity	127.72158	34.73591
엑스포로민박	stay	127.73901	34.75543
엑스포롬민박	stay	127.73878	34.75529
엑스포마트	shop	127.69402	34.75516
엑스포모텔	stay	127.73894	34.74163
엑스포민박	stay	127.31040	34.02775
엑스포술마시는노래방	bar	127.74402	34.75248
엑스포식당	food	127.66634	34.80393
엑스포식육식당	food	127.74402	34.75248
엑스포안경	shop	127.71791	34.73123
엑스포유통	shop	127.72792	34.74319
엑스포정육점	shop	127.74402	34.75248
엑스포타올	shop	127.71938	34.75578
엑스포탁구용품점	shop	127.66246	34.76427
엑스포통신	shop	127.73117	34.74222
엑스포펜션	stay	127.74431	34.77704
엑스포해물삼합	food	127.74309	34.75329
엑스포해물예찬	food	127.74263	34.73308
엑스포해수피아찜질방내구내매점	shop	127.71302	34.72595
엑스포해양공원	activity	127.74652	34.75223
엑스포호스텔펜션	stay	127.75836	34.72015
엑스포횟집	food	127.75030	34.74309
엑스포횟집	food	127.70346	34.75355
엔돌핀	bar	127.70735	34.75388
엔돌핀선어	food	127.73692	34.74057
엔마트	shop	127.65508	34.76073
엔시아	shop	127.66957	34.75907
엔시엔피	cafe	127.74617	34.77318
엔앤비보드게임	activity	127.66582	34.75679
엔엔엔비비건	food	127.67018	34.76165
엔젤	bar	127.70480	34.75285
엔젤스	shop	127.74153	34.73059
엔켈트	shop	127.66856	34.76019
엔터모자	shop	127.73132	34.74079
엔틱	shop	127.66599	34.76288
엔핏	shop	127.70281	34.77285
엘도커피	cafe	127.74759	34.73744
엘디아호텔	stay	127.66415	34.75840
엘로제이	shop	127.65636	34.76135
엘론	stay	127.60627	34.75875
엘르골프	shop	127.66568	34.76042
엘르폴스튜디오	activity	127.65185	34.76363
엘리	food	127.73121	34.74198
엘리스	cafe	127.65783	34.75812
엘리자벳슈즈	shop	127.53593	34.82972
엘리트학생복	shop	127.73618	34.74128
엘리트학생복	shop	127.66843	34.76223
엘리팝웅천점	bar	127.67231	34.74277
엘린	shop	127.66884	34.76085
엘림악기이벤트	shop	127.65965	34.76125
엘림하우스	stay	127.72753	34.77518
엘비노민박	stay	127.64028	34.73209
엘에이당구장	activity	127.66314	34.75754
엘에이크랩	food	127.65545	34.74929
엘에이통닭포차	food	127.70574	34.75383
엘쥬르	shop	127.73266	34.74162
엘지동진상사	shop	127.73477	34.73993
엘지미네피아정수기	shop	127.65994	34.76727
엘지민박	stay	127.31079	34.02749
엘지열쇠도장	shop	127.67037	34.79108
엘크레인	stay	127.70346	34.75176
엘하우스	stay	127.78513	34.66910
엠	food	127.72440	34.73530
엠마리하우스	stay	127.65566	34.75323
엠멜란지여수웅천점	shop	127.67573	34.74773
엠무인텔	stay	127.63969	34.72609
엠비씨	bar	127.70163	34.75120
엠사랑노래연습장	activity	127.63373	34.79118
엠사랑더하기	bar	127.63304	34.79121
엠스미용	shop	127.71542	34.75623
엠앤케이리조트	stay	127.75770	34.70127
엠오르트호텔	stay	127.65934	34.75651
엠제이	shop	127.65465	34.77154
엠지엠	bar	127.66615	34.75869
엠케이컴퍼니청송	cafe	127.73258	34.73630
엠케이파트너스	shop	127.73604	34.74095
엣지	shop	127.67203	34.76476
엣퍼즈	cafe	127.70003	34.75007
엣홈	shop	127.66932	34.76038
여객선식당	food	127.73267	34.73942
여객선터미널통신	shop	127.73243	34.73956
여고상사	shop	127.74384	34.74450
여궁숯불갈비	food	127.65221	34.77654
여기어때횟집	food	127.75864	34.70690
여기요민박	stay	127.72731	34.62929
여남낚시	shop	127.76646	34.51044
여남상회	shop	127.73256	34.74059
여남식당	food	127.76677	34.50986
여담소	cafe	127.80354	34.59411
여도각	stay	127.72175	34.75626
여름빵집	food	127.67165	34.75869
여명식당	food	127.70032	34.74726
여명약국	shop	127.65146	34.77085
여묵	food	127.73630	34.74114
여문떡방앗간	food	127.71072	34.75811
여문매점	shop	127.70432	34.75642
여문문구사	shop	127.70987	34.75601
여문숯불장어구이	food	127.70336	34.75483
여문탁구클럽	activity	127.70964	34.75780
여문해장국	food	127.70587	34.75418
여문휘트니스	activity	127.70432	34.75642
여미갤러리	shop	127.63289	34.65810
여미지	bar	127.72301	34.73228
여백	stay	127.64002	34.61987
여산슈퍼	shop	127.78737	34.60698
여서동밥도둑	food	127.70630	34.75413
여서로타리불로만숯불바베큐	food	127.70131	34.75005
여서미소쌈밥	food	127.63979	34.77117
여서수퍼	shop	127.70923	34.75100
여서약국	shop	127.70715	34.75425
여서육감	food	127.70257	34.75308
여서칠우불고기	food	127.69994	34.74773
여서커피	cafe	127.70699	34.75389
여서콩나물해장국	food	127.70428	34.75250
여서푸드	food	127.70990	34.75236
여서해장국	food	127.70417	34.75154
여성주단	shop	127.73256	34.74059
여수	bar	127.66672	34.75839
여수	shop	127.73290	34.74154
여수	shop	127.66244	34.79772
여수夜호스텔	stay	127.74580	34.73905
여수夜호스텔펜션	stay	127.74578	34.73902
여수海주전부리	shop	127.70077	34.74713
여수가람	food	127.73023	34.74016
여수가마솥국밥	food	127.72502	34.73541
여수가족한옥펜션	stay	127.61921	34.68004
여수갈릴리독채펜션	stay	127.62766	34.71409
여수갈치조림낭만별식	food	127.73604	34.74095
여수갓닭	food	127.74993	34.73689
여수갓당	food	127.73256	34.74059
여수갓사랑맛김치	shop	127.72382	34.73559
여수갓육고	food	127.66676	34.75811
여수갓호떡	food	127.74225	34.74682
여수강남마트	shop	127.73003	34.74306
여수강촌토종닭숯불구이	food	127.72590	34.73278
여수갤러리	shop	127.74443	34.74726
여수갯벌노을마을농촌체험휴양마을	stay	127.56798	34.79025
여수거북선축제	event	127.73637	34.73958
여수거북선코업스테이호텔	stay	127.66552	34.76244
여수거북선푸드	shop	127.75144	34.71837
여수건강원	shop	127.72949	34.74136
여수게스트하우스시즌투	stay	127.73015	34.74630
여수게장	food	127.75206	34.74170
여수게장낭만별식	food	127.74314	34.73299
여수게장수빈식당	food	127.73325	34.74082
여수게장정담식당이순신	food	127.73420	34.74056
여수게장한상낭만별식라	food	127.75905	34.70674
여수결혼화환	shop	127.66856	34.76019
여수경도펜션카라반	stay	127.72161	34.70862
여수고기	shop	127.72469	34.73082
여수고등어	food	127.64876	34.77546
여수고등학교매점	shop	127.74540	34.74636
여수고서점，문구	shop	127.74443	34.74670
여수곤충사업단	shop	127.60349	34.78287
여수골목책방	shop	127.70800	34.75851
여수골방	food	127.66863	34.75971
여수골프존	activity	127.70857	34.76066
여수골프피팅백화점프라임골프	shop	127.64789	34.77624
여수공공스포츠클럽	activity	127.65087	34.73879
여수관	food	127.65462	34.78950
여수교동호스텔	stay	127.73314	34.74120
여수구항	nature	127.73617	34.73889
여수국가대표패러글라이딩	activity	127.74464	34.77446
여수국가산단전망대	heritage	127.64852	34.80104
여수국동유탑관리	stay	127.72181	34.72706
여수그집묘도점	food	127.74485	34.89099
여수극동유탑유블레스	stay	127.71890	34.72679
여수금오도방풍하늘횟집	food	127.73730	34.52584
여수기독교	shop	127.73348	34.74040
여수기정떡	food	127.72823	34.73899
여수김밥	food	127.71556	34.75725
여수깜놀마차	food	127.65909	34.75773
여수꽃피다	food	127.74498	34.75549
여수꾸이꾸이	food	127.64973	34.77495
여수꿈에그린애견펜션	stay	127.73336	34.65824
여수나진국밥	food	127.70173	34.72353
여수나진의집	stay	127.60946	34.70930
여수나폴리하우스	stay	127.79378	34.64600
여수낚시터민박	stay	127.80514	34.59449
여수남자만들기	shop	127.73598	34.74119
여수낭만	stay	127.73046	34.73951
여수낭만포차야시장	food	127.73290	34.73683
여수냉면	food	127.63320	34.79288
여수냉삼	food	127.64899	34.77502
여수노을산책펜션민박	stay	127.56354	34.79938
여수노체델마르가족오션뷰	stay	127.77552	34.68030
여수농수산물	shop	127.64926	34.75817
여수농협로컬푸드직매장	shop	127.70413	34.77033
여수농협자재센터	shop	127.69315	34.75120
여수농협하나로마트	shop	127.69315	34.75120
여수농협하나로마트우두점	shop	127.75191	34.72228
여수느낌	stay	127.77632	34.68027
여수는여수다	food	127.67217	34.75977
여수다복	food	127.73339	34.74079
여수다옴	shop	127.76247	34.69875
여수다옴호스텔	stay	127.76247	34.69875
여수닥스	shop	127.73373	34.74174
여수닥스종합	shop	127.73373	34.74174
여수달구나	food	127.74993	34.73689
여수달빛포차	food	127.74561	34.71892
여수당	shop	127.72758	34.74112
여수당	food	127.73534	34.73994
여수당과자점	food	127.73535	34.74027
여수당구아카데미	activity	127.70360	34.75087
여수당구클럽	activity	127.73117	34.74222
여수대게나라	food	127.71630	34.72658
여수대박복권	activity	127.75280	34.71884
여수대신피싱	shop	127.71434	34.72576
여수대왕돈까스우동	food	127.61011	34.69231
여수대표짬뽕	food	127.65121	34.77552
여수댁개맷부삭	food	127.64682	34.77307
여수더덕솥뚜껑삼겹살	food	127.70537	34.75431
여수도깨비은행나무집	food	127.65654	34.76332
여수독채펜션백야하루	stay	127.63965	34.61870
여수독채펜션콘체르토	stay	127.75348	34.66703
여수독채펜션화동민가	stay	127.59447	34.68737
여수독채풀빌라백야코지	stay	127.64092	34.61232
여수독채풀빌라여울바다	stay	127.63145	34.71148
여수독채한옥펜션	stay	127.56573	34.72632
여수돌게빵	cafe	127.72174	34.73309
여수돌문어타코	food	127.74404	34.73861
여수돌산갓이랑배추	food	127.75426	34.71648
여수돌산꽈배기	cafe	127.72758	34.74007
여수돌산다정횟집	food	127.67099	34.76052
여수돌산반딧불황토민박	stay	127.76396	34.71375
여수돌산복자애견동반스파	stay	127.72639	34.65547
여수돌산치킨	food	127.78305	34.66962
여수돔비치펜션	stay	127.79372	34.64746
여수동동건어물	shop	127.65253	34.75469
여수동동북축제	event	127.65728	34.75590
여수동백악기	shop	127.67735	34.76229
여수돼지국밥	food	127.66195	34.76546
여수두피전문페이스디자인	shop	127.67231	34.74277
여수드림조형연구소	shop	127.70668	34.75911
여수딜리버리	shop	127.73248	34.74112
여수딤섬	food	127.74133	34.73739
여수딸기모찌	food	127.73577	34.74025
여수딸기모찌	cafe	127.69567	34.72813
여수딸기모찌돌산점	food	127.75905	34.70674
여수딸기모찌서녹씨	food	127.73611	34.74104
여수딸기모찌여수딸기찹쌀떡원조	shop	127.73582	34.74081
여수딸기앙모찌	cafe	127.72157	34.73343
여수딸기앙모찌돌산점	food	127.74512	34.72639
여수딸기찹쌀떡원조유월드점	cafe	127.64146	34.74791
여수떡집	food	127.72862	34.74179
여수랑께펜션	stay	127.79069	34.63367
여수랑남도랑여행협동조합더섬	shop	127.56248	34.63122
여수롱비치요트	activity	127.67322	34.74541
여수루쓰풀빌라	stay	127.64196	34.61423
여수룬	stay	127.75613	34.71958
여수를담다	shop	127.71805	34.72979
여수마리나요트	activity	127.70314	34.75235
여수마리나유스호스텔	stay	127.78194	34.67080
여수마상승마장	activity	127.56318	34.70957
여수마트	shop	127.70483	34.76929
여수마트	shop	127.65882	34.76682
여수마트관문점	shop	127.74066	34.74303
여수마트둔덕점	shop	127.69452	34.76871
여수마트무선점	shop	127.64315	34.77271
여수마트신기점	shop	127.67771	34.76411
여수만카이	food	127.75711	34.70897
여수맛	food	127.80341	34.59434
여수맛집	food	127.73153	34.73853
여수맛집가야밀면해물칼국수	food	127.65943	34.75830
여수맛집가정식백반	food	127.68529	34.78094
여수맛집남도한상좌수영	food	127.73663	34.74062
여수맛집민들레집	food	127.72107	34.73368
여수맛집이락정	food	127.73364	34.82542
여수맛집이량회포차	food	127.65041	34.76052
여수맥스스포츠클럽	activity	127.70634	34.75362
여수메아리글램핑장	stay	127.56691	34.79130
여수명동게장	food	127.72192	34.73292
여수명동게장별관	food	127.72211	34.73278
여수모터보트협회	activity	127.75904	34.74290
여수모텔	stay	127.71556	34.75725
여수몽니스샵	shop	127.63647	34.76301
여수문가네식품	shop	127.72816	34.74171
여수문구센타	shop	127.66015	34.76627
여수물류상사	shop	127.61914	34.77712
여수미술관	heritage	127.66014	34.76132
여수미싱	shop	127.69379	34.76929
여수미용상사	shop	127.72440	34.73875
여수미자수산	shop	127.69807	34.74888
여수민속전시관	heritage	127.55662	34.84650
여수밀면	food	127.70054	34.74824
여수바다愛	food	127.63592	34.76201
여수바다곳간	shop	127.72141	34.73262
여수바다닭강정	food	127.74983	34.74416
여수바다로유	shop	127.65618	34.75820
여수바다사랑	shop	127.71016	34.72405
여수바다수산	shop	127.74517	34.74423
여수바다술빵	food	127.75179	34.74207
여수바다약국	shop	127.73158	34.73969
여수바다향기애견독채펜션	stay	127.73983	34.66233
여수바다향기키즈가족독채펜션	stay	127.73918	34.66214
여수바다향에프앤비	shop	127.72908	34.74226
여수바다회삼합	food	127.65638	34.75820
여수반상	food	127.75792	34.70853
여수밤바다	shop	127.73705	34.74067
여수밤바다	food	127.74898	34.73663
여수밤바다	activity	127.74336	34.74595
여수밤바다관광농원야영장	stay	127.75711	34.70652
여수밤바다기념품샵	shop	127.73626	34.74118
여수밤바다팬션	stay	127.78363	34.67034
여수밤하늘하우스	stay	127.73812	34.74601
여수밥상갈치야	food	127.78741	34.60659
여수밧데리	shop	127.69932	34.76771
여수백반	food	127.70793	34.75033
여수백야풀빌라	stay	127.64121	34.61385
여수백야풀빌라	shop	127.64178	34.61390
여수백제약국	shop	127.72946	34.74059
여수베리딸기체험농장	activity	127.61571	34.75961
여수베리카페	food	127.67219	34.76139
여수별난만두	food	127.64918	34.77593
여수볕바람	shop	127.73109	34.73716
여수보라네펜션	stay	127.60242	34.85925
여수볼링클럽	activity	127.70479	34.75326
여수봄날엔	cafe	127.73492	34.73953
여수분식	food	127.69256	34.75415
여수불교	shop	127.66908	34.76313
여수블라썸호텔앤카페	stay	127.74302	34.74578
여수비너스	shop	127.70533	34.75347
여수비비안	shop	127.73240	34.74111
여수비치	stay	127.74605	34.73821
여수비치리조트	stay	127.75767	34.70247
여수비치리조트여수국동유탑지점	shop	127.71890	34.72679
여수비치리조트지점	shop	127.75767	34.70247
여수비치펜션	stay	127.74605	34.73821
여수비치프리	stay	127.75575	34.79647
여수빅토리피싱	shop	127.65710	34.74875
여수빈티지	shop	127.73175	34.74113
여수사랑	shop	127.71791	34.72725
여수사랑이네독채펜션	stay	127.64014	34.72964
여수사랑축	food	127.64019	34.77400
여수산단주유소	shop	127.64074	34.82020
여수살롱	food	127.73507	34.73953
여수삼합빵	shop	127.73609	34.74142
여수상회	shop	127.66545	34.76374
여수새조개	food	127.71198	34.75663
여수생딸기모찌	food	127.67231	34.74277
여수생생아구	food	127.70916	34.76923
여수생선구이옥이네	food	127.72272	34.73189
여수생선구이집	food	127.65602	34.75435
여수생활낚시터	activity	127.70909	34.72397
여수선사유적공원	nature	127.64625	34.77877
여수섬섬어묵	food	127.64911	34.77796
여수섬섬어묵연구소	food	127.64911	34.77796
여수섬칼국수	food	127.65624	34.75807
여수세끼	food	127.73950	34.73775
여수손만두국	food	127.73316	34.74081
여수솔내음공방	shop	127.65854	34.76730
여수솜사탕	shop	127.74518	34.74446
여수수산물특화시장	shop	127.73289	34.73683
여수수산바다장어	food	127.69481	34.74915
여수수산시장	shop	127.73179	34.73819
여수수제과자점	food	127.72767	34.74154
여수숯불고등어	food	127.66473	34.76386
여수숯불창고	food	127.70518	34.75380
여수쉼표더하기게스트하우스	stay	127.74083	34.74386
여수슈가몽펜션	stay	127.78327	34.70364
여수스쿼시	activity	127.69336	34.76863
여수스테이	stay	127.73692	34.74086
여수스테이멍오션뷰애견동반수영장펜션	stay	127.79166	34.62397
여수스테이호텔	stay	127.72378	34.73184
여수스테이호텔비지니스	stay	127.72378	34.73184
여수시공공테니스스포츠클럽	activity	127.72664	34.76162
여수시공예협회	shop	127.74449	34.74753
여수시니어클럽	cafe	127.74050	34.74104
여수시니어클럽카페다시봄	cafe	127.66105	34.76058
여수시니어클럽카페다시봄무선점	cafe	127.64236	34.77183
여수시니어클럽카페봄날	cafe	127.69103	34.74990
여수시도시관리공단	activity	127.69315	34.75120
여수시문화원	heritage	127.74579	34.73927
여수시민회관	heritage	127.72821	34.74681
여수식당	food	127.67150	34.76137
여수식당	food	127.74117	34.74097
여수식자재마트	shop	127.70626	34.74876
여수식자재마트	shop	127.63456	34.76169
여수식자재마트어항단지점	shop	127.72552	34.73185
여수식품	shop	127.72964	34.73956
여수식품	shop	127.64079	34.72679
여수신항	nature	127.75598	34.74297
여수실내암벽	activity	127.66987	34.75876
여수씨앤블루키즈가족오션뷰펜션	stay	127.77699	34.68646
여수아일랜드	stay	127.58511	34.74428
여수아일리아	stay	127.78184	34.67185
여수아줌마	shop	127.64453	34.75991
여수아티스트오션뷰독채풀빌라	stay	127.58496	34.73836
여수악기，공연기획	shop	127.68232	34.75035
여수악세사리	shop	127.73083	34.74084
여수안경	shop	127.65895	34.76080
여수안단테애견스파오션뷰펜션	stay	127.72684	34.65551
여수안전체험교육장	activity	127.66063	34.79896
여수애견사	shop	127.69079	34.76769
여수애펜션	stay	127.75020	34.74360
여수야채	shop	127.73290	34.73683
여수양꼬치	food	127.70518	34.75380
여수양대창	food	127.67711	34.74699
여수어때	food	127.74949	34.73653
여수어부사시사	food	127.71103	34.75119
여수언니	food	127.73154	34.73914
여수에반하다	food	127.74949	34.73653
여수에서	cafe	127.74015	34.73788
여수에이블	shop	127.73246	34.74099
여수에코뮤직기획사	shop	127.64589	34.76192
여수엑스포건어물상회	shop	127.73201	34.73850
여수엑스포해물예찬	food	127.74263	34.73309
여수엔초비	shop	127.73689	34.74023
여수엔틱옥션	shop	127.69421	34.74998
여수엔회센터	food	127.74954	34.76004
여수엘로디독채스파펜션	stay	127.74669	34.72159
여수엠마오펜션	stay	127.74963	34.71947
여수여서공차	cafe	127.70519	34.75301
여수여서문수북창순두부	food	127.70192	34.75240
여수여서점	shop	127.70569	34.75327
여수여성자활지원센터트립티	food	127.74340	34.74713
여수여자고등학교매점	shop	127.74581	34.74146
여수여행	stay	127.74361	34.74749
여수여행집기념품샵	shop	127.74405	34.74580
여수여행집기념품샵예술랜드점	shop	127.77646	34.69457
여수연탄돼지갈비	food	127.66497	34.75959
여수예술랜드	activity	127.77729	34.69519
여수오리날개튀김	food	127.67225	34.76000
여수오림재독채펜션	stay	127.71919	34.76151
여수오미야게	shop	127.72178	34.73277
여수오지	food	127.61437	34.70841
여수옥수당	cafe	127.73566	34.74028
여수옥수수양갱과뉴욕핫도그	food	127.66869	34.76046
여수온천매점	shop	127.68933	34.78893
여수온천식당	food	127.68933	34.78893
여수올젠	shop	127.72153	34.72838
여수왕갈치	shop	127.71058	34.72421
여수왕새우직판장	food	127.70479	34.75360
여수왕족발	food	127.66465	34.76419
여수요넥스	shop	127.67515	34.75895
여수요트수상레저	activity	127.75605	34.70697
여수요트케빈	activity	127.67322	34.74541
여수우럭언니소호점	shop	127.64927	34.73953
여수웅천골드클래스더마리나	stay	127.67370	34.74556
여수웅천딸기모찌	food	127.67231	34.74277
여수웅천식자재	shop	127.67472	34.74209
여수웅천파리바게뜨	food	127.67170	34.74873
여수원게스트하우스	stay	127.73016	34.74619
여수원예농협하나로마트	shop	127.64893	34.77866
여수월드갈치낚시	shop	127.71434	34.72576
여수유블레스	stay	127.71890	34.72679
여수유사길	bar	127.74083	34.74386
여수유통	shop	127.68165	34.76368
여수유통	shop	127.72994	34.73995
여수육해공	food	127.65438	34.77095
여수음향	shop	127.65033	34.77485
여수의료기	shop	127.72865	34.74476
여수의밤	food	127.74949	34.73653
여수의밤낭만바다	cafe	127.74439	34.73852
여수이마트트레몰로	shop	127.71499	34.75792
여수이불	shop	127.72868	34.74141
여수이순신건어물	shop	127.73327	34.73946
여수일마레카페	food	127.73213	34.73993
여수자동차극장	heritage	127.64287	34.72963
여수자매로카라반캠핑장	stay	127.57844	34.66388
여수자매로캠핑장	stay	127.57844	34.66386
여수자연건강원	shop	127.65506	34.74725
여수장거리노래방택시	activity	127.70047	34.75506
여수장터	food	127.72805	34.73072
여수재활용센타	shop	127.72307	34.75531
여수전남병원매점	shop	127.72819	34.74513
여수전자담배멀티샵	shop	127.73231	34.74164
여수전자담배베이퍼스	shop	127.71129	34.75876
여수전자저울	shop	127.73441	34.73993
여수전집	food	127.70495	34.75444
여수정쿡	food	127.67154	34.74624
여수정통치킨	food	127.71897	34.73433
여수제이플러스스파가족펜션	stay	127.56968	34.65084
여수제일국밥	food	127.62108	34.72701
여수조개	food	127.66523	34.75882
여수조개창고	food	127.67572	34.74047
여수족발	food	127.74361	34.74646
여수족발	food	127.67696	34.76382
여수종근당	shop	127.73146	34.74150
여수중고별별주방	shop	127.70951	34.79015
여수중고폰	shop	127.70627	34.76336
여수중고폰거래소폰여기	shop	127.66224	34.76622
여수중고폰매입판매	shop	127.67150	34.76158
여수중고폰집	shop	127.73132	34.74072
여수중앙약국	shop	127.73450	34.74029
여수진남약국	shop	127.72815	34.74471
여수집	food	127.66446	34.75973
여수쪽갈비	food	127.66527	34.75829
여수찬	food	127.73662	34.73922
여수참복	food	127.69918	34.75076
여수참숯생꼼장어	food	127.72335	34.73107
여수청무고등학교매점	shop	127.71102	34.77143
여수청정수산	shop	127.73682	34.73919
여수초밥	food	127.64774	34.77399
여수촌캉스스테이화태	stay	127.71499	34.59165
여수추어탕	shop	127.66668	34.76300
여수축산	shop	127.69785	34.74889
여수축산유통	shop	127.63456	34.76169
여수친한밧데리	shop	127.69932	34.76771
여수카스테라	food	127.73559	34.74023
여수카페종화	cafe	127.73540	34.73988
여수카페종화동	cafe	127.73537	34.73984
여수카페하멜	cafe	127.74836	34.73701
여수캐슬디아트웅천	stay	127.67705	34.74142
여수커텐	shop	127.72884	34.74128
여수케이마트	shop	127.64580	34.76117
여수크리스챤	shop	127.70686	34.75384
여수클럽	food	127.74531	34.75563
여수키즈가족펜션하이맘블랙	stay	127.74098	34.66291
여수탕수옥	food	127.71721	34.72737
여수토박이건어물	shop	127.73205	34.73839
여수통장어	food	127.66289	34.75802
여수투쁠수산	shop	127.67231	34.74277
여수튀김	food	127.71484	34.73036
여수파밀리에마트	shop	127.65942	34.76613
여수팥빙수	food	127.73375	34.74099
여수패밀리통신	shop	127.73290	34.74154
여수패밀리하우스	stay	127.74875	34.72370
여수평화조명	shop	127.70711	34.76310
여수포펫	shop	127.64215	34.75633
여수풍물김치	shop	127.73117	34.73822
여수풍선벌룬인럽	shop	127.72651	34.75416
여수프로－스펙스	shop	127.73418	34.74066
여수피에르몽키즈가족펜션	stay	127.74072	34.66279
여수하늘	cafe	127.70755	34.75522
여수하이오션	stay	127.71890	34.72679
여수학동코업스테이호텔	stay	127.66552	34.76244
여수한가네	shop	127.72659	34.74008
여수한결푸드	shop	127.73023	34.73875
여수한과	food	127.72909	34.74246
여수한국정보	shop	127.70706	34.75324
여수한미타올	shop	127.73322	34.73998
여수한옥체험관	stay	127.63009	34.74855
여수한우촌	food	127.69578	34.77752
여수한정식낭만별식리조트점	food	127.75649	34.70875
여수할인유통	shop	127.73180	34.73873
여수함께여수	food	127.74949	34.73653
여수항	food	127.67154	34.74624
여수항건어물	shop	127.73176	34.73814
여수해뜨는언덕	cafe	127.62629	34.67316
여수해랑	stay	127.74793	34.73723
여수해물삼합차가네	food	127.65827	34.75723
여수해비치호텔	stay	127.65748	34.75635
여수해수식당	food	127.71302	34.72595
여수해양공원	nature	127.74417	34.73796
여수해장국	food	127.72229	34.73294
여수해장칼국수	food	127.69631	34.75049
여수해풍수산	shop	127.73176	34.73814
여수향	shop	127.73256	34.74059
여수향교	heritage	127.73382	34.74327
여수향일암일출제	event	127.80301	34.59383
여수향푸드	shop	127.74349	34.74736
여수헬로가족펜션	stay	127.76348	34.67647
여수호텔	stay	127.64920	34.77679
여수호텔수	stay	127.74780	34.73296
여수화환	shop	127.72837	34.74611
여수활어티비	shop	127.73733	34.73968
여수황금회포차	bar	127.71039	34.75779
여수황칠	shop	127.73820	34.83232
여수황토민박	stay	127.79547	34.64293
여수횟집	food	127.74524	34.77929
여수횟집	food	127.73910	34.73290
여수횟집청류정물회돌	food	127.75905	34.70674
여수휴대폰성지밤바다통신	shop	127.73198	34.74094
여수휴리호	activity	127.63854	34.62150
여수히든비치리조트	stay	127.76911	34.71109
여수힐링펜션	stay	127.76434	34.72178
여순개발앤트	cafe	127.73284	34.74162
여스시	food	127.67088	34.74627
여신테라피아로마마사지	shop	127.70561	34.75400
여양식당	food	127.63317	34.78985
여우상점	shop	127.64722	34.76116
여울목	food	127.70044	34.74807
여유	activity	127.66702	34.75882
여유도예공방	activity	127.74530	34.77924
여의도떡방	food	127.72812	34.74120
여인향기	shop	127.73256	34.74059
여일문구사	shop	127.65675	34.75501
여자도휴게소	shop	127.51001	34.75846
여자만	food	127.64343	34.77548
여자만	activity	127.55697	34.82412
여자만갯벌	nature	127.56730	34.79000
여정식당	food	127.70173	34.75221
여정식당여문점	food	127.70171	34.75225
여진식당	food	127.66671	34.76324
여천고등학교매점	shop	127.66241	34.77142
여천골프	shop	127.66434	34.78856
여천꽃화원	shop	127.69640	34.72725
여천나는가수다	bar	127.66489	34.75830
여천농협하나로마트죽림호수점	shop	127.62713	34.75744
여천롯데리아	food	127.65148	34.77685
여천명신낙지	food	127.66491	34.76185
여천모텔	stay	127.66299	34.75787
여천비너스와코루	shop	127.66801	34.75950
여천생태탕	food	127.66485	34.76568
여천선착장	nature	127.75267	34.55025
여천세기냉동	shop	127.65987	34.75828
여천안경원	shop	127.65588	34.76630
여천약국	shop	127.65459	34.77024
여천얼음	shop	127.66368	34.78394
여천역맞이방스토리웨이	shop	127.66382	34.77926
여천유앤에스	shop	127.66317	34.77148
여천의류	shop	127.66392	34.76396
여천좌수영약국	shop	127.67289	34.76128
여천한빛점	shop	127.65148	34.77685
여풍식당	food	127.61073	34.84099
여항선구	shop	127.73536	34.73935
여행온라테라스더비치	cafe	127.75682	34.70837
여행온비에치씨라	food	127.75682	34.70837
여행온엑스오엑스오엔커피라	cafe	127.75649	34.70875
여흥떡방앗간	food	127.57886	34.88146
역전낚시	shop	127.74441	34.74734
역전세탁재료	shop	127.69914	34.76934
역전식당	food	127.57899	34.88318
역전할머니맥주	bar	127.63802	34.76273
역전할머니맥주	bar	127.72305	34.73408
역전할머니맥주덕충점	bar	127.74380	34.75269
역전할머니맥주미평점	bar	127.70310	34.77051
역전할머니맥주여서점	bar	127.70443	34.75345
역전할머니맥주여수돌산점	bar	127.74972	34.72105
역전할머니맥주여수웅천점	bar	127.67087	34.74656
역전할머니맥주이순신	bar	127.73663	34.74062
역전할머니맥주화장점	bar	127.64954	34.77632
역포민박	stay	127.80194	34.45172
역포상회	shop	127.80187	34.45207
연가	bar	127.66056	34.76627
연남물갈비	food	127.67801	34.74955
연도상회	food	127.64918	34.77593
연도해녀밥상	food	127.79995	34.43383
연등슈퍼	shop	127.72865	34.74878
연리지	bar	127.70470	34.75402
연모텔	stay	127.63546	34.76184
연변양꼬치구이	food	127.70518	34.75380
연서카페	cafe	127.67029	34.76075
연세수안과의원	shop	127.72747	34.74075
연세약국	shop	127.65232	34.76121
연세우유여수	shop	127.65230	34.77489
연수네	food	127.70783	34.75348
연안식당	food	127.65718	34.75692
연우북카페	cafe	127.65858	34.76217
연육교횟집	food	127.73871	34.73258
연이네민박	stay	127.75213	34.72128
연이네식당	food	127.75196	34.72137
연지식당	food	127.67390	34.76006
연탄창고	food	127.63892	34.76255
연하대중음식점	food	127.67194	34.76188
연합메디칼	shop	127.67716	34.76392
연합안경	shop	127.66250	34.76343
연화식당	food	127.66017	34.75898
연화정	food	127.75049	34.74373
연화포차	food	127.63592	34.76186
열린노래	activity	127.73342	34.73991
열린민박	stay	127.74147	34.50943
열린소주방	bar	127.72684	34.73937
열린약국	shop	127.74042	34.74265
열매달	cafe	127.67622	34.76317
열매카페	cafe	127.65366	34.77121
열정국밥	food	127.64809	34.76051
열정국밥	food	127.68919	34.76598
열지	bar	127.72980	34.74133
염전의봄	food	127.73566	34.74028
영	bar	127.73666	34.74030
영	cafe	127.66385	34.76465
영골드	shop	127.73441	34.74081
영광건강원	shop	127.66992	34.75818
영광반점	food	127.31090	34.02588
영광식품	shop	127.74032	34.73325
영덕식당	food	127.66314	34.78816
영동민박	stay	127.75710	34.79530
영동장어요리	food	127.64645	34.77605
영락공원내매점	shop	127.58053	34.83168
영락공원매점	shop	127.58867	34.81016
영락상회	shop	127.72827	34.74189
영락원	shop	127.57947	34.83048
영롱한수산	shop	127.74448	34.66561
영미화김밥	food	127.69484	34.74848
영민상회	shop	127.73176	34.73814
영빈	food	127.63329	34.79225
영빈각	food	127.67329	34.76067
영빈횟집	food	127.74470	34.77794
영상뮤직노래연습장	activity	127.69838	34.74828
영서의류	shop	127.72890	34.74110
영스베이커리	food	127.66973	34.76355
영스타	food	127.64969	34.77306
영스타일	shop	127.70547	34.76897
영심이	bar	127.70587	34.75418
영심이네펜션	stay	127.61139	34.76126
영아식당	food	127.71617	34.75763
영애네집밥	food	127.66412	34.78844
영애네집밥대포점	food	127.62210	34.81831
영애통장어	food	127.73087	34.73913
영애포차	bar	127.65034	34.77392
영웅	food	127.65057	34.77730
영웅라이브	bar	127.65057	34.77730
영이가국밥	food	127.65654	34.76249
영이당	cafe	127.65461	34.75067
영이삼합	food	127.73178	34.73860
영자네	food	127.73923	34.66171
영조어패류	shop	127.73290	34.73683
영조회센타	shop	127.73290	34.73683
영진낚시	shop	127.30990	34.02817
영진상회	shop	127.73256	34.74059
영진식당	food	127.70513	34.77111
영진식품	shop	127.73176	34.73814
영진신발	shop	127.72941	34.74124
영진씽크	shop	127.72719	34.73889
영진얼음닭집	shop	127.67329	34.76067
영진청과	shop	127.63423	34.76216
영취산가마솥옻닭	food	127.73118	34.82720
영취산국밥	food	127.74005	34.83261
영취산국밥	food	127.69847	34.76957
영취산민박	stay	127.72796	34.82712
영취산슈퍼식당	shop	127.74120	34.83180
영커피	cafe	127.70582	34.75374
영타올	shop	127.67032	34.76498
영편의점	shop	127.72132	34.61513
영편의점	shop	127.63302	34.62365
영플라워	activity	127.70178	34.75182
영화굴비	shop	127.68270	34.74870
영화루	food	127.71116	34.72979
영화사	shop	127.72862	34.74179
영화식당	food	127.73454	34.73974
영화식당	food	127.71605	34.72634
영희엔틱	shop	127.67804	34.74843
영희전통찻집	cafe	127.65535	34.74767
예가메디칼	shop	127.57947	34.88303
예감쪽갈비여수	food	127.64979	34.77296
예그리나	cafe	127.63675	34.76159
예다운	cafe	127.61273	34.76739
예담약국	shop	127.72799	34.74000
예림공예	shop	127.74264	34.74634
예빵소	food	127.72812	34.74120
예쁜이블	shop	127.65620	34.76242
예술랜드미각	food	127.77695	34.69511
예스마트	shop	127.65217	34.76123
예스마트	shop	127.68849	34.78470
예스마트청과	shop	127.68849	34.78470
예스산업	food	127.74309	34.75329
예스유	food	127.66404	34.75942
예스플라워	shop	127.71625	34.73330
예암산보이차	shop	127.72835	34.73882
예예	shop	127.67724	34.74729
예온	food	127.65545	34.76612
예울노래연습장	activity	127.67174	34.74647
예울마트정육	shop	127.67208	34.74938
예원민박	stay	127.63769	34.62645
예인선한식뷔폐	food	127.67272	34.74643
예지네	shop	127.69862	34.75056
예진플라워카페	cafe	127.69747	34.74888
예카피시방	activity	127.69300	34.75466
예향정여서점	food	127.70336	34.75246
옐로베베	shop	127.63893	34.76166
옐로우	shop	127.66911	34.76144
옐로우서브마린온수수영장펜션커피숍	stay	127.61625	34.64238
옛고을식당	food	127.74118	34.74156
옛고향식당	food	127.63370	34.79780
옛골집	food	127.66414	34.76393
옛날그집	food	127.73421	34.74059
옛날소머리곰탕	food	127.66531	34.75894
옛날손맛	food	127.70192	34.77322
옛날식손순대	food	127.71357	34.72799
옛날장터국밥	food	127.73697	34.73952
옛날집	food	127.67363	34.76103
옛날통닭	food	127.69300	34.75466
옛날통닭가마치	food	127.69397	34.75449
옛정	bar	127.72366	34.73511
옛정가요타운	bar	127.72269	34.73359
오가닉맘	shop	127.72153	34.72838
오가다	bar	127.65696	34.75801
오감돈	food	127.67022	34.76419
오감상사	stay	127.74728	34.71786
오감스시	food	127.63893	34.76146
오공구이	bar	127.73232	34.74143
오공오공	bar	127.73325	34.74082
오길	stay	127.74350	34.74802
오꾸닭	food	127.65944	34.76689
오꾸닭미평점	food	127.70263	34.77066
오늘	shop	127.67387	34.76110
오늘	shop	127.63545	34.83998
오늘	shop	127.68387	34.74872
오늘고기	food	127.65549	34.75375
오늘도분식	food	127.65070	34.77234
오늘도술술	bar	127.65179	34.77280
오늘도여수	stay	127.75425	34.71985
오늘도죽	bar	127.74413	34.75482
오늘도카페일리터	cafe	127.66647	34.76568
오늘도한잔	bar	127.72096	34.73198
오늘밤	bar	127.72260	34.73273
오늘밥상	bar	127.66566	34.76280
오늘애	food	127.69126	34.75640
오늘우리의온도	cafe	127.67018	34.76165
오늘우리집비어	bar	127.66472	34.76509
오늘은	shop	127.66696	34.76032
오늘은김밥	food	127.66928	34.76062
오늘은오므라이스	bar	127.70131	34.75005
오늘은요기요	bar	127.63789	34.77381
오늘은육개장	bar	127.65178	34.77293
오늘을그리다	cafe	127.65425	34.75332
오늘의바다	stay	127.75447	34.50538
오늘의반찬	shop	127.63844	34.76406
오늘의수산	shop	127.65545	34.74929
오늘의회	food	127.65574	34.76690
오늘처럼노래하는포차	bar	127.70298	34.75341
오늘커피	bar	127.66122	34.76538
오늘한끼	bar	127.65013	34.77532
오늘한잔	bar	127.70700	34.75200
오늘한점	food	127.70293	34.75300
오다가가다가한잔	food	127.68886	34.78666
오다가다	bar	127.64911	34.76051
오닭꼬치여수	food	127.63957	34.76215
오닭꼬치여수웅천점	food	127.68705	34.74818
오도레스	shop	127.65123	34.77184
오동	food	127.69827	34.75049
오동	cafe	127.74176	34.73814
오동도	stay	127.74701	34.73771
오동도낭만포차	bar	127.75101	34.74267
오동도매점	shop	127.76618	34.74633
오동도펜션	stay	127.74703	34.73771
오동도펜션	stay	127.76460	34.72132
오동도해양식당	food	127.75223	34.74154
오동도호텔	stay	127.75223	34.74154
오동도회관	food	127.75199	34.74177
오동도회포차	food	127.74928	34.74338
오동동	food	127.74983	34.74416
오동마차	bar	127.74352	34.74522
오동상회	shop	127.75206	34.74170
오드리	shop	127.70473	34.75472
오드리키친	food	127.65526	34.75482
오드리햅번	shop	127.63929	34.76232
오뚜기슈퍼	shop	127.73594	34.75449
오뚜기식당	food	127.73156	34.73672
오뚜기여화	shop	127.72831	34.74064
오뚜기주방물류	shop	127.66170	34.77674
오뜨노래연습장	activity	127.70090	34.75011
오뜨돌문어볼	food	127.73803	34.73812
오락팡팡	activity	127.74696	34.75083
오란다라이브	bar	127.70323	34.75357
오렌지	shop	127.73154	34.74184
오렌지	food	127.73082	34.74104
오렌지노래타운	bar	127.65770	34.75670
오렌지노래타운	bar	127.75126	34.71955
오렌지런투유	bar	127.70479	34.75326
오렌지은약국	shop	127.66333	34.76474
오렌지케어	shop	127.65433	34.75436
오로라	bar	127.70630	34.75413
오로라펜션	stay	127.56833	34.72765
오로지백반	food	127.72119	34.73198
오르당	cafe	127.68404	34.75065
오르에르	stay	127.75332	34.71590
오름정보통신	shop	127.66672	34.75787
오리궁뎅이	food	127.67675	34.74905
오리덕애	food	127.63465	34.76216
오리덕애무선점	food	127.65061	34.77287
오리덕애신기점	food	127.67290	34.76067
오리랑닭이랑	food	127.65592	34.75401
오리밥	food	127.74292	34.75377
오리애찬웅천점	food	127.67692	34.74757
오림동내동슈퍼	shop	127.71876	34.76279
오림떡방앗간	food	127.72790	34.75452
오림수퍼	shop	127.71805	34.75995
오림터널	heritage	127.71908	34.76099
오마이가족독채펜션	stay	127.58221	34.73910
오마이갓	shop	127.64535	34.73751
오마이갓생과일	food	127.70856	34.72456
오말리	food	127.75700	34.79542
오메코	shop	127.65403	34.77245
오목한그릇	shop	127.64596	34.76113
오백국수여수웅천점	food	127.68034	34.73861
오백국시여수	food	127.66582	34.75800
오복당	shop	127.70442	34.75257
오복상사	shop	127.72331	34.73224
오복식당	food	127.65162	34.77174
오복호선장네포차	food	127.67246	34.76033
오브네디저트카페	food	127.63767	34.76231
오브리	shop	127.64937	34.77775
오브자기	activity	127.65946	34.76721
오븐마루	food	127.64780	34.74519
오븐에구운닭	food	127.70572	34.75410
오블리	food	127.66668	34.76300
오비이에프	food	127.62754	34.74363
오빈티지	shop	127.67509	34.74374
오빠노래타운	bar	127.66507	34.75856
오빠통닭여수	food	127.66622	34.75763
오샤레	shop	127.67019	34.76053
오성갈비	food	127.64392	34.77522
오성전기	shop	127.72621	34.73421
오성족발	food	127.66495	34.75845
오성회관	food	127.74509	34.73945
오세아	food	127.71092	34.72607
오션	activity	127.65295	34.74526
오션게임장	activity	127.73369	34.74050
오션노래타운	bar	127.75076	34.71956
오션단란주점	bar	127.75076	34.71956
오션독채호스텔	stay	127.63870	34.73842
오션락노래연습장	activity	127.64333	34.73339
오션레져주	stay	127.74966	34.75825
오션스카이	shop	127.65148	34.77685
오션스케치	stay	127.75786	34.69956
오션힐	stay	127.66222	34.76531
오션힐호텔	stay	127.74638	34.71869
오솔길펜션	stay	127.64063	34.73256
오술차여수	bar	127.66644	34.75852
오스틴리드	shop	127.65148	34.77685
오스틴리드이마트	shop	127.71499	34.75792
오슬로우웅천트리마제점	cafe	127.67509	34.74374
오시날개	shop	127.72801	34.74065
오시오화분·다육	shop	127.62817	34.73869
오씨오씨	cafe	127.69404	34.76900
오아시스	stay	127.74794	34.74017
오아시스	stay	127.58539	34.73895
오아시스	bar	127.31059	34.02601
오아시스게스트	stay	127.73338	34.75637
오아시스무인호텔	stay	127.63965	34.72451
오아시스호프	bar	127.65234	34.77247
오엑스피시방여수	activity	127.66704	34.75929
오우가농장	shop	127.71896	34.73371
오의	food	127.63621	34.76159
오이다	stay	127.73641	34.74034
오이시디	bar	127.64787	34.77400
오인형뽑기	activity	127.67051	34.74626
오작교	cafe	127.74674	34.71757
오작교플라워	shop	127.67013	34.76033
오장전집	food	127.66413	34.76426
오죽헌	food	127.66107	34.75834
오죽헌한정식	food	127.66111	34.75835
오천집	food	127.75673	34.79527
오케민박	stay	127.76693	34.50946
오케이치킨	food	127.70559	34.75479
오케이포스전남	shop	127.66919	34.76337
오티콘보청기	shop	127.72842	34.74289
오팔공	food	127.74517	34.73968
오페라모텔	stay	127.74991	34.71979
오페라뮤직	shop	127.66644	34.75852
오픈컴	shop	127.67588	34.76369
오피스타운	shop	127.70027	34.75193
오행당건강원	shop	127.71692	34.73156
오형제보석	shop	127.66224	34.76622
오후커피숍	cafe	127.30981	34.02777
옥경이	food	127.71162	34.75715
옥돌당구장	activity	127.71566	34.75639
옥면옥	food	127.71911	34.72603
옥문중화요리	food	127.70542	34.76907
옥수	cafe	127.68403	34.74938
옥이네삼겹	food	127.64759	34.77362
옥자맥주	bar	127.64882	34.77400
옥적물맞이골대왕돈까스커피	food	127.57246	34.70382
옥적슈퍼	food	127.57462	34.71723
옥적회화나무농원	shop	127.57242	34.70398
옥청당	shop	127.74674	34.74454
옥탑방	stay	127.73196	34.73950
옥피리노래연습장	activity	127.66842	34.76019
옥하참옻닭식당	food	127.72338	34.73380
옥희네집	food	127.63646	34.76134
옥희란제리	shop	127.73256	34.74059
온기	cafe	127.74271	34.74596
온누리네횟집	food	127.79487	34.64234
온누리대표푸드	shop	127.71330	34.77266
온누리웰빙	cafe	127.73256	34.74059
온누리정보통신	shop	127.66861	34.76211
온누리총판	shop	127.66303	34.76728
온누리축산	shop	127.65538	34.74788
온누리통신	shop	127.65944	34.76674
온달	bar	127.74015	34.74237
온새미로	food	127.78061	34.58932
온새미정	food	127.67387	34.74147
온새미정여수음식점	food	127.67387	34.74147
온앤	food	127.70892	34.72412
온앤온	shop	127.72153	34.72838
온정	stay	127.63836	34.62087
온정	food	127.65516	34.74881
온정	shop	127.66016	34.79478
올	shop	127.73155	34.74224
올가드림뷰티	shop	127.66010	34.76668
올굿띵스	shop	127.73486	34.73990
올굿띵스고소점	shop	127.74175	34.73814
올댓아이티	shop	127.74309	34.74759
올떡볶이여수봉계점	food	127.69234	34.78483
올띵	shop	127.66843	34.75985
올라운드테니스	activity	127.67509	34.74374
올레	bar	127.66514	34.75869
올레	food	127.71304	34.73462
올레비치	stay	127.56354	34.72293
올리브	shop	127.66901	34.75946
올리브레스토랑	food	127.70243	34.75192
올리브영여수여서점	shop	127.70549	34.75362
올리브영여수웅천	shop	127.67151	34.74646
올리브코코펜션	stay	127.64149	34.72792
올리비아로렌	shop	127.66893	34.76162
올리비아로렌여수	shop	127.73163	34.74081
올리비아스테이	stay	127.63299	34.71148
올리비아하슬러여수	shop	127.73354	34.74039
올바른반찬우렁각시	shop	127.67509	34.74374
올바른푸드	shop	127.58168	34.87461
올바른한줄	food	127.65199	34.76053
올웨이즈샤브여수웅천디아일랜드점	food	127.67231	34.74277
올웨이즈펫	shop	127.64353	34.77522
올유어스	shop	127.69890	34.75023
올포유	shop	127.66333	34.76474
올포유	shop	127.73163	34.74109
올할인마트	shop	127.69846	34.76920
옴시롱감시롱	bar	127.72113	34.73189
옴시롱감시롱딱한잔	food	127.70938	34.77160
옷고름	shop	127.66962	34.75925
옷사랑	shop	127.67206	34.76147
옷이랑이불	shop	127.72308	34.73803
옷장	shop	127.67014	34.75972
옷짱	shop	127.72861	34.74142
옹기반찬	shop	127.74419	34.74831
옹기종기	food	127.57264	34.88271
옹기푸드	shop	127.68969	34.78062
옹달샘꼬지	bar	127.65302	34.77199
와	food	127.74504	34.77388
와글와글도넛	food	127.71499	34.75792
와니당	food	127.67073	34.76247
와라	bar	127.66534	34.75910
와라자쿠	bar	127.70533	34.75394
와마와마모바일	shop	127.69405	34.78372
와바	bar	127.66514	34.75869
와브러	bar	127.72191	34.73238
와스디	shop	127.72862	34.74179
와쏘식당	food	127.61960	34.59440
와쏘여수	food	127.74949	34.73653
와우쓰리디와이	shop	127.73934	34.74137
와우한우명품관	food	127.65955	34.75761
와이드앵글	shop	127.72153	34.72838
와이드오피스	cafe	127.74166	34.73795
와이림브	shop	127.66876	34.75955
와이에이치인터내셔날	shop	127.74592	34.72050
와이지팜	shop	127.67477	34.76152
와이피하우스앤비치클럽	stay	127.75713	34.70685
와쭈	food	127.70342	34.75288
와캡	food	127.66623	34.75945
와플대학여수죽림캠퍼스	food	127.63842	34.76349
완도미성전복	shop	127.67323	34.75758
완도상회	shop	127.73314	34.73698
왓다전기	shop	127.74327	34.74605
왓칭하우스	stay	127.74547	34.75506
왔다식당	food	127.66465	34.76419
왔다실내마차	bar	127.64995	34.77672
왔따숯불갈비	food	127.64800	34.77636
왕궁중화요리	food	127.72269	34.73651
왕년에	bar	127.72158	34.73192
왕대박식당	food	127.74111	34.74263
왕만두먹고찐빵먹고	food	127.63356	34.79137
왕바위길	food	127.56603	34.87919
왕비돈까스	food	127.67936	34.74844
왕뼈사랑	food	127.66762	34.75857
왕순이주먹밥김밥	food	127.65944	34.76674
왕자와공주	shop	127.67057	34.76000
왕청국밥	food	127.65098	34.77529
외계인피자	food	127.73256	34.74059
외계인피자	food	127.65652	34.76219
외동어촌체험마을	activity	127.72241	34.72191
요거트아이스크림의정석	food	127.73577	34.74025
요거트아이스크림의정석과일의숲여수	food	127.66237	34.76512
요거트월드	food	127.66798	34.75937
요거트월드여수여서점	food	127.70414	34.75244
요거프레소	cafe	127.67362	34.76151
요거프레소	cafe	127.71813	34.73236
요거프레소	cafe	127.70038	34.75203
요거프레소	cafe	127.66158	34.76673
요거프레소여수	cafe	127.70235	34.77204
요달의찜닭	food	127.66113	34.76774
요달의찜닭	food	127.70390	34.75746
요모조모	bar	127.70490	34.75401
요술집	bar	127.67279	34.76107
요아정여수여서점	food	127.70569	34.75327
요요컴퍼니	food	127.71184	34.75671
요이참치	food	127.70903	34.75731
요쿠야마치여수	food	127.68194	34.74982
요트노래연습장	activity	127.65216	34.74465
요한이네할인매장	shop	127.72553	34.75464
욜로와바	bar	127.70552	34.75439
욤욤	food	127.67315	34.76288
용궁	bar	127.66440	34.75860
용궁마차	food	127.69950	34.76976
용궁반점	food	127.75676	34.72097
용궁해물탕	food	127.66000	34.76006
용궁횟집	food	127.70277	34.75285
용궁횟집	food	127.75237	34.71564
용담정육식당	food	127.70765	34.75903
용당원조숯불바베큐치킨	food	127.65778	34.76064
용두횟집	food	127.72274	34.72092
용문도예	shop	127.62803	34.74157
용바위	food	127.74351	34.83985
용범이네인계동껍데기	food	127.66582	34.75800
용비치관광호스텔	stay	127.74343	34.73294
용산컴퓨터	shop	127.67116	34.76195
용우동	food	127.70699	34.75389
용우동	food	127.71535	34.72880
용우동	food	127.66623	34.75945
용우동여수	food	127.63835	34.76298
용우동웅천점	food	127.67087	34.74656
용월사	heritage	127.78976	34.70370
용주리항아리바베큐	food	127.62825	34.71871
용준상회	shop	127.72945	34.74084
용진하우스	food	127.71281	34.72524
용팔이포차	food	127.65701	34.75767
우가족발	food	127.73174	34.74174
우두개발	food	127.69921	34.74777
우두리	stay	127.75044	34.72276
우두리포펫애견펜션	stay	127.74734	34.72526
우디스테이	stay	127.72096	34.73222
우렁쌈밥	food	127.64944	34.77499
우리가	food	127.62822	34.76076
우리강다슬기	food	127.64866	34.77703
우리건강원	shop	127.72802	34.74094
우리그릇상사	shop	127.72941	34.74124
우리낚시슈퍼	shop	127.63190	34.62400
우리네식당	food	127.73706	34.73943
우리농산물	shop	127.65469	34.76557
우리돈가	food	127.65738	34.75771
우리동네	stay	127.55528	34.59144
우리동네	food	127.65186	34.76053
우리동네과일	shop	127.67756	34.74704
우리동네맛집	food	127.72588	34.73393
우리동네삼합	food	127.68034	34.73861
우리동네치킨	food	127.72045	34.74324
우리두리	bar	127.71595	34.75720
우리들단란주점	bar	127.74226	34.74455
우리들마차	food	127.69408	34.75401
우리들쌈밥집	food	127.64762	34.77383
우리들약국	shop	127.63791	34.76478
우리떡집	food	127.72825	34.74173
우리로또복권방	activity	127.65179	34.77280
우리마차	food	127.65548	34.74899
우리마트	shop	127.73765	34.73961
우리마트	shop	127.74506	34.74430
우리마트	shop	127.73974	34.74364
우리맛식품	shop	127.73230	34.73567
우리바다민박	stay	127.63177	34.62384
우리바다수산	shop	127.72495	34.73122
우리슈퍼	shop	127.29507	34.05356
우리슈퍼	shop	127.69274	34.74895
우리스포츠센터	activity	127.66333	34.76474
우리식당	food	127.76810	34.50853
우리식당	food	127.71789	34.73260
우리식당	food	127.70749	34.75456
우리식탁율촌	shop	127.58063	34.88322
우리약국	shop	127.66973	34.75880
우리집굴비	shop	127.65499	34.74756
우리집식당	food	127.63906	34.77313
우리집식당	food	127.74402	34.74754
우리집오리	food	127.71978	34.73263
우리집오리	food	127.64652	34.77321
우리집오리돌산점	food	127.74906	34.72098
우리집오리신기점	food	127.67508	34.76254
우리집참숯갈비	food	127.65498	34.74756
우리집참숯갈비	food	127.65790	34.75663
우리집참숯갈비소호점	food	127.65499	34.74756
우리집포차	food	127.74343	34.74552
우리찻집	bar	127.72862	34.74179
우리펜시	shop	127.71319	34.72718
우리할매떡볶이	food	127.70637	34.75405
우리할매떡볶이여수	food	127.65695	34.76128
우리형포차	food	127.74949	34.73653
우림에프앤씨	shop	127.71148	34.75874
우먼아울렛	shop	127.70453	34.76463
우미쇼핑	shop	127.67735	34.76229
우사골설렁탕	food	127.70967	34.75377
우사골설렁탕	food	127.65550	34.75437
우사골설렁탕웅천점	food	127.67653	34.74837
우산양산할인판매점	shop	127.72830	34.74251
우성당	shop	127.73183	34.73928
우솔	shop	127.73047	34.74271
우스	cafe	127.65286	34.76681
우스브런치웅천점	food	127.68205	34.74866
우실바다팬션민박	stay	127.76972	34.51122
우엉김밥	food	127.72820	34.74140
우와산장	food	127.71799	34.73859
우이동멸치국수	food	127.65029	34.77706
우정교육	shop	127.70929	34.75189
우정민박	stay	127.30525	34.02589
우정소갈비여수웅천점	food	127.67667	34.74707
우정수퍼	shop	127.30525	34.02589
우정식당	food	127.67246	34.76033
우정식당통닭	food	127.69256	34.75415
우정실내마차	bar	127.75639	34.71888
우정이네김밥	food	127.66309	34.76859
우주	food	127.66637	34.75783
우주모바일	shop	127.70974	34.75787
우주약국	shop	127.68042	34.74796
우주호떡	food	127.69975	34.74650
우즈벡금	food	127.70529	34.77010
우진	shop	127.73850	34.73250
우진	food	127.73158	34.73954
우진보리밥	food	127.65483	34.75387
우진상사	shop	127.65506	34.74725
우진수산	shop	127.73706	34.73943
우쿠야여수여서점	food	127.70623	34.75396
욱일	bar	127.74239	34.74585
운화보석	shop	127.65827	34.76684
울랄라펜션	stay	127.73330	34.65853
울엄니식당	food	127.67083	34.75844
울엄마밥상	food	127.74489	34.73908
울엄마밥상	food	127.71834	34.73021
웅동민박	stay	127.61531	34.71151
웅비참살이주	shop	127.66966	34.75984
웅이네뷔페	food	127.64515	34.82666
웅천	food	127.68093	34.74845
웅천광장	food	127.67547	34.74015
웅천국밥	food	127.67469	34.74840
웅천국밥맛집	food	127.68257	34.74858
웅천부영마트	shop	127.68693	34.74488
웅천부일식당	food	127.67473	34.74742
웅천설빙	cafe	127.67151	34.74646
웅천숯불갈비	food	127.68320	34.74803
웅천식육식당	food	127.68093	34.74845
웅천온누리약국	shop	127.67067	34.74693
웅천조립식건축	shop	127.67418	34.75886
웅천족발	food	127.67587	34.74880
웅천참숯갈비	food	127.67846	34.74905
웅천참옻닭	food	127.68436	34.74910
웅천초밥	food	127.67908	34.74846
웅천친수공원	nature	127.66939	34.74608
웅천트리마제벨마레관리단대표회의	shop	127.67509	34.74374
웅천퍼스트시티	stay	127.67596	34.74206
웅천포차	food	127.68034	34.73861
웅천해변숯불갈비	food	127.67642	34.73936
웅천횟집	food	127.67242	34.74624
웅토스트	food	127.70840	34.76735
워너비	bar	127.66380	34.75947
워크업여수여서점	shop	127.70605	34.75394
원	stay	127.72453	34.71782
원광건강원	shop	127.72962	34.74180
원금당	shop	127.73119	34.74239
원두막	food	127.70327	34.75283
원두유	cafe	127.72746	34.74000
원두하우스	stay	127.65481	34.75347
원마트플러스내정육코너	shop	127.70399	34.74857
원명가	food	127.64365	34.78168
원무인텔	stay	127.66558	34.75696
원미유	food	127.66245	34.76559
원미정	food	127.66023	34.76555
원비노	bar	127.67569	34.74535
원스탑마트	shop	127.72542	34.73477
원스톱무역	shop	127.72405	34.73116
원시카멜리아문	shop	127.73538	34.74140
원식당	food	127.63253	34.79433
원식당	food	127.76974	34.50855
원앙사	shop	127.72862	34.74179
원앙식당	food	127.73308	34.73963
원앙식당집	food	127.72862	34.74179
원오에이시스템	shop	127.70747	34.76589
원조굴구이	food	127.77210	34.69621
원조김치사랑	shop	127.73119	34.73840
원조김치사랑분점	shop	127.73114	34.73810
원조마포소금구이	food	127.67272	34.74611
원조아꾸가든	food	127.73347	34.74076
원조여수서대회	food	127.74613	34.72100
원조죽림왕족발	food	127.63780	34.76349
원조황소식당	food	127.72010	34.73415
원진상회	shop	127.31065	34.02591
원진식당	food	127.65134	34.77295
원패션	shop	127.72862	34.74179
원포오션마트	shop	127.62231	34.65816
원플라워	shop	127.72885	34.74098
원피스노래타운	bar	127.72379	34.73438
원할머니보쌈	food	127.66542	34.75672
원할머니보쌈여서점	food	127.70147	34.75207
월남면반	food	127.66000	34.75739
월내선착장	nature	127.72051	34.85642
월드노래연습장	activity	127.65133	34.77280
월드다실，월드여인숙	cafe	127.73069	34.73929
월드소주코너	bar	127.73069	34.73929
월드스카이	shop	127.70689	34.76265
월드시스템	shop	127.70281	34.77285
월드컵여수여천순천	shop	127.73256	34.74059
월드파크모텔	stay	127.72455	34.73191
월드포스조회기	shop	127.67637	34.76418
월드프라이즈	shop	127.70406	34.75401
월드플라워	shop	127.67500	34.75902
월매민박	stay	127.53958	34.60860
월산리베이커리카페	cafe	127.57237	34.88255
월성	food	127.65302	34.77188
월성식당	food	127.70974	34.75787
월세계	cafe	127.73539	34.74035
월순네밥상	food	127.55626	34.82419
월전민박	stay	127.77786	34.71219
월전상회	shop	127.73627	34.57894
월전선착장	nature	127.73656	34.57773
월정	shop	127.78645	34.64131
월하	bar	127.66518	34.75945
월호	shop	127.69709	34.72622
월호슈퍼	shop	127.72274	34.57528
월화	food	127.65208	34.74458
웡김밥	food	127.70718	34.75383
웨스트	shop	127.73434	34.74139
웨스트우드	shop	127.67045	34.76179
웨스트우드	shop	127.73501	34.74161
웨스트인	stay	127.64943	34.77739
웨이드	shop	127.66977	34.76524
웨이브	food	127.64986	34.77659
웨이트	stay	127.66381	34.75802
웰메이드	shop	127.73451	34.74144
웰빙아울렛	shop	127.66712	34.76292
웰빙엄마분식	food	127.73913	34.74141
웰스테이	stay	127.75761	34.70289
위너	bar	127.66397	34.75796
위드마이케이크	food	127.67432	34.75623
위드유	cafe	127.80124	34.59666
위쉬리스트	shop	127.63544	34.76363
위위	shop	127.66912	34.75922
위위하우스	food	127.64991	34.75844
위크	cafe	127.64414	34.77217
위하여	bar	127.65124	34.76052
윔블던테니스샵	shop	127.65618	34.76225
유군초밥	food	127.67480	34.76262
유기농스킨케어	shop	127.65980	34.76525
유나	bar	127.66318	34.75808
유나네분식	food	127.70987	34.75809
유니드베이커리	food	127.69723	34.74966
유니쿠니	shop	127.66884	34.76085
유로당구클럽	activity	127.70634	34.75362
유로통신	shop	127.70889	34.77157
유리달	shop	127.65457	34.77048
유명건어물	shop	127.72862	34.74179
유명낚시	shop	127.65201	34.76123
유명떡방앗간	food	127.70018	34.74760
유명떡집	food	127.73169	34.73837
유명약국	shop	127.73131	34.74047
유명횟집	food	127.71554	34.72759
유미수산	shop	127.67472	34.74209
유미패션	shop	127.73256	34.74059
유미핸즈	shop	127.73848	34.74114
유민상사	shop	127.74490	34.75281
유성	bar	127.73498	34.73936
유성모텔	stay	127.73507	34.73953
유성묵은지등뼈	shop	127.73698	34.73981
유성민골프아카데미	activity	127.69980	34.75037
유성회관	bar	127.73342	34.73991
유솔	shop	127.73273	34.74097
유스티나	shop	127.66395	34.76378
유승푸드	shop	127.74682	34.72336
유신해물칼국수	food	127.65854	34.76077
유심천온천리조트내여자사우나매점	shop	127.64146	34.74791
유씨네기정떡	food	127.67231	34.76487
유앤미	bar	127.73369	34.74050
유어문	cafe	127.69407	34.76859
유어스	shop	127.66954	34.76180
유엔마크사	shop	127.73625	34.74084
유월드게임랜드	activity	127.64146	34.74791
유월애케이크	food	127.69588	34.75454
유인스커피	cafe	127.73642	34.75347
유인스커피여수웅천점	shop	127.67001	34.74654
유잇	cafe	127.67505	34.75192
유잇카페	food	127.63595	34.76116
유자가든	food	127.74592	34.77366
유자상회	shop	127.77460	34.69708
유정	bar	127.73455	34.73987
유정해장국	food	127.73589	34.74072
유제	shop	127.67014	34.76148
유제스튜디오	shop	127.67014	34.76148
유진	bar	127.72734	34.73978
유진노래타운	bar	127.70277	34.75285
유진정보	shop	127.70549	34.75362
유쾌한건조	shop	127.65378	34.78924
유킹스파머시여수바다약국	shop	127.66549	34.76268
유킹스파머시조은약국	shop	127.72316	34.73109
유탑유블레스	stay	127.71890	34.72679
유토피스트	shop	127.67024	34.76387
유하	bar	127.66460	34.75790
유화식당	food	127.73373	34.73955
육교앞구멍가게	shop	127.67912	34.76438
육교호프	bar	127.72760	34.74119
육깝돈	food	127.65609	34.75376
육대장여수	food	127.70257	34.75308
육류관	food	127.71411	34.75795
육미고정육식당	food	127.74966	34.75825
육수당여수	food	127.66575	34.75885
육식사관학교신기점	food	127.66910	34.75853
육식사관학교여수여서점	food	127.71011	34.75139
육일식당	food	127.70253	34.76549
육장갈비	food	127.72339	34.73013
육전각	food	127.63891	34.76388
육즙여수	food	127.66581	34.75913
육지향	food	127.67001	34.74654
육칠이여수	food	127.67216	34.76098
육해공숙회천국	food	127.74966	34.75825
육해공주	bar	127.66635	34.75832
육회밤바다	food	127.70572	34.75410
육회왕자연어공주여수	food	127.65780	34.75756
윤가네선어	food	127.70840	34.75381
윤김밥	food	127.69899	34.75043
윤맛집	food	127.65567	34.75470
윤메디칼	shop	127.67477	34.76152
윤목공방	shop	127.62815	34.76173
윤수산	shop	127.72894	34.74126
윤순영패션	shop	127.73492	34.74161
윤슬케이크	cafe	127.67733	34.74902
윤심이네실비집	food	127.72132	34.73375
윤심이네실비집관문점	food	127.74025	34.74194
윤아슈퍼	shop	127.78793	34.60470
윤이텔레콤	shop	127.66056	34.76627
윤정여기가좋겠네	bar	127.67268	34.76023
윤춘심과자점	food	127.67493	34.76318
율과학상사	shop	127.69847	34.76957
율도	food	127.66036	34.75774
율림상회	shop	127.78754	34.60643
율마	shop	127.66884	34.76085
율촌꼬막수산	shop	127.55989	34.87464
율촌남원골추어탕	food	127.57308	34.88207
율촌담배	shop	127.57979	34.88125
율촌동산약국	shop	127.57865	34.88157
율촌떡방아간	food	127.57912	34.88269
율촌식당	food	127.58567	34.87314
율촌우리식당	food	127.57762	34.88454
율촌팥죽	food	127.57947	34.88248
율촌홈마트	shop	127.57173	34.88228
율푸드	food	127.70817	34.75263
으뜸플러스안경	shop	127.66690	34.75987
으미있는책방북카페	food	127.67468	34.76307
은갈치회무침	food	127.71258	34.73199
은노래타운	bar	127.66646	34.75799
은모래	cafe	127.73456	34.73996
은비네밥집	food	127.64333	34.77434
은빛물결회	food	127.70587	34.75418
은빛바다	food	127.75008	34.72014
은빛수산	shop	127.74168	34.72753
은서네고기집	food	127.74309	34.75329
은서네집밥	food	127.64026	34.77133
은성기업	shop	127.65603	34.74871
은수저	food	127.71608	34.75851
은아민박	stay	127.79476	34.63096
은영수산	shop	127.72896	34.75004
은쟁반식당여수	food	127.65274	34.77138
은전상회	shop	127.66092	34.76672
은진상회	shop	127.78045	34.64091
은하	shop	127.79333	34.66531
은하수	bar	127.66437	34.76368
은하수	food	127.73142	34.74232
은하수노래연습장	activity	127.67255	34.76090
은하제과	cafe	127.74177	34.74144
은하횟집	food	127.79336	34.66520
은현분식	food	127.69837	34.74781
은현수산	shop	127.66545	34.76374
은혜매점	shop	127.66598	34.76049
은혜상회	shop	127.79848	34.47782
은혜슈퍼	shop	127.76362	34.59385
은혜식당	food	127.73053	34.74082
은희수산	shop	127.73054	34.73844
을찌로국물떡볶이	food	127.71697	34.73002
을찌로떡볶이	food	127.67225	34.76000
음식천국	food	127.73173	34.74148
응응스크르여수신기점	food	127.67103	34.75740
응큼떡볶이	food	127.69402	34.75516
의류할인매장	shop	127.72977	34.74113
이가네손두부	food	127.72189	34.61678
이가네장어구이	food	127.67208	34.76178
이곳에	bar	127.67877	34.74818
이나	shop	127.67124	34.76389
이나닭강정여수여서점	food	127.69891	34.75400
이너리스플라워	shop	127.67231	34.74277
이노집	shop	127.73010	34.73799
이노티안경·렌즈아이	shop	127.66717	34.75874
이니스프리	shop	127.73277	34.74108
이니스프리롯데마트	shop	127.65148	34.77685
이다크로플	cafe	127.66850	34.75942
이다크로플	food	127.70783	34.75348
이대발의인생족발	food	127.66973	34.76355
이더	cafe	127.62261	34.68803
이도	food	127.64957	34.73967
이도팜앤카페	food	127.58590	34.76866
이동광	shop	127.63877	34.79208
이동수스포츠	shop	127.73453	34.74161
이동우패션	shop	127.73533	34.74131
이디야	cafe	127.66317	34.76545
이디야	cafe	127.75027	34.74386
이디야거북공원점	cafe	127.66599	34.76288
이디야신기점	cafe	127.67387	34.76166
이디야여수대	cafe	127.72440	34.73530
이디야여수여서	cafe	127.69991	34.74791
이디야여수여서점	cafe	127.70390	34.75275
이디야여수웅천웅동점	cafe	127.68436	34.74910
이디야여수원예농협하나로마트점	cafe	127.64893	34.77866
이디야여수주동	cafe	127.65413	34.78971
이디야커피	cafe	127.65321	34.74546
이디야커피여수	cafe	127.71890	34.72679
이디야커피여수	cafe	127.63915	34.76164
이디야커피여수도원점	cafe	127.65584	34.76591
이디야커피여수돌산우두리점	cafe	127.74577	34.71888
이디야커피여수문수하나로마트점	cafe	127.69315	34.75120
이디야커피여수봉계점	cafe	127.68958	34.78424
이디야커피여수선소점	cafe	127.65719	34.75659
이디야커피여수웅천디아일랜드점	cafe	127.67231	34.74277
이디야커피여수일출정점	cafe	127.75405	34.74038
이디야커피여수진남관점	cafe	127.73635	34.74107
이디야커피여수하나로마트죽림호수점	cafe	127.62713	34.75744
이디야커피여수향일암점	cafe	127.80430	34.59469
이디야화장점	cafe	127.64335	34.77234
이디피여천	shop	127.65695	34.76128
이레	food	127.56185	34.67098
이레	shop	127.74591	34.72529
이레식품	shop	127.64429	34.77799
이레식품상사	shop	127.72995	34.73923
이레패션	shop	127.72862	34.74179
이루다여수	stay	127.74064	34.74333
이리오소	food	127.64822	34.77410
이리오슈	food	127.70302	34.75068
이리온	shop	127.71098	34.75509
이마트약국	shop	127.71499	34.75792
이마트여수더몰점	shop	127.71499	34.75792
이마트제임스딘	shop	127.71499	34.75792
이매진	food	127.70892	34.72412
이모네김밥	food	127.72802	34.74072
이모네김밥	food	127.74413	34.75482
이모네죽	food	127.70844	34.76590
이모바일	shop	127.70809	34.75383
이모식당	food	127.66022	34.76021
이모야분식	food	127.71096	34.75750
이모찻집	cafe	127.73256	34.74059
이목슈퍼	shop	127.56312	34.67408
이미	cafe	127.70304	34.75383
이민관골프스쿨	activity	127.70075	34.76776
이민정의휴대폰이야기	shop	127.70648	34.75419
이바돔감자탕여수	food	127.66629	34.76037
이바돔감자탕여수여서점	food	127.70052	34.74954
이바우국밥웅천점	food	127.67216	34.74622
이불나라	shop	127.63379	34.76171
이불나라	shop	127.69858	34.74839
이브자리	shop	127.66333	34.76474
이쁜돼지	food	127.70293	34.75300
이쁜여우쏭	shop	127.70258	34.77245
이사벨	shop	127.70564	34.75201
이사부크루즈	activity	127.73698	34.72973
이삭맛김밥튀김	food	127.66237	34.76512
이삭정보	shop	127.70637	34.75405
이삭토스트	food	127.65517	34.76667
이삭토스트	food	127.73038	34.74073
이삭토스트	food	127.73498	34.74098
이삭토스트도원점	food	127.65624	34.76073
이삭토스트신기점	food	127.66968	34.76158
이삭토스트여수	food	127.63706	34.76557
이삭토스트여수대점	food	127.70176	34.77368
이삭토스트여수여서점	food	127.70543	34.75115
이새	shop	127.73514	34.74142
이석전기	shop	127.72839	34.75062
이순신갈비탕	food	127.70132	34.75140
이순신갈비탕	food	127.73504	34.74031
이순신광장	nature	127.73574	34.73990
이순신대교식당	food	127.71494	34.87993
이순신대교홍보관	heritage	127.70470	34.88924
이순신떡방앗간	food	127.66592	34.76349
이순신렌즈미	shop	127.66470	34.76086
이순신밥상	food	127.73124	34.73994
이순신버거앤비어	bar	127.73566	34.74028
이순신베이커리	cafe	127.73516	34.73986
이순신보청기	shop	127.67654	34.74746
이순신안경	shop	127.73126	34.74011
이순신안경렌즈미웅천점	shop	127.67654	34.74746
이순신의료기	shop	127.63686	34.76404
이순신포차	food	127.72884	34.74086
이순신황금족발	food	127.72899	34.74157
이순신횟집	food	127.73730	34.73168
이슈	shop	127.67173	34.76185
이스탄불케밥하우스	food	127.70222	34.77311
이안정보	shop	127.66224	34.76622
이안컴퓨터	shop	127.65574	34.76690
이앤테크	shop	127.67455	34.75771
이엘플러스	shop	127.65429	34.77395
이영이베이커리	food	127.62713	34.75744
이웃사촌	food	127.65735	34.75811
이웃집	food	127.74404	34.73861
이웃집잡화점	cafe	127.66950	34.76047
이웃집제과점빵	food	127.63893	34.76146
이원건강의료기	shop	127.72640	34.73994
이유	cafe	127.65984	34.75757
이유있는주막	food	127.70582	34.75455
이일이고기	food	127.67537	34.74143
이자와	food	127.67879	34.74871
이자카야미도리	food	127.67231	34.74277
이자카야서촌	food	127.67032	34.76085
이자카야시선여수	food	127.66611	34.75846
이자카야애	food	127.68034	34.73861
이정옥코스매턱화장품	shop	127.71963	34.73367
이조삼계탕	food	127.73009	34.74255
이지호프	bar	127.70587	34.75418
이차	food	127.65855	34.75710
이채영피부관리	shop	127.71302	34.72595
이충무공자당기거지	heritage	127.68397	34.74008
이층맥주	bar	127.67271	34.76086
이칠호프	bar	127.70783	34.75348
이코노수산	shop	127.66392	34.76396
이큐브	shop	127.73774	34.75434
이탈리안골프존	activity	127.64856	34.77563
이태리부대찌개여수	food	127.65972	34.76021
이태백	bar	127.73817	34.73800
이태원	bar	127.70010	34.75024
이팔청춘라이브	bar	127.66435	34.75951
이프	food	127.66507	34.75856
이헌영	shop	127.73551	34.74154
이화건강검진센터	shop	127.71055	34.75801
이화당	shop	127.58358	34.82585
이화루	food	127.75051	34.72221
이화수전통육개장	food	127.67204	34.75800
이화수전통육계장	food	127.70314	34.75235
이화식당	food	127.69824	34.74920
이화파크모텔	stay	127.58164	34.87505
이화호프	bar	127.66309	34.76859
인가배	food	127.71291	34.77207
인구커피	cafe	127.67852	34.74748
인두바이룸소주방	bar	127.66556	34.75871
인디안	shop	127.66564	34.76297
인사동액자	shop	127.73675	34.74053
인생갓김치	food	127.80198	34.59367
인생네컷커피숍	cafe	127.74133	34.73739
인생밥집	food	127.63772	34.77416
인생술집	bar	127.64918	34.77288
인생아구찜	food	127.65469	34.75890
인생역전	food	127.70552	34.75439
인생포차	food	127.69852	34.75037
인셀덤가연	shop	127.66923	34.75951
인셀덤죽림	shop	127.63853	34.76299
인셀덤코티지	shop	127.66890	34.75985
인셀덤힐링엔젤스	shop	127.64550	34.76144
인싸	shop	127.66944	34.76034
인싸이더	food	127.70517	34.75415
인쌩맥주	bar	127.69448	34.75403
인쌩맥주여수	bar	127.66664	34.75875
인쌩맥주여수여서점	bar	127.70561	34.75400
인앤오프	cafe	127.67948	34.74833
인약국	shop	127.66402	34.76585
인어공주	cafe	127.56448	34.72519
인연	food	127.66461	34.75891
인우통신	shop	127.67620	34.76398
인천미용상사	shop	127.73279	34.74138
인큐텐	shop	127.67009	34.76137
인큐텐유니크패밀리전남센터	shop	127.66337	34.78353
인터로드당구장	activity	127.70335	34.77019
인프라	shop	127.65020	34.77509
인피니티바	food	127.64333	34.73339
인형나라	shop	127.64575	34.77295
인형랜드	activity	127.70533	34.75347
일공공일안경여문점	shop	127.70017	34.74809
일공공일안경콘텍트	shop	127.71150	34.72596
일공일오	stay	127.73809	34.73986
일광	food	127.74351	34.75092
일등로또	activity	127.70178	34.75182
일등로또복권점	activity	127.70812	34.72423
일등반점	food	127.73401	34.82758
일등식당	food	127.64094	34.82048
일등식당	food	127.71595	34.75720
일등식당	food	127.30944	34.02775
일등자연몰	shop	127.73047	34.74271
일등축산	shop	127.63379	34.76171
일등통닭	bar	127.71603	34.75729
일레븐마트	shop	127.63978	34.77389
일레븐마트	shop	127.67345	34.76107
일레븐마트귀인점	shop	127.70950	34.76632
일레븐마트무선점	shop	127.63978	34.77389
일레븐마트선경점	shop	127.70186	34.77082
일레븐브릿지	shop	127.71668	34.75725
일루아	food	127.65549	34.75324
일루와드루와	bar	127.69257	34.75447
일류낚시	shop	127.69407	34.76982
일만족발	food	127.70867	34.75848
일미리금계찜닭	food	127.65550	34.75467
일미반점	food	127.72191	34.73238
일민수산	shop	127.67406	34.75766
일방통행	bar	127.70848	34.76755
일번지	food	127.72832	34.74075
일번지당구장	activity	127.64800	34.77636
일번지슈퍼	shop	127.73998	34.75054
일번지스넥	food	127.65617	34.76180
일번지식당민박	food	127.80300	34.48878
일번지약국	shop	127.72747	34.74075
일상의작은변화	stay	127.59104	34.75560
일성	food	127.72885	34.74317
일성건어	shop	127.73065	34.73825
일성정	food	127.64568	34.77310
일신고무	shop	127.73190	34.73843
일신산업	shop	127.61430	34.73520
일신정	food	127.64104	34.72786
일억	bar	127.72246	34.73324
일오삼낚시	shop	127.70967	34.77062
일오삼란제리	shop	127.72862	34.74179
일오삼식당	food	127.73477	34.73976
일오삼호	activity	127.72168	34.61513
일오오	cafe	127.54808	34.81041
일월바지락칼국수	food	127.66633	34.76061
일월산	bar	127.64573	34.77672
일월육일여수	bar	127.66554	34.75838
일월홍어촌	food	127.65679	34.75757
일이네고기집	food	127.70091	34.75157
일이삼수산	shop	127.73290	34.73683
일일수작여수	food	127.66596	34.75767
일조오리닭	food	127.64669	34.78005
일조오리탕	food	127.73343	34.74059
일진	activity	127.68802	34.76500
일칠오이	food	127.66329	34.75820
일품眞국수	food	127.70360	34.76978
일품갓우럭	food	127.66022	34.75759
일품대패	food	127.72305	34.73408
일품대패	food	127.64819	34.77494
일품대패	food	127.66507	34.75856
일품대패여서점	food	127.70100	34.75036
일품선어회	food	127.70261	34.77280
일품양평해장국	food	127.66516	34.75918
일품양평해장국무선점	food	127.63967	34.77111
일프로	bar	127.66693	34.75885
일프로	bar	127.75026	34.72007
일홍패션	shop	127.72862	34.74179
일흥상회	shop	127.73352	34.73944
임꺽정	food	127.70417	34.76945
임꺽정	food	127.72297	34.73636
임꺽정설렁탕	food	127.64971	34.74049
임마누엘민박	stay	127.62062	34.59487
임실치즈피자	food	127.70424	34.75404
임약국	shop	127.72064	34.73621
임영순금수강산사우나매점	shop	127.69143	34.75256
임정이꾸미는집	shop	127.67511	34.75884
임포마을	heritage	127.80060	34.60007
입술노래타운	bar	127.75105	34.71965
잇단케	cafe	127.65057	34.77663
잇댓쿠키	food	127.74330	34.74666
잇또잇또	shop	127.74413	34.75482
잇찌룸소주방	bar	127.64819	34.77494
잇츠그릭	cafe	127.63707	34.76296
잇텐스시	food	127.72121	34.73135
잇프레이러브	cafe	127.64681	34.76029
잉꼬패션	shop	127.73256	34.74059
잉어	shop	127.73407	34.74143
잎새	bar	127.75105	34.71965
자금성	food	127.65160	34.76052
자기야노래타운	bar	127.72539	34.73460
자니비어	bar	127.69900	34.75067
자담치킨	food	127.74413	34.75482
자담치킨	food	127.65624	34.76073
자담치킨돌산점	food	127.75299	34.71915
자담치킨미평점	food	127.68886	34.78666
자담치킨여수	food	127.63379	34.76171
자담치킨여수웅천점	food	127.67001	34.74943
자드니에	cafe	127.67714	34.74666
자라건강원	shop	127.57974	34.88041
자매네전집	bar	127.64835	34.77419
자매떡방앗간	food	127.65654	34.76283
자매분식	food	127.65942	34.76613
자매상회	food	127.72828	34.74192
자매식당	food	127.72806	34.74619
자매식당	food	127.71283	34.72528
자매식당산장어	food	127.71236	34.72528
자매콩물	cafe	127.73553	34.74103
자미온	shop	127.66362	34.76350
자미온	shop	127.73256	34.74059
자봉식당	food	127.73090	34.73840
자산공원	nature	127.75036	34.73905
자산마차	bar	127.74767	34.73739
자산슈퍼	shop	127.74713	34.74078
자산의다육여행	shop	127.58839	34.77086
자성화맛집코다리네	food	127.63690	34.79047
자연과건강	shop	127.69524	34.74891
자연꽃조경	shop	127.65001	34.77324
자연농원	food	127.64051	34.78946
자연담은	stay	127.76287	34.69837
자연드림여수	shop	127.66358	34.75911
자연마당	shop	127.67588	34.76369
자연민박	stay	127.73531	34.52634
자연민박	stay	127.71758	34.61905
자연산약초나라	shop	127.69877	34.74988
자연선어	food	127.71522	34.72874
자연식당	food	127.69882	34.75003
자연애마트주	shop	127.69250	34.78453
자연애횟집	food	127.56824	34.78815
자연약국	shop	127.66313	34.76589
자연의집	food	127.71675	34.72660
자연주의	shop	127.71499	34.75792
자연찬방	shop	127.70533	34.75139
자연하우스	shop	127.61805	34.76163
자유인노래타운	bar	127.70646	34.75369
자이언트	food	127.66269	34.75847
자이언트	bar	127.72369	34.73543
자이언트골프존	activity	127.65951	34.76401
자이언트피싱	shop	127.71081	34.72456
자이언트학동그늘집	food	127.65951	34.76401
자인	food	127.68506	34.74344
자전거	bar	127.72401	34.73462
자전거의류아울렛	shop	127.67283	34.76336
자전거이야기	shop	127.67444	34.74765
자쿠아	bar	127.64460	34.77596
작금민박	stay	127.76235	34.59381
작은갤러리	shop	127.63866	34.79310
작은공간	cafe	127.72871	34.74835
작은어촌	food	127.70244	34.75505
작은어촌바다장어	food	127.71957	34.72588
작은창큰풍경	shop	127.71163	34.75239
잔비어	bar	127.31065	34.02560
잔비어스채워라	bar	127.64809	34.77419
잔비워	bar	127.74596	34.71986
잔치네	food	127.73803	34.73812
잔치네포차	food	127.73178	34.73860
잔치떡집	food	127.73067	34.73831
잔치포차	bar	127.67767	34.76386
잘돼지	food	127.69363	34.78388
잠수기수협내선수품판매장	shop	127.71208	34.72471
잠수기장어탕식당	food	127.71281	34.72524
잠수기중매인１７호	shop	127.71208	34.72471
잠수기포차	bar	127.72382	34.73600
잠언의료기	shop	127.73126	34.74098
장가네국밥	food	127.65302	34.74556
장가네장어	food	127.68705	34.74818
장가네토종닭	food	127.62680	34.74003
장가닭강정	food	127.74597	34.73844
장강중화요리	food	127.64331	34.75845
장곤이네야채	shop	127.72998	34.74014
장군기사님식당	shop	127.60408	34.85027
장군도	nature	127.73595	34.73327
장군도만두	food	127.73636	34.74017
장군도요트마리나	activity	127.73708	34.73024
장군도호스텔	stay	127.73704	34.73124
장군도횟집	food	127.73704	34.73124
장군식당	food	127.60254	34.68769
장금이네국밥	food	127.64275	34.77270
장금이식당	food	127.74782	34.71723
장꼬방	bar	127.65017	34.76052
장꿩민박	stay	127.73533	34.52663
장난감할인마트여수	shop	127.69323	34.76841
장노래	bar	127.74135	34.74495
장독대	food	127.63168	34.79882
장독대	bar	127.65336	34.75483
장등슈퍼	shop	127.61367	34.64442
장등을밝히다	stay	127.61491	34.64414
장등해수욕장	beach	127.61041	34.64473
장모님동태탕전문	food	127.67046	34.76140
장미	bar	127.72374	34.73550
장미뜨개방	shop	127.67147	34.76189
장미상회	shop	127.75123	34.71700
장미슈퍼	shop	127.76730	34.50878
장미정원	stay	127.73841	34.74733
장복건설	shop	127.64741	34.77329
장볼래청과	shop	127.69977	34.74767
장봐주는미소마켓	shop	127.63814	34.77196
장산꽃농원	shop	127.66209	34.77494
장석례민박	stay	127.55494	34.59152
장성오리마을	food	127.65527	34.75388
장수갈비	food	127.31086	34.02578
장수건강원	shop	127.74101	34.74400
장수굴구이	food	127.63537	34.76220
장수모텔	stay	127.31086	34.02578
장수상회	shop	127.58110	34.65200
장수생즙건강원	shop	127.73036	34.73884
장수식당	food	127.74395	34.74583
장수식품서	shop	127.72850	34.74209
장수참옻닭	food	127.64697	34.77586
장쉐프포차	food	127.63814	34.76464
장안복집	food	127.65991	34.76052
장안선어마을	bar	127.70750	34.75230
장애인환경자립꿈터	shop	127.72968	34.82266
장원모민박	stay	127.55569	34.59073
장인닭갈비여수웅천점	food	127.67572	34.74047
장천학동지점주	shop	127.66056	34.76627
장촌마을	heritage	127.29524	34.05435
장촌타운	food	127.29284	34.05064
장충동왕족발보쌈	food	127.72686	34.75387
장터국밥	food	127.72149	34.61547
장터순대국감자탕	food	127.72427	34.73807
장터순대국감자탕	food	127.75627	34.71981
장터순대국감자탕무선점	food	127.64935	34.77608
장터식당	food	127.63266	34.79800
장터식품	shop	127.72149	34.61547
장판교	food	127.65276	34.74535
장흥식당	food	127.70043	34.74732
장흥한우정육식당	food	127.67526	34.75984
재근호	shop	127.67009	34.76137
재료에진심을담다	food	127.64189	34.77224
재료에진심을담다여서점	food	127.70706	34.75324
재영헬스클럽	activity	127.65531	34.75888
재원푸드	food	127.71499	34.75792
재이종합상사	shop	127.62138	34.81884
재재찻집	cafe	127.73256	34.74059
재즈인백스트릿	shop	127.66880	34.76138
재훈이네	food	127.74949	34.73653
재희패션	shop	127.66010	34.76668
잼아웃	food	127.66155	34.75868
잼플라워	shop	127.72153	34.72838
적금해리스	stay	127.51338	34.62905
전가복	food	127.67273	34.74629
전광사	food	127.74171	34.74403
전국낚시	shop	127.70488	34.72172
전남대안경원	shop	127.70854	34.76861
전남돌산여수하루쉼표오션뷰가족펜션	stay	127.74984	34.76049
전남동부도농선교회	shop	127.57703	34.76931
전남동부유통상사	shop	127.57703	34.76931
전남복지의료기	shop	127.72805	34.74413
전남에듀몰	shop	127.65429	34.77395
전남여수시민지역자활센터미태리여수웅천점	food	127.67690	34.73950
전남여수지역자활센터오백국수여수	food	127.66144	34.75978
전남여수지역자활센터오백국수여수여서점	food	127.70927	34.75386
전남우리약국	shop	127.65459	34.77036
전남제일약국	shop	127.66243	34.76535
전남종합상사	shop	127.69524	34.74891
전남패러	shop	127.66831	34.75877
전남할인마트	shop	127.59791	34.68631
전동릴수리점	shop	127.67459	34.75552
전라남도관광협회여수시지부사	shop	127.67060	34.76211
전라도고깃집여수	food	127.70512	34.75495
전망대	stay	127.78971	34.60924
전망좋은여수횟집	food	127.73910	34.73286
전명희	shop	127.72862	34.74234
전북잡화	shop	127.69797	34.72707
전설의여왕	food	127.67840	34.74003
전원사무용가구	shop	127.66967	34.76342
전원식당	food	127.66153	34.75885
전이랑막걸리	bar	127.74915	34.72053
전익을무렵	food	127.63592	34.76171
전일맥주	bar	127.64174	34.77219
전일약국	shop	127.70451	34.75426
전자담배라미야	shop	127.66859	34.76256
전자담배몰	shop	127.64257	34.77207
전자담배여수총판	shop	127.70854	34.75388
전자상거래	activity	127.65771	34.75716
전주돌솥밥	food	127.73418	34.73954
전주식당	food	127.75179	34.74207
전주식당	food	127.65654	34.76249
전주집	food	127.73176	34.73814
전주집	food	127.73020	34.74100
전주청과	shop	127.66495	34.76382
전주현대옥여수무선점	food	127.64881	34.77641
전주횟집	food	127.74449	34.77670
전진소방	shop	127.67120	34.76351
전통맏며느리식당	food	127.80092	34.59388
전통민속놀이한마당	activity	127.72793	34.74709
전통팥죽	food	127.70360	34.75289
전투전	food	127.75217	34.71918
전파사	shop	127.70035	34.74836
절구통	food	127.70010	34.75024
젊은날을위하여	food	127.71313	34.72885
정	stay	127.72866	34.74437
정가네밥상	food	127.74049	34.83055
정가네식당	food	127.70793	34.75174
정가네토종닭	food	127.56098	34.80447
정가주막	food	127.74402	34.75248
정거장	food	127.64990	34.75903
정겨운식당	food	127.71564	34.72627
정공상점	shop	127.67579	34.75013
정관장	shop	127.72862	34.74428
정관장	shop	127.73424	34.73993
정관장여서점	shop	127.70336	34.75246
정관장임대	shop	127.73424	34.73993
정관장홍삼여수	shop	127.66029	34.76625
정관장홍삼전남신기점	shop	127.67099	34.75839
정금스테이	stay	127.74593	34.74432
정남옥	food	127.75020	34.74360
정남토종닭가든	food	127.58978	34.68925
정남토종닭숯불구이	food	127.65608	34.75402
정다운상회	shop	127.56296	34.67417
정다운슈퍼	shop	127.72323	34.72022
정다운식당	food	127.76484	34.71112
정다운식당	food	127.64060	34.82172
정다운실내마차	bar	127.70194	34.77165
정다운에프앤비	shop	127.76523	34.71103
정다운푸드	food	127.72272	34.73189
정담	food	127.71028	34.72600
정담식당	food	127.70808	34.75156
정담은과일야채	shop	127.68391	34.74125
정담은국밥	food	127.64902	34.77307
정담은밥집	food	127.71801	34.75909
정담은약국	shop	127.70275	34.76706
정담정성담은	food	127.75622	34.71970
정담편백	food	127.66126	34.76061
정드림흑염소	food	127.70090	34.75252
정든슈퍼	shop	127.73426	34.52659
정뚱	food	127.67028	34.76120
정류소매점	shop	127.79158	34.63243
정류소매점민박	stay	127.79158	34.63243
정문슈퍼	shop	127.67636	34.76487
정미숙녀복패션	shop	127.72834	34.74279
정민통신	shop	127.70856	34.72456
정베이커리	food	127.70820	34.72466
정보당	shop	127.74047	34.74219
정성드림	food	127.70706	34.75324
정성떡집	food	127.73012	34.73884
정성마을	food	127.72692	34.75618
정성식당	food	127.64827	34.77665
정성집밥갈비	food	127.71184	34.75671
정수기종합	shop	127.67398	34.75674
정스	food	127.66850	34.75942
정식당	food	127.72364	34.73534
정심	food	127.70892	34.75378
정아패션	shop	127.72862	34.74179
정안카페	cafe	127.70922	34.76089
정우굴구이	food	127.77186	34.69605
정우씨푸드	food	127.74429	34.73883
정우통신	shop	127.73210	34.73943
정원마트	shop	127.70566	34.75192
정원속의휴식	stay	127.76275	34.72351
정원의휴식	stay	127.76264	34.72385
정원이예쁜단독주택	stay	127.65804	34.76368
정원축산	shop	127.74202	34.75487
정원한식뷔페	food	127.70969	34.77171
정은자종합피아노사	shop	127.67924	34.76390
정이든포차	bar	127.70722	34.77138
정이든해물	food	127.70571	34.77068
정이들면	bar	127.65075	34.74405
정이식당	food	127.70735	34.75378
정인성헬스	activity	127.80159	34.45231
정자네식당	bar	127.67346	34.76062
정진식품	shop	127.71281	34.72828
정진홈푸드여수	food	127.61399	34.84023
정치망더계동	shop	127.79349	34.66204
정통프라자주	shop	127.74075	34.74346
정현정육식당	food	127.72242	34.73216
정현카페	cafe	127.75009	34.71944
정현펜션	stay	127.75009	34.71944
정현횟집	food	127.79363	34.66534
정호마트	shop	127.71778	34.73462
정화당	cafe	127.70406	34.75401
정화마차	food	127.74564	34.73936
정화상회	shop	127.69909	34.78468
정화양념통닭	food	127.72211	34.61614
정희	food	127.67606	34.74706
제니스무인텔	stay	127.65039	34.77742
제니스토어	shop	127.72763	34.74283
제니패션	shop	127.67023	34.76182
제드	bar	127.67231	34.74277
제로스토어여수	shop	127.66717	34.75874
제백요트학교	activity	127.67051	34.74626
제시뉴욕	shop	127.65636	34.76135
제씨키친	food	127.64402	34.77358
제아푸드	food	127.72829	34.74233
제우스모텔	stay	127.72399	34.73261
제육대가	food	127.65545	34.76612
제육대가미평점	food	127.70226	34.77297
제이더블유건설여수지사	stay	127.75625	34.69895
제이델링	food	127.66491	34.76185
제이라인	shop	127.67042	34.75972
제이마트	shop	127.71917	34.73417
제이모바일	shop	127.66756	34.76284
제이모바일	shop	127.65581	34.76643
제이모텔	stay	127.64853	34.77611
제이모텔	stay	127.66498	34.76096
제이뮤직	bar	127.64995	34.77564
제이미	cafe	127.73125	34.74108
제이미모텔	stay	127.73125	34.74108
제이바디휘트니스	activity	127.69004	34.78430
제이블랑	shop	127.67600	34.74835
제이상사	shop	127.70918	34.77114
제이스크린골프	activity	127.65066	34.76121
제이슨커피하우스	cafe	127.69807	34.75470
제이씨비	shop	127.66931	34.76129
제이씨엘	stay	127.57258	34.77833
제이아트쥬얼리	shop	127.66188	34.76623
제이앤씨	food	127.65812	34.75722
제이앤제이	bar	127.66546	34.75903
제이에스에이치	food	127.74502	34.71886
제이엠베이킹	cafe	127.67150	34.76115
제이엠스포츠	shop	127.69096	34.75255
제이오빠	bar	127.66537	34.75847
제이제이	stay	127.76645	34.68099
제이케이공조	cafe	127.74419	34.77636
제이통신	shop	127.67980	34.74852
제이포차	food	127.74782	34.71723
제이푸드	food	127.66947	34.76294
제이푸드	food	127.65780	34.75756
제이플라워	shop	127.67094	34.76101
제이핏퍼스널트레이닝	activity	127.65922	34.76675
제이하우스	stay	127.73453	34.73939
제이하우스	stay	127.73175	34.73949
제이－스테이션	activity	127.70755	34.75522
제인하우스	shop	127.65252	34.75484
제일김치	shop	127.72843	34.74210
제일떡방앗간	food	127.66465	34.76419
제일떡방앗간	food	127.63238	34.78799
제일맛김	shop	127.72862	34.74179
제일민박	stay	127.80568	34.48771
제일분식	food	127.57916	34.88241
제일상사	shop	127.73015	34.73962
제일수산	shop	127.66465	34.76419
제일슈퍼	shop	127.72765	34.74483
제일식당	food	127.31047	34.02627
제일식당	food	127.63129	34.79741
제일실내마차	bar	127.65219	34.77295
제일야식	food	127.72099	34.73230
제일전자잡화	shop	127.72207	34.61536
제일정육식당	food	127.57865	34.88157
제일직물	shop	127.72862	34.74179
제일프라자	shop	127.66354	34.76597
제임스딘	shop	127.65148	34.77685
제제	shop	127.73256	34.74059
제주가든	food	127.65831	34.75706
제주꽃돼지	food	127.65691	34.75855
제주댁쉼터	shop	127.50363	34.75603
제주마을	food	127.64731	34.77567
제주마을	food	127.66511	34.76124
제주세호해장국	food	127.64377	34.77517
제주옥탑여수	food	127.66557	34.75749
제주집	shop	127.64377	34.77517
제주쾅쾅돈가스봉계점	food	127.69242	34.78427
제주흑돼지	food	127.69250	34.78453
제희식자재	shop	127.73051	34.73976
젠라이브	bar	127.64883	34.77592
젠틀브리즈	shop	127.74437	34.75355
조개까는세상	food	127.66622	34.75763
조개끝판왕	food	127.66537	34.75847
조개창꼬	food	127.72663	34.73462
조롱박	food	127.73333	34.74080
조림이랑매운탕이랑	food	127.74687	34.72305
조문규탁구클럽	activity	127.72738	34.74278
조박사소머리국밥	food	127.66333	34.76474
조발도	nature	127.55424	34.63907
조발리풀빌라	stay	127.55286	34.63753
조봉순암뽕순대국	food	127.70777	34.76570
조산식당	food	127.78052	34.64039
조선국밥	food	127.72199	34.73344
조선다방	cafe	127.71621	34.75783
조선다방	cafe	127.73374	34.82678
조선다방	cafe	127.74309	34.75329
조선다방	cafe	127.66416	34.76001
조선다방	cafe	127.63806	34.76495
조선다방	cafe	127.66073	34.79525
조선다방	cafe	127.71764	34.73087
조선다방돌산점	cafe	127.75541	34.71854
조선다방미평점	cafe	127.70958	34.77010
조선다방봉계점	cafe	127.69044	34.78383
조선마차	bar	127.72458	34.73229
조선제일국밥	food	127.73823	34.83263
조선제일국밥	food	127.63388	34.76217
조선제일국밥	food	127.74324	34.74408
조선제일국밥	food	127.63367	34.79135
조선제일뼈해장국	food	127.74343	34.74404
조선호랑이냉면여수	food	127.65925	34.76078
조선화로집여수	food	127.66410	34.76114
조아당구클럽	activity	127.66518	34.75945
조아미용재료할인매장	shop	127.65635	34.76336
조약돌가든	food	127.60478	34.79097
조은갈비	food	127.65544	34.76601
조은고기정육식당	food	127.63954	34.77102
조은고기할인매장	shop	127.63954	34.77102
조은민박	stay	127.80403	34.48734
조은소리독일보청기	shop	127.72843	34.74336
조은술친구	bar	127.64972	34.77354
조은식당	food	127.70442	34.76563
조은식당	food	127.56243	34.80142
조은안경	shop	127.65206	34.77639
조은정보통신	shop	127.70517	34.75455
조은텔레콤	shop	127.70304	34.77244
조은횟집	food	127.64819	34.77781
조이	shop	127.68542	34.75870
조이골프존	activity	127.69966	34.74966
조이공방	shop	127.64052	34.77238
조이너스	shop	127.66954	34.76180
조이너스	shop	127.73514	34.74142
조이락	shop	127.73150	34.74201
조이배드민턴	shop	127.67293	34.76355
조이스포츠	activity	127.68542	34.75870
조이인사이드	shop	127.75013	34.74397
조이커피	cafe	127.66947	34.80751
조이피싱	activity	127.67420	34.75999
조일리당구장	activity	127.70147	34.75207
조일식당	food	127.70137	34.75104
조커닭	food	127.70251	34.77262
조화리사랑방	shop	127.58000	34.88055
조화슈퍼	shop	127.57583	34.64201
족발슈퍼	food	127.63906	34.77313
족발슈퍼봉계점	food	127.69039	34.78469
족발의장인족장	food	127.74919	34.72091
족발자리	food	127.70906	34.76888
족팔계	food	127.70044	34.74807
존가네	food	127.66882	34.75933
존마틴버거	food	127.65967	34.75875
종가식당	food	127.59186	34.85965
종가집	shop	127.76473	34.59361
종고중학교구내매점	shop	127.73637	34.74436
종근당건강헬스벨스토리여수	shop	127.67045	34.75856
종로스탠드	bar	127.70533	34.75347
종애야놀자	food	127.64942	34.77310
종점모텔식당	food	127.79971	34.59879
종점모텔펜션	stay	127.79968	34.59875
종점민박	stay	127.56624	34.76315
종점슈퍼	shop	127.56624	34.76315
종점식당	food	127.56624	34.76315
종포수산	food	127.74133	34.73739
종합문구상사	shop	127.67560	34.76306
종합상사	shop	127.72838	34.74136
종합화장품	shop	127.72834	34.74279
종합화장품	shop	127.73256	34.74059
종화동다방	cafe	127.73537	34.73984
종화식당	food	127.74904	34.73657
좋은건어물	shop	127.71994	34.73487
좋은교육	shop	127.70018	34.75036
좋은나라	shop	127.70705	34.75449
좋은나라쇼핑	shop	127.70705	34.75449
좋은날	bar	127.70495	34.75444
좋은마차	food	127.65304	34.74607
좋은문구	shop	127.64662	34.77210
좋은사람들	shop	127.71004	34.75809
좋은선물	shop	127.66243	34.76535
좋은실내마차	bar	127.74212	34.74451
좋은친구	food	127.72130	34.73214
좌수영건강	shop	127.70516	34.75344
좌수영낚시	shop	127.72761	34.73972
좌수영다리	heritage	127.73725	34.74158
좌수영바게트버거	food	127.73671	34.74083
좌수영분식	food	127.65487	34.76626
좌수영약국	shop	127.70516	34.75344
좌수영요양병원매점	shop	127.66869	34.78379
죠지스시	food	127.64995	34.77564
주酒소	bar	127.66591	34.75928
주가네	bar	127.70049	34.74814
주강비철	shop	127.58107	34.78289
주공포차	food	127.71512	34.72868
주공할인마트	shop	127.70676	34.75181
주느다이닝	food	127.70490	34.76810
주니베베	shop	127.70954	34.75027
주당	food	127.66647	34.75901
주말의명화	cafe	127.63212	34.71757
주먹이	food	127.70845	34.76713
주몽막걸리	bar	127.72630	34.73894
주부떡집	food	127.72889	34.74158
주삼상회	shop	127.65623	34.78793
주상전하	food	127.69209	34.78449
주안상	bar	127.69004	34.78430
주안정보통신	shop	127.69974	34.76803
주연곱창	bar	127.70424	34.77077
주연참숯갈비	food	127.67198	34.76124
주은	food	127.57676	34.88463
주은미수산	shop	127.72495	34.73122
주인마당	food	127.67905	34.74207
주주총회	bar	127.70333	34.75274
주천건강원	shop	127.66427	34.78909
주하비어	bar	127.70159	34.77150
주희장어	food	127.67249	34.75980
주희침구	shop	127.73256	34.74059
죽림	activity	127.64846	34.76070
죽림국밥	food	127.63651	34.76582
죽림꼼장어	bar	127.63592	34.76186
죽림낚시	shop	127.64905	34.76116
죽림냉삼	food	127.63863	34.76469
죽림노래연습장	activity	127.63673	34.76389
죽림당구장	activity	127.63673	34.76389
죽림모텔	stay	127.62429	34.76058
죽림반장	food	127.63727	34.76252
죽림보양탕	food	127.63673	34.76295
죽림복권판매점	activity	127.63595	34.76116
죽림분식	food	127.63791	34.76478
죽림삼합	food	127.63929	34.76232
죽림술상	food	127.63896	34.76298
죽림스포니아	activity	127.63690	34.76339
죽림에서	bar	127.63831	34.76389
죽림전원가든	food	127.62385	34.76098
죽림정	food	127.62534	34.76091
죽림한우정육식당	food	127.63804	34.76213
죽림한우정육점	shop	127.63804	34.76213
죽림한잔	food	127.63605	34.76302
죽림해물전칼국수	food	127.63738	34.76414
죽림회포차	food	127.63616	34.76318
죽사랑	food	127.69884	34.74783
죽이야기	food	127.66385	34.76465
죽촌민박	stay	127.31504	34.04457
죽촌슈퍼	shop	127.31430	34.04462
죽향원민박	stay	127.77881	34.65005
준빌리아드클럽	activity	127.66582	34.75800
준스시	food	127.64675	34.77685
준스시마켓	shop	127.64675	34.77685
준스포츠종합체육사	shop	127.73442	34.74143
준정보통신	shop	127.67320	34.76159
준케어슬링운동센터	activity	127.70718	34.75383
줄리아나	bar	127.66575	34.75885
줄리아펜션	stay	127.78222	34.66884
줌	shop	127.75216	34.72170
중고사랑	shop	127.72548	34.75480
중고상품소매업	shop	127.66914	34.75978
중고휴대폰판매	shop	127.66977	34.76524
중국관	food	127.69838	34.74828
중국관	food	127.69039	34.78469
중독	food	127.65831	34.75706
중방슈퍼	shop	127.67397	34.75748
중보전기	shop	127.66317	34.77130
중앙	food	127.73374	34.73990
중앙기사식당	food	127.77134	34.65386
중앙기업	shop	127.64845	34.77857
중앙당구클럽	activity	127.67387	34.76110
중앙돈까스	food	127.71484	34.73036
중앙떡집	food	127.72862	34.74179
중앙마트	shop	127.57911	34.88214
중앙마트	shop	127.71589	34.73654
중앙생선	shop	127.66413	34.76426
중앙선어시장	shop	127.73703	34.73914
중앙쇼핑센터	shop	127.64953	34.77379
중앙수중개발	shop	127.72285	34.73741
중앙수퍼	shop	127.72863	34.74455
중앙슈퍼	shop	127.64682	34.75942
중앙슈퍼	shop	127.61398	34.70801
중앙시티당구장	activity	127.73256	34.74059
중앙식당	food	127.76700	34.50909
중앙식당	shop	127.62717	34.63787
중앙식품	shop	127.72170	34.61597
중앙아동복	shop	127.73256	34.74059
중앙여자고등학교매점	shop	127.73292	34.75308
중앙저울유리	shop	127.73297	34.73996
중앙체육사	shop	127.73615	34.74069
중앙팬션민박식당	food	127.66159	34.57137
중앙호스	shop	127.66930	34.80742
중학교	bar	127.70786	34.76696
중화복춘	food	127.73217	34.74047
중화요리박가네	food	127.65068	34.77549
중화요리셰프	food	127.71138	34.72582
중화요리예루	food	127.66410	34.76477
중화요리율촌	food	127.60297	34.89467
중흥현대튀김	food	127.66961	34.76465
쥬스	bar	127.74311	34.74735
쥬씨차얌여서점	cafe	127.70554	34.75319
쥬얼리모텔	stay	127.71656	34.75755
쥬청과여수	cafe	127.63803	34.76323
즉석떡볶이골땡	food	127.65569	34.76591
즐거운	activity	127.63954	34.77102
즐거운	bar	127.57929	34.88202
즐거운생활	food	127.74261	34.74699
즐거운심야식당	bar	127.66596	34.75767
지구상사	bar	127.66582	34.75800
지구오락실코인노래연습장	activity	127.74993	34.73689
지노목장	food	127.64899	34.77502
지노한우	food	127.65754	34.75715
지노한우노블	food	127.65799	34.75720
지느러미	food	127.73267	34.73942
지니	bar	127.70593	34.75386
지니통신	shop	127.72428	34.73824
지디호텔	stay	127.72469	34.73459
지뜨호스텔	stay	127.74993	34.73689
지리산건강원	shop	127.63051	34.79629
지리산산야초물산	shop	127.73191	34.73872
지리산산채정식	food	127.71770	34.72699
지리산생흑돼지	food	127.64669	34.77630
지리산한약방	shop	127.66049	34.76685
지리포차	bar	127.72240	34.73305
지민정보통신	shop	127.64989	34.77335
지방시	shop	127.72811	34.74110
지벤대진안전	shop	127.66245	34.76713
지비커피	cafe	127.67600	34.74923
지성이해물찜	food	127.65749	34.75808
지센여수여천	shop	127.67098	34.76168
지수네수선	shop	127.72862	34.74179
지스타일	shop	127.73206	34.74095
지애패션	shop	127.72862	34.74179
지에이치	stay	127.74912	34.73237
지오	food	127.70693	34.76349
지오지아	shop	127.73566	34.74152
지오클럽	activity	127.67322	34.74541
지온	shop	127.68886	34.78666
지와이엠승	activity	127.69994	34.74773
지우다그리다뷰티	shop	127.67036	34.75961
지웰당구클럽	activity	127.67067	34.74693
지은하다	shop	127.66869	34.76046
지중해	bar	127.72335	34.73107
지중해까페	food	127.73213	34.73986
지중해노래연습장	activity	127.73817	34.73800
지지전골마당	food	127.73179	34.74176
지코바	food	127.70541	34.76566
지코바	food	127.66882	34.75933
지현상회	shop	127.72907	34.74203
지혜포차	bar	127.63814	34.76464
지호한방삼계탕	food	127.64846	34.76070
지호한방삼계탕여수	food	127.71150	34.72596
지훈슈퍼	shop	127.72158	34.74299
직포비렁길민박	stay	127.74142	34.50815
직화구이바싹족발닭발보쌈	food	127.71614	34.72941
직화구이바싹족발닭발보쌈	food	127.70493	34.76841
직화볶음찜닭볶찜여수	food	127.65232	34.77280
직화볶음찜닭볶찜여수돌산점	food	127.74787	34.72152
진경그늘집	food	127.64835	34.77419
진교동찜닭여수신기점	food	127.66951	34.76125
진남게장	food	127.73352	34.74106
진남관	shop	127.73642	34.74107
진남관생선구이이순신	food	127.73468	34.74107
진남구판장	shop	127.72978	34.82394
진남냉열	shop	127.72265	34.73777
진남문예회관	heritage	127.72821	34.74681
진남반점	food	127.63386	34.79123
진남수영장내매점	shop	127.72032	34.76212
진남수영장매점아레나수영복	shop	127.72032	34.76212
진남시장	shop	127.66414	34.76426
진남식당	food	127.72807	34.74868
진남신발	shop	127.66413	34.76426
진남옥	food	127.73420	34.74056
진남유통	shop	127.72766	34.74200
진남의류	shop	127.66392	34.76396
진남종합가구할인매장	shop	127.73027	34.74146
진남종합화장품	shop	127.66395	34.76378
진남체육공원식당	food	127.71884	34.75986
진남축산유통정육점	shop	127.66435	34.76389
진남횟집	food	127.75076	34.71956
진남횟집돌물회하모샤브샤브	food	127.75076	34.71956
진달래	bar	127.72324	34.73215
진달래식당	food	127.73423	34.82787
진따거양꼬치	food	127.66538	34.75728
진로석수	shop	127.69175	34.75339
진리국밥여서점	food	127.70820	34.75142
진리국밥여수신기점	food	127.67046	34.76140
진마트	shop	127.69861	34.74815
진매점	shop	127.72985	34.74422
진모뼈해장국	food	127.75285	34.71657
진모식당	food	127.75784	34.70868
진미	food	127.31129	34.02593
진미	food	127.72862	34.74179
진미건어물	shop	127.72819	34.74134
진미꽃게탕	food	127.66022	34.76044
진미랑	food	127.65956	34.76729
진미맛김치	shop	127.72284	34.73640
진미반점	food	127.74368	34.74742
진미식당	food	127.57886	34.88241
진미회관	food	127.76132	34.70007
진복국밥	food	127.69884	34.75049
진복식당	food	127.73653	34.74036
진복회센타	food	127.69361	34.75393
진성횟집	food	127.74456	34.77611
진솔	food	127.58072	34.82776
진수성찬	food	127.64469	34.77276
진수식당	food	127.64375	34.77675
진숙이네	food	127.72882	34.74485
진식당	food	127.74640	34.71961
진아다방	cafe	127.73263	34.74001
진아식당	food	127.66216	34.76487
진영안감	shop	127.72980	34.74220
진영이네	shop	127.72307	34.71752
진영전기조명	shop	127.70473	34.75472
진영포차	food	127.74949	34.73653
진옥화장품	shop	127.70571	34.75159
진우슈퍼	shop	127.72231	34.74188
진이	shop	127.66462	34.57375
진이네	food	127.64349	34.77440
진이식당	bar	127.72374	34.74091
진이찬방	shop	127.63379	34.76171
진이찬방여수웅천점	shop	127.67509	34.74374
진작지민박	stay	127.79301	34.49218
진주	bar	127.66461	34.75891
진주보석원	shop	127.71791	34.73123
진짜고기집	food	127.70201	34.77177
진짜루	food	127.72046	34.61660
진짜루	food	127.68919	34.78645
진짜스크린골프	activity	127.69866	34.74895
진토스트	food	127.64681	34.76029
진통뼈사랑	food	127.72391	34.73522
진품도자기전시장	shop	127.71051	34.75854
진품우리집오리	food	127.65654	34.75848
진품우리집오리	food	127.69397	34.75449
진품우리집오리미평점	food	127.70513	34.76792
진품참옻닭	food	127.66021	34.75774
진프로피싱	shop	127.71434	34.72576
진한미	food	127.65378	34.78924
진한설렁탕	food	127.71184	34.75671
진현	shop	127.72980	34.74220
진희집	food	127.66473	34.76386
짐메카	activity	127.66861	34.76211
집	bar	127.65802	34.75704
집밥식사합시다	food	127.68966	34.78388
집아페	bar	127.71163	34.75239
징검다리호프	bar	127.63587	34.76337
짜잔	cafe	127.65021	34.75901
짜장천국	food	127.70559	34.75479
짝꿍	bar	127.73917	34.74265
짬뽕명가	food	127.63356	34.79137
짬뽕천국	food	127.65011	34.77724
짱가	bar	127.66422	34.75871
짱구게장	food	127.72389	34.74036
짱구김밥	food	127.69355	34.75481
짱구네국밥	food	127.63480	34.76350
짱구네농산	shop	127.65461	34.75067
짱구포차	food	127.70619	34.75354
짱노래연습장	activity	127.70798	34.76630
짱문구	shop	127.65094	34.76394
짱조아마차	food	127.74402	34.75248
짱짱차돌구이	food	127.64906	34.77572
짱탁구여수	activity	127.66667	34.75945
짱탁구장여수여서점	activity	127.70510	34.75296
째즈	shop	127.73219	34.74091
쪼끼쪼끼	bar	127.65942	34.76613
쪽빛바다	shop	127.80358	34.59481
쪽쪽갈비	food	127.66592	34.75847
쫑포금바우	food	127.73921	34.73780
쫑포노래연습장	activity	127.74835	34.73697
쫑포피자	food	127.70943	34.75791
쫑포홍카페	cafe	127.73800	34.73844
쭈쭈	shop	127.65537	34.75991
찐땡닭발	food	127.67641	34.76336
찐이야	bar	127.66489	34.75930
찜콩	food	127.70706	34.75324
차가네통큰해물삼합	food	127.64932	34.77534
차니네민박	stay	127.61204	34.70021
차달임	food	127.64390	34.75808
차룸	shop	127.72135	34.74205
차오르다	food	127.65704	34.75886
차이나부러	food	127.67745	34.74710
차이시앙	food	127.65623	34.75401
차이펀	food	127.65088	34.77645
차차브레드	food	127.66013	34.75812
착한마켓	shop	127.73193	34.73990
착한빵집	food	127.69228	34.75398
착한사랑가게	cafe	127.69837	34.74781
착한스마트샵	shop	127.69932	34.76771
착한암돼야지	food	127.71041	34.75744
착한쭝식여서점	food	127.70783	34.75028
찬미상회	shop	127.73290	34.73683
찬미패션	shop	127.72862	34.74179
찬욱상회	food	127.73176	34.73814
참고깃간	shop	127.65234	34.77646
참다랑어막주는집	food	127.65029	34.77706
참다랑어막주는집참치정육점	food	127.67051	34.74626
참다한홍삼여수	shop	127.66237	34.76512
참다한홍삼여수웅천점	shop	127.67804	34.74843
참된교육	shop	127.74280	34.74085
참맛있는족발	food	127.67364	34.75689
참맛죽	food	127.66384	34.76482
참바다	food	127.75456	34.71530
참바다웅천	food	127.67642	34.73936
참빛전기조명	shop	127.72771	34.74224
참사랑약국	shop	127.70063	34.74885
참새방앗간	food	127.69372	34.75472
참새와방앗간	food	127.71039	34.75755
참새제과	food	127.73563	34.74136
참숯고깃간	food	127.74540	34.75558
참숯닭발구이	food	127.64852	34.77638
참숯사랑	shop	127.63651	34.76361
참스푼	shop	127.72060	34.73052
참어묵참돈까스	food	127.72862	34.74179
참일능이	food	127.65944	34.76045
참일능이백숙	food	127.70910	34.75383
참정육점	shop	127.65620	34.76242
참조은화장품	shop	127.72812	34.74153
참좋은식당	food	127.74110	34.74288
참진식품	shop	127.59920	34.79296
참치라이더	food	127.66575	34.75885
참치마	food	127.70108	34.75063
참치스토리	food	127.67726	34.74655
참피온호	activity	127.72171	34.65092
참한우정육식당	food	127.64972	34.76071
창가애	shop	127.67255	34.76171
창대산업	shop	127.66911	34.76533
창명전기	shop	127.66012	34.76704
창무옻닭	food	127.61369	34.72965
창성약국	shop	127.66249	34.76362
창성엔지니어링	shop	127.71098	34.88714
창성청과	shop	127.72023	34.73265
창시옥해장국	food	127.69914	34.75022
창시옥해장국	food	127.66470	34.76086
창시옥해장국	food	127.67736	34.74719
창시옥해장국	food	127.63847	34.76447
창시옥해장국국동봉산동점	food	127.72099	34.72691
창시옥해장국돌산점	food	127.74980	34.72067
창시옥해장국미평점	food	127.69798	34.76947
창신식당	food	127.72899	34.74157
창원식당	food	127.73681	34.74074
창의력발전교육원	shop	127.63687	34.76562
채선당	food	127.65134	34.76123
채움	shop	127.73254	34.74167
채움뷰티	shop	127.71239	34.74914
처갓집	shop	127.80198	34.59367
처갓집	shop	127.80239	34.59386
처갓집소주방	bar	127.31072	34.02489
처갓집식당	food	127.80198	34.59367
처갓집양념치킨	food	127.71594	34.72926
처갓집양념치킨거문도점	food	127.31071	34.02597
처갓집양념치킨돌산점	food	127.74915	34.72053
처갓집양념치킨동정점	food	127.74201	34.74081
처갓집양념치킨무선점	food	127.64379	34.77409
처갓집양념치킨문수체인점	food	127.70323	34.75357
처갓집양념치킨신기점	food	127.67150	34.76137
처갓집양념치킨웅천점	food	127.68693	34.74488
천광상회	shop	127.73256	34.74059
천궁	bar	127.73091	34.74048
천궁	food	127.67827	34.74737
천궁	bar	127.66509	34.75904
천궁의료기오션힐점	shop	127.74639	34.71870
천금당	shop	127.66843	34.76223
천년맥주	bar	127.69870	34.74977
천년지가	food	127.65300	34.77156
천마건강원	shop	127.72557	34.73947
천마모텔	stay	127.76350	34.67452
천마산농수산물	shop	127.76357	34.67602
천복집흑염소여수	food	127.68581	34.82719
천사	shop	127.72862	34.74108
천사곱창여수여서점	food	127.69973	34.74672
천안문	food	127.74290	34.74642
천오상사	shop	127.70761	34.76624
천왕수산	shop	127.71770	34.62593
천일곱창	food	127.57324	34.88214
천일스크린골프	activity	127.65672	34.77715
천일식품	shop	127.73046	34.73851
천일축산유통	shop	127.72985	34.73923
천일침구사	shop	127.73256	34.74059
천일헬스케어	shop	127.73525	34.73978
천지모텔	stay	127.72424	34.73187
천지원양꼬치성	food	127.70489	34.75207
천하닭칼국수	food	127.74889	34.72311
천하명당	activity	127.67403	34.75720
천하일미손두부	shop	127.72854	34.74150
천호전자	shop	127.69826	34.74947
철이민박	stay	127.55498	34.59050
첨단부엌가구	shop	127.69722	34.74890
첨단산업	shop	127.64688	34.79362
청과슈퍼	shop	127.69506	34.76830
청년	shop	127.73256	34.74059
청년다방여수	food	127.66064	34.76091
청년다방여수여서점	food	127.70113	34.75174
청년상회	shop	127.63511	34.76441
청년상회	shop	127.65050	34.77759
청년피자여수	food	127.66925	34.76237
청담원	food	127.74443	34.72801
청담피자여수	food	127.63620	34.76191
청담피자웅천점	food	127.68333	34.73976
청도양꼬치	food	127.64906	34.77572
청마루	food	127.61361	34.70769
청매곰탕	food	127.64839	34.77830
청미	food	127.65525	34.75375
청미소주방	bar	127.73082	34.74104
청바지	bar	127.70086	34.75143
청불천막집포차여수	food	127.66659	34.75823
청산수산	shop	127.72365	34.73074
청설다례문화원	cafe	127.55717	34.84863
청솔국밥	food	127.74810	34.72275
청솔김밥	food	127.74988	34.72191
청솔다육	shop	127.74677	34.72232
청솔민박	stay	127.74140	34.50830
청솔분식이네	food	127.75553	34.71902
청솔불짬뽕	food	127.75435	34.71997
청솔선구점	shop	127.74918	34.71972
청솔약국	shop	127.75549	34.71864
청솔할인마트	shop	127.74885	34.72117
청수당여수	cafe	127.74032	34.73850
청수당한약방	shop	127.73337	34.74280
청실홍실	bar	127.73173	34.74074
청실홍실수예점	shop	127.72862	34.74179
청아유통	shop	127.66304	34.76700
청양	food	127.65867	34.75753
청우암소한마리	food	127.70460	34.77081
청우이안	shop	127.63365	34.80202
청운갈비	food	127.71522	34.72852
청원오리	food	127.73093	34.73913
청음악기	shop	127.67573	34.76313
청인식당	food	127.72146	34.73205
청자다방	cafe	127.70265	34.76760
청자다방여수	cafe	127.66380	34.75947
청정	shop	127.74564	34.74383
청정게장촌	food	127.72204	34.73310
청정게장촌푸드	food	127.72229	34.73294
청정선어마차	food	127.64960	34.76116
청정식품	shop	127.70186	34.77082
청죽	food	127.73803	34.73805
청진동해장국·감자탕	food	127.70336	34.77058
청춘꼬마김밥	food	127.71419	34.72861
청춘꼬마김밥웅천점	food	127.68700	34.74684
청춘당무선점	food	127.63967	34.77111
청춘대게	shop	127.66545	34.76374
청춘마차	food	127.74993	34.72060
청춘연가	food	127.66622	34.75892
청춘옥점구이백반	bar	127.72125	34.73205
청춘조개포차여수	food	127.74605	34.73821
청춘짜장	food	127.57940	34.88315
청춘짬뽕	food	127.74696	34.75083
청춘초밥	food	127.63785	34.76322
청풍명월한우명가	food	127.68820	34.78388
청하	food	127.65845	34.75780
청하노래타운	bar	127.72402	34.73268
청하대	food	127.70139	34.75088
청해	food	127.74431	34.73890
청해루	food	127.65410	34.75469
청해민박	stay	127.30522	34.02546
청해수산	shop	127.74331	34.74767
청해정보통신	shop	127.73256	34.74059
청해횟집	food	127.30522	34.02546
청홍펜션	stay	127.74684	34.73091
체리	cafe	127.72914	34.74259
체이스컬트	shop	127.65620	34.76242
첼로	bar	127.70113	34.75174
첼로	food	127.70078	34.74982
첼로노래연습장	activity	127.70113	34.75174
첼시노래단란주점	bar	127.69907	34.74996
첼시카운티스테이더딜라잇	stay	127.74966	34.75825
초가네장어구이	food	127.65759	34.74795
초가집	food	127.66720	34.76469
초남장어구이	food	127.72104	34.73207
초당갈비	food	127.72352	34.73477
초도음식문화체험관식도락	food	127.24624	34.23888
초록건강원	shop	127.65048	34.77400
초록대문	food	127.74177	34.74144
초록돼지집	food	127.67642	34.73936
초록마을	shop	127.63893	34.76451
초록마을	shop	127.67537	34.74143
초록마을여수	shop	127.65988	34.76599
초록식품	shop	127.53592	34.82948
초록유통	shop	127.64232	34.77502
초류향	food	127.73773	34.73952
초몽	shop	127.67509	34.74374
초밥싸롱	food	127.70972	34.75818
초밥처럼	food	127.70126	34.75071
초연	bar	127.72352	34.73477
초원복집	food	127.66991	34.75917
초원약국	shop	127.71791	34.73123
초원장	stay	127.72342	34.73509
초원참숯갈비	food	127.72189	34.73109
초이스	stay	127.74218	34.66270
초이스	bar	127.70458	34.75417
초이커피	cafe	127.70446	34.75544
초코파이	food	127.63831	34.76456
초콜릿호텔	stay	127.72509	34.73417
촉성루가든	food	127.55915	34.80541
촌닭본가	food	127.63592	34.76201
촌닭이두마리	food	127.74447	34.75531
촌닭이두마리	food	127.72762	34.74147
촌닭이두마리	food	127.74245	34.74704
촌닭이두마리무선점	food	127.63856	34.77295
촌닭이두마리오림점	food	127.71578	34.75669
촌댁맥주	bar	127.66516	34.75812
촌댁맥주무선	bar	127.64817	34.77431
촌댁본맥주여서점	bar	127.70504	34.75408
촌치킨두마리	food	127.74375	34.74735
총각	food	127.66123	34.76074
총각네축산	shop	127.67472	34.74209
최가네국밥	food	127.65654	34.76332
최고	bar	127.70419	34.75362
최고보청기	shop	127.73102	34.74004
최고성	food	127.72836	34.73900
최고식당	bar	127.69865	34.74795
최선備	food	127.63813	34.76423
추어랑동태랑	food	127.72836	34.74594
추어본가	food	127.61427	34.70817
추어본가	food	127.68172	34.74790
추어탕끓이는집	food	127.65088	34.77233
추어탕맛있는집	food	127.70995	34.72532
추억	bar	127.72353	34.73288
추억꺼리	food	127.67329	34.76067
추억나누기	food	127.65251	34.74493
추억에바다민박	stay	127.73078	34.54884
추억의낭만밤바다	bar	127.74949	34.73653
추적자낚시	shop	127.74554	34.72579
추카추카여수	shop	127.70395	34.76918
축산물도매센터	shop	127.73315	34.73998
축산이야기	food	127.66510	34.75693
축산조합정육자재	shop	127.70896	34.77023
춘심가맥	bar	127.63600	34.76330
춘자통닭	food	127.72862	34.74179
춘하추동	food	127.57895	34.88263
춘향골추어탕	food	127.71026	34.75745
춘향전	food	127.63544	34.76363
춘희네	food	127.69487	34.75479
춘희네	food	127.67309	34.76087
춤추는가라오케	bar	127.72422	34.73294
충무건강원	shop	127.72984	34.73994
충무김밥	food	127.73471	34.73979
충무로노래연습장	activity	127.73078	34.74216
충무로보석	shop	127.73124	34.74237
충무보리밥	food	127.73146	34.74263
충무새뜰협동조합	shop	127.72918	34.74918
충무새뜰협동조합충무지사	cafe	127.72922	34.74825
충무토스트	food	127.73074	34.74225
충무한과	food	127.73177	34.74161
충청도횟집	food	127.30934	34.02740
취해	food	127.65986	34.75742
취향	food	127.67363	34.76103
취향담	food	127.64384	34.75909
츄쿠츄	shop	127.68231	34.74733
치앙나이마트	shop	127.68079	34.78104
치어업	bar	127.70020	34.75049
치얼스	bar	127.65867	34.75713
치유의숲	stay	127.62870	34.84067
치즈실내복아동복	shop	127.69541	34.74888
치킨런	food	127.70061	34.74791
치킨마루	food	127.69242	34.78427
치킨마루무선	food	127.64526	34.77296
치킨먹고인생피자	food	127.64270	34.77251
치킨몬스터국동유탑점	food	127.71890	34.72679
치킨아이	food	127.65654	34.76249
치킨아이	food	127.69300	34.75466
치킨아이	food	127.63343	34.79150
치킨아이	food	127.71080	34.72666
치킨아이	food	127.73334	34.82666
치킨아이거문점	food	127.30934	34.02740
치킨아이둔덕점	food	127.68919	34.76598
치킨아이무선점	food	127.65302	34.77211
치킨아이소호점	food	127.65271	34.75468
치킨아이신기점	food	127.67223	34.75988
치킨아이율촌점	food	127.57873	34.88128
치킨플러스여수	food	127.64960	34.77317
치히로여수웅천점	food	127.67799	34.74723
칙바이칙여수웅천	food	127.67843	34.73944
친구네	food	127.72089	34.73544
친구네분식	food	127.72863	34.74149
친구네소주방	bar	127.71271	34.73395
친구랑	bar	127.67252	34.76047
친구야	bar	127.57910	34.88249
친구야	food	127.65240	34.74509
친구엄마	food	127.63441	34.76217
친구친구룸소주방	bar	127.70479	34.75360
친절민박	stay	127.74157	34.50997
친절한약국	shop	127.72730	34.74000
친친	food	127.74997	34.72139
친한친구	bar	127.71522	34.72874
친한친구	food	127.64846	34.77274
칠공주식당	food	127.73068	34.73914
칠링	shop	127.67001	34.75937
칠보당	shop	127.73465	34.74142
칠보마차	food	127.69410	34.75447
칠보와치	shop	127.73465	34.74142
칠복식당	food	127.66491	34.76185
칠색초칼국수	food	127.61908	34.76222
칠성포차	bar	127.75267	34.72210
칠오	food	127.65650	34.76180
칠우장어불고기	food	127.66889	34.80697
칠육곱창	food	127.75008	34.72014
칭구분식	food	127.66906	34.76025
카라노래타운	bar	127.72469	34.73459
카라모텔	stay	127.65068	34.77588
카르페디엠	stay	127.75960	34.59426
카리브	bar	127.65373	34.74527
카리브	bar	127.70342	34.75288
카멜리아	stay	127.74463	34.74873
카멜리아	cafe	127.73124	34.74048
카멜리아	stay	127.72551	34.63949
카멜리아문여수돌산점	shop	127.75730	34.70619
카사그란데	stay	127.63203	34.71108
카스	bar	127.67268	34.76023
카스톡스	bar	127.65894	34.75715
카오리	bar	127.70552	34.75439
카오마차	food	127.70054	34.75091
카이로봇과학	shop	127.67181	34.75811
카카오노래타운	bar	127.64895	34.77563
카카오룸소주방	bar	127.64895	34.77563
카틀레야	food	127.63591	34.76172
카파치가방	shop	127.73256	34.74059
카페	cafe	127.67853	34.76387
카페갤럭시	cafe	127.64100	34.79127
카페고와라	cafe	127.66936	34.75981
카페고운	food	127.73593	34.75348
카페공간	cafe	127.72131	34.74213
카페공간	food	127.66922	34.76108
카페그래	cafe	127.80383	34.59471
카페그모	cafe	127.68462	34.74931
카페금풍아	cafe	127.74133	34.50803
카페나무	cafe	127.75154	34.72227
카페네프	cafe	127.75062	34.74441
카페니드	cafe	127.59124	34.75126
카페다오실	cafe	127.65611	34.75862
카페달곰	cafe	127.68221	34.74743
카페달링	cafe	127.70315	34.75392
카페더섬	cafe	127.56271	34.63150
카페도담	cafe	127.61472	34.70830
카페동동	cafe	127.64367	34.72986
카페두언	food	127.54167	34.83711
카페드	cafe	127.73934	34.74137
카페드보나	cafe	127.65988	34.76599
카페드파리	cafe	127.66965	34.76049
카페드페소니아	cafe	127.75292	34.74029
카페띠아모여서점	cafe	127.70154	34.75110
카페라상떼	cafe	127.74329	34.74436
카페라앤비	cafe	127.64515	34.82666
카페라온피네	cafe	127.61477	34.64424
카페랄리벨라	cafe	127.66865	34.76267
카페로도울	cafe	127.67636	34.74730
카페로이	cafe	127.70410	34.77017
카페루앤비여수버스	cafe	127.71648	34.75829
카페메르브	cafe	127.73131	34.65748
카페메이	cafe	127.71061	34.75787
카페몬당	cafe	127.73964	34.73863
카페미향슈퍼	cafe	127.58031	34.68904
카페밀라노	cafe	127.70202	34.77136
카페바림	cafe	127.67779	34.74936
카페보아스	cafe	127.61658	34.64470
카페뷰	cafe	127.65635	34.75422
카페브라운	cafe	127.69462	34.75514
카페브라운바스켓	cafe	127.67231	34.74277
카페블루	cafe	127.70642	34.74909
카페빈	cafe	127.64146	34.74791
카페새로	cafe	127.63817	34.76325
카페서가인서가인커피	cafe	127.69895	34.75034
카페솜솜	cafe	127.65457	34.77048
카페스테이	cafe	127.74568	34.71926
카페시로	cafe	127.63508	34.62395
카페아너	cafe	127.70394	34.77113
카페아에	cafe	127.74696	34.75083
카페안포	cafe	127.63054	34.66181
카페엔	cafe	127.68573	34.82749
카페여수커피	cafe	127.65530	34.74724
카페예원	food	127.62713	34.75744
카페오	cafe	127.74541	34.72022
카페오느른	cafe	127.75300	34.71541
카페오름	cafe	127.65075	34.74405
카페오아	cafe	127.61652	34.64442
카페오포	cafe	127.74019	34.73957
카페요아정여수웅천점	cafe	127.67613	34.74826
카페우노	cafe	127.66684	34.76359
카페이끌다	cafe	127.73472	34.73940
카페이내	cafe	127.74088	34.73822
카페이루소	cafe	127.74508	34.77894
카페인	cafe	127.73578	34.74071
카페인시애틀	food	127.65490	34.74729
카페인시애틀	cafe	127.63321	34.79315
카페인시애틀봉계점	food	127.69250	34.78453
카페인시애틀어썸점	food	127.71239	34.74914
카페인시애틀여수여문점	food	127.70310	34.75424
카페인시애틀율촌점	cafe	127.57956	34.88205
카페인중독신기로제비앙점	cafe	127.67688	34.76296
카페작금베이크샵	food	127.74162	34.74525
카페죽림	cafe	127.63917	34.76437
카페쾌차	cafe	127.67477	34.76152
카페태백산맥	cafe	127.65756	34.74673
카페토브	cafe	127.69622	34.76815
카페트리커피나무	cafe	127.71990	34.73256
카페파스쿠찌	cafe	127.75003	34.74320
카페포갤러리	shop	127.74006	34.73895
카페프레	cafe	127.72260	34.73273
카페플럼	bar	127.77587	34.58910
카페플로우브릿지	cafe	127.63344	34.79441
카페하이	cafe	127.76907	34.71007
카페하이클래스	cafe	127.77893	34.69252
카페해	food	127.65427	34.75468
카페호이안	cafe	127.80465	34.59471
카페히호	cafe	127.65176	34.77612
카펠라커피숍	cafe	127.75995	34.70179
카펠라펜션	stay	127.75991	34.70187
카프아일랜드	cafe	127.74709	34.77254
카프아일랜드호스텔	stay	127.74709	34.77254
카할라	stay	127.75154	34.71764
칸	bar	127.66644	34.75852
칸게임장	activity	127.64881	34.77641
칸꼬시	bar	127.66740	34.75814
칸꼬시	bar	127.67414	34.76231
칸꼬시	bar	127.70131	34.75005
칸꼬시공화점	bar	127.74201	34.74462
칸꼬시남양점	bar	127.65217	34.77248
칸꼬시부영	bar	127.71024	34.75765
칸꼬시신기점	bar	127.67271	34.76086
칸꼬시연등동점	bar	127.72779	34.75444
칸꼬시현대점	bar	127.69976	34.74683
칸코시	bar	127.72625	34.73866
칸호프	bar	127.70496	34.75485
칼돈여수	food	127.66334	34.75746
칼디커피숍	cafe	127.71494	34.87993
칼라	bar	127.66497	34.75959
칼라패션	shop	127.72862	34.74179
캉골롯데	shop	127.72153	34.72838
캐나다멍빌리지애견카페	cafe	127.56033	34.80495
캐리어동여수센터	shop	127.69730	34.74911
캐리어여수여천총판	shop	127.67623	34.76433
캐리어여천냉동	shop	127.65319	34.78850
캐리어전남냉열	shop	127.67456	34.76300
캐스크앤뀌베	food	127.67688	34.76296
캘러웨이여수	shop	127.66537	34.76057
캘빈클라인언더웨어	shop	127.66622	34.75892
캠프라인	shop	127.73342	34.73991
캠핑독	shop	127.63360	34.80071
캡틴노래타운	bar	127.66554	34.75838
캣그램광주고양이분양	shop	127.67031	34.76007
커버박스여수	shop	127.66667	34.75945
커스텀정보기술	shop	127.75493	34.79518
커튼명가창·레노마홈	shop	127.70019	34.75185
커튼콜	bar	127.65812	34.75722
커피	cafe	127.73024	34.74159
커피끌림	cafe	127.76275	34.69854
커피나루민박	stay	127.56808	34.79058
커피나무숲	cafe	127.66992	34.75818
커피다시봄	cafe	127.57912	34.88290
커피를담다	cafe	127.75223	34.74154
커피리나	cafe	127.80028	34.59766
커피마마오림점	cafe	127.73216	34.76132
커피몰	cafe	127.73710	34.74056
커피베이무선점	cafe	127.64508	34.77810
커피별관	cafe	127.73976	34.74144
커피생각협동조합	shop	127.69335	34.74973
커피샵	cafe	127.70938	34.77160
커피수	cafe	127.65594	34.77722
커피수	bar	127.73171	34.74087
커피스토리	cafe	127.72763	34.74151
커피스토리첫번째이야기	cafe	127.73142	34.74158
커피앤토스트	food	127.74374	34.74828
커피에반하다여서점	cafe	127.70298	34.75341
커피에반하다여수봉계점	cafe	127.66434	34.78856
커피와빵	cafe	127.74899	34.72110
커피타임	cafe	127.74459	34.74727
커피팩토리	cafe	127.60297	34.89467
커피한잔	cafe	127.72261	34.72098
커피한잔	cafe	127.65221	34.77654
커피한잔무인카페	cafe	127.67290	34.76067
커피향	cafe	127.64660	34.77595
커피향이머무는곳	food	127.75084	34.72295
커피헨지	cafe	127.69974	34.74713
커피홀릭	cafe	127.66748	34.76246
컨트리맨즈여수웅천점	food	127.67001	34.74654
컬리수모이몰른	shop	127.73343	34.74121
컴포즈커피	cafe	127.74793	34.73723
컴포즈커피도원	cafe	127.65684	34.76074
컴포즈커피여수문수	cafe	127.69300	34.75466
컴포즈커피여수쌍봉	cafe	127.66245	34.76559
컴포즈커피여수여서점	cafe	127.70428	34.75250
컴포즈커피여수죽림	cafe	127.64037	34.76279
컴포즈커피웅천지웰점	cafe	127.67166	34.74749
컴퓨터뱅크	shop	127.66814	34.76589
컴퓨터천국	shop	127.66978	34.75956
컵넛여수학동	food	127.66523	34.75882
케이	shop	127.66318	34.75808
케이복권방	activity	127.70180	34.76698
케이부띠크호텔	stay	127.65012	34.77760
케이블카펜션	stay	127.74320	34.72881
케이블카편의점	shop	127.74304	34.72862
케이스크린골프	activity	127.64890	34.77733
케이스크린골프그늘집	food	127.64890	34.77733
케이에스플라워	shop	127.59136	34.85849
케이엔비당구	activity	127.75558	34.71873
케이엠글로벌	shop	127.65121	34.74605
케이와이식품	shop	127.66664	34.76439
케이제이모텔	stay	127.70330	34.75325
케이콩콩슬라임카페	food	127.63475	34.76400
케이키스트	food	127.74280	34.74617
케이키팩토리	food	127.69824	34.78519
케이파크	stay	127.76157	34.69973
케이푸드	food	127.70783	34.75348
케이푸드	food	127.63719	34.76750
케익하우스	food	127.65617	34.76180
케즈	shop	127.73354	34.74158
케키옹	cafe	127.64475	34.75939
코끼리노래타운	bar	127.72422	34.73294
코끼리약국	shop	127.67403	34.76095
코너	cafe	127.61388	34.70771
코다리하우스	food	127.67642	34.73936
코데즈컴바인	shop	127.73543	34.74153
코디하우스	activity	127.65681	34.75801
코뚜레정육	shop	127.67643	34.73969
코레일유통여수엑스포역	shop	127.74886	34.75311
코레일유통여천역	shop	127.66382	34.77926
코리아	bar	127.66534	34.75910
코리아세븐여수주	shop	127.66656	34.76024
코모도모텔	stay	127.70101	34.75107
코베라	shop	127.66119	34.76500
코사마트율촌점	shop	127.57856	34.88144
코스타리움	cafe	127.75575	34.70282
코스트노쉬	shop	127.74342	34.74766
코아마트왕식자재도매	shop	127.75033	34.72052
코아시피싱	shop	127.68361	34.74975
코아식자재마트	shop	127.69300	34.75466
코오롱스포츠	shop	127.66871	34.75914
코오롱스포츠중앙	shop	127.73426	34.74119
코이	cafe	127.73211	34.73967
코인싱어동전노래연습장	activity	127.66158	34.76673
코인호텔	stay	127.74383	34.74631
코지마안마의자총판안마박사	shop	127.69690	34.72757
코지커피하우스	cafe	127.70893	34.75108
코지호텔	stay	127.74542	34.72698
코추	food	127.65928	34.75683
코코넛레인	food	127.73432	34.74063
코코래빗	shop	127.65751	34.76695
코코래빗	shop	127.68034	34.73861
코코래빗	shop	127.74202	34.75487
코코마루	stay	127.73435	34.83372
코코샾	shop	127.65088	34.77233
코코야돈카츠	food	127.67572	34.74047
코코여수	shop	127.67457	34.76217
코코컴퍼니	shop	127.73442	34.74143
코쿤	cafe	127.70569	34.75327
코튼갤러리	shop	127.70564	34.75201
코티니	shop	127.66337	34.78353
콘서트	bar	127.66722	34.75899
콜노래타운	bar	127.64881	34.77641
콜핑	shop	127.73121	34.74074
콤비당구장	activity	127.69977	34.74767
콩불여수	food	127.73612	34.74090
콩사랑왕국	food	127.64998	34.77604
콩산소	food	127.66474	34.76495
콩산소	food	127.72229	34.73294
콩산소	food	127.70110	34.75162
콩새포차	bar	127.74787	34.72152
콩시루	food	127.70995	34.72532
콩시루	food	127.74277	34.74545
콩시루	food	127.63379	34.76171
콩시루	food	127.67194	34.75808
콩시루	food	127.73844	34.83178
콩시루돌산점	food	127.75773	34.70929
콩시루무선점	food	127.65457	34.77048
콩시루소호점	food	127.65382	34.74588
콩시루여서점	food	127.70363	34.75261
콩시루웅천점	food	127.67724	34.74893
콩쥐팥쥐	food	127.66906	34.76025
콩카페	cafe	127.70350	34.76946
콩콩하우스	stay	127.73147	34.74245
쾌걸호프	bar	127.72945	34.74084
쿠라멘	food	127.70548	34.75512
쿠마치킨	food	127.67231	34.74277
쿠시야끼	food	127.74131	34.74434
쿠시야끼	bar	127.73160	34.74203
쿠우쿠우	food	127.67001	34.74654
쿠잉	cafe	127.68130	34.75035
쿱스토어전남여수	shop	127.66358	34.75911
쿱스토어전남여수웅천점	shop	127.68464	34.74371
쿼드커피여수	cafe	127.66644	34.75852
쿼프	cafe	127.65217	34.75485
쿼프베이크샵	food	127.65217	34.75485
퀴즈노스해양공원점	food	127.74463	34.73881
퀸	bar	127.69858	34.74839
퀸노래타운	activity	127.70490	34.75401
퀸스트리트	cafe	127.73860	34.73762
퀸아트	shop	127.66842	34.76019
큐	bar	127.66464	34.75900
큐당구장	activity	127.65715	34.75748
큐마트	shop	127.65651	34.76195
큐마트덕충점	shop	127.73744	34.75368
큐마트로또덕충점	shop	127.73744	34.75368
큐마트복권	activity	127.65651	34.76195
큐브호스텔	stay	127.74607	34.73222
큐사랑여수	shop	127.65617	34.76180
큐사랑염색방	shop	127.65199	34.77382
큐사랑화장점	shop	127.64493	34.77571
큐알솔루션	shop	127.70311	34.75309
큐이디아카데미	activity	127.67537	34.74143
큐큐몰여수지사	shop	127.74950	34.72337
큐피트	bar	127.70604	34.75347
크라상점여서점	food	127.70623	34.75396
크라운닭발	food	127.70424	34.75404
크라운맥주	bar	127.70353	34.77059
크라운호프	bar	127.69410	34.75447
크라운호프꿈에	bar	127.67840	34.74003
크라운호프여수	bar	127.63928	34.76252
크라운호프여수	bar	127.66575	34.75885
크라운호프여수무선점	bar	127.64906	34.77664
크라운호프여수장성	bar	127.65616	34.75468
크래송	shop	127.73244	34.74105
크렘하우스	cafe	127.67307	34.75979
크로바모텔	stay	127.72539	34.73460
크로바커텐	shop	127.67492	34.75845
크로스핏도마	activity	127.69980	34.75037
크로스핏레인보우	activity	127.65660	34.76630
크로스핏여수	activity	127.66132	34.75895
크로커다일레이디	shop	127.73392	34.74108
크로커다일여수	shop	127.66881	34.76073
크로크다일	shop	127.65636	34.76135
크로하우스	cafe	127.64596	34.76141
크롬푸드	food	127.74057	34.74275
크리스탈	bar	127.70605	34.75394
크리스탈	bar	127.66851	34.76187
크리스탈모텔	stay	127.70410	34.75205
크림로즈	cafe	127.65469	34.77277
크앤비	shop	127.70718	34.75383
크크크	food	127.66656	34.76024
크크크여수옥수수떡빵	food	127.74461	34.74754
큰끝등대	heritage	127.80537	34.66081
큰사랑약국	shop	127.72810	34.74425
큰손닭강정여수	food	127.65999	34.76671
큰손마차	food	127.70091	34.75157
큰옷크레빅	shop	127.72753	34.74087
큰해물천지	food	127.66108	34.76037
클라우드	cafe	127.56843	34.72753
클래식모텔	stay	127.72330	34.73256
클레버포스정보	shop	127.70394	34.75393
클로버	shop	127.67046	34.76217
클로버통신	shop	127.69891	34.75400
클로블	shop	127.66875	34.76059
클리지	shop	127.70730	34.75421
키노스크린	activity	127.73262	34.74110
키노테크	shop	127.70051	34.77300
키스	bar	127.72351	34.73252
키스당구장	activity	127.70646	34.75369
키웨스트	stay	127.73950	34.73775
키웨스트엔터테인먼트	activity	127.73950	34.73775
키즈클럽	shop	127.72802	34.74087
키큰다락방	cafe	127.64745	34.77539
킥복싱	activity	127.67174	34.74647
킴스	bar	127.73426	34.74119
킴스안경	shop	127.67510	34.76327
킹노래연습장	activity	127.72871	34.74835
킹던	shop	127.67175	34.74625
킹덤노래타운	bar	127.64995	34.77672
킹덤모텔	stay	127.72336	34.73281
킹마트	shop	127.74837	34.71931
킹술마시는베트남노래방	bar	127.66637	34.75783
킹스맨	shop	127.68250	34.74886
킹스타피자	food	127.74102	34.74275
킹스타피자	food	127.75105	34.71965
킹짬뽕	food	127.70113	34.75174
킹콩부대찌개	food	127.71049	34.77152
킹콩부대찌개웅천점	food	127.68444	34.74304
킹콩짐	activity	127.74462	34.75316
킹호프	bar	127.65301	34.77144
타겟헌터해양공원점	activity	127.74133	34.73739
타라	shop	127.70556	34.75122
타르코니	cafe	127.69466	34.75002
타이거당구장	activity	127.70446	34.75336
타이거휘트니스	shop	127.71238	34.72663
타이테라피휴	shop	127.65283	34.77335
타이틀리스트	shop	127.66868	34.76104
타이티	bar	127.66471	34.75908
타이티디브이디영화관	activity	127.73273	34.74097
타임	bar	127.64869	34.77578
타임당구클럽	activity	127.70058	34.74832
타임락	shop	127.65303	34.77246
타코다옹	food	127.66831	34.75877
타타스베이글여수소호점	cafe	127.65365	34.74521
타파웨어	shop	127.67139	34.75847
타파하우스	stay	127.65439	34.75403
타포니민박	stay	127.78147	34.59041
탁사발두부공방여수	food	127.63500	34.76217
탄	bar	127.66518	34.75945
탄소중립녹색성장지원센터여수시지부	shop	127.69837	34.74781
탐라명품알뜰매장	shop	127.73065	34.74080
탐앤탐스	cafe	127.70549	34.75362
탐앤탐스르그랑블루리조트점	cafe	127.77775	34.68746
탐엔탐스민박	stay	127.73910	34.73290
탐하다	shop	127.74473	34.74516
탑모바일	shop	127.70798	34.76727
탑스크린골프	activity	127.66410	34.75759
탑앤탑	shop	127.65417	34.74647
탑앤탑미평지점	shop	127.70906	34.76841
탑텐키즈롯데몰	shop	127.72153	34.72838
탕탕탕	food	127.74699	34.74409
탕화쿵푸마라탕	food	127.66708	34.75856
탕화쿵푸마라탕여서점	food	127.70623	34.75396
탕화쿵푸마라탕웅천점	food	127.67001	34.74654
태공낚시	shop	127.76531	34.59347
태광전기상사	shop	127.65985	34.76127
태란펜션	stay	127.64039	34.61800
태란플라워샾	shop	127.62452	34.74913
태람숯소	food	127.71876	34.73226
태림상회	shop	127.62806	34.67295
태성유통	shop	127.65654	34.76270
태순이네	food	127.65509	34.75889
태신약국	shop	127.72755	34.74096
태양밧데리	shop	127.65450	34.77352
태양상사	shop	127.70466	34.77051
태양슈퍼	shop	127.72914	34.75370
태양이네민박	stay	127.31213	34.05027
태양전기조명	shop	127.72332	34.73583
태영고깃집	food	127.64882	34.77400
태왕포차	food	127.74383	34.74594
태종모텔	stay	127.66499	34.76507
태창상회	shop	127.73728	34.73927
태평모사	shop	127.73218	34.74052
태평양	shop	127.66413	34.76426
태평양	shop	127.71504	34.72604
태평양떡방앗간	food	127.75729	34.71784
태평양떡방앗간	food	127.72298	34.61625
태평양약국	shop	127.70403	34.75282
태평양횟집	food	127.63767	34.76251
태풍게임장	activity	127.64971	34.77578
태풍회선어	food	127.67239	34.76020
태홍식당	food	127.64515	34.82666
태화고깃간	shop	127.65126	34.77247
탠디여수	shop	127.72153	34.72838
탭에스프레소바	cafe	127.73441	34.74081
탱고노래연습장	activity	127.66216	34.76487
탱고노래타운	bar	127.70092	34.75087
탱고유흥주점	bar	127.70092	34.75087
터	bar	127.70311	34.75309
터미널분식	food	127.73208	34.73905
터미널뷔페	food	127.66244	34.79772
터미널식당	food	127.30934	34.02740
터미널휘트니스	activity	127.71540	34.75849
터진만두	food	127.64151	34.72833
터틀빈	cafe	127.65967	34.75854
터틀스테이	stay	127.66528	34.76112
텀브편의점	shop	127.64590	34.77317
텃골수육국밥	food	127.70801	34.75165
텃골포차식당	food	127.67493	34.76318
텃밭가든	food	127.62637	34.77902
테디베어	shop	127.73353	34.74086
테디베어스호스텔	stay	127.73723	34.74118
테디베어인형뽑기방	activity	127.64146	34.74791
테일러메이드여수	shop	127.66851	34.76187
테트리스찜닭	food	127.67804	34.74843
텐노쇼군여서점	bar	127.70496	34.75369
텐코인코인노래뮤비방여수	activity	127.66607	34.75920
텐텐유흥주점	bar	127.66644	34.75852
텐퍼센트커피	cafe	127.66708	34.75856
텐퍼센트커피여수웅천포레나점	cafe	127.68034	34.73861
텐프로	bar	127.66477	34.75916
토니모리	shop	127.73329	34.74126
토니모리여천신기점	shop	127.66837	34.75971
토니의카페	shop	127.67537	34.74143
토닥토닥	cafe	127.67187	34.75854
토닥토닥공방	shop	127.67413	34.75743
토담	food	127.75411	34.71965
토담민속주점	bar	127.70540	34.74987
토담촌	food	127.65243	34.77316
토리키즈풀빌라	stay	127.76414	34.69661
토마린	shop	127.69827	34.75049
토박이밥상	food	127.74662	34.71834
토박이보리밥	food	127.73011	34.73906
토방	food	127.70226	34.75540
토속마을	food	127.69881	34.76960
토스터리	food	127.74413	34.75482
토스트팡	food	127.66922	34.76108
토완도예	shop	127.71482	34.73864
토요낚시	shop	127.76235	34.59381
토이픽	activity	127.66818	34.75931
토종돼지국밥	food	127.67309	34.76087
토종돼지국밥	food	127.65345	34.77246
토지	food	127.70228	34.72384
토크박스바	bar	127.66694	34.75912
토탈리컴	shop	127.67126	34.76367
토탈시스템	shop	127.73011	34.74358
토토게임장	activity	127.70582	34.75374
토토로	shop	127.57769	34.88307
토토즐	bar	127.66647	34.75901
토토편의점	activity	127.69879	34.74941
토프레소여수무선점	cafe	127.64323	34.77226
톡톡월드	stay	127.76337	34.69775
톤토리	food	127.67255	34.76090
톱가수가요타운	bar	127.72319	34.73261
통나무민박	stay	127.58192	34.73941
통만두집	food	127.73529	34.74114
통뼈감자탕	food	127.69300	34.75466
통뼈감자탕무선점	food	127.64861	34.77465
통뼈사랑	food	127.72393	34.73517
통영	food	127.72419	34.77479
통제영	food	127.65865	34.75729
통큰가마솥치킨	food	127.69882	34.76723
통큰갈비탕	food	127.75498	34.71787
통큰대구막창	food	127.63956	34.76260
통큰마차	bar	127.67081	34.76130
통큰맛집	food	127.67234	34.76095
통큰샤브	food	127.66595	34.76033
통큰아구	food	127.65544	34.76623
통통바지락	food	127.65987	34.76069
퇴근길	bar	127.70798	34.76630
투게더	shop	127.72420	34.73488
투고	food	127.66430	34.76457
투다리	bar	127.74380	34.75269
투다리	bar	127.74250	34.74500
투다리	bar	127.71813	34.73236
투다리	bar	127.65455	34.75908
투다리	bar	127.66611	34.75846
투다리	bar	127.69310	34.75402
투다리	bar	127.65175	34.76073
투다리	bar	127.72360	34.73416
투다리	bar	127.70266	34.77255
투다리관문점	bar	127.74047	34.74219
투다리돌산점	bar	127.75639	34.71888
투다리무선성산공원점	bar	127.64335	34.77411
투다리선경점	bar	127.70386	34.77030
투다리신기점	bar	127.66901	34.75946
투다리여문문화길점	bar	127.70327	34.75283
투다리여서점	bar	127.70561	34.75400
투다리여수웅천포레나점	bar	127.67840	34.74003
투다리오림점	bar	127.71596	34.75706
투다리웅천점	bar	127.67170	34.74873
투다리웅천점	bar	127.67166	34.74749
투다리호수점	bar	127.64969	34.77306
투데이	bar	127.64692	34.77334
투데이	bar	127.67255	34.76090
투두리스트	shop	127.66876	34.75955
투모로	shop	127.66902	34.76066
투모아	bar	127.71881	34.73457
투모아	bar	127.69332	34.75423
투모아	bar	127.70812	34.72423
투모아	bar	127.70922	34.77040
투모아	bar	127.67271	34.76086
투모아	bar	127.63861	34.76537
투모아	bar	127.70582	34.75166
투모아구봉점	food	127.71116	34.72979
투모아귀인점	bar	127.70751	34.76602
투모아꼬치구이한려점	bar	127.68919	34.76598
투모아도원점	bar	127.65161	34.76073
투모아무선점	bar	127.65251	34.77279
투모아미평점	bar	127.70865	34.76892
투모아선경점	bar	127.70250	34.77149
투모아소호점	bar	127.65211	34.74563
투모아안산	bar	127.65508	34.76073
투모아우림필유점	food	127.67607	34.75920
투모아현대점	bar	127.69992	34.74717
투사랑	bar	127.65146	34.76075
투사랑	bar	127.65508	34.76073
투사랑	bar	127.70395	34.75435
투사랑	bar	127.65657	34.76399
투사랑	bar	127.63956	34.76362
투사랑무선	bar	127.65057	34.77730
투사랑무선점	bar	127.64942	34.77333
투사랑봉계점	bar	127.68975	34.78676
투사랑여서점	bar	127.70131	34.75005
투사랑오림점	bar	127.71596	34.75706
투셰프	food	127.66404	34.75942
투스파	food	127.70543	34.75115
투스파소호점	food	127.65243	34.74587
투스파신기점	bar	127.67225	34.76000
투싼	bar	127.71024	34.75765
투썸플레이스	cafe	127.66385	34.75711
투썸플레이스라	food	127.75682	34.70837
투썸플레이스성산공원점	cafe	127.64230	34.77418
투썸플레이스여수둔덕점	cafe	127.69577	34.78286
투썸플레이스여수루지파크점	cafe	127.64146	34.74791
투썸플레이스여수시청로점	cafe	127.66218	34.77236
투썸플레이스여수여서점	cafe	127.70604	34.75347
투썸플레이스여수웅천점	cafe	127.67151	34.74646
투썸플레이스여수웅천해변공원점	cafe	127.67642	34.73936
투썸플레이스여수한재	cafe	127.72776	34.74275
투썸플레이스여수해양공원점	cafe	127.74284	34.73756
투웨이브	food	127.66943	34.75933
투키드치킨	food	127.69702	34.74840
투투노래연습장	activity	127.66837	34.75971
툰즈	cafe	127.65581	34.76643
퉁발이민박	stay	127.80022	34.43197
튀밥집	shop	127.66794	34.76446
튀항아시아마트	food	127.72046	34.73252
트라이브	stay	127.74692	34.75547
트레몰로여수	shop	127.66470	34.76086
트렌드	shop	127.66946	34.76162
트롯트	bar	127.72451	34.73394
트윈스모텔	stay	127.70174	34.76807
튼튼슬링운동센타	activity	127.67694	34.75092
틈	food	127.63818	34.76347
틈	food	127.70383	34.77564
티각태각향일암점	shop	127.80126	34.59370
티나	shop	127.73047	34.74271
티나	shop	127.72862	34.74179
티라	cafe	127.56276	34.79720
티모텔	stay	127.73301	34.73983
티바두마리치킨	food	127.63687	34.76562
티볼리	stay	127.77638	34.67903
티뷰크공단유니폼	shop	127.66232	34.78339
티뷰크공단작업복	shop	127.66232	34.78339
티엔느	shop	127.66927	34.76187
티엠	food	127.70486	34.75275
티이엠	shop	127.64333	34.73339
티티노래타운	bar	127.66438	34.75767
티파니	shop	127.65618	34.76225
티파니	activity	127.65878	34.75729
파도소리	food	127.69848	34.75009
파도야노래뮤비방	activity	127.67217	34.75977
파도여수혼술바	food	127.73160	34.73996
파라곤풀빌라	stay	127.58773	34.71916
파라다이스노래연습장	activity	127.74622	34.71945
파라다이스스파호스텔	stay	127.74928	34.74338
파란	shop	127.70634	34.75362
파란만잔여수	cafe	127.66407	34.75991
파란카페앤호스텔	cafe	127.63849	34.73833
파랑갤러리	shop	127.63995	34.72492
파랑새	bar	127.70180	34.76698
파랑새약국	shop	127.74092	34.74220
파렌하이트	shop	127.73436	34.74159
파렛트	shop	127.63686	34.76404
파리바게뜨	food	127.66168	34.76623
파리바게뜨	food	127.73243	34.74130
파리바게뜨	food	127.71484	34.73036
파리바게뜨무선점	food	127.65057	34.77730
파리바게뜨소호점	food	127.65304	34.74533
파리바게뜨쌍봉점	food	127.65508	34.76073
파리바게뜨여수	food	127.63955	34.76295
파리바게뜨여수	food	127.73620	34.74074
파리바게뜨여수농협점	food	127.69315	34.75120
파리바게뜨여수신기점	food	127.67363	34.76103
파리바게뜨여수웅천부영	food	127.68700	34.74684
파리바게뜨웅천롯데	food	127.67843	34.73944
파리바게뜨웅천점	food	127.67166	34.74749
파리바게뜨전남	food	127.66843	34.75924
파리바게트	food	127.74309	34.75329
파리바게트여서점	food	127.70526	34.75304
파리바게트여수대점	food	127.70245	34.77122
파리바게트여수봉계점	food	127.69363	34.78388
파리바케뜨	food	127.69991	34.74791
파리지앵	shop	127.70916	34.76923
파리하우스	bar	127.74212	34.73756
파밀리에상가임대	shop	127.65942	34.76613
파밀리에축산	shop	127.65660	34.76630
파비온	cafe	127.75186	34.74581
파스쿠찌	cafe	127.70648	34.75419
파스쿠찌	cafe	127.73420	34.74056
파스쿠찌선소대교점	cafe	127.65759	34.74795
파스쿠찌여수웅천해변공원점	cafe	127.67716	34.73917
파스타스타	food	127.66113	34.76774
파스타일	food	127.70242	34.75306
파스텔	stay	127.78857	34.66371
파스텔	cafe	127.64586	34.77663
파운드미	food	127.73954	34.73853
파워헬스	activity	127.65171	34.76123
파워헬스	activity	127.69761	34.76958
파워헬스요가	activity	127.69798	34.76947
파이널나인	food	127.66575	34.75885
파인솔루션	shop	127.69773	34.74713
파인힐	bar	127.70406	34.76932
파주닭국수여수돌산점	food	127.71952	34.61939
파츠	shop	127.70533	34.75347
파츠	shop	127.65617	34.76180
파츠	shop	127.73208	34.74198
파쿠야	bar	127.66672	34.75787
파크랜드	shop	127.73348	34.74040
파크랜드	shop	127.66875	34.76001
파크랜드여수	shop	127.73184	34.74045
파크랜드전남	shop	127.66875	34.76001
파크모텔	stay	127.66456	34.76471
파크호프	bar	127.74124	34.74425
파트너식당	food	127.72107	34.85694
파티	bar	127.70277	34.75285
파티	stay	127.71511	34.75734
파파야	stay	127.72390	34.73215
파파존스	food	127.65695	34.76128
팍스웅천지점	shop	127.67893	34.74912
판다안경테	shop	127.73118	34.74048
판도라	bar	127.66546	34.75903
판도라클라스	bar	127.66664	34.75875
판도라클라스	bar	127.70443	34.75345
판도라클라스	bar	127.66694	34.75912
판도라클라스여수여서점	bar	127.70537	34.75431
판돌이김밥	food	127.65102	34.76121
판타	activity	127.61094	34.76173
판타스틱코인노래연습장	activity	127.63592	34.76156
판타지아트뮤지엄	activity	127.75292	34.74029
판타테니스	activity	127.61094	34.76173
팔계촌	food	127.73226	34.74154
팔구식당	food	127.63173	34.79822
팔남매식당	food	127.71564	34.72627
팔도모텔	stay	127.74138	34.74476
팔도미역	food	127.74542	34.72698
팔도수산	shop	127.72089	34.73544
팔도수산	shop	127.79615	34.60181
팔레트	shop	127.66884	34.76085
팔레트카페	cafe	127.75282	34.79506
팔레트펜션	stay	127.75282	34.79506
팔보반점	food	127.64883	34.77592
팔영산생갈비	food	127.69735	34.74892
팔영산수산	shop	127.73099	34.73810
팔팔이수산	food	127.70495	34.75444
팜트리펜션	stay	127.75791	34.72081
팜파스	shop	127.76409	34.71315
팝스토리	bar	127.70144	34.75151
팡세	bar	127.72396	34.73530
팡아이스크림	shop	127.71791	34.73123
팡팡게임장	activity	127.70354	34.77021
팡팡노래타운	bar	127.66530	34.75801
패밀리모텔	stay	127.31023	34.02564
패밀리캣	shop	127.65253	34.75469
패션테마파크낙원로가디스여수	shop	127.66661	34.76001
패션패밀리	shop	127.66244	34.76585
팬템	shop	127.73336	34.74124
퍼스터여수	shop	127.74312	34.75089
퍼스트	bar	127.66364	34.75811
퍼스트랜드	stay	127.67596	34.74206
퍼스트마린	activity	127.69757	34.72638
퍼스트숙박	stay	127.67596	34.74206
퍼스트에비뉴여수	shop	127.70288	34.77369
퍼주는총각네고깃간	shop	127.65843	34.76682
퍼즐	shop	127.66884	34.76019
펀코인노래연습장	activity	127.63852	34.77269
펀코인노래연습장	activity	127.70304	34.77244
펀코인노래연습장	activity	127.73246	34.74099
펑과자집	shop	127.72820	34.74196
페가소스요트투어	activity	127.67322	34.74541
페로	shop	127.66887	34.75910
페리카나치킨둔덕	food	127.69823	34.76912
페어라이어	shop	127.66887	34.75910
페이지	stay	127.63289	34.71144
페트라씨테크솔루션	shop	127.69690	34.72757
펜트리문구센터	cafe	127.78812	34.67014
펫마트여수	shop	127.66504	34.76072
펫마트여수여문점	shop	127.70491	34.75193
펫모어	shop	127.66856	34.76019
펫아울렛	shop	127.69691	34.76928
펭귄홈	shop	127.66413	34.76426
편백라이프	shop	127.65189	34.77624
편백하우스	stay	127.75211	34.72157
편안한약국	shop	127.66704	34.75929
편의점	shop	127.70479	34.75326
편의점	shop	127.67509	34.74374
편지게스트하우스	stay	127.73710	34.74056
평사유통	shop	127.73014	34.73933
평양보쌈왕족발	food	127.71396	34.72780
평양아로마	shop	127.66672	34.75839
평원가든	food	127.63954	34.79024
평지노래연습장	activity	127.70761	34.76624
평행선	bar	127.70336	34.75246
평화반점	food	127.72777	34.74239
평화조명	shop	127.70711	34.76310
평화집	cafe	127.74572	34.75329
평화테마촌	heritage	127.78734	34.60548
폐백이야기	food	127.73256	34.74059
포낙보청기여수센터	shop	127.73215	34.74041
포레스트갤러리	shop	127.78437	34.66802
포레스트마트	shop	127.68705	34.74818
포레스트특산품	shop	127.78437	34.66802
포레스트편의점	shop	127.78437	34.66802
포르르	stay	127.56452	34.72441
포린스테이풀빌라감성펜션	stay	127.77576	34.68187
포석정	food	127.75049	34.74373
포스테이	stay	127.76037	34.69886
포슬포슬꼬마김밥	food	127.70456	34.75476
포시즌모텔	stay	127.70728	34.75443
포시즌민박	stay	127.79502	34.49430
포시즌펜션	stay	127.79502	34.49430
포엘커피	cafe	127.64172	34.72806
포우머그	food	127.69436	34.75546
포워드메디호남지사	shop	127.63957	34.76188
포유	food	127.74714	34.74397
포유호스텔	stay	127.74721	34.74399
포인트	food	127.65679	34.75757
포차는여기야	food	127.66495	34.75845
포차야	food	127.69434	34.75494
포차처럼	food	127.64986	34.77659
포커스타디움	activity	127.66423	34.75708
포토플라워	shop	127.67600	34.74835
포포샌드	food	127.71805	34.72979
포포퍼피	shop	127.71872	34.73136
포플	shop	127.67484	34.75829
폰사랑	shop	127.71847	34.73279
폰스토리	shop	127.69954	34.74999
폰투스	cafe	127.75575	34.79647
폴랑	stay	127.59353	34.74996
폴링인블루펜션	stay	127.78173	34.66912
폴프랭크카페	food	127.74354	34.73759
폴햄	shop	127.65148	34.77685
폴햄키즈	shop	127.72153	34.72838
폿폿	food	127.67905	34.74207
퐁당코다리	food	127.63766	34.76298
표주박식당	food	127.70823	34.76869
푸드모바일	food	127.72445	34.73386
푸드뱅크	shop	127.58063	34.88322
푸드스토리	food	127.70867	34.75848
푸드앤	shop	127.72964	34.73956
푸드원	shop	127.65461	34.75067
푸드팩토리	food	127.66340	34.76666
푸디	cafe	127.74393	34.77620
푸디스트한국남동발전	food	127.69277	34.84041
푸디스트한화	food	127.69553	34.72860
푸라닭	food	127.70021	34.75108
푸라닭여수	food	127.66299	34.75818
푸라닭여수무선점	food	127.64540	34.77300
푸라닭여수웅천	food	127.67451	34.74824
푸르미공방	shop	127.70974	34.75787
푸른농장	shop	127.71251	34.73191
푸른농장정육식당	food	127.66335	34.76974
푸른당나귀	cafe	127.56686	34.67810
푸른마리나요트투어	activity	127.67322	34.74541
푸른바다	shop	127.64797	34.76025
푸른산업	stay	127.75186	34.74581
푸른상회	shop	127.63119	34.62246
푸른아이웨어여수메가박스점	shop	127.67893	34.74912
푸른약국	shop	127.66731	34.75915
푸른파도	stay	127.78671	34.60686
푸줏간고기도시락	food	127.65011	34.77315
푸줏간식당	food	127.67383	34.76071
풀꽃향기	food	127.64457	34.77547
풀빌라히노끼모이네펜션	stay	127.62723	34.67227
풀뿌리흑두부	food	127.55658	34.84919
풀섬이야기	shop	127.24624	34.23888
풀오브피어	stay	127.78265	34.66985
품격요리	food	127.70328	34.77271
품앗이	food	127.69242	34.78427
풋마트여수점주	shop	127.73191	34.74126
풍경민박펜션	stay	127.71241	34.80021
풍년곱창	food	127.70523	34.75501
풍년마차	food	127.74053	34.74390
풍년식당	food	127.63184	34.79785
풍년식당	food	127.72390	34.73110
풍미	food	127.67091	34.76149
풍미양꼬치	food	127.70477	34.75440
풍미정	food	127.64410	34.77340
풍미정	food	127.72515	34.73261
풍산식당	food	127.73486	34.73972
풍선	bar	127.66424	34.75985
풍성	food	127.73356	34.73964
풍성식당	food	127.72979	34.73981
풍성한우리농산물	shop	127.67204	34.75955
풍성횟집	food	127.76592	34.72514
풍악민속주점	food	127.73420	34.74056
풍차	bar	127.70257	34.75308
풍차노래연습장	activity	127.67214	34.75967
풍호양꼬치	food	127.68119	34.75042
퓨전중화포차	food	127.74951	34.72076
프라이빗	stay	127.75575	34.79647
프랑소아	cafe	127.57355	34.65052
프랑소아민박	stay	127.57355	34.65052
프랜드신기	food	127.67652	34.76357
프랜즈스크린묘도점	activity	127.70832	34.88421
프랭크버거	food	127.70257	34.77090
프랭크버거여서점	food	127.70336	34.75246
프랭크버거여수	food	127.65751	34.76695
프랭크버거여수웅천점	food	127.67537	34.74143
프랭크커핀바여수웅천점	cafe	127.67001	34.74654
프레드피자여수	food	127.65740	34.75751
프레드피자여수해양공원점	food	127.74481	34.74003
프렌드친구	bar	127.66364	34.75811
프렌즈스크린골프여수웅천점	activity	127.67047	34.74657
프렌즈스크린여수여서점	activity	127.70317	34.75271
프렌즈스크린여수주삼점	activity	127.65392	34.78944
프렌즈아카데미여수웅천점	activity	127.67509	34.74374
프로방스	stay	127.58513	34.74386
프로방스	shop	127.65794	34.76070
프로사운드	shop	127.69528	34.74944
프로스펙스	shop	127.66698	34.75984
프로제이	shop	127.65440	34.75349
프로탁구클럽	activity	127.65633	34.76375
프롤라돌산점	food	127.75660	34.72103
프롬갤러리펜션	stay	127.78322	34.66897
프룻데이	shop	127.63955	34.76245
프리미엄푸드마켓	shop	127.67482	34.76022
프린스모텔	stay	127.74145	34.74471
플라스틱아일랜드	shop	127.67113	34.76167
플라워다	shop	127.67197	34.75870
플라워랩스튜디오	shop	127.67905	34.74207
플라워카페청란	cafe	127.74250	34.74576
플라피	cafe	127.73817	34.73980
플랜디맨션	cafe	127.71093	34.75058
플랜비	cafe	127.72329	34.73430
플러스가구산업	shop	127.64300	34.77221
플러스마트	shop	127.70131	34.75005
플레이스토어	shop	127.74336	34.74871
플레이타임그룹메가박스웅천플레이타임	shop	127.67893	34.74912
플렉스룸소주방	bar	127.66465	34.75841
플렉스유흥	bar	127.66465	34.75841
플로라호스텔	stay	127.73393	34.77462
플로랄여수	shop	127.74507	34.75570
플로리다봉봉	stay	127.64102	34.61979
플로아	shop	127.63507	34.76414
플로우브릿지	shop	127.63344	34.79441
피규어썸	shop	127.70755	34.75522
피그레	cafe	127.64397	34.77366
피노	shop	127.76229	34.71109
피노키오공예방	shop	127.65197	34.77331
피노키오문구，완구	shop	127.63522	34.77480
피닉스	bar	127.70604	34.75347
피닉스	shop	127.58005	34.78955
피스테라	stay	127.53942	34.83380
피스톤스포츠	shop	127.66092	34.76672
피식	cafe	127.64797	34.77931
피씨앤피플	activity	127.65684	34.76074
피아노	bar	127.70311	34.75309
피어하우스	cafe	127.67272	34.74611
피에르몽펜션	stay	127.74072	34.66279
피에이티	shop	127.73212	34.74099
피에프리테일	shop	127.66248	34.76727
피엔이팡	food	127.62732	34.75660
피오르	cafe	127.73804	34.75189
피읖두채	stay	127.76451	34.71291
피자나라치킨공주	food	127.67569	34.74535
피자나라치킨공주무선점	food	127.64597	34.77304
피자나라치킨공주여수	food	127.72150	34.73124
피자나라치킨공주여수여서점	food	127.70533	34.75139
피자는치즈빨	food	127.65146	34.76075
피자마루여수돌산점	food	127.74937	34.72084
피자수퍼	food	127.65321	34.74546
피자스쿨	food	127.70253	34.77233
피자스쿨	food	127.63956	34.76362
피자스쿨	food	127.71484	34.73036
피자스쿨	food	127.73277	34.74086
피자스쿨	food	127.65635	34.76336
피자스쿨무선점	food	127.65113	34.77280
피자스쿨신기점	food	127.67362	34.76151
피자스쿨여수여문점	food	127.70104	34.75258
피자스쿨여수웅천점	food	127.68034	34.73861
피자알볼로	food	127.74903	34.74324
피자알볼로여수	food	127.65589	34.76616
피자와썹여수	food	127.66094	34.76094
피자팬다여수	food	127.70182	34.75234
피자프렌드	food	127.70281	34.77285
피제이피자	food	127.66110	34.76680
피지에이	activity	127.70464	34.75237
피치마켓	shop	127.63631	34.76465
피카소베이커리	food	127.74057	34.74275
피카커피하우스	cafe	127.73491	34.74080
피크닉	food	127.63671	34.76486
피타	cafe	127.73542	34.74057
피티앤바레	activity	127.65522	34.75350
피플	bar	127.70055	34.75009
피플	cafe	127.68152	34.75017
픽미픽미	shop	127.73593	34.75348
픽미픽미아이스	shop	127.65588	34.76603
픽미픽미아이스미평점	shop	127.70817	34.76683
픽미픽미아이스크림할인점	shop	127.70032	34.75244
핀피읖카페	cafe	127.76409	34.71315
필	bar	127.72297	34.73636
필당구장	activity	127.70593	34.75386
필립전기조명	shop	127.65465	34.77154
필스너하우스	bar	127.63929	34.76299
필스너하우스여수웅천점	bar	127.67509	34.74374
필재네칼국수	food	127.70144	34.77157
필카페	cafe	127.71899	34.76150
핑	shop	127.66488	34.76028
핑크가든	shop	127.66509	34.76586
핑크통신	shop	127.67602	34.76375
하나로샤브뷔페	food	127.62713	34.75744
하나로침구	shop	127.72904	34.74225
하나로한우	food	127.62713	34.75744
하나방침구	shop	127.72901	34.74163
하나식당	food	127.70749	34.75456
하나약국	shop	127.70693	34.76349
하나옛날통닭	bar	127.71024	34.75765
하나의류	shop	127.72894	34.74126
하나정보	shop	127.63522	34.77480
하나통신	shop	127.72815	34.74029
하나횟집	food	127.69997	34.74750
하누정	food	127.70235	34.75229
하눙이네	food	127.70399	34.74857
하늘	shop	127.69508	34.75526
하늘도소매	shop	127.73730	34.52584
하늘땅바다팬션민박	stay	127.62791	34.62150
하늘바다펜션민박	stay	127.79549	34.64275
하늘보라	stay	127.78305	34.66962
하늘소갈비여수	food	127.66556	34.75928
하늘수산	shop	127.72915	34.74225
하늘이네전	food	127.67277	34.76041
하늘정	food	127.64995	34.77255
하늘채한옥민박	stay	127.61034	34.75883
하늘천숯불갈비	food	127.65885	34.75680
하늘하우스	stay	127.74321	34.74713
하니노래타운	bar	127.72366	34.73483
하다홀	bar	127.74993	34.73689
하동상회	shop	127.73187	34.73928
하랑채펜션	stay	127.75453	34.55026
하롱	bar	127.72352	34.73477
하롱베이노래타운	bar	127.72352	34.73477
하루	shop	127.65452	34.76672
하루	food	127.74591	34.72014
하루끼	food	127.67642	34.73936
하루끼우동	food	127.69402	34.75516
하루리마켓	shop	127.55360	34.86861
하루애	bar	127.70569	34.75327
하루애	shop	127.65660	34.76630
하루종일	shop	127.74437	34.75355
하루커피	cafe	127.75732	34.70380
하림각모텔	stay	127.72211	34.75614
하림맥시칸	food	127.70798	34.76727
하림맥시칸	food	127.72191	34.73238
하림맥시칸여서점	food	127.70672	34.75096
하림맥시칸치킨무선점	food	127.64125	34.77432
하림수산	shop	127.73668	34.73922
하멜등대	heritage	127.74710	34.73640
하멜레저	shop	127.73286	34.73845
하멜샌드	food	127.74983	34.74416
하멜샌드이순신	food	127.73611	34.74099
하멜선어횟집	food	127.74592	34.72050
하멜전시관	heritage	127.74855	34.73691
하멜포차	food	127.74793	34.73723
하멜호스텔	stay	127.74418	34.73942
하모니	shop	127.66947	34.76114
하모니노래연습장	activity	127.65161	34.77248
하모니모텔	stay	127.72391	34.73314
하모니펜션	stay	127.74508	34.77894
하모니플라워	shop	127.67240	34.75785
하모샤브샤브여수맛집횟집	food	127.74314	34.73299
하모축제	food	127.70998	34.75057
하블리	shop	127.66943	34.75933
하얀정원	stay	127.78221	34.67013
하얀정원편의점	shop	127.78221	34.67013
하얀집	stay	127.30920	34.02777
하얀집	shop	127.73256	34.74059
하얀집	food	127.73186	34.72944
하얀집낙지	food	127.65481	34.75435
하얀파도	food	127.73747	34.73186
하예할인마트	shop	127.70699	34.77084
하온스테이	stay	127.62430	34.72876
하우스판촉	shop	127.66180	34.76547
하울	food	127.64419	34.75949
하울참옻닭	food	127.72648	34.73763
하울참옻닭	food	127.66745	34.76232
하월	stay	127.72146	34.64360
하이	shop	127.67509	34.74374
하이	bar	127.66539	34.75817
하이더원	food	127.65065	34.77584
하이더원호텔	stay	127.65065	34.77584
하이드어웨이	shop	127.73526	34.74091
하이락리조트	stay	127.76841	34.71028
하이마레	cafe	127.74236	34.73732
하이무인모텔	stay	127.69974	34.75011
하이베스트문구센터	shop	127.70775	34.75388
하이소	food	127.66915	34.76158
하이앤제이	stay	127.72288	34.73207
하이오	food	127.72145	34.73174
하이오웅천	cafe	127.67622	34.74044
하이오커피	cafe	127.70055	34.75224
하이오커피	cafe	127.70328	34.77271
하이오커피	cafe	127.63491	34.76421
하이오커피선소점	cafe	127.65781	34.75741
하이오커피여수	cafe	127.73318	34.74129
하이오커피여수	cafe	127.66074	34.76674
하이오커피여수	cafe	127.66731	34.75915
하이오커피여수신월국동항점	cafe	127.71188	34.72513
하이오커피여수여문점	cafe	127.69332	34.75423
하이오커피여수여서점	cafe	127.69707	34.74803
하이오커피여수오션힐점	cafe	127.74639	34.71870
하이오커피여수웅천점	cafe	127.67538	34.74844
하이오커피여수화산로점	cafe	127.65072	34.77679
하이츠떡방앗간	food	127.69401	34.76942
하이클래스	stay	127.77874	34.69284
하이클래스클리프	stay	127.77893	34.69251
하이키즈풀빌라	stay	127.76724	34.71056
하이포크여수	shop	127.65650	34.76180
하이포크정육식당	food	127.65650	34.76180
하카전자담배	shop	127.72382	34.73504
하코플라워	shop	127.63500	34.76217
하트노래연습장	activity	127.65158	34.74400
하트뽕	bar	127.64954	34.77632
하트시그널	bar	127.66531	34.75894
하하	shop	127.67000	34.76058
하하분식	food	127.69250	34.78453
하화낭만	stay	127.62046	34.59394
하화도꽃섬길식당민박	food	127.61989	34.59445
하화도꽃섬휴게소	shop	127.61907	34.59467
하화도마을회관	food	127.61931	34.59458
학돈	food	127.66514	34.75869
학동골목길	food	127.65987	34.76069
학동맛찬들왕소금구이	food	127.66538	34.75728
학동민박	stay	127.75736	34.50822
학동반점	food	127.65696	34.75725
학동복권나라	activity	127.66346	34.76357
학동브런치	food	127.66446	34.75973
학동소주집	bar	127.66582	34.75800
학동수산시장삼합	food	127.66443	34.75821
학동한접시쉼터	bar	127.75520	34.50542
학동해장국	food	127.66582	34.75800
학동햄버거	food	127.66556	34.75928
학사촌하숙	stay	127.70510	34.77197
학사컴퓨터	shop	127.67046	34.76217
학송한식당유미락	food	127.75003	34.74320
학창시절	food	127.72729	34.74146
한가네진땡이	food	127.64331	34.75845
한가람	bar	127.72428	34.73815
한가족약국	shop	127.70584	34.75333
한강라면	shop	127.66518	34.75945
한강마차	food	127.70311	34.75309
한결장례용품	shop	127.68809	34.78009
한국가나식당	food	127.70057	34.74969
한국가나식당무선점	food	127.65169	34.77601
한국공인금거래소	shop	127.73038	34.74073
한국공인금거래소여수	shop	127.66117	34.76097
한국관정육식당	shop	127.65426	34.75882
한국금거래소여수골드쉘	shop	127.66904	34.76190
한국도예	shop	127.69211	34.78337
한국맥도날드이마트	food	127.71499	34.75792
한국병원내매점	shop	127.67509	34.76124
한국생활예술연구회	shop	127.67597	34.76327
한국신체장애인복지회여수지부	shop	127.64258	34.77422
한국아로마교육원	shop	127.69707	34.74803
한국유통	shop	127.69489	34.75527
한국정보	shop	127.69489	34.75527
한국정수기	shop	127.72137	34.73681
한국창호	shop	127.69810	34.76967
한국특판기획	shop	127.70456	34.75476
한꾸네포차	food	127.72625	34.73476
한꾼에	food	127.72961	34.74093
한끼백반부페	food	127.64370	34.77693
한끼식탁	food	127.75534	34.71844
한나란제리	shop	127.73256	34.74059
한냉상사	shop	127.69242	34.76811
한담재	stay	127.63908	34.61901
한도초과	shop	127.70154	34.75110
한독안경원	shop	127.73110	34.74055
한뚝배기	food	127.67556	34.76375
한려건강원	shop	127.70226	34.75521
한려관광	bar	127.72269	34.73359
한려국밥	food	127.70002	34.74993
한려식당	food	127.73663	34.73995
한려오동도	stay	127.74701	34.73771
한려유통	shop	127.74297	34.74717
한려이엔지	shop	127.74133	34.74441
한려주점	bar	127.72353	34.73566
한려통신	shop	127.67588	34.76369
한려포차	food	127.68919	34.76598
한려푸드	food	127.67980	34.74807
한려햄버거	food	127.74285	34.74559
한루커피	cafe	127.66951	34.76125
한마음갓김치	shop	127.64751	34.77639
한마음분식	food	127.70032	34.75244
한마음슈퍼	shop	127.69908	34.76766
한번가보자	shop	127.23397	34.22931
한번먹고또다시	food	127.72357	34.73573
한번쯤실내마차	bar	127.74505	34.74743
한사발의꿈	food	127.67051	34.74626
한사발의꿈	food	127.73527	34.73935
한산토종닭집	food	127.71433	34.73790
한살림전남남부소비자생활협동조합여수매장	shop	127.69807	34.74888
한살림전남남부소비자생활협동조합여천매장	shop	127.66285	34.75769
한상차림	food	127.65144	34.79013
한샘리하우스여수미평	shop	127.70517	34.76420
한샘인테리어여수주	shop	127.70517	34.76420
한샘키친여천	shop	127.64365	34.78168
한샘키친자베스	shop	127.66049	34.76139
한성당한약국	shop	127.72955	34.74194
한성사	shop	127.73411	34.74035
한성스포츠	shop	127.67501	34.75865
한성에프아이	shop	127.66851	34.76187
한성유리	shop	127.70798	34.76630
한성푸드	food	127.70582	34.75455
한솔숯침대	shop	127.72275	34.73784
한솔여관	stay	127.80023	34.59781
한솔이벤트음향	shop	127.66897	34.76004
한솔잉크여수	shop	127.70104	34.75258
한솥	food	127.70250	34.75317
한솥도시락여수	food	127.63926	34.76426
한솥도시락여수	food	127.70222	34.77311
한솥여수	food	127.65956	34.76674
한솥여수도원점	food	127.65232	34.76121
한솥여수웅천지구점	food	127.67566	34.74865
한스밥	food	127.71490	34.75371
한승희뷰티	shop	127.67804	34.74843
한식율촌	food	127.60297	34.89467
한식의달인	food	127.65654	34.76332
한신우동	food	127.66615	34.75869
한신테크주	shop	127.64891	34.77317
한아름	shop	127.71163	34.75239
한아름마트	shop	127.74132	34.74182
한앤둘치킨	food	127.66299	34.75818
한양민속불기사	shop	127.73127	34.74244
한영슈퍼	shop	127.73333	34.52675
한영의료기	shop	127.72853	34.74389
한오백년추어탕여수돌산점	food	127.76229	34.71074
한옥호텔오동재전남개발공사	stay	127.74692	34.75547
한우나라숯불갈비	food	127.70969	34.75142
한우드림	activity	127.76696	34.66924
한우리	food	127.65237	34.76053
한우리주	shop	127.73125	34.74108
한우리푸드	food	127.67622	34.74044
한우만	food	127.66458	34.75813
한우명가	food	127.67416	34.74311
한우선	food	127.65535	34.74767
한우소머리국밥	food	127.66532	34.76226
한우의명가	food	127.71004	34.75750
한우잡는날	shop	127.73286	34.74000
한우잡는날	shop	127.66362	34.76350
한우정설렁탕돌솥전문	food	127.71039	34.75779
한우짬뽕국밥	food	127.64713	34.77601
한우한마리설렁탕	food	127.70067	34.74961
한우햄버거	food	127.72842	34.74330
한울종합상사	shop	127.64285	34.77489
한울타리	food	127.72351	34.73104
한일관	food	127.72605	34.73238
한일낚시	shop	127.74592	34.72050
한일상회	shop	127.73256	34.74059
한일소머리국밥정육식당	food	127.65548	34.74833
한일약국	shop	127.72659	34.74008
한일오토바이	shop	127.72709	34.73327
한일정	food	127.73176	34.73814
한일종합인테리어	shop	127.72759	34.75358
한일축산	shop	127.67022	34.76235
한잔바다	bar	127.30916	34.02765
한잔하자	bar	127.64505	34.77582
한잔해	food	127.70402	34.75438
한잔해포차	bar	127.70232	34.75225
한재쉼터	bar	127.71523	34.74585
한주식당	food	127.73250	34.73988
한주전자	bar	127.70304	34.77244
한줌	shop	127.73306	34.74087
한지방	shop	127.69925	34.75090
한지붕	food	127.66511	34.78764
한촌설렁탕여수	food	127.65972	34.79527
한큐당구클럽	activity	127.74236	34.74566
한파인트	food	127.74597	34.73844
한화호텔앤리조트여수벨메르	stay	127.67231	34.74277
할렐루야호떡	food	127.66738	34.76208
할리스커피여수웅천점	cafe	127.67195	34.74649
할매맛집	food	127.76871	34.50879
할매밥상	food	127.74263	34.73309
할매손곰탕	food	127.69588	34.74954
할매식당	food	127.61131	34.84037
함남면옥	food	127.73653	34.74008
함바이편한한식뷔페	food	127.67912	34.76438
함평한우생고기직판장	food	127.71003	34.75749
함흥면옥	food	127.66566	34.76280
핫바디점핑다이어트	activity	127.63592	34.76201
항구상회	food	127.73258	34.73630
항도회관	food	127.65545	34.74929
항도횟집	food	127.65437	34.74563
항상위하여	food	127.66537	34.75847
항아님생과방여수	shop	127.70923	34.75818
항아리숙성삼겹살하멜로점	food	127.74605	34.73821
항아리치킨상하이깐풍기	food	127.70761	34.76537
항아리통닭	food	127.80358	34.59481
해가람하우스펜션	stay	127.72163	34.64252
해공	bar	127.74191	34.73735
해궁	food	127.67387	34.74147
해남슈퍼	shop	127.74141	34.74123
해녀갯바구	food	127.75068	34.73649
해녀민박	stay	127.79983	34.43379
해녀밥상	food	127.73482	34.74102
해달마을해달상점	shop	127.67509	34.74374
해달별담	bar	127.67231	34.74277
해담구판장	shop	127.75717	34.66828
해담장어마을	food	127.66435	34.76389
해돋이펜션민박	stay	127.76143	34.53365
해동	food	127.64861	34.77465
해동선구점	shop	127.75594	34.71954
해뜨는바다	cafe	127.75904	34.70449
해뜨는산장	food	127.80336	34.59464
해뜨는집	stay	127.30718	34.02285
해뜨는집	shop	127.74440	34.77787
해뜨는집민박	stay	127.75537	34.54926
해뜨락펜션	stay	127.74662	34.71834
해뜰날	food	127.70008	34.74754
해뜰날	bar	127.65173	34.76053
해룡옥수수찐방	food	127.71061	34.75871
해리펜션	stay	127.78343	34.67004
해림민박	stay	127.75472	34.79368
해림푸드	shop	127.71381	34.72598
해말금막창	food	127.64934	34.77642
해말금막창	food	127.65684	34.76074
해맞이슈퍼	shop	127.80497	34.59471
해맞이펜션	stay	127.80489	34.59425
해물나라찜마을	food	127.71942	34.73272
해물아구촌	food	127.71542	34.75623
해물왕짬뽕	food	127.66483	34.76018
해미안경도	food	127.72397	34.72180
해밀턴모텔	stay	127.30982	34.02841
해바라기	food	127.72658	34.73380
해바라기	stay	127.77715	34.69455
해바라기	cafe	127.73126	34.74193
해바라기꽃집	shop	127.70194	34.76976
해바람	stay	127.78015	34.50392
해밤	food	127.70131	34.75005
해방곱창	food	127.64939	34.77388
해방곱창여문점	food	127.70062	34.75102
해변민박펜션	stay	127.74434	34.77736
해변수산	food	127.69315	34.75120
해변수퍼	shop	127.72264	34.61533
해변슈퍼	shop	127.78227	34.58951
해변슈퍼	shop	127.74547	34.77404
해변약국	shop	127.67663	34.74073
해변의집	food	127.74470	34.77794
해빛	shop	127.64333	34.73339
해빛공단마켓	shop	127.68556	34.82731
해빛편의점	shop	127.75060	34.71944
해빛편의점	shop	127.70273	34.75483
해사랑식당	food	127.72364	34.73534
해성식당	food	127.65759	34.74795
해성식당	food	127.67363	34.76005
해성유리	shop	127.64532	34.77282
해성호프	bar	127.64457	34.77547
해송상회	shop	127.76176	34.53598
해수바다식당	food	127.79408	34.49298
해수부실내포차	food	127.74309	34.75329
해수펜션	stay	127.79408	34.49298
해아란	shop	127.75464	34.79262
해안당	stay	127.73398	34.73941
해안식당여수웅천점	food	127.67642	34.73936
해양경찰교육원복지위원회	shop	127.75280	34.79617
해양산업안전기술원	shop	127.66465	34.76419
해양솔루션	shop	127.70960	34.75120
해양식당	food	127.73498	34.73976
해양식품	shop	127.73498	34.73976
해양전업사	shop	127.73200	34.73893
해양호스텔	stay	127.75282	34.79506
해오름	food	127.70509	34.72189
해오름	food	127.31125	34.02683
해오름선어	food	127.71877	34.73438
해오름펜션	stay	127.79169	34.62940
해오름포차	food	127.73264	34.73969
해와달	food	127.73682	34.73919
해와달	stay	127.80517	34.59469
해와달	food	127.73254	34.74167
해와달펜션	stay	127.58503	34.74466
해왕노래타운	bar	127.64934	34.77642
해왕횟집	food	127.78770	34.60841
해우가든	food	127.62078	34.77802
해원	food	127.64385	34.73010
해원푸드	shop	127.64333	34.73339
해인	food	127.62181	34.63871
해인	stay	127.56130	34.79505
해일	stay	127.63995	34.72492
해적선	bar	127.72181	34.72706
해지니네집	food	127.67801	34.74790
해질녘펜션	stay	127.71973	34.64573
해질무렵꽃술한잔	bar	127.64815	34.73942
해촌	food	127.65568	34.75422
해촌산장어숯불구이	food	127.73071	34.74322
해태기아플라워	shop	127.70188	34.77109
해태식당	food	127.73071	34.74174
해풍게장	food	127.67036	34.76166
해풍식당	food	127.67044	34.76160
해피데이민박	stay	127.74783	34.74394
해피롤올웨이즈	food	127.74389	34.74520
해피분식	food	127.64000	34.76444
해피아울렛	shop	127.66861	34.76211
해피안	shop	127.73122	34.74207
해피통신	shop	127.67045	34.76179
해호	shop	127.65759	34.74795
해화	food	127.74793	34.73723
햄버거하우스	food	127.69447	34.75479
햄토피아	food	127.69973	34.74672
햅삐	shop	127.67553	34.76237
햇빛건강원	shop	127.69455	34.74963
햇빛촌	food	127.67252	34.76047
햇빛촌식당	food	127.69853	34.74957
햇살분식	food	127.31124	34.02689
행복건강원	shop	127.73034	34.73891
행복농장	shop	127.60569	34.69329
행복누리	shop	127.65108	34.80086
행복분식	food	127.70559	34.75479
행복상점	shop	127.70839	34.76048
행복슈퍼	shop	127.74185	34.74001
행복식당	food	127.72862	34.74179
행복식탁	food	127.66093	34.76513
행복온누리약국	shop	127.65988	34.76626
행복을주는집	food	127.68556	34.82731
행복의류	shop	127.70360	34.75087
행복찻집	food	127.72862	34.74179
행복파스타	food	127.73539	34.74035
행복하우스	stay	127.73045	34.73964
행복한녹즙	shop	127.67445	34.75841
행복한도자기공방	shop	127.65508	34.76073
행복한빵집	food	127.75191	34.72228
행복한빵집	food	127.70413	34.77033
행복한식탁	food	127.64820	34.76057
행복한식탁미평점	food	127.70328	34.77271
행복한약국	shop	127.63801	34.77357
행복한여행집	stay	127.74590	34.74097
행복한우정육점	shop	127.73022	34.73974
행복한인생감자탕	food	127.67808	34.74729
행복한한끼	food	127.69819	34.74938
행복한휴게실	shop	127.74512	34.72639
행복해장국	food	127.67696	34.76382
행운	cafe	127.66123	34.76548
행운	bar	127.74153	34.74121
행운로또	activity	127.73293	34.82580
행운마을	food	127.65182	34.74426
행운슈퍼	shop	127.73639	34.74319
행운통신	shop	127.70754	34.75388
행원리	food	127.64382	34.77192
향기	bar	127.70168	34.75132
향기노래타운	bar	127.65029	34.77706
향기은	shop	127.69878	34.75037
향미진짬뽕	food	127.70858	34.75115
향유미가	shop	127.61914	34.67687
향일암마트	shop	127.80050	34.59662
향일암쉼터	bar	127.80162	34.59390
향일암풍경펜션	stay	127.80068	34.59614
향촌	food	127.65083	34.77594
향촌돼지국밥	food	127.66197	34.76488
향촌회관	food	127.70836	34.77150
허그키즈	shop	127.63944	34.76401
허니가라오케클럽	bar	127.72337	34.73136
허문정보리밥	food	127.69386	34.75419
허문정삼계옻닭	food	127.71062	34.75766
허브설레임	shop	127.64976	34.77274
허브유통	shop	127.66695	34.75830
험멜	shop	127.67005	34.76017
헤라	shop	127.66904	34.75958
헤라샵	shop	127.72862	34.74179
헤라호프	bar	127.71039	34.75779
헤롱헤롱	bar	127.66455	34.75882
헤밍웨이	food	127.74431	34.77704
헤밍웨이	cafe	127.73190	34.73153
헤밍웨이가든	food	127.74132	34.77893
헤밍웨이글램핑	stay	127.74132	34.77893
헤밍웨이펜션	stay	127.73190	34.73153
헤브론	cafe	127.62373	34.76237
헤이데이	food	127.63878	34.76251
헬로뉴욕	cafe	127.64482	34.77281
혁이네축산	shop	127.69916	34.75007
현대가구	shop	127.73037	34.74149
현대가구좌	shop	127.70905	34.76033
현대건강원	shop	127.72953	34.74169
현대기사님식당	food	127.57957	34.87780
현대노래타운	bar	127.70387	34.75229
현대농약사	shop	127.62736	34.76097
현대상사	shop	127.74456	34.74853
현대상회	shop	127.74154	34.74407
현대아쿠아정수기	shop	127.67187	34.75854
현대연쇄점	shop	127.24955	34.23899
현대유리	shop	127.74111	34.74326
현대정보통신	shop	127.67180	34.76151
현대정수기	shop	127.67238	34.76051
현대정수기，비데프라자	shop	127.67388	34.76510
현대종합가구	shop	127.73050	34.74133
현대철물	shop	127.74389	34.60047
현대체육서점문구사	shop	127.73782	34.74195
현대한식뷔페	food	127.63623	34.76120
현아마차	food	127.63904	34.77081
현아청과	shop	127.73778	34.77751
현약국	shop	127.67729	34.76398
현이네	food	127.69545	34.75479
현이네분식	food	127.67741	34.76404
현이네숙녀복	shop	127.72862	34.74179
현정이네	food	127.66495	34.76382
현정이네	food	127.66498	34.76415
현주네민박	stay	127.77439	34.49956
현지네	food	127.66435	34.75951
현진노래타운	bar	127.70101	34.75151
현진컴퓨터	shop	127.67288	34.76166
협동조합하나린	shop	127.56756	34.59322
형설책방	shop	127.71418	34.75701
형제가방	shop	127.73465	34.74026
형제상사	shop	127.69929	34.76890
형제상회	shop	127.74125	34.74130
형제숯불갈비	food	127.73006	34.74202
형제식당	food	127.74422	34.74818
형제오토바이센타	shop	127.63329	34.79194
형제전기	shop	127.66868	34.80755
형제정육식당	food	127.70049	34.74813
형제정육점	shop	127.70049	34.74813
혜당생활과학여수충무지점	shop	127.73184	34.74045
혜미복집	food	127.73536	34.73973
혜미여화	shop	127.72862	34.74179
혜미횟집	food	127.72107	34.72643
혜성갈비	food	127.69503	34.74793
혜인식당	food	127.70925	34.75128
혜정	food	127.66062	34.75791
혜화당건강원	shop	127.72448	34.73887
호구마차	food	127.64748	34.77375
호남갈비	food	127.74185	34.74514
호남맛김	shop	127.65620	34.76242
호남약국	shop	127.72753	34.74087
호남침구사	shop	127.73256	34.74059
호돌이	food	127.72283	34.73308
호랭이게장	food	127.72121	34.73386
호랭이게장백반	food	127.72122	34.73387
호령	shop	127.64892	34.56768
호령민박	stay	127.64895	34.56814
호림식당	food	127.72727	34.74227
호맥	bar	127.66557	34.75749
호맥여수여서점	bar	127.70496	34.75369
호맥여수웅천점	bar	127.67047	34.74657
호명고향식당	food	127.72920	34.81593
호미스피자	food	127.69789	34.75461
호박마차	food	127.64861	34.77281
호반노래연습장	activity	127.64617	34.77624
호반노래타운	bar	127.64867	34.77628
호반당구장	activity	127.64674	34.77585
호분식	food	127.70572	34.77045
호빗유통리리제과	shop	127.72811	34.75377
호성손메밀묵집	food	127.65494	34.74681
호세야	food	127.74309	34.75329
호수가든펜션	stay	127.74920	34.72849
호수노래연습장	activity	127.64748	34.77375
호수당구클럽	activity	127.64469	34.77276
호수장어마당	food	127.64360	34.77510
호스텔소라노을	stay	127.57708	34.78361
호스텔폴로니아	stay	127.74472	34.74841
호시탐탐	food	127.65524	34.75323
호식이두마리치킨	food	127.71512	34.72868
호식이두마리치킨돌산점	food	127.75434	34.71954
호식이두마리치킨여수돌산점	food	127.75613	34.71958
호암	stay	127.74639	34.71870
호주면세점	shop	127.72834	34.74279
호주에서온스시여수	food	127.66056	34.76627
호테네	stay	127.78205	34.63337
호텔더클래식	stay	127.66397	34.75796
호텔라라썸	stay	127.70047	34.75101
호텔라임	stay	127.66414	34.75815
호텔리츠	stay	127.66498	34.76125
호텔모던옥	stay	127.64869	34.77578
호텔신라이스테이	stay	127.66480	34.76531
호텔앙코르	stay	127.66332	34.75770
호텔야자여수	stay	127.66453	34.75923
호텔얌여수	stay	127.66546	34.76105
호텔와이	stay	127.64913	34.77623
호텔자바	stay	127.72408	34.73281
호텔케니여수	stay	127.73167	34.74132
호텔퍼스트시티	stay	127.67596	34.74206
호텔프로방스	stay	127.74988	34.74398
호프카스테라	food	127.70097	34.74731
호호뮤직기타센터	shop	127.70304	34.75383
호호솥밥	food	127.66014	34.76132
호호재가노인복지센터매점	shop	127.66185	34.76784
호호호	cafe	127.53864	34.83206
혼마참치	food	127.70339	34.76958
홀리데이	cafe	127.69847	34.76957
홀리몰리	food	127.66615	34.75869
홀리카홀리카이마트	shop	127.71499	34.75792
홀릭	shop	127.67382	34.76149
홀인원	bar	127.70538	34.75316
홀인원스크린골프	activity	127.70549	34.75362
홈	food	127.66575	34.75885
홈런복권	shop	127.65464	34.77138
홈스마일	shop	127.66043	34.76626
홉스커피	cafe	127.66962	34.75925
홍가	food	127.72379	34.73530
홍가네가마솥곰탕	food	127.61798	34.82252
홍가네추어탕	food	127.71249	34.73207
홍가네호떡분식	food	127.65033	34.77293
홍교	food	127.67387	34.74147
홍길동국밥	food	127.67131	34.76193
홍당무	bar	127.70101	34.75022
홍도	bar	127.70517	34.75455
홍도여인숙	stay	127.74219	34.74454
홍도전집	bar	127.65581	34.74784
홍두깨	food	127.70833	34.75149
홍리뷰티	shop	127.65895	34.76071
홍문슈퍼	shop	127.74265	34.74766
홍보석	food	127.70854	34.75377
홍삼월드	shop	127.66413	34.76426
홍설	bar	127.66721	34.75697
홍스치킨	food	127.65551	34.75482
홍식당	food	127.65378	34.78924
홍심이	bar	127.73148	34.74183
홍어가좋은날	food	127.64819	34.77494
홍어집	shop	127.72862	34.74179
홍익돈까스	food	127.68333	34.76498
홍익전자	shop	127.72820	34.74201
홍콩반점	food	127.67239	34.76274
홍포	food	127.74173	34.74520
화니그릇타올	shop	127.73291	34.74000
화담	food	127.72345	34.63980
화동할인마트	shop	127.59584	34.68597
화란	food	127.70322	34.75313
화로	food	127.75482	34.71961
화로구이흑돼지	food	127.70400	34.76955
화룡신	food	127.65088	34.77249
화룡짬뽕	food	127.63616	34.76318
화르고	food	127.66434	34.76028
화린장여관	stay	127.72817	34.74598
화목	cafe	127.64454	34.77254
화물식당	food	127.74627	34.74365
화미락여수	food	127.66973	34.76355
화산상회	food	127.66329	34.57003
화산식당	food	127.64272	34.77213
화산어촌체험마을	activity	127.66286	34.57136
화상번가	food	127.66642	34.75732
화선생	food	127.66313	34.75754
화신	food	127.73126	34.74193
화신각	stay	127.66583	34.76093
화신약국	shop	127.69300	34.75466
화신장	stay	127.75206	34.74170
화양	bar	127.73193	34.74178
화양건어물	shop	127.61397	34.70779
화양식당	food	127.61406	34.70823
화양식당	food	127.74314	34.74575
화양실내포차	food	127.65042	34.77650
화양연화	cafe	127.62249	34.67625
화양원조굴구이	food	127.64324	34.72942
화양원조굴구이횟집	food	127.63289	34.65810
화양전자	shop	127.59626	34.68580
화양조발대교	heritage	127.57535	34.63618
화연엑스포룸소주방	bar	127.70479	34.75326
화원일기	shop	127.67339	34.75866
화원짚불구이	food	127.66465	34.75841
화이트노래타운	bar	127.70349	34.75254
화이트리에	food	127.67509	34.74374
화이트유리	shop	127.66991	34.76224
화인갤러리카페	shop	127.66014	34.76132
화인청과마트	shop	127.70256	34.74834
화장편의점	activity	127.64216	34.77195
화정떡방앗간	food	127.73119	34.73855
화정상회	shop	127.73256	34.74059
화정상회	shop	127.72382	34.73065
화태대교	heritage	127.73720	34.60532
화태도	nature	127.73144	34.58262
화태민박	stay	127.73354	34.58426
화태바다	stay	127.73602	34.57954
화태식당	food	127.73447	34.58427
화태주막	bar	127.73628	34.57880
화포식당	food	127.70314	34.75345
화포식당	food	127.60677	34.68289
환기	food	127.73800	34.73844
환영식당	food	127.63196	34.79803
환이엄마손맛	food	127.64068	34.82056
환타노래타운	bar	127.64971	34.77647
환타룸소주방	bar	127.64971	34.77647
환희보세	shop	127.72892	34.74285
황가네	food	127.57936	34.88262
황가네	food	127.73180	34.73013
황가네	food	127.65602	34.75435
황가네	food	127.64623	34.77312
황가네숯불구이	food	127.72524	34.73490
황가네전집	food	127.65621	34.76276
황궁쟁반짜장	food	127.65393	34.77048
황금게장	food	127.75832	34.72040
황금노래타운	bar	127.64971	34.77647
황금노을	cafe	127.58044	34.77318
황금돼지	food	127.72019	34.73290
황금들녘펜션민박	stay	127.61398	34.74036
황금마차	food	127.70038	34.75136
황금마차	bar	127.67383	34.76071
황금매콤돈까스	food	127.66722	34.75899
황금모텔	stay	127.71564	34.75742
황금모텔민박	stay	127.80283	34.48748
황금바다	food	127.72242	34.73216
황금보세	shop	127.73256	34.74059
황금볼	bar	127.66591	34.75928
황금붕어와분식	food	127.65552	34.76667
황금비어	bar	127.64989	34.77287
황금빛민박	stay	127.56328	34.79980
황금사	shop	127.72795	34.74411
황금상회	food	127.70424	34.75533
황금소나무	food	127.70806	34.74859
황금손반찬	shop	127.70028	34.75056
황금수산	food	127.65464	34.74614
황금수산	shop	127.75791	34.72081
황금수산	shop	127.67383	34.76071
황금수퍼	shop	127.80283	34.48748
황금식당	food	127.80292	34.48759
황금식당	food	127.71564	34.75742
황금식당	food	127.72290	34.73679
황금아구	food	127.70395	34.76918
황금알	activity	127.69980	34.75037
황금양곱창	food	127.64134	34.77168
황금어장	food	127.72181	34.72706
황금어장	food	127.31117	34.02699
황금코다리	food	127.64187	34.72827
황금코다리여서점	food	127.70327	34.75402
황금코다리여수	food	127.72152	34.73187
황금패밀리뷔페	food	127.70453	34.76463
황금포차	bar	127.31124	34.02696
황금포차	food	127.65011	34.77724
황금해장국	food	127.73173	34.73907
황기순칼국수	food	127.63841	34.76215
황김	bar	127.70605	34.75394
황미숙	shop	127.65392	34.78944
황비물회	food	127.71237	34.87990
황실갈비	food	127.70017	34.74784
황실유럽자수	shop	127.67129	34.75978
황실육회	food	127.72088	34.73203
황앤장	food	127.70974	34.75787
황여사포차	food	127.75553	34.71902
황정연	shop	127.73123	34.73973
황제노래타운	bar	127.64883	34.77592
황제단란주점	bar	127.70060	34.74842
황제식당	food	127.70839	34.76048
황제영양탕	food	127.67506	34.75875
황제쟁반짜장	food	127.70491	34.75504
황제쟁반짜장거북성	food	127.66882	34.75933
황제파크	stay	127.71536	34.75734
황진이가마솥국밥	food	127.64284	34.77437
황진이포차	bar	127.72065	34.73242
황진회집	food	127.74370	34.77718
황태맥주	bar	127.64674	34.77585
황태자모텔	stay	127.72761	34.74628
황토구들민박	stay	127.61944	34.68046
황토구들펜션	stay	127.61944	34.68046
황토민박펜션	stay	127.56635	34.79719
황토방	food	127.65856	34.76058
황토잠	stay	127.74574	34.66589
황토장군불바베큐	food	127.65189	34.76074
황토장군치킨바베큐	food	127.74393	34.75097
황토장군치킨바베큐	food	127.65148	34.74460
황토장군치킨바베큐무선호수점	food	127.64971	34.77578
회담장	food	127.74432	34.75192
회뜨는선장님	food	127.74915	34.72053
회뜨는총각	food	127.70759	34.75015
회뜰날수산	shop	127.72995	34.73933
회먹다	food	127.70567	34.75446
회바라기	food	127.63942	34.77141
회춘당한약국	shop	127.73110	34.73971
회포마차	food	127.66472	34.76509
횡간바닷가식당	food	127.75675	34.57880
효드림요양병원매점	shop	127.70461	34.76902
효신개발	stay	127.74993	34.73689
효약국	shop	127.70546	34.75470
후남이네	food	127.69402	34.75516
후노래타운	bar	127.72418	34.73358
후라이드의품격	food	127.65219	34.77295
후라이드참잘하는집	food	127.70256	34.74834
후르쯔	cafe	127.74349	34.74736
후스크린골프	activity	127.66401	34.75849
후아유	shop	127.73616	34.74136
후켄	food	127.72836	34.74594
후피케이크	food	127.67905	34.74207
훅	food	127.66527	34.75829
훌랄라참숯치킨여수	food	127.63878	34.76274
훼밀리마트	shop	127.69702	34.74840
휘가로호텔	stay	127.72580	34.73404
휘게	cafe	127.56603	34.76417
휘파람펜션	stay	127.73781	34.66081
휠라	shop	127.73318	34.74157
휠라인티모	shop	127.73356	34.74135
휠라키즈	shop	127.73357	34.74142
휴	bar	127.74919	34.72091
휴게소	cafe	127.70486	34.75275
휴게실	shop	127.72151	34.73180
휴게실쇼핑	shop	127.72159	34.61613
휴게실식당	bar	127.57938	34.88254
휴계소마차	bar	127.74307	34.74694
휴대폰갤럭시아울렛	shop	127.67076	34.76210
휴대폰나라	shop	127.73256	34.74059
휴대폰성지	shop	127.66859	34.76256
휴대폰스마트프라자	shop	127.73281	34.74143
휴대폰아울렛	shop	127.70958	34.77010
휴대폰점빵	shop	127.69410	34.75447
휴맥	stay	127.66951	34.80587
휴스테이	stay	127.74686	34.73902
휴앤고	bar	127.74215	34.74479
휴양펜션	stay	127.79424	34.60255
휴호스텔	stay	127.74643	34.73970
휴휴자적	stay	127.75447	34.71750
흐뭇	food	127.66647	34.75901
흐쎄트	food	127.66498	34.76125
흑산도홍탁	food	127.66644	34.76333
흑진미	food	127.71831	34.73055
흙놀이터	activity	127.68003	34.74787
흙의향기	shop	127.68886	34.78666
흥국의류	shop	127.66888	34.76262
흥국축산	shop	127.64063	34.78230
흥보상회	shop	127.72807	34.75042
흥부밥상	food	127.64267	34.77080
흥부와놀부네원두막	food	127.72734	34.73978
흥부전	activity	127.64861	34.77534
흥일상회	shop	127.73195	34.73928
흥투	bar	127.69919	34.75034
흥화아구찜	food	127.69590	34.75059
희노애락플라워	shop	127.67170	34.74873
희망민박	stay	127.31431	34.04534
희망선어	food	127.73676	34.74048
희망선어별관	food	127.73694	34.74046
희망식당	food	127.72161	34.73123
희망약국	shop	127.71952	34.73441
희망이네방울기정떡백억모시송편	food	127.70605	34.75120
희망포차	bar	127.72357	34.73573
희아네	bar	127.65184	34.74499
희야	food	127.67218	34.76119
희연이네돌산갓김치	shop	127.74841	34.74449
희희하우스	food	127.64419	34.75949
히게소바	food	127.73907	34.73892
히든베이호텔	stay	127.69943	34.72159
히든싱어노래연습장	activity	127.67047	34.74657
히든프렌드	food	127.63856	34.76398
히딩크모텔	stay	127.76318	34.71412
히바치텐	food	127.66527	34.75829
히비스커스여수	shop	127.75690	34.70128
히스카페	cafe	127.65294	34.75908
히어로	bar	127.65660	34.76630
히어로즈	cafe	127.67858	34.74776
히어링굳보청기센터	shop	127.66243	34.76535
히트	bar	127.72657	34.73913
힐	bar	127.66438	34.75767
힐당구클럽	activity	127.74402	34.75248
힐론	cafe	127.66688	34.76010
힐론	cafe	127.65073	34.75016
힐론종포에쏘	food	127.73434	34.73993
힐링	bar	127.71082	34.75756
힐링	bar	127.70442	34.75257
힐링	shop	127.73170	34.74006
힐링	food	127.72289	34.73399
힐링노래연습장	activity	127.63764	34.76445
힐링당구클럽	activity	127.66831	34.75877
힐링맥주	bar	127.71271	34.73395
힐링무인텔	stay	127.71055	34.75801
힐링빌드존	activity	127.67279	34.76107
힐링엔젤스	shop	127.70140	34.74640
힐링카페	cafe	127.79995	34.43383
힐링카페	food	127.69891	34.75400
힐링퓨전포차	bar	127.72309	34.73291
힐링호프	bar	127.66846	34.76055
힐모텔	stay	127.66511	34.76464
힐스마켓앤커피	cafe	127.75693	34.70177
힐하우스호스텔	stay	127.74249	34.73830
힘센장어	food	127.63929	34.76324
힘아라수퍼	food	127.74599	34.73265
힘피트니스여수웅천점	activity	127.67572	34.74047
힛도횟집	food	127.64239	34.62799
８８해장국	food	127.72422	34.73504
거문도 등대	heritage	127.32196	34.00843
거문도 신선바위	beach	127.30725	34.01236
거문도백도 은빛바다체험행사	event	127.30990	34.02446
거북선횟집 하모샤브샤브	food	127.75479	34.71618
경도회관 본점	food	127.72188	34.72183
경도회관 여천점	food	127.65724	34.75739
고소동 천사벽화마을	heritage	127.74057	34.73832
골든파크 호텔	stay	127.75045	34.74353
궁중타래옥빙수 웅천점	food	127.67596	34.75046
금오도 비렁길	activity	127.71116	34.53720
김경오파티쓰리 여수점	food	127.73325	34.73619
김미영 돌산갓김치	shop	127.80269	34.59398
내조국국밥 본점	food	127.71138	34.72582
네이처컬렉션 여수점	shop	127.73234	34.74134
네파 여수교동점	shop	127.73503	34.74144
노스페이스화이트라벨 여수점	shop	127.73497	34.74098
늘푸른식당 게장백반	food	127.72297	34.73129
다담골숯불갈비 여수점	food	127.67087	34.74626
당머리첫집 하모샤브샤브	food	127.73133	34.72945
대경도 대합실	activity	127.72195	34.72686
더 올리브	food	127.65144	34.74384
덕양은혜곱창 덕양점	food	127.63152	34.79806
데상트 여수점	shop	127.73393	34.74129
돌산 정담	food	127.75623	34.71974
돌산갓 영농조합법인	shop	127.78744	34.64016
돌산갓 장터마을	activity	127.78770	34.60498
두문 마을	heritage	127.79462	34.64199
디오션리조트 워터파크	activity	127.64467	34.73118
라마다 짚트랙	activity	127.74828	34.71701
랜드로바 여수교동	shop	127.73371	34.74040
롯데하이마트 여수점	shop	127.70270	34.76686
롯데하이마트 여천롯데마트점	shop	127.65147	34.77684
롯데하이마트 여천점	shop	127.66214	34.76158
르그랑블루 리조트	stay	127.77783	34.68754
만성리 검은모래해변	beach	127.74479	34.77715
모텔 마이다스	stay	127.72466	34.73250
모텔 투헤븐	stay	127.66576	34.75700
바다맛물회 여수	food	127.75211	34.72158
백야도 등대	heritage	127.65392	34.60938
베니키아호텔 여수	stay	127.65914	34.75656
벤제프 여수점	shop	127.73362	34.74116
봉황산자연휴양림 야영장	stay	127.76182	34.61474
블랙앤화이트 여수점	shop	127.73471	34.74141
블루망고 풀빌라펜션	stay	127.79409	34.66086
삼성스토어 여수	shop	127.70898	34.76131
샹보르 관광호텔	stay	127.74236	34.74483
소노캄 여수	activity	127.75503	34.74128
소리도 등대	heritage	127.80075	34.41135
손양원목사 순교기념관	heritage	127.63492	34.84004
신라스테이 여수	stay	127.74872	34.74418
아구할미 서대대감	food	127.73479	34.73985
아르떼뮤지엄 여수	heritage	127.74697	34.75083
아이뮤지엄 여수점	heritage	127.74793	34.75105
아쿠아플라넷 여수	activity	127.74871	34.74626
아트박스 여수점	shop	127.73191	34.74127
어라운드 무슈	cafe	127.59353	34.74995
여수 교동시장	shop	127.72993	34.73908
여수 국가산업단지	activity	127.66015	34.81788
여수 녹테마레	heritage	127.72607	34.77441
여수 미남크루즈	activity	127.73728	34.72949
여수 백도	nature	127.58272	34.05553
여수 석보	heritage	127.66027	34.78331
여수 선소유적	heritage	127.67952	34.75821
여수 안도어촌체험마을	activity	127.80388	34.48785
여수 야경불꽃크루즈	event	127.73698	34.72973
여수 연안여객선터미널	activity	127.73236	34.73872
여수 이순신공원	nature	127.67988	34.74451
여수 진남관	heritage	127.73673	34.74183
여수 충민사	heritage	127.73482	34.75818
여수 타루비	heritage	127.73887	34.74011
여수 테디베어뮤지엄	heritage	127.64192	34.74808
여수 특산품전시판매장	shop	127.72803	34.73068
여수 해상케이블카	activity	127.73933	34.73080
여수 해양레일바이크	activity	127.74676	34.77221
여수게장 황소게장	food	127.72010	34.73415
여수구항 해양공원	nature	127.74063	34.73709
여수맛집 봉초밥	food	127.65761	34.75703
여수밤바다 불꽃축제	event	127.74709	34.75095
여수세계박람회 스카이타워	heritage	127.74698	34.75087
여수숙박 호스텔	stay	127.64946	34.77504
연탄창고 여수죽림점	food	127.63892	34.76255
오늘이 호스텔	stay	127.74590	34.73965
오동도 등대	heritage	127.76781	34.74440
오동도 유람선터미널	activity	127.75588	34.74091
올리브영 여수웅천마리나점	shop	127.67152	34.74647
올포유 여수점	shop	127.73163	34.74109
웅천친수공원 야영장	stay	127.66933	34.74598
웰메이드 여수점	shop	127.73451	34.74143
유니클로 여수둔덕점	shop	127.69797	34.76871
육해공숙회천국 여천본점	food	127.66599	34.75941
이마트 여수점	shop	127.71499	34.75793
작금 베이크샵	cafe	127.74284	34.74559
전남광주통합특별시 해양수산과학관	heritage	127.77591	34.68220
정관장 교동점	shop	127.73424	34.73994
정우굴구이 여수돌산점	food	127.77185	34.69604
종포 해양공원	nature	127.73971	34.73729
죽림 그림	cafe	127.63804	34.76231
진아리랑 호스텔	stay	127.75269	34.72214
카멜리아 회센타	food	127.76620	34.74637
카페 공정	cafe	127.57602	34.64116
카페 낭만도시	cafe	127.75020	34.73646
카페 라피끄	cafe	127.77689	34.69479
카페 모카힐	cafe	127.74228	34.73819
카페 포	cafe	127.74007	34.73895
카페 하얀파도	cafe	127.73748	34.73186
카페 항해	cafe	127.72258	34.72828
편백찜 집	food	127.65138	34.74379
풋마트 여수점	shop	127.73183	34.74115
피읖 카페	cafe	127.76411	34.71319
하얀집 낙지전문점	food	127.65486	34.75435
하화도 꽃섬길	activity	127.61929	34.59462
한옥호텔 오동재	stay	127.74732	34.75547
한옥호텔 오동재	stay	127.74520	34.75851
한우드림 동물체험장	activity	127.76658	34.66928
해궁 샤브샤브	food	127.73147	34.72944
향일암 해안길	activity	127.80302	34.59382
호텔 마띠유	stay	127.74478	34.74515
호텔 헤이븐	stay	127.74923	34.73191
화양면 벚꽃길	nature	127.56546	34.67319
휠라키즈 여수점	shop	127.73357	34.74142
휴앤고 게스트하우스	stay	127.74221	34.74485
돌산 평사리 고니도래지	nature	127.77416	34.69848
라마다프라자 바이윈덤 여수	stay	127.74830	34.71705
라이프워크 메가스토어 여수점	shop	127.73529	34.74091
라테라스 윈터빌리지 어드벤처	activity	127.75666	34.70874
묘도 봉화산 전망공원	heritage	127.70320	34.88420
미평 봉화산 산림욕장	nature	127.71519	34.77502
북한 반잠수정 전시관	heritage	127.78668	34.60543
선창가 새조개 하모샤브샤브	food	127.73197	34.72963
안경나라 렌즈미 여수점	shop	127.73245	34.74002
어장군횟집 새조개 하모샤브샤브	food	127.74304	34.72862
엑스포 마린 제트보트	activity	127.75185	34.74580
여수 가사리 생태공원	nature	127.59449	34.74834
여수 갯벌 노을마을	activity	127.56798	34.79025
여수 국가유산 야행	event	127.73657	34.74129
여수 낭도 백리섬섬길	activity	127.51151	34.62930
여수 베네치아 호텔앤리조트	stay	127.75187	34.74584
여수 섬슐랭 페스타	event	127.74698	34.75087
여수 아그리나 요트투어	activity	127.67321	34.74542
여수 영취산 진달래축제	event	127.69578	34.82306
여수 흥국사 홍교	heritage	127.70081	34.82088
여수밤바다 힐링파크 호스텔	stay	127.75711	34.70652
여수하모샤브샤브 여수맛집 민들레집	food	127.74313	34.73300
여자만 해넘이 전망대	heritage	127.57594	34.63700
예술의 섬 장도	activity	127.66435	34.74294
와이드 커피 스탠드	cafe	127.74166	34.73796
웨스트힐스 프라이빗 풀빌라	stay	127.75694	34.70177
유람선회센터 새조개 하모샤브샤브	food	127.73739	34.72994
정가네 갓 갈치조림	food	127.74263	34.73308
정원이예쁜 독채 펜션	stay	127.65806	34.76373
캉골 롯데몰 여수점	shop	127.72153	34.72838
히든비치 리조트 풀빌라	stay	127.76917	34.71048
여수 낭도리 공룡발자국화석 산지	nature	127.55566	34.59077
여수 유월드 루지 테마파크	activity	127.64162	34.74784
여수 챌린지파크 바다 루지	activity	127.62722	34.68494
여수 유탑 마리나 호텔&리조트	stay	127.75064	34.74445
라테라스 코브 스위트(라테라스 부티크 리조트 앤 스파)	stay	127.75651	34.70879
시간을 달리는 버스커(야간시티투어)	heritage	127.73639	34.73962
여수 장도근린공원 / 장도전시관	nature	127.66392	34.74229
지뜨 호스텔(지뜨펜션)	stay	127.74995	34.73691
한려해상국립공원 (오동도)	nature	127.76411	34.74432
서시장 (4, 9일)	shop	127.72820	34.74080
호텔 JCS 여수	stay	127.75794	34.70367
롯데마트_여수점	shop	127.72155	34.72841
롯데마트_여천점	shop	127.65149	34.77688
파티룸_욜로와	cafe	127.74349	34.74736
루루-베이크	food	127.63814	34.77196
새벗-덕생연	cafe	127.69702	34.74840
엘린-행복한	shop	127.64729	34.77248
오-바	food	127.64995	34.77564
오-반찬	shop	127.72811	34.74103
오-소소	cafe	127.64112	34.77380
오동도-여자만자전거길	activity	127.64240	34.73700
이-당구클럽	activity	127.65188	34.74436
잇-다	cafe	127.67281	34.76481
카페봄봄-봄이오나봄	cafe	127.64859	34.74093
하이-프릇	food	127.66965	34.76049
달,커피	cafe	127.56364	34.76232
국가대표탁구장;카페잇다	activity	127.55418	34.87071
그;고깃집	food	127.63719	34.76750
그래;거기	food	127.69548	34.75514
꽃방;다락	shop	127.74778	34.66546
꽃집;사계	shop	127.65543	34.76634
남대감물회;치킨	food	127.65483	34.75402
너에게;반하다	shop	127.68250	34.74886
널;봄	cafe	127.57397	34.76380
다시;봄	stay	127.72710	34.65551
대교김밥;샌드데잇	food	127.72394	34.73454
대신석재;연화당	shop	127.58867	34.81016
더;나은	shop	127.68306	34.74887
또;봄이네	stay	127.62267	34.68794
바람;섬	food	127.57096	34.77560
배가네동태탕;찜	food	127.63594	34.76218
비어;딘	bar	127.65551	34.75423
비치;다	stay	127.75635	34.79457
빵;가온	food	127.74419	34.73875
생생면가칼국수;돈가스	food	127.70026	34.75119
쉼;어묵그리고한잔술	bar	127.63620	34.76191
시루;애	food	127.70484	34.76846
안경;여수	shop	127.73513	34.74073
안녕;그릭	cafe	127.67034	34.76020
안녕;여수	stay	127.75013	34.74397
엑스포굴;수산판매	shop	127.63979	34.72393
여디야샵;슈퍼	shop	127.72224	34.74419
여수;스파앤하우스	stay	127.73696	34.74038
여수;학동커피	cafe	127.65939	34.76148
여수갓김치해풍과자연;양수진소머리국밥	food	127.66586	34.76337
여수로온;호두	food	127.73379	34.74000
여수펜션;휘게	stay	127.51511	34.62833
오늘;고기어때	shop	127.68693	34.74488
오늘;봄	bar	127.66497	34.75959
오늘;하루	cafe	127.73037	34.82311
오늘반찬;김밥	shop	127.66309	34.76859
장충동왕족발보쌈;논보달	food	127.71575	34.75660
카페;고소한	cafe	127.74084	34.74104
카페;라떼	cafe	127.70537	34.75216
품다;숨협동조합	cafe	127.71098	34.75509
흙;돌침대	shop	127.69532	34.72834
알톤;코렉스;메리다뉴바이크	shop	127.69980	34.75037
오케이중고폰;오션스디자인;클린팡배관크리너	shop	127.73970	34.74359
다시;봄1	stay	127.72733	34.65552
순:코	shop	127.65185	34.76363
얼음:빙삼	food	127.67043	34.74692
온:카페	cafe	127.66349	34.76540
피움플라워꽃:피움	shop	127.63827	34.76363
륀:lune	shop	127.66968	34.76158
멍!구름	shop	127.65265	34.74640
아!그집쭈꾸미볶음여수본점	food	127.63592	34.76156
어!죽이네	food	127.67309	34.76087
지금!여수	stay	127.74611	34.66064
빵야!빵야!	food	127.65441	34.76540
곽진영갓김치.여수특산품판매장	shop	127.75267	34.72278
구.한재마차갈비	food	127.70421	34.75486
금강제화.랜드로바여수	shop	127.66553	34.76049
금별전기.조명	shop	127.65420	34.77277
금성영일전자.성심대부	shop	127.72866	34.74314
꽃담은갈비.늘삼겹	food	127.73543	34.73934
낭만밤바다펜션.리조트	stay	127.74133	34.73739
대한종합악기.피아노	shop	127.65359	34.77525
동동海.돌고래횟집	food	127.65411	34.74549
동백김밥.분식	food	127.72334	34.73547
뜰식당.펜션	food	127.74271	34.77446
박영림아귀찜.탕	food	127.72837	34.74233
백년슈퍼.	shop	127.71984	34.74403
부녀회갓김치.부녀회매점	shop	127.80383	34.59453
소.돼지고기시장	shop	127.66395	34.76378
아세아전자.소리사	shop	127.73209	34.73927
에이급가전.가구할인매장	shop	127.70473	34.76528
여수싱싱회육회.포장문수본점	food	127.70839	34.76048
역전할머니맥주소호.동동다리점	bar	127.65136	34.74375
우리전자.냉동	shop	127.71269	34.75840
주.평화	shop	127.74752	34.74536
카페.당	cafe	127.74679	34.74422
컬리수.모이몰른	shop	127.66903	34.76130
태평선식.굿썸	shop	127.72751	34.74016
통뼈마루감자탕.부대찌개	food	127.67242	34.74624
트렉스타상설.에스티코여수	shop	127.73342	34.73991
후레쉬마트.정육	shop	127.64599	34.74182
꽃돼지갈.막.삼	food	127.63814	34.77335
엘.에이치.컴퍼니	shop	127.72153	34.72838
혜리.J	shop	127.67004	34.76070
무슬'소리	food	127.77686	34.68617
정'S김밥	food	127.57245	34.88237
렉시모텔(구 에덴파크)	stay	127.72514	34.73476
안경본가(충무 여수)	shop	127.73176	34.74117
韓豚(돈)돼지국밥한	food	127.70463	34.76921
낭도대교(여수)	heritage	127.54416	34.62532
낭만밤바다호스텔(낭만밤바다펜션리조트)	stay	127.74135	34.73745
뉴발란스키즈(여수)	shop	127.73330	34.74130
두꺼비게장(원조두꺼비게장)	food	127.72070	34.73381
둔병대교(여수)	heritage	127.55554	34.63051
마레몬떼(여수)	shop	127.73333	34.74117
비에이치씨치킨(미평점)	food	127.70250	34.77149
석천사(여수)	heritage	127.73450	34.75848
소호요트마리나(소호요트경기장)	activity	127.65086	34.73879
스카이모텔(여수)	stay	127.73400	34.73980
써스데이아일랜드(여수)	shop	127.73322	34.74098
여천동물약품(주)	shop	127.72806	34.74619
연도(여수)	nature	127.80228	34.43675
영취산(여수)	nature	127.71406	34.81674
올리비아로렌(여수)	shop	127.73166	34.74084
용문사(여수)	heritage	127.61290	34.72589
웨스트우드(여수)	shop	127.73504	34.74165
은적사(여수)	heritage	127.73480	34.61974
이니스프리(여수)	shop	127.73280	34.74111
자연담은(자연담은펜션)	stay	127.76291	34.69842
적금대교(여수)	heritage	127.52304	34.62030
초도(여수)	nature	127.24281	34.22858
추도(여수)	nature	127.56774	34.59346
하화도(여수)	nature	127.62389	34.59329
한산사(여수)	heritage	127.71232	34.73980
향일암(여수)	heritage	127.80365	34.59163
흥국사(여수)	heritage	127.70163	34.82286
(주)호유(슈페리어/아이더) 여수	shop	127.73480	34.74148
구짱팸)	food	127.67001	34.74654
팜듀신여수구)대상녹즙팜듀신여수구	shop	127.69777	34.74979
[백년가게]구백식당	food	127.73205	34.73875
[백년가게]물망초설렁탕	food	127.73166	34.74159
온화[溫花]	shop	127.64798	34.77280
전남여수지역자활센터[돌산갓김치]	shop	127.74261	34.74699
초가오여수[Feat.거북선커피]	cafe	127.73570	34.74134
덮덮밥/삼첩분식미평점	food	127.70388	34.77133
약선/제이푸드	food	127.67219	34.76139
채소/과일소매업	shop	127.59367	34.68668
채소/과일소매업	shop	127.74972	34.72215
가연스테이&가연팜	shop	127.57795	34.73178
그릭엔젤요거트&아이스크림	cafe	127.63813	34.76423
김치&젓갈	shop	127.73267	34.73942
까페다&경	bar	127.77270	34.50015
껍딱&모모	shop	127.73251	34.74135
꽃섬&불낙원	food	127.67174	34.74647
나진통닭&분식	food	127.61388	34.70771
내가머문펜션&호스텔	stay	127.74597	34.73844
냉삼겹&산오징어	food	127.74437	34.75355
놀부보쌈&부대찌개	food	127.75390	34.71932
닭익는마을&우쿠야여수공화점	food	127.74148	34.74491
대박삼겹김치찜&초대박등갈비김치찜	food	127.66943	34.75914
대박삼겹김치찜&초대박등갈비김치찜봉강점	food	127.72557	34.73947
더설렘카라반&온수풀펜션	stay	127.58579	34.74265
돈마니감자탕&등갈비	food	127.70017	34.74784
돌산버거&딸기앙모찌	cafe	127.74542	34.72698
돌산푸드&로컬	shop	127.74672	34.72442
등뼈감자탕&등갈비	food	127.74989	34.72081
등뼈감자탕&등갈비	food	127.66077	34.79578
디마레풀빌라&스파	stay	127.72046	34.64236
딜리버리&테이크아웃	food	127.71172	34.75679
라마다&스킨	shop	127.74829	34.71701
만원의행복&헬로블린샵	shop	127.73471	34.74127
백팩커스펍&까페	bar	127.74308	34.74516
버거스캔들&피자마루봉계점	food	127.69300	34.78455
본죽&비빔밥	food	127.70275	34.76706
본죽&비빔밥여수	food	127.63959	34.76143
본죽&비빔밥여수한국	food	127.67509	34.76124
본죽&비빔밥여천	food	127.65584	34.76575
본죽&비빔밥카페소호점	food	127.65251	34.74493
봉여사아구&뽈찜	food	127.70988	34.75738
블랙&화이트	shop	127.66392	34.76396
블랙&화이트	bar	127.70086	34.75143
빨가닭&꼬꼬무김밥	food	127.67202	34.76008
빨가닭김치찌개&찜	food	127.64388	34.77180
세아네과일&카페	cafe	127.75498	34.71787
소르르스파&수영장펜션	stay	127.61610	34.64279
스시락&맛찬	shop	127.69832	34.74931
스윗&스윗	food	127.70322	34.75473
아라메르수영장&스파펜션	stay	127.61595	34.64299
아영&효미	bar	127.64986	34.77659
아영&효미술마시는노래방	bar	127.64986	34.77659
아이&맘	shop	127.64699	34.77221
어풍선어&활어	food	127.75503	34.71767
에스&더블유상사	shop	127.71822	34.73038
여수라라랜드식당&또봉이통닭돌산점	food	127.79352	34.64447
여수맛김밥나라&밥버거	food	127.74413	34.74768
여수맛나당딸기모찌&문어빵	food	127.73537	34.73984
여수맛집감도어부&루체오	cafe	127.72316	34.73153
오렌즈&글라스박스	shop	127.70497	34.75289
오렌즈&푸른안경원	shop	127.66316	34.76569
와글와글문구&분식	shop	127.64091	34.77607
유키가츠&텐동여수	food	127.65925	34.76078
유탑마리나호텔&리조트	stay	127.75062	34.74441
입큰아구&알곤이찜	food	127.70710	34.76394
주가네김치찌개&찜여수	food	127.67202	34.76008
주가네김치찌개&찜여수여서점	food	127.70783	34.75348
지인호스텔&게스트하우스	stay	127.75150	34.71901
진블라인드&우드셔터	shop	127.66834	34.76543
청양일초여수쭈꾸미&커피스토리	food	127.70876	34.74860
커피어클락&편의점그리고해담	shop	127.71418	34.75701
컬투치킨&포차	food	127.75041	34.74353
쿵푸티&플라워	cafe	127.74035	34.74312
큐&큐당구클럽	activity	127.70026	34.75119
큐비&맘	shop	127.69940	34.74620
킴브로스피자&파스타	food	127.66822	34.76230
토토헤로스&에꼴리에	shop	127.66911	34.76144
통큰두마리찜닭&수원왕갈비통닭	food	127.70458	34.75417
픽픽샌드위치&샐러드	cafe	127.74105	34.74295
한옥마을비빔밥&솥밥	food	127.72153	34.72838
항아리치킨&상하이깐풍기	food	127.72089	34.73235
해리스가든웨딩&파티	food	127.66661	34.77126
아라&마루 호스텔	stay	127.72525	34.73301
활어&선어1번지	food	127.72200	34.73258
자담치킨&호프cafe	food	127.70105	34.75045
스윔샵돌핀&Cafeteria카페테리아	cafe	127.71886	34.76048
가챠#	shop	127.73490	34.74075
금오도스쿠버다이빙#	activity	127.76210	34.53487
노을드림#	stay	127.58511	34.74428
뽀꾸빵뽑기#	activity	127.67095	34.74691
동동책+방	cafe	127.67383	34.75896
007노래연습장	activity	127.65616	34.75468
007실내마차	bar	127.64998	34.77604
포시즌리조트리베라03	stay	127.57182	34.77891
홍콩반점0410	food	127.70569	34.75489
홍콩반점0410여수	food	127.66638	34.75885
아뜰리에0417	cafe	127.69602	34.75055
포시즌리조트리베라07	stay	127.57201	34.77861
포시즌리조트리베라08	stay	127.57168	34.77826
1℃맥주	bar	127.69300	34.75466
1도씨맥주	bar	127.65584	34.75435
1번가호텔	stay	127.70381	34.75190
1층맥주	bar	127.65061	34.77409
까투리죽림부영1차점	food	127.64037	34.76279
꽃돌게장1번가	food	127.72599	34.73309
로또1등	activity	127.69891	34.75400
롯데제과롯데케미칼첨단소재사업여수1식당푸	food	127.67991	34.81316
롯데제과여수1공장점	food	127.67816	34.82064
마린보이코다리1번가	food	127.71339	34.72735
마린테라스1	stay	127.63300	34.66360
무선1번지	food	127.64759	34.77362
봉산1로	food	127.72289	34.73399
씨유와이엔씨씨1공장점	shop	127.67766	34.81977
여수과일1번지	shop	127.67706	34.74879
이순신1인텔	stay	127.66490	34.76200
제1매운공장	food	127.66556	34.75928
해장1번지	food	127.67642	34.73936
휴대폰1번가	shop	127.73496	34.74042
1.2.3노래연습장	activity	127.66946	34.76162
엑스포1#	stay	127.75003	34.72076
1%노래타운	bar	127.75026	34.72007
10억식당	food	127.64285	34.77489
포시즌리조트리베라10	stay	127.57170	34.77847
100년도가식당	food	127.54127	34.60773
건강100세한약국	shop	127.70781	34.75946
낭만포차100도포차	food	127.74793	34.73723
여수낭만100도포차	food	127.74835	34.73697
여수낭만포차100도	food	127.74701	34.73771
카페1001	cafe	127.65613	34.77651
펍1001	food	127.65672	34.77715
낭만1004	shop	127.74605	34.73821
까사1019	shop	127.73207	34.65819
스테이105	stay	127.77420	34.69506
봄날공방까페1077	shop	127.74162	34.74505
11번가	bar	127.66446	34.75973
1일1족	food	127.74762	34.74489
포시즌리조트리베라11	stay	127.57225	34.77855
구봉111	bar	127.72200	34.73258
관문1118	stay	127.73743	34.74169
1151갤러리	shop	127.63995	34.72492
1151카페	cafe	127.63995	34.72492
옥매트119유통	shop	127.72716	34.74038
1194번지	food	127.63784	34.76366
1박2일식당	food	127.77135	34.69581
구봉길12실내포차	bar	127.71337	34.72887
1길20하우스	stay	127.65492	34.75467
유탑마리나1209호	stay	127.75062	34.74441
영진상회수협중매인121호	shop	127.73434	34.73939
유탑마리나1210호	stay	127.75062	34.74441
베트남123조	food	127.70232	34.75225
오차드123	stay	127.56766	34.72629
주니어1234	activity	127.67642	34.73936
선원동1256	cafe	127.65162	34.77174
건어물중매인128호	shop	127.73453	34.73939
공존129	food	127.66582	34.75800
비긴13	stay	127.79360	34.64927
중매인133호	shop	127.73377	34.73942
해넘이길133	cafe	127.56130	34.79505
건어물중매인138호	shop	127.73453	34.73953
공정1390	stay	127.57697	34.63855
선어중매인14호	food	127.72374	34.73507
포시즌리조트리베라14	stay	127.57210	34.77813
포시즌리조트리베라15	stay	127.57258	34.77833
바다153	stay	127.74489	34.73908
봄날153	food	127.73093	34.74184
아리랑153호떡	food	127.66790	34.76275
아쿠아153	stay	127.65277	34.74513
이목1535	stay	127.55940	34.66213
155	cafe	127.54799	34.81028
155가든	shop	127.54808	34.81041
무선157카페	food	127.63522	34.77480
낭만포차16번여수로해물삼합포차	bar	127.74821	34.73708
너랑나랑17번	food	127.72910	34.73925
봄177	food	127.74314	34.73769
낭만포차18번	food	127.74748	34.73747
낭만포차18번	food	127.74701	34.73771
19번사랑도	food	127.67320	34.76438
대패가1900	food	127.70242	34.75306
대패가1900여수	food	127.67069	34.75849
삼학1947	stay	127.74525	34.73908
삼학1947별관	stay	127.73803	34.73812
새마을주막1969	bar	127.70105	34.74700
1978맥주	bar	127.65033	34.76072
1979숯불	food	127.63673	34.76295
1979숯불무선점	food	127.64986	34.77659
1989마라탕	food	127.72428	34.73800
학동199	food	127.65736	34.75717
1992키친	food	127.70817	34.75263
2층맥주	bar	127.64371	34.77422
까르마풀빌라2	stay	127.73141	34.65590
낭만포차2번바다향기	food	127.74793	34.73723
낭만포차2번외상은옆집으로	food	127.74642	34.73798
낭만포차2층삼합	food	127.73907	34.73783
동고지2호민박	stay	127.81851	34.49637
문화2길	food	127.70292	34.75325
미남호2층식당	food	127.73725	34.72945
미하스빌2	stay	127.79465	34.66038
사계에반하다2	stay	127.76355	34.69580
섬마을2	stay	127.72227	34.64088
성심푸드2	food	127.66404	34.75942
쉴모텔2	stay	127.63938	34.72442
스트라이크존학동2구장	activity	127.66694	34.75912
스포렉스2층매점	shop	127.70302	34.75068
엑스포해수피아2층매점	shop	127.71302	34.72595
오동도2	stay	127.74668	34.73790
원조낭만포차2번거문도은갈치	food	127.74605	34.73821
잠수기2호횟집	food	127.71298	34.72502
커피나무2	stay	127.56822	34.79043
키즈다쿵2	activity	127.67642	34.73936
투모아2	bar	127.70796	34.75326
하늘보라2	stay	127.78305	34.66962
해영2호	shop	127.62773	34.63021
큐이디2%골프아카데미	activity	127.67537	34.74143
2002당구회관	activity	127.70354	34.77021
2014정씨부엌	food	127.65525	34.75362
2019.물벼락만화카페	cafe	127.73256	34.74059
2026 섬 방문의 해	event	127.73637	34.73958
2026 남도 K-가든 페스티벌	event	127.70812	34.75555
마고205	food	127.65938	34.75759
이태리로207	food	127.67877	34.74818
21세기반점	food	127.72367	34.75527
21세기상사	shop	127.66896	34.79169
21세기소주호프	bar	127.72775	34.74382
21세기할인마트	shop	127.65125	34.77232
뷰21	stay	127.61633	34.64488
스타일21번가	shop	127.66676	34.75993
여천21세기	food	127.66466	34.75939
페이지214	shop	127.67791	34.74945
낭만샐러드215	food	127.74177	34.74144
얼음왕국아이스크림할인점여수죽림22	shop	127.63719	34.76750
제22회 대한민국청소년박람회	event	127.74709	34.75095
2월22일	shop	127.63988	34.76528
23번가	food	127.66637	34.75783
23번자매실내마차	food	127.72827	34.73916
낭만포차23번미스터삼합왕	food	127.74701	34.73771
여수235	stay	127.73736	34.73174
24게스트하우스	stay	127.74480	34.74749
24번실내마차	bar	127.72945	34.74084
24시대감집해장국	food	127.65742	34.75698
24시전주명가콩나물국밥여수	food	127.66396	34.75968
24시편의점여수	shop	127.73686	34.74019
견생냥품무인24시여수	shop	127.63707	34.76296
견생냥품무인24시여수웅천점	shop	127.67518	34.74861
견생냥품무인24시여수충무동점	shop	127.73094	34.74062
낭만24포차	food	127.74703	34.73774
낭만포차24	food	127.74701	34.73771
당구카페24	food	127.65050	34.77759
더리터24	cafe	127.73619	34.74087
마이카페24	cafe	127.72246	34.73324
범짐24	activity	127.74544	34.75363
신촌해장국24시	food	127.66446	34.75909
씨스페이스24여수낭만포차점	shop	127.74668	34.73790
씨유펫무인24시	shop	127.66014	34.76132
얼음과자24	shop	127.70250	34.77108
얼음과자24고소점	shop	127.74175	34.73814
얼음과자24미평점	shop	127.70916	34.76923
얼음과자24봉계점	shop	127.69405	34.78372
얼음과자24새터로점	shop	127.67696	34.76382
얼음과자24아이스크림	shop	127.67526	34.75984
얼음과자24아이스크림	shop	127.70336	34.75703
얼음과자24아이스크림세계과자할인점	shop	127.63522	34.77480
얼음과자24아이스크림세계과자할인점	shop	127.69361	34.75467
얼음과자24여수현대점	shop	127.69977	34.74767
여수포인트24시낚시	shop	127.65759	34.74795
올쿡24여수여서점	shop	127.70735	34.75388
이마트24	shop	127.74696	34.75083
이마트24여수	shop	127.73293	34.82580
이마트24여수	shop	127.75635	34.79457
이마트24여수	shop	127.72385	34.73009
이마트24여수	shop	127.72377	34.73563
이마트24여수	shop	127.66516	34.75812
이마트24여수	shop	127.63304	34.79360
이마트24여수고소점	shop	127.74227	34.73815
이마트24여수국동대로점	shop	127.72099	34.72691
이마트24여수국동오션점	shop	127.71434	34.72576
이마트24여수나진점	shop	127.61338	34.70729
이마트24여수낭만바다점	shop	127.76732	34.69315
이마트24여수낭만포차점	shop	127.74993	34.73689
이마트24여수넘너리점	shop	127.70488	34.72172
이마트24여수만성	shop	127.74592	34.77366
이마트24여수무선점	shop	127.65213	34.77505
이마트24여수미평동점	shop	127.70265	34.76760
이마트24여수바다루지점	shop	127.62237	34.68699
이마트24여수삼동	shop	127.65972	34.79527
이마트24여수상암로점	shop	127.73988	34.83394
이마트24여수스위트엠점	shop	127.65695	34.76128
이마트24여수어항단지로점	shop	127.71213	34.72562
이마트24여수엑스포	shop	127.74472	34.74841
이마트24여수여문점	shop	127.70178	34.75182
이마트24여수연등점	shop	127.72460	34.75574
이마트24여수오림점	shop	127.71535	34.75649
이마트24여수오션힐점	shop	127.74639	34.71870
이마트24여수이순신	shop	127.73800	34.73844
이마트24여수주삼점	shop	127.65495	34.79013
이마트24여수죽림힐스점	shop	127.63096	34.76222
이마트24여수진두	shop	127.73943	34.73302
이마트24여수해양공원점	shop	127.74489	34.73908
이마트24여수흥국점	shop	127.66959	34.76196
이마트24웅천디아일랜드점	shop	127.67231	34.74277
이마트24호텔케니	shop	127.73165	34.74128
커피하우스24	cafe	127.70276	34.77190
탁구발전소24	activity	127.65202	34.74536
탁구발전소24여수소호	activity	127.65202	34.74536
포트240	stay	127.79132	34.66582
이마트24R여수	shop	127.70267	34.77292
이마트24R여수문수한려점	shop	127.70450	34.75500
이마트24R여수신기점	shop	127.67941	34.76387
이마트24R여수에덴점	shop	127.71770	34.73092
이마트24R여수웅천공원점	shop	127.66967	34.74785
25모텔	stay	127.70072	34.75136
25시마차	bar	127.70706	34.75324
오피스25종각역점	shop	127.72153	34.72838
지에스25	shop	127.73765	34.75536
지에스25	shop	127.70506	34.77055
지에스25국동어항단지점	shop	127.71358	34.72552
지에스25뉴공단타운점	shop	127.64060	34.82172
지에스25돌산오션점	shop	127.74622	34.71912
지에스25돌산우두점	shop	127.74915	34.72053
지에스25돌산환영점	shop	127.74384	34.72772
지에스25문수	shop	127.69228	34.75398
지에스25봉산스트릿점	shop	127.72466	34.73484
지에스25소호주공점	shop	127.64825	34.74671
지에스25소호프레시점	shop	127.64707	34.74122
지에스25여수	shop	127.66556	34.75871
지에스25여수	shop	127.65698	34.75695
지에스25여수	shop	127.70206	34.77316
지에스25여수	shop	127.74362	34.75673
지에스25여수	shop	127.70311	34.75650
지에스25여수	shop	127.71564	34.72627
지에스25여수	shop	127.63035	34.79911
지에스25여수	shop	127.66708	34.75856
지에스25여수	shop	127.70078	34.74982
지에스25여수	shop	127.73551	34.73952
지에스25여수	shop	127.73393	34.82769
지에스25여수	shop	127.74380	34.75269
지에스25여수거북점	shop	127.66523	34.76196
지에스25여수고인돌점	shop	127.64642	34.77719
지에스25여수공항로점	shop	127.62210	34.81831
지에스25여수공화	shop	127.74330	34.74666
지에스25여수나진점	shop	127.61397	34.70779
지에스25여수남산로점	shop	127.73226	34.73599
지에스25여수도원	shop	127.65019	34.76072
지에스25여수도원초점	shop	127.65180	34.76395
지에스25여수돌산항	shop	127.72391	34.61460
지에스25여수둔덕	shop	127.70255	34.76592
지에스25여수디오션점	shop	127.64333	34.73339
지에스25여수라마다점	shop	127.74829	34.71701
지에스25여수루지점	shop	127.64146	34.74791
지에스25여수모아점	shop	127.65187	34.75701
지에스25여수무선로점	shop	127.65335	34.77558
지에스25여수베네치아점	shop	127.75186	34.74581
지에스25여수봉강점	shop	127.72070	34.74248
지에스25여수부영	shop	127.70399	34.74857
지에스25여수산단로점	shop	127.66868	34.80755
지에스25여수석창	shop	127.66387	34.78725
지에스25여수선경	shop	127.70182	34.77141
지에스25여수소노캄점	shop	127.75442	34.74239
지에스25여수소라점	shop	127.62789	34.75006
지에스25여수소호동동점	shop	127.65208	34.74458
지에스25여수소호점	shop	127.65647	34.75466
지에스25여수송소점	shop	127.64139	34.72764
지에스25여수시민회관점	shop	127.72886	34.74607
지에스25여수신기	shop	127.66910	34.75853
지에스25여수신기점	shop	127.67430	34.76152
지에스25여수신라스테이점	shop	127.74870	34.74414
지에스25여수아주타운점	shop	127.69044	34.78383
지에스25여수애양	shop	127.62485	34.84331
지에스25여수여서로점	shop	127.70428	34.75250
지에스25여수여양점	shop	127.63288	34.79238
지에스25여수예술랜드점	shop	127.77646	34.69457
지에스25여수오동도점	shop	127.75077	34.74273
지에스25여수주삼점	shop	127.65588	34.78932
지에스25여수죽림주공점	shop	127.63759	34.77448
지에스25여수충무점	shop	127.73078	34.74216
지에스25여수하멜등대점	shop	127.74793	34.73723
지에스25여수한려점	shop	127.69017	34.76648
지에스25여수한화솔루션점	shop	127.66659	34.81745
지에스25여수해양공원점	shop	127.73950	34.73775
지에스25여수화산점	shop	127.64010	34.77165
지에스25여수화장점	shop	127.64548	34.77628
지에스25여수흥화점	shop	127.69931	34.75057
지에스25여천	shop	127.66435	34.75951
지에스25웅천	shop	127.67705	34.74142
지에스25웅천마린점	shop	127.69054	34.74705
지에스25웅천애시앙점	shop	127.68821	34.74584
지에스25웅천트리마제점	shop	127.67509	34.74374
지에스25웅천포레스트점	shop	127.68700	34.74684
지에스25죽림	shop	127.63957	34.76188
지에스25죽림호반점	shop	127.63633	34.76593
지에스25지웰	shop	127.67001	34.74943
지에스25한화여수벨메르점	shop	127.67231	34.74277
숙회대첩250	food	127.66111	34.75864
지에스25GS칼텍스묘도대교점	shop	127.71237	34.87990
지에스25여수GS점	shop	127.70584	34.75333
교동포차26번	bar	127.72956	34.74071
도도27호스텔	stay	127.73866	34.75050
두언27	stay	127.54169	34.83715
270디그리	activity	127.67322	34.74541
28청춘마차	food	127.68958	34.78424
29커피	cafe	127.73205	34.73833
3대여수딸기모찌돌산	food	127.75370	34.71538
3층당구장	activity	127.57003	34.88317
3코스식당	food	127.74129	34.50783
3플러스	bar	127.70317	34.75271
까르마풀빌라3	stay	127.73137	34.65614
라운드3인형뽑기	activity	127.66582	34.75800
사계에반하다3	stay	127.76366	34.69557
씨유와이엔씨씨3공장점	shop	127.65713	34.81771
잠수기3호 횟집	food	127.71298	34.72503
3.3	food	127.67242	34.75965
30년불멸의닭발	food	127.64822	34.76068
마레뷰301	stay	127.65674	34.75512
여수비치펜션304호	stay	127.74605	34.73821
3050	shop	127.73177	34.74193
3학년1반	bar	127.70422	34.75213
배스킨라빈스31소호점	food	127.65295	34.74526
배스킨라빈스31여수충무점	food	127.73171	34.74087
웅천베이원파크316호	stay	127.67416	34.74311
웅천베이원파크317호	stay	127.67416	34.74311
여수낭만포차32번낭만도시	food	127.75020	34.73646
낭만상회33번포차	food	127.74626	34.73807
3구4구당구장	activity	127.63835	34.77339
시그마360	cafe	127.65196	34.74445
365의전	shop	127.65335	34.77230
365일정성약국	shop	127.65402	34.75432
낭만섬365	food	127.74949	34.73653
아이스365아이스크림할인점	shop	127.63944	34.76401
아이스365아이스크림할인점무선점	shop	127.65161	34.77248
아이스365아이스크림할인점소호점	shop	127.64707	34.74122
아이스365아이스크림할인점여서점	shop	127.70730	34.75421
아일랜드365	stay	127.74207	34.73736
놀스365 본점	food	127.74650	34.75219
37.5도	bar	127.70496	34.75369
37.5룸소주방	bar	127.70496	34.75369
메르38	food	127.65759	34.74795
읍천리382	cafe	127.66056	34.76627
디저트39여수	cafe	127.66887	34.75910
디저트39여수	cafe	127.73460	34.74143
디저트39웅천점	cafe	127.68115	34.74988
여수39수산	shop	127.78123	34.64081
클리프39	stay	127.75681	34.79971
3H여서센터	shop	127.70113	34.75174
모아3X	shop	127.73287	34.74104
41번포차	bar	127.72149	34.73371
까사413민박	stay	127.78202	34.67145
꽃밭415	cafe	127.58482	34.71834
테그42여수관문점	food	127.74132	34.74182
앳등사이로425cafe	cafe	127.76766	34.82092
낭만포차44번라운지	bar	127.74642	34.73798
교동440	cafe	127.73456	34.73996
토리450	food	127.73661	34.74032
4F룸소주방	bar	127.66664	34.75875
5번가실내마차	bar	127.70783	34.75348
5스튜디오	shop	127.68462	34.74931
5코스민박식당	food	127.79051	34.48970
5호횟집	food	127.72098	34.73264
신해양오동도낭만포차5번	food	127.73694	34.74046
업텐브로피자5	food	127.67791	34.74798
잠수기수협5-1호횟집	food	127.71208	34.72471
으뜸50안경	shop	127.70038	34.75203
505스토리	shop	127.69372	34.75472
더505	shop	127.67231	34.74277
523밀라그로	stay	127.77603	34.67888
소설53	stay	127.73252	34.74235
바로53Beer	food	127.69228	34.75398
이대54	stay	127.58037	34.73588
코브541	stay	127.73731	34.55109
슈가몽544	stay	127.73844	34.73957
58커피	cafe	127.66930	34.80742
모도리586	cafe	127.73120	34.73917
남파랑59펜션	stay	127.59069	34.75320
여수남파랑59펜션	stay	127.59069	34.75320
5B2F	food	127.62754	34.74363
6차호프	bar	127.70204	34.75099
잠수기수협6호횟집	food	127.71298	34.72502
투다리부영6차풍성점	bar	127.70131	34.75005
6&9모텔	stay	127.64994	34.77705
60계전남	food	127.70409	34.77072
60계전남여수여서	food	127.70517	34.75455
60계치킨여수	food	127.63928	34.76148
60계치킨여수웅천점	food	127.67088	34.74627
60계치킨여수충무점	food	127.72802	34.74387
추적60병	food	127.63762	34.77435
남산동65번지	food	127.73198	34.73187
화태65	stay	127.73547	34.57675
루트69	bar	127.66518	34.75945
7곡제면소여수	food	127.65990	34.75807
7공주식당	food	127.65696	34.75900
7공주장어탕	food	127.73068	34.73915
7번가피자	food	127.69982	34.75051
7번가피자여수	food	127.65462	34.77319
성인7오락실	activity	127.73009	34.74255
철인7호치킨	food	127.69455	34.74963
제7회 섬의 날	event	127.74709	34.75095
예술마을705	stay	127.62856	34.78490
7080노래연습장	activity	127.75076	34.71956
7080노찾사	bar	127.70199	34.75202
7080라이브청춘	bar	127.64995	34.77672
7080바다이야기	food	127.70990	34.75236
7080불야성	bar	127.70554	34.75319
7080스텐드	bar	127.66494	34.75879
7080유람선	bar	127.73117	34.74222
7080촛불잔치	bar	127.64782	34.77517
강남라이브7080	bar	127.74993	34.72060
나폴리7080	bar	127.73522	34.74063
더킹7080	bar	127.64819	34.77494
둥지7080라이브	bar	127.70582	34.75374
로또7080	bar	127.70349	34.75254
마실7080	bar	127.70198	34.75167
모여라7080	bar	127.70510	34.75296
박난다7080라이브	bar	127.70354	34.77021
보보스라이브7080	bar	127.64932	34.77534
부킹7080	bar	127.66443	34.75821
송골매7080라이브	bar	127.64995	34.77564
수성궁7080	bar	127.70412	34.75370
쌈바7080	bar	127.64886	34.77674
썸씽7080라이브	bar	127.66542	34.75672
엣지라이브7080	bar	127.70311	34.75309
잼7080	food	127.70261	34.75282
잼7080라이브	bar	127.70261	34.75282
축제7080	bar	127.66693	34.75885
7090비바체	bar	127.70331	34.75348
마이다스720요트선내매점	shop	127.73725	34.72945
스테이732	stay	127.74332	34.74722
여문74	bar	127.70054	34.75091
77돌담한옥	stay	127.64023	34.61997
갯뻘소리낭만포차77번	food	127.74979	34.73646
7890노래타운	bar	127.64986	34.77659
7890룸소주방	bar	127.64986	34.77659
79대포미평점	bar	127.70263	34.77066
79대포여수여서점	bar	127.70126	34.75071
낭만한잔79포차	food	127.74626	34.73807
자바79	shop	127.66961	34.75974
꼬치7942	food	127.70525	34.75356
낭만82	food	127.74133	34.73739
또낭만82	food	127.74133	34.73739
스윗824	cafe	127.65899	34.76055
평사리85-7	stay	127.78780	34.66233
윈86당구클럽	activity	127.73160	34.73996
88상회	food	127.65569	34.76591
88한꾼에	bar	127.72956	34.74071
드림88	shop	127.67014	34.76216
여수낭만포차88번	food	127.74701	34.73771
어썸9	shop	127.71093	34.75058
오늘도9차	bar	127.69434	34.75436
칸꼬시9차점	food	127.69411	34.75417
투사랑부영9차점	bar	127.69385	34.75473
건어물중매인90호전일상회	shop	127.73472	34.73940
오아시스90	stay	127.58511	34.73864
오아시스90	stay	127.58522	34.73896
9094우리집	food	127.69431	34.74948
건어물중개인91호	shop	127.73310	34.73944
더뷰917	stay	127.78085	34.69034
건어물중매인95호	shop	127.73444	34.73940
티롤978	food	127.56162	34.80394
98누메로	cafe	127.75517	34.79718
99통삼겹신기점	food	127.67607	34.76434
낭만포차99	food	127.74835	34.73697
여천맥주99.3	bar	127.65771	34.75716
아이트라움A	stay	127.78476	34.66953
여수유하우스펜션A동	stay	127.61597	34.72501
와우펜션A동	stay	127.56434	34.72433
위드어스스테이A	stay	127.71160	34.73251
제이플러스펜션A동	stay	127.56955	34.65079
파우제키즈풀빌라A	stay	127.73246	34.82418
포레나여수웅천디아일랜드A동1층119호	food	127.67231	34.74277
스테이Ahn	stay	127.73781	34.74331
롯데몰ANDZ	shop	127.72153	34.72838
아네트ANNETTE	cafe	127.67509	34.74374
카페ARA아라	cafe	127.63109	34.71881
감성숙소Arihouse	stay	127.73850	34.75079
담장Art	shop	127.66982	34.75965
그로우B	stay	127.56064	34.67798
낭만투스테이B	stay	127.76037	34.69886
썬힐B	stay	127.75150	34.73157
아이트라움B	stay	127.78489	34.66947
어웨이브B	stay	127.59140	34.75181
여수게스트하우스벨루가B	stay	127.74367	34.74726
여수유하우스펜션B동	stay	127.61616	34.72498
위드어스스테이B	stay	127.71142	34.73258
B.B.Q웅천점	food	127.67840	34.74003
여수게스트하우스플라잉피그B&B	stay	127.74303	34.74727
망마B2B솔루션	shop	127.66248	34.76239
웅천골드클래스더마리나B동3502호	stay	127.67370	34.74556
Babara(바바라)	shop	127.63892	34.76273
야해bambada	food	127.74605	34.73821
뱀부Bamboo	cafe	127.68581	34.82719
BBQ	food	127.67241	34.76178
BBQ여수	food	127.66094	34.76094
여수바다마루BBQ	food	127.74684	34.73091
카페BEAU	cafe	127.73827	34.73971
Best휘트니스센타	activity	127.66676	34.75993
BHC비어존여수	food	127.66614	34.75749
BHC여서점	food	127.70355	34.75367
BHC치킨	food	127.69666	34.78442
BIG-O쇼 (빅오쇼)	heritage	127.74697	34.75083
BioTech	activity	127.64492	34.77156
밤Blanc블랑	food	127.66435	34.75951
정원BNB	stay	127.74625	34.73892
소호BOM	food	127.64959	34.73891
봉봉bonbon	shop	127.66943	34.75933
퍼펙트뮤직BOX	bar	127.66538	34.75695
BRB헬스케어	shop	127.66593	34.76030
BTR여수	shop	127.73550	34.74139
BYC선경점	shop	127.70229	34.77192
학동BYC	shop	127.66333	34.76474
BYC;보디가드	shop	127.65180	34.77247
BYC.아주상사	shop	127.66890	34.76097
낭만투스테이C	stay	127.76037	34.69886
뉴제이플러스펜션C동	stay	127.56995	34.65085
여수펜션C호텔	stay	127.74827	34.75647
호텔C.F	stay	127.72400	34.73323
피읖Cafe피읖카페	food	127.76409	34.71315
Cafe-100	cafe	127.70349	34.75192
골프존파크둔덕CC	activity	127.69809	34.78516
CCK모텔	stay	127.71603	34.75729
CE편의점	shop	127.74343	34.73294
CJFW여수돌산점)투썸	cafe	127.74153	34.73059
쿠잉Cooing	shop	127.66849	34.75998
CU여수	shop	127.65525	34.75467
CU여수우체국점	shop	127.66490	34.76200
비지에프휴먼넷CU여수	shop	127.61399	34.84023
뉴제이플러스펜션D동	stay	127.57005	34.65072
핫도그day	cafe	127.69228	34.75398
DC마트	shop	127.70812	34.72423
DC마트미평점	shop	127.70845	34.76713
DC할인마트	shop	127.71358	34.72552
선원DC마트	shop	127.71665	34.72676
행복드림DC마트	shop	127.69975	34.74703
파스쿠찌여수죽림DI	cafe	127.62822	34.76076
디마레호프DiMareHof	food	127.75186	34.74581
씨유DL케미칼여수	shop	127.66190	34.76317
한국맥도날드여수미평DT점	food	127.70589	34.76363
E마트안경	shop	127.71499	34.75792
E하우스모텔	stay	127.71718	34.75722
더제이플러스펜션E동	stay	127.57008	34.65102
빽다방여수학동E편한점	cafe	127.65751	34.76691
E-레포츠	shop	127.67053	34.76365
아e아e무인키즈룸	activity	127.65785	34.75719
ein	shop	127.73258	34.74133
중앙ENG	shop	127.72651	34.75416
한국소방ENG	shop	127.66977	34.76524
탐앤탐스여수expo점	cafe	127.75062	34.74441
더제이플러스펜션F동	stay	127.57019	34.65090
여수밤바다F&B	shop	127.74329	34.75105
청해F&B	food	127.65654	34.76332
카페FF	cafe	127.72906	34.74389
FIT1:1studio	activity	127.70516	34.75344
풋조이FJ	shop	127.72153	34.72838
코오롱인더스트리FNC부문브렌우드여천학동	shop	127.66716	34.75974
건강을담은Fruit	shop	127.66395	34.76378
G모텔	stay	127.70450	34.75229
G.Q신사화	shop	127.73191	34.74092
어썸GDR골프아카데미	activity	127.71239	34.74914
자이언트GDR연습장	activity	127.65951	34.76401
GO정보통신	shop	127.66429	34.76267
GRIDA(그리다 리조트)	stay	127.74544	34.72020
현대그린푸드gs칼텍스여수식당	shop	127.69216	34.85583
GS골프	activity	127.65066	34.76121
GS칼텍스 예울마루	heritage	127.66543	34.75069
GS25	shop	127.69401	34.74963
GS25도원	shop	127.65684	34.76074
GS25돌산	shop	127.75257	34.72285
GS25돌산	shop	127.74153	34.73059
GS25돌산청솔점	shop	127.75513	34.71813
GS25무선주공점	shop	127.65013	34.77265
GS25미평원룸점	shop	127.70642	34.76816
GS25봉산타운점	shop	127.72122	34.73387
GS25신월	shop	127.70856	34.72456
GS25여서공원점	shop	127.70276	34.75370
GS25여서부영	shop	127.70131	34.75005
GS25여서원룸점	shop	127.70867	34.75096
GS25여수	shop	127.68186	34.82634
GS25여수	shop	127.65301	34.75470
GS25여수	shop	127.72408	34.73224
GS25여수경찰서점	shop	127.74001	34.74140
GS25여수동양점	shop	127.57003	34.88317
GS25여수무선점	shop	127.64837	34.77676
GS25여수여문	shop	127.70541	34.75387
GS25여수향일암점	shop	127.80407	34.59465
GS25웅천지웰점	shop	127.67166	34.74749
다짐다GYM	activity	127.70426	34.76833
조아GYM	activity	127.63893	34.76451
훈GYM헬스	activity	127.69647	34.75442
H모텔	stay	127.72608	34.73394
H1H	shop	127.66333	34.76474
희희커피여수HEEHEECOFFEE	cafe	127.64189	34.77224
여수home	cafe	127.67211	34.76083
예쁜도시Hope	food	127.68354	34.74845
HS관광호텔	stay	127.75003	34.74320
필I	bar	127.66443	34.75821
갤러리오브세라Ⅱ	shop	127.67231	34.74277
스위티Ⅱ펜션민박	stay	127.75289	34.72212
팡팡Ⅱ노래타운	bar	127.66530	34.75801
낭만in호스텔	stay	127.74327	34.74605
라마다in펀존	activity	127.74829	34.71701
카페in	cafe	127.60221	34.74807
하얀고래in백야	stay	127.63955	34.61858
여수INN	stay	127.74271	34.74504
호텔JCS골프존파크	activity	127.75732	34.70380
JUNE'S House민박	stay	127.58501	34.74376
슈퍼스타K룸소주방	bar	127.70518	34.75380
K그랜드 호스텔	stay	127.73105	34.74008
K-PARK(케이파크)	stay	127.76158	34.69973
K펜션;호스텔	stay	127.74418	34.73942
밀로스풀빌라K101호	stay	127.78246	34.67179
K2여수	shop	127.73379	34.74110
K2여수여천MS	shop	127.66919	34.75898
한솥도시락여수KBS앞점	food	127.74105	34.74295
KD공조	shop	127.67381	34.76315
KEY WEST	stay	127.73950	34.73780
KITCHEN106	food	127.64946	34.74061
코하koha	cafe	127.67756	34.74704
Lee당구클럽	activity	127.65775	34.76031
Lee테크	shop	127.73160	34.73996
LF여수헤지스	shop	127.66661	34.76001
LF여수교동TNGT	shop	127.73379	34.74110
LG전자 베스트샵 여수점	shop	127.70853	34.76153
아워홈신LG화학여수SM점	shop	127.70535	34.85850
블루진LiveCafe	food	127.74592	34.72000
텐노쇼군ll	food	127.66578	34.75738
여수LoptHouse	stay	127.75273	34.71544
프로젝트M	shop	127.72153	34.72838
무선MDR골프아카데미;프렌즈스크린무선점	activity	127.64770	34.77543
메가MGC커피여수	cafe	127.63957	34.76188
메가MGC커피여수여서점	cafe	127.70035	34.74836
에스테틱MIN	shop	127.66716	34.75974
MJ관광호스텔	stay	127.75091	34.74254
MJ모텔	stay	127.70038	34.75070
MK상사여수타일	shop	127.71099	34.75838
MLB	shop	127.73392	34.74159
MLB여수	shop	127.66816	34.75978
MooL클럽	bar	127.66397	34.75884
하늘MOON	food	127.69799	34.75427
지MTouristHostel	stay	127.70769	34.72317
피티n발란스	activity	127.64400	34.77294
스페이스N	bar	127.64941	34.74029
심플소잉NCC	shop	127.74413	34.75482
NCNP	cafe	127.74619	34.77321
NS산업	shop	127.71411	34.75795
술마시는O.K노래타운	bar	127.70537	34.75431
OA시스템	shop	127.66983	34.76379
디지털OA	shop	127.65954	34.76082
삼보OA정보통신	shop	127.66946	34.76395
여수OA가구	shop	127.67161	34.76156
여수OA랜드	shop	127.64321	34.77692
월드OA가구	shop	127.66305	34.76717
환희컴퓨터OA	shop	127.72893	34.74837
참숯OK목장	food	127.66602	34.75755
여천P.A.T	shop	127.67067	34.76174
파크랜드P.L스쿨웨어	shop	127.66823	34.76261
밀로스풀빌라P101호	stay	127.78253	34.67154
밀로스풀빌라P102호	stay	127.78257	34.67141
PAJU명가	food	127.73178	34.73860
PAT	shop	127.73181	34.74090
PAT 여수점	shop	127.73211	34.74100
반지pc	activity	127.72402	34.73268
PC방임대	activity	127.66333	34.76474
PC캠프	shop	127.72505	34.75464
PC홀릭	activity	127.70387	34.77264
골드PC	activity	127.65057	34.77663
골드PC방	activity	127.66503	34.75892
놀러와PC존	activity	127.65128	34.74445
놀자PC	activity	127.65057	34.77730
다이아몬드PC방	activity	127.64998	34.77604
데빌PC	activity	127.70386	34.77030
라스베가스PC방	activity	127.65885	34.75680
루PC방	activity	127.70336	34.75246
머니PC방	activity	127.72251	34.73624
모모PC방	activity	127.67195	34.74649
반지PC	activity	127.72402	34.73268
봉PC방	activity	127.72362	34.73120
부삼PC	activity	127.66672	34.75839
스타PC	activity	127.72504	34.73246
스타덤PC여수	activity	127.66722	34.75899
스피드PC	activity	127.74113	34.74313
스피드PC방	activity	127.74113	34.74313
스피드PC방	activity	127.72587	34.73967
승리PC방	activity	127.64175	34.77383
시크릿PC	activity	127.64863	34.77655
싸이버월드PC방	activity	127.66243	34.76535
아이센스리그PC방여수	activity	127.65629	34.76408
아이센스리그PC방여수무선점	activity	127.63850	34.77345
여수무선PC방	activity	127.64942	34.77333
오엑스PC여수여서동점	activity	127.70090	34.75011
우노PC방	activity	127.70549	34.75362
위너PC방	activity	127.63835	34.77339
이네이처PC방	activity	127.72329	34.73430
인터로드PC방	activity	127.70369	34.77026
짱PC방	activity	127.70497	34.75289
킹콩PC	activity	127.65013	34.77265
타이탄PC방	activity	127.70387	34.75229
탑플레이스PC방	activity	127.73204	34.74143
팡팡PC	activity	127.64906	34.77664
팡팡PC게임장	activity	127.70354	34.77021
플라이PC	activity	127.65087	34.77425
피에스타PC방여수	activity	127.66702	34.75882
해피런PC	activity	127.72317	34.73345
아지트PCZone	activity	127.70672	34.75096
삼동이petsalon	shop	127.65871	34.76078
피에스PS파스타	food	127.73476	34.74071
미스터Q당구클럽	activity	127.64318	34.77495
진주Qua'n	food	127.72146	34.73205
고봉S	bar	127.74309	34.75329
큰언니S.T	shop	127.73504	34.74043
S&P어소시에이츠주	cafe	127.72092	34.74394
밀로스풀빌라S103호	stay	127.78239	34.67193
SEASTAR호스텔씨스타	stay	127.65791	34.74730
SG골프	activity	127.70349	34.75254
SI메디컬	shop	127.74817	34.72424
여수휴대폰성지SJ여서점	shop	127.70480	34.75285
SK네트웍스워커힐다락휴	stay	127.74696	34.75083
해태sp	shop	127.72867	34.74229
여수STAY민박	stay	127.77586	34.67998
Suk의류;보세	shop	127.66335	34.76974
프라임SVC	shop	127.64778	34.77790
시완짐SWG	activity	127.65066	34.76121
T-모텔	stay	127.66221	34.76587
티스테이Tea-Stay	stay	127.72913	34.73837
THE여수우두민박	stay	127.74571	34.73198
호텔THEB	stay	127.66599	34.75690
TheStar오토캠핑장	stay	127.78198	34.71824
여수TNF	shop	127.67030	34.75859
신성통상TOPTEN여수둔덕점	shop	127.69873	34.76855
모아TWO	shop	127.73287	34.74104
카페US	cafe	127.69567	34.72814
파크랜드V여수	shop	127.73348	34.74040
구름여행Vape전자담배	shop	127.67006	34.75948
여수언니담배가게VAPE	shop	127.70402	34.75438
VIP골프존	activity	127.63738	34.76414
Y아트센터	cafe	127.74083	34.74386
와이마트Y-mart주	shop	127.71162	34.72669
yeonayi연아이	shop	127.74309	34.75329
호텔YOU	stay	127.66422	34.75935
진행워터웨이YS	shop	127.67180	34.76151
