裕珍畵廊	shop	129.16658	35.16020
가가대소	food	129.16240	35.16952
가구몰	shop	129.14424	35.15933
가까운약국	shop	129.18148	35.17397
가까운약국	shop	129.15566	35.16098
가나다분식	food	129.16065	35.16585
가나다웰빙	shop	129.17777	35.16084
가나청과	shop	129.14934	35.22702
가덕도	food	129.12202	35.20697
가득피자	food	129.15764	35.16422
가든	food	129.12121	35.19212
가든식당	food	129.13973	35.17493
가든인	stay	129.16048	35.16048
가든인송정	stay	129.20226	35.18073
가든장여관	stay	129.13144	35.20076
가라지	activity	129.16621	35.16716
가마로강정	food	129.15985	35.16193
가마솥	food	129.17160	35.16886
가마솥국밥	food	129.16134	35.16331
가마솥보리밥	food	129.12935	35.19663
가마치옛날통닭	food	129.14938	35.22410
가마치통닭	food	129.12443	35.18588
가마치통닭	food	129.14692	35.15664
가마치통닭구남점	food	129.16250	35.16188
가마치통닭동부산대학역	food	129.15464	35.23261
가마치통닭반여선수촌점	food	129.12335	35.20346
가마치통닭반여점	food	129.13129	35.19997
가마치통닭본점	food	129.17563	35.17296
가마치통닭재반점	food	129.12850	35.19115
가뮤노래연습장	activity	129.17562	35.17228
가미	food	129.13132	35.16740
가민유통	shop	129.14838	35.22624
가바컴퍼니	shop	129.16247	35.16074
가배원	cafe	129.20456	35.18090
가비	food	129.17076	35.16966
가비오타	shop	129.20657	35.19000
가시어멍김밥	food	129.17574	35.16880
가야	bar	129.17552	35.17140
가야밀면	food	129.15938	35.16495
가야밀면	food	129.12774	35.19055
가야밀면	food	129.16633	35.16885
가야총포사	shop	129.15121	35.16027
가야포차	food	129.17224	35.17111
가야포차선지국	food	129.12727	35.17572
가연장미역국정찬	food	129.19948	35.18099
가온	shop	129.17678	35.16737
가온밀면	food	129.12367	35.20834
가온밀면	food	129.16319	35.16213
가원김밥	food	129.14255	35.16116
가을이네	shop	129.17563	35.17296
가이가칸일본회화관	shop	129.14324	35.15482
가이스키친	food	129.17483	35.17163
가인갤러리	shop	129.13275	35.19206
가자몰	shop	129.14424	35.15933
가정녹즙	shop	129.12319	35.18672
가정식백반	food	129.16620	35.16367
가족함밥집	food	129.12776	35.19423
가족회관신세계	food	129.12952	35.16882
가치푸드	shop	129.13938	35.17149
가헌정	food	129.17737	35.17667
간이역	bar	129.20256	35.18296
간자비어	bar	129.11778	35.18941
간절곳튀김	food	129.15499	35.23119
갈매기브루잉	bar	129.16075	35.16036
갈맷길돼지국밥	food	129.17220	35.16179
갈비	food	129.16019	35.16239
갈비가맛있다	food	129.12683	35.18865
갈비찜	food	129.17845	35.16877
감각	bar	129.12647	35.18916
감나무집추어탕	food	129.13945	35.17034
감동씨에스	shop	129.13148	35.19884
감동호텔	stay	129.20469	35.18251
감바스팩토리	food	129.17828	35.16899
감성주점산책길	food	129.17733	35.17907
감성축산	shop	129.15630	35.23188
감성커피센텀동부지청점	cafe	129.12853	35.18785
감포식당	food	129.15004	35.22542
갓쓴아구찜	food	129.17000	35.16867
갓잇해리단길점	food	129.15820	35.16485
갓텐칸타로신세계센텀시티점	food	129.12829	35.16987
갓텐코리아다이마루수산이마트	food	129.16737	35.16602
강가네손만두	food	129.13095	35.19793
강가네손만두	food	129.16241	35.16693
강가네손만두	food	129.17666	35.16916
강개홍삼	shop	129.17944	35.16739
강남	bar	129.17584	35.17091
강남가	bar	129.17271	35.17335
강남노래방	bar	129.16325	35.16203
강남돼지	food	129.15412	35.16036
강남반점	food	129.17469	35.17407
강다방	cafe	129.13973	35.17493
강다짐삼각김밥	food	129.17767	35.17098
강릉송정해변막국수	food	129.17259	35.16219
강릉현대장칼국수부산	food	129.20516	35.18157
강명수장인진심족발	food	129.17394	35.17376
강변노래연습장	activity	129.14925	35.22461
강변노래연습장	activity	129.11964	35.20362
강변본가아구찜	food	129.12193	35.20623
강변식당	food	129.20521	35.18474
강산식당	food	129.17387	35.17385
강서방국수	food	129.12607	35.19460
강아지고양이편의점콩이랜드점	shop	129.17656	35.17234
강원도횟집	food	129.13035	35.19759
강호마라	food	129.20471	35.19107
개구리	bar	129.15468	35.15992
개미집	food	129.19723	35.17844
개미집	food	129.17153	35.16765
개미집	food	129.17162	35.15968
개미집	food	129.12727	35.17572
개미집왕갈비전골	food	129.16970	35.17034
개성족발	food	129.15863	35.22961
개이득펫	shop	129.14924	35.22569
개정	food	129.12952	35.16882
객코스	food	129.16658	35.16020
갠조키즈	shop	129.13017	35.17356
갤러리	shop	129.13884	35.16677
갤러리강	shop	129.14757	35.15799
갤러리마레	shop	129.16528	35.16022
갤러리순	shop	129.14327	35.15908
갤러리식당	food	129.12367	35.18204
갤러리아	bar	129.15882	35.16092
갤러리아트숲	shop	129.18215	35.15775
갤러리안경	shop	129.17602	35.17797
갤러리안경	shop	129.16000	35.16401
갤러리조이	shop	129.17464	35.15975
갤러리포인트	shop	129.15951	35.15969
갤러리현	shop	129.17464	35.15975
갤러리호박	shop	129.12359	35.17676
갤러리휘	shop	129.18176	35.15779
갤럭시당구장	activity	129.13140	35.19840
갤럭시롯데	shop	129.13107	35.16985
갤럽악기사	shop	129.17360	35.17215
갱사통신	shop	129.15733	35.23100
갱이하우스	stay	129.16841	35.16488
갱클	activity	129.17574	35.16880
거기퓨전주막	food	129.11910	35.20114
거대갈비	food	129.16728	35.16207
거대곰탕	food	129.12952	35.16882
거대곰탕	food	129.14970	35.15836
거대숯불구이	food	129.17068	35.16219
거대통닭	food	129.15986	35.16659
거대특돈	food	129.16651	35.16193
거래처	bar	129.17640	35.17087
거룩바	food	129.17276	35.16220
거림인포레주	shop	129.17183	35.16167
거마덕미	food	129.15853	35.16485
거부기	bar	129.15468	35.15992
거부기	bar	129.13109	35.19646
거부네반찬	shop	129.17525	35.17333
거북선	food	129.12593	35.18482
거북선횟집	food	129.17396	35.15683
거북이	activity	129.12273	35.18782
거북이	bar	129.18216	35.16028
거북이금고	food	129.16273	35.16255
거북이노래연습장	activity	129.15820	35.23414
거북이동네	food	129.12651	35.18386
거성복권방	activity	129.17506	35.17762
거울나라	food	129.15209	35.22099
거인포차	bar	129.12328	35.20784
거제도야	food	129.15407	35.16016
거창순두부	food	129.16278	35.16176
거창초재중탕	food	129.15531	35.23132
거창포차	food	129.12351	35.18771
거창한슈퍼	shop	129.11848	35.19498
건강생활부산센텀지점	shop	129.17750	35.16850
건강예찬	shop	129.18001	35.17286
건강한미소복지용구	shop	129.11781	35.20846
건강한온누리약국	shop	129.12988	35.19466
건널목숯불갈비	food	129.16271	35.16699
건우식당	food	129.16805	35.16722
걸	bar	129.15596	35.15971
걸작걸쭉이반송지역자활센터	food	129.15088	35.23116
걸작떡볶이치킨부산	food	129.17940	35.16844
검정고무신	food	129.13301	35.19983
게스	shop	129.17705	35.17053
게스	shop	129.12829	35.16987
게스	shop	129.12952	35.16882
게스언더웨어신세계	shop	129.12909	35.16864
게스트하우스맥시무스	stay	129.16247	35.16074
게스트하우스원데이	stay	129.16247	35.16074
게임디좌동점	activity	129.17855	35.16969
게임존센텀지점	activity	129.12952	35.16882
게하식당	food	129.19502	35.17660
겟더무역	shop	129.20305	35.18723
겟바디핏	activity	129.16385	35.16485
겟올라잇프리즘	bar	129.16436	35.16104
견우와직녀	shop	129.11723	35.20064
결미담	food	129.16835	35.16403
경도정보통신	shop	129.17767	35.17098
경동반점	food	129.17404	35.16018
경동설렁탕	food	129.18148	35.17397
경동약국	shop	129.17845	35.16877
경동추어탕	food	129.17845	35.16877
경동플러스	shop	129.17940	35.16844
경복궁	food	129.17135	35.16715
경복문화	shop	129.20593	35.18176
경북분식	food	129.15962	35.16445
경북분식	food	129.13012	35.19651
경북분식	food	129.13019	35.19816
경북상회	shop	129.15057	35.22223
경북식당	food	129.14767	35.22721
경북횟집	food	129.17058	35.15887
경산소찌개	food	129.16886	35.16487
경성경양식	food	129.17642	35.16790
경성꽈배기	food	129.12496	35.18606
경성맥주	bar	129.14476	35.15519
경성상회	shop	129.17637	35.16532
경성칼국수돈까스	food	129.17420	35.17004
경아네아구찜	food	129.13132	35.19788
경아네착한빈대떡	food	129.12415	35.18717
경아푸드	shop	129.12476	35.19119
경원양곱창	food	129.12727	35.17572
경원해물찜	food	129.12546	35.20535
경일떡방앗간	food	129.16122	35.22836
경주빵	food	129.12952	35.16882
경주식당	food	129.14808	35.22487
경호강생오리	food	129.12904	35.18758
경호생오리돌솥밥	food	129.20334	35.18364
경희식당	food	129.12140	35.18854
경희오름한약국	shop	129.17374	35.17458
계란빵바나나빵	food	129.20280	35.18316
계판	food	129.17505	35.17405
고가우동	food	129.20240	35.18114
고고당구장	activity	129.12585	35.18581
고고요트	activity	129.13808	35.16249
고고타코스해리단길	food	129.15804	35.16557
고구려	bar	129.14692	35.15664
고구려	bar	129.15881	35.16027
고기굽는남자반여점	food	129.11778	35.19965
고기극찬	food	129.17808	35.16553
고기떼기식육점	shop	129.15534	35.23185
고기생각	shop	129.15785	35.16726
고기써는아빠들	shop	129.14333	35.15704
고기써는아빠들	shop	129.17665	35.16400
고기이불볶음밥	food	129.12628	35.19548
고깃집	food	129.12324	35.18513
고깃집부뚜막	food	129.12742	35.18919
고깃집영도	food	129.17188	35.16760
고농소머리탕	food	129.14671	35.16312
고달구이	food	129.12273	35.18782
고담	food	129.18232	35.17090
고담현불고기센텀시티본점	food	129.13235	35.17223
고당무까타	food	129.17617	35.17122
고더커피	cafe	129.17768	35.16957
고더커피	cafe	129.12922	35.17360
고더커피	cafe	129.12606	35.18808
고더커피센텀리슈빌점	cafe	129.11757	35.19103
고더커피센텀스카이비즈점	cafe	129.12451	35.17516
고동운식당	food	129.18457	35.16320
고동집	food	129.20341	35.18187
고든램지버거신세계	food	129.12952	35.16882
고래방	food	129.17463	35.17367
고래별장	food	129.15468	35.15992
고래사	shop	129.15946	35.16249
고래상회	food	129.17688	35.17352
고래서이뻐	shop	129.15839	35.16573
고래선생	food	129.15424	35.15994
고래식당	bar	129.13889	35.16966
고래야참치야	shop	129.17119	35.15851
고래와참치	bar	129.17571	35.17347
고래진식당	food	129.19905	35.18242
고래진할인마트	shop	129.19905	35.18242
고래푸드	food	129.14793	35.22625
고래향	food	129.11723	35.20064
고려약국	shop	129.12120	35.18930
고려의료기상사	shop	129.16353	35.16395
고릴라브루잉컴퍼니	bar	129.15873	35.15980
고마워토토부산	activity	129.17477	35.15956
고망고	cafe	129.16100	35.16150
고메밀면직영점	food	129.15993	35.16274
고메빵집	food	129.15756	35.16734
고모손칼국수	food	129.15815	35.16725
고목나무집	food	129.12591	35.22008
고미김밥	food	129.17642	35.16790
고민석불오뎅가마솥떡볶이	food	129.15756	35.16476
고민석불오뎅가마솥떡볶이	food	129.12359	35.17676
고반식당	food	129.17750	35.16850
고반식당	food	129.15859	35.16249
고반식당별관	food	129.15645	35.16170
고봉김밥우동점	food	129.14276	35.16835
고봉민김밥	food	129.11968	35.20312
고봉민김밥	food	129.14482	35.15720
고봉민김밥	food	129.17044	35.16636
고봉민김밥인	food	129.14255	35.16116
고봉민김밥인	food	129.12749	35.19181
고봉민김밥인	food	129.12359	35.17676
고봉민김밥인센텀월드마크점	food	129.13143	35.17191
고봉민김밥인원동점	food	129.11728	35.19037
고삼이	food	129.18324	35.17246
고성식당	food	129.12193	35.20623
고성아구찜	food	129.15657	35.16793
고야드아시아퍼시픽리미티드신세계센텀	shop	129.12952	35.16882
고운	cafe	129.16236	35.16263
고은	cafe	129.12527	35.21069
고은사진미술관	heritage	129.14120	35.16330
고을떡집	food	129.13288	35.19999
고을집가고가리	food	129.12255	35.20814
고이비토	shop	129.15846	35.16296
고재	food	129.15863	35.16527
고집센그집갈비탕	food	129.14862	35.22605
고추불고기	food	129.15586	35.23087
고추잠자리	food	129.18505	35.16958
고품격커피공장	cafe	129.13100	35.17246
고품격커피공장스카이비즈점	cafe	129.12451	35.17516
고하우스	stay	129.20400	35.18219
고향	food	129.16217	35.16361
고향두부	shop	129.15022	35.22416
고향옥얼큰순대국	food	129.12727	35.17572
고향왕족발	food	129.17479	35.17350
고향주막	bar	129.13090	35.19466
고향카츠청사포점	food	129.19164	35.16073
고혼	food	129.12657	35.18816
곤조커피	cafe	129.12451	35.17516
곤트란쉐리에	food	129.14333	35.15704
골드나라	shop	129.17671	35.17256
골드스크린	activity	129.17671	35.17256
골드스타	shop	129.16226	35.16282
골드플라워	shop	129.11889	35.19512
골든베어신세계센텀	shop	129.12909	35.16864
골든베이	stay	129.16305	35.16120
골든벨노래연습장	activity	129.12662	35.18982
골든스타운영관리	stay	129.16149	35.16113
골든웨이브	shop	129.15879	35.16186
골때리는집	food	129.12940	35.19671
골목길해장국	food	129.12254	35.18496
골목밥상	food	129.16144	35.16377
골목식당	food	129.20424	35.18245
골목집	food	129.11904	35.19478
골목집	food	129.17250	35.16243
골프랩	activity	129.14757	35.15799
골프렌즈	shop	129.17986	35.16252
골프존파크우동위너점	activity	129.13203	35.16720
골프존파크재송미진	activity	129.12978	35.19305
골프프렌드	shop	129.13249	35.17321
곰돌이빵집	food	129.14028	35.16996
곰바우백반집	food	129.17528	35.17816
곰식당	food	129.13201	35.19874
곱창이야기	food	129.12179	35.18471
곱창한식멀티샵	food	129.17310	35.17374
곳간	food	129.12267	35.20682
공간공감	stay	129.19839	35.17906
공간다다	cafe	129.20657	35.18904
공감	bar	129.17271	35.17335
공감식당	food	129.12541	35.18721
공감푸드	food	129.12743	35.18918
공미당	cafe	129.18288	35.15946
공방컴아저씨	shop	129.13938	35.17159
공원앞갈비집	food	129.17472	35.17483
공인배골프아카데미	activity	129.17436	35.17278
공존연구소	shop	129.18816	35.16135
공주	food	129.12289	35.20750
공주마라탕	food	129.14935	35.22449
공차부산	cafe	129.12986	35.17302
공차부산	cafe	129.14482	35.15720
공차부산	cafe	129.13203	35.16720
공차부산구청점	cafe	129.16210	35.16300
공차부산반여점	cafe	129.11829	35.19868
공차신세계	cafe	129.12952	35.16882
공차코리아부산엔시	cafe	129.17705	35.17053
공차홈플러스	cafe	129.14649	35.15840
과일바다	cafe	129.17231	35.16298
과일어때	shop	129.14177	35.16587
과일특공대	shop	129.12359	35.17676
과일특공대마린시티	shop	129.14540	35.15504
과일파는고릴라	shop	129.13061	35.19602
관광	food	129.12338	35.18773
관광고등학교매점	shop	129.15712	35.17053
관광호텔주	stay	129.16478	35.16232
광교엠시	cafe	129.15174	35.15940
광명가구	shop	129.15480	35.23231
광명약국	shop	129.12534	35.18631
광명전자	shop	129.14992	35.22306
광성산업개발	stay	129.16689	35.16097
광수호텔	stay	129.15654	35.16024
광안리요트투어	activity	129.14196	35.15980
광안목	food	129.15953	35.16235
광어골왕칼국수	food	129.19751	35.17267
광장	bar	129.20408	35.18737
광주요	shop	129.12975	35.16887
교동면옥	food	129.17222	35.17358
교동십원빵	food	129.20086	35.18077
교촌치킨	food	129.12368	35.20112
교촌치킨	food	129.20400	35.18219
교촌치킨	food	129.15734	35.16247
교촌치킨	food	129.15489	35.22970
교촌치킨	food	129.14823	35.15723
교촌치킨센텀파크점	food	129.12650	35.17658
교촌치킨우동	food	129.13857	35.16943
교촌치킨재송	food	129.12500	35.18748
교촌치킨재송	food	129.13063	35.19407
교촌치킨좌동	food	129.17828	35.16899
교촌치킨좌동	food	129.17575	35.17404
교촌치킨좌동	food	129.16646	35.17167
교토	food	129.17561	35.17126
구공탄	food	129.12592	35.18745
구구번가	food	129.16126	35.22968
구구족	food	129.17940	35.16844
구덕포끝집고기	food	129.19689	35.16801
구덕포상회	shop	129.19679	35.16922
구로마쯔	food	129.19647	35.17542
구로마쯔	food	129.19717	35.17743
구룡포해녀전복	food	129.14482	35.15720
구름당	cafe	129.17556	35.17311
구름쿠키	food	129.15632	35.16832
구만족발보쌈	food	129.16335	35.16366
구멍가게	shop	129.15392	35.15957
구멍가게복권방	activity	129.15392	35.15957
구멍가게식당	food	129.15370	35.15968
구멍가게아저씨	shop	129.11904	35.20056
구스포츠클럽	activity	129.14789	35.23004
구야	shop	129.18029	35.15976
구울계	food	129.12704	35.17077
구육리스트	food	129.16335	35.16366
구이	food	129.19389	35.16176
구일닭도리	food	129.17455	35.16363
구일팡	activity	129.12410	35.18742
구제나라	shop	129.14881	35.22945
구투	shop	129.20419	35.18428
구트	bar	129.13235	35.17223
구페베이커리	food	129.15680	35.23072
구포국수	food	129.13182	35.19860
구포국수	food	129.12850	35.19115
구포국수집	food	129.17738	35.16787
구포촌국수	food	129.17162	35.15968
구피샾부산	shop	129.12806	35.19203
국가대표부산우동점	food	129.15837	35.16686
국가대표이주훈	activity	129.14540	35.15504
국대밀면	food	129.14757	35.15799
국대불총	food	129.17767	35.17098
국대통영꼼장어	food	129.17481	35.17375
국민닭바베큐	food	129.12160	35.18459
국민떡볶이	food	129.17737	35.17667
국민매운찜갈비	food	129.17349	35.16258
국민생아구찜	food	129.15036	35.22457
국민서적	shop	129.15143	35.22056
국민손칼국수	food	129.12434	35.18525
국밥미조	food	129.14621	35.15494
국보집	food	129.17768	35.16957
국봉수백진국	food	129.16078	35.16060
국빈	bar	129.17584	35.17091
국빈투	bar	129.17584	35.17091
국수	food	129.16216	35.16282
국수나무반여동점	food	129.11892	35.19918
국수마루	food	129.12712	35.18879
국수쟁이와국밥쟁이	food	129.12314	35.18560
국시한그릇	food	129.20173	35.18402
국제당구장	activity	129.14891	35.22517
국제보세	shop	129.14987	35.22362
국제통닭	food	129.11590	35.20165
국제통닭좌동점	food	129.17940	35.16844
군것질맛집	shop	129.12871	35.19286
군방원아트샵	shop	129.16267	35.16522
굴다리야채과일	shop	129.13912	35.17013
굽네치킨	food	129.15505	35.23250
굽네치킨	food	129.12377	35.18518
굽네치킨반여	food	129.13113	35.19686
굽네치킨부산반여점	food	129.12275	35.20733
굽는치킨	food	129.15404	35.16003
굽다반여점	food	129.13131	35.19779
굿독	shop	129.17738	35.16787
굿랜드	shop	129.13372	35.19261
굿모닝글로벌	shop	129.16942	35.16367
굿모닝마트	shop	129.14808	35.22487
굿모닝안경	shop	129.15714	35.16808
굿모닝약국	shop	129.13032	35.19232
굿볼스튜디오부산	activity	129.17530	35.17756
굿앤푸드	food	129.12288	35.20691
굿웨이피트니스	activity	129.16159	35.16371
굿타운	stay	129.13242	35.16593
굿포유협동조합	shop	129.12986	35.17302
궁	activity	129.11949	35.20261
궁	cafe	129.15484	35.23278
궁도아구찜	food	129.12418	35.18730
궁전노래연습장	activity	129.15759	35.23071
궁중떡집	food	129.12439	35.18609
궁중삼계탕	food	129.13120	35.19719
궁타이	shop	129.17163	35.15868
궁테라피	shop	129.11624	35.19249
궈차오훠궈	food	129.16132	35.16461
권기백숯불닭갈비	food	129.20320	35.18302
귀빈	bar	129.12372	35.18750
귀빈	food	129.12608	35.18416
귀빈주얼리	shop	129.13369	35.17092
귀족단란주점	bar	129.17552	35.17140
귀한얼굴착한몸매	shop	129.12669	35.20617
규우정	food	129.17675	35.15724
규장	food	129.20532	35.18388
그늘집국수	food	129.14757	35.15799
그들의작업실	shop	129.18319	35.16837
그때그녀	food	129.20358	35.18199
그때그집	food	129.16545	35.16313
그때만난순필씨반여점	food	129.11830	35.19764
그라비타스	shop	129.12655	35.18046
그라지아	shop	129.12340	35.20018
그라찌에영산대점	cafe	129.15906	35.22416
그랜드모텔장	stay	129.12145	35.18647
그랜드애플	food	129.13201	35.16648
그램몰	shop	129.12227	35.18960
그레이	bar	129.17584	35.17091
그레이샌즈풀빌라	stay	129.20275	35.18092
그레이스	shop	129.13970	35.16771
그레이스바이오	shop	129.15484	35.16056
그레이장미	shop	129.12359	35.17676
그레이핍플	cafe	129.17666	35.16917
그로우밀	cafe	129.15796	35.16706
그로토	food	129.19876	35.17983
그루브키친	food	129.12451	35.17516
그리고맑음	shop	129.17128	35.17258
그리너	food	129.17666	35.16917
그리다	shop	129.12940	35.17399
그리스노래연습장	activity	129.12715	35.18989
그린	food	129.14934	35.22416
그린나래고시원	stay	129.16319	35.16176
그린다방	cafe	129.12264	35.20715
그린돈까스	food	129.14878	35.22930
그린랩	food	129.12700	35.17463
그린분식	food	129.11810	35.19596
그린센스	shop	129.12952	35.16882
그린스테이인	stay	129.15569	35.16856
그린시티	activity	129.18117	35.17441
그린시티탁구장	activity	129.17671	35.17256
그린신발	shop	129.12951	35.19630
그린약국	shop	129.17768	35.16967
그린조이	shop	129.16737	35.16602
그린조이반여점	shop	129.13031	35.19422
그린종합화장품	shop	129.13941	35.17021
그린피그갈비	food	129.17403	35.17246
그린후레쉬마트	shop	129.17943	35.17860
그림하우스	stay	129.19747	35.17296
그여행	food	129.11738	35.19047
그여행	food	129.17855	35.16969
그옛날소금구이	food	129.17644	35.17353
그외기타상품전문소매업	shop	129.12454	35.18235
그자리	bar	129.14692	35.15664
그집	bar	129.15063	35.22276
그집명품물회	food	129.17767	35.17098
그집사람들	food	129.12160	35.18459
그집숯불닭갈비	food	129.12147	35.18437
그집한우	food	129.16245	35.16342
극동곰탕	food	129.16648	35.16090
극동곰탕	food	129.15601	35.16082
극동돼지국밥	food	129.17066	35.15972
근떡	food	129.15804	35.16557
글라쇼부산	food	129.17767	35.16968
글라스미안경렌즈미반여점	shop	129.13091	35.19772
글로리마트	shop	129.15569	35.23239
글로리생선	shop	129.12907	35.19616
글로리스토아	shop	129.13271	35.20077
글로벌양상국	food	129.15568	35.16042
글사랑서점	shop	129.11915	35.19939
금강롯데	shop	129.13107	35.16985
금강보청기센터	shop	129.17785	35.16799
금강신세계	shop	129.12952	35.16882
금강코퍼레이션	food	129.13159	35.16692
금당	food	129.12425	35.20780
금동	shop	129.12541	35.17664
금동	shop	129.15680	35.23047
금루	food	129.13152	35.16784
금문	bar	129.15744	35.16473
금방그자리	shop	129.17049	35.16064
금병은과	food	129.17370	35.16118
금봉	shop	129.14839	35.22685
금빛풍경	shop	129.12919	35.19542
금산	shop	129.16023	35.16562
금산인삼	shop	129.16149	35.16113
금산인삼	shop	129.13448	35.19981
금석	shop	129.14070	35.16784
금석당	shop	129.13033	35.19428
금성침대	shop	129.14757	35.15799
금송덕미	cafe	129.15853	35.16485
금송삼계탕	food	129.11710	35.19980
금수강산	food	129.11880	35.19462
금수복국	food	129.16449	35.16242
금수복국센텀벡스코점	food	129.13346	35.16714
금수상회	shop	129.12339	35.21129
금수장여관	stay	129.13139	35.20048
금양인터내셔날롯데	shop	129.13107	35.16985
금양인터내셔날신세계	shop	129.12952	35.16882
금오	food	129.18810	35.16117
금오유비끼	food	129.12643	35.17544
금오횟집	food	129.18810	35.16115
금용반점	food	129.13021	35.19676
금정슈퍼	shop	129.14851	35.22843
금조김치찌개	food	129.15046	35.22352
금지	shop	129.16425	35.16093
금천식당	food	129.17404	35.16018
금풍대구탕	food	129.12496	35.20935
금호	food	129.17524	35.17333
금화	food	129.15118	35.22287
금화당	shop	129.12301	35.20796
기네스	bar	129.16225	35.16045
기독서점	shop	129.14762	35.16344
기라건어물	shop	129.12994	35.19895
기라성	food	129.12571	35.18819
기비신세계백화점	shop	129.12952	35.16882
기비키이스	shop	129.17705	35.17053
기쁨약국	shop	129.16235	35.22780
기송	shop	129.14857	35.23017
기승이네왕족발	food	129.16156	35.16090
기영이숯불두마리치킨부산반여점	food	129.12235	35.20722
기와집대구탕	food	129.17453	35.15818
기요항	food	129.15873	35.15980
기장곰장어	food	129.17419	35.17287
기장곰장어	food	129.16300	35.16205
기장아재해물찜	food	129.17244	35.17135
기장옛날과자	food	129.17479	35.17350
기장외가집밥상	food	129.19607	35.17427
기장외가집산곰장어	food	129.16802	35.16133
기장장어집	food	129.16300	35.16205
기장횟집	food	129.17507	35.17306
기장횟집	food	129.15589	35.23052
기타의류소매업	shop	129.17603	35.17003
기현이네분식	food	129.16147	35.16083
긴자료코부산	food	129.13246	35.16987
긴자카츠	food	129.17788	35.16875
긴타로	food	129.15985	35.16193
길목식당	food	129.12091	35.19012
길목안	food	129.12415	35.18717
길사시미	food	129.17081	35.16604
길식당	food	129.12992	35.19758
길자네집	bar	129.14983	35.22514
길조	food	129.19623	35.17403
길카페	cafe	129.17516	35.16132
김가네	food	129.17666	35.16916
김가네센텀벡스코점	food	129.13346	35.16714
김가네시장왕족발	food	129.12901	35.19584
김가네얼큰이구이	food	129.17576	35.17103
김경태쪽갈비	food	129.16015	35.16287
김명화	shop	129.15012	35.22448
김무상라이브	bar	129.16353	35.16395
김무상라이브	bar	129.16476	35.16254
김민주떡갤러리	food	129.11723	35.20064
김밥	food	129.16792	35.17274
김밥	food	129.15174	35.15941
김밥나라	food	129.16122	35.22836
김밥나라	food	129.14608	35.16304
김밥마루	food	129.13069	35.19440
김밥왕국	food	129.16087	35.23030
김밥천국	food	129.12410	35.18742
김밥천국	food	129.14919	35.22464
김밥천국	food	129.13160	35.19973
김밥천국	food	129.17768	35.16957
김밥천국	food	129.15668	35.23154
김밥천국	food	129.17576	35.17803
김밥천국마린시티	food	129.14692	35.15664
김밥천국센텀파크점	food	129.12328	35.17950
김밥킹달맞이점	food	129.17777	35.16084
김복남맥주	bar	129.13073	35.19359
김서인쉐르보	shop	129.12909	35.16864
김소남연탄쪽갈비	food	129.14692	35.15664
김수종뮤직	bar	129.17528	35.17816
김영경떡뽁이	food	129.17539	35.17282
김정영분식면옥향천	food	129.13939	35.17012
김정욱순쌀빵미포지점	cafe	129.17061	35.16075
김정욱쌀빵	food	129.14540	35.15504
김종구식맛치킨	food	129.16841	35.16540
김종구식맛치킨전기바베큐옛날통닭장산역점	food	129.17527	35.16967
김창연부동산엘시티	stay	129.16766	35.16006
김치게스트하우스	stay	129.15645	35.15988
김치로백병원점	food	129.18148	35.17397
김치찜은못참지	food	129.17523	35.16312
김치찜은못참지	food	129.12514	35.18687
김치찜이최고야	food	129.12215	35.20659
김태연국민동태탕	food	129.13132	35.19799
김태현의꽃등심한근집	food	129.17575	35.17404
김태호피자	food	129.15509	35.23248
김해김가네뒷고기	food	129.16183	35.16377
김해뒷고기	food	129.15672	35.23186
김해식당	bar	129.15469	35.23179
김혜주양갱	food	129.13973	35.17493
김호권의청년어부	food	129.12359	35.17676
깃발집국수전골	food	129.16970	35.17034
까만콩	cafe	129.15176	35.15898
까멜리아	bar	129.14757	35.15799
까사데파밀리아	stay	129.20447	35.18669
까사뜨랑	shop	129.17603	35.17003
까사베라부산	shop	129.18219	35.15922
까사부사노	stay	129.17482	35.16268
까사알렉시스	shop	129.17127	35.16784
까스텔바쟉	shop	129.13107	35.16985
까치솥뚜껑닭도리	food	129.20036	35.18345
까페엘림	cafe	129.12789	35.18839
까페포레	cafe	129.14602	35.16333
까페행복나무	cafe	129.15163	35.23270
깐깐한족발	food	129.17601	35.17066
깐깐한족발직영점	food	129.17624	35.17110
깐부치킨	food	129.12922	35.17360
깜상	food	129.18112	35.17486
깨소금	food	129.12623	35.20657
깨순이뜨개방	shop	129.13225	35.20006
꼬꼬마치	shop	129.12266	35.18835
꼬꼬무까	food	129.12565	35.18893
꼬들대패	food	129.12478	35.18733
꼬들목살	food	129.15917	35.16036
꼬띠	food	129.16913	35.16531
꼬미네	food	129.17535	35.16843
꼬치황제	food	129.18232	35.17090
꼭지	shop	129.12481	35.18924
꼼따따	food	129.12730	35.18017
꼼빠니아세이브존	shop	129.16124	35.16241
꼼지락	food	129.15431	35.15933
꽁띠꽁띠뉴	food	129.12359	35.17676
꽁지	shop	129.15520	35.23163
꽃게와사랑에빠지다	food	129.18298	35.15916
꽃길만걷자컴퍼니	food	129.13601	35.16906
꽃꾸이집	food	129.17516	35.17339
꽃다림	food	129.14663	35.22607
꽃담	cafe	129.14997	35.22514
꽃도새기	food	129.12312	35.18216
꽃돼지대패삼겹	food	129.17601	35.17144
꽃돼지대패삼겹	food	129.17777	35.16810
꽃돼지분식	food	129.20526	35.18118
꽃등심	food	129.17160	35.16856
꽃분이네	shop	129.16254	35.16790
꽃블리	shop	129.17738	35.16787
꽃세미	shop	129.12427	35.20727
꽃시루수제떡	food	129.17742	35.17325
꽃실비김치보쌈좌동본점	food	129.17405	35.17932
꽃집	shop	129.16802	35.16133
꽃집딸래미	shop	129.15907	35.22957
꽃피는날	shop	129.14576	35.16313
꽃피는닭발	food	129.12285	35.18491
꽃피는동백섬	bar	129.16225	35.16045
꽃피올라	shop	129.12023	35.20491
꽉꽉피자	food	129.17940	35.16844
꾸꾸삼겹	food	129.12416	35.18585
꾸바꾸바	food	129.12599	35.18753
꾸바꾸바	food	129.15630	35.23161
꾸브라꼬숯불두마리치킨	food	129.17435	35.16375
꾸브라꼬숯불치킨	food	129.12864	35.19238
꾸이점빵	food	129.11948	35.20125
꾼쿡스시앤요리	food	129.17119	35.15851
꿀꿀	activity	129.14845	35.22780
꿀꿀이감자탕	food	129.16612	35.17011
꿀꿀이뒷고기	food	129.13071	35.19750
꿀꿀카츠	food	129.12630	35.19475
꿀맛	food	129.11892	35.19918
꿀맛아이스크림저장소	shop	129.12465	35.19125
꿀이네과일	food	129.12589	35.18403
꿈의궁전	food	129.12644	35.18953
꿈의궁전노래연습장	activity	129.13132	35.19799
끌레르	shop	129.17666	35.16916
끌레르영케이크	food	129.18324	35.17246
끌리마	shop	129.13152	35.16784
끝지할매칼국수	food	129.15465	35.23160
끝집장어구이	food	129.18911	35.16006
나가하마만게츠	food	129.15748	35.16673
나나	shop	129.17777	35.16084
나나원조어묵	shop	129.12903	35.19594
나나푸드	food	129.12416	35.18585
나눔의료기	shop	129.15000	35.22976
나드	shop	129.14757	35.15799
나들이분식	food	129.12866	35.19573
나들편의점	shop	129.16862	35.16665
나라네반찬	shop	129.17767	35.17098
나라셀라신세계백화점주	shop	129.12952	35.16882
나라셀라와타플러스주	shop	129.15961	35.16330
나래생활주방	shop	129.12866	35.19573
나르지오구청점	shop	129.16394	35.16243
나림통신	shop	129.13369	35.17092
나마스테	food	129.16061	35.16022
나막집	food	129.15073	35.15817
나무늘보호텔	stay	129.20250	35.18082
나무와숲	food	129.13178	35.16547
나무의자	bar	129.17565	35.17356
나미소잉점빵	shop	129.13193	35.19456
나베야돈까스백병원점	food	129.18148	35.17397
나비	bar	129.16013	35.16170
나비도꽃이었다	cafe	129.11856	35.19389
나비컴퍼니	shop	129.14995	35.22240
나비헌책방	shop	129.17768	35.16957
나아짐운동센터	activity	129.16942	35.16367
나연이네	food	129.19382	35.16119
나오미	shop	129.17666	35.16916
나오스시	food	129.16899	35.16602
나우	shop	129.12952	35.16882
나우롯데	shop	129.13107	35.16985
나우롯데센텀	shop	129.13107	35.16985
나우미	shop	129.15565	35.16350
나우플라워	shop	129.12344	35.18598
나이스	bar	129.14876	35.22874
나이스노래연습장	activity	129.13117	35.19697
나이스노래연습장	activity	129.13225	35.20006
나이스숙녀복	shop	129.15986	35.16543
나이스정보시스템	shop	129.16252	35.16335
나이스짐	activity	129.17576	35.17103
나이키골프신세계	shop	129.12909	35.16864
나인인테리어	shop	129.12566	35.18656
나인포	cafe	129.17508	35.16310
나인호텔	stay	129.15468	35.15992
나주곰탕석대수목원점	food	129.12996	35.22023
나티르화장품	shop	129.15529	35.16272
낙미도아구찜	food	129.12953	35.19748
낙불집	food	129.19647	35.17542
낙원	bar	129.15424	35.15994
낙원떡방앗간	food	129.17244	35.17135
낙지볶음개미집	food	129.13601	35.16906
낙지볶음개미집	food	129.16066	35.16111
낙지장어불티나게입속으로	food	129.18183	35.17430
낙천대	food	129.15935	35.16755
낚시	shop	129.15172	35.16040
낚시존	shop	129.15053	35.23022
난닝구	shop	129.12952	35.16882
난다리테일재송	shop	129.12786	35.18724
난앤커리	food	129.16067	35.16190
날곳	food	129.17576	35.17103
날마다대박나는집	food	129.16069	35.22937
날마다술상무	food	129.15685	35.23034
날잡아잡소	food	129.17246	35.17087
남가네한우돌판구이	food	129.17024	35.16079
남가왕족발	food	129.13185	35.19877
남경막국수	food	129.16620	35.16367
남경상회	shop	129.12121	35.19212
남도양곱창	food	129.17580	35.17336
남도추어탕	food	129.15515	35.23082
남양유업동백주간	shop	129.17089	35.16799
남원추어탕	food	129.12550	35.18486
남원추어탕	food	129.15436	35.23036
남원추어탕	food	129.16996	35.16794
남일횟집	food	129.20388	35.18214
남자마늘보쌈	food	129.17388	35.17265
남천다옴	food	129.14692	35.15664
남천집	food	129.16371	35.16369
남천칼국수	food	129.11909	35.20070
남촌돼지국밥	food	129.15499	35.23286
남포삼계탕	food	129.16507	35.16282
남해돼지국밥	food	129.12416	35.20898
남해돼지국밥	food	129.13277	35.20116
남해아구찜	food	129.18112	35.17486
남해아구찜	food	129.20552	35.18289
남해집	food	129.12259	35.20830
남해호	food	129.17259	35.15777
남해횟집	shop	129.15581	35.23130
낭만	bar	129.14686	35.15600
낭만고등어	food	129.17481	35.17321
낭만두타로	bar	129.12700	35.19018
낭만부엌	food	129.17404	35.16018
낮과밤	food	129.13117	35.19708
내가즐거운살롱	cafe	129.15483	35.16843
내가찜한쌈갈비	food	129.17774	35.16302
내림아구찜	food	129.13182	35.19860
내몸에좋은약국	shop	129.12978	35.19305
내셔널지오그래픽	shop	129.12952	35.16882
내셔널지오그래픽키즈신세계	shop	129.12952	35.16882
내친구고깃집	food	129.12971	35.19254
냉삼스타	food	129.12500	35.17739
냠냠과일	bar	129.12896	35.19265
냠냠숯불두마리치킨	food	129.12451	35.17516
냠냠카페	food	129.14757	35.15799
너구리	bar	129.17576	35.17103
너와사라해리단길점	shop	129.15768	35.16534
너주려고만들었다	shop	129.16282	35.16377
너트	food	129.17640	35.17087
널디신세계센텀시티	shop	129.12952	35.16882
넘버원	stay	129.12248	35.18419
네네치킨벡스코점	food	129.13912	35.17013
네네치킨엔봉구스밥버거	food	129.15490	35.23253
네네치킨재송반여점	food	129.13024	35.19195
네네치킨해운대	food	129.16688	35.17735
네모네모정육식당	food	129.14692	35.15664
네박자노래연습장	activity	129.13096	35.19587
네버엔딩웨이브	stay	129.19930	35.18045
네스트	stay	129.12515	35.19140
네오라이팅	shop	129.12764	35.18930
네이처리퍼블릭	shop	129.17705	35.17053
네이처리퍼블릭	shop	129.11570	35.19659
네이처스세븐	cafe	129.14482	35.15720
네이처컬렉션부산	shop	129.14902	35.22445
네이쳐리퍼블릭	shop	129.13369	35.17092
네잎크로버	shop	129.17078	35.16111
네츄럴플렉스	shop	129.12952	35.16882
네코노무라	food	129.17940	35.16844
네코서비스	shop	129.16658	35.16020
네코인더키친	food	129.17629	35.16147
네파	shop	129.12952	35.16882
넥스트챕터	cafe	129.17865	35.16848
노가리까는언니	shop	129.12267	35.18746
노군꼬치	bar	129.17845	35.16877
노다지	food	129.11854	35.19908
노다지복권방	activity	129.15057	35.22287
노다지복권방	activity	129.16011	35.22915
노다지복권방	activity	129.13141	35.19741
노드	cafe	129.16962	35.16915
노란마후라	food	129.18949	35.16029
노랑나비	shop	129.12634	35.18466
노랑집	food	129.16183	35.16377
노랑통닭	food	129.19972	35.18147
노랑통닭	food	129.17678	35.16737
노랑통닭	food	129.14921	35.22517
노랑통닭반여점	food	129.12234	35.20682
노랑통닭엘시티점	food	129.16802	35.16133
노랑통닭우동점	food	129.15995	35.16167
노랑통닭재송반여점	food	129.12882	35.19255
노랑통닭중동점	food	129.16883	35.16816
노레이니데이	food	129.12282	35.18746
노리점핑다이어트	shop	129.13938	35.17149
노리터	cafe	129.16525	35.16269
노리터	bar	129.17671	35.17256
노리터	cafe	129.13028	35.19873
노마진펫스토어반여점	shop	129.12081	35.20555
노모어피자	food	129.17940	35.16844
노바디가라오케클럽	bar	129.17601	35.17066
노브랜드버거반여점	food	129.11942	35.20347
노브랜드버거부산	food	129.17527	35.16967
노블	shop	129.17767	35.17098
노블레스	shop	129.12367	35.18658
노스커피리마스터센텀인텔리움점	cafe	129.12922	35.17360
노스커피리마스터센텀클래스원점	cafe	129.12585	35.17616
노스커피리마스터센텀트럼프점	cafe	129.13246	35.16987
노스커피센텀클래스원점	cafe	129.12585	35.17616
노아셀렉트샵	cafe	129.17210	35.17123
노아코스메틱	shop	129.13862	35.17239
노엘비지니스호텔	stay	129.15852	35.16046
노천사랑방	shop	129.17264	35.17150
노티드부산	food	129.16009	35.16253
노티스클래식	food	129.14482	35.15720
노홍만두	food	129.16246	35.16140
녹색만두	food	129.16049	35.16575
녹수농원	shop	129.12541	35.21861
녹원	shop	129.12727	35.20582
녹차황금족발	food	129.12367	35.18658
논골집	food	129.15424	35.15994
논골집족발	food	129.18232	35.17090
논나케이크	shop	129.18642	35.16652
논두렁밭두렁	food	129.12637	35.18189
놀러와원탁가라오케	bar	129.15939	35.16341
놀부찬	shop	129.12032	35.20264
놀이터	food	129.16247	35.16074
놀이터은해호프	bar	129.11697	35.20429
농계	food	129.19072	35.16263
누가의료기	shop	129.17288	35.17385
누구나골프클럽	activity	129.17129	35.16984
누리떡집	food	129.14255	35.16116
누리마을감자탕	food	129.17733	35.16218
누리마을감자탕좌동점	food	129.17502	35.17126
누리마트	shop	129.16891	35.17355
눈꽃을나누다	food	129.16334	35.16425
눈비타민	shop	129.13130	35.16810
눈사랑안경	shop	129.16216	35.16282
눈안경원	shop	129.13068	35.19431
뉴레알컵밥	food	129.15545	35.22606
뉴마린바이크	shop	129.15006	35.16048
뉴문	food	129.17696	35.16844
뉴발란스	shop	129.17705	35.17053
뉴발란스롯데	shop	129.13107	35.16985
뉴발란스롯데센텀	shop	129.13107	35.16985
뉴벨리노	shop	129.15156	35.22210
뉴비치	activity	129.13157	35.17521
뉴비치모텔	stay	129.20458	35.18104
뉴송정펜션민박	stay	129.20400	35.18261
뉴스카이할인마트	shop	129.20284	35.18351
뉴시즈센텀호텔	stay	129.13298	35.16606
뉴욕소공동순두부	food	129.16247	35.16074
뉴욕시티	stay	129.17393	35.16434
뉴욕야시장	bar	129.12335	35.20346
뉴턴전자담배부산	shop	129.17539	35.17282
뉴피트니스	activity	129.17750	35.16850
뉴피트니스	activity	129.17630	35.17185
뉴한국마트	shop	129.16261	35.16144
느낌푸드	food	129.16958	35.17008
느린마을양조장부산센텀점	food	129.12650	35.17658
늘봄케이크	food	129.17986	35.16252
늘푸른펜션	stay	129.20293	35.18171
니꼴레띠	shop	129.14757	35.15799
니블	food	129.20588	35.18923
니탕내오리	food	129.12418	35.20824
닉앤코	shop	129.18534	35.16348
다가치통닭	food	129.17539	35.17282
다가치통닭과보리맥주	food	129.12643	35.17544
다골	shop	129.14446	35.22104
다구리셀	stay	129.16209	35.16144
다깡	food	129.14692	35.15664
다노시스템	shop	129.12840	35.19055
다니야	food	129.15863	35.16514
다다	food	129.16994	35.17871
다다	cafe	129.18176	35.15779
다다게스트하우스	stay	129.20440	35.18169
다다생모밀	food	129.13064	35.19735
다다커피	cafe	129.20440	35.18169
다담	food	129.17386	35.18067
다담손칼국수	food	129.19772	35.17814
다루동	food	129.16196	35.16133
다린스칼프	shop	129.17762	35.16833
다린키친	food	129.18232	35.17090
다모아	bar	129.13074	35.19465
다모아	shop	129.12934	35.19634
다모아이불	shop	129.16203	35.16310
다무라	food	129.15517	35.23237
다미	stay	129.17126	35.16626
다미가횟집	food	129.17184	35.15818
다미분식	food	129.12952	35.16882
다미안	shop	129.14324	35.15482
다방옴므	cafe	129.15880	35.16255
다비드	bar	129.16159	35.16371
다비복권방	activity	129.17362	35.16213
다비치안경	shop	129.15982	35.16287
다비치안경좌동점	shop	129.17634	35.17271
다비치히어링	shop	129.15982	35.16287
다빈	food	129.17149	35.17657
다빈	food	129.13117	35.19708
다빼점핑다이어트	shop	129.11922	35.20257
다성유통	shop	129.17912	35.16276
다솜약국	shop	129.11915	35.19939
다솥맛집	food	129.19793	35.17860
다솥맛집프리미엄부산	food	129.19790	35.17857
다연	shop	129.17370	35.16118
다연에스테틱	shop	129.13346	35.16714
다영상회	shop	129.12240	35.20745
다오니스	activity	129.15489	35.23213
다온	shop	129.13107	35.16985
다온	shop	129.15381	35.15879
다온	food	129.14853	35.15812
다온다움	shop	129.16247	35.16074
다온떡찌는마을	food	129.12483	35.19136
다온쇼룸	shop	129.13093	35.19562
다온유	shop	129.13120	35.21255
다온인베스트	activity	129.17666	35.16917
다온헬스케어	shop	129.15381	35.15879
다올	food	129.13886	35.17042
다올떡	food	129.12927	35.19601
다올푸드	food	129.15693	35.23041
다옳	shop	129.14649	35.15840
다우닝	shop	129.13107	35.16985
다우닝소파	shop	129.12952	35.16882
다원가구	shop	129.14757	35.15799
다원누리	shop	129.15743	35.23118
다원펫	shop	129.17427	35.17419
다윤전기조명	shop	129.17686	35.17563
다이니베이커리	food	129.18473	35.16339
다이닝원	food	129.16124	35.16241
다이닝커널오프쇼어	food	129.19790	35.17857
다이클로더샵센텀파크점	shop	129.12359	35.17676
다이클로센텀	shop	129.11737	35.18998
다정	food	129.16942	35.16367
다정마트	shop	129.12178	35.19565
다조은에프엔비	food	129.13369	35.17092
다진상사	shop	129.12952	35.16882
다찌	food	129.15407	35.16016
다테라피	shop	129.12388	35.18768
다프	food	129.12573	35.19029
다희	bar	129.12515	35.18671
닥스구두	shop	129.13107	35.16985
닥스셔츠	shop	129.13107	35.16985
닥스셔츠공경민	shop	129.12952	35.16882
닥스키즈신세계센텀	shop	129.12952	35.16882
닥터김광호에스테틱	shop	129.13130	35.16810
닥터양골프아카데미	activity	129.12541	35.17664
닥터하스킨	shop	129.13107	35.16985
단고당고	food	129.17239	35.16213
단아	shop	129.12157	35.19043
단향	shop	129.12512	35.18483
달과별식당	food	129.12148	35.19194
달달	bar	129.15431	35.15933
달달바구니	shop	129.15846	35.16296
달달집	food	129.12359	35.17676
달달핑	shop	129.17128	35.17258
달디케이크	food	129.17944	35.16739
달라스레오헬스	activity	129.18325	35.16870
달라스휘트니스	activity	129.17495	35.17197
달리꽃	shop	129.16058	35.16598
달리는커피	cafe	129.17491	35.16933
달리는커피달맞이점	cafe	129.17229	35.16122
달리는커피부산센텀호텔점	cafe	129.13282	35.16781
달마루	bar	129.18281	35.16112
달맞이고시텔	stay	129.17568	35.16108
달맞이곰탕	food	129.18483	35.16353
달맞이국수집	food	129.17253	35.16201
달맞이동산	nature	129.18215	35.15713
달맞이명품막국수	cafe	129.17754	35.15672
달맞이반점	food	129.18178	35.16099
달맞이빵	food	129.20500	35.19154
달맞이샌드	food	129.17078	35.16111
달맞이서울깍두기	food	129.18298	35.15916
달맞이솥뚜껑상회	food	129.20370	35.18233
달맞이연가	bar	129.17785	35.16799
달맞이옷이야기	shop	129.18298	35.15916
달맞이자연식품	shop	129.17738	35.16787
달맞이작은식당	food	129.17521	35.15935
달맞이찻집	cafe	129.18232	35.15831
달맞이체코빵	food	129.18232	35.15831
달맞이칼국수	food	129.18430	35.16288
달맞이티업스크린골프	activity	129.17535	35.16038
달맞이휴게소	food	129.18018	35.15800
달밤해신포차	food	129.12796	35.18981
달빛에구운고등어	food	129.12619	35.17407
달빛에구운고등어	food	129.19647	35.17542
달빛테라스	stay	129.15899	35.16064
달아랑	shop	129.13088	35.17453
달아랑우동점	shop	129.15174	35.15941
달음산왕소금구이	food	129.14692	35.15664
달인김밥	food	129.18319	35.16837
달인김밥	food	129.12223	35.19808
달인막창	food	129.16242	35.16367
달인의집	food	129.20293	35.18171
달인포차	bar	129.13193	35.19589
달자아구찜	food	129.17192	35.15825
달콤아이스크림할인점	shop	129.12335	35.20346
달콤왕가탕후루	food	129.17768	35.16967
달콤커피부산	cafe	129.19678	35.16845
달콤한바다	shop	129.16163	35.16107
달콤한호두	food	129.13984	35.16688
달콤한호두	food	129.14424	35.15933
달콤해지기로한날	food	129.17439	35.17481
달타이	food	129.18232	35.15831
달팽이노래방	bar	129.12265	35.18396
닭광정부산	food	129.17855	35.16968
닭굽는마을	food	129.17372	35.16329
닭도리탕전문도리당재송	food	129.12318	35.18683
닭발의명가	bar	129.12272	35.20724
닭발천국석쇠한판	bar	129.15012	35.22513
닭스푸드	food	129.17777	35.16084
닭치고낙곱새	food	129.19967	35.18137
담	food	129.13159	35.17296
담가화로구이	food	129.12361	35.20092
담가화로구이	food	129.17450	35.17246
담다	shop	129.14661	35.15545
담돈삼겹김밥	food	129.16149	35.16113
담락참치일잔	food	129.17472	35.17440
담안골삼계탕	food	129.15592	35.23067
담옥	food	129.14757	35.15799
담은약국	shop	129.16098	35.16362
담향추어탕	food	129.16996	35.16794
닷츠컴퍼니	food	129.15897	35.16223
당감댁	food	129.17552	35.17140
당구명가	activity	129.17624	35.17110
당구장	activity	129.15437	35.23247
당그레양곱창구이	food	129.15838	35.16624
당신은지금치킨이땡긴다	food	129.13032	35.19232
당일도매횟집	food	129.17576	35.17103
대가포차	bar	129.13132	35.20018
대가호	food	129.12213	35.20692
대가호식당	food	129.12340	35.19002
대거노래연습장	activity	129.12316	35.18754
대게마루	food	129.17162	35.17002
대경슈퍼	shop	129.13491	35.20111
대구곱창	food	129.13056	35.19346
대구막창	food	129.14869	35.22548
대구뽈찜아구찜재송반여점	food	129.12514	35.19149
대구장여관	stay	129.12273	35.20661
대구초재	shop	129.12856	35.19557
대궁	food	129.14826	35.22725
대궐면옥	food	129.12922	35.17360
대궐암소갈비	food	129.11887	35.20317
대남생포갈비	food	129.17066	35.15972
대농우리맛갈비	food	129.15657	35.23201
대대족보	food	129.16335	35.16366
대독장	food	129.17794	35.16863
대동건강선식	shop	129.17149	35.17657
대동정육점	shop	129.17506	35.17762
대동통닭	food	129.17446	35.17306
대륙선식	shop	129.17481	35.17321
대림레포츠	activity	129.11710	35.19980
대림사약국	shop	129.12538	35.18530
대림슈퍼	shop	129.13427	35.19983
대림슈퍼마켓	shop	129.11723	35.20064
대망	shop	129.14810	35.22918
대맥	food	129.16491	35.16320
대문집	food	129.13107	35.16985
대박구제	shop	129.15614	35.23133
대박국수	food	129.14333	35.15704
대박난전구점	food	129.15838	35.16624
대박노래연습장	activity	129.15686	35.23145
대박당구장	activity	129.16582	35.16154
대박대패삼겹살	food	129.15078	35.22478
대박모바일	shop	129.15579	35.23215
대박복권방	activity	129.13061	35.19602
대박이네다육	shop	129.12427	35.21828
대박집	food	129.17402	35.17402
대박치킨	food	129.15024	35.22354
대박탁구장	activity	129.16039	35.22961
대박해물탕	food	129.17280	35.17414
대보가발	shop	129.16862	35.16665
대복관	food	129.12751	35.18924
대본진	bar	129.12584	35.18789
대산	food	129.17602	35.17309
대산이불집	shop	129.14967	35.22382
대성각	food	129.20280	35.18316
대성고기식당	food	129.14930	35.22422
대성문구화방	shop	129.15661	35.16825
대성상회	shop	129.15642	35.23089
대성숯불갈비	food	129.15598	35.23072
대성슈퍼	shop	129.16269	35.16941
대성양행	shop	129.14855	35.22556
대성종합	shop	129.16752	35.17306
대세의료기	shop	129.14843	35.22757
대승문구서점	shop	129.17908	35.16783
대승호프	bar	129.17828	35.16899
대양	food	129.17870	35.16967
대양횟집	food	129.11723	35.20064
대연노래연습장	activity	129.20380	35.18261
대영인터네셔날	shop	129.16835	35.16403
대오유니콘	shop	129.12843	35.17400
대왕비빔밥	food	129.17370	35.16118
대우약국	shop	129.12274	35.20778
대우쟁반짜장	food	129.18324	35.17246
대우한우촌	shop	129.17944	35.16739
대인배	food	129.12328	35.20784
대일인터내셔널하스피탈리티그룹지점	stay	129.15961	35.16330
대중소	food	129.15996	35.16319
대진슈퍼	activity	129.19983	35.18161
대찬식품	shop	129.12629	35.18688
대천공원	nature	129.16786	35.18138
대천공원매점	shop	129.16709	35.18163
대천캠프	shop	129.17174	35.17328
대판	food	129.13984	35.16688
대패파티	food	129.20386	35.18340
대풍밀면	food	129.17739	35.16868
대하	food	129.20358	35.18199
대하골프아카데미	activity	129.17483	35.17163
대학약국	shop	129.18001	35.17286
대학책방	shop	129.15285	35.22338
대한공수도	activity	129.16874	35.16617
대한복국돌판낙지볶음	food	129.20241	35.18393
대한축산직판장	shop	129.13916	35.17030
대한콩국	food	129.12853	35.18785
대한표준금거래소	shop	129.12575	35.18704
대현	shop	129.13107	35.16985
대흥식당	food	129.11814	35.21364
대흥한우식육점	shop	129.18642	35.16652
댄디	bar	129.17696	35.16844
댄싱컵	cafe	129.17678	35.16737
댄싱컵	cafe	129.12615	35.18520
댄싱컵반여로점	cafe	129.11897	35.19752
댄싱컵백병원점	cafe	129.18148	35.17397
댄싱컵부산	cafe	129.12643	35.17544
댄싱컵센트럴푸르지오점	cafe	129.16132	35.16461
댄싱컵오션프라임점	cafe	129.16835	35.16403
댕근마캣	shop	129.13110	35.19665
댕댕커피	cafe	129.13213	35.19366
더	food	129.14661	35.15545
더	bar	129.16339	35.16150
더	bar	129.17592	35.17080
더골드링	shop	129.17487	35.17481
더굿유통	shop	129.13048	35.19835
더그랜드	bar	129.15381	35.15879
더그릿	activity	129.17523	35.16215
더그릿	food	129.12606	35.18808
더그릿	activity	129.12986	35.17302
더기풍스시	food	129.12844	35.19198
더끌링	shop	129.13032	35.19740
더넛츠홀덤펍	bar	129.17624	35.17110
더담은	shop	129.16342	35.16701
더데이걸	shop	129.17705	35.17053
더드림즉석김밥	food	129.14720	35.22563
더디어펫	shop	129.16271	35.16685
더라운지온	food	129.15617	35.16347
더라이브	bar	129.17576	35.17103
더로플	food	129.17767	35.17098
더리본	shop	129.17767	35.17098
더리본더파티센텀	food	129.12619	35.17407
더리본더파티지점주	food	129.16658	35.16020
더리터	cafe	129.15642	35.23183
더리터반여점	cafe	129.11782	35.20531
더리터센텀재반점	cafe	129.12819	35.19132
더리터좌동점	cafe	129.17767	35.17098
더리터해리단길점	cafe	129.15632	35.16832
더마루	food	129.12553	35.18741
더마시	bar	129.15484	35.23278
더마트	shop	129.17370	35.16118
더마트	shop	129.17386	35.18067
더마트	shop	129.20271	35.18277
더맛있는꼬마김밥	food	129.14851	35.22808
더명품해물탕회조개구이	food	129.16061	35.16022
더문	shop	129.13071	35.19456
더바른교정재활센터	activity	129.17574	35.16880
더반	stay	129.15389	35.15924
더백룸	bar	129.16015	35.16247
더베이지	shop	129.16862	35.16665
더베이호텔	stay	129.15807	35.16149
더벤티	cafe	129.12886	35.17383
더벤티	cafe	129.15269	35.22347
더벤티	cafe	129.16823	35.16567
더벤티	cafe	129.11927	35.20287
더벤티	cafe	129.15917	35.16292
더벤티벡스코점	cafe	129.13258	35.16744
더벤티부산	cafe	129.12387	35.18748
더봄	bar	129.12623	35.18785
더봄테라피	shop	129.17617	35.17122
더부즈	bar	129.15897	35.16223
더블루홈	shop	129.14803	35.22646
더블업	food	129.17640	35.17087
더블유	bar	129.15468	35.15992
더블유더파티벡스코지점	food	129.13601	35.16906
더블유레지던스호텔	stay	129.13282	35.16781
더블유레지던스호텔	stay	129.15846	35.16296
더블유앤	shop	129.15381	35.15879
더블유에스피트니스	activity	129.13159	35.17296
더블유엘씨	cafe	129.15693	35.15895
더블제이	shop	129.17666	35.16916
더비치타이	shop	129.15665	35.16064
더뽐뿌	bar	129.12231	35.18458
더샵	bar	129.15645	35.15988
더설레임펜션	stay	129.20480	35.18156
더솔리드	stay	129.16064	35.16225
더송정하우스	stay	129.20426	35.18169
더스웨디시	cafe	129.15764	35.16422
더스타일커튼	shop	129.17017	35.16903
더스페셜	shop	129.20446	35.19022
더스포	activity	129.13369	35.17092
더써드하우스	shop	129.15381	35.15879
더아이잗	shop	129.17705	35.17053
더안	shop	129.17245	35.17481
더어스	cafe	129.17513	35.15641
더엘쇼핑	shop	129.14424	35.15933
더옛날통닭	food	129.20400	35.18261
더온푸드	food	129.18114	35.17562
더요트	food	129.14196	35.15980
더원약국	shop	129.16064	35.16359
더원커피	cafe	129.12306	35.18498
더위주	stay	129.17513	35.15641
더제니스모텔	stay	129.12325	35.18389
더족발	food	129.15469	35.23267
더좋은약사와약국	shop	129.16117	35.16190
더주리축산	shop	129.20108	35.18485
더진심플라워	shop	129.12098	35.18388
더짬뽕	food	129.13130	35.19378
더차이나	food	129.12844	35.17206
더채움	shop	129.14692	35.15664
더카페	cafe	129.17705	35.17053
더칼라	shop	129.11931	35.19039
더커피	cafe	129.13204	35.20114
더쿡	food	129.13043	35.20029
더쿨리스트호텔올데이	food	129.19876	35.17983
더퀸	shop	129.14482	35.15720
더킹스크린골프	activity	129.11931	35.19039
더타코부스부산신세계센텀	food	129.12952	35.16882
더파티	bar	129.15228	35.22336
더퍼스트오션송정	stay	129.20190	35.18129
더페이스샵홈플러스	shop	129.13369	35.17092
더펫텔프리미엄스위트	stay	129.15314	35.15924
더푸드마켓	shop	129.18642	35.16652
더푸드마켓정육	shop	129.18642	35.16652
더플래닛짐	activity	129.17655	35.17149
더플러스푸드	shop	129.12237	35.18556
더피오마	shop	129.18167	35.15726
더하누	shop	129.11757	35.19103
더하이엔드	food	129.15985	35.16193
더하이엔드코인노래연습장	activity	129.15985	35.16193
더한섬하우스	shop	129.16919	35.16818
더한섬하우스라이브임영주	shop	129.16919	35.16818
더한섬하우스어반	shop	129.16919	35.16818
더한섬하우스오에라	shop	129.16919	35.16818
더함컴퍼니	activity	129.17666	35.16916
더헛	cafe	129.17195	35.15911
더홀릭보드게임카페부산	food	129.17779	35.16886
더휴	stay	129.16188	35.16312
더힐스크린골프	activity	129.17733	35.16218
더힐스크린골프존	activity	129.12683	35.18865
덕성식당	food	129.14108	35.17539
덕수	shop	129.16315	35.16942
덕인약국	shop	129.16048	35.16615
덕화반점	food	129.15801	35.16774
던킨도너츠센텀시티홈플러스	food	129.13369	35.17092
던킨도너츠역사점	food	129.15887	35.16365
덤보비에이치	food	129.15791	35.16470
덤브치킨부산반여점	food	129.11723	35.20064
덮덮밥	food	129.12335	35.20346
데상트	shop	129.13107	35.16985
데상트	shop	129.12829	35.16987
데이데이	bar	129.15497	35.15986
데이롱카페반여	cafe	129.12373	35.20538
데이지	cafe	129.12389	35.18604
데이텀	shop	129.17705	35.17053
데이트갤러리	shop	129.16425	35.16093
데이하이	shop	129.17777	35.16084
데일리	food	129.16648	35.16090
데일리파스타	food	129.17284	35.16829
데코라인	shop	129.17603	35.17003
데코하임	shop	129.17767	35.17098
덴포라	food	129.17012	35.16736
델루나	bar	129.15517	35.15983
도그메종	shop	129.13159	35.17296
도깨비노래연습장	activity	129.12328	35.20784
도깨비치킨	bar	129.17024	35.16788
도꼬돈카츠	food	129.14482	35.15720
도나스다방	cafe	129.17944	35.16739
도날드치킨	food	129.13117	35.19697
도니랑	food	129.12575	35.18704
도니숯불갈비	food	129.15077	35.22261
도다리횟집	food	129.11947	35.19932
도다지	food	129.17148	35.17159
도도	shop	129.14846	35.22763
도도	shop	129.14482	35.15720
도도위브	shop	129.12940	35.17399
도레미노래연습장	activity	129.12314	35.18776
도레미노래연습장	activity	129.15073	35.22265
도로시빈티지	shop	129.18642	35.16652
도롱분식	food	129.16240	35.16722
도르리충무김밥	food	129.13107	35.16985
도리도리치키치키	food	129.17245	35.17481
도리마리	food	129.17885	35.16816
도머	bar	129.15987	35.16281
도모갤러리	shop	129.19706	35.17722
도모다찌	bar	129.12300	35.18777
도문	food	129.11854	35.19908
도미노피자	food	129.15070	35.16031
도미노피자	food	129.17527	35.16967
도미노피자반여	food	129.11950	35.19486
도미노피자부산	food	129.14875	35.22813
도미니카	cafe	129.16688	35.17735
도산불교사	shop	129.15412	35.23005
도시공간노래연습장	activity	129.12864	35.19037
도야족발	food	129.12650	35.17658
도야족발보쌈좌동점	food	129.17487	35.17439
도야짬뽕	food	129.12638	35.18850
도우	food	129.15753	35.16683
도우앤로프	food	129.17799	35.17294
도운상회	shop	129.11901	35.19517
도자기꽃	shop	129.18114	35.17562
도쿄가다카페가다	cafe	129.11888	35.19896
도쿄비어	bar	129.17589	35.17319
도쿄장작	food	129.17666	35.16917
도테라	shop	129.17117	35.16527
도토리	shop	129.19867	35.18111
도피오커피	cafe	129.17703	35.18170
도피오커피누리마루점	cafe	129.15136	35.15234
도피오커피벡스코오디토리움점	cafe	129.13601	35.16906
도피오커피벡스코점	cafe	129.13601	35.16906
도핀느	food	129.15782	35.16617
도현당	food	129.15951	35.15969
도현당네이쳐	shop	129.17078	35.16589
도호	shop	129.12952	35.16882
도화	bar	129.12147	35.18437
도희네	food	129.18338	35.16514
도희네	food	129.19426	35.16250
독립문엘르골프	shop	129.13107	35.16985
독일김밥	food	129.13130	35.16810
독일보청기	shop	129.17590	35.17244
독일식학센족발독족	food	129.11910	35.20114
돈가스시	food	129.13346	35.16714
돈까스랑밥이랑	food	129.13332	35.19234
돈까스많이주는집	food	129.18324	35.17246
돈까스명당	shop	129.11951	35.20335
돈까스의나라	food	129.11848	35.19498
돈돈촌숯불갈비	food	129.14896	35.22534
돈벼락맞는곳	activity	129.17623	35.16818
돈부리호야	food	129.17826	35.16817
돈오락쪽갈비	food	129.17715	35.17371
돈오락참쪽갈비	food	129.12272	35.20702
돈이가	food	129.17584	35.17091
돈이랑	food	129.13182	35.19860
돈조국밥	food	129.17255	35.16088
돈주주	food	129.13369	35.17092
돈카츠렌	food	129.12952	35.16882
돈키호테	food	129.15846	35.16296
돈하루방	food	129.13237	35.16769
돌낙집	food	129.16358	35.16714
돌아온칠성통닭	food	129.15035	35.22478
돗토리김밥백	food	129.18001	35.17286
동경규동	food	129.12650	35.17658
동경맑음	shop	129.16372	35.16258
동경분식	food	129.15541	35.23147
동경횟집	food	129.12603	35.18653
동궁	bar	129.14881	35.22945
동궁노래연습장	activity	129.15988	35.16646
동궁찜닭	food	129.12413	35.18775
동그라미	food	129.17601	35.17144
동그라미	shop	129.12416	35.18585
동그라미	food	129.15602	35.23181
동근이두마리치킨	food	129.12318	35.18697
동근이숯불두마리치킨	food	129.18043	35.17053
동기손만두	food	129.13324	35.19944
동남	stay	129.15797	35.16004
동남권디자인산업협회	shop	129.12940	35.17399
동네몸짱형	activity	129.13246	35.16987
동네방네	bar	129.17538	35.17339
동네별장	food	129.14985	35.15751
동네분식	food	129.12273	35.18626
동네서점아르케	shop	129.20365	35.18677
동네짬뽕	food	129.12822	35.17456
동네카페	cafe	129.13009	35.19630
동네포차	food	129.13034	35.19753
동대문엽기떡볶이	food	129.17739	35.16868
동대문엽기떡볶이센텀점	food	129.13246	35.16987
동동국밥	food	129.17593	35.17078
동래삼계탕	food	129.17656	35.17234
동민수산스시츠카무	food	129.13107	35.16985
동민약국	shop	129.13080	35.19489
동반자노래연습장	activity	129.13129	35.19997
동방축산중동점	food	129.16853	35.16450
동백	bar	129.17696	35.16844
동백공원	nature	129.15232	35.15366
동백국수	food	129.12396	35.18559
동백당	food	129.16221	35.16153
동백당구클럽	activity	129.14692	35.15664
동백분식	food	129.15779	35.16588
동백사라다	food	129.16250	35.16188
동백삼계탕	food	129.14692	35.15664
동백섬가는길	cafe	129.15176	35.15898
동백섬마리나	activity	129.15208	35.15659
동백섬횟집	food	129.15469	35.16043
동백아가씨	food	129.15708	35.16479
동백에프앤비동백커피	cafe	129.12986	35.17302
동백중식당	food	129.14540	35.15504
동백집	food	129.19202	35.16074
동백커피신세계키자니아점	cafe	129.12829	35.16987
동백포장타운	bar	129.16337	35.16249
동백한상	shop	129.12274	35.18597
동백한우로스	food	129.14686	35.15600
동보밀면	food	129.12335	35.20666
동보약국	shop	129.13369	35.17092
동보텔레콤	shop	129.16202	35.16331
동보텔레콤	shop	129.16823	35.16567
동부	shop	129.13984	35.16688
동부각	food	129.13984	35.16688
동부기원	activity	129.12623	35.18785
동부떡방앗간	food	129.13984	35.16688
동부문구	shop	129.13984	35.16688
동부산대서점	shop	129.14884	35.23152
동부산횟집	food	129.15587	35.23059
동부식당	food	129.13984	35.16688
동부약국	shop	129.12798	35.19178
동부우리엄마김치	shop	129.13984	35.16688
동부전기	shop	129.14762	35.16344
동산약국	shop	129.12889	35.19302
동삼탕	food	129.13159	35.17296
동서가구	shop	129.14757	35.15799
동서비엔씨	shop	129.20578	35.19521
동성카메라	shop	129.16348	35.16122
동수비어	bar	129.12740	35.19016
동수의가발이야기	shop	129.17971	35.16540
동신약국	shop	129.16134	35.16331
동아슈퍼	shop	129.12986	35.19163
동양사라다	food	129.17062	35.16061
동양수퍼	shop	129.12742	35.19434
동양약국	shop	129.18183	35.17430
동오텔레콤	shop	129.14987	35.22362
동우식당	food	129.15861	35.16755
동우한	stay	129.19705	35.16853
동원노래연습장	activity	129.15974	35.16535
동원모텔	stay	129.15388	35.23220
동원식당	food	129.17671	35.17256
동원씽크	shop	129.15660	35.16915
동원여인숙	stay	129.20344	35.18099
동은스포츠	shop	129.17319	35.17279
동인메디텍	shop	129.18324	35.17246
동인화방	shop	129.15139	35.16031
동일글로리마트	shop	129.12907	35.19616
동일드방레	shop	129.12952	35.16882
동일상회	shop	129.15563	35.23195
동일재활용센터	shop	129.13003	35.19372
동일통신	activity	129.11856	35.19542
동지앙	food	129.16140	35.16012
동진당구장	activity	129.12274	35.20778
동진약국	shop	129.12335	35.20346
동창어묵	shop	129.16262	35.16166
동천백산주짓수앤피트니스	activity	129.15591	35.16252
동촌물회	food	129.16951	35.16740
동춘돌곱창좌동점	food	129.17486	35.17449
동키치킨	food	129.17940	35.16844
동키치킨	food	129.15673	35.23223
동키치킨	food	129.12400	35.20765
동학식품주	food	129.12952	35.16882
동해낚시점	shop	129.15581	35.23337
동해루	food	129.15585	35.22995
동해물회	food	129.20335	35.18383
동해산산오징어	food	129.17552	35.17140
동해생해물탕	food	129.14692	35.15664
동해식당	food	129.12259	35.20830
동해아구찜	food	129.15563	35.23061
동해조개구이	food	129.12584	35.18789
동행복권	activity	129.15846	35.16296
동호건강원	shop	129.16267	35.16172
동호문구사	shop	129.20239	35.18306
동희당약국	shop	129.14816	35.22554
돼지국밥	food	129.14831	35.22624
돼지무역	shop	129.14983	35.22566
돼지아빠정육점	shop	129.12335	35.20346
돼지야	food	129.20441	35.18191
돼지촌	food	129.13109	35.19656
두꺼비	bar	129.15605	35.16017
두꺼비오뎅부산맛집	bar	129.16291	35.16377
두끼떡볶이	food	129.15898	35.16283
두끼센텀시티	food	129.13369	35.17092
두놈	food	129.15846	35.16296
두달팽이	shop	129.15628	35.23109
두드림화장품	shop	129.17386	35.18067
두래그릇마트	shop	129.12866	35.19573
두럭	food	129.16658	35.16020
두레포차	food	129.11921	35.19510
두루백군	food	129.14876	35.22829
두미스토리	shop	129.18254	35.15962
두바이	food	129.16204	35.16356
두바이가라오케	bar	129.16262	35.16094
두번째옷장	shop	129.17149	35.17657
두부	shop	129.16841	35.16540
두스반여점	food	129.12490	35.20708
두이추어탕	food	129.11593	35.20987
두찜부산	food	129.12414	35.18798
두찜부산우동점	food	129.15632	35.16832
두현특약점	shop	129.11754	35.21376
둘례한식	food	129.14757	35.15799
둥우리불닭낙	food	129.15134	35.22297
둥지노래연습장	activity	129.17012	35.16736
둥지보석	shop	129.15728	35.23128
듀라세이프	shop	129.12643	35.17544
듀엘롯데센텀	shop	129.13107	35.16985
듀플릿	cafe	129.15762	35.16430
드래그하우스	cafe	129.19649	35.17583
드럼일공일	shop	129.17336	35.16253
드로어써클센텀	shop	129.12952	35.16882
드리밍부산원	stay	129.15735	35.16533
드리밍부산투	stay	129.15735	35.16533
드리오리	food	129.13094	35.20019
드림라이브	bar	129.17742	35.17325
드림메디칼	shop	129.17453	35.16940
드림약국	shop	129.16185	35.16355
드림어스로띠번	food	129.14935	35.22449
드림오피스	shop	129.12986	35.17302
드림텔레콤	shop	129.13003	35.19372
드림통신	shop	129.12496	35.18606
드림팩토리	shop	129.17666	35.16916
드보라	shop	129.17928	35.15777
드비앙베이커리	food	129.16802	35.16133
드하	shop	129.12157	35.19043
든든김밥	food	129.18112	35.17486
든든패션	shop	129.13063	35.19407
든든한부엌	food	129.13140	35.19840
등대민박	stay	129.20541	35.18137
등대비치게스트하우스	stay	129.20494	35.18163
등대양푼이국수	food	129.20509	35.18348
등대장어구이	food	129.19396	35.16142
등대횟집	food	129.20507	35.18520
등촌샤브칼국수역점	food	129.16132	35.16461
디디디알캔앤보틀커피	cafe	129.15601	35.16082
디딤커피	cafe	129.14845	35.22724
디랙스스포츠	shop	129.12157	35.19043
디문	food	129.16293	35.16403
디바메종	shop	129.17666	35.16916
디블름	shop	129.12844	35.17206
디비에이	cafe	129.19629	35.17388
디센트피어싱	shop	129.15850	35.16561
디아모	food	129.20306	35.18108
디아브	shop	129.19839	35.17934
디아이비즈	shop	129.17114	35.16265
디아이빌리지	stay	129.16113	35.15983
디아트워크	shop	129.12643	35.17544
디아트커피	cafe	129.19187	35.16073
디앤비컨소시엄	cafe	129.15370	35.16017
디앤씨펫푸드	shop	129.12421	35.19342
디앤에이치코퍼레이션	stay	129.15933	35.16161
디앤코컴퍼니	shop	129.16873	35.16617
디어디테	shop	129.16425	35.16093
디어마이퍼피	food	129.17656	35.17234
디어뭉치	shop	129.11698	35.20904
디에스	shop	129.11936	35.20063
디에스더블류	cafe	129.12657	35.18816
디에스에이치글로벌지점	stay	129.15961	35.16330
디에스티피트	activity	129.14692	35.15664
디에스펫케어	shop	129.20418	35.18606
디에이블	food	129.17675	35.15724
디에이치	shop	129.12541	35.17664
디에이치조명	shop	129.15455	35.16097
디엔제이파마	shop	129.12796	35.19096
디엔지	shop	129.16124	35.16241
디오	shop	129.16901	35.17353
디오브	stay	129.16078	35.16229
디오스테이지	shop	129.14985	35.15751
디오아르	shop	129.17656	35.17234
디오픈	cafe	129.11854	35.19430
디오희	food	129.16847	35.16476
디와이기프트	shop	129.12157	35.19043
디일공이	shop	129.13282	35.16781
디자인그로스	shop	129.14757	35.15799
디자인라엘	shop	129.14621	35.15494
디자인휴	shop	129.16811	35.16426
디저트상점하유즈	food	129.17483	35.17163
디젤	shop	129.12952	35.16882
디즈니골프	shop	129.16145	35.16251
디즈니골프반여점	shop	129.12204	35.20680
디지컴퍼니한다솥	food	129.15765	35.16575
디지컴퍼티한다솥	food	129.15765	35.16575
디지털열쇠인터폰비디오폰	shop	129.17774	35.16302
디케이동키치킨	food	129.17900	35.17750
디케이앤와이	shop	129.12829	35.16987
디케이엔와이남성신세계센텀	shop	129.12952	35.16882
디케이치킨	food	129.13045	35.19172
디트리쉬리빙원	shop	129.16444	35.16713
디티커피	cafe	129.15643	35.16383
디티케	shop	129.13143	35.17191
디퍼런트	shop	129.13042	35.22018
딜라잇룸	shop	129.14848	35.22773
딜리버리멀티샵	food	129.17767	35.17098
딜리셔스푸드	food	129.17400	35.16293
딤딤섬	food	129.12952	35.16882
딤타오	food	129.15646	35.16394
딥티크	shop	129.12952	35.16882
딥플로우	cafe	129.15837	35.16461
딩동댕노래연습장	activity	129.12523	35.18577
딩딩	food	129.17598	35.17739
따거양꼬치	food	129.17584	35.17091
따뜻한식사이야기해월	food	129.16871	35.16797
딸기	shop	129.13329	35.19979
딸기네무인문구점	shop	129.17944	35.16739
땅땅치킨	food	129.16140	35.16012
땅땅치킨좌동점	food	129.17742	35.17325
땅스부대찌개	food	129.14276	35.16835
땅스부대찌개	food	129.17539	35.17282
땅스부대찌개반여점	food	129.13084	35.19512
땅스부대찌개좌동	food	129.17539	35.17282
땅파서폰파는집반여점	shop	129.13098	35.19597
땅파서폰파는집아랫	shop	129.14883	35.22501
때깔	food	129.12822	35.17456
때깔뷰	shop	129.14661	35.15545
떡공방브라더	food	129.12909	35.16864
떡굽는사람맛디댜	food	129.12387	35.18737
떡뫼들	food	129.17521	35.17311
떡방앗간	food	129.18001	35.17286
떡보의하루신도시점	food	129.17686	35.17563
떡볶이	food	129.12485	35.18589
떡볶이참잘하는집떡참부산우동점	food	129.15783	35.16777
떡시루	food	129.14482	35.15720
떡시루	food	129.12335	35.20346
떡찌는마을	food	129.12051	35.20275
떡찌는마을	food	129.16825	35.17382
떡하나꿈그리다	food	129.16688	35.17735
또디저트	food	129.16688	35.17735
또또노래연습장	activity	129.12650	35.18899
또또동전노래연습장	activity	129.17632	35.17099
또또로또	activity	129.18043	35.17053
또또베베	shop	129.17986	35.16252
또래오래	food	129.15729	35.23278
또와	food	129.16124	35.16241
또와요슈퍼	shop	129.14815	35.23157
또와요슈퍼	shop	129.15621	35.23319
똘똘이네신발	shop	129.12256	35.20784
똘똘텔레콤	shop	129.15030	35.22315
똘이과일	shop	129.13115	35.19598
똘이펫	shop	129.13033	35.19401
뚜꺼비노래연습장	activity	129.15759	35.23033
뚜레쥬르	food	129.15887	35.22977
뚜레쥬르	food	129.12647	35.18974
뚜레쥬르	food	129.12765	35.17304
뚜레쥬르반여점	food	129.11898	35.19931
뚜레쥬르센트럴	food	129.16132	35.16461
뚜레쥬르수비교차로	food	129.14070	35.16784
뚜레쥬르중동점	food	129.16762	35.16747
뚝따기네팬시카페	shop	129.14807	35.23201
뚝배기양평해장국반여명장점	food	129.11240	35.20485
뚠띠포차	food	129.16010	35.16672
뚱땡이숯불두마리치킨	food	129.13055	35.19555
뚱보생선나라	shop	129.12926	35.19591
뚱이등갈비	food	129.12179	35.18471
뚱이포차	bar	129.15375	35.23076
뜨돈	food	129.13159	35.17296
뜨돈	food	129.17767	35.16968
뜰아래채	food	129.13203	35.16720
띠야	shop	129.17463	35.17367
띠어리	shop	129.12829	35.16987
띠어리	shop	129.13107	35.16985
띠어리맨	shop	129.12952	35.16882
띠오띠오	food	129.17935	35.17150
띵크커피부산	cafe	129.12844	35.17206
라꽁띠	food	129.18901	35.16261
라나	activity	129.14424	35.15933
라나	food	129.18642	35.16652
라나컴퍼니	shop	129.16891	35.17355
라데팡스안경	shop	129.13064	35.19415
라디페	cafe	129.17774	35.16302
라라바	bar	129.16582	35.16154
라라샵	shop	129.15754	35.23138
라라스테이	stay	129.20439	35.18571
라라코스트신세계	food	129.12952	35.16882
라르도	food	129.17853	35.16178
라메르	bar	129.16567	35.16176
라메르스테이	stay	129.16064	35.16225
라면의신	food	129.12721	35.18823
라무진	food	129.15791	35.16470
라무진부산	food	129.12541	35.17664
라무진부산좌동점	food	129.17510	35.17429
라미야전자담배	shop	129.16304	35.16475
라미엔	shop	129.16802	35.16133
라베코퍼레이션	shop	129.14424	35.15933
라벨라	shop	129.13346	35.16714
라부르켓	shop	129.12909	35.16864
라브리	shop	129.14987	35.22886
라비꽁띠뉴	food	129.14985	35.15751
라비살롱	shop	129.17535	35.16843
라비쉼	shop	129.18374	35.16625
라비앙즈메종드	stay	129.15676	35.15976
라비앙즈메종드호텔	stay	129.15676	35.15976
라비앙즈에비뉴	stay	129.15832	35.16161
라뺑화덕피자	food	129.16835	35.16403
라삐	shop	129.15482	35.23083
라스트춘선장산	food	129.17522	35.17101
라온	food	129.17733	35.17907
라온	shop	129.13093	35.19562
라온호텔	stay	129.19735	35.17766
라와마라탕그린시티점	food	129.16740	35.17270
라운딩	bar	129.15370	35.15968
라운지룬	cafe	129.18196	35.15757
라운지커피부산	cafe	129.12744	35.19525
라원에프엔씨팔선생	food	129.12909	35.16864
라이너스의담요	shop	129.14424	35.15933
라이브노래연습장	activity	129.12320	35.18609
라이브동전노래연습장	activity	129.14803	35.22554
라이브러리	shop	129.14757	35.15799
라이브애비뉴	bar	129.17561	35.17126
라이옥	food	129.16325	35.16203
라이온비치하우스	stay	129.20390	35.18139
라이트짐	activity	129.17574	35.16880
라이프라이팅	shop	129.14757	35.15799
라이프워크신세계	shop	129.12952	35.16882
라이프피트니스	activity	129.12014	35.20261
라인	shop	129.12952	35.16882
라인	shop	129.13107	35.16985
라인뷰티	shop	129.16892	35.16640
라인업	shop	129.12340	35.20018
라인음향	shop	129.12512	35.18218
라인의류	shop	129.13249	35.19965
라일락	bar	129.12680	35.18914
라일스튜디오플랜트	shop	129.12619	35.17407
라임	stay	129.20283	35.18102
라임	bar	129.17632	35.17099
라임스위트	stay	129.16204	35.16356
라잇업	shop	129.19479	35.17769
라찌	stay	129.12213	35.18354
라찌호텔	stay	129.12213	35.18354
라코스테	shop	129.12952	35.16882
라쿵푸마라탕	food	129.17779	35.16886
라크슈미댄스아카데미	activity	129.16994	35.17871
라키패밀리	food	129.17244	35.17135
라키팩토리	food	129.17244	35.17135
라파엘	shop	129.12800	35.19192
라펠	cafe	129.17994	35.16909
라포레키즈풀빌라	stay	129.15879	35.16186
라하바나	shop	129.16658	35.16020
라호짬뽕	food	129.14686	35.15600
락포트롯데	shop	129.13107	35.16985
락휴노래타운좌동점	activity	129.17561	35.17126
란미종합씽크	shop	129.17296	35.16201
란비야엥	food	129.12749	35.19181
란찌	shop	129.17705	35.17053
랄프로렌	shop	129.13107	35.16985
랍스터랩	food	129.16658	35.16020
랑투	shop	129.16010	35.16672
래디슨	shop	129.15654	35.16026
래미옷가게	shop	129.12968	35.19614
랜드중고	shop	129.18112	35.17486
러브스토리	bar	129.12424	35.18563
러브앤쇼	shop	129.12952	35.16882
러블리강정해리단길점	food	129.15803	35.16474
러쉬트램펄린	activity	129.17865	35.16848
러키비키장산역점	activity	129.17767	35.16968
럭스월드	shop	129.13143	35.17191
럭키골든스위트	shop	129.16783	35.16309
럭키세븐	cafe	129.12364	35.18222
럭키슈에뜨롯데	shop	129.13107	35.16985
럭키약국	shop	129.12585	35.18581
럭키칠공	food	129.16054	35.16206
럭키탁구장	activity	129.16688	35.17735
럭키팩토리	food	129.14580	35.15404
럽꾸악세사리	shop	129.15701	35.16416
레노마홈	shop	129.12952	35.16882
레니본	shop	129.16942	35.16367
레드노래방	bar	129.12244	35.18338
레드도어	food	129.16113	35.15983
레드문	bar	129.12412	35.18764
레드제트	bar	129.17601	35.17144
레드클럽	food	129.17420	35.17311
레드페이스엔씨	shop	129.17705	35.17053
레디움아트센터	heritage	129.16661	35.16024
레디커피	cafe	129.11947	35.19932
레몬트리	shop	129.12335	35.20346
레뱅신세계주	shop	129.12952	35.16882
레버스	cafe	129.18024	35.15810
레브	cafe	129.12643	35.17544
레브과자점	food	129.17767	35.17098
레브드쉐프	food	129.18642	35.16652
레빗	cafe	129.17294	35.15855
레스	shop	129.17656	35.17234
레이디하우스	shop	129.16383	35.16262
레이스먼트	shop	129.15955	35.16114
레이어드신세계	food	129.12952	35.16882
레이지앤코지	cafe	129.16078	35.16229
레인보우캐슬	activity	129.17750	35.16850
레일사이드	food	129.19901	35.18002
레저	shop	129.17768	35.16957
레전드	bar	129.17624	35.17110
레전드시카고피자	food	129.11969	35.19932
레젤	shop	129.17495	35.17197
레코브신세계	shop	129.12952	35.16882
레토	shop	129.17774	35.16302
레팀스	shop	129.17675	35.15724
레플랑시프렌치레스토랑	food	129.19699	35.16932
레피나르	shop	129.16891	35.17355
렉킹볼아트커뮤니티	cafe	129.16397	35.16406
렌즈미	shop	129.17666	35.16916
렙토날드	shop	129.17253	35.16201
렛잇비어	bar	129.17538	35.17339
렛츠볼링볼링몰	shop	129.12451	35.17516
렛츠볼센텀점	activity	129.12451	35.17516
렛하우스	stay	129.18112	35.15711
로	food	129.16316	35.16342
로다패브릭	shop	129.17845	35.16877
로데오스크린골프	activity	129.16942	35.16367
로뎀나무	shop	129.13056	35.19889
로드민	shop	129.14255	35.16116
로또복권방	activity	129.13121	35.19953
로또천국점	activity	129.14869	35.22773
로라스베이글	cafe	129.15854	35.16615
로라엔터테인먼트뱅뱅	bar	129.15951	35.15969
로랑	shop	129.16942	35.16367
로렌쥬얼리	shop	129.17768	35.16957
로로피아나신세계백화점센텀시티남성	shop	129.12952	35.16882
로망	shop	129.15381	35.15879
로맨틱퀼트	shop	129.12971	35.19254
로메인	cafe	129.15837	35.16625
로멘틱그레이	shop	129.16802	35.16133
로미	shop	129.14255	35.16116
로미스테이	stay	129.16689	35.16097
로빈치맥소	bar	129.15898	35.16562
로아앤제인	shop	129.12909	35.16864
로얄의류쇼핑	shop	129.15596	35.23122
로얄티	shop	129.13166	35.19990
로엘	activity	129.17630	35.17185
로엘더블랙	activity	129.17539	35.17282
로엠	shop	129.17705	35.17053
로엠걸즈	shop	129.17705	35.17053
로열인디아	food	129.16225	35.16045
로우앤스윗	cafe	129.15806	35.16510
로우앤스윗쿠키샵	food	129.15806	35.16510
로우판	food	129.18245	35.17543
로운샤브프리미엄이마트	food	129.16737	35.16602
로이드	shop	129.12952	35.16882
로잔센텀	shop	129.13107	35.16985
로즈라벨	shop	129.17777	35.16810
로즈마리	shop	129.12335	35.20346
로즈마리	shop	129.17386	35.18067
로즈모아	shop	129.13003	35.19372
로키로라하우스	food	129.14985	35.15751
로타리	cafe	129.12554	35.18568
로터스인베스트먼트	food	129.13143	35.17191
록시	shop	129.19644	35.17640
록이네	food	129.17762	35.16833
롤로타바코	shop	129.17481	35.17375
롤로토바코	shop	129.13267	35.20001
롤링핀	food	129.15732	35.16312
롯데내셔널지오그래픽	shop	129.13107	35.16985
롯데노래연습장	activity	129.15623	35.23172
롯데리아	food	129.14875	35.22472
롯데리아	food	129.13060	35.19592
롯데리아부산	food	129.12573	35.18635
롯데리아부산좌동점	food	129.16747	35.17288
롯데백화점레노마	shop	129.13107	35.16985
롯데백화점르니앤맥코이	shop	129.13107	35.16985
롯데백화점비비안	shop	129.13107	35.16985
롯데백화점쇼콜라	shop	129.13107	35.16985
롯데빈폴아웃도어	shop	129.13107	35.16985
롯데센텀다이나핏	shop	129.13107	35.16985
롯데센텀닥스숙녀	shop	129.13107	35.16985
롯데센텀로렌	shop	129.13107	35.16985
롯데센텀리복	shop	129.13107	35.16985
롯데센텀마인	shop	129.13107	35.16985
롯데센텀미샤	shop	129.13107	35.16985
롯데센텀반스	shop	129.13107	35.16985
롯데센텀반에이크	shop	129.13107	35.16985
롯데센텀비너스	shop	129.13107	35.16985
롯데센텀빈폴레이디스	shop	129.13107	35.16985
롯데센텀쇼콜라	shop	129.13107	35.16985
롯데센텀슈페리어	shop	129.13107	35.16985
롯데센텀시티스케쳐스	shop	129.13107	35.16985
롯데센텀시티프로스펙스	shop	129.13107	35.16985
롯데센텀약국	shop	129.13095	35.16785
롯데센텀엘르수영복	shop	129.13107	35.16985
롯데센텀쿠론	shop	129.13107	35.16985
롯데센텀헤지스남성	shop	129.13107	35.16985
롯데센텀헤지스여성	shop	129.13107	35.16985
롯데센텀휠라	shop	129.13107	35.16985
롯데와인롯데백화점	shop	129.13107	35.16985
롯데화인약국	shop	129.17558	35.17046
롯또	activity	129.15721	35.23088
롱비치노래연습장	activity	129.19623	35.17403
료칸에스테틱샾	shop	129.17601	35.17066
루가노	shop	129.12342	35.20849
루나	food	129.17785	35.16799
루나마르	stay	129.16628	35.17100
루나체	shop	129.12940	35.17399
루디아	shop	129.13154	35.19918
루디프로젝트	shop	129.12952	35.16882
루마리	shop	129.13909	35.17004
루비	shop	129.17374	35.17458
루비폰반여점	shop	129.13070	35.19652
루스	shop	129.16050	35.22918
루슬란	food	129.15939	35.16341
루시앙센텀	food	129.13201	35.16642
루쏘갤러리	shop	129.16942	35.16367
루아앤티그리	food	129.19243	35.16236
루이까스텔	shop	129.17705	35.17053
루이베	shop	129.12713	35.18123
루이비통부산신세계센텀시티	shop	129.12952	35.16882
루이스해밀턴	cafe	129.16986	35.16890
루지엔	shop	129.16247	35.16546
루체	shop	129.15073	35.15817
루체	food	129.12518	35.18724
루치아노최	shop	129.13107	35.16985
루코루코	shop	129.13107	35.16985
루트갤러리공예시대	shop	129.16658	35.16020
루프탑키키	cafe	129.17055	35.16062
루프트맨션	shop	129.15806	35.16510
룩앳더바리스타	cafe	129.19705	35.16937
룩앳더바리스타	cafe	129.19737	35.17061
류길상피자	food	129.17767	35.17098
류실공방	shop	129.14540	35.15504
르꼬끄스포르티브	shop	129.13107	35.16985
르네셀그린시티점	shop	129.17994	35.16909
르메르신세계	shop	129.12952	35.16882
르몽드	food	129.14255	35.16116
르뱅	shop	129.13909	35.17004
르베이지	shop	129.12952	35.16882
르브아	shop	129.11897	35.19709
르블랑	shop	129.13042	35.22018
르컬렉티브패러그라프	shop	129.15690	35.16011
릉라각평양냉면	food	129.19999	35.18178
리나	shop	129.19672	35.17383
리나갤러리	shop	129.16802	35.16133
리더스디자인	shop	129.17271	35.17335
리러브	cafe	129.18269	35.16226
리리코이	food	129.16658	35.16020
리마켓	shop	129.17590	35.17244
리멤버	bar	129.16335	35.16166
리멤버	bar	129.15497	35.15986
리모드부산	shop	129.15267	35.16026
리밋바틀샵	food	129.15804	35.16557
리바이스	shop	129.12952	35.16882
리바트네오사무용가구	shop	129.12986	35.17302
리바트매장	shop	129.14757	35.15799
리버	shop	129.13095	35.16785
리버크루즈	activity	129.14196	35.15980
리베가발	shop	129.12484	35.20568
리베로호텔	stay	129.16127	35.16245
리베르타청사포점	cafe	129.19350	35.16089
리베먼트	cafe	129.17115	35.16007
리베애견랜드	shop	129.16707	35.16228
리본	shop	129.17767	35.17098
리본	shop	129.15784	35.16798
리본	food	129.14327	35.15908
리본	shop	129.13107	35.16985
리본점핑온열다이어트	shop	129.17986	35.16252
리브와치	shop	129.16117	35.16190
리빈갤러리	shop	129.17181	35.17158
리빙필	shop	129.17446	35.17353
리세	shop	129.17386	35.18067
리셋아로마	shop	129.13346	35.16714
리수스과수원	food	129.12643	35.17544
리수스과수원과동구밭맥주	bar	129.16801	35.16387
리스트	shop	129.13107	35.16985
리스트	shop	129.12952	35.16882
리신세계	shop	129.12909	35.16864
리썸	shop	129.13097	35.16785
리앤플레이	food	129.16484	35.16163
리앤핏	activity	129.12337	35.18196
리얼펍살얼음맥주부산좌동점	bar	129.17598	35.17739
리엠센트	shop	129.13046	35.17322
리오커피숍	cafe	129.12848	35.19482
리원	cafe	129.12727	35.17572
리치라운드	food	129.12038	35.22311
리치먼드	shop	129.13130	35.16810
리커버운동센터	activity	129.13203	35.16720
리키앤젬	stay	129.16078	35.16229
리턴스케어	shop	129.17574	35.16880
리트머스	shop	129.17705	35.17053
리트머스홈플러스	shop	129.13369	35.17092
리틀그라운드롯데	shop	129.13107	35.16985
리틀닥터잉글리시	shop	129.18840	35.16282
리틀어랏	cafe	129.15782	35.16617
리틀테라스	bar	129.17575	35.17404
리페어잡스	shop	129.17464	35.16315
리플레이	shop	129.17642	35.16790
리홍	food	129.14482	35.15720
린	shop	129.12952	35.16882
린	shop	129.12952	35.16882
린아즈행복한집	stay	129.17393	35.16434
릴리쌀롱	food	129.12419	35.18628
림스치킨	food	129.15846	35.16296
링식당	food	129.15213	35.22326
마	bar	129.17634	35.17271
마고	shop	129.17768	35.16957
마구로쇼텐	food	129.12650	35.18899
마녀	bar	129.17576	35.17103
마녀김밥장산점	food	129.17768	35.16967
마녀족발	food	129.16090	35.16081
마노골프아카데미	activity	129.16567	35.16176
마노앤디저트	food	129.15804	35.16557
마니포차	food	129.12919	35.19669
마닐라	bar	129.15762	35.16047
마담팩토리	shop	129.14482	35.15720
마당쇠왕소금구이	food	129.14686	35.15600
마더린러베이글	food	129.15711	35.16391
마더스키친	food	129.12986	35.19163
마라섬	food	129.17750	35.16850
마라섬반여점	food	129.12387	35.20165
마라인더컵	food	129.17767	35.16959
마레누비움	stay	129.16218	35.16015
마레마레송정	stay	129.19923	35.18032
마레베르	shop	129.14757	35.15799
마레의집	shop	129.14757	35.15799
마루	food	129.11653	35.21024
마루	food	129.12558	35.18750
마루고팥빙수앤깻잎분식포차	food	129.16942	35.16367
마루카페	food	129.13332	35.19234
마루하우스	stay	129.20408	35.18160
마루횟집	food	129.11778	35.18941
마르가	stay	129.16841	35.16488
마르니	shop	129.12952	35.16882
마르쉐커피바	cafe	129.16156	35.16090
마리나떡향기	food	129.14255	35.16116
마리나블루키친	food	129.14853	35.15811
마리나선박대여업협동조합	activity	129.16207	35.17877
마리나약국	shop	129.14853	35.15812
마리떼프랑소와저버	shop	129.12909	35.16864
마리봉	cafe	129.14476	35.15519
마리쏠	stay	129.16149	35.16113
마리안느센트럴	stay	129.16721	35.16095
마리안느호텔	stay	129.16466	35.16147
마리앙앨리엔틱	shop	129.17777	35.16084
마리테	shop	129.13042	35.22018
마린	food	129.14324	35.15482
마린걸	bar	129.17543	35.17152
마린골프	shop	129.17767	35.17098
마린르롱	shop	129.15381	35.15879
마린바이크	shop	129.15270	35.16080
마린보이	bar	129.17543	35.17152
마린샌드	food	129.12500	35.18748
마린수중개발	activity	129.14196	35.15980
마린스크린골프	activity	129.14853	35.15812
마린시티	heritage	129.14366	35.15603
마린식당	food	129.14853	35.15812
마린아트스페이스	shop	129.14324	35.15482
마린약국	shop	129.16147	35.16083
마린초밥	food	129.11978	35.20148
마린케이풀빌라	stay	129.19922	35.18061
마린키즈안경	shop	129.14424	35.15933
마린파크약국	shop	129.14424	35.15933
마린횟집본점	food	129.14621	35.15494
마마	food	129.13159	35.16692
마마게스트하우스	stay	129.16325	35.16203
마망에모와	shop	129.17768	35.16957
마블피트니스	activity	129.14487	35.16369
마비스	cafe	129.15700	35.16385
마산게낙찜	food	129.16658	35.16020
마산아구찜	food	129.12886	35.18627
마산아구찜	food	129.16255	35.16261
마산이모집	food	129.16188	35.16084
마스타골프아카데미	activity	129.17605	35.17222
마스터바니에디션골프웨어부산	shop	129.17129	35.16984
마시니	bar	129.13332	35.19234
마시멜로	shop	129.16190	35.16032
마실	bar	129.17584	35.17091
마실노래연습장	activity	129.17261	35.17347
마씨모효성시티	cafe	129.12146	35.18520
마야생양고기식육식당미포점	food	129.17144	35.16076
마오카페	cafe	129.16840	35.16871
마운티아세이브존	shop	129.16124	35.16241
마음을담다	food	129.18217	35.17326
마음한줄김밥집반여	food	129.12131	35.19608
마이니치	food	129.17935	35.17150
마이라이스케이크	food	129.17370	35.16118
마이요거트립	food	129.16825	35.17382
마이월렛	shop	129.15946	35.16421
마이웨이	bar	129.12680	35.18914
마이테이블	food	129.14482	35.15720
마이페이보릿쿠키	shop	129.17678	35.17129
마이플라워리	shop	129.12389	35.20608
마인	shop	129.12952	35.16882
마인드브릿지	shop	129.17705	35.17053
마일로좌동재래	cafe	129.17387	35.17385
마장동	food	129.13025	35.19384
마장동	food	129.15677	35.23151
마장동김씨	food	129.17803	35.16851
마천중고	shop	129.18112	35.17486
마초게코	shop	129.14685	35.22727
마코	shop	129.15053	35.23022
마크빈베이커리카페	food	129.18215	35.15775
마크앤로나	shop	129.12952	35.16882
마크한우	food	129.14327	35.15908
마트	shop	129.16113	35.15983
마포주먹구이	food	129.17601	35.17144
막내딸집건어물	shop	129.14482	35.15720
막내딸집건어물중동점	shop	129.16823	35.16567
막내통신	shop	129.13199	35.19857
막썰어횟집	shop	129.16018	35.16535
막창	food	129.16218	35.16336
막창	food	129.14621	35.15494
만나	food	129.12585	35.17616
만나	food	129.14982	35.22449
만나떠뽀끼	food	129.16814	35.17001
만디카페	cafe	129.12991	35.19493
만랩커피부산	cafe	129.12451	35.17516
만리장성	food	129.11729	35.19604
만만푸드	food	129.12571	35.18531
만물유통상회	shop	129.15528	35.23076
만물전자	shop	129.15042	35.22331
만복국수	food	129.11897	35.19752
만복국수	food	129.12017	35.20295
만복국수	bar	129.17601	35.17144
만복국수	food	129.17777	35.16810
만복국수	food	129.12650	35.17658
만복상회	food	129.15238	35.22371
만복유통	shop	129.14536	35.15969
만복유통반송지점	shop	129.15499	35.23119
만부부대찌개	food	129.17052	35.16239
만서리이가네막국수신도시직영점	food	129.17261	35.17347
만석군	food	129.17312	35.16948
만수르가야밀면	food	129.12844	35.17206
만스타	food	129.15591	35.16252
만월집	food	129.11972	35.20098
만족	food	129.17416	35.17307
만찬불고기쌈정식	food	129.11997	35.20234
만평루	food	129.13952	35.17177
만호상회	shop	129.13366	35.19991
만화리칼국수	food	129.15499	35.23119
말랑시티	shop	129.12882	35.19255
말본골프	shop	129.12952	35.16882
말이네	bar	129.15985	35.16193
맑은샘휘트니스	activity	129.16244	35.22926
맑은약국	shop	129.17666	35.16916
맘보식당	food	129.19606	35.17486
맘스김밥	food	129.17540	35.17072
맘스터치	food	129.15285	35.22338
맘스터치	food	129.17768	35.16957
맘스터치	food	129.16156	35.15989
맘스터치	food	129.13984	35.16688
맘스터치	food	129.17553	35.17810
맘스터치	food	129.12564	35.18548
맘스터치	food	129.17044	35.16636
맘스터치	food	129.12643	35.17544
맘스터치마린시티점	food	129.14424	35.15933
맘스터치반여	food	129.11909	35.20101
맘스터치반여	food	129.13070	35.19652
맘스터치벡스코점	food	129.13130	35.16810
맘스터치부산우동점	food	129.15661	35.16825
맘앤쿡	shop	129.14692	35.15664
맘트밀	food	129.17591	35.16110
맘프리키즈카페	activity	129.11820	35.19856
맛가득찬	shop	129.17506	35.17762
맛깔	food	129.17596	35.16135
맛깔난반찬	shop	129.15702	35.23076
맛나감자탕	food	129.12819	35.19132
맛나감자탕	food	129.17436	35.17278
맛나감자탕	food	129.15230	35.23223
맛나반찬	shop	129.11782	35.20531
맛나분식	food	129.14876	35.22633
맛나불닭강정	food	129.16225	35.16163
맛나우	food	129.17523	35.16312
맛소문오리불고기	food	129.17676	35.17390
맛으로여는세상	food	129.14876	35.22449
맛있꼬막	food	129.15174	35.15941
맛있는과일신선한야채	shop	129.11674	35.20443
맛있는떡볶이튀김	food	129.17986	35.16252
맛짱김밥	food	129.12053	35.20495
망고루	cafe	129.18433	35.16224
망고키즈수영장	activity	129.17539	35.17282
망고키즈수영장	activity	129.11690	35.19608
매드독스마리아	bar	129.17617	35.17122
매머드익스프레스부산	cafe	129.12451	35.17516
매일우유우동	shop	129.16240	35.16923
매일할인반여점	shop	129.12634	35.19465
매직전통찜닭	food	129.14803	35.22554
매초	bar	129.16359	35.16424
매치포인트	shop	129.11976	35.20298
맥스모텔	stay	129.12218	35.18371
맥스바이크	shop	129.12740	35.18801
맥시칸치킨	food	129.16994	35.17871
맥시칸치킨	food	129.17255	35.16088
맨잇수트	shop	129.13107	35.16985
맨즈	activity	129.15468	35.15992
맨투혼	food	129.12623	35.18785
맵스	bar	129.20192	35.18333
맷돌손칼국수	food	129.20657	35.19000
맹가네	food	129.15754	35.23138
머스트루	food	129.17638	35.16151
먹고갈래싸갈래	food	129.17521	35.17311
먹슬러즈	food	129.17134	35.16738
멀티샵	shop	129.12566	35.18656
멋쟁이	shop	129.15694	35.23143
멋쟁이노래연습장	activity	129.14896	35.22534
멋쟁이숙녀복	shop	129.15922	35.16561
멋짐	activity	129.15027	35.15921
멍멍잡화점	shop	129.20394	35.18409
메가마트	shop	129.14536	35.15969
메가엠지씨커피	cafe	129.12431	35.17759
메가엠지씨커피미포점	cafe	129.17073	35.16044
메가엠지씨커피부산그린시티점	cafe	129.17885	35.16816
메가엠지씨커피부산마린오렌지	cafe	129.14692	35.15664
메가엠지씨커피부산센텀큐비점	cafe	129.12643	35.17544
메가엠지씨커피부산월드마크	cafe	129.13143	35.17191
메가엠지씨커피센텀	cafe	129.11786	35.19003
메가엠지씨커피좌동재래	cafe	129.17505	35.17405
메가엠지씨커피중동이마트점	cafe	129.16823	35.16567
메가커피	cafe	129.20052	35.17986
메가커피반여점	cafe	129.13131	35.19779
메가커피시장점	cafe	129.16337	35.16249
메가커피해변점	cafe	129.16197	35.16024
메가푸드	shop	129.16633	35.17190
메가혼밥	food	129.17244	35.17135
메드케이	shop	129.13261	35.19222
메디웰우동지점주	cafe	129.15565	35.16142
메디존	shop	129.16740	35.17270
메디칼하임	shop	129.18505	35.16958
메디컴	shop	129.16987	35.17248
메디팜백약국	shop	129.18183	35.17430
메디헬스케어	shop	129.12157	35.19043
메르메르	food	129.17638	35.16151
메르시	shop	129.17149	35.17657
메르엣	cafe	129.19648	35.17514
메르플라워	shop	129.14540	35.15504
메리윤	cafe	129.17623	35.16818
메리텔레콤	shop	129.12536	35.18652
메리트	bar	129.16527	35.16249
메이드	bar	129.17666	35.16916
메이드인부산	shop	129.15846	35.16296
메이로즈마카롱	food	129.15853	35.16485
메이비	bar	129.15762	35.16047
메이저	bar	129.15381	35.15879
메이저스크린골프	activity	129.11854	35.19430
메이포쌀국수	food	129.16926	35.16516
메이플약국	shop	129.17768	35.16957
메이하우스	cafe	129.17845	35.16877
메종꽃떼	shop	129.17064	35.16054
메종드비올렛	shop	129.16680	35.16191
메종드알렉시스	shop	129.13107	35.16985
메종본에	shop	129.18329	35.16122
메종블랑쉬	shop	129.12952	35.16882
메트로시티신세계	shop	129.12909	35.16864
메트로편의점	shop	129.12611	35.20475
메트로하이브	stay	129.17535	35.16843
멕시카나	food	129.12688	35.19161
멕시카나치킨	food	129.15693	35.23157
멕시카나치킨신도시점	food	129.16825	35.17382
멕시카나해수욕장점	food	129.16194	35.16028
멘야산다이메	food	129.17666	35.16916
멘제이텐	food	129.12585	35.17616
멜로모바일	shop	129.11756	35.18973
멜로우카페	cafe	129.19186	35.16118
며느리밥집	food	129.20424	35.18245
멸치국수	food	129.12396	35.18559
명가	bar	129.17507	35.17306
명가낙지	food	129.13244	35.19868
명가밀면	food	129.17528	35.17816
명가수제돼지갈비·밀면	food	129.13128	35.19764
명가염소국밥	food	129.13329	35.19969
명가침구	shop	129.12903	35.19473
명갤러리	shop	129.12481	35.19152
명동세라믹	food	129.12448	35.18763
명동식당	food	129.12654	35.18429
명동찌개마을	food	129.15608	35.23201
명동찌개마을좌동재래시장점	food	129.17356	35.17368
명랑시대쌀핫도그	food	129.13080	35.19489
명랑시대쌀핫도그	food	129.15651	35.23084
명랑핫도그	food	129.17767	35.17098
명량시대쌀핫도그	food	129.16203	35.16310
명륜진사갈비	food	129.13078	35.19691
명륜진사갈비	food	129.17601	35.17068
명륜진사갈비부산	food	129.12625	35.18331
명문미술	shop	129.16917	35.16700
명물튀김	food	129.16270	35.16213
명보사주	shop	129.12952	35.16882
명보아이엔씨신세계센텀시계	shop	129.12952	35.16882
명보아이엔씨신세계주	shop	129.12952	35.16882
명성	shop	129.16802	35.16133
명성수산	food	129.12917	35.19656
명성안전자재	shop	129.12481	35.21919
명성약국	shop	129.20405	35.18250
명성짜장	food	129.13111	35.20020
명숙이네찻집엔주류	food	129.12936	35.19778
명신상사	shop	129.16124	35.16241
명월가	stay	129.16025	35.16402
명주김밥	food	129.17466	35.17865
명진당	shop	129.15567	35.23220
명진수산	shop	129.15586	35.23113
명진코퍼레이션	shop	129.16942	35.16367
명천산업	shop	129.12188	35.18896
명품구포국수	food	129.13233	35.20036
명품다올	shop	129.16942	35.16367
명품달인김밥	food	129.15143	35.23071
명품당구장	activity	129.11888	35.20290
명품천상	food	129.13346	35.16714
명품키친	food	129.12900	35.19082
명품포항물회	food	129.16611	35.17019
명품한우가	shop	129.17507	35.17306
명품호떡	food	129.16313	35.16221
명향	food	129.16457	35.16270
명희씨쿡	food	129.17557	35.17046
모네	shop	129.14692	35.15664
모네토에프앤비	food	129.14853	35.15812
모녀주방	food	129.11931	35.19039
모노	shop	129.17464	35.15975
모노안경	shop	129.17502	35.17126
모노커피	cafe	129.17767	35.17098
모니카	bar	129.17624	35.17110
모니카의뜰	bar	129.16066	35.22678
모닝글로리	shop	129.15766	35.16717
모닝밀	food	129.14614	35.16327
모닝지니	shop	129.17642	35.16790
모다라부산씨클라우드점	shop	129.16225	35.16045
모닥	food	129.13203	35.16720
모던도시락	food	129.12546	35.18553
모던마트	shop	129.15221	35.22107
모던바아이브	bar	129.17828	35.16899
모던이불	shop	129.14832	35.22584
모두다꽃	shop	129.12335	35.20346
모드니골프스쿨	activity	129.16698	35.16751
모드랑당구재료	activity	129.17558	35.17046
모드랑당구클럽	activity	129.17558	35.17046
모든	cafe	129.17535	35.16843
모든입다	shop	129.12355	35.20794
모또	food	129.16383	35.16262
모라도	shop	129.17705	35.17053
모라도롯데백화점	shop	129.13107	35.16985
모란삼합	bar	129.17510	35.17441
모럼랩	shop	129.12451	35.17516
모로모로	food	129.17994	35.16909
모루비과자점	shop	129.15804	35.16557
모리	food	129.17245	35.17481
모리	food	129.16658	35.16020
모리	food	129.19178	35.16069
모리모리덮밥	food	129.12451	35.17516
모모	shop	129.17768	35.16957
모모	food	129.12896	35.19265
모모밥	food	129.18289	35.16121
모모스커피	cafe	129.14453	35.15452
모비딕기타	shop	129.16942	35.16367
모션스테이	stay	129.18348	35.16195
모스	food	129.12585	35.17616
모스과자점	cafe	129.17575	35.17208
모스트	food	129.15683	35.16062
모아	shop	129.17767	35.17098
모어라운지	bar	129.18167	35.15726
모어앤모어	shop	129.16215	35.16149
모에	shop	129.12909	35.16864
모우펍	bar	129.17556	35.17311
모이라	shop	129.12350	35.19013
모이케어	shop	129.14757	35.15799
모임커피	cafe	129.12451	35.17516
모찌의하루	food	129.17799	35.17294
모카비치	cafe	129.19703	35.17554
모텔가든장	stay	129.16286	35.16164
모텔노래방	bar	129.20285	35.18420
모토모터스	shop	129.17232	35.17063
모퉁이돼지국밥	food	129.12017	35.20295
모티에	food	129.14324	35.15482
목	food	129.14255	35.16116
목구멍	food	129.17617	35.17122
목은정	food	129.12263	35.18466
목화	cafe	129.12758	35.19492
목화이불	shop	129.12359	35.18611
몬산토에이치피	food	129.15621	35.16159
몬스터카페인	cafe	129.16237	35.16532
몬테밀라노린에스앤제이	shop	129.16124	35.16241
몰리스펫샵	shop	129.12829	35.16987
몰틀리	bar	129.11931	35.19039
몸짱닭발포차	bar	129.15750	35.23132
못난이	bar	129.13114	35.20002
못난이식당	food	129.14453	35.15452
몽	bar	129.16942	35.16367
몽	food	129.17556	35.15745
몽글	food	129.17768	35.16957
몽돌추어탕	food	129.12432	35.21068
몽돌횟집	food	129.12230	35.18334
몽불	food	129.17785	35.16799
몽불	food	129.12727	35.17572
몽슈슈	food	129.12952	35.16882
몽실하게	shop	129.17986	35.16252
몽아띠	shop	129.16648	35.16090
몽아띠유치원	shop	129.16648	35.16090
몽아로마마사지	shop	129.16140	35.16012
몽이두마리치킨	food	129.17279	35.16285
몽키친	bar	129.17571	35.17347
몽테이너엘시티점	food	129.16802	35.16133
몽한이엔지	shop	129.12441	35.19136
무감각	food	129.12538	35.18741
무겐	food	129.14668	35.15480
무냐무냐신세계백화점	shop	129.12952	35.16882
무니	food	129.15804	35.16557
무라라멘	food	129.15701	35.16416
무무추	food	129.17794	35.16863
무봤나촌닭	food	129.16346	35.16466
무브먼트랩	cafe	129.17796	35.15662
무스비	food	129.15617	35.16347
무아몽	shop	129.13984	35.16688
무유	shop	129.17738	35.16787
무인닷컴당구야놀자	activity	129.17543	35.17152
무인닷컴당구야놀자장산역	activity	129.17779	35.16886
무인양품	shop	129.12952	35.16882
무인할인마트	shop	129.17623	35.16818
무적불고기	food	129.19760	35.17903
무지개	shop	129.15907	35.22957
무지개	shop	129.12451	35.17516
무지개노래연습장	activity	129.13199	35.19857
무지개떡집	food	129.13225	35.20006
무지개맥주로데오점	bar	129.16942	35.16367
무지개상점	shop	129.17358	35.17411
무크	shop	129.17705	35.17053
무한케이	food	129.20306	35.18108
문	bar	129.15571	35.15975
문	bar	129.12300	35.18777
문당구장	activity	129.19586	35.17645
문당구클럽	activity	129.15759	35.23071
문버거	food	129.18298	35.15916
문스시	food	129.16615	35.17028
문스시신세계백화점	food	129.12952	35.16882
문스키친	food	129.13938	35.17149
문스키친	food	129.17244	35.17135
문앤쿡	food	129.12277	35.19058
문양곱창	food	129.16943	35.16954
문정재	shop	129.11840	35.19381
문탠로드	activity	129.17560	35.15750
문텐빈티지	shop	129.18142	35.16106
문토스트	food	129.20440	35.18095
문현곱창	food	129.17416	35.17307
문현곱창	food	129.17556	35.17311
문현대박곱창	food	129.12623	35.18785
문화관	food	129.16071	35.16101
문화놀이센터	food	129.15289	35.22380
문화농장	shop	129.14185	35.16996
문화의물결까사부사안노	cafe	129.16015	35.16247
물고기미포	stay	129.17225	35.15831
물레방아	bar	129.17576	35.17103
물음표	bar	129.17601	35.17066
물회랑포차랑	bar	129.16314	35.22643
뭐꼬뭐꼬	food	129.15868	35.16630
뮤리엘플레르	shop	129.13203	35.16720
뮤오웨어	shop	129.16917	35.16700
뮤제드블루	cafe	129.19140	35.16124
뮤즈온	bar	129.16356	35.16221
믈	food	129.16689	35.16097
믈반	shop	129.16643	35.16113
미가	food	129.12923	35.19696
미가곰탕	food	129.12588	35.18430
미가분식	food	129.15521	35.23079
미가원	food	129.17280	35.17158
미가찬방	shop	129.17940	35.16844
미가해장국	food	129.15605	35.23087
미각연구소배꼽푸드	food	129.15677	35.23151
미건	stay	129.15897	35.16223
미건의료기지점	shop	129.17666	35.16916
미경슈퍼	shop	129.15866	35.23029
미꼬쥬얼리	shop	129.12952	35.16882
미나도	bar	129.15892	35.16039
미나미	bar	129.15892	35.16039
미니	food	129.12553	35.18741
미니길리	shop	129.15846	35.16296
미니먼트	stay	129.20409	35.18655
미니멈	shop	129.13107	35.16985
미니분식	food	129.13114	35.20002
미니소신세계	shop	129.12952	35.16882
미니슈퍼	shop	129.14783	35.22727
미니스톱좌동윈츠점	shop	129.17597	35.16851
미니스톱좌동지오점	shop	129.17803	35.16851
미니카페	cafe	129.16728	35.16695
미니케주얼레스토랑	food	129.16037	35.16003
미니코미	food	129.12451	35.17516
미다	shop	129.12367	35.18658
미도리쑈쿠도	food	129.17051	35.17198
미드미도깨비장터	shop	129.17799	35.17294
미드미도깨비장터	shop	129.11589	35.19155
미들맨갤러리	shop	129.17035	35.16907
미들맨쓰루	shop	129.17161	35.16871
미들타임	cafe	129.12685	35.19271
미듬	food	129.17039	35.16111
미라클랜드휘트니스	activity	129.13106	35.19863
미라클랜드휘트니스	activity	129.12638	35.18850
미라클핏	activity	129.15381	35.15879
미락한우샤브샤브신도시점	food	129.17495	35.17197
미랄데코	shop	129.17127	35.16784
미래상사	shop	129.20250	35.18633
미래상회	shop	129.15518	35.22981
미래약국	shop	129.17257	35.16132
미래인터텍스홈플러스	shop	129.13369	35.17092
미래자산관리	food	129.15939	35.16341
미래자산관리	food	129.15738	35.16052
미래전자	shop	129.12806	35.19485
미례국밥	food	129.12727	35.17572
미르컴퍼니	shop	129.11950	35.20274
미리내카페	cafe	129.15546	35.22991
미몽	food	129.17601	35.17066
미미네	shop	129.13366	35.19991
미미담	bar	129.17845	35.16877
미미르	food	129.16957	35.16903
미미르레이지앤컴포트	food	129.16957	35.16903
미미블랑	shop	129.17777	35.16084
미미수김치	shop	129.12381	35.19139
미미화컬렉션	shop	129.16941	35.16934
미미회관	food	129.17589	35.17319
미보석	shop	129.12439	35.18609
미분당	food	129.12986	35.17302
미샤	shop	129.14826	35.22550
미샤반여점	shop	129.13126	35.19756
미성상회	shop	129.20377	35.18201
미성왕만두국밥	food	129.14692	35.15664
미성왕만두육개장전골	food	129.15328	35.15950
미센스	shop	129.16145	35.16251
미센스	shop	129.17707	35.17058
미셀	shop	129.12923	35.19086
미소메디칼	shop	129.12131	35.18531
미소수창의영재서점	shop	129.12541	35.17664
미소순두부	food	129.20293	35.18171
미소시락국밥	food	129.15032	35.22342
미소식당	food	129.15858	35.16262
미소야빙수	food	129.12064	35.20277
미소집반찬	shop	129.13973	35.17493
미소커피숍	bar	129.13073	35.19734
미소코스메틱	shop	129.13296	35.16694
미소페	shop	129.17707	35.17058
미소페센텀	shop	129.12952	35.16882
미송	food	129.17510	35.17441
미술관노래연습장	activity	129.17601	35.17144
미술관옆약국	shop	129.14097	35.16710
미슐당	food	129.17799	35.17294
미스공구슬떡볶이	food	129.16158	35.16067
미스사이공	food	129.12643	35.17544
미스카츠	food	129.13107	35.16985
미스코코	shop	129.16802	35.16133
미스터감바	food	129.11810	35.19596
미스터블랙	food	129.13601	35.16906
미스터식당	food	129.16092	35.16085
미스터우	food	129.15623	35.23146
미스터트롯	food	129.17777	35.16810
미스터피자부산	food	129.20447	35.18225
미스헤나	shop	129.17059	35.17046
미식가의반찬	shop	129.14757	35.15799
미식가의우동	food	129.12727	35.17572
미쌤쌀식빵	food	129.12359	35.17676
미어캣	bar	129.15517	35.15983
미엔쏠	shop	129.15407	35.16016
미엘로	shop	129.17705	35.17053
미역상회	food	129.15942	35.22995
미우	food	129.15985	35.16193
미우	shop	129.17908	35.16783
미유미	shop	129.17489	35.16939
미유약국	shop	129.16022	35.16161
미인	shop	129.17666	35.16916
미인공방	shop	129.13242	35.16593
미작가구	shop	129.14757	35.15799
미작스튜디오	shop	129.17081	35.16057
미조돈까스	food	129.18001	35.17286
미죠떼	food	129.18363	35.16128
미즈노골프롯데	shop	129.13107	35.16985
미즈노롯데센텀시티	shop	129.13107	35.16985
미지의세계	shop	129.15833	35.16526
미지트환공방	shop	129.17209	35.17381
미진유통	shop	129.12978	35.19305
미진유통쿨아이스	shop	129.17686	35.17563
미진축산	food	129.12619	35.18830
미진축산	food	129.12886	35.17383
미진축산부산반여점	food	129.11888	35.19896
미진화장품	shop	129.15073	35.15817
미채담샤브정롯데백화점	food	129.13107	35.16985
미친과일마켓	shop	129.17885	35.16816
미카	food	129.13235	35.17223
미트홀	shop	129.19923	35.18588
미포	nature	129.17062	35.15891
미포	food	129.17144	35.16076
미포끝집	food	129.17489	35.15655
미포끝집소문난전복장어구이	food	129.17489	35.15655
미포레스트	cafe	129.17069	35.16068
미포모퉁이돼지고기집	food	129.16942	35.16367
미포문스테이	stay	129.17354	35.16205
미포속씨원한대구탕	food	129.17058	35.15887
미포시락국밥육천모닝	food	129.17080	35.16089
미포오션사이드호텔	stay	129.17058	35.15887
미포장횟집	food	129.17189	35.15812
미포정	shop	129.17174	35.15873
미포정거장	activity	129.17285	35.15820
미포집	food	129.17144	35.16075
미포집엔구덕포	food	129.19768	35.17274
미포초장집	food	129.17199	35.15819
미포칼국수	food	129.17119	35.15851
미포한방보쌈정식	food	129.17055	35.16062
미포한우소고기국밥	food	129.17313	35.16119
미포할매복국본가	food	129.17069	35.15916
미포할매복집	food	129.17070	35.15916
미포항	nature	129.17065	35.15842
미포횟집	food	129.17119	35.15851
미화	shop	129.13042	35.22018
미화당슈퍼	shop	129.11817	35.20873
미화생선	shop	129.15560	35.23125
미화장품	shop	129.12454	35.18589
민경이네이블	shop	129.16285	35.16189
민들레노래연습장	activity	129.12934	35.19504
민들레언덕	food	129.16015	35.16287
민선상회	shop	129.12407	35.20557
민속떡마을	food	129.18310	35.16808
민수네호떡	food	129.18374	35.16625
민스모어	shop	129.16076	35.16746
민영활어공장	shop	129.16313	35.16221
민온누리약국	shop	129.14482	35.15720
민이네횟집	food	129.17501	35.16339
민촌포차	food	129.16018	35.16535
민카페	cafe	129.17244	35.17135
민통상	shop	129.13346	35.16714
민트	bar	129.20525	35.18145
민트약국	shop	129.11931	35.19039
민트플레이	activity	129.16356	35.16221
밀	food	129.12420	35.18526
밀라네제센텀시티	shop	129.13107	35.16985
밀라노	shop	129.17009	35.16408
밀레신세계	shop	129.12952	35.16882
밀레신세계백화점	shop	129.12952	35.16882
밀레토스	cafe	129.13104	35.16574
밀론부티크	activity	129.16892	35.16640
밀림	food	129.17470	35.16142
밀면	food	129.12416	35.20898
밀면나라	food	129.15128	35.22240
밀면전문	food	129.16563	35.16342
밀바라기	food	129.17707	35.15740
밀스튜디오홈플러스	shop	129.13369	35.17092
밀양돼지국밥	food	129.18183	35.17430
밀양돼지국밥	food	129.14987	35.22559
밀양돼지국밥	food	129.17818	35.16828
밀양삼대국밥	food	129.12198	35.20636
밀양상회	shop	129.12389	35.18604
밀양상회	shop	129.15419	35.23088
밀양상회	shop	129.13081	35.20006
밀양상회	food	129.14665	35.22274
밀양순대돼지국밥	food	129.16033	35.16149
밀양식당	food	129.12952	35.19732
밀양식당	food	129.15526	35.23171
밀양식당	food	129.13114	35.20002
밀양식당	food	129.11675	35.20791
밀양얼음골김치	shop	129.17326	35.17273
밀유	shop	129.16975	35.16909
밀창고	food	129.15767	35.16555
밀커피	cafe	129.20407	35.18186
밀크	bar	129.15881	35.16027
밀키샵미포점	cafe	129.17121	35.16107
밀화	food	129.12952	35.16882
밍크뮤롯데	shop	129.13107	35.16985
밍크뮤신세계센텀시티	shop	129.12952	35.16882
바게트호텔	stay	129.15383	35.15962
바구쁘	bar	129.16281	35.16289
바나나크림클로젯	shop	129.15708	35.16479
바나프레소	cafe	129.13246	35.16987
바네사	shop	129.16942	35.16367
바늘한쌈	shop	129.17180	35.16725
바니우니	shop	129.17623	35.16818
바다	stay	129.15993	35.16148
바다	shop	129.20275	35.18092
바다김밥	food	129.16325	35.16254
바다랑분식	food	129.20467	35.18184
바다를품은돼지	food	129.11723	35.20064
바다마루전복죽	food	129.17162	35.15968
바다밥상	food	129.17332	35.17332
바다봄	stay	129.20476	35.18097
바다사랑호	activity	129.20576	35.18036
바다산곰장어	food	129.16205	35.16141
바다새	bar	129.20306	35.18108
바다솔루션	shop	129.12541	35.17664
바다스테이	stay	129.16689	35.16097
바다애	food	129.17446	35.17353
바다약국	shop	129.17574	35.16880
바다에프앤디	shop	129.16873	35.16617
바다위구름상점	shop	129.16029	35.15911
바다퍼스널트레이닝	activity	129.14424	35.15933
바다편의점	shop	129.20275	35.18092
바다품은한솥	food	129.20494	35.18163
바다풍경	stay	129.16171	35.16148
바다한줌	bar	129.15668	35.16848
바다향샤브샤브	activity	129.15985	35.16193
바다횟집	food	129.16188	35.16120
바다횟집	food	129.13237	35.19926
바담코다리	food	129.16125	35.22877
바담코다리	food	129.12730	35.19004
바디앤톡	activity	129.12541	35.17664
바디윌	activity	129.16823	35.16567
바로바로횟집	food	129.12727	35.17572
바로오늘밥	bar	129.17678	35.16737
바로크가구	shop	129.14757	35.15799
바르도	food	129.16335	35.16166
바른밀제빵소	food	129.16886	35.16487
바른약국	shop	129.16146	35.16363
바른체형관리	activity	129.14692	35.15664
바른치킨부산반여점	food	129.12356	35.20647
바리스타	bar	129.17940	35.16844
바리오	food	129.15779	35.16588
바바라	shop	129.17799	35.17294
바바붐	shop	129.17666	35.16916
바비가라오케	bar	129.16339	35.16150
바비앤코	shop	129.17986	35.16252
바비키즈	shop	129.17705	35.17053
바스켓	shop	129.17767	35.17098
바오밥나무	food	129.15812	35.16734
바오버거	food	129.19829	35.18005
바이레도	shop	129.12952	35.16882
바이오메드	shop	129.12024	35.21875
바이온메디	shop	129.17574	35.16880
바이원스크린골프클럽	activity	129.12888	35.18313
바이준	cafe	129.12635	35.19018
바이크룸	shop	129.20093	35.18320
바이홀릭	shop	129.12359	35.17676
박가네손칼국수	food	129.17767	35.17098
박가면가	food	129.11479	35.20424
박가밀면	food	129.12525	35.18486
박갈비	food	129.17678	35.17129
박골드	shop	129.13143	35.17191
박과장네냉삼	food	129.16658	35.16020
박대감불난쭈꾸미	food	129.12715	35.18989
박돼장	food	129.17750	35.16850
박선생	food	129.17469	35.17407
박선장	food	129.15767	35.16555
박승철위그스투디오	shop	129.13346	35.16714
박승철위그스투디오부산	shop	129.13346	35.16714
박씨호떡	food	129.17394	35.17376
박옥녀뽀뽀통닭	food	129.16291	35.16194
박옥희할매집원조복국	food	129.17059	35.15887
박정희샵	shop	129.15679	35.23228
반	shop	129.11954	35.20211
반궁홈플러스	food	129.13369	35.17092
반달커피	cafe	129.16588	35.16228
반도카츠	food	129.17799	35.17294
반디에라	shop	129.13343	35.16638
반미당	food	129.12032	35.20264
반미신짜오	food	129.17666	35.16916
반산우리약국	shop	129.13069	35.19640
반산탁구교실	activity	129.13025	35.19384
반송	stay	129.15540	35.23271
반송곰탕정식	food	129.14919	35.22497
반송낙지	food	129.16071	35.22963
반송닭	food	129.15541	35.23147
반송돌곱창	food	129.14715	35.22590
반송두배로마트	shop	129.14892	35.22455
반송땅폰	shop	129.15717	35.23078
반송루	food	129.16100	35.22913
반송반찬	shop	129.15065	35.22388
반송분식	food	129.15100	35.22275
반송상회	shop	129.15534	35.23185
반송속옷랜드	shop	129.15536	35.23148
반송쉼터	bar	129.14862	35.22605
반송식당	food	129.14766	35.22745
반송열린약국	shop	129.14857	35.22589
반송윤약국	shop	129.15095	35.22280
반송으뜸축산도매센타	shop	129.15069	35.22366
반송재활용	shop	129.15251	35.23143
반송조은약국	shop	129.15739	35.23043
반송카페	cafe	129.15737	35.23326
반송큰시장약국	shop	129.15704	35.23012
반송헬스타운	activity	129.15798	35.23003
반송헬스타운	activity	129.14778	35.22555
반여도서관	heritage	129.13385	35.20204
반여동천백산	activity	129.12128	35.20538
반여삼천리자전거	shop	129.11958	35.19494
반여상회	shop	129.12461	35.20941
반여생아구찜	food	129.12948	35.19616
반여생활용품	shop	129.13226	35.20014
반여수산	shop	129.12919	35.19542
반여스크린	activity	129.11854	35.19430
반여스토아	shop	129.13329	35.19979
반여약국	shop	129.11754	35.19969
반여즉석탕수육	food	129.12725	35.19496
반여초밥	food	129.11913	35.20177
반여코끼리약국	shop	129.13095	35.19793
반올림피자샵부산	food	129.17666	35.16163
반올림피자샵부산	food	129.12588	35.18494
반월풀빌라	stay	129.17381	35.15688
반자주	shop	129.17799	35.17294
반자주엘시티점	shop	129.16802	35.16133
반주포차	food	129.15606	35.23175
반찬마을	shop	129.15526	35.23171
반튼	shop	129.19137	35.16139
반헤유민	shop	129.17642	35.16790
발까락신발	shop	129.16702	35.16329
발똥	bar	129.17637	35.17318
발란	bar	129.15762	35.16047
발리	bar	129.16567	35.16176
발리노래연습장	activity	129.13091	35.19548
발리노래주점	bar	129.12389	35.20872
발리커피	cafe	129.13095	35.19577
발해	bar	129.14692	35.15664
밝은눈안경	shop	129.12563	35.18683
밝은눈안경원	shop	129.14796	35.22552
밤비노	shop	129.17666	35.16916
밤서프	activity	129.19839	35.17934
밤의테라스	stay	129.16774	35.16279
밥꽃	food	129.17024	35.16079
밥도둑찬방	shop	129.17908	35.16783
밥마니	food	129.12316	35.20825
밥만퍼반찬	shop	129.12476	35.18609
밥머꼬	food	129.16726	35.16191
밥스토리	food	129.17149	35.17657
밥이랑술이랑	food	129.15442	35.23033
밥집	food	129.15645	35.15988
밥풀떼기	food	129.17284	35.16829
밥하남	food	129.17045	35.16744
방가방가	food	129.16035	35.16638
방갈로끝집	food	129.18911	35.16006
방장치킨	food	129.15988	35.16646
배경란밥집	food	129.16236	35.16263
배다른민족	food	129.20648	35.19418
배닭	food	129.17935	35.17150
배덕장코다리찜	food	129.12643	35.17544
배드민턴센터	activity	129.13217	35.22169
배떡	food	129.15635	35.23131
배떡	food	129.12387	35.18795
배떡중동점	food	129.17511	35.16327
배럴유통	shop	129.12952	35.16882
배비장보쌈	food	129.14554	35.16332
배스킨라빈스마린시티점	food	129.14424	35.15933
배스킨라빈스부산	food	129.12687	35.18891
배스킨라빈스부산	food	129.14816	35.22554
배스킨라빈스부산송정비치	food	129.20306	35.18108
배스킨라빈스양운점	food	129.16734	35.17252
배스킨라빈스중동역	food	129.16892	35.16640
배짱이	bar	129.15431	35.15933
백경식당	food	129.18338	35.16514
백국선골프레슨	activity	129.17261	35.17347
백남옥달인손만두	food	129.17539	35.17282
백년대계교육부산	shop	129.14424	35.15933
백년불고기물갈비	food	129.16204	35.16356
백년왕돼지국밥	food	129.19953	35.18078
백두	cafe	129.14333	35.15704
백두왕족발보쌈	food	129.20428	35.18392
백락장	food	129.14686	35.15600
백리향	food	129.14944	35.22404
백만불당구장	activity	129.12680	35.18946
백미가마라탕	food	129.17528	35.17816
백미당신라스테이점	food	129.15873	35.15980
백번집	food	129.16486	35.16278
백석익투스엄마의손	shop	129.12359	35.17676
백선생김밥	food	129.16787	35.16231
백설	food	129.17563	35.17296
백성	food	129.17149	35.17657
백소정	food	129.13100	35.17246
백소정장산역점	food	129.17666	35.16916
백송떡방앗간	food	129.15642	35.23083
백식당	food	129.17855	35.16968
백억커피부산	cafe	129.12612	35.18440
백일약국	shop	129.18183	35.17430
백정갈비	food	129.17450	35.17246
백향목갤러리	shop	129.19512	35.17755
백홈	shop	129.15650	35.23155
백화생갈비	food	129.17654	35.17386
밴드노래방	bar	129.19055	35.16023
뱃길	food	129.12514	35.18745
뱅가드와인머천트부산센텀지점	shop	129.12700	35.17463
뱅뱅	shop	129.17705	35.17053
뱅뱅세이브존	shop	129.16145	35.16251
뱅뱅어패럴부산반여점주	shop	129.12050	35.20515
뱅오제니스	shop	129.20314	35.18394
버거랩	food	129.15376	35.17055
버거샵	food	129.15764	35.16422
버거앤타코장산	food	129.17750	35.16850
버거앤파스타	food	129.14661	35.15545
버거앤프라이즈부산	food	129.14851	35.22824
버거인뉴욕	food	129.16469	35.16093
버거킹부산	food	129.13143	35.17191
버거킹부산센텀오일뱅크점	food	129.12356	35.18189
버닝짐	activity	129.12922	35.17360
버디스	food	129.16680	35.17303
버버리신세계센텀시티점주	shop	129.12952	35.16882
버커피	cafe	129.12709	35.17104
버터리	cafe	129.18043	35.17053
버터린베이커리	food	129.17986	35.16252
버터테이블	cafe	129.12248	35.20373
버터플라이케익	food	129.15923	35.16534
번개반점	food	129.12064	35.20277
번개전업사	shop	129.16939	35.16760
번창유통	shop	129.20479	35.18259
범일식당	food	129.13202	35.19977
범표	shop	129.16306	35.16213
범프리카	food	129.16023	35.16562
범프리카인생치킨	food	129.17678	35.16737
법인거림제약	shop	129.12643	35.17544
법인이슬머금	shop	129.12093	35.21593
베가스	bar	129.16567	35.16176
베네통	shop	129.13107	35.16985
베니스과자점	food	129.13058	35.19572
베니시모부산	shop	129.18565	35.16427
베니크루즈컴퍼니	shop	129.16737	35.16602
베니키아호텔마리안느	stay	129.16466	35.16144
베랑길자전거	shop	129.14424	35.15933
베러고릴라	food	129.16802	35.16133
베러댄와플	food	129.14324	35.15482
베러먼데이반여점	cafe	129.12093	35.19610
베러먼데이파밀리에점	cafe	129.17489	35.16939
베러미약국	shop	129.16291	35.16194
베르디안가구부산	shop	129.12050	35.20515
베리뉴약국	shop	129.16071	35.16101
베리베리	cafe	129.11786	35.20895
베리베리	shop	129.16352	35.16474
베베상사	shop	129.12342	35.20849
베베츄밀크티	cafe	129.12330	35.20898
베비장보쌈	food	129.14554	35.16332
베스킨라빈스	food	129.17634	35.17271
베스킨라빈스	food	129.12700	35.17463
베스킨라빈스	food	129.16040	35.16142
베스킨라빈스반여점	food	129.11927	35.20287
베스트	shop	129.17767	35.17098
베스트	shop	129.17483	35.17163
베스트마트	shop	129.13984	35.16688
베스트스크린골프	activity	129.12844	35.17206
베스트타파	shop	129.15077	35.22239
베스트피트니스	activity	129.16942	35.16367
베아트리스푸드	food	129.17382	35.16330
베이글덴유	food	129.13246	35.16987
베이모텔	stay	129.20047	35.18403
베이몬드호텔	stay	129.15678	35.15960
베이비하우스	shop	129.14998	35.22490
베이커리온	food	129.11931	35.19039
베이커리토끼굴	food	129.13143	35.17191
베이커리토끼굴	food	129.12328	35.17950
베이커스박스	food	129.17266	35.15801
베이크마마	food	129.14639	35.16299
베이크콩	food	129.18001	35.17286
베이킹테라스	food	129.12340	35.20018
베이프큐	shop	129.12451	35.17516
베카부산	shop	129.17574	35.15888
베키토코	shop	129.15173	35.22357
베트남노래연습장	activity	129.17617	35.17122
베트남노래주점	bar	129.17617	35.17122
베트남노상식당	food	129.15833	35.16526
베트남식전문	food	129.15073	35.15817
베트남쌀국수퍼란	food	129.17558	35.17046
베트남쌀국수호아빈	food	129.14661	35.15545
베트남음식점전문	food	129.12289	35.20750
베트남화장품	shop	129.17617	35.17122
벡스커피	cafe	129.13601	35.16906
벡스코	cafe	129.13601	35.16906
벡스휘트니스	activity	129.17129	35.16984
벤즈노래방	bar	129.15645	35.15988
벨라	shop	129.13130	35.16810
벨라	shop	129.16942	35.16367
벨라돌체	food	129.15389	35.16062
벨라루나	cafe	129.19591	35.17569
벨라비	cafe	129.19814	35.17885
벨루티신세계센텀	shop	129.12952	35.16882
벨프홈나드	food	129.14757	35.15799
별	bar	129.12648	35.18888
별담모바일	shop	129.12541	35.18721
별도깨비포장맛차	bar	129.17601	35.17144
별미식당	food	129.14864	35.23176
별미아구찜	food	129.17767	35.17098
별미집	bar	129.16005	35.16562
별밤라이브	bar	129.12592	35.18745
별별자원	shop	129.12603	35.18559
별이	shop	129.15972	35.16528
별이네	food	129.14998	35.22529
별이네구제	shop	129.15785	35.16699
별이네옷가게	shop	129.16196	35.16133
별장	cafe	129.18648	35.16196
별채	food	129.15951	35.15969
별해별감자탕	food	129.12632	35.18508
병과점아시해리단	cafe	129.15751	35.16672
병천순대국밥	food	129.17422	35.17478
보경당	shop	129.12410	35.18742
보경당	shop	129.16216	35.16282
보고커피반여점	cafe	129.13124	35.19964
보글	food	129.17935	35.17150
보금쥬얼리	shop	129.12952	35.16882
보나투게더인	stay	129.16078	35.16229
보노베리	food	129.16260	35.16297
보니디자인	shop	129.16231	35.16911
보니수	shop	129.17470	35.16142
보니엔보니	shop	129.18180	35.16442
보다스테이	stay	129.15517	35.15983
보돌미역	food	129.12451	35.17516
보돌미역	food	129.17768	35.16967
보드게임카페홈즈앤루팡	cafe	129.16082	35.16073
보들보들스튜디오	shop	129.14540	35.15504
보듬만두	food	129.13984	35.16688
보떼	shop	129.12335	35.20346
보띠아르	shop	129.13107	35.16985
보라수산	shop	129.15756	35.16837
보라약국	shop	129.17768	35.16967
보라찐빵	food	129.12527	35.21069
보르토토	cafe	129.15682	35.16436
보리문디	food	129.16371	35.16369
보리밥집	food	129.12933	35.18777
보릿고개	food	129.16146	35.16402
보물섬	shop	129.11856	35.19389
보물섬문구	shop	129.17553	35.17810
보물창고	shop	129.13125	35.19747
보물창고	food	129.13049	35.19619
보물찾기	shop	129.12248	35.18784
보미식당	bar	129.12351	35.18771
보배반점반여점	food	129.12395	35.20184
보배반점좌동점	food	129.17310	35.17355
보보	shop	129.11910	35.20092
보보	shop	129.13071	35.19456
보브	shop	129.12952	35.16882
보성녹돈구이그리고보쌈	food	129.17940	35.16844
보스	bar	129.12363	35.20886
보스	bar	129.17601	35.17066
보스당구장	activity	129.12647	35.18974
보스짬뽕	food	129.17543	35.17152
보스코	food	129.15271	35.22364
보에띠	shop	129.17705	35.17053
보엔	shop	129.17767	35.17098
보울앤박스	food	129.11810	35.19596
보원	shop	129.15504	35.23091
보이브라질	food	129.15961	35.16330
보테가디융스	shop	129.15764	35.16602
보티첼리	shop	129.12952	35.16882
보헤미안키친	food	129.20497	35.18215
복	shop	129.17538	35.17339
복계수퍼	shop	129.15265	35.22997
복고향집청과물	shop	129.20210	35.18326
복권명당	activity	129.14733	35.22561
복돼지국밥	food	129.13117	35.19697
복만당센텀시티역점	food	129.13246	35.16987
복미아구찜	food	129.17017	35.16903
복싱클럽	activity	129.16970	35.17034
복쌈	food	129.17640	35.17087
복합천돼지국밥본점	food	129.15684	35.16199
본가어탕	food	129.16618	35.17043
본도시락	food	129.13242	35.16593
본도시락부산재송반여점	food	129.12245	35.19254
본동떡방앗간	food	129.15452	35.23065
본식당	bar	129.12218	35.18454
본앤브레드	food	129.16528	35.16022
본전	food	129.12500	35.17739
본좌김밥	food	129.11964	35.20362
본죽앤비빔밥엘시티몰점	food	129.16802	35.16133
본죽앤비빔밥장산역점	food	129.17855	35.16968
본죽엔비빔밥	food	129.14324	35.15482
본죽중동점	food	129.16185	35.16355
본초불닭발	food	129.15733	35.16827
볼다이너스티소주호프노래타운	bar	129.16140	35.16012
볼라	shop	129.13282	35.16781
볼빅	shop	129.16942	35.16367
볼빅	shop	129.13107	35.16985
볼원볼링센타	activity	129.12844	35.17206
볼원스낵	shop	129.12844	35.17206
봄네커피	cafe	129.12585	35.20535
봄떡	food	129.12925	35.19582
봄베이인도요리	food	129.16040	35.16142
봄봄	cafe	129.16409	35.16964
봄봄	cafe	129.13143	35.17191
봄봄횟집	food	129.17469	35.17407
봄빛	bar	129.17552	35.17140
봄약국	shop	129.13105	35.19852
봉구비어좌동점	bar	129.17575	35.17404
봉구스밥버거	food	129.12688	35.19161
봉구스밥버거	food	129.15679	35.16890
봉국수	food	129.16886	35.16487
봉다리숯불두마리치킨	food	129.17715	35.17371
봉림루시앙	food	129.13201	35.16642
봉림루시앙구청점	food	129.16458	35.16314
봉림완뚝순두부	food	129.13346	35.16714
봉봉스테이션	shop	129.14692	35.15664
봉봉스테이션	shop	129.16140	35.16012
봉봉스테이션	shop	129.17750	35.16850
봉산손칼국수	food	129.17521	35.17311
봉선네정육점	shop	129.13251	35.20002
봉수삼춘	food	129.15968	35.16430
봉아이스크림더샾센텀	shop	129.12359	35.17676
봉아이스크림벽산	shop	129.18505	35.16958
봉아이스크림센텀	shop	129.12359	35.17676
봉아이스크림센텀	shop	129.13991	35.17205
봉아이스크림좌동건영점	shop	129.17943	35.17860
봉아이스크림할인점좌동뜨란채점	shop	129.16891	35.17355
봉이동동	bar	129.12922	35.17360
봉자네실비집	bar	129.16228	35.16128
봉자막창	food	129.11723	35.19053
봉쥬르	shop	129.14985	35.15751
봉추찜닭	food	129.17768	35.16957
봉추찜닭부산	food	129.13100	35.17246
봉평막국수	food	129.12400	35.20670
봉평메밀막국수	food	129.17495	35.17197
부경해물찜	food	129.14677	35.16373
부광모사	shop	129.17446	35.17306
부광식당	food	129.12617	35.19466
부광식육점	shop	129.14995	35.22497
부다면옥	food	129.16297	35.16238
부다파이	food	129.17986	35.16252
부루앤쥬디	shop	129.17707	35.17058
부막숯불닭갈비	food	129.14621	35.15494
부막숯불닭갈비반여점	food	129.11971	35.19512
부막숯불닭갈비중동점	food	129.16832	35.16481
부막푸드	shop	129.12682	35.18108
부민두배로마트	shop	129.15674	35.16188
부바	food	129.15775	35.16428
부바팩토리	food	129.15755	35.16443
부부분식	food	129.14826	35.22725
부산가구	shop	129.14809	35.23049
부산가구단지메종갤러리	shop	129.14757	35.15799
부산가구메종갤러리	shop	129.14757	35.15799
부산갈매기라이브클럽	bar	129.17601	35.17144
부산갈메기	food	129.13944	35.17195
부산고양이분양디테일캣	shop	129.12843	35.17400
부산곰장어	food	129.16188	35.16120
부산곱창집돼지국밥	food	129.16078	35.16060
부산공간화랑	heritage	129.15017	35.15764
부산광안대교	heritage	129.12701	35.14500
부산광역시공예협동조합	shop	129.13601	35.16906
부산광역시사회체육센터재	activity	129.13769	35.16742
부산광역시생활체육문화센터	activity	129.13765	35.16739
부산국제매직페스티벌	event	129.12709	35.17104
부산국제아동도서전	event	129.13552	35.16875
부산글로벌웹툰페스티벌	event	129.12561	35.17275
부산당본점	cafe	129.15907	35.16023
부산디자인페스티벌	event	129.13596	35.16907
부산마녀마녀김밥센텀점	food	129.12643	35.17544
부산막창	food	129.16340	35.16394
부산맥주	bar	129.12451	35.17516
부산맥주달바당	bar	129.16942	35.16367
부산문화여자고등학교구내매점	shop	129.14436	35.16591
부산미가돼지국밥	food	129.15412	35.16036
부산밀면	food	129.13164	35.19879
부산밀면	food	129.17303	35.17170
부산바다샌드	cafe	129.15826	35.16478
부산브릿지마라톤	event	129.13602	35.16906
부산비데	shop	129.14198	35.16567
부산산오징어	food	129.12350	35.20058
부산삼정돼지국밥	food	129.12363	35.20886
부산샌드	food	129.15551	35.16322
부산선불폰중고폰샵	shop	129.16862	35.16665
부산송정놀다가풀빌라펜션	stay	129.19724	35.17004
부산수제맥주페스티벌	event	129.13552	35.16875
부산스텝업댄스페스티벌	event	129.12704	35.17096
부산시계	shop	129.12952	35.16882
부산시립미술관	heritage	129.13705	35.16670
부산시스템에어컨	shop	129.12714	35.21980
부산시스템에어컨에이비시스템	shop	129.14540	35.15504
부산식당	food	129.15190	35.22145
부산아카데미	shop	129.15438	35.16149
부산악기	shop	129.12727	35.18058
부산어바웃골프피팅	shop	129.16658	35.16020
부산에뜬고등어	food	129.17039	35.16111
부산엑스더스카이	heritage	129.16801	35.16134
부산엘시티파스쿠찌에스프레스바	cafe	129.16802	35.16133
부산영화촬영스튜디오	activity	129.13810	35.16252
부산왕밀면냉면	food	129.19601	35.17453
부산요트블랑	activity	129.14196	35.15980
부산요트투어	activity	129.13689	35.16227
부산요트투어	activity	129.14196	35.15980
부산요트투어	activity	129.13808	35.16249
부산요트투어광안대교아이러브유요트	activity	129.12762	35.19439
부산요트투어광안리요트야놀자	activity	129.14196	35.15980
부산요트투어더요트	activity	129.14424	35.15933
부산요트투어라나요트	activity	129.13808	35.16249
부산요트투어루크요트	activity	129.14196	35.15980
부산요트투어브라보	activity	129.14196	35.15980
부산요트투어블랙펄	activity	129.13808	35.16249
부산요트투어요기요트	activity	129.14196	35.15980
부산요트투어요트	activity	129.14196	35.15980
부산요트투어요트날다	activity	129.14196	35.15980
부산요트투어요트랜드	activity	129.14196	35.15980
부산요트투어요트베이	activity	129.14196	35.15980
부산요트투어요트사랑	activity	129.12762	35.19439
부산요트투어요트아일랜드	activity	129.14196	35.15980
부산요트투어요트카니발	activity	129.14196	35.15980
부산요트투어요트하이	activity	129.14424	35.15933
부산요트투어이디엠	activity	129.14196	35.15980
부산요트투어이요트	activity	129.14196	35.15980
부산요트투어인생요트	activity	129.14196	35.15980
부산요트투어준	activity	129.14196	35.15980
부산요트투어칸	activity	129.13808	35.16249
부산요트투어프라이빗	activity	129.14196	35.15980
부산우동점굽네치킨	food	129.15738	35.16546
부산좌동점굽네치킨	food	129.18324	35.17246
부산중고폰유투폰	shop	129.15846	35.16296
부산첫회	food	129.18338	35.16514
부산통닭명품달인김밥	food	129.16023	35.16133
부산펜션모가스테이	stay	129.16023	35.16133
부산피트니스	activity	129.17666	35.16916
부산할인마트	shop	129.13005	35.19742
부산화소반	shop	129.17473	35.17458
부산횟집	food	129.17058	35.15887
부산휴대폰성지	shop	129.17666	35.16917
부산휴대폰성지마징가텔레콤	shop	129.17855	35.16969
부성각	food	129.12916	35.19523
부스트리퀴드	shop	129.13139	35.19829
부엉이	food	129.15468	35.15992
부엌간	food	129.14530	35.16399
부엌간	food	129.18381	35.16460
부엌간차이니즈	food	129.18381	35.16460
부엌간차이니즈	food	129.14580	35.15404
부영슈퍼	shop	129.13464	35.20074
부용축산	shop	129.17405	35.17932
부우사안	food	129.15452	35.16017
부원냉삼집	food	129.17762	35.16833
부원냉삼집	food	129.14692	35.15664
부일기획	shop	129.12909	35.16864
부자네	food	129.15578	35.16753
부자떡볶이	food	129.17678	35.17129
부자숯불갈비	food	129.14991	35.22389
부자식육점우동점	shop	129.15632	35.16832
부자집	shop	129.15615	35.23139
부자촌	bar	129.14929	35.22455
부전주방마트	shop	129.20000	35.18261
부즈펍	bar	129.15650	35.23155
부지커피	cafe	129.12718	35.17864
부창루	food	129.16026	35.16598
부창분식식당	food	129.16035	35.16638
부처님마을상회	shop	129.18112	35.17486
부타시니세	food	129.15494	35.16093
부티	shop	129.12890	35.19507
부파리스	food	129.17799	35.17294
부하우스	shop	129.15073	35.15817
부흥	food	129.14327	35.15908
부흥상회	shop	129.15829	35.23427
북경루반점	food	129.13182	35.19613
북경반점	food	129.13234	35.19176
북경양꼬치	food	129.12403	35.20570
북경장옛날짜장	food	129.12829	35.19065
북청물장수	bar	129.17696	35.16844
북촌손만두홈플러스	food	129.13369	35.17092
북카페	cafe	129.12631	35.20224
분더샵	shop	129.12952	35.16882
분더샵남성	shop	129.12952	35.16882
분식이네	food	129.12770	35.18529
분식점빵	food	129.12318	35.18683
분재갤러리한비	shop	129.12971	35.18785
분주니어	shop	129.12952	35.16882
분크	shop	129.12952	35.16882
불꽃	food	129.12121	35.19212
불끈낙지	food	129.17767	35.16959
불놀이야노래연습장	activity	129.17103	35.16607
불닭발땡초동대문엽기떡볶이부산	food	129.16050	35.22955
불닭발땡초동대문엽기떡볶이부산구청점	food	129.16216	35.16282
불로건강원	shop	129.13216	35.19985
불막열삼	food	129.20400	35.18261
불막열삼	food	129.15487	35.23229
불막열삼	food	129.14058	35.17478
불막열삼	food	129.14692	35.15664
불막열삼열받은삼겹	food	129.12254	35.18484
불막열삼장산역점	food	129.17818	35.16828
불백고수락센텀	food	129.12643	35.17544
불새노래주점	bar	129.12231	35.18458
불스떡볶이	food	129.17477	35.16403
불스떡볶이	food	129.12864	35.19238
불심불교사	shop	129.14823	35.22742
불연오리	food	129.15596	35.15971
불오뎅	food	129.11989	35.20324
불오뎅	food	129.16313	35.16221
불이아	food	129.15977	35.16154
불조심	food	129.17580	35.17336
불짱구	food	129.16243	35.16802
불타는조개구이	food	129.12866	35.19510
붉은여우	bar	129.12412	35.18764
뷰테라피	shop	129.14661	35.15545
뷰티리스화장품	shop	129.16892	35.16640
뷰티샤	shop	129.16892	35.16640
뷰티클리닉	shop	129.14855	35.22556
브라더한정식도시락부산	food	129.16900	35.16602
브라보당구클럽	activity	129.13025	35.19384
브라운	stay	129.19876	35.17983
브라운도트호텔	stay	129.12303	35.18372
브라운도트호텔	stay	129.19731	35.17875
브라운돈까스	food	129.16216	35.16282
브라운로	cafe	129.17370	35.16118
브라운쇼콜라	food	129.16892	35.16640
브래든헨리	activity	129.12844	35.17206
브랜드하이커피	cafe	129.12590	35.18263
브런치소보	food	129.17407	35.15937
브레드밀샌드위치	food	129.17642	35.16790
브레드빈	food	129.11933	35.20316
브레드빌라	food	129.17855	35.16968
브레디스베이크하우스	food	129.17940	35.16844
브레이크아웃이스케이프	activity	129.16247	35.16074
브로니	cafe	129.19338	35.16082
브로쓰마카롱	food	129.16049	35.16575
브로커	shop	129.17666	35.16916
브론즈웨인	cafe	129.16646	35.16263
브론즈짐	activity	129.16455	35.16343
브롬	cafe	129.12166	35.18637
브루잉토트자이점	cafe	129.14358	35.16777
브룩스펜션	stay	129.20483	35.18123
브룩스호텔	stay	129.20473	35.18113
브뤼셀프라이	food	129.16015	35.16287
브리즘부산	shop	129.13246	35.16987
브릭커피앤티	cafe	129.12857	35.19051
브릿지카페	cafe	129.13369	35.17092
브알라	cafe	129.14580	35.15404
브에너스커피	cafe	129.14333	35.15704
브이아이피스크린	activity	129.16942	35.16367
브이아이피휘트니스	activity	129.11943	35.20158
브이컴퍼니	shop	129.12650	35.18899
브이호텔	stay	129.15772	35.16129
브이호텔	stay	129.20507	35.18228
블라인드의정석	shop	129.17117	35.16527
블랑	shop	129.17666	35.16916
블랑문	shop	129.17591	35.16110
블랑제리아띠랑	food	129.12359	35.17676
블랙	bar	129.17576	35.17103
블랙	food	129.13502	35.19180
블랙김밥	food	129.17855	35.16969
블랙라인	shop	129.17477	35.15956
블랙레빗	activity	129.12274	35.20778
블랙베리	shop	129.16802	35.16133
블랙보이	bar	129.12758	35.19492
블랙비어	bar	129.12723	35.18911
블랙앤화이트	shop	129.16942	35.16367
블랙야크	shop	129.12952	35.16882
블랙야크키즈롯데센텀	shop	129.13107	35.16985
블랙업커피	cafe	129.16455	35.16343
블랙타운	bar	129.16058	35.16598
블랙홀	activity	129.17785	35.16799
블루	stay	129.16631	35.17134
블루	bar	129.15499	35.23286
블루	bar	129.14621	35.15494
블루독롯데	shop	129.13107	35.16985
블루마린요트주	activity	129.14196	35.15980
블루문	shop	129.16811	35.16426
블루문	food	129.14580	35.15404
블루문마을서점	shop	129.17235	35.15840
블루밍	shop	129.12301	35.20796
블루보트	activity	129.20235	35.18501
블루보트게스트하우스	stay	129.16144	35.16377
블루샥	cafe	129.12643	35.17544
블루샥	cafe	129.17666	35.16916
블루샥	cafe	129.16238	35.16309
블루샥대동	cafe	129.17405	35.17932
블루샥반여	cafe	129.12131	35.19608
블루샥벡스코점	cafe	129.13346	35.16714
블루샥센텀	cafe	129.12500	35.17739
블루샥좌동양운점	cafe	129.16752	35.17306
블루샥팔레드시즈점	cafe	129.16658	35.16020
블루세븐	stay	129.20109	35.18102
블루스타	shop	129.13039	35.19212
블루스텝	shop	129.19140	35.16124
블루애견	shop	129.15933	35.16518
블루오션요트클럽	activity	129.13808	35.16249
블루칩	shop	129.15033	35.22489
블루코어컴퍼니주	shop	129.12986	35.17302
블루통신	shop	129.15635	35.23131
블루포트영산대학교점	cafe	129.15906	35.22416
블루호텔	stay	129.15841	35.16247
블루훗시스화니	food	129.12829	35.16987
블링블링	bar	129.16648	35.16090
블링코	shop	129.17535	35.16843
블링크	shop	129.17666	35.16916
비	shop	129.12489	35.19112
비	bar	129.17640	35.17087
비경물산	shop	129.15015	35.22412
비남	food	129.15247	35.22371
비남숯불구이	food	129.15161	35.22294
비너스당구장	activity	129.12344	35.20868
비네센구르메	shop	129.14187	35.15658
비니푸드	food	129.16931	35.16986
비둘기복권판매점	activity	129.13071	35.19456
비룡스포츠	shop	129.12952	35.16882
비밀정원	shop	129.17643	35.17165
비바	shop	129.17774	35.16302
비바구스토	food	129.16986	35.16890
비바라쵸	food	129.17845	35.16877
비바리스타	cafe	129.14424	35.15933
비바리식당	food	129.12237	35.18478
비바리테일	shop	129.16356	35.16221
비발디리베라내	shop	129.16124	35.16241
비브마켓	shop	129.14711	35.22661
비비비당	cafe	129.18505	35.16246
비비씨당구장	activity	129.15178	35.22301
비비안	shop	129.12952	35.16882
비비안웨스트우드	shop	129.12952	35.16882
비비안홈플러스	shop	129.13369	35.17092
비비케이크	food	129.12387	35.18795
비비쿡	shop	129.14482	35.15720
비비큐	food	129.17666	35.16916
비비큐	food	129.16235	35.22780
비비큐	food	129.12328	35.20784
비비큐랩	food	129.17823	35.16187
비비큐반여스마트점	food	129.11782	35.20531
비비큐반여점	food	129.12382	35.20152
비비큐부산	food	129.20525	35.18145
비비큐우동	food	129.16071	35.16101
비비큐중동스마트점	food	129.17329	35.16285
비비큐중동점	food	129.16977	35.16737
비비큐치킨점	food	129.13027	35.19487
비빔가	food	129.13369	35.17092
비상구	shop	129.14929	35.22517
비스토리호텔	stay	129.12256	35.18374
비스트로피자	food	129.18180	35.16442
비씨비지	shop	129.17705	35.17053
비씨비지롯데	shop	129.13107	35.16985
비아이엠	food	129.17585	35.16740
비아인키노	shop	129.17912	35.15677
비안리안	food	129.12610	35.18704
비알부산장산역주	food	129.17666	35.16916
비어웨이브	bar	129.20109	35.18102
비어첵	bar	129.12412	35.18764
비어팬	bar	129.17762	35.16833
비어홀릭	bar	129.17446	35.17353
비에스모바일반여점	shop	129.11723	35.20064
비에스와이코스메틱	shop	129.12922	35.17360
비에스티리테일	shop	129.17574	35.16880
비에이치씨	food	129.14851	35.22808
비에이치씨	food	129.17834	35.16807
비에이치씨달맞이점	food	129.17641	35.16201
비에이치씨마리나	food	129.14327	35.15908
비에이치씨반여점	food	129.12343	35.20031
비에이치씨부산	food	129.12628	35.19548
비에이치씨부산	food	129.20436	35.18263
비에이치씨센텀	food	129.12643	35.17544
비에이치씨우동점	food	129.14631	35.16335
비에이치씨좌동부흥점	food	129.17575	35.17404
비에이치씨중동점	food	129.16841	35.16540
비엔씨제과	food	129.17651	35.16158
비엔씨제과엘시티점	food	129.16802	35.16133
비엔에트로	stay	129.15629	35.16536
비엠클로젯	shop	129.17737	35.17667
비엠플러스	shop	129.12335	35.20346
비오니	bar	129.17584	35.17091
비오비	food	129.14476	35.15519
비오제닉	shop	129.12340	35.20018
비와이골프아카데미	activity	129.16814	35.17001
비와이씨마트지점주	shop	129.17630	35.17185
비움	bar	129.12886	35.17383
비워시	activity	129.14196	35.15980
비원	food	129.15977	35.16154
비웨이	shop	129.11869	35.19936
비이커	shop	129.12947	35.16675
비전메디케어	shop	129.12610	35.18954
비제이에스컴퍼니	stay	129.15918	35.16179
비젼컴퓨터	shop	129.18112	35.17486
비주얼라이저아라	food	129.17262	35.16536
비쥬얼스페이스	stay	129.17487	35.17461
비지에이치코리아지점	stay	129.16114	35.16045
비처럼음악처럼	food	129.17538	35.17339
비추미안경	shop	129.11913	35.20177
비추미안경렌즈미	shop	129.16455	35.16343
비추미안경시립미술관점	shop	129.14070	35.16784
비취의류쇼핑	shop	129.16285	35.16225
비치	stay	129.17289	35.15758
비치스테이	stay	129.16306	35.16213
비치웨이게스트하우스	stay	129.20183	35.18094
비치인형뽑기	activity	129.16336	35.16176
비치플로우	shop	129.16588	35.16228
비케이알신도시점	food	129.18253	35.16848
비케이앤컴퍼니	shop	129.12757	35.17782
비케이클럽	bar	129.17450	35.17246
비케이휘트니스	activity	129.11590	35.20165
비타민노래연습장	activity	129.12553	35.18741
비타민송게스트하우스	stay	129.20482	35.18216
비타민케어	shop	129.17528	35.17816
비타민헬스	activity	129.15988	35.16646
비트로	shop	129.17261	35.17347
비트볼링장	activity	129.17768	35.16957
비트볼링장매점	shop	129.17768	35.16957
비트윈	stay	129.15996	35.16319
비티에프	shop	129.16942	35.16367
비파나무통신	shop	129.11754	35.21376
비파와수금현학사	shop	129.18053	35.17461
비플러스비	shop	129.12391	35.18726
비학산보리밥생칼국수	food	129.13296	35.16694
비학산칼국수	food	129.16580	35.16286
비해피더플레이스지점	stay	129.16078	35.16229
비해피지점	stay	129.16064	35.16225
빅마마보쌈，정식	food	129.17767	35.17098
빅바이트컴퍼니쉐이크쉑센텀	food	129.12829	35.16987
빅브라더	bar	129.15665	35.16064
빅세일	shop	129.16065	35.16755
빅세일마트	shop	129.12256	35.20784
빅세일마트	shop	129.12737	35.20607
빅세일마트	shop	129.20108	35.18485
빅세일마트	shop	129.12683	35.18865
빅세일마트일진슈퍼	shop	129.12297	35.18995
빅스커피	cafe	129.12607	35.18632
빅스타피자	food	129.12882	35.19065
빅허그	cafe	129.12335	35.20346
빈	bar	129.14692	35.15664
빈스키친	food	129.17370	35.16118
빈신세계백화점	shop	129.12952	35.16882
빈앤브루	food	129.16802	35.16133
빈이주방주야포차	food	129.11782	35.20531
빈티지	shop	129.13256	35.19707
빈티지아이스크림	shop	129.15606	35.16864
빈폴레이디스	shop	129.12952	35.16882
빌드	activity	129.16992	35.16897
빌드핏	activity	129.17310	35.17355
빌라드버틀러	stay	129.16217	35.16361
빌라드엘	stay	129.15925	35.16221
빌라봉신세계	shop	129.12952	35.16882
빌리	shop	129.12952	35.16882
빌리버거	food	129.18180	35.15983
빌리지치킨하우스	bar	129.11859	35.20567
빌리진	bar	129.16726	35.16191
빔스짐	activity	129.11723	35.20064
빙고	bar	129.17601	35.17144
빙과	shop	129.16190	35.16032
빙글김밥	food	129.17666	35.16916
빙동댕	cafe	129.17038	35.16632
빙수의신	cafe	129.17766	35.17097
빠네분식	food	129.12008	35.21924
빠니깔레	shop	129.16942	35.16367
빠뜨아슈	food	129.15580	35.16838
빠리당	food	129.12541	35.17664
빠리지엥과자점	food	129.15701	35.16833
빨간떡볶이	food	129.15950	35.16529
빨간마후라	food	129.18949	35.16029
빨간산오징어	food	129.15695	35.16060
빨간입술화장품	shop	129.16297	35.16238
빨간장화	food	129.17510	35.17441
빨강푸드	food	129.12318	35.18697
빨질레리신세계센텀	shop	129.12952	35.16882
빰밤	shop	129.13143	35.17191
빵그레과자점	food	129.13097	35.19804
빵꾸똥꾸문구야마린시티점	shop	129.14424	35.15933
빵꾸똥꾸문구야반여점	shop	129.12355	35.20071
빵꾸똥꾸문구야벡스코점	shop	129.14276	35.16835
빵꾸똥꾸문구야부산	shop	129.11772	35.18999
빵꾸똥꾸문구야부산신도시점	shop	129.17686	35.17563
빵꾸똥꾸문구야센텀점	shop	129.12359	35.17676
빵꾸똥꾸문구야힐스테이트위브점	shop	129.17986	35.16252
빵다무르	food	129.17453	35.16940
빵빠레노래연습장	activity	129.12571	35.18771
빵빵노래방	bar	129.17162	35.15968
빵샹빵샹	food	129.17162	35.15968
빵집오빠	shop	129.14757	35.15799
빵집오빠	shop	129.12644	35.18875
빼빼로신발	shop	129.15611	35.23095
빽다방대동사거리점	cafe	129.17136	35.17650
빽다방반여	cafe	129.11723	35.20064
빽다방부산	cafe	129.17768	35.16957
빽다방역리베라점	cafe	129.16212	35.16238
빽보이피자부산	food	129.12864	35.19238
뼈대잇는닭발본점	food	129.17940	35.16844
뼈대있는집	food	129.14954	35.22429
뽀끼왕	activity	129.17768	35.16957
뽀바뽀바	activity	129.11951	35.20335
뽀빠이빈티지리폼	bar	129.15569	35.23192
뽀송뽀송강아지미용실	shop	129.15442	35.23251
뽑기사랑	activity	129.13152	35.19592
뽕나무돼지국밥	food	129.15601	35.16082
뿌리건강원	shop	129.12933	35.19648
뿡뿡이네유아식	shop	129.12386	35.20780
쁘니뿌니	shop	129.14877	35.22722
쁘띠드블랑	shop	129.14849	35.22795
쁘띠메종	shop	129.17767	35.17098
쁘띠몽	shop	129.16921	35.16739
쁘띠바또	shop	129.12952	35.16882
쁘렝땅신세계	shop	129.12952	35.16882
사격팡	activity	129.16090	35.16081
사격팡역점	activity	129.15961	35.16330
사계	food	129.16262	35.16094
사계절	shop	129.14834	35.22550
사계절밀면	food	129.16258	35.22912
사계절횟집	food	129.17785	35.16799
사공이	bar	129.17552	35.17140
사과당	cafe	129.13100	35.17246
사담가	shop	129.17705	35.17053
사대천왕시텐노우	food	129.12650	35.17658
사돈국수	food	129.20268	35.18342
사람과사람	shop	129.12093	35.21593
사랑가득국밥	food	129.18043	35.17053
사랑방칼국수	food	129.17402	35.17325
사랑샘의료기센터	shop	129.12541	35.17664
사랑아시아마트	shop	129.15007	35.22367
사랑채카페	cafe	129.16517	35.18417
사랑투	bar	129.20428	35.18234
사랑해베이글부산	food	129.17475	35.16210
사리원냉면	food	129.12952	35.16882
사마정	food	129.14535	35.15514
사미제과점	food	129.16688	35.17735
사백장어	food	129.13159	35.17296
사북칼국수	food	129.16281	35.16289
사비아	food	129.18271	35.16230
사삼이오커피	cafe	129.13395	35.20019
사시사철더부스트	shop	129.14692	35.15664
사실빙	cafe	129.17656	35.17234
사이버	activity	129.13093	35.19562
사이버리아피시방	activity	129.15489	35.23213
사이에베이크	food	129.18329	35.16122
사이트컴퓨터	shop	129.20211	35.18545
사찌	food	129.12577	35.18664
사천마라탕	food	129.12951	35.19637
사천상회	shop	129.13285	35.19984
사천상회	shop	129.13046	35.19605
사천시락국밥	food	129.17343	35.17436
사철식당	food	129.20471	35.18678
사치	shop	129.13030	35.19459
사치문	food	129.17472	35.17440
사카나식당	food	129.15718	35.16444
사카이	shop	129.12952	35.16882
사하라	bar	129.14661	35.15545
산곰장어	food	129.16210	35.16117
산동성	food	129.11754	35.21376
산돼지	food	129.15411	35.16127
산드로롯데백화점	shop	129.13107	35.16985
산민물바다식당	food	129.13265	35.19987
산약당고려약초	shop	129.17558	35.17046
산에는꽃이피네	food	129.17201	35.17068
산에산에	food	129.17483	35.17163
산유화노래연습장	activity	129.19648	35.17515
산청상회	shop	129.17516	35.17339
산청상회	shop	129.15040	35.22396
산타클로스안경	shop	129.17845	35.16877
산호	bar	129.13089	35.19537
살레	food	129.17666	35.16163
살루드플로르	shop	129.17986	35.16252
살아있네생선	shop	129.15660	35.23094
살아있네아구	food	129.19790	35.17857
삼거리떡집	food	129.14863	35.22555
삼거리슈퍼	shop	129.15870	35.23523
삼거리식당	food	129.15968	35.16430
삼겹속에삼겹	food	129.11856	35.19526
삼겹족발	food	129.18232	35.17090
삼겹친구들도시락배달	food	129.17128	35.17258
삼겹파티	food	129.16348	35.16450
삼계탕	food	129.16559	35.16184
삼교리동치미막국수	food	129.19589	35.17584
삼굽살	food	129.12316	35.18754
삼대진가푸드	food	129.14649	35.15840
삼둥이네키즈카페	activity	129.14333	35.15704
삼목	food	129.17229	35.16122
삼미	shop	129.15208	35.15659
삼바리	food	129.17575	35.17404
삼바리	food	129.14692	35.15664
삼바리구남로점	food	129.15854	35.16195
삼바리반여점	food	129.11993	35.20302
삼보약국	shop	129.17605	35.17222
삼보원	food	129.17504	35.16348
삼사오	bar	129.14692	35.15664
삼삼밀면	food	129.13232	35.19918
삼삼바이크	shop	129.16621	35.16716
삼삼횟집	food	129.17085	35.15907
삼성떡방앗간	food	129.17737	35.17667
삼성물산랙앤본	shop	129.12952	35.16882
삼성물산롯데주	shop	129.13107	35.16985
삼성물산신세계주	shop	129.12952	35.16882
삼성빅마트	shop	129.12513	35.18615
삼성센스	shop	129.17767	35.17098
삼성셀바이오뱅크	shop	129.11954	35.20211
삼성순살어묵	shop	129.12359	35.18611
삼성제일	shop	129.13773	35.17020
삼성중고	shop	129.18112	35.17486
삼성패션갤럭시	shop	129.13107	35.16985
삼순이반찬가게	shop	129.13048	35.19198
삼십삼프로	bar	129.17688	35.17352
삼어국수	food	129.11754	35.21376
삼에스바비	food	129.15431	35.15933
삼에스하이	food	129.15431	35.15933
삼영그릇	shop	129.16247	35.16074
삼오반점	food	129.15482	35.23181
삼우떡방앗간	food	129.11723	35.20064
삼원면옥	food	129.20084	35.18109
삼육구노래방	activity	129.19595	35.17536
삼익가구선	shop	129.14757	35.15799
삼익에스부산센텀지점	food	129.12952	35.16882
삼익하나로마트	shop	129.12157	35.19043
삼천리자전거	shop	129.14189	35.16577
삼천리자전거센텀반여점	shop	129.11978	35.20148
삼천리자전거신도시	shop	129.17455	35.17482
삼천포	bar	129.16071	35.16604
삼천포횟집	food	129.17326	35.17361
삼첩분식	food	129.17994	35.16909
삼촌밥차	food	129.12451	35.17516
삼춘김밥좌동점	food	129.17463	35.17367
삼춘카세우기	food	129.13282	35.16781
삼팔돼지국밥	food	129.14980	35.22580
삼한슈퍼	shop	129.16243	35.22665
삼호골프장	activity	129.11946	35.19317
삼호푸드	food	129.12559	35.19419
삼화약국	shop	129.12437	35.19143
삼환두배로마트	shop	129.13862	35.17239
삼환문구	shop	129.13862	35.17239
삼환축산	food	129.11948	35.20125
삼환축산	food	129.16863	35.16436
삼환축산직영점	food	129.18099	35.17402
삿뽀로	food	129.17135	35.16715
상가매점식당	food	129.12093	35.21593
상국이네	food	129.12952	35.16882
상국이네	food	129.16296	35.16201
상궁전롯데백화점	food	129.13107	35.16985
상덕상회	shop	129.12369	35.20718
상록수	cafe	129.17201	35.16758
상록수	shop	129.16270	35.16213
상록수코너	shop	129.16297	35.16238
상록참맛갈비	food	129.17971	35.16540
상무네횟집	food	129.20316	35.18267
상무초밥센텀점	food	129.13056	35.17226
상문이숯불두마리치킨	food	129.17935	35.17150
상사	shop	129.14595	35.16807
상사	shop	129.13112	35.19887
상상블럭홈플러스	activity	129.13369	35.17092
상상오리	food	129.17244	35.17135
상상피자	food	129.17453	35.16940
상상피트니스벡스코	activity	129.13601	35.16906
상생라멘	food	129.13886	35.17042
상설할인타운	activity	129.16942	35.16367
상수동카스티야	food	129.12909	35.16864
상아루	food	129.11810	35.19596
상아탑	food	129.12529	35.18726
상인아레나	shop	129.12952	35.16882
상주상회	shop	129.15532	35.23176
상하이	food	129.15431	35.23030
상황삼계탕	food	129.17358	35.17411
상회	shop	129.16862	35.16665
상희상회	shop	129.15907	35.22957
새누리통신	shop	129.14844	35.22708
새문추어탕	food	129.14601	35.16322
새미갤러리	shop	129.18781	35.16273
새미소약국	shop	129.17310	35.17074
새바다수산	shop	129.17446	35.17306
새바다횟집	food	129.17446	35.17306
새벽기사식당	food	129.12640	35.18179
새봄식당	food	129.12203	35.18641
새부산애견	shop	129.15183	35.23088
새씨앗약국	shop	129.11955	35.20241
새아침	food	129.17058	35.15887
새아침맛집	food	129.17067	35.15886
새여수당구송정당	cafe	129.20226	35.18073
새열린약국	shop	129.18324	35.17246
새올	food	129.13909	35.17004
새제일약국	shop	129.18322	35.16855
새총횟집	food	129.12448	35.20570
색년필	bar	129.17592	35.17080
샌디블루	food	129.19153	35.16066
샌딜리버블	food	129.15861	35.16640
샌프란시스코마켓센텀	shop	129.12952	35.16882
샐러드마비에	food	129.17666	35.16916
샐러드와좌동점	food	129.17940	35.16844
샐러디부산	food	129.14482	35.15720
샐러바웃부산	food	129.12650	35.17658
샐요디	food	129.12688	35.19159
샐픽	cafe	129.12541	35.17664
샘라이언	food	129.16658	35.16020
샘천오리탕	food	129.14888	35.22722
샙	shop	129.17705	35.17053
샛별약국	shop	129.12550	35.18499
생각나는집	bar	129.14830	35.22742
생기화장품	shop	129.13282	35.16781
생생굴국밥대구탕	food	129.12816	35.18849
생생낙지	food	129.13321	35.16665
생생오리	shop	129.17481	35.17321
생선파는며느리	shop	129.11848	35.20926
생어거스틴일루아주	food	129.17449	35.15893
생태복지림참사람의숲	activity	129.16873	35.16617
생활맥주	bar	129.16149	35.16113
생활맥주부산	bar	129.12727	35.17572
생활맥주좌동점	bar	129.17601	35.17144
생활체육센터수영장	activity	129.17595	35.17689
샤넬	bar	129.15762	35.16047
샤또드루브르	food	129.19841	35.18095
샤또에도멘	shop	129.14187	35.15658
샤론노래연습장	activity	129.12502	35.18690
샤브그린	food	129.19649	35.17583
샤브드	food	129.15690	35.16011
샤브막심	food	129.19746	35.17119
샤브야	food	129.18232	35.15831
샤브연리지	food	129.16658	35.16020
샤브올데이부산	food	129.16802	35.16133
샤브진	food	129.12952	35.16882
샤인	shop	129.16124	35.16241
샤인노래연습장	activity	129.17552	35.17140
샤인노래주점	bar	129.17552	35.17140
샤인아트샤인피어싱	shop	129.15846	35.16296
샤크	food	129.14869	35.22539
샤크라센텀홈플러스해피랜드	shop	129.13369	35.17092
샤크홀팀펍	activity	129.17777	35.16810
샤트렌반여점	shop	129.12231	35.20675
샴수리	food	129.13909	35.17004
샵노래연습장	activity	129.17818	35.16828
샵아몬드	shop	129.15850	35.16528
샵폰	shop	129.13237	35.16769
샵플러스노래연습장	activity	129.17818	35.16828
서경은의도자기	shop	129.12392	35.20748
서광키친	shop	129.11744	35.21422
서당골상회	shop	129.17481	35.17321
서리태피자	food	129.11382	35.20357
서몽	stay	129.20491	35.18145
서민불백	food	129.17768	35.16957
서민해장콩나물국밥	food	129.15725	35.16054
서브웨이반여점	food	129.11936	35.20063
서순남콜렉션	shop	129.12401	35.17592
서연상사	shop	129.17705	35.17053
서영꽃집	shop	129.15951	35.16547
서영옷집	shop	129.15942	35.16538
서요반여점	food	129.11897	35.19752
서울깍두기	food	129.13159	35.17296
서울깍두기	food	129.17575	35.17208
서울꽃화분	shop	129.12427	35.21828
서울마님죽	food	129.15703	35.23062
서울마님죽	food	129.17474	35.17290
서울메디컬안경	shop	129.14718	35.22535
서울부대찌개	food	129.13246	35.16987
서울뼈구이센텀반여점	food	129.11856	35.19390
서울생돈까스	food	129.20327	35.18793
서울생오리	food	129.15499	35.23119
서울수퍼	shop	129.12163	35.18935
서울약국	shop	129.14718	35.22535
서울옷방	shop	129.16280	35.16288
서울우유중동고객센터	shop	129.17189	35.16923
서울족발	food	129.13265	35.19987
서울코스메틱	shop	129.14853	35.15812
서울하우스	stay	129.20497	35.18196
서울횟집	food	129.16926	35.16516
서원유통탑마트	shop	129.15049	35.22968
서원유통탑마트	shop	129.17111	35.16890
서원유통탑마트반여점	shop	129.11986	35.20410
서원탑할인마트	shop	129.12802	35.18542
서정패밀리	cafe	129.16124	35.16241
서진탁구클럽	activity	129.17640	35.17087
서청미역	food	129.16895	35.16825
서프홀릭	food	129.20058	35.17998
서플릭스	shop	129.16689	35.16097
서현경	activity	129.12527	35.20546
서호네청과	shop	129.15629	35.23095
서호밀면	food	129.18164	35.16106
서희	shop	129.15586	35.23113
석류	bar	129.12351	35.18771
석류분식	food	129.15448	35.23059
석산농원	shop	129.16696	35.18189
석산정	food	129.16942	35.16367
석암생소금구이부산	food	129.13159	35.17296
석옥갈비	food	129.16853	35.16504
석원장여관	stay	129.16683	35.16323
석이네호떡빙수	food	129.11906	35.20086
선경떡방앗간	food	129.18642	35.16652
선농원	food	129.17271	35.17335
선덕호	activity	129.19010	35.16016
선데이메모리즈	shop	129.13449	35.20115
선데이베이크	food	129.12407	35.18940
선명아구찜	food	129.12321	35.18814
선물	bar	129.17552	35.17140
선미밥상	food	129.15024	35.22476
선미아구찜	food	129.17671	35.17256
선불폰선불유심기장개통점	shop	129.15154	35.23088
선셋	stay	129.16140	35.16012
선셋호텔	stay	129.16140	35.16014
선수촌탁구클럽	activity	129.12050	35.20515
선우상회	shop	129.14984	35.22454
선운플로리안	shop	129.16658	35.16020
선육후면부산	food	129.12632	35.18508
선지할매	food	129.13185	35.19997
선창횟집	food	129.17384	35.15689
선철이내	shop	129.19337	35.16094
선클로버	shop	129.16737	35.16602
선트리레스토랑	food	129.18322	35.15950
선트리호텔	stay	129.18322	35.15950
설	food	129.17640	35.17087
설렁탕	food	129.16873	35.16617
설맥반여점	food	129.12017	35.20295
설미	cafe	129.15833	35.16526
설봉아이스크림	shop	129.12933	35.19088
설빙	cafe	129.11922	35.20257
설빙	cafe	129.12554	35.18568
설빙	food	129.17590	35.17243
설빙역점	cafe	129.15978	35.16209
설빙청사포점	cafe	129.19072	35.16263
설탕노래연습장	activity	129.12359	35.18611
설탕텔레콤	shop	129.15122	35.22437
섬	bar	129.17288	35.17385
섬들애복국	food	129.12986	35.17302
섬진강	food	129.16277	35.16323
섬진강포차	bar	129.15054	35.22453
성남식당	food	129.13224	35.19984
성민약국	shop	129.14912	35.22471
성심약국	shop	129.15547	35.23201
성심약국	shop	129.15972	35.16528
성심쥬얼리	shop	129.14536	35.15969
성심피엠씨	shop	129.16601	35.16125
성심화장품	shop	129.14992	35.22357
성연에이치씨엠	bar	129.16658	35.16020
성우몰	shop	129.17778	35.16724
성일떡집	food	129.15045	35.22215
성일장	stay	129.12630	35.19475
성지	shop	129.13091	35.19548
성화식당	food	129.14738	35.22571
성황리마트정육	shop	129.16322	35.22802
세기상사스누피플레이스부산	cafe	129.15284	35.15881
세끼보약	food	129.17320	35.17088
세나코	shop	129.15846	35.16296
세라론헬스텍	shop	129.12541	35.17664
세라젬웰라운지부산	shop	129.17502	35.17126
세라젬카페오가다부산	food	129.13130	35.16810
세레노	food	129.15892	35.16521
세레스세이브존	shop	129.16124	35.16241
세렌디피티	bar	129.17255	35.16088
세림수입매장	shop	129.16228	35.16136
세림푸드	shop	129.16242	35.16129
세모와네모	bar	129.17668	35.17355
세목주막	food	129.11219	35.20439
세번째마음	stay	129.17510	35.16211
세보개발	stay	129.12231	35.18438
세븐데이	shop	129.17666	35.16917
세븐부산선수촌정문점	shop	129.12168	35.20387
세븐부산센텀리더스점주	shop	129.13242	35.16593
세븐부산아르피나호스텔점	shop	129.13823	35.16464
세븐부산윗반송점	shop	129.15781	35.23349
세븐부산좌동중앙점	shop	129.17617	35.17122
세븐부산중동점	shop	129.16899	35.16602
세븐송정그린웨이점	shop	129.20352	35.18661
세븐스타코인노래연습장	activity	129.17803	35.16851
세븐스타코인노래연습장	activity	129.15978	35.16209
세븐영산대정문점주	shop	129.15285	35.22338
세븐일레븐그랜드점	shop	129.15645	35.15988
세븐일레븐나인점	shop	129.15468	35.15992
세븐일레븐반송	shop	129.15478	35.23274
세븐일레븐반여선수촌	shop	129.12168	35.20387
세븐일레븐백병원점	shop	129.18217	35.17326
세븐일레븐부산	shop	129.15569	35.16244
세븐일레븐부산	shop	129.12284	35.18471
세븐일레븐부산꿈에	shop	129.13250	35.17204
세븐일레븐부산달맞이경동점	shop	129.17404	35.16018
세븐일레븐부산두산동국점	shop	129.16994	35.17871
세븐일레븐부산미포점	shop	129.17044	35.15927
세븐일레븐부산반여	shop	129.11723	35.20064
세븐일레븐부산반여스마트점	shop	129.12237	35.20588
세븐일레븐부산반여스위첸점	shop	129.12178	35.19565
세븐일레븐부산반여왕자점	shop	129.11729	35.19604
세븐일레븐부산삼호	shop	129.13973	35.17493
세븐일레븐부산선수촌	shop	129.12168	35.20387
세븐일레븐부산센텀마치점	shop	129.13270	35.16636
세븐일레븐부산송정바다점	shop	129.20086	35.18002
세븐일레븐부산신송정	shop	129.19839	35.17906
세븐일레븐부산우동	shop	129.16132	35.16461
세븐일레븐부산윗	shop	129.15781	35.23349
세븐일레븐부산재송	shop	129.12260	35.18346
세븐일레븐부산재송원룸점	shop	129.12210	35.18623
세븐일레븐부산재송은하점	shop	129.12834	35.18766
세븐일레븐부산좌동	shop	129.17617	35.17122
세븐일레븐부산좌동	shop	129.17543	35.17152
세븐일레븐부산팔레드시즈점	shop	129.16658	35.16020
세븐일레븐부산팔레드점	shop	129.16658	35.16020
세븐일레븐부산한일점	shop	129.17128	35.17258
세븐일레븐부산해피점	shop	129.15721	35.16223
세븐일레븐부산힐스파점	shop	129.17527	35.15846
세븐일레븐비치점	shop	129.16132	35.16032
세븐일레븐센텀갤러리움점	shop	129.13097	35.16785
세븐일레븐센텀점	shop	129.13017	35.17356
세븐일레븐영산대	shop	129.15285	35.22338
세븐일레븐우동	shop	129.14661	35.16318
세븐일레븐재송	shop	129.12267	35.18760
세븐일레븐해운오렌지점	shop	129.14692	35.15664
세븐페이먼츠	shop	129.12451	35.17516
세상만물	shop	129.14475	35.17216
세실곰탕	food	129.18053	35.17461
세연약국	shop	129.13745	35.17043
세원축산식당	food	129.12857	35.19051
세원축산유통	shop	129.12864	35.19037
세이코앤오리스워치	shop	129.12909	35.16864
세이프룻엘시티점	cafe	129.16802	35.16133
세이호	bar	129.14954	35.22429
세인약국	shop	129.12344	35.20802
세인트	food	129.14324	35.15482
세인트앤드류스신세계백화점	shop	129.12952	35.16882
세일세일타운	shop	129.15623	35.23172
세일식당	food	129.14097	35.16735
세정트레몰로센텀시티지점주	shop	129.13369	35.17092
세진상회	shop	129.12927	35.19601
세컨드소다	shop	129.17180	35.16725
세컨드하우스	food	129.16962	35.16915
세컨페이스	shop	129.13145	35.19861
세컨페이스안경	shop	129.17553	35.17810
세컨페이스안경	shop	129.12650	35.17658
섹시코코	shop	129.15886	35.16279
섹시쿠키부산	shop	129.16238	35.16309
센텀	shop	129.13282	35.16781
센텀가야밀면	food	129.12451	35.17516
센텀가정	shop	129.16259	35.16892
센텀건강약국	shop	129.12952	35.16882
센텀게스트하우스	stay	129.13419	35.17183
센텀낙원떡집	food	129.12344	35.18598
센텀노래연습장	activity	129.12667	35.18000
센텀당구장	activity	129.12327	35.20833
센텀대박컨설팅	shop	129.12922	35.17360
센텀드림약국	shop	129.13296	35.16694
센텀떡방앗간	food	129.13973	35.17493
센텀롯데와이드앵글	shop	129.13107	35.16985
센텀맑은약국	shop	129.13130	35.16810
센텀맥주축제	event	129.12707	35.17100
센텀뮤직타운노래연습장	activity	129.13203	35.16720
센텀바지락칼국수	food	129.12555	35.18190
센텀베스트피트니스	activity	129.12844	35.17206
센텀브로이	bar	129.13282	35.16781
센텀수하우스	stay	129.12182	35.18443
센텀숯불갈비	food	129.12409	35.18150
센텀시장떡집	food	129.13886	35.17042
센텀시티	shop	129.12399	35.18525
센텀시티명동쫄면지점	food	129.13107	35.16985
센텀시티삼성홈플러스배스킨라빈스	food	129.13369	35.17092
센텀시티약국	shop	129.13203	35.16720
센텀식육식당	food	129.12714	35.21980
센텀신가야밀면	food	129.13159	35.17296
센텀약국	shop	129.13237	35.16769
센텀에프앤비공차롯데백화점	cafe	129.13107	35.16985
센텀유로약국	shop	129.13242	35.16593
센텀이오카츠	food	129.13100	35.17246
센텀재활용마트	shop	129.13314	35.19882
센텀제주돈가	food	129.13159	35.17296
센텀중앙약국	shop	129.13773	35.17020
센텀쥬얼리	shop	129.12359	35.17676
센텀촌	bar	129.13214	35.19952
센텀퀸플라워	shop	129.13916	35.17042
센텀파크약국	shop	129.12359	35.17676
센텀편안한약국	shop	129.12541	35.17664
센텀푸드	food	129.12451	35.17516
센텀프리미어호텔	stay	129.13159	35.16692
센텀프리미어호텔라테라스	cafe	129.13159	35.16692
센텀필약국	shop	129.12650	35.17658
센텀하우스	bar	129.13835	35.16959
센텀호텔주	stay	129.13282	35.16781
센텀홍은약국	shop	129.13152	35.16784
센트럴약국	shop	129.16823	35.16567
셀막스	shop	129.15381	35.15879
셀프카페아뜨리에	cafe	129.15648	35.23015
셔츠앤타이	shop	129.13107	35.16985
션포차	bar	129.13152	35.19592
소공간	food	129.16740	35.16173
소금구이	food	129.15880	35.16255
소금길	food	129.14985	35.15751
소나무약국	shop	129.12131	35.18531
소나타노래연습장	activity	129.13061	35.19602
소나타노래연습장	activity	129.14927	35.22497
소너머곰탕	food	129.12727	35.17572
소녀폰	shop	129.15846	35.16296
소노인터내셔널지점	stay	129.15797	35.15992
소다	shop	129.13107	35.16985
소다롯데	shop	129.13107	35.16985
소담	food	129.12179	35.18471
소담떡	food	129.16945	35.17011
소도몰부산반여점	shop	129.12335	35.20346
소도몰센텀	shop	129.11593	35.19148
소라	shop	129.17149	35.17657
소라	food	129.13053	35.19548
소리노래연습장	activity	129.12494	35.21010
소림마라	food	129.17877	35.16830
소림마라	food	129.14961	35.22389
소림카린지점	shop	129.17836	35.15652
소릿길국수	food	129.14108	35.17539
소마니노래방	activity	129.16216	35.16282
소막골	food	129.16316	35.16342
소막집	food	129.17678	35.17129
소맥베이커리	food	129.12952	35.16882
소머리국밥집	food	129.11806	35.20873
소명식탁	food	129.13369	35.17092
소문난고기	shop	129.12911	35.19502
소문난고기	shop	129.12453	35.20936
소문난냉삼집	food	129.16567	35.16176
소문난대구탕	food	129.17105	35.15896
소문난막창	food	129.17362	35.17078
소문난삼거리식당	food	129.16921	35.16739
소문난삼계탕	food	129.16499	35.16264
소문난소나무아구찜	food	129.13196	35.19401
소문난시장칼국수	food	129.18183	35.17430
소문난시장칼국수	food	129.17360	35.17397
소문난양곱창	food	129.17424	35.17368
소문난원조쌈밥	food	129.16234	35.16365
소문난찜	food	129.17264	35.17203
소문난튀김	food	129.16242	35.16178
소문난포차	bar	129.15537	35.23265
소문난해장국	food	129.15343	35.22997
소미돈까스	food	129.12986	35.17302
소바야일미야	food	129.16545	35.16313
소반	shop	129.11772	35.18999
소반	shop	129.16917	35.16700
소복국수	food	129.16689	35.16097
소불	food	129.12209	35.18535
소브테일러	shop	129.17471	35.16162
소빵소빵	shop	129.16225	35.16163
소사이어티에스호텔	stay	129.15782	35.16155
소설가	food	129.17411	35.16837
소셜에프앤비	food	129.18254	35.15962
소소	bar	129.15431	35.15933
소소분식	food	129.16984	35.17660
소소상점	shop	129.12866	35.19573
소소소바	food	129.14692	35.15664
소소수수	stay	129.15991	35.16805
소소의류지점	shop	129.16835	35.16403
소소한일상의별난주점	bar	129.20405	35.18250
소소행복	activity	129.18310	35.16808
소스돈가스	food	129.13107	35.16985
소연돼지국밥	food	129.15115	35.22263
소연옥해리단길점	food	129.15863	35.16527
소연전통침선방	shop	129.17716	35.16679
소울	shop	129.17774	35.16302
소울맘카페	cafe	129.13546	35.20123
소이스포츠	shop	129.13107	35.16985
소정식당	food	129.16337	35.16249
소정의료기	shop	129.14852	35.22861
소정의료기	shop	129.13030	35.19459
소촌갈비찜해리단길점	food	129.15813	35.16447
소풍	food	129.17095	35.16615
소풍	bar	129.17584	35.17091
소프트리	food	129.16147	35.16083
소피야	shop	129.17376	35.17067
소향	food	129.17908	35.16783
소호	shop	129.11752	35.18993
소호	bar	129.17584	35.17091
소호앤노호	shop	129.14692	35.15664
소확행공작소	shop	129.12575	35.18704
소희	bar	129.17601	35.17066
소희재	cafe	129.15042	35.22303
속씨원한대구탕미포본점	food	129.17062	35.15891
손가네정육식당	food	129.12727	35.17572
손느	shop	129.12359	35.17676
손에술잡고	food	129.14828	35.22566
손오공식탁	food	129.12359	35.17676
손짜장	food	129.14997	35.22352
손찬반찬백화점	shop	129.13938	35.17170
손찬반찬백화점	shop	129.17527	35.16967
손칼국수	food	129.20428	35.18234
손큰엄마칼국수	food	129.12566	35.18656
솔	cafe	129.14832	35.22584
솔내음한정식	food	129.17502	35.15863
솔루션	shop	129.11753	35.19936
솔솥	food	129.15785	35.16473
솔트앤썬	cafe	129.19601	35.17453
솜사탕	bar	129.17617	35.17122
송	food	129.19659	35.17664
송과송	food	129.17872	35.16156
송광도매횟집	food	129.15929	35.16707
송뎅	food	129.20138	35.18071
송도각여관	stay	129.16620	35.16165
송림공원	nature	129.15413	35.15712
송림떡방앗간	food	129.20302	35.18270
송림무인마트	shop	129.18196	35.16001
송백관	food	129.12331	35.18486
송사부수제쌀고로케	food	129.13369	35.17092
송사부수제쌀고로케이마트	food	129.16737	35.16602
송사부수제쌀고로케홈플러스	food	129.13369	35.17092
송송덮밥	food	129.14608	35.16304
송송약국	shop	129.12472	35.18499
송씨반점	food	129.17522	35.17101
송원물회횟집	food	129.20500	35.18658
송원식당	food	129.13256	35.20035
송월타올	shop	129.16562	35.16264
송월타월반송상사	shop	129.14935	35.22971
송이네푸드	food	129.18001	35.17286
송정가구프라자	shop	129.20342	35.18807
송정가마솥돼지국밥	food	129.20012	35.18207
송정농원	shop	129.20280	35.18316
송정담다펜션	stay	129.19815	35.17877
송정당	food	129.20226	35.18073
송정돈가	food	129.20503	35.18551
송정돌짬뽕	food	129.19647	35.17542
송정동밀양돼지국밥	food	129.19651	35.17738
송정동인생김밥	food	129.15953	35.16451
송정동주민자치위원회	cafe	129.19730	35.17864
송정동핫도그	food	129.15806	35.16454
송정동핫도그	food	129.20312	35.18299
송정마루게스트하우스	stay	129.19706	35.17722
송정맨션풀빌라부산송정	stay	129.19716	35.16903
송정면가	food	129.19641	35.17717
송정물총칼국수	food	129.19666	35.17638
송정미연	stay	129.19586	35.17645
송정바다약국	shop	129.20406	35.18250
송정바이브풀빌라	stay	129.19648	35.17515
송정밥집	food	129.20482	35.18216
송정벽돌집	food	129.19569	35.17575
송정분식	food	129.20363	35.18242
송정상회	shop	129.12419	35.18607
송정서핑학교	activity	129.20250	35.18102
송정소문난횟집	food	129.19999	35.18178
송정스시	food	129.19883	35.18006
송정스카이부티크	stay	129.19839	35.17906
송정스카이펜트하우스	stay	129.19839	35.17934
송정스카이풀	stay	129.19839	35.17934
송정아토호스텔	stay	129.20532	35.18358
송정악기	shop	129.19964	35.18121
송정알리바바	stay	129.20337	35.18147
송정약국	shop	129.20400	35.18261
송정어가송정魚가	food	129.20147	35.18522
송정에스스테이	stay	129.20209	35.18141
송정여인숙	stay	129.20033	35.18416
송정오베로이풀빌라	stay	129.20558	35.18176
송정오셔너스	stay	129.19687	35.17703
송정옥	food	129.19600	35.17677
송정이유집	shop	129.20488	35.18172
송정종묘농약사	shop	129.20115	35.18335
송정집	food	129.19637	35.17621
송정참치	food	129.20537	35.18379
송정천냥	shop	129.20181	35.18421
송정추어탕	food	129.20391	35.18300
송정코다리	food	129.19596	35.17512
송정크로플	food	129.20131	35.18078
송정텔레콤	shop	129.20274	35.18330
송정한우	food	129.20115	35.18335
송정한우	food	129.20210	35.18364
송정한우소머리곰탕	food	129.20327	35.18793
송정한우암소소고기국밥	food	129.20192	35.18333
송정해물찜닭	food	129.20226	35.18353
송정해변돼지국밥	food	129.20278	35.18159
송정해수욕장	beach	129.19972	35.17873
송정해양레저마리나	shop	129.16140	35.16012
송정호텔	stay	129.20301	35.18107
송정호텔젬	stay	129.20536	35.18274
송정호텔젬투	stay	129.20484	35.18272
송정횟집	food	129.20443	35.18271
송지오옴므	shop	129.12952	35.16882
송천복권방	activity	129.11989	35.20324
송핫	food	129.20407	35.18300
솥귀현	food	129.17528	35.17816
솥뚜껑김치삼겹살	food	129.20370	35.18233
쇼미드고기	food	129.16183	35.16377
쇼진	food	129.15961	35.16330
쇼호텔	stay	129.15750	35.16230
숑숑돈까스부산	food	129.12712	35.18879
수	cafe	129.17707	35.15740
수	bar	129.14661	35.15545
수	shop	129.17774	35.16302
수국	food	129.15898	35.16283
수나뷰티	shop	129.17535	35.16843
수내닭꼬지	food	129.17589	35.17319
수도약국	shop	129.15701	35.16833
수라상	food	129.17733	35.17907
수련	cafe	129.15865	35.16603
수림	food	129.12952	35.16882
수림삼계탕	food	129.12489	35.20536
수림식당	food	129.12519	35.20570
수림식당	food	129.20576	35.18151
수림횟집	food	129.15601	35.15992
수목원생오리추어탕	food	129.14363	35.23515
수미국수	food	129.13153	35.19908
수미밥상	food	129.12715	35.18989
수미아구찜	food	129.14981	35.22491
수민이네	food	129.19100	35.16063
수민이네주	food	129.19091	35.16060
수백한상	food	129.15513	35.16099
수변최고	food	129.13346	35.16714
수변최고	food	129.14580	35.15404
수변최고	food	129.16147	35.16083
수변최고미포점	food	129.17059	35.15920
수변최고와이즈벨류	food	129.20231	35.18383
수복장모텔	stay	129.14855	35.22944
수비가든	food	129.14136	35.16870
수비비안세이브존	shop	129.16124	35.16241
수빈	cafe	129.13143	35.20067
수수면가	food	129.20259	35.18331
수수하지만굉장해	food	129.15863	35.16514
수실면도	shop	129.11723	35.20064
수아카롱직영점	food	129.17766	35.17097
수아팜	shop	129.17705	35.17053
수양유리	shop	129.12640	35.18649
수연뷰티	shop	129.12912	35.19084
수연식당	food	129.13060	35.19582
수연이네가게	food	129.13346	35.19974
수영김밥	food	129.13906	35.17060
수영애프앤비	cafe	129.13973	35.17493
수영한우양곱창	food	129.12360	35.18752
수와프	bar	129.17404	35.16018
수완나폼	food	129.13886	35.17042
수움	shop	129.16811	35.16426
수월경화	cafe	129.19660	35.17615
수자매운탕	food	129.17585	35.16740
수정	bar	129.15717	35.23078
수정	shop	129.15037	35.22418
수정곰장어	food	129.12179	35.18471
수정상회	shop	129.17454	35.17321
수정상회	shop	129.16149	35.16113
수정식당	food	129.20497	35.18196
수정식육점	shop	129.15584	35.23129
수정약국	shop	129.17506	35.17762
수제왕돈까스	food	129.15106	35.22454
수제이야기	shop	129.12603	35.18607
수조밀면전문점	food	129.17273	35.17406
수진뷰티	shop	129.12791	35.18549
수향	food	129.13346	35.16714
수향	shop	129.17703	35.16700
수현생선	food	129.17454	35.17321
수호분식	food	129.12221	35.18608
수호정보통신	shop	129.17767	35.17098
수화장품	shop	129.14536	35.15969
숙이네김치	food	129.13247	35.19988
숙이네부엌	food	129.12987	35.19626
숙이옷집	shop	129.15701	35.23238
숙향루	food	129.17423	35.16300
순돌이보리밥	food	129.16702	35.16267
순백피부과	shop	129.15990	35.16448
순이네푸드	food	129.12490	35.20708
순이상회	bar	129.20363	35.18242
술고래	bar	129.17068	35.17571
술단지	food	129.17885	35.16816
술뚜레박	food	129.13283	35.19975
술술상회	food	129.17528	35.17816
술술술	food	129.14757	35.15799
술점빵	food	129.17624	35.17110
술주	food	129.12423	35.18509
술취한바다	shop	129.17054	35.15939
술화방	food	129.11778	35.18941
숨쉬는봄	activity	129.17865	35.16848
숯나라의료기	shop	129.12416	35.20898
숯불구이동백회관	food	129.12785	35.19489
숯불에구운닭	food	129.16252	35.22851
숲롯데센텀	shop	129.13107	35.16985
숲애아이	shop	129.12541	35.17664
쉐프길	food	129.12359	35.17676
쉐프리	food	129.15383	35.15962
쉘박스	cafe	129.12098	35.18388
쉘브루	food	129.18327	35.16887
쉬어가다	stay	129.15615	35.16776
쉬즈	shop	129.12806	35.19203
쉬즈미스	shop	129.17705	35.17053
쉼터	bar	129.13083	35.19722
쉼표그린	cafe	129.17522	35.17101
쉼표카페부산시니어클럽	cafe	129.16252	35.22851
슈	cafe	129.14692	35.15664
슈가	food	129.13100	35.19824
슈가	shop	129.11949	35.20261
슈니분식	food	129.14692	35.15664
슈로프	shop	129.12998	35.19692
슈마우스만찬	food	129.12451	35.17516
슈세이브존	shop	129.16124	35.16241
슈슈엘	shop	129.17386	35.18067
슈슈퍼피	shop	129.17233	35.17383
슈올즈	shop	129.17768	35.16957
슈즈몽몽	shop	129.16835	35.16403
슈콜렉션	shop	129.12952	35.16882
슈콤마보니	shop	129.12952	35.16882
슈콤마보니	shop	129.13107	35.16985
슈팅팡구남로점	shop	129.15985	35.16193
슈퍼마켓	shop	129.15410	35.23129
슈퍼마켓	shop	129.13342	35.19291
슈퍼마켓	shop	129.17322	35.16315
슈퍼마켓	shop	129.17668	35.17355
슈퍼마켓	shop	129.12536	35.18652
스게	food	129.17487	35.17481
스내키	cafe	129.15938	35.16495
스노잉클라우드	cafe	129.18169	35.15731
스마일수산	food	129.20559	35.19298
스마일점핑클럽	activity	129.13984	35.16688
스마일찹쌀꽈배기	food	129.17642	35.16790
스마일찹쌀꽈베기	food	129.14692	35.15664
스마트	shop	129.16040	35.16572
스마트워크	food	129.12844	35.17206
스마트플레이	shop	129.16290	35.17019
스몰굿커피	cafe	129.17779	35.16886
스몰굿커피	cafe	129.14823	35.15723
스몰굿커피센텀파크점	cafe	129.12328	35.17950
스몰박스	food	129.14255	35.16116
스무고개	food	129.17503	35.16459
스무스카페	cafe	129.14067	35.16588
스시난	food	129.14482	35.15720
스시리	food	129.18001	35.17286
스시마이우	food	129.12727	35.17572
스시문	food	129.17777	35.16084
스시미르네	food	129.17677	35.17129
스시미우라	food	129.14327	35.15908
스시선수	food	129.17106	35.16626
스시시미루	food	129.16977	35.16737
스시시안	food	129.13095	35.16785
스시야마	food	129.13130	35.16810
스시어가	food	129.12480	35.20991
스시오샤브앤스시	food	129.13107	35.16985
스시와나	food	129.17826	35.16817
스시이루카	food	129.14333	35.15704
스시이마	food	129.14424	35.15933
스시이안앤마린시티점	food	129.14757	35.15799
스시일번가순	food	129.17483	35.17163
스시잇센	food	129.13100	35.17246
스시투어좌동점	food	129.17386	35.18067
스위스퍼펙션	shop	129.12952	35.16882
스위치	food	129.17473	35.17458
스위트파프리카	food	129.17641	35.16201
스위티똥강아지	food	129.19721	35.17034
스윗파르페	food	129.18001	35.17286
스카이노래방	bar	129.15879	35.16186
스카이노래연습장	activity	129.17106	35.16626
스카이마트	shop	129.16335	35.17069
스카이비즈컴퍼니	cafe	129.12451	35.17516
스카이빈	cafe	129.17733	35.17907
스카이힐노래연습장	activity	129.15608	35.23201
스칼렛	bar	129.17624	35.17110
스케줄해운대	food	129.16227	35.16047
스케치	shop	129.16942	35.16367
스콘이당	food	129.17940	35.16844
스쿨룩스학생복	shop	129.16945	35.17011
스타	bar	129.17584	35.17091
스타	shop	129.16394	35.16243
스타당구장	activity	129.15370	35.15968
스타벅스	cafe	129.16658	35.16020
스타벅스	cafe	129.17553	35.17750
스타벅스	cafe	129.12909	35.16864
스타벅스	cafe	129.15961	35.16330
스타벅스	cafe	129.14333	35.15704
스타벅스	cafe	129.20226	35.18076
스타벅스	cafe	129.12700	35.17463
스타벅스	cafe	129.14097	35.16754
스타벅스	cafe	129.14482	35.15720
스타벅스	cafe	129.16802	35.16133
스타벅스	cafe	129.13296	35.16694
스타벅스	cafe	129.13601	35.16906
스타벅스	cafe	129.13143	35.17191
스타벅스	cafe	129.17076	35.16142
스타벅스	cafe	129.16737	35.16602
스타벅스	cafe	129.18230	35.15792
스타벅스	cafe	129.16805	35.16722
스타벅스	cafe	129.11939	35.20394
스타벅스	cafe	129.12397	35.18124
스타벅스	cafe	129.12829	35.16987
스타벅스	cafe	129.17666	35.16917
스타벅스	cafe	129.12844	35.17206
스타벅스	cafe	129.12359	35.17676
스타벅스	cafe	129.15284	35.15881
스타벅스	cafe	129.16218	35.16015
스타벅스	cafe	129.17706	35.17058
스타벅스	cafe	129.16303	35.16001
스타벅스	cafe	129.15951	35.15969
스타벅스	cafe	129.13152	35.16784
스타유통	shop	129.17774	35.16302
스타카토	shop	129.12952	35.16882
스타킹	bar	129.12260	35.18346
스타페이스	bar	129.17803	35.16851
스탠다드	bar	129.17471	35.16162
스탠다드브레드	cafe	129.15411	35.16127
스탠다드짐	activity	129.12227	35.18960
스탭키즈	shop	129.17705	35.17053
스테이단길하임	stay	129.15615	35.16776
스테이달안	stay	129.16174	35.16109
스테이세븐센텀비지니스	stay	129.13296	35.16694
스테이안	stay	129.12123	35.18766
스테이위	stay	129.16689	35.16097
스테이지쿨	activity	129.13124	35.19964
스테이팔레트	stay	129.16218	35.16526
스테이해리하임	stay	129.15666	35.16898
스테이화옥	stay	129.20358	35.18118
스텔라	shop	129.17767	35.17098
스텔라	stay	129.19589	35.17584
스텝엔터프라이즈	shop	129.15161	35.23276
스토리에프씨	food	129.12643	35.17544
스토리오브라망	food	129.14482	35.15720
스토브	cafe	129.19948	35.18070
스튜디오더베이스	activity	129.12650	35.17658
스튜디오비인	shop	129.13097	35.20004
스튜디오시월	shop	129.12367	35.18496
스튜디오톰보이남성	shop	129.12952	35.16882
스트럿	cafe	129.17098	35.16093
스트레치엔젤스	shop	129.12952	35.16882
스트롱플래닛	activity	129.17940	35.16844
스트릿짐	activity	129.12168	35.20387
스팅	food	129.16225	35.16045
스파라프리미어	shop	129.16115	35.16394
스파오행사	shop	129.17707	35.17058
스파이스마켓	food	129.12952	35.16882
스팽스	shop	129.12829	35.16987
스펀지엘지장식	food	129.16023	35.16562
스펀지코스메틱	shop	129.14661	35.15545
스페이스바	bar	129.12643	35.17544
스페이스써밋	shop	129.14930	35.22878
스페이스에이	shop	129.16218	35.16102
스페이스토핑	shop	129.16313	35.16007
스페인클럽주	food	129.16658	35.16020
스포독	activity	129.12650	35.17658
스포츠	activity	129.17174	35.16836
스포츠토토	activity	129.17539	35.17282
슬로윈드	cafe	129.20532	35.18358
승승삼겹	food	129.20302	35.18270
승승삼겹아랫	food	129.14778	35.22555
승한막창	food	129.15846	35.16296
승현수산	shop	129.15638	35.23091
시간	shop	129.12451	35.17516
시골농주	bar	129.16183	35.16377
시골삼밥집	food	129.16346	35.16394
시골손칼국수	food	129.13215	35.19977
시골집추어탕	food	129.12531	35.20815
시골총각정육식당	food	129.11637	35.19034
시공사	shop	129.13279	35.17186
시그널	bar	129.15762	35.16047
시그니원	shop	129.14540	35.15504
시그니처	bar	129.15762	35.16047
시너지	bar	129.15431	35.15933
시드니앤솔트	food	129.19744	35.17292
시루다방	cafe	129.16630	35.17151
시리즈신세계센텀시티	shop	129.12952	35.16882
시먼당	food	129.17656	35.17234
시몬스갤러리부산	shop	129.17320	35.17155
시민족발보쌈	food	129.15724	35.16738
시사이드	activity	129.20441	35.18191
시선안경	shop	129.16755	35.17326
시선집중	shop	129.13230	35.20021
시세이	shop	129.12886	35.17383
시스막스	shop	129.13107	35.16985
시스터테라	cafe	129.14383	35.22200
시슬리롯데백화점	shop	129.13107	35.16985
시슬리신세계	shop	129.12952	35.16882
시애틀	bar	129.17739	35.16868
시양양	food	129.17402	35.17402
시에로롯데센텀	shop	129.13107	35.16985
시에로신세계	shop	129.12952	35.16882
시엠큐브	shop	129.17705	35.17053
시엠프레플로르	shop	129.17853	35.16178
시온녹즙	shop	129.12226	35.18808
시우스	shop	129.13042	35.22018
시원게스트하우스	stay	129.17539	35.16175
시원한냉면식품	shop	129.12917	35.19062
시원한부산칼국수	food	129.16689	35.16097
시은바이오	shop	129.16823	35.16567
시은소	food	129.17153	35.16807
시장왕족발	food	129.13285	35.19984
시장칼국수	food	129.17474	35.17290
시장칼국수	food	129.16278	35.16735
시장횟집	food	129.15005	35.22453
시점	stay	129.17290	35.15761
시즌	bar	129.15605	35.16017
시즌	bar	129.15497	35.15986
시코르메이크업	shop	129.12829	35.16987
시크릿	bar	129.15645	35.15988
시크릿뷰티	shop	129.17705	35.17053
시크릿식탁	food	129.14482	35.15720
시티엠주	shop	129.17561	35.16137
시티온누리약국	shop	129.16737	35.16168
시현에스테틱반여점	activity	129.13162	35.19617
시호비전안경원	shop	129.16737	35.16602
식객	food	129.16994	35.17871
식당금성	food	129.11989	35.20324
식당호	food	129.12580	35.18732
식육명인	shop	129.16316	35.16554
신가네추어탕	food	129.17419	35.17287
신가네푸드	food	129.15819	35.16771
신기의료기신도시점	shop	129.16040	35.16572
신기한언니들	shop	129.13100	35.17246
신대암메디칼	shop	129.12283	35.18973
신대학약국	shop	129.18117	35.17376
신도시	bar	129.14866	35.22673
신도시떡	food	129.17944	35.16739
신도시약국	shop	129.17149	35.17657
신도시의료기	shop	129.18001	35.17286
신동와인	shop	129.12909	35.16864
신드륨	food	129.11840	35.19381
신디	shop	129.17705	35.17053
신라삼계탕	food	129.11896	35.20885
신라스테이	stay	129.15873	35.15980
신마녀떡볶이	food	129.17558	35.17046
신명가낙지	food	129.13244	35.19868
신미양곱창	food	129.17462	35.17448
신미원중국집	food	129.13011	35.19644
신부산약국	shop	129.13076	35.19681
신불떡볶이	food	129.17762	35.16833
신비요화장품	shop	129.20322	35.18374
신사꽃게당	food	129.15951	35.15969
신사동왕족발보쌈	food	129.14946	35.22630
신선지국밥	food	129.20340	35.18641
신선한횟집	food	129.12987	35.19626
신세계	cafe	129.12952	35.16882
신세계	bar	129.17584	35.17091
신세계과일	shop	129.15542	35.23131
신세계금거래소	shop	129.13241	35.16985
신세계내오가닉맘	shop	129.12952	35.16882
신세계미샤	shop	129.12952	35.16882
신세계백화점그레고리	shop	129.12952	35.16882
신세계백화점마인드브릿지	shop	129.12952	35.16882
신세계백화점블랙야크키즈	shop	129.12952	35.16882
신세계백화점위크엔드막스마라	shop	129.12829	35.16987
신세계센텀	shop	129.12952	35.16882
신세계센텀구호	shop	129.12952	35.16882
신세계센텀네파	shop	129.12952	35.16882
신세계센텀뉴발란스키즈	shop	129.12952	35.16882
신세계센텀닥스여성	shop	129.12952	35.16882
신세계센텀데상트골프	shop	129.12952	35.16882
신세계센텀라움	shop	129.12952	35.16882
신세계센텀랄프로렌	shop	129.12952	35.16882
신세계센텀랑방컬렉션	shop	129.12952	35.16882
신세계센텀레노마	shop	129.12952	35.16882
신세계센텀마에스트로신사	shop	129.12952	35.16882
신세계센텀마쥬	shop	129.12952	35.16882
신세계센텀막스마라	shop	129.12952	35.16882
신세계센텀만다리나덕	shop	129.12952	35.16882
신세계센텀몽벨	shop	129.12952	35.16882
신세계센텀바바라	shop	129.12952	35.16882
신세계센텀바버	shop	129.12952	35.16882
신세계센텀블루독	shop	129.12952	35.16882
신세계센텀블루마린	shop	129.12952	35.16882
신세계센텀비너스	shop	129.12952	35.16882
신세계센텀스노우피크	shop	129.12952	35.16882
신세계센텀시스템	shop	129.12952	35.16882
신세계센텀시티레오나드	shop	129.12952	35.16882
신세계센텀시티몰휠라	shop	129.12829	35.16987
신세계센텀시티베르니스	shop	129.12829	35.16987
신세계센텀시티스케쳐스	shop	129.12952	35.16882
신세계센텀시티잇미샤	shop	129.12952	35.16882
신세계센텀시티질스튜어트	shop	129.12952	35.16882
신세계센텀시티코데즈컴바인이너웨어	shop	129.12952	35.16882
신세계센텀아르마니쥬니어	shop	129.12952	35.16882
신세계센텀아미	shop	129.12952	35.16882
신세계센텀알레그리	shop	129.12909	35.16864
신세계센텀알레그리	shop	129.12952	35.16882
신세계센텀엠비오	shop	129.12952	35.16882
신세계센텀와코루	shop	129.12952	35.16882
신세계센텀이세이미야케	shop	129.12952	35.16882
신세계센텀이자벨마랑	shop	129.12952	35.16882
신세계센텀준지여성	shop	129.12829	35.16987
신세계센텀질스튜어트스포츠	shop	129.12829	35.16987
신세계센텀질스포츠	shop	129.12829	35.16987
신세계센텀클럽모나코김은경여성	shop	129.12829	35.16987
신세계센텀파슬	shop	129.12952	35.16882
신세계센텀폴로아동	shop	129.12952	35.16882
신세계센텀플랫폼	shop	129.12952	35.16882
신세계센텀플리츠플리즈	shop	129.12952	35.16882
신세계센텀헤지스여성	shop	129.12952	35.16882
신세계센트럴시티	food	129.12909	35.16864
신세계슈퍼마켓	shop	129.15761	35.23357
신세계스크린골프	activity	129.12651	35.18386
신세계아이더	shop	129.12952	35.16882
신세계약국	shop	129.14070	35.16784
신세계엘앤비센텀	shop	129.12952	35.16882
신세계엘앤비와인앤모어	shop	129.12619	35.17407
신세계클럽모나코남성정인교	shop	129.12952	35.16882
신세계텔	stay	129.20388	35.18161
신세계프로스펙스	shop	129.12952	35.16882
신식당	food	129.16163	35.16107
신앙촌상회	shop	129.15008	35.22976
신앙촌상회	shop	129.17845	35.16877
신앙촌상회	shop	129.15614	35.23133
신앙촌상회	shop	129.20377	35.18201
신앙촌상회	shop	129.17479	35.17350
신앙촌상회	shop	129.14692	35.15664
신앙촌상회	shop	129.17590	35.17244
신앙촌상회	shop	129.13009	35.19630
신앙촌상회	shop	129.12290	35.18608
신앙촌상회	shop	129.16258	35.22912
신앙촌상회	shop	129.15016	35.22453
신앤박	food	129.15963	35.16016
신영상회	shop	129.13332	35.19234
신영에스와이	food	129.14661	35.15599
신우에이엠씨	stay	129.13282	35.16781
신우종합스포츠	shop	129.15267	35.16026
신원관	food	129.12639	35.18111
신원약국	shop	129.17935	35.17150
신유진	stay	129.14661	35.15545
신일본식돈까스	food	129.15244	35.22345
신입파스타	food	129.12585	35.17616
신전떡볶이	food	129.17768	35.16957
신전떡볶이	food	129.11759	35.19106
신전떡볶이	food	129.15223	35.22332
신전떡볶이우동점	food	129.16255	35.16261
신참떡볶이	food	129.11933	35.20316
신창국밥	food	129.17794	35.16863
신천지	bar	129.13092	35.19884
신취몽	food	129.12235	35.18379
신탁구장	activity	129.17785	35.16799
신토불이보쌈	food	129.16216	35.16282
신토불이분식	food	129.16233	35.16172
신토불이식당	food	129.17568	35.16184
신풍상회	shop	129.17230	35.15794
신한	shop	129.16124	35.16241
신호등	bar	129.17592	35.17080
신호식당	food	129.14830	35.22476
신화	shop	129.15632	35.23107
신화루	food	129.12518	35.20696
신화루	food	129.16335	35.16366
신화상사	shop	129.15303	35.16960
신환반송상설지점	shop	129.14857	35.23017
신흥관	food	129.16302	35.16279
실내포장	food	129.15499	35.23119
실타래뜨개방	shop	129.12442	35.18738
심미안	cafe	129.18874	35.16150
심야부엌	bar	129.14324	35.15482
심야식당구카이	food	129.17762	35.16833
심이네포차	food	129.13285	35.19984
심호섭색소폰라이브하우스	bar	129.17417	35.17429
싱싱도시락	food	129.12630	35.19475
싱싱뽈락회	food	129.15711	35.15968
싱싱파머스	food	129.15804	35.16557
싱싱프루츠신도시점	shop	129.16814	35.17001
싱싱횟집	food	129.16928	35.17306
싱쿠스	activity	129.12647	35.18974
싸게파는이모국과반찬	shop	129.17845	35.16877
싸다구직거래장터	shop	129.13973	35.17493
싸다꼬횟집	food	129.12917	35.19513
싸다마트	shop	129.12329	35.20930
싸와디식당	food	129.12451	35.17516
싸이팅노래연습장	activity	129.16195	35.16226
싼타페모텔	stay	129.15904	35.16166
쌀똑핫도그인카페	food	129.17665	35.16400
쌀통닭	food	129.17785	35.16799
쌀통닭	food	129.15460	35.23242
쌀통닭반여점	food	129.13226	35.19888
쌈마이닭쌈밥	food	129.15782	35.16617
쌈보보쌈	food	129.17669	35.17372
쌈싸먹는닭집	food	129.12623	35.19057
쌍둥이오리	food	129.15530	35.23062
쌍따봉닭도리찜	food	129.17584	35.16134
쌍화점만두	food	129.17068	35.17571
쌤소나이트롯데	shop	129.13107	35.16985
쌤소신세계센텀시티	shop	129.12952	35.16882
써니	bar	129.15978	35.16209
써니	shop	129.12780	35.18536
써니오	stay	129.17126	35.16626
써브웨이	food	129.13159	35.17296
써브웨이비치점	food	129.16132	35.16032
써브웨이좌동점	food	129.17574	35.16880
써스데이아일랜드	shop	129.13107	35.16985
써스데이아일랜드신세계센텀시티	shop	129.12952	35.16882
써클스테이송정해수욕장풀빌라펜션	stay	129.20416	35.18093
써피써피	activity	129.20654	35.18854
썬더치킨	food	129.18642	35.16652
썬더치킨반송	food	129.15660	35.23158
썬더치킨반여	food	129.12289	35.20750
썬더치킨반여	food	129.11723	35.20064
썬비치게스트하우스	stay	129.20223	35.18098
썬샤인요트케어	activity	129.16891	35.17355
썬스타	food	129.15443	35.23121
썬쥬얼리	shop	129.16236	35.16263
썬클라우드	activity	129.12260	35.18346
썬클라우드호텔	stay	129.16224	35.16043
썬푸르츠	shop	129.16466	35.16303
썬프라자마트	shop	129.14757	35.15799
썬프라자정육	shop	129.14757	35.15799
썰스데이파티썰스데이파티	bar	129.15985	35.16193
썸바디테라피	shop	129.14661	35.15545
쎄시봉	bar	129.17803	35.16851
쏘	bar	129.17552	35.17140
쏘시지요반여	food	129.13120	35.19719
쏘시지요좌동점	food	129.17655	35.17149
쏘시지요팔레드시즈점	bar	129.16658	35.16020
쏘쏘사라다	food	129.17767	35.16959
쏠리드	shop	129.12952	35.16882
쏠베이커리좌동경동점	shop	129.17940	35.16844
쏠베이커리좌동주공점	shop	129.17030	35.17363
쏠제이무인카페좌동건영점	cafe	129.17943	35.17860
쑤퍼마켓	shop	129.17076	35.16966
쑥피트니스	activity	129.17514	35.16821
쑥피트니스좌동점	activity	129.17553	35.17810
쑥필라	activity	129.11595	35.20464
쓰리디엠거북이동네좌동점	food	129.17469	35.17252
쓰리스타	shop	129.15018	35.22444
쓰리에이치장산센터	shop	129.17482	35.17163
쓰리케이	shop	129.17666	35.16916
씨	activity	129.13808	35.16249
씨든에프앤비	food	129.15618	35.16174
씨라이프부산아쿠아리움	activity	129.16103	35.15920
씨랜드초장	food	129.17119	35.15851
씨사이드짐	activity	129.17794	35.16863
씨소스랩	shop	129.19745	35.17290
씨스타원탁가라오케	bar	129.16225	35.16045
씨스페이스재송	cafe	129.12316	35.18754
씨신세계센텀시티	shop	129.12952	35.16882
씨씨콜렉트	shop	129.13107	35.16985
씨씨콜렉트신세계	shop	129.12952	35.16882
씨앤코컴퍼니블루포트영산대학교점	food	129.15906	35.22416
씨엑스피골프아카데미	activity	129.17788	35.16875
씨엔스카이텍	shop	129.19602	35.17482
씨엘뷰티	shop	129.15381	35.15879
씨와	food	129.17294	35.15746
씨와이인베스터스	stay	129.14750	35.15649
씨원인터내셔날	shop	129.16917	35.16700
씨윈드	stay	129.15625	35.16933
씨유	shop	129.18327	35.16918
씨유경남선경점	shop	129.18642	35.16652
씨유구남로	shop	129.16102	35.16137
씨유까르띠움점	shop	129.17463	35.16900
씨유뉴래미안점	shop	129.17665	35.16400
씨유뉴백병원점	shop	129.18183	35.17430
씨유뉴센텀	shop	129.13346	35.16714
씨유달맞이점	shop	129.17535	35.16038
씨유대동	shop	129.17528	35.17816
씨유대림	shop	129.17532	35.16849
씨유더해리단길점	shop	129.15756	35.16476
씨유동부점	shop	129.13984	35.16688
씨유동원비스타점	shop	129.16186	35.16571
씨유라뮤에뜨호텔점	shop	129.15846	35.16296
씨유마리나점	shop	129.14898	35.15977
씨유마리안느점	shop	129.16466	35.16144
씨유미포점	shop	129.17058	35.15887
씨유반송	shop	129.14949	35.22787
씨유반송동	shop	129.14917	35.23022
씨유반송럭키점	shop	129.14662	35.22519
씨유반여	shop	129.12484	35.19747
씨유반여	shop	129.13324	35.20112
씨유반여	shop	129.12344	35.20868
씨유반여메트로점	shop	129.12599	35.20543
씨유반여센텀스마트점	shop	129.12373	35.20538
씨유반여아시아점	shop	129.12014	35.20261
씨유반여에덴점	shop	129.13118	35.19613
씨유반여오토점	shop	129.12592	35.21103
씨유반여트루엘점	shop	129.11866	35.20764
씨유반여협성점	shop	129.11779	35.19270
씨유보광	shop	129.16061	35.16022
씨유상록점	shop	129.17971	35.16540
씨유석대글로리점	shop	129.12024	35.21875
씨유센텀동서점	shop	129.12765	35.17304
씨유센텀리슈빌점	shop	129.11757	35.19103
씨유센텀삼환점	shop	129.13938	35.17149
씨유센텀센시빌점	shop	129.13088	35.17453
씨유센텀월드마크점	shop	129.13143	35.17191
씨유센텀클래스원점	shop	129.12585	35.17616
씨유센텀타워메디컬점	shop	129.13203	35.16720
씨유센텀하이테크점	shop	129.12986	35.17302
씨유센텀호텔점	shop	129.13282	35.16781
씨유송정	shop	129.20509	35.18348
씨유송정메르드로브점	shop	129.19591	35.17453
씨유송정블루점	shop	129.19687	35.17703
씨유송정원룸점	shop	129.20546	35.18791
씨유수비	shop	129.14070	35.16784
씨유쌍용투윈점	shop	129.17540	35.17072
씨유씨클라우드호텔	shop	129.16225	35.16045
씨유아이파크마린점	shop	129.14333	35.15704
씨유엔젤점	shop	129.16003	35.16124
씨유영산대점	shop	129.15228	35.22356
씨유오션프라임점	shop	129.16835	35.16403
씨유우동뉴스타	shop	129.16239	35.16706
씨유우동로점	shop	129.15728	35.16569
씨유우동롯데점	shop	129.14762	35.16344
씨유우동휴	shop	129.15174	35.15941
씨유웰비치점	shop	129.16841	35.16540
씨유이안점	shop	129.16628	35.16697
씨유장산	shop	129.17750	35.16850
씨유장산햇별점	shop	129.17640	35.17087
씨유재송	shop	129.12483	35.18507
씨유재송	shop	129.12265	35.18396
씨유재송골든점	shop	129.12573	35.19029
씨유재송그랑점	shop	129.12140	35.18772
씨유재송동국점	shop	129.13274	35.19224
씨유재송센텀	shop	129.12526	35.19456
씨유좌동	shop	129.17767	35.16968
씨유좌동파워점	shop	129.17462	35.17004
씨유중동	shop	129.16942	35.16367
씨유중동동일점	shop	129.17117	35.16527
씨유중동어울림점	shop	129.17280	35.16194
씨유팔레드시즈점	shop	129.16658	35.16020
씨유한양수자인점	shop	129.15601	35.16082
씨유한일오르듀점	shop	129.14661	35.15545
씨유해리단길점	shop	129.15632	35.16859
씨유해운대	shop	129.17986	35.16252
씨제이올리브영딜라이트프로젝트	shop	129.16102	35.16032
씨제이올리브영문화회관점	shop	129.17495	35.17197
씨제이올리브영부산	shop	129.17779	35.16886
씨제이올리브영부산벡스코점	shop	129.13245	35.16667
씨제이올리브영부산장산	shop	129.17678	35.17129
씨제이올리브영비치점	shop	129.15951	35.15969
씨제이올리브영센텀	shop	129.12922	35.17360
씨제이올리브영센텀코아점	shop	129.13258	35.16744
씨제이올리브영역점	shop	129.15912	35.16286
씨제이올리브영이마트	shop	129.16737	35.16602
씨제이올리브영중동점	shop	129.16823	35.16567
씨제이올리브영중앙점	shop	129.16090	35.16175
씨제이올리브영홈플러스	shop	129.14649	35.15840
씨제이푸드빌빕스얌딜리버리부산	food	129.12628	35.19548
씨컴퍼니	shop	129.17590	35.17244
씨클라우드호텔레지던스	stay	129.16225	35.16045
씽크톡제주지사	shop	129.16891	35.17355
씽투게더	bar	129.17632	35.17099
아가방	shop	129.17705	35.17053
아가월드교육센터	shop	129.14424	35.15933
아가페김밥	food	129.12288	35.19004
아구데이	food	129.17575	35.17404
아구듬뿍알곤마니	food	129.17558	35.17046
아구듬뿍알곤마니반여	food	129.12445	35.20743
아구야놀자	food	129.12583	35.18858
아구야복들어간대이	food	129.13225	35.19879
아구찜	food	129.16256	35.16214
아궁이	food	129.16297	35.16238
아그라센텀시티	food	129.12829	35.16987
아그집	food	129.17561	35.17126
아그집	food	129.17495	35.17197
아기한스푼	food	129.11778	35.18941
아날도바시니	shop	129.16124	35.16241
아너스골프아카데미	activity	129.11956	35.21828
아네뜨	shop	129.17900	35.17750
아넬로	food	129.14580	35.15404
아늑시그니처호텔부산	stay	129.15719	35.16099
아는언니	shop	129.12634	35.18466
아덴블랑제리시그니처	food	129.15933	35.16161
아덴블랑제리우동동부	cafe	129.13984	35.16688
아덴블랑제리중동점	cafe	129.16783	35.16309
아들메디케어	shop	129.20398	35.18536
아디다스	shop	129.13107	35.16985
아디다스골프신세계	shop	129.12952	35.16882
아디스빈	cafe	129.14813	35.22585
아딸아모바일	shop	129.15733	35.23100
아딸허브	food	129.13107	35.16985
아뜰리에메르시	food	129.17386	35.18067
아띠	shop	129.15630	35.23188
아라	shop	129.15979	35.16550
아라	bar	129.15601	35.16082
아라모드	shop	129.11848	35.19498
아라모텔	stay	129.15523	35.16001
아라뷰스테이	stay	129.19687	35.17703
아라생선구이	food	129.17507	35.17306
아라장어	food	129.13074	35.19465
아라치치킨센텀	food	129.12500	35.17739
아람텔레콤	shop	129.16109	35.22887
아레나	bar	129.16528	35.16022
아레나리베라	shop	129.16124	35.16241
아로마타이	shop	129.15601	35.16082
아르떼	shop	129.16145	35.16251
아르페지오	shop	129.12308	35.20808
아를고양이카페	shop	129.18176	35.16085
아름다운가게재	shop	129.15990	35.16448
아름상점	shop	129.16986	35.16756
아름약국	shop	129.17495	35.17197
아리따움	shop	129.15711	35.23072
아리따움	shop	129.12389	35.18604
아리랑	stay	129.20436	35.18109
아리랑노래주점	bar	129.20436	35.18109
아리랑섬	stay	129.16203	35.16207
아리랑수제고로케	food	129.17563	35.17296
아리수노래주점	bar	129.13093	35.19784
아리아노래연습장	activity	129.12388	35.18768
아리아노래연습장	activity	129.11856	35.19542
아리아리본	shop	129.11753	35.19936
아마스빈	cafe	129.15927	35.16346
아메리칸피자	food	129.15070	35.15973
아모레외판	shop	129.16680	35.17303
아모레카운셀러	shop	129.16680	35.17303
아모르	cafe	129.12244	35.18338
아몬드치킨	food	129.20657	35.19000
아몽즈커피	cafe	129.17935	35.17150
아므델리카	food	129.12236	35.18626
아미	food	129.15517	35.15983
아미산	food	129.14855	35.15814
아미코커피	cafe	129.11902	35.20032
아미퀸	shop	129.13088	35.17453
아미티스	food	129.16149	35.16113
아미티에	cafe	129.16280	35.16780
아보아보	food	129.17076	35.16966
아뵤오반점	food	129.13369	35.17092
아비아토	food	129.15732	35.16431
아빠분식	food	129.16792	35.17274
아빠횟집	shop	129.17119	35.15851
아사도	food	129.16469	35.16093
아삭아이스마리나점	shop	129.14255	35.16116
아삭아이스우동	shop	129.14276	35.16835
아삭아이스중동레미안점	shop	129.17774	35.16302
아서노래방	bar	129.16075	35.16036
아선	shop	129.15854	35.16615
아수라발발타	activity	129.16236	35.16263
아쉬	shop	129.12952	35.16882
아쉬갤러리	shop	129.13107	35.16985
아싸노래방	bar	129.20479	35.18259
아영에프비씨롯데주	shop	129.13107	35.16985
아영에프비씨신세계백화점	shop	129.12952	35.16882
아오모리	food	129.13282	35.16781
아오바	food	129.14621	35.15494
아우내순대	food	129.17437	35.17462
아우라	shop	129.17666	35.16916
아우라텔레콤	shop	129.16085	35.22896
아웃닭	food	129.16203	35.16019
아웃백딜리버리반여점	food	129.12628	35.19548
아웃백스테이크하우스부산신세계	food	129.12829	35.16987
아원아구찜	food	129.16241	35.16938
아월스커피	cafe	129.15545	35.16237
아이갓에브리씽	food	129.15846	35.16296
아이꿈터부산남부점	shop	129.18257	35.16867
아이두두	shop	129.13301	35.19983
아이리더	shop	129.15899	35.22966
아이리사	activity	129.12604	35.16864
아이리스호텔	stay	129.15397	35.15945
아이마트	shop	129.13106	35.19863
아이마트	shop	129.16127	35.16527
아이마트정육	shop	129.13106	35.19863
아이맘약국	shop	129.17574	35.16880
아이비	food	129.12148	35.19194
아이비씨그룹삼진어묵프로모션점	shop	129.16258	35.15950
아이비클럽	shop	129.16013	35.16618
아이빅	shop	129.14881	35.22466
아이빅토이	shop	129.19701	35.17970
아이슈크림	shop	129.14108	35.17539
아이스고래	shop	129.15612	35.17070
아이스나라	shop	129.14604	35.16342
아이스나라	shop	129.11976	35.20298
아이스나라	shop	129.11797	35.18983
아이스나라우동점	shop	129.13916	35.17042
아이스나라재송	shop	129.12807	35.18734
아이스대우월드마크	shop	129.13143	35.17191
아이스드림	shop	129.13209	35.20012
아이스마을센텀반여점	shop	129.11926	35.20039
아이스마을우방	shop	129.11697	35.20429
아이스맨즈아이스크림할인점센텀	shop	129.12628	35.19548
아이스맨즈좌동우주점	shop	129.17733	35.17907
아이스맨즈좌동한라점	shop	129.18232	35.17090
아이스스타	shop	129.14854	35.22878
아이스스타	shop	129.15188	35.22311
아이스스타	shop	129.17244	35.17135
아이스스토리	shop	129.15980	35.22959
아이스스토리드파인	shop	129.11937	35.19599
아이스스토리반여점	shop	129.11723	35.20064
아이스월드좌동점	shop	129.17935	35.17150
아이스크림과자할인	shop	129.14785	35.22493
아이스크림과자할인점위브점	shop	129.17986	35.16252
아이스크림스토리부산	shop	129.16134	35.16368
아이스크림할인점경남선경점	shop	129.18642	35.16652
아이스크림할인점대우마리나	shop	129.14536	35.15969
아이스크림할인점두산아파트점	shop	129.16994	35.17871
아이스크림할인점재송	shop	129.11756	35.18973
아이스크림할인점좌동건영점	shop	129.17686	35.17563
아이스크림할인점좌동스위첸점	shop	129.17799	35.17294
아이스크림할인점좌동점	shop	129.17940	35.16844
아이스테이션	shop	129.16942	35.16367
아이씨비코리아	shop	129.14940	35.22444
아이안경원	shop	129.13159	35.17296
아이에이치엠호텔포레지점	stay	129.16025	35.16069
아이엠메디	shop	129.17737	35.17667
아이엠호텔	stay	129.20522	35.18261
아이월드	shop	129.13355	35.20125
아이잗바바롯데센텀시티	shop	129.13107	35.16985
아이잗바바신세계센텀	shop	129.12952	35.16882
아이젠트리	shop	129.17527	35.16967
아이젠트리제니스점	shop	129.14482	35.15720
아이진	food	129.14070	35.16784
아이캔틴	cafe	129.17267	35.16246
아이코인노래연습장	activity	129.16100	35.16150
아이큐박스신세계	shop	129.12952	35.16882
아이티엔사무기	shop	129.12797	35.18803
아이프레임	shop	129.16917	35.16700
아이플러스안경원	shop	129.14973	35.22377
아이피아안경	shop	129.13369	35.17092
아이피아안경	shop	129.11570	35.19659
아이피아안경원	shop	129.14649	35.15840
아이피엘에스	shop	129.14661	35.15545
아이하트브릭앤아트	activity	129.12500	35.17739
아이홈데코	shop	129.15381	35.15879
아인스서적	shop	129.14692	35.15664
아인스약국	shop	129.15586	35.16111
아일리아	shop	129.13152	35.16784
아임슬라임카페	activity	129.17666	35.16916
아자스컴퍼니	food	129.15935	35.16755
아저씨대구탕	food	129.17167	35.15871
아주식당	food	129.12374	35.18769
아지	food	129.14686	35.15600
아지	bar	129.13100	35.19824
아지	food	129.11899	35.19469
아지트	shop	129.15381	35.15879
아지트포차	bar	129.12314	35.18776
아첸투스	cafe	129.13703	35.16669
아침한줄	food	129.17353	35.16186
아카식레코드	shop	129.15853	35.16485
아카이	food	129.15866	35.23029
아카이브랩신세계	shop	129.12952	35.16882
아카이브앱크부산	shop	129.18297	35.16248
아쿠아풀	stay	129.15430	35.16019
아큐포인트지사	shop	129.13130	35.16810
아크테릭스신세계백화점	shop	129.12952	35.16882
아테나주	shop	129.16658	35.16020
아톰국수	bar	129.12384	35.19175
아트박스부산	shop	129.15953	35.16235
아트박스센텀시티	shop	129.13369	35.17092
아트비즈	shop	129.12359	35.18611
아트빌리지십자수	shop	129.15703	35.23062
아트센터	shop	129.17503	35.15947
아트인해리단	shop	129.16018	35.16535
아트팬시	shop	129.15004	35.23476
아트플라워	shop	129.12582	35.20759
아트핑고	shop	129.18505	35.16958
아틀리에무이	shop	129.14985	35.15751
아티젠골프	activity	129.14540	35.15504
아페쎄골프신세계	shop	129.12952	35.16882
아프리카안경	shop	129.13107	35.16985
아프리카안경신세계	shop	129.12909	35.16864
아프리카안경원	shop	129.17705	35.17053
아하노래연습장	activity	129.13297	35.19198
아하바	shop	129.17666	35.16916
악기사	shop	129.18112	35.17486
안	bar	129.17826	35.16817
안가	food	129.16933	35.16506
안가홍삼	shop	129.13203	35.16720
안경나라	shop	129.12583	35.18602
안경나라	shop	129.11949	35.20261
안경본데이좌동점	shop	129.18257	35.16867
안경세상	shop	129.14929	35.22455
안경하나	shop	129.11892	35.19918
안나	bar	129.17469	35.17407
안나옷장	shop	129.17634	35.17271
안녕꼬순내	shop	129.17585	35.16740
안녕리사	shop	129.18112	35.17486
안녕식당	food	129.14025	35.16993
안녕약국	shop	129.14115	35.16691
안녕충무	food	129.12917	35.19513
안다르	shop	129.13107	35.16985
안덕	food	129.17255	35.16088
안동갈비	food	129.14692	35.15664
안동갈비	food	129.17009	35.16408
안동술상	bar	129.17818	35.16828
안동식당	food	129.16891	35.17355
안동식당	food	129.20370	35.18233
안동식품	food	129.17481	35.17321
안동집	food	129.17539	35.17282
안동채소	shop	129.11756	35.19219
안동칼국수	food	129.16250	35.16188
안동한우갈비집	food	129.12160	35.18459
안스	bar	129.14757	35.15799
안스	shop	129.17767	35.17098
안온	shop	129.15775	35.16738
안젤라	shop	129.12355	35.20794
안주일체	food	129.17794	35.16863
안집	food	129.12386	35.20780
안집	cafe	129.16677	35.16340
안토니	shop	129.13107	35.16985
안틸라	shop	129.15610	35.16907
알골프	shop	129.15800	35.16042
알까기샤브칼국수	food	129.16752	35.17306
알뜰장터	shop	129.17737	35.17667
알라바마	bar	129.14686	35.15600
알라이아	shop	129.12909	35.16864
알로안경신세계백화점	shop	129.12829	35.16987
알리바바	shop	129.13107	35.19638
알마니익스체인지신세계	shop	129.12952	35.16882
알마앤파트너스	food	129.13143	35.17191
알비에이치믹스	cafe	129.14580	35.15404
알앤에이치플랜비지점	shop	129.16394	35.16162
알앤에프	shop	129.20486	35.18414
알엔케이파트너스	cafe	129.15135	35.15837
알토	shop	129.17705	35.17053
알토	shop	129.17386	35.18067
알토란생활용품할인점	shop	129.16287	35.16230
알파문구네트워크	shop	129.12541	35.17664
암소갈비집	food	129.16642	35.16316
암소식육식당	food	129.12953	35.19748
암튼커피스탠드	cafe	129.15230	35.23223
압구정노래연습장	activity	129.11924	35.20277
압구정봉구비어	bar	129.14482	35.15720
압구정봉구비어중동점	bar	129.16942	35.16367
압소바신세계센텀	shop	129.12952	35.16882
앙떼떼	shop	129.17705	35.17053
앙상블	bar	129.17078	35.16589
앙센아이	shop	129.17574	35.16880
앙스모멍	stay	129.20312	35.18149
앙팡부티크	shop	129.14482	35.15720
애견하우스	shop	129.13034	35.19407
애기족발	food	129.17076	35.16966
애나스가든	shop	129.18232	35.17090
애니웨이	food	129.15621	35.16159
애니타임	shop	129.16127	35.16527
애니타임	shop	129.16696	35.16202
애드파골프주	shop	129.13275	35.17287
애뜨비스트로	food	129.15851	35.16466
애반디뷰티	shop	129.17119	35.15851
애쉬노건강센터	shop	129.15701	35.23140
애영	shop	129.13242	35.16593
애월돈	food	129.11985	35.20249
애월두부	shop	129.17495	35.17197
애작	food	129.12880	35.17447
애즈더디어	cafe	129.18210	35.16161
애코랜드	cafe	129.15859	35.16249
애플	bar	129.15710	35.16056
애플꼬마김밥	food	129.12359	35.17676
애플돈까스	food	129.18324	35.17246
애플푸드	food	129.18324	35.17246
애플호텔	stay	129.20285	35.18420
앤드	cafe	129.15850	35.16561
앤드커피	cafe	129.16483	35.16225
앤에이치	shop	129.16124	35.16241
앤플랫	bar	129.17632	35.17099
앨리스도넛청사포	food	129.19133	35.16057
앵두나무	shop	129.17774	35.16302
야단	bar	129.13237	35.16769
야로야로	food	129.17453	35.16940
야마하	shop	129.19915	35.18148
야미닭꼬치	food	129.15207	35.22323
야미빈	cafe	129.16010	35.16672
야미빈좌동점	cafe	129.17971	35.16540
야미야	food	129.16994	35.17871
야미야미	food	129.15716	35.16831
야미팬센텀	food	129.12727	35.17572
야반	bar	129.17768	35.16957
야야커피	cafe	129.17250	35.17110
야채과일	shop	129.15698	35.23064
야키토리로만	food	129.15552	35.16044
야키토리백탄	food	129.15601	35.16082
야키토리텐진	food	129.14327	35.15908
약국	shop	129.16297	35.16238
약속	cafe	129.12514	35.18745
약속실비	bar	129.12106	35.19209
약속포차	bar	129.15556	35.23051
약손약국	shop	129.17528	35.17816
약수터	food	129.15938	35.16495
얌분식	food	129.15788	35.16769
얌샘김밥	food	129.13369	35.17092
얌샘김밥역점	food	129.15846	35.16296
얌샘김밥좌동	food	129.18327	35.16887
양가네양곱창	food	129.15898	35.16283
양곱창고집	food	129.18642	35.16652
양꼬자	food	129.17640	35.17087
양꼬치앤칭따오	food	129.16232	35.16340
양돈산업	food	129.17427	35.17419
양산국밥	food	129.17273	35.16787
양산도	food	129.17211	35.16763
양산왕돼지국밥	food	129.12640	35.18500
양은이네송정점	food	129.19601	35.17453
양정명동찌개마을	food	129.12727	35.17572
양지양행	shop	129.15578	35.23192
양지오리	food	129.14961	35.22528
양지커피숍	cafe	129.13125	35.19747
양철북김치찌게와볶음	food	129.17768	35.16957
양통싹수	shop	129.16124	35.16241
양통촌밥상	food	129.14889	35.22957
양포생아구찜	food	129.12517	35.18168
양품점	shop	129.14233	35.16164
양화옥직영점	food	129.14540	35.15504
어나더	bar	129.15898	35.16283
어나더선데이	stay	129.15935	35.16755
어뉴	shop	129.12952	35.16882
어뉴헬스케어	shop	129.14692	35.15664
어랏커피	cafe	129.15688	35.16802
어랏커피	cafe	129.15399	35.23229
어랏커피스탠드	cafe	129.15399	35.23229
어랏커피좌동점	cafe	129.17562	35.17228
어린왕자어린이서점	shop	129.15382	35.16057
어메이징크리부산	shop	129.16666	35.16317
어묵	food	129.13984	35.16688
어바웃라이프	cafe	129.15804	35.16557
어반던트	shop	129.15846	35.16296
어반독	shop	129.17774	35.16302
어반블랙스미스	shop	129.11899	35.18391
어반스시	food	129.14898	35.15977
어반스테이센텀	stay	129.13282	35.16781
어반스테이역	shop	129.15846	35.16296
어반스틱	shop	129.11904	35.19478
어반어패럴	shop	129.15724	35.16221
어밤부	food	129.19670	35.17376
어밤부나이트마켓	food	129.19600	35.17677
어밴더치	cafe	129.17768	35.16957
어부	food	129.15901	35.16249
어부심해풍코다리	food	129.17436	35.17278
어부의술상	food	129.19714	35.16878
어센틱	bar	129.15951	35.15969
어스앤뎀	shop	129.17705	35.17053
어썸버거	food	129.17986	35.16252
어오케이커피	cafe	129.17666	35.16916
어오케이커피	cafe	129.12700	35.17463
어울림포차	food	129.15499	35.23119
어지샐러드앤포케	food	129.15951	35.15969
어포어	shop	129.19000	35.16283
언광반점	food	129.16013	35.16618
언니네김밥	food	129.17598	35.17739
언니네집들이	shop	129.17666	35.16916
언니야패션	shop	129.17574	35.16880
언더아머신세계	shop	129.12829	35.16987
언로드	activity	129.15791	35.16470
언리밋북스	cafe	129.16248	35.16077
언양건어물	shop	129.15670	35.23077
언양닭칼국수	food	129.12585	35.17616
언양닭칼국수중동점	food	129.16356	35.16221
언양봉계숯불갈비	food	129.13060	35.19389
언양불고기	food	129.16060	35.16198
얼큰샤브손칼국수	food	129.17310	35.17374
얼큰이닭치기	food	129.15487	35.23229
얼큰이치킨	food	129.12243	35.20686
엄마반찬	shop	129.12168	35.20387
엄마분식	food	129.11737	35.18998
엄마손	shop	129.12704	35.21231
엄마손	food	129.12749	35.19181
엄마손대구탕	food	129.20110	35.18287
엄마손순두부	food	129.12743	35.18957
엄마손식당	food	129.12647	35.17548
엄마손칼국수	food	129.17033	35.16770
엄마애부엌	food	129.12359	35.17676
엄용백낙돈돼지국밥	food	129.15839	35.16075
업소명없음	stay	129.16078	35.16229
업소명없음	shop	129.20456	35.18090
업소명없음	stay	129.16064	35.16225
업소명없음	food	129.17590	35.17244
업소명없음	stay	129.16064	35.16225
업소명없음	stay	129.16658	35.16020
업소명없음	shop	129.13270	35.16636
업소명없음	food	129.17603	35.17003
업소명없음	stay	129.16064	35.16225
업소명없음	shop	129.17603	35.17003
업소명없음	shop	129.11615	35.20285
엉클밥	food	129.15806	35.16510
에고이스트	shop	129.12952	35.16882
에그드랍	food	129.15846	35.16296
에그박스부산	food	129.15147	35.22283
에그폭탄	food	129.12576	35.18927
에꼴	shop	129.12162	35.20589
에꼴리에	shop	129.17705	35.17053
에끄로와	food	129.12843	35.17400
에노테카시그니엘	shop	129.16802	35.16133
에드윈	shop	129.16124	35.16241
에떼	shop	129.15962	35.16445
에뛰드하우스	shop	129.14757	35.22558
에뜨와	shop	129.12909	35.16864
에렉스페이페이신세계백화점	food	129.12952	35.16882
에렉스피에프창	food	129.12829	35.16987
에르노	shop	129.12952	35.16882
에르메스퍼퓸신세계센텀	shop	129.12952	35.16882
에바돈가츠	food	129.17750	35.16850
에버그린	food	129.15606	35.16864
에비뉴	stay	129.15832	35.16161
에서	bar	129.16658	35.16020
에소이스트롯데	shop	129.13107	35.16985
에스노래방	bar	129.11840	35.19381
에스마트	shop	129.14189	35.16830
에스마트	shop	129.12819	35.19132
에스블러	shop	129.13521	35.20171
에스아이컴퍼니	shop	129.12952	35.16882
에스앤와이즈인제대학교백병원지점	food	129.18217	35.17326
에스에스모바일	shop	129.14868	35.22478
에스에스장터	shop	129.14692	35.15664
에스에이스테이션	shop	129.14660	35.16368
에스에이엠	cafe	129.17666	35.16916
에스에이엠센텀큐비점	shop	129.12643	35.17544
에스에이치케미컬	bar	129.13203	35.16720
에스엘바이오텍뉴트리코어	shop	129.17590	35.17244
에스엠	shop	129.16290	35.23026
에스엠모바일센텀	shop	129.12328	35.17950
에스엠안경원	shop	129.14097	35.16754
에스엠푸드	food	129.14029	35.16810
에스제이골프아카데미	activity	129.17575	35.17208
에스제이대창점	shop	129.16928	35.17306
에스제이동신점	shop	129.17900	35.17750
에스제이아이스크림	shop	129.17136	35.17650
에스제이에스제이	shop	129.13107	35.16985
에스제이티엠씨	shop	129.20109	35.18102
에스제이푸드	food	129.12335	35.20346
에스지골프아카데미	activity	129.17575	35.17208
에스카페	cafe	129.12952	35.16882
에스케이티달맞이	shop	129.18322	35.16855
에스콰이아	shop	129.16124	35.16241
에스테라정	shop	129.15728	35.16418
에스티	activity	129.15231	35.22249
에스티비크로스핏	activity	129.16977	35.16737
에스티엑스서비스부산사업본부	stay	129.15846	35.16296
에스호텔	stay	129.20195	35.18067
에쓰에이치	shop	129.12683	35.18865
에쓰컴퍼니	food	129.12844	35.17206
에어컨이전설치	shop	129.18112	35.17486
에어픽스보트앤	activity	129.17965	35.15738
에이바	cafe	129.14580	35.15404
에이블베이비	shop	129.19701	35.17970
에이블베이비기장	shop	129.19701	35.17970
에이블베이비송정	shop	129.19701	35.17970
에이사이드카츠	food	129.17766	35.17097
에이스	shop	129.15517	35.23237
에이스노래연습장	activity	129.16913	35.16531
에이스당구장	activity	129.14877	35.22722
에이스정보기술	shop	129.13177	35.18942
에이스침대주	shop	129.13352	35.17231
에이스컴	food	129.15846	35.16296
에이알파트너	shop	129.17642	35.16790
에이앤케이	food	129.15908	35.16228
에이에스피컴퍼니대부	cafe	129.18336	35.15981
에이엠피엠	shop	129.13601	35.16906
에이원위드	stay	129.16078	35.16229
에이유쥬얼리샵	shop	129.16802	35.16133
에이전시무아	shop	129.13346	35.16714
에이치비코퍼레이션모티마켓부산	shop	129.16098	35.16362
에이치서비스	activity	129.14196	35.15980
에이치스테이	stay	129.15913	35.16637
에이치앤	shop	129.16588	35.16228
에이치앤케이웰니스	activity	129.16977	35.16737
에이치에프앤디	food	129.18232	35.17090
에이치제이키친	food	129.16814	35.17001
에이치컴퍼니	shop	129.14424	35.15933
에이치케이켐	shop	129.12275	35.18608
에이치피글로벌	shop	129.17009	35.16408
에이치피트니스	activity	129.18099	35.17402
에이카화이트	shop	129.12909	35.16864
에이플러스	shop	129.12345	35.20045
에임히어	shop	129.18329	35.16124
에잇컨셉	shop	129.13107	35.16985
에잇컨셉	shop	129.17705	35.17053
에즈	shop	129.17642	35.16790
에즈라신세계센텀	shop	129.12952	35.16882
에체종합화장품	shop	129.15545	35.23145
에코방스	stay	129.16219	35.16826
에코에스코	shop	129.17575	35.17208
에코에코협동조합청사포지점	shop	129.19532	35.16331
에키노마에	food	129.12952	35.16882
에타에타	cafe	129.17370	35.16118
에테르노뷰티	shop	129.13143	35.17191
에프사십오센텀시티	activity	129.13346	35.16714
에프알엘센텀시티점	shop	129.13107	35.16985
에프앤비	shop	129.16085	35.16652
에프앤지리테일	shop	129.17415	35.16245
에프엠	cafe	129.20140	35.18105
에프원	bar	129.16526	35.16249
에프원피트니스반여점	activity	129.11674	35.20443
엔	bar	129.14540	35.15504
엔	bar	129.17575	35.17404
엔글로벌	shop	129.16247	35.16074
엔비에이	shop	129.12952	35.16882
엔시안	shop	129.17506	35.17762
엔씨당구클럽	activity	129.17592	35.17080
엔씨더바디샵	shop	129.17705	35.17053
엔씨백화점아동복	shop	129.17705	35.17053
엔씨백화점체이스플러스	shop	129.17705	35.17053
엔씨픽스스포츠	shop	129.17705	35.17053
엔에프엘	shop	129.12952	35.16882
엔에프엘	shop	129.13107	35.16985
엔와이씨골프마켓	shop	129.12337	35.18196
엔제리너스	cafe	129.11570	35.19659
엔제리너스백병원	cafe	129.18217	35.17326
엔츠노래타운	bar	129.17762	35.16833
엔캣이마트	shop	129.16737	35.16602
엔케이에프컴퍼니	activity	129.12541	35.17664
엔케이이뮨베이커리카페중동점	food	129.16873	35.16617
엔포유	shop	129.13601	35.16906
엔폴드신세계	shop	129.13017	35.17356
엘더	shop	129.17210	35.17123
엘드레스	shop	129.16802	35.16133
엘디컴퍼니	cafe	129.13203	35.16720
엘라	shop	129.15073	35.15817
엘라라	shop	129.13159	35.16692
엘라뷰티	shop	129.13242	35.16593
엘라샌드위치타운	food	129.15915	35.16503
엘레강스	shop	129.17603	35.17003
엘레강스	shop	129.16124	35.16241
엘레강스가구	shop	129.14757	35.15799
엘레브	shop	129.14536	35.15969
엘렉스	shop	129.17695	35.16993
엘로드신세계센텀	shop	129.12952	35.16882
엘루이모텔	stay	129.12303	35.18417
엘르	shop	129.17705	35.17053
엘르	food	129.17552	35.17140
엘르온누리약국	shop	129.17574	35.16880
엘리도	bar	129.17908	35.16783
엘리시아	shop	129.16942	35.16367
엘리시아	stay	129.16218	35.16015
엘리트	shop	129.16241	35.16693
엘린	shop	129.11983	35.20338
엘린유	shop	129.17666	35.16917
엘림	shop	129.17149	35.17657
엘림모바일	shop	129.12593	35.18482
엘본더스테이	stay	129.16064	35.16225
엘스타	cafe	129.12844	35.17206
엘앤케이부산	food	129.17750	35.16850
엘엔디컴퍼니재송지사	shop	129.12584	35.18789
엘제이팩토리	food	129.17307	35.16278
엘지김밥	food	129.17386	35.18067
엘칸토	shop	129.17705	35.17053
엘칸토세이브존	shop	129.16145	35.16251
엘큐티스튜디오	stay	129.17521	35.15935
엘티알	food	129.12625	35.17810
엘티알	food	129.12591	35.17871
엘푸드	food	129.17603	35.17003
엘프바	shop	129.16225	35.16045
엘플러스마트	shop	129.16726	35.16191
엘피지에이골프	shop	129.13107	35.16985
엠그라운드	shop	129.16807	35.16391
엠모바일	shop	129.16025	35.16402
엠비씨플레이비	activity	129.12829	35.16987
엠스타할매손충무김밥	food	129.17066	35.15972
엠식스모텔	stay	129.12286	35.18391
엠씨드	cafe	129.12986	35.17302
엠씨모바일	shop	129.17487	35.17481
엠씨티슈팅클럽	activity	129.16225	35.16045
엠아이슈트	shop	129.17705	35.17053
엠앤엘	shop	129.12952	35.16882
엠에스	shop	129.13127	35.19561
엠에스지엠	shop	129.12952	35.16882
엠에이치앤코버터	shop	129.16140	35.16012
엠엔더블유바	bar	129.16061	35.16022
엠엘비키즈	shop	129.13107	35.16985
엠제이월드	food	129.12276	35.20946
엠제이주	shop	129.12451	35.17516
엠제이축산	shop	129.13060	35.19389
엠제이컴퍼니	shop	129.14621	35.15494
엠제이케이	cafe	129.12359	35.17676
엠제이푸드	food	129.17766	35.17097
엠제이휘트니스	activity	129.12986	35.17302
엠지팰리스부산	shop	129.14333	35.15704
엠케이제이	stay	129.13282	35.16781
엠크라프트	shop	129.16807	35.16391
엠토스트	food	129.15906	35.22416
엠투스튜디오	food	129.17539	35.17282
엠포리오아르마니	shop	129.12952	35.16882
엠포리오아르마니신세계센텀	shop	129.12952	35.16882
엠포리오아르마니언더웨어	shop	129.12952	35.16882
엡섬	food	129.15636	35.16378
여기슈퍼	shop	129.12373	35.21116
여름	shop	129.12342	35.20849
여서도횟집	food	129.19706	35.17722
여우비호텔	stay	129.20548	35.18243
여의루	food	129.19109	35.16088
역	food	129.16658	35.16020
역	food	129.17561	35.17126
역	food	129.12650	35.17658
역시대박집	food	129.11888	35.20290
역전할머니맥주	bar	129.16225	35.16045
역전할머니맥주	bar	129.17834	35.16807
역전할머니맥주	bar	129.13017	35.17356
역전할머니맥주	bar	129.12565	35.18761
역전할머니맥주부산	bar	129.14950	35.22433
역전할머니맥주부산벡스코점	bar	129.13203	35.16720
연	food	129.16469	35.16093
연가	food	129.17601	35.17144
연가노래연습장	activity	129.16235	35.22780
연막창	food	129.17632	35.17099
연산숯불왕갈비	food	129.15746	35.16191
연심	food	129.17540	35.16131
연아정생선구이	food	129.16802	35.16133
연오재	shop	129.16943	35.16946
연와패션	shop	129.14870	35.22797
연우	food	129.15702	35.23076
연의집	shop	129.16202	35.16331
연이김밥	food	129.12235	35.20722
연지	shop	129.12505	35.18590
연탄의추억	food	129.12437	35.18442
연하남연어하는남자	food	129.17767	35.17098
연해	food	129.15684	35.16158
연화리해물천국	food	129.16802	35.16133
열돈이야기	food	129.11991	35.20040
열두달	cafe	129.16721	35.16429
열무	shop	129.15887	35.22977
열정국밥	food	129.12896	35.19063
열하루족발	food	129.15721	35.23131
영남돼지	food	129.15544	35.16004
영남란농원	shop	129.12108	35.21691
영남식육식당	food	129.17509	35.17359
영남한식뷔페지점	food	129.12195	35.18448
영남화분	shop	129.12108	35.21691
영덕슈퍼	shop	129.16450	35.16420
영도통닭	food	129.14424	35.15933
영도통닭	food	129.17803	35.16851
영림맛집	food	129.15809	35.16609
영변횟집	food	129.20291	35.18080
영슈퍼	shop	129.12215	35.20659
영심이마카롱	cafe	129.12498	35.19126
영심이반찬	shop	129.15080	35.22373
영아식당	food	129.15668	35.23215
영아트문구	shop	129.17733	35.17907
영양상회	shop	129.15526	35.23117
영우마켓	shop	129.16811	35.16426
영월명가닭개장	food	129.15039	35.22444
영은주얼리	shop	129.13107	35.16985
영일인더스트리	food	129.12686	35.18966
영자할매옛날팥빙수단팥죽	food	129.16337	35.16249
영재서적해강점	shop	129.13984	35.16688
영주네밥상	food	129.17845	35.16877
영진슈퍼	shop	129.12668	35.20607
영진약국	shop	129.15661	35.23171
영진오빠수제닭꼬치	food	129.16216	35.16282
영진회센타	food	129.15440	35.23115
영커피	cafe	129.14327	35.15908
영커피백병원점	cafe	129.18183	35.17430
영커피부산시니어클럽점	cafe	129.15222	35.22457
영커피센텀리더스마크점	cafe	129.13242	35.16593
영커피센텀스카이비즈점	cafe	129.12451	35.17516
영커피팔레드시즈점	cafe	129.16658	35.16020
영투게더컴퍼니	cafe	129.12498	35.19126
영팝카페	cafe	129.12709	35.17104
영풍메디칼약국	shop	129.16873	35.16617
영플라워	shop	129.12871	35.19286
영피티	activity	129.12244	35.18338
영해사	shop	129.15303	35.16960
영해횟집	food	129.14910	35.22530
영화식당	food	129.14600	35.22787
영화의전당	shop	129.12709	35.17104
영화장품	shop	129.14661	35.15545
영희네분식	food	129.13038	35.19339
예간이역식당	bar	129.20256	35.18296
예갤러리	shop	129.16207	35.16520
예다방	cafe	129.17373	35.17429
예담	shop	129.17774	35.16302
예담반찬	shop	129.14854	35.22899
예담숯불양갈비	food	129.17418	35.17382
예담축산	shop	129.17935	35.17150
예디자인	shop	129.16942	35.16367
예랑	food	129.17518	35.17177
예랑뷰티	shop	129.11951	35.20335
예반스좌동	shop	129.17808	35.16553
예빈	food	129.13973	35.17493
예쁜떡오늘	cafe	129.17508	35.16310
예쁜옷집	shop	129.16271	35.16685
예쁜옷집다온	shop	129.15933	35.16518
예쁜집꾸미기	shop	129.12596	35.18924
예쁨을입다	shop	129.13049	35.19619
예쁨주의	shop	129.17386	35.18067
예술	food	129.16205	35.16502
예스	shop	129.12303	35.18603
예스라떼	cafe	129.12585	35.17616
예스예스커피	cafe	129.12585	35.17616
예원	food	129.17738	35.16787
예이제	food	129.16689	35.16097
예이제신관	food	129.16658	35.16020
예작	shop	129.13107	35.16985
예전방	shop	129.12470	35.18588
예전칼국수	food	129.17479	35.17350
예진한복	shop	129.13104	35.16574
예천상회	shop	129.14967	35.22594
예카롱	food	129.13192	35.19083
예픔커피신세계	cafe	129.12829	35.16987
옛날마포주먹구이	food	129.11947	35.19932
옛날아우내순대	food	129.19651	35.17653
옛날집베이컨꼬지	food	129.16147	35.16083
옛날통닭	food	129.14998	35.22432
옛날통닭좌동점	food	129.18338	35.16514
옛추억갈비탕	food	129.13159	35.17296
오가네한우소머리곰탕	food	129.17417	35.17429
오가닉맘	shop	129.13107	35.16985
오가닉맘마	shop	129.13075	35.19803
오게스트앤미니호텔	stay	129.15858	35.16262
오경상회	shop	129.13916	35.17042
오계절식당	food	129.14892	35.23124
오꾸닭	food	129.15460	35.23242
오늘꽃이피다	shop	129.17444	35.16227
오늘도한큐당구장	activity	129.15547	35.23201
오늘뭐먹지	bar	129.15032	35.22342
오늘은맥주	bar	129.17739	35.16868
오늘은술이너무달다	bar	129.12670	35.18991
오늘은오므라이스부	bar	129.17372	35.16296
오늘의한상	bar	129.14614	35.16327
오니기리와이규동	food	129.14324	35.15482
오니기리와이규동	food	129.12541	35.17664
오니기리와이규동	food	129.14803	35.22554
오니부스	shop	129.12517	35.18168
오대패	food	129.17253	35.16201
오덕돈까스	food	129.16628	35.17100
오뎅끼데스까	food	129.17739	35.16868
오뎅무라	food	129.12563	35.18692
오드리	shop	129.12359	35.17676
오디너리레시피	food	129.13095	35.16785
오땅콩빵	food	129.13842	35.16947
오또맨	food	129.16636	35.16140
오뚜기	food	129.13125	35.19976
오뚜기식당	food	129.11980	35.20129
오뜨디자인가구	shop	129.14757	35.15799
오뜨호텔	stay	129.15636	35.15957
오라스키	food	129.18329	35.16122
오렌즈	shop	129.17666	35.16916
오렌즈부산	shop	129.13258	35.16744
오렌즈부산반여점갤러리안경	shop	129.11955	35.20225
오렌즈비치점	shop	129.15846	35.16296
오렌지	shop	129.14482	35.15720
오렌지	bar	129.14692	35.15664
오렌지	shop	129.13038	35.19434
오렌지	bar	129.15842	35.16678
오렌지	shop	129.17855	35.16969
오렌지	bar	129.17640	35.17087
오렌지마트	shop	129.13324	35.19156
오렌지아이스크림	shop	129.14692	35.15664
오렌지약국	shop	129.13082	35.19498
오렌지펫살롱	shop	129.14692	35.15664
오로라	bar	129.17584	35.17091
오로라베공방	shop	129.15458	35.23171
오륙도낙지	food	129.12468	35.18533
오륙도스쿨베이직구그린에이지	shop	129.12193	35.20623
오륙도식당	food	129.13122	35.19981
오륙도여관	stay	129.16402	35.16233
오르	food	129.15616	35.16813
오르다골드	shop	129.16874	35.16617
오르드제이	shop	129.17666	35.16916
오르디	shop	129.14424	35.15933
오리	bar	129.14661	35.15545
오리가좋다	food	129.12375	35.20782
오리마시떼	food	129.15230	35.23223
오리마을	food	129.13214	35.19921
오리집	food	129.13172	35.19251
오막집	food	129.15507	35.16008
오맛빵	cafe	129.12697	35.18269
오메가메	bar	129.11723	35.20064
오물오물	shop	129.17349	35.17084
오미오미	food	129.14179	35.16594
오반김밥	food	129.16015	35.16287
오반김밥	food	129.14985	35.15751
오반장	food	129.15926	35.16149
오반장밥과고기	food	129.15915	35.16144
오버두	bar	129.16203	35.16019
오버띵크커피바	cafe	129.17036	35.17061
오버플로우	bar	129.15383	35.15962
오병이어떡국	food	129.17855	35.16969
오복가	food	129.16994	35.17871
오복돼지국밥	food	129.16002	35.16261
오복미역	food	129.20094	35.18419
오복식당	food	129.12210	35.18471
오복이불	shop	129.12419	35.18628
오봉도	food	129.12383	35.18141
오봉집좌동점	food	129.17696	35.16844
오부자	food	129.14854	35.22477
오부장	food	129.17201	35.16185
오뷰티랩	shop	129.17808	35.16553
오브앤	shop	129.12689	35.18290
오브원	cafe	129.17053	35.15958
오브제라운지	food	129.16132	35.16461
오브제롯데센텀	shop	129.13107	35.16985
오브제파파야	cafe	129.15804	35.16501
오브커피	shop	129.19363	35.16099
오븐마루	food	129.13058	35.19572
오빠나빠	food	129.12623	35.18785
오빠막창	food	129.17404	35.16018
오빠야	food	129.15848	35.16128
오산떡방앗간	food	129.17324	35.16210
오산스테이	stay	129.17267	35.16383
오산야식	food	129.17321	35.16244
오산추어탕	food	129.17276	35.16220
오설록	food	129.16083	35.16089
오성급다방엘시티점	cafe	129.16802	35.16133
오션	food	129.15881	35.16027
오션갤러리	shop	129.19369	35.16118
오션라운지	bar	129.15381	35.15879
오션마켓	stay	129.16196	35.16133
오션복권방	activity	129.15326	35.15884
오션뷰스크린	activity	129.18232	35.15831
오션브리즈	shop	129.18861	35.16134
오소아	cafe	129.12435	35.18189
오손	cafe	129.15803	35.16792
오송주	food	129.14482	35.15720
오수연	food	129.15837	35.16625
오슈슈	shop	129.15766	35.16717
오스본	shop	129.17705	35.17053
오스틴리드	shop	129.17705	35.17053
오슬랑좌동점	cafe	129.18374	35.16625
오슬로우커피	cafe	129.16383	35.16262
오슬로우커피힐스테이트위브점	cafe	129.17986	35.16252
오시오	shop	129.14844	35.22701
오아시스	bar	129.12598	35.18711
오아시스노래주점	bar	129.17624	35.17110
오아시스당구장	activity	129.15978	35.16209
오아시스커피컴퍼니	cafe	129.15938	35.16495
오야츠	food	129.14482	35.15720
오에스티	shop	129.12829	35.16987
오에이친구	shop	129.14769	35.22761
오엑스피시	activity	129.17768	35.16957
오엑스피시방	activity	129.14757	35.15799
오엑스피씨방반여동점	activity	129.13066	35.19624
오엑스피씨아시아선수촌점	activity	129.11901	35.20327
오엘스에스프레소바	food	129.18146	35.15969
오엠지리추얼지점	food	129.19657	35.17610
오오쿠키커피	cafe	129.18374	35.16625
오우야에스프레소해리단길점	cafe	129.15813	35.16447
오육	stay	129.15908	35.16228
오이	stay	129.16286	35.16246
오이소	food	129.15499	35.23119
오이시함바그	food	129.18295	35.15959
오일리	shop	129.12367	35.18658
오정은김밥	food	129.17768	35.16957
오조크	shop	129.12952	35.16882
오즈세컨	shop	129.12952	35.16882
오지테이블	food	129.15627	35.16358
오쩜오스킨	shop	129.14185	35.16996
오춘자비어	bar	129.16050	35.22918
오케이골프존	activity	129.12303	35.19733
오케이도매횟집	food	129.16394	35.16379
오케이마트	shop	129.16258	35.22912
오케이마트정육	shop	129.16258	35.22912
오케이바	bar	129.17624	35.17110
오케이뷰티	shop	129.12389	35.18604
오케이서비스	stay	129.15654	35.16026
오케이스크린골프	activity	129.17495	35.17197
오케이횟집	food	129.14692	35.15664
오케이휘트니스	activity	129.14424	35.15933
오크레페	cafe	129.16015	35.16287
오태식해바라기치킨재송반여점	food	129.12662	35.18982
오토김밥	food	129.14424	35.15933
오퍼스	bar	129.16218	35.16015
오퍼스	bar	129.16140	35.16012
오페라노래연습장	activity	129.17546	35.15898
오페퍼	shop	129.12526	35.20685
오프리미츠	shop	129.13369	35.17092
오프온	food	129.15833	35.16526
오프헤파티스리	food	129.15618	35.16891
오프화이트신세계	shop	129.12952	35.16882
오피스천국보물찾기	shop	129.12328	35.17950
오하코	food	129.17644	35.17353
오후	shop	129.17705	35.17053
옥된장부산	food	129.13159	35.16692
옥봉산쉼터	bar	129.11436	35.20996
옥소리노래연습장	activity	129.12372	35.18750
옥스포드학생복구프리모	shop	129.14856	35.22583
옥이네	food	129.15669	35.23023
옥이네김치	shop	129.15566	35.23122
옥이네밥	food	129.12550	35.18776
옥이보리밥	food	129.19063	35.16296
옥정팜	shop	129.12093	35.21593
옥탑	bar	129.17058	35.15887
옥희메디케어	shop	129.11729	35.19604
온	food	129.17561	35.17126
온기	food	129.12451	35.17516
온기정	food	129.12952	35.16882
온나떡	food	129.17875	35.17818
온누리약국	shop	129.15510	35.16121
온누리카페	cafe	129.17320	35.17398
온다호텔	stay	129.15881	35.16027
온담	food	129.16942	35.16367
온담추어탕	food	129.14942	35.22493
온더테이블	food	129.13293	35.16608
온더힐	cafe	129.17527	35.15846
온도카페	food	129.18034	35.15711
온리원	food	129.15205	35.23167
온마트	shop	129.11824	35.20895
온바이크	shop	129.20429	35.19158
온앤온	shop	129.13107	35.16985
온앤온	shop	129.17705	35.17053
온점핑앤체온	shop	129.13938	35.17149
온정약국	shop	129.11933	35.20316
온천복권방	activity	129.16549	35.16259
온천약국	shop	129.16356	35.16221
온천집	food	129.15411	35.16127
온테니스	activity	129.17818	35.16828
온화떡공방	food	129.18310	35.16808
올고	shop	129.12886	35.17383
올드파파야	food	129.15804	35.16501
올라김밥앤티	food	129.12773	35.18739
올라호텔	stay	129.19680	35.17687
올래	bar	129.14692	35.15664
올래불오뎅	food	129.13947	35.17064
올래올래노래연습장	activity	129.12415	35.18717
올레	bar	129.12500	35.17739
올리브	shop	129.17474	35.17387
올리브	shop	129.17774	35.16302
올리브	shop	129.18642	35.16652
올리브데올리브신세계센텀	shop	129.12952	35.16882
올리브식품	shop	129.14185	35.16996
올리비아로렌	shop	129.17705	35.17053
올리비아로렌반여	shop	129.13035	35.19414
올리비아로렌반여점	shop	129.12136	35.20757
올리비아하슬러	shop	129.13107	35.16985
올리비에구움과자점	food	129.12387	35.20165
올림	shop	129.12344	35.20868
올모	shop	129.12822	35.17456
올바른장터	shop	129.16235	35.22780
올바른키친	food	129.17245	35.17481
올바릇가베	cafe	129.12843	35.17400
올바릇식당	food	129.18942	35.16153
올빼미포차	food	129.20268	35.18342
올세인츠신세계	shop	129.12952	35.16882
올젠	shop	129.13107	35.16985
올젠신세계센텀시티	shop	129.12952	35.16882
올챙이	bar	129.17632	35.17099
올치베베	shop	129.12236	35.17838
올포시즌지점스토리오브라망	food	129.14482	35.15720
올포유	shop	129.17705	35.17053
옵스	food	129.16289	35.16278
옵티멈존피시카페	activity	129.17605	35.17222
옹기골식당	food	129.12803	35.19106
옹기종기땅콩빵	food	129.16216	35.16282
옹드	food	129.17229	35.16122
와	food	129.13203	35.16720
와구와구트럭	food	129.12709	35.17104
와노래연습장	activity	129.17637	35.17318
와닭꼬치	food	129.12328	35.17950
와또미	shop	129.17591	35.16854
와야노래타운	bar	129.12259	35.20752
와와골프마켓	shop	129.19985	35.18309
와와노래연습장	activity	129.12416	35.20898
와와스크린	activity	129.17666	35.16916
와와원탁가라오케	bar	129.11910	35.20114
와우	bar	129.17762	35.16833
와우	food	129.13112	35.19887
와우김밥	food	129.11859	35.19492
와우노래연습장	activity	129.14875	35.22813
와우삼겹	food	129.12680	35.18914
와이게스트하우스	stay	129.16127	35.16383
와이드앵글	shop	129.16942	35.16367
와이뷰티	shop	129.12270	35.20988
와이에스제이컴퍼니	shop	129.15243	35.22171
와이에치디이파트너	shop	129.17590	35.17244
와이제이마스크	shop	129.14621	35.15494
와이제이원	shop	129.13447	35.17173
와이제이푸드	food	129.18043	35.17053
와이즈	shop	129.14865	35.22704
와이컨셉신세계	shop	129.12829	35.16987
와인비버	shop	129.13242	35.16593
와일드앤로우	food	129.17322	35.16315
와참가자미	food	129.12822	35.17456
와펜하우스	shop	129.16233	35.16172
와플대학부산반여캠퍼스	food	129.11922	35.20257
와플대학부산벡스코캠퍼스	food	129.13270	35.16636
와플대학부산장산역캠퍼스	food	129.17768	35.16957
와플칸	food	129.17986	35.16252
왁골프신세계	shop	129.12952	35.16882
완도횟집	food	129.20521	35.18474
완뚝센텀	food	129.13346	35.16714
완뚝순두부좌동점	food	129.17386	35.17312
왈츠	shop	129.13143	35.17191
왓더버거	food	129.12647	35.17548
왓더버거	food	129.16132	35.16461
왓더버거반여점	food	129.11922	35.20257
왔따쪽갈비	food	129.17935	35.17150
왔따쪽갈비	food	129.12355	35.20794
왔소	food	129.15606	35.23126
왕새우와회사랑	food	129.12712	35.18879
왕석쇠구이	food	129.17402	35.17325
왕성푸드	shop	129.19995	35.18144
왕잡화	shop	129.17176	35.15883
왕칼국수	food	129.12596	35.18622
왕후	bar	129.17552	35.17140
외갓집분식	food	129.15240	35.22339
외식일번가	food	129.14159	35.16637
외식하는사람들	food	129.15878	35.16527
외양간	food	129.17538	35.17339
요거트글로우	food	129.16825	35.17382
요거트아이스크림의정석	food	129.17134	35.16738
요거프레소반여농산물점	cafe	129.12093	35.21593
요거프레소부산반여점	cafe	129.13082	35.19712
요거피플반여점	food	129.11894	35.19571
요기어때	activity	129.16026	35.16598
요녀석센텀점	food	129.12451	35.17516
요니통신	shop	129.13074	35.19465
요달의찜닭	food	129.17767	35.17098
요달의찜닭	food	129.15669	35.23023
요달의찜닭반여점	food	129.11756	35.20702
요리궁	food	129.16873	35.16617
요리사횟집	food	129.15486	35.23207
요미우돈교자해리단길	food	129.15738	35.16546
요미켓공방	shop	129.12315	35.18480
요시라멘	food	129.16242	35.16995
요아정부산	cafe	129.12573	35.18635
요아정부산드파인	food	129.11897	35.19709
요아정부산신세계	food	129.12829	35.16987
요아정역점	food	129.15846	35.16296
요오	cafe	129.15220	35.22389
요잔	bar	129.13124	35.19964
요정	bar	129.17632	35.17099
요커	cafe	129.12647	35.17548
요트블랑	activity	129.14196	35.15980
요트여행	activity	129.14196	35.15980
요트와	activity	129.13808	35.16249
요트위크	activity	129.14196	35.15980
요트탈래	activity	129.15207	35.15658
요트탈래	activity	129.14196	35.15980
요트투어	activity	129.13808	35.16249
요하넥스	shop	129.13107	35.16985
요한바	bar	129.17004	35.16204
욜로	bar	129.16994	35.17871
욜로그루밍펫샵	shop	129.15070	35.15973
용가리분식	food	129.13984	35.16688
용각산	food	129.17845	35.16877
용궁과월러스	food	129.19386	35.16218
용당횟집	food	129.15962	35.16445
용마반점	food	129.17870	35.16967
용빠	shop	129.19649	35.17583
용이네푸드	food	129.13089	35.19367
용이초밥장산중동점	food	129.17768	35.16967
용이푸드	food	129.17118	35.16031
용팔이장터	shop	129.15681	35.23085
용호동낙지신세계	food	129.12952	35.16882
용호동할매팥빙수	cafe	129.16994	35.17871
용화	food	129.12121	35.19212
용환이네분식	food	129.13332	35.19234
용희네	bar	129.15003	35.22372
우곱	food	129.16842	35.16465
우나쥬	food	129.18935	35.16314
우돈엠피피	shop	129.17343	35.17436
우동다함께돌봄센터	food	129.13984	35.16688
우동로또복권방	activity	129.13945	35.17073
우동정육점	shop	129.14655	35.16346
우동토오루	food	129.16627	35.16196
우디짐	activity	129.17605	35.17222
우디크	shop	129.17769	35.15659
우뚝	food	129.16067	35.16190
우뜸한우	food	129.14589	35.15402
우렁각시와꽃길직영점	food	129.17940	35.16844
우리끼리키즈카페꿈꾸는마을재송점	activity	129.11786	35.19003
우리끼리키즈카페물빛마을	activity	129.18099	35.17402
우리동네국수	food	129.12312	35.18977
우리동네노래연습장	activity	129.16258	35.22912
우리동네뒷고기	food	129.13223	35.19976
우리동네보청기	shop	129.13301	35.19845
우리동네보청기더블유청각연구소부산센터	shop	129.13301	35.19845
우리동네참치정육점부산	food	129.15917	35.16036
우리동네초장집	food	129.12471	35.20982
우리동네힐링샵	shop	129.17076	35.16966
우리들밥상	food	129.11953	35.18783
우리들약초	shop	129.13217	35.19719
우리마당알뜰장터	shop	129.16221	35.16905
우리문구팬시	shop	129.18319	35.16837
우리반찬	shop	129.16018	35.16535
우리부르미	food	129.17540	35.17072
우리분식	food	129.14798	35.22725
우리술방신세계	shop	129.12952	35.16882
우리슈퍼	shop	129.14806	35.22186
우리시스템	shop	129.12451	35.17516
우리식당	food	129.12093	35.21593
우리식당	food	129.16015	35.16396
우리약국	shop	129.16210	35.16300
우리집	food	129.18112	35.17486
우리집	stay	129.16689	35.16097
우리집	bar	129.15517	35.15983
우리집밥	food	129.15614	35.23133
우리채소	shop	129.16065	35.16585
우리충무김밥	food	129.16228	35.16128
우리콩순두부	food	129.16085	35.16055
우리할매떡볶이반여점	food	129.12382	35.20152
우마린	shop	129.15073	35.15817
우마이미세	food	129.15735	35.16533
우미	food	129.14482	35.15720
우미남본인미트	food	129.12650	35.17658
우미노나미	shop	129.15745	35.16699
우미사케횟집	food	129.13886	35.17042
우봉	food	129.14831	35.15725
우선생양꼬치	food	129.16060	35.16198
우선시	shop	129.16802	35.16133
우성돈까스	food	129.12612	35.18440
우성돈까스신도시점	food	129.17940	35.16844
우성메딕스	shop	129.13773	35.17020
우성식당	food	129.16941	35.16739
우성식당	food	129.12514	35.18745
우성식당	food	129.12658	35.19469
우성정보통신주	shop	129.16025	35.16402
우손미쭈삼이	food	129.16320	35.16453
우수리	food	129.12179	35.18471
우승	shop	129.12952	35.16882
우시야	food	129.15744	35.16473
우심줄	food	129.17561	35.17126
우아한	shop	129.16228	35.16136
우연	shop	129.17799	35.17294
우영미	shop	129.12952	35.16882
우유	shop	129.16811	35.16426
우율감사	shop	129.19876	35.17983
우이약국	shop	129.14033	35.16814
우일김치	food	129.15643	35.16893
우적	food	129.13159	35.17296
우정고기집	food	129.13909	35.17004
우정돌솥비빔밥	food	129.13246	35.16987
우정식당	food	129.12646	35.19476
우정약국	shop	129.15809	35.23232
우주디자인	shop	129.12142	35.19077
우주옥숯불한우소갈비	food	129.17348	35.17420
우진상회	shop	129.11859	35.20567
우진에스엔티홍콩반점	food	129.17495	35.17197
우쭈쭈	food	129.15431	35.15933
우창	activity	129.16680	35.17303
우하	food	129.17243	35.16774
우화	food	129.15481	35.16040
운단수산최고굴국밥	food	129.16835	35.16403
운봉낚시할인매장	shop	129.15293	35.23167
운봉마트	shop	129.14877	35.22895
운송분식	shop	129.15196	35.23316
울랄라노래연습장	activity	129.11710	35.19980
울림	shop	129.12425	35.21058
울산마리나	shop	129.15174	35.15941
웃기는짬뽕	food	129.15431	35.23030
웅비식당	food	129.16158	35.16144
웅이상회	food	129.17523	35.16312
웅장상회	food	129.16084	35.15980
웅찜이	food	129.17733	35.17907
워너블	bar	129.16526	35.16249
워너짐반여	activity	129.11723	35.20064
워너키즈	shop	129.12335	35.20346
워니네반찬	shop	129.16091	35.22894
워릭프랭클린	shop	129.14118	35.16877
워즈히어	shop	129.12909	35.16864
워킹홀리데이	food	129.16156	35.15989
원	food	129.14621	35.15494
원가네가마솥즉석두부점	shop	129.12359	35.17676
원가야밀면	food	129.20332	35.18324
원당구클럽	activity	129.12306	35.18498
원더러스트커피	cafe	129.12700	35.17463
원더풀꽈배기	food	129.15764	35.16602
원더풀꽈배기반여점	food	129.11974	35.20323
원동보리밥집	food	129.12416	35.18585
원마트	shop	129.14424	35.15933
원뿔한우참숯구이	food	129.17494	35.17370
원산생고기김치찌개	food	129.12327	35.20833
원스톱쇼핑	shop	129.14924	35.22930
원시학	cafe	129.15839	35.16628
원양낚시	shop	129.17225	35.15780
원어거스트팔월일	food	129.15939	35.16341
원온누리약국	shop	129.11992	35.20269
원유로스페셜티부산반여	cafe	129.12426	35.20914
원유로스페셜티부산해리단길점	cafe	129.15735	35.16560
원유통	shop	129.12952	35.16882
원이원유통	shop	129.12335	35.20346
원정할인매장	shop	129.15532	35.23154
원조구남집	food	129.15965	35.16152
원조돼지찌개부산집	food	129.17557	35.17046
원조벌나무복국	food	129.12517	35.20984
원조석대추어탕	food	129.12514	35.21941
원조손칼국수	food	129.17768	35.16957
원조전복죽	food	129.16658	35.16020
원조전복죽	food	129.13246	35.16987
원조지구촌암소숯불생고기	food	129.19112	35.16267
원조짜장	food	129.17117	35.16527
원조찹쌀씨앗호떡윙윙벌집아이스크림	food	129.16147	35.16083
원조할매국밥	food	129.16325	35.16203
원조할매국밥	food	129.20441	35.18191
원조할매국밥	food	129.16134	35.16331
원주식당	food	129.14954	35.22612
원카츠	food	129.12623	35.18785
원텔레콤	shop	129.11934	35.20095
원투쓰리노래연습장	activity	129.13109	35.19656
원파크골프아카데미	activity	129.11956	35.21828
원할머니보쌈중동배달점	food	129.16900	35.16602
월깍두기	food	129.20525	35.18145
월남면반	food	129.17738	35.17369
월남선생	food	129.13235	35.17223
월드	shop	129.17944	35.16739
월드튀김김밥	food	129.17454	35.17321
월림가오크통장작숙성구이	food	129.17427	35.17248
월하정인	shop	129.20268	35.18342
웨스트우드세이브존	shop	129.16124	35.16241
웰덤대게코로케	food	129.20416	35.18093
웰로	shop	129.13242	35.16593
웰미웰니스솔루션	activity	129.13100	35.17246
웰빙식당	food	129.18183	35.17430
웰빙심천식품	shop	129.15381	35.15879
웰빙아울렛	shop	129.12328	35.20784
웰짐골프앤테니스	activity	129.12643	35.17544
위너스골프	shop	129.16942	35.16367
위너위너라운지	bar	129.11924	35.20277
위니노리	activity	129.16823	35.16567
위니비니엑스더스카이점	shop	129.16811	35.16139
위대한탄생	bar	129.17575	35.17208
위드마켓	shop	129.11949	35.22369
위드위치	food	129.12367	35.18496
위드탁구클럽	activity	129.17288	35.17385
위드펫	stay	129.15311	35.15920
위드피트니스	activity	129.12541	35.17664
위뜨신세계센텀	shop	129.12909	35.16864
위로스테이	stay	129.16620	35.17090
위로스페이스	food	129.16620	35.17090
위비스지센반여점	shop	129.13041	35.19457
위숙희	food	129.15424	35.15994
위테크	activity	129.14482	35.15720
윈스크린	activity	129.17514	35.16821
윌리하우스	stay	129.15731	35.16780
윗반송복권방	activity	129.15464	35.23261
윙민박	stay	129.20055	35.18224
윙스	cafe	129.18505	35.16248
윙윙벌집아이스크림	food	129.16147	35.16083
윙크역점	shop	129.15846	35.16296
유가네닭갈비	food	129.12727	35.17572
유가네닭갈비	food	129.15978	35.16209
유가네닭갈비	food	129.12584	35.18789
유가네닭갈비	food	129.14868	35.22478
유가네아구찜	food	129.12093	35.19610
유가네짬뽕	food	129.15299	35.22364
유가솜씨	food	129.14692	35.15664
유가솜씨닭갈비	food	129.13017	35.17356
유경	bar	129.12647	35.18916
유나노래연습장	activity	129.12150	35.19194
유나패션	shop	129.12952	35.16882
유네스코짐	activity	129.19649	35.17583
유니밀면	food	129.12303	35.18603
유니버셜테이블	food	129.15450	35.16013
유니식품	shop	129.15326	35.15884
유니아시안마트	shop	129.15675	35.23193
유니온의료기	cafe	129.18183	35.17430
유니코스	shop	129.17557	35.17046
유니크조이	shop	129.16680	35.17303
유니크짐	activity	129.12451	35.17516
유람선노래연습장	activity	129.12921	35.19552
유럽풍십자수	shop	129.12882	35.19255
유로앤틱	shop	129.16942	35.16367
유로진가구	shop	129.14757	35.15799
유루유루	food	129.15756	35.16734
유명에프앤에프	shop	129.17705	35.17053
유명한꼼장어집	food	129.16179	35.16066
유미노래방	bar	129.13075	35.19671
유미아구찜	food	129.15434	35.23180
유미양행	shop	129.13808	35.16984
유민약국	shop	129.15766	35.23326
유바기쭈꾸미	food	129.17637	35.17318
유부부	food	129.17255	35.16088
유성갈비탕	food	129.12564	35.18548
유성관	food	129.12387	35.18737
유씨네분식	food	129.17491	35.16933
유앤미	shop	129.17666	35.16917
유앤아이	shop	129.11935	35.20082
유에이치스위트	stay	129.16113	35.15983
유에이치스위트렌드스케이프	stay	129.16113	35.15983
유에이치스위트하버타운	stay	129.15951	35.15969
유엔디	shop	129.12952	35.16882
유영	food	129.13143	35.20067
유옥	food	129.20497	35.18561
유월의가드니아	cafe	129.11931	35.19039
유유카츠	food	129.17402	35.17325
유이애견샵	shop	129.14800	35.22742
유일스포츠	shop	129.14886	35.22683
유정샌드위치	food	129.17767	35.17098
유종	food	129.17640	35.17087
유진	shop	129.16009	35.16129
유진골프	activity	129.12358	35.18403
유진에어시스템	shop	129.12634	35.19465
유진통상	food	129.13104	35.16574
유진한의원	shop	129.16325	35.16254
유턴	shop	129.17768	35.16957
유투	food	129.16298	35.16095
유패션	shop	129.15950	35.16529
유플렉스짐	activity	129.18112	35.17486
유한책임회사로마	food	129.17058	35.15887
유한책임회사하이모지점	shop	129.13375	35.16652
유화	food	129.14692	35.15664
유화	food	129.17387	35.17385
유희경한복	shop	129.20482	35.18216
육식사관학교	food	129.17432	35.17391
육식파	food	129.16232	35.16340
육월	food	129.18164	35.16106
육장갈비	food	129.16074	35.16048
육첩	food	129.17093	35.17157
육화목	food	129.17076	35.16966
육회는그집	food	129.16355	35.16203
육회말투아웃	food	129.17580	35.17336
육회바른연어부산	food	129.17788	35.16875
육회왕자연어공주	food	129.12272	35.20702
육회왕자연어공주부산중동점	food	129.16886	35.16487
윤가네식당	food	129.12275	35.18489
윤가네신토불이보쌈	food	129.16217	35.16283
윤강	stay	129.16218	35.16015
윤대감전통떡방	food	129.17149	35.17657
윤만두	food	129.12156	35.20581
윤미쌤의작은빵집	food	129.16814	35.17001
윤박사밀면	food	129.12680	35.18914
윤서방아구찜	food	129.11999	35.20038
윤선생부산본부	shop	129.12882	35.19255
윤성	stay	129.16658	35.16020
윤성메디칼	shop	129.18053	35.17461
윤순영패션	shop	129.16286	35.16246
윤스테이	stay	129.20512	35.18783
윤스테이	stay	129.15441	35.16847
윤슬	shop	129.13107	35.16985
윤식당차돌박이	food	129.14668	35.15480
윤진상사	shop	129.12485	35.18589
윤클라스	shop	129.12952	35.16882
율링	food	129.17059	35.15887
윰다방	cafe	129.13973	35.17493
으나수키친두번째이야기	food	129.15850	35.16528
으뜸	food	129.12335	35.20346
으뜸가	food	129.17785	35.16799
으뜸스타안경	shop	129.12843	35.17400
으뜸아이안경원	shop	129.13060	35.19582
으뜸플러스안경	shop	129.17768	35.16957
으뜸플러스안경부산	shop	129.14692	35.15664
으쓱김밥	food	129.14324	35.15482
은성	stay	129.15473	35.16847
은송	cafe	129.12415	35.18717
은실국수	food	129.13222	35.19991
은쏨	cafe	129.15580	35.16838
은재모텔	stay	129.15448	35.23232
은주네웰바	food	129.18112	35.17486
은하수	bar	129.17584	35.17091
은행나무	food	129.12979	35.22108
은화수식당	food	129.12820	35.19076
은희네집	food	129.17284	35.16277
을목당	shop	129.14757	35.15799
을지로골뱅이	bar	129.17777	35.16810
을찌로국물떡볶이	food	129.12469	35.18759
음식약국푸드팜	food	129.14853	35.15812
음주가밀	food	129.14661	35.15545
응온비엣맛있는베트남	food	129.12359	35.17676
응온비엣맛있는베트남	food	129.15643	35.16893
의령보리밥집	food	129.15695	35.16782
의령식당	food	129.15828	35.16642
의령한우국밥벡스코점	food	129.13974	35.16447
의류할인대매장	shop	129.12387	35.18815
이가네닭발	bar	129.15520	35.23243
이가네떡볶이	food	129.13369	35.17092
이가네설렁탕	food	129.16283	35.16753
이가복양곱창	food	129.11636	35.20444
이가솜씨	food	129.14580	35.15404
이가정육	shop	129.12359	35.17676
이게볶음밥	food	129.17477	35.16403
이그나잇커피로스터스	cafe	129.12397	35.20602
이너피스	stay	129.19576	35.17421
이노메싸부산	shop	129.17896	35.15657
이노센트가구	shop	129.13369	35.17092
이노스	shop	129.16986	35.16756
이노시시	bar	129.16899	35.16602
이노시시	food	129.16917	35.16700
이노유통	shop	129.14822	35.22191
이노티안경	shop	129.15721	35.23088
이대감돼지국밥	food	129.16290	35.23026
이대명과	shop	129.16134	35.16368
이대박	food	129.16294	35.16308
이대푸드항아리보쌈	food	129.16000	35.16401
이덕아이앤씨부산주	shop	129.17147	35.16640
이도비어	bar	129.13296	35.16694
이도클럽디라운지	food	129.16802	35.16133
이동수골프	shop	129.17705	35.17053
이동수에프앤지롯데	shop	129.13107	35.16985
이든	stay	129.15748	35.16751
이디야	cafe	129.11970	35.20041
이디야	cafe	129.18232	35.15831
이디야	cafe	129.16476	35.16254
이디야마린파크점	cafe	129.14424	35.15933
이디야부산	cafe	129.18232	35.15831
이디야부산벡스코역점	cafe	129.13864	35.16951
이디야센텀	cafe	129.12886	35.17383
이디야우동점	cafe	129.15654	35.16848
이디야커피	cafe	129.17060	35.16735
이디야커피반송동점	cafe	129.16011	35.22915
이디야커피부산	cafe	129.20476	35.18097
이디야커피부산센텀홈플러스	cafe	129.13369	35.17092
이디야커피부산재송동점	cafe	129.12978	35.19305
이디피	food	129.17514	35.17379
이랜드리테일홈플러스	shop	129.13369	35.17092
이랜드파크켄싱턴리조트	stay	129.15792	35.15946
이량	food	129.15213	35.22326
이레	shop	129.12937	35.19416
이레반점	food	129.11876	35.19574
이레반찬	shop	129.13909	35.17004
이레스포츠	shop	129.13769	35.16742
이레약국	shop	129.12683	35.18865
이레옥	food	129.14573	35.15436
이로롯데센텀시티	shop	129.13107	35.16985
이로리야	food	129.17565	35.17356
이로신세계백화점	shop	129.12952	35.16882
이로주택	food	129.20337	35.18398
이름난암소갈비	food	129.16726	35.16191
이리스	food	129.16394	35.16243
이마	food	129.16802	35.16133
이마트	shop	129.16737	35.16602
이마트휠라인티모	shop	129.16737	35.16602
이모네김밥	food	129.13166	35.19990
이모네밥집	food	129.14614	35.16327
이모네포차	bar	129.15006	35.22526
이미경회국수	food	129.17012	35.16736
이번코인노래연습장	activity	129.13917	35.17058
이베리코공장	food	129.17450	35.17246
이불아울렛	shop	129.15053	35.23022
이불아울렛반여점	shop	129.12890	35.19507
이비가짬뽕	food	129.17562	35.17228
이비가짬뽕석대점	food	129.12481	35.21919
이쁜이버섯전골찜전문	food	129.14935	35.22493
이삭토스트	food	129.17386	35.18067
이삭토스트	food	129.12688	35.19161
이삭토스트	food	129.15700	35.16776
이삭토스트반여점	food	129.12335	35.20346
이삭토스트부산	food	129.17940	35.16844
이상봉뷰틱	shop	129.13107	35.16985
이상컴퍼니	shop	129.18438	35.16331
이새	shop	129.13107	35.16985
이수경초밥	food	129.18112	35.17486
이스탄불	activity	129.12890	35.19507
이스턴룸	stay	129.18272	35.16229
이스트베이	stay	129.12451	35.17516
이신호속눈썹	shop	129.17666	35.16916
이실이네왕족발	food	129.17244	35.17135
이씨할매초장집	food	129.17209	35.15799
이애영꼬마김밥	food	129.11983	35.20338
이앤씨	shop	129.12952	35.16882
이앤티인터내셔널	shop	129.12639	35.18219
이에이치오맛찬들왕소금구이	food	129.15903	35.16105
이에이치육	food	129.15966	35.16182
이엑스피엔터테인먼트	shop	129.13343	35.16638
이엔씨	shop	129.13107	35.16985
이엘컴퍼니	stay	129.16339	35.16150
이엠푸드	food	129.17682	35.17287
이영희불오뎅	food	129.15942	35.22995
이온컴퍼니	shop	129.13107	35.16985
이와	food	129.15383	35.15962
이원건강의료기동	shop	129.15990	35.16448
이원건강의료기백병원점	shop	129.18217	35.17326
이유있는감자탕	food	129.17463	35.16900
이음갤러리	shop	129.12597	35.20762
이정식당	food	129.17856	35.18233
이정호피자	food	129.12934	35.19504
이제이뷰테이먼트	shop	129.13246	35.16987
이조수산	shop	129.17370	35.16118
이주슈퍼	shop	129.12197	35.18843
이지스	shop	129.19706	35.17722
이지에디	food	129.15279	35.16036
이지커피	cafe	129.16018	35.16535
이지케이버거킹우동점	food	129.14122	35.16328
이지핏반여스튜디오	activity	129.11856	35.19542
이진숯불갈비	food	129.15004	35.22952
이차돌신도시점	food	129.17549	35.17322
이채원	bar	129.17617	35.17122
이치류	food	129.14686	35.15600
이카	food	129.15665	35.16064
이코노미	stay	129.15908	35.16228
이퀄	food	129.12135	35.18931
이클로	shop	129.14869	35.22779
이클로	shop	129.12162	35.20589
이탈로모토	shop	129.12757	35.17782
이태리부대찌개부산	food	129.12643	35.17544
이태리상점	food	129.15169	35.15894
이태리식탁	food	129.15744	35.16473
이태원판자집	food	129.15972	35.16142
이팔곱창	food	129.16316	35.16342
이프바인	shop	129.16588	35.16228
이피씨	cafe	129.17767	35.17098
이하나플라워디자인	shop	129.16395	35.16102
이화도화	bar	129.12599	35.18753
이화전기조명	shop	129.12367	35.18658
익선재	cafe	129.18473	35.16339
익우유통	shop	129.16247	35.16074
익투스	shop	129.16145	35.16251
인뉴욕	shop	129.12554	35.18568
인더스트릿	shop	129.15777	35.16450
인덕상회	shop	129.15912	35.16512
인디고뱅크키즈	shop	129.17705	35.17053
인디안상설	shop	129.15517	35.16188
인디안아울렛	shop	129.14809	35.23049
인베이젼	activity	129.14352	35.17270
인생과자점	food	129.17062	35.16061
인생꼬치	food	129.16225	35.16163
인생설렁탕부산반여점	food	129.11897	35.19752
인생아구찜	food	129.17568	35.16184
인생은달짝지근	shop	129.16236	35.16146
인샤인모바일	shop	129.13093	35.19562
인세옷방	shop	129.12416	35.18585
인셀덤신	shop	129.17638	35.16151
인스타	bar	129.15431	35.15933
인스토리	food	129.17408	35.17462
인시스템	shop	129.12608	35.18416
인앤아웃짐	activity	129.16874	35.16617
인얼스커피	cafe	129.19718	35.17743
인정상사	food	129.12236	35.17838
인제약국	shop	129.15183	35.23088
인제온누리약국	shop	129.18183	35.17430
인조이	shop	129.15783	35.16777
인터	shop	129.14757	35.15799
인터코스지점	cafe	129.16690	35.17360
인트로	bar	129.16339	35.16150
인트로케이크	food	129.18505	35.16958
인퍼니스부산	shop	129.17167	35.16184
인화칼국수	food	129.15456	35.23145
인화칼국수	food	129.12601	35.18854
일곱시	bar	129.17841	35.16796
일공일일공이	food	129.12451	35.17516
일광반점	food	129.17306	35.16242
일광산곰장어	food	129.17525	35.17333
일광수림원	food	129.12639	35.18219
일광수산횟집	food	129.15540	35.16046
일니도	food	129.14686	35.15600
일등미역국	food	129.18505	35.16958
일등소갈빗살	food	129.17818	35.16828
일로딜로	shop	129.17705	35.17053
일로와스테이	stay	129.17163	35.15868
일로이풀빌라	stay	129.19724	35.17004
일리아나플라워	shop	129.12451	35.17516
일리코	shop	129.17986	35.16252
일마노테일러	shop	129.13159	35.17296
일미김밥	food	129.13909	35.17004
일미리금계찜닭	food	129.17244	35.17135
일미리금계찜닭	food	129.15519	35.16279
일미밀면	food	129.14912	35.22741
일미왕족발	food	129.14999	35.22377
일미정	food	129.20227	35.18472
일번	food	129.19010	35.16016
일번가당구장	activity	129.12314	35.18776
일번지스토아	shop	129.13196	35.19603
일번지자갈치산곰장어	food	129.16205	35.16104
일번피티	activity	129.17788	35.16875
일삼이아이스크림할인점	shop	129.17103	35.16607
일송정식당	food	129.12418	35.18665
일신약국	shop	129.18319	35.16837
일연	stay	129.20374	35.18110
일우갈비	food	129.17826	35.16817
일월육일	bar	129.17624	35.17110
일일항아리반찬	shop	129.11869	35.19936
일진스포츠	shop	129.13037	35.19545
일차로푸짐한집	food	129.13150	35.19897
일층약국	shop	129.17574	35.16880
일품대패	food	129.17777	35.16810
일품한우	food	129.15943	35.16026
일풍	food	129.11931	35.19039
일화탑물류	shop	129.15598	35.23158
입꼬벗꼬	shop	129.13116	35.19375
입맛돌개	shop	129.17803	35.16851
잇시	food	129.17311	35.16186
잉글리쉬샵	shop	129.12933	35.18777
잉크닥터	shop	129.15381	35.15879
잉크뱅크	shop	129.17329	35.17271
잉크팩토리	shop	129.12472	35.20547
자갈치곰장어	food	129.17446	35.17306
자다앤가다	stay	129.16381	35.16175
자담치킨	food	129.15887	35.22977
자라모텔	stay	129.12245	35.18385
자매밥집	food	129.18642	35.16652
자매방	shop	129.15625	35.23096
자매선술집	bar	129.13026	35.19731
자무카	food	129.15710	35.16056
자미당	food	129.15692	35.23081
자미당	food	129.17446	35.17353
자연愛두피스켈프	shop	129.17750	35.16850
자연농원	shop	129.12541	35.21861
자연드림부산좌동점	shop	129.17649	35.17409
자연에	shop	129.13909	35.17004
자연에서온죽	food	129.14985	35.15751
자연원목가구	shop	129.20027	35.18332
자인약국	shop	129.14863	35.22655
자전거	bar	129.17552	35.17140
자주	shop	129.16737	35.16602
작업소	food	129.17935	35.17150
작업소한우	food	129.17935	35.17150
작은언니네가구점	shop	129.18196	35.15757
작은창큰풍경	cafe	129.18534	35.16348
잔비어스	bar	129.13075	35.19671
잔치집	food	129.16642	35.17146
잔티	shop	129.20245	35.18622
잘생긴소	food	129.14873	35.22760
잘트피트니스	activity	129.17568	35.16108
잠뱅이	shop	129.17705	35.17053
장	food	129.13288	35.19902
장고개	food	129.12179	35.18471
장군고래	food	129.17738	35.16787
장군호떡	food	129.17768	35.16957
장금이국수	food	129.14250	35.15519
장독간손두부	shop	129.15950	35.16712
장독대	food	129.17767	35.17098
장독대	food	129.17518	35.17177
장독대	shop	129.12929	35.19614
장독대반찬	food	129.16132	35.16461
장독장반찬	food	129.16018	35.16535
장돌뱅이부산오뎅	bar	129.12643	35.17544
장마담반송	shop	129.15995	35.22922
장마당	shop	129.13060	35.19389
장마루손칼국수	food	129.13046	35.19605
장모족발	food	129.17678	35.17129
장미	bar	129.17552	35.17140
장미라사에디션부산	shop	129.16469	35.16093
장밋빛복권방	activity	129.14803	35.22646
장박사양곱창	food	129.12843	35.17400
장보고수산센터	food	129.12605	35.18545
장빙수백병원점	cafe	129.18183	35.17430
장산	food	129.12796	35.18981
장산건강생활	shop	129.17601	35.17144
장산골	bar	129.13299	35.19973
장산골	food	129.12181	35.20681
장산국밥	food	129.11887	35.19528
장산국밥	food	129.13320	35.19170
장산국수	food	129.12856	35.19083
장산기원	activity	129.13139	35.19829
장산길행복마을센터	cafe	129.14786	35.22480
장산김밥	food	129.11862	35.19923
장산꼬마김밥	food	129.17768	35.16957
장산나팔꽃	bar	129.17841	35.16796
장산낚시	shop	129.12643	35.18169
장산노래연습장	activity	129.13091	35.19772
장산당구클럽	activity	129.17601	35.17144
장산두배로마트	shop	129.17489	35.16939
장산떡집	food	129.12442	35.20829
장산면옥	food	129.17222	35.16766
장산명가	food	129.11914	35.19912
장산밀면	food	129.11961	35.20151
장산복권방	activity	129.12091	35.19012
장산불교사	shop	129.17271	35.16191
장산빅마트	shop	129.13342	35.19291
장산소고기국밥	food	129.17766	35.17097
장산쇼핑	shop	129.12643	35.18169
장산수육	food	129.17528	35.17816
장산수제왕돈까스	food	129.17768	35.16957
장산스시	food	129.16688	35.17735
장산스크린	activity	129.11712	35.19948
장산식당	food	129.15526	35.23251
장산약국	shop	129.12174	35.20590
장산약국	shop	129.17506	35.17762
장산왕뼈감자탕	food	129.17575	35.17208
장산왕족발	food	129.16887	35.16863
장산의료기	shop	129.17311	35.16186
장산의밤	food	129.17602	35.17309
장산일등약국	shop	129.17666	35.16917
장산장터	shop	129.16792	35.17274
장산정식	food	129.17767	35.17098
장산주막	bar	129.16994	35.17871
장산타이테라피	shop	129.17562	35.17228
장산홍가	food	129.17245	35.17481
장산횟집	food	129.12968	35.19614
장산휘트니스클럽	activity	129.13546	35.20123
장성	shop	129.13269	35.19915
장수김밥	food	129.13842	35.16947
장수식당	food	129.12970	35.19746
장수식당	food	129.15615	35.23311
장수식물원	shop	129.12843	35.21762
장수아구찜	food	129.14985	35.22534
장수오리마을	food	129.12579	35.18419
장수통닭	food	129.12331	35.18988
장수통닭	bar	129.16238	35.16309
장어나라	food	129.19353	35.16123
장어랑곰장어나라	food	129.16235	35.22780
장어하우스	food	129.12610	35.18954
장우동	food	129.13601	35.16906
장우동분식	food	129.17767	35.17098
장원족발	food	129.12182	35.20569
장윤정노래방	bar	129.13080	35.19701
장인더	food	129.15799	35.16602
장일주택폭시호텔	stay	129.15832	35.16123
장퀘	food	129.17070	35.16585
장프로바이크	shop	129.17360	35.17215
장효열	stay	129.13282	35.16781
재경상회	shop	129.13099	35.19065
재나컴퍼니	food	129.17630	35.17185
재반로슈퍼	shop	129.13095	35.19577
재벌김밥	food	129.12451	35.17516
재벌청과	shop	129.16994	35.17871
재성밀면	food	129.17086	35.16064
재성밀면	food	129.13061	35.19602
재송고려삼계탕	food	129.12671	35.18241
재송과일	shop	129.12443	35.18588
재송다찌	food	129.12314	35.18776
재송대패	food	129.12800	35.19192
재송시장떡방앗간	food	129.12367	35.18658
재송쌍방울	shop	129.12367	35.18658
재송약국	shop	129.12583	35.18602
재송역점비비큐	food	129.11931	35.19039
재송유통	shop	129.13099	35.19065
재송튀김	food	129.12496	35.18606
재송포밥상	food	129.12730	35.19004
재송회센타	food	129.12389	35.18604
재송힐	stay	129.12277	35.18401
재아명품	shop	129.16172	35.16454
재우상사	shop	129.16680	35.17303
재주가아까워차린식탁	food	129.14757	35.15799
재첩마을섬진강	food	129.17303	35.17170
재키인뉴욕	shop	129.16942	35.16367
재현문고	shop	129.12829	35.16987
재활용	shop	129.14676	35.22728
재활용센타	shop	129.12537	35.19460
재활용센타	shop	129.14778	35.22744
잭니클라우스롯데	shop	129.13107	35.16985
잰스케이크	food	129.17750	35.16850
잼민이	bar	129.16802	35.16133
쟁반노래연습장	activity	129.15370	35.15968
쟁반노래주점	bar	129.15370	35.15968
저스트칠링	food	129.20322	35.18179
저스트플레이짐	activity	129.17768	35.16957
전기조명할인마트	shop	129.14688	35.22753
전남친순대	food	129.17552	35.17140
전샘핸드메이드	shop	129.15804	35.16557
전설의우대갈비직영점	food	129.16156	35.15989
전스타	food	129.16262	35.16166
전자담배베이프미장산역점	shop	129.17738	35.16787
전자담배베이프큐장산점	shop	129.17834	35.16807
전자담배성지부산	shop	129.16236	35.16263
전주남문토종순대국	food	129.14692	35.15664
전주남문토종순대국	food	129.12643	35.17544
전주명가콩나물국밥	food	129.17527	35.16967
전주식품	shop	129.12921	35.19552
전통가구	shop	129.14757	35.15799
전통다담티카페	food	129.15861	35.16566
전통충무할매김밥	food	129.16942	35.16367
전통콩나물해장국	food	129.17489	35.16939
전해라횟집	food	129.14863	35.22568
점례네한우	food	129.17268	35.16763
점핑다이어트	shop	129.12596	35.18622
점핑온스포츠파크주	activity	129.17495	35.17197
점핑플레이	activity	129.18253	35.16848
젓가락질잘해야만밥을먹나요	food	129.16814	35.17001
정	food	129.12394	35.20688
정가네양곱창	food	129.17482	35.17428
정가네양곱창좌동점	food	129.17474	35.17387
정가네장터	shop	129.15995	35.22922
정가대박집	food	129.14692	35.15664
정계진출	food	129.15761	35.16239
정관장	shop	129.14778	35.22555
정관장	shop	129.16873	35.16617
정관장반여점	shop	129.12368	35.20112
정관장홍삼우동점	shop	129.15731	35.16317
정글방방	activity	129.11964	35.20362
정글비	cafe	129.17666	35.16916
정금보석	shop	129.12541	35.18721
정다운온누리약국	shop	129.12573	35.18635
정담생고기	food	129.12822	35.17456
정담시니어주간보호센터	shop	129.14519	35.16786
정담식당	food	129.12451	35.17516
정담약국	shop	129.11570	35.19659
정담정육점	shop	129.12311	35.19717
정동진아구찜	food	129.12473	35.18110
정드림흑염소부산	food	129.17332	35.17332
정든감자탕	food	129.17244	35.17135
정메디컬	shop	129.12451	35.18383
정문	food	129.14636	35.16280
정문문구	shop	129.12780	35.18536
정문밥상	food	129.15174	35.15941
정분식	food	129.15642	35.23147
정석사	shop	129.17768	35.16957
정석아이앤디	shop	129.12700	35.17463
정석집	food	129.17451	35.17396
정석텔레콤	shop	129.12648	35.18888
정석푸드	food	129.17400	35.16293
정석피트니스	activity	129.12683	35.18865
정석피트니스반여점	activity	129.11888	35.19896
정석피티	activity	129.17602	35.17797
정선헬스	activity	129.12756	35.18514
정성	shop	129.12978	35.19305
정성상회	shop	129.12179	35.20654
정성소갈비찜	food	129.14692	35.15664
정성순대	food	129.13100	35.17246
정성식당	food	129.18739	35.16179
정성찬부산	bar	129.12274	35.18597
정성초밥	food	129.11729	35.19604
정수연토탈뷰티	shop	129.17666	35.16916
정스포츠	shop	129.17737	35.17667
정식당	food	129.17336	35.16253
정아구찜	food	129.17767	35.17098
정아식당	food	129.12607	35.19460
정약국	shop	129.12201	35.20607
정오뎅집	bar	129.17767	35.17098
정월당치킨	food	129.16918	35.16700
정월당치킨센텀월드마크점	food	129.13143	35.17191
정육점	shop	129.11741	35.19934
정육점요리사	shop	129.18322	35.16855
정은이네김치가게	shop	129.13222	35.19991
정이네호떡	food	129.14935	35.22484
정인	shop	129.15650	35.23155
정일횟집	food	129.11957	35.19520
정자네식당	food	129.13984	35.16688
정직유부	food	129.12359	35.17676
정직유부	food	129.13143	35.17191
정직유부좌동점	food	129.17855	35.16969
정칼국수	food	129.11856	35.19542
정하캘리갤러리	shop	129.18166	35.15899
정하현	food	129.13917	35.17058
정항우케익영산대역점	food	129.14616	35.22561
정현	activity	129.14638	35.22244
정현식품	shop	129.12662	35.20648
정희해리단길점	food	129.15721	35.16398
제나키즈	shop	129.12952	35.16882
제네바센텀	shop	129.12909	35.16864
제니스호	activity	129.20557	35.18732
제러브플라워	shop	129.11698	35.20880
제로그램은성	shop	129.12829	35.16987
제로모바일	shop	129.13213	35.19366
제로스토어역점	shop	129.16062	35.16352
제로스토어장산역점	shop	129.17767	35.16968
제리	bar	129.17552	35.17140
제비레도	shop	129.16794	35.16460
제스터	food	129.15822	35.16502
제우스	bar	129.14692	35.15664
제우스	bar	129.12213	35.18571
제우스노래연습장	activity	129.12213	35.18571
제우스모텔	stay	129.12213	35.18571
제이	shop	129.17774	35.16302
제이당구클럽	activity	129.13110	35.19665
제이더블유믹스매니저	shop	129.16841	35.16540
제이더블유스포츠	shop	129.13107	35.16985
제이델링	food	129.16010	35.16672
제이드	shop	129.13143	35.17191
제이디에스셀프케어센타	shop	129.17436	35.17278
제이레지던스	stay	129.13282	35.16781
제이린드버그신세계	shop	129.12952	35.16882
제이마치아뜰리에	shop	129.17066	35.16071
제이비그룹	stay	129.15805	35.16170
제이비디자인호텔	stay	129.15808	35.16173
제이비컴퍼니	shop	129.16893	35.16845
제이사	shop	129.17957	35.15684
제이사워도우	food	129.18245	35.17543
제이슈즈	shop	129.12470	35.18588
제이썬호스텔	stay	129.15700	35.16385
제이씨컴퍼니	food	129.17276	35.16220
제이알	food	129.16281	35.16289
제이앤제이당구장	activity	129.15559	35.23224
제이앤케이컴퍼니뉴시즈레지던스	stay	129.15690	35.16011
제이앤케이컴퍼니지점	stay	129.15695	35.16013
제이앤티	shop	129.16234	35.16185
제이앤피수영장	activity	129.13152	35.16784
제이에스디	shop	129.13107	35.16985
제이에스에프엔비본가	food	129.16871	35.16797
제이에스엘컴퍼니	stay	129.20534	35.18128
제이에스주얼리	shop	129.12952	35.16882
제이에스퍼스트	stay	129.15424	35.15949
제이에이치윌	shop	129.13107	35.16985
제이에이치한바구니	shop	129.17855	35.16969
제이에이치한바구니반여점	shop	129.11945	35.20107
제이엔제이뮤직스튜디오	activity	129.16917	35.16700
제이엠제이컴퍼니	shop	129.15243	35.22171
제이엠헬스케어	shop	129.13130	35.16810
제이오커스텀	shop	129.14661	35.15545
제이오플로르	shop	129.16942	35.16367
제이와이디자인	shop	129.13159	35.17296
제이유	shop	129.17774	35.16302
제이제서비스	shop	129.20632	35.19481
제이제이가리비	food	129.19369	35.16118
제이제이골프	shop	129.12643	35.17544
제이제이농산	shop	129.15893	35.23295
제이제이지고트	shop	129.12952	35.16882
제이제이지고트롯데백화점	shop	129.13107	35.16985
제이제이텔레콤	shop	129.15688	35.16802
제이컬렉티브	shop	129.12518	35.21041
제이코코	shop	129.16236	35.16263
제이티에프앤디	cafe	129.16032	35.16224
제이하우스	stay	129.16078	35.16229
제일곱창	food	129.14925	35.22461
제일공조시스템	shop	129.15707	35.23246
제일당구장	activity	129.16010	35.16672
제일떡방앗간	food	129.12454	35.18589
제일시계점	shop	129.13166	35.19990
제일싼집	shop	129.13161	35.19983
제일약국	shop	129.17030	35.17363
제일전기	shop	129.14849	35.22795
제일초장집	food	129.17289	35.15758
제일칼국수	food	129.17715	35.17371
제임스딘	shop	129.15638	35.23141
제주곁부산혼술바	bar	129.16211	35.16328
제주대패랑옛날갈비	food	129.13078	35.19691
제주돈홍돼지	food	129.11866	35.19565
제주송치비	food	129.17113	35.16634
제주스	cafe	129.17705	35.17053
제주스백병원점	cafe	129.18217	35.17326
제주스센텀	cafe	129.13369	35.17092
제주안방갈비	food	129.13059	35.20052
제주연잎	food	129.19599	35.17662
제주옥탑	food	129.16002	35.16261
제주이마이가본점	food	129.17045	35.16744
제주항통갈치	food	129.16102	35.16039
제줏집마농갈비	food	129.16942	35.16367
제트보드	shop	129.15548	35.16291
제현모돈까스	food	129.12959	35.19241
젠	activity	129.12721	35.18823
젠닌	bar	129.16212	35.16238
젠스시	food	129.17147	35.17084
젠푸드히노아지롯데백화점	food	129.13107	35.16985
젤라또부	food	129.15708	35.16479
젤라또부	food	129.16013	35.16170
젤라또조이	food	129.17066	35.15972
젤라띠젤라띠부산	food	129.12829	35.16987
젤라월드	shop	129.12254	35.20865
젤리킴	shop	129.13017	35.19684
젬누리	shop	129.17666	35.16917
젬스톤부산	cafe	129.19754	35.17140
젬스톤피트니스	activity	129.17562	35.17228
조가온이루아호텔	stay	129.16689	35.16097
조개구남	food	129.16140	35.16012
조개뷰본점	food	129.19386	35.16218
조교수포차	food	129.15416	35.16049
조기춘과일	shop	129.13095	35.19996
조르지오아르마니신세계센텀	shop	129.12952	35.16882
조마루감자탕	food	129.17617	35.17122
조방낙지	food	129.16637	35.17122
조방낙지	food	129.13073	35.19661
조블랙	food	129.14327	35.15908
조새호	food	129.16658	35.16020
조선대가곰탕미포점	food	129.17118	35.16031
조선대패반여점	food	129.11841	35.19420
조선대패좌동점	food	129.17563	35.17296
조선돼지국밥	food	129.17349	35.16258
조선의대패	food	129.18232	35.17090
조선정육	shop	129.18253	35.16848
조선호텔앤리조트그랜드조선부산조선델리	food	129.16313	35.16007
조선호텔앤리조트부산	stay	129.15404	35.15599
조선호텔앤리조트부산조선델리	food	129.15404	35.15599
조성호정형외과	shop	129.12125	35.18908
조슈아커피	cafe	129.17405	35.17932
조엔	shop	129.17799	35.17294
조용자돈까스	food	129.13142	35.18853
조은보석	shop	129.11976	35.20298
조은신발	shop	129.16285	35.16225
조은오리	food	129.15759	35.23033
조은푸드	food	129.16253	35.16852
조은헬스케어	shop	129.16805	35.16722
조은희	stay	129.15846	35.16296
조이박꽃도새기	food	129.11759	35.19781
조이웰니스	shop	129.13346	35.16714
조코만삼겹떡볶이센텀	food	129.12174	35.19044
조코치의수영교실	activity	129.12325	35.18962
조타코마린	food	129.13046	35.17322
조한호스시	food	129.17504	35.17476
조현화랑	heritage	129.17956	35.15685
조현화랑	shop	129.16425	35.16093
조현화랑주	shop	129.17957	35.15684
족발보쌈삼다진족	food	129.16394	35.16379
족발신선생	food	129.17592	35.17080
족발신선생부산	food	129.12209	35.18490
족발이간다	food	129.17576	35.17103
종가떡방	food	129.11876	35.19574
종갓집막창	bar	129.15100	35.22275
종근당약국	shop	129.15852	35.22991
종로떡집	food	129.17454	35.17321
종로명가떡집	food	129.12359	35.17676
종점과일	shop	129.13206	35.19994
종하식당	food	129.12288	35.20691
종합화장품	shop	129.11753	35.19936
좋다횟집	shop	129.17481	35.17321
좋은사람들	shop	129.13369	35.17092
좋은수드림	shop	129.13221	35.19840
좋은숨홈플러스반여점	shop	129.11570	35.19659
좋은스테이	stay	129.15538	35.16318
좋은친구들의푸드스토리	food	129.13165	35.19166
좋은친구들의푸드스토리	food	129.13984	35.16688
좋은펫	shop	129.17845	35.16877
좌동수제왕돈가스	food	129.17386	35.18067
좌동온누리약국	shop	129.17539	35.17282
좌동재래시장	shop	129.17450	35.17311
좌동축산정육	shop	129.17394	35.17376
주남로	bar	129.15907	35.16261
주당클럽	bar	129.12469	35.18759
주드리꽃방	shop	129.16917	35.16700
주란유통	shop	129.13107	35.16985
주력발전소	bar	129.16281	35.16289
주막집	food	129.15578	35.23192
주몽	bar	129.16263	35.16372
주안상	bar	129.17589	35.17319
주억	bar	129.15596	35.15971
주얼리젬스	shop	129.15846	35.16296
주연	bar	129.18178	35.16099
주원	food	129.12157	35.20185
주원미주점	food	129.12008	35.21924
주인장마음대로	food	129.17280	35.17414
주정	food	129.14661	35.15545
주주랩	shop	129.12886	35.17383
주주분식	food	129.12755	35.19522
주크	shop	129.12952	35.16882
주크롯데센텀	shop	129.13107	35.16985
주현	bar	129.12317	35.18710
죽도공원	nature	129.20613	35.17996
죽서루	food	129.16917	35.16700
죽이랑빵이랑	food	129.12971	35.19628
죽이야기백병원점	food	129.18217	35.17326
죽이야기신도시점	food	129.17768	35.16957
준케이모바일	shop	129.11968	35.20312
준파트너스	shop	129.12643	35.17544
준푸드	food	129.18114	35.17562
준호슈퍼	shop	129.15988	35.16646
중고명품	shop	129.15389	35.16062
중고명품다올	shop	129.17666	35.16916
중국관반점	food	129.12662	35.19486
중동양꼬지	food	129.17233	35.16260
중리수산	shop	129.12243	35.20784
중식궁	food	129.15775	35.16649
중식당장가	food	129.11912	35.19499
중앙수산	food	129.20500	35.18110
중앙침구	shop	129.17454	35.17321
중앙횟집	food	129.20500	35.18110
중일슈퍼	shop	129.16764	35.16285
중화반점	food	129.13886	35.17042
쥬가정효	food	129.15915	35.16503
쥬네스에스테틱	shop	129.16942	35.16367
쥬스	shop	129.17768	35.16957
쥬시쥬디	shop	129.12952	35.16882
쥬시쥬디	shop	129.13107	35.16985
쥬시쥬디롯데백화점	shop	129.13107	35.16985
즐거운집반찬	shop	129.17386	35.18067
지구촌노래연습장	activity	129.14954	35.22429
지그재그아트센터	heritage	129.16801	35.16133
지글	food	129.14692	35.15664
지금아이엠하우스펜션	stay	129.15769	35.16156
지노스	food	129.16658	35.16020
지니베이커리	food	129.13917	35.17058
지니베이커리벡스코점	food	129.13296	35.16694
지니아이스	shop	129.20602	35.19242
지니아이스센트럴점	shop	129.17068	35.17571
지니커피공방	cafe	129.12506	35.18649
지니프레쉬	cafe	129.16065	35.16585
지대방	shop	129.13001	35.19686
지디알골프아카데미	activity	129.17733	35.16218
지디알골프아카데미중동점	activity	129.17135	35.16715
지리산약국	shop	129.13129	35.19997
지리산웰빙	shop	129.12389	35.20872
지리산한우로스구이	food	129.14692	35.15664
지마트마린점	shop	129.14482	35.15720
지비엠	shop	129.13296	35.16694
지성근약국	shop	129.12984	35.19611
지센반여점	shop	129.13041	35.19457
지아띠부산	shop	129.18167	35.15726
지아언더웨어	shop	129.11910	35.20114
지알엠시티	shop	129.12844	35.17206
지앤지더피아노	shop	129.13270	35.16636
지앤케이갤러리	shop	129.14757	35.15799
지에스더프레시	shop	129.17136	35.17650
지에스라비드아틀란호텔	stay	129.16149	35.16113
지에스랜드부산	shop	129.12416	35.18704
지에이치자연건강센터	shop	129.17828	35.16899
지에프푸드	food	129.20500	35.19154
지엑스팩토리	activity	129.17700	35.17347
지엔	stay	129.16689	35.16097
지예공방	shop	129.15154	35.23088
지오골프클럽	activity	129.17803	35.16851
지오다노	shop	129.12952	35.16882
지오엠	shop	129.13282	35.16781
지옥도혼술바	bar	129.16203	35.16310
지우에프앤비	bar	129.17528	35.17816
지우유통	shop	129.12952	35.16882
지은메디칼	shop	129.18112	35.17486
지은파라다이스화이트리에	food	129.14482	35.15720
지이케이메디	shop	129.16698	35.16751
지이크	shop	129.12952	35.16882
지이크롯데센텀	shop	129.13107	35.16985
지중해	food	129.12250	35.18462
지지글로벌	shop	129.16737	35.16602
지지피엑스	shop	129.17705	35.17053
지컷신세계	shop	129.12952	35.16882
지컷신세계센텀	shop	129.12909	35.16864
지코바	food	129.19983	35.18161
지코바반송	food	129.15608	35.23201
지코바숯불양념치킨	food	129.11892	35.19918
지코바숯불양념치킨	food	129.13958	35.16911
지코바숯불치킨	food	129.12740	35.19016
지코바숯불치킨반여	food	129.13262	35.19850
지코바양념치킨	food	129.17514	35.17379
지코바양념치킨해운	food	129.17596	35.16135
지코바역점	food	129.15846	35.16296
지평대로	shop	129.17574	35.16880
지평파트너스올드머그	cafe	129.19701	35.17032
지현갤러리전통공예	shop	129.14424	35.15933
지홈트앤케어	activity	129.16841	35.16540
직진	food	129.17128	35.17258
직천빵	shop	129.13161	35.19983
진	bar	129.15571	35.15975
진경포차	bar	129.12697	35.18919
진국	food	129.16736	35.16124
진노래연습장	activity	129.12387	35.18782
진도상회	shop	129.12856	35.19557
진돼지국밥	food	129.15512	35.22978
진만두가	food	129.15737	35.23106
진만두가	food	129.17940	35.16844
진만두가	food	129.11862	35.19923
진만두가	food	129.20427	35.18197
진미각	food	129.17128	35.17258
진미낙지마을	food	129.12103	35.18990
진미떡방앗간	food	129.16235	35.16198
진미반찬	shop	129.13185	35.19997
진미식당	bar	129.16065	35.16585
진미족발	food	129.20200	35.18328
진반찬	shop	129.14946	35.22636
진본명태탕	food	129.13143	35.17191
진빼이	shop	129.14870	35.22791
진선미	cafe	129.12410	35.18742
진성	food	129.15589	35.16926
진소문난칼국수	food	129.12650	35.17658
진시황	food	129.12594	35.18877
진심건강기능연구소	shop	129.14621	35.15494
진심피트니스	activity	129.17353	35.16063
진아보세	shop	129.14868	35.22633
진아분식	food	129.15035	35.22478
진악세사리	shop	129.15670	35.23077
진약국	shop	129.13047	35.19510
진양유통	shop	129.12640	35.18649
진영반점	food	129.12722	35.19477
진영수산	shop	129.12647	35.18974
진영수퍼	shop	129.15250	35.22015
진영푸드피자헛신도시점주	food	129.18257	35.16867
진우동	food	129.12080	35.18986
진우린	food	129.16319	35.16176
진원집	food	129.12246	35.21008
진유통	food	129.13354	35.19247
진유통	shop	129.17066	35.16071
진이구제품	shop	129.16023	35.16562
진이네옷방	shop	129.12829	35.16987
진주더샾	shop	129.12335	35.20346
진주떡집	food	129.17767	35.17098
진주상회	shop	129.20593	35.18861
진주아구찜	food	129.13056	35.19889
진주육전밀면	food	129.12246	35.20733
진주추어탕	food	129.12197	35.20810
진주케이크	food	129.14762	35.16344
진주횟집	food	129.17372	35.17399
진진슈퍼	shop	129.14741	35.22605
진짜베이	food	129.13005	35.19214
진텔레콤	shop	129.12342	35.20849
진푸드	food	129.12844	35.17206
짐보리	activity	129.14692	35.15664
집	bar	129.15431	35.15933
집밥	food	129.16357	35.16314
집밥이좋다	food	129.13107	35.16985
집밥좌동점	food	129.17866	35.16411
집밥파는집	food	129.16117	35.16190
집밥한식뷔페	food	129.16588	35.16228
집부산포	food	129.15452	35.15951
집수리통베스트홈케어	shop	129.16811	35.16426
집으로낙곱새	food	129.17349	35.17084
집티티카카	bar	129.15452	35.15951
짚신매운갈비찜	food	129.12650	35.17658
짜글이대가	food	129.17244	35.17135
짜야분식	food	129.12740	35.19449
짜장나라	food	129.14957	35.22481
짠	bar	129.14929	35.22389
짬뽕관	food	129.17575	35.17208
짬뽕애	food	129.13339	35.20033
짬뽕여빈본점	food	129.15073	35.15817
짱	activity	129.17469	35.17407
짱	cafe	129.12532	35.18668
짱구	bar	129.15370	35.15968
짱구네	food	129.14906	35.22517
짱노래방	bar	129.16000	35.16401
짱노래연습장	activity	129.16270	35.16683
짱떡볶기	food	129.16254	35.16751
짱탁구장	activity	129.15985	35.16193
짱탁구장	activity	129.20173	35.18402
짱탁구장	activity	129.17785	35.16799
쫀맥	food	129.16196	35.16133
쭈꾸미	food	129.17885	35.16816
쭈낙집	food	129.16228	35.16363
쭈모	food	129.12643	35.17544
쭈오쭈오연탄구이	food	129.11906	35.19459
쭈쭈방	shop	129.12277	35.19058
쭌돈	food	129.17617	35.17122
쭌이네야채과일	shop	129.13168	35.19972
찐김해뒷고기	food	129.11961	35.20151
찐도리도리	food	129.12367	35.18658
찐불이찐숯불두마리치킨	food	129.17762	35.16833
찐스시	food	129.17501	35.16339
찐이야숯불두마리치킨	food	129.17505	35.17405
찐이야숯불치킨	food	129.12387	35.20165
찜대장	food	129.17679	35.17404
찜해요	food	129.17803	35.16851
찢었다김치찜	food	129.17767	35.17098
차경	food	129.17499	35.15858
차경원	shop	129.14757	35.15799
차밭골돌솥감자탕	food	129.12185	35.20666
차성돼지국밥	food	129.16825	35.17382
차여사네김치	shop	129.12921	35.19681
차이밍	food	129.12650	35.17658
차이풍	food	129.12328	35.20784
차차온족발	food	129.16196	35.16133
차키분실자동차키스마트키제작차문잠김출장열쇠	shop	129.12329	35.20930
착한고깃간	shop	129.11935	35.20082
착한까스	food	129.12643	35.17544
착한돼지	food	129.14845	35.22780
착한샴푸	shop	129.13346	35.16714
착한수산꽃새우대게	food	129.16281	35.16185
착한식당	food	129.12093	35.21593
착한월드푸드	food	129.18043	35.17053
착한장어구이	food	129.19492	35.16301
착한전복	food	129.17282	35.17102
착한족발	food	129.13077	35.19384
착한집밥	food	129.13601	35.16906
착한집밥	food	129.12559	35.19419
착한폰가게	shop	129.15638	35.23166
착한횟집	food	129.19492	35.16301
찬돌이네떡갈비	food	129.15691	35.23067
찬스	bar	129.16486	35.16278
찬스반찬좌동	food	129.17656	35.17234
찰칵이상자	shop	129.12211	35.18785
참가자미집	food	129.14540	35.15504
참가자미집	food	129.17044	35.15927
참그린푸드	shop	129.12024	35.21875
참대나무닭숯불바베큐	food	129.16258	35.22912
참맛	food	129.17230	35.17078
참사랑약국	shop	129.12703	35.17983
참사랑약국	shop	129.17666	35.16916
참사랑재가복지센터	shop	129.12416	35.18704
참새방앗간	shop	129.12871	35.19286
참새방앗간	food	129.17225	35.15780
참소리오디오	shop	129.14757	35.15799
참약국	shop	129.13156	35.19929
참약사인생약국	shop	129.15544	35.16086
참조은면가	food	129.13889	35.16966
참조은정육점	shop	129.12485	35.18589
참좋은벌꿀	shop	129.13848	35.16944
참진화장품	shop	129.17420	35.16277
참한우	shop	129.17799	35.17294
참한우식육점	shop	129.15685	35.23070
찹쌀옹심이	food	129.14877	35.22538
찻집다화	cafe	129.15506	35.16285
창녕상회	shop	129.15996	35.16572
창조씨티지점	activity	129.20512	35.17941
창포원	shop	129.15861	35.16566
창해푸드	shop	129.16270	35.16213
창희농산물특판장	shop	129.15004	35.22435
채가주얼리	shop	129.14649	35.15840
채반	shop	129.17875	35.17818
채선당반여점	food	129.12361	35.20092
채스아트센터	shop	129.18166	35.15771
채연시원텔반여점	shop	129.11570	35.19659
채움	shop	129.20280	35.18316
책방봄봄	shop	129.16848	35.16737
챔피언텔레콤	shop	129.13355	35.20125
챔피온	shop	129.12952	35.16882
챠밍케이크바이써니	food	129.17382	35.16330
챠크라	food	129.15951	35.15969
처갓집	food	129.20352	35.18282
처갓집양념치킨	food	129.17971	35.16540
처갓집양념치킨	food	129.15416	35.16049
처갓집양념치킨	food	129.15583	35.23209
처갓집양념치킨	food	129.12267	35.18746
처갓집양념치킨반여점	food	129.12366	35.20787
처갓집양념치킨중동점	food	129.17076	35.16966
처갓집양념통닭	food	129.17149	35.17657
천궁쟁반짜장	food	129.16258	35.22912
천냥당구장	activity	129.17356	35.17368
천년닭강정	food	129.14028	35.16325
천라쿵푸마라탕	food	129.17696	35.16844
천라쿵푸마라탕직영점	food	129.15934	35.16555
천부애	shop	129.12093	35.21593
천사	shop	129.17774	35.16302
천상도시락	food	129.13346	35.16714
천상마라탕	food	129.15729	35.23141
천씨씨커피	cafe	129.14912	35.22494
천씨씨커피	cafe	129.12168	35.20387
천안문	food	129.12383	35.21039
천우모바일	shop	129.12687	35.18891
천지인건강원	shop	129.15561	35.23050
천태만상	food	129.17119	35.15851
천하가	food	129.17243	35.16774
천호약국	shop	129.14917	35.23022
철마상회	shop	129.12910	35.21255
철이네	bar	129.12237	35.18478
철이네닭발	food	129.17739	35.16868
철희네순대	food	129.13247	35.19988
청년가치협동조합	cafe	129.15565	35.22992
청년감자탕직영점	food	129.15710	35.16056
청년다방	food	129.12451	35.17516
청년다방	food	129.17885	35.16816
청년피자	food	129.17940	35.16844
청년피자부산반여	food	129.12844	35.19198
청담두피	shop	129.17767	35.16959
청담면옥	food	129.12585	35.17616
청담실비	food	129.12321	35.18501
청도멸치김밥	food	129.11723	35.20888
청도양곱창	food	129.16977	35.16737
청도양품	shop	129.15553	35.23126
청도할매김밥	food	129.12599	35.21113
청류	food	129.16942	35.16367
청마루샵	shop	129.18071	35.16030
청마루식당	food	129.15585	35.23189
청명	shop	129.12610	35.18704
청몽쪽갈비	food	129.15596	35.15971
청미가	food	129.19071	35.16054
청바지라이브	food	129.17374	35.17458
청봉기념이룸재활운동센터	activity	129.16935	35.16640
청빈	bar	129.16048	35.16615
청사랑협동조합	shop	129.19133	35.16035
청사포	nature	129.19219	35.16040
청사포갈비	food	129.18855	35.16283
청사포경북횟집	food	129.19382	35.16119
청사포깜장스테이	stay	129.18781	35.16273
청사포쌀국수	food	129.19222	35.16077
청사포역	cafe	129.19119	35.16085
청사포장어구이	food	129.17446	35.17306
청사포전복죽	food	129.18855	35.16283
청사포천부경명상센터	shop	129.18992	35.16140
청사포토종옻닭	food	129.18719	35.16185
청산	food	129.11980	35.20129
청산에	bar	129.17762	35.16833
청산해림포차	bar	129.12984	35.19611
청솔양곱창	food	129.12515	35.18671
청송상회	shop	129.12416	35.18585
청심자원	shop	129.18415	35.16782
청연	food	129.17077	35.16078
청옥관	food	129.14876	35.22823
청와대야식	food	129.15073	35.22265
청우	food	129.15480	35.15938
청유	shop	129.13282	35.16781
청중화요리	food	129.15596	35.15971
청춘껍데기	food	129.12249	35.18606
청춘당	food	129.17510	35.16211
청춘식당	food	129.12727	35.17572
청춘식당	food	129.15480	35.15938
청춘약국	shop	129.12871	35.19286
청풍장여관	stay	129.16646	35.16263
청풍호어탕	food	129.12527	35.21069
청학동떡마을	food	129.11756	35.18973
청해	food	129.20552	35.18289
청해선어회	food	129.12878	35.19507
청화루	food	129.13244	35.19868
체리	bar	129.15645	35.15988
체리	shop	129.15791	35.16717
체육시간	activity	129.17562	35.17228
체이스컬트	shop	129.15640	35.23192
체인지	shop	129.16278	35.17066
체크	shop	129.15499	35.23246
첼로커피숍	cafe	129.14886	35.22924
초가집	food	129.15596	35.15971
초가집	food	129.17229	35.16122
초대박복권판매점	activity	129.13369	35.17092
초량떡방앗간	food	129.15749	35.16787
초량밀면	food	129.17053	35.15958
초량밀면	food	129.15978	35.16209
초량수퍼	shop	129.13413	35.20151
초량식당	food	129.12123	35.18863
초록분식다방	food	129.18112	35.17486
초록약국	shop	129.11964	35.20362
초롱주막	bar	129.16314	35.22643
초심	food	129.17632	35.17099
초아	bar	129.12494	35.21010
초아	bar	129.17584	35.17091
초우호프	bar	129.13139	35.19829
초원	cafe	129.12259	35.20752
초원	cafe	129.15583	35.23209
초원갈비	food	129.13122	35.19729
초원마트	shop	129.14660	35.23239
초원복국	food	129.16594	35.16289
초원식당	food	129.13844	35.16956
초원장	stay	129.14823	35.22571
초이스	bar	129.15517	35.15983
초이스커피숍	cafe	129.13058	35.19572
초이헬스케어	shop	129.17574	35.16880
초정	cafe	129.12460	35.18214
초코릿통신	shop	129.17767	35.17098
초콜릿	shop	129.12842	35.19091
초콜릿	bar	129.12106	35.19209
초필살돼지구이	food	129.14692	35.15664
초화	bar	129.13079	35.19482
촌집돼지국밥	food	129.12372	35.20124
촌집돼지국밥부산원조	food	129.13119	35.19944
총각네시장횟집	food	129.12261	35.20805
총각떡집	food	129.15041	35.22413
최가네	food	129.13233	35.20036
최가네밀면	food	129.15851	35.16466
최가네정윤돼지국밥	food	129.12522	35.18497
최복호	shop	129.13107	35.16985
최부자복권방	activity	129.12178	35.19565
최부자축산	shop	129.17309	35.16834
최부자한우	food	129.17309	35.16834
최연옥신세계백화점	shop	129.12952	35.16882
최정인플라워	shop	129.13150	35.19897
최졍연	stay	129.16689	35.16097
최준환탁구클럽	activity	129.16195	35.16226
최준환탁구클럽벡스코점	activity	129.14108	35.17539
쵸로쵸로	food	129.17549	35.17322
추란	bar	129.17640	35.17087
추란뮤직클럽	bar	129.17640	35.17087
추리문학관	heritage	129.18330	35.16165
추부추어탕	food	129.12502	35.20595
추억	food	129.17134	35.16633
추억의옛날통닭	food	129.15926	35.22959
추억의옛날통닭	food	129.13141	35.19741
추억의옛날통닭	food	129.17686	35.17563
축복도장인쇄	shop	129.12780	35.18872
춘리마라탕반여	food	129.12340	35.20018
춘천두올래닭갈비숯불관	food	129.11897	35.19709
춘하추동밀면직영점	food	129.16082	35.16073
춘하추동칼국수	food	129.14694	35.22572
춘하추동칼국수	food	129.14642	35.16345
춘하추동칼국수반여점	food	129.11723	35.20064
춘희식당	food	129.17284	35.16829
춤그리다무용학원	activity	129.17666	35.16916
충무공김밥	food	129.16942	35.16367
충무김밥	food	129.13019	35.19670
충무김밥이랑수제비	food	129.13246	35.16987
충무수산	shop	129.14984	35.22454
충보당	cafe	129.12118	35.19028
취몽	food	129.13027	35.19487
취하는밤	bar	129.15608	35.23201
취화선	bar	129.17528	35.17816
츄플러스	cafe	129.20226	35.18073
츠키노야	food	129.16658	35.16020
치즈치즈치즈	food	129.14985	35.15751
치즈치즈치즈	food	129.18328	35.16118
치즈해르트	food	129.15682	35.16436
치치부라멘	food	129.14540	35.15504
치크	shop	129.13369	35.17092
치크	shop	129.17705	35.17053
치킨신드롬	food	129.17803	35.16851
치킨신드롬	food	129.17245	35.17481
치킨신드롬	food	129.17540	35.16131
치킨신드롬	food	129.15693	35.23041
치킨신드롬	food	129.14482	35.15720
치킨신드롬과봉계	food	129.12643	35.17544
치킨신드롬반여점	food	129.12335	35.20346
치킨신드롬버닝팜	food	129.12490	35.18754
치킨신드롬벡스코점	food	129.13973	35.17493
치킨신드롬우동베스트점	food	129.14028	35.16996
치킨신드롬좌동뜨란채점	food	129.16901	35.17353
치킨플러스부산	food	129.12421	35.19163
치플레센텀	food	129.12952	35.16882
친구야	food	129.13081	35.20006
친구야소주	bar	129.12646	35.19476
친구야한잔하자	food	129.20210	35.18364
친구인형뽑기	activity	129.16114	35.16045
친구집	food	129.17307	35.16278
친절마트	shop	129.12178	35.19565
친절약국	shop	129.11898	35.19931
친절한약국	shop	129.14890	35.22496
친정김밥	food	129.14757	35.15799
친정엄마의찬장	food	129.14136	35.16915
친친	food	129.14807	35.23201
친환경노래연습장	activity	129.16286	35.16246
칠갑산토종옻닭삼계탕	food	129.12765	35.18748
칠렉스	shop	129.14540	35.15504
칠링씨	food	129.15070	35.15973
칠번가피자	food	129.15187	35.16046
칠보양행	shop	129.14992	35.22382
칠성상회	shop	129.15520	35.23163
칠성통닭	food	129.12498	35.18672
칠암산곰장어	food	129.16253	35.16147
칠암읍내집	food	129.17450	35.17455
칠칠해장냉면	food	129.16893	35.16845
칭구엄마김치찜	food	129.12573	35.18635
칭춘	food	129.17335	35.16231
카니발	bar	129.12218	35.18454
카라멜	food	129.19164	35.16073
카라반호스텔	stay	129.19671	35.17666
카리스	shop	129.12541	35.17664
카마카마	food	129.14621	35.15494
카멜리아	food	129.14985	35.15751
카멜리아	food	129.12541	35.17664
카모메	food	129.13369	35.17092
카모메홈플러스반여점	food	129.11570	35.19659
카사하바노	bar	129.17086	35.16064
카세	food	129.17511	35.16327
카스존	shop	129.14255	35.16116
카스톡스	bar	129.15852	35.22991
카시나	shop	129.15951	35.15969
카와	cafe	129.11969	35.19932
카와루라멘	food	129.13132	35.19447
카우시	food	129.12811	35.20706
카이브	stay	129.19644	35.17640
카이브	food	129.19861	35.17964
카이브부산송정	stay	129.19668	35.17372
카이브부산송정	stay	129.19647	35.17542
카이브부산송정시그니처점	stay	129.20250	35.18082
카자오	shop	129.13042	35.22018
카츠담아	food	129.16085	35.22896
카츠신	food	129.17372	35.16296
카카오노래타운본점	bar	129.16648	35.16090
카투아이	cafe	129.11723	35.19053
카투아이	cafe	129.20428	35.18234
카페가까	cafe	129.13357	35.19701
카페고물상	cafe	129.17210	35.17123
카페노랑	cafe	129.18001	35.17286
카페다온	cafe	129.12141	35.18209
카페더담	cafe	129.15657	35.23194
카페더흄	cafe	129.13242	35.16593
카페드부엌	cafe	129.18381	35.16460
카페드쁠랑뜨	cafe	129.13080	35.19167
카페드크래프트	cafe	129.20161	35.18062
카페드크레프트베이커리미포점	food	129.17176	35.15883
카페로뮤	cafe	129.16243	35.22665
카페로코	cafe	129.18054	35.15940
카페로코	cafe	129.20401	35.18206
카페룩스	cafe	129.17488	35.16507
카페리프송정해수욕장점	cafe	129.20291	35.18080
카페마레마레	cafe	129.19923	35.18032
카페마루	cafe	129.20512	35.18109
카페마이플레이스	food	129.14482	35.15720
카페마일로	cafe	129.14661	35.15545
카페마일로	cafe	129.16316	35.16554
카페마일로	cafe	129.17767	35.16959
카페마일로센텀사회체육	cafe	129.13769	35.16742
카페모루씨	cafe	129.15768	35.16534
카페몽글	food	129.12612	35.18537
카페문	food	129.17176	35.15883
카페밀유	cafe	129.17935	35.17150
카페베네청사포	cafe	129.19363	35.16099
카페보스분식	food	129.19822	35.17911
카페봄봄	cafe	129.16325	35.16254
카페비채	cafe	129.14255	35.16116
카페사려니숲	cafe	129.18374	35.16625
카페샐러드	cafe	129.12766	35.18875
카페숨	cafe	129.17777	35.16084
카페스페이스	cafe	129.17388	35.16938
카페시그니처	food	129.16339	35.16150
카페아브르	cafe	129.18216	35.16111
카페아이브	cafe	129.17483	35.17163
카페아이브좌동	cafe	129.17908	35.16783
카페요아정부산	food	129.12451	35.17516
카페인	cafe	129.13242	35.16593
카페작	cafe	129.12808	35.18254
카페장산마루협동조합	food	129.12874	35.19026
카페젤라떼리아	cafe	129.15601	35.16082
카페조화	food	129.16984	35.17660
카페찹찹떡떡롯데백화점	food	129.13107	35.16985
카페초코	cafe	129.15636	35.16378
카페코어	bar	129.20658	35.19000
카페키츠네센텀	cafe	129.12909	35.16864
카페키키	cafe	129.13909	35.17004
카페트레일	cafe	129.15542	35.16274
카후쿠	food	129.14583	35.16132
칸당구클럽	activity	129.13121	35.19953
칸마트	shop	129.16802	35.16133
칸마트정육	shop	129.16802	35.16133
칸슈	food	129.14327	35.15908
칸타타노래연습장	activity	129.12615	35.18397
칼국수일번지	food	129.16841	35.16540
칼라디움	shop	129.12610	35.18954
칼선생	food	129.17666	35.16916
캄포스부산점	shop	129.16156	35.15989
캐리	shop	129.13346	35.16714
캐리스노트신세계센텀	shop	129.12952	35.16882
캐버린하우스	food	129.15806	35.16454
캐스크앤뀌베	food	129.16886	35.16487
캐칭덕부산송정비치점	activity	129.20456	35.18090
캐칭덕좌동점	activity	129.17539	35.17282
캔	shop	129.12563	35.18692
캔디	shop	129.17774	35.16302
캔버스	stay	129.15269	35.15924
캔버스보산	stay	129.15266	35.15918
캔버스비앤씨	food	129.15266	35.15918
캔버스태암	stay	129.15299	35.15936
캔버스호스텔	stay	129.15299	35.15936
캔엄마식당	food	129.12634	35.18466
캘리스코히바린신세계주	food	129.12952	35.16882
캘빈클라인언더웨어	shop	129.12952	35.16882
캘빈클라인진	shop	129.12952	35.16882
캠브리지	shop	129.17705	35.17053
캠브리지멤버스	shop	129.12952	35.16882
캠브리지멤버스롯데	shop	129.13107	35.16985
캠프라인	shop	129.17310	35.17355
캡틴베이프	shop	129.16929	35.16535
캥거루포인트	food	129.14570	35.15441
커넥트골프	activity	129.14692	35.15664
커넥트온	shop	129.16025	35.16402
커넥티드도어	shop	129.18180	35.16120
커머스	activity	129.17117	35.16527
커브스장산클럽	activity	129.17896	35.16801
커브스좌동클럽	activity	129.17530	35.17756
커스텀멜로우신세계	shop	129.12952	35.16882
커스텀커피부산	cafe	129.12021	35.18046
커터앤벅	shop	129.16942	35.16367
커피가맛있는	cafe	129.11567	35.20451
커피공방	cafe	129.12179	35.20654
커피당	cafe	129.14645	35.22491
커피로더	cafe	129.12465	35.19125
커피로만그린시티점	cafe	129.16891	35.17355
커피민	cafe	129.15297	35.22358
커피벨	cafe	129.16293	35.16403
커피볶는시골커피	cafe	129.14424	35.15933
커피볶는시골커피	cafe	129.12584	35.18789
커피볶는시골커피	cafe	129.17630	35.17185
커피볶는시골커피반여선수촌점	cafe	129.11922	35.20257
커피볶는시골커피반여우방신세계점	cafe	129.11615	35.20285
커피볶는시골커피석대점	cafe	129.12024	35.21875
커피볶는시골커피좌동점	cafe	129.17149	35.17657
커피볶는시골커피힐스테이트위브점	cafe	129.17986	35.16252
커피빈센텀호텔점	cafe	129.13282	35.16781
커피빈신세계센텀시티점상	cafe	129.12909	35.16864
커피빈코리아	cafe	129.16156	35.15989
커피빙	shop	129.12229	35.18762
커피사피엔스부산	cafe	129.17666	35.16917
커피스미스	cafe	129.16149	35.16113
커피스미스	cafe	129.12765	35.17304
커피스탠드	cafe	129.17799	35.17294
커피스토어엘시티점	cafe	129.16802	35.16133
커피앤스톤	cafe	129.14383	35.22200
커피에프	cafe	129.12756	35.19426
커피와마음을피자	food	129.12335	35.20346
커피일과	cafe	129.12540	35.18912
커피콩알	cafe	129.15242	35.22365
커피포인트	cafe	129.17591	35.16110
커피퐁당	cafe	129.17539	35.17282
커피프론트	cafe	129.13242	35.16593
커피필립	cafe	129.12359	35.17676
커피홀부산반여	cafe	129.12345	35.20045
컨츄리하우스	shop	129.13114	35.19393
컬럼버스서클	food	129.14324	35.15482
컬럼비아롯데	shop	129.13107	35.16985
컴맹탈출	shop	129.17768	35.16957
컴온코인노래연습장	activity	129.17841	35.16796
컴커피장산역점	cafe	129.17750	35.16850
컴포즈	cafe	129.20052	35.17986
컴포즈	cafe	129.14868	35.22478
컴포즈	cafe	129.12798	35.19178
컴포즈반여선수촌점	cafe	129.11976	35.20298
컴포즈백병원점	cafe	129.18183	35.17430
컴포즈커피	cafe	129.17768	35.16967
컴포즈커피	cafe	129.12328	35.17950
컴포즈커피	cafe	129.14070	35.16784
컴포즈커피	cafe	129.14692	35.15664
컴포즈커피	cafe	129.12534	35.18631
컴포즈커피	cafe	129.13098	35.19597
컴포즈커피	cafe	129.12643	35.17544
컴포즈커피대우	cafe	129.14536	35.15969
컴포즈커피대천공원점	cafe	129.16994	35.17871
컴포즈커피로데오점	cafe	129.16942	35.16367
컴포즈커피마린시티제니스점	cafe	129.14482	35.15720
컴포즈커피문탠	cafe	129.18642	35.16652
컴포즈커피문화회관점	cafe	129.17469	35.17252
컴포즈커피미포점	cafe	129.17085	35.15907
컴포즈커피반여강변	cafe	129.12342	35.20849
컴포즈커피벡스코점	cafe	129.13296	35.16694
컴포즈커피보건소점	cafe	129.17665	35.16400
컴포즈커피센텀	cafe	129.11731	35.19023
컴포즈커피센텀트럼프점	cafe	129.13246	35.16987
컴포즈커피신곡점	cafe	129.18326	35.16901
컴포즈커피양운초점	cafe	129.16740	35.17270
컴포즈커피엘시티점	cafe	129.16802	35.16133
컴포즈커피역점	cafe	129.15846	35.16296
컴포즈커피윗	cafe	129.16050	35.22918
컴포즈커피좌동점	cafe	129.17506	35.17762
컴포즈커피중동	cafe	129.16874	35.16617
컴포즈커피해리단길점	cafe	129.15700	35.16776
컴퓨터수리	shop	129.13043	35.19806
컵넛	food	129.17201	35.16758
케네스레이디	shop	129.13107	35.16985
케네스레이디	shop	129.12952	35.16882
케디스	cafe	129.19681	35.16816
케빈스보일링크랩	food	129.15766	35.16717
케엔케이주	shop	129.12844	35.17206
케이갤러리	shop	129.18348	35.16195
케이디씨	food	129.12844	35.17206
케이디씨경덕	food	129.12844	35.17206
케이디에스비	food	129.16009	35.16129
케이리죠이	shop	129.15736	35.23164
케이매점	shop	129.16262	35.16094
케이스디	food	129.15247	35.22371
케이스타피씨카페좌동점	activity	129.18043	35.17053
케이쏨차이	food	129.16282	35.16713
케이아이티쉼터	shop	129.12765	35.17304
케이앤디알	shop	129.17768	35.16957
케이에스지스포텍	shop	129.17009	35.17016
케이엔메디컬	shop	129.12610	35.18954
케이엘	shop	129.17705	35.17053
케이제이코퍼레이션	shop	129.12377	35.20903
케이지컴퍼니에이	food	129.17066	35.15972
케이컴퍼니	food	129.17971	35.16540
케이케이케이케이	shop	129.17666	35.16916
케이크앤코	food	129.17370	35.16118
케이크요	food	129.11915	35.20189
케이터링모수	food	129.17994	35.16909
케이투	shop	129.13107	35.16985
케이투	shop	129.12952	35.16882
케이투엘제이	shop	129.16114	35.16045
케이플러스	shop	129.14649	35.15840
케이피티	shop	129.20593	35.18175
케이피티지점	shop	129.17495	35.17197
케익하우스구페	food	129.12929	35.19614
켈리스아트	shop	129.17836	35.15652
켓츠	bar	129.12736	35.18937
코끼리	food	129.14028	35.16325
코끼리	activity	129.15424	35.15994
코끼리매점	shop	129.16455	35.16343
코끼리약국	shop	129.15563	35.23195
코너	bar	129.20497	35.18196
코너스톤	food	129.16225	35.16045
코너커츠	food	129.17574	35.15888
코닝크리머리	food	129.17266	35.15801
코닥센텀시티몰	shop	129.12829	35.16987
코드	shop	129.14482	35.15720
코로링	food	129.15895	35.16492
코리아세븐백병원점	shop	129.18217	35.17326
코리아세븐부산	shop	129.16203	35.16019
코리아세븐부산경보점	shop	129.16316	35.16342
코리아세븐부산신송정	shop	129.19839	35.17906
코리아세븐부산엘지점	shop	129.17386	35.18067
코리아세븐부산팔레드점	shop	129.16658	35.16020
코리아세븐비치점주	shop	129.16132	35.16032
코리아세븐주	shop	129.17575	35.17208
코리아세븐해변점주	shop	129.16003	35.16018
코마치	food	129.17589	35.17319
코뿔소실내포장	bar	129.13145	35.19861
코스모	food	129.12462	35.18481
코스몰	shop	129.16049	35.16575
코앤코	shop	129.20470	35.18457
코에보	shop	129.12952	35.16882
코오롱글로벌씨클라우드호텔	stay	129.16225	35.16045
코오롱세이브프라자	shop	129.17708	35.16814
코오롱스포츠	shop	129.12952	35.16882
코오롱스포츠김도희	shop	129.13107	35.16985
코웨이렌탈	shop	129.12157	35.19043
코인스타동전노래방	activity	129.12683	35.18865
코젤다크하우스	bar	129.17565	35.17356
코즈플랫	stay	129.15738	35.16537
코지스타일	shop	129.17666	35.16916
코지하우스	stay	129.17393	35.16434
코지하우스동부산롯데월드점	food	129.12643	35.17544
코지하우스해리단길점	food	129.15708	35.16479
코코	shop	129.17339	35.16049
코코	bar	129.15762	35.16047
코코	shop	129.15000	35.22553
코코노래타운	bar	129.13203	35.16720
코코르코	shop	129.12700	35.17463
코코리타	shop	129.17705	35.17053
코코블루	bar	129.12254	35.20743
코코샤브	food	129.13296	35.16694
코코샵	shop	129.17994	35.16909
코코앤켈리	shop	129.13143	35.17191
코코옷집	shop	129.17767	35.17098
코코호도	food	129.17767	35.17098
코코호도반여점	food	129.11897	35.19709
코코호텔	stay	129.20533	35.18225
코털이네	shop	129.14642	35.16345
코튼브로스	shop	129.15658	35.23250
콘타이와꼬란타이	food	129.12829	35.16987
콘텐츠누리	shop	129.13042	35.22018
콜드플레이	food	129.12285	35.18491
콜라보	bar	129.15431	35.15933
콜라보	bar	129.16339	35.16150
콜라보일루아	food	129.17449	35.15893
콜렉트센텀	shop	129.12952	35.16882
콜로라르	cafe	129.16730	35.16111
콜롬보	shop	129.12952	35.16882
콜미주얼리귀금속	shop	129.17229	35.16122
콜투마인드	cafe	129.12834	35.18991
콜핑	shop	129.17705	35.17053
콜핑롯데백화점	shop	129.13107	35.16985
콧수염아줌마	shop	129.12367	35.18658
콩가마	food	129.11852	35.19448
콩나라	food	129.13017	35.17356
콩마을	food	129.12650	35.17658
콩마을	food	129.17575	35.17208
콩마을	food	129.13237	35.16769
콩밭골순두부	food	129.17177	35.16890
콩밭골순두부	food	129.16622	35.17122
콩부인더오븐	food	129.17181	35.17158
콩카페미포점	cafe	129.17119	35.15851
쿠디푸디엑스	food	129.16802	35.16133
쿠라	bar	129.16841	35.16540
쿠론	shop	129.12952	35.16882
쿠만쿠	food	129.13303	35.19997
쿠무다레스메종	stay	129.19718	35.17743
쿠바	bar	129.15517	35.15983
쿠스포츠	shop	129.11946	35.19317
쿠시타니부산	shop	129.19742	35.17945
쿠우쿠우	food	129.17666	35.16916
쿠지라멘	food	129.16013	35.16618
쿠키당	food	129.16790	35.17638
쿠키윤	food	129.17767	35.17098
쿠킹마더스	food	129.12643	35.17544
쿡스당구장	activity	129.16185	35.16355
쿨당구장	activity	129.20352	35.18282
쿨마트	shop	129.12917	35.19062
쿨아이스크림	shop	129.12484	35.19747
쿨아이스크림전문점	shop	129.18338	35.16514
쿨아이스크림전문점현대점	shop	129.17808	35.16553
쿱스토어부산	shop	129.16935	35.16640
쿱스토어부산반여점	shop	129.11712	35.19948
쿱스토어부산좌동점	shop	129.17649	35.17409
퀀텀오리엔탈소스	shop	129.12932	35.18621
퀄리티	bar	129.16335	35.16166
퀄리티	bar	129.15497	35.15986
퀸	shop	129.17774	35.16302
퀸	bar	129.17552	35.17140
퀸	bar	129.17632	35.17099
퀸	shop	129.15967	35.16657
퀸아울렛	shop	129.17310	35.17374
퀸즈	food	129.16082	35.16073
퀸카	bar	129.15839	35.16075
퀼트공방	shop	129.11947	35.19526
퀼트클래식	shop	129.17386	35.18067
퀼팅맘	shop	129.12886	35.17383
큐	bar	129.16061	35.16022
큐노	bar	129.18422	35.16280
큐당구장	activity	129.13102	35.19619
큐마트	shop	129.12299	35.19713
큐브네트워크	shop	129.17597	35.16851
큐사랑	shop	129.16122	35.22836
큐앤큐당구장	activity	129.16067	35.16190
큐티카페	cafe	129.16224	35.17092
크라운호프	bar	129.17841	35.16796
크라운호프부산	bar	129.13237	35.16769
크라운호프부산반여점	bar	129.11830	35.19764
크라클랑	food	129.17184	35.16970
크래프트한스마린시티점	bar	129.14221	35.15605
크랩브라더스직판장	shop	129.15748	35.16751
크랩피크	food	129.16003	35.16021
크레프트	shop	129.14757	35.15799
크로노스짐	activity	129.17388	35.17265
크로바안경원	shop	129.15606	35.23175
크로스핏바이킹	activity	129.16048	35.16615
크로커다일	shop	129.14833	35.22600
크로커다일레이디	shop	129.13107	35.16985
크로플덕오리아가씨	cafe	129.17935	35.17150
크로하우스	food	129.15806	35.16454
크록스	shop	129.12952	35.16882
크록스롯데센텀시티	shop	129.13107	35.16985
크루피자	food	129.17414	35.16337
크루피자	food	129.17799	35.16212
크리스아트케이크	food	129.14692	35.15664
크리스탈	food	129.14661	35.15545
크리스탈화장품	shop	129.16085	35.22896
크리스피크림롯데	food	129.13107	35.16985
크린스포츠	shop	129.12437	35.20921
크림좌동경남점	shop	129.16688	35.17735
큰맘할매순대국부산	food	129.20312	35.18149
큰사랑약국	shop	129.14935	35.22484
클라우드나인	cafe	129.12775	35.20737
클래스폰	shop	129.17666	35.16916
클램	food	129.16658	35.16020
클럽디오아시스바이베이크서울	food	129.16802	35.16133
클럽호텔	stay	129.15690	35.16074
클레어앤코	shop	129.12340	35.20018
클클	food	129.17598	35.17739
키라	shop	129.14540	35.15504
키맨	stay	129.15846	35.16296
키미누	shop	129.17574	35.15962
키쉬미뇽미포점	food	129.17282	35.15815
키즈스윔	activity	129.14757	35.15799
키즈에이원몬테소리	shop	129.12844	35.17206
키친동백	food	129.17879	35.15783
키친보리에주	food	129.15208	35.15659
키친앤코	shop	129.12619	35.17942
키친웨일	food	129.16689	35.16097
키코우	food	129.17678	35.17129
키토야	food	129.11782	35.20531
키플링신세계	shop	129.12952	35.16882
킴스가라오케	bar	129.17617	35.17122
킴스디	shop	129.14333	35.15704
킴스케어	shop	129.15636	35.17007
킴스푸드	food	129.17315	35.16327
킴언니	shop	129.16473	35.16427
킴카롱마카롱	food	129.17475	35.16210
킹	bar	129.17584	35.17091
킹덤푸드	food	129.15737	35.16710
킹즈당구클럽	activity	129.17605	35.17222
킹콩	cafe	129.16792	35.17274
킹콩부대찌개반여	food	129.13047	35.19738
킹프레소	cafe	129.12306	35.18624
타고커피	cafe	129.15768	35.16521
타라코소바	food	129.16841	35.16488
타마리바	food	129.17834	35.16807
타미남성신세계센텀시티	shop	129.12952	35.16882
타미데님신세계센텀시티	shop	129.12952	35.16882
타미여성신세계센텀시티	shop	129.12952	35.16882
타미힐피거롯데	shop	129.13107	35.16985
타요키즈카페부산좌동점	activity	129.17896	35.16801
타이가	food	129.15840	35.16476
타이가텐푸라	food	129.15842	35.16480
타이거분식	food	129.12359	35.17676
타이거스넥	food	129.14482	35.15720
타이드솔루션스	food	129.17289	35.15758
타이드솔루션스로쿠미	food	129.15803	35.16474
타이백스트릿	food	129.15778	35.16660
타이틀리스트	shop	129.12952	35.16882
타이페이식탁	food	129.17128	35.17258
타이하우스	food	129.16102	35.16137
타임	shop	129.13107	35.16985
타임	bar	129.15826	35.16050
타임	cafe	129.17446	35.17306
타임즈	bar	129.15497	35.15986
타코락	bar	129.17845	35.16877
타코로	food	129.12580	35.18732
타코젠장산	food	129.17666	35.16917
타히티	food	129.12662	35.18982
탁구교실	activity	129.17592	35.17080
탁이네횟집	food	129.17322	35.16315
탄광맥주재송	bar	129.11593	35.19148
탐	shop	129.11703	35.19030
탐앤탐스마린시티점	cafe	129.14580	35.15404
탐앤탐스블랙	cafe	129.18336	35.15981
탑당구클럽	activity	129.12050	35.20515
탑세일마트	shop	129.13973	35.17493
탑스크린골프	activity	129.13226	35.17464
탑스크린골프아카데미	activity	129.17405	35.17932
탑초이스	food	129.13601	35.16906
탑텐노래타운	bar	129.15985	35.16193
탑플러스마트	shop	129.13372	35.19261
탑플러스마트	shop	129.20471	35.19107
탑플러스마트	shop	129.15697	35.23219
탑할인마트	shop	129.11781	35.21294
탕수육반점	food	129.13069	35.19448
탕탕탕	food	129.12749	35.19025
탕화쿵푸	food	129.12541	35.18721
탕화쿵푸마라탕	food	129.17739	35.16868
탕화쿵푸마라탕	food	129.11906	35.20086
탕화쿵푸마라탕	food	129.12541	35.17664
탕화쿵푸마라탕	food	129.13884	35.16677
탕화쿵푸마라탕우동점	food	129.15846	35.16296
태광	food	129.14981	35.22498
태광건재인테리어	shop	129.15740	35.23286
태광쌈밥생선구이	food	129.14982	35.22508
태리식당	food	129.15768	35.16521
태리짐	activity	129.14661	35.15545
태백구와우감자탕	food	129.17558	35.17046
태백구와우감자탕반여점	food	129.12386	35.20780
태성상사	shop	129.12727	35.21267
태양당	shop	129.13061	35.19602
태양마트	shop	129.20474	35.18177
태양마트	shop	129.12994	35.20016
태양슈퍼	shop	129.20083	35.18137
태양슈퍼	shop	129.13391	35.20012
태양조명	shop	129.12748	35.19493
태양커피	cafe	129.12829	35.16987
태양호	activity	129.20576	35.18036
태영생막창	food	129.13938	35.17170
태원슈퍼	shop	129.13235	35.19598
태정수산식당	food	129.12281	35.20739
태진녹즙	shop	129.12226	35.18808
태평루	food	129.17129	35.16652
태평양횟집	food	129.12546	35.18794
태평죽직영점	food	129.18505	35.16248
태하국밥	food	129.15493	35.23023
탠디	shop	129.12909	35.16864
탭	shop	129.17119	35.15851
탱크백반	food	129.13909	35.17004
털보횟집	food	129.17686	35.17563
털보횟집	food	129.17585	35.16740
테디보틀링	shop	129.19657	35.17610
테라스카페	food	129.17119	35.15851
테라스하우스	stay	129.17210	35.17123
테마노래주점	bar	129.20473	35.18113
테이스티	food	129.13973	35.17493
테이스티	food	129.17059	35.17046
테이트	shop	129.17705	35.17053
테일러리아	shop	129.13100	35.17246
테일러메이드	shop	129.13107	35.16985
테일러컴퍼니	shop	129.14649	35.15840
테타라운지바	food	129.15951	35.15969
테하노텍스멕스바베큐	food	129.15960	35.16226
텍사스두마리치킨	food	129.14692	35.15664
텍사스비엠씨치킨	food	129.16018	35.16535
텍스쳐	cafe	129.15779	35.16588
텐	shop	129.15695	35.16060
텐텐교자	food	129.17458	35.17465
텐퍼센트	cafe	129.17044	35.16636
텐퍼센트	cafe	129.14482	35.15720
텐퍼센트	cafe	129.17666	35.16916
텐퍼센트	cafe	129.20109	35.18102
텐퍼센트달맞이점	cafe	129.17113	35.16111
텐퍼센트반여농수산점	cafe	129.12599	35.21113
텐퍼센트반여선수촌점	cafe	129.11961	35.20151
텐퍼센트스페셜티커피구청점	cafe	129.16486	35.16278
텐퍼센트스페셜티커피바른길	cafe	129.12237	35.20588
텐퍼센트스페셜티커피점센텀벡스코점	cafe	129.13296	35.16694
텐퍼센트스폐셜커피센텀리슈빌점	cafe	129.11589	35.19155
텐퍼센트장산	cafe	129.17642	35.16790
텐퍼센트좌동시장	cafe	129.17590	35.17244
텐퍼센트좌동신곡점	cafe	129.18319	35.16837
텐퍼센트커피	cafe	129.17986	35.16252
텐퍼센트커피마리나점	cafe	129.14536	35.15969
텐퍼센트커피반여드파인	cafe	129.11897	35.19709
텐퍼센트커피백병원점	cafe	129.18183	35.17430
텐퍼센트커피부산센텀디자인진흥원점	cafe	129.12922	35.17360
텐퍼센트커피비스타점	cafe	129.16186	35.16571
텐퍼센트커피센텀파크점	cafe	129.12359	35.17676
텐퍼센트커피역점	cafe	129.15734	35.16247
텐퍼센트커피자이점	cafe	129.14201	35.16821
텐퍼센트커피재송동부지청점	cafe	129.12776	35.18918
텐퍼센트커피한신휴플러스점	cafe	129.15174	35.15941
텐퍼센트커피힐스테이트위브점	cafe	129.17777	35.16084
텔레콤	shop	129.15651	35.23162
템퍼	shop	129.18565	35.16427
토니모리	shop	129.16236	35.16263
토니모리부산	shop	129.14789	35.22554
토니모리부산반여점	shop	129.13053	35.19548
토니모리신세계백화점	shop	129.12952	35.16882
토니모리홈플러스부산반여점	shop	129.11570	35.19659
토닥	cafe	129.15887	35.22977
토들	shop	129.17561	35.16137
토라후구가	food	129.17009	35.16408
토리까까	food	129.16688	35.17735
토리버치	shop	129.12952	35.16882
토리엔	food	129.12254	35.18484
토리이시	food	129.16015	35.16287
토리킨	food	129.15879	35.16186
토리헤어	shop	129.14692	35.15664
토마토	bar	129.17576	35.17103
토마토	food	129.17767	35.16959
토마토	stay	129.20400	35.18175
토마토약국	shop	129.18183	35.17430
토미에	shop	129.15381	35.15879
토박이분식	food	129.13909	35.17004
토브커피	cafe	129.12721	35.18823
토속집	food	129.14255	35.17245
토스트	food	129.12064	35.20277
토이친구	shop	129.17777	35.16084
토종산약초웰빙원	shop	129.12933	35.19088
토종생오리농원	food	129.17452	35.17414
토토	shop	129.11729	35.19604
톰	bar	129.17552	35.17140
톰보이	shop	129.12952	35.16882
톰보이롯데백화점	shop	129.13107	35.16985
톰브라운여성	shop	129.12952	35.16882
통밀호두	food	129.18642	35.16652
통바지	food	129.17469	35.17407
통사주카페	food	129.13128	35.19764
통솔노래연습장	activity	129.17426	35.17340
통신마을	shop	129.15510	35.23240
통신마을	shop	129.14923	35.22429
통영굴국밥	food	129.17229	35.16122
통영아구찜	food	129.14536	35.15969
통영유통	shop	129.12667	35.19523
통영장어	food	129.17012	35.16736
통영장어마을	food	129.12314	35.18776
통영충무김밥	food	129.17483	35.17163
통영충무김밥우동	food	129.15970	35.16683
통영칼국수	food	129.12030	35.20258
통일마트	shop	129.14866	35.22685
통큰닭강정	food	129.12419	35.18607
통큰대게	shop	129.17474	35.17290
통큰집	food	129.16065	35.16585
통큰푸드	food	129.15297	35.22358
통통메기와오리	food	129.15423	35.23094
퇴근길	bar	129.12317	35.18710
퇴근길숯불막창	food	129.12643	35.17544
퇴근길참치	food	129.17642	35.16790
투가이즈	food	129.17841	35.16182
투고샐러드	food	129.17750	35.16850
투다리재송	bar	129.12518	35.18724
투데이	bar	129.16232	35.16340
투데이프룻	shop	129.17149	35.17657
투마미	cafe	129.12940	35.17399
투바투	bar	129.17522	35.17101
투썸플레이스	cafe	129.17696	35.16844
투썸플레이스달맞이고개	cafe	129.18275	35.15920
투썸플레이스대우월드마크	cafe	129.13143	35.17191
투썸플레이스벡스코점	cafe	129.13375	35.16652
투썸플레이스부산반여점	cafe	129.11901	35.20327
투썸플레이스부산송정힐스점	cafe	129.19667	35.17403
투썸플레이스부산좌동점	cafe	129.17576	35.17803
투썸플레이스센텀	cafe	129.11899	35.18391
투썸플레이스센텀시티	cafe	129.12952	35.16882
투썸플레이스센트럴푸르지오점	cafe	129.16132	35.16461
투썸플레이스송정해수욕장점	cafe	129.20173	35.18066
투썸플레이스수목원점	cafe	129.12996	35.22023
투썸플레이스아이파크점	cafe	129.14333	35.15704
투썸플레이스중동역점	cafe	129.17135	35.16715
투썸플레이스청사포점	cafe	129.19302	35.16086
투엠	cafe	129.16802	35.16133
투윙	food	129.16290	35.23026
튜브락	shop	129.14118	35.16669
튤립	shop	129.17595	35.17689
트라웰좌동점	shop	129.17865	35.16848
트라이엠프	shop	129.17707	35.17058
트래드후스	shop	129.12952	35.16882
트랜짓	shop	129.12829	35.16987
트레몰로	shop	129.16124	35.16241
트레몰로홈플러스	shop	129.13369	35.17092
트레블로지스위트부산센텀	stay	129.13298	35.16606
트레코스	food	129.12564	35.18863
트렉스타	shop	129.13107	35.16985
트렌드핏피트니스	activity	129.16132	35.16461
트렘폴린방방	activity	129.13143	35.19851
트로브	cafe	129.15853	35.16485
트루먼디저트	cafe	129.14482	35.15720
트루먼커피	cafe	129.15806	35.16510
트루먼커피	cafe	129.14482	35.15720
트루바디	activity	129.14324	35.15482
트루비	bar	129.11866	35.20764
트루젠	shop	129.13107	35.16985
트리니티	shop	129.12952	35.16882
트리니티	activity	129.17506	35.17762
트리샤센텀	shop	129.12952	35.16882
트리콜마트	shop	129.14750	35.15649
트리콜마트	shop	129.17733	35.16218
트리플	bar	129.15381	35.15879
트리플벽걸이수족관	shop	129.15581	35.23080
트윈스타공식스토어	shop	129.12451	35.17516
특미돼지갈비	food	129.14994	35.22474
특별한만두	food	129.20092	35.18071
튼튼식당	food	129.19668	35.17390
튼튼약국	shop	129.18374	35.16625
티그레스테이	stay	129.15519	35.16279
티바두마리치킨	food	129.17935	35.17150
티바두마리치킨	food	129.19924	35.18211
티바두마리치킨	food	129.15645	35.16963
티바두마리치킨	food	129.14852	35.22849
티스테이모텔	stay	129.15887	35.16159
티앤디마켓	shop	129.15188	35.22311
티에스씨신도시점	shop	129.17136	35.17650
티엔에프코퍼레이션	shop	129.13021	35.21256
티엠티피자부산	food	129.16942	35.16367
티오피홀덤펍	bar	129.17601	35.17144
티원베이스캠프부산	shop	129.16149	35.16113
티제이씨	shop	129.18112	35.17486
티제이푸드스시마이우	food	129.16100	35.16150
티제이푸드스시마이우	food	129.13343	35.16638
티파니	shop	129.17767	35.17098
티파니금방	shop	129.17405	35.17932
팀리더스	shop	129.12616	35.18668
팀에피소더	activity	129.19724	35.17004
팀터틀랫장산	activity	129.17896	35.16801
파노하우스	food	129.16620	35.16165
파라다이스호텔부산주	stay	129.16528	35.16022
파라오	food	129.12742	35.18919
파랑새	bar	129.12650	35.17658
파랑새노래	bar	129.14954	35.22429
파랑새약국	shop	129.18327	35.16918
파랑약국	shop	129.11954	35.20211
파리바게뜨	food	129.16740	35.17270
파리바게뜨	food	129.16211	35.16328
파리바게뜨	food	129.17767	35.16968
파리바게뜨문화회관점	food	129.17562	35.17228
파리바게뜨반송영산대점	food	129.14765	35.22557
파리바게뜨부산	food	129.15739	35.23043
파리바게뜨부산벡스코점	food	129.13346	35.16714
파리바게뜨센텀	food	129.11731	35.19023
파리바게뜨수비점	food	129.14097	35.16710
파리바게뜨신곡점	food	129.18327	35.16887
파리바게뜨아시아선수촌점	food	129.11924	35.20277
파리바게뜨좌동	food	129.17602	35.17309
파리바게뜨좌동점	food	129.17528	35.17816
파리바게뜨중동역점	food	129.16906	35.16544
파리바게트	food	129.12594	35.18571
파리바게트마린점	food	129.14692	35.15664
파리바게트반여	food	129.11837	35.19880
파리바게트반여점	food	129.13091	35.19548
파리바게트센텀점	food	129.12328	35.17950
파리바게트장산현대점	food	129.17716	35.16679
파리바게트재송현대점	food	129.12749	35.19181
파리바게트중동점	food	129.16899	35.16602
파리앤케이크	cafe	129.16469	35.16093
파리제빵소	shop	129.14868	35.22478
파리프랑	shop	129.17463	35.16900
파복스	bar	129.15951	35.15969
파비에베이커리	food	129.17313	35.16119
파스쿠찌	cafe	129.17591	35.17158
파스쿠찌부산장산역점	cafe	129.17527	35.16967
파스쿠찌부산중동	cafe	129.17129	35.16984
파스타루	food	129.12643	35.17544
파스타입니다	food	129.12628	35.19548
파스텔	stay	129.15424	35.15994
파스텔노래연습장	activity	129.17416	35.17307
파스퇴르밀크바	food	129.13107	35.16985
파워짐	activity	129.18253	35.16848
파워플엑스부산총판	shop	129.18043	35.17053
파이널나인부산	food	129.17632	35.17099
파인애플	food	129.17808	35.16553
파인프라자주	stay	129.20306	35.18108
파타고니아신세계센텀시티	shop	129.12829	35.16987
파택	shop	129.17774	35.16302
파트너	shop	129.16862	35.16665
파트너	activity	129.11968	35.20312
파트너노래연습장	activity	129.20476	35.18097
파티나	food	129.12476	35.20861
파티세리곽	food	129.17149	35.17657
파파맥	food	129.14639	35.16299
파파야코리아	shop	129.14649	35.15840
파파존스반여	food	129.12133	35.18478
파파켄터키	food	129.17244	35.17135
파파횟집	food	129.17119	35.15851
팍스게스트하우스	stay	129.16212	35.16238
판도라	bar	129.17552	35.17140
팔공티	cafe	129.16737	35.16602
팔공티좌동점	cafe	129.17855	35.16968
팔도미역	food	129.19266	35.16086
팔도생선구이	food	129.12612	35.18876
팔도영양족발	food	129.15594	35.23110
팔레드시즈	stay	129.16658	35.16020
팔레드시즈콘도	stay	129.16658	35.16020
팔레스당구클럽	activity	129.12619	35.18830
팔레트	food	129.17836	35.15652
팔선생	food	129.13159	35.17296
팔선생	food	129.12952	35.16882
팔에잇	bar	129.15517	35.15983
팔팔바다장어산곰장어	food	129.12186	35.18523
팔팔양대창	food	129.15416	35.16049
팜트리	cafe	129.20434	35.18690
팡	food	129.16313	35.16221
팡팡노래연습장	activity	129.12703	35.18981
팡팡노래연습장	activity	129.17280	35.17158
팡팡로또	activity	129.12978	35.19305
팥꽃카페	cafe	129.15085	35.22455
패밀리	activity	129.15547	35.23201
패스타임	shop	129.14902	35.22445
팩토리스토어센텀시티	shop	129.12829	35.16987
팬아시아다인힐온기정	food	129.12952	35.16882
팬트하우스	shop	129.12952	35.16882
팰콘	shop	129.17348	35.17331
팻마을	shop	129.12490	35.18730
팽가네뒷고기	food	129.13329	35.19979
팽가네생선	food	129.13349	35.19992
퍼니라이프	shop	129.16961	35.16514
퍼니인형샵	activity	129.15665	35.23179
퍼니텍처	shop	129.14482	35.15720
퍼리프렌즈	shop	129.17986	35.16252
퍼멘트	food	129.19647	35.17542
퍼스트라이트	shop	129.17750	35.16850
퍼스트주도	shop	129.13219	35.19733
퍼주는집	food	129.17289	35.15758
퍼플문	food	129.15941	35.16023
퍼플플렛폼	shop	129.12413	35.18817
퍼피도담	shop	129.14621	35.15494
퍼피룸	shop	129.12655	35.18046
펀자브인도요리	food	129.16102	35.16137
펀지라인	shop	129.16163	35.16107
펄드부타부티크	shop	129.17774	35.16302
펄바이애니	shop	129.12843	35.17400
페리카나우동점	food	129.15070	35.15973
페리카나치킨	food	129.17068	35.17571
페리카나치킨	food	129.15710	35.23150
페밀리	bar	129.16236	35.16263
페스티발	shop	129.17666	35.16916
페스티발가라오케	bar	129.16100	35.16150
페스티발룸	bar	129.16100	35.16150
페어리오븐	food	129.17245	35.17481
페이유에	shop	129.12952	35.16882
페이지안경	shop	129.12952	35.16882
페코스	cafe	129.16772	35.16469
페팽	shop	129.19324	35.16080
펜션	stay	129.16917	35.16700
펜션	stay	129.16658	35.16020
펜션	stay	129.16689	35.16097
펜션	stay	129.16078	35.16229
펜션	stay	129.13282	35.16781
펜션	stay	129.16841	35.16540
펜션	stay	129.16187	35.16647
펜톤나인	stay	129.19863	35.17953
펜트하우스	stay	129.16185	35.16355
펜트하우스	stay	129.19645	35.17645
펠리체조수니롯데센텀	shop	129.13107	35.16985
펠리토부산	shop	129.18328	35.16118
펫월드	shop	129.16961	35.16514
펫코스	shop	129.16772	35.16469
펫프르트부산좌동점	shop	129.18310	35.16808
펭귄꼬마김밥	food	129.18505	35.16958
편백송정	food	129.19746	35.17119
편한세상	shop	129.16823	35.16567
편한이웃약국	shop	129.11852	35.19448
평안도족발	food	129.16639	35.16196
평창메밀막국수	food	129.15297	35.22358
평창식당	food	129.12933	35.19656
평화식품	shop	129.17119	35.15851
평화약국	shop	129.13080	35.19701
평화유리	shop	129.12389	35.20872
포경선	food	129.17076	35.16966
포그니	shop	129.17411	35.16837
포낙보청기센터	shop	129.17483	35.17163
포도	stay	129.17381	35.15688
포동	food	129.17259	35.15777
포레안경원	shop	129.16823	35.16567
포레주	shop	129.16680	35.17303
포로크레	shop	129.11754	35.21376
포메디	shop	129.14621	35.15494
포멜카멜레	shop	129.12829	35.16987
포멜카멜레신세계센텀김준열	shop	129.12952	35.16882
포브로스	bar	129.16048	35.16048
포션	food	129.15711	35.16391
포앤스마일	food	129.12451	35.17516
포에버	food	129.15762	35.16047
포에타	cafe	129.17591	35.16110
포엠나만의향만들기	shop	129.17826	35.16817
포인카츠	food	129.15826	35.16478
포차	bar	129.16264	35.16741
포차선지국밥	food	129.15752	35.23091
포텐	bar	129.17617	35.17122
포트	food	129.19681	35.16816
포튼가먼트부산	shop	129.12843	35.17400
포항상회	shop	129.15580	35.23054
포항생아구	food	129.12651	35.18131
포항조개구이	food	129.20173	35.18066
포헤미안	food	129.14653	35.16383
폭시모텔	stay	129.15834	35.16125
폰껍데기	shop	129.17768	35.16957
폰마트	shop	129.15063	35.22308
폰케이스몰	shop	129.16174	35.16214
폴	cafe	129.17971	35.16540
폴라니포케	food	129.15099	35.16026
폴로	shop	129.13107	35.16985
폴로데님신세계센텀	shop	129.12952	35.16882
폴로반여점	shop	129.13157	35.19941
폴리파크좌동점	shop	129.17602	35.17309
폴바셋부산아이파크점	food	129.14333	35.15704
폴세잔	cafe	129.16957	35.16903
폴앤풀	stay	129.16526	35.16249
폴에이리조트주	stay	129.16667	35.16230
폴햄	shop	129.17705	35.17053
폴햄	shop	129.16737	35.16602
폴햄키즈	shop	129.17705	35.17053
폼카페	cafe	129.18062	35.15850
폼커피	cafe	129.12195	35.18448
푸드바스켓	shop	129.17574	35.16880
푸드뱅크	food	129.17994	35.16909
푸드파트너스	food	129.16737	35.16602
푸드팩토리	food	129.12312	35.18977
푸디스트실버홈점	food	129.19784	35.18109
푸디스트키자니아	shop	129.12829	35.16987
푸라닭	food	129.16940	35.16495
푸라닭반여점	food	129.12248	35.20373
푸라닭부산	food	129.14661	35.15545
푸라닭부산	food	129.12376	35.18225
푸라닭부산좌동점	food	129.17908	35.16783
푸르릇	shop	129.17453	35.16940
푸르메힐링아트바우하우스	shop	129.14750	35.15649
푸르티	shop	129.16688	35.17735
푸르티아	food	129.17339	35.16049
푸른바다생선회	food	129.16139	35.16139
푸른바다찜탕	food	129.17416	35.17307
푸른보청기	shop	129.11931	35.19039
푸른숲안경원	shop	129.17666	35.16916
푸른쌈밥	food	129.12874	35.19026
푸름보청기청각센터	shop	129.17828	35.16899
푸마	shop	129.12952	35.16882
푸쉬푸쉬	activity	129.12703	35.18981
푸쉬푸쉬	activity	129.15846	35.16296
푸짐한족발	food	129.15561	35.23138
푸짐한집	bar	129.13210	35.20024
푸짐한집	food	129.16314	35.22643
푸푸커피	cafe	129.12451	35.17516
풀당구장	activity	129.17419	35.17287
풀라토	food	129.11830	35.19764
풀소유올데이풀마니직영점	food	129.16979	35.17061
풋조이	shop	129.12952	35.16882
풍곡쌀떡방앗간	food	129.13889	35.16966
풍기마켓	shop	129.12886	35.17383
풍년떡방앗간	food	129.17481	35.17321
풍류다방컨소시엄	cafe	129.15602	35.23081
풍류별장	food	129.17738	35.16787
풍만김밥	food	129.15868	35.16630
풍미식당	food	129.12179	35.18471
풍미아구찜	food	129.17359	35.16243
풍원장에스에이치	food	129.14580	35.15404
풍원장에스에이치꼬막정찬	food	129.14333	35.15704
풍원장집밥	food	129.14540	35.15504
풍천만	food	129.16726	35.16191
풍천만민물장어	food	129.16725	35.16203
퓨마	shop	129.17666	35.16916
퓨어	shop	129.15923	35.16569
퓨전스토리쿡	food	129.16893	35.16845
프라나샵	shop	129.17382	35.16330
프라니베이커리	food	129.17808	35.16553
프라이데이비어하우스	bar	129.15683	35.16062
프라임당구클럽	activity	129.15739	35.23043
프라임엑스	shop	129.12541	35.17664
프라한	cafe	129.15768	35.16521
프라한워크룸	cafe	129.15775	35.16738
프랜치코드	stay	129.12201	35.18426
프랜치코드투	stay	129.12196	35.18439
프랭크버거	food	129.14424	35.15933
프랭크버거부산	food	129.12647	35.18916
프랭크버거부산	food	129.14875	35.22472
프랭크버거부산	food	129.13100	35.17246
프랭크버거장산역점	food	129.17738	35.16787
프레드피자	food	129.15571	35.23039
프레드피자	food	129.17455	35.16363
프레드피자재송반여점	food	129.12618	35.18974
프레스선수촌떡방앗간	food	129.12335	35.20346
프레시샐중동점	food	129.16832	35.16497
프레시홈마트	shop	129.15326	35.15884
프레임아카이브	shop	129.16225	35.16045
프레제	food	129.14482	35.15720
프렌즈스크린	activity	129.17527	35.16967
프렌치	food	129.13601	35.16906
프렌치캣신세계	shop	129.12952	35.16882
프렐린	shop	129.16124	35.16241
프렐린파크랜드	shop	129.13369	35.17092
프렛	shop	129.12952	35.16882
프로모텔	stay	129.16335	35.16166
프로스펙스반여복합점	shop	129.12081	35.20555
프로스펙스세이브존	shop	129.16145	35.16251
프로스펙스이마트	shop	129.16737	35.16602
프로양곱창	food	129.16381	35.16175
프로젝트소수	food	129.18505	35.16248
프로포즈단란주점	bar	129.12209	35.18490
프론트오브	cafe	129.19767	35.17271
프롬더네스티	shop	129.17666	35.16916
프롬티	cafe	129.16853	35.16778
프루쉬	food	129.13100	35.17246
프루업브라	shop	129.16835	35.16403
프루터리포레스트	cafe	129.19286	35.17964
프루토프루타	shop	129.15711	35.16391
프리덤버거	food	129.19784	35.17792
플라스틱아일랜드롯데	shop	129.13107	35.16985
플라워케이크세렝	shop	129.15799	35.16751
플래너리	shop	129.17201	35.17068
플랙	shop	129.12952	35.16882
플랜트미학	shop	129.16499	35.16689
플랫폼	cafe	129.20365	35.18677
플랫플랫	food	129.14661	35.15545
플러스전자	shop	129.15256	35.22074
플러스커피	cafe	129.12883	35.19033
플러스펫	shop	129.12524	35.18744
플러피크림	cafe	129.15837	35.16569
플럼피	cafe	129.15841	35.16516
플레르관광호텔	stay	129.19595	35.17536
플레이돔	activity	129.17039	35.16111
플레이빈티지	cafe	129.12756	35.18514
플레이어스스포츠	shop	129.13282	35.16781
플레이키즈프로롯데다파라	shop	129.13107	35.16985
플레이키즈프로롯데백화점	shop	129.13107	35.16985
플레이키즈프로신세계백화점	shop	129.12952	35.16882
플레인골프아카데미	activity	129.16942	35.16367
플레임커피로스터스	cafe	129.12475	35.19088
플로리오플라워	shop	129.15804	35.16557
플루온	cafe	129.14750	35.15649
플리츠미신세계	shop	129.12952	35.16882
피규어갤러리	shop	129.12541	35.17664
피그린터플라워	shop	129.17656	35.17234
피네	food	129.16293	35.16403
피숀신세계	shop	129.12952	35.16882
피스플라워	shop	129.12700	35.17463
피싱필드	shop	129.15460	35.23242
피씨넷플레이스	activity	129.17330	35.17345
피씨토랑부산직영	activity	129.11674	35.20443
피아노	bar	129.17908	35.16783
피엘라벤	shop	129.12952	35.16882
피엘시스템주	shop	129.12643	35.17544
피엠푸드	food	129.15716	35.16831
피오또	food	129.17353	35.16186
피자굽는나무꾼	food	129.11980	35.20129
피자나라치킨공주	food	129.17431	35.16275
피자나라치킨공주	food	129.12424	35.18429
피자나라치킨공주	food	129.15090	35.22285
피자나라치킨공주부산윗	food	129.16235	35.22780
피자덕	food	129.17799	35.16212
피자드시우	food	129.16621	35.16716
피자몰엔씨	food	129.17705	35.17053
피자비토랩	food	129.15478	35.23032
피자스쿨	food	129.17553	35.17810
피자스쿨부산	food	129.14757	35.15799
피자스쿨부산	food	129.15942	35.22995
피자스쿨부산	food	129.13056	35.19346
피자스쿨우동점	food	129.15725	35.16799
피자스톰	food	129.12324	35.18513
피자스톰	food	129.17529	35.16341
피자알볼로좌동점	food	129.17507	35.17419
피자알볼로직영점	food	129.12541	35.17664
피자에땅	food	129.17623	35.16818
피자연합	food	129.13159	35.17296
피자와썹	food	129.16689	35.16097
피자와썹부산반여점	food	129.13279	35.19848
피자플래넷	food	129.17059	35.17046
피제리아라르도	food	129.14580	35.15404
피치앤크림	food	129.12386	35.20780
피카소호텔	stay	129.15717	35.16069
피카소화랑	shop	129.16942	35.16367
피카아일랜드	food	129.13143	35.17191
피코메디칼	shop	129.15381	35.15879
피클점빵	cafe	129.16688	35.17735
피터스	food	129.16232	35.16340
피티스미스	activity	129.13159	35.17296
피피라운지	bar	129.13159	35.16692
픽미픽미반여점	shop	129.13113	35.19686
핀업걸	shop	129.13270	35.16636
핀홈	shop	129.14661	35.15545
필노래연습장	activity	129.16159	35.16371
필노래주점	activity	129.16012	35.16409
필립플레인	shop	129.12952	35.16882
필립플레인골프신세계센텀시티	shop	129.12952	35.16882
필유린한식당	food	129.17055	35.16062
필통노래연습장	activity	129.12327	35.20833
필하우스	shop	129.14757	35.15799
핏라이프스타일	activity	129.17601	35.17144
핏머슬짐	activity	129.16255	35.16309
핑	shop	129.12384	35.18240
핑구	food	129.17561	35.17126
핑크	bar	129.12283	35.18374
핑크	shop	129.13125	35.19976
핑크노래방	bar	129.16564	35.16282
핑크코끼리	food	129.17574	35.16880
하가원	food	129.17426	35.17340
하나	activity	129.12274	35.20778
하나골프	activity	129.17436	35.17278
하나기술단	shop	129.12585	35.17616
하나돈까스	food	129.19750	35.17894
하나돈까스반여점	food	129.11946	35.19582
하나로유통	shop	129.12589	35.18403
하나분식	food	129.14946	35.22636
하나비	bar	129.14686	35.15600
하나약국	shop	129.17506	35.17762
하나약국	shop	129.14097	35.16754
하나엠엔씨	stay	129.20109	35.18102
하나의카사	stay	129.16219	35.16826
하나타코	food	129.16752	35.17306
하네자	shop	129.12952	35.16882
하누옥	food	129.18043	35.17053
하늘과일	shop	129.14070	35.16784
하늘농원	shop	129.13329	35.19979
하늘복권방	activity	129.17768	35.16957
하늘분식	food	129.15077	35.22261
하늘아늘	food	129.16126	35.22968
하늘온누리약국	shop	129.13082	35.19712
하니바니	shop	129.16231	35.16140
하다	shop	129.17431	35.16199
하단할매재첩국	food	129.13347	35.19976
하데나	food	129.17204	35.16283
하도족발	food	129.12727	35.17572
하동메기매운탕	food	129.13012	35.19651
하동상회	shop	129.12903	35.19594
하동식육점	shop	129.16233	35.16172
하라주쿠	shop	129.14482	35.15720
하레	cafe	129.11762	35.21017
하레마	food	129.14482	35.15720
하로스에프앤비	shop	129.13346	35.16714
하로월드	shop	129.14757	35.15799
하루	bar	129.17584	35.17091
하루끝집	bar	129.13246	35.16987
하루비결연구소	shop	129.12986	35.17302
하루에바	bar	129.17688	35.17352
하루엔소쿠	food	129.12727	35.17572
하루참치	food	129.16294	35.16308
하루쿡신세계센텀시티	shop	129.12952	35.16882
하루호텔	stay	129.20280	35.18411
하르당	cafe	129.17768	35.16967
하마가정식백반	food	129.12342	35.20849
하모니	activity	129.12648	35.18879
하모니노래연습장	activity	129.12648	35.18879
하모니더골프	activity	129.17767	35.17098
하모초벌삼겹	food	129.16802	35.16133
하바나	bar	129.15517	35.15983
하바드치킨	food	129.12527	35.21069
하버굿즈	activity	129.13237	35.16769
하버토이	activity	129.13282	35.16781
하브커피	cafe	129.15718	35.16444
하삼동	cafe	129.13143	35.17191
하삼동	cafe	129.14692	35.15664
하삼동아이파크점	cafe	129.14333	35.15704
하삼동커피	cafe	129.13914	35.17020
하삼동커피	cafe	129.17768	35.16957
하삼동커피	cafe	129.15985	35.16193
하삼동커피	cafe	129.12566	35.18656
하삼동커피	cafe	129.15472	35.23237
하삼동커피반여롯데	cafe	129.12335	35.20346
하삼동커피반여점	cafe	129.11869	35.19936
하삼동커피센텀	cafe	129.11759	35.19106
하삼동커피센텀파크점	cafe	129.12328	35.17950
하삼동커피송정비치점	cafe	129.20348	35.18089
하삼동커피아랫	cafe	129.14942	35.22436
하삼동커피윗	cafe	129.15472	35.23239
하삼동커피좌동신곡점	cafe	129.18310	35.16808
하삼동커피좌동양운점	cafe	129.16825	35.17382
하삼동커피좌동점	cafe	129.17598	35.17739
하삼동커피탑마트점	cafe	129.17163	35.16912
하선	food	129.17733	35.16218
하솔에프앤비	food	129.17041	35.17041
하숙집	food	129.13203	35.16720
하숙집	food	129.12643	35.17544
하승재중식면관	food	129.15756	35.23148
하얀오징어	food	129.16999	35.16113
하얼빈샤브샤브양꼬치	food	129.17562	35.17228
하오돼지국밥	food	129.16564	35.16282
하오친	food	129.17940	35.16844
하온	shop	129.12340	35.20018
하와이김밥	food	129.14276	35.16835
하우스빈	bar	129.16113	35.15983
하운드송정	stay	129.20141	35.18120
하은	shop	129.13107	35.16985
하이마리	shop	129.14692	35.15664
하이브뮤직타운	bar	129.16149	35.16113
하이얀	shop	129.17597	35.16851
하이엔드	bar	129.15381	35.15879
하이엔드골프라운지	activity	129.12843	35.17400
하이오	cafe	129.14255	35.16116
하이오	cafe	129.14875	35.22472
하이오커피	cafe	129.14651	35.16310
하이오커피반여점	cafe	129.13130	35.19770
하이오커피아시아선수촌점	cafe	129.12248	35.20373
하이오커피우동점	cafe	129.13974	35.16447
하이오커피재송동부지청점	cafe	129.12746	35.18944
하이점핑핏클럽	shop	129.14692	35.15664
하이트	bar	129.12150	35.19194
하이폰	shop	129.12643	35.17544
하인드	shop	129.18293	35.17563
하임이네	food	129.16066	35.22678
하진이네	food	129.19401	35.16205
하카반여동	shop	129.12258	35.20708
하카전자담배센텀역	shop	129.12650	35.17658
하카전자담배역직영점	shop	129.15925	35.16357
하카전자담배중동	shop	129.16821	35.16495
하태가비명품대구생막창	food	129.12623	35.18763
하트	cafe	129.14876	35.22823
하트노래연습장	activity	129.13143	35.19851
하프타임	shop	129.15615	35.23101
하하호호	shop	129.16808	35.16469
한가람산채비빔밥	food	129.18112	35.17486
한가람스크린골프	activity	129.11595	35.20464
한강식당	food	129.15213	35.22378
한국가구부산주	shop	129.16526	35.16249
한국감정금매입금거래소	shop	129.14692	35.15664
한국게임산업협회	cafe	129.12562	35.17272
한국금융금거래소	shop	129.14482	35.15720
한국금은거래소	shop	129.17590	35.17244
한국금은거래소센텀역	shop	129.13236	35.16927
한국금은거래소장산역	shop	129.17695	35.16993
한국네스카페	shop	129.12986	35.17302
한국도기	shop	129.15517	35.23157
한국마트	shop	129.16001	35.22950
한국마트정육점	shop	129.16001	35.22950
한국순금거래소	shop	129.16862	35.16665
한국순금거래소홀리골드좌동점	shop	129.17149	35.17657
한국워디언케이스협회	shop	129.12364	35.18222
한국유통경영컨설팅	shop	129.17705	35.17053
한국인	bar	129.16792	35.17274
한국재활메디슨	shop	129.13177	35.19167
한국체육교육개발원	activity	129.17794	35.16863
한국파파존스	food	129.13143	35.17191
한국파파존스	food	129.15073	35.15817
한국해양레포츠송정마리나	activity	129.19773	35.17404
한국해양콘텐츠협회	activity	129.15208	35.15659
한그릇	food	129.18183	35.17430
한끼	food	129.16316	35.16342
한나네폰가게	shop	129.14838	35.22608
한나의카사	stay	129.16219	35.16826
한날한시	food	129.17655	35.17149
한누리축산	shop	129.13222	35.19991
한독정보기술	shop	129.15806	35.16740
한라문구	shop	129.18232	35.17090
한량	bar	129.16149	35.16113
한마당포차	food	129.17507	35.17306
한마음	shop	129.15515	35.16823
한마음정육식당센텀	food	129.11589	35.19155
한미타임솔루션	shop	129.12657	35.18617
한보슈퍼	shop	129.13001	35.18678
한부산오뎅	bar	129.12580	35.18732
한빔한복	shop	129.13282	35.16781
한빛기사식당	food	129.12637	35.18189
한빛에듀	shop	129.12774	35.19055
한살림부산생활협동조합	shop	129.15073	35.15817
한샘리하우스굿네오	shop	129.12131	35.19608
한성판유리	shop	129.15053	35.22318
한솔약국	shop	129.17528	35.17816
한솥도시락	food	129.12343	35.20031
한솥도시락센텀	food	129.12643	35.17544
한솥도시락센텀벡스코앞점	food	129.13258	35.16744
한솥도시락좌동	food	129.17656	35.17234
한솥도시락중동구청점	food	129.16281	35.16289
한스델리	food	129.13369	35.17092
한식다이닝오션페어링클럽	food	129.16218	35.16015
한식당	food	129.13601	35.16906
한쌈한정식	food	129.12691	35.18657
한아름마트	shop	129.14851	35.22449
한양	food	129.12395	35.18572
한양김치찜	food	129.12622	35.18997
한양떡방앗간	food	129.13032	35.19232
한양마트	shop	129.13066	35.19624
한양분식	food	129.12367	35.18658
한양에프엔비조선속초코다리냉면	food	129.13107	35.16985
한양왕족발	food	129.12502	35.20974
한양왕족발	food	129.17481	35.17321
한양축산	shop	129.12367	35.18658
한어부의고등어사랑	food	129.15674	35.16188
한옥마을전주비빔밥부산반여점	food	129.11570	35.19659
한옥집	food	129.14757	35.15799
한우	food	129.15645	35.16170
한우곰탕나라	food	129.16802	35.16133
한우돈	food	129.11785	35.18981
한우리가	food	129.16537	35.16340
한우리식육식당	food	129.17420	35.17397
한우뭉치	food	129.17452	35.17414
한우반근집	food	129.15887	35.16159
한우반상	food	129.17266	35.15801
한우본가	food	129.17669	35.17372
한우사바끼	food	129.17872	35.16156
한우숯불양곱창	food	129.17078	35.16589
한우촌	shop	129.12328	35.17950
한울글로벌	stay	129.15679	35.16103
한유정한과	food	129.12118	35.19028
한일그린골드	shop	129.12975	35.19435
한일글로벌	shop	129.15966	35.16182
한일매트	shop	129.14870	35.22747
한일매트직판장	shop	129.12943	35.19469
한일전자	shop	129.14809	35.23049
한전식당	food	129.14474	35.16017
한진상사	shop	129.12918	35.21227
한진유통	shop	129.12633	35.17956
한창어반스테이센텀	stay	129.13282	35.16781
한창헬스	activity	129.18322	35.16855
한판치킨	food	129.12425	35.18743
한화호텔앤드리조트지점	stay	129.14507	35.15445
할리스부산	cafe	129.18298	35.15916
할리스커피부산	cafe	129.13245	35.16667
할리스커피부산	cafe	129.16156	35.15989
할리스커피부산	cafe	129.19654	35.17468
할매국수	food	129.13131	35.19461
할매김밥	food	129.16274	35.16238
할매맛죽	food	129.17319	35.17279
할매보쌈부대찌개	food	129.12856	35.19083
할매복국	food	129.17152	35.16092
할매손충무김밥	food	129.14324	35.15482
할매집	food	129.16490	35.16310
할매집원조복국	food	129.17058	35.15887
할매집회국수	food	129.18183	35.17430
할매칼국수	food	129.16410	35.16413
할매탕	activity	129.16487	35.16306
할머니가게	shop	129.16511	35.16434
할머니의부뚜막	food	129.12585	35.17616
함가네반찬	shop	129.15007	35.22960
함가자	shop	129.17723	35.16020
함경면옥	food	129.12952	35.16882
함박마을	food	129.12523	35.20481
함안식당	food	129.12243	35.20784
함양마트	shop	129.20692	35.19467
함지박	food	129.12601	35.18854
함흥냉면	food	129.12647	35.18438
함흥냉면	food	129.15334	35.23189
합천돼지국밥	food	129.16127	35.16383
합천야채	shop	129.11624	35.19249
합천왕돼지국밥	food	129.12416	35.18704
핫스팟빙수	cafe	129.14590	35.16307
해광공조	shop	129.20606	35.19695
해광에프앤씨매드독스피자엔파스타직영점	food	129.15960	35.16226
해광에프앤씨원피스피자	food	129.15960	35.16226
해금강곰장어	food	129.16266	35.16207
해남짬뽕	food	129.16280	35.16288
해담	food	129.16619	35.17059
해담노래방	bar	129.17162	35.15968
해담소곱창순대국	food	129.13282	35.16781
해동편의점	shop	129.20042	35.18440
해동한약품	shop	129.15940	35.16548
해두리치킨신도시점	food	129.17469	35.17252
해리단그랑블루	stay	129.15822	35.16502
해리단길	heritage	129.15760	35.16484
해리단길스탠다드번	food	129.15810	35.16494
해리단연탄구이	food	129.15846	35.16666
해리돼지국밥	food	129.15983	35.16613
해리마켓	shop	129.15893	35.16512
해리움호텔	stay	129.15331	35.15930
해리제이케이크	food	129.15804	35.16557
해림	food	129.19689	35.16890
해림	shop	129.15430	35.16019
해림이네	food	129.19444	35.16260
해림한식뷔페	food	129.15596	35.15971
해맑은약국	shop	129.12513	35.18555
해목	food	129.15968	35.16186
해물포차	food	129.11897	35.19752
해방감자탕본점	food	129.12209	35.18482
해변노래연습장	activity	129.20424	35.18245
해변포차	bar	129.16680	35.16191
해복	food	129.16802	35.16133
해성막창집	food	129.16302	35.16378
해성막창집	food	129.12727	35.17572
해성막창집	food	129.16582	35.16154
해성막창집배달	food	129.17059	35.17046
해성막창집본점	food	129.16328	35.16390
해성약국	shop	129.15927	35.16346
해성횟집	food	129.15686	35.23145
해송갈비	food	129.16274	35.16238
해송스크린	activity	129.12389	35.18604
해송식당	food	129.19722	35.17957
해송축산	shop	129.16274	35.16238
해수기네군것질	shop	129.16262	35.16166
해신떡신세계떡공장	food	129.17452	35.17414
해오름	shop	129.13107	35.16985
해오름	bar	129.16580	35.16286
해우리	cafe	129.13897	35.16975
해운고택	stay	129.16267	35.16172
해운당	cafe	129.16842	35.16465
해운대	bar	129.15879	35.16186
해운대관광안내소	heritage	129.16031	35.15915
해운대구문화복합센터	etc	129.12143	35.18210
해운대기와집대구탕	food	129.17001	35.16117
해운대리버크루즈	activity	129.12732	35.16792
해운대문화회관	heritage	129.17403	35.17118
해운대미포속씨원한대구탕	food	129.15544	35.16086
해운대밀면	food	129.16570	35.16340
해운대센텀호텔	stay	129.13284	35.16785
해운대수목원	nature	129.13260	35.23040
해운대시장	shop	129.16271	35.16148
해운대암소갈비집	food	129.16642	35.16316
해운대온천센터	activity	129.16458	35.16344
해운대하얀오징어집	food	129.17001	35.16117
해운대해수욕장	beach	129.16028	35.15908
해운데이	stay	129.16335	35.16366
해운도서	shop	129.11797	35.18983
해운마루	food	129.17361	35.15700
해운메디약국	shop	129.15721	35.16223
해운옥숯불가든	food	129.14757	35.15799
해운푸드스토리	shop	129.15756	35.16837
해운풍경	bar	129.17296	35.16201
해운할인마트	shop	129.12682	35.18108
해운회관	food	129.15920	35.16235
해움아이티	shop	129.12986	35.17302
해원	shop	129.17768	35.16957
해원	shop	129.15924	35.16288
해월목	food	129.17675	35.15724
해월전망대	heritage	129.18264	35.15588
해월정	heritage	129.18164	35.15676
해이	stay	129.15769	35.16156
해이포드앤로즈더한섬하우스	shop	129.16919	35.16814
해인유통	shop	129.15756	35.16837
해장국삼형제	food	129.15017	35.22473
해장쌀국수집	food	129.17462	35.16301
해장원	food	129.12727	35.17572
해조횟집	food	129.12377	35.20138
해주면옥	food	129.16457	35.16270
해천슈퍼	shop	129.15282	35.22036
해초과메기	bar	129.17279	35.16285
해피맘	shop	129.11798	35.20907
해피보틀	shop	129.16221	35.16153
해피샐러드클럽	food	129.16992	35.16897
해피아이스크림	shop	129.14904	35.22495
해피안	shop	129.12571	35.18771
해피안의료기	shop	129.15635	35.23124
해피유앤아이	shop	129.16241	35.16693
해피존스크린골프	activity	129.17464	35.15975
핵밥	food	129.15961	35.16330
핵밥벡스코점	food	129.13258	35.16744
핸섬하게	food	129.17403	35.16156
햄튼	bar	129.16658	35.16020
햄튼커피	cafe	129.16064	35.16225
햅번	shop	129.13984	35.16688
햅번	shop	129.17774	35.16302
햇님약국	shop	129.16899	35.16602
햇살가득스테이	stay	129.17325	35.16225
햇살머믄꼬마김밥	food	129.11772	35.18999
햇살머믄꼬마김밥	food	129.17136	35.17650
햇살머믄꼬마김밥송정점	food	129.20280	35.18316
행복구제	shop	129.14961	35.22389
행복김밥	food	129.17766	35.17097
행복꽃집	shop	129.12303	35.18792
행복나눔	activity	129.11781	35.21294
행복만들기	food	129.17768	35.16957
행복미소마당	shop	129.12605	35.18545
행복사랑	shop	129.12528	35.20942
행복상회	shop	129.11904	35.19478
행복슈퍼	activity	129.20211	35.18545
행복식당	food	129.16802	35.16133
행복식당회조개구이해물탕곰장어	food	129.16075	35.16036
행복약국	shop	129.11757	35.19103
행복온누리약국	shop	129.11897	35.19752
행복찬	shop	129.17149	35.17657
행복커피	cafe	129.14951	35.22460
행복한느림보이흥용과자점	food	129.12952	35.16882
행복한밥상	food	129.17539	35.17282
행복한빅마마삼겹	food	129.17828	35.16899
행복한약국	shop	129.13265	35.17302
행복한약국	shop	129.16195	35.16226
행복한오리	food	129.17288	35.17385
행복한장내과	shop	129.16098	35.16362
행복한장터	shop	129.12367	35.18658
행복한찹쌀꽈배기	food	129.17394	35.17376
행복한테디	shop	129.14846	35.22763
행복한하루	shop	129.17768	35.16957
행운김밥	food	129.17598	35.17739
행운노래연습장	activity	129.13056	35.19889
행운로또복권	activity	129.17668	35.17355
행운스피또연금복권방	activity	129.16012	35.16409
행운쌀마트	shop	129.15095	35.22154
행운의집	activity	129.15314	35.22992
행운포차	food	129.13109	35.19656
행커	food	129.18196	35.16001
향기가나는아이	shop	129.16677	35.16740
향나무집	food	129.17381	35.17370
향수해	cafe	129.19586	35.17610
향어나라	food	129.14913	35.22377
향원정	food	129.12762	35.18907
향유재엄마밥상	food	129.18888	35.16285
향은화장품	shop	129.15687	35.23160
허가남원추어탕달맞이	food	129.17535	35.15983
허교수스시	food	129.16802	35.16133
허니	shop	129.16680	35.16191
허니	bar	129.15596	35.15971
허니바	food	129.16221	35.16153
허니뷰티	shop	129.16892	35.16640
허니비	cafe	129.16242	35.16995
허먼갤러리	shop	129.16942	35.16367
허브에스테틱	shop	129.16243	35.22665
헐리우드당구장	activity	129.17818	35.16828
헐크롱골프아카데미	activity	129.12541	35.17664
헝그리포크	food	129.17495	35.17197
헤라	shop	129.17766	35.17097
헤라	bar	129.17066	35.15972
헤라	bar	129.12256	35.18374
헤리티지스페이스	stay	129.16127	35.16383
헤아림	shop	129.15794	35.16623
헤이	shop	129.14540	35.15504
헤이븐	cafe	129.16240	35.16952
헤이송정하우스	stay	129.19762	35.17953
헤이스테이	stay	129.16064	35.16225
헤이패티	food	129.15846	35.16296
헤즈업	bar	129.11961	35.20074
헤즈업	food	129.17777	35.16810
헤즈업홀덤펍	bar	129.15978	35.16209
헬로데이	food	129.13973	35.17493
헬로우삼겹살	food	129.16048	35.16615
헬로우스시칸전복죽	food	129.15073	35.15817
헬로우아시아	food	129.16102	35.16137
헬로인디아알와하	food	129.16060	35.16198
헬리오스	bar	129.13261	35.19234
헬스웨어	activity	129.15988	35.16646
헬스케어재활센터	activity	129.12517	35.18168
헬스트론부산본부	shop	129.14424	35.15933
헬씨키친	shop	129.17535	35.16843
헬짐	activity	129.13447	35.17173
헵시바	shop	129.17774	35.16302
헵시바	shop	129.13886	35.17042
헷세드부산지점주	shop	129.17149	35.16207
혀니부엌	shop	129.17076	35.16966
혁이양행	shop	129.13052	35.19270
현단란주점	bar	129.12645	35.18869
현대금거래소	shop	129.13810	35.16973
현대낚시	shop	129.20026	35.18223
현대노래연습장	activity	129.15685	35.23245
현대떡방앗간	food	129.11826	35.20934
현대민박	stay	129.20405	35.18250
현대안경	shop	129.12118	35.19028
현대종합커튼	shop	129.16891	35.17355
현대콘택드안경	shop	129.16236	35.16263
현두상회	shop	129.12952	35.16882
현스	shop	129.16942	35.16367
현역가왕원탁가라오케	bar	129.12648	35.18879
현이식당	food	129.18112	35.16079
현재유통	shop	129.11871	35.20643
현재활운동센터	activity	129.14424	35.15933
현커피	cafe	129.14757	35.15799
현컴퍼니	shop	129.13203	35.16720
현텔레콤	shop	129.15517	35.23237
현푸드	food	129.16825	35.17382
현풍닭칼국수	food	129.16618	35.17043
현풍닭칼국수	food	129.13143	35.17191
현현	cafe	129.17841	35.16182
현화당	shop	129.13143	35.17191
협진원	stay	129.15654	35.16024
형아우의꿈	food	129.17153	35.16807
형제낚시마트	shop	129.19967	35.18137
형제전통돼지국밥	food	129.16147	35.16083
형제텔레콤	shop	129.17574	35.16880
혜경상회	shop	129.12933	35.18777
혜당생활과학	shop	129.15721	35.23087
혜덕	food	129.16928	35.17306
혜솔	shop	129.15442	35.23045
혜승유통	food	129.16031	35.16686
혜안닭칼국수	food	129.15899	35.16529
혜인상회	shop	129.17446	35.17306
혜자네	food	129.16227	35.16114
혜천약국	shop	129.16236	35.16263
호가오겹	food	129.14686	35.15600
호광유통	food	129.16797	35.16755
호돌이노래연습장	activity	129.12625	35.18331
호두나무떡방	food	129.17386	35.18067
호랑이젤라떡	food	129.17119	35.15851
호로록망고사고	cafe	129.17845	35.16877
호맥	food	129.12372	35.18750
호미스피자	food	129.17567	35.16109
호박	bar	129.13147	35.20086
호수	cafe	129.14796	35.22552
호시	food	129.16658	35.16020
호식당	food	129.17940	35.16844
호식이두마리치킨	food	129.15379	35.23061
호식이두마리치킨	food	129.12532	35.18796
호식이두마리치킨우동점	food	129.14490	35.16367
호야상회	shop	129.15638	35.23104
호야수산	shop	129.13180	35.19605
호야푸드	food	129.17489	35.16939
호연실	shop	129.13346	35.16714
호온스시	food	129.15806	35.16454
호이안	food	129.19657	35.17610
호주면세점직영할인점	shop	129.13984	35.16688
호주에서온스시	food	129.12623	35.18785
호테이	food	129.17510	35.17441
호텔가비오타	stay	129.15841	35.16247
호텔고준관	stay	129.20516	35.18246
호텔까멜리아	stay	129.16113	35.15983
호텔더마크해운대	stay	129.16690	35.16083
호텔더히트	stay	129.12271	35.18455
호텔라온	stay	129.19735	35.17765
호텔로	stay	129.12280	35.18443
호텔리엔	stay	129.15662	35.16079
호텔센텀	stay	129.12233	35.18401
호텔야자	stay	129.15366	35.15913
호텔에스원	stay	129.15755	35.16141
호텔에이	stay	129.15756	35.16061
호텔에이치디씨부산	stay	129.14187	35.15658
호텔오	stay	129.15919	35.16122
호텔온나	stay	129.15904	35.16166
호텔와우	stay	129.15917	35.16060
호텔웨스턴	stay	129.12272	35.18355
호텔인트로	stay	129.15347	35.15903
호텔일루아	stay	129.17450	35.15890
호텔일루아주	stay	129.17449	35.15893
호텔준	stay	129.15870	35.16206
호텔홍단	stay	129.20534	35.18177
호프노래주점	bar	129.15623	35.23172
호프힐주	shop	129.12617	35.20596
호호닭발	food	129.16023	35.16133
호호분식	food	129.12335	35.20346
호호불닭발	food	129.12360	35.18752
호호빙마마	food	129.15794	35.16529
호호순두부식당	food	129.17767	35.17098
호호찬방	food	129.12359	35.17676
혼가먼트신세계센텀	shop	129.12952	35.16882
홀덤스타즈앤바	bar	129.17632	35.17099
홀리라운지	food	129.19784	35.17792
홀마트	shop	129.13085	35.19731
홀스코어	shop	129.12643	35.17544
홀인원골프존	activity	129.11690	35.19608
홀인원복권방	activity	129.11615	35.20285
홈닥터	shop	129.18374	35.16625
홈런골프	activity	129.15645	35.16170
홈런볼	bar	129.15497	35.15986
홈런볼	bar	129.15605	35.16017
홈루덴스	shop	129.18254	35.15962
홈비스트로	food	129.17499	35.15858
홈세일마트	shop	129.14762	35.16344
홈트마미	activity	129.12822	35.17456
홈플러스도서문화비	shop	129.13369	35.17092
홈플러스부산센텀시티미샤	shop	129.13369	35.17092
홉슈크림	food	129.15873	35.15980
홍대개미신세계백화점	food	129.12952	35.16882
홍루이젠좌동점	food	129.17578	35.17745
홍성루	food	129.20440	35.18169
홍시	bar	129.17552	35.17140
홍씨언니제주뒷통구이	food	129.17420	35.17311
홍우동	food	129.14796	35.16242
홍유단	food	129.17450	35.17246
홍이돼지국밥	food	129.16846	35.16753
홍이집	food	129.16734	35.17252
홍이집	food	129.12700	35.19018
홍익트레이딩	shop	129.12986	35.17302
홍콩반점장산	food	129.17826	35.16817
홍콩의거리	bar	129.13097	35.19804
홍해관	food	129.17315	35.16327
화규	food	129.17487	35.17461
화난소갈비찜	food	129.17935	35.17150
화담정	food	129.11712	35.19948
화덕에구어락	food	129.17253	35.17113
화덕으로간고등어반여점	food	129.11901	35.20327
화랑	shop	129.20291	35.18080
화랑공업사	shop	129.14202	35.17167
화로다찌	bar	129.12571	35.18771
화명수상레포츠	activity	129.12970	35.21173
화목	food	129.12442	35.18738
화목복권방	activity	129.16226	35.16282
화목숙소	stay	129.13181	35.19757
화목식당	food	129.17767	35.17098
화목원	food	129.17244	35.17135
화목토플라워	shop	129.12108	35.21691
화목통신	shop	129.17767	35.17098
화방촌	shop	129.14851	35.22815
화성숯불로	food	129.14891	35.22517
화신의료기	shop	129.18112	35.17486
화신향	food	129.12651	35.18131
화양연화	food	129.15768	35.16534
화양연화	shop	129.17666	35.16916
화오뎅	food	129.17768	35.16957
화원베트남노래주점	bar	129.17601	35.17144
화이텐부산	shop	129.17076	35.16966
화이트네일	shop	129.14692	35.15664
화이트쥬얼리	shop	129.15701	35.23140
화인약국	shop	129.17666	35.16916
화인웍스	shop	129.19630	35.17372
화인크리닉약국	shop	129.17558	35.17046
화장품마트	shop	129.16286	35.16246
화장품마트	shop	129.12948	35.19616
화장품천국	shop	129.14844	35.22717
화화돼지왕갈비	food	129.15648	35.23015
화화돼지왕갈비	food	129.12978	35.19305
화화반여점	food	129.11674	35.20443
환유	shop	129.16225	35.16163
환타지노래연습장	activity	129.13122	35.19729
환타지아노래주점	bar	129.16381	35.16175
활어회센타	food	129.16281	35.16185
황궁쟁반짜장	food	129.15556	35.23199
황궁쟁반짜장	food	129.12437	35.18796
황금대박명당	activity	129.12588	35.18494
황금로또	activity	129.17427	35.17248
황금로또	activity	129.11989	35.20324
황금마차	food	129.16188	35.16312
황금산곰장어	food	129.16188	35.16084
황금새우	food	129.17530	35.17355
황금소	food	129.14580	35.15404
황금양행	shop	129.13206	35.19994
황금어장	food	129.16942	35.16367
황금열쇠로또복권방	activity	129.12179	35.20654
황금조개구이횟집해물탕곰장어	food	129.16114	35.16045
황금코다리	food	129.16615	35.17000
황금투자금거래소엘시티점	shop	129.16802	35.16133
황실유럽자수반여점	shop	129.13154	35.19918
황용아구찜	food	129.13546	35.20123
황장군돼지국밥그리고족발	food	129.17518	35.17177
황제갈비살시대재송	food	129.12571	35.18771
황제골프	activity	129.16873	35.16617
황제단란주점	bar	129.12122	35.18777
황제룸노래방	bar	129.17601	35.17066
황제찹쌀꽈배기	food	129.18324	35.17246
황진이	bar	129.12195	35.18448
황태마을	food	129.12215	35.20659
황태자	bar	129.17601	35.17066
황태자왕대패	food	129.13113	35.19155
황형범당구아카데미	activity	129.17788	35.16875
회나가요	food	129.17667	35.17356
회담	food	129.20424	35.18245
회를품은달	food	129.14482	35.15720
회사랑	food	129.11982	35.20317
회오름	food	129.17322	35.16315
회운대	food	129.17267	35.16246
회춘	food	129.17294	35.15746
회포	food	129.13073	35.19734
회포차	food	129.15456	35.23072
횟집	food	129.17119	35.15851
효문구제	shop	129.16302	35.16279
효선재	food	129.20313	35.18706
효성쇼파	shop	129.12690	35.19008
효성스크린	activity	129.11219	35.20439
효원약국	shop	129.13251	35.20002
효이데이	stay	129.13282	35.16781
효횟집	food	129.13261	35.19234
후다닭춘천닭갈비	food	129.12843	35.17400
후라밍고	shop	129.17705	35.17053
후라이드참잘하는집	food	129.13084	35.19512
후라이드참잘하는집좌동점	food	129.17244	35.17135
후레쉬원마트	shop	129.14974	35.22479
후루룩칼국수	food	129.14983	35.22566
후스후무무	food	129.17144	35.16076
후야네	food	129.17481	35.17375
후크앤타임	shop	129.12451	35.17516
후크전자담배부산	shop	129.18043	35.17053
후화원	shop	129.19985	35.18309
후후박스	food	129.18112	35.17486
훈스셀렉트	shop	129.16689	35.16097
훈식당	food	129.14327	35.15908
훈이네	shop	129.15410	35.23129
훈이네	bar	129.17210	35.16244
훈이네과일	shop	129.13303	35.19997
훈이네김밥	food	129.15411	35.15992
훈이축산	shop	129.12367	35.18658
훠위엔	food	129.17512	35.17452
훼미모드바바라신세계백화점	shop	129.12952	35.16882
훼밀리치킨	bar	129.12403	35.20858
휘겔리호텔	stay	129.17191	35.15848
휠라	shop	129.12952	35.16882
휴	cafe	129.16994	35.17871
휴가건설	stay	129.15674	35.15956
휴담파트너스	stay	129.15522	35.16001
휴대폰	shop	129.17491	35.16933
휴대폰성지	shop	129.12359	35.17676
휴대폰성지알람폰루피통신	shop	129.17940	35.16844
휴대폰성지에스디모바일	shop	129.11674	35.19960
휴대폰성지판다폰	shop	129.17405	35.17932
휴대폰주민센터우동점	shop	129.15668	35.16848
휴대폰특공대센텀	shop	129.12359	35.17676
휴동전노래연습장	activity	129.16067	35.16190
휴림	shop	129.11670	35.20812
휴먼푸드	food	129.15962	35.16445
휴모바일	shop	129.13916	35.17030
휴식공간	stay	129.15625	35.16933
휴테	food	129.16802	35.16133
흑기와	food	129.14194	35.23732
흑돈하르방	food	129.12643	35.17544
흑돼지쌈밥	food	129.15757	35.23155
흑산도전복	food	129.17479	35.17350
흑송	food	129.19651	35.17501
흑심	food	129.15901	35.16249
흥부네대박터지는집	food	129.16039	35.22961
흥직상회	shop	129.13185	35.19997
희망명가	food	129.19983	35.18161
희망컴퓨터	shop	129.18112	35.17486
희망행복권방	activity	129.12796	35.19096
희선	shop	129.12166	35.18637
희우리	bar	129.12592	35.18745
히딩크	stay	129.20384	35.18108
히르커피	cafe	129.16294	35.16308
히마이	food	129.12445	35.20743
히봉	food	129.15775	35.16649
히어랜딩	shop	129.12340	35.20018
히트	activity	129.17739	35.16868
히포히포	food	129.17637	35.17318
히피몬드	shop	129.15812	35.16467
히피몬드해리단길점	shop	129.15806	35.16510
힐링먹거리	bar	129.14933	35.22664
힐링쿡	shop	129.13984	35.16688
힐즈가든	shop	129.17076	35.16966
힐포차	food	129.17986	35.16252
힘센낙지	food	129.15588	35.23033
힘쎈민물장어	food	129.12687	35.18891
힘쎈민물장어	food	129.17356	35.17368
힘찬장어	food	129.17244	35.17069
힙포	food	129.18311	35.17107
７번가피자	food	129.12553	35.18741
９９양행	shop	129.12878	35.19507
갤러리이알디 부산	heritage	129.16396	35.16103
고이비토 부산	shop	129.13234	35.17330
고흐의 길	nature	129.18365	35.17590
골든듀 신세계센텀	shop	129.12955	35.16886
골프존마켓 부산센터	shop	129.17006	35.17024
구구스 해운대마린점	shop	129.15049	35.15756
금수복국 해운대본점	food	129.16449	35.16242
다비치안경 해운대해수욕장입구점	shop	129.15981	35.16288
다이소 부산센텀시티점	shop	129.13159	35.17296
다이소 부산해운대마린시티점	shop	129.14333	35.15704
다이소 부산해운대장산본점	shop	129.17464	35.16902
다이소 부산해운대점	shop	129.15973	35.16296
똘키즈에이치비티 해운대센터	shop	129.16020	35.16286
럭스보이 마린시티	shop	129.14395	35.15690
롯데백화점 센텀시티점	shop	129.13107	35.16985
롯데하이마트 센텀점	shop	129.12555	35.18005
롯데하이마트 해운대점	shop	129.17354	35.16802
루이비통 신세계센텀	shop	129.12955	35.16886
류센소 본점	food	129.15623	35.16163
뮤지엄 원	heritage	129.12903	35.17137
미꼬쥬얼리 신세계센텀	shop	129.12955	35.16886
베스트웨스턴 해운대호텔	stay	129.16118	35.16051
부산 올림픽동산	nature	129.13185	35.16455
부산 투어지	activity	129.13505	35.16582
부산 해운대도서관	heritage	129.16896	35.17788
부산도시공사 아르피나	stay	129.13823	35.16464
부산시립미술관별관 이우환공간	heritage	129.13727	35.16676
부산요트투어 고고요트	activity	129.14153	35.16082
부산요트투어 더요트	activity	129.14121	35.16050
브라운도트호텔 송정점	stay	129.19734	35.17880
블루스토리 호텔	stay	129.15751	35.15995
삼성스토어 해운대	shop	129.17294	35.17202
샤브막심 송정본점	food	129.19749	35.17123
샤브야 본점	food	129.18232	35.15818
세이브존 해운대점	shop	129.16125	35.16240
센텀시티 스파랜드	activity	129.12952	35.16882
센텀시티 아이스링크	activity	129.12955	35.16886
센트럴약국 해운대	shop	129.16822	35.16567
소노문 해운대	stay	129.15797	35.15992
속시원한 대구탕	food	129.18412	35.16102
쇼메 신세계센텀	shop	129.12955	35.16886
수영만 요트경기장	activity	129.14057	35.16093
시그니엘 부산	stay	129.16838	35.16106
신세계백화점 센텀시티점	shop	129.12952	35.16882
싱싱뽈락회 해운대본점	food	129.15714	35.15971
아이젠트리 본점	shop	129.17526	35.16967
아이젠트리안경 마린시티	shop	129.14395	35.15690
아티성블렁제리 빵빵빵	food	129.14454	35.15453
애드파골프 센텀점	shop	129.13273	35.17286
에르메스 신세계센텀	shop	129.12955	35.16886
엘시티 레지던스	stay	129.16828	35.16191
예이제 한정식	food	129.16690	35.16098
오렌즈 해운대비치점	shop	129.15845	35.16296
오렌즈 해운대점	shop	129.17664	35.16914
오설록티하우스 해운대점	shop	129.16082	35.16089
올리브영 마린시티점	shop	129.14669	35.15479
올리브영 부산마린시티아이파크점	shop	129.14333	35.15704
올리브영 부산벡스코점	shop	129.13245	35.16667
올리브영 부산센텀점	shop	129.13246	35.16987
올리브영 부산장산역점	shop	129.17677	35.17129
올리브영 부산장산점	shop	129.17778	35.16886
올리브영 센텀중앙로점	shop	129.12922	35.17359
올리브영 이마트해운대점	shop	129.16737	35.16602
올리브영 해운대센트럴점	shop	129.16132	35.16464
올리브영 해운대엘시티점	shop	129.16801	35.16133
올리브영 해운대역점	shop	129.15908	35.16298
올리브영 해운대중동점	shop	129.16822	35.16567
올리브영 해운대중앙점	shop	129.16089	35.16176
와인픽스 센텀점	shop	129.13246	35.16987
와타플러스 해운대	shop	129.15964	35.16335
이마트 해운대점	shop	129.16737	35.16602
이코노미 해운대점	stay	129.15911	35.16232
정관장 부산중동점	shop	129.16874	35.16613
정관장 우동점	shop	129.15726	35.16316
청사포 기찻길	activity	129.17285	35.15820
청사포 다릿돌전망대	heritage	129.19538	35.16331
청사포 횟집촌	heritage	129.19385	35.16162
카시나 해운대	shop	129.15961	35.15971
캔버스 블랙	stay	129.15301	35.15941
콜렉트 신세계센텀	shop	129.12955	35.16886
클럽디 오아시스	activity	129.16848	35.16004
키자니아 부산	activity	129.12829	35.16986
키치니토 키친	cafe	129.20416	35.18767
티파니 신세계센텀	shop	129.12955	35.16886
페스티벌 시월	event	129.13552	35.16875
하가원 해운대점	food	129.17430	35.17344
한화리조트 해운대	activity	129.14507	35.15445
해운대 가야밀면	food	129.16633	35.16885
해운대 관광특구	activity	129.15987	35.15844
해운대 달맞이길	nature	129.18254	35.15768
해운대 동백섬	nature	129.15215	35.15395
해운대 로데오거리	shop	129.16964	35.16341
해운대 모래축제	event	129.16258	35.15950
해운대 블루라인파크	activity	129.19140	35.16125
해운대 빛축제	event	129.16261	35.15954
해운대 영무파라드호텔	stay	129.16651	35.16094
홈플러스 부산반여점	shop	129.11570	35.19659
홈플러스 센텀시티	shop	129.13372	35.17095
갤럭시 롯데백화점 센텀시티점	shop	129.13107	35.16985
갤럭시 신세계백화점 센텀시티점	shop	129.12952	35.16882
갤럭시라이프스타일 신세계백화점 센텀시티점	shop	129.12952	35.16882
골든듀 롯데백화점 센텀시티점	shop	129.13107	35.16985
골프존마켓 롯데백화점 센텀시티점	shop	129.13107	35.16985
교보문고 해운대 팝업스토어	shop	129.17708	35.17061
구찌 신세계 센텀시티점	shop	129.12955	35.16886
그랜드 조선 부산	stay	129.16316	35.16011
금강제화 롯데백화점 센텀시티점	shop	129.13107	35.16985
까르띠에 신세계 센텀시티점	shop	129.12955	35.16886
꿉장 풍천민물장어 전문점	food	129.17672	35.17376
끌로에 신세계백화점 센텀시티점	shop	129.12952	35.16882
나이키 신세계 센텀시티몰	shop	129.12829	35.16986
노매뉴얼 신세계백화점 센텀시티점	shop	129.12952	35.16882
다이아미 신세계백화점 센텀시티점	shop	129.12952	35.16882
닥스남성 신세계백화점 센텀시티점	shop	129.12952	35.16882
델보 신세계백화점 센텀시티점	shop	129.12952	35.16882
동서대학교 소향씨어터 신한카드홀	heritage	129.12764	35.17314
듀퐁셔츠타이 신세계백화점 센텀시티점	shop	129.12952	35.16882
드로어써클 신세계백화점 센텀시티점	shop	129.12952	35.16882
디올 신세계백화점 센텀시티점	shop	129.12952	35.16882
디올남성 신세계백화점 센텀시티점	shop	129.12952	35.16882
라이카 스토어 해운대	shop	129.16348	35.16122
로에베 신세계백화점 센텀시티점	shop	129.12952	35.16882
로저비비에 신세계백화점 센텀시티점	shop	129.12952	35.16882
롤렉스 신세계백화점 센텀시티점	shop	129.12952	35.16882
리모와 신세계백화점 센텀시티점	shop	129.12952	35.16882
메종마르지엘라 신세계백화점 센텀시티점	shop	129.12952	35.16882
몰리스펫샵 신세계 센텀시티몰	shop	129.12829	35.16986
미우미우 신세계백화점 센텀시티점	shop	129.12952	35.16882
반에이크 롯데백화점 센텀시티점	shop	129.13107	35.16985
반클리프아펠 신세계 센텀시티점	shop	129.12955	35.16886
발렌시아가 신세계 센텀점	shop	129.12955	35.16886
발렌티노 신세계백화점 센텀시티점	shop	129.12952	35.16882
버버리여성 신세계백화점 센텀시티점	shop	129.12952	35.16882
버버리칠드런 신세계백화점 센텀시티점	shop	129.12952	35.16882
벡스코 상상체험 키즈월드	activity	129.13495	35.16577
보테가베네타 신세계백화점 센텀시티점	shop	129.12952	35.16882
부산 영화의 거리	heritage	129.14444	35.15495
부산 영화의 전당	activity	129.12706	35.17080
부산 요트투어 요트야	activity	129.14153	35.16082
부산에 뜬 장어	food	129.17039	35.16111
불가리 신세계백화점 센텀시티점	shop	129.12952	35.16882
빈폴멘 롯데백화점 센텀시티점	shop	129.13107	35.16985
살로몬 신세계백화점 센텀시티점	shop	129.12952	35.16882
서프홀릭 송정 본점	activity	129.20069	35.17993
스톤헨지 신세계백화점 센텀시티점	shop	129.12952	35.16882
쌤소나이트 신세계백화점 센텀시티점	shop	129.12952	35.16882
아디다스 롯데백화점 센텀시티점	shop	129.13107	35.16985
아디다스 신세계 센텀시티몰점	shop	129.12829	35.16986
에르메스 신세계 센텀시티점	shop	129.12955	35.16886
에스콰이어 롯데백화점 센텀시티점	shop	129.13107	35.16985
영화의전당 라이브러리 자료실	etc	129.12707	35.17100
오메가 신세계백화점 센텀시티점	shop	129.12952	35.16882
웨스틴 조선 부산	stay	129.15404	35.15599
유니클로 롯데백화점 센텀시티점	shop	129.13107	35.16985
입생로랑 신세계 센텀시티점	shop	129.12955	35.16886
제냐 신세계백화점 센텀시티점	shop	129.12952	35.16882
캠브리지멤버스 신세계백화점 센텀시티점	shop	129.12952	35.16882
코오롱 씨클라우드 호텔	stay	129.16227	35.16047
코치 신세계백화점 센텀시티점	shop	129.12952	35.16882
크롬하츠 신세계백화점 센텀시티점	shop	129.12952	35.16882
태그호이어 신세계백화점 센텀시티점	shop	129.12952	35.16882
토즈 신세계백화점 센텀시티점	shop	129.12952	35.16882
트위 롯데백화점 센텀시티점	shop	129.13107	35.16985
파라다이스 호텔 부산	stay	129.16412	35.15994
파크 하얏트 부산	stay	129.14188	35.15658
팝콘 호스텔 해운대점	stay	129.16531	35.16254
페라가모 신세계백화점 센텀시티점	shop	129.12952	35.16882
펜디 신세계백화점 센텀시티점	shop	129.12952	35.16882
폴로 신세계백화점 센텀시티점	shop	129.12952	35.16882
프라다 신세계백화점 센텀시티점	shop	129.12952	35.16882
프레드 신세계백화점 센텀시티점	shop	129.12952	35.16882
프레스버터샌드 신세계백화점 센텀시티점	shop	129.12952	35.16882
프로스펙스 세이브존 해운대점	shop	129.16125	35.16240
휴고보스 신세계백화점 센텀시티점	shop	129.12952	35.16882
흑송 우동소바 송정본점	food	129.19654	35.17505
발렌시아가 여성 신세계백화점 센텀시티점	shop	129.12952	35.16882
버버리 남성 신세계 센텀시티점	shop	129.12955	35.16886
베니키아 프리미어 해운대 호텔	stay	129.16481	35.16222
알렉산더 맥퀸 신세계백화점 센텀시티점	shop	129.12952	35.16882
에르메스 퍼퓸 신세계백화점 센텀시티점	shop	129.12952	35.16882
올리브영 딜라이트 프로젝트 해운대점	shop	129.16114	35.16045
팔라티움 해운대 바이 소노펠리체	stay	129.15960	35.16114
프라다 남성 신세계백화점 센텀시티점	shop	129.12952	35.16882
라마다 앙코르 바이윈덤 부산 해운대	stay	129.15962	35.16327
부산에 뜬 고등어 해운대점 본점	food	129.17039	35.16111
크리스마스 빌리지 부산 2025	event	129.12707	35.17100
해운대 그린레일웨이 (미포~송정 구간)	nature	129.19143	35.16129
일러스타 페스 12	event	129.13602	35.16906
유에이치스위트 랜드스케이프 14층[한국관광 품질인증/Korea Quality]	stay	129.16114	35.15987
유에이치스위트 해운대 4층[한국관광 품질인증/Korea Quality]	stay	129.16114	35.15987
장산 (부산 국가지질공원)	nature	129.16819	35.18111
펜디키즈 신세계센텀점(부산)	shop	129.12955	35.16886
세계유산위원회 대한민국관(K-Heritage House)	event	129.13602	35.16906
국제해양영화제 (KIOFF)	event	129.12709	35.17104
유에이치스위트 하버타운[한국관광 품질인증/Korea Quality]	stay	129.15961	35.15971
월드오브커피 & 월드바리스타챔피언십 부산	event	129.13552	35.16875
비욘드 한글&K-컬쳐 국제 페스티벌	event	129.13498	35.16580
해운대약국 중동1로	shop	129.16297	35.16238
부산인디커넥트페스티벌 2026	event	129.13549	35.16871
코믹월드 319 부산	event	129.13596	35.16907
부산요트투어 3355마린	activity	129.14198	35.15984
누리마루 APEC하우스	heritage	129.15128	35.15235
센텀 APEC나루공원	nature	129.12732	35.16791
해운대 H STAY HOTEL (구, 시타딘호텔)	stay	129.15849	35.16301
비어밤 in 해운대	event	129.12707	35.17100
듀코_신세계센텀시티_듀퐁	shop	129.12955	35.16886
뉴-젠	cafe	129.13978	35.16384
뷰티-존골드	shop	129.17386	35.18067
샌디-데이	food	129.12178	35.19565
올-푸드	shop	129.12335	35.20346
이-라이브러리	shop	129.14757	35.15799
준코-우동점	bar	129.15978	35.16209
준코-좌동점	bar	129.17518	35.17177
커피명인-히토	cafe	129.15629	35.16370
주블링-balloon	shop	129.15223	35.21984
린넨-K	shop	129.17768	35.16957
송정동핫도그미포철길-TAKEOUT	food	129.17074	35.15987
고양이;하늘을걷다	food	129.14893	35.22913
노부스테라;리플렉스	cafe	129.11674	35.19960
대구뽈찜;아구찜	food	129.14661	35.15545
루디아;지	shop	129.17799	35.17294
만경한우곰탕;냉면	food	129.15987	35.16281
산목미술;산목창작레지던시	shop	129.16610	35.16856
쉼;어묵	bar	129.17818	35.16828
쉼;어묵	bar	129.14686	35.15600
스피치오;라비따준코	shop	129.12952	35.16882
시원토스트;목화	cafe	129.15669	35.23023
안녕;마트	shop	129.16209	35.16144
영광상회과일;채소등	shop	129.12589	35.18403
원산식육식당;김치찌개전문	food	129.15887	35.16159
조명;장식	shop	129.16291	35.17055
지니네청과;야채	shop	129.13247	35.19988
채소;과일상회	shop	129.20192	35.18333
카페;시하	cafe	129.14926	35.22720
프로방스;빈센트노래연습장	activity	129.12118	35.19028
고래야;참치야!	food	129.17539	35.17282
오즈;Oddz	food	129.18216	35.16028
복쌈:김밥집	food	129.15739	35.16794
!아지트	bar	129.17549	35.17322
앗싸!갈매기숯불	food	129.12315	35.18480
자전거가좋아!	shop	129.17700	35.17347
골프.문	shop	129.14638	35.22244
돼지.양	food	129.15892	35.16103
마산게낙찜.해마끼간장게장	food	129.16658	35.16020
민속품매매.행상	shop	129.12478	35.20636
얌샘김밥.부산	food	129.12986	35.19163
양.아찌	food	129.16242	35.16218
옛날팥빙수.단팥죽	cafe	129.16564	35.16282
지.피호텔	stay	129.15775	35.16060
철이네문어.닭발	bar	129.17715	35.17371
청사월보리밥.쭈꾸미	food	129.17705	35.17053
카페.나눔	cafe	129.17678	35.16171
호텔데이즈.A	stay	129.20517	35.18312
호텔데이즈.B	stay	129.20487	35.18308
더플레이스.H	stay	129.16078	35.16229
넘버원화로구이()	food	129.19678	35.16845
씨엔엘(반여점)주	shop	129.11902	35.20032
젬컴(센텀신세계점)주	shop	129.12952	35.16882
벡스코(BEXCO)	heritage	129.13631	35.16907
엔스트림(NStreamCo.，Ltd)주	shop	129.12683	35.18865
플레아드블랑(PLEA DE BLANC)	stay	129.16687	35.16094
솔루션(Solution)	shop	129.17986	35.16252
[부산 갈맷길] 2코스 2구간	activity	129.13252	35.16183
물고기미포펜션[한국관광 품질인증/Korea Quality]	stay	129.17212	35.15803
[해파랑길] 2코스	activity	129.17068	35.15846
다퍼주는집@조개찜	food	129.15430	35.16019
담배/전자담배소매업	shop	129.18324	35.17246
담배/전자담배소매업	shop	129.17394	35.16346
담배/전자담배소매업	shop	129.14971	35.22289
돼지고기구이/찜	food	129.16102	35.16137
떡/한과	food	129.12454	35.18589
미미푸드/홍콩할매불닭발부산좌동점	food	129.16994	35.17871
백반/한정식	food	129.15630	35.16925
액세서리/잡화소매업	shop	129.17603	35.17003
에르메스메종/생루이신세계	shop	129.12952	35.16882
여관/모텔	stay	129.16689	35.16097
주방/가정용품소매업	shop	129.13360	35.19838
피프티/피프티	shop	129.15806	35.16510
김밥/만두/분식	food	129.17603	35.17003
가인스킨&바디	shop	129.13070	35.19652
강가네손만두&칼국수	food	129.14482	35.15720
강남횟집&산곰장어	food	129.20360	35.18089
국수&만두	food	129.12296	35.18495
다와점핑&온열다이어트	shop	129.11735	35.19012
다짐점핑&온열다이어트	shop	129.11876	35.19574
도도한족발&보쌈	food	129.13256	35.20059
도시어부&미쓰물회	food	129.17419	35.17287
두촌가마솥밥&쭈꾸미	food	129.17706	35.17058
디테일퍼피&캣	shop	129.19810	35.17897
레푸스&아트포레	shop	129.16832	35.16497
류길상피자&카페테리아	food	129.12492	35.18524
마린캡슐호텔&스파	stay	129.15681	35.16217
메리티&필모즈스칼프	shop	129.17935	35.17150
무인라면&커피	food	129.11744	35.21422
미미꼬마김밥&수제비	food	129.12503	35.18537
바로덮밥&파스타	food	129.15519	35.16279
반여돈까스&키친	food	129.12355	35.20071
방가네막창순대&국밥	food	129.17535	35.16843
본죽&비빔밥	food	129.12644	35.18953
본죽&비빔밥백병원점	food	129.18001	35.17286
본죽&비빔밥벡스코역점	food	129.13919	35.17072
본죽&비빔밥부산반여점	food	129.11924	35.20277
본죽&비빔밥센텀시티역점	food	129.13235	35.17223
본죽&비빔밥센텀역점	food	129.12359	35.17676
부대찌개&김치찌개	food	129.17128	35.17258
부산돼지국밥&감자탕	food	129.20424	35.18245
사시사철&춘하추동밀면	food	129.13219	35.19630
생뒷고기&껍데기	food	129.15182	35.22328
솔스테이풀빌라&료칸	stay	129.19973	35.18109
썬&순	food	129.12634	35.18466
애플바나나키친&라라앤바르스튜디오	activity	129.17487	35.15910
양꼬치&마라훠꿔	food	129.15924	35.16267
올림프케이크&디저트	cafe	129.15267	35.15986
인급떡&뽁순이볶음밥	food	129.17244	35.17135
잇라이트샐러드&포케	food	129.17284	35.16829
자연도소금빵&자연도해	food	129.17066	35.16036
장고래&참치	bar	129.17576	35.17103
정항우케익&카페	food	129.16217	35.16592
제인코트&티막세이브존	shop	129.16124	35.16241
지아&마린	shop	129.14540	35.15504
진양호밀면&중식	food	129.12210	35.18623
참조은온점핑&온열다이어트	shop	129.14622	35.16357
초원돈대패&재송카페	food	129.12670	35.18991
추&박헬스클럽	activity	129.14424	35.15933
코리엔탈깻잎두마리치킨&모락로제떡볶이	food	129.17523	35.16312
크리스탈보청기&청각언어센터	shop	129.17768	35.16957
타이가텐푸라&마츠도	food	129.17266	35.15801
톤토리라멘&돈카츠직영점	food	129.17875	35.17818
퇴근길숯불구이&부산오뎅하숙집	food	129.16802	35.16397
포크&나이프	food	129.14883	35.22512
행복도시락&반찬	shop	129.12901	35.19584
헨젤과그레텔&왕가탕후루	food	129.16190	35.16032
효성힐링분식&중식	food	129.12798	35.19178
흥부보쌈&족발	food	129.17463	35.16274
고기&연어&육회	food	129.16122	35.22836
티바두마리치킨&59쌀피자	food	129.12472	35.20547
블랑베이커리&아델라7	food	129.18217	35.17326
핏토닉피트니스헬스&PT	activity	129.17733	35.16218
마수리#	shop	129.13886	35.17042
피자나라치킨공주<반여점>	food	129.12395	35.20184
부산이오란다카네~	shop	129.15610	35.16907
생~생모밀	food	129.12585	35.20535
시그마0.3	cafe	129.19698	35.17566
시그마0.3	cafe	129.16186	35.16571
0410홍콩반점	food	129.11954	35.20211
홍콩반점0410센텀인텔리움점	food	129.12922	35.17360
홍콩반점0410역점	food	129.16281	35.16289
05숯불닭갈비	food	129.11897	35.19752
갤러리051	shop	129.18079	35.15780
카페051	cafe	129.14482	35.15720
카페051	cafe	129.16195	35.16226
카페051	cafe	129.17642	35.16790
카페051경동리인뷰점	cafe	129.16787	35.16231
카페051동백제니스점	cafe	129.15070	35.15973
카페051반여선수촌점	cafe	129.11974	35.20323
카페051반여점	cafe	129.12004	35.19542
카페051백병원점	cafe	129.18088	35.17416
카페051벡스코점	cafe	129.13159	35.16692
카페051센텀큐비	cafe	129.12643	35.17544
카페051센텀파크점	cafe	129.12359	35.17676
카페051영산대점	cafe	129.15113	35.22283
카페051윗	cafe	129.15980	35.22959
카페051재송반산점	cafe	129.12889	35.19302
카페051좌동점	cafe	129.17733	35.17907
카페051장산NC점	cafe	129.17678	35.17129
1등축산좌동점	shop	129.16792	35.17274
1번가포차	bar	129.15027	35.22511
라하바나1층	food	129.16658	35.16020
루비1번가	shop	129.14854	35.22878
미포1호랍스타포차	food	129.17119	35.15851
복호두1호점	food	129.17495	35.17197
부산1호점클라운지	shop	129.17826	35.16817
비비우동1지점	stay	129.15655	35.15958
소담소담정육점구장산1호점	shop	129.17656	35.17234
송정1번지	food	129.20400	35.18184
송정집1	food	129.19634	35.17617
여성크로커다일반여1동점	shop	129.12081	35.20555
오바1	bar	129.17632	35.17099
올리브영부산반여1동점	shop	129.11949	35.20353
외식1번가	food	129.14165	35.16640
유에프오1호점	activity	129.16250	35.16188
재벌김밥두산1차점	food	129.16994	35.17871
제1능이버섯	food	129.19581	35.17625
조방낙지1번가롯데	food	129.13107	35.16985
청과동매점1호	shop	129.12093	35.21593
청담피자1호점	food	129.12629	35.18688
카멜커피1	cafe	129.12829	35.16987
카페베네벡스코1관점	cafe	129.13601	35.16906
케이알코스모랜드1지점	stay	129.15458	35.15965
판매1호	shop	129.17574	35.16880
피자스쿨부산반여1동점	food	129.11910	35.20114
하카전자담배1호점	shop	129.17767	35.17098
만경한우1++갈비	food	129.15987	35.16281
10센치	bar	129.17640	35.17087
부산관광기념품10선협의회선물가게	shop	129.16029	35.15911
부산기념품10선협의회지점	shop	129.16029	35.15911
센텀프리미어호텔10	stay	129.13159	35.16692
카츠맨숀10	food	129.13282	35.16781
100세낙지	food	129.16005	35.16174
100스마일점	activity	129.19810	35.17989
더베이101	heritage	129.15207	35.15658
더베이101요트투어	activity	129.15207	35.15658
아뜰리에파도101	stay	129.15666	35.16898
아뜰리에파도102	stay	129.15666	35.16898
해리103	cafe	129.15472	35.16948
동백104	cafe	129.17371	35.15770
베이크104	cafe	129.12640	35.18680
코코107	shop	129.12359	35.17676
르와지르호텔11층10호	stay	129.16149	35.16113
1박2일	bar	129.17624	35.17110
1박2일노래연습장	activity	129.18374	35.16625
오손1209	cafe	129.15803	35.16792
거기125	food	129.16942	35.16367
오렌지125	shop	129.14692	35.15664
엘본더스테이1303호	stay	129.16064	35.16225
할매손1317식당	food	129.17940	35.16844
제14회 부산국제코미디페스티벌	event	129.13549	35.16871
엘본더스테이1511호	stay	129.16064	35.16225
153구포국수	food	129.13346	35.16714
153구포국수부산반여점	food	129.11939	35.20133
153구포국수우동점	food	129.15846	35.16296
갤러리153	cafe	129.17041	35.17041
동행복권153다이룸	activity	129.13842	35.16947
커피153	cafe	129.17041	35.17041
체스154	bar	129.14853	35.15812
카페16온스	cafe	129.12195	35.18448
엘본더스테이1701호	stay	129.16064	35.16225
갤러리177	shop	129.12367	35.18204
18번지	bar	129.13097	35.20004
18번집	food	129.15935	35.16755
반송187	cafe	129.16090	35.22914
오륙도19호	bar	129.15724	35.15849
메종드리치190협동조합	stay	129.15676	35.15976
대패가1900	food	129.12166	35.18802
루프탑193	food	129.18232	35.15831
안동화로1970	food	129.11593	35.19148
1972낙지볶음	food	129.12161	35.20654
미담1974	food	129.13346	35.16714
1984그수육집칼국수	food	129.16872	35.16423
피타피자1984	food	129.15591	35.16252
1988홍스비어	bar	129.16313	35.16221
카페1994	food	129.15846	35.16296
1997돈까스	food	129.16065	35.16585
굽네치킨부산우2동점	food	129.13862	35.17239
꽃길만걷자2호	food	129.13601	35.16906
더한섬하우스아카이브2	shop	129.16919	35.16814
도피오커피벡스코제2전	cafe	129.13503	35.16578
디스퀘어드2신세계	shop	129.12952	35.16882
라비드아틀란호텔2	stay	129.16149	35.16113
민트플레이2호점	activity	129.15846	35.16296
버버리신세계센텀시티2점주	shop	129.12952	35.16882
소소수수2	stay	129.15508	35.16934
송정2월호텔	stay	129.20507	35.18304
시장횟집2	food	129.15005	35.22453
썬더치킨2호점	food	129.15681	35.16876
씨제이올리브영부산반여2동점	shop	129.13093	35.19562
아늑시그니처호텔부산2	stay	129.15732	35.16126
아리따움반여2동점	shop	129.13096	35.19587
아지트2	bar	129.17552	35.17140
오렌지2	bar	129.17640	35.17087
오바2	bar	129.17632	35.17099
오빠텔레콤2	shop	129.13128	35.19764
처갓집양념치킨반여2동점	food	129.12914	35.19473
카이브2	stay	129.19644	35.17640
퀸2	bar	129.17576	35.17103
포도펜션2	stay	129.17381	35.15688
프롤로그2	cafe	129.16899	35.16602
하삼동커피반여2동점	cafe	129.13055	35.19555
힐스파2층매점	shop	129.17527	35.15846
20년전통할매집	food	129.20504	35.18532
샤브20	food	129.17527	35.16967
오륙도20호	food	129.17119	35.15851
겟201마린시티	food	129.14482	35.15720
송정201	stay	129.20391	35.18300
202뷔페식당	food	129.12093	35.21593
2023영호남전통시장박람회	event	129.12707	35.17100
2024 스카마켓 in 부산(2024 스카마켓 인 부산) SCA Market 2024 in Busan	event	129.13552	35.16875
2024 제51회 부산 어린이날 큰잔치	event	129.12707	35.17100
2024 K-뮤직 시즌 ‘굿밤 콘서트 in 부산’	event	129.15598	35.15768
2025 부산국제의료관광컨벤션	event	129.13552	35.16875
2025 부산여행영화제	event	129.12707	35.17100
2026 부산국제보트쇼	event	129.13552	35.16875
2026 부산국제불교박람회	event	129.13549	35.16871
2026 부산브랜드페스타	event	129.13602	35.16906
2026 부산푸드필름페스타	event	129.12704	35.17096
2026 세븐브릿지 투어	event	129.13602	35.16906
2026 대한민국 과학축제 with 부산과학축전	event	129.13549	35.16871
2026 부산국제공연예술마켓(BPAM)	event	129.12766	35.17305
2026 부산나이트워크42K with dsec	event	129.12732	35.16791
마린파크207	shop	129.14424	35.15933
21세기굽는치킨	food	129.17576	35.17103
단단210	shop	129.14424	35.15933
주216	food	129.14757	35.15799
제22회 부산국제무용제	event	129.16028	35.15911
23번지남산돈까스NC	food	129.17706	35.17058
24시무인라면카페사랑방	food	129.15234	35.22375
24시부산왕돼지국밥	food	129.12840	35.19187
24시오빠분식	food	129.17678	35.16737
24케이	food	129.14661	35.15545
나들24편의점	shop	129.18485	35.16388
더크립24	stay	129.16841	35.16488
랩24바이쿠무다	food	129.19718	35.17743
바이바이24시편의점	shop	129.17353	35.16186
부산24시수제순대돼지국밥	food	129.17223	35.16739
빈티지드레스24	shop	129.12317	35.18828
센텀24시	shop	129.13945	35.17034
이마트24광수호텔점	shop	129.15654	35.16024
이마트24달맞이점	shop	129.17970	35.15761
이마트24동	shop	129.14804	35.23222
이마트24라마다점	shop	129.15961	35.16330
이마트24반여우성점	shop	129.12413	35.20614
이마트24반여점	shop	129.13122	35.19729
이마트24부민병원점	shop	129.15565	35.16142
이마트24부산아쿠아리움점	shop	129.16099	35.15918
이마트24부산좌동점	shop	129.17686	35.17563
이마트24센텀강변현대점	shop	129.11945	35.20790
이마트24센텀반여	shop	129.12586	35.19449
이마트24센텀사이언스파크점	shop	129.12640	35.17388
이마트24센텀프리미어호텔점	shop	129.13159	35.16692
이마트24송정베이	shop	129.20558	35.18226
이마트24송정블루	shop	129.20109	35.18102
이마트24송정해수욕장점	shop	129.20416	35.18093
이마트24신라스테이점	shop	129.15873	35.15980
이마트24오션점	shop	129.15381	35.15879
이마트24오션파라드점	shop	129.16648	35.16090
이마트24웨스틴조선부산호텔점	shop	129.15404	35.15599
이마트24이비스점	shop	129.15797	35.15992
이마트24장산신화하니엘점	shop	129.17453	35.16940
이마트24재송센트레빌점	shop	129.12444	35.18281
이마트24재송원룸점	shop	129.12775	35.18262
이마트24제일	shop	129.15670	35.16817
이마트24좌동	shop	129.17944	35.16739
이마트24협성프라임빌점	shop	129.15488	35.17140
채선당밀키트24부산엘시티점	food	129.16802	35.16133
제24회 성우하이텍배 KNN 환경마라톤	event	129.13552	35.16875
24시무인애견간식&용품아무도없개	shop	129.17678	35.16737
엘본더스테이2412호	stay	129.16064	35.16225
카페242	cafe	129.13201	35.19874
이마트24석대IT	shop	129.12008	35.21924
마이애미짐24시헬스PT	activity	129.12643	35.17544
이마트24R그랜드조선	shop	129.16313	35.16007
이마트24R좌동화목점	shop	129.17767	35.17098
이마트24R청사포점	shop	129.19269	35.16099
이마트24R송정1단지점	shop	129.19799	35.18338
이마트24SK뷰점	shop	129.11382	35.20357
25센치	bar	129.15907	35.16261
25센치앤유카레	bar	129.15924	35.16267
지에스25	shop	129.14858	35.22533
지에스25골든튤립점	shop	129.16588	35.16228
지에스25국제외고점	shop	129.14487	35.16369
지에스25그랜드엘시티점	shop	129.16802	35.16133
지에스25꿈에그린	shop	129.12208	35.19808
지에스25달맞이공원점	shop	129.18232	35.15831
지에스25달맞이길점	shop	129.18275	35.16103
지에스25더샵센텀	shop	129.12500	35.17739
지에스25라비드아틀란점	shop	129.16149	35.16113
지에스25마리나점	shop	129.14255	35.16116
지에스25반송	shop	129.15170	35.22202
지에스25반송	shop	129.14959	35.22186
지에스25반송	shop	129.14844	35.22717
지에스25반송복동이점	shop	129.16235	35.22780
지에스25반여네오	shop	129.12248	35.20373
지에스25반여농산물	shop	129.12093	35.21593
지에스25반여대우점	shop	129.11830	35.19764
지에스25반여선수촌로점	shop	129.11913	35.20133
지에스25반여재반로점	shop	129.13200	35.19738
지에스25반여점	shop	129.13132	35.20018
지에스25반여현대점	shop	129.13546	35.20123
지에스25벡스코	shop	129.13601	35.16906
지에스25부산영산대점	shop	129.15906	35.22416
지에스25부흥	shop	129.18053	35.17461
지에스25센텀	shop	129.12700	35.17463
지에스25센텀리슈빌점	shop	129.11812	35.19005
지에스25센텀뷰라움점	shop	129.13343	35.16638
지에스25센텀삼익점	shop	129.12142	35.19077
지에스25센텀현대점	shop	129.14185	35.16996
지에스25송정	shop	129.20352	35.18282
지에스25송정프리미엄	shop	129.20161	35.18062
지에스25송정해변로점	shop	129.19768	35.17914
지에스25송정해수욕장점	shop	129.20500	35.18110
지에스25스카이비즈	shop	129.12451	35.17516
지에스25아이파크점	shop	129.14333	35.15704
지에스25엘시티점	shop	129.17086	35.16064
지에스25역점	shop	129.15816	35.16238
지에스25영남점	shop	129.18310	35.16808
지에스25영산대기숙사점	shop	129.15906	35.22416
지에스25재송	shop	129.13039	35.19212
지에스25재송	shop	129.12388	35.18768
지에스25재송원룸점	shop	129.12775	35.18262
지에스25재송재반로점	shop	129.12606	35.18808
지에스25재송코오롱점	shop	129.12933	35.18777
지에스25좌동	shop	129.17253	35.17113
지에스25좌동남선점	shop	129.17590	35.17244
지에스25좌동순환로	shop	129.16740	35.17270
지에스25좌동코오롱점	shop	129.16970	35.17034
지에스25좌동펄시티점	shop	129.17489	35.16939
지에스25중동	shop	129.17088	35.16302
지에스25청사포점	shop	129.19222	35.16077
지에스25파라다이스점	shop	129.16469	35.16093
지에스25팔레드시즈점	shop	129.16658	35.16020
지에스25패러그라프점	shop	129.15690	35.16011
지에스25퍼스트	shop	129.12886	35.17383
지에스25푸르지오시티점	shop	129.16689	35.16097
지에스25프리미어호텔점	shop	129.13159	35.16692
지에스25하운드	shop	129.15679	35.16103
지에스25한화리조트	shop	129.14494	35.15439
지에스25해운	shop	129.16446	35.16320
지에스25해운	shop	129.12275	35.18608
지에스25해운마린시티	shop	129.14692	35.15664
지에스25해운베니키아	shop	129.16483	35.16225
지에스25해운스위첸점	shop	129.16890	35.16466
지에스25해운스카이점	shop	129.12848	35.19127
지에스25해운주성점	shop	129.17818	35.16828
지에스25해운하모니점	shop	129.16917	35.16700
지에스25해운현대아쿠아점	shop	129.15144	35.15913
지에스25해운화목점	shop	129.17935	35.17150
지에스25해운후레쉬	shop	129.15985	35.16193
지에스25헤리티지점	shop	129.16195	35.16226
지에스25힐스테이트위브	shop	129.18180	35.16442
코코250	shop	129.14482	35.15720
지에스2522뮤비페	shop	129.12709	35.17104
지에스259점	shop	129.13095	35.19577
지에스25S	shop	129.17695	35.16993
지에스25S부산벡스코역점	shop	129.13888	35.16889
지에스25S부산역점	shop	129.15887	35.16365
지에스25S센텀시티역점	shop	129.13236	35.16927
지에스25해운SK뷰점	shop	129.18338	35.16514
지에스25W	shop	129.16140	35.16012
수평선26	food	129.15663	35.23209
타임29	shop	129.12335	35.20346
하이29	food	129.15676	35.15976
제29회 부산국제영화제	event	129.12706	35.17080
엘본더스테이2905호	stay	129.16064	35.16225
미포2chef조개	food	129.17119	35.15851
3대정선회무침전문	food	129.15750	35.23132
3분마트부산	shop	129.19724	35.17004
갈매기3호	bar	129.15724	35.15849
노란마후라3층	food	129.18949	35.16029
매점3호	shop	129.12093	35.21593
미포하우스3	stay	129.17058	35.16091
민트플레이3호점	activity	129.16174	35.16109
반송3동골목시장	shop	129.15038	35.22405
세이브존3층수스	shop	129.16145	35.16251
오바3	bar	129.17632	35.17099
청과동매점3호	shop	129.12093	35.21593
텐퍼센트커피반여3동점	cafe	129.13163	35.19991
피자마루좌3동점	food	129.16792	35.17274
버버리신세계센텀3점(남성)주	shop	129.12952	35.16882
303화덕송정	food	129.19684	35.17335
데이31	stay	129.19883	35.18006
31CM해물칼국수	food	129.16306	35.16213
31CM해물칼국수	food	129.17474	35.17290
31CM해물칼국수송정본점	food	129.20012	35.18166
클라우드32	food	129.14493	35.15435
엘본더스테이3210호	stay	129.16064	35.16225
33숯불갈비	food	129.15556	35.23044
33식당	food	129.13099	35.19481
드림어스33카페	cafe	129.14935	35.22449
브리티지센텀3308호	stay	129.13298	35.16604
엘본더스테이3313호	stay	129.16078	35.16229
더크립34	stay	129.16841	35.16488
더플레이스34	stay	129.16078	35.16229
36베트남쌀국수	food	129.14858	35.22549
3학년6반	bar	129.16193	35.16303
365골프	activity	129.16455	35.16343
365골프컴퍼니	activity	129.16455	35.16343
365모바일	shop	129.14855	35.22568
몽땅365	shop	129.15073	35.15817
39도시락	food	129.17229	35.16122
39아구찜동백섬점	food	129.14595	35.16314
디저트39	cafe	129.16772	35.16469
3H지압침대재송센터	shop	129.12687	35.18891
4색당구장	activity	129.16258	35.22912
굽네치킨좌4동점	food	129.17733	35.17907
민트플레이4호점	activity	129.17768	35.16957
썬더치킨4호점	food	129.17278	35.17397
정관장좌4동점	shop	129.17405	35.17932
오르막40	cafe	129.12771	35.19520
소한영40cm돈가스&굿프렌드	food	129.15606	35.23175
420	food	129.17404	35.16018
4242샌드위치	food	129.11976	35.20298
4242샌드위치좌동점	food	129.17799	35.17294
부자되세요창고43	food	129.16508	35.16186
456포차	bar	129.12998	35.19566
제48차 유네스코 세계유산위원회 특별공연 산화비 : HEXAGRAM 22	event	129.13602	35.16906
5지점와이즈벨류	food	129.17059	35.15920
5층그린약국	shop	129.17768	35.16967
바다마을포차오륙도5호	food	129.17119	35.15851
으뜸50안경	shop	129.17574	35.16880
으뜸50안경역점	shop	129.15846	35.16296
5분에책1권읽기	shop	129.17245	35.17481
525+비어	bar	129.11944	35.20329
신세계센텀5252BYOiOi	shop	129.12952	35.16882
529과자점	food	129.17994	35.16909
더크립56	stay	129.16841	35.16488
6층	bar	129.17584	35.17091
벡스코6휴스테이	stay	129.13876	35.16966
오륙도6호	food	129.17119	35.15851
60계부산	food	129.16195	35.16226
60계부산	food	129.17777	35.16810
60계부산반여점	food	129.11847	35.20872
60계치킨	food	129.16107	35.16132
60계치킨부산	food	129.14930	35.22422
라토618	food	129.13984	35.16688
666버거	food	129.15846	35.16296
시점6F	stay	129.17290	35.15761
7번가피자	food	129.15325	35.23183
7번가피자	food	129.20541	35.18137
7번가피자	food	129.18043	35.17053
7원탁세븐	bar	129.17640	35.17087
남경막국수가족7	food	129.16802	35.16133
바다이야기7	shop	129.19206	35.16091
아델라7	cafe	129.17686	35.17342
아델라7롯데백화점	food	129.13107	35.16985
엘7풀사이드라운지	food	129.16003	35.16018
엘7플로팅	food	129.16003	35.16018
팔레드7	cafe	129.16658	35.16020
700비어	bar	129.17601	35.17144
엘본더스테이702호	stay	129.16078	35.16229
7080낭만스토리	bar	129.12387	35.18748
7080돼지국밥	food	129.12692	35.19528
7080라이브	bar	129.17119	35.15851
7080라이브아지트	bar	129.16689	35.16097
7080쵸이스	bar	129.16383	35.16262
연가7080라이브	bar	129.17601	35.17144
추억의7080	food	129.12478	35.18733
콘서트7080라이브	bar	129.12231	35.18458
패밀리하우스710	stay	129.16217	35.16361
롯데씨브이에스711부산팔레드시즈점	shop	129.16658	35.16020
포차72	food	129.13261	35.19234
꽃촌720	food	129.15867	35.23482
해운7298	food	129.15643	35.16383
육군제7376부대	stay	129.16420	35.17931
스테이777	stay	129.17492	35.16306
782쪽갈비	food	129.17244	35.17135
79네수육국밥철판	food	129.13321	35.16665
안동댁7983	food	129.16914	35.16531
딤섬8번지	food	129.17678	35.17129
81호야골프스튜디오	activity	129.16132	35.16461
씨클라우드호텔817호	stay	129.16225	35.16045
플러스82	cafe	129.16316	35.16342
836숯불바베큐치킨	food	129.15846	35.16296
88간바지	food	129.12195	35.18448
88노가리	food	129.16282	35.16377
88어장	food	129.16188	35.16084
88연탄석쇠구이	food	129.12053	35.20495
88완당집	food	129.15488	35.23258
고깃리88번지부산	food	129.17561	35.17126
오륙도9호	food	129.17119	35.15851
엘본더스테이910호	stay	129.16064	35.16225
르917	shop	129.12909	35.16864
92막삼	food	129.13161	35.19963
구삼93	food	129.17474	35.17387
엣지993	cafe	129.17517	35.15646
엣지993더위	food	129.17513	35.15641
맥시칸치킨재송A점	food	129.12809	35.19084
롯데리아A.G선수촌점	food	129.11964	35.20362
아페쎄A.P.C.신세계	shop	129.12952	35.16882
롯데센텀닥스ACC	shop	129.13107	35.16985
신세계센텀닥스ACC	shop	129.12952	35.16882
신세계센텀아떼바네사브루노ACC	shop	129.12909	35.16864
애드스튜디오ADSTUDIO	shop	129.12952	35.16882
부산국제AI영화제	event	129.12707	35.17100
에임빌라aimvilla	shop	129.17475	35.16210
AJIN아진	shop	129.12451	35.17516
갤러리AK	shop	129.13703	35.16669
아마노Amano	food	129.14482	35.15720
Anne	shop	129.12952	35.16882
ART BUSAN	event	129.13552	35.16875
쌤소ATSIS센텀시티몰	shop	129.12829	35.16987
친구atti	food	129.13028	35.19621
젬스톤B	cafe	129.19754	35.17140
젤라띠젤라띠센텀신세계B1점	food	129.12952	35.16882
동백제니스상가B107	cafe	129.15070	35.15973
BBQ치킨	food	129.12500	35.17739
BBQ치킨	food	129.14898	35.15977
제네시스BBQ좌동	food	129.17374	35.17458
바다당BDD	food	129.19268	35.16085
BHC팔래드점	food	129.16658	35.16020
BL푸드비엘	food	129.11856	35.19542
신세계센텀BP	shop	129.12952	35.16882
버디Buddy	food	129.15961	35.16330
객잔by미스꾸냥	food	129.12523	35.18577
덮밥by추봉수	food	129.17875	35.17818
킨록by킨록앤더슨	shop	129.13107	35.16985
헬시키친by정셰프	food	129.18043	35.17053
BYC	shop	129.15634	35.23093
금정BYC	shop	129.11636	35.20444
반여BYC	shop	129.12894	35.19521
C모텔	stay	129.15639	35.15968
태림C&P주	food	129.17779	35.16886
물고기cafe풍경	food	129.17225	35.15831
헬씨다이어트CAFE	shop	129.15726	35.16894
caffepascucci	cafe	129.16032	35.16224
카페CCD	cafe	129.19694	35.16964
카페CCD해리단길점	cafe	129.15810	35.16494
셀리아CELIA	shop	129.17986	35.16252
향과cell	shop	129.14757	35.15799
신세계센텀CGP	shop	129.12952	35.16882
끌로에chloe	shop	129.12952	35.16882
헤chlvdi	shop	129.17180	35.16725
CU비치점	shop	129.15879	35.16186
CU온누리점	shop	129.16764	35.17346
CU 센텀타워메디컬점	shop	129.13204	35.16720
CU 해운대마리안느점	shop	129.16467	35.16145
CU 해운대팔레드시즈점	shop	129.16658	35.16020
해피D.C마트	shop	129.15743	35.16758
조개DAY본점	food	129.17119	35.15851
DC클럽	shop	129.12535	35.18610
DC텔레콤	shop	129.12953	35.19273
퀵실버，록시，DC	shop	129.12952	35.16882
DDM미즈존	shop	129.15962	35.16445
한샘리하우스DESIGN다움	shop	129.12014	35.20261
디앤에이DNA	shop	129.16986	35.16890
DoubleJ.스튜디오	activity	129.17986	35.16252
텐퍼센트커피센텀큐비e점	cafe	129.12643	35.17544
E커피야	cafe	129.15560	35.23125
농부꼬마김밥큐비E	food	129.12643	35.17544
영커피큐비E	cafe	129.12647	35.17548
e-모든하우스	shop	129.18366	35.16204
이지케이EGKKOREA	food	129.16090	35.16175
ELESIS	shop	129.16469	35.16093
EMS코어PT센터	activity	129.16680	35.17303
가인F&B	food	129.18232	35.17090
에이치케이F&D	food	129.18232	35.17090
디케이FC	activity	129.12978	35.19305
성광FE	shop	129.16231	35.16863
신세계FIFA1904	shop	129.12909	35.16864
코오롱인더스트리FNC부문세이브프라자주	shop	129.17708	35.16814
코오롱인더스트리FNC부문신세계주	shop	129.12952	35.16882
폭신foccin	food	129.18129	35.16051
새벽푸드새벽food	shop	129.12994	35.19895
뉴G플러스마트	shop	129.12461	35.19150
부산요트투어요트G	activity	129.13808	35.16249
전담GATE	shop	129.13159	35.16692
GO모텔	stay	129.20555	35.18196
Gray	shop	129.17666	35.16916
그린Green)점핑&체온다이어트그린Green	shop	129.17506	35.17355
지에스리테일GS더프레시	shop	129.13258	35.16744
GS25	shop	129.12218	35.18454
GS25골든튤립점	shop	129.16588	35.16228
GS25반송	shop	129.16066	35.22678
GS25베르나움점	shop	129.17678	35.16737
GS25벡스코	shop	129.13745	35.17043
GS25벡스코점	shop	129.13601	35.16906
GS25센텀호텔점	shop	129.13282	35.16781
GS25씨클라우드점	shop	129.16225	35.16045
GS25재송센트레빌	shop	129.12384	35.18240
GS25재송재반점	shop	129.12647	35.18438
GS25좌동삼환점	shop	129.18549	35.16855
GS25투모로우점	shop	129.17642	35.16790
GS25해운	shop	129.15924	35.16281
GS25해운	shop	129.12275	35.18608
GS25해운비치점	shop	129.15892	35.16103
GS25해운스카이점	shop	129.12848	35.19127
GS25해운우동점	shop	129.16159	35.16371
GS25해운제이드	shop	129.15282	35.15963
지에스GS25해운레미안점	shop	129.17544	35.16248
GS25해운우동1로	shop	129.15776	35.16695
삼육육GYM	activity	129.13237	35.16769
우리동네GYM	activity	129.13129	35.19997
우리동네GYM재송1동점	activity	129.12583	35.18602
H마트	shop	129.17993	35.16261
라인H	shop	129.12829	35.16987
포레스트H	shop	129.16149	35.16113
H.J코퍼레이션	shop	129.12573	35.19029
문화공간H1974	shop	129.14602	35.16333
하니온Hanion	stay	129.12251	35.18595
HarincoLED플라워	shop	129.17446	35.16300
HMIKOREA	shop	129.17597	35.16851
풀home풀홈	food	129.17642	35.16790
홍Hong	food	129.17453	35.16940
i마트	shop	129.14766	35.22493
이안IAan	food	129.17585	35.15875
대왕Ⅱ	shop	129.13601	35.16906
화장품천국Ⅱ	shop	129.14844	35.22717
초콜릿통신Ⅲ	shop	129.16202	35.16331
스토리IN가든	shop	129.17767	35.17098
명보INC 신세계센텀시계	shop	129.12955	35.16886
유랑Inn	stay	129.15913	35.16637
씨유센텀IS	shop	129.12541	35.17664
센텀J모텔	stay	129.12202	35.18652
크롬J	shop	129.17774	35.16302
J&P수영장	activity	129.17605	35.17222
Jackoff	shop	129.14954	35.22278
JAJU부산	shop	129.17678	35.17129
JENNA	shop	129.20322	35.18179
JJ모바일	shop	129.12198	35.20636
신세계센텀JJ	shop	129.12952	35.16882
JK통상	shop	129.12952	35.16882
스크린골프JOIN&JOY	activity	129.12584	35.18789
JOO하우스	stay	129.16616	35.17069
JS어패럴	shop	129.12956	35.19765
K-일러스트레이션페어 부산 2026	event	129.13503	35.16578
K-핸드메이드페어 부산 2026	event	129.13495	35.16577
K게스트하우스1호점	stay	129.15841	35.16247
롯데센텀시티K2	shop	129.13107	35.16985
현대그린푸드오스템임플란트부산K2공장	shop	129.12014	35.22435
KF아세안문화원	heritage	129.18206	35.17516
KFC부산	food	129.17656	35.17234
KKD부산장산T/O점	food	129.17767	35.16959
씨유센텀KNN점	shop	129.12844	35.17206
휴대폰성지KR모바일부산반여점	shop	129.11854	35.19908
L.H.CSPORTS	shop	129.13346	35.16714
메디우먼L&H	shop	129.15721	35.16223
세븐일레븐부산L7점	shop	129.16003	35.16018
아방베이커리L7점	food	129.16003	35.16021
호텔롯데L7	stay	129.16003	35.16018
라보Labo	food	129.15803	35.16632
LAMERSTAY	stay	129.16078	35.16229
비비큐부산LCT점	food	129.16802	35.16133
알라바마LCT점	food	129.16680	35.16191
저스트프레시LCT점	food	129.16802	35.16133
나노LED전기조명	shop	129.16304	35.16475
Lee 신세계백화점 센텀시티점	shop	129.12952	35.16882
LG전자 베스트샵 해운대점	shop	129.17304	35.16778
LG전자 베스트샵 신세계백화점 센텀시티점	shop	129.12952	35.16882
룩Look	shop	129.12953	35.19273
M.V어패럴	shop	129.13107	35.16985
부경양돈M&F	shop	129.15605	35.23118
부경양돈M&F반여점포크밸리미트마켓	shop	129.11933	35.20316
부경양돈M&F축산물백화점	shop	129.17507	35.17268
엠쓰리스포츠M3sport	activity	129.20615	35.19642
라온프레쉬MEAT	shop	129.13912	35.17085
MGM헬스	activity	129.13102	35.19619
신세계센텀MK	shop	129.12952	35.16882
MS호텔	stay	129.16113	35.15983
MUJI 신세계 센텀시티몰점	shop	129.12829	35.16986
N	shop	129.13414	35.20001
N트레이닝센터	activity	129.17865	35.16848
다다닥N짜오미솥뚜껑닭볶음탕	food	129.17233	35.17383
NC	shop	129.17705	35.17053
NC마운티아	shop	129.17707	35.17058
NC백화점로이드	shop	129.17705	35.17053
NC백화점모이몰른	shop	129.17705	35.17053
NC백화점인터크루	shop	129.17705	35.17053
NC백화점타마라	shop	129.17705	35.17053
NC아디다스	shop	129.17705	35.17053
NC엘르	shop	129.17705	35.17053
NC제이케이	shop	129.17705	35.17053
뉴발란스키즈NC	shop	129.17705	35.17053
닉스NC	shop	129.17705	35.17053
더샘인터내셔날NC백화점	shop	129.17705	35.17053
더코너스톤채선당자연한가득NC백화점	food	129.17705	35.17053
더코너스톤황생가칼국수NC백화점	food	129.17705	35.17053
두끼NC	food	129.17704	35.17053
레노마골프NC	shop	129.17707	35.17058
리미니NC	food	129.17705	35.17053
리바이스키즈NC	shop	129.17705	35.17053
매머드익스프레스NC점	cafe	129.17705	35.17053
메가커피NC점	cafe	129.17705	35.17053
비너스NC	shop	129.17705	35.17053
새마을식당NC	food	129.17704	35.17053
송사부수제쌀고로케NC	food	129.17705	35.17053
수비비안NC백화점킴스클럽	shop	129.17705	35.17053
슈마커NC	shop	129.17705	35.17053
스케쳐스NC	shop	129.17705	35.17053
스파오키즈NC	shop	129.17707	35.17058
아레나NC	shop	129.17705	35.17053
애슐리퀸즈NC	food	129.17705	35.17053
엘르양말NC	shop	129.17705	35.17053
채선당NC백화점	food	129.17706	35.17058
케이엘NC	shop	129.17705	35.17053
큐큐면관NC	food	129.17705	35.17053
클라이드NC	shop	129.17705	35.17053
티비제이NC	shop	129.17705	35.17053
프로젝트엠NC	shop	129.17705	35.17053
홀리카홀리카NC	shop	129.17706	35.17058
홍대쌀국수NC	food	129.17704	35.17053
후아유NC점	shop	129.17705	35.17053
코리아세븐NEWWAVE더	shop	129.15955	35.16114
No.1화로구이	food	129.17349	35.17314
Nudge567	stay	129.19652	35.17545
OA사무가구	shop	129.12803	35.18532
스마트OA시스템	shop	129.15835	35.23470
OK양화점	shop	129.14707	35.22570
OPS	food	129.18053	35.17461
오유오OuO	shop	129.16809	35.16381
아우어our	shop	129.15854	35.16615
빠흐PAR	food	129.18487	35.16368
PC베네	activity	129.16325	35.16254
동아PC	activity	129.15285	35.22338
레드포스PC아레나	activity	129.16255	35.16261
루나틱하이PC방	activity	129.14863	35.22655
마린PC카페	activity	129.14692	35.15664
맛있는PC방	activity	129.12418	35.18665
맥스피드PC	activity	129.12986	35.17302
메타PC중동점	activity	129.16873	35.16617
사이버파크PC방	activity	129.15642	35.23183
새로생긴PC방반여점	activity	129.11964	35.20362
아테나PC장	activity	129.17803	35.16851
아테나PC직영점	activity	129.17469	35.17252
오엑스PC	activity	129.15489	35.23213
울트라PC방	activity	129.12680	35.18946
제로백PC방	activity	129.12619	35.18830
젠PC방	activity	129.17779	35.16886
존버PC	activity	129.17543	35.17152
크라우드PC부산	activity	129.12687	35.18891
탑PC반여점	activity	129.12345	35.20045
피플PC방	activity	129.17539	35.17282
핫플레이스PC	activity	129.11955	35.20225
휴PC방	activity	129.20299	35.18322
잉크충전방，PC119닥터	shop	129.18112	35.17486
롯데센텀PIGC	shop	129.13107	35.16985
소소PLAY	activity	129.17788	35.16875
레아핏PT	activity	129.15665	35.16064
물리치료사의바디포스쳐PT	activity	129.11953	35.20180
성공PT	activity	129.17826	35.16817
에이치피트니스PT	activity	129.12389	35.18604
정석피트니스헬스PT	activity	129.16018	35.16274
솔레노어PTstudio	activity	129.14424	35.15933
밴주Q	shop	129.15721	35.16223
RC	shop	129.16558	35.16686
RNL시네아트점	shop	129.17666	35.16916
드렁큰쉐프s	food	129.15748	35.15991
젠틀맨S	bar	129.17640	35.17087
S.M.Korea	shop	129.14482	35.15720
광안대교요트투어SEAHOLIC	activity	129.14196	35.15980
베러먼데이센텀SH밸리점	cafe	129.13100	35.17246
센텀SH밸리점빽다방	cafe	129.13100	35.17246
아덴블랑제리센텀SH밸리점	cafe	129.13100	35.17246
센텀서점SKY문구	shop	129.12359	35.17676
SM텔레콤	shop	129.11924	35.20277
골프존파크우동SM스크린골프	activity	129.12922	35.17360
베이커리SOON	food	129.12248	35.20373
SR시스템	shop	129.19839	35.17934
SS무역	shop	129.16939	35.16268
와인ST	shop	129.14482	35.15720
펠릭스바이STX	stay	129.15848	35.16300
신세계센텀SW	shop	129.12952	35.16882
타카카Takaka	cafe	129.16018	35.16535
TBJ	shop	129.12952	35.16882
청진TEMA&BIO	shop	129.13287	35.19604
the명품해물탕조개구이	food	129.16102	35.16032
깔롱부띠끄그리고the행복해	shop	129.16394	35.16379
The스포츠센터	activity	129.12168	35.20387
의안복지재단The반디	cafe	129.13316	35.20072
THE수라	food	129.17433	35.16156
사시사철Thefresh	shop	129.14692	35.15664
theM	shop	129.17768	35.16957
THEPENNY동전노래연습장	activity	129.11949	35.20353
사미헌togo	food	129.12359	35.17676
신성통상TOPTEN키즈홈플러스	shop	129.13369	35.17092
신성통상TOPTEN홈플러스	shop	129.13107	35.16985
반여헬스TOWN	activity	129.13060	35.19389
신세계센텀스케쳐스USA	shop	129.12952	35.16882
부산일러스트레이션페어V.7	event	129.13549	35.16871
발레Vale	food	129.15851	35.16466
VIP노래주점	bar	129.17552	35.17140
VIP비지니스	bar	129.17552	35.17140
넘버원VIP프라이빗한우다이닝	food	129.19687	35.16849
브이VIP골프훈련소	activity	129.14540	35.15504
꼬치VS닭발	food	129.17322	35.16315
카카오VX스크린골프	activity	129.13369	35.17092
WEHEALTH	food	129.17828	35.16899
위드커피WithCoffee	cafe	129.12349	35.20656
경양카츠X경양선술센텀	food	129.12880	35.17447
라스피넬x알제이가x반지마을	shop	129.13097	35.16785
Y.G모바일	shop	129.11915	35.20189
요트Ya	activity	129.14196	35.15980
부산요트투어YHOLIC	activity	129.14196	35.15980
ZARA 롯데백화점 센텀시티점	shop	129.13107	35.16985
빈티지앤플라워ZinC30	cafe	129.16658	35.16020
작은zip	stay	129.17210	35.17123
조이조이ZOEYZOEY	shop	129.17766	35.17097
