㈜이스턴웰스다스매점	shop	129.33215	35.69576
가	stay	129.27543	35.87326
가고파노래연습장	activity	129.19522	36.00176
가고파다방	cafe	129.50199	35.80577
가구아울렛	shop	129.24070	35.91058
가나캠핑장	stay	129.14016	35.73207
가덕도반찬	shop	129.50201	35.80411
가드샾	shop	129.20674	35.84395
가득찬	shop	129.29891	35.77537
가득한정원펜션	stay	129.31548	35.79787
가든파티	stay	129.20610	35.84004
가든하이로	food	129.28845	35.84550
가라반	food	129.20648	35.85645
가락	food	129.22765	35.82358
가람	stay	129.22973	35.85054
가람기사식당	food	129.24444	35.91925
가람떡마을	food	129.20209	35.86668
가람생활한복	shop	129.20674	35.84395
가람식당	food	129.22411	35.86192
가람케이크	food	129.23017	35.84948
가로등식당	bar	129.27427	35.98761
가로수다방	cafe	129.10480	35.84856
가마솥	food	129.27887	36.00283
가마솥	food	129.19680	36.00089
가마솥순두부	food	129.24241	35.79385
가마솥우가네국밥	food	129.33176	35.68215
가마솥족발	food	129.20991	35.84323
가마솥추어탕	food	129.22696	35.98918
가마실갈비탕	food	129.20729	35.84050
가마치통닭	food	129.13932	35.80640
가마치통닭	food	129.21076	35.86695
가마치통닭	food	129.23078	35.87699
가마치통닭경주	food	129.22647	35.85528
가마치통닭경주건천점	food	129.10636	35.84544
가마치통닭용황휴포레점	food	129.22560	35.88387
가마치통닭황성	food	129.22231	35.86902
가배향주	cafe	129.20947	35.83602
가보세식당	food	129.47424	35.69306
가보자	food	129.20735	35.85459
가보자막창	bar	129.19589	36.00309
가보자소주방	food	129.50329	35.80407
가보자쉼터	shop	129.07225	35.81781
가봉반과	cafe	129.20884	35.83364
가비상회	shop	129.50312	35.80408
가비엔자기	cafe	129.22543	35.99167
가비종합식품	shop	129.50402	35.80392
가빈	shop	129.22702	35.84888
가삼골전복순두부	food	129.19643	35.87017
가시오가피삼계탕	food	129.20729	35.84050
가야미니호텔	stay	129.21611	35.84171
가야생수	shop	129.14310	35.97978
가야정보통신	shop	129.22404	35.85844
가야참가자미회	food	129.21951	35.86991
가야할밀면	food	129.22838	35.88160
가얏골감자탕	food	129.27610	35.98932
가얏골감자탕	food	129.20565	35.85313
가얏골감자탕	food	129.23103	35.87597
가언	cafe	129.21009	35.84594
가연수산	shop	129.20674	35.84395
가온국수	food	129.21207	35.84603
가온누리매점	shop	129.13778	35.98097
가온누리캠핑체험장	stay	129.13733	35.98105
가온아이	shop	129.47392	35.68998
가온하제	stay	129.26705	35.85663
가우디식육식당	food	129.31631	35.67941
가은식당	food	129.21582	35.84319
가을닮은초밥	food	129.21051	35.86912
가이드펜션	stay	129.25745	35.85814
가인	bar	129.22371	35.85542
가인다방	cafe	129.21810	35.99301
가자먹으러식당	food	129.23385	35.84637
가자에펠다육	shop	129.19394	35.87801
가장맛있는족발	food	129.21694	35.99311
가장맛있는족발경주	food	129.32326	35.71787
가장맛있는족발경주	food	129.22396	35.85704
가장맛있는족발경주용황점	food	129.22623	35.88215
가전마트	shop	129.50213	35.80507
가정상회	shop	129.32618	35.71496
가족국시방	food	129.20491	35.84615
가족미니호텔	stay	129.18164	35.84348
가현추어탕	food	129.26898	35.89548
가호방겔마미라클경주	shop	129.21745	35.87181
가희	shop	129.22398	35.85693
각시돈곰탕	food	129.22547	35.87776
간다컴퓨터	shop	129.22154	35.86775
간바지식당	food	129.20763	35.85077
간이역	bar	129.22673	35.85215
간이역건천점	bar	129.10350	35.84850
간이역국수	bar	129.30672	35.77234
갈곡리	stay	129.29206	35.89256
갈곡스테이	stay	129.28178	35.88740
갈매기면옥	food	129.45725	35.66742
갈매기회식당	food	129.50958	35.80732
갈매기횟집	food	129.48670	35.74608
갈비꾼	food	129.23091	35.84936
갈비담	food	129.29218	35.83373
갈비랑국수랑	food	129.29690	35.77680
갈비마을	food	129.21464	35.86507
갈비애용	food	129.20709	35.85268
갈채노래연습장	activity	129.22344	35.85405
감나무집	food	129.28312	35.83367
감나무집	food	129.16315	35.89896
감동까스	food	129.20945	35.85322
감로당	food	129.10391	35.84849
감산편의점	shop	129.05784	35.79223
감성별장	stay	129.28152	35.87177
감성칩스	food	129.20956	35.83411
감성커피경주금장점	cafe	129.20292	35.87047
감자바우	food	129.21191	35.84298
감찻집	cafe	129.22530	35.98999
감초건강원	shop	129.49995	35.80487
감초당한약방	shop	129.22792	35.99246
감포가생각라면	food	129.50934	35.82635
감포건어물	shop	129.50528	35.80951
감포공설시장	shop	129.50205	35.80415
감포과일	shop	129.50201	35.80411
감포누리캠핑글램핑	stay	129.45696	35.80752
감포더고아라비치펜션	stay	129.50846	35.82091
감포동해수산	shop	129.20674	35.84395
감포둘레길밥상	food	129.50326	35.80818
감포로민박	stay	129.51181	35.81606
감포리풀빌라펜션	stay	129.49004	35.80992
감포막창식당	food	129.49819	35.80667
감포맛집철없는대게	food	129.49331	35.76684
감포문어집	shop	129.50201	35.80411
감포물회박사	food	129.49139	35.78954
감포밀면	food	129.49939	35.80802
감포바다앞민박	stay	129.50991	35.81092
감포바닷가민박펜션	stay	129.49330	35.77804
감포방파제	activity	129.50601	35.80521
감포방파제낚시마트	shop	129.50414	35.80391
감포별미횟집	food	129.22585	35.85748
감포별빛한옥	stay	129.50313	35.81246
감포비치하우스	stay	129.48804	35.74789
감포상회	shop	129.21631	35.84539
감포새시장떡집	food	129.50201	35.80411
감포생선	shop	129.10533	35.84859
감포생아구찜	food	129.19291	36.00099
감포선착장	nature	129.50583	35.80504
감포수산물특화	shop	129.50714	35.82370
감포스크린골프	activity	129.49533	35.80299
감포시장식육식당	food	129.50171	35.80435
감포식당	food	129.44123	35.79217
감포아구찜	food	129.21909	35.85413
감포오리	food	129.51771	35.84053
감포오션뷰	stay	129.50977	35.82527
감포오션뷰카페	cafe	129.51318	35.83067
감포은정횟집	food	129.23407	35.84467
감포이견대카페	cafe	129.48471	35.74536
감포이견대횟집	food	129.48479	35.74600
감포일출복어	food	129.20914	35.84749
감포장어구이	food	129.50438	35.80406
감포장여관	stay	129.50419	35.80413
감포정보통신	shop	129.50295	35.80420
감포제빵소	food	129.50236	35.80569
감포중매인참가자미회	food	129.22676	35.85679
감포중매인참가자미횟집	food	129.22676	35.85679
감포차사랑	shop	129.49736	35.80493
감포참가자미횟집	food	129.22642	35.88125
감포카페이견대	cafe	129.48470	35.74536
감포텔레콤	shop	129.50208	35.80570
감포통닭	food	129.50305	35.80375
감포항	nature	129.50404	35.80783
감포항구낚시	shop	129.49693	35.80366
감포해녀횟집	food	129.21214	35.99410
감포해물어때	food	129.22628	35.85477
감포해상공원	nature	129.50487	35.80411
감포해수탕	shop	129.48952	35.78321
감포회센터	food	129.50322	35.80445
감포횟집	food	129.19511	36.00197
감포횟집	food	129.48437	35.74449
갑산옛날짜장	food	129.22788	35.97445
갑산장	stay	129.22805	35.97592
갑을유통	shop	129.20334	35.85388
갓바위	shop	129.18140	35.75928
갓튀긴후라이드경주	food	129.21536	35.86494
강강술래	shop	129.21585	35.98832
강경불고기경주분황사점	food	129.23259	35.84162
강경젓갈반찬	shop	129.22898	35.87699
강구미주구리회	food	129.19477	36.00370
강남다방	cafe	129.21858	35.99060
강남숯불식당	food	129.21638	35.84163
강남온누리약국	shop	129.32405	35.71497
강남주	activity	129.22077	35.87551
강남휴게소	shop	129.27591	35.86840
강다짐경주	food	129.21367	35.86618
강동갈비마을	food	129.27414	35.98780
강동감자칼국수수제비	food	129.27227	35.98601
강동국수한그릇	food	129.29673	35.95898
강동농협달성지소	shop	129.24358	36.05688
강동농협로컬푸드직매장	shop	129.27616	35.98570
강동다방	cafe	129.22669	35.99169
강동다방	cafe	129.27504	35.98989
강동당구클럽	activity	129.27540	35.98807
강동돼지국밥	food	129.27510	35.98796
강동마트	shop	129.27510	35.98796
강동미엔	food	129.20991	35.84313
강동밀면	food	129.27487	35.99013
강동생오리	food	129.27527	35.98960
강동스틸	shop	129.27693	35.99839
강동치킨	food	129.27504	35.98989
강동한식뷔페	food	129.27540	35.98807
강동한우숯불갈비	food	129.29660	35.95943
강동회마켓	food	129.27569	35.99039
강릉교동짬뽕	food	129.22378	35.85705
강릉마약닭강정	cafe	129.26914	35.80209
강릉식당	food	129.23320	35.84500
강변골프	shop	129.22541	35.87216
강변굴국밥	food	129.20289	35.86505
강변노래연습장	activity	129.32539	35.71299
강변막걸리	bar	129.22295	35.85040
강변모텔	stay	129.46172	35.67724
강변소머리국밥	food	129.10448	35.84769
강변집	food	129.47705	35.74401
강변펜션	stay	129.20209	35.80856
강산다방	cafe	129.50261	35.80377
강산수석원	shop	129.22665	35.84494
강산식당	food	129.08927	35.84087
강산원조밀면	food	129.47006	35.70052
강산해	shop	129.47086	35.78422
강생이하우스	stay	129.48324	35.75503
강서건강식품판매점	shop	129.22361	35.99022
강숯불돼지갈비	food	129.21005	35.86483
강촌펜션	stay	129.47751	35.74371
강촌휴게소	shop	129.39912	35.79427
개곡폭포가든	food	129.33462	35.73410
개그스토리	shop	129.21368	35.86802
개미성노래단란주점	bar	129.05067	35.89261
개미식당	food	129.05067	35.89261
개미초장	food	129.20674	35.84395
개선문당구장	activity	129.18603	35.84278
개성가마솥국밥	food	129.22360	35.85178
개성순대국밥	food	129.30156	35.71582
개성순대국밥감자탕	food	129.04882	35.89353
개인공간	stay	129.24069	35.89387
개인공간애견펜션	stay	129.24069	35.89387
개코노래연습장	activity	129.20649	35.85448
개풍관외동돼지국밥한식부페	food	129.27161	35.71049
갠조	shop	129.22260	35.99113
갤러리달숲	shop	129.07179	35.81749
갤러리란	shop	129.21012	35.83777
갤러리솔뫼	shop	129.15855	35.85567
갤러웨이경주점	shop	129.23186	35.84251
갯가다슬기	food	129.46297	35.67430
갱생복지믿음의집	shop	129.09530	35.84453
거	food	129.19580	36.00316
거구산가든식당	food	129.28612	35.91544
거금당	shop	129.21521	35.84372
거래처	bar	129.21125	35.86756
거래처	food	129.21542	35.99017
거래처식당	food	129.22269	35.85604
거림골체험마을	food	129.25474	36.00012
거마수산	shop	129.49866	35.79894
거마장숯불구이	food	129.49617	35.79829
거멍곶낭	stay	129.41794	35.71915
거목산업	shop	129.25859	35.90527
거북이카츠경주	food	129.21977	35.85657
거산	shop	129.24436	35.91642
거산장	stay	129.08927	35.86235
거송갈비찜황남점	food	129.21155	35.83601
거송숯불	food	129.29981	35.77486
거송식당	food	129.20674	35.84395
건강미인	shop	129.21292	35.84552
건강분식	food	129.10054	35.84791
건강약국	shop	129.20728	35.84308
건강쥬얼리	shop	129.10325	35.84904
건강한밥상	shop	129.18948	35.84142
건강해짐	activity	129.22945	35.85015
건국	stay	129.21213	35.84161
건널목막창	food	129.21524	35.86957
건설유리	shop	129.22394	35.86171
건아추어탕	food	129.21651	35.84506
건영전기	shop	129.05888	35.65378
건우금속하운드호텔경주점	stay	129.32546	35.78563
건천고속기사식당	food	129.08594	35.83968
건천골돼지찌개	food	129.10176	35.85122
건천골든유통	shop	129.10696	35.84636
건천꽃집	shop	129.10371	35.84988
건천다방	cafe	129.10513	35.84719
건천다향오리	food	129.07995	35.87008
건천산내매운탕	food	129.10299	35.84688
건천삼성프라자	shop	129.10442	35.84795
건천스크린골프	activity	129.10142	35.85200
건천식품	shop	129.10524	35.84830
건천안경원	shop	129.10373	35.84887
건천양꼬치	food	129.10564	35.85277
건천오토바이	shop	129.10640	35.84767
건천임씨건강원	shop	129.10094	35.84616
건천전기조명	shop	129.10203	35.85088
건천제이모텔	stay	129.09940	35.85300
건천제일약국	shop	129.10326	35.84932
건천족발	food	129.10441	35.84985
건천족발보쌈	shop	129.10575	35.84933
건천편백나무숲	nature	129.07409	35.83397
게스트하우스고도	stay	129.20619	35.83457
게스트하우스희	stay	129.22068	35.84316
게임공간	activity	129.21570	35.86668
게임웍스	activity	129.21311	35.84308
겐조	shop	129.20372	35.85652
겟잇뷰티	shop	129.19488	36.00018
견우와직녀	shop	129.20898	35.84912
견화당	stay	129.21316	35.82449
경근건강원	shop	129.21114	35.86570
경남파브농산	shop	129.05573	35.68856
경도기획	food	129.30384	35.77240
경도미야꼬우동	food	129.22443	35.88331
경도여인숙	stay	129.21604	35.84293
경동막걸리	bar	129.17977	35.84482
경동분식	food	129.22233	35.99041
경동불교서점	shop	129.21691	35.84239
경동상회	shop	129.49849	35.80023
경동식품	shop	129.21525	35.84578
경동악세사리	shop	129.22749	35.98813
경동약국	shop	129.20982	35.84522
경마루스테이	stay	129.50416	35.80325
경미양과	food	129.21678	35.84193
경민수산횟집	food	129.05094	35.89269
경민이네	food	129.17657	35.84525
경북경주시니어클럽	cafe	129.20345	35.84272
경북경주시니어클럽루왁	cafe	129.21180	35.84127
경북무역	shop	129.22233	35.85257
경북산업어반지점	cafe	129.20970	35.84353
경북온누리약국	shop	129.22397	35.85679
경북전기전자사	shop	129.18548	35.84348
경북지앤비남부본부	shop	129.21438	35.86448
경북천년숲정원	nature	129.24213	35.81191
경북포항어뉴골프	shop	129.24436	35.91642
경북횟집	food	129.46335	35.66685
경산서당	heritage	129.25212	36.00324
경산소찌개경주점	food	129.22510	35.85694
경상도추어탕	food	129.22398	35.85232
경성면옥경주보문점	food	129.26566	35.85266
경성이불	shop	129.32577	35.71529
경성이불	shop	129.32618	35.71496
경신당	shop	129.21434	35.84299
경아곰탕	food	129.20674	35.84395
경아분식	food	129.32507	35.71505
경안글로브	stay	129.25839	36.05288
경양식	food	129.21016	35.83671
경양카츠황리단길점	food	129.20958	35.83695
경원식당	food	129.23555	35.85075
경원홈마트	shop	129.20493	35.87171
경의상실	shop	129.21631	35.84539
경이네	food	129.19633	36.00295
경인당	shop	129.20799	35.84338
경인모텔	stay	129.21500	35.84294
경인석유고속도로양북임시휴게소상	shop	129.42037	35.81100
경인석유고속도로외동휴게소상	shop	129.28844	35.67424
경일문구사	shop	129.21073	35.84348
경일상회	shop	129.20771	35.84352
경조상회	shop	129.50961	35.82551
경주	food	129.20393	35.86751
경주	food	129.28845	35.84550
경주	activity	129.22075	35.85932
경주家도시락	food	129.22580	35.86183
경주가구	shop	129.30270	35.77332
경주가구갤러리	shop	129.24719	35.94409
경주가구사	shop	129.20948	35.84331
경주가온게스트하우스	stay	129.21276	35.84134
경주가족펜션감성길스테이	stay	129.20935	35.98175
경주갈비탕	food	129.32361	35.71636
경주감성숙소더글램핑풀빌라	stay	129.27106	35.80028
경주감성숙소소예스테이펜션	stay	129.31467	35.76911
경주감성숙소스테이서악	stay	129.18708	35.83069
경주감성숙소오플리	stay	129.26048	35.78394
경주감성숙소진티스테이	stay	129.33725	35.78325
경주감성한옥숙소둥굴스테이	stay	129.17201	35.79271
경주감포식당	food	129.20674	35.84395
경주감포트라제	stay	129.51981	35.83799
경주감포트라제풀빌라	stay	129.51937	35.83860
경주감포한옥펜션	stay	129.50313	35.81226
경주강동	shop	129.28530	36.00585
경주개동경이사업단	shop	129.19728	35.86891
경주건강한약국	shop	129.21503	35.84416
경주게스	shop	129.24436	35.91642
경주게스트하우스	stay	129.21766	35.84230
경주게스트하우스두바퀴	stay	129.20898	35.84443
경주게스트하우스프랜드	stay	129.21458	35.84397
경주게임랜드	activity	129.22332	35.85626
경주경북약국	shop	129.21752	35.84519
경주경춘재	food	129.32676	35.78690
경주계림밀면	food	129.21494	35.86496
경주고기	food	129.28845	35.84550
경주고깃간	food	129.28093	35.84741
경주고등학교매점	shop	129.22667	35.84316
경주고우려	stay	129.32216	35.83369
경주고택	stay	129.18703	35.82657
경주골방황리단길	bar	129.21219	35.84125
경주골프아카데미	activity	129.22672	35.87751
경주골프피팅샵	shop	129.22263	35.86420
경주과일야채	shop	129.20488	35.85567
경주괘릉	stay	129.32124	35.76290
경주교동순두부황리단길점	food	129.21056	35.83324
경주교동우엉김밥	food	129.21104	35.83329
경주교동한과	shop	129.21766	35.83073
경주교동한옥집	stay	129.21408	35.82590
경주교육사	shop	129.21724	35.85150
경주국립공원	nature	129.28947	35.84393
경주국민체육센터	activity	129.21708	35.87905
경주국밥	food	129.20704	35.85371
경주국악사	shop	129.20931	35.85493
경주국제금거래소	shop	129.20759	35.84449
경주그레이선셋풀빌라	stay	129.29082	35.89268
경주그린유스텔	food	129.32599	35.78619
경주글램핑플레이스씨	stay	129.20644	35.82573
경주김밥	food	129.21366	35.86787
경주김밥국수	food	129.20336	35.83982
경주김씨붓	food	129.21308	35.84291
경주김영국제빵소	cafe	129.31023	35.80369
경주김치찜	food	129.19678	35.86856
경주까사	stay	129.20416	35.84098
경주꽃게장	food	129.16681	35.84283
경주꽃돼지보쌈족발식당	food	129.21024	35.84794
경주꽃빵	food	129.21040	35.83638
경주남빙고	bar	129.22973	35.85054
경주남산아트펜션	stay	129.24674	35.75117
경주놀러와한옥독채풀빌라펜션	stay	129.20398	35.79007
경주농협로컬푸드직매장용황점	shop	129.22421	35.87967
경주눈편한안경콘택트	shop	129.21984	35.84160
경주다방	cafe	129.21404	35.84223
경주다시봄	stay	129.30543	35.81421
경주다온풀빌라	stay	129.30433	35.78737
경주다올	food	129.32226	35.76431
경주다이소충효점	shop	129.18324	35.84294
경주단골식당	food	129.18759	35.84150
경주단체감성풀빌라	stay	129.43533	35.80140
경주단체펜션별바라기	stay	129.25919	35.86212
경주달링풀빌라	stay	129.26646	35.86280
경주달밤	food	129.18312	35.84375
경주달빛여행펜션	stay	129.25295	35.83237
경주닭계장	food	129.20859	35.84575
경주닭발	food	129.20699	35.83487
경주당	shop	129.10924	35.83188
경주당	bar	129.28149	35.84550
경주당구클럽	activity	129.22327	35.86196
경주대게닭강정	food	129.20980	35.83662
경주대릉빵	food	129.20581	35.83858
경주대릉빵	food	129.20758	35.83691
경주대형약국	shop	129.24189	35.91123
경주더숲관광농원	stay	129.25660	35.70898
경주더코드	activity	129.21418	35.84185
경주더포레한옥펜션	stay	129.32539	35.79438
경주더한옥독채풀빌라	stay	129.20414	35.78998
경주데메테르풀빌라	stay	129.31159	35.79783
경주덴바스타료칸	stay	129.49078	35.78824
경주독일보청기	shop	129.21114	35.84436
경주독채펜션오플리그로브	stay	129.26091	35.78406
경주돌집	stay	129.22495	35.86128
경주동	food	129.20939	35.83844
경주돼지국밥	food	129.30040	35.77584
경주돼지집	food	129.20635	35.85315
경주드림마트	shop	129.21662	35.86742
경주드림식자재마트	shop	129.22391	35.86239
경주디올풀빌라	stay	129.29631	35.87698
경주디톡스족욕카페	cafe	129.22154	35.86775
경주땅콩제과	food	129.21309	35.84269
경주떡방앗간	food	129.32738	35.78578
경주떡집	food	129.20959	35.85315
경주라썸	stay	129.26020	35.85984
경주란한옥게스트하우스	stay	129.20762	35.82602
경주랑카라반앤글램핑	stay	129.18074	35.88168
경주레저총포사	shop	129.20737	35.83713
경주레져	activity	129.26561	35.84879
경주레트로	food	129.20308	35.84324
경주로여행	stay	129.20823	35.83676
경주로즈호텔황리단길점	stay	129.20562	35.84108
경주루지월드	activity	129.28902	35.84433
경주루지월드푸드코트	food	129.29331	35.84485
경주마당불손칼국수	food	129.21747	35.84349
경주마이쭈	shop	129.22839	35.84210
경주막창	food	129.21926	35.86752
경주만물	shop	129.19268	35.72236
경주맘모스한옥펜션	stay	129.24852	35.78796
경주맛집	food	129.27543	35.87398
경주맛집밀면	food	129.18399	35.84267
경주맛찬들왕소금구이	food	129.22121	35.86315
경주매운탕	food	129.17253	35.84455
경주맥주박물관	bar	129.21592	35.84196
경주맥주직판매장	bar	129.21031	35.83566
경주맨션	food	129.22077	35.84517
경주면가	food	129.22376	35.85717
경주면국시리	food	129.22382	35.85154
경주명가찰보리빵	food	129.21561	35.83596
경주명물빵	shop	129.23199	35.84030
경주명품빵	food	129.20353	35.83828
경주모다아울렛트레몰로	shop	129.24575	35.91820
경주모다지오지아	shop	129.24436	35.91642
경주문구	shop	129.22837	35.99008
경주문구	shop	129.22934	35.87668
경주문화디자인센터	shop	129.21346	35.83270
경주문화원	heritage	129.21040	35.84603
경주미담한옥펜션	stay	129.32606	35.77473
경주미담한옥풀빌라	stay	129.32606	35.77473
경주미하스	stay	129.29223	35.91477
경주민물	shop	129.20545	35.84371
경주민물매운탕	food	129.26298	35.85287
경주민속공예촌	heritage	129.31141	35.80432
경주민속한우직판장	shop	129.20580	35.84337
경주밀면	food	129.22114	35.99131
경주밀면	food	129.30305	35.77332
경주바람곳게스트하우스	stay	129.21601	35.84200
경주바람곳식당	food	129.21601	35.84200
경주반점	food	129.23035	35.87669
경주밥집	food	129.22216	35.83870
경주밧데리할인매장	shop	129.22541	35.87216
경주방학	stay	129.18968	35.83884
경주배드민턴전용구장	activity	129.24684	35.89291
경주백년협동조합	shop	129.20674	35.84395
경주벚꽃만두	food	129.21400	35.84301
경주벤제프	shop	129.24436	35.91642
경주별맥	shop	129.21100	35.83695
경주별빛달빛	stay	129.39772	35.81837
경주별빛마루글램핑장과펜션	stay	129.29394	35.92238
경주별빛펜션	stay	129.29477	35.88888
경주별이야기펜션	stay	129.39544	35.68886
경주보그너	shop	129.24436	35.91642
경주보리명가	food	129.30093	35.77402
경주보리명가	food	129.21536	35.84117
경주보문관광실내사격장	activity	129.28637	35.84398
경주보문실탄사격장	activity	129.28639	35.84402
경주보문아르노풀빌라	stay	129.27304	35.87378
경주보문호글램핑	stay	129.24574	35.83845
경주보문화랑한옥풀빌라펜션	stay	129.26701	35.85628
경주본가뒷고기	food	129.17691	35.84478
경주볼링장킹콩	activity	129.22590	35.88618
경주봉쥬르펜션	stay	129.25804	35.86289
경주분식	food	129.21599	35.84508
경주불교조각원	shop	129.18487	35.75354
경주뷰원키즈풀빌라펜션	stay	129.26662	35.86174
경주브래그	activity	129.22590	35.88618
경주브이게스트하우스	stay	129.22723	35.84152
경주비너스와코루	shop	129.21375	35.84308
경주비타민테라피	shop	129.22700	35.85216
경주빌라앤재펜션	stay	129.27304	35.87162
경주빵	food	129.29715	35.77666
경주빵	food	129.22017	35.83653
경주빵맛집둥근달붕어빵	cafe	129.21157	35.84353
경주뼈숯불구이	food	129.21083	35.83552
경주산내그로브	cafe	129.05726	35.69672
경주삼성가전	shop	129.22437	35.85103
경주상점	shop	129.28420	35.95994
경주상패공장	shop	129.22403	35.85292
경주상회	shop	129.32618	35.71496
경주상회	shop	129.22098	35.85217
경주상회	food	129.20934	35.84334
경주상회	shop	129.22211	35.98988
경주샌드	food	129.20968	35.83930
경주샌드분황사점	food	129.22926	35.84072
경주생막창	food	129.18244	35.84375
경주생태원	activity	129.28164	35.86911
경주샤슬릭	food	129.20555	35.85600
경주샤이닝꽃길카페	cafe	129.27797	35.86803
경주서라벌한옥관	stay	129.20497	35.83796
경주서악스테이	stay	129.18576	35.82659
경주석장동암각화	heritage	129.20065	35.86116
경주성지	shop	129.20512	35.84898
경주세계자동차박물관	heritage	129.26780	35.85190
경주세기냉동	shop	129.23059	35.84261
경주소반	food	129.32824	35.78517
경주소풍펜션	stay	129.51683	35.83616
경주손칼국수	food	129.21928	35.83703
경주쇼룸키즈펜션	stay	129.30120	35.78767
경주쇼핑백	shop	129.10569	35.85251
경주수산	shop	129.50136	35.80454
경주수약국	shop	129.22826	35.84655
경주수호정	stay	129.21110	35.83686
경주숙성돼지	food	129.22984	35.85110
경주숙소체크인불국	stay	129.32586	35.78168
경주순수찰보리빵	food	129.21343	35.84114
경주술술페스티벌	event	129.28797	35.83847
경주숯불	food	129.22311	35.85335
경주숲개울가풀빌라펜션	stay	129.29425	35.87687
경주숲속펜션	stay	129.40022	35.72309
경주쉼족욕카페황리단점	cafe	129.21512	35.83432
경주스마일키즈풀빌라	stay	129.30827	35.81078
경주스마트	shop	129.21765	35.84254
경주스위트호텔	stay	129.27743	35.85385
경주스쿠버센터	shop	129.23179	35.84997
경주스타펜션	stay	129.27558	35.83442
경주스테이	shop	129.22595	35.82357
경주스테이구황	stay	129.22945	35.84295
경주스테이동주	stay	129.32680	35.78381
경주스테이스텐빌	stay	129.28307	35.90176
경주스테이정	stay	129.15436	35.87513
경주스테이희재	stay	129.17201	35.81445
경주승마장	activity	129.28022	35.86784
경주시공간	shop	129.21540	35.84139
경주시관광기념품협의회협동조합	shop	129.22727	35.85628
경주시그니쳐풀빌라	stay	129.26621	35.86279
경주시니어클럽국시사랑	food	129.20938	35.86559
경주시니어클럽카페앤플레이스	cafe	129.20345	35.84272
경주시락국밥	food	129.31116	35.77093
경주시립노인전문요양병원구내매점	shop	129.16653	35.87641
경주시수협바다마트	shop	129.50292	35.80473
경주시종합자원화단지별빛카라반	stay	129.27052	35.81444
경주시청	shop	129.28510	35.83460
경주시청구내카페	cafe	129.22473	35.85651
경주시청소년수련관	activity	129.21569	35.85447
경주시청황리단길생활문화센터	food	129.21050	35.83525
경주식당	food	129.22809	35.99284
경주식당	food	129.21631	35.84539
경주식육식당	food	129.27405	35.98760
경주식자재마트	shop	129.21566	35.87241
경주신계풀빌라	stay	129.33495	35.76874
경주신계풀빌라펜션	stay	129.33517	35.76852
경주신라풀빌라	stay	129.27981	35.91640
경주신라한옥호텔	stay	129.18946	35.81325
경주신라한옥호텔	stay	129.18993	35.81370
경주신발	shop	129.20674	35.84395
경주십원빵	food	129.21544	35.83485
경주십원빵첨성대	food	129.21857	35.83584
경주십원빵황리단	food	129.20972	35.83609
경주아담게스트하우스	stay	129.20813	35.83515
경주아라뜰한옥펜션	stay	129.50296	35.81279
경주아이꽃	shop	129.20837	35.83651
경주아이씨에스주	shop	129.19362	35.81250
경주아화전통국수	food	129.21494	35.86496
경주아화전통국수	food	129.22433	35.84901
경주안주연구소	food	129.20374	35.84003
경주앙주	shop	129.21820	35.84163
경주애견펜션해피데이해피독	stay	129.30577	35.80739
경주애견펜션햇살가득	stay	129.31018	35.79429
경주앤드찰보리빵	food	129.21528	35.83485
경주어보	food	129.21468	35.83506
경주어썸풀빌라	stay	129.26657	35.86259
경주어울림	stay	129.45135	35.66102
경주에너지교육농장	activity	129.01345	35.81153
경주에서보냅니다	cafe	129.21100	35.83574
경주에스디피	shop	129.22182	35.86236
경주에스디피	shop	129.38918	35.79510
경주에스디피	shop	129.21756	35.84829
경주에스디피	shop	129.32590	35.70892
경주에스밀다	cafe	129.22980	35.84059
경주에어컨설치판매수리	shop	129.21024	35.85478
경주엑스포대공원	activity	129.28954	35.83406
경주엔한옥펜션	stay	129.19151	35.83318
경주엘리건스황리단길점	stay	129.20466	35.84591
경주엘림하우스	stay	129.21436	35.82601
경주엘마르펜션	stay	129.51207	35.82843
경주여행밀면여행라멘	food	129.23068	35.88394
경주연합의원	shop	129.22673	35.88308
경주연화	shop	129.32543	35.78636
경주열린약국	shop	129.20661	35.84308
경주영양밀면	food	129.17827	35.84366
경주영창피아노	shop	129.21709	35.84779
경주예게스트하우스	stay	129.20991	35.83409
경주예술의전당	heritage	129.20578	35.86167
경주예찬기독	shop	129.20667	35.84851
경주오로라키즈풀빌라	stay	129.12973	35.74631
경주오루한옥스테이	stay	129.20498	35.78139
경주오류캠핑장	stay	129.50846	35.82232
경주오릉한옥게스트하우스	stay	129.20747	35.82579
경주옥	stay	129.32417	35.77768
경주옥수수떡볶이	food	129.21920	35.86635
경주옴파로스카라반	stay	129.27871	35.91018
경주옷가게털보형제들	shop	129.21273	35.84232
경주옹기종기땅콩빵	food	129.30016	35.77538
경주와코루비너스전문매장	shop	129.21382	35.84308
경주왕실족발	food	129.30720	35.77270
경주우두갈비	food	129.20794	35.83902
경주우리밀면	food	129.22547	35.87776
경주우리쌀십원빵	food	129.21043	35.83601
경주원조콩국집	food	129.21472	35.83344
경주웰빙시대건강	shop	129.20751	35.84356
경주유연정	heritage	129.30174	35.94004
경주유유담	stay	129.28191	35.89836
경주유통경주마트	shop	129.18883	35.84271
경주육회	food	129.20434	35.84075
경주읍성	heritage	129.21391	35.84732
경주읍성간식	cafe	129.21237	35.84741
경주읍성아토샵	shop	129.21412	35.84630
경주읍성한옥	stay	129.21153	35.84957
경주의관습	shop	129.21254	35.84641
경주의료기	shop	129.20994	35.84396
경주이가국밥	food	129.22559	35.85967
경주이가국밥	food	129.21658	35.87082
경주이가국밥양남점	food	129.47035	35.70116
경주이룸고시원	stay	129.16779	35.84646
경주이약국	shop	129.29891	35.77537
경주이엔지	shop	129.24232	35.88987
경주잇다스테이	stay	129.32591	35.78026
경주자동차유리	shop	129.22883	35.87870
경주자연건강단식생활관	stay	129.36758	35.78017
경주자전거	shop	129.20459	35.83847
경주장	stay	129.21540	35.84139
경주전복해물뚝배기	food	129.28149	35.84550
경주전자담배	shop	129.21719	35.86214
경주전자담배베이프큐경주용황지구점	shop	129.22450	35.88279
경주점소이아동복	shop	129.24436	35.91642
경주점지프	shop	129.24436	35.91642
경주제면소	food	129.20994	35.84234
경주제일약국	shop	129.21144	35.84441
경주제주흑돼지	food	129.28149	35.84550
경주조각연구원	shop	129.20806	35.85271
경주조선온천호텔리테일	shop	129.28501	35.84683
경주조양펜션	stay	129.28796	35.77414
경주종합사무기상사	shop	129.20671	35.84908
경주주상절리펜션	stay	129.47254	35.69145
경주중고마트현은시스템	shop	129.20210	35.84512
경주중고재활용센터	shop	129.17052	35.84703
경주중고폰	shop	129.21546	35.84391
경주중앙도서관	heritage	129.20729	35.83862
경주중앙스포츠	shop	129.21324	35.84308
경주중앙시장목화식당	food	129.20674	35.84395
경주중앙시장야시장김가네닭강정	food	129.20674	35.84395
경주중앙야시장	food	129.20674	35.84395
경주중앙야시장돼지갈비후라이드	food	129.20674	35.84395
경주중앙야시장반카파오	food	129.20674	35.84395
경주중앙야시장베트남쌀국수	food	129.20674	35.84395
경주쥬비드상설매장	shop	129.20854	35.84511
경주쥬얼키즈풀빌라	stay	129.27806	35.86799
경주쥬얼키즈풀빌라별관	stay	129.27785	35.86803
경주쪽샘유적발굴관	heritage	129.21431	35.83995
경주쫄면상회	food	129.21043	35.83601
경주쭈꾸미	food	129.20211	35.84252
경주착한보쌈	food	129.20313	35.83983
경주찰보리냉면	food	129.31818	35.77562
경주찰보리빵	food	129.21387	35.84027
경주창고	cafe	129.28984	35.92394
경주천년한옥펜션	stay	129.28685	35.77395
경주천년한옥펜션	stay	129.29291	35.77412
경주천년한우	shop	129.22720	35.99154
경주천년한우보문명품관	food	129.28597	35.83680
경주천년한우보문점	shop	129.28597	35.83680
경주천년한우안강판매장	shop	129.22720	35.99154
경주천년한우외동셀프식당	food	129.32651	35.70577
경주천년한우용황점	shop	129.21922	35.86936
경주천북김밥커피	food	129.27063	35.89463
경주청년팜	food	129.43373	35.79277
경주체리주	shop	129.21476	35.84277
경주체육사	shop	129.22208	35.84277
경주초우관광농원	stay	129.25666	35.80860
경주초우오토캠핑장	stay	129.25669	35.80865
경주초장식당	food	129.22270	35.85626
경주촌놈흑돼지	food	129.17663	35.84339
경주촌캉스효현스테이	stay	129.18708	35.81499
경주축구공원	nature	129.21133	35.86024
경주축산농협축산물프라자	shop	129.32651	35.70577
경주축산농협하나로마트	shop	129.22139	35.86389
경주축산물	shop	129.21423	35.86512
경주카라반스테이륜	stay	129.30076	35.78753
경주칼치불낙	food	129.22311	35.85754
경주컨트리클럽	activity	129.26300	35.86443
경주컴퓨터프린트	shop	129.30093	35.77402
경주코튼빌리지	stay	129.15912	35.90523
경주콩나물국밥	food	129.21444	35.84161
경주키즈라운지	stay	129.30784	35.81122
경주키즈마을	stay	129.30784	35.81122
경주키즈풀아인펜션	stay	129.27006	35.87490
경주키즈플레이스	stay	129.30784	35.81122
경주키카키즈풀빌라	stay	129.46020	35.78990
경주텐타우스글램핑	stay	129.29163	35.96707
경주토토도자기공방	shop	129.19002	35.82696
경주통나무애견독채펜션	stay	129.30206	35.78731
경주통나무펜션	stay	129.30206	35.78731
경주트라제풀빌라	stay	129.51987	35.83789
경주특산명과의집	food	129.25120	35.84251
경주특산명과의집	food	129.26348	35.85203
경주파미유키즈펜션	stay	129.30156	35.78693
경주파크유스타운	food	129.32686	35.78556
경주판타지키즈풀빌라	stay	129.26899	35.87501
경주팥집미성당	food	129.21753	35.84562
경주패밀리스테이	stay	129.20302	35.84042
경주페러글라이딩	stay	129.13638	35.80265
경주펜션라온풀빌라	stay	129.27285	35.78200
경주편지	shop	129.30377	35.78092
경주포차	food	129.18997	35.86069
경주풀빌라몽펜션	stay	129.29063	35.89368
경주풀빌라스테이외외	stay	129.17212	35.82036
경주풀빌라파티오	stay	129.30866	35.79381
경주프라자약국	shop	129.21416	35.86548
경주프라자주	shop	129.21181	35.84362
경주핀란디아펜션	stay	129.25754	35.85829
경주필펜션	stay	129.26023	35.85914
경주하누가물애	food	129.25874	35.84491
경주하늘여니	stay	129.26175	35.85924
경주하루쉼키즈풀빌라	stay	129.25185	35.81889
경주한식뷔페	food	129.22481	35.86756
경주한약방	shop	129.21214	35.84389
경주한옥	stay	129.19656	35.80127
경주한옥	stay	129.19429	35.80430
경주한옥감성숙소두릉스테이	stay	129.17397	35.78815
경주한옥독채풀빌라팬션하녹	stay	129.18100	35.79172
경주한옥독채풀빌라펜션하녹	stay	129.18082	35.79172
경주한옥스테이갓거랑길	stay	129.31778	35.78903
경주한옥스테이모담	stay	129.21056	35.83762
경주한옥스테이선도산	stay	129.18870	35.83089
경주한옥스테이하당	stay	129.20822	35.83361
경주한옥펜션계림궁	stay	129.21089	35.82439
경주한옥펜션소요유	stay	129.14322	35.73771
경주한옥펜션투미	stay	129.50336	35.81292
경주한옥펜션투유	stay	129.50296	35.81279
경주한옥펜션하늘터밭	stay	129.14250	35.73690
경주한옥펜타운	stay	129.26314	35.98787
경주한옥풀빌라펜션지섬	stay	129.20383	35.79017
경주한옥풀빌라펜션지섬사랑채	stay	129.20389	35.79034
경주한우	food	129.24541	35.91964
경주한우	shop	129.24560	35.91931
경주한우심곡셀프식당	food	129.05868	35.89659
경주한우천국	shop	129.21251	35.84339
경주한우충효	food	129.18812	35.84213
경주한우투뿔고기마트	shop	129.05868	35.89659
경주한채	stay	129.12666	35.83144
경주해나스테이	stay	129.33327	35.75663
경주해장국식당	food	129.21664	35.84078
경주행운펜션	stay	129.27203	35.87812
경주향교	heritage	129.21732	35.83150
경주헌옷수거	shop	129.21022	35.85213
경주헤윰한옥펜션	stay	129.17881	35.79568
경주혜윰한옥풀빌라펜션	stay	129.17862	35.79589
경주호가	stay	129.22014	35.84209
경주호수펜션	stay	129.28879	35.81806
경주혼빌리지풀빌라펜션	stay	129.30848	35.77870
경주홍대디자인가구	shop	129.24235	35.91269
경주홍면	food	129.23259	35.84162
경주화로	food	129.21829	35.86758
경주화백컨벤션센터	heritage	129.28797	35.83847
경주화영육회	food	129.22434	35.85274
경주활어센타	shop	129.21566	35.87241
경주황금스파클링	food	129.20954	35.83758
경주황금십원빵	food	129.20989	35.83785
경주황금십원빵	food	129.20955	35.83782
경주황남빵	food	129.21535	35.84157
경주황남한옥	stay	129.21025	35.83390
경주황룡유스호스텔	stay	129.32763	35.78468
경주황리단길숙소아하스테이	stay	129.21018	35.84311
경주황리단십원빵	food	129.21040	35.83638
경주황리단풀빌라	stay	129.17848	35.79546
경주황리단한옥숙소다시봄	stay	129.20650	35.83866
경주황성한우	food	129.21536	35.86494
경주황소곱창용강	food	129.22530	35.88471
경주황소곱창황리단길	food	129.20869	35.83386
경주회식당	food	129.49458	35.79216
경주후연지한옥펜션	stay	129.20369	35.78076
경주휴대폰성지옆커폰황오점	shop	129.21748	35.84362
경주휴대폰성지폰파는아빠김팀장	shop	129.22679	35.85366
경주휴림단체가족수영장풀빌라펜션	stay	129.28878	35.81850
경주휴원	stay	129.19021	35.82712
경주희다풀빌라	stay	129.26636	35.86303
경주힐링캠프	stay	129.04105	35.81643
경주힐스	stay	129.19399	35.80037
경쥬르	food	129.18779	35.82339
경쥬르스테이	stay	129.18779	35.82339
경춘반점	food	129.20302	35.83965
경춘재	food	129.32670	35.78691
경치의산책	shop	129.20758	35.83691
경포에어렉스	shop	129.27715	35.99349
경포회식당	food	129.51894	35.83803
경포횟집	food	129.21632	35.87007
경해장여관	stay	129.20326	35.84100
경화식당	food	129.21453	35.85242
경희수산	shop	129.47419	35.69042
경희정	food	129.24184	35.84174
경희횟집	food	129.47419	35.69042
곁에사라	shop	129.20971	35.83599
계간지	food	129.22146	35.85342
계단	cafe	129.20959	35.83715
계란유통	shop	129.23274	35.84685
계림가정식부페	food	129.30117	35.77473
계림궁	stay	129.21120	35.82434
계림규동	food	129.21142	35.83617
계림반찬	shop	129.21631	35.84539
계림본가	food	129.21747	35.84349
계림분식	food	129.20674	35.84395
계림식당	food	129.32191	35.78770
계림약국	shop	129.21409	35.86485
계림잡화	shop	129.29331	35.84485
계림주막	food	129.21195	35.83494
계림촌	food	129.20943	35.83680
계명미용재료상사	shop	129.21504	35.84306
계수닭한마리	food	129.30748	35.78879
고고링풀빌라	stay	129.29084	35.89181
고구려노래클럽	bar	129.22370	35.85525
고궁	bar	129.21883	35.86825
고궁고미술	shop	129.21296	35.83498
고궁다방	cafe	129.21581	35.84705
고궁단란주점	bar	129.50214	35.80617
고기공방	shop	129.21364	35.84373
고기금고	food	129.20764	35.85534
고기꾼정사부	food	129.20559	35.85487
고기듬뿍대왕비빔밥	food	129.22402	35.85151
고기만장	food	129.17432	35.89007
고기사랑	shop	129.23129	35.84917
고기서만나	food	129.19685	36.00300
고기정거장	shop	129.21566	35.87241
고기카페	food	129.21941	35.86783
고깃집	food	129.21320	35.99168
고내민박	stay	129.12510	35.78744
고냅브로시스	cafe	129.22080	35.84594
고니김밥	food	129.20707	35.85530
고담	food	129.20708	35.85316
고대안풀빌라펜션	stay	129.49043	35.81032
고도경주점	food	129.21043	35.83601
고도리	bar	129.20976	35.83675
고도민박	stay	129.27654	35.78626
고도한옥	stay	129.21145	35.83638
고두반	food	129.27717	35.79393
고래고래노래클럽	bar	129.21084	35.84267
고래등	food	129.47495	35.69649
고래등	food	129.49257	35.76067
고래등한정식	food	129.31705	35.77602
고래밥	food	129.18244	35.84375
고래밥	food	129.29873	35.70440
고래밥	food	129.22277	35.85556
고래사냥	food	129.20607	35.85502
고래사냥	bar	129.20277	35.84168
고래섬협동조합	cafe	129.49414	35.77731
고래진미	food	129.22396	35.85578
고려갤러리	shop	129.05167	35.78333
고려건재한약품	shop	129.20728	35.84327
고려다방	cafe	129.20984	35.84430
고려홍삼건강원	shop	129.20542	35.84421
고로북	cafe	129.21021	35.84881
고릴라노래타운	bar	129.22396	35.85527
고릴라캠핑경주점	shop	129.24084	35.91301
고림기념품	shop	129.21668	35.84297
고맛집왕갈비	food	129.19537	36.00109
고망고경주황리단길점	cafe	129.21040	35.83638
고모네생선구이	food	129.20674	35.84395
고물상	food	129.20484	35.85623
고미사	cafe	129.23112	35.84121
고미정	food	129.22398	35.85830
고민석불오뎅가마솥떡볶이	food	129.22613	35.88499
고바우약국	shop	129.21259	35.84476
고반식당경주용황점	food	129.22798	35.88227
고봉민김밥人충효점	food	129.18856	35.84186
고봉민김밥경주보문점	food	129.28491	35.83573
고봉민김밥알천점	food	129.23056	35.84913
고봉민김밥인	food	129.21162	35.86676
고봉민김밥인	food	129.22958	35.87662
고봉민김밥인	food	129.21370	35.84393
고분고분과자점	food	129.20771	35.84120
고산숯불	food	129.20527	35.85290
고색창연	food	129.31598	35.79003
고서방칡냉면바다장어구이	food	129.22612	35.85112
고성곱창식당	food	129.21472	35.86558
고소하누	food	129.30651	35.78696
고수림	food	129.31277	35.68131
고연	stay	129.19777	35.76828
고와스테이	stay	129.20891	35.83695
고요	stay	129.25986	35.79687
고운방담배	shop	129.21655	35.84427
고운방화장품	shop	129.21655	35.84427
고운옷장	shop	129.20474	35.87124
고운이네	shop	129.21971	35.85397
고운한옥	stay	129.22568	35.82393
고원재	stay	129.25238	35.82144
고위산건강원	shop	129.20179	35.84440
고위산삼계탕	food	129.20513	35.77483
고은이불	shop	129.20674	35.84395
고인돌당구클럽	activity	129.21418	35.84185
고집베이커리	food	129.22953	35.88373
고창풍천장어	food	129.21582	35.86303
고추마늘통닭	food	129.22647	35.85207
고추잠자리	bar	129.28149	35.84550
고향떡집	food	129.30112	35.77551
고향떡，참기름	food	129.22511	35.99121
고향마루	food	129.45094	35.66226
고향마을	food	129.45094	35.66226
고향막창	food	129.47138	35.69956
고향맛	shop	129.21839	35.99092
고향밀면	food	129.21445	35.84154
고향밥상	food	129.29463	35.70806
고향분식	food	129.10533	35.84859
고향분식	food	129.50201	35.80411
고향숯불갈비	food	129.28899	35.92649
고향스테이	stay	129.20984	35.84834
고향식당	food	129.10555	35.84895
고향식당	food	129.49572	35.77251
고향식당	food	129.21495	35.84394
고향식당	food	129.22520	35.85296
고향실비	food	129.20699	35.83487
고향실비타운	food	129.20702	35.83491
고향집매운탕	food	129.15283	35.98669
고향집식당	food	129.15017	35.81882
고향집흑염소	food	129.31246	35.77133
고향할매맛집	food	129.50263	35.80465
고향할매아구찜	food	129.23018	35.85084
고향해장국	food	129.30475	35.77176
곡포초당	stay	129.25258	36.00484
곤달비캠프	stay	129.00067	35.73247
곤실길스테이	stay	129.20929	35.97512
곤지곤지	shop	129.17022	35.84464
곤지암한우소머리곰탕	food	129.31879	35.78777
곤탄	food	129.20650	35.84235
골동	shop	129.21631	35.84698
골드박스금지게	shop	129.22472	35.99089
골드빈	shop	129.21416	35.84329
골드카페	cafe	129.19568	35.87028
골드캐슬	shop	129.21371	35.84396
골든스테이지	stay	129.49344	35.76594
골든커플	shop	129.20649	35.83942
골목닭갈비	bar	129.21959	35.86810
골목상회	shop	129.22260	35.99003
골목스테이	stay	129.22410	35.84293
골목식당	bar	129.44170	35.79229
골목식당	food	129.21435	35.84374
골목식당	food	129.21633	35.85171
골목식당부잣집쌈밥	food	129.22677	35.87776
골목안원조맛집진강이네	food	129.46342	35.67435
골목오뎅야	bar	129.21353	35.85124
골목집가마솥	food	129.20977	35.84642
골목칼국수	food	129.50188	35.80571
골프데니스	shop	129.27719	35.85032
골프병원	shop	129.21574	35.87688
골프샷존주	activity	129.28845	35.84550
골프알지	shop	129.27686	35.85386
골프존로얄스크린골프	activity	129.23275	35.88461
골프존파크경주보문관광점	activity	129.28845	35.84550
골프존파크현곡신금장점	activity	129.20356	35.87084
골프천하경주점	shop	129.23053	35.88450
곰다방	cafe	129.44296	35.79183
곰돌이국수	food	129.26598	35.80343
곰배국수	food	129.22672	35.87751
곱창왕국	food	129.22401	35.85187
곳간	food	129.22646	35.85606
공간자연스럽게	shop	129.22196	35.84319
공간종합주방	shop	129.21555	35.85252
공감	cafe	129.19304	36.00188
공감	food	129.50279	35.80729
공감폰가게	shop	129.22439	35.87939
공단매점	shop	129.30550	35.66157
공단먹돌이	food	129.33709	35.72911
공단불고기식당	food	129.22144	35.87887
공단식당	food	129.27141	35.94198
공단식당	food	129.32601	35.66515
공단식당	food	129.32879	35.70617
공단휴게실	shop	129.29897	35.72037
공덕까페	food	129.28259	36.01611
공돈	food	129.22273	35.85695
공명상회	shop	129.21631	35.84539
공산경주호텔공간	stay	129.20342	35.84137
공영푸드	food	129.20992	35.85257
공예품직판장	shop	129.31090	35.80663
공원생아귀찜	food	129.32587	35.78480
공원유스텔	stay	129.32587	35.78480
공원파전	bar	129.20990	35.86492
공주네뒷고기	food	129.20245	35.84114
공주초장	food	129.20674	35.84395
공주현고기마트	shop	129.17805	35.84454
공차경주	cafe	129.21519	35.86734
공차경주노동점	cafe	129.21332	35.84354
공차경주월드점	cafe	129.27915	35.83610
공화춘	food	129.04431	35.75748
과일다니세번째이야기	food	129.19043	35.84162
과일한입	cafe	129.20968	35.83930
관광슈퍼	shop	129.21924	35.83586
관광식당	food	129.20333	35.81702
관광역사공원	nature	129.27030	35.85260
관동횟집	food	129.45506	35.66626
관문다방	cafe	129.22775	35.99132
관문성	food	129.32940	35.69825
관성솔밭해변	beach	129.45220	35.65970
관성정미소	shop	129.45066	35.66525
관성회식당	food	129.45169	35.66090
광동성	food	129.17465	35.81509
광명각	food	129.21520	35.99086
광명당	shop	129.46306	35.67442
광명대물낚시	shop	129.15073	35.81907
광명반점	food	129.20840	35.85389
광명유통	shop	129.10033	35.84809
광명횟집	food	129.22690	35.85216
광바우식당	food	129.06407	35.65447
광신폐백	food	129.21634	35.84554
광신포목	shop	129.20674	35.84395
광웅상회	shop	129.50260	35.80195
광장까페	food	129.21748	35.84362
광장숯불	food	129.10412	35.84980
괘릉한옥스테이	stay	129.32354	35.76907
교동	food	129.20477	35.85804
교동게하	stay	129.21054	35.83357
교동경주빵	shop	129.50389	35.80438
교동경주빵	food	129.20488	35.83851
교동경주빵황남점	shop	129.21267	35.83565
교동면옥경주대릉원점	food	129.21494	35.83376
교동면옥주상절리점	food	129.47092	35.68276
교동석등있는집	cafe	129.21588	35.82985
교동순대국	food	129.23044	35.84597
교동실크로드	shop	129.21590	35.83023
교동쌈밥	food	129.21059	35.83329
교동집밥	food	129.21533	35.83433
교동한옥스테이	stay	129.21104	35.83329
교리	food	129.21584	35.83103
교리김밥	food	129.21078	35.82169
교리김밥보문점	food	129.28637	35.84398
교리김밥봉황대점	food	129.20968	35.83930
교리김밥황성	food	129.21455	35.86589
교리숯불갈비	food	129.20969	35.83447
교보서적황성	shop	129.21316	35.86482
교원프라퍼티스위트호텔경주	stay	129.27740	35.85381
교육다방	cafe	129.22935	35.84633
교촌가	food	129.21363	35.83304
교촌가람	shop	129.21575	35.83051
교촌면옥	food	129.21927	35.87155
교촌삼백년집	food	129.21575	35.83051
교촌치킨	food	129.32522	35.71131
교촌치킨	food	129.17502	35.89016
교촌치킨	food	129.20938	35.86559
교촌치킨	food	129.22824	35.88376
교촌치킨	food	129.18767	35.84227
교촌치킨	food	129.22444	35.85829
교촌치킨	food	129.19648	36.00153
교촌치킨성건	food	129.20738	35.85506
교촌치킨신경주역점	food	129.13638	35.80265
교포오락실	shop	129.32408	35.70222
교포오락실	activity	129.32689	35.71452
구강서원	heritage	129.20831	36.01038
구공스테이경주	stay	129.45713	35.66682
구구곰장어아나고	food	129.18560	35.84318
구구족배달경주용황점	food	129.22369	35.88259
구길가옥	stay	129.46157	35.74740
구도	stay	129.27787	35.90555
구도	food	129.20904	35.83851
구도옥	food	129.21167	35.83647
구로쌈밥	food	129.21779	35.83596
구룡포자연산횟집	food	129.20318	35.86827
구룡포회센타	food	129.22556	35.99277
구룡포횟집막썰어회	food	129.17898	35.84449
구루메비지터클럽	food	129.20734	35.83694
구름	stay	129.21304	35.83466
구릉	cafe	129.26505	35.85274
구릉도원	stay	129.26007	35.79737
구릉연가	stay	129.18611	35.82699
구멍가게	shop	129.05872	35.73115
구백상회	shop	129.21631	35.84539
구번가카페	cafe	129.22440	35.86290
구센치	shop	129.21348	35.84260
구앤윤컴퍼니	bar	129.47070	35.70070
구야	food	129.22282	35.85337
구어조은닭	food	129.31926	35.67935
구이구이	food	129.46172	35.67724
구이달인	food	129.47439	35.69346
구이천국	food	129.22626	35.85041
구절초	food	129.10555	35.84895
구절초가는길	stay	129.18614	35.82679
구정계란	shop	129.21932	35.86806
구정커피방	cafe	129.29848	35.77679
구제이야기	shop	129.22510	35.99115
구제천국	shop	129.20834	35.84358
구짱가요궁	bar	129.22371	35.85542
구토란	cafe	129.16068	35.75229
구토란펜션	stay	129.16075	35.75190
구포촌국수	food	129.32067	35.72705
구황반점	food	129.22722	35.84152
구희식당	food	129.48372	35.73914
국과반찬	shop	129.18011	35.84448
국대뚝막이	food	129.22525	35.88110
국도진	food	129.05307	35.89149
국립경주박물관	heritage	129.22837	35.83048
국립박물관문화재단	shop	129.22868	35.82943
국민돼지국밥	food	129.19158	35.86082
국민청소년수련원구내매점	shop	129.06224	35.74013
국민힐링파크	activity	129.06188	35.74082
국밥만찬	food	129.21972	35.88200
국밥을담다	food	129.30179	35.66962
국밥쟁이밀면꾼	food	129.20276	35.86949
국밥제작소	food	129.22504	35.88229
국밥집	food	129.22694	35.99059
국보화랑	shop	129.21322	35.85388
국빈	food	129.22396	35.85578
국수가술술	food	129.04912	35.89381
국수나무용황지구점	food	129.22800	35.88343
국수랑김밥	food	129.33417	35.67785
국수마을	food	129.05206	35.89195
국수본	food	129.21433	35.86708
국수이야기	food	129.47099	35.70050
국시마을	food	129.22557	35.85882
국시집	food	129.20590	35.85025
국시한그릇	food	129.15764	35.82593
국제금매입경주금거래소	shop	129.21752	35.84519
국제당구장	activity	129.50168	35.80433
국제에너텍	shop	129.22157	35.85227
국제자갈집	food	129.22376	35.85717
국제전기조명	shop	129.22696	35.85911
국제종합가구	shop	129.21756	35.84810
국제판매장	shop	129.20687	35.84238
굴따리막걸리	bar	129.22486	35.88270
굴따리분식당	food	129.22023	35.84152
굽네치킨	food	129.21614	35.99355
굽네치킨	food	129.20938	35.86559
굽네치킨동천	food	129.22648	35.85137
굽네치킨성건	food	129.21243	35.84716
굽네치킨충효점	food	129.18472	35.84347
굿	shop	129.19559	36.00379
굿딜리버리	food	129.20973	35.85412
굿럭명품샵	shop	129.29090	35.83958
굿럭스토어	shop	129.22550	35.86248
굿맨노래연습장	activity	129.31797	35.68010
굿모닝슈퍼	shop	129.21868	35.85619
굿모닝푸드캐더링	food	129.29343	35.70555
굿모닝휴게실	shop	129.31330	35.76271
굿보이	food	129.21383	35.84362
굿즈	cafe	129.21186	35.83528
굿키친	shop	129.20210	35.84512
궁림바지락칼국수	food	129.31247	35.79829
궁림손칼국수	food	129.31244	35.79826
궁상각치우	food	129.23664	35.87281
궁상각치우	food	129.22570	35.88141
궁전노래연습장	activity	129.21964	35.99279
궁전노래연습장	activity	129.22023	35.84152
궁전떡집	food	129.20674	35.84395
궁전약국	shop	129.21752	35.84546
궁짜이	food	129.20606	35.84339
궁한정식	food	129.20542	35.84182
권가네동네정육점	shop	129.22774	35.99246
권경희과일도소매	shop	129.20993	35.85228
권자카야	food	129.22572	35.88265
귀금당	shop	129.21386	35.84430
귀빈가요궁	activity	129.50347	35.80396
귀빈반점	food	129.19880	35.75076
귀빈장여관	stay	129.33178	35.68205
귀빈장여관	stay	129.21877	35.99290
귀산서원	heritage	129.16130	35.89002
귀연재	stay	129.25076	35.81891
귀하한정식	food	129.22362	35.86127
귀한식탁	food	129.22805	35.85116
귀한찬	shop	129.22805	35.85116
규리노래연습장	activity	129.22298	35.86258
규미의류	shop	129.20674	35.84395
그날의경주	stay	129.20398	35.84000
그남자의왕돈까스	food	129.47070	35.70070
그냥술집	food	129.22647	35.85207
그녀의홈카페	cafe	129.20966	35.85489
그달아래	stay	129.28076	35.78941
그대로건강원	shop	129.06054	35.65352
그때그놈호프	bar	129.32469	35.71325
그라시아스	cafe	129.18368	35.85854
그라찌아	shop	129.20672	35.85569
그랑꼴	food	129.50161	35.80649
그랑맥주	bar	129.23229	35.84483
그랑재	stay	129.32123	35.79143
그랑프리숙녀복	shop	129.21953	35.85408
그랜드노래궁	bar	129.22336	35.85558
그레이스가든경주	shop	129.22863	35.88312
그레이썬셋	stay	129.29083	35.89296
그레이에이치	shop	129.24382	35.79192
그레이하우스경주	shop	129.20864	35.83647
그레이하우스고도	shop	129.20746	35.83926
그리고경주	stay	129.20822	35.83456
그리고카페인	cafe	129.25042	35.84123
그리다	stay	129.21448	35.98386
그리스	stay	129.20514	35.83965
그릭너리	food	129.21416	35.84727
그린골프스크린	activity	129.21903	35.87379
그린낚시	shop	129.46672	35.68108
그린마트	shop	129.32766	35.67581
그린벨리	stay	129.40263	35.67373
그린샾	shop	129.22265	35.99038
그린소주방	food	129.04925	35.89265
그린시스템	activity	129.21706	35.84171
그린시스템	shop	129.21000	35.85463
그린얼음막걸리	bar	129.18665	35.84247
그린에어로빅	activity	129.17830	35.84464
그린에프앤씨	shop	129.18319	35.83839
그린에프앤씨	shop	129.16324	35.82926
그린유통	shop	129.22879	35.89782
그린정원	cafe	129.32784	35.78599
그린조이	shop	129.21244	35.84339
그린조이유통경주점	shop	129.21244	35.84339
그린종합상사	shop	129.23100	35.87837
그린카이로프랙틱	shop	129.22982	35.85036
그린퍼니처	shop	129.22175	35.86190
그린펫	shop	129.22350	35.86653
그린퓨어	shop	129.21607	35.99787
그린피아힐링캠프	shop	129.20674	35.84395
그린하우스캠핑장	stay	129.06626	35.72390
그린하우스펜션	stay	129.06528	35.72343
그린하우스편의점	shop	129.06651	35.72378
그린하임모텔	stay	129.45390	35.68605
그린힐골프앤스파찜질방	food	129.33783	35.71666
그린힐골프엔스파내	shop	129.33783	35.71666
그린힐스파내	shop	129.33783	35.71666
그림	stay	129.30232	35.78701
그림공방핸즈	shop	129.22553	35.86229
그림커피	cafe	129.21478	35.83538
그시절옛날통닭	food	129.21430	35.86724
그시절옛날통닭	food	129.22587	35.85822
그여행	food	129.17375	35.89032
그여행용황점	food	129.22613	35.88499
그집	food	129.31924	35.67867
그집	food	129.22378	35.85676
그집	bar	129.21974	35.99216
그집갈비탕	food	129.31911	35.73738
그집마카롱	food	129.20648	35.83876
그집이야기펜션	stay	129.23532	35.85121
그집포차	bar	129.32603	35.71045
그집푸드공유주방	food	129.19077	35.86122
그커피이야기	cafe	129.27569	35.99039
극동스틸	shop	129.19040	35.99850
극동시스템	shop	129.20113	35.84240
극동실비	food	129.21888	35.86971
근계국밥	food	129.22104	35.98622
근계상회	shop	129.22556	35.98528
근기충전삼보축산	shop	129.13741	35.80525
근자현	food	129.20359	35.83866
근화여고구내매점	shop	129.22732	35.87059
글라스스토리	shop	129.21379	35.86506
글램	food	129.20631	35.85522
글로벌경주지점신라의달	activity	129.28363	35.84313
글로벌마트	shop	129.20644	35.85541
글로우먼츠	shop	129.22900	35.84208
금강당	shop	129.22312	35.99231
금강미용상사	shop	129.21526	35.84404
금강삼계탕	food	129.22395	35.85994
금강제화경주점	shop	129.21182	35.84245
금강채	food	129.21980	35.81414
금강할인마트	shop	129.04384	35.75770
금관기념품	shop	129.32622	35.78658
금관총	heritage	129.20979	35.84118
금길숯불구이	food	129.20649	35.85342
금길축산물센터	shop	129.20665	35.85329
금난의집	stay	129.20751	35.77518
금다방	cafe	129.10577	35.85073
금단진	shop	129.21631	35.84539
금당	shop	129.21228	35.84318
금돼지식당	food	129.47040	35.69980
금두꺼비	shop	129.21631	35.84539
금두꺼비식당	food	129.29777	35.77722
금룡반점	food	129.30235	35.78047
금루	shop	129.20394	35.84766
금메달막창	food	129.21397	35.99109
금문정돌트미향	shop	129.28685	35.90304
금바다	stay	129.47075	35.68244
금별맥주경주용황점	bar	129.22890	35.88297
금보라꼬마김밥	food	129.21117	35.84485
금복식당	food	129.21084	35.84267
금복주류경주용황점	bar	129.22800	35.88343
금복추어탕	food	129.11592	35.83632
금빛	food	129.20388	35.83929
금빛결	shop	129.22635	35.88257
금빛다방	cafe	129.50258	35.80666
금빛채풀빌라	stay	129.27829	35.90731
금빛커피숍	cafe	129.22550	35.99059
금빛코다리경주점	food	129.31427	35.79212
금사랑	shop	129.22498	35.99087
금사리양행	shop	129.21188	35.84324
금산재칼국수	food	129.19419	35.84652
금생단	shop	129.29973	35.77707
금성관	food	129.23395	35.84769
금성국밥	food	129.20664	35.85243
금성당	shop	129.21364	35.84281
금성상사	shop	129.10920	35.85541
금성수산	food	129.50499	35.80923
금성식당	food	129.33732	35.67164
금성일기	stay	129.21869	35.83614
금성펌프상사	shop	129.20508	35.83854
금수강산	food	129.20536	35.77409
금시당	shop	129.50201	35.80411
금오산전통칼국수	food	129.20577	35.79823
금오정	food	129.22577	35.85448
금옥당	shop	129.10384	35.84930
금용각	food	129.23077	35.87826
금은보화다방	cafe	129.22543	35.99111
금잔화국수	food	129.24901	35.84108
금장	activity	129.20672	35.87389
금장골식당	bar	129.20305	35.86785
금장골프랜드골프숍	shop	129.20672	35.87389
금장국밥	food	129.20291	35.86770
금장당구장	activity	129.20343	35.86879
금장대	heritage	129.20100	35.86060
금장막걸리	bar	129.20202	35.86647
금장막걸리	bar	129.20738	35.85506
금장막걸리식당	bar	129.21928	35.86733
금장명가밀면	food	129.20277	35.86604
금장손두부집	food	129.24067	35.84264
금장식육식당	food	129.20241	35.86887
금장식육식당구황점	food	129.23096	35.84273
금장온누리약국	shop	129.20356	35.87084
금장종로떡접	food	129.20546	35.86967
금장칼국수	food	129.20277	35.86793
금쟁이	shop	129.21345	35.84399
금전수식당	food	129.40504	35.83462
금쪽갈비	food	129.22647	35.85528
금척고속기사식당	food	129.11141	35.83188
금척슈퍼	shop	129.10502	35.84907
금척슈퍼	shop	129.11683	35.83407
금천주	stay	129.29254	35.84055
금촌설렁탕	food	129.47134	35.70014
금하공방	shop	129.22566	35.82770
금호수산	shop	129.32557	35.71601
금화	food	129.27480	35.70919
금화왕돈까스경주역점	food	129.13854	35.80082
금화왕돈까스경주용황점	food	129.22935	35.88268
금화주단	shop	129.20674	35.84395
급식옥수수빵콘이코니	food	129.20892	35.83906
기경전기	shop	129.21164	35.88645
기네스	shop	129.21270	35.84256
기념품가게	shop	129.21213	35.84161
기능성신발풋젠경주점	shop	129.21832	35.85444
기둥집	bar	129.20877	35.83559
기똥찬푸드	food	129.20758	35.83691
기록	cafe	129.22556	35.88187
기린	shop	129.21254	35.84355
기린휴게소	shop	129.21878	35.83583
기림사	heritage	129.40315	35.83772
기백정육점	shop	129.09804	35.84676
기버스테이션	food	129.21678	35.84997
기분전환식당	bar	129.21688	35.99174
기사상회	shop	129.14772	35.81862
기사식당	food	129.14772	35.81862
기사식당	food	129.10143	35.85085
기소야	food	129.21070	35.84197
기소야신경주역점	food	129.13940	35.79808
기아상회	shop	129.50996	35.82531
기영이내손칼국수	food	129.18220	35.84429
기와골맷돌순두부	food	129.25158	35.84194
기와메밀막국수	food	129.23222	35.84058
기와양과점	food	129.20919	35.83415
기와집	food	129.22643	35.85029
기와집수제비	food	129.30627	35.80844
기와집칼국수	food	129.46361	35.68008
기정카츠	food	129.22519	35.85995
기찻길옆소주방	bar	129.33596	35.67676
기파랑	shop	129.28886	35.83225
기프트랜드	shop	129.18151	35.89541
길따라꽃따라	shop	129.33911	35.67797
길몽	bar	129.22777	35.88318
길복소주방	food	129.50335	35.80405
길상가	shop	129.28149	35.84550
길상회식당	food	129.48601	35.74734
길손뷔페	food	129.31492	35.75740
길손한정식	food	129.31494	35.75739
길진수산	shop	129.22251	35.98959
길커피	cafe	129.21631	35.84539
길포차	food	129.23185	35.84768
길한우	food	129.21524	35.86957
김가	food	129.21103	35.83447
김가네	food	129.44261	35.79157
김가네소풍가는날	food	129.21543	35.84406
김가네수퍼	shop	129.46941	35.67943
김가네식당	food	129.04533	35.75748
김가네옛날족발	food	129.47120	35.70054
김가네왕호떡	food	129.20714	35.84942
김가네전통손칼국수	food	129.19560	36.00018
김경옥닭발	food	129.22644	35.85688
김공룡밥통예원	food	129.15245	35.98727
김박사아구찜	food	129.47298	35.69377
김밥나라	food	129.20587	35.85530
김밥나라	food	129.32467	35.71427
김밥나라	food	129.20313	35.83983
김밥마을	food	129.21794	35.86806
김밥맛집	food	129.21142	35.86883
김밥사냥	food	129.19092	35.84162
김밥일번지경주점	food	129.22561	35.88393
김밥천국	food	129.19104	35.86164
김밥천국	food	129.21440	35.86576
김밥천국	food	129.22934	35.87668
김밥천국	food	129.30809	35.77325
김밥천국	food	129.22538	35.99085
김복남맥주	bar	129.21207	35.86871
김복남맥주	bar	129.18550	35.84299
김복남맥주경주	bar	129.32595	35.71417
김복남맥주경주	bar	129.22332	35.85640
김복남맥주경주	bar	129.17458	35.89030
김복남맥주경주용황지구점	bar	129.22821	35.88257
김복남맥주신경주점	bar	129.13741	35.80525
김복희대구뽈짐용황점	food	129.22157	35.88232
김복희대구왕뽈찜	food	129.22845	35.98213
김복희대구왕뽈찜경주	food	129.31873	35.70047
김복희대구왕뽈찜보문점	food	129.26514	35.85362
김복희왕대구뽈찜	food	129.28261	35.96244
김삿갓	bar	129.22705	35.99130
김삿갓매운탕	food	129.22953	35.84025
김선희손칼국수	food	129.46096	35.67679
김영호	food	129.19489	35.76032
김용근임대	stay	129.50948	35.81918
김치로	food	129.22656	35.99062
김치찜이최고야	food	129.21020	35.85295
김태주선산곱창	food	129.21956	35.86730
김태희푸드냉천점	food	129.29463	35.70806
김프로프로샵	shop	129.22590	35.88618
김해고가국밥	food	129.22753	35.98677
김해식당	food	129.32618	35.71496
김혜경제주항통갈치	food	129.31686	35.77494
김호권의청년어부경주용황점	food	129.22613	35.88499
김호장군고택	stay	129.21865	35.81960
김호증가모가발	shop	129.20568	35.85291
김효령코스메틱	shop	129.21876	35.86802
깁모어막걸리	food	129.21792	35.84195
깅고하우스	stay	129.07797	35.92052
까꾸리	food	129.21086	35.86493
까르페디엠다동	stay	129.27507	35.87385
까르폐디엠가동	stay	129.27498	35.87407
까르폐디엠나동	stay	129.27498	35.87407
까마귀	food	129.20370	35.83962
까만콩카페	food	129.22408	35.86063
까멜리아노래궁	bar	129.22394	35.85484
까미노풀빌라	stay	129.26622	35.86153
까사데몬타냐	shop	129.29268	35.87495
까사델경주	stay	129.46269	35.68268
까사드품산	stay	129.08552	35.84953
까사아리스	stay	129.31690	35.79428
까사폴라리스	stay	129.31543	35.79520
까사후동	stay	129.46384	35.68317
까스띠요	stay	129.31704	35.79427
까치노래연습장	activity	129.10627	35.85023
까치모텔	stay	129.50985	35.81863
까치식당	food	129.23384	35.91836
까투리	bar	129.23125	35.84892
까투리	bar	129.22559	35.85899
까투리	bar	129.21499	35.85010
까투리식당	bar	129.19702	36.00171
까페시우	cafe	129.18988	35.86176
까호식당	food	129.31794	35.78796
깍지집	food	129.49472	35.79216
깐돌이네	food	129.04832	35.89426
깐돌이반찬	shop	129.21319	35.86577
깐부쿡	food	129.22381	35.85978
깐슈탕슈	food	129.20674	35.84395
깜바구피싱	shop	129.27592	35.98869
깨비분식	food	129.21813	35.85556
깻잎두마리치킨	food	129.06444	35.65369
껍딱	shop	129.21364	35.84249
꼬까방	shop	129.20674	35.84395
꼬꼬	food	129.21505	35.98953
꼬꼬랑	food	129.22033	35.86805
꼬꼬랑옛날통닭	food	129.18456	35.84324
꼬꼬마	shop	129.20517	35.84991
꼬꼬번피자치킨경주	food	129.21516	35.99116
꼬꼬분식	food	129.21631	35.84539
꼬꼬뽀끼	food	129.21483	35.86361
꼬꼬뽀끼경주	food	129.21129	35.99168
꼬들갈매기	food	129.20961	35.86599
꼬모빵미	cafe	129.22961	35.88388
꼬미네집	shop	129.31726	35.74255
꼬치꼬치닭꼬치	food	129.21043	35.83601
꼬치분식	food	129.50235	35.80579
꼬치피었네	food	129.20674	35.84395
꼬푸	cafe	129.23047	35.84109
꼰비떼	food	129.22055	35.86669
꼴로스	shop	129.20662	35.85133
꼴로스	food	129.20624	35.84323
꼼	shop	129.21844	35.87027
꼼빠니아경주점	shop	129.21364	35.84276
꼼장어랑바다장어	food	129.20419	35.83871
꼽배기국수	food	129.21749	35.84192
꽁당보리밥	food	129.20198	35.86734
꽃각시	shop	129.19085	35.86020
꽃과비빔밥	food	129.45961	35.66671
꽃길	cafe	129.20683	35.83862
꽃길	shop	129.22672	35.85025
꽃길펜션	stay	129.19040	35.82332
꽃나무커피카페	cafe	129.22978	35.87906
꽃내반찬	food	129.13826	35.80291
꽃내음하우스	stay	129.30230	35.78796
꽃내집밥	food	129.13826	35.80291
꽃노을토종닭백숙	food	129.16576	35.83671
꽃님방	shop	129.20674	35.84395
꽃다방	cafe	129.10227	35.84809
꽃다방	cafe	129.44184	35.79289
꽃다방	cafe	129.22825	35.99302
꽃다방	cafe	129.04901	35.89288
꽃단비	food	129.05178	35.67178
꽃단장	shop	129.22505	35.99072
꽃단지	shop	129.21319	35.86577
꽃담	food	129.06434	35.65365
꽃돼지삼겹살	food	129.22044	35.84179
꽃돼지식당	food	129.21189	35.86674
꽃돼지양품점	shop	129.20674	35.84395
꽃드림	stay	129.07787	35.70233
꽃등채	stay	129.13995	35.97747
꽃마리북카페	cafe	129.31024	35.79447
꽃모아	shop	129.20907	35.99309
꽃밭	shop	129.20874	35.85312
꽃밭에서	food	129.20746	35.84733
꽃불반점	food	129.26367	35.89896
꽃신주식	food	129.32894	35.78506
꽃잠펜션	stay	129.06616	35.74141
꽃잠한옥풀빌라	stay	129.26703	35.85598
꽃집	shop	129.25079	35.83703
꽃집동천	shop	129.23958	35.84935
꽃집오빠	shop	129.20355	35.84342
꽃창고	shop	129.20715	35.85571
꽃핀다	shop	129.21183	35.84210
꽃힘	shop	129.05172	35.89194
꽉포차	food	129.19158	35.86082
꽐라	food	129.22280	35.85541
꾸꾸삼겹경주	food	129.21916	35.86608
꾸꾸풀빌라	stay	129.30141	35.85343
꾸덕희	cafe	129.21025	35.83713
꾸띵피자	food	129.22523	35.99147
꾸러기선물의집	shop	129.21383	35.84331
꾸바꾸바	food	129.22881	35.85015
꾸브라꼬숯불두마리치킨	food	129.21989	35.86493
꾸브라꼬숯불두마리치킨	food	129.20564	35.85426
꾸브라꼬숯불치킨신경주역점	food	129.13741	35.80525
꾸오레	shop	129.21373	35.86522
꾸우면돼지	bar	129.19522	36.00176
꾸우면돼지	food	129.22599	35.85235
꾸이한끼건천점	food	129.10061	35.84796
꿀꿀이갈비찜	food	129.22128	35.84178
꿀바우	food	129.05503	35.90365
꿀잠펜션	stay	129.25789	35.86310
꿀통신	shop	129.21219	35.84320
꿀풀	food	129.19855	35.80071
꿈과희망	shop	129.21631	35.84539
꿈꾸는강아지	shop	129.22035	35.86791
꿈꾸던하루	stay	129.29463	35.76070
꿈다락통합교육센터	shop	129.21306	35.84820
꿈드림클래스	shop	129.18033	35.84537
꿈애	shop	129.22952	35.85041
꿈애게스트하우스	stay	129.31201	35.80339
꿔바로우주는마라탕경주	food	129.30422	35.77273
끄레아	food	129.22495	35.85755
끌림	cafe	129.22288	35.85756
끼룩끼룩	stay	129.48720	35.74715
나	shop	129.10429	35.84862
나가수노래연습장	activity	129.21409	35.85234
나게효소	shop	129.05370	35.88804
나경이네	food	129.20674	35.84395
나경쥬얼리	shop	129.20305	35.86785
나까낚시	shop	129.47419	35.69042
나나분식	food	129.20385	35.86786
나나펠트	shop	129.09551	35.83321
나누리정보	shop	129.20673	35.84959
나눔숲사회적협동조합	activity	129.21716	35.86246
나드리김밥	food	129.22629	35.88304
나드리김밥천국건천점	food	129.10342	35.84923
나들목	food	129.19989	35.75117
나들이손칼국수	food	129.21526	35.84411
나들정원	stay	129.30855	35.75130
나들한옥	stay	129.21836	35.83612
나라분식	food	129.20371	35.86759
나래	stay	129.25674	35.85711
나루터회	food	129.22696	35.98918
나르지오경주점	shop	129.21397	35.84429
나리길한옥펜션	stay	129.27793	35.92129
나리길한옥황토풀펜션	stay	129.27779	35.92162
나리약국	shop	129.21702	35.84807
나무	cafe	129.19414	35.84140
나무게스트하우스	stay	129.20663	35.84007
나무겔러리화방	shop	129.30148	35.77587
나무스튜디오	shop	129.22650	35.86074
나무아래	stay	129.20997	35.83423
나무안	cafe	129.22542	35.85830
나무애	stay	129.21220	35.83606
나무애쉼터	cafe	129.21220	35.83606
나무야	food	129.16035	36.01235
나무텔레콤	shop	129.20662	35.85539
나봉상점	cafe	129.21618	35.84195
나비	food	129.22627	35.85505
나비스노래연습장	activity	129.20504	35.85411
나빌레라스테이	stay	129.29257	35.85977
나쁜놈	food	129.50305	35.80375
나산서원	heritage	129.45800	35.71034
나아리시범마을사업추진위원회	stay	129.47451	35.68948
나아빌	stay	129.47134	35.70014
나아식당	food	129.47054	35.70132
나아편의점	activity	129.47028	35.70063
나아해변	beach	129.47320	35.70100
나우커피경주	cafe	129.21518	35.84218
나의봄펜션	stay	129.27266	35.87016
나의정원	cafe	129.23006	35.84029
나이스노래클럽	bar	129.22324	35.85535
나이스미트	shop	129.20493	35.87171
나이스산장여관	stay	129.30851	35.76620
나이스정육	shop	129.19012	35.84138
나이스컴퓨터	shop	129.22227	35.83851
나이스펜션	stay	129.25548	35.81564
나이팟타이	food	129.20849	35.83909
나이프	cafe	129.49503	35.77406
나인모텔	stay	129.18194	35.84412
나인주	activity	129.27122	35.83129
나인텐스쵸이	shop	129.21438	35.84331
나인틴나인티즈	cafe	129.22534	35.85405
나정	shop	129.49023	35.78167
나정	shop	129.11250	35.73292
나정고운모래해변	beach	129.49176	35.78294
나정농원	shop	129.21063	35.81655
나정에가면	food	129.49444	35.77462
나타라바이오	shop	129.19104	35.86479
나탈리	food	129.20548	35.85391
나폴리	stay	129.47255	35.68489
나풀나풀프리마켓	shop	129.21541	35.84205
나현	food	129.25207	35.84241
낙낙	food	129.21558	35.86508
낙동생오리	food	129.22223	35.86750
낙동생오리	food	129.19512	36.00144
낙안재	stay	129.20841	35.83599
낙원떡집	food	129.21614	35.84590
낙원별방	stay	129.25531	36.00183
낙원여인숙	stay	129.21757	35.84324
낙원재	stay	129.20734	35.82558
낙지마실	food	129.26301	35.85162
낙지천국	food	129.46186	35.67705
낚시교차로	shop	129.27575	35.73336
낚시미끼방	shop	129.50426	35.80381
난갈비장터다	food	129.21596	35.84480
난다샵	shop	129.20590	35.85469
날개천사	shop	129.23128	35.84872
날마다대박집	food	129.19679	36.00342
날마다잔칫집	food	129.20184	35.86747
날마다좋은집	food	129.32148	35.78922
날마다푸드	food	129.22534	35.84912
날애방	shop	129.20674	35.84395
남강막회식당	food	129.26515	35.89739
남경가든	food	129.20131	35.75179
남경주아울렛	shop	129.32111	35.73111
남광쌀상회	shop	129.20937	35.83359
남명반점	food	129.22498	35.98903
남보노래연습장	activity	129.33431	35.67807
남보다방	cafe	129.33431	35.67807
남산경주빵	food	129.22033	35.83701
남산끗티	shop	129.20063	35.73506
남산노래연습장	activity	129.22490	35.85523
남산뜰아래한옥스테이	stay	129.21729	35.81653
남산루	food	129.20541	35.79114
남산산업요맘때글램핑	stay	129.28407	35.77318
남산서가	cafe	129.21469	35.84226
남산셀프정식	food	129.20380	35.79475
남산수라간	food	129.20669	35.79858
남산식당	food	129.24360	35.79524
남산애산에	food	129.20504	35.77545
남산약국	shop	129.30016	35.77538
남산옥	food	129.21756	35.99345
남산옥	stay	129.25070	35.78926
남산으로	stay	129.24339	35.79423
남산전통한옥	stay	129.24475	35.79179
남산휴게소	shop	129.24256	35.79365
남송노래연습장	activity	129.22286	35.85603
남신휴게소	shop	129.24184	35.79681
남양상회	shop	129.20982	35.82746
남양유업경주북부가정	shop	129.18949	35.83954
남양유업안강	shop	129.16827	36.00802
남우상회	shop	129.21637	35.84534
남장마을	food	129.21728	35.84992
남정	food	129.21872	35.88110
남정부일기사식당	food	129.20582	35.79083
남촌	stay	129.25335	35.83096
남촌밀면	bar	129.20715	35.85036
남촌스테이	stay	129.25468	35.83257
남촌유황오리	food	129.25245	35.83277
남탕매점	shop	129.46374	35.67678
남포동돼지국밥	food	129.21809	35.99078
남해식당	food	129.22810	35.85056
남해식당	food	129.50241	35.80403
남해편백마을	shop	129.21797	35.87388
남해한정식	food	129.24711	35.89232
남호농산물	shop	129.23096	35.84273
낭만공방	shop	129.21385	35.86538
낭만여행	stay	129.20659	35.84156
낭만이태리	food	129.21129	35.83678
낭만찜닭	food	129.20349	35.86676
낭만창고	food	129.21001	35.84573
낭만창고	bar	129.20607	35.85574
낭만커피	cafe	129.16002	36.01487
낭만호프	bar	129.21524	35.86957
낮달	bar	129.21981	35.83722
내가만든고로케	food	129.19579	36.00268
내가찾던커피	cafe	129.27945	36.00378
내고향감포식당	food	129.50300	35.80798
내남당구장	activity	129.19756	35.75054
내남매운탕	food	129.20182	35.75132
내남식육식당	food	129.20531	35.75173
내남약국	shop	129.20159	35.75140
내남오리	shop	129.22260	35.98981
내류사	cafe	129.32866	35.78538
내류사제빵	food	129.32784	35.78599
내생애경주	stay	129.22227	35.83851
내안애	food	129.22939	35.84934
내일촌보양탕	food	129.05243	35.76784
내조국국밥경주점	food	129.22396	35.85732
내칭구노래	activity	129.20307	35.84261
냉천아시아마트	shop	129.29340	35.70981
냉천휴게점	food	129.29877	35.72031
냠냠분식	food	129.22120	35.86680
냠냠숯불두마리치킨경주점	food	129.20758	35.85349
너구리식당	bar	129.22281	35.85589
너나들이	shop	129.20473	35.83813
너드	cafe	129.21199	35.84224
너랑나랑	bar	129.21885	35.86813
너랑나랑분식	food	129.30094	35.77706
너른벽	shop	129.21524	35.84354
너머의너머	stay	129.21380	35.82519
너와사라	shop	129.20967	35.83802
너의예쁨	cafe	129.21040	35.84751
넋	stay	129.31252	35.80288
널리폴댄스	activity	129.22275	35.85015
넝쿨집	food	129.28402	35.83364
네꼬	shop	129.20975	35.84331
네네치킨	food	129.19845	35.75098
네네치킨	food	129.21493	35.87045
네네치킨	food	129.19685	36.00119
네네치킨금장점	food	129.20655	35.87251
네네치킨충효점	food	129.18724	35.84189
네델란드여관	stay	129.24701	35.96941
네모하우스풀빌라펜션	stay	129.32845	35.78159
네번째계절	stay	129.26522	35.80593
네스카페상사	shop	129.21033	35.84959
네이처컬렉션	shop	129.21467	35.86537
네이처컬렉션	shop	129.22379	35.99080
네이처컬렉션	shop	129.21409	35.86485
네이처컬렉션경주	shop	129.20585	35.85551
네일드레스	shop	129.21899	35.86119
네코짱	food	129.21342	35.84132
네코짱	food	129.21196	35.86693
넥스트도어	stay	129.22140	35.84314
넥스트레벨	food	129.20590	35.85488
노계골	activity	129.06617	35.74102
노고단주막	bar	129.18581	35.84314
노곡산마루	food	129.23531	35.73917
노꼬담꼬	stay	129.05325	35.82317
노네스테이	stay	129.19015	35.80113
노다지	food	129.21035	35.85529
노당옛날짜장	food	129.22844	36.03179
노란별펜션	stay	129.29314	35.87529
노랑통닭	food	129.19644	36.00145
노랑통닭경주	food	129.22579	35.86153
노랑통닭경주용황점	food	129.22613	35.88499
노모어피자경주점	food	129.22364	35.88264
노바악기사	shop	129.22802	35.85638
노벨라별넷	stay	129.27645	35.83233
노벨라별둘	stay	129.27645	35.83233
노벨라별셋	stay	129.27667	35.83221
노벨라별하나	stay	129.27645	35.83233
노벨라펜션	stay	129.27645	35.83233
노벨라펜션별다섯	stay	129.27667	35.83221
노벰버	cafe	129.20921	35.83513
노불양품점	shop	129.22371	35.99023
노브랜드버거	food	129.22449	35.85871
노블레스	shop	129.21067	35.84322
노블리스	stay	129.48689	35.74824
노블리안형산독채한옥풀빌라	stay	129.30122	35.98722
노블리안형산독채한옥풀빌라	stay	129.30170	35.98769
노비오스펜션	stay	129.33024	35.78208
노서오삼스테이	stay	129.20991	35.84313
노서한옥	stay	129.20605	35.84019
노아	shop	129.46251	35.67239
노워즈	cafe	129.20949	35.83925
노을담경주	stay	129.28288	35.77476
노을리	cafe	129.17097	36.00141
노을빛	stay	129.43616	35.80040
노을펜션	stay	129.32442	35.77776
노크눅	stay	129.20902	35.84275
녹동막골미나리	food	129.29119	35.65507
녹동치술령미나리	food	129.29301	35.65405
녹색공간	cafe	129.22802	35.84739
녹수식당	food	129.21009	35.84594
녹슨나발	bar	129.21440	35.86576
녹아	cafe	129.21178	35.83608
녹야원식당	food	129.45111	35.72383
녹운	shop	129.20353	35.83828
녹원식당	food	129.22137	35.76598
녹원장여관	stay	129.20762	35.84086
녹원전통비빔밥	food	129.22346	35.85695
녹원정사	food	129.20640	35.76018
녹음제과	food	129.20788	35.83613
녹진	food	129.20814	35.83747
논뚜렁밭뚜렁	food	129.32548	35.77939
놀고먹는도야지	food	129.18775	35.84290
놀다가민박	stay	129.50938	35.80996
놀러와	bar	129.22336	35.85572
놀로와	stay	129.40594	35.66500
놀부막창	food	129.20306	35.84252
놀숲경주점	cafe	129.21247	35.84189
놀이와답사연구소	activity	129.20919	35.85223
놀이터펜션	stay	129.05604	35.71793
놋전국수	food	129.20846	35.83360
놋전집	food	129.21375	35.83240
농민	shop	129.10454	35.84775
농부떡집	food	129.04673	35.75772
농부세상	shop	129.08262	35.88129
농부푸드	shop	129.16491	35.89794
농심가식자재마트	shop	129.21585	35.98832
농업법인삼남케나프	shop	129.23618	35.74595
농장식육점식당	food	129.43674	35.79767
누군가의책방	shop	129.18822	35.82957
누네띠네화장품	shop	129.20674	35.84395
누렁소숯불	shop	129.22026	35.86100
누룽지	shop	129.32618	35.71496
누룽지삼계탕본마실	food	129.20970	35.85589
누리	shop	129.21473	35.84430
누리마을감자탕경주	food	129.21516	35.86549
누리봄	stay	129.20830	35.83519
누마루한옥커피	cafe	129.30804	35.80622
누벨정보통신	shop	129.27444	35.98878
누비공방카페혜다서악을누비다	shop	129.18504	35.82697
누솜한옥카페	cafe	129.45452	35.66602
누아르블랑	stay	129.32039	35.76731
눈뜨는교재	shop	129.10384	35.84312
눈코입	stay	129.40467	35.66557
뉴갈채노래연습장	activity	129.22344	35.85405
뉴갤러리단란주점	bar	129.20608	35.84290
뉴대구막창	food	129.20452	35.83980
뉴돌섬회센타	food	129.23066	35.84873
뉴드림마트	shop	129.20511	35.85194
뉴라이프짐	activity	129.22395	35.88376
뉴랜드알로에	shop	129.21694	35.84505
뉴레파홈케어	shop	129.09970	35.85266
뉴발란스경주점	shop	129.21344	35.84268
뉴발란스키즈	shop	129.21363	35.84285
뉴백경게임랜드	activity	129.22325	35.99065
뉴보문풀빌라	stay	129.26652	35.86269
뉴비치장여관	stay	129.45915	35.66684
뉴산호장	stay	129.22336	35.85572
뉴소나무펜션	stay	129.49316	35.76836
뉴신라궁	stay	129.28240	35.83129
뉴신라궁펜션	stay	129.28239	35.83127
뉴실비타운	bar	129.10203	35.84814
뉴씨뷰션	stay	129.51648	35.83590
뉴영국제과	food	129.21350	35.86601
뉴영빈장	stay	129.21948	35.99274
뉴왕뼈	food	129.32575	35.71213
뉴일광식육식당	food	129.04583	35.75759
뉴전주식당	food	129.32915	35.78463
뉴텍안강	shop	129.22329	35.99081
뉴파라다이스모텔	stay	129.32890	35.69956
뉴하나로족발	food	129.20649	35.83942
뉴하트모텔	stay	129.47187	35.69223
뉴한솔장여관	stay	129.46274	35.70600
뉴황금슈퍼	shop	129.21697	35.84255
느그시	shop	129.21588	35.84133
느낌아니까	shop	129.21350	35.86601
느루	cafe	129.18154	35.87527
느루스테인드글라스	shop	129.20184	35.86747
느린마을양조장용황점	food	129.22563	35.88153
느림의미학	stay	129.18608	35.82687
느을	stay	129.32783	35.75625
느티나무	food	129.31895	35.78823
늘ㆍ다	shop	129.32543	35.78438
늘人	cafe	129.24371	35.78919
늘경주담	stay	129.26082	35.78702
늘경주휴	stay	129.26068	35.78707
늘곰탕	food	129.20986	35.82898
늘봄	shop	129.20674	35.84395
늘봄노래연습장	activity	129.50180	35.80677
늘봄떡갈비쌈밥	food	129.31312	35.79384
늘봄약국	shop	129.21606	35.84462
늘솜	shop	129.20932	35.83404
늘시원	stay	129.50142	35.80180
늘시원펜션	stay	129.50144	35.80180
늘푸른참가자미횟집	food	129.19551	36.00123
늘푸른카페	cafe	129.22671	35.87836
늘품풀빌라	stay	129.26641	35.86292
늘해랑식당	food	129.21664	35.84157
능	food	129.21141	35.84212
능마루	stay	129.25055	35.81907
능말재	stay	129.25730	35.81824
능소담키즈풀빌라펜션	stay	129.25977	35.81194
능수버들	food	129.20961	35.80925
능식육점	shop	129.21141	35.84212
능이꽃집	shop	129.29913	35.70482
능포다원	cafe	129.21075	35.84232
능포식당	food	129.31330	35.76271
능하루	stay	129.24794	35.81755
늦은하루	stay	129.20491	35.83671
니노스키즈풀빌라	stay	129.28389	35.77648
니드커피	cafe	129.30240	35.77709
닛시피자	food	129.29777	35.77722
다	stay	129.27540	35.87304
다가치통닭	food	129.10174	35.85069
다경다방	cafe	129.21667	35.99123
다경닭집	food	129.21641	35.84554
다경사	shop	129.21631	35.84539
다경펜션	stay	129.17954	35.88787
다과와	food	129.20906	35.83918
다과와	cafe	129.22953	35.84025
다나풀빌라펜션	stay	129.30326	35.78808
다노	shop	129.21500	35.84279
다다	stay	129.28406	35.77270
다다쇼핑	shop	129.20943	35.82876
다다티하우스	cafe	129.07953	35.83623
다담	food	129.15480	35.86902
다담식당	food	129.21301	35.84367
다드림화장품	shop	129.22487	35.87344
다듬	shop	129.21483	35.86361
다락	stay	129.20784	35.83772
다락베어	cafe	129.22136	35.84149
다래떡방앗간	food	129.22912	35.84696
다래떡방앗간	food	129.22938	35.84856
다래맛있는부엌	food	129.45780	35.67679
다래맛집	food	129.46374	35.67678
다루	shop	129.18992	35.82225
다루네막걸리	food	129.20309	35.84291
다린샵	shop	129.25195	36.03868
다맛	food	129.22716	35.99117
다모아	shop	129.22498	35.99087
다모아가구	shop	129.24222	35.91232
다모아당구클럽	activity	129.22939	35.84934
다모아샵	shop	129.23047	35.87832
다몰리악기체험방	shop	129.50973	35.81099
다문화네	shop	129.44121	35.79041
다미맛집	food	129.20667	35.84851
다미숲식당	food	129.17907	35.89213
다미정	food	129.25630	35.89966
다방앤호프	bar	129.49051	35.78880
다방요	cafe	129.22643	35.85117
다보식당	food	129.20282	35.84338
다보장여관	stay	129.20655	35.84199
다복떡집	food	129.21586	35.84507
다복정숯불	food	129.26611	35.80391
다불촌독채민박	food	129.23511	35.86759
다비치안경경주	shop	129.21312	35.84433
다비치안경경주용황초교점	shop	129.22242	35.86552
다비치히어링경주	shop	129.21312	35.84433
다비치히어링보청기경주용황초교점	shop	129.22242	35.86552
다빈반점	food	129.22672	35.85732
다사가	shop	129.22494	35.99048
다산상회	shop	129.24923	36.04491
다섯번째계절	stay	129.26576	35.80607
다소니	stay	129.31140	35.79748
다소미	food	129.31942	35.71205
다솜	cafe	129.10576	35.84851
다솜	shop	129.20674	35.84395
다솜식품	shop	129.20296	35.87113
다솜침구	shop	129.20674	35.84395
다슬기식당	food	129.22259	35.99002
다시만나는사람들	bar	129.21936	35.86830
다쏜다휴대폰성지경주점	shop	129.18005	35.84477
다알콤농원	shop	129.25165	35.91983
다연도예점	shop	129.31126	35.80495
다예내	food	129.25267	36.04660
다오래	food	129.21697	35.84255
다온	shop	129.44260	35.78847
다온	food	129.26314	35.85239
다온	bar	129.22254	35.85654
다온	stay	129.21391	35.84360
다온	shop	129.21243	35.83575
다온김밥	food	129.21760	35.84703
다온꼬마김밥	food	129.18759	35.84150
다온뜰	stay	129.18852	35.83139
다온라온	cafe	129.21940	35.85381
다온스크린	activity	129.21924	35.87054
다온카페	cafe	129.33335	35.68002
다온풀빌라	stay	129.26583	35.86232
다올	shop	129.21941	35.84194
다올	food	129.22732	35.99075
다올감자탕	food	129.21952	35.87017
다올푸드	food	129.29904	35.70468
다옴	shop	129.22029	35.86342
다왕갈비탕	food	129.22564	35.99233
다왕갈비탕경주	food	129.22973	35.88299
다왕갈비탕구황점	food	129.23096	35.84273
다우닝가구퍼스트샵	shop	129.24090	35.91122
다원단란주점	bar	129.04394	35.75818
다원재	stay	129.24593	35.91882
다원플라워	shop	129.21219	35.84289
다월명	cafe	129.25275	35.96968
다유	food	129.27158	35.86753
다윤	food	129.21421	35.84860
다윤스테이	stay	129.21403	35.83444
다이나핏경주점	shop	129.21287	35.84207
다이브마루	activity	129.31772	35.79797
다이소	shop	129.21211	35.86404
다이소	shop	129.20615	35.84487
다이소	shop	129.32577	35.70849
다이소경주	shop	129.18919	35.85982
다이소경주모화점	shop	129.33604	35.67095
다이소경주안강산대점	shop	129.21773	35.99302
다이아	shop	129.21812	35.88079
다이아펜션	stay	129.27457	35.87107
다이클로협성휴포레용황점	shop	129.22720	35.88311
다인등갈비	food	129.21724	35.83622
다인매운등갈비찜	food	129.21724	35.83622
다인식당	food	129.24869	35.94777
다인전자담배	shop	129.22080	35.86003
다인하우스	stay	129.32405	35.77523
다인호프	bar	129.22921	35.85065
다재	shop	129.21181	35.84254
다정다감	stay	129.29354	35.87466
다정순대국	food	129.22597	35.85314
다정플라워	shop	129.21959	35.86121
다정플러스경북지사	shop	129.39215	35.74300
다조	shop	129.22503	35.88035
다짐	activity	129.20561	35.84970
다카라초	food	129.20288	35.84395
다판다몰	shop	129.32790	35.67629
다퍼주는집	food	129.20759	35.85027
다해식당	food	129.50286	35.80740
다행약국	shop	129.21106	35.84481
다향	bar	129.20778	35.84352
다향	cafe	129.20255	35.84500
다향한빙수집	cafe	129.20993	35.84401
다현	stay	129.26788	35.80319
다현추어탕	food	129.20759	35.85027
다호숯불촌	food	129.23356	35.84784
다홍	cafe	129.22340	35.85214
닥스골프경주점	shop	129.21155	35.84364
닥스헤지스키즈	shop	129.21217	35.84338
닥앤돈스쪽갈비치킨경주점	food	129.18495	35.84236
닥엔돈스용황점	food	129.22720	35.88311
닥터오	shop	129.18951	35.84049
닥터유벨리르카	shop	129.20669	35.85265
단감농원식당	food	129.20449	35.79765
단골	bar	129.22952	35.85041
단골밥집	food	129.19845	35.75098
단골집함바식당	food	129.21511	35.99314
단구서원	heritage	129.24625	36.05191
단금이식당	food	129.21646	35.84562
단델리온	cafe	129.49757	35.80497
단디	stay	129.21516	35.84681
단디	food	129.20800	35.84352
단디상점	shop	129.22265	35.99054
단밤	food	129.20758	35.85349
단비고집	stay	129.17168	35.79093
단비고집유호재	cafe	129.17168	35.79093
단석가법인	shop	129.21064	35.82018
단석가찰보리떡	food	129.20689	35.83468
단석가찰보리빵	food	129.21541	35.83458
단석가찰보리빵	food	129.21569	35.84129
단석가찰보리빵건천점	food	129.08356	35.83858
단석가찰보리빵보문점	shop	129.28796	35.84419
단석산	nature	129.08890	35.79460
단석산가는길	food	129.06850	35.80658
단석산장스테이	stay	129.06848	35.80205
단시푸딩	cafe	129.20735	35.83664
단아의정원	shop	129.11089	35.73240
단이	shop	129.20715	35.85571
단장소원	stay	129.18692	35.82888
단지뚜껑	food	129.21636	35.86270
단추식당	bar	129.22597	35.85448
단하나쥬얼리	shop	129.20968	35.83900
단하나키즈풀빌라	stay	129.30300	35.78808
단향회	food	129.21126	35.83556
달개비	food	129.25023	35.84138
달고나	bar	129.22280	35.85374
달구닭	food	129.32539	35.71176
달구지수육국밥	food	129.18590	35.84249
달내막창	food	129.04851	35.89342
달달메모리	food	129.20999	35.84693
달달청과	shop	129.17759	35.84510
달달하리	food	129.21469	35.84226
달동네꼬지	food	129.31227	35.80363
달라스통닭	food	129.27610	35.99041
달롱도르요거트아이스크림	food	129.30929	35.76937
달리는커피	cafe	129.22059	35.86686
달리는커피	cafe	129.22611	35.88493
달리는커피경주	cafe	129.17479	35.89041
달바다국수랑전	food	129.46811	35.68011
달바다펜션	stay	129.46811	35.68011
달보드레수육	food	129.31655	35.77447
달봉김밥	food	129.22530	35.98999
달봉이치킨경주충효점	food	129.18015	35.84501
달비커피앤블랑제리	cafe	129.04408	35.75704
달빛노래연습장	activity	129.22402	35.85311
달빛마을떡방앗간	food	129.23016	35.84796
달빛언덕민박	stay	129.16743	35.88793
달빛에술한모금	food	129.23089	35.84627
달빛오름경주	stay	129.14948	35.91577
달빛정원	cafe	129.15791	36.01646
달빛주전자	food	129.13741	35.80525
달빛한상	food	129.21076	35.86695
달성다방	cafe	129.24241	36.05717
달성반점	food	129.24307	36.05805
달성서가	food	129.22522	35.88143
달우	shop	129.21541	35.83458
달이네집	stay	129.35589	35.76592
달이떠올라	stay	129.27285	35.78172
달이머무는집	food	129.12167	35.81746
달이이쁘다	cafe	129.22312	35.85500
달인의찜닭	food	129.21332	35.86517
달작월성	cafe	129.20962	35.77528
달카페	cafe	129.40612	35.66369
달콤	bar	129.21920	35.99173
달콤커피경주	cafe	129.20438	35.83897
달콩	shop	129.31785	35.78787
달콩스	cafe	129.31785	35.78787
달키즈풀빌라	stay	129.27181	35.79902
달팽이소원	food	129.32710	35.78359
달한스푼	food	129.21938	35.86774
닭만공격	food	129.30720	35.77270
닭만공격	food	129.32743	35.71427
닭만공격보문점	food	129.28845	35.84550
닭발집	food	129.20674	35.84395
닭발천국	bar	129.21865	35.86758
닭이랑	food	129.23407	35.85185
닭이랑오리랑	food	129.29818	35.77766
닭장나들이	food	129.16051	35.85848
담녹	shop	129.44673	35.73068
담다	food	129.20278	35.84131
담다	shop	129.20995	35.83628
담다커피	cafe	129.42475	35.66994
담다컴퍼니	shop	129.42145	35.80310
담담스테이	stay	129.29401	35.95814
담담체험장	activity	129.29401	35.95814
담소	bar	129.22492	35.85315
담아봄풀빌라	stay	129.28240	35.77821
담안	stay	129.20421	35.83527
담원푸드	food	129.28514	35.82242
담월재	stay	129.22165	35.83751
담장	shop	129.21246	35.83566
당나무흑염소	food	129.07673	35.83166
닻별인터내셔널	shop	129.22203	35.85315
대가손칼국수	food	129.30111	35.77632
대가숯불	food	129.06452	35.65492
대가식당	food	129.44270	35.79102
대가야오리탕	food	129.32909	35.68124
대건약국	shop	129.22948	35.87683
대게먹자	food	129.22522	35.99161
대게홍게해피수산	food	129.21573	35.86504
대경	shop	129.21749	35.84230
대경관	food	129.22503	35.88035
대경관황성	food	129.21438	35.86448
대경밥상	food	129.20999	35.84693
대경사	shop	129.20674	35.84395
대경오리하우스	food	129.22503	35.88035
대관령동태찌게	food	129.22630	35.85627
대관령석쇠불고기	food	129.47091	35.70130
대광복집	food	129.31980	35.73545
대광포목상회	shop	129.20674	35.84395
대구갈비	food	129.21514	35.84146
대구갈비	food	129.22540	35.85868
대구고물상	shop	129.08148	35.87613
대구동인동찜갈비	food	129.28845	35.84550
대구떡집	food	129.50201	35.80411
대구막창	food	129.22400	35.85038
대구반야월막창	food	129.21602	35.84118
대구반야월막창	food	129.17489	35.88985
대구슈퍼	shop	129.48420	35.73819
대구식당	food	129.44066	35.79119
대구식당	food	129.21637	35.84534
대구식자재마트	shop	129.20374	35.73409
대구약국	shop	129.20980	35.84446
대구연타발	food	129.22812	35.88245
대구왕뽈찜	food	129.22784	35.97621
대구유통	shop	129.32341	35.71185
대구주단	shop	129.21631	35.84539
대구집	food	129.30117	35.77576
대구한우뭉티기	food	129.21505	35.98953
대구해장국	food	129.21649	35.84081
대구회식당	food	129.51103	35.81442
대궁보세	shop	129.20674	35.84395
대궁식당	food	129.21100	35.82455
대길회센타	food	129.50201	35.80411
대길회초장집	shop	129.50201	35.80411
대끼리소주방	food	129.50267	35.80665
대나무식당	food	129.32619	35.78185
대남통닭	food	129.20674	35.84395
대남통닭	food	129.17340	35.89006
대단한탕후루경주	food	129.21523	35.86935
대동그릇상회	shop	129.22235	35.98983
대동떡집	food	129.21633	35.84494
대동회식당	food	129.48433	35.74441
대로분식	food	129.31494	35.75739
대룡슈퍼	shop	129.21085	35.99406
대륙마트샵	shop	129.30204	35.77843
대릉갈비	food	129.21241	35.83588
대릉갈비별관점	food	129.21231	35.83580
대릉원	food	129.21504	35.83490
대릉원본가	food	129.21483	35.83513
대릉원선물가게	shop	129.21544	35.83485
대릉원스테이	stay	129.21292	35.84111
대릉원예술창고	shop	129.21255	35.83582
대릉향방	shop	129.21089	35.83593
대림농장식육식당	food	129.10346	35.84974
대림대게활어	food	129.49215	35.79181
대림반점	food	129.22420	35.84171
대림분식	food	129.22065	35.84236
대림솔라떼	cafe	129.20578	35.79565
대림숯불	food	129.10346	35.84974
대마홍탁	bar	129.22269	35.85604
대명가든	food	129.20493	35.93078
대명막썰어횟집	food	129.22410	35.86020
대명반찬식품	shop	129.03885	35.90231
대명사	shop	129.21661	35.84296
대명소머리곰탕	food	129.32173	35.72775
대명수산	shop	129.50137	35.80453
대명수산경주점	food	129.21884	35.86302
대명수퍼	shop	129.20511	35.85194
대명슈퍼	shop	129.21948	35.85539
대명유통	shop	129.26277	35.85333
대명포스	shop	129.10427	35.84945
대모정	stay	129.28501	35.84683
대물식당	food	129.05126	35.89345
대박	food	129.32469	35.71416
대박	shop	129.34112	35.67418
대박뒷고기	food	129.50252	35.80748
대박떡볶이	food	129.20621	35.85625
대박막걸리	bar	129.20758	35.85349
대박면옥	food	129.32726	35.70377
대박슈퍼	shop	129.29663	35.74160
대박집	food	129.22676	35.85256
대박통삼겹살김밥	food	129.20674	35.84395
대박포차	bar	129.21505	35.98953
대발이막창	food	129.21412	35.86737
대밭가든	food	129.25532	35.92417
대밭골정원	food	129.28068	35.86854
대보식당	food	129.22824	35.98964
대복다방	cafe	129.10544	35.84936
대복삼계탕	food	129.33600	35.67386
대복상회	shop	129.22249	35.99023
대복상회	shop	129.32036	35.87527
대복수산	shop	129.51882	35.83901
대복식당	food	129.21031	35.83566
대복유통상사	shop	129.20459	35.85292
대봉	food	129.16862	35.84567
대봉갈비냉면	food	129.19354	36.00190
대부룸가요주점	bar	129.22336	35.85558
대부육회	food	129.22277	35.85556
대사관식당	bar	129.23009	35.87651
대산도예	shop	129.31126	35.80495
대산프로샵	shop	129.21706	35.87813
대성	shop	129.33720	35.68269
대성다방	cafe	129.50220	35.80808
대성마트	shop	129.20674	35.84395
대성막창	food	129.18490	35.84344
대성분식	food	129.44121	35.79041
대성비닐	shop	129.18005	35.84477
대성상회	shop	129.32494	35.71451
대성상회	shop	129.21380	35.83977
대성식당	food	129.22848	35.84148
대성식당	food	129.22234	35.87164
대성아구	food	129.30606	35.78512
대성유통	shop	129.20450	35.83683
대성청과	shop	129.32544	35.71543
대송자원	shop	129.22485	35.98760
대승참숯뒷고기	food	129.22561	35.85927
대신기업건천지점	food	129.10923	35.82994
대신맷돌순두부	food	129.22642	35.86320
대신전복삼계탕	food	129.22361	35.86270
대아개발	stay	129.41530	35.67225
대아손짜장	food	129.23217	35.84690
대안약국	shop	129.22232	35.99094
대양낚시	shop	129.49091	35.78896
대영목장	cafe	129.22505	35.98740
대영불짜장	food	129.21480	35.84198
대영상회	shop	129.31008	35.77360
대영상회	shop	129.20674	35.84395
대왕기사식당	food	129.44276	35.78591
대왕당구장	activity	129.22280	35.85374
대왕릉민박	stay	129.48302	35.73738
대왕바우	stay	129.48276	35.74072
대왕삼계탕	food	129.32351	35.71546
대왕식당	food	129.44164	35.79123
대왕칼국수	shop	129.51127	35.81828
대왕칼국수가야밀면	food	129.48504	35.74576
대우양품	shop	129.20674	35.84395
대운토속식당	food	129.26320	35.85399
대웅약국	shop	129.21703	35.84638
대원	shop	129.21823	35.85418
대원떡방앗간	food	129.21678	35.84506
대원떡집	food	129.21491	35.98876
대원상회	shop	129.20674	35.84395
대원식당	food	129.32894	35.78506
대원약국	shop	129.50233	35.80449
대원여관	stay	129.21964	35.99279
대유흥	shop	129.47409	35.68878
대일	shop	129.19851	35.99870
대일식육식당	food	129.04443	35.75761
대일전기	shop	129.21926	35.87543
대일정보통신	shop	129.20811	35.84942
대장부	food	129.21512	35.99013
대장집	food	129.23125	35.88533
대전소리사	shop	129.21422	35.84329
대제당한약	shop	129.21759	35.84242
대종천당구클럽	activity	129.44044	35.79172
대종천식육식당	food	129.44044	35.79172
대종천펜션	stay	129.47765	35.74358
대주식당	food	129.22351	35.85678
대중상회	shop	129.20674	35.84395
대진고물상회	shop	129.21112	35.99454
대진기사식당	food	129.08621	35.83992
대창침구	shop	129.21613	35.84479
대추밭	shop	129.21784	35.84052
대패생각	food	129.22509	35.87903
대패제패	food	129.18575	35.84220
대풍기획	shop	129.20988	35.85579
대풍식육식당	food	129.17948	35.89095
대하노래연습장	activity	129.23424	35.84458
대학스포츠산업	shop	129.22930	35.99392
대학약국	shop	129.19802	35.85793
대한불교가야조계종총본산금봉사	shop	129.25525	35.98401
대한스크린골프	activity	129.20026	36.00450
대한연어	food	129.20490	35.85648
대한전기，조명판매장	shop	129.20715	35.84913
대한제국경주입실	food	129.32504	35.70838
대한펫푸드	shop	129.19674	35.87620
대한합기도연수원	stay	129.09928	35.72794
대현	shop	129.20674	35.84395
대현분식	food	129.06446	35.65437
대현수산	shop	129.21661	35.84484
대현식육식당	food	129.32745	35.70071
대현펜션민박	stay	129.05872	35.73115
대현펜션민박식당	food	129.05857	35.73082
대현혼례원	food	129.21631	35.84539
대형전업사	shop	129.20674	35.84395
대호네떡집	food	129.05106	35.89299
대호네식당	food	129.05106	35.89299
대호당	food	129.21637	35.84283
대호당	food	129.21466	35.84327
대화뜨개방	shop	129.21639	35.84497
대화로경주용황점	food	129.22855	35.88243
대화마블링	shop	129.22935	35.88232
대화만두	food	129.21300	35.84259
대화숯불가든	food	129.22709	35.88135
대화식당	food	129.20628	35.84291
대흥떡방앗간	food	129.22261	35.99175
대흥비너스	shop	129.22306	35.99076
대흥양행	shop	129.22233	35.99041
대흥엠디에이	cafe	129.22477	35.86092
댄싱컵경주	cafe	129.21217	35.86675
더	stay	129.26093	35.80644
더까까주까	shop	129.21361	35.86483
더까까주까노서점	shop	129.20729	35.83943
더까까주까프렌즈황성청우점	shop	129.21718	35.86811
더나이스픽	food	129.21168	35.86620
더다락	stay	129.31747	35.79887
더더더	activity	129.22270	35.85728
더데이	shop	129.21397	35.86577
더라이스	shop	129.16491	35.89794
더라이프짐	activity	129.18984	35.86036
더리치알뜰통신전문	shop	129.19043	35.84162
더마린	stay	129.50860	35.81766
더만디펜션	stay	129.28192	35.87690
더맘	stay	129.29479	35.87556
더모어	stay	129.21056	35.84347
더문	stay	129.50903	35.81765
더미쁨풀빌라	stay	129.26663	35.86229
더바사리풀빌라	stay	129.29112	35.89335
더바우	food	129.19563	36.00139
더베스트할인마트	shop	129.47214	35.69812
더벤티	cafe	129.21498	35.86592
더벤티	cafe	129.19553	36.00182
더벤티경주	cafe	129.22449	35.99095
더벤티경주	cafe	129.21363	35.84285
더벤티경주	cafe	129.22861	35.87682
더벤티경주	cafe	129.17375	35.89032
더벤티경주용황휴포레점	cafe	129.22611	35.88493
더벤티경주인왕점	cafe	129.21981	35.83722
더보문풀빌라	stay	129.26572	35.86223
더보문풀빌라	stay	129.26600	35.86291
더블라이프	food	129.32619	35.78457
더블랙	cafe	129.22271	35.99113
더블유스카이펍	food	129.17432	35.89007
더블유엠	shop	129.21981	35.83722
더블유엠케이	shop	129.21498	35.86592
더블유엠케이	shop	129.22934	35.87668
더블유위안경주지사	activity	129.29526	35.82277
더블유커피컴퍼니	cafe	129.22576	35.85703
더블유커피컴퍼니	cafe	129.20239	35.86441
더블유푸드마트	shop	129.21550	35.84285
더빈스커피	cafe	129.32593	35.71597
더빈스커피앤노상치킨	cafe	129.19347	36.00200
더샵	cafe	129.27452	35.98776
더셰드	cafe	129.49975	35.81383
더숲	stay	129.25697	35.81757
더숲캠핑장	stay	129.25663	35.70903
더스완	activity	129.17396	35.88812
더스퀘어펜션	stay	129.31410	35.77907
더스테이	stay	129.40488	35.66468
더아이잗모다경주	shop	129.24488	35.91840
더안	cafe	129.21773	35.84063
더안불국사점	shop	129.32722	35.78656
더안펜션	stay	129.25701	35.86240
더옐로우	stay	129.20769	35.83502
더오리온	stay	129.30838	35.78559
더오리온	stay	129.30779	35.78521
더온오므라이스	food	129.21335	35.84256
더원펜션레드	stay	129.28025	35.86842
더원펜션블루	stay	129.28052	35.86849
더웨이브	stay	129.49582	35.77308
더율	stay	129.18395	35.81178
더이쁨디저트	food	129.20983	35.84974
더제이하우징	cafe	129.25820	35.85838
더조은	shop	129.33178	35.68205
더조은	shop	129.32044	35.72951
더조은식자재마트	shop	129.32020	35.72969
더조은펜션	stay	129.29098	35.85992
더족보	food	129.21883	35.99253
더존손칼국수	food	129.22411	35.84981
더존스크린골프	activity	129.21786	35.85071
더지냄풀빌라	stay	129.31443	35.80101
더진현	stay	129.32365	35.77796
더진현	food	129.32528	35.78502
더진현풀빌라	stay	129.32366	35.77781
더츠컬렉션	shop	129.20662	35.85186
더치앤빈경주	cafe	129.21181	35.86627
더캐슬	food	129.22592	35.88225
더커피나뜨래	cafe	129.17615	35.84494
더커피로드	cafe	129.05167	35.78333
더컵커피라운지	cafe	129.25578	35.86912
더케냐	cafe	129.19136	35.85953
더케이하우스	stay	129.20834	35.84410
더케이호텔경주	stay	129.29093	35.83700
더케이호텔앤리조트더케이호텔경주	stay	129.29021	35.83816
더코지풀빌라펜션	stay	129.31609	35.78276
더퀸	shop	129.22645	35.85375
더크레인	shop	129.21255	35.83582
더키더키축산물소비자직거래센타	food	129.20969	35.80842
더킹스크린골프	activity	129.43975	35.79368
더테라스스파	activity	129.22439	35.87939
더테라스호텔	stay	129.22439	35.87939
더팜므	shop	129.20375	35.85583
더퍼스트신라	stay	129.32869	35.78332
더페임	shop	129.20644	35.84660
더포레스트	stay	129.19008	35.86259
더폼비스트로	food	129.21500	35.84114
더푸른풀빌라	stay	129.26625	35.86268
더풀빌라	stay	129.26600	35.86291
더풀빌라펜션	stay	129.49371	35.76510
더품은펜션	stay	129.27440	35.87106
더플라워	stay	129.28299	35.86867
더플레이라운지	activity	129.29526	35.82277
더플레이어스	shop	129.17022	35.84464
더하다	stay	129.21764	35.84204
더홀릭	bar	129.09970	35.85266
더홀릭보드게임카페경주용황점	activity	129.22673	35.88310
더화랑	stay	129.20548	35.84720
더히든풀빌라	stay	129.26649	35.86222
더힐링	shop	129.20564	35.85414
더힐키즈풀빌라펜션	stay	129.30283	35.78841
덕만재	stay	129.24397	35.82194
덕분꽃집	shop	129.25636	35.83115
덕성매운탕	food	129.22539	35.85774
덕성테크	activity	129.27915	35.83610
덕성휴게소	cafe	129.27402	35.98802
덕수파스타경주점	food	129.22729	35.88175
덕자네장돌뱅이	shop	129.22312	35.99212
덕천숯불갈비	food	129.17533	35.74627
덕천한우곰탕	food	129.18342	35.74785
덕클황리단길점	food	129.20854	35.83672
던킨경주	food	129.22404	35.85632
던킨용황점	food	129.22906	35.88422
덮다경주점	food	129.20976	35.86490
데낄라식당	bar	129.21876	35.99215
데스티노	stay	129.30247	35.78768
데스티노패밀리	stay	129.30258	35.78777
데이데이	stay	129.30369	35.77409
데이레인양	shop	129.47129	35.69822
데이루트	cafe	129.22169	35.88337
데이리프	food	129.21684	35.84342
데이스위트	stay	129.21500	35.84279
데이투데이	cafe	129.22571	35.85293
데인카머스	shop	129.24436	35.91642
데일리	shop	129.19043	35.84162
데칼컴퍼니	food	129.20972	35.83609
데코라인경주	shop	129.21756	35.84661
덴바스타호텔경주점	stay	129.20406	35.83902
델레테테	cafe	129.21229	35.83570
델로브쿠사	food	129.20581	35.84133
델리팩토리	shop	129.49711	35.80456
도검오마카세	food	129.22914	35.88400
도검오마카세	food	129.22514	35.86320
도검초밥	food	129.22914	35.88400
도깨비	shop	129.18882	35.84234
도깨비반점	food	129.22224	35.98920
도깨비불막창	food	129.20671	35.85197
도깨비쉼터	bar	129.21072	35.82518
도깨비스크린골프	activity	129.20316	35.86856
도깨비식당	food	129.28093	35.84741
도깨비식당	food	129.21657	35.84498
도너우스페흐	food	129.20560	35.85521
도너킹	food	129.33604	35.67095
도노풀빌라	stay	129.30217	35.78676
도다닥	food	129.23135	35.84509
도담찜닭	food	129.23357	35.84499
도도	shop	129.23223	35.84164
도도	shop	129.20663	35.84330
도도보노펜션	stay	129.32566	35.77406
도도패션	shop	129.20663	35.84330
도도펜션	stay	129.32527	35.77391
도도프라이빗펜션	stay	129.32538	35.77399
도둑감자	food	129.28491	35.83573
도란도란	food	129.29339	35.92682
도란도란게스트하우스	stay	129.21912	35.83629
도로시	shop	129.22298	35.86258
도로시커피	cafe	129.20772	35.85561
도리도리닭도리탕경주점	food	129.22155	35.85290
도리마을은행나무숲	nature	129.09080	35.91850
도매건어물	shop	129.10533	35.84859
도문대작	food	129.21514	35.83499
도미	food	129.21181	35.84082
도미노피자경주보문점	food	129.28491	35.83573
도미노피자경주점	food	129.20661	35.85291
도미노피자보문점	food	129.28482	35.83548
도봉서당	stay	129.18473	35.82749
도성모텔	stay	129.50403	35.80437
도솔마을	food	129.21128	35.83701
도어	cafe	129.19627	36.00332
도영농원	shop	129.45140	35.66149
도우	food	129.21535	35.84126
도원	bar	129.22378	35.85676
도원마트	shop	129.21027	35.85455
도원목장	food	129.21040	35.85474
도원성	food	129.20161	35.86706
도원흑염소가든	food	129.28825	35.73049
도은	food	129.50233	35.80679
도이창	cafe	129.47359	35.68563
도이첸경주	food	129.22912	35.84934
도이터경주	shop	129.21407	35.84329
도정	food	129.21412	35.84630
도지식당	food	129.22450	35.85249
도진방체험스테이	stay	129.11089	35.73240
도찐개찐실비	bar	129.23413	35.84683
도착해서머물다	stay	129.31488	35.77754
도초	food	129.19234	35.80053
도토리포도경주황리단길점	shop	129.20824	35.83653
도토리하우스	stay	129.20401	35.83889
도투락문구점	shop	129.22316	35.85844
독도돼지국밥	food	129.32564	35.71020
독도모밀	food	129.31394	35.77321
독도사랑휴게소	food	129.19863	35.81283
독도회식당	food	129.22914	35.84900
독도횟집	food	129.49620	35.79873
독락당	stay	129.15998	36.01694
독립빌딩	shop	129.22182	35.86236
독상	food	129.22821	35.88257
돈가대박집	food	129.19620	36.00097
돈갈비	food	129.22559	35.85815
돈꼬꼬닭	food	129.45135	35.66102
돈덩어리	food	129.22366	35.85653
돈돈	food	129.21559	35.86925
돈돈치킨	food	129.32452	35.71486
돈돼지맛돼지	food	129.21446	35.86736
돈뜨는집	food	129.20523	35.85409
돈마당	food	129.30915	35.77121
돈맛가	food	129.21611	35.84119
돈뼈락쪽갈비	food	129.20343	35.86879
돈사무소	food	129.21864	35.86785
돈석쇠	food	129.22939	35.84934
돈수레식당	food	129.22475	35.85524
돈쓰김	food	129.19622	36.00500
돈앤콩부인	food	129.23526	35.87108
돈이돈이석쇠한판	food	129.21355	35.99033
돈짱	food	129.22557	35.85844
돈천숯불	food	129.20313	35.83983
돈치킨	food	129.28637	35.84398
돈치킨	food	129.50083	35.80833
돈치킨경주불국사점	food	129.32107	35.78228
돈치킨양북점	food	129.44113	35.79123
돈카츠마켙경주점	food	129.21442	35.86533
돈터국밥	food	129.18407	35.84289
돈황참숯불	food	129.20340	35.84098
돌고래회식당	food	129.49499	35.77616
돌고래횟집	food	129.49502	35.77621
돌담	stay	129.15814	35.90004
돌담길식당	food	129.20375	35.77545
돌담애	cafe	129.21503	35.84378
돌돈	food	129.21120	35.86691
돌산회식당	food	129.18478	35.84325
돌쇠네	food	129.27117	35.71108
돌실나이	shop	129.21198	35.84323
돌커피	cafe	129.20526	35.84339
돌트미스테이	stay	129.28786	35.90165
돌판돼지	food	129.22597	35.88114
돌판뒷고기	food	129.22730	35.88261
돌판한우우각집	food	129.22641	35.85271
돌핀레스토랑	food	129.21241	35.85416
동갑마트	shop	129.26820	35.89547
동강매운탕	food	129.29308	35.95477
동강반점	food	129.20525	35.85313
동강서원	heritage	129.29173	35.99926
동강실비	food	129.22988	35.87941
동경마켓	shop	129.23234	35.84772
동경밥집	food	129.32331	35.67015
동경식당	food	129.22280	35.85374
동경의댕기	shop	129.21399	35.83437
동경점	bar	129.22284	35.85525
동경주낚시	shop	129.49711	35.80456
동경주테크	shop	129.50028	35.82140
동경한밤	food	129.21538	35.84706
동경한우	shop	129.20793	35.85395
동광상회	shop	129.15030	35.81904
동광토탈휘트니스	activity	129.20973	35.85077
동국의료기	shop	129.19288	35.85851
동궁	stay	129.21291	35.82635
동궁	stay	129.21366	35.83284
동궁노래궁	bar	129.22311	35.85653
동궁식당	food	129.21823	35.87013
동궁여인숙	stay	129.21634	35.84265
동궁원	shop	129.26150	35.84949
동궁원	shop	129.26400	35.84820
동궁장여관	stay	129.50418	35.80429
동궁찜닭	food	129.19528	36.00257
동궁찜닭	food	129.20445	35.85575
동그라미	cafe	129.22797	35.84672
동그라미돈까스	food	129.22310	35.85640
동그리매점	shop	129.20401	35.83889
동근이숯불두마리치킨	food	129.22644	35.85688
동근이숯불두마리치킨	food	129.19625	36.00312
동근이숯불두마리치킨건천점	food	129.10133	35.84831
동글이	food	129.22286	35.85568
동남사	shop	129.20674	35.84395
동남수산	shop	129.50996	35.82531
동남식당	food	129.46365	35.67421
동내휴게실	food	129.20570	35.84357
동네국시	food	129.44289	35.79171
동네누부야가	bar	129.22867	35.87700
동네당구장	activity	129.22595	35.85676
동네롤집	food	129.20758	35.85349
동네맛집	food	129.21991	35.84183
동네식당	food	129.12643	35.82095
동네점빵	shop	129.21153	35.83615
동네짬뽕경주점	food	129.22577	35.85480
동네키즈카페	activity	129.21951	35.86141
동다송	cafe	129.26222	35.99529
동대골프존	activity	129.20706	35.85444
동대국수	food	129.20751	35.85563
동대로놀이터찻집	cafe	129.20600	35.85547
동대막창	food	129.20813	35.85512
동대쇠전뭉티기	food	129.20701	35.85488
동대스포츠	shop	129.20474	35.85587
동동국밥	food	129.18871	35.84099
동동국밥경주용황점	food	129.22611	35.88142
동래여인숙	stay	129.21792	35.84238
동리목월문학관	heritage	129.33356	35.78583
동막골	bar	129.22964	35.87867
동맥	food	129.22535	35.85746
동명떡방앗간	food	129.32662	35.71450
동명식당	food	129.20448	35.83965
동바루호	activity	129.49899	35.80595
동바커피	cafe	129.21086	35.85218
동방가	stay	129.25978	35.80838
동방과자점	food	129.26039	35.81170
동방두부카페	cafe	129.25275	35.81269
동방마트	shop	129.25977	35.81194
동방생고기정육점식당	food	129.29518	35.65910
동방숯불	food	129.26110	35.81046
동방식당	food	129.20674	35.84395
동방캠핑하우스	stay	129.25436	35.81115
동백	food	129.28920	35.92620
동부서비스라셀르	shop	129.22456	35.84911
동산국밥	food	129.28799	35.93008
동산낚시터	activity	129.27511	35.90181
동산미	food	129.22475	35.82610
동산반점	food	129.26850	35.89559
동산상회	shop	129.21694	35.84505
동산소매점	shop	129.26683	35.89634
동산식당	food	129.21618	35.84195
동산식당	food	129.23064	35.90775
동산약국	shop	129.26682	35.89600
동서종합씽크	shop	129.20724	35.84697
동선식당	food	129.20238	35.86478
동성다방	cafe	129.21981	35.83722
동성로스테이	stay	129.20970	35.84353
동성보청기청각센터경주점	shop	129.21694	35.84505
동성유스텔	stay	129.32734	35.78462
동신	shop	129.20674	35.84395
동신상회	shop	129.21683	35.84556
동신식품	shop	129.21631	35.84539
동아낚시	shop	129.20399	35.84506
동아다방	cafe	129.50208	35.80603
동아약국	shop	129.32452	35.71486
동아운동구사	shop	129.21417	35.84805
동양다방	cafe	129.22150	35.99123
동양맥주경주	bar	129.21116	35.86899
동양백반	food	129.21006	35.83530
동양사무용가구	shop	129.20734	35.83721
동양상회	shop	129.21653	35.84562
동양소리사	shop	129.20735	35.83654
동양슈퍼	shop	129.22761	35.99175
동양식육점	shop	129.21669	35.84506
동양오토바이부속	shop	129.22382	35.84995
동양천막사	shop	129.21742	35.84883
동양커피숍	cafe	129.27405	35.98760
동언가방	shop	129.20674	35.84395
동연화랑	shop	129.20683	35.84099
동원국밥	food	129.17921	35.84420
동원국밥	food	129.21903	35.86934
동원삼겹	food	129.19530	36.00227
동원상사	shop	129.33153	35.68140
동원축산	shop	129.21662	35.86742
동원축산경주점	shop	129.22391	35.86239
동은회도매센타	food	129.49542	35.79212
동일경주점	shop	129.21247	35.84254
동일상회	shop	129.21640	35.84510
동일손칼국수	food	129.10546	35.84906
동일스크린골프	activity	129.22490	35.86361
동일횟집	food	129.46297	35.66675
동주	food	129.20976	35.83648
동주복집	food	129.22517	35.85526
동지현한옥스테이	stay	129.21440	35.83369
동진강칼국수	food	129.22182	35.87126
동진상회	shop	129.22251	35.98953
동진슈퍼	shop	129.22035	35.83644
동천	cafe	129.22173	35.85117
동천동전노래연습장	activity	129.22667	35.85073
동천떡집	food	129.22645	35.85478
동천맥주	bar	129.22535	35.85746
동천부경숯불갈비	food	129.22754	35.85639
동천소주	food	129.23269	35.84756
동천양꼬치	food	129.22449	35.85296
동천육회	food	129.22286	35.85568
동천의밤	bar	129.22933	35.85073
동천정육마트	shop	129.23099	35.84862
동천제일약국	shop	129.22646	35.85400
동천카페동행	cafe	129.23021	35.84976
동천포차	bar	129.22334	35.85505
동촌돼지국밥	food	129.23558	35.84531
동춘한상	food	129.26905	35.85301
동취	bar	129.20875	35.83597
동트는아침	stay	129.49448	35.77523
동파랑	stay	129.22448	35.84394
동해가자미	food	129.32049	35.71143
동해노래연습장	activity	129.22270	35.85626
동해모터샵	shop	129.20454	35.83320
동해물회	food	129.21900	35.86954
동해민물매운탕식당	food	129.32281	35.71568
동해바다	food	129.22805	35.97592
동해별미	food	129.21885	35.99030
동해복어	food	129.20638	35.85052
동해분식	food	129.23505	35.84495
동해상회	shop	129.46250	35.66653
동해셀프뷔페식당	food	129.21766	35.87407
동해솥뚜껑삼겹살	food	129.20765	35.85503
동해솥뚜껑삼겹살	food	129.22270	35.85626
동해안강구건어물축산	shop	129.20419	35.83871
동해안모텔	stay	129.51693	35.83636
동해안한옥펜션	stay	129.48298	35.74045
동해어장	shop	129.10176	35.85122
동해유통	shop	129.22503	35.88035
동해펜션	stay	129.49155	35.78130
동해해물아구찜	food	129.19557	36.00197
동해해물아구찜경주점	food	129.21566	35.86315
동해회센타해원막썰어횟집	food	129.22270	35.85626
동해회식당	food	129.47414	35.69062
동행복권	activity	129.21719	35.86214
동행사회적협동조합	cafe	129.32670	35.71475
동행식당	food	129.30438	35.70018
동향	shop	129.20832	35.84516
동현구이	food	129.20701	35.85488
동호동해장국	food	129.20464	35.84387
동화로	food	129.22282	35.85317
동화매운탕	food	129.21623	35.82797
동화상회	shop	129.22251	35.99057
동희면사랑	food	129.17726	35.84373
동희집	food	129.29970	35.83096
돼장간	food	129.47146	35.70116
돼장간옆집	bar	129.47128	35.70106
돼지다방	cafe	129.20453	35.84459
돼지먹는날	food	129.20993	35.84817
돼지본가	food	129.21617	35.86809
돼지빠	food	129.19533	36.00271
돼지식당	food	129.19308	36.00203
돼지와막창	food	129.33107	35.71506
돼지짱	food	129.32618	35.71496
돼지초장	food	129.20674	35.84395
두꺼비가든	food	129.23591	35.73642
두꺼비노래궁	bar	129.22317	35.85600
두꺼비삼겹살	food	129.21921	35.86625
두꺼비상점	shop	129.29777	35.77722
두꺼비식당	food	129.21092	35.83449
두꺼비식당	food	129.19948	36.00325
두꺼비식당	food	129.20850	35.84413
두끼경주점	food	129.21202	35.86423
두끼경주점더리터경주	cafe	129.21202	35.86423
두낫디스터브베이커스경주	cafe	129.21014	35.83318
두대마을	stay	129.17191	35.81314
두두리	stay	129.21297	35.83549
두레밀면	food	129.20505	35.85440
두레밀면석장	food	129.19108	35.86190
두레반식당	food	129.28698	35.93017
두례식당	food	129.24319	36.05799
두리하나한식뷔페	food	129.49444	35.77462
두마리찜닭두찜경주건천점	food	129.10414	35.84881
두메산골	food	129.21217	35.74479
두바퀴캠핑	shop	129.00164	35.75407
두발로	shop	129.22253	35.99080
두번째로잘하는국밥집	food	129.22451	35.86079
두번째스무살	stay	129.31496	35.78547
두번째집	stay	129.22317	35.83884
두부마을	food	129.31209	35.78395
두부천지	food	129.20999	35.84693
두산미감	shop	129.44152	35.79052
두산식당	food	129.44152	35.79052
두성식당	food	129.22547	35.87776
두송녹색농촌체험마을	activity	129.42792	35.76570
두시한복	shop	129.20686	35.84231
두온풀빌라	stay	129.41534	35.70427
두찜경주	food	129.22030	35.86678
두찜경주	food	129.32107	35.78228
두찜경주황오점	food	129.21403	35.85091
둘둘오리	food	129.18813	36.00120
둘리	shop	129.32467	35.71427
둥글둥글식당	bar	129.21403	35.85091
둥이네	shop	129.22233	35.99041
둥이통신	shop	129.22032	35.84180
둥지	food	129.22007	35.84160
둥지	food	129.21031	35.83566
둥지	food	129.22202	35.98977
둥지가족	stay	129.18972	35.82758
둥지네스트	stay	129.30448	35.73115
둥지식당	food	129.21627	35.84499
둥지타코엔커피경주	food	129.21343	35.86563
뒷고기땡기재	food	129.17449	35.89020
뒷고기땡기재	food	129.22462	35.85525
듀오시스템	shop	129.21680	35.86847
듀크마뉴엘	shop	129.21271	35.84685
드라이브인모텔	stay	129.28120	36.00303
드로잉키즈풀빌라펜션	stay	129.27551	35.73388
드롭탑경주노동점	cafe	129.21381	35.84297
드루와	bar	129.30720	35.77270
드루와	food	129.30754	35.77253
드루와	food	129.22575	35.87930
드림마트	shop	129.32530	35.71455
드림마트	shop	129.10192	35.84837
드림마트	shop	129.27346	35.85189
드림마트정육	shop	129.10192	35.84837
드림모텔	stay	129.50469	35.80375
드림스테이	stay	129.17436	35.86930
드림스테이	stay	129.21480	35.84793
드림힐모텔	stay	129.21493	35.84252
드메종	shop	129.22334	35.85505
드반트	cafe	129.19717	36.00134
득일기념품	shop	129.32824	35.78517
든든갈비탕	food	129.30179	35.66962
들국화	shop	129.23104	35.91805
들꽃가든	food	129.26281	36.05060
들꽃공방	shop	129.21150	35.84265
들꽃녁	food	129.32229	35.67112
들꽃하우스	stay	129.16080	35.89866
들락	cafe	129.21241	35.84433
들안길참숯화로숯불갈비	food	129.28845	35.84550
등나무갤러리	food	129.19533	35.87867
등대장여관	stay	129.50202	35.80815
등뼈	food	129.45921	35.71053
등뼈	food	129.44136	35.79121
등뼈가경주보문점	food	129.28637	35.84398
등뼈건천점	food	129.10571	35.85058
등뼈석계점	food	129.31270	35.68065
등뼈충효점	food	129.18683	35.84174
등잔펜션	stay	129.25746	35.86366
등촌샤브칼국수	food	129.22378	35.85691
등촌샤브칼국수경주점	food	129.22881	35.88396
등푸른회이야기	food	129.20715	35.84888
디노	food	129.29584	35.85601
디디알펫	shop	129.21927	35.88265
디딤	stay	129.30932	35.79614
디멘션커피	cafe	129.32611	35.78405
디모로	stay	129.25568	35.81765
디미방민속떡방아간	food	129.21980	35.86691
디바로레	shop	129.21039	35.84319
디바인	bar	129.18150	35.84352
디바인	bar	129.20661	35.85519
디바인미니호텔	stay	129.20403	35.83932
디스모먼트	shop	129.20837	35.83651
디스앤댓	shop	129.21020	35.84250
디스이즈포유	food	129.20913	35.85026
디스카운트풀빌라	stay	129.26607	35.86208
디스커버리경주모다점	shop	129.24436	35.91642
디스커버리경주점	shop	129.21348	35.84317
디아망	stay	129.25124	35.83582
디아코	shop	129.20990	35.83478
디아트펜션	stay	129.31508	35.79138
디알에프앤비	food	129.20908	35.83575
디어마이프린세스	shop	129.21412	35.84630
디어빈스	cafe	129.18919	35.85982
디어슬로우	food	129.20956	35.84241
디어포르마	stay	129.40574	35.66483
디에스시매점	shop	129.33442	35.69695
디에스시매점	shop	129.30896	35.66973
디에이뉴	shop	129.22056	35.88188
디에이치	shop	129.17975	35.84182
디엔비모바일	shop	129.21521	35.84372
디엠씨십자수	shop	129.21535	35.84672
디오디모다아울렛경주	shop	129.24436	35.91642
디오르	stay	129.30104	35.85370
디올	shop	129.18635	35.84294
디제리크	food	129.22395	35.88376
디제이컴퍼니	shop	129.33243	35.69302
디즈니골프경주	shop	129.24436	35.91642
디테일즈	shop	129.18888	35.84420
디프	shop	129.22314	35.85212
디프	food	129.22551	35.85708
디휴	stay	129.21715	35.83053
딘	food	129.22338	35.84179
딤타오경주점	food	129.20872	35.83669
딥인투네이처	shop	129.21559	35.84179
따띠아나	food	129.20600	35.85547
따불로노래방	activity	129.32729	35.78518
따시락	food	129.21571	35.84632
딴짓	shop	129.20943	35.83680
딸기	shop	129.19579	36.00268
딸기네반찬	shop	129.22033	35.86805
딸기다방	cafe	129.05007	35.89250
땅고개휴게소식당	food	129.06391	35.79514
땅땅치킨	food	129.22403	35.86009
땅땅치킨	food	129.19212	35.86072
땅땅치킨	food	129.19534	36.00240
땅땅치킨안강	food	129.22352	35.99104
땅스부대찌개경주	food	129.21189	35.86674
땅스부대찌개성동	food	129.21554	35.84600
땅콩가	food	129.21183	35.84210
땡맥	food	129.19104	35.86164
땡큐치킨	food	129.21031	35.83566
떡가마	food	129.21646	35.84591
떡돌밥생선집	shop	129.50201	35.80411
떡보의하루경주점	food	129.21846	35.85503
떡인당교촌가람	food	129.21566	35.83018
또다른세상펜션	stay	129.29291	35.87482
또또문구	shop	129.21551	35.86952
또랑있는집	food	129.04892	35.75378
또래오래	food	129.20961	35.86599
또래오래	food	129.32116	35.72883
또래오래치킨	food	129.18662	35.84287
또래오래치킨	food	129.50143	35.80667
또래오래치킨경주산내점	food	129.04361	35.75691
또래오래치킨내남점	food	129.19513	35.75205
또래오래치킨보문점풀모리아	food	129.28149	35.84550
또묵꼬묵꼬	food	129.20988	35.85370
또바기	bar	129.20452	35.83980
또바기칼국수	food	129.27240	35.98597
또봇정크아트뮤지엄	heritage	129.28826	35.82989
또봉이통닭	food	129.19656	36.00364
또와꼬마김밥	food	129.50237	35.80602
또와노래연습장	activity	129.21839	35.86783
또와분식	food	129.47074	35.70039
또와요소주방	bar	129.20308	35.84324
또착한족발	food	129.21709	35.87088
뚜레쥬르	food	129.22397	35.85679
뚜레쥬르	food	129.22548	35.99189
뚜레쥬르경주	food	129.21146	35.84431
뚜레쥬르경주금장점	food	129.20378	35.86735
뚜레쥬르경주용황점	food	129.22605	35.88297
뚜레쥬르경주충효서라벌	food	129.18456	35.84324
뚜레쥬르반도유	food	129.14020	35.80547
뚝배기한그릇	food	129.21018	35.84283
뚱삼이와대삼이	food	129.33237	35.67629
뚱이네	food	129.19077	35.86122
뜨게나라공방	shop	129.21631	35.84539
뜨돈경주용황점	food	129.22890	35.88297
뜨라네원	stay	129.25786	35.86363
뜨란채	food	129.42271	35.80207
뜰담푸드	food	129.29873	35.70440
뜰안	food	129.32149	35.68673
뜰안길	shop	129.28920	35.92620
뜰안에	food	129.20150	35.86686
띠아모	cafe	129.20896	35.84731
띠아모펜션	stay	129.30527	35.80674
띵동아이스크림	shop	129.19701	36.00333
띵동아이스크림경주우방점	shop	129.19678	36.00321
띵똥띵똥	bar	129.19571	36.00226
라고	food	129.16696	35.84430
라구스힐풀빌라펜션	stay	129.27520	35.83467
라그라스펜션	stay	129.25235	35.83574
라끄베르펜션	stay	129.30990	35.80363
라두가마트	shop	129.20672	35.85061
라두가마트경주점	shop	129.20708	35.85298
라떼갤러리	shop	129.32649	35.78403
라라디저트	food	129.19172	35.84181
라라랜드	shop	129.20721	35.85165
라라샵	shop	129.34177	35.72080
라라야생화	shop	129.28203	35.77915
라라양과점	food	129.20939	35.83844
라라캠핑장	stay	129.39636	35.68777
라라케이크	food	129.21952	35.86624
라라케이터링	food	129.20649	35.85448
라라파	food	129.20566	35.85569
라멘집	food	129.21437	35.84730
라베	food	129.20672	35.87389
라베풀빌라	stay	129.51790	35.83975
라벤더	cafe	129.20663	35.84330
라보엠	shop	129.21366	35.84347
라붐	stay	129.46441	35.66866
라비안풀빌라	stay	129.29597	35.87611
라비앙로즈	stay	129.50754	35.82116
라비앙로즈	cafe	129.26013	35.85962
라비에벨펜션	stay	129.25936	35.86195
라선재	heritage	129.17966	35.88054
라성장	stay	129.28272	35.91380
라스베가스호프	bar	129.22706	35.85531
라스타	stay	129.28293	35.77800
라스텔라펜션	stay	129.25462	35.83150
라시아소리지	stay	129.27972	35.90377
라시아휴그린	stay	129.27958	35.90400
라시에스타	stay	129.40548	35.66565
라썸앤라반	stay	129.25990	35.85989
라연재	stay	129.21645	35.82565
라온	shop	129.23284	35.84677
라온솔	shop	129.22890	35.87677
라온제나	stay	129.32543	35.78438
라온채	stay	129.31662	35.79504
라온커피로스터스	cafe	129.21005	35.80763
라온타운경주	food	129.20948	35.83904
라온펜션	stay	129.25622	35.81722
라우갤러리	shop	129.26259	35.85887
라운드투	food	129.21412	35.84687
라움	shop	129.21277	35.84286
라움공방	shop	129.20988	35.83769
라움더한옥풀빌라	stay	129.25468	35.83257
라원	nature	129.26227	35.84662
라이	food	129.22514	35.84843
라이키카페	cafe	129.08927	35.86235
라이트하우스	shop	129.21491	35.84228
라이프투게더리테일	shop	129.24436	35.91642
라인뷰	stay	129.40556	35.66542
라임	cafe	129.19571	36.00226
라임모텔	stay	129.05167	35.78333
라즈베리펜션	stay	129.31013	35.78604
라지백	food	129.20699	35.83487
라쿠스호텔	stay	129.32354	35.78339
라쿵푸	food	129.20649	35.85520
라파미키즈풀빌라	stay	129.30681	35.74129
라파밀리아	stay	129.25580	35.86304
라팡시옹	stay	129.25787	35.85768
라펠	shop	129.22935	35.88178
라플레르	cafe	129.24313	35.84237
라플레르풀빌라	stay	129.26609	35.86303
라한호텔경주	stay	129.27719	35.85032
라화공방마라탕	food	129.21408	35.86538
라화공방마라탕충효점	food	129.18592	35.84204
락만나야	food	129.20707	35.85224
락앤버거	bar	129.47070	35.70070
락엘스킨	shop	129.32743	35.71427
락원가든	food	129.12042	35.86060
락희원	stay	129.21202	35.83737
락희원	stay	129.21429	35.83434
란게스트하우스	stay	129.20732	35.82599
란다방	cafe	129.22264	35.99202
란스키친	food	129.32894	35.78506
란제리마트	shop	129.21524	35.84354
란젠티바이소장가치	shop	129.21430	35.84332
랄라라노래연습장	activity	129.19534	36.00240
랄라에뜨	food	129.21152	35.84223
랍스타하우스	food	129.29255	35.70923
랑랑피어싱	shop	129.21362	35.84294
랑콩뜨레과자점	food	129.21413	35.86678
랑콩뜨레과자점	food	129.20403	35.87023
래빗키친	food	129.21508	35.87373
래태리	stay	129.14502	35.92949
랜덤	shop	129.18195	35.84352
랜드로바경주점	shop	129.21145	35.84297
랩소디인블루	cafe	129.28890	35.84033
러러식품	shop	129.33087	35.67654
러브낚시	shop	129.21836	35.85454
러브미	shop	129.22945	35.85015
러브스토리	stay	129.39521	35.68909
러브스토리인시애틀	cafe	129.20680	35.84209
러브앤러브	stay	129.40622	35.66482
러브이즈	food	129.22535	35.85746
러브컨템포러리아트	shop	129.33645	35.78186
러스틱커피	cafe	129.29356	35.75403
러시아마트	shop	129.20681	35.84526
러시아빵집	food	129.20560	35.85521
럭셔리	bar	129.20607	35.85502
럭셔리	shop	129.19635	36.00268
럭키노래연습장	activity	129.22984	35.85110
럭키양품점	shop	129.21518	35.84279
럭키텐	shop	129.47347	35.69117
런던로스트볼	shop	129.24590	35.89153
런던로스트볼	shop	129.31357	35.76227
런던로스트볼팩토리	shop	129.31173	35.77073
런던호프	bar	129.22284	35.85681
런컴퍼니	stay	129.28216	35.84744
런투유나이트클럽	bar	129.22312	35.85464
런휘트니스	activity	129.21556	35.86446
런휘트니스	activity	129.17730	35.84522
런휘트니스	activity	129.22818	35.85021
런휘트니스	activity	129.22833	35.87700
런휘트니스	activity	129.20553	35.87136
럽떡	food	129.21189	35.83604
레거시골프	activity	129.20249	35.84202
레노마주니어	shop	129.21453	35.84296
레드	cafe	129.19237	36.01350
레드	food	129.22546	35.86015
레드버켓경주	shop	129.21344	35.84245
레드페이스경주점	shop	129.21473	35.84430
레뷰	stay	129.31604	35.80118
레브	food	129.21129	35.83678
레브	shop	129.21414	35.86752
레삐	shop	129.19709	35.99928
레삐경주점	shop	129.21541	35.84196
레아	bar	129.20560	35.85521
레아플러스	shop	129.27405	35.98760
레이저아레나보문	activity	129.29331	35.84485
레이지선데이	cafe	129.21032	35.83746
레이지스몰	cafe	129.20771	35.84161
레이크모텔	stay	129.27900	35.90505
레이크힐	stay	129.22503	35.88035
레인보우	shop	129.19631	36.00167
레인보우	food	129.23018	35.84122
레져파크해밀	stay	129.31129	35.84720
레코드스테이	stay	129.22736	35.84258
레트로지	food	129.20527	35.85574
레페쉬카	food	129.20707	35.85415
렌즈미경주점	shop	129.21366	35.84362
렌즈케어	shop	129.22398	35.85133
로가디스경주	shop	129.21181	35.84318
로그캐빈	food	129.05237	35.67551
로데당구장	activity	129.22504	35.86266
로데오바베큐	food	129.30944	35.76314
로뎀나무아래	stay	129.05821	35.66604
로뎀나무아래	food	129.05774	35.66626
로뎀트리하우스	stay	129.22483	35.82953
로뎀피아노사	shop	129.21415	35.84758
로뎅	bar	129.50209	35.80519
로또	activity	129.21551	35.86952
로또노래타운	bar	129.32575	35.71410
로또동전노래연습장	activity	129.21311	35.84308
로또무비샵	shop	129.23128	35.84872
로또복권	activity	129.21440	35.86576
로또야놀자	activity	129.22402	35.85151
로또천국건천점	activity	129.10342	35.84923
로또판매점	activity	129.32889	35.70200
로라애슐리경주점	shop	129.21283	35.84361
로라커피	cafe	129.21412	35.84687
로망스노래클럽	bar	129.22399	35.85425
로망스아구찜경주	food	129.20631	35.79867
로맨스	bar	129.47116	35.70097
로맨틱하우스	shop	129.21451	35.86664
로머스스테이	food	129.32782	35.78503
로머스커피	cafe	129.32782	35.78503
로버	shop	129.22932	35.88146
로벤피스	cafe	129.21058	35.84414
로보티머	cafe	129.18571	35.84403
로브플로라	shop	129.17146	35.84589
로빈스콜랙션스	shop	129.20983	35.83720
로스트볼	shop	129.22877	35.84841
로스트볼아울렛	shop	129.32906	35.70071
로쏘하우스	stay	129.39995	35.67352
로앤드	shop	129.22605	35.88161
로얄	bar	129.20608	35.85408
로얄	food	129.23275	35.88461
로얄모텔	stay	129.20390	35.83963
로얄빅토리아	cafe	129.23192	35.87627
로엠경주점	shop	129.21336	35.84274
로와	stay	129.20786	35.83636
로우냅커피하우스달동네점	cafe	129.31227	35.80363
로이스풀빌라	stay	129.05424	35.66577
로제드파리	cafe	129.20921	35.83863
로즈브리즈	stay	129.29106	35.89230
로즈케이	shop	129.47260	35.70075
로지잡화점	shop	129.05837	35.66159
로터리해장국	food	129.21630	35.84080
로하스	stay	129.31113	35.79612
론다	stay	129.31888	35.76193
론즈대일	shop	129.24488	35.91840
롤로	shop	129.27676	35.78720
롤로타바코	shop	129.21531	35.84637
롤링파스타경주용황점	food	129.22474	35.88278
롤링핀경주점	food	129.22405	35.88421
롤아웃라운지	cafe	129.20273	35.86491
롯데리아경주	food	129.21471	35.86603
롯데리아경주점	food	129.21188	35.84430
롯데리아보문점	food	129.29090	35.83958
롯데쇼핑롯데슈퍼경주주	shop	129.22701	35.85395
롯데자판기	shop	129.22881	35.89764
롯데프레시경주보문	shop	129.28536	35.83700
롯뽄기	food	129.21127	35.83520
료미	food	129.20974	35.83551
료코	food	129.21277	35.83533
료혼신라관	food	129.21016	35.83671
루나	cafe	129.20703	35.85461
루나펜션	stay	129.25459	35.83118
루나풀빌라펜션	stay	129.19267	35.81599
루나피에나	stay	129.49074	35.78703
루다카페	bar	129.33552	35.67757
루디아옷가게	shop	129.22912	35.84842
루디아캠핑	shop	129.23342	35.84714
루미스테이	stay	129.22534	35.88203
루시	shop	129.21453	35.84229
루쓰펜션	stay	129.29406	35.94599
루아펜션	stay	129.25776	35.86065
루위카오위경주점	food	129.22841	35.84933
루이까스텔	shop	129.21205	35.84341
루이까스텔	shop	129.22319	35.86540
루이까스텔경주아울렛	shop	129.24272	35.91351
루이통신	shop	129.21019	35.85359
루지풀빌라	stay	129.30114	35.85390
룩게라지	shop	129.28448	35.91509
룩스굿	shop	129.21958	35.86895
류비	shop	129.20674	35.84395
류비자원	shop	129.23047	35.87832
류화담	food	129.31482	35.79609
르네셀	shop	129.21696	35.84873
르네셀	shop	129.21181	35.84254
르땅고뒤샤	cafe	129.21360	35.84153
르레브민박	stay	129.25663	35.86308
르레파스	food	129.20940	35.83795
르씨엘	cafe	129.19759	35.85069
르주르제이	food	129.21234	35.84144
르터틀	food	129.20974	35.83883
리도	bar	129.21697	35.84166
리도캠프	shop	129.29264	35.85845
리딩전자	shop	129.25116	35.93690
리리관	food	129.21748	35.84168
리리한옥	stay	129.20371	35.83678
리멤버	bar	129.20992	35.86589
리밋	food	129.20954	35.83758
리바레소품	activity	129.19711	36.00142
리바이스바디웨어	shop	129.21198	35.84197
리바트가구경주	shop	129.21756	35.84810
리바트모아점	shop	129.24107	35.90940
리버사이드골프클럽	activity	129.21430	35.87452
리버틴호텔	stay	129.20273	35.84043
리베	bar	129.22475	35.85524
리베르	stay	129.30885	35.79394
리베스테이	stay	129.20418	35.83935
리보이스당구장	activity	129.21590	35.86824
리빙탑스	shop	129.22948	35.87683
리빙하우스	food	129.21611	35.84512
리스테이연월	stay	129.33205	35.77087
리식당	food	129.22271	35.85300
리안	stay	129.21357	35.83272
리얼스크린야구존경주점	activity	129.21162	35.86676
리얼이에스티	activity	129.29081	35.92114
리얼펍경주	food	129.20277	35.84367
리오	bar	129.20594	35.85314
리오넬과루이하우스	stay	129.40769	35.66582
리오부라보	shop	129.21523	35.84394
리우네키즈풀펜션	stay	129.31096	35.79599
리즈네	shop	129.32618	35.71496
리초야	cafe	129.21405	35.83307
리초야크리머리	food	129.20954	35.83758
리츠모텔	stay	129.20682	35.84088
리치노래연습장	activity	129.20166	35.86732
리치오토바이크	shop	129.22090	35.84078
리치커피	cafe	129.20674	35.84395
리커피하우스	cafe	129.21045	35.84217
리틀고냅	food	129.20954	35.83850
리틀포레스트	stay	129.23071	35.91847
리틀포레스트	food	129.20941	35.83662
리포소	stay	129.32514	35.77696
리폼나라	shop	129.21920	35.85264
리프커피	cafe	129.21503	35.84416
리핏운동재활센터	activity	129.22673	35.87944
린넨송	shop	129.21849	35.96636
린플러스양남	shop	129.46247	35.67735
린피아공방	shop	129.22234	35.85676
릴리샵	shop	129.21425	35.86559
림양화점	shop	129.21412	35.84671
릿	cafe	129.21938	35.84101
링스경주모다점	shop	129.24436	35.91642
링코제일경주한	shop	129.38775	35.79493
링크속옷	shop	129.32618	35.71496
마가렛케이크	food	129.21962	35.86467
마나살롱	food	129.22272	35.86220
마녀부엌	food	129.21067	35.86681
마녀의황금새벽	cafe	129.18984	35.86036
마노	food	129.21543	35.86855
마노레스토랑	food	129.21543	35.86855
마는끼니	food	129.20584	35.87116
마니불교	shop	129.20273	35.84622
마니주펜션	stay	129.25608	35.86279
마닐라나이트클럽	bar	129.21323	35.84161
마담바게뜨	cafe	129.47106	35.70060
마당	food	129.32613	35.71231
마당	food	129.19300	36.00167
마당발쭈꾸미	food	129.31645	35.77466
마당한옥	stay	129.20432	35.83544
마도카	stay	129.20380	35.84247
마동스테이	stay	129.31405	35.78001
마라공방	food	129.22860	35.88349
마라공방	food	129.13741	35.80525
마라공방	food	129.21235	35.84213
마라공방	food	129.21519	35.86507
마라달인	food	129.32578	35.71400
마라본색	food	129.21756	35.99345
마라순코우마라탕	food	129.18992	35.86138
마라향	food	129.20510	35.85577
마레몬테	shop	129.21183	35.84308
마레아풀빌라	stay	129.31106	35.78083
마루	stay	129.36233	35.79779
마루노래연습장	activity	129.18525	35.84306
마루들깨삼계탕	food	129.21944	35.83691
마루이	food	129.20280	35.84220
마리구이	bar	129.22045	35.84189
마리러브	shop	129.18880	35.84294
마리모팬션	stay	129.48651	35.74631
마리별미리별	stay	129.26271	35.85315
마리상트	shop	129.24719	35.94409
마리서사	shop	129.21157	35.84249
마리안느	stay	129.30605	35.80634
마리오델모나코	cafe	129.21973	35.83589
마린모텔	stay	129.50994	35.80866
마마스테이	stay	129.20547	35.84093
마법의성	stay	129.30575	35.79095
마법의숲	food	129.26432	35.98796
마산생아구	food	129.20508	35.85267
마산식당	food	129.05896	35.66021
마석산가든	food	129.28011	35.74451
마성떡볶이신경주역점	food	129.13940	35.79808
마숑드숑	food	129.18472	35.84347
마스터바니경주모다점	shop	129.24479	35.91683
마시그래이	cafe	129.21229	35.86394
마시그래이경주동천동	cafe	129.22915	35.84823
마시소	food	129.20511	35.85314
마시오뎅	food	129.20356	35.83928
마시조은집	food	129.21066	35.84248
마시조은집	food	129.20775	35.83940
마시커피	cafe	129.20526	35.84339
마실	shop	129.21100	35.83695
마실	food	129.23112	35.87768
마실소주방	food	129.21322	35.99151
마실펜션	stay	129.16430	35.83403
마에똥	bar	129.20560	35.85502
마오	food	129.20634	35.85466
마왕족발경주	food	129.21130	35.86733
마운틴스크린골프	activity	129.21556	35.87627
마을식당	food	129.28482	35.83548
마음대로	shop	129.23287	35.84727
마음둘꽃	shop	129.22704	35.86161
마이다이어리	stay	129.25805	35.86243
마이드레스룸	shop	129.21085	35.86616
마이스토리	food	129.32321	35.71490
마이옥토버	stay	129.33645	35.78186
마이홈	stay	129.18926	35.82717
마인	shop	129.32534	35.71113
마장동숯불구이	food	129.21926	35.86996
마장동식육식당	food	129.20659	35.85388
마장동축	shop	129.32607	35.71422
마조르	food	129.20734	35.83694
마주	bar	129.23262	35.84200
마중	stay	129.30870	35.79362
마중	food	129.32675	35.71454
마치숲	shop	129.10614	35.85123
마카다	cafe	129.20938	35.83321
마카롱키즈풀빌라펜션	stay	129.31092	35.78059
마켓북	shop	129.16553	35.78879
마켓이야기	shop	129.20891	35.83672
마코스포츠경주점	shop	129.21751	35.84601
마트와식자재마트	shop	129.16994	35.84662
마티나타	cafe	129.28021	35.84724
마포생고기	food	129.22272	35.86220
막걸리농장	bar	129.20940	35.84726
막걸리타운	bar	129.21034	35.85224
막끌리나	bar	129.17939	35.84461
막끌리네	bar	129.32639	35.71439
막사	food	129.22300	35.85181
막창도둑	food	129.22891	35.88401
막창신	food	129.22509	35.88469
막창에소주한잔	food	129.22647	35.85207
막창하우스	food	129.22861	35.84719
만가르	food	129.32495	35.71472
만권화밥동국대경주캠퍼스점	food	129.19104	35.86479
만금당	shop	129.22705	35.99050
만까이	food	129.18997	35.86069
만나흑염소식당	food	129.30263	35.67503
만남노래연습장	activity	129.23140	35.84880
만두랑김밥	food	129.17859	35.84458
만드는사람들	shop	129.22259	35.85754
만디	stay	129.28203	35.87665
만리장성	food	129.31405	35.78507
만물농약할인마트	shop	129.04877	35.89445
만물박사중고	shop	129.22544	35.84835
만물상회	shop	129.32618	35.71496
만백	food	129.21519	35.84292
만복	food	129.17351	35.84282
만복래백숙	food	129.32120	35.71291
만복이쭈꾸미낙지볶음	food	129.21089	35.84246
만석수타면	food	129.11682	35.83654
만석정숯불	food	129.21178	35.86744
만석정숯불용황점	food	129.22755	35.88289
만석정신경주역	food	129.13741	35.80525
만선센타	stay	129.48128	35.74238
만선호프경주점	bar	129.21243	35.84233
만수	stay	129.21001	35.83456
만수로회센터	food	129.48128	35.74238
만용상회	shop	129.50148	35.80452
만월상점	shop	129.20592	35.85409
만월재	stay	129.20880	35.83573
만인의밥상	food	129.32564	35.68130
만조아구찜	food	129.22282	35.85212
만족오향족발신경주점	food	129.13928	35.80637
만호고택	stay	129.25473	36.00137
말모이글모이	shop	129.21618	35.84195
말방다락	stay	129.31851	35.74295
말방한옥	stay	129.33982	35.75123
말본골프모다아울렛경주	shop	129.24436	35.91642
말순이찻집	shop	129.05424	35.89079
말자곰탕	food	129.22504	35.98965
말퀴리	shop	129.21280	35.84248
말퀴리	shop	129.20231	35.86954
맑은샘약국	shop	129.21696	35.84873
맑은아침펜션	stay	129.31034	35.79535
맑음	stay	129.19056	35.87257
맘모스노래연습장	activity	129.21760	35.84129
맘손식당청기와뽈찜	food	129.21066	35.84221
맘스분식	food	129.24560	35.91931
맘스터치	food	129.22676	35.85332
맘스터치	food	129.20508	35.85563
맘스터치	food	129.18714	35.84165
맘스터치경주	food	129.22371	35.99248
맘스터치경주	food	129.21298	35.86391
맘스터치경주	food	129.21281	35.84344
맘스터치경주양남점	food	129.47089	35.69935
맘스터치경주월드점	food	129.27915	35.83610
맘스터치신경주역점	food	129.13939	35.80125
맘스터치외동입실점	food	129.32452	35.71486
맘스터치용황점	food	129.22790	35.88306
맘편한집	stay	129.31355	35.76938
맛고을동태탕	food	129.31311	35.68096
맛과멋을고기에담다	food	129.22703	35.88189
맛깔람	food	129.23194	35.88554
맛나분식	food	129.21631	35.84539
맛나분식	food	129.44121	35.79041
맛나콩국카페	food	129.20758	35.85349
맛도차이나	food	129.21972	35.85599
맛사랑	food	129.20899	35.83491
맛을담은쭈꾸미랑낙지랑	food	129.21142	35.84489
맛을담은쭈꾸미랑낙지랑	food	129.21148	35.86821
맛을담은쭈꾸미랑낙지랑	food	129.32933	35.68136
맛을담은쭈꾸미랑낙지랑	food	129.21654	35.99357
맛있는고기에솜씨를더하다	food	129.21202	35.86423
맛있는녀석들	food	129.21127	35.83619
맛있는떡집	food	129.21676	35.84474
맛있는물회	food	129.21993	35.85656
맛있는밥상	food	129.32867	35.68053
맛있는삼겹살	food	129.22392	35.85653
맛있는족발이야기	bar	129.32119	35.78233
맛있는추어탕	food	129.22451	35.86017
맛있는칼국수	food	129.21634	35.84507
맛있는한컵	food	129.21207	35.84195
맛자랑	food	129.30625	35.81230
맛집	food	129.20867	35.84750
매리트	bar	129.22370	35.85423
매머드익스프레스경주동국대	cafe	129.19339	35.85904
매인정보통신	shop	129.23528	35.84512
매일다방	cafe	129.22771	35.99037
매일떡집	food	129.20674	35.84395
매일분식	food	129.19089	35.86106
매일사료	shop	129.20309	35.84276
매일상회	shop	129.43510	35.66628
매일조명	shop	129.20735	35.84155
매일행복	shop	129.21631	35.84539
매직드래곤	stay	129.31355	35.76891
매직드래곤키즈풀빌라펜션	stay	129.31355	35.76892
매콤달콤	food	129.19683	36.00244
맥반	food	129.20901	35.83814
맥시카나	food	129.20793	35.85517
맥시칸치킨	food	129.21571	35.84193
맥시칸치킨모화점	food	129.33337	35.67746
맥치킨호프	food	129.22459	35.86211
맨날국수경주모화점	food	129.33630	35.67319
맨날아이스크림	shop	129.33583	35.67292
맷돌분식	food	129.30670	35.77271
맷돌순두부	food	129.26289	35.85182
머뉴버	shop	129.20686	35.84231
머든	shop	129.18717	35.84245
머렐경주점	shop	129.21151	35.84293
머문공간	stay	129.32663	35.77933
머물다	stay	129.20723	35.84527
먹거리분식	food	129.21451	35.86664
먹거리해물생칼국수	food	129.50129	35.80419
먹구가	food	129.21019	35.84846
먹깨비	food	129.46690	35.68077
먹닭치킨	food	129.20452	35.83980
먹방	food	129.20245	35.84114
먹자촌	food	129.21707	35.84297
먼슬리케이크인경주	shop	129.21853	35.84985
먼치즈	food	129.20624	35.85547
멀티샵	shop	129.20703	35.85461
멋짐	activity	129.22585	35.85748
멍때리는정원카페	cafe	129.23075	35.88472
멍리단길	shop	129.23053	35.88450
멍멍이와숲속에서	cafe	129.23664	35.87281
멍뭉단지	stay	129.33085	35.75115
메가엠지씨커피경주	cafe	129.21361	35.86483
메가엠지씨커피경주	cafe	129.20394	35.83868
메가엠지씨커피경주불국시래점	cafe	129.30016	35.77538
메가엠지씨커피경주첨성대점	cafe	129.21857	35.83584
메가커피경주용황점	cafe	129.22700	35.88314
메고지고답례떡	food	129.22489	35.85675
메디팜동국약국	shop	129.20661	35.85519
메르시에스	shop	129.22933	35.88345
메리골드	stay	129.30934	35.79404
메리데이	stay	129.29662	35.87703
메모아르경주	stay	129.30731	35.74254
메밀촌옹심이마을	food	129.23068	35.84979
메밀향막국수	food	129.23012	35.84574
메사	food	129.21016	35.84319
메이	stay	129.40396	35.67474
메이경주점	shop	129.21270	35.84256
메이드바이사브리나	food	129.22078	35.84538
메이브리즈풀빌라	stay	129.29125	35.89279
메이앤유	shop	129.22868	35.85159
메이저	bar	129.22396	35.85499
메이즈풀빌라	stay	129.50914	35.82558
메이플	cafe	129.32960	35.78472
메종다나	shop	129.20199	35.86411
메종드마망	stay	129.19827	35.79867
메종드메르	cafe	129.46357	35.67363
메종드문	food	129.21172	35.83561
메종드클레어	stay	129.21271	35.84685
메종미니호텔	stay	129.20486	35.84056
메종시나	stay	129.19727	35.80055
메종오드리	shop	129.22371	35.84625
멕시카나	food	129.27678	35.98949
멕시카나경주노서점	food	129.20678	35.83960
멕시카나양념치킨	food	129.26856	35.89597
멕시카나치킨	food	129.26120	35.80985
멕시카나치킨	food	129.30096	35.77518
멕시카나치킨	food	129.21935	35.86818
멕시카나치킨	food	129.32455	35.71360
멕시카나치킨	food	129.44204	35.79240
멕시카나치킨호프보문점	food	129.28845	35.84550
멕시칸양념치킨	food	129.23476	35.84474
멕시코코하시엔다	food	129.21401	35.84219
멘야하나비황리단길점	food	129.20910	35.83713
멜니짜	shop	129.20593	35.85287
멜니짜빵집	food	129.20732	35.85631
면백가	food	129.23236	35.88405
면사고면치기	food	129.21299	35.83537
면타작	food	129.28813	35.92656
명가	food	129.21614	35.99355
명가고디탕	food	129.22829	35.98919
명가돼지국밥	food	129.32187	35.72739
명가떡	food	129.19593	36.00336
명가삼계탕	food	129.32173	35.72775
명가숯불곰장어	food	129.20707	35.85543
명가이불	shop	129.22324	35.99229
명경	shop	129.28188	35.92133
명계시루곡식당	food	129.23592	35.71810
명동김밥	food	129.21631	35.84539
명동슈퍼	shop	129.21419	35.84837
명동오리	food	129.28802	35.92627
명동쫄면	food	129.21325	35.84256
명동초장	shop	129.46318	35.66679
명동칼국수	food	129.21637	35.86252
명랑펜션	stay	129.18968	35.83134
명랑핫도그경주	food	129.22317	35.99087
명륜진사갈비	food	129.20282	35.85617
명륜진사갈비	food	129.22438	35.88342
명륜진사갈비	food	129.31164	35.77071
명륜진사갈비	food	129.21801	35.99337
명륜진사갈비경주용황점	food	129.22369	35.88259
명문가야밀면	food	129.10640	35.84767
명물	food	129.05067	35.89261
명반점	food	129.32885	35.73015
명사마을	bar	129.21019	35.84767
명사마트	shop	129.20794	35.84734
명사정보통신	shop	129.20837	35.84727
명사탁구클럽	activity	129.22890	35.87677
명성	stay	129.48145	35.74122
명성글로벌	shop	129.22234	35.87164
명성당	shop	129.21792	35.86717
명성떡방앗간	food	129.33385	35.67729
명성미니슈퍼	shop	129.33620	35.67754
명성생오리	food	129.22249	35.85325
명성수산	shop	129.22228	35.98966
명성수산	food	129.50389	35.80437
명성숯불갈비	food	129.20309	35.84343
명성슈퍼	shop	129.44158	35.79148
명성식당	food	129.46889	35.67971
명성유스타운	stay	129.32743	35.78532
명성초장집	food	129.50389	35.80438
명성한식당	food	129.32743	35.78532
명성활어대게수산	shop	129.50389	35.80438
명성회센터	food	129.50354	35.80432
명소돼지국밥	food	129.08481	35.83935
명수원	stay	129.05030	35.79030
명순이네분식	food	129.04934	35.89275
명신포목	shop	129.20674	35.84395
명안재	shop	129.20591	35.83385
명옥재	stay	129.23080	35.84153
명월식당	food	129.04611	35.75807
명인당구클럽	activity	129.21700	35.84831
명인만두	food	129.21329	35.86588
명인만두경주	food	129.22334	35.85677
명인만두충효점	food	129.18556	35.84255
명인커튼	shop	129.20938	35.85135
명진도서	shop	129.22561	35.87733
명촌갤러리	stay	129.25182	35.92257
명태집	shop	129.22230	35.98959
명퉤경주황리단길	shop	129.20927	35.83601
명품나라	shop	129.21540	35.84255
명품나라	shop	129.20907	35.84335
명품샵	shop	129.50120	35.80270
명품수입코너	shop	129.22449	35.99095
명품제주통갈치	food	129.25473	35.84301
명품패션	shop	129.20674	35.84395
명품한돈우	food	129.22397	35.86025
명품한우수구레국밥	food	129.32551	35.71497
명품한우암소숯불	food	129.50213	35.80609
명화사	shop	129.22228	35.83954
명화이엔에스	shop	129.31362	35.68592
명희상회	shop	129.46340	35.67527
모곡건어물	shop	129.51087	35.82737
모네	shop	129.51567	35.83622
모닝마트	shop	129.28882	35.65911
모다아울렛경주잠뱅이	shop	129.24436	35.91642
모다이노칩경주점	shop	129.24436	35.91642
모던그레이	stay	129.31376	35.76894
모던족	food	129.18888	35.84140
모던클레이	shop	129.31098	35.80499
모던풀빌라펜션	stay	129.47353	35.78418
모도리에집	stay	129.30175	35.98731
모동도예	shop	129.20636	35.76027
모두가행복한케어경주	shop	129.20766	35.84584
모든일이술술	bar	129.22311	35.85626
모든중고	shop	129.22491	35.84860
모락별	cafe	129.20866	35.83815
모량	food	129.12815	35.82726
모량구판장	shop	129.12643	35.82095
모량생돼지숯불	food	129.17749	35.84650
모량숯불본가	food	129.13049	35.82396
모루	food	129.21129	35.83600
모리스테이	stay	129.06340	35.65665
모리커피	cafe	129.20966	35.83821
모리커피경주	cafe	129.21450	35.84429
모리커피경주	cafe	129.22398	35.85693
모리커피경주	cafe	129.22561	35.99141
모리커피경주구황점	cafe	129.23096	35.84273
모리커피경주삼릉점	cafe	129.20541	35.79114
모리커피경주외동	cafe	129.33222	35.67538
모리커피경주용황점	cafe	129.22613	35.88499
모리커피신경주역점	cafe	129.13741	35.80525
모리펜션	stay	129.06380	35.65641
모모네	shop	129.21989	35.86576
모모모	stay	129.33875	35.78070
모모이황촌	stay	129.22179	35.84513
모모제인	stay	129.21449	35.84355
모모케이크샵	food	129.20758	35.85349
모모키즈풀빌라	stay	129.31081	35.78048
모범돼지	food	129.22404	35.85622
모서할인가구마트주	shop	129.24593	35.95145
모심한식당	food	129.23357	35.91823
모쏘베이커리카페	food	129.21650	35.87001
모아가구랜드	shop	129.24074	35.91229
모아개발	shop	129.24510	35.91537
모아랜드	shop	129.10320	35.84933
모아르	shop	129.21718	35.86811
모아마트산내점	shop	129.06472	35.65381
모아삼손짜장	food	129.24654	35.91959
모아창타이	food	129.31926	35.67860
모아흙침대	shop	129.24716	35.97139
모여라당구장	activity	129.19120	35.86175
모온스테이	stay	129.22343	35.84270
모음집	shop	129.21900	35.86954
모이몰른	shop	129.21475	35.84242
모이자문구	shop	129.22293	35.85847
모임달	food	129.20841	35.83682
모조	cafe	129.21021	35.85084
모종과해산물	shop	129.20674	35.84395
모카	stay	129.26642	35.86239
모카	cafe	129.50038	35.80485
모카독채풀빌라	stay	129.26642	35.86239
모카커피	cafe	129.50047	35.80480
모텔리베	stay	129.20421	35.83939
모텔발트	stay	129.21606	35.99284
모텔쉼	stay	129.22335	35.85457
모퉁이대일식당	food	129.22827	35.84965
모티경주점	food	129.23037	35.88378
모티브스테이	stay	129.18942	35.99711
모화가구	shop	129.33672	35.67078
모화닭강정	food	129.33298	35.67798
모화떡방앗간	food	129.33544	35.67816
모화모텔	stay	129.33214	35.68089
모화반점	food	129.33203	35.68129
모화상가당구장	activity	129.33630	35.67625
모화슈퍼	shop	129.33559	35.67785
목구멍에기름칠	food	129.20282	35.84282
목구멍용황점	food	129.22986	35.88287
목련	cafe	129.20772	35.79179
목마식당	food	129.20774	35.84394
목수가	cafe	129.16568	35.81771
목실길따라	stay	129.27219	35.87723
목실스테이	stay	129.27304	35.87162
목우촌	food	129.49831	35.80679
목우촌	food	129.44190	35.79081
목장마을	food	129.29657	35.94214
목장생갈비	food	129.20655	35.84212
목촌돼지국밥	food	129.31286	35.95655
목화노래마을	bar	129.29864	35.77770
목화장여관	stay	129.29864	35.77770
몬냄이	shop	129.19678	36.00321
몬스터오락실	activity	129.22561	35.88326
몬스터즈	food	129.23092	35.88500
몬스터커피	cafe	129.33635	35.67138
몬스터호	activity	129.47390	35.69075
몰디브카페	food	129.10531	35.85159
몰리나펜션	stay	129.49472	35.77612
몰심빵경주	food	129.22877	35.84841
몰심빵경주건천점	shop	129.10143	35.85085
못	stay	129.07286	35.82331
몽	food	129.21936	35.86764
몽골글로벌	shop	129.20674	35.84395
몽그리	bar	129.20978	35.83699
몽그리	shop	129.21915	35.86727
몽돌	food	129.21043	35.83601
몽디왕갈비탕	food	129.10428	35.85182
몽땅이스토리	shop	129.09552	35.84579
몽레브	shop	129.22120	35.85653
몽마루	stay	129.31476	35.78185
몽블랑	stay	129.25697	35.86319
몽실언니	shop	129.20674	35.84395
몽실이밥집	food	129.22221	35.99032
몽실이보리밥	food	129.21586	35.84507
몽실포차	food	129.10525	35.84929
몽짬뽕	food	129.31797	35.68010
몽짬뽕	food	129.18636	35.84240
몽토함	food	129.32742	35.78623
무궁무진	food	129.20930	35.83563
무궁미가	shop	129.21399	35.83437
무궁화막걸리	bar	129.21581	35.84705
무근본다방경주점	cafe	129.21587	35.86312
무다리식당	food	129.22496	35.98858
무드스테이경주	stay	129.20488	35.84301
무등소갈비경주용황점	food	129.23125	35.88396
무량식당매점	food	129.40528	35.83354
무릉관광농원	stay	129.24717	35.98555
무릉낚시편의점	shop	129.21845	35.99285
무보까국밥	food	129.27678	35.98949
무봉리토종순대국	food	129.21773	35.84102
무봉리토종순대국	food	129.21983	35.99276
무브짐	activity	129.22530	35.88471
무산식당	food	129.09038	35.84212
무상불교미술원	shop	129.30615	35.79363
무송수산	shop	129.50426	35.80381
무수리노래궁	bar	129.29864	35.77800
무아	food	129.20594	35.85314
무어텐스튜디오	shop	129.23274	35.84625
무와	shop	129.20796	35.83594
무우운	stay	129.21132	35.81450
무울	stay	129.20756	35.83774
무위산방	cafe	129.20517	35.78090
무위커피로스터스	cafe	129.20913	35.85026
무인셀프카페	cafe	129.32530	35.70965
무인아이스크림	shop	129.22679	35.85366
무인지오경주불국사	shop	129.32546	35.78563
무자크	shop	129.21471	35.86567
무장산	nature	129.35530	35.87500
무장산식당	food	129.32027	35.87505
무장산휴게소	food	129.33305	35.87797
무장해제	stay	129.33137	35.87677
무조건노래연습장	activity	129.22707	35.99091
무지개	shop	129.20961	35.83480
무지개떡집	food	129.22233	35.99041
무지개키즈풀빌라	stay	129.26649	35.78519
무진장	food	129.32577	35.70849
무진장왕뽈때기경주점	food	129.30028	35.77437
무진장하우스	bar	129.05033	35.89259
무침장군	food	129.22544	35.88150
묵도리식당	food	129.32927	35.71163
문두리캠핑장	stay	129.05424	35.66362
문무	stay	129.22439	35.87939
문무경주빵	shop	129.48323	35.73913
문무대왕	food	129.20674	35.84395
문무대왕펜션	stay	129.48515	35.74528
문무약국	shop	129.44102	35.79306
문무휴재	stay	129.41852	35.75921
문복산가든	food	129.05365	35.66281
문복산노래연습장	activity	129.05364	35.66279
문복산캠핑장	stay	129.05150	35.66056
문복산펜션	stay	129.05183	35.66075
문산객잔	food	129.32333	35.67131
문산계량사	shop	129.31945	35.67921
문산푸드	food	129.32518	35.68119
문서방	food	129.20758	35.85349
문성전기	shop	129.20719	35.85462
문여사의미쁨찬	shop	129.22841	35.84933
문전사	shop	129.20674	35.84395
문전성시	food	129.30961	35.77023
문전약국	shop	129.21868	35.85619
문정국밥	food	129.19619	36.00076
문천상회	shop	129.21038	35.82557
문토스트양남주상절리점	food	129.47379	35.68727
문화고등학교매점	shop	129.16906	35.85337
문화공간진	stay	129.20951	35.84353
문화재보존활용센터	activity	129.20772	35.83935
문화조개구이	food	129.47562	35.69694
물너울공원	nature	129.26580	35.85141
물레방아광장	nature	129.28648	35.84549
물레방아매점	shop	129.28845	35.84550
물레방아생고기	food	129.22155	35.85290
물레방아찻집	cafe	129.49382	35.76463
물리적공간	stay	129.26606	35.88855
물물	cafe	129.10467	35.85050
물방아감자탕	food	129.20765	35.85503
물방아감자탕	food	129.22330	35.85651
물방아삼계탕	food	129.23463	35.84421
물천한우	food	129.27538	35.87003
뭉	cafe	129.22402	35.84163
뭉클	cafe	129.25117	35.84171
뮤직노래연습장	activity	129.31090	35.77009
뮤직뱅크원	bar	129.22396	35.85527
뮤직스타코인노래연습장	activity	129.22781	35.88279
뮤직큐노래연습장	activity	129.10524	35.84830
뮤직홀	bar	129.23227	35.88532
믐	food	129.32784	35.78599
미	shop	129.20599	35.86236
미	shop	129.21718	35.86811
미가식품	shop	129.20649	35.83942
미갤러리	shop	129.40723	35.66429
미갤러리	shop	129.22046	35.84125
미건의료기경북남부지사	shop	129.20674	35.84395
미경전통식문화연구소	shop	129.21475	35.82994
미광양품	shop	129.21511	35.84645
미나노래연습장	activity	129.20630	35.84234
미나보현악기	shop	129.20667	35.84851
미남장어경주숲머리점	food	129.25225	35.84291
미남장어경주용황점	food	129.22349	35.88299
미니마트	shop	129.32183	35.72874
미니만두	food	129.22508	35.99003
미니분식김밥	food	129.17623	35.84325
미니슈퍼	shop	129.14034	35.98062
미니스톱경주천마총점	shop	129.21541	35.83458
미니스톱노서	shop	129.20486	35.84074
미니스톱신경주	shop	129.18965	35.86237
미니씨	shop	129.30582	35.67677
미니호텔원	stay	129.20766	35.83958
미니호텔풍뎅이	stay	129.20483	35.83984
미담	food	129.24828	35.84400
미담	food	129.19625	36.00232
미담영양솥밥	food	129.31598	35.78971
미담칼국수	food	129.21959	35.86121
미담황태마을	food	129.22377	35.85779
미당닭강정	food	129.20674	35.84395
미도기념품	shop	129.21779	35.83596
미도주택	stay	129.21217	35.84498
미도컴퍼니반에이크	shop	129.24436	35.91642
미드나이트	cafe	129.21448	35.86612
미드나잇라운지경주	stay	129.21696	35.84559
미라인뷰티	shop	129.22029	35.86342
미라찜	food	129.10517	35.85063
미라채소	shop	129.32618	35.71496
미라클	stay	129.27508	35.83424
미락정식당	food	129.21949	35.99314
미랑쉬	food	129.20686	35.84231
미래를여는사람들	activity	129.04689	35.74934
미래사무용가구	shop	129.22459	35.86211
미래시스템에어컨	shop	129.20416	35.86788
미래식당	food	129.32981	35.71345
미래정보	shop	129.20719	35.84585
미러볼디저트클럽	food	129.21990	35.86719
미례네가마솥소머리곰탕	food	129.31433	35.79576
미로	food	129.22341	35.85423
미로다방	cafe	129.44127	35.79120
미로울리	cafe	129.20713	35.84979
미료	food	129.22604	35.88179
미루	stay	129.26299	35.85462
미르네	food	129.21100	35.82377
미르다방	cafe	129.22143	35.98961
미르펜션	stay	129.31322	35.86165
미리내맨션	stay	129.16756	35.78219
미림다방	cafe	129.10140	35.84869
미림모텔	stay	129.21661	35.84770
미림상점	shop	129.22452	35.86266
미림식당	food	129.32689	35.71452
미모아김밥	food	129.33378	35.67868
미모아미친계누룽지통닭	food	129.33433	35.67794
미묘한	shop	129.21834	35.83617
미미상점	shop	129.21087	35.86676
미발이분식	food	129.18948	35.84142
미쁨키즈풀빌라	stay	129.30155	35.85402
미쁨한상	food	129.22841	35.84933
미사화	shop	129.22381	36.00156
미샤경주점	shop	129.21307	35.84333
미성사	shop	129.22631	35.99204
미센스	shop	129.21386	35.84205
미셸경주	shop	129.24436	35.91642
미소	food	129.32291	35.67116
미소	food	129.20341	35.85291
미소	food	129.22642	35.99062
미소	stay	129.31055	35.80291
미소가든	food	129.34352	35.72327
미소구제	shop	129.20804	35.84447
미소노래연습장	activity	129.21951	35.86991
미소맛족발보쌈	food	129.19641	36.00300
미소문구점	shop	129.21398	35.86783
미소분식	food	129.20674	35.84395
미소분식	food	129.22823	35.99006
미소스포츠	shop	129.18951	35.84049
미소약국	shop	129.21856	35.85531
미소웰빙뷔페	food	129.18319	35.83839
미소즉석도너츠	food	129.21684	35.84572
미소짜장	food	129.20745	35.84419
미소찬	food	129.46966	35.67943
미소푸드	food	129.20359	35.83866
미소풀하우스	stay	129.38689	35.74746
미소헤어제품	shop	129.22608	35.99183
미수향	shop	129.20729	35.84231
미술관	stay	129.28129	35.87077
미술관호프	bar	129.23362	35.84664
미스미시	shop	129.21524	35.84378
미스터딴또딴또	food	129.20560	35.85502
미스터라멘	food	129.29331	35.84485
미스터멍	shop	129.21005	35.86608
미스터피자경주	food	129.21319	35.86427
미스터피자경주	food	129.21273	35.84272
미시식당	food	129.22261	35.85573
미식가	shop	129.20618	35.84524
미실	cafe	129.20916	35.83819
미아호	food	129.20845	35.84337
미애부경주	shop	129.30117	35.77473
미애부어뉴엠경주	shop	129.21129	35.84220
미앤미	food	129.22482	35.85298
미엘키즈풀빌라	stay	129.32087	35.75379
미오케이크	food	129.21453	35.84229
미와창경주점	shop	129.22120	35.85653
미율당	food	129.17966	35.84406
미작촌	food	129.21017	35.84423
미젤	shop	129.22242	35.99063
미족	food	129.32618	35.71496
미즈노경주점	shop	129.21334	35.84315
미진이네분식	food	129.10481	35.84830
미진종합주방그릇	shop	129.21615	35.84080
미쯔	shop	129.23197	35.84807
미쳐버린파닭	food	129.18913	35.84115
미쳐버린파닭	food	129.18988	35.86278
미촨랭	food	129.22292	35.88290
미추왕릉	heritage	129.21350	35.83659
미친닭강정	food	129.20674	35.84395
미카도스시경주용황점	food	129.22369	35.88259
미키	shop	129.23073	35.84571
미키	shop	129.20349	35.86676
미타암	shop	129.48993	35.78231
미탐시티	shop	129.28986	35.83456
미태리경주대릉원점	food	129.21452	35.83332
미포기사식당	food	129.20914	35.83764
미풍해장국	food	129.22973	35.85054
미풍해장국경주점	food	129.22973	35.85054
미하스	stay	129.29242	35.91444
미향분식	food	129.28577	36.00629
미화상회	shop	129.22219	35.98966
미화수예사	shop	129.21586	35.84507
민들레	bar	129.28149	35.84550
민들레	food	129.21191	35.84298
민들레국수	food	129.43975	35.79368
민들레약국	shop	129.27577	35.98904
민물자연수산	shop	129.28320	35.83387
민성약국	shop	129.20244	35.86723
민속민박	stay	129.30924	35.80435
민속친한우	shop	129.24216	35.91434
민수네마늘통닭	food	129.22519	35.85995
민약국	shop	129.21751	35.84592
민이네	food	129.20674	35.84395
민이엔씨	shop	129.48870	35.74868
민정사	shop	129.21746	35.86746
민중식육점	shop	129.32569	35.71420
민컴	shop	129.22526	35.86239
민트도로시	shop	129.17317	35.84558
민트소다	shop	129.19633	36.00295
민트플레이	activity	129.20943	35.83680
민트플레이사격장	activity	129.20960	35.83514
민피아노악기	shop	129.20667	35.84851
민횟집	food	129.49427	35.79205
밀당	food	129.22613	35.88499
밀레	food	129.21085	35.86616
밀레니엄	stay	129.31006	35.79408
밀루	cafe	129.23078	35.84638
밀리언플레이스	shop	129.21273	35.84298
밀면	food	129.21638	35.84163
밀면당기고	food	129.21967	35.84162
밀면시대	food	129.18100	35.84447
밀면식당	food	129.21444	35.84169
밀모	food	129.22634	35.99166
밀밭농장	shop	129.29577	35.89095
밀수레한식당	food	129.21168	35.86655
밀스튜디오	shop	129.21450	35.84183
밀스튜디오경주우방점	shop	129.19622	36.00500
밀알마트	shop	129.21557	35.85227
밀양가마솥돼지국밥	food	129.22547	35.87776
밀양돼지국밥	food	129.21852	35.86979
밀양회식당	food	129.46044	35.66683
밀크도넛용황점	cafe	129.22611	35.88493
밋업커피하우스	cafe	129.20591	35.84983
바구니	shop	129.20631	35.85522
바나나	shop	129.22562	35.88262
바나나	bar	129.22688	35.85132
바나나노래궁	bar	129.22394	35.85449
바넘커피	cafe	129.22014	35.83713
바다가보이는펜션	stay	129.48696	35.74856
바다낚시	shop	129.50411	35.80408
바다다방	cafe	129.50295	35.80420
바다동태	food	129.26347	35.85257
바다마을	bar	129.22867	35.87700
바다상회	shop	129.48346	35.73734
바다소나무펜션	stay	129.45010	35.65430
바다속해물	food	129.22616	35.85627
바다식당경주	food	129.22506	35.85675
바다식자재마트	shop	129.27838	35.99062
바다식품	shop	129.22233	35.99041
바다양푼이동태탕	food	129.21322	35.99151
바다양푼이동태탕과미나리삼겹살	food	129.04560	35.75900
바다양푼이동태탕양남점	food	129.45046	35.66106
바다여행	stay	129.47411	35.68850
바다의꿈	stay	129.51046	35.81348
바다펜션	stay	129.45031	35.65426
바다풍경펜션	stay	129.47409	35.68878
바다향	food	129.22503	35.88035
바다회식당	food	129.48346	35.73734
바다횟집	food	129.49087	35.78602
바달밤고양이식당	food	129.21077	35.83727
바담카페	shop	129.20617	35.79895
바닷가	food	129.21531	35.99115
바라다	shop	129.36230	35.81432
바라다	cafe	129.50314	35.80772
바라던경주	stay	129.29849	35.87566
바라밀	shop	129.40664	35.80235
바람개비	food	129.22643	35.85117
바람꽃	stay	129.21239	35.82121
바람이불어오는곳	stay	129.28261	35.86778
바레노제화	shop	129.21147	35.84403
바르다김선생경주보문점	food	129.29090	35.83958
바르숙	food	129.20590	35.85488
바바패션	shop	129.21316	35.84256
바보온달국	food	129.20674	35.84395
바보온달한식뷔페	food	129.20674	35.84395
바분월정교점	food	129.21515	35.82960
바사리풀빌라	stay	129.29110	35.89309
바세츠아이스크림경주첨성대점	food	129.21993	35.83599
바실라	cafe	129.31167	35.80176
바실라상사사회적협동조합	cafe	129.20458	35.85308
바실라한옥	stay	129.20793	35.84681
바오바오	stay	129.25592	35.83203
바우네나주곰탕경주	food	129.15553	35.82308
바우영양탕	food	129.09190	35.84301
바우하우스	stay	129.21157	35.82477
바우하우스	stay	129.27301	35.87431
바운더리	stay	129.20456	35.83576
바위회식당	food	129.47470	35.69022
바이닐바이브	food	129.21100	35.83574
바이림의착한커피	cafe	129.22134	35.85677
바이미	shop	129.21297	35.84272
바이송	food	129.20701	35.85488
바이에스	shop	129.21020	35.85376
바이크스토리	shop	129.20509	35.85281
바이크원주	shop	129.21444	35.85283
바이킹모텔	stay	129.22421	35.98955
바이킹슈퍼낚시	shop	129.49976	35.80147
바코드	bar	129.20624	35.85547
바틀샵목월	bar	129.20978	35.84374
박가네손짜장	food	129.18657	35.99738
박가네오리랑삼겹살	food	129.23307	35.84708
박군꼬치	bar	129.19553	36.00182
박달가마솥돼지국밥	food	129.19845	35.75098
박달림	stay	129.12973	35.74631
박달림	stay	129.13027	35.74633
박달슈퍼	shop	129.12895	35.74750
박달슈퍼식당	food	129.12895	35.74750
박달친구가든	food	129.12941	35.74876
박돈	food	129.32547	35.71162
박록그린푸드	shop	129.20701	35.85488
박물관가는길경주민박	stay	129.22457	35.82618
박서방식육점	shop	129.18874	35.84157
박소베조경주점	food	129.21516	35.84199
박순옥밀면명가	food	129.20680	35.85603
박스	shop	129.21209	35.84212
박신우제면소	food	129.21507	35.84181
박용자경주명동쫄면	food	129.21324	35.84259
박용자경주명동쫄면	food	129.32599	35.78619
박재우프리미엄가구	shop	129.24090	35.91122
박준학제과점	food	129.21812	35.88079
박통뒷고기식당	food	129.23074	35.87685
박통숯불구이	food	129.22921	35.84997
반넉	food	129.20478	35.85346
반넉아시아마트	shop	129.20637	35.85293
반도식당	food	129.20987	35.84486
반도포목	shop	129.21631	35.84539
반듯이	food	129.20997	35.83661
반딧불이캠핑장	stay	129.07417	35.71269
반미	food	129.32562	35.71485
반반다방	cafe	129.32534	35.71113
반비크	food	129.22672	35.88279
반야	bar	129.22708	35.85642
반올림피자경주점	food	129.20957	35.85471
반월	stay	129.22562	35.82645
반월매운탕	food	129.25461	35.84356
반월성	shop	129.20674	35.84395
반월성막걸리	food	129.22939	35.84934
반월성한우	food	129.26563	35.85268
반월성한정식	food	129.21535	35.84126
반월성화덕피자	food	129.23226	35.84273
반주	bar	129.18223	35.84341
반찬마을	food	129.22259	35.99002
반찬에반하다	shop	129.19656	36.00364
반찬의정석	shop	129.21368	35.86802
반찬이랑부식가게	shop	129.22898	35.87699
발렌타인	stay	129.29122	35.84076
발리단길	food	129.20760	35.83661
발리호프	bar	129.23115	35.84883
발해	food	129.29090	35.83958
밝은약국	shop	129.22275	35.99282
밤마실	bar	129.20707	35.85224
밤부	stay	129.33729	35.77997
밤부상점	shop	129.28758	35.88605
밤향가득	food	129.20981	35.82758
밥	food	129.21962	35.86467
밥꽃처럼	shop	129.22782	35.84389
밥만퍼	shop	129.20403	35.87023
밥먹고가는집	food	129.20452	35.83980
밥먹고술먹고	bar	129.21948	35.86804
밥상머리	food	129.22647	35.85094
밥이랑국시랑	food	129.20674	35.84395
밥좀주소	food	129.29053	35.70331
밥집	food	129.29873	35.70440
밥집	food	129.09718	35.84687
밥통	food	129.24562	35.92025
밥통령	food	129.32406	35.71515
밥풀릭스경주	food	129.20703	35.85417
방그리	food	129.32452	35.71486
방방랜드	activity	129.21602	35.98985
방우회식당	food	129.49336	35.79173
방파제대게	shop	129.50460	35.80422
방파제수퍼	shop	129.50790	35.80880
방파제회식당	food	129.50460	35.80422
밭매기	shop	129.20937	35.83604
배경태인라인	shop	129.21182	35.86486
배동가옥	stay	129.21206	35.81316
배동스테이	stay	129.21022	35.80809
배떡경주황오점	food	129.21234	35.84144
배리	cafe	129.20574	35.79192
배리삼릉공원	shop	129.20974	35.83884
배리삼릉공원	cafe	129.21812	35.83640
배리삼릉공원경북관광기업지원	shop	129.21333	35.84388
배리홈	stay	129.20675	35.79260
배반상회	shop	129.21631	35.84539
배상궁	shop	129.31028	35.77432
배상욱골프피팅센타	shop	129.22834	35.85373
배스킨라빈스	food	129.21425	35.86559
배스킨라빈스경주	food	129.22400	35.85643
배스킨라빈스경주	food	129.22196	35.99278
배스킨라빈스경주금장점	food	129.20268	35.86941
배스킨라빈스경주용황	food	129.22697	35.88309
배스킨라빈스신경주역점	food	129.13928	35.80637
배양골국밥	food	129.20528	35.77668
배정아샵	shop	129.25951	35.99539
배터지는생동까스	food	129.21548	35.84374
백가옥	stay	129.31819	35.76360
백금당	shop	129.21399	35.84332
백년가약	food	129.18610	35.84239
백년복집	food	129.21016	35.85045
백년손님	bar	129.44261	35.79147
백년손님	food	129.21295	35.83429
백년식당	food	129.04898	35.89385
백년찻집	cafe	129.36197	35.81215
백년초칼국수	food	129.20605	35.79438
백년텔레콤	shop	129.22675	35.99204
백도씨	food	129.22378	35.85676
백돈경주	food	129.17561	35.88945
백두상회금장점	shop	129.20378	35.86735
백련	cafe	129.21098	35.84437
백록다방	cafe	129.20729	35.84050
백록담숯불바베큐	food	129.19726	36.00154
백리향	food	129.21636	35.86826
백리향반점	food	129.10019	35.85205
백만장모텔	stay	129.29776	35.77648
백미가	food	129.19645	35.84108
백미식당	food	129.20902	35.99423
백산	food	129.20259	35.84406
백석수산	food	129.50402	35.80306
백석시골추어탕	food	129.21031	35.85443
백선당갤러리	stay	129.06851	35.80744
백세밀면	food	129.32609	35.71561
백식당	food	129.22727	35.99050
백악관가요방	bar	129.50305	35.80375
백암전통차	cafe	129.27284	35.87118
백억하누경주점	food	129.30913	35.77176
백연다방	cafe	129.20800	35.84352
백옥생	shop	129.22233	35.85257
백운대가든	food	129.23567	35.74695
백운대쉼터	food	129.23567	35.74695
백운산장	food	129.07578	35.70633
백조식당	food	129.21089	35.83593
백천민박	stay	129.07175	35.71521
백합풀빌라	stay	129.26578	35.86260
밸류프라자경주점	shop	129.21152	35.84223
뱅뱅어패럴경주점	shop	129.21346	35.84219
버거선장	food	129.21423	35.86512
버거킹경주보문점	food	129.28986	35.83456
버드샵	shop	129.26150	35.84949
버들류가네곰탕성동	food	129.21638	35.84852
버들류가네곰탕충효	food	129.18911	35.84078
버디스크린실내연습장	activity	129.49588	35.80489
버블버블진돌이네	cafe	129.19488	36.00054
버커루	shop	129.21363	35.84236
버킹검노래연습장	activity	129.22334	35.85677
버터키토	food	129.23145	35.84522
버터힐즈	food	129.20991	35.84799
버텍스경주점	food	129.22648	35.85290
버팔로경주점	food	129.20526	35.83961
벅스노래궁	bar	129.22404	35.85622
벅스노래연습장	activity	129.22281	35.85589
번개통신	shop	129.18723	35.86123
번지없는주막	bar	129.23424	35.84458
벌교꼬막정식	food	129.21156	35.84718
범굴	food	129.21043	35.83601
범범포차	bar	129.21535	35.84672
범외양간	food	129.20938	35.83729
범천매운탕	food	129.22627	35.85681
법인거연	shop	129.25477	35.94300
법인경주남촌관광농원	activity	129.24498	35.83853
법인글로리팜	food	129.20941	35.83519
법인꽃밭놀이터	shop	129.21752	35.84264
법인자연	activity	129.28131	35.96346
법인자연마술승마학교	activity	129.19360	35.78348
법인지오랜드	activity	129.03279	35.85678
벚꽃한잔	food	129.22266	35.85592
베고니아	bar	129.20509	35.85293
베네치아	cafe	129.21419	35.86777
베네통	shop	129.21363	35.84236
베니스	bar	129.10352	35.84954
베니아펜션	stay	129.28796	35.77414
베란다스튜디오	shop	129.22014	35.83713
베란다화원	shop	129.21884	35.86302
베로나	cafe	129.19305	35.86010
베로분식	food	129.18994	35.86158
베르꾸뻬	cafe	129.21127	35.83508
베를로가	food	129.20506	35.85362
베를린호프	bar	129.18848	35.84224
베리나이스	cafe	129.29090	35.83958
베리키즈풀빌라	stay	129.46002	35.78959
베베드피노경주점	shop	129.22503	35.88035
베베르	cafe	129.22710	35.84760
베베밀리	food	129.22863	35.88312
베스띠벨리	shop	129.24436	35.91642
베스킨라빈스	food	129.21181	35.84221
베스킨라빈스경주	food	129.20600	35.85547
베스트웨스턴경주	stay	129.49272	35.77106
베스트웨스턴플러스경주	food	129.49344	35.77080
베스트컴퍼니	shop	129.22267	35.88397
베이글베이글러	food	129.21376	35.83172
베이스볼스타디움샵	shop	129.27232	35.93364
베이시크	food	129.20999	35.83572
베이커리샵	food	129.20703	35.85417
베지밀경주서	shop	129.23144	35.85016
베키하우스	stay	129.20724	35.84697
베테랑노래타운	bar	129.32616	35.71362
베트남노래	bar	129.22354	35.85629
베트남노래	bar	129.22337	35.85443
베트남노래광장	bar	129.22399	35.85425
베트남노래클럽	bar	129.32481	35.71373
베트남쌀국수	food	129.32481	35.71373
베트남쌀국수	food	129.32639	35.71439
베트남횟집	shop	129.47534	35.69338
벤덤키즈풀빌라펜션	stay	129.45763	35.78992
벤자마스	cafe	129.23785	35.84320
벤자마스가든	cafe	129.23792	35.84384
벤자마스라운지	cafe	129.23759	35.84402
벤제프경주그린힐	shop	129.33783	35.71666
벤츠노래연습장	activity	129.49472	35.80430
벤츠노래타운	bar	129.32417	35.71480
벤츠단란주점	bar	129.21339	35.84410
벤투스	stay	129.26883	35.87511
벨루스로즈펜션	stay	129.26025	35.85906
벨루스커피	cafe	129.27669	35.83363
벨리펜션	stay	129.28267	35.82860
벼리목공방	shop	129.22677	35.97497
벼리키즈풀빌라	stay	129.29547	35.87523
벽도산황토본가	stay	129.17266	35.80902
벽산반점	food	129.27452	35.98776
벽산천마마트	shop	129.32824	35.70134
별가요궁	bar	129.10053	35.85266
별과달이야기펜션	stay	129.30328	35.85519
별그린펜션	stay	129.25938	35.85874
별난만두	food	129.21383	35.86586
별노래클럽	bar	129.20313	35.83934
별담아한복경주점	shop	129.28708	35.82527
별마루	cafe	129.22076	35.86390
별미돼지국밥	food	129.22493	35.88283
별미찬분식	food	129.20729	35.84050
별미참식당	food	129.17652	35.84516
별봉길쉼터식당	bar	129.25342	35.94346
별봉아이스	food	129.20968	35.83900
별빛노래연습장	activity	129.22351	35.85678
별빛마루글램핑캠핑장	stay	129.29391	35.92233
별빛마루펜션	stay	129.29395	35.92201
별빛마을생오리	food	129.18244	35.84421
별빛여정펜션	stay	129.26297	35.85626
별빛은하수캠핑장	stay	129.07004	35.71846
별빛풀빌라	stay	129.33498	35.78121
별사이	stay	129.19090	35.82317
별서정원	stay	129.25228	35.81886
별스토리	shop	129.30349	35.85528
별이빛나는밤	bar	129.21949	35.86718
별이빛나는밤에	bar	129.20674	35.84623
별이식당	food	129.21618	35.84195
별이야기	shop	129.39544	35.68886
별이야기노래연습장	activity	129.20816	35.84729
별자리캠핑랜드	stay	129.19877	35.78883
별장경주	stay	129.20594	35.79464
별장도초	stay	129.19983	35.80299
별장주원산오리	food	129.15615	35.98761
별채반신경주역점	food	129.13940	35.79808
별카페	cafe	129.21681	35.84298
별커피	cafe	129.21319	35.86577
별하나달하나펜션	stay	129.31535	35.78381
별헤는밤	cafe	129.28874	35.81874
별헤는밤펜션	stay	129.40918	35.79193
병천순대	food	129.47129	35.69822
병천토종순대국밥	food	129.20299	35.83906
보건당약국	shop	129.20685	35.84336
보경상회	shop	129.23190	35.84087
보경칼국수	food	129.30944	35.77412
보그너경주	shop	129.24436	35.91642
보글보글찌개	food	129.23112	35.87768
보금자리민박	stay	129.49348	35.79225
보노	food	129.28149	35.84550
보니또펜션	stay	129.27244	35.86829
보담	food	129.09552	35.84579
보담보담	stay	129.20907	35.83396
보돌미역경주점	food	129.22396	35.85751
보디가드	shop	129.19579	36.00268
보디가드경주점	shop	129.21362	35.84211
보떼	shop	129.20674	35.84395
보라빛향기	cafe	129.20550	35.85571
보름달	cafe	129.20246	35.84774
보리네	food	129.44146	35.79146
보리네뜰	stay	129.31939	35.78848
보리네집분식	food	129.32530	35.71539
보리사마애석불	heritage	129.23562	35.81221
보리수나무	food	129.41334	35.80644
보리수다방	cafe	129.44318	35.79167
보리향내음	food	129.18159	35.84540
보림회타운	food	129.50418	35.80429
보릿고개	food	129.22493	35.88281
보릿돌횟집	food	129.47514	35.69687
보말집	food	129.20943	35.83680
보명식당	food	129.22742	35.85056
보문	food	129.21438	35.86448
보문가요주점	bar	129.28476	35.83615
보문각반점	food	129.28482	35.83548
보문갈비	food	129.28535	35.83699
보문골프클럽	activity	129.27130	35.86130
보문그린	stay	129.26600	35.86291
보문달	stay	129.26600	35.86291
보문달팽이	stay	129.26590	35.86283
보문닭강정	food	129.28363	35.84313
보문당구장	activity	129.28845	35.84550
보문당황금십원빵	shop	129.28246	35.84518
보문뜰	food	129.25170	35.84268
보문로즈	stay	129.25756	35.86371
보문막창	food	129.28093	35.84741
보문모든풀빌라	stay	129.26559	35.86235
보문민속식당	food	129.28791	35.84490
보문밀면	food	129.26412	35.85222
보문숲머리먹거리촌	heritage	129.25528	35.83463
보문스테이	stay	129.28915	35.87142
보문스포츠	shop	129.37700	35.67933
보문씨엘호텔	stay	129.29226	35.84082
보문아느온풀빌라	stay	129.26663	35.86160
보문애정원	cafe	129.25728	35.86225
보문에코풀빌라	stay	129.30193	35.85393
보문채펜션	stay	129.28242	35.87674
보문초밥	food	129.21892	35.86937
보문초밥	food	129.21394	35.86809
보문초밥	food	129.29090	35.83958
보문칼국수·보쌈	food	129.27750	35.83343
보문콜로세움	activity	129.26814	35.85263
보문콜로세움	heritage	129.26924	35.85383
보문팰리스	stay	129.25756	35.86371
보문펜션	stay	129.25856	35.86262
보문풀빌라	stay	129.30207	35.85417
보문프로포즈	stay	129.27303	35.87343
보문프로포즈가	stay	129.27303	35.87343
보문하나할인마트	shop	129.27543	35.87398
보문한식뷔페	food	129.28510	35.83460
보문한우	food	129.28893	35.83976
보문호	nature	129.27000	35.84470
보문호반오리	food	129.26818	35.85268
보문호블루베리카페	cafe	129.24574	35.83845
보문호수	stay	129.27807	35.83312
보문힐링테라피	shop	129.28637	35.84398
보물상회	shop	129.22382	35.84260
보물섬	stay	129.32398	35.77072
보물섬	bar	129.22396	35.85578
보물섬	bar	129.22280	35.85230
보배김밥	food	129.21637	35.84534
보배반점경주용황점	food	129.22443	35.88331
보배숯불갈비	food	129.10412	35.84980
보배혼수그릇	shop	129.21625	35.84479
보불로펜션	stay	129.31461	35.80175
보불어탕명가	food	129.31453	35.80019
보산토기	shop	129.31120	35.80506
보석당	shop	129.21539	35.84320
보석사랑	shop	129.21526	35.84411
보성반점	food	129.44286	35.79182
보성반점	food	129.22936	35.85018
보성식당	food	129.30112	35.77551
보성유통	shop	129.22868	35.84677
보세신발	shop	129.20674	35.84395
보송서점	shop	129.18868	35.84218
보스케	cafe	129.17639	35.88130
보승다방	cafe	129.30060	35.77491
보승카오디오	shop	129.22034	35.86123
보쌈이야기	food	129.20701	35.85488
보연다방	cafe	129.22478	35.99280
보영식당	food	129.21637	35.84534
보우마트	shop	129.20181	35.84351
보우하사	cafe	129.21979	35.84269
보윤스테이	stay	129.21253	35.82431
보은약국	shop	129.19661	35.85922
보은정보통신	shop	129.20995	35.85098
보이스코인동전노래연습장	activity	129.21381	35.84404
보타닉일레븐	food	129.32845	35.68104
보통식당	food	129.21023	35.86641
보현갈비	food	129.47134	35.70014
보화당	shop	129.21622	35.84291
보화식당	bar	129.22515	35.99250
복권명당	activity	129.22673	35.85350
복권명당	activity	129.21421	35.84860
복권명당황남	activity	129.21003	35.82722
복권판매점아화점	activity	129.05077	35.89312
복꽃포차	bar	129.30802	35.77212
복다방	cafe	129.05050	35.89333
복다방	cafe	129.22866	35.99381
복담은식당	food	129.20566	35.84234
복덩이	shop	129.20956	35.83411
복돼지	food	129.20758	35.85349
복된농장	shop	129.18948	35.84142
복미삼	food	129.31002	35.76423
복삼계탕	food	129.50202	35.80589
복성탁주	bar	129.20582	35.84233
복신발	shop	129.50201	35.80411
복이네	cafe	129.21902	35.86513
복이식당	food	129.49091	35.78937
복조리노래연습장	activity	129.21472	35.86558
복천숯불바베큐	food	129.21161	35.86606
복천식당	food	129.22597	35.85492
복커피숍	cafe	129.27427	35.98761
복터진집경주점	food	129.18782	35.86033
복호두경주용황점	food	129.22777	35.88318
볶아주는닭똥집	shop	129.20674	35.84395
본가어탕서라벌점	food	129.27287	35.71065
본가추어탕	food	129.20396	35.84215
본가황남떡집	food	129.22611	35.88493
본도시락경주	food	129.22397	35.85718
본도시락경주	food	129.21475	35.84242
본레이크	stay	129.18147	35.77757
본숙성	food	129.22530	35.88471
본스치킨	food	129.32534	35.71113
본스치킨건천점	food	129.10906	35.84692
본전막포	bar	129.20342	35.83929
본죽	food	129.22528	35.99175
본죽	food	129.21410	35.86570
본죽앤비빔밥신경주점	food	129.13741	35.80525
본죽용황점	food	129.22653	35.88441
본집콩국수	food	129.22764	35.98969
본탁구장	activity	129.20607	35.85574
본토	food	129.44057	35.79145
볼메이트	shop	129.18891	35.83998
볼빅경주모아점	shop	129.24272	35.91351
봄갤러리카페	cafe	129.16724	35.99465
봄꽃여사의비누작업실	shop	129.23047	35.87832
봄날	shop	129.20983	35.83720
봄날에	shop	129.25751	35.83442
봄날처럼	stay	129.18580	35.99715
봄봄	cafe	129.22348	35.99251
봄봄	stay	129.26501	35.77236
봄봄경주보문점	cafe	129.28649	35.84354
봄봄경주점	cafe	129.21288	35.84431
봄봄위덕점	cafe	129.28259	36.01611
봄식당	food	129.28780	35.92689
봄여름가을겨울	stay	129.06617	35.74102
봄이네분식	food	129.23287	35.84727
봉계도축장생고기	food	129.22378	35.85733
봉계식당	food	129.22253	35.85241
봉구스밥버거	food	129.21432	35.86522
봉길대왕암해변	beach	129.48349	35.73969
봉길리카페	cafe	129.48222	35.74089
봉달이식당	food	129.30475	35.77176
봉당구장	activity	129.22530	35.98999
봉명동내커피	cafe	129.22120	35.85653
봉봉	bar	129.22373	35.85585
봉봉랜드	activity	129.21318	35.87321
봉봉인셀덤	shop	129.23676	35.93307
봉선당	shop	129.24549	35.89976
봉순언니야생화	shop	129.25493	35.80594
봉식할매맛집	food	129.32589	35.71385
봉쌀빵	food	129.33180	35.68188
봉이술상	food	129.22280	35.85265
봉이해물탕	food	129.22827	35.99316
봉자국수	food	129.22492	35.85315
봉자다방	cafe	129.22526	35.98958
봉자막창	food	129.22669	35.85133
봉자막창경주용황점	food	129.22537	35.88290
봉화칼국수	food	129.46215	35.67375
봉황국밥	food	129.20987	35.84245
봉황대잡화점	shop	129.21199	35.84146
봉황돼지집	food	129.21066	35.84221
봉황상점	shop	129.21045	35.84217
부경노래연습장	activity	129.19598	36.00343
부경약국	shop	129.32889	35.67280
부광식당	food	129.24855	35.97475
부두회식당	food	129.48425	35.74432
부둑골식당	food	129.22797	35.86134
부둣가횟집	food	129.49571	35.79197
부따공방카페	shop	129.32894	35.78506
부라더	food	129.19033	35.86394
부로스부리또	food	129.22672	35.87751
부로스부리또	food	129.19192	35.86172
부루네	cafe	129.21430	35.84332
부루마블	shop	129.19118	35.86139
부루앤쥬디	shop	129.21389	35.84331
부르	food	129.47070	35.70070
부르즈	food	129.23276	35.87717
부림게스트하우스	stay	129.20774	35.84386
부림식당	food	129.30188	35.77905
부림장모텔	stay	129.20774	35.84386
부민폐백	food	129.21631	35.84539
부바스	food	129.21186	35.84235
부벳비스트로	food	129.20793	35.85517
부부김밥	food	129.22519	35.84903
부부돈가스	food	129.18431	35.84334
부부메리야스	shop	129.20729	35.84247
부산기념품	shop	129.32738	35.78578
부산기장산곰장어	food	129.22502	35.86009
부산다방	cafe	129.22810	35.99127
부산밀면	food	129.22451	35.86079
부산밀면	food	129.27729	35.99439
부산밀면옛날돈까스	food	129.28482	35.83548
부산상회	shop	129.50201	35.80411
부산손칼국수	food	129.29807	35.77737
부산숯불	food	129.10486	35.84799
부산식당	food	129.21219	35.84211
부산식당	food	129.32702	35.71443
부산식당	food	129.21631	35.84539
부산식당	food	129.32692	35.78685
부산아지매국밥	food	129.20668	35.84882
부산여인숙	stay	129.21866	35.85302
부산찐빵	food	129.21749	35.84204
부산칼국수	food	129.32618	35.71496
부산통닭	food	129.22286	35.85603
부산패션	shop	129.50256	35.80477
부산한방차	cafe	129.32738	35.78578
부생상회	shop	129.30708	35.78292
부성떡집	food	129.10548	35.84679
부성삼계탕	food	129.22735	35.99086
부성식당	food	129.21589	35.99249
부성식당	food	129.20614	35.79376
부성자원	shop	129.30230	35.71574
부성홍삼	shop	129.22912	35.84842
부쉬	cafe	129.21202	35.84233
부스트	shop	129.21633	35.86247
부어치킨	food	129.21122	35.84269
부엉순두부	food	129.19624	35.85069
부엉이	bar	129.22646	35.85333
부엉이식당	food	129.26978	35.89687
부엌	food	129.21021	35.84881
부엌과방	food	129.22080	35.84624
부영소반	food	129.21515	35.84171
부영식당	food	129.20343	35.83967
부영한우	food	129.34085	35.68714
부용	food	129.20258	35.86453
부용축산	shop	129.17775	35.84461
부원식당	food	129.21214	35.84368
부원식당	food	129.10227	35.84809
부일온누리약국	shop	129.21772	35.84860
부자식당	food	129.21272	35.84426
부자집	food	129.32646	35.78207
부자집식당	food	129.10459	35.84863
부자호두	food	129.20758	35.83691
부자횟집	food	129.21945	35.86794
부처빵	food	129.20875	35.83949
부천성	food	129.16894	35.99029
부촌상회	shop	129.04395	35.75766
부카페	cafe	129.22503	35.88035
부타도리	food	129.32738	35.78578
부호식당	food	129.20898	35.85480
부호유통	shop	129.22797	35.85694
부흥숯불갈비	food	129.21343	35.84114
북경쟁반짜장	food	129.20273	35.72315
북경주카페테리아	shop	129.21694	35.84505
북경주카페테리아	cafe	129.19157	36.00356
북까페쉼	cafe	129.22480	35.85068
북미	shop	129.21316	35.84745
북부슈퍼	shop	129.22875	35.99475
북부주유소매점	shop	129.22674	36.01856
북샵라벤더	shop	129.21181	35.84708
북성로국수집	food	129.21018	35.84740
북올	shop	129.22702	35.84888
북천숯불갈비	food	129.21917	35.85547
북촌막걸리	bar	129.20892	35.85502
북토리스테이	stay	129.27509	35.73303
북홈펍	food	129.28845	35.84550
분식에바나나	food	129.21823	35.85532
분홍고양이	shop	129.20274	35.86860
분홍궁뎅이	shop	129.20669	35.79858
분홍이네	food	129.21103	35.83447
분황사	heritage	129.23367	35.84077
분황스테이	stay	129.23219	35.84137
분황채	stay	129.23081	35.84141
불가마순대국밥	food	129.30112	35.77551
불고기명가	food	129.19774	36.00192
불교서점	shop	129.21768	35.84109
불국건강원	shop	129.30084	35.77639
불국다이닝	cafe	129.32469	35.78592
불국빵	food	129.21507	35.83517
불국빵불국사점	food	129.32843	35.78457
불국빵첨성대점	food	129.21829	35.83578
불국사가는길	food	129.32646	35.78207
불국사농업협동조합하나로마트연	shop	129.28955	35.84266
불국사농협하나로마트	shop	129.29891	35.77537
불국사마트정육	shop	129.30427	35.77213
불국사명당복권	activity	129.29814	35.77651
불국사밀면	food	129.30040	35.77638
불국사밀면	food	129.21129	35.84220
불국사복집	food	129.30520	35.77179
불국사유스댁	food	129.32766	35.78494
불국사장터손칼국수	food	129.30144	35.77526
불국사족발보쌈	food	129.30621	35.77278
불국사토함산밀면	food	129.29820	35.77752
불국사한옥	stay	129.32802	35.78294
불국사한옥글램핑	stay	129.32792	35.78277
불국사한옥동오당	stay	129.32832	35.78283
불국사한옥팜스테이	stay	129.32811	35.78295
불국사할머니손칼국수	food	129.30566	35.78334
불국상회	shop	129.44152	35.79052
불국상회	shop	129.21645	35.84557
불국시	food	129.32738	35.78578
불국신경주빵	shop	129.32894	35.78506
불국장터국밥	food	129.30112	35.77552
불국정떡갈비	food	129.31435	35.79073
불꽃노래주점	bar	129.10232	35.84875
불나비노래궁	bar	129.22311	35.85626
불난집식당	food	129.50308	35.80437
불날개	food	129.20587	35.85565
불닭발땡초동대문엽기떡볶이경주	food	129.21361	35.86530
불닭발땡초동대문엽기떡볶이경주	food	129.21210	35.84434
불레	food	129.21410	35.84607
불로장생오리	food	129.20760	35.83604
불리단길	heritage	129.32704	35.78443
불리단길무인카페	food	129.32438	35.78566
불멍삼캠	shop	129.22966	35.88813
불씨	shop	129.25250	35.94712
불퉁이주막촌	food	129.22851	35.85029
붉은호랑이	bar	129.20906	35.83679
붐	activity	129.20340	35.86651
붓든달팽이	cafe	129.18853	35.84120
뷔페서라벌	food	129.32111	35.73111
뷰델카라반펜션	stay	129.50803	35.81900
뷰델카페	cafe	129.50847	35.81864
뷰티걸	shop	129.17894	35.84555
뷰티박물관	cafe	129.31755	35.77537
뷰티페이스	shop	129.20606	35.85527
뷰티플랜	shop	129.19678	36.00321
브라더	shop	129.21219	35.84211
브라더뒷고기	food	129.50245	35.80577
브라더한정식도시락경주	food	129.21989	35.86493
브라더한정식도시락경주월드점	food	129.27915	35.83610
브라운도트경주	stay	129.20332	35.84210
브라운도트경주	stay	129.22331	35.99105
브라운도트경주보문점	stay	129.29172	35.84077
브라운도트경주점	stay	129.32432	35.78202
브라운돈까스경주석계점	food	129.31211	35.67940
브라운슈가	cafe	129.23139	35.83070
브랜드구제샵	shop	129.20988	35.85370
브런치바이트	cafe	129.21188	35.84169
브런치카페포레소메	food	129.25125	35.84232
브레댄코베이커리	food	129.19288	35.85851
브레드몬스터	food	129.21034	35.84222
브레드베이커리	food	129.20724	35.85104
브로드웨이	food	129.20607	35.85463
브로스커피	cafe	129.24014	35.81466
브로피	cafe	129.21107	35.85025
브론즈그릴	food	129.22337	35.85584
브뤼셀프라이황리단길점	food	129.20943	35.83680
브리스	shop	129.21020	35.85295
브리스	shop	129.21324	35.85273
브리야키즈풀빌라	stay	129.31401	35.74559
브리즈	shop	129.21125	35.86756
브리즈	stay	129.40434	35.66509
브리즈나인	food	129.16899	35.88767
브릭아브락	shop	129.16385	35.88546
브릴랑	cafe	129.19314	35.86037
브이당구클럽	activity	129.20682	35.84068
브이브이티버거	food	129.20759	35.83933
브이아이피	shop	129.21478	35.86572
브이아이피당구클럽	activity	129.31066	35.77070
브이짐	activity	129.22590	35.88159
블라우	stay	129.20463	35.84146
블랑	shop	129.21522	35.86885
블랑주	shop	129.22877	35.84841
블랑키즈앤스파	stay	129.27048	35.87473
블랙공단	cafe	129.30214	35.69804
블랙박스	shop	129.21043	35.84345
블랙비지니스클럽	bar	129.22399	35.85425
블랙써니	shop	129.30995	35.77415
블랙엔화이트경주점	shop	129.24272	35.91351
블랙콤레져스포츠	shop	129.22827	35.99316
블렉문	food	129.32353	35.67099
블렌딩	shop	129.20837	35.84727
블루노트	stay	129.25849	35.86007
블루노트펜션	stay	129.25855	35.85992
블루니	shop	129.18483	35.82434
블루당구클럽	activity	129.30597	35.77230
블루모터스	shop	129.20451	35.99524
블루문유스텔	food	129.32570	35.78467
블루밍	food	129.45057	35.66455
블루베이프경주용황점	shop	129.22613	35.88499
블루보트게스트하우스경주점	stay	129.21750	35.84300
블루블루	shop	129.21301	35.84333
블루샥	cafe	129.22518	35.85540
블루샥	cafe	129.17561	35.88945
블루샥경주	cafe	129.22045	35.86925
블루샥경주용황점	cafe	129.22565	35.88363
블루샥경주입실점	cafe	129.32630	35.70779
블루샥경주충효점	cafe	129.17691	35.84478
블루아이안경콘택트	shop	129.21874	35.99158
블루원	stay	129.29526	35.82277
블루원글램핑	stay	129.29529	35.82281
블루원리조트	activity	129.29529	35.82281
블루페페	shop	129.21376	35.84240
블루플래닛	stay	129.22030	35.84209
블루하우스다운타운	stay	129.21609	35.84762
블루힐단독풀빌라	stay	129.28997	35.87017
블루힐독채풀빌라	stay	129.28991	35.86965
블룸	shop	129.22548	35.88133
블리블리	stay	129.30294	35.78874
블리스	stay	129.31416	35.79788
비너스가요주점	bar	129.28637	35.84398
비너스상회	shop	129.20511	35.84359
비노산보	shop	129.20771	35.84099
비담스테이	stay	129.31774	35.79485
비로소한옥	stay	129.22034	35.84527
비룡반점	food	129.30720	35.77270
비버리펜션	stay	129.31736	35.79548
비버리힐	stay	129.31719	35.79548
비봉	shop	129.20493	35.85830
비비드하우스	stay	129.27368	35.87357
비비드하우스풀빌라	stay	129.27368	35.87357
비비비당	cafe	129.28638	35.83954
비비안경주점	shop	129.21470	35.84301
비비인터네셔널	shop	129.21379	35.86506
비비카페	cafe	129.06413	35.65484
비비큐경주	food	129.19557	36.00197
비비큐경주건천점	food	129.10520	35.84710
비비큐경주한화리조트점	food	129.27025	35.85968
비비큐소노벨경주점	food	129.28170	35.84679
비비큐신경주역점	food	129.13741	35.80525
비비큐용황점	food	129.22761	35.88257
비비큐치킨	food	129.22645	35.85292
비비큐치킨	food	129.20666	35.85216
비비큐치킨	food	129.21177	35.84440
비비큐치킨	food	129.32559	35.71465
비비큐치킨불국사	food	129.32680	35.78616
비비큐치킨충효점	food	129.18229	35.84349
비비탄사격장	activity	129.21075	35.83632
비빔밥	food	129.21168	35.86655
비상유통	shop	129.26546	35.89194
비스밀라	shop	129.32012	35.72827
비스트로사계	food	129.20827	35.84766
비앤제이유통	shop	129.24436	35.91642
비앤지하우스	stay	129.21297	35.84762
비에스케이코퍼레이션경주점	shop	129.21193	35.84368
비에이치상사	shop	129.24575	35.91820
비에이치씨	food	129.21448	35.86612
비에이치씨	food	129.20278	35.84131
비에이치씨건천점	food	129.10482	35.85144
비에이치씨경주	food	129.23222	35.84722
비에이치씨경주	food	129.27063	35.89463
비에이치씨경주감포점	food	129.49910	35.80811
비에이치씨경주모화점	food	129.33050	35.68223
비에이치씨경주문무대왕점	food	129.44318	35.79167
비에이치씨경주보문점	food	129.28491	35.83573
비에이치씨경주양남점	food	129.47295	35.69359
비에이치씨경주역점	food	129.13854	35.80082
비에이치씨산내점	food	129.04680	35.75843
비에이치씨용황점	food	129.22832	35.88327
비에이치씨치킨경주	food	129.19530	36.00227
비에이치씨치킨입실점	food	129.32447	35.71501
비엔나커피하우스경주용황로점	cafe	129.22450	35.88279
비엘짐	activity	129.21333	35.86456
비온장여관	stay	129.32003	35.72609
비채갤러리	shop	129.20530	35.85021
비천	cafe	129.25348	35.84299
비치호텔	stay	129.46255	35.67137
비케이퍼니쳐	shop	129.40413	35.66308
비클래시경주신계점	stay	129.33495	35.76874
비클래씨불국사점	stay	129.28240	35.77196
비클래씨풀빌라보문점	stay	129.26684	35.86967
비타민	bar	129.29792	35.77715
비타민테라피	shop	129.22700	35.85216
비티알	shop	129.21478	35.84324
비티알경주	shop	129.31963	35.73650
비포렌호텔팰리스	stay	129.20893	35.84418
비하우스	stay	129.31562	35.80113
비하우스게스트하우스	stay	129.20745	35.84065
비학산한식	food	129.10704	35.85063
비화	cafe	129.20840	35.83618
비휴코퍼레이션	shop	129.24436	35.91642
빅대디	food	129.22371	35.85542
빅뱅	shop	129.22081	35.88258
빅보이양념통닭	food	129.20676	35.99447
빅세일마트	shop	129.20979	35.85054
빅세일마트	shop	129.23174	35.84509
빅세일마트불국사	shop	129.30238	35.77355
빅세일마트황성	shop	129.21550	35.86915
빅토리아일기	stay	129.40554	35.66487
빈노래궁	bar	129.44317	35.79155
빈스풀빌라	stay	129.30140	35.85356
빈카	cafe	129.26259	35.85887
빈틈	cafe	129.22312	35.85500
빈티지	shop	129.30670	35.77271
빈티지경주	stay	129.31423	35.76905
빈티지모아	shop	129.22636	35.99324
빈티지스토리안강	shop	129.21427	35.99349
빈티지앤드	shop	129.21280	35.84248
빈폴경주점	shop	129.21247	35.84189
빌라그레이스	stay	129.29014	35.85914
빌리어네어	food	129.20606	35.85527
빙고호프	bar	129.21577	35.84743
빙그레꽈배기	food	129.19627	36.00332
빙그레꽈배기	food	129.22898	35.87699
빙그레꽈베기	food	129.23287	35.84727
빙그레분식	food	129.22683	35.84877
빙동댕	food	129.22613	35.88499
빙빙아시안마트	shop	129.22256	35.85525
빙키키즈풀빌라	stay	129.45954	35.78980
빛꾸리	cafe	129.21067	35.83752
빛나	shop	129.20585	35.85551
빛나라쥬얼리	shop	129.19625	36.00232
빛나라타로	shop	129.19653	36.00211
빛날	stay	129.18781	35.82782
빛누리정원	nature	129.20818	35.86415
빠박이막창	food	129.19345	36.00116
빠삭	food	129.21367	35.84168
빠샤노래연습장	activity	129.18150	35.84352
빨간여우	shop	129.22876	35.84914
빨봉분식	food	129.21264	35.84189
빵	shop	129.21515	35.82960
빵굽는사람	food	129.20649	35.83942
빵규제빵소	food	129.20708	35.85298
빵나무아래	food	129.23249	35.87588
빵빵한토스트	food	129.32576	35.71444
빵사랑마을	food	129.22615	35.85968
빵집오빠	shop	129.22538	35.99104
빵집오빠경주	shop	129.21211	35.86404
빵집오빠용황점	shop	129.22629	35.88304
빼돌린뒷고기	food	129.18261	35.84418
빽까쟁이	shop	129.23287	35.84727
빽다방경주	cafe	129.21364	35.84411
빽다방경주대릉원점	cafe	129.21522	35.83471
빽다방경주보문점	cafe	129.28482	35.83548
빽다방경주분황사점	cafe	129.23186	35.84251
빽다방경주용황점	cafe	129.22629	35.88304
빽보이피자경주	food	129.21397	35.86577
뻘뻘낙지볶음	food	129.18657	35.84229
뽀끼뽀끼	activity	129.22265	35.86835
뽀빠이짜장반점	food	129.22578	35.85421
뽀뽀다방	cafe	129.10555	35.84895
뽀야네분식	food	129.22626	35.85041
뽑기뽑기	activity	129.20955	35.83704
뽑기왕	activity	129.21308	35.84393
뽑아보자	activity	129.21431	35.84206
뽕뜨락피자	food	129.19634	36.00319
뿌리양화점	shop	129.20783	35.84337
쁘띠경주	cafe	129.30560	35.78312
쁘띠르뽀미에	food	129.22391	35.86239
쁘띠토마토	stay	129.26098	35.85818
쁘띠하우스더궁	stay	129.32592	35.78569
삐까삐까	stay	129.20604	35.84056
삐또레	cafe	129.21215	35.86504
삐삐살롱	bar	129.21555	35.84645
삐삐의하루	food	129.21400	35.86896
삐아띠	food	129.20651	35.84247
삐야삐야	shop	129.30887	35.77228
사가소	shop	129.20974	35.83883
사거리떡방앗간	food	129.22834	35.99096
사거리정삼겹살	food	129.22402	35.85975
사계	shop	129.22884	35.84168
사계돈	food	129.21559	35.84179
사계우미	shop	129.21921	35.99074
사계절면가	food	129.27480	35.70919
사계절미니뷔폐	food	129.21569	35.85003
사계절식당	food	129.14782	35.81036
사계절종합신발	shop	129.32551	35.71497
사계절참숯불	food	129.20308	35.84242
사계절패션	shop	129.20674	35.84395
사계절펜션	stay	129.50766	35.82097
사계화원	shop	129.46979	35.68236
사나래	shop	129.03826	35.81838
사나래카라반펜션	stay	129.07738	35.70396
사는동안	bar	129.44092	35.79066
사다함	stay	129.22103	35.83759
사또노래궁	bar	129.29864	35.77800
사라단란주점	bar	129.22370	35.85423
사라의정원	stay	129.23104	35.91805
사라정원	cafe	129.19704	35.84874
사라클럽	bar	129.22370	35.85423
사랑꽃국수	food	129.22912	35.84934
사랑방	stay	129.26506	35.89350
사랑비	bar	129.20434	35.84075
사랑약국	shop	129.20883	35.84442
사랑을위하여	bar	129.21591	35.84303
사랑채	stay	129.21569	35.99562
사랑해	shop	129.20807	35.85298
사리경주풀빌라	stay	129.26489	35.77208
사리경주풀빌라향기동	stay	129.26474	35.77230
사만아시아마트	shop	129.33253	35.67810
사방구판장	shop	129.22955	35.93826
사방식당	food	129.23115	35.93791
사브리나	cafe	129.22389	35.86108
사브리나	shop	129.20690	35.85638
사브리나건천	cafe	129.10337	35.84871
사시산색	stay	129.20897	35.82896
사시스스시	food	129.20971	35.83587
사용악기	shop	129.20996	35.84296
사월	cafe	129.21360	35.85017
사유시	stay	129.20760	35.83651
사유적정원	food	129.18877	35.82629
사이원	stay	129.25440	35.84346
사정전동대여	stay	129.20574	35.83372
사조리조트	stay	129.32567	35.78299
사조식당	food	129.32567	35.78299
사천성	food	129.32824	35.70134
사쿠라	bar	129.20607	35.85489
사회스포츠	shop	129.21417	35.84706
사회적협동조합문화와나눔	activity	129.25238	35.82144
사회적협동조합크린존	shop	129.22434	35.85164
사희반점	food	129.22217	35.85335
삭스하우스	shop	129.21229	35.83471
산갈래닭갈비	food	129.20416	35.85287
산곰장어	bar	129.23314	35.84756
산길따라서	food	129.15764	36.02040
산나물밥	food	129.22216	35.99020
산내고향식당	food	129.04345	35.75708
산내골꽃마루	shop	129.05200	35.66880
산내노래광장	bar	129.04395	35.75789
산내들	stay	129.07799	35.70009
산내들불장난	food	129.06265	35.65402
산내들캠프	stay	129.07769	35.69971
산내떡방앗간	food	129.04498	35.75745
산내마운틴벨리	stay	129.05916	35.69985
산내방학	stay	129.01295	35.81304
산내별빛오토캠핑장	stay	129.05814	35.66410
산내별장펜션	stay	129.06046	35.65472
산내산	shop	129.03528	35.78721
산내산천매운탕	food	129.04479	35.75756
산내소머리곰탕	food	129.17363	35.81539
산내숯불식육식당	food	129.19599	35.84244
산내식당	food	129.21631	35.84539
산내알프스펜션	stay	129.07557	35.70715
산내양봉원	shop	129.04361	35.75691
산내요	shop	129.04294	35.79886
산내원림	stay	129.05867	35.70584
산내자연캠프	stay	129.05812	35.69270
산내캠핑일기	stay	129.02384	35.78364
산내편안관광농원	stay	129.04120	35.75887
산내하이원펜션	stay	129.07702	35.69943
산내하이원펜션	stay	129.07662	35.69951
산내황금펜션	stay	129.05848	35.70593
산너머남촌	bar	129.21883	35.86825
산너머남촌	food	129.47419	35.69042
산대고디탕	food	129.19223	35.99781
산대림	food	129.19295	36.00412
산동반점	food	129.26934	35.89578
산드레	food	129.30644	35.80957
산들강한우	food	129.16639	35.84668
산들내산야초건강원	shop	129.04871	35.89246
산들림커피	cafe	129.32547	35.78017
산들식당	food	129.26663	35.89605
산들애	food	129.20399	35.77524
산들향청인	shop	129.24785	36.02613
산마루	stay	129.25582	35.85575
산마루메기매운탕	food	129.39856	35.66795
산마루식당	food	129.13431	35.90913
산마루식당	food	129.13444	36.00313
산마루펜션	stay	129.36156	35.81385
산마루푸드	food	129.33203	35.68129
산마리노	shop	129.22236	35.99016
산바다캠핑장	stay	129.39398	35.66822
산성숯불갈비	food	129.25821	35.84490
산속애	food	129.32198	35.78910
산수유	shop	129.47263	35.74501
산알베르토카페	cafe	129.49073	35.78644
산애락	stay	129.07740	35.69879
산이있는집	food	129.18610	35.84375
산장	food	129.16035	36.01235
산장가든	food	129.35026	35.69622
산장팬션캠프촌	stay	129.06910	35.72145
산장펜션캠프촌식당	stay	129.06910	35.72145
산장펜션캠핑장	stay	129.06914	35.72149
산전샘짬뽕	food	129.30058	35.71450
산정식당	food	129.19409	35.75036
산죽칼국수	food	129.30960	35.78371
산죽한옥마을	food	129.30960	35.78371
산죽한옥마을박물관	shop	129.30960	35.78371
산토리니	stay	129.46707	35.68069
산토리니	food	129.22259	35.85754
산푸른펜션	stay	129.27063	35.87419
산해	food	129.25076	35.84123
산해식당	food	129.25077	35.84124
산호다방	cafe	129.21661	35.84296
산호숯불곰장어	food	129.47031	35.69918
산호정	food	129.23257	35.88109
살롱데몬타냐	food	129.29283	35.87514
살롱헤리티지	heritage	129.29230	35.83300
삼각지노래연습장	activity	129.21336	35.85360
삼거리	food	129.42338	35.80292
삼거리막걸리	bar	129.21360	35.85017
삼거리식당	bar	129.22647	35.85648
삼거리칼국수	food	129.20537	35.75124
삼경	cafe	129.22200	35.84150
삼광약국	shop	129.22281	35.85506
삼괴정유료낚시터	activity	129.25943	36.04980
삼국떡집	food	129.20349	35.86676
삼국식당	food	129.31445	35.79749
삼나무펜션	stay	129.06514	35.74024
삼능숯불생고기	food	129.18869	35.84146
삼능휴게소	shop	129.20611	35.79751
삼다도횟집	food	129.46437	35.66703
삼덕마켓	shop	129.20959	35.83735
삼덕상사	shop	129.24436	35.91642
삼도옛날통닭포차	food	129.18951	35.86087
삼동소바아당지점	food	129.16937	35.84390
삼릉계곡마애석가여래좌상	heritage	129.22192	35.79501
삼릉고향손칼국수	food	129.20560	35.79480
삼릉고향칼국수	food	129.20558	35.79473
삼릉마트	shop	129.20655	35.79819
삼릉소머리곰탕	food	129.20511	35.78849
삼릉숲	nature	129.20953	35.79679
삼릉옛집	food	129.22557	35.85803
삼릉회식당	food	129.20623	35.79816
삼막골카라반펜션	stay	129.29270	35.88914
삼명종합상사	shop	129.43674	35.79767
삼미사	shop	129.21651	35.84510
삼미식당	food	129.20629	35.84248
삼보맛집	food	129.18706	35.84223
삼보식당	food	129.30117	35.77576
삼봉이해물칼국수	food	129.20346	35.72300
삼부수산	shop	129.49864	35.79958
삼부식당	food	129.20866	35.84439
삼부양말	shop	129.21281	35.83479
삼불사	heritage	129.21076	35.80199
삼삼돈까스	food	129.18592	35.84204
삼삼오오노래클럽	bar	129.20621	35.84070
삼성관반점	food	129.28541	36.00661
삼성당약국	shop	129.21292	35.84479
삼성반점	food	129.20719	35.85508
삼성분식	food	129.28577	36.00629
삼성빵	food	129.30117	35.77576
삼성이불	shop	129.32519	35.71506
삼성전기조명	shop	129.22183	35.86222
삼성종합주방	shop	129.21615	35.86255
삼성참기름	shop	129.21640	35.84506
삼손짜장	food	129.28573	35.83458
삼송베이커리카페	food	129.22194	35.84047
삼수정횟집	food	129.49328	35.79170
삼신상회	shop	129.10506	35.84827
삼십오밀리미터	stay	129.46278	35.68136
삼에프	food	129.20933	35.84222
삼영식당	food	129.21000	35.84555
삼영식당	food	129.05069	35.89319
삼오다방	cafe	129.27415	35.98748
삼오풀빌라	stay	129.26620	35.80908
삼원식당	food	129.21703	35.84525
삼일국수열무보리밥	food	129.24189	35.91123
삼일유통	shop	129.10582	35.85107
삼정	food	129.19488	36.00093
삼정각	food	129.22675	35.85572
삼정약국	shop	129.22508	35.99089
삼천리자전거	shop	129.32406	35.71448
삼천리자전거	shop	129.21450	35.84429
삼천리자전거	shop	129.21955	35.99148
삼천리자전거랜드	shop	129.21824	35.85434
삼첩분식	food	129.23279	35.84907
삼촌축산	shop	129.21666	35.84461
삼태기	food	129.50236	35.80569
삼포막걸리	bar	129.23080	35.88407
삼호물산	shop	129.25473	35.99976
삼화상회	shop	129.22251	35.99019
삽겹야채롤	food	129.20674	35.84395
삽짝거리	food	129.18004	35.84431
상담카페너는봄	cafe	129.20656	35.85584
상록수	cafe	129.10523	35.84987
상록수다방	cafe	129.49135	35.79018
상류사회	bar	129.22337	35.85443
상명도예	shop	129.24939	35.82050
상상곰탕	food	129.21752	35.84264
상상노래연습장	activity	129.22645	35.85292
상상바	bar	129.22441	35.85366
상수리	food	129.12899	35.74904
상신한우셀프식당	shop	129.20618	35.84524
상우당	stay	129.24117	35.80702
상진상회	shop	129.22131	35.84705
상하이	food	129.22613	35.88499
상하이반점	food	129.20605	35.87219
상하이푸드	food	129.31265	35.67141
상화오리	food	129.31310	35.79057
새동산식당	food	129.27547	35.90198
새로운약국	shop	129.24543	35.92026
새마당	food	129.45769	35.71410
새마을가계	shop	129.32737	35.78240
새마을낚시터	activity	129.18653	35.78205
새마을농약사	shop	129.32571	35.71460
새마을쫄면분식	food	129.21067	35.86681
새마을통닭	food	129.32469	35.71406
새마을포차	food	129.19530	36.00227
새미담	cafe	129.24930	36.05490
새밭민박	stay	129.32456	35.72705
새벌상사	shop	129.22786	35.85370
새벽경주풀빌라펜션	stay	129.25120	35.82211
새벽바다회	food	129.51796	35.84108
새벽집	bar	129.22280	35.85541
새서울약국	shop	129.30026	35.77570
새소리카페	cafe	129.19562	36.00384
새안안경콘택트	shop	129.30026	35.77570
새알심	food	129.20674	35.84395
새우치킨덤	food	129.29803	35.77702
새우치킨덤외동입실점	food	129.33107	35.71506
새움테크	shop	129.22366	35.85599
새참식당	food	129.22878	35.99424
새천년떡집	food	129.22642	35.88312
새파란보스족발	food	129.21926	35.84154
새한솔약국	shop	129.19627	36.00332
샌드닉	food	129.22821	35.85170
샌드리아	food	129.21383	35.86586
샐러드랩	cafe	129.22455	35.85538
샐러디경주용황점	food	129.22611	35.88493
샘골체험농장	activity	129.03381	35.85894
샘당	stay	129.17453	35.78813
샘터	food	129.48346	35.73734
샛별농산	shop	129.21501	35.84581
샛별전자	shop	129.46187	35.67447
생고기제작소	food	129.20633	35.85418
생마차	food	129.18951	35.86087
생마차경주용황점	food	129.22524	35.88320
생생노래연습장	activity	129.22280	35.85186
생생포차	bar	129.19120	35.86175
생선구이어물전	food	129.10536	35.85156
생선명가	food	129.31967	35.73686
생아구찜	food	129.10176	35.85258
생활맥주경주	bar	129.22891	35.88401
샤르망펜션	stay	129.25893	35.81484
샤르바르당구장	activity	129.20593	35.85287
샤모니모텔	stay	129.32290	35.78392
샤브마니아경주	food	129.24153	35.84225
샤브야	food	129.23268	35.88086
샤브한쌈	food	129.22252	35.84677
샤샤	shop	129.21370	35.84313
샤인	shop	129.22553	35.88210
샤트렌경주점	shop	129.21157	35.84358
샬레스넥	food	129.27915	35.83610
샵도쿄시장	bar	129.21130	35.86733
샵앤플랫호텔	stay	129.51517	35.83458
샵앤플렛	stay	129.51571	35.83486
샵한우	food	129.22850	35.88407
샷타	food	129.21031	35.83566
샹그릴라	shop	129.20672	35.85579
샹그릴라펜션	stay	129.26656	35.86088
샾노래클럽	bar	129.29828	35.77690
서가네	food	129.23126	35.84630
서가네	food	129.46336	35.67548
서가네정육점	shop	129.21421	35.84860
서강상회	shop	129.21631	35.84539
서경노래클럽	activity	129.22755	35.99210
서남산한옥	stay	129.20456	35.78086
서남산한옥관	stay	129.20410	35.78047
서남산한옥스테이	stay	129.20453	35.78082
서당골가든	food	129.16087	35.89066
서라벌	food	129.27480	35.70919
서라벌	activity	129.20230	35.84624
서라벌농산	shop	129.28250	35.80671
서라벌다과	cafe	129.21031	35.83566
서라벌대학교학생식당	food	129.18254	35.84187
서라벌떡집	food	129.20606	35.84339
서라벌맷돌순두부	food	129.25943	35.80636
서라벌반점	food	129.20655	35.84018
서라벌불교전시관	shop	129.20663	35.84505
서라벌사주타로	cafe	129.20972	35.83609
서라벌상사	shop	129.21835	35.85535
서라벌숯불구이	food	129.20308	35.84324
서라벌식당	food	129.32565	35.78381
서라벌유스텔	stay	129.32544	35.78395
서라벌잠수	shop	129.49180	35.79082
서라벌캠핑장	stay	129.14398	35.92846
서라벌커피	cafe	129.27480	35.70919
서라벌커피	cafe	129.32111	35.73111
서라벌탁구클럽	activity	129.22333	35.86183
서라벌텔레콤	shop	129.18444	35.84253
서라벌토기관광펜션	stay	129.31574	35.79129
서라스테이	stay	129.21044	35.83706
서라애	cafe	129.28990	35.83460
서록	stay	129.22935	35.84028
서린여인숙	stay	129.21559	35.84169
서림	shop	129.27704	35.79417
서면기사식당	food	129.04893	35.89422
서면노래하는실내포차	bar	129.05073	35.89276
서면다방	cafe	129.04894	35.89373
서면당구클럽	activity	129.05009	35.89307
서면식육식당	food	129.05073	35.89276
서면식육점	shop	129.05073	35.89276
서민뒷고기	food	129.22303	35.85306
서민막창	food	129.22673	35.85215
서민식당	food	129.29216	35.83369
서북청과	shop	129.04650	35.89526
서소재	stay	129.20394	35.84127
서아모바일	shop	129.22542	35.85967
서악다움	stay	129.19330	35.81644
서악스테이	stay	129.19186	35.82869
서악식당	food	129.20674	35.84395
서악연가	stay	129.18490	35.82667
서앤김	food	129.22613	35.88499
서연스테이	stay	129.19392	35.80052
서연자원	shop	129.28974	35.91644
서연정	stay	129.26277	35.85333
서연플리츠	shop	129.21074	35.84318
서오	cafe	129.24152	35.79669
서우펜션	stay	129.20421	35.83676
서울고려당	shop	129.20511	35.84359
서울깍두기	food	129.22905	35.84651
서울드림에스테틱	shop	129.21460	35.84427
서울떡방앗간	food	129.21626	35.84485
서울마트	shop	129.20432	35.84371
서울상회	shop	129.50202	35.80589
서울상회	shop	129.30079	35.77600
서울슈퍼	shop	129.48309	35.73938
서울식당	food	129.20674	35.84395
서울약국	shop	129.22837	35.99124
서울양행	shop	129.10378	35.84874
서울옷집	shop	129.32618	35.71496
서울왕족발	food	129.22627	35.85505
서울왕족발치킨	food	129.10513	35.84798
서울유리점	shop	129.20882	35.84336
서울의류	shop	129.21623	35.84460
서울정식	food	129.10627	35.85023
서울찹쌀순대	food	129.21631	35.84539
서울칡냉면	food	129.22376	35.85717
서울칼국수	food	129.23490	35.86499
서원유통탑마트	shop	129.22556	35.98831
서원유통탑마트경주	shop	129.22481	35.86756
서원유통탑마트경주	shop	129.21106	35.86636
서원유통탑마트경주	shop	129.21198	35.84533
서윤하우스	stay	129.04032	35.75832
서율산업	shop	129.29727	35.72049
서의가	stay	129.33643	35.77900
서이네부엌	food	129.32665	35.71492
서정아이티	shop	129.18717	35.84245
서진푸줏간식육식당	food	129.30144	35.77526
서출지손두부	food	129.24148	35.79493
서편상회	shop	129.05859	35.72797
서현토우	shop	129.21717	35.86954
서현플라워	shop	129.21697	35.86972
서화담	shop	129.18776	35.84246
서후스테이	stay	129.21834	35.83631
석거돈	food	129.31339	35.76365
석계공단식당	food	129.30519	35.66424
석계당구장	activity	129.30324	35.67374
석계민물매운탕	food	129.30464	35.67574
석계식당	food	129.33732	35.67164
석계자연농원	food	129.28344	35.66819
석굴암산장	stay	129.36604	35.78017
석굴암한옥	stay	129.36601	35.78001
석궁정	bar	129.49472	35.80430
석등있는집	stay	129.21614	35.82994
석원갈비냉면	food	129.22670	35.85424
석장스토아	shop	129.18828	35.86132
석장식당	food	129.19190	35.86073
석정	stay	129.32251	35.76307
석천암소한우숯불	food	129.31061	35.77049
석촌단란주점	bar	129.27405	35.98760
석하한정식	food	129.19536	35.84056
선경정여관	stay	129.21086	35.84303
선굼터	food	129.22393	35.85344
선녀와나무꾼	stay	129.40397	35.66381
선다방	cafe	129.20554	35.85116
선돌식당	food	129.30834	35.80455
선라이즈펜션	stay	129.49648	35.80890
선물	shop	129.20749	35.85364
선물의집	shop	129.22486	35.99088
선미술관	stay	129.24791	35.78913
선봉식당	food	129.33621	35.67957
선비오리가든	food	129.21938	35.86169
선샤인로또	activity	129.30238	35.77355
선셋드몽	cafe	129.28758	35.88605
선셋하우스	stay	129.43554	35.80087
선술집반주	food	129.21100	35.86729
선어회식당	food	129.23424	35.84458
선영	food	129.22386	35.87282
선우상회	shop	129.21271	35.85072
선우식품	shop	129.21495	35.84642
선유산방	stay	129.26322	35.85335
선주식당	food	129.22520	35.84946
선진축산	shop	129.05339	35.89130
선하키즈풀빌라	stay	129.19261	35.81587
선하풀빌라	stay	129.19252	35.81574
선화	cafe	129.20894	35.83896
선화랑선액자	shop	129.20181	35.84601
선희횟집	food	129.47512	35.69673
설기떡방	food	129.17750	35.84483
설동궁찜닭용강	food	129.22916	35.87864
설레임스토리펜션	stay	129.32774	35.78231
설레임자연공방	shop	129.22550	35.86090
설레임펜션	stay	129.31507	35.80078
설록원	cafe	129.21214	35.84289
설미분식	food	129.22148	35.99037
설빙	cafe	129.19295	36.00412
설빙경주	food	129.19295	36.00412
설빙경주용황점	food	129.22871	35.88265
설빙경주점	cafe	129.21339	35.84183
설우클라이밍	activity	129.21698	35.86744
설월당	cafe	129.21254	35.83507
설은재	cafe	129.25786	35.83185
설화벌삼겹	food	129.22396	35.85499
섬진강식당	food	129.32523	35.71496
섬해물마당	food	129.23242	35.84707
섭이네포차	food	129.32575	35.71410
성건건강원	shop	129.20542	35.84421
성건동커피	cafe	129.20441	35.84497
성건드림마트	shop	129.20732	35.85631
성건막걸리	bar	129.21374	35.85156
성건생생닭집	shop	129.20663	35.84330
성공미디어메가비전영남지사	shop	129.22543	35.86863
성광마늘상회	shop	129.21502	35.84596
성광유리	shop	129.20914	35.84336
성광흑염소건강원	shop	129.32618	35.71496
성덕대왕신종	heritage	129.22840	35.83052
성동가가	cafe	129.21487	35.84952
성동분식	food	129.21598	35.84470
성동상회	shop	129.21760	35.84703
성동새마을식당	food	129.21694	35.84505
성동시장내생선	shop	129.21700	35.84596
성령	shop	129.22422	35.83862
성림화랑	shop	129.20611	35.79751
성모안경	shop	129.21698	35.84684
성문마트	shop	129.21237	35.84741
성미분식성건동	food	129.20674	35.84395
성미한정식	food	129.32229	35.67112
성복상회	shop	129.50342	35.80439
성빈무역	shop	129.20527	35.85290
성빈파크	activity	129.08434	35.77204
성산메디칼	shop	129.20729	35.84050
성산편의점	shop	129.13926	35.98581
성성천하	shop	129.29549	35.75109
성심건강원	shop	129.20649	35.99505
성심약국	shop	129.20939	35.84443
성심한약품	shop	129.20677	35.84758
성아네	food	129.21756	35.99345
성우산업	shop	129.22564	35.84849
성우스틸	shop	129.31489	35.71380
성우실비	bar	129.22323	35.86161
성우전기	shop	129.17989	35.84463
성은상회	shop	129.50148	35.80242
성이김밥	food	129.22970	35.87885
성주돈오리	food	129.32775	35.78333
성지골	food	129.23134	35.87759
성지식당	food	129.28863	35.65039
성진호	activity	129.46349	35.66689
성현	shop	129.51210	35.81622
성호리조트	activity	129.30892	35.76372
성호옷가게	shop	129.30944	35.76314
성혼폐백	food	129.21038	35.86479
성화장여관	stay	129.20656	35.84178
성희전기	shop	129.30597	35.77230
세계로홈파티스	shop	129.21645	35.87231
세기마트	shop	129.20702	35.85509
세나다방	cafe	129.22503	35.98980
세동유통경북지점	shop	129.33368	35.67892
세라젬웰카페경주노동점	food	129.21311	35.84208
세렌디피티	food	129.21209	35.83507
세림	shop	129.21548	35.84374
세명전기조명공사	shop	129.22162	35.84250
세명팥칼국수집	food	129.20328	35.84311
세모글램핑장	stay	129.05883	35.70681
세모로스트볼마켓	shop	129.22263	35.86420
세미단팥빵	food	129.22361	35.86270
세바치	food	129.22859	35.88420
세방농원분식	food	129.20901	35.80028
세방매점	activity	129.22648	35.87671
세븐경주국립박물관점	shop	129.22868	35.82943
세븐경주노서점	shop	129.20682	35.84088
세븐경주대릉원점주	shop	129.21530	35.83429
세븐경주동국대점주	shop	129.20708	35.85391
세븐경주동천	shop	129.22439	35.85525
세븐경주동천２호점주	shop	129.21874	35.85418
세븐경주명사마을점	shop	129.21022	35.84723
세븐경주보문북군점주	shop	129.26317	35.85158
세븐경주석장스타점	shop	129.18944	35.86316
세븐경주성건점주	shop	129.20559	35.85532
세븐경주시청스타점	shop	129.22787	35.85646
세븐경주외동베스트점	shop	129.33089	35.71527
세븐경주천북공단점	shop	129.27141	35.94198
세븐경주천북신당점	shop	129.24590	35.89153
세븐경주현곡별빛점	shop	129.20376	35.87113
세븐경주황성스타점	shop	129.21688	35.86274
세븐경주황오점주	shop	129.21678	35.84193
세븐노래연습장	activity	129.21376	35.86570
세븐노래연습장	activity	129.10513	35.84719
세븐당구장	activity	129.20664	35.85164
세븐동국대경주병원점	shop	129.19288	35.85851
세븐마켓	shop	129.21202	35.83460
세븐마트	shop	129.20627	35.85649
세븐스타코인노래연습장경주	activity	129.22633	35.88274
세븐스타코인노래연습장경주	activity	129.22432	35.99073
세븐스타코인노래연습장경주	activity	129.20633	35.85428
세븐일레븐경주	shop	129.22675	35.99204
세븐일레븐경주	shop	129.20704	35.85371
세븐일레븐경주	shop	129.20559	35.85532
세븐일레븐경주	shop	129.22535	35.85677
세븐일레븐경주	shop	129.20419	35.83871
세븐일레븐경주	shop	129.21812	35.88079
세븐일레븐경주감포대	shop	129.48614	35.74696
세븐일레븐경주강동산업점	shop	129.31135	35.95596
세븐일레븐경주건천	shop	129.08481	35.83935
세븐일레븐경주건천공단점	shop	129.11181	35.86956
세븐일레븐경주고점	shop	129.22667	35.84316
세븐일레븐경주국립박물관점	shop	129.22868	35.82943
세븐일레븐경주나정	shop	129.48979	35.78287
세븐일레븐경주냉천공단점	shop	129.29340	35.70981
세븐일레븐경주노서	shop	129.20280	35.84220
세븐일레븐경주노서점	shop	129.20682	35.84088
세븐일레븐경주대릉원점	shop	129.21530	35.83429
세븐일레븐경주동천	shop	129.21874	35.85418
세븐일레븐경주동천	shop	129.23022	35.84932
세븐일레븐경주동천	shop	129.22856	35.85173
세븐일레븐경주동천	shop	129.22284	35.85525
세븐일레븐경주동천베스트점	shop	129.22435	35.85182
세븐일레븐경주로얄점	shop	129.22199	35.85330
세븐일레븐경주모아동산점	shop	129.24779	35.92024
세븐일레븐경주모화원룸	shop	129.33685	35.67381
세븐일레븐경주모화점	shop	129.32527	35.68099
세븐일레븐경주문산우박점	shop	129.32058	35.67799
세븐일레븐경주보문북군점	shop	129.26316	35.85160
세븐일레븐경주보문점	shop	129.28021	35.84724
세븐일레븐경주석계타운점	shop	129.30900	35.68033
세븐일레븐경주석장	shop	129.18944	35.86316
세븐일레븐경주시청	shop	129.22787	35.85646
세븐일레븐경주신라점	shop	129.20480	35.83963
세븐일레븐경주안강	shop	129.21509	35.99098
세븐일레븐경주안강	shop	129.20640	35.99327
세븐일레븐경주양북점	shop	129.43975	35.79368
세븐일레븐경주외동베스트점	shop	129.33089	35.71527
세븐일레븐경주외동연안점	shop	129.32207	35.72881
세븐일레븐경주용강	shop	129.22250	35.85997
세븐일레븐경주용강센타점	shop	129.22361	35.86270
세븐일레븐경주읍성점	shop	129.21416	35.84727
세븐일레븐경주입실원룸점	shop	129.32867	35.71224
세븐일레븐경주주상절리점	shop	129.47070	35.70070
세븐일레븐경주천북	shop	129.24198	35.90365
세븐일레븐경주천북공단점	shop	129.27141	35.94198
세븐일레븐경주천북신당점	shop	129.24590	35.89153
세븐일레븐경주충효	shop	129.18248	35.84320
세븐일레븐경주충효미래점	shop	129.18382	35.84353
세븐일레븐경주충효이안점	shop	129.17134	35.84615
세븐일레븐경주하서점	shop	129.46740	35.68001
세븐일레븐경주현곡	shop	129.17749	35.88630
세븐일레븐경주황남	shop	129.20941	35.83662
세븐일레븐경주황리단길점	shop	129.21041	35.83476
세븐일레븐경주황성	shop	129.21688	35.86274
세븐일레븐경주황성	shop	129.21252	35.86539
세븐일레븐경주황성타운점	shop	129.21913	35.86709
세븐일레븐경주황오	shop	129.21971	35.84185
세븐일레븐경주황오점	shop	129.21678	35.84193
세븐일레븐대현건천휴게소점	shop	129.11505	35.84529
세븐일레븐동국대경주	shop	129.19288	35.85851
세븐일레븐석계녹동점	shop	129.29428	35.65656
세븐일레븐위덕대	shop	129.28259	36.01611
세븐일레븐위덕대학사	shop	129.28156	36.00328
세사리빙	shop	129.24235	35.91269
세숫대야칡냉면	food	129.47317	35.69107
세시봉	food	129.28637	35.84398
세심농원	cafe	129.15328	36.02652
세심뜰	food	129.16137	36.01519
세심마을	activity	129.16196	36.01527
세아상사	shop	129.21754	35.84653
세연	shop	129.18063	35.84481
세오녀펜션	stay	129.27704	35.83350
세왕다방	cafe	129.20727	35.85381
세원모텔	stay	129.32584	35.71078
세원복회식당	food	129.21274	35.86407
세원슈퍼	shop	128.99386	35.76159
세원양품	shop	129.21631	35.84539
세원정보통신	shop	129.22331	35.99253
세원축산	shop	129.31125	35.77117
세이워터코히	stay	129.27053	35.86968
세이젬	shop	129.21345	35.84399
세이크래프트	shop	129.21417	35.84742
세정농기	shop	129.32018	35.71263
세종미트주	shop	129.22579	35.87036
세종식당	food	129.22653	35.87763
세종예술원	shop	129.19215	35.86157
세종커텐	shop	129.22418	35.86527
세종커텐경주점	shop	129.21407	35.84430
세진농약사	shop	129.22564	35.99233
세진문구센타	shop	129.20767	35.85545
세컨드빈티지	shop	129.20722	35.84758
세컨페이스	shop	129.21332	35.84354
세콩이네반찬	shop	129.22829	35.98919
세한도	food	129.26176	35.80037
세화	shop	129.20654	35.85422
세화홍삼건강원	shop	129.22007	35.84160
센스토탈페션	shop	129.23336	35.84687
센트럴파크진달래	stay	129.43108	35.65856
센트레	cafe	129.25110	35.84036
셀코디	shop	129.20257	35.98964
셈커피테크아웃	cafe	129.19936	36.00451
셔블	stay	129.21154	35.83682
셰인식당	bar	129.18535	35.84222
소규모	food	129.22470	35.86855
소금강산	food	129.23440	35.86266
소금강산불판돼지	food	129.23005	35.87619
소금민박	stay	129.51148	35.81783
소금쟁이	food	129.47178	35.69999
소나기막창	food	129.20794	35.84734
소나무	food	129.23047	35.87850
소나무	food	129.20988	35.83459
소나무텔레콤	shop	129.20679	35.84547
소나무펜션	stay	129.49309	35.76815
소낙비식당	food	129.33324	35.67812
소노인터내셔널	stay	129.28170	35.84679
소달	stay	129.28411	35.86816
소달구지숯불	food	129.21543	35.98913
소담	stay	129.20429	35.84163
소담	food	129.21085	35.84288
소담	food	129.23553	35.84548
소담뜰	food	129.50252	35.80748
소담비빔국수	food	129.22573	35.85639
소담신라	stay	129.20849	35.83870
소담장어	food	129.18556	35.84255
소담정	stay	129.20760	35.83446
소담정곤드레	food	129.20655	35.79819
소담족발보쌈	food	129.21900	35.99170
소도몰경주용황점	shop	129.22613	35.88499
소디스에스프레소바	cafe	129.23194	35.88484
소디스에스프레소바	cafe	129.20707	35.85224
소디스에스프레소바	cafe	129.21603	35.86488
소디스에스프레소바보문점	cafe	129.28502	35.83667
소디스커피	cafe	129.22609	35.99069
소디스커피	cafe	129.20393	35.88437
소떼	food	129.22108	35.86240
소떼식육점	shop	129.21323	35.86501
소라공간	food	129.22120	35.85653
소라네커피	cafe	129.20674	35.84395
소락	shop	129.21555	35.84656
소록스테이	stay	129.31859	35.76827
소록스테이감성숙소	stay	129.31859	35.76827
소리바다	cafe	129.21129	35.84220
소리지	stay	129.28516	35.90919
소림마라경주	food	129.21438	35.86448
소마을	shop	129.22153	35.85323
소망가전	shop	129.21931	35.99147
소망반찬	shop	129.20674	35.84395
소망분식	food	129.20674	35.84395
소망약국	shop	129.50250	35.80509
소망양국	shop	129.21686	35.84382
소명전기	shop	129.33243	35.69302
소문각	food	129.20308	35.84324
소문난	bar	129.22022	35.86637
소문난골목집	food	129.21070	35.83563
소문난대가어탕밀면	food	129.32360	35.67005
소문난돼지국밥	food	129.32870	35.70205
소문난돼지국밥	food	129.14661	35.98156
소문난돼지국밥	food	129.20540	35.84452
소문난떡이	food	129.22993	35.87855
소문난막걸리	bar	129.21407	35.85204
소문난밥상	food	129.21915	35.99254
소문난소대감민물장어숯불장어구이	food	129.21402	35.86559
소문난숯불뒷고기	food	129.22644	35.85548
소문난암뽕수육	food	129.22473	35.86823
소문난암뽕수육	food	129.30147	35.77539
소문만복래	food	129.32091	35.78927
소문식당	food	129.21272	35.84426
소문통신	shop	129.21281	35.84344
소바카게	food	129.21190	35.83539
소반가정식	food	129.20674	35.84395
소백산생고기	food	129.22280	35.85445
소사이어티나귀	food	129.22905	35.84315
소서	stay	129.27985	35.77975
소서화	shop	129.22035	35.86791
소설재	stay	129.21451	35.83419
소소	shop	129.32529	35.71552
소소	cafe	129.20638	35.85597
소소가	stay	129.18793	35.82915
소소김밥	food	129.22902	35.84244
소소담펜션	stay	129.27786	35.83289
소소뭉티기	food	129.22553	35.88210
소소밀밀	cafe	129.18550	35.82340
소소별채	stay	129.20668	35.83467
소소부띠끄	shop	129.21819	35.84163
소소분식	food	129.22611	35.99087
소소정	stay	129.20840	35.83586
소소정별채	stay	129.20865	35.83632
소소피크닉	food	129.22644	35.85688
소소한김밥	food	129.30784	35.77223
소소한딴짓	shop	129.20966	35.83821
소소한옥	stay	129.20748	35.82651
소소함박	food	129.21017	35.83796
소소히	stay	129.21255	35.82407
소솜	shop	129.21179	35.84092
소솜당	food	129.28783	35.84541
소슬비꽃카페	shop	129.33541	35.77521
소야스테이	stay	129.27806	35.90930
소여정	stay	129.22093	35.84147
소연식당	food	129.10661	35.84778
소연재	stay	129.20994	35.82967
소옥	food	129.21247	35.83451
소우미	food	129.21437	35.84730
소우주	shop	129.20289	35.86505
소원수산	food	129.10460	35.85291
소원이네	food	129.20674	35.84395
소월스테이	stay	129.30332	35.78833
소유	stay	129.45089	35.66052
소유원	stay	129.20289	36.00482
소유이마트에브리데이경주	shop	129.22833	35.87700
소유축산	shop	129.22833	35.87700
소유템경주황남점	shop	129.21127	35.83619
소이	shop	129.21453	35.84284
소이까리	food	129.09825	35.85426
소이까리식육점	shop	129.09825	35.85426
소이한옥	stay	129.21168	35.83485
소전생고기	food	129.22859	35.98950
소전생고기식육식당	food	129.22181	35.86206
소전생고기식육점	shop	129.22175	35.86190
소주랑뒷고기	food	129.22247	35.99208
소주한잔	bar	129.19780	36.00347
소티골식당	food	129.18595	35.81495
소판당	food	129.21374	35.85017
소품샵담쟁이	shop	129.21208	35.85172
소품샾	shop	129.27546	35.87375
소품이있는풍경	shop	129.23092	35.84907
소풍	food	129.32894	35.78506
소풍	stay	129.22946	35.84103
소풍	cafe	129.51683	35.83616
소풍가다	cafe	129.45986	35.67683
소풍길	stay	129.23175	35.83082
소풍날	food	129.31972	35.72589
소풍막창	food	129.20968	35.85031
소풍한옥풀빌라	stay	129.26703	35.85585
소프라노노래연습장	activity	129.20590	35.85488
소하염전	food	129.20915	35.83790
소하책방	cafe	129.22902	35.84222
소향몽경주	food	129.20937	35.83784
소호	stay	129.18846	35.82923
소후리갈비정육식당	food	129.19648	35.99716
소후리갈비정육점	shop	129.19648	35.99716
소휴림	stay	129.27235	35.78200
속통	food	129.20192	35.86725
손가공방	cafe	129.21322	35.86438
손가맥집	bar	129.21227	35.83508
손끝이야기	food	129.27683	35.99087
손님올까	food	129.22381	35.85978
손서방식육식당	food	129.20343	35.86879
손서방식육점	shop	129.20333	35.86871
손수만두	food	129.20674	35.84395
손여사의달콤한놀이터	food	129.19641	36.00300
손의손경주용황점	food	129.22364	35.88264
손이가꽈배기	food	129.21709	35.84572
손정수가구	shop	129.24172	35.90297
솔	cafe	129.20782	35.84447
솔	stay	129.33066	35.69618
솔	cafe	129.21466	35.83542
솔거미술관	heritage	129.28887	35.83225
솔내음식당	food	129.49371	35.77682
솔레펜션	stay	129.48985	35.78589
솔루션	shop	129.21678	35.86840
솔리드피트니스	activity	129.21686	35.84382
솔뫼	food	129.40624	35.66418
솔바람사이길	stay	129.32422	35.77475
솔밭슈퍼	shop	129.46301	35.67215
솔밭오리진흙구이	food	129.12253	35.98583
솔베이지	stay	129.25746	35.86366
솔솔당	stay	129.20436	35.84402
솔솔약국	shop	129.21816	35.86890
솔솔한옥스테이	stay	129.22346	35.84365
솔숲아기별펜션커플가족단체스파복층수영장펜션	stay	129.40667	35.66566
솔약국	shop	129.04380	35.75780
솔옹심칼국수	food	129.19680	35.84841
솔트	stay	129.45610	35.79044
솔트스테이	stay	129.22550	35.86090
솔향기파크펜션	stay	129.31897	35.77798
솔향기펜션	stay	129.20975	35.80946
솜다리	stay	129.28267	35.77500
솜마가	stay	129.30744	35.78864
솜마나	stay	129.30719	35.78852
솟대그리고수석	shop	129.47150	35.70041
송가네칼국수	food	129.04457	35.75742
송나신발	shop	129.10481	35.84830
송대말칼국수	food	129.49836	35.80745
송도회식당	food	129.50155	35.80282
송림	food	129.28183	36.00712
송림손칼국수	food	129.18080	35.84570
송림식당	food	129.26939	35.89519
송림오토캠핑장	stay	129.49004	35.78720
송림한옥	stay	129.31301	35.78332
송백반점	food	129.46249	35.67246
송백식당	food	129.28491	35.83573
송보유통	shop	129.20980	35.99415
송선식당	food	129.07790	35.83665
송선재	stay	129.07731	35.83868
송선흑염소식당	food	129.22588	35.85503
송송꼬마김밥	food	129.26926	35.89515
송옥	food	129.31198	35.67920
송원	food	129.04343	35.75724
송원숯불갈비	food	129.32531	35.70901
송원참숯불	food	129.24084	35.84575
송월종합식품	shop	129.22290	35.98961
송이네	food	129.05231	35.67476
송이야생화	shop	129.28033	35.66485
송이토탈	shop	129.32461	35.71440
송자맛집	food	129.20632	35.85486
송자맛집	food	129.19192	35.86172
송전전통목공예	shop	129.32063	35.72871
송정갈비	food	129.05042	35.89336
송정원순두부	food	129.30997	35.77056
송죽낚시	shop	129.21201	35.99385
송죽다방	cafe	129.22738	35.99256
송코너화장품	shop	129.22384	35.99099
송프로피자	food	129.21361	35.86483
송학	stay	129.31509	35.79058
송학	food	129.31968	35.71391
송학구이	food	129.20995	35.83628
송학구이	food	129.22373	35.85585
송화	food	129.16305	35.98018
송화	bar	129.22314	35.85677
송화다방	cafe	129.21652	35.84315
송화막걸리	bar	129.21567	35.86574
송화상회	shop	129.22265	35.83783
송화원	stay	129.32938	35.78360
송화촌	food	129.19497	35.84988
송화펜션	stay	129.25516	35.81433
송화헌	stay	129.18558	35.85791
솥귀현호텔	stay	129.20398	35.84400
쇠전뭉티기	food	129.20482	35.83999
쇼	shop	129.22679	35.85366
쇼노래연습장	activity	129.20593	35.85287
쇼메	shop	129.22503	35.88035
쇼모텔	stay	129.20242	35.84074
쇼케이스스틸룸	food	129.21045	35.84217
쇼콜라	cafe	129.32894	35.78506
숏커피	cafe	129.32651	35.70577
수	shop	129.22442	35.85385
수가성순두부	food	129.22550	35.85524
수가성순두부	food	129.21281	35.84744
수경	shop	129.20728	35.84265
수국식당	food	129.29279	35.84716
수국의뜰	stay	129.45083	35.66090
수궁횟집	food	129.45923	35.66667
수내닭꼬치	food	129.21834	35.86767
수내닭꼬치	food	129.30621	35.77278
수내방	shop	129.22134	35.85972
수노래궁	bar	129.50231	35.80458
수다	cafe	129.31574	35.79129
수다방	cafe	129.04805	35.89506
수다방	cafe	129.22730	35.99189
수다야	cafe	129.21508	35.87373
수달활어	food	129.19627	36.00332
수도산조개구이	food	129.19680	35.84223
수도회식당	food	129.49552	35.79202
수라	food	129.22443	35.85822
수라밀면	food	129.22446	35.85827
수라전통육개장	food	129.46716	35.68109
수랏간	food	129.22520	35.84946
수렴산장	food	129.33062	35.69958
수렴생대구탕	food	129.47398	35.69284
수림산장	food	129.05959	35.70133
수목휴게소	shop	129.22821	36.02759
수미정분식	food	129.20674	35.84395
수미칼국수	food	129.27392	36.00441
수백당경주용	food	129.22556	35.87817
수백식당	food	129.22202	35.85278
수복농산물식자재마트	shop	129.22674	35.85317
수복마트	shop	129.33417	35.67785
수복문구	shop	129.22087	35.99267
수복삼겹식당	food	129.24168	35.84657
수복식당	food	129.22212	35.85272
수복튜나스시	food	129.22394	35.84920
수봉마트	shop	129.22648	35.84285
수블라썸	shop	129.21873	35.87177
수비비안	shop	129.22487	35.87344
수빈이네	shop	129.10417	35.84916
수빈포차	bar	129.22037	35.99076
수빈횟집	food	129.51863	35.83766
수석정	food	129.23731	35.82571
수선화	shop	129.21157	35.84249
수성	food	129.17643	35.84418
수성커피	cafe	129.22671	35.87836
수소주마을	bar	129.20592	35.85443
수수상라	stay	129.43735	35.73874
수수앤미미	stay	129.20655	35.84212
수앤지	shop	129.24436	35.91642
수야방	shop	129.22605	35.88160
수야성	food	129.22493	35.98928
수야채	shop	129.21719	35.85362
수약과	shop	129.21634	35.84507
수약국	shop	129.22260	35.99113
수에스테틱	shop	129.19470	36.00293
수연건어물	shop	129.50201	35.80411
수연당	food	129.21764	35.84204
수연당제과	food	129.21750	35.84300
수연이아시안마트	shop	129.32523	35.71496
수연지노래연습장	activity	129.22826	35.99336
수영낚시	shop	129.46198	35.67775
수영냉삼경주용황점	food	129.22733	35.88214
수영시래기밥	food	129.26035	35.80893
수영정보통신	shop	129.50268	35.80384
수영지사	shop	129.21745	35.85391
수오재	stay	129.25110	35.82143
수용식육점	shop	129.21182	35.85309
수월다방	cafe	129.21909	35.99095
수월사불교용품	shop	129.46883	35.81487
수정각	food	129.46984	35.70073
수정분식	food	129.20674	35.84395
수정사	shop	129.21017	35.84242
수정사	shop	129.31138	35.80542
수정소반	food	129.20531	35.79855
수정약국	shop	129.10458	35.84857
수정원	food	129.27915	35.83610
수정찻집	cafe	129.10623	35.85034
수제팥집호문당	food	129.29023	35.84444
수참치	food	129.22869	35.87873
수창당한약방	shop	129.05033	35.89342
수창상회	shop	129.20674	35.84395
수타왕손짜장	food	129.20347	35.72914
수평선회타운	food	129.48848	35.74848
수피아카페	cafe	129.24129	35.80700
수한옥	activity	129.20545	35.77815
수향	stay	129.21423	35.83339
수향가옥	stay	129.20845	35.83888
수향생아구전문	food	129.20413	35.83956
수향족발가	food	129.22239	35.85655
수향회식당	food	129.49295	35.76114
수협	food	129.50499	35.80923
수협바다마트정육	shop	129.50292	35.80473
수협바다카페	cafe	129.50292	35.80473
수화랑	shop	129.19803	35.77812
숙다방	cafe	129.10458	35.85031
순금당	shop	129.21586	35.84302
순금재	stay	129.32154	35.71394
순두부짬뽕동궁	food	129.21412	35.83415
순살아구몽	food	129.21351	35.86575
순수당	food	129.22556	35.88295
순수찰보리빵	cafe	129.21340	35.84064
순수치킨	food	129.32365	35.67066
순이식당	food	129.22153	35.99085
순이양품	shop	129.21631	35.84539
순정가든	food	129.40910	35.82039
순정식당	food	129.40910	35.82039
순지휴게소	shop	129.29682	35.73930
순천마트	shop	129.20678	35.84587
순천식당	food	129.32738	35.78578
순흥숯불고기	food	129.32779	35.70035
순희네	shop	129.10576	35.84851
순희딸기	cafe	129.21031	35.83566
순희막걸리	food	129.20995	35.85115
술	food	129.10467	35.85050
술미식품	shop	129.13916	35.80114
술미식품	shop	129.19362	35.81250
술이달다	bar	129.20484	35.84039
술이야	food	129.47070	35.70022
술이야	bar	129.22615	35.85122
술익는마을	bar	129.18100	35.84447
술자리가학교당	bar	129.21446	35.86709
술창고	bar	129.22646	35.85343
술친구식당	food	129.50404	35.80411
술한잔해요	bar	129.22568	35.88248
숨결	shop	129.31291	35.80328
숭문대	heritage	129.21262	35.83015
숯방나드리	stay	129.39674	35.68921
숯불광장	food	129.18650	35.84266
숯불구이삼겹살더홈	food	129.21048	35.85455
숲	shop	129.21362	35.84302
숲골펜션	stay	129.29514	35.97048
숲머리가계	shop	129.24993	35.84154
숲머리민박	stay	129.25032	35.84067
숲머리할매집	stay	129.25065	35.84125
숲속게스트하우스	stay	129.34933	35.68909
숲속에관광농원	stay	129.06657	35.64855
숲속이야기	stay	129.25622	35.86234
숲속자연펜션	stay	129.31431	35.77917
숲속정원	stay	129.39755	35.68829
숲숯	shop	129.14493	35.92935
숲을이루다	cafe	129.21034	35.84222
쉐	food	129.32405	35.71497
쉐르빌	food	129.29218	35.91574
쉐이크잇	food	129.21025	35.83713
쉬는시간	food	129.21265	35.84222
쉬어가는집	food	129.31843	35.71197
쉬오트애견풀빌라	stay	129.30623	35.79036
쉬즈미스	shop	129.24436	35.91642
쉼	stay	129.30138	35.85367
쉼터	bar	129.22270	35.85626
쉼터	shop	129.32894	35.78506
쉼터국시	food	129.31872	35.77789
쉼터다방	cafe	129.22473	35.99312
쉼터카페	bar	129.22473	35.99312
쉼표아이스크림	shop	129.22082	35.85977
슈가호텔	stay	129.20307	35.84133
슈만과클라라	food	129.26905	35.85301
슈슈슈	food	129.21040	35.83638
슈슈앤크라	shop	129.22654	35.88304
슈어	cafe	129.23047	35.84109
슈올즈	shop	129.21151	35.84395
슈퍼마켓	shop	129.49342	35.77828
슈퍼마켓	shop	129.10735	35.85116
슈퍼마켓	shop	129.21180	35.83617
슈퍼마켓	shop	129.50969	35.82576
슈퍼마켓	shop	129.50098	35.80728
슈퍼마켓	shop	129.29158	35.96500
슈퍼마켓	shop	129.22195	35.98994
슈퍼마켓	shop	129.18043	35.80286
슈퍼윙스키즈카페홈플러스경주점	activity	129.22487	35.87344
슈퍼크리스피경주용황점	food	129.22863	35.88312
스노우팩토리	food	129.26553	35.77738
스노우피크	shop	129.24436	35.91642
스마일	shop	129.20678	35.84587
스마일꽈배기	food	129.22647	35.85354
스마일정보통신	shop	129.22861	35.87682
스마일찰진꽈배기	food	129.22482	35.99233
스마일캠핑장	stay	129.07553	35.70808
스마일하비	cafe	129.18859	35.84127
스마트유니폼	shop	129.33128	35.68255
스마트정보통신	shop	129.22441	35.85677
스마트조명	shop	129.20715	35.84709
스마트파크골프	shop	129.10041	35.85274
스마트폰통신	shop	129.20792	35.85321
스멜스라이크브레드	food	129.22503	35.88035
스모스경주	stay	129.26013	35.85876
스모크하우스	food	129.20887	35.85123
스모프치킨	food	129.19725	35.75039
스모프치킨	food	129.30944	35.76314
스모프치킨	food	129.22862	35.99342
스모프치킨산내점	food	129.04701	35.75793
스모프치킨점	food	129.26861	35.89535
스바라시	shop	129.20735	35.83654
스스무동	food	129.20758	35.85349
스시드새우	food	129.21112	35.86442
스시드새우충효점	food	129.17759	35.84510
스시야	food	129.22400	35.85207
스시이지언	food	129.23154	35.88501
스시쿠리	food	129.21229	35.84705
스시하루방	food	129.22733	35.88167
스웨덴양과점	cafe	129.21558	35.86843
스위스모텔	stay	129.20712	35.99441
스위스장여관	stay	129.47398	35.68828
스위트	bar	129.21867	35.86841
스위트발리풀빌라	stay	129.27343	35.87073
스위트캔디	shop	129.27915	35.83610
스위트크림힐	stay	129.27536	35.87361
스위피	cafe	129.21185	35.83462
스윗문	cafe	129.21489	35.84304
스윗커피	cafe	129.22587	35.85822
스윗하비	cafe	129.21753	35.84159
스윗홈독채펜션	stay	129.25712	35.81774
스윗힐	stay	129.25787	35.85768
스카이	activity	129.21552	35.86534
스카이경주	activity	129.21746	35.81641
스카이글램핑	stay	129.30727	35.81182
스카이밸리펜션	stay	129.06630	35.72445
스카이스크린골프	activity	129.22265	35.88064
스카이스크린골프	activity	129.32624	35.71350
스카이스포렉스매점	shop	129.21552	35.86534
스카이스포렉스여탕내매점	shop	129.21552	35.86534
스카이시티수산용강	shop	129.22391	35.86239
스카이약국	shop	129.21552	35.86534
스카이월드주	activity	129.28509	35.83387
스카이존키즈까페	activity	129.21022	35.86576
스카이탁구장	activity	129.22939	35.84991
스칼렛오하라호텔	stay	129.31587	35.75290
스컹크웍스	cafe	129.20988	35.83557
스케쳐스경주모다	shop	129.24488	35.91840
스케쳐스경주점	shop	129.21217	35.84338
스쿨룩스	shop	129.21751	35.84333
스쿱당	food	129.21442	35.83432
스키드안경원	shop	129.21181	35.84254
스타노래연습장	activity	129.19580	36.00316
스타노래연습장	activity	129.22270	35.85523
스타덤피시방	activity	129.19077	35.86148
스타벅스	cafe	129.20333	35.83805
스타벅스	cafe	129.17472	35.84452
스타벅스	cafe	129.28597	35.83882
스타벅스	cafe	129.22435	35.86776
스타벅스	cafe	129.28515	35.83641
스타벅스	cafe	129.26869	35.85326
스타벅스	cafe	129.21496	35.83402
스타벅스	cafe	129.23177	35.88461
스타벅스	cafe	129.21247	35.84211
스타벅스보문	cafe	129.28595	35.83880
스타일마리오	shop	129.21362	35.84266
스타즈스토리	shop	129.21183	35.84194
스타텔레콤	shop	129.21258	35.84436
스타텔레콤	shop	129.22503	35.88035
스타트커피	cafe	129.49447	35.77466
스탈리	stay	129.31775	35.79546
스테이	stay	129.14672	35.98171
스테이가봄	stay	129.26607	35.86208
스테이가온사랑채	stay	129.21437	35.84796
스테이가온해	stay	129.20409	35.84654
스테이가온황리단길점	stay	129.21028	35.83430
스테이경주노닐당	stay	129.19002	35.82663
스테이경주하리보	stay	129.21315	35.85368
스테이고요화	stay	129.22381	35.83938
스테이그로브	stay	129.25740	36.05052
스테이기다림	stay	129.20863	35.83585
스테이깃티	stay	129.25239	35.83332
스테이꼬리	stay	129.21254	35.81315
스테이나인	stay	129.31342	35.76867
스테이낮선	stay	129.18759	35.82917
스테이누리라	stay	129.20771	35.84970
스테이눕	stay	129.22161	35.84556
스테이능옥	stay	129.20785	35.83626
스테이달잠	stay	129.21014	35.83446
스테이달토끼	stay	129.22565	35.82712
스테이더나잇	stay	129.21671	35.84696
스테이더쉼	stay	129.20459	35.84119
스테이델라마레	stay	129.49108	35.75570
스테이동천	stay	129.23459	35.85211
스테이로만티시	stay	129.18752	35.81447
스테이로피	stay	129.20861	35.84420
스테이로피노서점	stay	129.20849	35.84423
스테이로피읍성점	stay	129.21426	35.84785
스테이루나	stay	129.27859	35.88015
스테이룸	shop	129.17111	35.84684
스테이류	stay	129.22101	35.84359
스테이리브	stay	129.27426	35.87303
스테이마네	stay	129.30104	35.85370
스테이마당	stay	129.28175	35.87160
스테이마음	stay	129.21901	35.84126
스테이매일의아침	stay	129.28991	35.89629
스테이모량	stay	129.12195	35.82067
스테이모인	stay	129.22961	35.99417
스테이목월	stay	129.12332	35.81846
스테이물천	stay	129.28295	35.86867
스테이뮤트	stay	129.32967	35.76991
스테이미니멀	stay	129.31089	35.78646
스테이미하스	stay	129.29223	35.91477
스테이보름	stay	129.20837	35.82727
스테이불국사계	stay	129.32644	35.78299
스테이사유	stay	129.22759	35.84176
스테이서린	stay	129.29060	35.89169
스테이선광	stay	129.23561	35.81678
스테이소소리	stay	129.31870	35.76918
스테이소야	stay	129.27831	35.90886
스테이수궁	stay	129.25341	35.95256
스테이숲	stay	129.26497	35.99154
스테이숲골	stay	129.29649	35.97051
스테이시골	stay	129.15621	35.90010
스테이시래	stay	129.28836	35.77070
스테이안김	stay	129.21283	35.83553
스테이안유	stay	129.20745	35.84635
스테이여기	stay	129.20890	35.83620
스테이여운	stay	129.17787	35.87538
스테이여유당	stay	129.20760	35.83638
스테이연	stay	129.20456	35.83631
스테이연동	activity	129.51968	35.83782
스테이예악	stay	129.28819	35.91157
스테이오브제	stay	129.05409	35.66604
스테이오오공	cafe	129.20916	35.83640
스테이오온	stay	129.21178	35.81386
스테이온새미로	stay	129.16442	35.88762
스테이왔는가	stay	129.19012	35.80155
스테이유	stay	129.32854	35.78144
스테이유유자적	stay	129.20690	35.82679
스테이유화담	stay	129.20838	35.83824
스테이이로	stay	129.32203	35.79149
스테이이안	stay	129.21120	35.83653
스테이인동	stay	129.26333	35.99160
스테이인연	stay	129.20800	35.83529
스테이정담온	stay	129.21055	35.83389
스테이즈믄	stay	129.20783	35.83762
스테이커피	cafe	129.08481	35.83935
스테이터미널	stay	129.20457	35.83996
스테이펜션	stay	129.26240	35.85784
스테이풀빌라솔뫼	stay	129.28213	35.77989
스테이플레도	stay	129.32565	35.78381
스테이플로어	stay	129.30013	35.78800
스테이하구	stay	129.16880	35.88672
스테이해담	stay	129.21156	35.83571
스테이혜윰	stay	129.27845	36.00283
스테이황촌	stay	129.22102	35.84516
스테이효우	stay	129.17858	35.89237
스테프핫도그	food	129.27915	35.83610
스텔라	food	129.22463	35.85315
스토리	shop	129.20946	35.83567
스튜디오오소	stay	129.33727	35.71273
스튜디오우드앤쏘온	shop	129.21541	35.84214
스트라이크존경주보문구장	activity	129.28845	35.84550
스틸룸	food	129.21043	35.84223
스틸편의점	shop	129.46380	35.67615
스파이더경주점	shop	129.24345	35.91528
스펀지	shop	129.21363	35.84236
스펑크커피	cafe	129.22902	35.84311
스페셜모텔	stay	129.28097	36.00299
스페이스놀	cafe	129.33526	35.77620
스페이스놀	stay	129.33533	35.77653
스페이스여옥	shop	129.31468	35.78338
스페이스조이	stay	129.21117	35.84475
스페이스텍플랜티	shop	129.21659	35.84939
스페이스펜션	stay	129.05907	35.70642
스펙트럼	shop	129.22904	35.84676
스포츠	shop	129.20674	35.84395
스포츠당구클럽	activity	129.21567	35.86574
스폰노래연습장	activity	129.20653	35.85375
스핀닭날개볶음밥	food	129.20674	35.84395
스핑	bar	129.28845	35.84550
슥슥	shop	129.20954	35.83758
슬기로운과자생활	food	129.20967	35.83802
슬기로운과자생활	food	129.21660	35.84191
슬기로운과자생활	shop	129.21936	35.86764
슬기상회	shop	129.50201	35.80411
슬랩트	cafe	129.21382	35.83985
슬로우비펜션	stay	129.30370	35.78778
슬이담	stay	129.15873	35.74821
승리당구장	activity	129.20308	35.84324
승승하우스	stay	129.30187	35.78712
승진식당	food	129.22510	35.99012
승평요	shop	129.16804	35.88796
승화전력	shop	129.13993	35.98020
시간의여백	cafe	129.20970	35.84353
시계태엽더사로	cafe	129.21463	35.84710
시고르	stay	129.25603	35.86252
시골나들이	food	129.22998	35.87676
시골다방	cafe	129.50305	35.80402
시골맛집	food	129.26618	35.89683
시골맷돌순두부	food	129.30552	35.67696
시골밥상	food	129.20674	35.84395
시골밥상	food	129.05339	35.89130
시골밥상	food	129.16323	36.00934
시골밥상	food	129.21031	35.83566
시골밥상	food	129.46293	35.67388
시골보리밥	food	129.06478	35.65284
시골보리밥	food	129.27267	35.98612
시골분식	food	129.21694	35.84505
시골분식	food	129.33425	35.67775
시골산촌	food	129.03451	35.86253
시골삼계탕	food	129.10533	35.84859
시골순대	food	129.22670	35.99060
시골숯불치킨	food	129.45998	35.66673
시골숯불한우촌	food	129.04555	35.89611
시골숯불한우촌	food	129.04600	35.89577
시골식당	food	129.10445	35.84898
시골식당	food	129.32890	35.68098
시골식당	food	129.29818	35.77766
시골쌈밥	food	129.21576	35.83593
시골쌈밥	food	129.45969	35.71002
시골어탕	food	129.10496	35.84819
시골여행	food	129.22595	35.85676
시골여행감포점	food	129.49077	35.78167
시골집	food	129.20837	35.84727
시골착한정육점	shop	129.04555	35.89611
시골풍경	food	129.16904	35.84379
시골향	stay	129.46763	35.81808
시공	bar	129.21436	35.84744
시그니아독일보청기	shop	129.21749	35.84804
시나본황리단길점	cafe	129.20823	35.83676
시나브로경주	stay	129.26220	35.85365
시대메리야스	shop	129.22650	35.85190
시대상회	shop	129.20674	35.84395
시대상회	shop	129.21271	35.85072
시드니마트	shop	129.49586	35.79207
시드니월남쌈	food	129.22035	35.88217
시래쿡	food	129.31174	35.77150
시리우스	stay	129.20429	35.84183
시리즈노서	stay	129.20242	35.84074
시마린풀빌라	stay	129.50852	35.81791
시몬스경주점	shop	129.22255	35.86578
시민약국	shop	129.20615	35.84487
시민오토바이상사	shop	129.21539	35.98969
시민테니스클럽	activity	129.22628	35.85870
시밀레	bar	129.19641	36.00300
시바스가요주점	bar	129.22372	35.85492
시선소가	stay	129.20763	35.83470
시아북카페경주용황점	cafe	129.22781	35.88279
시아스테이	stay	129.21456	35.84368
시아제강	shop	129.24837	35.94639
시어풀빌라	stay	129.50271	35.80175
시에나	stay	129.22940	35.84087
시에스타	stay	129.13978	35.95052
시우와당	stay	129.21255	35.83498
시우유통	shop	129.22473	35.86279
시원건강원	shop	129.23015	35.87669
시원냉동	shop	129.23463	35.84420
시월한우육회바다연어	food	129.22311	35.85653
시인과바다	food	129.45414	35.66595
시장국집	food	129.22233	35.99041
시장닭집	shop	129.10481	35.84830
시장상회	shop	129.10178	35.84281
시장손칼국수	food	129.32576	35.71444
시장수산	food	129.30117	35.77576
시장식당	food	129.10533	35.84859
시장식육식당	shop	129.10311	35.84931
시장종표상회	shop	129.50201	35.80411
시장커피	cafe	129.44152	35.79052
시장커피숍	cafe	129.20674	35.84395
시장횟집	food	129.21631	35.84539
시장횟집	food	129.22312	35.85500
시절인연	stay	129.23920	35.84371
시즈닝	food	129.21247	35.83551
시즈더데이	cafe	129.23085	35.87603
시크릿	stay	129.27229	35.87336
시크릿가든	shop	129.18301	35.84320
시트러스로스터즈	shop	129.20327	35.85188
시호재	stay	129.17918	35.88766
시휴별당	stay	129.20761	35.83431
식당경주	food	129.15161	35.81881
식물도감	shop	129.21180	35.84500
식물마켓	shop	129.18005	35.84477
식물카페아단소니	shop	129.18351	35.87653
식물카페아단소니용황점	shop	129.22698	35.88204
식탐에프엔에스	food	129.18281	35.84455
신경주경주빵찰보리빵불국사점	cafe	129.32742	35.78623
신경주농업협동조합하나로마트	shop	129.10275	35.84947
신경주빵	food	129.14918	35.81870
신경주빵카페	food	129.31358	35.79064
신경주식육점	shop	129.14725	35.81304
신경주암소숯불셀프	food	129.14725	35.81304
신경주역롯데리아	food	129.13940	35.79808
신경주찰보리경주빵	shop	129.26317	35.85158
신경주찰보리빵보문월드점	shop	129.28482	35.83548
신계베트남상회	shop	129.32618	35.71496
신계식당	food	129.32457	35.76819
신광손칼국수	food	129.21750	35.84234
신광슈퍼	shop	129.22109	35.84143
신광약국	shop	129.10380	35.84941
신광중고	shop	129.32426	35.71417
신광회	food	129.49370	35.76190
신구돌솥밥	food	129.21020	35.84404
신구한식당	food	129.27098	35.89755
신금당	shop	129.22504	35.99189
신기의료기동경주점	shop	129.47226	35.68448
신깡통뒷고기경주	food	129.22311	35.85626
신꼬막짬뽕	food	129.22506	35.85295
신나고	bar	129.47113	35.70110
신달하우스	stay	129.20422	35.83807
신당양꼬치	food	129.21362	35.84290
신대원약국	shop	129.20666	35.84494
신대자연낚시	shop	129.04825	35.89435
신들꽃	bar	129.18301	35.84320
신떡순신천할매떡볶이경주월드점	food	129.27915	35.83610
신라	food	129.20937	35.83359
신라	shop	129.21228	35.86827
신라가족호텔	stay	129.26052	35.80736
신라갈비	food	129.44121	35.79041
신라게임랜드	activity	129.29828	35.77690
신라고분정보센터	heritage	129.21004	35.84163
신라고시원	stay	129.21023	35.84822
신라고택	stay	129.21205	35.83567
신라공고구내매점	shop	129.24252	35.89365
신라과일상회	shop	129.22623	35.88552
신라노래연습장	activity	129.30597	35.77230
신라당구클럽	activity	129.22588	35.85503
신라데코	shop	129.21054	35.84363
신라떡방앗간	food	129.32136	35.72781
신라마트	shop	129.18940	35.81334
신라명가	shop	129.21618	35.84119
신라명가	food	129.21393	35.82057
신라명가	food	129.21268	35.82091
신라명가보문	shop	129.30621	35.81272
신라명가한식당	food	129.28637	35.84398
신라문화제	event	129.21064	35.84128
신라보석	shop	129.21147	35.84403
신라본	food	129.18233	35.84237
신라상사	shop	129.19104	35.86479
신라상회	shop	129.21683	35.84556
신라슈퍼	shop	129.32894	35.78506
신라스크린	activity	129.33598	35.67125
신라식자재마트경주	shop	129.21543	35.99318
신라식자재마트경주대흥리테일	shop	129.33598	35.67125
신라쌈밥식당	food	129.21543	35.83470
신라여관	stay	129.50133	35.80848
신라여관	stay	129.20803	35.83339
신라역사과학관	heritage	129.31122	35.80711
신라연가	stay	129.32042	35.78888
신라오능점	food	129.21155	35.82023
신라왕경숲	nature	129.23886	35.83997
신라요	shop	129.31155	35.80610
신라유리거울창호	shop	129.20823	35.84356
신라유스타운	stay	129.32717	35.78552
신라유스호스텔	food	129.32905	35.78438
신라의달밤	bar	129.30720	35.77270
신라의달밤포차	food	129.20956	35.83411
신라전기조명	shop	129.23135	35.84615
신라전통테라피폼롤러센터	shop	129.32218	35.78399
신라전통한옥스테이월정루	stay	129.21637	35.82597
신라정	food	129.26393	35.85249
신라제면	food	129.21239	35.83507
신라제면경주황리단길점	food	129.21190	35.83510
신라주막	food	129.32796	35.78414
신라찜닭	food	129.21242	35.83594
신라촌국수	food	129.24066	35.84434
신라촌민박	stay	129.24066	35.84434
신라촌슈퍼	shop	129.24066	35.84434
신라텍식당	food	129.20674	35.84395
신라통신	shop	129.21254	35.84355
신라푸드	food	129.32885	35.73015
신라풀스테이	stay	129.28169	35.77739
신라해장국연안점	food	129.32067	35.72705
신라향	food	129.31738	35.78817
신라회센타	food	129.30772	35.77237
신명가구점	shop	129.21704	35.84757
신바람꽈배기	food	129.22282	35.99172
신바람난찐빵	food	129.49051	35.78880
신바람막걸리	bar	129.22698	35.85038
신바람생숯불	food	129.21125	35.86592
신박어탕	food	129.50206	35.80579
신박통숯불구이	food	129.20961	35.86599
신배재	food	129.18372	36.00005
신부방	shop	129.20807	35.84352
신불날개	food	129.21920	35.99173
신사카페	cafe	129.21334	35.84315
신생옥반점	food	129.22619	35.99217
신석장군	food	129.18707	35.85991
신선상사	shop	129.18114	35.89704
신선유통	shop	129.18114	35.89704
신성가방	shop	129.21627	35.84494
신성떡방앗간	food	129.10596	35.84863
신성반점	food	129.20300	35.83947
신성상회	shop	129.10533	35.84859
신성포목	shop	129.22255	35.98997
신성화장품	shop	129.10373	35.84887
신세계닭발	food	129.18978	35.86060
신세계약국	shop	129.21218	35.84481
신세계유통	shop	129.32516	35.70936
신속풀이대구탕	food	129.32349	35.71481
신신의료기	shop	129.21707	35.84560
신아산업	shop	129.22590	35.97399
신앙촌상회	shop	129.20770	35.84451
신앙촌상회	shop	129.21011	35.88181
신얼큰이짬뽕	food	129.32405	35.66955
신영	stay	129.21749	35.84283
신왕성떡집	food	129.21653	35.84460
신용종합건어물	shop	129.22251	35.99039
신우가구	shop	129.24832	35.94840
신원슈퍼	shop	129.01041	35.76122
신원음향	shop	129.21040	35.85474
신이준선물	shop	129.22355	35.84651
신이펜션	stay	129.26225	35.85450
신일상회	shop	129.21650	35.84494
신전기	shop	129.20556	35.83501
신전떡볶이	food	129.21360	35.84142
신전떡볶이용황점	food	129.22824	35.88376
신전원일기	stay	129.05037	35.68545
신정반점	food	129.17392	35.84361
신정사	shop	129.21657	35.84996
신진낚시	shop	129.30973	35.76919
신진엔지니어링	shop	129.22490	35.85198
신짜우	food	129.21115	35.85432
신참떡볶이	food	129.21438	35.86448
신천식당	food	129.21527	35.84703
신천지다방	cafe	129.21622	35.84291
신촌게임프라자	activity	129.18571	35.84285
신촌노래연습장	activity	129.18571	35.84285
신토불이	food	129.27583	35.98913
신토불이밥상	food	129.16398	35.89631
신토불이식당	food	129.30151	35.77575
신평식당	food	129.21986	35.99119
신풍대패삼겹살	food	129.18442	35.84296
신한숯불생고기	food	129.21502	35.84596
신해변타운식당	food	129.51037	35.81906
신형섭커피	cafe	129.21517	35.84264
신형섭커피	cafe	129.17896	35.84601
신혜약국	shop	129.21751	35.84754
신호등퓨전포차	food	129.17507	35.88974
신화불닭	food	129.20726	35.85315
신화유통	shop	129.20945	35.87649
신화장여관	stay	129.20629	35.84128
신화전기	shop	129.21678	35.99313
신흥갈비곰탕	food	129.21451	35.86664
신흥떡방앗간	food	129.44076	35.79376
신흥종합상사	shop	129.21271	35.99378
실나라뜨개방	shop	129.20674	35.84395
실내야구연습장	activity	129.18571	35.84285
실라마실풀빌라	stay	129.28215	35.83152
실론스파이시	shop	129.33253	35.67810
실론호프	bar	129.31797	35.68010
실비주점	bar	129.50281	35.80706
실크로드	bar	129.20432	35.84371
심가네	food	129.23876	35.84396
심가네갈치동태탕	food	129.27161	35.71049
심보공방	shop	129.22737	35.84153
심봉사기절하는도너츠	food	129.21631	35.84539
심상	shop	129.20947	35.83602
심술	bar	129.21590	35.86824
심야라멘트럭경주점	food	129.20769	35.84208
심플소잉경주용황점	shop	129.22710	35.88123
십원빵간식코너점	food	129.13916	35.80114
십이스토리국수집	food	129.22503	35.88035
십이월스테이	stay	129.31425	35.76884
싯토리베이커리	food	129.21149	35.84273
싱글커피숍	cafe	129.04830	35.89418
싱글파크골프존	activity	129.23049	35.84969
싱싱과일	shop	129.22230	35.99063
싱싱닭고기	shop	129.21525	35.84578
싱싱식육유통	shop	129.22568	35.86216
싱싱회포차	bar	129.33467	35.67877
싱크퓨어	shop	129.21184	35.84645
싸가지고가게	shop	129.10603	35.85035
싸가지없는갈비	food	129.23182	35.84820
쌈포유정록쌈밥	food	129.21384	35.83875
쌍둥이네포장마차	bar	129.22867	35.87700
쌍둥이수산	shop	129.51774	35.84112
쌍방울	shop	129.22233	35.99041
쌍쌍노래궁	bar	129.05065	35.89249
쌍용유통	shop	129.21110	35.99166
쌤소나이트경주점	shop	129.21049	35.84324
쌤펜션	stay	129.25780	35.86265
쌩큐마트나들가게	shop	129.22416	35.84142
써니키친	food	129.22231	35.86902
써니펫	shop	129.18537	35.84273
써브웨이경주	food	129.21144	35.84478
써스데이아일랜드	shop	129.21219	35.84320
썬노래궁	bar	129.22317	35.85600
썬다이빙	shop	129.49108	35.75597
썬더치킨	food	129.30585	35.77222
썬라이브	bar	129.22379	35.99080
썬라이즈호	activity	129.50190	35.80187
썬모텔	stay	129.46274	35.67061
썬바이크	shop	129.21836	35.85454
썬스톤의료기	shop	129.20674	35.84395
썬키드	shop	129.29331	35.84485
썬트리휴	activity	129.33924	35.67441
썸	shop	129.10442	35.84795
썸	shop	129.21414	35.84640
썸펜션	stay	129.31801	35.79547
쎄시봉	bar	129.22325	35.85223
쎈놈	food	129.21839	35.86783
쎌빠경주점	food	129.21325	35.84184
쏘스칼프	shop	129.21042	35.85129
쏘추나라식당	bar	129.22673	35.85273
쏠베이커리경주	shop	129.18919	35.85982
쑥	shop	129.19212	35.89181
쑥부쟁이	food	129.31270	35.79730
쓖경주쓕	food	129.20996	35.83821
씨네마맥주	bar	129.20318	35.86827
씨로드	shop	129.46374	35.67678
씨쉘	food	129.20658	35.85471
씨스타	bar	129.47128	35.70106
씨스페이스경주	shop	129.15272	35.98627
씨스페이스경주	shop	129.15717	35.90133
씨스페이스경주읍성점	shop	129.21451	35.84576
씨스페이스충효	shop	129.18504	35.84312
씨앗종묘사	shop	129.10481	35.84830
씨앤비빌리지	food	129.21527	35.84703
씨앤씨	shop	129.20560	35.85521
씨앤에스에너지경주휴게소부산방향	shop	129.19227	35.72371
씨앤코컴퍼니동국대경주원효관점블루포트	food	129.19104	35.86479
씨엔에이	shop	129.21380	35.84341
씨엔엘에프앤씨	shop	129.21255	35.84407
씨엔엘에프앤씨	shop	129.21290	35.84397
씨엔엘에프앤씨아일로용황점	shop	129.22328	35.88156
씨엘	stay	129.20269	35.84077
씨엘미니호텔	stay	129.21567	35.84697
씨원하이샵	shop	129.10924	35.83188
씨유감포이끌림점	shop	129.49693	35.80366
씨유감포점	shop	129.50231	35.80458
씨유감포파도소리점	shop	129.50714	35.82370
씨유감포항구길점	shop	129.50290	35.80744
씨유경주	shop	129.21440	35.86576
씨유경주	shop	129.18951	35.86142
씨유경주	shop	129.20413	35.83838
씨유경주	shop	129.27415	35.98748
씨유경주	shop	129.22048	35.84153
씨유경주	shop	129.22285	35.85654
씨유경주	shop	129.26825	35.89578
씨유경주	shop	129.32429	35.71438
씨유경주	shop	129.20568	35.85291
씨유경주	shop	129.19033	35.86394
씨유경주강동벽산점	shop	129.27683	35.99087
씨유경주구어산업로점	shop	129.32504	35.70838
씨유경주금장래미안점	shop	129.20395	35.86858
씨유경주금장스위츠점	shop	129.20232	35.87020
씨유경주냉천	shop	129.29850	35.71354
씨유경주노동점	shop	129.21183	35.84194
씨유경주노서	shop	129.20377	35.84216
씨유경주노서점	shop	129.20302	35.84101
씨유경주뉴건천원룸점	shop	129.10521	35.85170
씨유경주더	shop	129.22441	35.87932
씨유경주동대로점	shop	129.20445	35.85575
씨유경주동문로점	shop	129.21405	35.85287
씨유경주동산	shop	129.21006	35.84588
씨유경주동천	shop	129.23222	35.84722
씨유경주동천선덕	shop	129.22676	35.85239
씨유경주동천선덕점	shop	129.22877	35.84841
씨유경주동천햇살점	shop	129.22810	35.85056
씨유경주모아	shop	129.24654	35.91959
씨유경주문산	shop	129.31362	35.68592
씨유경주보문	shop	129.28649	35.84354
씨유경주봉황대점	shop	129.21025	35.84203
씨유경주불국사	shop	129.32204	35.77896
씨유경주불국사앞점	shop	129.32722	35.78656
씨유경주불국사점	shop	129.30070	35.77486
씨유경주산내점	shop	129.04504	35.75870
씨유경주삼보타운점	shop	129.21803	35.86419
씨유경주석장뜰안에점	shop	129.19305	35.86010
씨유경주성건봉황로점	shop	129.21022	35.85141
씨유경주성건원룸점	shop	129.21007	35.85527
씨유경주성건화랑	shop	129.20620	35.84605
씨유경주시래	shop	129.30809	35.77325
씨유경주아화	shop	129.05033	35.89302
씨유경주양남테라점	shop	129.46370	35.67447
씨유경주여고점	shop	129.20740	35.85649
씨유경주역	shop	129.13826	35.80291
씨유경주외동서라벌점	shop	129.27129	35.71093
씨유경주용강공단점	shop	129.21820	35.87459
씨유경주용담로점	shop	129.21210	35.86838
씨유경주용황센트로점	shop	129.22777	35.88318
씨유경주월드점	shop	129.28482	35.83548
씨유경주자이르네점	shop	129.17561	35.88945
씨유경주점	shop	129.24479	35.91683
씨유경주정일	shop	129.31717	35.68024
씨유경주초당길점	shop	129.23305	35.84490
씨유경주충효로점	shop	129.18907	35.84288
씨유경주하동점	shop	129.31327	35.79513
씨유경주호텔옹기점	shop	129.20952	35.84412
씨유경주황남점	shop	129.20969	35.83537
씨유경주황리단길점	shop	129.20967	35.83860
씨유경주황성대로점	shop	129.21260	35.86382
씨유경주황성한빛점	shop	129.21794	35.86183
씨유경주황오	shop	129.21381	35.84404
씨유남경주점	shop	129.32111	35.73111
씨유내남	shop	129.19828	35.75045
씨유뉴건천점	shop	129.10346	35.84974
씨유뉴월성원자력본부점	shop	129.47270	35.71092
씨유동대	shop	129.20665	35.85396
씨유동천선주점	shop	129.22461	35.84888
씨유안강양월점	shop	129.21889	35.99282
씨유안강예일점	shop	129.21186	35.99176
씨유안강호국	shop	129.14672	35.98171
씨유연안휴게소점	shop	129.32067	35.72705
씨유와이즈	shop	129.19104	35.86479
씨유월성원자력본부점	shop	129.47270	35.71092
씨유충효	shop	129.18535	35.84222
씨유충효대우점	shop	129.17965	35.84516
씨유현곡푸르지오	shop	129.17375	35.89032
씨유현대새화랑점	shop	129.23511	35.84680
씨유황성	shop	129.21005	35.86608
씨유황성	shop	129.21960	35.86822
씨유황성에버빌점	shop	129.22267	35.88397
씨유황성유림점	shop	129.21551	35.86952
씨제이올리브영경주	shop	129.22293	35.86740
씨제이올리브영경주황남점	shop	129.20972	35.83625
씨케이	shop	129.29090	35.83958
씨케이유통	shop	129.24345	35.91528
씨플러스	stay	129.48217	35.75592
씬커피	cafe	129.21951	35.88267
씽씽	shop	129.16741	35.83032
아가방서라벌체인	shop	129.21348	35.84431
아가페	shop	129.19593	36.00336
아구랑꼬막이랑	food	129.21207	35.84603
아구랑낙지랑요리하네	food	129.22552	35.85406
아기고래	food	129.49371	35.77682
아꼬운댕	shop	129.22713	35.88247
아나타카페	cafe	129.21050	35.83432
아나톨리아	stay	129.51561	35.83516
아날도바시니	shop	129.21277	35.84286
아날도바시니경주점	shop	129.21497	35.84306
아날로그	bar	129.20632	35.85486
아날로그	cafe	129.40708	35.66427
아너스스크린골프	activity	129.21447	35.84904
아노르	food	129.20704	35.85371
아녹별채	stay	129.20825	35.83630
아녹스테이	stay	129.20825	35.83618
아눅민박	stay	129.24758	35.81745
아늑펜션	stay	129.31871	35.78839
아담	shop	129.20498	35.83843
아담게스트하우스	stay	129.20815	35.83520
아담다락	stay	129.21237	35.84296
아담당구장	activity	129.18951	35.86142
아담원	stay	129.27417	35.79768
아담정	stay	129.20911	35.83526
아덴	cafe	129.28396	35.84311
아덴블랑제리경주용황로점	cafe	129.22609	35.88266
아델	bar	129.22381	35.85630
아델	stay	129.30506	35.80685
아델나	stay	129.30545	35.80673
아델라	shop	129.21590	35.86824
아델리아	stay	129.30549	35.80652
아델봉봉	stay	129.30182	35.85379
아델쉼표	stay	129.30183	35.85362
아델오	stay	129.30181	35.85393
아델하임	stay	129.30970	35.79557
아도수산	shop	129.21543	35.99318
아드레스	food	129.21878	35.83589
아드리아	stay	129.27712	35.83314
아드리아스테이	stay	129.49073	35.78644
아디다스골프모다아울렛경주	shop	129.24436	35.91642
아디오스	stay	129.18231	35.84404
아따따	food	129.17974	35.84535
아띠	stay	129.28711	35.77422
아띠몽충효점	food	129.18361	35.84300
아띠뿌니	stay	129.28694	35.77415
아라스테이	stay	129.20461	35.83799
아라아오삼불고기	food	129.49113	35.75611
아라쭈꾸미서경주점	food	129.04689	35.89510
아라치경주	food	129.20452	35.85602
아라카페	cafe	129.49346	35.77802
아람	cafe	129.32740	35.78572
아람	stay	129.20311	35.84191
아람학사마트	shop	129.28156	36.00328
아랑풀빌라	stay	129.30104	35.85370
아래	stay	129.25224	35.99935
아래	cafe	129.31331	35.79998
아랫시장순대국밥	food	129.20570	35.84357
아러이막막	food	129.18948	35.84142
아로마모텔	stay	129.22337	35.85443
아로테스	cafe	129.20560	35.85502
아루모텔	stay	129.18353	35.84358
아르간아미	shop	129.20931	35.85493
아르떼	cafe	129.21249	35.83533
아르떼풀빌라펜션	stay	129.30135	35.85380
아르르	food	129.21921	35.87011
아르진	shop	129.20837	35.83651
아르테미스	stay	129.27768	35.78082
아르페지오	shop	129.20709	35.85283
아름다운노래연습장	activity	129.20276	35.84150
아름다운봄소와	shop	129.24090	35.91122
아름다운산장	stay	129.19438	35.78441
아름다운식당	food	129.19477	35.78415
아름다운이야기민박	stay	129.07528	35.70688
아름드레	shop	129.32693	35.78569
아름드리캠핑장	stay	129.28026	35.74456
아름마루펜션	stay	129.25677	35.86271
아름전기조명	shop	129.21785	35.85331
아리나무카페	cafe	129.05138	35.89174
아리따움	shop	129.22399	35.99101
아리따움경주	shop	129.21417	35.86503
아리따움경주점	shop	129.21363	35.84332
아리따움경주화랑점	shop	129.21522	35.84427
아리따움안강우방점	shop	129.19678	36.00321
아리랑	food	129.47346	35.69558
아리랑	food	129.25665	35.84459
아리랑식당	food	129.25665	35.84458
아리랑양꼬치	bar	129.20765	35.85503
아리랑여인숙	stay	129.21776	35.84291
아리랑전통칼국수	food	129.22810	35.85639
아리수경주호텔	stay	129.32475	35.78153
아리수노래연습장	activity	129.22439	35.85237
아리수델리마켓	shop	129.32475	35.78153
아리아모텔	stay	129.06588	35.65068
아리영	shop	129.32542	35.78441
아리원편의점	shop	129.28890	35.84033
아림단란주점	bar	129.21546	35.84382
아마데우스	bar	129.32417	35.71460
아마도	cafe	129.21225	35.84288
아마스빈	cafe	129.21472	35.86558
아마스빈	cafe	129.21333	35.84388
아마스빈경주용황점	cafe	129.22922	35.88411
아모	stay	129.20782	35.82726
아모레외	shop	129.20308	35.84455
아모레카운셀러	shop	129.20308	35.84455
아모레퍼시픽	shop	129.21693	35.84545
아모로소커피	cafe	129.18007	35.81590
아모르데이	shop	129.19104	35.86479
아모르펜션	stay	129.27718	35.87519
아모스경주점	shop	129.20688	35.84246
아몬드식당	food	129.47157	35.69983
아몬드치킨	food	129.33237	35.67629
아무데나	food	129.22478	35.99280
아무카페	cafe	129.25258	35.83304
아미고	stay	129.27741	35.87457
아미랑	food	129.28510	35.83460
아미새노래연습장	activity	129.22325	35.85223
아방궁	food	129.19086	35.87475
아베크	cafe	129.18729	35.85884
아베크노래마을	bar	129.22317	35.85600
아벤타호텔	stay	129.20312	35.84068
아빠의김치찌개	food	129.20726	35.85326
아빠피자	food	129.27025	35.85968
아사가남촌	cafe	129.25786	35.83185
아사가차관	cafe	129.27704	35.83350
아사달	cafe	129.20997	35.84638
아세안프렌즈	food	129.32451	35.70936
아셀	shop	129.20866	35.84439
아셀농원두리약지폐백	shop	129.24940	35.97088
아셉오어	stay	129.33282	35.77162
아소	stay	129.21205	35.83527
아소르띠	shop	129.20717	35.85584
아소포레스트	stay	129.18853	35.81367
아시아나스포츠	shop	129.20596	35.84490
아시아레스토	food	129.19653	36.00161
아시아마트	shop	129.32251	35.71099
아시아마트	shop	129.32510	35.71461
아시아마트	shop	129.31948	35.67851
아시아마트	shop	129.31797	35.68010
아시아마트띠엔	shop	129.32837	35.71305
아시아할랄마트	shop	129.33467	35.67877
아시안마트	shop	129.22510	35.99115
아씨방	shop	129.21386	35.84430
아씨사랑채	bar	129.22755	35.99210
아에이오우	shop	129.22198	35.86991
아오라맨션	stay	129.20546	35.84072
아오스파크골프경주	shop	129.23101	35.85072
아우라	shop	129.21435	35.86755
아우라노래연습장	activity	129.32603	35.71045
아웅다웅애견펜션	stay	129.32531	35.76191
아이노리	activity	129.22561	35.88326
아이데코안경콘텍트	shop	129.22255	35.86578
아이러브피자경주입실점	food	129.32839	35.71358
아이러브피자앤치킨	food	129.21125	35.86756
아이러브한복	shop	129.21207	35.85075
아이마루가구	shop	129.24189	35.91123
아이맥스시스템	shop	129.19104	35.86479
아이문	activity	129.22871	35.88265
아이브	stay	129.50896	35.82551
아이브오션풀빌라	stay	129.50896	35.82551
아이비클럽경주점	shop	129.22327	35.86610
아이비펜션	stay	129.31027	35.78624
아이센스안경원	shop	129.22373	35.87248
아이스께끼	shop	129.22644	35.85465
아이스나라	shop	129.34177	35.72080
아이스나라용황점	shop	129.22613	35.88499
아이스나라황성로	food	129.21865	35.86794
아이스비스킷경주점	shop	129.22800	35.88343
아이스빡스	shop	129.21697	35.86972
아이스빡스현진에버빌점	shop	129.22299	35.88534
아이스크림세계과자할인점	shop	129.30822	35.77195
아이스크림키즈풀빌라	stay	129.31337	35.76925
아이스크림할인마트	shop	129.21971	35.85397
아이스크림할인점산대점	shop	129.19703	36.00200
아이스크림할인점황남구판장	shop	129.21396	35.83308
아이스토리	stay	129.29576	35.87534
아이신라	shop	129.19104	35.86479
아이앤룩안경원	shop	129.33497	35.67733
아이엔지	bar	129.23064	35.87599
아이엠	shop	129.18973	35.84134
아이엠도넛경주용황점	food	129.22613	35.88499
아이엠유통	shop	129.21767	35.85119
아이원가구갤러리	shop	129.24472	35.92025
아이원안경원	shop	129.21270	35.84435
아이잗바바모다아울렛경주	shop	129.24510	35.91537
아이젠트리경주점	shop	129.21340	35.84430
아이차추어탕	food	129.21104	35.83329
아이케어	shop	129.21362	35.84299
아이코인노래연습장	activity	129.21168	35.86655
아이콘호텔	stay	129.20316	35.84151
아이클릭안경원	shop	129.22198	35.99099
아이피아안경원	shop	129.32461	35.71440
아인키즈풀빌라펜션	stay	129.26890	35.87550
아일로불국사점	shop	129.30804	35.80622
아임꿀	shop	129.20988	35.83798
아임맛	food	129.28986	35.83456
아임밤경주점	shop	129.26991	35.85943
아재셀프식당	food	129.22732	35.88317
아재와오빠사이	food	129.20674	35.84395
아주특별한옷장	shop	129.30396	35.77256
아지아과일	shop	129.21698	35.86744
아지야	food	129.47495	35.69649
아지트	food	129.10536	35.85075
아지트	bar	129.22396	35.85578
아지트	food	129.22311	35.85710
아차차	cafe	129.20933	35.84222
아콩	cafe	129.22503	35.88035
아쿠아베베경주점	activity	129.23518	35.87370
아테네펜션	stay	129.26240	35.85784
아토	shop	129.21194	35.86645
아톰문구	shop	129.17965	35.84516
아트박스경주황리단길점	shop	129.20932	35.83427
아트빌리지	shop	129.21481	35.84182
아트힐	stay	129.31517	35.80016
아폴로밀키트	shop	129.20491	35.84635
아하	food	129.21344	35.86492
아하브커피	cafe	129.20667	35.84851
아화만남	food	129.04169	35.90195
아화반점	food	129.05468	35.89954
아화식육식당	food	129.04933	35.89363
아화약국	shop	129.05120	35.89294
아화전통국수	food	129.26362	35.85253
아화전통국수보문점	food	129.26347	35.85257
안가뼈해장국	food	129.22589	35.88238
안강갈비탕	food	129.22738	35.99108
안강갈비탕	food	129.21318	35.87321
안강건어물상사	shop	129.22235	35.99020
안강골프클럽	activity	129.18879	36.00140
안강농업협동조합하나로마트	shop	129.22591	35.99094
안강당구클럽	activity	129.21500	35.98894
안강맛집	food	129.22789	36.00022
안강밀면	food	129.19345	36.00116
안강볼링장	activity	129.20414	35.99481
안강불교사，장날청과	shop	129.22499	35.99030
안강상회	shop	129.22234	35.99023
안강송월타올	shop	129.22066	35.99085
안강수제돈까스	food	129.21582	35.99178
안강스크린파크	activity	129.21500	35.98894
안강시장	shop	129.22223	35.99003
안강오토바이	shop	129.22872	35.99494
안강의류	shop	129.21694	35.99311
안강컴퓨터	shop	129.22496	35.99200
안강파워식자재마트	shop	129.19596	36.00169
안강한우유통	shop	129.22794	35.99218
안강할매고디탕	food	129.14014	35.98032
안강현대약국	shop	129.22468	35.99109
안강활어회	food	129.22491	35.99228
안강회타운	food	129.22508	35.99064
안강휴게소식당분식류	food	129.11440	35.98919
안건사경주전시장	shop	129.20970	35.84353
안경나라경주	shop	129.20663	35.85498
안경나라충효점	shop	129.18616	35.84195
안경마을	shop	129.22522	35.99135
안경매니져	shop	129.22387	35.86184
안계원가닭집숯불구이	food	129.19635	36.00268
안계펜션	stay	129.27149	36.03370
안계화가네농장	activity	129.27497	36.03659
안국목공예	shop	129.49382	35.76463
안나폰마트	shop	129.21538	35.84305
안녕경주야	activity	129.28729	35.84063
안녕바다	stay	129.46305	35.68236
안녕발리	stay	129.27347	35.78164
안녕제주	stay	129.27328	35.78182
안녕책방	shop	129.22013	35.99268
안느의정원	shop	129.20712	35.79510
안다미로	bar	129.20627	35.84153
안다미로키즈빌라	stay	129.31015	35.78506
안덕상회	shop	129.22196	35.98991
안동갈비국밥	food	129.32504	35.71303
안동상회	shop	129.22165	35.98922
안동상회	shop	129.22231	35.98949
안동선계찜닭	food	129.19057	35.86199
안동식당	food	129.16023	35.98329
안동집어탕국수	food	129.46303	35.67577
안동찜닭	food	129.21097	35.84221
안성상회	shop	129.22220	35.98995
안심정	stay	129.20223	35.84697
안코르	food	129.20978	35.83687
안티솔로	food	129.21129	35.84220
안포강터	food	129.22504	35.99056
안하우스키즈풀빌라펜션	stay	129.31420	35.76918
알레누스카	food	129.20507	35.85326
알레르망	shop	129.24488	35.91840
알레르망경주점	shop	129.22049	35.85941
알로이디	food	129.20635	35.85394
알리바바커피앤도넛	cafe	129.21142	35.84489
알리스타케냐커피경주	cafe	129.31793	35.77547
알리아시아마트	shop	129.20591	35.85454
알마아타	food	129.20807	35.85298
알베센트	stay	129.27682	35.83245
알숨달숨사회적협동조합	shop	129.19109	35.87374
알앤피커뮤니케이션	food	129.21506	35.84329
알와이오	shop	129.10438	35.84813
알쥐풀빌라펜션	stay	129.31320	35.78258
알즈너참빛	shop	129.22406	35.85139
알지펜션	stay	129.31298	35.78262
알찬참숯뒷고기	food	129.23104	35.84919
알천	stay	129.23078	35.84087
알천반상	food	129.21537	35.82972
알천수산	shop	129.23407	35.85185
알천조경	shop	129.24349	35.84234
알천한우식육식당	food	129.22876	35.84914
알톤스포츠경주	shop	129.21024	35.85312
알톤스포츠경주총판	shop	129.22912	35.85012
알통떡강정경주	food	129.21749	35.84192
알파	shop	129.21836	35.99297
알프스카페	food	129.10536	35.85075
알프스캠핑	stay	129.07627	35.70731
암곡야생화농원카페	stay	129.31512	35.86029
암뽕수육본가점	food	129.30114	35.77506
암소마당	food	129.06469	35.65357
암소원식당	food	129.32955	35.71551
암행어사농원	food	129.28683	35.92705
압구정갈비식당	food	129.22552	35.85677
앗싸노래클럽	bar	129.29848	35.77679
앙꼬집	stay	129.08403	35.84015
앞발뒷발	food	129.32452	35.71486
애	shop	129.20996	35.84351
애경슈퍼	shop	129.30540	35.78378
애기몽	stay	129.30367	35.78673
애기지휴게소	shop	129.04004	35.90123
애니콜노래연습장	activity	129.22442	35.85385
애니콜통신	shop	129.21847	35.85326
애드펀	shop	129.29331	35.84485
애뜰	stay	129.31907	35.76212
애비뉴	cafe	129.30899	35.76652
애비뉴앤틱	shop	129.30899	35.76652
애스톤키즈풀빌라	stay	129.30051	35.78775
애요경주	food	129.21931	35.86723
애인노래클럽	bar	129.22310	35.85640
애주가	food	129.21933	35.99124
애플	shop	129.21157	35.84233
애플꼬마김밥금장점	food	129.20597	35.87225
애플노래연습장	activity	129.22302	35.85353
애플당구장	activity	129.22198	35.99099
애플통신	shop	129.22311	35.85653
애휴스테이	stay	129.49860	35.80596
액티브아레나경주	activity	129.29331	35.84485
앤	shop	129.21800	35.87099
앤드테라스	cafe	129.28243	36.00732
앤의정원	food	129.25235	35.83574
앤조이터키경주점	food	129.15751	35.87615
앤틱창고	shop	129.28926	35.91787
앨리게스트하우스	stay	129.21472	35.84375
앨리스	shop	129.21299	35.86518
앨리스	bar	129.22311	35.85626
앨리스가든	shop	129.21759	35.84677
앨지다방	cafe	129.21933	35.85402
앵콜노래방	bar	129.47074	35.70039
앵콜노래연습장	activity	129.10417	35.84916
앵콜노래연습장	activity	129.50220	35.80808
앵콜노래연습장	activity	129.21892	35.99047
야간열차노래연습장	activity	129.49819	35.80667
야끼심	food	129.21068	35.83601
야놀자	bar	129.22336	35.85572
야드	cafe	129.27826	35.83355
야무	food	129.20899	35.83546
야시끼리	shop	129.21543	35.84406
야옹아놀자	shop	129.20309	35.84398
야옹아놀자봉황대점	shop	129.21145	35.84297
야옹아놀자캣카페	shop	129.21145	35.84297
야자수	food	129.04914	35.89419
야키토리소기	food	129.21068	35.83601
약선바이오	shop	129.29797	35.96103
약속	food	129.20548	35.85391
약속다방	cafe	129.10533	35.84669
약수삼계탕	food	129.21027	35.84714
약천한방생오리	food	129.20586	35.78436
얀	cafe	129.20395	35.85587
얌새이숯불	food	129.17762	35.84649
얌샘김밥경주	food	129.32013	35.67834
얌얌경주신한토탈	shop	129.20363	35.87044
얌얌경주우방타운	shop	129.22587	35.85822
얌얌센트럴	shop	129.17458	35.89214
얌얌용강	shop	129.22252	35.86833
얌얌용황점	shop	129.22792	35.88686
양경승숯불갈비	food	129.22487	35.86261
양귀비	bar	129.22391	35.85542
양남곰탕	shop	129.40723	35.66429
양남국밥	food	129.46222	35.67658
양남농협하나로마트	shop	129.46247	35.67735
양남담배	shop	129.46308	35.67510
양남대구유통	shop	129.46206	35.67751
양남돈까스	food	129.46005	35.66662
양남맛집뷔페	food	129.47017	35.69929
양남부식	food	129.46371	35.67508
양남분식	food	129.45844	35.66729
양남비치	stay	129.46252	35.67132
양남빵	food	129.47129	35.69822
양남산곰장어	food	129.46334	35.67401
양남생아구찜	food	129.46215	35.67375
양남슈퍼	shop	129.46290	35.67347
양남식당	food	129.20674	35.84395
양남칼국수보리밥	food	129.46432	35.68166
양남태슬하	cafe	129.46274	35.70600
양남포목	shop	129.21631	35.84539
양남포차	bar	129.46317	35.67394
양남해물칼국수	food	129.47258	35.68494
양남해수탕찜질방식당	shop	129.46374	35.67678
양동마을가는길	food	129.27041	36.00664
양동상회	shop	129.25555	36.00170
양동식당	food	129.27372	35.98683
양동점방，상회	shop	129.25377	35.99852
양말코디	shop	129.21388	35.84401
양반집	food	129.20993	35.83536
양북낚시	shop	129.44078	35.79331
양북담배	shop	129.44263	35.79219
양북떡집	food	129.21676	35.84463
양북마트	shop	129.44256	35.78454
양북상회	shop	129.21676	35.84490
양북식당	food	129.20674	35.84395
양북식당	food	129.21631	35.84539
양북신발	shop	129.44121	35.79041
양북주차장편의점울산	shop	129.42023	35.80926
양성국갤러리	shop	129.24832	35.94840
양숙이네횟집	food	129.50337	35.80440
양순네	food	129.18610	35.84239
양스김밥	food	129.22302	35.99113
양식당	food	129.20482	35.83999
양아떡집	food	129.20674	35.84395
양양이네꼬까옷	shop	129.22948	35.87683
양월감자옹심이	food	129.21920	35.99173
양월식육식당	food	129.22705	35.99130
양지다방	cafe	129.20921	35.83727
양지민박	stay	129.44263	35.78735
양지식당	food	129.20921	35.83727
양지식당	food	129.24705	35.91951
양지식당	food	129.20522	35.84236
양지식당	food	129.21405	35.83045
양지아시아마트	shop	129.24705	35.91951
양진이불	shop	129.21610	35.84508
양키캔들경주점	shop	129.21383	35.84177
양포막썰어횟집	food	129.22634	35.85248
양포문어	shop	129.21577	35.84743
양포문어농어촌민박식당	stay	129.13600	35.80206
양포산업	shop	129.10526	35.85599
양포해물타운	food	129.21417	35.84706
양푸니동네	food	129.18575	35.84220
양푼이해물칼국수	food	129.22705	35.99050
어깨동무	stay	129.20880	35.83350
어나더	shop	129.21336	35.84242
어나더원	stay	129.31780	35.76937
어나더컨셉	shop	129.22609	35.88266
어느봄날펜션	stay	129.26969	35.87500
어느예쁜날풀빌라	stay	129.28269	35.77799
어느오후	stay	129.31318	35.76866
어라활어횟집	food	129.22740	35.99121
어룸	cafe	129.30992	35.76932
어린왕자	cafe	129.45154	35.65928
어림지	food	129.22213	35.83788
어림지	food	129.22466	35.85339
어마무시	cafe	129.22179	35.83939
어마무시	cafe	129.25096	35.84165
어마무시티라미수	shop	129.22235	35.83973
어바웃커피	cafe	129.20662	35.85539
어바웃커피	cafe	129.19090	35.86140
어반드레스	shop	129.22948	35.87683
어반파크캠핑장	stay	129.23601	35.86481
어벤더치	cafe	129.19013	35.86142
어부네코다리	food	129.18085	35.84370
어부바	food	129.22825	35.88165
어서어서	shop	129.20955	35.83782
어선생경주주상절리점	shop	129.47337	35.68581
어센틱브랜즈	shop	129.24458	35.91597
어실매운탕	food	129.04493	35.75716
어일식당	food	129.44152	35.79052
어촌	bar	129.19536	35.75167
어코어	cafe	129.22523	35.88428
어탕	food	129.32738	35.78578
어향원	food	129.20915	35.84444
억복권방	activity	129.17565	35.84512
억수주막촌	food	129.18538	35.84329
언노운피자	food	129.18776	35.84246
언니네반찬가게	shop	129.22852	35.84646
언니옷장	shop	129.22608	35.88239
언니화났닥	food	129.21198	35.85999
언더아머	shop	129.24489	35.91802
언덕의집	food	129.47328	35.69242
언양닭칼국수	food	129.22468	35.85868
언양민물건강원	shop	129.22274	35.99230
언양암소곰탕	food	129.32126	35.72836
언제나토요일	stay	129.30997	35.79529
얼리버드커피랩	cafe	129.20672	35.85569
얼빵이물회	food	129.49348	35.76570
얼음골동치미냉면	food	129.19347	36.00200
얼음골식당	food	129.22991	35.85017
얼크니샤브칼국수	food	129.31803	35.69622
얼큰동태시원굴국밥	food	129.19258	35.99977
엄마맘국수랑밥이랑	food	129.17943	35.84415
엄마맘식당	food	129.32556	35.71522
엄마밥	food	129.32895	35.78503
엄마밥상	food	129.06525	35.65413
엄마밥상	food	129.30112	35.77551
엄마손고디탕	food	129.20674	35.84395
엄마손김밥	food	129.22298	35.86258
엄마손김밥	food	129.32738	35.78578
엄마손돈까스삼겹살	food	129.19616	36.00268
엄마손맛	shop	129.22585	35.88264
엄마손맛	shop	129.23297	35.84502
엄마손맛	food	129.20268	35.86573
엄마손맛반찬가게	shop	129.50127	35.80455
엄마손반찬	shop	129.22259	35.99002
엄마손반찬	food	129.20674	35.84395
엄마손푸드	food	129.31093	35.68191
엄마의탑	food	129.20632	35.85508
업소명없음	stay	129.20789	35.82615
업소명없음	stay	129.23006	35.84029
업소명없음	cafe	129.47175	35.68364
업소명없음	food	129.18608	35.81517
업소명없음	stay	129.50682	35.82076
업소명없음	shop	129.32649	35.78688
업소명없음	stay	129.18853	35.81367
업소명없음	stay	129.20778	35.82672
업소명없음	stay	129.23098	35.84029
업소명없음	shop	129.21040	35.83638
업소명없음	stay	129.30106	35.85371
업소명없음	stay	129.51827	35.83780
업소명없음	stay	129.51001	35.81842
업소명없음	stay	129.50682	35.82076
업소명없음	shop	129.21339	35.84183
에나하우스	stay	129.43401	35.67115
에낭경주점	food	129.20928	35.83843
에넥스경주점	shop	129.21937	35.85606
에녹스	shop	129.31246	35.77133
에덴동산	food	129.19455	35.84105
에덴셀	shop	129.24543	35.92026
에덴숯불식당	food	129.17750	35.84483
에덴양품	shop	129.20674	35.84395
에덴펜션	stay	129.50934	35.82635
에덴할인마트	shop	129.19434	36.00311
에디스	stay	129.31132	35.79771
에로스가요주점	bar	129.28845	35.84550
에루화	shop	129.19571	36.00226
에바돈가츠	food	129.21419	35.86763
에비수화장품	shop	129.22372	35.85492
에비앙노래클럽	bar	129.22396	35.85527
에셀나무	food	129.20824	35.84763
에소안경	shop	129.21363	35.84309
에스떼깔마경주	shop	129.21138	35.84343
에스비에스당구장	activity	129.19511	36.00165
에스쏠레지아	shop	129.21404	35.84203
에스앤제이	cafe	129.43670	35.66564
에스에스디	stay	129.49254	35.77674
에스에스와이유통	food	129.19362	35.81250
에스엔아이통신	shop	129.50284	35.80402
에스엔에스	shop	129.32218	35.78402
에스엔에스무인분식경주	shop	129.21361	35.86483
에스엘모텔	stay	129.18165	35.84365
에스엠골든	shop	129.21999	35.83729
에스엠시스템	shop	129.32107	35.78228
에스지빌라앤호텔	stay	129.49295	35.77061
에스케이	shop	129.26905	35.85301
에스케이와이갈비농장	food	129.20707	35.85326
에스케이텔레콤경주	shop	129.20740	35.83936
에스케이텔레콤입실	shop	129.32423	35.71551
에스티오경주용강팩토리점	shop	129.22510	35.86804
에스티코	shop	129.22511	35.86806
에스프레소모조	cafe	129.21021	35.85084
에어컨천국	shop	129.41800	35.81871
에오세	shop	129.21664	35.84078
에이뉴힐경주점	shop	129.21559	35.84686
에이스	bar	129.20591	35.85432
에이스골프랜드	activity	129.22541	35.87384
에이스네트웍스	shop	129.20679	35.84547
에이스스포츠，인테리어	shop	129.23473	35.84491
에이스여관	stay	129.47144	35.69894
에이스컴퍼니	shop	129.21926	35.86685
에이스통신	shop	129.21719	35.86214
에이스풀빌라	stay	129.26658	35.86244
에이아이모바일	shop	129.34177	35.72080
에이에이텍사스홀덤펍경주점	bar	129.20589	35.85502
에이오에프	food	129.21032	35.83746
에이유어페럴	shop	129.24417	35.91605
에이치바	bar	129.22270	35.85523
에이치에비뉴경주	stay	129.20568	35.83980
에이치에스씨	shop	129.29090	35.83958
에이치에이치와이비	shop	129.21142	35.83617
에이치제이모토샵	shop	129.10439	35.84764
에이케이스크린골프	activity	129.19400	35.99896
에이테크구내매점	shop	129.23336	35.94323
에이틀리에화실경주보문점	cafe	129.30644	35.81000
에이펙셀나노칼슘경주센터	shop	129.21157	35.84249
에이펜션	stay	129.38692	35.72502
에이프레임익스프레스	food	129.21183	35.84210
에코밸리	stay	129.05118	35.68174
에코밸리캠핑장	stay	129.05070	35.67948
에코케미칼상사	shop	129.46317	35.67394
에코토	cafe	129.20946	35.83637
에쿠스가요주점	bar	129.10417	35.84779
에키초밥	food	129.17441	35.88832
에펠다육농장	shop	129.19394	35.87801
에프알씨	shop	129.21678	35.84500
에프알엘경주점	shop	129.21611	35.87784
에프에프모텔	stay	129.45340	35.68502
에프엑스렌트카페	cafe	129.21611	35.84961
에프엘에프앤비	cafe	129.28341	35.84547
에피소드원	shop	129.20974	35.83883
에필로그	stay	129.25809	35.85800
엑스에이치아시안마트	shop	129.20607	35.85489
엔돌핀노래연습장	activity	129.22497	35.88241
엔비에이경주점	shop	129.21344	35.84303
엔에스마켓	shop	129.20725	35.85296
엔오에이치제이프로뷰티	shop	129.20305	35.84639
엔와이에스	cafe	129.46482	35.66901
엔와이쿡	food	129.20491	35.84635
엔제리너스경주주상절리점	cafe	129.47317	35.68576
엔제스케이크	food	129.20790	35.85283
엔젤이	cafe	129.30112	35.77551
엔텍하우징	shop	129.21774	35.86715
엘	bar	129.20564	35.85393
엘	stay	129.20900	35.83776
엘가든	cafe	129.31251	35.79535
엘그린	shop	129.20994	35.85295
엘라패션	shop	129.32950	35.67644
엘라포니시호텔소매점	shop	129.49231	35.75175
엘레강스	shop	129.22948	35.87683
엘로우	cafe	129.27186	35.84515
엘르	shop	129.22948	35.87683
엘르퀼트	shop	129.09807	35.85397
엘리바스	shop	129.20478	35.84768
엘리스	stay	129.40488	35.66468
엘리아스커피경주모다점	cafe	129.24436	35.91642
엘리트학생복경주점	shop	129.21745	35.84315
엘리펀트피자경주점	food	129.21069	35.86976
엘린	cafe	129.32621	35.78567
엘림	stay	129.20427	35.83741
엘림	food	129.31235	35.79465
엘마르	shop	129.51214	35.82861
엘샤론매력연구소	shop	129.17896	35.84601
엘지건천	shop	129.10359	35.84904
엘지안강중앙	shop	129.22264	35.99202
엘케이에탄올외동지점	shop	129.33814	35.69637
엘타코	food	129.22248	35.85572
엘포레	stay	129.27413	35.79737
엘피지에이경주	shop	129.21157	35.84238
엠도씨가라오케단란주점	bar	129.22396	35.85499
엠바이크	shop	129.17613	35.84412
엠브이알	activity	129.28793	35.83842
엠상사	shop	129.22392	35.85384
엠시배드민턴센터	activity	129.32851	35.66802
엠씨와이캠프	activity	129.29584	35.85601
엠에스유통	shop	129.24436	35.91642
엠에스케이	shop	129.24562	35.92025
엠에이치시스템에어컨	shop	129.22676	35.85239
엠제이플라워	shop	129.20421	35.85114
엠케이피이앤씨	shop	129.44991	35.78322
엠티엠	stay	129.32262	35.78381
엠피트니스	activity	129.18317	35.84316
여如	food	129.21924	35.86742
여기고기고기요기	food	129.20452	35.83980
여기놀자경주풀빌라펜션	stay	129.26154	35.78172
여기당	food	129.24348	35.79541
여기바다	food	129.22592	35.88225
여기어떡	food	129.21516	35.84199
여리화	cafe	129.19143	35.84285
여머고	food	129.21527	35.84703
여명노래클럽	bar	129.28149	35.84550
여명슈퍼	shop	129.22139	35.83628
여목	stay	129.20831	35.83406
여미온	food	129.21238	35.83491
여수동	food	129.22514	35.88181
여쉼공공	stay	129.28715	35.89044
여왕의간식	food	129.29422	35.96229
여왕이네어탕	food	129.32452	35.71486
여우다방	cafe	129.10467	35.85050
여우별	stay	129.23095	35.84099
여우별맥주	bar	129.19524	36.00195
여우비	cafe	129.21243	35.83575
여우비	bar	129.22391	35.85542
여우비노래방단란주점	bar	129.20307	35.84179
여우비노래방유흥주점	bar	129.20307	35.84179
여우스킨	shop	129.32711	35.71424
여우애김밥경주	food	129.32553	35.71196
여우애김밥경주현곡	food	129.17458	35.89214
여우야	shop	129.21432	35.86738
여운스테이	stay	129.20712	36.00803
여운스테이안강	stay	129.20703	36.00817
여울다방	cafe	129.22825	35.99288
여유	shop	129.21360	35.84135
여유	stay	129.31004	35.78539
여유로이	stay	129.28231	35.77789
여유재	stay	129.21917	35.83688
여자만식당	food	129.31373	35.76214
여행	food	129.32738	35.78578
여행길	stay	129.21077	35.84219
여행카페	cafe	129.21724	35.85150
여혜가	stay	129.33322	35.77168
역마실	bar	129.29775	35.77710
역전떡방앗간	food	129.32351	35.71410
역전식당	food	129.14389	35.80020
역전옛날통닭	food	129.21653	35.84460
역전할머니맥주	bar	129.19141	35.86122
역전할머니맥주금장점	bar	129.20277	35.86962
역전할머니맥주용황점	bar	129.22777	35.88318
연결공간	stay	129.29044	35.85871
연금매장	shop	129.22260	35.85502
연꽃국수	food	129.22189	35.83611
연다방	cafe	129.05022	35.89199
연담푸드	food	129.31225	35.67986
연동어촌체험마을	activity	129.51940	35.83798
연동해요협동조합	cafe	129.51968	35.83782
연리지	stay	129.20663	35.83433
연막창경주	food	129.22442	35.85385
연세가정의원	shop	129.50250	35.80509
연수회집	food	129.49554	35.79210
연식당	food	129.21129	35.83678
연안각	food	129.32115	35.72860
연안국제	activity	129.32240	35.72939
연안국제스포츠용품	shop	129.32240	35.72939
연안마트	shop	129.32020	35.72969
연안보리밥뷔페칼국수	food	129.32067	35.72705
연안애견	shop	129.32132	35.72865
연안왕갈비탕	food	129.32173	35.72775
연어상회동대사거리	food	129.20591	35.85454
연에르모쏘	stay	129.51833	35.83760
연연양꼬치	food	129.20649	35.85520
연우공간	shop	129.22164	35.83619
연위정	stay	129.49602	35.80773
연이재	stay	129.21225	35.83558
연인화장품	shop	129.23287	35.84727
연재불교용품	shop	129.43934	35.70602
연정노래클럽	bar	129.22400	35.85643
연정쌀국수	food	129.21571	35.84478
연정풀펜션	stay	129.29322	35.86088
연지	shop	129.20717	35.84855
연탄길	food	129.23054	35.87611
연탄한우산대	food	129.19561	36.00230
연풍수산	food	129.21492	35.99329
연한밤	food	129.20892	35.83852
연합의원편의점	shop	129.46259	35.67664
연화	cafe	129.21915	35.84269
연화바루	food	129.18644	35.82298
연화식당	food	129.21631	35.84539
연화식당	food	129.21157	35.80906
연화월	stay	129.20824	35.83643
연화정	food	129.18981	35.82640
연화찜전문	food	129.20957	35.83444
연화춘	food	129.22099	35.88343
연화춘	food	129.16951	35.89168
연효재	activity	129.11089	35.73240
연희밥상	food	129.50746	35.80902
연희옥	food	129.20943	35.83720
연희옥칠불암가는길	food	129.24427	35.79158
열두달	cafe	129.17864	35.84440
열린노래연습장	activity	129.21519	35.86734
열린단란주점	bar	129.21773	35.84102
열린막창	food	129.21968	35.99145
열매다방	cafe	129.22746	35.99276
열사청	food	129.21864	35.86785
열이반점	food	129.20212	35.86632
열정국밥	food	129.22171	35.85289
열정축산물센터	shop	129.22426	35.88120
열풍가요주점	bar	129.10151	35.84880
염가네고깃집	food	129.32539	35.71299
엽이네농원	food	129.27037	36.03312
영교당	stay	129.33311	35.77119
영구네	food	129.21329	35.99071
영국마을	stay	129.25786	35.85797
영국제과	food	129.21297	35.84433
영남낚시	shop	129.20746	35.83926
영남당구스포츠	activity	129.10412	35.84980
영남땅콩상회	shop	129.21631	35.84539
영남상회	shop	129.32618	35.71496
영남슈퍼	shop	129.32738	35.78578
영남식육식당	food	129.10392	35.85009
영남약국	shop	129.46336	35.67512
영다방	cafe	129.21948	35.98973
영덕횟집	food	129.21295	35.86440
영도시스템에어컨	shop	129.21335	35.85304
영드림마트	shop	129.20618	35.84524
영마트	shop	129.19587	36.00351
영마트	shop	129.23014	35.87845
영막걸리	food	129.21528	35.86971
영미수산	shop	129.50201	35.80514
영보당	shop	129.21232	35.84338
영빈관	food	129.49173	35.79017
영성루	food	129.20654	35.85422
영성루	food	129.21799	35.87067
영스커머스	shop	129.18395	35.81178
영심상회	shop	129.21383	35.84362
영심이막걸리	food	129.20659	35.84191
영심이상회	food	129.32742	35.78623
영심휴게소	food	129.21257	35.84334
영아	shop	129.21308	35.84283
영아슈퍼	shop	129.21704	35.84765
영아커피숍	cafe	129.20438	35.84868
영애	shop	129.16389	35.83658
영양맛집	food	129.20003	35.75120
영양반점과밀면	food	129.20678	35.84587
영양숯불갈비	food	129.20997	35.84660
영양숯불식당	food	129.04648	35.75782
영양시골칼국수	food	129.20992	35.85167
영에이지	shop	129.20485	35.83841
영일만낚시，슈퍼	shop	129.49084	35.78882
영재건강원	shop	129.32458	35.71348
영재회센타	food	129.48814	35.74827
영주상회	shop	129.22246	35.99035
영주식당	food	129.47096	35.70072
영준	stay	129.40696	35.67726
영지	nature	129.30112	35.75923
영지상회	shop	129.29566	35.75467
영지석불좌상	heritage	129.30713	35.76314
영진건어물	shop	129.32618	35.71496
영진종합전자	shop	129.22260	35.99057
영천가마솥돼지국밥	food	129.46342	35.67435
영천과일나라	shop	129.22210	35.99057
영천돼지국밥	food	129.43617	35.79796
영천마늘상회	shop	129.22190	35.99058
영천생고기	food	129.21428	35.86492
영천식당	food	129.04812	35.89505
영천얼큰돼지국밥	food	129.17561	35.88945
영천얼큰돼지국밥	food	129.22655	35.99125
영천얼큰돼지국밥	food	129.22561	35.88264
영천얼큰돼지국밥경주역점	food	129.13741	35.80525
영캐쥬얼	shop	129.21402	35.84302
영타운노래연습장	activity	129.19104	35.86164
영풍건강원	shop	129.22128	35.99042
영호과일상회	shop	129.20674	35.84395
영호프	bar	129.33630	35.67625
영희수산	shop	129.21678	35.84512
영희식당	food	129.22627	35.85505
영희의수	shop	129.22227	35.98948
예감	shop	129.21410	35.84607
예금당	shop	129.21707	35.84560
예다움꽃차카페	cafe	129.22990	35.85169
예닮칼국수	food	129.18967	35.82599
예당수석공방	shop	129.20514	35.77330
예명이불	shop	129.32662	35.71450
예목가구	shop	129.21763	35.84692
예뻐너	shop	129.20893	35.83641
예쁘다	shop	129.21315	35.84214
예쁘다폰	shop	129.21363	35.84236
예쁜꾸밈방	shop	129.22948	35.87683
예쁜세상예쁜공방	shop	129.22030	35.85653
예쁜손공방	shop	129.21366	35.84314
예쁜여우	shop	129.21351	35.86575
예쁜지니	shop	129.21451	35.86581
예쁜창	shop	129.21337	35.99362
예쁜하루	shop	129.20988	35.83769
예쁨분식	food	129.21343	35.86563
예쁨주의	shop	129.19646	36.00317
예쁨주의	shop	129.21364	35.84373
예송식당	food	129.18604	35.84227
예송약국	shop	129.21698	35.86744
예스모텔	stay	129.15248	35.98735
예스상사	shop	129.47041	35.70083
예스터데이	food	129.22296	35.84366
예원	stay	129.20760	35.82629
예은	shop	129.18955	35.99825
예인당	shop	129.21348	35.86505
예전	cafe	129.27286	35.86884
예전아넥스	stay	129.27292	35.86860
예전펜션민박	stay	129.27286	35.86884
예정다방	cafe	129.46368	35.67598
예주스틸	shop	129.30865	35.68083
예지미인	shop	129.18158	35.84451
예진횟집	food	129.20478	35.83943
옐라	food	129.21454	35.84246
옐로우팜	cafe	129.23210	35.88504
옛고을	food	129.16440	36.00875
옛고을토속순두부	food	129.25053	35.84146
옛골식당	food	129.50168	35.80561
옛골청국장	food	129.22824	35.99282
옛날경주숯불	food	129.28786	35.92635
옛날과자	shop	129.32618	35.71496
옛날맛돼지국밥	food	129.21405	35.85190
옛날맛평화순두부	food	129.20333	35.85646
옛날불고기	food	129.50957	35.82567
옛날손짜장	food	129.22180	35.99285
옛날손칼국수식당	food	129.20869	35.84584
옛날장우동푸드	food	129.20867	35.84750
옛날중국집	food	129.21553	35.84632
옛날집	food	129.05687	35.69597
옛날집	food	129.22645	35.99127
옛날카페	food	129.10476	35.84801
옛날통닭새벽닭	food	129.20723	35.85527
옛날통닭새벽닭	food	129.18993	35.86087
옛돈	food	129.22101	35.86785
옛마당	food	129.10405	35.84927
옛맛그대로	food	129.22215	35.86074
옛살비펜션	stay	129.21033	35.80885
옛순가순대국밥	food	129.10613	35.84647
옛정	food	129.24931	35.84106
옛집우리밀칼국수	food	129.20556	35.79781
옛촌닭개장손칼국수	food	129.32726	35.70377
옛촌식당	food	129.24274	35.88990
오가네모찌	cafe	129.20892	35.83560
오가네숯불	food	129.21151	35.86736
오가네식육점	shop	129.23426	35.86502
오가네축산	shop	129.18883	35.84271
오가네한우	food	129.23426	35.86502
오가야해장국	food	129.19477	36.00197
오가정가마솥삼계탕	food	129.22720	35.85683
오고스튜디오	shop	129.21075	35.83632
오고싶은집	bar	129.20606	35.84214
오구또오구	food	129.22231	35.98999
오글오글오토캠핑장	stay	129.06252	35.76075
오꾸닭	food	129.21773	35.99302
오꾸닭	food	129.21105	35.86715
오꾸닭	food	129.17664	35.88967
오남매국밥	food	129.39720	35.79478
오누이	cafe	129.22577	35.85676
오누이커피하우스	cafe	129.21009	35.84594
오늘	stay	129.49275	35.77650
오늘	food	129.17279	35.84649
오늘닭발해경주불국사점	bar	129.32119	35.78233
오늘도고기	bar	129.21865	35.86522
오늘도너와	stay	129.32639	35.77204
오늘도빛날꽃	shop	129.22669	35.85115
오늘도여기서	bar	129.21762	35.84192
오늘도예쁘다	shop	129.18853	35.84120
오늘도오뎅바	bar	129.22332	35.85640
오늘숯불뒷고기	food	129.22121	35.84152
오늘식당	food	129.32615	35.78629
오늘은고기먹는날	food	129.20811	35.85525
오늘은닭발	food	129.20827	35.84766
오늘은대패다	bar	129.22894	35.88251
오늘은오므라이스	bar	129.19575	36.00293
오늘은이거	bar	129.22168	35.99093
오늘은책방	shop	129.22180	35.85931
오늘의경주	stay	129.21689	35.84637
오늘의마이핏	activity	129.22137	35.98939
오늘의술집	bar	129.21707	35.84560
오늘자몽	cafe	129.20674	35.84395
오늘카츠	food	129.22832	35.88327
오능휴게소	food	129.21080	35.81920
오니	food	129.21030	35.83453
오니와플	food	129.22926	35.84072
오대양주막촌	bar	129.21020	35.85376
오대양칼국수	food	129.23170	35.84830
오데르	shop	129.20955	35.83782
오뎅포차	bar	129.22280	35.85541
오도르	cafe	129.19192	35.86172
오돌족발	food	129.22281	35.85298
오돌진족식당	food	129.47114	35.69986
오동나무	food	129.25399	35.99912
오드	shop	129.10306	35.84761
오드리	shop	129.21024	35.84319
오디오캠프	shop	129.16057	35.90009
오뚜기수퍼	shop	129.22522	35.99326
오띠모	shop	129.21469	35.84226
오라와향기	shop	129.20674	35.84395
오라짬뽕	food	129.32521	35.68133
오람정	stay	129.18366	35.77980
오래뜰	food	129.22621	35.86422
오렌즈경주점	shop	129.21363	35.84262
오렌지	shop	129.26065	35.85834
오렌지	shop	129.20674	35.84395
오렌지노래뮤비방	activity	129.32405	35.71497
오렌지다방	cafe	129.21839	35.99092
오로라식당	food	129.20593	35.85287
오로소이	stay	129.20820	35.83349
오로솔트	cafe	129.19593	35.80087
오롯	food	129.21255	35.84407
오롯이	cafe	129.20349	35.86676
오류고아라해변	beach	129.50953	35.82234
오류식당	food	129.50950	35.82490
오륙도상회	shop	129.22913	35.99147
오륙돈	food	129.21455	35.84325
오르세	stay	129.28159	35.87078
오르토	stay	129.45447	35.66794
오름	food	129.20989	35.85037
오릉도원	stay	129.21650	35.81702
오리고	food	129.23113	35.87704
오리궁뎅이	food	129.21080	35.88103
오리네집	shop	129.21189	35.83604
오리덕애경주점	food	129.22504	35.86266
오리맛고을	food	129.21913	35.99241
오리명가고향정	food	129.20733	35.99335
오리본가	food	129.20863	35.85646
오마르알리	food	129.20791	35.85298
오마모리	cafe	129.21807	35.83662
오마카세청담	food	129.22447	35.85320
오메가메	bar	129.22672	35.85025
오메가메마트	shop	129.20938	35.83321
오메가메아지매식당	bar	129.32894	35.78506
오명택골프아카데미	activity	129.22834	35.85373
오미뇽	cafe	129.32894	35.78506
오미손칼국수	food	129.21942	35.84182
오미식당	food	129.22339	35.84166
오백년	stay	129.31392	35.78349
오백년누룽지백숙	food	129.30693	35.81580
오백베이커리엔카페	food	129.37263	35.67082
오버랩커피	cafe	129.20638	35.83991
오베르	cafe	129.16981	35.84839
오베르화원	shop	129.16976	35.84861
오복다방	cafe	129.05054	35.89251
오복닭집	food	129.20674	35.84395
오복떡방앗간	food	129.21676	35.84484
오복미역	food	129.29842	35.83110
오복소맥타운	bar	129.22314	35.85212
오복식당	food	129.21456	35.86497
오복침구	shop	129.21602	35.84486
오봉산식당	food	129.05022	35.89199
오부자참숯불생갈비	food	129.22725	35.88190
오붓이	stay	129.23097	35.84151
오붓이책방	food	129.20017	35.74994
오븐마루경주	food	129.20668	35.84882
오븐에꾸운닭	food	129.22370	35.85434
오븐에꾸운닭	food	129.30915	35.77121
오븐에꾸운닭충효점	food	129.17874	35.84457
오빠가요클럽	bar	129.22372	35.85492
오빠야분식	food	129.20282	35.84338
오성상회	shop	129.21631	35.84539
오성이엔지	shop	129.47157	35.69983
오세요분식	food	129.50201	35.80411
오션	shop	129.47506	35.69013
오션	shop	129.31174	35.77150
오션클리프	stay	129.47459	35.68987
오션클리프	stay	129.47451	35.68948
오션힐즈마트	shop	129.40498	35.66426
오소	cafe	129.19285	36.00023
오솔길오토캠핑장	stay	129.07529	35.74212
오수당	stay	129.21178	35.83551
오스카데그레이	cafe	129.21099	35.86563
오스카스카페	cafe	129.21099	35.86563
오스테리아밀즈	food	129.21170	35.83650
오스테리아피아띠	food	129.21209	35.83507
오슬로	cafe	129.22803	35.82480
오슬로모텔	stay	129.45304	35.66512
오슬로펜션	stay	129.30889	35.79583
오시라	cafe	129.14845	35.80821
오시오	food	129.21305	35.85024
오실라	cafe	129.22079	35.84576
오아르미술관	heritage	129.20764	35.84055
오아시스	bar	129.20864	35.83647
오아시스글램핑	stay	129.30538	35.79097
오아시스펜션	stay	129.30538	35.79098
오아휴	stay	129.25209	35.81850
오야떡방앗간	food	129.21666	35.84477
오야상회	shop	129.20674	35.84395
오야슈퍼마켓	shop	129.20876	35.85447
오엑스피시용	activity	129.22338	35.86295
오오뎅뎅	bar	129.21839	35.86783
오오일일	shop	129.21368	35.83422
오오티디	shop	129.21120	35.84342
오월수산	shop	129.22233	35.99041
오월에국수	food	129.18548	35.84348
오웨이	shop	129.21431	35.84206
오유가	food	129.30999	35.76752
오은정	stay	129.24494	35.79390
오이소	cafe	129.09765	35.85496
오이소	food	129.47028	35.70063
오이소	food	129.50265	35.80694
오장군	food	129.23185	35.84768
오지버거	food	129.30432	35.77261
오지버거경주	food	129.32893	35.68079
오짱경주점	food	129.20969	35.83830
오천번반점	food	129.19721	36.00196
오칼국수	food	129.21100	35.83404
오캄	stay	129.31271	35.74566
오케이낚시터	activity	129.27654	35.77879
오케이노래한마당	activity	129.33417	35.67785
오케이똥집	food	129.23101	35.87921
오케이마켓	shop	129.22404	35.85251
오케이목장	food	129.32449	35.71381
오케이반점	food	129.50216	35.80629
오케이포인트마트	shop	129.04611	35.89664
오케이향수	shop	129.22404	35.85251
오트	food	129.21787	35.84162
오티콘보청기경주점	shop	129.22268	35.99128
오페라노래연습장	activity	129.22282	35.85317
오프뷰티경주	shop	129.21273	35.84314
오피스넥스경주점	shop	129.20724	35.85104
오피스문구	shop	129.22506	35.85675
오피점일공이	cafe	129.20678	35.84199
오피점일공이게스트하우스	stay	129.20678	35.84199
오행족발	food	129.21505	35.86512
오호리준모모치준황남	bar	129.21100	35.83370
오흐	shop	129.20995	35.84270
오히	stay	129.21258	35.82417
옥당화방	shop	129.20995	35.84437
옥란	shop	129.18919	35.85982
옥문	food	129.04947	35.89392
옥미식당	shop	129.21678	35.84500
옥산뜰	cafe	129.16064	36.01296
옥산리	food	129.16927	35.99090
옥산맷돌순두부	food	129.17469	35.99310
옥산먹거리	shop	129.22258	35.99053
옥산서원길게스트하우스	stay	129.16323	36.00934
옥산식당	food	129.20545	35.85411
옥산정식	food	129.17179	35.99169
옥석당	shop	129.29021	35.83816
옥수당	shop	129.20863	35.84336
옥스펜션나	stay	129.51001	35.81842
옥이국밥	food	129.21125	35.86592
옥이네	food	129.22041	35.99061
옥이네장어구이	food	129.49982	35.80102
옥이밥상	food	129.48971	35.78274
옥이분식	food	129.22311	35.85653
옥이식당	food	129.22478	35.99280
옥이식당	food	129.21582	35.84319
옥이횟집	food	129.45690	35.66683
옥좌로또점	activity	129.32067	35.72705
옥채	stay	129.27241	35.79708
옥천식당	food	129.22316	35.99264
옥출곤강	activity	129.28991	35.92289
옥토다육	shop	129.49505	35.81020
옥희상회	shop	129.07809	35.85268
온가족이좋아하는족발	food	129.47146	35.70116
온기푸드	food	129.19104	35.86479
온누리모바일	shop	129.22587	35.85822
온누리종합기획	shop	129.21419	35.84837
온니유풀빌라	stay	129.28256	35.77824
온다에	stay	129.20911	35.83406
온담	food	129.33385	35.67729
온당	food	129.22611	35.88142
온당	stay	129.20028	35.80735
온더문키즈풀빌라	stay	129.26950	35.87478
온도	food	129.21077	35.84219
온도믹스	shop	129.21120	35.86691
온동네	food	129.21595	35.84084
온리브	stay	129.48798	35.79469
온리원독채키즈풀빌라	stay	129.29552	35.87572
온리원키즈풀빌라	stay	129.29552	35.87572
온마루	stay	129.31584	35.79884
온마루펜션	stay	129.31546	35.79868
온마루한옥풀빌라	stay	129.31559	35.79875
온반	food	129.22708	35.85642
온브레이즈	food	129.22439	35.87939
온새미한옥	stay	129.21013	35.83424
온생활경주	shop	129.18970	35.86264
온소래미스테이	stay	129.21179	35.81318
온실	stay	129.20778	35.83804
온에어식당	bar	129.20587	35.85565
온오프펜션	stay	129.28320	35.77269
온이네민박	stay	129.12851	35.78666
온정	stay	129.25793	35.81032
온정족발보쌈	food	129.22077	35.99074
온정한옥	stay	129.20923	35.84700
온천슈퍼	shop	129.30048	35.77569
온천집	food	129.20913	35.83777
온피트니스	activity	129.19612	36.00245
온화애제과	food	129.21442	35.86533
온휘풀빌라	stay	129.29245	35.89231
올더웨이	stay	129.16761	35.81168
올드사운드바	shop	129.21219	35.84211
올드팝	food	129.30716	35.77398
올라	food	129.31888	35.76193
올라몽솔레이	shop	129.20676	35.84049
올래양꼬치	food	129.22673	35.85558
올레노래연습장	activity	129.22709	35.88135
올리	shop	129.20674	35.84395
올리브	cafe	129.20905	35.83721
올리브	shop	129.21252	35.84296
올리브데코	shop	129.20929	35.84348
올리브모텔	stay	129.22762	35.99236
올리브바닐라	stay	129.30514	35.80633
올리브영경주	shop	129.20662	35.85539
올리브인	stay	129.20999	35.84504
올리브하우스	stay	129.30493	35.80628
올리비아	stay	129.31594	35.79084
올리비아로렌	shop	129.21159	35.84340
올리비아하슬러	shop	129.22472	35.99089
올리비아하슬러경주점	shop	129.21363	35.84236
올림푸스노래연습장	activity	129.20765	35.85503
올림핏헬스클럽	activity	129.17759	35.84510
올바른과메기	shop	129.29437	35.96549
올바릇식당	food	129.28024	35.84728
올바이크	shop	129.21689	35.84230
올빼미국밥	food	129.22324	35.85535
올소베이크샵	food	129.20141	35.84239
올쏘팜	activity	129.26683	35.89634
올인노래마을	bar	129.20725	35.84507
올젠	shop	129.24575	35.91820
올포유경주점	shop	129.21195	35.84337
옷과소품의정원	shop	129.17784	35.84580
옷이날개	shop	129.20867	35.84750
옷짱	shop	129.22565	35.99123
옷향기	shop	129.22993	35.87855
옹기골숯불뒷고기	food	129.20749	35.84434
옹기골식당	food	129.20992	35.84426
옹기랑자기	shop	129.24841	35.97398
옹기종기	food	129.20584	35.87116
옹다방	cafe	129.32620	35.71428
옹달샘	shop	129.46158	35.67640
옹심이	food	129.21631	35.84539
옹심이메밀칼국수	food	129.33722	35.71922
옹심이칼국수	food	129.19385	36.00102
와그스테이크경주점	food	129.22850	35.88407
와담정	stay	129.21298	35.82583
와룡찜닭	food	129.21019	35.84767
와룡호	activity	129.49482	35.79245
와와노래클럽	bar	129.21478	35.84120
와와치킨	food	129.20564	35.85554
와와키즈풀빌라	stay	129.45736	35.78998
와우단란주점	bar	129.21021	35.84221
와우족발	food	129.21597	35.86852
와우족발	food	129.20674	35.84395
와우하우스	stay	129.27301	35.87431
와이소옥	food	129.21244	35.83455
와이즈워터	shop	129.21116	35.99018
와이펜션	stay	129.38678	35.72536
와일드민박	stay	129.26793	35.80355
와타시와	bar	129.21414	35.86752
와플대학경주황오캠퍼스	food	129.21370	35.84390
와플대학용황캠퍼스	food	129.22613	35.88499
왁골프경주	shop	129.30804	35.80622
완도참전복집	food	129.22574	35.85626
완도참전복집	food	129.22707	35.99091
완도참전복집	food	129.20831	35.85667
완민	shop	129.23019	35.88102
왈왈스테이	stay	129.29059	35.89291
왓더버거경주점	food	129.21350	35.86601
왓더버거경주점	food	129.21772	35.83640
왓포타이	shop	129.28149	35.84550
왔다막썰어횟집	food	129.18504	35.84312
왔다생선구이	food	129.21189	35.86879
왕가탕후루	food	129.21127	35.83619
왕경	bar	129.22792	35.88248
왕경막걸리	bar	129.22539	35.85817
왕경식육유통	shop	129.20539	35.84332
왕금짜장	food	129.22098	35.99057
왕산마트	shop	129.20630	35.84234
왕생굴구이	food	129.21721	35.86775
왕성떡집	food	129.21648	35.84468
왕성회식당	food	129.47554	35.69742
왕손짜장	food	129.21733	35.82112
왕신웰빙우렁이쌈밥	food	129.28678	35.93284
왕아네치킨	food	129.43975	35.79368
왕족발식당	food	129.21589	35.87129
왕창막걸리	bar	129.21260	35.84715
왕창식당	food	129.20492	35.83690
왕푸마라탕양꼬치	food	129.22013	35.99268
외가	food	129.20922	35.83706
외갓집	food	129.30862	35.77163
외동농업협동조합하나로마트	shop	129.32557	35.71601
외동떡방앗간	food	129.32540	35.71523
외동맷돌순두부	food	129.32451	35.70956
외동밀면	food	129.32900	35.70156
외동반점	food	129.32652	35.71447
외동사무용가구	shop	129.33497	35.67733
외동유통	shop	129.28844	35.67424
외동찹쌀순대	food	129.21586	35.84507
외동하이숍	shop	129.28550	35.67147
외동학생	shop	129.32529	35.71552
외동한우판매장	food	129.32530	35.70965
외동한우회외동한우직판장	shop	129.32520	35.71416
외동할인마트	shop	129.31945	35.67921
외동휴게소울산	food	129.28550	35.67147
외바우	food	129.19558	36.00113
외할머니를닮은집	stay	129.20649	35.84727
요거트아이스크림의정석강동워터파크점	food	129.29491	35.82281
요거트아이스크림의정석경주점	food	129.21899	35.86119
요거트아이스크림의정석용황점	food	129.22534	35.88203
요거트월드	food	129.23060	35.88405
요거프레소경주	cafe	129.19562	36.00384
요거프레소경주	cafe	129.23009	35.87651
요거프레소경주동천타운점	cafe	129.23152	35.84851
요거프레소경주미소지움시티점	cafe	129.32269	35.71116
요거프레소경주서라벌대점	cafe	129.18714	35.84165
요고야	bar	129.21987	35.86797
요고조고문방구	shop	129.22832	35.84790
요남자경북경주점	food	129.22371	35.84625
요니베이프	shop	129.22534	35.84912
요리모노	food	129.20564	35.85393
요석궁식당	food	129.21701	35.83055
요술정원	shop	129.21740	35.87058
요요히	stay	129.32650	35.74451
요유베이커리황리단길점	cafe	129.20956	35.83411
요하정	food	129.19225	35.86108
욜로	stay	129.27313	35.86727
용강가야밀면	food	129.22945	35.87857
용강갈비	food	129.22190	35.88343
용강곱창	food	129.22361	35.86270
용강국밥	food	129.27093	35.94232
용강국밥	food	129.21028	35.84576
용강국밥	food	129.23106	35.87744
용강국밥	food	129.10387	35.85247
용강국밥불쭈꾸미	food	129.22919	35.84711
용강국수	food	129.22494	35.86226
용강노래연습장	activity	129.22867	35.87700
용강대반점	food	129.22672	35.87751
용강막썰어회식당	food	129.22959	35.87854
용강무인카페	cafe	129.22993	35.87855
용강비와이씨	shop	129.22948	35.87683
용강스크린	activity	129.22867	35.87700
용강스파스포렉스	activity	129.23121	35.87654
용강안경렌즈미용황점	shop	129.22654	35.88304
용강암소	food	129.22993	35.87950
용강야채	shop	129.22993	35.87855
용강종합자전거오토바이수리	shop	129.22993	35.87855
용강콩떼기밭떼기	food	129.23103	35.87756
용강통식당	bar	129.22982	35.87918
용강해물손칼국수	food	129.23122	35.87593
용궁식자재마트	shop	129.31125	35.77117
용궁웰빙식당	food	129.15041	35.81917
용궁참가자미	food	129.22935	35.84633
용궁회관	bar	129.50276	35.80371
용담로구판장	shop	129.16351	35.89933
용명식당	food	129.45919	35.66630
용문각	food	129.22489	35.86149
용산담배집	shop	129.20537	35.75114
용산떡방앗간	food	129.20502	35.75127
용산숯불	food	129.20520	35.75117
용산식육점	shop	129.20520	35.75117
용산회식당	food	129.20607	35.75157
용암이한방족발	food	129.21534	35.84577
용월각	food	129.22264	35.99202
용이네	food	129.30754	35.77253
용자오징어	shop	129.21694	35.84505
용장각통닭곰장어	food	129.06525	35.65384
용장골순두부	food	129.20506	35.77458
용장글램핑	stay	129.20229	35.77492
용장한옥펜션	stay	129.20256	35.77539
용장휴게소	shop	129.20480	35.77524
용천수마트	shop	129.30784	35.78587
용천수캠핑장	stay	129.30784	35.78587
용천토리오토캠핑장	stay	129.07753	35.70112
용해수산	shop	129.46247	35.67735
용호동낙지경주용황점	food	129.22537	35.88290
용황루	food	129.22590	35.88159
용황밀면	food	129.22455	35.88086
용황바이크	shop	129.22879	35.88358
용황송월타월	shop	129.22859	35.88420
용황숯불갈비	food	129.22260	35.88245
용황정육점	shop	129.22527	35.88318
용황헬스	activity	129.22499	35.88329
용휴게실	food	129.20438	35.84868
우공가	stay	129.42181	35.84058
우광상회	shop	129.21616	35.84511
우귀란코스메틱	shop	129.20712	35.84960
우남슈퍼	shop	129.20268	35.86573
우담	food	129.22625	35.85465
우동상점	shop	129.23398	35.84729
우동한그릇집	food	129.23398	35.84729
우드스탁	bar	129.20508	35.85563
우드인스테이	stay	129.20374	35.83759
우드페커	food	129.34909	35.68939
우렁각시	food	129.31323	35.80209
우렁각시쌈밥	food	129.20421	35.79778
우렁이쌈밥집	food	129.20999	35.84683
우리갤러리	food	129.10216	35.84873
우리건강원	shop	129.08621	35.83992
우리골프경주점	shop	129.23140	35.88273
우리끼리키즈카페꿈꾸는마을경주용황점	shop	129.22932	35.88146
우리내의	shop	129.20940	35.85121
우리누리펜션	stay	129.26008	35.86132
우리다방	cafe	129.22826	35.99308
우리돌곱창	food	129.22938	35.84808
우리동네	food	129.22520	35.85296
우리동네참치정육점	food	129.21432	35.99115
우리동네힐링	shop	129.20931	35.99200
우리들	bar	129.21924	35.86647
우리들구이집	food	129.32458	35.71487
우리들온누리약국	shop	129.21703	35.84619
우리들의경주가생각나요	stay	129.22724	35.93937
우리마트	shop	129.33324	35.67812
우리막창	food	129.22559	35.85954
우리모두스테이	stay	129.18693	35.82347
우리문구	shop	129.18882	35.84234
우리민박	stay	129.26232	35.85860
우리반점	food	129.13059	35.82399
우리베이커리	food	129.22575	35.87930
우리분식	food	129.21586	35.84500
우리소생고기	food	129.21120	35.86691
우리숯불막창	food	129.22983	35.87965
우리슈퍼	shop	129.13097	35.82425
우리슈퍼	shop	129.20472	35.83693
우리식당	food	129.08873	35.86281
우리식당	food	129.37700	35.67933
우리식품	shop	129.21794	35.86806
우리신발	shop	129.21586	35.84507
우리장여관	stay	129.29931	35.77612
우리집	food	129.22446	35.85805
우리집갈비탕	food	129.32365	35.67066
우리집먹거리	food	129.20847	35.85297
우리집순두부	food	129.20607	35.76017
우리집식당	food	129.20950	35.85242
우리한우	shop	129.24684	36.06820
우리한우별관	food	129.24684	36.06820
우리한우셀프식육식당	food	129.20843	35.85080
우리한우식당	food	129.24684	36.06820
우리한우식육점	shop	129.20843	35.85080
우리홀푸드마트경주점	shop	129.22575	35.87930
우리홈소품이야기	shop	129.22575	35.87930
우리회대게	food	129.50342	35.80439
우마왕	food	129.25424	35.84284
우마왕용황점	food	129.23014	35.88327
우마왕한우샌드	shop	129.21313	35.83556
우마왕한우샌드보문점	cafe	129.25424	35.84284
우마찌	food	129.21820	35.87110
우물집	food	129.20906	35.83599
우미회	food	129.22435	35.85296
우방고기고기숯불	food	129.19553	36.00086
우방김밥천국	food	129.22615	35.85968
우방떡방앗간	food	129.19622	36.00500
우방막걸리	bar	129.22588	35.85503
우방매운탕	food	129.19531	36.00281
우방명동떡뽁이	food	129.22615	35.85968
우보농원	shop	129.09554	35.91547
우성막걸리	bar	129.22411	35.86192
우성상회	shop	129.20674	35.84395
우성슈퍼	shop	129.20851	35.84442
우성식육식품	shop	129.22103	35.84155
우성양품	shop	129.21821	35.99153
우성팬션모텔	stay	129.49390	35.77667
우수분식	food	129.20758	35.85349
우수전산주	shop	129.20712	35.85176
우수컴퓨터	shop	129.21260	35.86382
우스페흐	food	129.20564	35.85437
우아한	cafe	129.23424	35.84426
우야꼬	bar	129.20887	35.85123
우야든돈	food	129.23269	35.84756
우야지막창	food	129.21865	35.86758
우양미술관	heritage	129.28593	35.84160
우양산업개발경주신라밀레니엄지점	stay	129.29262	35.83551
우양산업개발힐튼	stay	129.28594	35.83991
우여사김밥	food	129.22598	35.85755
우연히책방	cafe	129.20463	35.84237
우일식당	food	129.20412	35.83981
우전생고기	food	129.21189	35.86674
우정다방	cafe	129.22608	35.99183
우정다방	cafe	129.05009	35.89307
우정마트	shop	129.20490	35.84235
우정식당	food	129.31945	35.67921
우정축산	shop	129.22861	35.87682
우정축산식육유통	shop	129.20309	35.84445
우정커피숍	cafe	129.05009	35.89307
우주	bar	129.22760	35.84950
우주다방	cafe	129.21906	35.85508
우주떡방앗간	food	129.22597	35.85465
우주반점	food	129.22312	35.85464
우주상사	shop	129.26960	35.70766
우주약국	shop	129.21348	35.84431
우주오락실	activity	129.20607	35.85512
우주쭈꾸미	food	129.22398	35.85133
우주펜션	stay	129.26814	36.03401
우직	food	129.20944	35.83706
우진공예	shop	129.23432	35.84507
우진그린펜션	stay	129.29368	35.87544
우진민속품	shop	129.10962	35.84342
우진수산	food	129.22767	35.97905
우진식당	food	129.18626	35.84324
우짝한우암소숯불	food	129.22451	35.86017
우천서당보존회	stay	129.43339	35.80126
우판호부동산	shop	129.32291	35.67116
우하하	food	129.21421	35.84860
우해	shop	129.24436	35.91642
우향다옥	food	129.25344	36.00080
우현상회	shop	129.10496	35.84819
우화	stay	129.21251	35.81316
우화	shop	129.21179	35.84092
우회전	food	129.18525	35.84306
우회전노서점	food	129.20482	35.83999
우회전용황점	food	129.22556	35.88295
우후죽순경주용황점	food	129.21913	35.88148
욱이푸드	food	129.10636	35.84544
운곡서원	heritage	129.30208	35.94100
운동하는사람들	activity	129.22369	35.88259
운동하는사람들비엘짐	activity	129.21241	35.84433
운수대통	food	129.26934	35.85385
운수대통가든	food	129.26934	35.85385
운수대통가든	food	129.28729	35.93177
운수대통닭갈비	food	129.21239	35.84163
운수암미나리농장	food	129.32345	35.87515
운정루	stay	129.24590	35.79128
운칠기삼정육식당	food	129.30720	35.77270
울릉도상회	shop	129.22211	35.98950
울산상회	shop	129.20674	35.84395
울산식당	food	129.32618	35.71496
울산식당	food	129.32634	35.70638
울산식당	food	129.32894	35.78506
울산암소숯불	food	129.34024	35.68697
울산집	food	129.50074	35.80229
울엄마찜닭	food	129.20480	35.85278
울타리없는만두	food	129.21547	35.84330
움	stay	129.16167	35.84590
움터카페	cafe	129.20518	35.84875
워낭숯불갈비	food	129.19311	36.00143
워니유니가	stay	129.46039	35.78986
워니유니나	stay	129.46057	35.78961
워드로브	shop	129.22045	35.86925
워크업경주	shop	129.32067	35.72705
워크업경주점	shop	129.24436	35.91642
워터도트	cafe	129.22063	35.84149
워터드롭	cafe	129.21029	35.83442
원가어탕	food	129.21001	35.84564
원광상회	shop	129.49976	35.80147
원광식당	food	129.33091	35.68197
원궁노래클럽	bar	129.22391	35.85542
원니드브로우	shop	129.20384	35.84402
원다방	cafe	129.10561	35.85092
원대로노래연습장	activity	129.23091	35.84936
원더풀	food	129.32401	35.71541
원더풀꽈배기	food	129.18856	35.84186
원더풀꽈배기	food	129.21654	35.99357
원더풀꽈배기	food	129.26910	35.89586
원더풀꽈배기	food	129.21812	35.86176
원더풀명품찹쌀꽈배기	food	129.30076	35.77479
원더풀명품찹쌀꽈배기	food	129.50217	35.80500
원더풀명품찹쌀꽈배기	food	129.21397	35.86577
원더플꽈배기	food	129.21654	35.99357
원더플레이스경주점	shop	129.21288	35.84168
원두막	shop	129.10533	35.84859
원두막식당	food	129.30218	35.94102
원뚝배기	food	129.19330	36.00117
원마중	food	129.21338	35.83303
원목을좋아하는사람	shop	129.20811	35.84967
원미당	cafe	129.21586	35.84507
원빵충효점	shop	129.18882	35.84248
원산밀면	food	129.20299	35.83906
원샷클럽	bar	129.22312	35.85500
원스	bar	129.21311	35.86507
원앙떡집	food	129.25411	35.93837
원영	food	129.19227	35.72371
원영숙임대	food	129.26244	35.85141
원월드	shop	129.31755	35.77537
원웨이	shop	129.23567	35.84482
원유통	shop	129.31008	35.77360
원일사	shop	129.21627	35.84507
원전사	shop	129.20754	35.84338
원전사	shop	129.21038	35.85160
원조간바지식당	food	129.22668	35.86004
원조경주빵	food	129.21387	35.84027
원조까꾸리막창	bar	129.19579	36.00268
원조바다물회	food	129.19623	35.99953
원조할매국밥	food	129.22672	35.85292
원조황해도만두	food	129.18911	35.84177
원주식당	food	129.50252	35.80748
원진순대	food	129.21597	35.84500
원진유통	shop	129.20119	35.84223
원진초장	food	129.20674	35.84395
원츠	cafe	129.20508	35.83854
원탁가라오케	bar	129.22330	35.85651
원탑파크골프	activity	129.22654	35.84995
원통숯불뒷고기	food	129.21889	35.99282
원통숯불뒷고기	food	129.30754	35.77253
원투나인	shop	129.21367	35.84168
원풍가든	food	129.20346	35.72281
원풍식육점	shop	129.21684	35.84572
원화랑스테이	stay	129.02064	35.76040
원화루	stay	129.21141	35.81428
월계관	food	129.20944	35.83718
월계수	stay	129.05830	35.69732
월계수산장가든	food	129.05830	35.69732
월계수캠핑장	stay	129.05887	35.69768
월궁소주방	bar	129.19571	36.00226
월남면옥	food	129.21178	35.83551
월드	activity	129.20892	35.83906
월드낚시	shop	129.21241	35.85416
월드리빙	shop	129.20747	35.85546
월드마트	shop	129.32360	35.67005
월드마트석계점	shop	129.30921	35.68009
월드마트입실점	shop	129.32531	35.71379
월드면	shop	129.21442	35.86533
월드유통	shop	129.23393	35.84430
월드펜션	stay	129.28327	35.83350
월드할랄푸드마트	food	129.32469	35.71416
월명회식당	food	129.48730	35.74761
월산	food	129.22550	35.85540
월산기업	shop	129.26373	35.94283
월성가구점	shop	129.20729	35.84050
월성경주빵찰보리빵	food	129.21997	35.83651
월성과자점	food	129.21194	35.83645
월성궁	bar	129.47146	35.70116
월성돼지국밥	food	129.27752	35.83341
월성떡방앗간	food	129.23287	35.84727
월성분식	food	129.20735	35.84291
월성상회	shop	129.20983	35.82834
월성스테이	stay	129.22731	35.82480
월성원자력홍보관	heritage	129.47016	35.70260
월성이랑	activity	129.22290	35.83260
월성족발	food	129.26704	35.89616
월성참기름	shop	129.04431	35.75748
월성한마음동산	nature	129.46723	35.70474
월성한우	shop	129.43975	35.79368
월성횟집	food	129.46898	35.67977
월암재	stay	129.21621	35.81567
월연재	stay	129.22760	35.82337
월정	food	129.21253	35.82706
월정거리	shop	129.21766	35.83073
월정교	heritage	129.21810	35.82930
월정약선차	cafe	129.29188	35.92296
월정재	stay	129.20839	35.83812
월정제과	food	129.20978	35.84374
월정헌	stay	129.20681	35.82550
월지빵	food	129.22312	35.84056
월지향	food	129.22316	35.84224
월평상회	shop	129.22291	35.99032
월하	stay	129.20742	35.84807
월하몽한옥감성스테이	stay	129.42751	35.76233
월하정인	food	129.21509	35.83013
웜스	food	129.21412	35.84630
웨스턴식당	food	129.19291	36.00123
웨이브커피	cafe	129.29491	35.82281
웨이트리	stay	129.48696	35.74677
웰니스펜션	stay	129.27804	35.83244
웰마트	shop	129.33406	35.67830
웰메이드	shop	129.22412	35.99101
웰메이드경주점	shop	129.21150	35.84265
웰빙나라	shop	129.10454	35.84775
웰빙다방	cafe	129.21809	35.99078
웰빙식품	shop	129.09779	35.89345
웰빙족발	food	129.44317	35.79155
웰빙푸드한식뷔페	food	129.31265	35.67141
웰빙황토우렁이쌈밥	food	129.14701	35.90320
웰빙횟집	food	129.21631	35.84539
웰컴독애견펜션	stay	129.41427	35.67688
웰컴투	shop	129.42420	35.67028
웰쿡	food	129.50499	35.80923
위더스요양병원장례식장식당	food	129.23204	35.87776
위더스컴퓨터	shop	129.22598	35.85524
위덕대학교구내서점	shop	129.28259	36.01611
위드	food	129.22330	35.85651
위드	cafe	129.32454	35.71468
위드구스토	shop	129.21148	35.88212
위드모리	shop	129.22760	35.84950
위드베베	stay	129.30032	35.78787
위드식당	bar	129.22330	35.85651
위드제나	activity	129.21956	35.86696
위스	cafe	129.22505	35.85538
위스프레소	cafe	129.21960	35.86822
위연재	stay	129.21802	35.83619
위주	food	129.20960	35.84590
위켄드커먼	bar	129.21767	35.84170
위클라드자쿠지펜션	stay	129.30609	35.74085
위클라드커플풀빌라	stay	129.30602	35.74072
위클라드펜션	stay	129.30643	35.74078
위포초려	stay	129.25326	36.00327
윈드벨보청기	shop	129.29813	35.77708
윌노래클럽	bar	129.22396	35.85578
유가네닭갈비경주	food	129.19058	35.86125
유가네한우곰탕보문점	food	129.25213	35.84317
유게스트하우스	stay	129.20415	35.83729
유기농스킨케어	shop	129.23172	35.87560
유노게스트하우스	stay	129.49472	35.79216
유노이아	stay	129.48202	35.74112
유니네	food	129.04901	35.89288
유니네정원	stay	129.21079	35.88217
유니정원	food	129.32673	35.78412
유니크장여관	stay	129.21201	35.84134
유럽마을	stay	129.25857	35.85914
유로빌	stay	129.25828	35.85821
유로코피자	food	129.22014	35.86461
유리회센터	food	129.50201	35.80411
유림다방	cafe	129.44184	35.79289
유림당구장	activity	129.21217	35.86675
유림상사	shop	129.25376	35.93433
유림약국	shop	129.20963	35.86534
유림여관	stay	129.10635	35.84712
유림왕소금구이	food	129.21087	35.86714
유림장식유림건강원	shop	129.21425	35.86559
유림커피	cafe	129.21394	35.86809
유림횟집	food	129.46480	35.66741
유메오뎅경주	food	129.22706	35.88281
유명사	shop	129.21643	35.84422
유명온누리약국	shop	129.21571	35.84478
유명의류	shop	129.21386	35.84430
유명찰보리빵	food	129.22068	35.83624
유봉딸기농장	shop	129.13668	35.82957
유봉모텔	stay	129.22354	35.85629
유북서점	shop	129.22247	35.99208
유빈식당	food	129.22578	35.86164
유산균현미빵	food	129.23262	35.84721
유성그릇	shop	129.20674	35.84395
유성숯불갈비	food	129.23087	35.84912
유성식당	food	129.21597	35.84495
유성장	stay	129.20774	35.84364
유성장모텔	stay	129.21655	35.84902
유성푸드	food	129.29453	35.71017
유수정	food	129.31817	35.78793
유스페이스	shop	129.19109	35.87374
유승식육식당	food	129.18114	35.84366
유안	stay	129.46315	35.67027
유앤아이커피	cafe	129.31944	35.67893
유에이치스위트더경주	stay	129.20497	35.83992
유오재서화디자인	shop	129.21742	35.87817
유원민속촌	food	129.21188	35.86453
유원분식	food	129.21329	35.86588
유월의상점	shop	129.21582	35.86674
유유자적	stay	129.32521	35.78522
유정다방	cafe	129.46297	35.67430
유정장어	food	129.18804	35.84135
유정쫄면	food	129.10533	35.84859
유진가든	food	129.15240	35.82082
유진상사	shop	129.33179	35.68197
유진어패럴	shop	129.24436	35.91642
유진회초장집	shop	129.50201	35.80411
유창바이오	shop	129.26283	35.91184
유천암소숯불	food	129.20356	35.72230
유청	food	129.22035	35.87509
유캔두잇경주	cafe	129.22351	35.85678
유토피아펜션가동	stay	129.24416	35.84758
유토피아펜션나동	stay	129.24444	35.84762
유호재단비고집	cafe	129.17168	35.79093
유호종합식품	shop	129.22181	35.85310
유화식당	food	129.16878	35.97062
유황오리남촌	food	129.25239	35.83249
유휴정	stay	129.23041	35.88933
육갑화로	food	129.21068	35.86894
육림한우숯불식당	food	129.10376	35.84963
육미촨촨	food	129.22298	35.88289
육병장경주	food	129.20594	35.85314
육부장갈비	food	129.22056	35.88188
육부전	heritage	129.21441	35.81696
육부촌유흥주점	bar	129.28890	35.84033
육사사식당	food	129.47126	35.69953
육삼구	food	129.19108	35.86190
육삼구이	food	129.22952	35.85041
육육회	food	129.21678	35.85120
육일인자유통	shop	129.17606	35.84300
육전국밥경주	food	129.22497	35.85868
육학당	food	129.21991	35.84183
육회더잡수소	food	129.20484	35.84039
육회하다	food	129.13916	35.80114
윤	cafe	129.21431	35.83484
윤가네미나리삼겹살	food	129.27998	35.86837
윤가네식당	food	129.32062	35.87577
윤다방	cafe	129.22811	35.99203
윤순영패션	shop	129.21109	35.84341
윤스토리	stay	129.30252	35.78722
윤슬	stay	129.32793	35.76402
윤식당	food	129.21883	35.99253
윤아초장	food	129.20674	35.84395
윤약국	shop	129.21702	35.84807
윤이네	food	129.44146	35.79124
윤쥬얼리	shop	129.21307	35.86625
윤칼국수	food	129.49500	35.77402
윤캔버스	shop	129.29424	35.97020
윤회	food	129.17467	35.88986
율동상회	shop	129.20674	35.84395
율동장희식당	food	129.20683	35.84324
율보세	shop	129.21367	35.84108
율스테이	stay	129.19549	35.80102
으뜸플러스안경경주	shop	129.21372	35.86496
은가비	shop	129.22551	35.88297
은다방	cafe	129.10469	35.84941
은미밀면	food	129.20729	35.84050
은별자리선물가게	shop	129.18462	35.84399
은산모텔	stay	129.31680	35.74279
은성디에스	shop	129.23128	35.84525
은성한우소머리곰탕	food	129.22821	35.99264
은솔펜션	stay	129.48963	35.78597
은식당	food	129.19515	35.75181
은아먹거리	food	129.22226	35.99124
은아슈퍼	shop	129.48482	35.74472
은아식당	food	129.48486	35.74482
은아회타운	food	129.48486	35.74482
은이국밥경주점	food	129.20789	35.85228
은일식당	food	129.33583	35.69860
은일식당	food	129.32553	35.68110
은정다방	cafe	129.44262	35.79182
은정매점	shop	129.17631	35.84182
은정스테이	stay	129.20680	35.83728
은정아구	food	129.21087	35.85519
은정횟집	food	129.50308	35.80437
은주네옷집	shop	129.10533	35.84859
은지초밥	food	129.20674	35.84395
은진백반	food	129.28863	35.65039
은진슈퍼	shop	129.22082	35.84605
은파다방	cafe	129.46325	35.67419
은하상회	shop	129.20856	35.84336
은하수	shop	129.48742	35.74740
은하수펜션	stay	129.25324	35.83197
은행집숯불장어식당	food	129.26247	35.85190
은행코너	shop	129.22504	35.99102
은혜슈퍼	shop	129.46276	35.67261
은혜식품	shop	129.10533	35.84859
은혜식품	shop	129.22591	35.99094
은혜약국	shop	129.21117	35.84485
은혜쥬얼리	shop	129.19482	36.00238
은화수식당	food	129.21112	35.86618
을찌로국물떡볶이경주	food	129.21662	35.86281
읍내술집	food	129.50332	35.80386
읍성공방	shop	129.20721	35.85165
읍성별장	stay	129.21503	35.84859
읍성별채	stay	129.21077	35.84850
읍성산책	stay	129.21293	35.84794
읍성스테이	stay	129.21611	35.84872
읍성옛날통닭	food	129.21412	35.84687
읍성자전거	shop	129.21412	35.84687
읍성한돈	food	129.21305	35.85024
읍천낚시	shop	129.47356	35.69535
읍천맛집	food	129.47280	35.68508
읍천항	nature	129.47570	35.69140
읍천활어초장집	food	129.47534	35.69338
읍천회식당	food	129.47454	35.69325
응급실국물떡볶이	food	129.21682	35.84940
응두야학교가자	shop	129.50265	35.80694
응이응오모바일	shop	129.21511	35.84354
의곡숯불	food	129.20644	35.83711
의령식당	food	129.30801	35.67897
의성할매손맛	food	129.50201	35.80411
이가가야밀면	food	129.26899	35.79520
이가네국수	food	129.29273	35.92543
이가네등푸른생선	food	129.21557	35.99197
이가네셀프식육식당	food	129.21569	35.85003
이강수산	shop	129.50708	35.80901
이강한우소머리촌	food	129.22270	35.85053
이거숯불양념치킨	food	129.29784	35.77662
이고카페	cafe	129.49231	35.75175
이꽃공방꽃누르미압화	shop	129.23080	35.84103
이끼	food	129.21179	35.84092
이너프	stay	129.40571	35.66434
이너프레소에스프레소바	cafe	129.21499	35.84145
이노	shop	129.18997	35.86227
이니스프리	shop	129.22432	35.99073
이니스프리경주	shop	129.21409	35.86494
이다음스테이	stay	129.22123	35.84625
이달빵카페	food	129.26873	35.89609
이담	food	129.22800	35.88343
이대감밥상	food	129.31089	35.77131
이도경가든	food	129.48975	35.79279
이돌복네집	stay	129.21244	35.84697
이동간받이경주보문점	food	129.28482	35.83548
이동간받이경주용황점	food	129.22369	35.88259
이동규손만두방	food	129.21040	35.86465
이동익골프아카데미	activity	129.22157	35.88232
이든족발돼지국밥	food	129.10620	35.84853
이든푸드	food	129.08717	35.87444
이디야	cafe	129.22540	35.85844
이디야	cafe	129.22394	35.85484
이디야경주	cafe	129.20660	35.85460
이디야경주	cafe	129.20682	35.84262
이디야경주건천점	cafe	129.10640	35.84767
이디야경주동국대	cafe	129.19036	35.86122
이디야경주동문로점	cafe	129.21402	35.85268
이디야경주성동	cafe	129.21703	35.84638
이디야경주외동공단점	cafe	129.32067	35.72705
이디야경주입실점	cafe	129.32521	35.70819
이디야경주점	cafe	129.21210	35.84482
이디야국립경주박물관점	cafe	129.22868	35.82943
이디야알천점	cafe	129.23056	35.84956
이디야충효서라벌	cafe	129.18471	35.84243
이디야커피	cafe	129.19288	35.85851
이디야커피	cafe	129.20247	35.83975
이디야커피	cafe	129.30238	35.77355
이디야커피경주	cafe	129.22013	35.99268
이디야커피경주	cafe	129.17457	35.89220
이디야커피경주	cafe	129.22371	35.84625
이디야커피경주괘릉점	cafe	129.31492	35.75740
이디야커피경주북군점	cafe	129.26408	35.85293
이디야커피경주한화리조트점	cafe	129.26991	35.85943
이디야커피경주황성	cafe	129.21874	35.88121
이디야커피금장점	cafe	129.20244	35.86723
이디야커피동천현대점	cafe	129.22645	35.85219
이디야커피모화디아이점	cafe	129.32893	35.68079
이디야커피용황점	cafe	129.22530	35.88471
이디야커피황성유림점	cafe	129.21544	35.86887
이디야황성휴포레점	cafe	129.21425	35.87268
이랑	shop	129.21747	35.86376
이랜드월드폴더경주점	shop	129.21310	35.84185
이랜드파크켄싱턴리조트경주	stay	129.26842	35.86073
이랜드파크한국콘도경주보문	stay	129.27972	35.84914
이레에너지테라피	shop	129.46297	35.67430
이레패션	shop	129.20674	35.84395
이루미	shop	129.18917	35.87411
이루팜경주점	cafe	129.21951	35.88267
이룸기획	shop	129.28851	35.93541
이룸시스템	shop	129.19104	35.86479
이름없는닭강정	food	129.46374	35.67678
이리네국수랑김밥	food	129.30188	35.77905
이마트푸르지오	shop	129.22120	35.85653
이모네	food	129.21903	35.87379
이모맛집	food	129.22728	35.99046
이모밥상	food	129.20674	35.84395
이모상회	shop	129.21637	35.84534
이모찬스	food	129.21403	35.85075
이모텔	stay	129.46341	35.66993
이모해물촌	food	129.46986	35.69977
이문안	food	129.28172	35.96436
이박사냄비갈비	food	129.19157	35.85943
이백장돈가스	food	129.21719	35.86214
이백장돈가스경주	food	129.19575	36.00293
이백칼국수	food	129.20553	35.87136
이부라더	shop	129.20790	35.84337
이브릭	cafe	129.20264	35.86438
이브자리	shop	129.21153	35.84387
이브자리	shop	129.22343	35.99109
이브자리	shop	129.21350	35.86601
이븐스크린골프	activity	129.22481	35.86756
이비가짬뽕	food	129.32521	35.70819
이쁘다	shop	129.21031	35.83566
이쁜여우	food	129.21066	35.84221
이사금맛집	food	129.22398	35.85693
이사금빌리지	stay	129.32417	35.78492
이사부피자	food	129.21008	35.83598
이삭토스트	food	129.20470	35.85570
이삭토스트	food	129.22432	35.99073
이삭토스트	food	129.21440	35.84186
이삭토스트	food	129.21792	35.86717
이삭토스트문무대왕릉점	food	129.48222	35.74089
이삭토스트입실점	food	129.32415	35.71487
이상복경주빵	food	129.24299	35.79698
이상복경주빵	food	129.30028	35.77437
이상복경주빵금관총점	shop	129.20933	35.84222
이상복경주빵대릉원	shop	129.21576	35.83592
이상복경주빵보문본가	food	129.26412	35.85265
이상복경주빵보문점	food	129.28525	35.83657
이상복경주빵보불로점	shop	129.30901	35.80544
이상복경주빵본가	food	129.21938	35.83587
이상복경주빵본사판매점	food	129.20879	35.83317
이상복경주빵봉황대점	food	129.21180	35.84115
이상복경주빵삼릉점	food	129.20669	35.79858
이상복경주빵서라벌점	shop	129.20974	35.83883
이상복경주빵카페	food	129.21065	35.83766
이상복경주빵카페	food	129.21512	35.83432
이상복경주빵터미널지점	food	129.20302	35.83882
이상복경주빵황리단길점	shop	129.20940	35.83628
이상복명과물천점	cafe	129.27546	35.87375
이상복빵박물관점	cafe	129.23139	35.83070
이상적	cafe	129.22923	35.84088
이새경주점	shop	129.21247	35.84254
이색지대	shop	129.22596	35.99180
이서방치킨	food	129.33655	35.67726
이소창고	food	129.22840	35.93819
이손한옥보궁	stay	129.21470	35.84871
이솝	stay	129.21229	35.81361
이솝키즈풀빌라펜션	stay	129.31065	35.77713
이수찬부동산	shop	129.33672	35.67078
이승윤알통떡강정	food	129.22975	35.87658
이승윤의알통떡강정	food	129.21874	35.85418
이승윤의알통떡강정	food	129.22613	35.88499
이아	stay	129.29422	35.96229
이안카츠	food	129.17317	35.84558
이야기마을	bar	129.22986	35.87929
이어서	shop	129.20913	35.85026
이엘	stay	129.31120	35.79489
이연쌈밥	food	129.18390	36.00208
이오스풀빌라	stay	129.51745	35.84059
이오스풀빌라	stay	129.51724	35.84097
이오일	food	129.22334	35.85505
이올리오	food	129.21234	35.84144
이웃집쿠로보	shop	129.20958	35.83695
이월	bar	129.21131	35.83665
이윤	cafe	129.21916	35.83584
이음소반	food	129.22840	35.84354
이이로	cafe	129.21271	35.83516
이인숙부동산	cafe	129.17639	35.88130
이재원과자공방	cafe	129.21007	35.84752
이정유통	shop	129.19235	35.72365
이제아	cafe	129.32119	35.78233
이조분식	food	129.21749	35.84223
이조상회	shop	129.19781	35.75073
이조숯불갈비	food	129.21992	35.99308
이조식당	food	129.50279	35.80752
이조실비	bar	129.19845	35.75098
이조짬뽕	food	129.20035	35.74990
이조참기름떡방앗간	food	129.19788	35.75027
이조한정식	food	129.25094	35.84173
이종섭의한우농장	food	129.15984	35.74604
이종완골프아카데미	activity	129.23235	35.88622
이준일골프	activity	129.22176	35.85847
이중생활	bar	129.32619	35.78457
이지나비키니핏	activity	129.21189	35.86674
이지향부동산	shop	129.21375	35.84308
이천식당	food	129.50127	35.80455
이춘봉	food	129.22673	35.85273
이츠키즈	stay	129.31876	35.76881
이츠키즈풀빌라	stay	129.31808	35.76873
이층노래연습장	activity	129.21021	35.84221
이층약국	shop	129.20663	35.84330
이치니산도	food	129.20929	35.83639
이칠한우	food	129.28713	35.97292
이캐슬경주	stay	129.28501	35.84683
이태리마을	stay	129.25799	35.85831
이태리밀레피오리갤러리	shop	129.26814	35.85263
이프	bar	129.20505	35.85389
이학년일반	food	129.20512	35.85429
이항우씨푸드	food	129.33604	35.67095
이헌영	shop	129.21088	35.84328
이호점	bar	129.20356	35.83928
익선	shop	129.24436	35.91642
인덕왕족발	food	129.20635	35.85394
인동꽃이피었습니다	cafe	129.26336	35.99127
인동낚시터	activity	129.26119	35.98712
인동다방	cafe	129.27385	35.98791
인디션파워	shop	129.19571	36.00226
인막창	bar	129.22281	35.85506
인산죽염혜명원	shop	129.10083	35.84840
인삼스마트팜	shop	129.16278	36.00921
인생건어물맥주경주	bar	129.20584	35.87116
인생국밥	food	129.20792	35.85354
인생국밥	food	129.32779	35.71337
인생국밥	food	129.19284	36.00090
인생극장	food	129.22316	35.85559
인생닭강정	food	129.21307	35.86625
인생술집	bar	129.18839	35.84205
인생아구찜경주점	food	129.21414	35.86752
인생야식포차	food	129.30915	35.77121
인생주막	food	129.20607	35.85502
인생캐리커쳐	activity	129.20988	35.83779
인생커피	cafe	129.32013	35.67834
인셀덤경주외동	shop	129.30944	35.76314
인스타펜션	stay	129.40533	35.66432
인아다방	cafe	129.22492	35.99155
인아트경주	shop	129.24152	35.91275
인연	shop	129.21329	35.84281
인연	bar	129.32483	35.71482
인이스테이	stay	129.20553	35.84045
인재당한약방	shop	129.21248	35.84480
인정푸드	food	129.20633	35.85428
인좌골목향원	food	129.26222	35.99529
인천항	food	129.31155	35.77133
인터루드풀빌라	stay	129.33644	35.74783
인터뷰	bar	129.21432	35.99115
인터스피닝	activity	129.21189	35.86674
인터폴	cafe	129.17844	35.84350
인터폴커피	cafe	129.17841	35.84345
인포스카드	shop	129.27797	35.90843
인피니트노래연습장	activity	129.20564	35.85437
인피니티	shop	129.22675	35.86194
인하트키즈풀빌라	stay	129.27399	35.87294
인형랜드	activity	129.21015	35.85117
인형랜드	activity	129.22270	35.85626
인형뽑기천국	activity	129.20587	35.85530
인화식당	food	129.50241	35.80610
인히어	stay	129.21428	35.84637
일공공일안경원	shop	129.21184	35.84387
일광	food	129.22449	35.85296
일광당	shop	129.32415	35.71487
일광숯불	food	129.10563	35.84729
일광슈퍼	shop	129.49209	35.76081
일광아구찜	food	129.22861	35.85048
일구칠구	stay	129.32417	35.76225
일구칠오	stay	129.20891	35.83630
일구팔칠샵	activity	129.30102	35.77636
일등과메기	shop	129.19603	36.00345
일등식당	food	129.47146	35.70116
일등집	food	129.22912	35.84842
일로플라워샵	shop	129.22713	35.88247
일리터맥스경주읍성점	cafe	129.21680	35.84953
일미국수방	food	129.22783	35.99016
일미반찬	shop	129.19561	36.00230
일미식당	food	129.21632	35.84485
일미화로구이	food	129.32994	35.67494
일번지막창	food	129.22314	35.85677
일번지식당	food	129.30720	35.77270
일산칼국수경주용황점	food	129.22850	35.88407
일성가마솥	food	129.21440	35.85253
일성갈비	food	129.22938	35.84915
일성레저산업주	stay	129.28110	35.84859
일성반점	food	129.18505	35.84314
일성상회	shop	129.21525	35.99576
일성자전거	shop	129.21728	35.84992
일성콘도노래연습장	activity	129.28110	35.84859
일성횟집	food	129.46474	35.66726
일승회식당	food	129.10195	35.84866
일신상사비와이씨	shop	129.22256	35.99095
일신식당	food	129.22452	35.99127
일심중국식품	shop	129.20765	35.85503
일억원짜장	food	129.10082	35.84810
일오삼	shop	129.25805	35.98107
일오삼건강식품	shop	129.25805	35.98107
일월매운탕	food	129.21325	35.85019
일월상사	shop	129.20308	35.84242
일월통신	shop	129.18856	35.84186
일이펜션	stay	129.25508	35.83241
일일다방	cafe	129.20811	35.84426
일일수작경주용황점	bar	129.22830	35.88233
일일시호다	food	129.20940	35.83809
일점오커피숍	cafe	129.22822	35.99252
일조유통	shop	129.27405	35.98760
일주전기	shop	129.24257	35.90133
일주종합식품	shop	129.04899	35.89415
일진식당	food	129.28218	35.91406
일촌막창	food	129.21125	35.86756
일출뷰	stay	129.51741	35.84159
일품곰탕	food	129.20927	35.83922
일품매점	shop	129.24327	35.92061
일품솥밥	food	129.48836	35.74897
일품양평해장국	food	129.23259	35.84162
일품양평해장국	food	129.20276	35.84150
일품양평해장국감포점	food	129.50058	35.80467
일품양평해장국경주모화점	food	129.31967	35.67860
일품양평해장국경주점	food	129.30480	35.77159
일품향	food	129.21048	35.86625
일행한식뷔페	food	129.29862	35.70468
일호농장맛집	food	129.11875	35.71195
일희원유유히	stay	129.21209	35.83537
임곡원조춘천닭갈비	food	129.21609	35.86321
임다로운	shop	129.21031	35.83566
임만순숯불갈비	food	129.19414	36.00126
임선생찬방	food	129.23211	35.84818
임자칼국수	food	129.21025	35.80853
입실고시텔	stay	129.32469	35.71298
입실농원	shop	129.32618	35.71496
입실만물상회	food	129.32559	35.71503
입실아시아	shop	129.32523	35.71481
입실약국	shop	129.32454	35.71468
입실온천	activity	129.33783	35.71666
입실잡곡	shop	129.32618	35.71496
입실채소	shop	129.32618	35.71496
입실통신	shop	129.32423	35.71551
입실할랄푸드	shop	129.32392	35.71432
입실회센타	food	129.32361	35.71636
입에쏙식당	shop	129.22517	35.84927
잇미샤	shop	129.21431	35.84206
잇즈	cafe	129.18603	35.84278
잇츠런	food	129.21556	35.86446
잇츠유	stay	129.31300	35.76893
잉어	shop	129.21151	35.84342
잉크프리	shop	129.22298	35.86258
잎새달	food	129.22915	35.84737
잎새달	shop	129.23227	35.88532
잎새달스므날	stay	129.21022	35.82801
자가제빵선명희피자경주	food	129.22811	35.84936
자갈치산곰장어	food	129.18874	35.84157
자금성	food	129.22558	35.85789
자금성반점	food	129.20446	35.86896
자담인자연점	shop	129.21019	35.85359
자담정	stay	129.20761	35.84682
자담치킨	food	129.31878	35.67851
자담치킨	food	129.17812	35.84469
자담한지	shop	129.21018	35.84298
자두	stay	129.31716	35.78969
자라모텔	stay	129.29051	35.84104
자라호텔	stay	129.29050	35.84102
자림	stay	129.23174	35.84509
자매농원	shop	129.21139	35.88692
자매다방	cafe	129.10548	35.84679
자매분식	food	129.21597	35.84487
자매스타일	shop	129.20674	35.84395
자성화맛집코다리네경주	food	129.22389	35.85267
자스민하우스	stay	129.30153	35.78728
자야점빵블루원점	shop	129.29526	35.82277
자야카페	bar	129.32425	35.71450
자야커피	cafe	129.20674	35.84395
자연愛애	shop	129.17753	35.79347
자연건강원	shop	129.20282	35.85617
자연농산	shop	129.16966	35.90378
자연단란주점	bar	129.20357	35.73480
자연담은계란	shop	129.22306	35.86019
자연마트	shop	129.30784	35.77223
자연밥상	food	129.30992	35.76932
자연산오리	food	129.20357	35.73480
자연산작은가게	shop	129.46507	35.66868
자연산횟집	food	129.46507	35.66868
자연숲펜션	stay	129.26650	35.86116
자연식당	food	129.27141	35.94198
자연식당	food	129.21058	35.86656
자연애곤드레	food	129.31299	35.79741
자연애곤드레참한밥상	food	129.23222	35.84245
자연애곤드레참한밥상	food	129.31274	35.79777
자연애손칼국수	food	129.18763	35.84268
자연애찬	shop	129.22421	35.87967
자연애참한밥상	food	129.22421	35.87967
자연염색공방세비	shop	129.19713	35.80129
자연을닮은소박한집	cafe	129.27291	35.89765
자연을닮은소박한집	stay	129.27265	35.89801
자옥상회	shop	129.16004	36.01595
자전거	shop	129.30117	35.77576
자주	shop	129.21419	35.86763
작은공간	cafe	129.22583	35.84985
작은분식집	food	129.18515	35.84336
작은솔	stay	129.25490	35.92431
작은술집	food	129.21935	35.86818
작은술집	bar	129.18548	35.84348
작은신부	shop	129.17977	35.84482
잔비어쓰	bar	129.19533	36.00271
잔치집	food	129.21340	35.83483
잘돼소	food	129.22968	35.85026
잡곡상회	shop	129.22265	35.99038
장가계	food	129.46068	35.66686
장가네매운탕	food	129.22184	35.99144
장가네한식뷔페	food	129.22478	35.86220
장군암소숯불	food	129.19666	35.84977
장금이횟집	food	129.10441	35.84924
장꿩식당	food	129.20122	35.86493
장날족발	food	129.22260	35.99113
장날족발	food	129.20674	35.84395
장독대	food	129.31284	35.78338
장독대	bar	129.20511	35.84359
장독대웰빙푸드	shop	129.21329	35.86588
장독한우촌	food	129.45569	35.66646
장돼지	food	129.27514	35.98838
장매슈퍼	shop	129.19147	35.81475
장미그리다	cafe	129.20941	35.83662
장미노래궁	bar	129.18301	35.84320
장미다방	cafe	129.27536	35.98976
장미마트	shop	129.21402	35.85057
장미슈퍼	shop	129.45187	35.66192
장미실비단란주점	bar	129.21673	35.84297
장미양품	shop	129.32452	35.71486
장미여관	stay	129.20858	35.83741
장보는강아지와고양이	shop	129.32596	35.70735
장보는고양이경주점	shop	129.24065	35.91020
장뼈다구	food	129.22475	35.85675
장사부양꼬치	food	129.32467	35.71461
장산가든	food	129.20612	35.99463
장산서원	heritage	129.15776	36.02274
장성탕모텔	stay	129.20344	35.84438
장수갈비탕	food	129.31090	35.77009
장수대박뒷고기	food	129.30672	35.77234
장수바베큐보쌈	food	129.21908	35.86987
장수상점	stay	129.20448	35.84061
장수식당	food	129.22961	35.88388
장수약국	shop	129.21571	35.84478
장수횟집	food	129.46450	35.66711
장승돌곱창구이	food	129.20480	35.85278
장승백이	food	129.05577	35.69109
장승한우곱창국밥	food	129.20638	35.85195
장시돼지국밥	food	129.08649	35.86402
장시떡방앗간	food	129.08709	35.86412
장어사랑	food	129.16944	35.84856
장어수산	shop	129.31330	35.76271
장우동	food	129.23099	35.84862
장우암소숯불	food	129.23014	35.87616
장원식당	food	129.30713	35.80649
장인족발	food	129.20548	35.85311
장충동왕족발	food	129.20326	35.85209
장충동왕족발보쌈	food	129.20992	35.85241
장충웰빙족발	food	129.20668	35.85556
장터국밥	food	129.44121	35.79041
장터국밥	food	129.22200	35.99057
장터국밥식당	food	129.32521	35.71512
장터김밥	food	129.30112	35.77552
장터돼지국밥	food	129.42983	35.80071
장터밥상	food	129.49081	35.78552
장터손칼국수	food	129.21925	35.87177
장터숯불갈비	food	129.21888	35.86838
장터정육점	shop	129.30102	35.77636
장푸드	food	129.21924	35.87114
장호	food	129.17726	35.84646
장희분식	food	129.21631	35.84539
재림	shop	129.28730	35.84287
재매정	stay	129.21251	35.82848
재연	stay	129.21932	35.83692
재일식당	food	129.20658	35.84055
재재	shop	129.32543	35.78438
잼잼키즈풀빌라	stay	129.30166	35.78680
쟁반노래연습장	activity	129.21896	35.86734
저잣거리	food	129.20854	35.84566
저잣거리생선구이정식	food	129.29811	35.77723
전망대식당커피	cafe	129.37377	35.67163
전복친구들	food	129.32173	35.72775
전복품은메기	food	129.28929	35.92278
전봇대포차	food	129.22311	35.85710
전술	bar	129.20285	35.84457
전원가든	food	129.20512	35.93043
전원고추상회	shop	129.22196	35.98991
전원숯불갈비	food	129.21569	35.85003
전원식당	food	129.30725	35.81463
전원일기	stay	129.05080	35.68442
전원일기오토캠핑장	stay	129.05079	35.68442
전원일기펜션및야영장	stay	129.05080	35.68442
전쟁이야	bar	129.21064	35.86623
전주가	food	129.26241	35.85156
전주뚝배기	food	129.32648	35.78581
전주명가옥	food	129.22441	35.85366
전주시골밥상	food	129.32894	35.78506
전주으뜸식당	food	129.31114	35.77010
전주진국밥경주	food	129.20674	35.84395
전철우음식사랑	food	129.18635	35.84294
전촌물회	food	129.05034	35.89394
전촌솔밭해변	beach	129.49130	35.78570
전촌용굴	nature	129.49600	35.79154
전촌참가자미회	food	129.26422	35.85354
전촌항	nature	129.49519	35.79157
전통돼지국밥	food	129.22279	35.85492
전통맛경주빵	food	129.28378	35.83388
전통맷돌순두부	food	129.24845	35.84084
전통명가	food	129.26412	35.85222
전통미술연구소붓담	shop	129.28995	35.97632
전통손칼국수	food	129.20674	35.84395
전통숯불	food	129.04665	35.75818
전통암소갈비	food	129.44054	35.79156
전통찻집수인	cafe	129.07486	35.86497
전통한옥	stay	129.21029	35.80753
전통한우	food	129.22245	35.86014
점박이네숯불식당	food	129.21003	35.82722
점빵	shop	129.22760	35.84950
점심나라	food	129.22728	35.99046
점심밥상저녁술상	food	129.22877	35.84963
점점	food	129.21031	35.83566
점프노리키즈카페	activity	129.17730	35.84522
점핑다이어트	food	129.21524	35.86957
정가국수	food	129.16426	35.83853
정가네반찬	shop	129.32733	35.71442
정가네숯불	food	129.18788	35.84167
정가네한우경주용황점	food	129.22842	35.88248
정관장	shop	129.22505	35.99240
정관장충효점	shop	129.17943	35.84415
정관장홍삼	shop	129.21866	35.85555
정관장홍삼	shop	129.20707	35.85530
정관장홍삼서부동점	shop	129.20829	35.84446
정글미디어파크	activity	129.29026	35.83967
정글미디어파크	activity	129.29095	35.83958
정남회식당	food	129.45837	35.66697
정다방	cafe	129.10627	35.85023
정다방	cafe	129.27413	35.98813
정다방	cafe	129.22753	35.99084
정다방	cafe	129.05067	35.89261
정다운꽃집	shop	129.21063	35.86498
정다운부엌	food	129.10614	35.82640
정다운산방	stay	129.35527	35.76670
정다운조경	shop	129.21063	35.86498
정다운팬션	stay	129.26892	35.80209
정다운편의점	shop	129.30519	35.66424
정다육	shop	129.24995	36.04100
정담	food	129.28622	35.70611
정담	food	129.16913	35.84765
정담솥밥	food	129.30154	35.77487
정담은	food	129.22171	35.85289
정당구장	activity	129.23035	35.87669
정도축산식육식당	food	129.19562	36.00384
정따라마음따라	bar	129.21528	35.86971
정로스트볼	shop	129.22422	35.85002
정록쌈밥	food	129.21382	35.83861
정리대장	shop	129.19612	35.86986
정문약국	shop	129.19778	35.85816
정민꾸움	food	129.21260	35.84715
정민분식	food	129.27446	35.98793
정밤	food	129.20863	35.83621
정상에서	cafe	129.21962	35.84151
정석한우	food	129.22134	35.86774
정성닭발경주	food	129.21989	35.86493
정성순대경주용황점	food	129.22963	35.88219
정성을다한갈비찜	food	129.20727	35.85381
정성한끼	food	129.22601	35.85625
정성한우국밥	food	129.18535	35.84222
정성회	food	129.51169	35.81516
정수가성	food	129.30741	35.81135
정수기	shop	129.22550	35.86248
정수횟집	food	129.49354	35.79182
정숙한칼국수	food	129.50148	35.80453
정슈퍼	shop	129.50075	35.80878
정씨	food	129.21400	35.86896
정아노래단란주점	bar	129.27420	35.98790
정아칼국수	food	129.17317	35.84558
정아트커피	cafe	129.47449	35.69832
정안통신	shop	129.21708	35.84316
정우가	stay	129.20882	35.83339
정우시스템에어컨	shop	129.21386	35.99059
정우정보	shop	129.20660	35.84862
정원	food	129.21153	35.82622
정원가든	food	129.47319	35.69949
정원돼지국밥	food	129.14661	35.98156
정원로또	activity	129.19685	36.00119
정원슈퍼	shop	129.39390	35.79416
정원슈퍼	shop	129.20521	35.77466
정원찜나라	food	129.10418	35.85161
정은로또판매점	activity	129.33287	35.67813
정은이상회	shop	129.22357	35.99419
정이가네	food	129.21127	35.83508
정이든면	food	129.22547	35.87776
정이품쭈꾸미	food	129.21694	35.84505
정자횟집	food	129.22125	35.88321
정재원피자	food	129.19768	36.00206
정재원피자	food	129.30976	35.77042
정지간한식뷔페	food	129.31963	35.73650
정직유부경주	food	129.21168	35.86655
정직한갈비	shop	129.19388	36.00200
정진코퍼레이션	shop	129.19104	35.86479
정짬뽕	food	129.20874	35.85324
정촌돼지국밥	food	129.33598	35.67350
정코다리경주점	food	129.22968	35.88257
정통본가가야밀면	food	129.22996	35.84999
정푸드	food	129.20608	35.85427
정한우	shop	129.18548	35.84348
정해장국	food	129.32045	35.72911
정호당필방	shop	129.20834	35.84410
정화	food	129.21078	35.86461
정화돼지국밥식당	food	129.21611	35.84171
정화사	shop	129.20899	35.84352
정화송이순두부	food	129.26244	35.85141
정화포목	shop	129.21627	35.84511
정회	food	129.20971	35.84900
정회식당	food	129.20325	35.84243
제내	food	129.26963	35.71400
제내구판장	shop	129.27826	35.72787
제네르떼경북점	shop	129.21051	35.85308
제네시스	stay	129.25728	35.85705
제네시스	shop	129.20992	35.85316
제니	stay	129.30108	35.85343
제니수산	shop	129.16074	36.01399
제니스키즈카페	activity	129.17432	35.89007
제비집경주용황점	food	129.22633	35.88274
제비표씽크	shop	129.22221	35.84122
제빵소라온하제	food	129.22231	35.86902
제암산보양흑염소	food	129.18027	35.84313
제우스	food	129.21877	35.99168
제우스스크린	activity	129.20555	35.99561
제육대가	food	129.22198	35.86991
제육의달인	food	129.27742	35.78658
제육의법칙경주점	food	129.20403	35.87023
제이	stay	129.40617	35.66526
제이더블유컴퍼니	food	129.22188	35.85319
제이더블유푸드	food	129.21634	35.85058
제이도매할인마트	shop	129.21504	35.86354
제이드	food	129.21558	35.86508
제이디엑스멀티스포츠	shop	129.24436	35.91642
제이디자인	shop	129.21884	35.86499
제이린	shop	129.22099	35.88343
제이마트	shop	129.26611	35.80391
제이바	food	129.20701	35.85488
제이뷰티	shop	129.22761	35.88257
제이블랑	shop	129.21422	35.84309
제이비아시아마트	shop	129.18622	35.84262
제이스포츠	shop	129.24436	35.91642
제이식자재할인마트	shop	129.22626	35.85041
제이쓰리통상	shop	129.11816	35.86952
제이아이	stay	129.29833	35.77753
제이아이부띠끄호텔	stay	129.18322	35.84369
제이아이스테이	stay	129.29833	35.77753
제이아이스테이호텔	stay	129.18211	35.84350
제이아인인자쿠지엔레스트	stay	129.16739	35.83057
제이앤와이	stay	129.31033	35.78573
제이약국	shop	129.20728	35.84308
제이에스시스템케어	shop	129.20780	35.84583
제이에스애견풀빌라	stay	129.27358	35.87600
제이에스쿱	shop	129.34609	35.72591
제이에스통신	shop	129.20728	35.84725
제이에스푸드	food	129.20758	35.85349
제이에스푸드	shop	129.22499	35.88329
제이에이치분식	food	129.21962	35.84151
제이엔제이	food	129.29090	35.83958
제이엔제이드림컴퍼니	food	129.22292	35.99035
제이엔지펜션	stay	129.30721	35.74243
제이엘통신	shop	129.23145	35.84861
제이엠에프앤비	food	129.21068	35.83601
제이엠푸드	food	129.23202	35.84057
제이엠푸드	shop	129.20729	35.84231
제이원	shop	129.26422	35.77319
제이원스토어	shop	129.23019	35.93462
제이제이	shop	129.21255	35.84407
제이제이갤러리	shop	129.16223	35.90302
제이제이갤러리카페펜션	cafe	129.16223	35.90302
제이케이디앤씨경주	stay	129.28647	35.90852
제이코스	shop	129.20725	35.85263
제이티정보	shop	129.22142	35.88327
제이펫	shop	129.17845	35.84464
제이포미뷰티	shop	129.22503	35.88035
제이피씨쿠폰방	shop	129.22381	35.85205
제이할인마트	shop	129.21092	35.86910
제일기사식당	food	129.30802	35.77212
제일냉동	shop	129.22283	35.98967
제일다방	cafe	129.04914	35.89419
제일당구장	activity	129.21885	35.86813
제일떡방앗간	food	129.21183	35.84699
제일마트	shop	129.21267	35.87194
제일모직종합스포츠	shop	129.21153	35.84369
제일반점	food	129.30090	35.77497
제일분식	food	129.20674	35.84395
제일상사	shop	129.20667	35.84851
제일수산	shop	129.22284	35.98978
제일수퍼마	shop	129.14036	35.98024
제일슈퍼	shop	129.23202	35.93775
제일의료기보조기	shop	129.20719	35.84585
제일전기	shop	129.23252	35.84713
제일전기조명	shop	129.22234	35.99273
제일종묘사	shop	129.50201	35.80411
제일종합주방	shop	129.21724	35.85135
제일칼국수	food	129.20675	35.74888
제일텔레콤	shop	129.21507	35.84181
제일폐백	food	129.21631	35.84539
제일푸드	food	129.19891	36.00290
제임스갤러리	shop	129.21025	35.84390
제임스딘	shop	129.22487	35.87344
제제펜션	stay	129.27360	35.87096
제주명가	food	129.21451	35.86664
제주본가고기국수	food	129.22846	35.85063
제주생도야지	food	129.20510	35.85254
제주아홉혼술바경주황리단길점	food	129.21031	35.83566
제현인테리어	shop	129.10033	35.84809
젤라꾸띠	shop	129.22848	35.82479
젤라또도넛아이스크림	food	129.20959	35.83735
젬스톤경주불국사점	cafe	129.32661	35.78533
젬스톤에프앤비불리단스테이	stay	129.32586	35.78168
조가네한우	food	129.30585	35.77222
조각집	stay	129.21065	35.84690
조개박사	food	129.20702	35.85472
조그스앤드림	shop	129.27025	35.85968
조돌	food	129.21000	35.83318
조돌칼국수	food	129.26175	35.85115
조르바	cafe	129.20875	35.83949
조리토	stay	129.20816	35.83432
조방낙지	food	129.21035	35.84252
조방면옥	food	129.22712	35.98951
조선의꼬끼오	food	129.22610	35.84977
조선의옛날통닭	food	129.33249	35.67510
조아	shop	129.21090	35.82531
조아식당	food	129.20438	35.78040
조아조아치킨	food	129.34177	35.72080
조약국	shop	129.22359	35.99216
조양가옥	stay	129.27950	35.78969
조양갈비	food	129.47290	35.69317
조양민박	stay	129.26817	35.80315
조은골프클럽	activity	129.19074	35.83849
조은국시데이	food	129.21933	35.85402
조은날	food	129.46271	35.67203
조은데이	bar	129.32639	35.71439
조은먹거리	food	129.33107	35.71506
조은밥상	food	129.20674	35.84395
조은밥집	food	129.22104	35.84181
조은식당	food	129.22154	35.86775
조은약국	shop	129.21698	35.84684
조은이옷집	shop	129.21608	35.84486
조은집	food	129.28867	35.92001
조은캠핑	stay	129.25860	35.81582
조이골프클럽	activity	129.22319	35.86540
조이노래주점	bar	129.20484	35.84039
조이모텔	stay	129.21607	35.99302
조이스커피숍	cafe	129.22856	35.99223
조이스포츠클럽	activity	129.23578	35.86986
조이약국	shop	129.21279	35.84481
조이팡팡	shop	129.20612	35.87023
조이풀빌라펜션	stay	129.47353	35.78418
조일휴게소	cafe	129.19770	35.75028
조조당구클럽	activity	129.20504	35.85411
조통치킨성건	food	129.20631	35.85522
조홍건재한약품	shop	129.21604	35.84419
조히	stay	129.22423	35.84225
족발공장	food	129.23147	35.84642
족발공화국	food	129.19344	36.00147
족발만을보쌈	food	129.30971	35.77113
족발민족	food	129.22312	35.85464
족발민족	food	129.29893	35.77641
족발야시장금장점	food	129.20205	35.86742
족발에진심	food	129.49939	35.80802
족발해	food	129.22646	35.85562
졸리	shop	129.22760	35.84950
종가집식당	food	129.28747	35.92735
종합낚시	shop	129.04923	35.89405
종합종묘농산	shop	129.20674	35.84395
종합중고가전가구	shop	129.22224	35.86339
좋은관리	shop	129.23047	35.87832
좋은날	shop	129.46933	35.78374
좋은생각숯불에	food	129.32379	35.71432
좋은인연	cafe	129.46740	35.68001
좋은인연	stay	129.31136	35.79675
좋은인연주	activity	129.24765	36.06896
좋은일	food	129.50171	35.80435
좋은일단란주점	bar	129.50171	35.80435
좋은하루	bar	129.10525	35.84929
죠니스마켓	shop	129.21043	35.83601
죠스떡볶이	food	129.21472	35.86558
주	food	129.20654	35.85422
주가네꼬막	food	129.22316	35.85559
주공할인마트	shop	129.20478	35.85412
주는대로식당	food	129.20649	35.93091
주니짬뽕	food	129.16453	35.83884
주달수횟집	food	129.48774	35.74786
주도	bar	129.21412	35.84687
주도가	bar	129.21031	35.83566
주돈	food	129.21020	35.84250
주력발전소	food	129.22647	35.85528
주령구빵	food	129.21573	35.82090
주바람유통	shop	129.20546	35.86967
주상별미	food	129.46867	35.70155
주상절리돌짬뽕	food	129.47379	35.68727
주상절리매점	shop	129.47506	35.69013
주상절리횟집	food	129.47477	35.69345
주스트윤	food	129.21292	35.84552
주연실비	bar	129.20288	35.84395
주연테크	shop	129.20667	35.84851
주영석횟집	food	129.48756	35.74759
주영축산	shop	129.27838	35.99062
주오일장	food	129.32660	35.78536
주전부리	food	129.10400	35.84837
주전부리	food	129.47074	35.70039
주전부리	shop	129.28991	35.92289
주전자막걸리	bar	129.22509	35.88469
주점이차	bar	129.22632	35.99225
주제	shop	129.22902	35.84222
주주김밥	food	129.32619	35.78457
주주방	food	129.19592	36.00082
주주비비	shop	129.21217	35.84183
주주총회	food	129.50269	35.80677
주택유리창호	shop	129.18477	35.87766
주필마트	shop	129.04416	35.75670
주희옷	shop	129.21631	35.84539
죽림식당	food	129.19140	35.86183
죽림식당	food	129.21003	35.80041
죽방렴멸치쌈밥	food	129.22464	35.85393
죽이야기경주	food	129.21305	35.84477
준모텔	stay	129.04849	35.89377
준이네집	stay	129.25577	35.81624
준커피숍	cafe	129.22878	35.99424
준코뮤직타운경주점	bar	129.22396	35.85499
준피티샵	activity	129.22984	35.85110
준피티샵	activity	129.23018	35.85084
줄리스	food	129.21051	35.83775
줄리에타	stay	129.40455	35.66452
줄줄이행복분식	food	129.20674	35.84395
줄탁영어	shop	129.21493	35.87045
줌바	bar	129.20662	35.85539
중고가전제품	shop	129.23015	36.03725
중고폰	shop	129.20677	35.84758
중고폰리셀폰경주	shop	129.33604	35.67095
중국성	food	129.47359	35.69655
중국슈퍼	shop	129.20452	35.85676
중동구판장	shop	129.33000	35.73195
중명정원	stay	129.30275	35.98815
중식당	food	129.21884	35.86535
중식당	food	129.29804	35.70544
중식당장첸	food	129.22364	35.88264
중식먹을고양	food	129.21988	35.86705
중앙	food	129.20674	35.84395
중앙건강원	shop	129.20554	35.84234
중앙공조시스템	shop	129.30872	35.67864
중앙기원	activity	129.21150	35.84265
중앙농산물	shop	129.22219	35.99042
중앙농약종묘사	shop	129.20533	35.84508
중앙닭집	shop	129.20674	35.84395
중앙떡방앗간	food	129.21468	35.99106
중앙떡집	food	129.20674	35.84395
중앙마트	shop	129.20540	35.84452
중앙메리야스	shop	129.20674	35.84395
중앙모바일	shop	129.20663	35.84330
중앙분식	food	129.20674	35.84395
중앙상회	shop	129.20674	35.84395
중앙생선가게수산물	shop	129.32618	35.71496
중앙시장개풍이불	shop	129.20674	35.84395
중앙시장뷰티패션	shop	129.20674	35.84395
중앙시장전통육전	food	129.20674	35.84395
중앙시장주령구슈퍼	shop	129.20674	35.84395
중앙식당	food	129.20674	35.84395
중앙약국	shop	129.21763	35.84692
중앙유통	shop	129.16910	35.85086
중앙정보통신	shop	129.22279	35.86482
중앙주방	shop	129.20729	35.84247
중앙카페	food	129.22812	35.99190
중앙타올	shop	129.20728	35.84279
중앙포목	shop	129.21271	35.85072
중앙피아노	shop	129.21609	35.85184
중원미디어주	stay	129.30162	35.78286
중하짬뽕	food	129.50220	35.80808
중화루	food	129.04849	35.89413
중화반점	food	129.39390	35.79416
중화요리만당	food	129.17084	35.84618
중화요리읍성	food	129.21414	35.84640
쥬얼리	stay	129.25859	35.86118
즉석플라워	shop	129.29781	35.77734
지경횟집	food	129.44983	35.65309
지극히개인적인별장	stay	129.39169	35.74265
지금이순간	stay	129.19387	35.80100
지나의하루	cafe	129.33033	35.71472
지니샵	shop	129.21631	35.84539
지니스테이	stay	129.20497	35.84021
지니풀빌라	stay	129.26615	35.86291
지리산꺼먹돼지	food	129.22646	35.85400
지민이놀이터	shop	129.30079	35.77600
지베르니호텔	stay	129.20322	35.83948
지붕위에파닭	food	129.10382	35.84994
지비비게러지	shop	129.22913	35.84911
지성이해물찜경주점	food	129.22099	35.88343
지센	shop	129.24436	35.91642
지센	shop	129.22364	35.99083
지센남경주점	shop	129.32111	35.73111
지아우고물상	shop	129.33628	35.67715
지에스경주태종점	shop	129.20881	35.83913
지에스더프레시경주	shop	129.20272	35.86824
지에스샴푸화장품및잡화	shop	129.18223	35.84341
지에스컴퍼니	shop	129.18244	35.84421
지에이치컴퍼니동국대학교점만권화밥	food	129.19104	35.86479
지엔에프에스	shop	129.22018	35.88181
지엠	activity	129.22843	35.85300
지영사	shop	129.22524	35.99227
지오지아	shop	129.21339	35.84183
지원만물	shop	129.11141	35.83188
지이지	shop	129.27766	35.95043
지이크파렌하이트경주점	shop	129.24436	35.91642
지중서원	stay	129.45035	35.79614
지중해	food	129.49604	35.77197
지중해노래연습장	activity	129.22411	35.86192
지중해횟집	food	129.23313	35.84460
지지관광호텔	stay	129.20441	35.83902
지지도도악세사리	shop	129.21043	35.83601
지지옥션	stay	129.20442	35.83904
지지와이코퍼레이션	shop	129.21638	35.84163
지코바	food	129.23097	35.87822
지코바치킨	food	129.21794	35.86806
지코바치킨	food	129.21025	35.85099
지티에스플레이파크골프	activity	129.23219	35.84492
지피당구클럽	activity	129.22648	35.85290
지혜식품	shop	129.12727	35.78772
지호	shop	129.19571	36.00226
직천서원	heritage	129.21695	35.96204
직행매점	shop	129.20247	35.83975
진가분식	food	129.20749	35.85378
진건강원	shop	129.22126	35.99067
진곱도리탕경주점	food	129.20506	35.85362
진국수	food	129.20674	35.84395
진귀명차	shop	129.21483	35.86361
진다방	cafe	129.32564	35.71020
진다방	cafe	129.22920	35.99119
진달래산천	food	129.15995	36.01506
진동	food	129.25102	36.06525
진또배기	food	129.22478	35.86220
진로슈퍼	shop	129.22782	35.98865
진리횟집	food	129.46853	35.68040
진마켓	shop	129.20756	35.84033
진막골	food	129.10110	35.85176
진면목	food	129.20945	35.83696
진미꼬치	food	129.32526	35.71562
진미꼬치	food	129.32495	35.71472
진미돌판삼겹살구이	food	129.18022	35.84463
진미돼지국밥	food	129.19005	35.82636
진미분식	food	129.21631	35.84539
진미식당	food	129.31714	35.74272
진미식당	food	129.08421	35.86934
진미식당	food	129.20956	35.82895
진미아구찜	food	129.20570	35.84357
진부령식당	food	129.47054	35.70132
진부령한식밥상	food	129.29090	35.83958
진빼이갈비	food	129.19350	36.00157
진산수산	shop	129.21673	35.84562
진삼가	shop	129.21182	35.84353
진선유통안강식자재	shop	129.21543	35.99318
진성기업	shop	129.18954	35.86487
진성숯불가든	food	129.50020	35.80870
진솔	food	129.28938	35.97205
진솔보리밥뷔페	food	129.29706	35.95721
진솔찌개마을	food	129.28938	35.97205
진솔한식뷔페	food	129.16305	35.98018
진솔한식뷔페	food	129.30726	35.95631
진솔한식뷔페강동	food	129.31293	35.95679
진솔한식뷔페국당점	food	129.28938	35.97205
진송추어탕경주용황점	food	129.22474	35.88278
진수미가경주빵찰보리빵	food	129.20359	35.83866
진수미가경주빵찰보리빵	shop	129.23644	35.82622
진수미가경주빵찰보리빵	food	129.30270	35.77332
진수미가경주빵찰보리빵	food	129.21056	35.83324
진수미가경주빵찰보리빵	shop	129.26725	35.79878
진수미가경주빵찰보리빵	food	129.31694	35.78863
진수미가경주빵찰보리빵	food	129.31756	35.78799
진수성찬	food	129.21534	35.83015
진수식당	food	129.22795	35.99634
진숙이레스푸드	food	129.10462	35.84903
진순이네	food	129.30541	35.67618
진심장어	food	129.22576	35.85732
진아식육식당	food	129.21981	35.83722
진아양품	shop	129.20674	35.84395
진약국	shop	129.21448	35.86612
진양닭집	food	129.10481	35.84830
진양닭집	food	129.21051	35.86912
진영	food	129.50902	35.82134
진영의류	shop	129.50212	35.80639
진영텔레콤	shop	129.47336	35.69143
진용식당	food	129.21043	35.83601
진원산업한화리조트경주점	shop	129.26991	35.85943
진월담	stay	129.28900	35.91214
진이불	shop	129.32605	35.70983
진짜루	food	129.32603	35.71045
진짜순대집	food	129.27879	35.70836
진카츠	food	129.25354	35.84304
진탱딜리버리플러스경주점	food	129.20758	35.85349
진평재	stay	129.25237	35.83419
진플라워	shop	129.22463	35.85675
진학사	shop	129.20712	35.84960
진한돼지국밥	food	129.28577	36.00629
진한밤	food	129.20864	35.83839
진할인마트	shop	129.19120	35.86175
진현동경주빵	food	129.32204	35.77896
진현상점	shop	129.32784	35.78599
진흥왕갈비	food	129.20485	35.84095
진흥전기	shop	129.22774	35.98823
집국시	food	129.22254	35.85654
집으로고기	food	129.19579	36.00268
징검다리마트	shop	129.16951	35.89168
짚동아리쌩주경주	bar	129.19077	35.86122
짚불함박	food	129.20940	35.83795
짜객	food	129.20321	35.86876
짜이	food	129.22311	35.85653
짬뽕공화국	food	129.04641	35.89725
짬뽕상회산내점	food	129.04403	35.75638
짬뽕역	food	129.32427	35.71535
짬뽕집	food	129.21749	35.84204
짱가방	shop	129.21362	35.84211
짱노래연습장	activity	129.20988	35.85370
짱다육	shop	129.20172	35.99699
짱돌	food	129.22933	35.88345
짱문구	shop	129.20403	35.87023
짱문구센타	shop	129.10203	35.85088
짱스타	shop	129.21341	35.84281
짱아네	bar	129.20281	35.84431
짱탁구장경주점	activity	129.30261	35.77331
쪼리	shop	129.21366	35.84347
쪽갈바집	food	129.10124	35.84834
쪽샘살롱	food	129.21664	35.84078
쪽샘지구	heritage	129.21431	35.83995
쪽샘집	stay	129.21857	35.83666
쫀득쫀득가람댁불타는막창	food	129.20998	35.85383
쭈꾸미도사경주	food	129.20590	35.85469
쭈꾸미집	food	129.21961	35.86649
찌짐한판	bar	129.22270	35.85523
찐빵，만두점	food	129.24355	36.05764
찐이야	food	129.30571	35.77215
찐이야생삼겹살	food	129.22810	35.85056
찐하오마라탕	food	129.21288	35.84431
찐하오마라탕	food	129.18399	35.84267
찜닭의고수	food	129.22572	35.84905
찜질방옹심이맛집	food	129.46374	35.67678
차니마켓	shop	129.27080	35.87447
차밍화장품	shop	129.22312	35.85500
차성농약사	shop	129.31585	35.75201
차오름파트너스	food	129.21068	35.83452
차오찹스	food	129.21008	35.83598
차이나쿡	food	129.17816	35.84450
차이나타운	food	129.30915	35.77121
차이짬뽕	food	129.31362	35.68592
차일디경주용황점	shop	129.22561	35.88326
차차랑게스트하우스	stay	129.20280	35.84098
차차차노래궁	bar	129.44082	35.79116
차차차다방	cafe	129.44082	35.79116
차차차단란주점	bar	129.44082	35.79116
착한국밥	food	129.19561	36.00230
착한대박집	food	129.20429	35.84460
착한도깨비	cafe	129.23278	35.84586
착한마루스테이	stay	129.21481	35.84208
착한반찬	shop	129.26716	35.89584
착한밥상	shop	129.26716	35.89584
착한삼겹살	food	129.22044	35.84179
착한쌈밥	food	129.22708	35.99193
착한옷가게	shop	129.23253	35.83127
착한칼국수	food	129.22497	35.84885
착한한우황성	food	129.21573	35.86504
찬스텔레콤	shop	129.22436	35.85224
찬영각	food	129.30596	35.81365
찬이네미니마트	shop	129.26252	36.02834
찬찬찬라이브	bar	129.22343	35.99109
찬찬찬반찬	shop	129.29891	35.77537
찰리빈웍스	cafe	129.50142	35.80180
참깨파족제주파족	food	129.21343	35.86563
참다방	cafe	129.22368	35.98918
참다방	cafe	129.27062	35.89760
참돈뒷고기	food	129.20480	35.85232
참돈뒷고기	food	129.32639	35.71439
참마트	shop	129.23222	35.84722
참맛	food	129.26978	35.89687
참맛푸드	food	129.26978	35.89689
참불닭	food	129.21804	35.99120
참빛안경콘택트	shop	129.22013	35.99268
참뼈	food	129.21370	35.99343
참뼈	food	129.22550	35.86248
참뼈	food	129.20231	35.86662
참뼈	food	129.30028	35.77437
참뼈	food	129.17426	35.88854
참뼈감자탕	food	129.47162	35.69870
참뼈감포점	food	129.49940	35.80779
참뼈건천점	food	129.10163	35.85181
참뼈용황점	food	129.22527	35.88266
참뼈충효점	food	129.18736	35.84161
참사랑홈파티스스튜디오	shop	129.23252	35.84759
참사랑홈파티스쿠킹스튜디오용황점	shop	129.22503	35.88035
참살이	activity	129.31357	35.78270
참살이건강랜드	shop	129.20679	35.84120
참새실비	bar	129.23101	35.87921
참새와방앗간	food	129.46345	35.67448
참새집	food	129.18614	35.84252
참선진녹즙	shop	129.21299	35.86518
참숯불막창	food	129.23204	35.84681
참숯오리구이	food	129.32558	35.71540
참스시	food	129.21319	35.86577
참식혜맛김밥	food	129.21616	35.84508
참조은약국	shop	129.21322	35.86438
참조을때	stay	129.16348	35.89369
참치마찌	food	129.22466	35.85406
참치이찌방	food	129.32441	35.71406
참치향	food	129.22500	35.86035
참치향	food	129.20878	35.83646
창보민물장어숯불구이	food	129.22561	35.85927
창생당약국	shop	129.20335	35.86770
창성숯불	food	129.44128	35.79334
창신삼거리식당	food	129.23269	35.84756
창신상회	shop	129.21631	35.84539
창신식당	food	129.22835	35.85072
창안참전복	shop	129.50201	35.80411
창운	shop	129.20443	35.77594
창조정보통신	shop	129.21841	35.85480
채움한식	food	129.31270	35.67160
채플린노래연습장	activity	129.22445	35.85353
채현당독채한옥풀빌라	stay	129.20596	35.83410
책만보	shop	129.20912	35.86524
책방매화	shop	129.21543	35.84855
책방무제	shop	129.21066	35.83644
챔스푸드	food	129.28882	35.65911
챔피언당구클럽	activity	129.23022	35.84932
처가집양념치킨	food	129.23112	35.87768
처가집양념치킨아화점	food	129.04795	35.89453
처갓집	food	129.30720	35.77270
처갓집양념치킨	food	129.17742	35.84549
처갓집양념치킨	food	129.21266	35.86938
처갓집양념치킨	food	129.22275	35.85353
처갓집양념치킨	food	129.50252	35.80748
처갓집양념치킨금장	food	129.20546	35.86967
처갓집양념치킨보문점	food	129.28482	35.83548
천강로맛집	food	129.28738	35.92936
천군	cafe	129.29084	35.83437
천군마트	shop	129.27575	35.83420
천군매운탕식당	food	129.27753	35.83294
천금당	shop	129.21296	35.84333
천길전복해물샤브샤브	food	129.19106	35.84274
천년골한우촌	food	129.05283	35.89077
천년등갈비	food	129.20884	35.83522
천년마트	shop	129.28060	35.84761
천년명가찰보리빵	food	129.21793	35.85327
천년미가	food	129.17653	35.88694
천년미소	shop	129.21761	35.83023
천년미소혜담	shop	129.19104	35.86479
천년미인	shop	129.10240	35.85763
천년민화	shop	129.21559	35.84179
천년애	food	129.20973	35.83324
천년의미소	stay	129.31055	35.80291
천년장	stay	129.22371	35.85542
천년지기	bar	129.10391	35.84856
천년지기노래연습장	activity	129.22645	35.85574
천년한우용황프라자	food	129.21922	35.86936
천년홍삼건강원	shop	129.21653	35.84562
천마경주빵찰보리빵	food	129.21507	35.83517
천마당기념품	shop	129.21803	35.83577
천마맷돌순두부	food	129.21057	35.83416
천마문구점	shop	129.20974	35.83574
천마민예사	shop	129.21487	35.83538
천마식당	food	129.31215	35.68492
천마약국	shop	129.21439	35.84427
천마총마트	shop	129.21544	35.83485
천마총휴게소	shop	129.21544	35.83485
천명불교사	shop	129.51848	35.83815
천명정보통신	shop	129.22671	35.85469
천북가구	shop	129.24503	35.92089
천북그늘집	food	129.28595	35.91583
천북돼지국밥	food	129.27151	35.89759
천북마트	shop	129.26910	35.89586
천북빌리지풀빌라	stay	129.27431	35.87699
천북서울약국	shop	129.26808	35.89572
천북소머리곰탕	food	129.26367	35.89896
천북손칼국수	food	129.26850	35.89540
천북아울렛	shop	129.24488	35.91840
천북청국장	food	129.27031	35.89488
천북한식부페	food	129.26837	35.89589
천북휴게소	food	129.28595	35.91583
천사	stay	129.26558	35.86212
천사약국	shop	129.22550	35.99059
천석마트	shop	129.22535	35.86139
천심건강원	shop	129.25483	35.93403
천씨씨커피	cafe	129.21911	35.86521
천안식품	shop	129.20674	35.84395
천우	stay	129.20194	35.84140
천우식당	food	129.23359	35.84703
천원다방	cafe	129.21253	35.82706
천일가든	food	129.22394	35.85484
천일가든식육식당	food	129.10301	35.84692
천일가든용황점	food	129.22855	35.88350
천일다방	cafe	129.22504	35.98965
천일떡집	food	129.20674	35.84395
천지노래연습장	activity	129.22171	35.85289
천지사	shop	129.32474	35.76151
천평가구	shop	129.24365	35.91504
천하손칼국수	food	129.20837	35.85315
천하식당	food	129.31944	35.67893
천하일미삼계탕	food	129.18895	35.84085
천하푸드	shop	129.21985	35.88246
천호동감자탕	food	129.21514	35.84159
천호미니슈퍼	shop	129.20876	35.85547
철가마터참숯굴가든	food	129.35000	35.69455
철수야족발먹자	food	129.23045	35.87848
철없다펜션	stay	129.47434	35.69567
철이네	food	129.22917	35.87895
철이네촌캉스	stay	129.16089	35.91834
철이오토바이	shop	129.20526	35.83857
철자상회	shop	129.22254	35.99029
첨미	food	129.22474	35.86255
첨성대상회	shop	129.21651	35.84260
첨성대초콜렛	food	129.20615	35.83871
첨성대카페	cafe	129.22036	35.83594
첨성대하우스	stay	129.20467	35.84380
첨성호두빵	food	129.21746	35.84323
첨심한옥스테이	stay	129.21944	35.83683
첫번째설레임	stay	129.31491	35.80088
청강숯불식당	food	129.23252	35.84759
청공	stay	129.30316	35.78198
청공한옥	stay	129.30331	35.78195
청기와소주클럽	bar	129.20993	35.84222
청기와오리식당	food	129.24382	35.79192
청년감자탕	food	129.22781	35.88279
청년분식	food	129.20974	35.83872
청년푸드	shop	129.32341	35.71185
청년피자경주	food	129.32388	35.71510
청노방	shop	129.22314	35.85212
청다방	cafe	129.44162	35.79207
청담	stay	129.28651	35.77498
청담	food	129.17664	35.88967
청담갤러리	shop	129.47041	35.70083
청담동	shop	129.22260	35.99113
청담스크린골프	activity	129.18109	35.84425
청담펜션	stay	129.27492	35.87176
청담한정식	food	129.22588	35.85503
청도본가	food	129.22641	35.99240
청도식당	food	129.21683	35.84556
청도양꼬치	food	129.33209	35.67680
청록집밥	food	129.22298	35.86258
청룡골프랜드	activity	129.10019	35.86030
청룡식당	food	129.32697	35.78628
청룡폭포한우	food	129.04430	35.75854
청림약국	shop	129.23115	35.84883
청마루숯불	food	129.28911	35.92308
청마을	shop	129.21014	35.84344
청백스크린골프	activity	129.18288	35.84306
청보리펜션	stay	129.29433	35.88893
청사초롱	stay	129.21070	35.83732
청산가든식당	food	128.98588	35.75522
청산숯불갈비식당	food	129.29176	35.96620
청산식당	food	129.32722	35.78656
청산식당	food	129.28956	35.92949
청산식당	food	129.20772	35.84427
청산한우	food	129.29176	35.96619
청석골마트휴게실	food	129.31926	35.67935
청석들오토캠핑	stay	129.07025	35.71784
청석들캠핑장	stay	129.07041	35.71803
청솔가든	food	129.46138	35.78970
청솔다방	cafe	129.10171	35.85150
청솔다방	cafe	129.21493	35.98832
청솔약국	shop	129.22407	35.85996
청송갈비	food	129.47214	35.69974
청송상회	shop	129.50290	35.80809
청송슈퍼	shop	129.22504	35.99189
청송식당	food	129.20172	35.86754
청송얼음골막걸리	bar	129.18618	35.84305
청송청과	food	129.45915	35.66684
청수골	food	129.32067	35.72705
청수노래연습장	activity	129.47031	35.69918
청실금	food	129.12102	35.77211
청아	shop	129.18928	35.83828
청연	stay	129.20367	35.77663
청연해독	shop	129.32474	35.71396
청옥뚝배기	food	129.10641	35.84639
청옥조경야생화	shop	129.23413	35.88627
청온채	food	129.20880	35.83762
청와삼대주상절리점	food	129.47272	35.68597
청용수산	shop	129.47411	35.69210
청우탁구클럽	activity	129.21680	35.86847
청운	food	129.22389	35.99073
청운의류	shop	129.21051	35.83452
청재한옥	stay	129.31128	35.78441
청정	food	129.15960	36.01384
청정건어물	shop	129.50201	35.80411
청정농산산야초	shop	129.22280	35.99166
청정횟집	food	129.49120	35.75539
청천노래주점	bar	129.10216	35.84873
청춘	food	129.20908	35.86064
청춘꼬마김밥신경주역점	food	129.14020	35.80547
청춘소주방	bar	129.50171	35.80435
청춘아지트	food	129.22952	35.87946
청춘야끼	food	129.20674	35.84395
청춘야식	food	129.47070	35.70070
청춘약국	shop	129.21423	35.84428
청춘여관	stay	129.22354	35.85629
청춘포차	food	129.33596	35.67676
청춘포차	bar	129.19531	36.00281
청춘한옥	stay	129.31337	35.78329
청춘호스텔	stay	129.20768	35.84195
청춘호프	bar	129.10919	35.84656
청춘화로	food	129.21120	35.86691
청포	food	129.30062	35.77553
청풍식당	food	129.31494	35.75739
청풍한우	food	129.31494	35.75739
청하	food	129.21865	35.86758
청하	food	129.22378	35.85676
청하숯불구이	food	129.04648	35.75861
청하한정식	food	129.21036	35.84585
청학골소머리돼지국밥	food	129.50252	35.80748
청학동	food	129.22310	35.85261
청학회식당	food	129.50248	35.80527
청해굴국밥	food	129.22578	35.85524
청해수산	shop	129.21554	35.84600
청해얼음유통	shop	129.19029	35.87459
청해중식당	food	129.47372	35.68670
체리다방	cafe	129.22281	35.85156
체스노래연습장	activity	129.20559	35.85487
체스터톤스에이치앤알경주	stay	129.22439	35.87939
체크인치즈황리단길점	food	129.21178	35.83551
첸	stay	129.50796	35.80963
첸	stay	129.50796	35.80963
첼로	shop	129.21428	35.86585
첼로노래연습장	activity	129.22164	35.99122
첼로단란주점	activity	129.28783	35.92971
첼시모텔	stay	129.20658	35.84139
초가집	food	129.22164	35.99122
초당방민박	stay	129.36186	35.79882
초당실비	bar	129.20282	35.84338
초대받은손님	food	129.32772	35.78263
초량국밥보쌈	food	129.20277	35.84168
초록	stay	129.26670	35.86942
초록마을경주용황점	shop	129.22561	35.88326
초록식품	food	129.20649	35.83942
초롱별야영장	stay	129.32008	35.79892
초롱별펜션	stay	129.32066	35.79890
초보탁구장	activity	129.22556	35.87815
초선찻집	cafe	129.04914	35.89419
초심	food	129.20703	35.85461
초심산방	stay	129.32172	35.76275
초아네반찬	shop	129.10481	35.84830
초여라이프	shop	129.32297	35.71271
초우관광농원휴게실	cafe	129.25666	35.80860
초운가든	food	129.21198	35.97641
초원	food	129.32740	35.78572
초원	food	129.31717	35.68024
초원	bar	129.46345	35.67494
초원구이	bar	129.21913	35.86709
초원다방	cafe	129.50240	35.80733
초원다방	cafe	129.44059	35.79348
초원분식	food	129.20674	35.84395
초원삼계탕	food	129.20609	35.85027
초원식당	food	129.25509	36.00108
초원식당	food	129.20849	35.85314
초원암소숯불	food	129.34060	35.68749
초원카페	cafe	129.22253	35.98925
초음정	stay	129.26227	35.85334
초이가	food	129.29673	35.95898
초이스	shop	129.21431	35.84206
초이스매점	shop	129.24153	35.84225
초이스시	food	129.20674	35.84395
초이스카페	food	129.10648	35.84989
초이스펜션	stay	129.27332	35.87394
초이스하우스	shop	129.21482	35.84289
초이짬뽕	food	129.27099	35.94182
초이초이브런치카페	cafe	129.50271	35.80175
초코송이	shop	129.18616	35.84195
초코초코	shop	129.22407	35.85996
초콜렛	stay	129.30613	35.80901
촌놈대패정식	food	129.10732	35.84550
촘촘경주황리단길점	food	129.20959	35.83715
총각네축산	shop	129.21597	35.84598
총각네활어회	shop	129.21582	35.84591
총각돼지	food	129.23172	35.87577
총각떡집	food	129.20674	35.84395
총각상회	shop	129.31562	35.80113
총각축산물센타시래점	shop	129.30270	35.77332
총각축산물센터	shop	129.33242	35.68009
총알반점	food	129.18495	35.84236
최가네생굴보쌈	food	129.23242	35.84707
최가네순두부	food	129.13157	35.82382
최가손떡	food	129.22014	35.86461
최가어탕	food	129.22695	35.84974
최가칡냉면	food	129.20618	35.84514
최고집사랑하면	food	129.31371	35.80208
최박사	food	129.31468	35.78521
최박사돼지숯불갈비	food	129.22486	35.86221
최선약국	shop	129.21241	35.84433
최영화빵	food	129.21535	35.84157
최영화빵황리단점	food	129.20968	35.83900
최준용	shop	129.20274	35.86860
추어탕먹는오리	food	129.21273	35.86506
추억만들기펜션	stay	129.39540	35.68902
추억속에펜션	stay	129.15751	35.87615
추억에노래연습장	activity	129.22557	35.85803
추억의닭발	bar	129.20663	35.85498
추억의보리밥	food	129.22793	35.98973
추억의빈대떡신사	bar	129.18288	35.84306
추억의포차	bar	129.20450	35.85590
추파남점빵	shop	129.31201	35.80339
추포	food	129.32733	35.71442
축복	cafe	129.20255	35.84501
축산사료총판	shop	129.20429	35.84460
축제노래연습장	activity	129.21120	35.86691
축제노래연습장	activity	129.20729	35.85416
춘원식당	food	129.21586	35.84507
춘천닭갈비	food	129.47040	35.69980
춘천닭갈비현	food	129.18204	35.84436
춘향이	food	129.31297	35.77253
출출	food	129.19441	36.00393
춤추는산오징어해	food	129.30720	35.77270
춤추는산오징어해	food	129.30915	35.77121
충남빵집	food	129.22171	35.99030
충남여인숙	stay	129.21776	35.84291
충만돌판쭈꾸미	food	129.33222	35.67538
충무건어물	shop	129.50201	35.80411
충무아구찜	food	129.22933	35.87860
충무자원	shop	129.29946	35.72235
충의당	heritage	129.19616	35.75265
충효그집쭈꾸미	food	129.10521	35.85170
충효닭집	food	129.20628	35.84277
충효막걸리	bar	129.18220	35.84429
충효민물매운탕	food	129.16678	35.85043
충효상회	shop	129.18005	35.84477
충효식당	food	129.27027	35.89676
충효식당	food	129.20545	35.84213
충효식육점	food	129.18560	35.84318
충효아이스크림할인마트	shop	129.18698	35.84239
충효포차	food	129.18618	35.84305
충효하숙	stay	129.19078	35.84305
취미사	shop	129.20282	35.84282
취송노래타운	bar	129.32613	35.71398
취향	shop	129.20758	35.83691
취향가옥	food	129.20932	35.83866
취향을담다	shop	129.20995	35.83628
치맥킹경주용황점	food	129.22615	35.88248
치몬치킨	food	129.21651	35.86893
치술령가든	food	129.27565	35.65756
치유정원	shop	129.13981	35.73113
치즈오	food	129.21014	35.83318
치코파닭	food	129.20758	35.85349
치키차카초코경주점	food	129.21398	35.84182
치킨그라운드	cafe	129.22766	35.85157
치킨도시	food	129.22347	35.86148
치킨스테이크	food	129.20674	35.84395
치킨신드롬	food	129.23182	35.84820
치킨홈닭짱	food	129.20659	35.85411
칙	shop	129.20954	35.83758
친구가요방	bar	129.04952	35.89306
친구노래클럽	bar	129.22487	35.99164
친구야	food	129.22384	35.99099
친구야노래클럽	bar	129.21544	35.84296
친구통신	shop	129.21697	35.84255
친정집	food	129.20482	35.83999
친친	food	129.22209	35.86325
친환경돼지식육식당	food	129.30380	35.78201
칠갑산석쇠구이	food	129.30016	35.77538
칠구피시	shop	129.21731	35.84941
칠복복권방	activity	129.32461	35.71440
칠불암마트	shop	129.24443	35.79172
칠불암슈퍼	shop	129.24546	35.79185
칠불암식당	food	129.22935	35.84689
칠불암한옥	stay	129.24546	35.79185
칠불암한옥펜션	stay	129.24504	35.79179
칠성산업개발	shop	129.23340	35.88383
칠칠다방	cafe	129.22757	35.99127
칠평수퍼	shop	129.22496	35.98883
칠평식육식당	food	129.22508	35.99003
카가와식당경주점	food	129.20932	35.83427
카네기	food	129.22316	35.85559
카네기	bar	129.22445	35.99060
카누	stay	129.30135	35.85396
카덴자펜션	stay	129.30626	35.79035
카도카도	food	129.20993	35.83822
카라노래궁	bar	129.22315	35.85572
카라반센티엘	stay	129.29993	35.78821
카라신타이마트	shop	129.18444	35.84253
카르미아	stay	129.27351	35.78136
카르미아풀빌라	stay	129.27323	35.78138
카리브모텔	stay	129.46895	35.68180
카리스마당구클럽	activity	129.32417	35.71460
카리카츠	food	129.21475	35.84242
카바디노래궁	bar	129.22394	35.85449
카반	shop	129.21274	35.85417
카사미아	stay	129.18214	35.78852
카와	food	129.47112	35.70005
카우치빈	food	129.20731	35.83951
카운츠커피	cafe	129.18933	35.84160
카이막딜라이트	cafe	129.21544	35.83485
카쩨	shop	129.21943	35.84211
카카오더스토리	bar	129.22388	35.85459
카카오볼링	activity	129.16744	35.84582
카카키즈풀빌라이	stay	129.45978	35.78986
카트매니아	shop	129.22676	35.87949
카파경주모다	shop	129.24489	35.91802
카페감산	cafe	129.05676	35.79229
카페고래	cafe	129.21960	35.86822
카페고래섬	cafe	129.49414	35.77731
카페괘릉	cafe	129.31408	35.76219
카페구황동	cafe	129.22945	35.84295
카페노경보차라파	food	129.19684	35.79660
카페노을	food	129.20492	35.83690
카페노타리	cafe	129.19813	35.75080
카페노프랭크	cafe	129.29331	35.84485
카페논	cafe	129.20376	36.00498
카페능	cafe	129.20992	35.83642
카페다빈치산대들녁집	cafe	129.20517	35.99573
카페동방	food	129.26502	35.80839
카페동희	cafe	129.22772	35.84409
카페드립	cafe	129.23567	35.84482
카페디귿리을	cafe	129.22768	36.00062
카페뜰	cafe	129.32149	35.68673
카페라비	cafe	129.49344	35.76594
카페라소	cafe	129.20945	35.83696
카페라임	cafe	129.24593	35.91882
카페라파우자	cafe	129.21066	35.82554
카페라포레	cafe	129.22401	35.85321
카페렐로	cafe	129.22786	35.85631
카페로드	cafe	129.32747	35.71313
카페로사	cafe	129.32597	35.78648
카페루나피에나	cafe	129.49084	35.78758
카페리버	cafe	129.46253	35.67262
카페리포소	cafe	129.18699	35.82194
카페마당	cafe	129.10216	35.84873
카페마실	food	129.33788	35.71925
카페맥피경주	cafe	129.21050	35.83432
카페몰리	cafe	129.20378	35.84077
카페무아	cafe	129.30520	35.77179
카페문리버	cafe	129.20289	35.86505
카페미르	food	129.28259	36.01611
카페미소	cafe	129.28793	35.83842
카페바나	food	129.19857	35.79763
카페바나나	cafe	129.17939	35.84461
카페반하다	cafe	129.04555	35.75849
카페베네경주	cafe	129.21438	35.86448
카페베네경주월드공원점	cafe	129.27915	35.83610
카페베네경주주상절리점	cafe	129.47337	35.68581
카페베네딕트	cafe	129.22626	36.00026
카페베네신경주역사점	cafe	129.13940	35.79808
카페베리스	cafe	129.21958	35.86895
카페보나	cafe	129.10869	35.84643
카페본	food	129.34177	35.72080
카페본동	cafe	129.47260	35.70075
카페봄봄	cafe	129.20274	35.86860
카페봉황당	cafe	129.20891	35.83952
카페분황	cafe	129.23219	35.84137
카페사랑별곡	cafe	129.21980	35.81414
카페사랑채	cafe	129.26313	35.85219
카페선덕	cafe	129.28886	35.83225
카페소나기	cafe	129.20312	35.85311
카페소유	cafe	129.45089	35.66052
카페솔	cafe	129.21462	35.83532
카페썬트리휴	cafe	129.33896	35.67376
카페씨에로	cafe	129.23515	35.84399
카페아를	cafe	129.20861	35.83568
카페아마떼	cafe	129.46383	35.67642
카페아보르	cafe	129.25366	35.99665
카페안길	cafe	129.28920	35.92620
카페알바트로스	cafe	129.33783	35.71666
카페앤	cafe	129.20939	35.99398
카페언더나인	cafe	129.16951	35.89168
카페오도르	cafe	129.19219	35.86198
카페온	cafe	129.22271	35.99113
카페올드시티	cafe	129.32715	35.78643
카페왕릉	cafe	129.48307	35.73957
카페요아정경주강동리조트점	food	129.28697	35.82520
카페이조리	cafe	129.20537	35.75123
카페인더문	food	129.22396	35.85578
카페인아워타임경주점	food	129.22017	35.84188
카페인중독경주	cafe	129.21333	35.86456
카페일라고	cafe	129.23518	35.87370
카페일팔구사	cafe	129.21192	35.83619
카페잇다	cafe	129.28158	36.00577
카페정키	cafe	129.21590	35.86824
카페중산	food	129.15536	35.90158
카페진리	cafe	129.46902	35.67965
카페체리블라썸	cafe	129.32543	35.78438
카페콜로네이드	cafe	129.47372	35.68670
카페테리아	cafe	129.27915	35.83610
카페푸릇	cafe	129.26918	35.80015
카페프롤로그	cafe	129.50805	35.82091
카페플레이	cafe	129.44201	35.78790
카페플로리안	cafe	129.21022	35.83612
카페피씨후	activity	129.20590	35.85469
카페피씨후	activity	129.18951	35.86087
카페피씨후충효동점	activity	129.18550	35.84299
카페하바나	cafe	129.09648	35.84606
카페하야	cafe	129.20999	35.84504
카페해브	cafe	129.22272	35.86220
카페행복두레	cafe	129.19687	35.84024
카페호누	cafe	129.21799	35.87067
카페흐노니	cafe	129.22257	35.85444
카페희월	cafe	129.22626	35.85601
카페희월로스팅룸	cafe	129.22626	35.85601
카페힐	cafe	129.23526	35.87108
칸노래연습장	activity	129.22389	35.99073
칸타타노래연습장	activity	129.22387	35.86184
칸타타민박	stay	129.36126	35.79803
칼국	food	129.22474	35.84519
칼국수카페	food	129.21579	35.86329
칼라미	shop	129.17571	35.88943
캄보디아식당	food	129.21519	35.84257
캐럿경주점	shop	129.21285	35.84310
캐리어에어컨	shop	129.20657	35.84993
캐리어에어컨경주서비스	shop	129.22834	35.84373
캐리어에어컨신경주총판	shop	129.21731	35.85026
캐비아치킨	food	129.21207	35.86689
캐빈하우스펜션	stay	129.27080	35.87447
캔디룸	shop	129.29526	35.82277
캔모아	cafe	129.21430	35.84332
캔우드	shop	129.01154	35.72962
캘러웨이경주모아점	shop	129.24272	35.91351
캘리포니아카페	food	129.28986	35.92101
캘빈클라인경주모다점	shop	129.24436	35.91642
캠프온	stay	129.28840	35.88605
캠프토박이부대찌개	food	129.20911	35.83547
캠프파이브	stay	129.29848	35.80184
캠핑감성	shop	129.21476	35.99331
캠핑매니아	shop	129.22593	35.85996
커리커피카레카페	food	129.20637	35.85212
커먼랩	food	129.21778	35.84153
커먼스먼트	cafe	129.21003	35.82722
커브스황성클럽	activity	129.21448	35.86612
커튼과쿠션	shop	129.21414	35.84640
커튼명가창	shop	129.21856	35.85531
커페바흐	cafe	129.30941	35.79366
커플릭스경주점	food	129.22029	35.86536
커피가술술	bar	129.21908	35.86987
커피공방원다방	cafe	129.21427	35.86796
커피뉴빈	cafe	129.21396	35.86755
커피다루다	cafe	129.49310	35.76143
커피데이	cafe	129.19780	36.00347
커피동네	cafe	129.22888	36.03370
커피동네다방	cafe	129.44261	35.79147
커피동문	cafe	129.20530	35.87157
커피맘	cafe	129.31431	35.77359
커피맘	cafe	129.29803	35.77702
커피명가경주무	cafe	129.30117	35.85305
커피명가보문점	cafe	129.27692	35.83377
커피명가보스케	cafe	129.17678	35.88173
커피명가양남점	cafe	129.47075	35.68244
커피모잉	cafe	129.19592	36.00082
커피밀	cafe	129.19667	36.00050
커피베이	cafe	129.22561	35.99141
커피볶는마노	cafe	129.22057	35.83631
커피볶는시골커피경주충효점	cafe	129.18444	35.84253
커피빈경주미탐시티	cafe	129.28986	35.83456
커피사피엔스경주점	cafe	129.21028	35.84576
커피사피엔스황리단길점	cafe	129.21031	35.83566
커피샵	cafe	129.21925	35.87177
커피소리쿠키향기	cafe	129.21023	35.84822
커피스미스경주점	cafe	129.28060	35.84761
커피안단테	cafe	129.21829	35.86758
커피앤갤러리	cafe	129.28174	35.91369
커피얀	cafe	129.22351	35.85641
커피업	cafe	129.22208	35.84277
커피에반하다	cafe	129.21117	35.84485
커피연두	cafe	129.19016	35.82652
커피와	cafe	129.21527	35.85253
커피와아띠	cafe	129.21561	35.83596
커피와친구들	cafe	129.20564	35.85414
커피이야기	cafe	129.50236	35.80569
커피체리결	cafe	129.21025	35.84563
커피총각	cafe	129.22912	35.84696
커피클래식	cafe	129.19625	36.00232
커피템플경주	cafe	129.21664	35.84078
커피톡	cafe	129.21252	35.85124
커피특별시경주	cafe	129.20912	35.86524
커피특별시경주	cafe	129.32595	35.71417
커피플레이스	cafe	129.22403	35.86009
커피플레이스	cafe	129.21182	35.84144
커피플레이스	cafe	129.21168	35.86655
커피플레이스금장점	cafe	129.20363	35.87044
커피피코	cafe	129.33722	35.71922
커피하루	cafe	129.21818	35.85398
커피한송이	cafe	129.10371	35.84988
커피한잔	cafe	129.21494	35.86496
컨터쌀국수	food	129.21571	35.84327
컬럼비아경주점	shop	129.24436	35.91642
컴즈가구	shop	129.30105	35.77478
컴포즈동대로점	cafe	129.20564	35.85554
컴포즈신경주역점	cafe	129.14020	35.80547
컴포즈커피	cafe	129.21350	35.86601
컴포즈커피	cafe	129.19106	35.86080
컴포즈커피경주	cafe	129.20988	35.85026
컴포즈커피경주	cafe	129.17458	35.89030
컴포즈커피경주	cafe	129.21812	35.88079
컴포즈커피경주	cafe	129.22645	35.85375
컴포즈커피경주	cafe	129.20359	35.83866
컴포즈커피경주보문점	cafe	129.28482	35.83548
컴포즈커피경주양남점	cafe	129.47074	35.70039
컴포즈커피경주외동	cafe	129.33237	35.67629
컴포즈커피경주용강	cafe	129.22198	35.86991
컴포즈커피경주황오점	cafe	129.21381	35.84404
컴포즈커피황리단길점	cafe	129.21125	35.83687
케어셀라	shop	129.22140	35.85879
케어셀라경주	shop	129.23101	35.85072
케이디자인	shop	129.24567	35.91677
케이명품호텔	stay	129.26078	35.80634
케이비젼경주점	shop	129.20683	35.84510
케이비젼안경	shop	129.22275	35.99282
케이알산업건천휴게소상	shop	129.10924	35.83188
케이앤제이탁구클럽	activity	129.20268	35.86941
케이에이치에스경주	food	129.28887	35.83760
케이엘	shop	129.24458	35.91597
케이엠동전노래연습장	activity	129.19530	36.00227
케이엠오경주점	shop	129.24436	35.91642
케이지그린	shop	129.09927	35.85508
케이컴퍼니경주점	shop	129.21341	35.84281
케이크한입	food	129.21041	35.83980
케이크한입	food	129.29931	35.77612
케이크한입시그니쳐카페	cafe	129.21188	35.84169
케이키즈풀빌라	stay	129.30344	35.78787
케이투레드페이스	shop	129.21473	35.84430
케이티수련관편의점	shop	129.28887	35.83760
케이티입실통신	shop	129.32423	35.71551
케이팝스타코인노래연습장	activity	129.21478	35.86572
케이피티	shop	129.23068	35.85067
케이호텔	stay	129.28021	35.91575
코꾼지	food	129.20172	35.86669
코끼리냉장고	food	129.21245	35.83556
코끼리밥집	food	129.32646	35.78207
코끼리밥집	food	129.30008	35.77470
코데즈컴바인	shop	129.21251	35.84268
코디샵	shop	129.20553	35.87136
코레일유통	shop	129.21805	35.84736
코레일유통스토리웨이편의점	shop	129.13940	35.79808
코레일유통신경주역	shop	129.13940	35.79808
코리아세븐경주현곡	shop	129.17340	35.89006
코리안숯불닭바베큐	food	129.23054	35.87611
코모도조선호텔가화정	bar	129.28514	35.84439
코모도편의점	shop	129.28514	35.84439
코모도호텔기념품점	shop	129.28514	35.84439
코사다방	cafe	129.44236	35.79207
코스메틱건천	shop	129.09805	35.84631
코스모스	stay	129.28472	35.86974
코스모스테이	stay	129.20514	35.83965
코아루밀면앤우동	food	129.26611	35.80391
코아루뼈해장국	food	129.26611	35.80391
코야	shop	129.22048	35.86148
코야	food	129.21182	35.86444
코오롱가든골프장	activity	129.32197	35.78769
코오롱글로벌코오롱호텔	stay	129.32177	35.78784
코오롱스포츠경주	shop	129.21312	35.84433
코오롱패션경주점	shop	129.24436	35.91642
코오롱호텔	stay	129.32273	35.78736
코인노래연습장	activity	129.17441	35.88832
코잠하우스	shop	129.20708	35.85298
코지브릭	cafe	129.32738	35.78578
코지풀빌라펜션	stay	129.31608	35.78239
코지하우스경주점	food	129.22390	35.88320
코코	shop	129.20188	35.86697
코코	food	129.22449	35.85296
코코	shop	129.23197	35.84807
코코	stay	129.30111	35.85329
코코	stay	129.32861	35.78298
코코	stay	129.32582	35.78533
코코베리키즈풀빌라	stay	129.29501	35.87586
코코아울렛	shop	129.22907	35.84625
코코야자키즈풀빌라펜션	stay	129.26572	35.77258
코코진	shop	129.19579	36.00268
코토리	bar	129.21125	35.86756
코피콘	cafe	129.19077	35.86122
콘크카페	cafe	129.47342	35.68604
콜론디	cafe	129.22313	35.85735
콜린느	stay	129.29245	35.89346
콜마트	shop	129.20789	35.85249
콜마트	shop	129.22269	35.85286
콜핑	shop	129.22504	35.99189
콜핑경주	shop	129.31963	35.73650
콜핑경주점	shop	129.24345	35.91528
콤마	cafe	129.51253	35.81675
콩나라식당	food	129.22663	36.02106
콩내음	food	129.22639	35.99099
콩마담	cafe	129.31314	35.79275
콩밭	food	129.31976	35.71521
콩스커피	cafe	129.20723	35.85145
콩씨국수까페	cafe	129.26302	35.98873
콩이랑	food	129.31323	35.79301
콩이랑	shop	129.22312	35.98989
콩이랑경주점	food	129.31314	35.79275
콩카페황리단길점	cafe	129.20824	35.83655
쿠루와땜임	food	129.32491	35.71519
쿠마카롱	food	129.20661	35.84308
쿠마키친경주점	food	129.21425	35.87268
쿠버스	shop	129.21346	35.84219
쿠앤아이	stay	129.30139	35.78785
쿠우동	food	129.21141	35.83631
쿠키앤젤리펜션	stay	129.40585	35.66513
쿠페	stay	129.47372	35.68670
쿨	shop	129.22681	35.84893
쿱스토어대구경주	shop	129.21556	35.86446
쿵상사	shop	129.22462	35.85525
퀀식당	bar	129.21525	35.84578
퀀텀풀빌라	stay	129.51775	35.83996
퀴즈노스경주더테라스	food	129.22439	35.87939
퀸	cafe	129.20933	35.84222
퀸	shop	129.17792	35.88213
퀸언니	shop	129.32620	35.71428
퀼트	shop	129.21015	35.84323
퀼트나무	shop	129.21243	35.84233
큐당구클럽	activity	129.21544	35.98847
큐보문풀빌라	stay	129.26631	35.86234
큐브스타풀빌라	stay	129.33620	35.76963
큐사랑	shop	129.21718	35.86811
큐사랑	shop	129.22879	35.84926
큐사랑	shop	129.20293	35.86887
큐사랑경주	shop	129.32652	35.71507
큐사랑경주충효점	shop	129.17812	35.84469
큐사랑등경점	shop	129.20280	35.85668
큐사랑용황점	shop	129.22391	35.88444
큐사랑팡팡	shop	129.22246	35.99244
큐신라	shop	129.20964	35.84289
큐코인노래연습장	activity	129.22273	35.85695
크라상점	food	129.21442	35.86533
크라운호프경주	bar	129.20350	35.84099
크라운호프경주	bar	129.22598	35.88194
크라운호프경주	bar	129.21896	35.86734
크라운호프경주	bar	129.32558	35.71181
크레마인	shop	129.34177	35.72080
크레숑	food	129.20714	35.85427
크로바	shop	129.21697	35.84731
크로바안경원경주	shop	129.20752	35.84197
크로스핏경주	activity	129.22687	35.88254
크로스핏오르빗	activity	129.22079	35.88285
크로커다일	shop	129.21155	35.84377
크로플여왕카페	cafe	129.22179	35.83612
크루그	cafe	129.20997	35.84481
크루그스테이	stay	129.25306	35.83617
크루어텅바이	food	129.33214	35.68089
크리스찬쥬케로	shop	129.21412	35.84671
크리스탈주점	bar	129.10130	35.84863
크림	bar	129.22452	35.85674
크림댄스	food	129.20695	35.83742
크림호텔	stay	129.22394	35.85484
크크	stay	129.27781	35.83162
큰거랑어탕국수	food	129.47997	35.74240
큰거랑집	food	129.47426	35.74454
큰기와	food	129.20790	35.83498
큰길상회	shop	129.22626	35.82374
큰돼지막창	food	129.23307	35.84747
큰돼지막창	food	129.10110	35.85176
큰막창	food	129.30579	35.77279
큰바다횟집	food	129.21114	35.86741
큰섬횟집	food	129.22647	35.85528
큰손짜장	food	129.30461	35.77168
클라라	shop	129.22948	35.87683
클라세비지니스룸	bar	129.22394	35.85484
클라우드나인	stay	129.27647	35.89820
클라운지경북	shop	129.21035	35.84252
클라운지경북경주	shop	129.22081	35.88258
클럽허브스타트하우스	food	129.37564	35.72028
클레어쥬얼리	shop	129.21271	35.84685
클로버풀빌라	stay	129.27228	35.78181
클로이드	shop	129.22473	35.84906
클리브랜드경주모아점	shop	129.24272	35.91351
클린앤테크	shop	129.22543	35.86863
클린여관	stay	129.32603	35.71012
클린입주청소	shop	129.21577	35.84743
키노콘	activity	129.20659	35.85411
키녹	stay	129.27740	35.85380
키덜트뮤지엄	heritage	129.26818	35.85265
키스노래연습장	activity	129.22261	35.85573
키즈빌리지	stay	129.30815	35.81110
키즈엘링풀빌라	stay	129.29528	35.87535
키즈캐슬	stay	129.30820	35.81060
키즈풀빌라아이놀자	stay	129.33137	35.78070
키친메이드	food	129.21653	35.86785
킴스델리	food	129.32341	35.71185
킴스델리경주점	food	129.20649	35.83942
킴＆킴	shop	129.21403	35.85091
킹노래가요주점	bar	129.19493	36.00119
킹당구장	activity	129.18490	35.84344
킹수산	food	129.22553	35.88209
킹스델리	food	129.17444	35.88948
킹스돈	food	129.22530	35.85524
킹스로드카페	cafe	129.40604	35.82768
킹스마트	shop	129.33344	35.67972
킹스마트	shop	129.17444	35.88948
킹스베이커리	food	129.33344	35.67972
킹스수산	shop	129.17444	35.88948
킹스할인마트	shop	129.21628	35.84591
킹스할인마트	shop	129.10489	35.85277
킹스할인클럽	shop	129.10076	35.85156
킹피싱호	activity	129.49112	35.78940
킹화장품	shop	129.22372	35.85492
타겟헌터	activity	129.21043	35.83601
타래	shop	129.20971	35.83840
타르당	food	129.20854	35.83672
타르트에오	food	129.21045	35.84217
타마타마이자카야	bar	129.22312	35.85464
타베르나	food	129.21129	35.83482
타운	shop	129.21484	35.84427
타이라오무카타	food	129.20831	35.85509
타이반라우	food	129.33024	35.67636
타이붓	shop	129.32115	35.72860
타이빙백	shop	129.20550	35.85571
타이짬뽕	food	129.27678	35.98949
타이타닉	bar	129.28021	35.84724
타임	shop	129.21252	35.85124
타임노래연습장	activity	129.18582	35.84234
타임당구장	activity	129.18582	35.84234
타임호텔	stay	129.20302	35.84017
타잔	bar	129.22312	35.85429
타카플레이	activity	129.30396	35.77256
타코비경주점	food	129.21366	35.84362
탁	food	129.20996	35.84285
탁	food	129.20996	35.84285
탁	cafe	129.20913	35.85026
탄드르빵	food	129.20707	35.85415
탄지갤러리	shop	129.20834	35.84410
탐라	stay	129.48911	35.78422
탐라에이원포크	shop	129.22286	35.85032
탑노래연습장	activity	129.21112	35.86618
탑당구클럽	activity	129.20661	35.85291
탑마루	food	129.32109	35.78920
탑모텔	stay	129.26099	35.80670
탑베이커리	food	129.21106	35.86636
탑빵	food	129.21020	35.83383
탑세일마트아화점	shop	129.04986	35.89426
탑세일마트충효점	shop	129.18109	35.84425
탑솜사탕	food	129.29331	35.84485
탑식자재마트	shop	129.26517	35.89710
탑코인노래연습장	activity	129.19009	35.86302
탕수육팬더	food	129.21528	35.86971
탕화쿵푸마라탕	food	129.21398	35.84182
태공낚시	shop	129.21552	35.84085
태광건강원	shop	129.30148	35.77587
태광종합공구상사	shop	129.31094	35.77094
태권식품	shop	129.10101	35.84807
태극휴계매점	shop	129.23518	36.04605
태리주택황리단길	food	129.20928	35.83576
태산반점	food	129.22647	35.87774
태산식육	shop	129.21697	35.84588
태성	stay	129.18241	35.80353
태스시	food	129.22914	35.88400
태양다방	cafe	129.44245	35.78989
태양다방	cafe	129.21912	35.99192
태양떡집	food	129.20791	35.85369
태양반점	food	129.22504	35.98965
태양사	shop	129.21576	35.84319
태양상회	shop	129.20695	35.83742
태양스크린골프	activity	129.20615	35.84574
태양에어컨	shop	129.28339	35.75145
태양장여관	stay	129.20528	35.84016
태양컴퓨터	shop	129.21162	35.85449
태양포차	food	129.50260	35.80368
태양할인마트	shop	129.20491	35.84455
태영	food	129.16860	35.84930
태영	activity	129.24221	35.89064
태윤연가	stay	129.33933	35.77984
태이지노래연습장	activity	129.19524	36.00195
태종상회	shop	129.32738	35.78578
태평낚시	shop	129.20113	35.84240
태평양푸드경주점	food	129.29904	35.70468
태향상회	shop	129.30117	35.77576
태향상회	shop	129.32618	35.71496
태화기름방	shop	129.32618	35.71496
태화분식	food	129.20321	35.87155
태희맘백일상	food	129.22812	35.85397
탭하우스블러펍	bar	129.20457	35.83996
터미널건강원	shop	129.20358	35.83966
터미널식당	food	129.20313	35.83983
터미널옛날통닭	food	129.20280	35.84098
터온아뜨리에	cafe	129.29025	35.97160
터치우드경북	shop	129.32361	35.71636
털보매운탕	food	129.15378	35.98825
텀즈	cafe	129.43484	35.69684
테라도스경주황남점	cafe	129.20936	35.83822
테라비어	bar	129.22982	35.85009
테라사	food	129.20608	35.85442
테라커피	cafe	129.46370	35.67447
테라커피경주용황점	cafe	129.22821	35.88371
테라펜션	stay	129.47435	35.78553
테를지	cafe	129.20868	35.83919
테마파크장	stay	129.20624	35.84589
테스커피	cafe	129.21188	35.84583
테이크짐	activity	129.22415	35.84913
테이트모던	food	129.19077	35.86148
테일러메이드	shop	129.24272	35.91351
테크호	activity	129.47356	35.69535
텍사스큐경주점	food	129.20465	35.85653
텐고쿠	food	129.22553	35.88210
텐타우스	stay	129.29044	35.96755
텐퍼센트경주카페	cafe	129.21409	35.86485
텐퍼센트스페셜커피경주	cafe	129.17469	35.89042
텐퍼센트용황점	cafe	129.22561	35.88326
텐퍼센트커피경주	cafe	129.22410	35.99244
텐퍼센트커피경주	cafe	129.22573	35.85651
텐퍼센트커피경주보문북군점	cafe	129.26412	35.85222
텐퍼센트커피힐스테이트	cafe	129.22060	35.87372
토강	food	129.21887	35.85272
토기장이	cafe	129.27064	36.00695
토끼네국수	food	129.21218	35.85030
토끼야놀자	shop	129.26276	35.99491
토니모리	shop	129.21363	35.84271
토담	food	129.20188	35.86697
토담	food	129.22475	35.85675
토담가마솥국밥	food	129.31793	35.77547
토담골	food	129.22628	35.85477
토담교동해장국	food	129.10224	35.85075
토담집	bar	129.21267	35.84088
토대력	bar	129.18993	35.86087
토르조명	shop	129.23207	35.84798
토리우	bar	129.20584	35.84257
토리포차	bar	129.10576	35.84851
토리하우스	stay	129.18588	35.78421
토마토	shop	129.21287	35.84290
토마토당구클럽	activity	129.22391	35.88444
토마토모텔	stay	129.18145	35.84406
토모노야료칸호텔경주	stay	129.50276	35.81927
토박이부대찌개	food	129.21231	35.84260
토박이식당	food	129.26333	35.85240
토브하르	stay	129.13862	35.73128
토산도요	shop	129.16065	36.01295
토산정	food	129.16065	36.01295
토산품전시장	shop	129.32722	35.78656
토석명가찰보리빵	shop	129.21888	35.99328
토속건강원	shop	129.26668	35.89642
토심	shop	129.31042	35.80685
토앤스토리	shop	129.31098	35.80499
토우카츠	food	129.21064	35.84285
토이빌리지민박	stay	129.31235	35.79465
토종찰보리빵경주빵황남동	food	129.20968	35.83930
토크어바웃	shop	129.19653	35.75344
토탈오피스프라자	shop	129.20285	35.84457
토탈프라자	shop	129.22852	35.84646
토토양행	activity	129.21593	35.84117
토파즈	shop	129.21505	35.86512
토함	food	129.25319	35.84299
토함돼지국밥	food	129.30032	35.77604
토함민속식당	food	129.25295	35.84293
토함빌리지	stay	129.32318	35.78441
토함산	nature	129.35078	35.78938
토함산가든	food	129.38774	35.72789
토함산도예	shop	129.31098	35.80504
토함산락펜션	stay	129.31480	35.80119
토함산마이웨이	stay	129.36787	35.76771
토함산마이웨이야영장	stay	129.36826	35.76795
토함산박지연된장	shop	129.32894	35.78506
토함산삼계탕	food	129.31657	35.77547
토함산손칼국수	food	129.32742	35.78623
토함산식당	food	129.31288	35.79861
토함산약수삼계탕	food	129.50090	35.80710
토함산자연휴양림	nature	129.36495	35.76196
토함산휴게소	shop	129.38774	35.72789
토함스크린	activity	129.30032	35.77604
토함식당	food	129.30055	35.77548
토함원조닭갈비	food	129.30754	35.77253
토함정육	shop	129.32266	35.77903
토함한우	food	129.22493	35.86308
토함혜	food	129.23828	35.82584
토향	food	129.28458	35.90874
톤보리	food	129.21089	35.83593
통나무	food	129.20533	35.77591
통나무집	food	129.15758	36.01799
통나무펜션	stay	129.49683	35.80277
통나무횟집	food	129.30110	35.77964
통뼈감자탕	food	129.19078	35.84305
통신뱅크	shop	129.50251	35.80487
통신의신	shop	129.20606	35.85527
통영다찌	food	129.22317	35.85317
통영아구찜식당	food	129.22370	35.85525
통영할매굴국밥	food	129.20660	35.99470
통영해물천국	food	129.22143	35.85747
통일로토종순대국	food	129.46268	35.66735
통일장여관	stay	129.20466	35.84591
통큰돈까스	food	129.30831	35.76927
통큰돈까스입실	food	129.32513	35.71331
통큰솥뚜껑닭볶음탕경주점	food	129.21025	35.84390
통큰왕갈비탕	food	129.21972	35.88200
통큰제육나라	food	129.32997	35.71145
통호프	bar	129.21534	35.98928
퇴근길소주방	bar	129.47153	35.70065
퇴근길숯불갈비	food	129.20747	35.83437
툐이크샵	cafe	129.22706	35.88281
투개더	food	129.29112	35.65278
투다리	bar	129.20300	35.83947
투다리	bar	129.23234	35.84772
투다리	bar	129.21430	35.86724
투다리	bar	129.22411	35.86192
투다리	bar	129.17479	35.89041
투다리	bar	129.20550	35.85292
투다리	bar	129.21581	35.84196
투다리금장점	bar	129.20308	35.86802
투다리동천	bar	129.22234	35.85676
투다리보문점	bar	129.28845	35.84550
투다리보우	bar	129.22645	35.85219
투다리식당	bar	129.21407	35.85204
투다리용황점	bar	129.22717	35.88232
투다리청우점	bar	129.21883	35.86825
투다리충효	bar	129.17565	35.84512
투다리충효점	bar	129.18878	35.84113
투데이보틀	shop	129.32557	35.71601
투데이보틀경주	shop	129.20649	35.83942
투맨	food	129.22961	35.88388
투모아	bar	129.22689	35.85271
투모아	bar	129.20308	35.84324
투샷	bar	129.22315	35.85572
투썸플레이스경주	cafe	129.20358	35.85589
투썸플레이스경주	cafe	129.19570	35.99886
투썸플레이스경주고속	cafe	129.20438	35.83897
투썸플레이스경주보문월드점	cafe	129.28483	35.83629
투썸플레이스경주용황스타	cafe	129.22503	35.88035
투썸플레이스보문호수점	cafe	129.27575	35.83420
투톤	food	129.19115	35.86097
투투노래연습장	activity	129.19625	36.00232
투투왕족발	food	129.20308	35.86802
투핸즈	cafe	129.17574	35.84543
투핸즈커피	cafe	129.17574	35.84543
튀긴치킨싫어서구운치킨만파는집경주	food	129.21229	35.86713
튀호	food	129.20956	35.83411
튜울립	cafe	129.21033	35.84267
트라이경주	shop	129.22217	35.86281
트라이엄프	shop	129.21285	35.84282
트라이오렌지	shop	129.21362	35.84211
트래블라이트경주	stay	129.20388	35.83889
트레비어경주점	bar	129.22581	35.88189
트린치	food	129.23138	35.88509
특급당구장	activity	129.22014	35.86103
틈새커피	cafe	129.04951	35.89341
틈수골소주마을	bar	129.22539	35.85817
티나	shop	129.21043	35.83601
티디푸드	food	129.32202	35.72620
티바두마리치킨	food	129.30929	35.76937
티바두마리치킨경주	food	129.21021	35.85344
티바두마리치킨외동	food	129.31667	35.68011
티아라	shop	129.21267	35.84265
티아라	shop	129.21527	35.85253
티아라카페	bar	129.22332	35.85626
티에스	shop	129.29090	35.83958
티엔다키즈풀빌라	stay	129.32529	35.75278
티엠티피자	food	129.13741	35.80525
티엠티피자	food	129.22014	35.86461
티읕황리단길점	cafe	129.21280	35.83544
티제이	cafe	129.22162	35.98938
티지투경주점	shop	129.20735	35.84210
티티에이치	food	129.21509	35.84707
티파니	shop	129.22541	35.87216
티파니	stay	129.51259	35.82993
티파니	stay	129.50658	35.82180
티파니노래연습장	activity	129.50658	35.82180
티파니쥬얼리	shop	129.21235	35.84213
티포인트	stay	129.26059	35.80717
팀센추리	activity	129.37700	35.67933
팀센추리우리골프클럽지점	food	129.37700	35.67933
팁스	food	129.28476	35.83615
팅커벨	stay	129.26205	35.85897
팅커벨하우스	bar	129.22595	35.85676
파낙토스통합뇌센터경주	shop	129.22642	35.84755
파닭에파뭍혀	food	129.22298	35.86258
파도	cafe	129.50265	35.80694
파도	stay	129.50377	35.80416
파도민박	stay	129.46906	35.67954
파도소리	stay	129.49367	35.76170
파도소리	stay	129.50714	35.82370
파도소리길	stay	129.47398	35.68828
파도소리길	beach	129.47490	35.68990
파도소리스파글램핑펜션	stay	129.50751	35.82376
파도수퍼	shop	129.46835	35.68008
파도회식당	food	129.46906	35.67954
파도횟집	food	129.22647	35.85648
파라다이스	cafe	129.26150	35.84949
파라다이스	stay	129.27206	35.87341
파라다이스	stay	129.40890	35.70879
파라다이스	stay	129.48756	35.74846
파라다이스단란주점	bar	129.10064	35.85251
파라다이스맥주	bar	129.22645	35.85574
파란샘	stay	129.50902	35.82591
파란오토캠핑	shop	129.28194	35.87716
파리게이츠경주보문점	shop	129.28482	35.83548
파리바게뜨	food	129.21192	35.84439
파리바게뜨	food	129.10396	35.84907
파리바게뜨	food	129.22405	35.85653
파리바게뜨경주	food	129.17479	35.89041
파리바게뜨경주	food	129.20729	35.84231
파리바게뜨경주	food	129.21636	35.99357
파리바게뜨경주금장점	food	129.20350	35.87054
파리바게뜨경주외동모화점	food	129.33583	35.67292
파리바게뜨경주용황점	food	129.22746	35.88317
파리바게뜨신경주역점	food	129.13741	35.80525
파리바게트	food	129.20631	35.85522
파리바게트경주	food	129.22861	35.87682
파리바게트불국사농협하나로점	food	129.29891	35.77537
파리바게트제과점	food	129.21399	35.86528
파리바게트충효점	food	129.18570	35.84209
파밀리아	stay	129.20388	35.84100
파비앙	stay	129.30748	35.78879
파스텔약국	shop	129.21757	35.84729
파스텔펜션	stay	129.27260	35.77054
파슬리	stay	129.31252	35.78214
파워마트	shop	129.30420	35.77192
파워식자재마트	shop	129.21669	35.84277
파워할인마트	shop	129.17775	35.84461
파워할인마트청과	shop	129.17775	35.84461
파이팅노래연습장	activity	129.22689	35.88197
파인드미	shop	129.22057	35.85269
파인비치	stay	129.50785	35.82101
파인셈메디컬	shop	129.21188	35.84430
파인애플	shop	129.22488	35.99071
파인힐	stay	129.27105	35.86950
파코라반베이비경주점	shop	129.21223	35.84319
파크골프랜드	activity	129.25869	35.81495
파크랜드경북지점	shop	129.20676	35.84137
파크랜드경주모다점	shop	129.24479	35.91683
파크랜드경주모화점	shop	129.33368	35.67892
파크스테이	stay	129.15882	35.90537
파타스리원	food	129.21000	35.84746
파트너노래방	bar	129.22317	35.85600
파티	bar	129.21709	35.99309
파티게스트하우스	stay	129.21122	35.84269
파파게노경주노동점	shop	129.21344	35.84308
파파야펜션	stay	129.25718	35.86299
파파존스경주점	food	129.21899	35.86119
판도라	shop	129.17317	35.84558
판미엔	food	129.50815	35.82074
팔각도경주용황점	food	129.22943	35.88277
팔곡보쌈경주	food	129.21058	35.85474
팔레트	cafe	129.21410	35.84659
팔복분식	food	129.20674	35.84395
팔색국수	food	129.20638	35.85195
팔성신발	shop	129.21631	35.84539
팔우정촌두부	food	129.21629	35.84145
팔조리맷돌순두부	food	129.18096	35.84400
팔조상회	shop	129.46919	35.78306
팔팔다방	cafe	129.50241	35.80579
팔팔부식	shop	129.18005	35.84477
팜스펜션	stay	129.43606	35.86069
팝스키친	food	129.20831	35.84532
팝콘모텔	stay	129.19533	36.00084
팝핑빈	cafe	129.21746	35.86746
팟타이	food	129.20674	35.84395
팡도르	food	129.46247	35.67735
팡팡당구랜드	activity	129.22595	35.85398
팡팡야자키즈풀빌라	stay	129.26650	35.78500
팡팡키즈카페	activity	129.23227	35.88532
패밀리당구클럽	activity	129.19579	36.00268
패밀리마트	shop	129.20503	35.84762
패밀리탁구장	activity	129.19604	36.00324
패인터닷츠	food	129.30621	35.77278
팬텀경주점	shop	129.21294	35.84311
퍼니랜드인형뽑기방	activity	129.21348	35.84317
퍼스트키퍼스푸르뫼	activity	129.22439	35.85751
퍼시픽펜션	stay	129.28213	35.87049
퍼주는포차	food	129.22215	35.99099
퍼즈빌	stay	129.28840	35.85961
퍼즈커피로스터	cafe	129.20994	35.84262
퍼피엘르	shop	129.21112	35.86618
펀펀노래연습장	activity	129.18593	35.84260
펀포레경주점	activity	129.22535	35.85746
펄노래	activity	129.19503	36.00134
펄라이브	bar	129.19503	36.00134
펑셔널피트니스짐	activity	129.23205	35.88635
펑유	bar	129.20758	35.85349
펑유	food	129.20729	35.85395
펖	food	129.22310	35.85640
페르모사경주	shop	129.24111	35.91180
페르시아	shop	129.21514	35.84327
페리카나	food	129.21412	35.86737
페리카나	food	129.21900	35.99170
페리카나	food	129.23015	35.87669
페리카나외동모화점	food	129.33541	35.67783
페리카나충효점	food	129.18382	35.84353
페리카나치킨	food	129.21229	35.84705
페리카나치킨	food	129.22873	35.85055
페리카나치킨	food	129.10391	35.84856
페리카나치킨금장점	food	129.20446	35.86896
페리토	stay	129.30988	35.79339
페이브	shop	129.20945	35.83575
페이즈	stay	129.48995	35.80862
페이지	food	129.21978	35.85532
페이지나인	cafe	129.26904	35.85204
페치카	food	129.20648	35.85645
페페로니	food	129.20560	35.85521
펜션	stay	129.29298	35.77420
펜션	stay	129.22489	35.85675
펜션	stay	129.28110	35.86819
펜션	stay	129.22620	35.85354
펜션	stay	129.33481	35.76941
펜션	stay	129.21053	35.83389
펜션더나인플러스	stay	129.19159	35.83278
펜션세러데이	stay	129.31484	35.80168
펜션슈퍼	shop	129.47347	35.69117
펜션스토리	stay	129.28239	35.87700
펜션이야기	stay	129.28237	35.87657
펜션포에버	stay	129.25751	35.83442
펜션하랑	stay	129.31603	35.79535
펜션해밀	stay	129.36705	35.79670
펜션휴앤뷰남산	stay	129.19753	35.79793
펜트풀빌라감포	stay	129.48949	35.74889
펠리스	stay	129.05933	35.70325
펫그램	shop	129.21428	35.86585
펫마트	shop	129.22811	35.99203
펫마트경주점	shop	129.22110	35.86276
펫마트화랑점	shop	129.20148	35.84453
펫아울렛	shop	129.22350	35.86653
펫월드	shop	129.23145	35.84861
펫클럽경주충효점	shop	129.18490	35.84344
편백나무펜션	stay	129.05851	35.70509
편한술집	bar	129.21051	35.86912
편한패션	shop	129.21673	35.84553
평동하루	stay	129.26090	35.78421
평사리한옥민박	stay	129.21444	35.83389
평양갈비	food	129.21273	35.84272
평양냉면집	food	129.21276	35.84276
평양한방족발보쌈	food	129.19424	36.00206
평창강매운탕	food	129.21044	35.80914
평화닭발	food	129.22611	35.88493
평화떡공방	food	129.22975	35.87658
평화떡집	food	129.22975	35.87658
평화반점	food	129.22320	35.99275
평화슈퍼	shop	129.22410	35.99244
포구실비	bar	129.50284	35.80709
포구회식당	food	129.50991	35.81201
포낙보청기경주센터	shop	129.20729	35.84434
포도도	food	129.20929	35.83639
포도밭가든	food	129.10731	35.72262
포디엠	bar	129.21381	35.84404
포레스트	stay	129.26626	35.86324
포레스트	cafe	129.06657	35.64855
포레스트	cafe	129.31270	35.67160
포렛	stay	129.20582	35.84644
포롱아밀	food	129.21086	35.83580
포마차	food	129.20395	35.86858
포메인경주점	food	129.22401	35.88403
포베르타호텔	stay	129.20528	35.84016
포비엗	food	129.20634	35.85466
포석구판장	shop	129.21110	35.80848
포석민속전시관	shop	129.21024	35.80919
포석정	cafe	129.20947	35.80701
포석정가요주점	bar	129.28110	35.84859
포석정한옥팬션	stay	129.20523	35.80559
포션	food	129.21475	35.84242
포시즌	bar	129.22284	35.86142
포시즌키즈풀빌라	stay	129.31370	35.76865
포시즌펜션	stay	129.50766	35.82097
포에스모텔	stay	129.46845	35.68172
포에티스풀빌라	stay	129.49375	35.80698
포유텔레콤	shop	129.21539	35.84326
포유펜션	stay	129.27484	35.87041
포유풀빌라펜션	stay	129.27472	35.87019
포즈포켓볼	activity	129.20590	35.85488
포차안주	food	129.46365	35.67538
포차클래스	food	129.18846	35.84115
포차해물촌	food	129.23012	35.84985
포키즈풀빌라	stay	129.46021	35.78957
포테이토	stay	129.20429	35.84247
포티러브하우스	stay	129.43457	35.80019
포항물회	food	129.21024	35.84430
포항물회	food	129.32371	35.71618
포항식당	food	129.24241	36.05717
포항식당	food	129.16258	36.01280
포항식육식당	food	129.22001	35.99057
포항영양탕	food	129.22587	35.85627
포항해장국	food	129.21630	35.84080
포호느호	food	129.22497	35.85868
폭시노래클럽	bar	129.20658	35.84055
폰나라	shop	129.20663	35.85498
폰앤카페	shop	129.22215	35.88245
폰에반하다	shop	129.22623	35.99165
폰케이스	shop	129.21342	35.84290
폰탑경주점	shop	129.22575	35.87930
폰플	shop	129.22908	35.84769
폴로우미스튜디오	activity	129.22275	35.85015
폴모리아	bar	129.28149	35.84550
폴인경주	stay	129.25978	35.85902
폴햄	shop	129.24436	35.91642
퐁퐁노래클럽	bar	129.22868	35.99333
푸드스토리	food	129.27422	35.87156
푸드원	food	129.29873	35.70440
푸드콕	food	129.24443	35.91722
푸라닭경주	food	129.21425	35.87268
푸르르	shop	129.22254	35.85654
푸르미르	stay	129.28149	35.87194
푸르지오노래연습장	activity	129.22275	35.85644
푸르지오한옥펜션	stay	129.30374	35.77766
푸른가든	food	129.06389	35.65620
푸른고기나라식당	food	129.22282	35.99149
푸른마트	shop	129.30224	35.69740
푸른바다	food	129.21676	35.84469
푸른바다	shop	129.50305	35.80402
푸른바다회센타	food	129.50445	35.80420
푸른솔	stay	129.20383	35.84047
푸른솔실비	bar	129.20309	35.84445
푸른수산	shop	129.21445	35.86487
푸른초원펜션	stay	129.32571	35.77944
푸른하늘	stay	129.25461	35.81501
푸른회식당	food	129.46021	35.66665
푸릇푸릇	shop	129.22534	35.88203
푸마모다아울렛경주	shop	129.24436	35.91642
푸마시	bar	129.19533	36.00271
푸줏간	food	129.21966	35.86710
푸짐한돼지국밥	food	129.31944	35.67893
푸타이뷔페무카타	food	129.21107	35.84268
풀각시식단	shop	129.19649	36.00226
풀꽃	cafe	129.20172	35.84193
풀꽃책방	shop	129.30003	35.77780
풀무원샘물경주	shop	129.21932	35.87294
풀무원푸드앤컬처원전인력양성원	food	129.49283	35.77212
풀무원푸드앤컬처주택금융공사미래인재원	food	129.49137	35.77182
풀무원푸드앤컬처현대자동차영남교육시설	food	129.45679	35.67037
풀블룸	stay	129.31319	35.76908
풀빌라경주에가면	stay	129.33682	35.78300
풀빌라뉴밸리	stay	129.30188	35.78671
풀빌라써밋	stay	129.30383	35.78757
풀빌라아방가르드	stay	129.26639	35.86218
풀빌라태평	stay	129.28216	35.77824
풀빛고운	stay	129.25862	35.86250
풀스크린골프	activity	129.33073	35.69511
풀앤문한옥스테이	stay	129.21163	35.81352
풀앤문한옥스테이	stay	129.21206	35.81342
풀잎채보문점	food	129.28986	35.83456
풀하우스펜션	stay	129.25882	35.86229
품안커피숍	cafe	129.31217	35.79835
풍경	food	129.33107	35.71506
풍경	stay	129.49150	35.78987
풍경소리민박	stay	129.13623	35.90749
풍경채펜션	stay	129.16781	35.81176
풍경하루	stay	129.39713	35.72295
풍경휴게실	shop	129.32014	35.78872
풍금이있는집	shop	129.22894	35.84145
풍기바람인견	shop	129.20674	35.84395
풍기인삼	shop	129.20674	35.84395
풍기인삼갈비	food	129.50224	35.80643
풍기인삼외동농협하나로마트점	shop	129.32557	35.71601
풍녀가경주빵찰보리빵	food	129.21767	35.83576
풍녀네카페	cafe	129.26150	35.84949
풍년	food	129.20858	35.84573
풍년상회	shop	129.21021	35.84221
풍년참가자미	food	129.22743	35.85683
풍뎅이호스텔	stay	129.20483	35.83984
풍류	shop	129.24396	35.78919
풍문	food	129.20281	35.84431
풍미숯불식당	food	129.21045	35.84429
풍산구판장	shop	129.18352	35.98144
풍선나라	shop	129.20440	35.84110
풍어	food	129.18015	35.84501
풍어	food	129.20927	35.84748
풍원숯불갈비	food	129.13947	35.98091
풍정	stay	129.23078	35.84077
풍차노래연습장	activity	129.22706	35.85531
풍차주막	bar	129.30621	35.77278
풍차펜션	stay	129.31469	35.80094
풍천민물장어	food	129.21409	35.85234
풍천민물장어충효점	food	129.18763	35.84268
퓨전	food	129.20943	35.85294
퓨전로또판매점	activity	129.21702	35.84658
프라이빗경주	stay	129.20578	35.84166
프라이빗제이펜션	stay	129.31194	35.75514
프라임베딩쉐모아	shop	129.20240	35.84499
프라하	cafe	129.27646	35.86835
프라하펜션	stay	129.31127	35.79540
프란시아가구	shop	129.21759	35.84677
프랑주	stay	129.21454	35.84246
프랜드펜션	stay	129.27718	35.87519
프랭크버거경주	food	129.22837	35.88280
프레그런스커피	cafe	129.22774	35.98823
프레드피자경주점	food	129.20942	35.85410
프레쉬모먼트	food	129.22698	35.88204
프레스토	shop	129.22227	35.85280
프레시런	food	129.21579	35.86329
프레젠트	shop	129.20771	35.84139
프렌즈바	bar	129.20566	35.85569
프렌즈북카페	cafe	129.20313	35.83934
프렌즈스크린남경주	shop	129.32111	35.73111
프렌즈스크린용황점	activity	129.22011	35.88212
프렙	food	129.21155	35.84212
프로빌리아드	activity	129.32521	35.70819
프로스펙스경주점	shop	129.21182	35.84337
프로음향	shop	129.22101	35.85975
프롬경주	food	129.21065	35.84708
프롬상록	cafe	129.21184	35.83649
프롬스테이	stay	129.21292	35.84552
프롬에이치경주양남점	stay	129.46341	35.66993
프리쉐이드	cafe	129.22561	35.88264
프리제커피브루어스	cafe	129.21948	35.84283
프리티모텔	stay	129.22396	35.98952
프린세스펜션	stay	129.29345	35.87519
프프프베이커리	food	129.20972	35.83609
플라비우스	cafe	129.26814	35.85263
플라워뱅크	shop	129.20999	35.84693
플라워카페미화	cafe	129.20378	35.86735
플라잉경주	activity	129.26984	35.85427
플랜비	shop	129.29891	35.77537
플랜비	stay	129.30861	35.78575
플러스모텔	stay	129.27877	35.90542
플러스약국	shop	129.22487	35.87344
플러스피자	food	129.22080	35.86003
플러피애견풀빌라	stay	129.48725	35.79560
플레도	cafe	129.32565	35.78381
플레르드모망오나은꽃집	shop	129.20912	35.86524
플레르버니	shop	129.22933	35.88345
플레이그라운드문구신경주역점	shop	129.13741	35.80525
플레이랩왁작	activity	129.21501	35.84322
플레이용황	activity	129.22777	35.88318
플렉스펜션	stay	129.27012	35.87451
플로우클라임	activity	129.22470	35.86251
플리츠코라	shop	129.22677	35.99128
플리츠코라경주점	shop	129.24065	35.91020
피굽남앤유떡	activity	129.20931	35.85493
피넛	shop	129.22609	35.88266
피노	stay	129.29572	35.87665
피노키즈펜션	stay	129.30611	35.74160
피렌체	stay	129.28732	35.81840
피맛골	food	129.22585	35.85235
피망노래연습장	activity	129.22506	35.85675
피복부대종상회	shop	129.20674	35.84395
피아노할인마트	shop	129.29137	35.96572
피앤디	shop	129.20600	35.85547
피앤피	shop	129.50965	35.81025
피에이케이아시아푸드마트	shop	129.21521	35.84372
피에이티경주점	shop	129.20728	35.84298
피오레	cafe	129.22039	35.85915
피우스	shop	129.21183	35.84312
피움	shop	129.21579	35.86329
피자마루	food	129.22067	35.86416
피자마루	food	129.19118	35.86139
피자마루	food	129.19622	36.00500
피자마루	food	129.22653	35.88441
피자모자이크	food	129.22356	35.99121
피자빙고	food	129.27915	35.83610
피자빙고	food	129.20606	35.85527
피자빙고	food	129.23099	35.84862
피자스쿨경주충효점	food	129.18059	35.84378
피자알볼로경주점	food	129.21840	35.86175
피자에땅	food	129.21579	35.86329
피자에땅	food	129.19711	36.00142
피자옥	food	129.21081	35.83642
피자와썹충효점	food	129.18657	35.84229
피자지아	food	129.32481	35.71373
피자피크경주불국사점	food	129.32107	35.78228
피자헛남경주점	food	129.32187	35.72711
피쥬키	shop	129.20899	35.83351
피지에이골프클리닉	activity	129.22470	35.86251
피카소안경원	shop	129.22234	35.99121
피크닉	bar	129.32711	35.71424
피클	food	129.21219	35.84125
피터펜	stay	129.26216	35.85902
피트스탑피자펍	food	129.28022	35.84724
피포	cafe	129.21031	35.83566
피피노피자	food	129.21413	35.86678
피피케이키친경주점	food	129.17432	35.89007
픽미픽미	shop	129.22179	35.83612
픽미픽미경주	shop	129.20488	35.85567
픽미픽미아이스경주	shop	129.32458	35.71348
픽미픽미아이스크림할인점	shop	129.18538	35.84329
픽미픽미아이스할인점	shop	129.18970	35.86264
픽핫스팟물류	shop	129.22993	35.87855
필가요주점	bar	129.28845	35.84550
필갤러리	shop	129.21077	35.82207
필그린	shop	129.03299	35.85752
필노래궁	bar	129.50171	35.80435
필당구클럽	activity	129.19537	36.00109
필라이브	bar	129.47071	35.70070
필리핀마트	shop	129.10400	35.84807
필마트	shop	129.32889	35.67280
필모어	cafe	129.49344	35.76594
필안경콘택트	shop	129.20356	35.87084
필연	stay	129.34594	35.69102
필이네산꼼장어	food	129.19425	36.00096
필펜션	stay	129.26023	35.85914
필하우스펜션	stay	129.29062	35.87014
핑크레몬	shop	129.20674	35.84395
핑크마티니	food	129.22470	35.88090
핑크사슴	shop	129.21637	35.84534
하강화분	shop	129.21503	35.84416
하곡슈퍼	shop	129.14089	35.98063
하곡지	nature	129.15420	35.98240
하나	activity	129.16480	35.84393
하나래화장품	shop	129.20526	35.84339
하나로마트웰빙	shop	129.10275	35.84947
하나로베이커리	food	129.22591	35.99094
하나로씽크인테리어	shop	129.20267	35.84772
하나로열린약국	shop	129.20646	35.83944
하나미	food	129.21021	35.84221
하나보리밥	food	129.32923	35.68081
하나분식	food	129.20674	35.84395
하나비	bar	129.22396	35.85578
하나상회	shop	129.45133	35.66090
하나샵	shop	129.26860	35.89768
하나스크린	activity	129.22378	35.85843
하나식품	shop	129.46336	35.67512
하나약국	shop	129.21237	35.84482
하나정보	shop	129.23445	35.84474
하나종합상사	shop	129.10375	35.85180
하노이신짜오	food	129.22334	35.85677
하노이쌀국수	food	129.21519	35.84234
하노크	shop	129.20746	35.83662
하녹명당	stay	129.21183	35.83663
하누가물애	food	129.30653	35.81141
하누미	food	129.31177	35.67909
하늘	stay	129.21301	35.83474
하늘	food	129.10433	35.84875
하늘공원	bar	129.19104	35.86164
하늘공원투	bar	129.19104	35.86164
하늘꽃아스트로	stay	129.29290	35.91456
하늘꽃아스트로풀빌라	stay	129.29290	35.91456
하늘내음키즈풀빌라	stay	129.31158	35.79479
하늘다방	cafe	129.22601	35.99164
하늘당구클럽	activity	129.21921	35.87011
하늘보석	shop	129.21270	35.84256
하늘빛바다	stay	129.45151	35.65916
하늘소정보통신	shop	129.20913	35.85619
하늘이네	cafe	129.23280	35.84563
하늘풍경	stay	129.30344	35.78942
하늘호수	stay	129.31551	35.80083
하담	stay	129.21011	35.83409
하동갯벌낙지	food	129.31417	35.79859
하동낙지집	food	129.30713	35.80649
하라	stay	129.32746	35.78305
하라르푸드	food	129.20659	35.85411
하람	stay	129.19309	35.81709
하랑	shop	129.21149	35.84273
하랑민박	stay	129.23083	35.84164
하루	stay	129.21068	35.83429
하루도넛	food	129.21394	35.86809
하루방뚝배기	food	129.31305	35.80145
하루연가	stay	129.19042	35.82795
하루카맛도리	food	129.21122	35.83641
하루한팀풀빌라낙원	stay	129.34855	35.68848
하리샵	food	129.17923	35.84519
하림스튜디오	shop	129.17977	35.84482
하림식당	food	129.48333	35.73844
하마야식	food	129.22324	35.85535
하마키친	food	129.21476	35.84277
하바나	cafe	129.21345	35.84399
하바드치킨식당	food	129.04585	35.75711
하베스트	cafe	129.24762	35.84469
하비비씨	food	129.27639	35.99799
하삼동경주금장점	cafe	129.20378	35.86735
하삼동커피경주	cafe	129.47114	35.69986
하삼동커피경주	cafe	129.22504	35.99070
하삼동커피경주	cafe	129.20725	35.84507
하삼동커피경주	cafe	129.29893	35.77571
하삼동커피경주협성휴포레점	cafe	129.22629	35.88304
하삼동커피충효	cafe	129.18535	35.84222
하서리연가	stay	129.46305	35.68236
하서항	activity	129.46940	35.67943
하야	shop	129.21819	35.84163
하야네	stay	129.20999	35.84504
하얀구름커피랑다육이랑	shop	129.22158	35.85997
하얀집	cafe	129.32223	35.72913
하얀집	food	129.06427	35.65436
하얀집노래연습장	activity	129.06427	35.65436
하연지	food	129.21103	35.82421
하영산장	food	129.05916	35.65990
하예한옥	stay	129.20821	35.82689
하온정	stay	129.30469	35.78369
하우스오브리나	shop	129.25260	35.83365
하우스인	stay	129.22886	35.84262
하우스홀드	food	129.47054	35.70132
하우투팜	shop	129.27630	35.98891
하우해브유빈	shop	129.21127	35.83619
하운드유스호스텔경주불국사	stay	129.32546	35.78563
하월오토캠핑장	stay	129.01833	35.83060
하유일기	stay	129.08364	35.88025
하이그로	shop	129.31028	35.77380
하이도그	shop	129.21019	35.85359
하이드어웨이	shop	129.21333	35.84388
하이론침구	shop	129.20940	35.83628
하이민턴	shop	129.22283	35.85768
하이샵	shop	129.22981	35.84880
하이스테이	stay	129.20512	35.83942
하이스토리캠핑장	stay	129.41853	35.70232
하이안풀빌라	stay	129.30306	35.78848
하이티	shop	129.21075	35.83632
하이펜션	stay	129.51318	35.83067
하임스	cafe	129.16860	35.84930
하임스동천	cafe	129.24109	35.84252
하정분식	food	129.18005	35.84477
하지메마시타	food	129.21916	35.86608
하진식당	food	129.22520	35.84946
하카전자담배경주점	shop	129.21628	35.84994
하토르	stay	129.27767	35.78070
하품	stay	129.18949	35.83954
하프앤드	food	129.22165	35.99284
하프타임	shop	129.17916	35.79584
하하노래연습장	activity	129.22280	35.85541
하하통신	shop	129.21539	35.84320
하하하우스펜션	stay	129.30133	35.78758
하해회식당	food	129.48559	35.74554
학림아구찜·김밥	food	129.05007	35.89250
학사촌식당	food	129.18912	35.86127
학산댁	stay	129.33126	35.71681
학산테라로사커피	shop	129.20994	35.82967
학성식당	food	129.23185	35.84871
학창시절	bar	129.20545	35.85411
한가로이경주	stay	129.17304	35.81094
한가짬뽕	food	129.07995	35.87008
한결텔레콤	shop	129.20661	35.85291
한골요	shop	129.21849	35.96636
한곳간	food	129.30649	35.77273
한과방	food	129.22774	35.84969
한광숯불구이	food	129.20192	35.86710
한국가구씽크마트	shop	129.50080	35.80929
한국가체연구소	shop	129.21399	35.83437
한국관매점	shop	129.32676	35.78502
한국금거래소경주점	shop	129.21460	35.84427
한국대중음악박물관	heritage	129.28889	35.84036
한국맥도날드경주점	food	129.21151	35.84314
한국신용통신	shop	129.22648	35.85137
한국약선차꽃차연합회	shop	129.07953	35.83623
한국요유빵	food	129.20956	35.83411
한국요유빵	food	129.31317	35.79111
한국원예자재센타	shop	129.25382	35.83323
한국전통음식체험교육원	food	129.20812	35.75234
한국주방	shop	129.22242	35.86552
한국피자헛경주	food	129.21596	35.86259
한국헬스케어센터	activity	129.21329	35.86588
한그릇뚝딱	food	129.31948	35.67851
한끼국수	food	129.22638	35.85085
한끼두끼	food	129.22302	35.99113
한끼미소	food	129.34177	35.72080
한끼밥상	food	129.19606	35.99933
한끼밥상	food	129.32609	35.70999
한나물비빔밥	food	129.21197	35.84307
한누리통신	shop	129.21183	35.84210
한다솥경주점	food	129.21452	35.83332
한독의료기보청기상사	shop	129.21114	35.84436
한돈가	food	129.29816	35.77844
한돈단불뒷고기	food	129.20336	35.83982
한동과자	shop	129.18378	36.00129
한동서만나	food	129.18400	36.00081
한동식당	food	129.18400	36.00081
한동식육식당	food	129.18400	36.00081
한동화성디시마트	shop	129.18390	36.00208
한라도니	food	129.22439	35.85237
한라식당	food	129.21694	35.84505
한라푸드	shop	129.22805	35.85273
한라흑도야지	food	129.20350	35.87054
한량이네민박	stay	129.25828	35.86121
한량포차	food	129.21920	35.86635
한마음식당	food	129.21775	35.87901
한마음식당	food	129.32523	35.71481
한마음양행	shop	129.22233	35.99041
한마음컴퓨터	shop	129.20707	35.85224
한맛식육유통	shop	129.23357	35.84741
한뭉티기	food	129.21590	35.87121
한민	shop	129.25376	35.93433
한반도회대게직판장	food	129.50644	35.80944
한방생오리불고기	food	129.22373	35.85389
한방족발	food	129.32618	35.71496
한봉순할매순두부	food	129.26214	35.85136
한봉순해물찜	food	129.21978	35.86817
한빛건강증진연구소	shop	129.21776	35.86190
한빛블라인드경주출장소	shop	129.19876	36.00418
한빛약국	shop	129.21402	35.87133
한빛전기조명	shop	129.22555	35.85092
한사랑약국	shop	129.21166	35.86432
한살림경주소비자생활협동조합	shop	129.22749	35.84702
한상	bar	129.22379	35.85993
한샘인테리어모아	shop	129.24210	35.91200
한샘정보통신	shop	129.22087	35.86310
한서몰	shop	129.30036	35.72357
한성랩	shop	129.22723	35.85151
한성미인	food	129.21022	35.84723
한성상회	shop	129.50168	35.80433
한성의료기보청기상사	shop	129.20771	35.84484
한성텔레콤	shop	129.19678	36.00321
한성한식	food	129.29656	35.65946
한솔국수집	food	129.50235	35.80683
한솔기사식당	food	129.32333	35.67131
한솔네트워크	shop	129.22079	35.84157
한솔노래연습장	activity	129.21964	35.99279
한솔마트	shop	129.32652	35.70965
한솔모텔	stay	129.29244	35.84001
한솔인테리어씽크	shop	129.20718	35.84644
한솔통신	shop	129.22283	35.85768
한솔펜션	stay	129.18766	35.82860
한솔호텔	stay	129.29241	35.83996
한솥	food	129.22945	35.85015
한솥	food	129.22934	35.87668
한솥경주	food	129.22410	35.99244
한솥도시락경주	food	129.20313	35.83983
한솥도시락경주	food	129.19077	35.86148
한솥도시락경주금장점	food	129.20296	35.87113
한솥도시락경주용황지구점휴포레	food	129.22611	35.88493
한솥도시락경주황성공원앞점	food	129.21279	35.86374
한솥식당	food	129.18603	35.84278
한수원전원펜션	stay	129.38592	35.79431
한스델리	food	129.21245	35.84275
한스베딩	shop	129.20707	35.85249
한식먹을고양	food	129.21988	35.86705
한식부페미가	food	129.29340	35.70981
한식뷔페	food	129.30316	35.66533
한식집숟가락젓가락구	food	129.21476	35.84256
한신	shop	129.21982	35.86675
한실식당	food	129.10627	35.84576
한아름마트	shop	129.47076	35.69976
한아름약국	shop	129.22400	35.86076
한아름펜션	stay	129.27232	35.86875
한아름할인마트	shop	129.19828	35.75045
한양각	food	129.04087	35.75745
한양공예사	shop	129.20835	35.84337
한양떡집	food	129.21275	35.86531
한양민예사	shop	129.32555	35.78645
한양상회	shop	129.10533	35.84859
한양식당	food	129.26882	35.89580
한양식육점	shop	129.19012	35.84138
한양왕족발	food	129.10438	35.85018
한양유통	shop	129.10490	35.84863
한양족발	food	129.20510	35.85213
한양주방	shop	129.22316	35.86707
한옥人	stay	129.21142	35.83482
한옥녹턴	stay	129.20816	35.83541
한옥민박라온	stay	129.20881	35.83409
한옥스테이다다	stay	129.24705	35.78963
한옥스테이달리	stay	129.21391	35.83409
한옥스테이동방	stay	129.32017	35.78934
한옥스테이선덕당	stay	129.22158	35.83640
한옥스테이성혜당	stay	129.21160	35.81392
한옥스테이소화	stay	129.20654	35.82665
한옥스테이여울	stay	129.27480	35.86938
한옥스테이여울	stay	129.27473	35.86893
한옥스테이온	stay	129.31320	35.78202
한옥스테이온유	stay	129.25819	35.81412
한옥스테이정가	stay	129.20820	35.83329
한옥스테이정원	stay	129.32144	35.79003
한옥스테이조아당	stay	129.22425	35.84254
한옥스테이틈	stay	129.21442	35.83353
한옥스테이포석	stay	129.21218	35.80914
한옥스테이풍경	stay	129.20813	35.82760
한옥스테이해밀	stay	129.27419	35.79731
한옥애	stay	129.22294	35.84343
한옥집용황점	food	129.21972	35.88200
한옥체험	stay	129.20918	35.82840
한옥카페부연	cafe	129.31427	35.79212
한옥탭하우스	bar	129.21145	35.83638
한옥펜션더나인	stay	129.19125	35.83278
한옥펜션왕경	stay	129.20938	35.80648
한옥프린스	stay	129.20906	35.83385
한옥한채	stay	129.17095	35.81896
한옥해뜰재	stay	129.45077	35.66069
한올면옥	food	129.22515	35.85869
한우대가	food	129.16722	35.84399
한우데이	food	129.20275	35.72338
한우리가든	food	129.25899	35.84519
한우리식당	food	129.04918	35.89347
한우리충효독서토론논술교재	shop	129.19172	35.84181
한우리팜구판장	food	129.23986	35.72809
한우리팜식육점	shop	129.23468	35.72118
한우마을식육식당	food	129.20650	35.99462
한우목장	food	129.19530	36.00227
한우미작	shop	129.23096	35.84273
한우한돈프라자	food	129.21927	35.88265
한우한판	food	129.17489	35.88985
한울	shop	129.30094	35.77307
한울펜션	stay	129.06502	35.74016
한일식당	food	129.50456	35.80378
한일여인숙	stay	129.44276	35.79060
한일전자	shop	129.21566	35.84303
한입두입	cafe	129.45087	35.66339
한입앙꼬	cafe	129.21127	35.83508
한잔	food	129.22982	35.85009
한잔술	food	129.21414	35.86752
한잔의추억	bar	129.10396	35.84907
한잔콜	food	129.30649	35.77273
한잔하자	food	129.47027	35.70134
한주에프앤비	food	129.21401	35.84219
한줄기손칼국수	food	129.21173	35.85467
한진호스텔	stay	129.20469	35.84031
한참	food	129.20302	35.83965
한촌설렁탕경주용황점	food	129.22839	35.88394
한티재경주용황점	food	129.23011	35.88394
한화호텔앤드리조트	stay	129.27025	35.85968
할리와바다	shop	129.17481	35.99229
할리트럭	food	129.21066	35.84221
할매낙지식당	food	129.20657	35.85078
할매보리밥	food	129.20574	35.84533
할매보리밥	food	129.20545	35.84371
할매식당	food	129.20674	35.84395
할매칼국수	food	129.05017	35.89315
할매해장국	food	129.21552	35.84085
할매횟집	food	129.49128	35.78963
할머니주방	food	129.32575	35.71410
할미통신	shop	129.22526	35.86239
할타보카경주점	food	129.21182	35.84144
할피족	food	129.32889	35.67280
함도상회	shop	129.20674	35.84395
함바소갈비경주점	food	129.21954	35.86564
함빛샵	shop	129.29131	35.77246
함양다방	cafe	129.30688	35.80863
함양집	food	129.26223	35.85203
함양집보문점	food	129.26223	35.85203
함양집보물로점	food	129.30689	35.80821
함월장	stay	129.04210	35.90047
함월커피	cafe	129.04210	35.90047
함지박한정식	food	129.22632	35.99225
함흥식당	food	129.22737	35.99053
합동식당	food	129.21681	35.84298
합동전자	shop	129.47106	35.70061
합동전자	shop	129.22720	35.99190
합동전자	shop	129.21524	35.84384
합천돼지국밥	food	129.20646	35.84738
핫도그트럭서라벌대점	food	129.18714	35.84165
핫썬베이크치킨용황점	food	129.22455	35.86457
해가담	food	129.21179	35.84092
해국길	food	129.50161	35.80649
해궁노래연습장	activity	129.19603	36.00345
해궁회센타	food	129.45506	35.66626
해나정	stay	129.49204	35.77976
해남스크린	activity	129.22378	35.85239
해녀수산	shop	129.49851	35.79859
해녀의집바랗	cafe	129.47445	35.69092
해녀이정숙	shop	129.51880	35.83789
해녀회식당	food	129.51194	35.81642
해다미	food	129.47128	35.70038
해담은호텔	stay	129.45121	35.65951
해도유통	shop	129.22801	35.85296
해돈가	food	129.21397	35.99148
해돋이	food	129.48346	35.73734
해돋이펜션	stay	129.25796	35.86212
해동	shop	129.48145	35.74122
해동농약사	shop	129.20629	35.84338
해동상회	shop	129.32618	35.71496
해동식당	food	129.21188	35.84583
해동약국	shop	129.21674	35.84459
해든들깨칼국수	food	129.22959	35.88337
해뜨는집	stay	129.47394	35.68805
해뜨는횟집	food	129.49114	35.76027
해뜰김밥	food	129.21586	35.99326
해를여는펜션	stay	129.31697	35.78054
해림어탕	food	129.20620	35.79841
해림횟집	food	129.49117	35.79097
해마루돈	food	129.21191	35.86833
해마지	food	129.47339	35.68742
해맑은수산	shop	129.49257	35.76067
해맞이민박	stay	129.31502	35.76217
해맞이회타운	food	129.48660	35.74698
해목	food	129.20256	35.77539
해물마당	food	129.20717	35.85584
해물면사무소	food	129.21739	35.87020
해물오뎅	cafe	129.20524	35.85391
해물천국	food	129.20478	35.85327
해물칼국수	food	129.08594	35.83968
해미우시장	food	129.20046	35.75137
해미푸드	shop	129.19556	36.00725
해밀터펜션	stay	129.25729	35.85795
해바라기	stay	129.43671	35.78417
해바라기룸비지니스	bar	129.22354	35.85629
해바라기키즈풀빌라	stay	129.31211	35.79747
해바라기통신	shop	129.21432	35.86738
해바라기풀빌라	stay	129.31215	35.79714
해변노래연습장	activity	129.46268	35.67282
해변상회	shop	129.45180	35.66113
해변상회	shop	129.47270	35.71092
해변상회	shop	129.47273	35.70104
해비치펜션	stay	129.46966	35.67943
해사랑	stay	129.25828	35.86344
해솔래식당	food	129.46334	35.67401
해솔방	food	129.31561	35.79081
해송	food	129.22763	35.84698
해송노래연습장	activity	129.22347	35.86148
해송민박	stay	129.50811	35.80957
해송한옥집	food	129.46302	35.67191
해수회집	food	129.49121	35.78985
해아레민박	stay	129.21074	35.83392
해암식당	food	129.48467	35.74467
해암회식당	food	129.48467	35.74466
해야분식	food	129.23047	35.87832
해야스테이	stay	129.22033	35.84287
해양산국밥경주	food	129.22462	35.85525
해오름	stay	129.15103	35.87271
해오름풀빌라펜션	stay	129.31400	35.76891
해오름한옥스테이	stay	129.26855	36.03391
해와달	stay	129.35883	35.76883
해와바다	food	129.51744	35.83675
해요디저트선물가게	food	129.21146	35.84637
해월고로케	food	129.29090	35.83958
해월안	cafe	129.22517	35.84927
해율당	shop	129.46275	35.67235
해인할인마트	shop	129.50777	35.82129
해진낚시	shop	129.33235	35.69262
해천농원	food	129.32822	35.87639
해천몰경주지사	shop	129.18176	35.84446
해태슈퍼	shop	129.20458	35.85618
해파랑	food	129.47107	35.70035
해파랑펜션	stay	129.50805	35.81014
해품안채	stay	129.48467	35.74467
해피그린테크	shop	129.03552	35.90538
해피데이펜션	stay	129.40263	35.67373
해피드림펜션	stay	129.48692	35.74905
해피리빙	shop	129.22503	35.88035
해피매점	shop	129.29021	35.83816
해피바이러스	shop	129.21031	35.83566
해피아울렛	shop	129.20574	35.84533
해피조이	food	129.21022	35.86576
해피토스트	food	129.10420	35.84832
해피하우스	stay	129.32579	35.78351
해피한식	food	129.20811	35.85397
해피해피포레스트	shop	129.21834	35.83617
핸드폰소매업	shop	129.32081	35.71431
핸드폰소매업	shop	129.32551	35.71497
햇님식당	food	129.20313	35.83983
햇님푸드	food	129.31361	35.69986
햇빛슈퍼	shop	129.20615	35.85196
햇살가득한집	shop	129.29584	35.85601
햇살머믄꼬마김밥	cafe	129.21888	35.99328
햇살머믄꼬마김밥	food	129.21076	35.86695
햇살머믄꼬마김밥	food	129.22861	35.87682
햇살머믄꼬마김밥	food	129.22565	35.88363
햇살머믄꼬마김밥	food	129.22615	35.85968
햇살스테이	stay	129.22656	36.00251
햇오프커피	cafe	129.20828	35.83731
행거리푸드	food	129.28886	35.83225
행복가구갤러리	shop	129.24248	35.91264
행복가득한장미	cafe	129.28017	36.00430
행복꿈자리	stay	129.22187	35.84573
행복다방	cafe	129.05120	35.89294
행복당	stay	129.22055	35.83622
행복떡집	food	129.32913	35.71178
행복만들기	activity	129.20306	35.84116
행복맛집	food	129.19289	36.00111
행복상회	food	129.21182	35.86486
행복술센타	food	129.21935	35.86818
행복식당	food	129.17757	35.84391
행복쌈밥	food	129.34201	35.72253
행복약국	shop	129.22120	35.99104
행복유통	shop	129.17989	35.84463
행복전자	shop	129.22142	35.99014
행복통신	shop	129.22667	35.85073
행복편의점	shop	129.33638	35.67186
행복한가	stay	129.19751	35.80101
행복한건강원	shop	129.21932	35.86806
행복한마트두원	shop	129.20229	35.75107
행복한분식	food	129.27415	35.98748
행복한오리경주점	food	129.22525	35.86865
행복한집	stay	129.20932	35.82708
행복한집키친	cafe	129.20932	35.82708
행복한찜닭경주점	food	129.21587	35.86312
행온당	food	129.21055	35.83717
행운다방	cafe	129.21897	35.99103
행운당구장	activity	129.47041	35.70083
행운마트	shop	129.19352	36.00222
행운방이불	shop	129.20674	35.84395
행운복권명당	activity	129.32454	35.71468
행운복권방	activity	129.20480	35.84861
행운복권방감포	activity	129.50229	35.80663
행운슈퍼	shop	129.20997	35.84344
행운식당	food	129.10999	35.82983
행운약국	shop	129.21936	35.86830
행운찻집	cafe	129.05138	35.89245
행텐	shop	129.21348	35.84253
행텐경주점	shop	129.24436	35.91642
행텐모다경주	shop	129.24436	35.91642
행텐틴즈모다경주	shop	129.24488	35.91840
행포케용황점	food	129.22675	35.88206
향	bar	129.19561	36.00011
향곡상회	shop	129.18898	35.84154
향기노래연습장	activity	129.22280	35.85230
향기숲다방	cafe	129.10103	35.84864
향단	stay	129.25294	35.99989
향리다원	cafe	129.20945	35.82856
향림매운탕	food	129.27831	35.83308
향매김	cafe	129.20325	35.85312
향미맷돌순두부	food	129.24697	35.89221
향미분식	food	129.20589	35.83982
향미사	cafe	129.20842	35.83918
향미카페	cafe	129.21657	35.84733
향밀	food	129.20990	35.83478
향수분식	food	129.22324	35.85535
향아식당	food	129.10266	35.84902
향이텔레콤	shop	129.18548	35.84348
향촌	bar	129.21885	35.86813
향토국밥	food	129.46274	35.70600
향화꼬치	food	129.20702	35.85435
향화정	food	129.20921	35.83808
허갈닭강정	food	129.19685	36.00300
허니	shop	129.21293	35.86527
허니허니	shop	129.22861	35.87682
허밍	food	129.18132	35.84258
허봉욱임대	food	129.20707	35.85340
허브공주피부관리앤드다이어트클럽	shop	129.23170	35.84530
허브인스파	shop	129.33069	35.75692
허브캐슬	stay	129.34933	35.68909
허브풀빌라	stay	129.30173	35.85407
허쉬	shop	129.22675	35.88206
허씨팜딸기놀이터	activity	129.22891	36.01502
허우짜허셰프의우끼는짜장	food	129.21228	35.84275
헌터스커피경주점	cafe	129.22045	35.86925
헐크헬스	activity	129.22184	35.99144
험멜경주점	shop	129.21362	35.84211
헤나앤염색	shop	129.22108	35.85323
헤라	shop	129.22668	35.99077
헤라노래궁	bar	129.22372	35.85492
헤라뷰티	shop	129.22625	35.99071
헤라하늘	shop	129.21497	35.84306
헤리티지	cafe	129.28317	35.83033
헤리티지유와	stay	129.21178	35.82847
헤브모어	cafe	129.32619	35.78457
헤세드신라방찻집	shop	129.31055	35.80584
헤이데이	bar	129.21507	35.84181
헤이데이	stay	129.27217	35.79946
헤이데이하우스	stay	129.27208	35.79918
헤이미쉬펜션	stay	129.30694	35.78804
헤이미쉬풀빌라펜션	stay	129.30701	35.78821
헤이브리즈	stay	129.29121	35.89263
헤이븐	stay	129.31570	35.80148
헤이빌	stay	129.28224	35.78052
헤즈업	food	129.22285	35.85675
헬로바비	shop	129.20959	35.83735
헬로버거	food	129.10486	35.84790
헬로빵집	shop	129.22384	35.99099
헬로빵집	shop	129.19656	36.00364
헬로아이실내놀이터	activity	129.17479	35.89041
헬로우민박	stay	129.17910	35.78794
헬로팬닭갈비	food	129.21990	35.86719
헬리오스	food	129.31518	35.78417
헬스엔헬스클럽	activity	129.21590	35.87007
헬시펫	shop	129.20477	35.85377
혀기	food	129.20934	35.83832
혁이네축산	shop	129.22260	35.99113
현	food	129.18005	35.84477
현가네가야밀면	food	129.10302	35.84927
현강철재	shop	129.32971	35.68191
현곡	shop	129.28259	36.01611
현곡당	food	129.17458	35.88979
현곡떡집	food	129.17670	35.88695
현곡상회	shop	129.20674	35.84395
현곡쉼터	shop	129.18004	35.88589
현곡식육식당	food	129.20240	35.86778
현곡준스크린골프	activity	129.17406	35.88953
현곡휴	stay	129.16891	35.88666
현곡휴게소	food	129.17572	35.88937
현대가든	food	129.05962	35.70101
현대공단식당	food	129.31851	35.70200
현대공단식당엄마손맛	food	129.31851	35.70200
현대교보용황	shop	129.22837	35.88280
현대그린푸드모비스포항부품지점	shop	129.26422	35.98612
현대그린푸드현대모비스경주물류지점	shop	129.30030	35.75187
현대그린푸드현대모비스냉천물류지점	shop	129.28628	35.70513
현대노래연습장	activity	129.22952	35.85041
현대돼지국밥	food	129.24302	36.05742
현대떡방아간	food	129.19776	35.74904
현대떡방앗간	food	129.04711	35.89503
현대떡집	food	129.21343	35.86563
현대리바트스타일샵모아점	shop	129.24107	35.90940
현대마트	shop	129.33488	35.67934
현대문구	shop	129.30094	35.77706
현대문구점	shop	129.20992	35.84362
현대밀면	food	129.20755	35.84482
현대삼계탕	food	129.10428	35.84896
현대상사	shop	129.04555	35.89611
현대상회	shop	129.32821	35.78453
현대셀프식육	food	129.32619	35.78457
현대셀프식육	food	129.30597	35.77230
현대숙자네	shop	129.22948	35.87683
현대식당	food	129.50235	35.80579
현대식당	food	129.33638	35.67186
현대쌈밥	food	129.31430	35.79217
현대쌈밥	food	129.48836	35.74897
현대약국	shop	129.29893	35.77641
현대양화점	shop	129.22444	35.99078
현대이불	shop	129.19593	36.00294
현대전기자재마트	shop	129.20648	35.83876
현대전자	shop	129.18983	35.82625
현대종합상사	shop	129.18387	35.84290
현대파크스크린	activity	129.21329	35.99071
현대해물칼국수	food	129.45360	35.66580
현대휴게소신옛날통닭	food	129.27161	35.71049
현동상회	shop	129.20674	35.84395
현아구제	shop	129.22379	35.99053
현아반찬	shop	129.23233	35.84734
현우양품	shop	129.21631	35.84539
현일식당	food	129.04493	35.75716
현주부식	shop	129.21329	35.86588
현풀빌라	stay	129.27506	35.73365
현풍닭칼국수	food	129.22597	35.85604
협동조합문화채움지니샌드위치	food	129.21440	35.87256
협심상회	shop	129.30453	35.67616
형산강미나리	food	129.26888	35.97414
형산강오리	food	129.20568	35.87968
형아분식	food	129.20674	35.84395
형제반점	food	129.50168	35.80256
형제식당	food	129.03734	35.75473
형제식육점	shop	129.21660	35.84574
형제총포사	shop	129.22741	35.84691
형제축산경주점	shop	129.21669	35.84277
혜가당	food	129.20611	35.79496
혜니의참새방앗간	food	129.22858	35.88363
혜담재	stay	129.20800	35.83647
혜당생활과학	shop	129.21571	35.84478
혜리원한옥민박	stay	129.24333	35.79312
혜성	activity	129.18879	36.00140
혜성다방	cafe	129.10428	35.84896
혜성다방	cafe	129.44113	35.79122
혜성상사	shop	129.25306	35.83598
혜성신발	shop	129.21631	35.84539
혜성연탄석쇠구이	food	129.21845	35.99285
혜성푸드	food	129.20299	35.84892
혜수옻칠연구소	shop	129.33018	35.74903
혜우	stay	129.25741	35.85728
혜원식당	food	129.30119	35.77941
혜자다방	bar	129.22474	35.84519
혜자스러운통닭	food	129.22908	35.84769
혜정이네갈비	food	129.21200	35.99200
혜진분식	food	129.21586	35.84507
혜화동돈까스극장경주점	food	129.21023	35.86641
호경	shop	129.21251	35.84268
호경가	stay	129.22136	35.84548
호궁노래클럽	bar	129.50328	35.80435
호궁회센타	food	129.50328	35.80435
호누룰루	cafe	129.22237	35.99013
호두마실	food	129.20403	35.87023
호두빙	food	129.32706	35.78636
호랑이카츠	food	129.20940	35.83773
호루라기분식	food	129.21660	35.84191
호리호리다이어트	shop	129.21911	35.86645
호리호리힐링다이어트	shop	129.22761	35.88257
호림정한식뷔페	food	129.14389	35.80020
호명슈퍼	shop	129.24807	35.97061
호박고을	food	129.26132	35.80041
호박노래연습장	activity	129.19553	36.00182
호박마차	bar	129.22792	35.88248
호반의왈츠	cafe	129.17897	35.87570
호반２４편의점	shop	129.28637	35.84398
호베	cafe	129.23177	35.88492
호성식육식당	food	129.50219	35.80496
호성팜	shop	129.18936	35.86372
호세야오리바베큐경주점	food	129.21067	35.86681
호수정원	stay	129.28673	35.77548
호스텔다현	stay	129.21790	35.85029
호식이두마리충효점	food	129.17945	35.84474
호식이두마리치킨	food	129.10095	35.84846
호식이두마리치킨	food	129.20594	35.85336
호식이두마리치킨	food	129.22993	35.87855
호식이두마리치킨	food	129.30076	35.77479
호식이두마리치킨경주	food	129.21351	35.86575
호식이두마리치킨경주	food	129.22208	35.85132
호식이두마리치킨산대점	food	129.19679	36.00342
호야치킨	food	129.20282	35.84338
호야치킨클럽	food	129.22935	35.84701
호야횟집	food	129.31022	35.77020
호우메이디저트연구소	food	129.21719	35.86214
호웅노래연습장	activity	129.22281	35.85506
호정노래궁	bar	129.21589	35.84321
호정약국	shop	129.17950	35.84491
호주면세점상설할인점	shop	129.21571	35.84478
호치킨	food	129.21988	35.86705
호타	food	129.21181	35.84254
호텔감포지	stay	129.50314	35.80357
호텔나무	stay	129.20278	35.84205
호텔라인	stay	129.20650	35.84546
호텔별	stay	129.20378	35.84077
호텔시리즈	stay	129.20242	35.84074
호텔신라앤	stay	129.20402	35.83953
호텔얌경주	stay	129.22370	35.85444
호텔오푸스	stay	129.28094	35.90408
호텔옹기	stay	129.20952	35.84412
호텔욜로	stay	129.32500	35.78250
호플리	stay	129.19301	35.81694
호호	food	129.22280	35.85541
호호가	stay	129.22128	35.84368
호호노래연습장	activity	129.22441	35.85694
호호장	stay	129.18952	35.82707
호호한옥	stay	129.21013	35.83433
혼수방이불	shop	129.20674	35.84395
혼술바포	bar	129.20852	35.84376
혼자뜨는별	shop	129.26607	35.86208
혼자수	shop	129.22848	35.84226
홀릭당구장	activity	129.22898	35.87699
홀인원가요주점	bar	129.28501	35.84683
홀인원스크린골프	activity	129.22452	35.86059
홀인원파크골프	activity	129.20922	35.84256
홀인원펜션	stay	129.30718	35.78700
홈갤러리	shop	129.22201	35.86443
홈런존	activity	129.28845	35.84550
홈마트충효점	shop	129.17721	35.84500
홈스토리	shop	129.20674	35.84395
홈앤커튼	shop	129.29422	35.96229
홈축산	shop	129.17721	35.84500
홈플라워	shop	129.17458	35.88979
홈플러스경주점	shop	129.22505	35.87441
홈플러스경주점이디야	cafe	129.22487	35.87344
홍기와식당	food	129.22472	35.86164
홍다방	cafe	129.10382	35.84994
홍대불고기	food	129.19115	35.86097
홍대불닭	food	129.28577	36.00629
홍대카페다방	cafe	129.28577	36.00629
홍두깨국시식당	food	129.20545	35.84213
홍두깨손칼국수	food	129.19457	36.00207
홍루이젠경주	food	129.21181	35.86627
홍삼민물건강원	shop	129.21668	35.84493
홍성옛날짜장	food	129.20141	35.99682
홍스포차	food	129.20607	35.85502
홍시	food	129.20294	35.84528
홍시갈비	food	129.32522	35.71131
홍시뭉티기	food	129.23242	35.84707
홍시한정식	food	129.20269	35.84544
홍실포목점	shop	129.20938	35.84334
홍씨횟집	food	129.48535	35.74593
홍아김밥	food	129.20674	35.84395
홍앤리	food	129.20250	35.84451
홍은식당	food	129.22312	35.85464
홍이수산대게	shop	129.50402	35.80306
홍익돈까스경주점	food	129.23214	35.84244
홍자노래연습장	activity	129.32603	35.71045
홍장어	shop	129.45060	35.66493
홍지	shop	129.20646	35.83944
홍짬뽕	food	129.44236	35.79207
홍춘이갈비	food	129.22826	35.99336
홍콩가는막창	food	129.10396	35.84907
홍콩노래연습장	activity	129.23357	35.84499
홍콩라이브	bar	129.20973	35.84411
홍콩식당	food	129.46212	35.67638
홍푸드	food	129.34007	35.68668
홍화루	food	129.13876	35.80091
홍화짬뽕	food	129.20311	35.83906
화가배	cafe	129.21512	35.83432
화곡식당	food	129.16603	35.78515
화남메리야스	shop	129.21613	35.84470
화담	shop	129.46374	35.67678
화담	shop	129.20734	35.85434
화담스테이	stay	129.20860	35.83874
화덕에구운고등어	food	129.22301	35.88320
화돌농장	food	129.32557	35.71450
화락바베큐치킨경주	food	129.21229	35.86713
화란	food	129.17730	35.84522
화랑	food	129.20429	35.84460
화랑	stay	129.26701	35.85628
화랑	stay	129.20452	35.84383
화랑가든	food	129.19645	35.84108
화랑각	food	129.25163	36.05411
화랑게스트하우스	stay	129.21578	35.84169
화랑경주빵	food	129.20809	35.83900
화랑교육원	activity	129.24021	35.80532
화랑루	stay	129.21112	35.81428
화랑마을	heritage	129.17847	35.86075
화랑마을편의점	shop	129.17846	35.86075
화랑마트	shop	129.22925	35.84121
화랑모티브	cafe	129.18693	35.82347
화랑무인텔	stay	129.32248	35.78355
화랑상회	shop	129.23151	35.92850
화랑센타	shop	129.21689	35.84230
화랑수산	shop	129.47534	35.69338
화랑숯불	food	129.23079	35.84623
화랑식당	food	129.21592	35.84196
화랑신발	shop	129.20674	35.84395
화랑약국	shop	129.21703	35.84525
화랑운동구	shop	129.21544	35.84181
화랑점	shop	129.23065	35.84112
화랑쫀드기	food	129.21816	35.83577
화랑총포사	shop	129.21601	35.84200
화랑탁구클럽	activity	129.21117	35.86470
화랑플라워	shop	129.21191	35.86833
화롯불	bar	129.22332	35.85471
화루	food	129.13741	35.80525
화림정민박	stay	129.22015	35.83618
화림정한식당	food	129.22047	35.83609
화목공방	shop	129.22521	35.99099
화목돼지국밥	food	129.21437	35.86502
화목토	shop	129.21382	35.83440
화목한우유통	shop	129.19488	36.00054
화반	food	129.22948	35.88224
화산골산장	food	129.29371	35.92617
화산국수김밥	food	129.28763	35.92908
화산순두부	food	129.28960	35.92329
화산펜션	stay	129.29273	35.92543
화산포목	shop	129.20674	35.84395
화성상회	shop	129.21631	35.84539
화성장여관	stay	129.46141	35.67699
화성호	activity	129.49328	35.79170
화소담	cafe	129.43497	35.66527
화수컴퍼니	bar	129.29090	35.83958
화신양품	shop	129.21684	35.84698
화야네과일	shop	129.21543	35.99318
화야주막	food	129.40132	35.66891
화연	shop	129.22299	35.88528
화영푸드	shop	129.20160	35.84520
화원스테이지	stay	129.28732	35.90248
화월애	stay	129.28313	35.77767
화월풀빌라	stay	129.28279	35.77827
화이트리에경주점	food	129.22381	35.88115
화이트모텔	stay	129.47340	35.69381
화이트스톤	shop	129.23316	35.84737
화이트프라이빗	stay	129.33139	35.78099
화인	food	129.22256	35.99095
화인고무상사	shop	129.21563	35.84322
화인화장품	shop	129.22948	35.87683
화장품소매업	shop	129.22371	35.85312
화장품할인마트	shop	129.21660	35.84461
화정	shop	129.17923	35.84519
화조유흥주점	bar	129.44162	35.79207
화진화장품	shop	129.21631	35.84539
화창레스	shop	129.21145	35.84343
화천식당	food	129.10576	35.84851
화천월지	stay	129.32213	35.79158
화통삼	food	129.22447	35.85320
화평루	food	129.21405	35.85287
활천상회	shop	129.20674	35.84395
활화산	food	129.21541	35.84196
황가네	food	129.30772	35.76836
황가네한우	food	129.22539	35.85803
황가정	food	129.22106	35.88225
황궁쟁반짜장	food	129.18934	35.86127
황궁쟁반짜장	food	129.32547	35.71162
황금	food	129.22939	35.84869
황금덕장경주불국사점	food	129.30981	35.76977
황금레시피	food	129.21989	35.86493
황금로또	activity	129.21810	35.99301
황금보리밥	food	129.22503	35.88035
황금불날개식당	food	129.20912	35.86524
황금상회	shop	129.22233	35.99026
황금생오리	food	129.22273	35.85695
황금석	food	129.22149	35.85967
황금성	food	129.31287	35.68042
황금소숯불	food	129.28902	35.92719
황금십원빵	food	129.20968	35.83900
황금십원빵	food	129.20955	35.83704
황금십원빵	food	129.21068	35.83452
황금십원빵	food	129.20944	35.83559
황금알	food	129.20577	35.78663
황금연탄	food	129.20276	35.84150
황금열쇠	shop	129.21889	35.85481
황금코다리	food	129.22306	35.85002
황금푸드	shop	129.50146	35.81765
황금화닭	bar	129.19554	36.00055
황금휴게실	food	129.20674	35.84395
황남갈비	food	129.21303	35.83457
황남거북이	bar	129.21153	35.83680
황남경주식당	food	129.21202	35.83586
황남고택샵	shop	129.21053	35.83671
황남관	stay	129.20970	35.83360
황남국수	food	129.20677	35.84758
황남금고	food	129.21093	35.83594
황남닭발	food	129.21217	35.86675
황남두꺼비식당	food	129.21092	35.83449
황남뜰에	food	129.21100	35.83370
황남만두	food	129.21205	35.83567
황남맥주	bar	129.21008	35.83598
황남맨숀	cafe	129.20994	35.83597
황남밀면	food	129.21068	35.83602
황남별곡	stay	129.21032	35.83736
황남별채	stay	129.20899	35.83515
황남본가	bar	129.21230	35.83534
황남볼	food	129.20967	35.83802
황남비빔밥	food	129.21029	35.83408
황남빵	cafe	129.21371	35.84089
황남상사	shop	129.21302	35.83456
황남상회	shop	129.21267	35.83565
황남상회	food	129.21541	35.83458
황남상회	shop	129.20991	35.82878
황남상회가맥	food	129.21324	35.83536
황남샌드	shop	129.20981	35.83697
황남샵	cafe	129.21507	35.83517
황남소소가	stay	129.20952	35.83822
황남스테이	stay	129.20900	35.83798
황남식당	food	129.21459	35.83491
황남식탁경주황리단길	food	129.21098	35.83562
황남십원빵	food	129.20864	35.83647
황남아구찜해물찜	food	129.22891	35.88401
황남양옥	food	129.21131	35.83665
황남역	food	129.20956	35.83895
황남옥수수	food	129.20969	35.83806
황남옼수수	food	129.20967	35.83802
황남우엉김밥	food	129.20976	35.83675
황남주택	bar	129.21483	35.83481
황남짬뽕	food	129.21110	35.83427
황남쫀드기	food	129.20980	35.83727
황남쫀드기대릉원점	food	129.21476	35.83494
황남쫀드기황리단길점	food	129.20993	35.83822
황남채	stay	129.21032	35.83705
황남추억의국화빵	food	129.20957	35.83444
황남칼국수	food	129.21018	35.84311
황남타코파파	food	129.20922	35.83706
황남탕후루	food	129.20977	35.83657
황남포차	food	129.21031	35.83566
황남호박	cafe	129.21156	35.83590
황당무계	food	129.20524	35.85391
황룡사역사문화관	heritage	129.23070	35.83825
황룡스테이	stay	129.23112	35.84121
황룡원	heritage	129.29006	35.83683
황룡호스텔	stay	129.32792	35.78474
황리단길맛집	food	129.21094	35.84321
황리단길셀프라면	food	129.21041	35.83980
황리단길스테이	stay	129.20792	35.83407
황리단길카니발	activity	129.21269	35.83448
황리단까사드	stay	129.21156	35.83583
황리단꼬치	food	129.21103	35.83462
황리단쉼터	bar	129.20865	35.83313
황리단온도	stay	129.20411	35.84163
황리단잠	stay	129.20846	35.83350
황리단축산	shop	129.20683	35.84324
황리단치킨	food	129.20871	35.83705
황리담온	shop	129.20889	35.83586
황리당	food	129.21816	35.83577
황리화덕가	food	129.20835	35.83567
황새회식당	food	129.45972	35.66633
황성가야밀면	food	129.21562	35.86938
황성각	food	129.21189	35.86674
황성골노래연습장	activity	129.22378	35.85691
황성공원	nature	129.21424	35.85900
황성금방	shop	129.21942	35.86689
황성다방	cafe	129.22850	35.99138
황성닭칼국수	food	129.20912	35.86524
황성당구장	activity	129.21087	35.86714
황성독도식당	food	129.21936	35.86584
황성돌곱창	food	129.21930	35.86672
황성동반찬가게	shop	129.21877	35.86510
황성떡집	food	129.21425	35.87268
황성마루식당	food	129.21938	35.86639
황성매점	shop	129.21483	35.86361
황성뭉티기	food	129.21876	35.86802
황성볼링장	activity	129.21469	35.86333
황성붕어빵	food	129.21367	35.86618
황성비너스	shop	129.21350	35.86601
황성상점	cafe	129.21319	35.86577
황성숯불갈비	food	129.22141	35.85998
황성숯불뒷고기	food	129.21558	35.86843
황성스크린골프존	activity	129.21743	35.87115
황성안경일공공일안경	shop	129.21483	35.86361
황성약국	shop	129.21292	35.84479
황성자전거	shop	129.21088	35.86449
황성장여관	stay	129.21977	35.86114
황성참숯골	food	129.21905	35.86672
황성친구방방	activity	129.22248	35.86067
황성컴퓨터	shop	129.20912	35.86524
황성포차	bar	129.21579	35.86329
황성한우숯불갈비	food	129.22067	35.86792
황성할인마트	shop	129.21971	35.86555
황소뭉티기	food	129.22311	35.85710
황소식당	food	129.04712	35.89537
황실웰빙샵	activity	129.22443	35.85149
황오감성	shop	129.21195	35.84337
황오다락	stay	129.22048	35.84287
황오당	food	129.21478	35.84120
황오바오	food	129.21540	35.84170
황오별관	stay	129.27401	35.89854
황오별당	stay	129.21439	35.84361
황오부엌	food	129.21786	35.84131
황오스테이	stay	129.21564	35.84788
황오실비식당	food	129.21534	35.84182
황오아담	stay	129.21971	35.84185
황오여관	stay	129.21971	35.84209
황오하루	stay	129.21935	35.84041
황용기념품상회	shop	129.32821	35.78453
황용약수터	food	129.36844	35.82548
황용휴게소	shop	129.34162	35.82322
황우정	food	129.32909	35.70133
황우정한우촌	shop	129.32909	35.70133
황윤슈퍼	shop	129.29197	35.96591
황자노래연습장	activity	129.32520	35.71416
황자단란주점	bar	129.32520	35.71416
황자당구장	activity	129.32520	35.71416
황자식당	food	129.32520	35.71416
황제백숙	food	129.31864	35.71135
황제설렁탕	food	129.21028	35.84576
황제식당	food	129.04430	35.75686
황제애견	shop	129.20718	35.84655
황제이불	shop	129.19087	35.84231
황제코다리	food	129.22490	35.85523
황제코다리보문점	food	129.26541	35.85315
황제한식	food	129.21988	35.86705
황진사삶은돼지고기마트	food	129.10596	35.85065
황진이노래궁	bar	129.22388	35.85459
황촌마을활력소	etc	129.22091	35.84500
황치아	shop	129.32520	35.71416
황택스테이	stay	129.21481	35.84208
황토마루	stay	129.36215	35.79813
황토방	stay	129.31215	35.78312
황토옥소머리곰탕	food	129.20388	35.83929
황토정	food	129.21211	35.81983
황토테라피	shop	129.22234	35.99156
황포식당	food	129.48986	35.78803
황해도순대	food	129.22392	35.85384
황후노래연습장	activity	129.26930	35.89652
황후노래클럽	activity	129.22325	35.99065
회뜨는형제	food	129.20778	35.85531
회밀리떳다	food	129.49016	35.78885
회비비다	food	129.18399	35.84267
회사가는날	food	129.46409	35.66936
회사가는날건어물	shop	129.47445	35.69092
회식당	food	129.49137	35.78940
회식당	food	129.50257	35.80491
회춘당건강원	shop	129.10078	35.84830
회할인마트	food	129.22302	35.99113
효감	shop	129.22448	35.85903
효돈까스	food	129.22253	35.88312
효림식당	food	129.20637	35.85212
효성	shop	129.19157	35.85943
효성북스토어	shop	129.18204	35.84436
효성불교	shop	129.09866	35.85428
효성삼겹살	food	129.21911	35.86645
효성슈퍼	shop	129.21893	35.99074
효성약국	shop	129.21248	35.84480
효은옥경주분점	food	129.26475	35.85251
효자동족발	food	129.21129	35.99168
효천	shop	129.21319	35.86577
효크도크	shop	129.22538	35.85296
효현슈퍼	shop	129.18890	35.81528
효현팜스테이	food	129.18890	35.81528
효효민박	stay	129.29059	35.89291
후노래궁	bar	129.22312	35.85464
후라이드참잘하는집	food	129.20705	35.85353
후라이드참잘하는집	food	129.21467	35.86537
후레쉬마트	shop	129.23472	35.84535
후레쉬베이커리	food	129.20679	35.84120
후문약국	shop	129.19339	35.85904
후미칼국수	food	129.05043	35.89233
후아유경주점	shop	129.21334	35.84315
후야	stay	129.18684	35.81743
후연지한옥펜션	stay	129.20410	35.78047
후우링	food	129.21935	35.86818
후추정원	shop	129.32575	35.66783
훈이네	shop	129.22346	35.84418
훈이네밥집	food	129.31797	35.68010
훈이밥상	food	129.49370	35.76190
훈춘양꼬치	food	129.20546	35.85557
훈훈한약국	shop	129.20661	35.84308
훌랄라참숯바베큐	food	129.21590	35.99239
훌림목	cafe	129.20918	35.83585
훼미리	food	129.22804	35.98782
휠라	shop	129.24436	35.91642
휠라인티모	shop	129.21430	35.84309
휴	food	129.22048	35.86148
휴	cafe	129.21259	35.82443
휴가풀빌라	stay	129.31401	35.76874
휴게실막걸리	bar	129.22307	35.85237
휴대폰	shop	129.32454	35.71468
휴대폰성지	shop	129.33604	35.67095
휴대폰성지	shop	129.23238	35.84687
휴대폰아울렛	shop	129.22504	35.99070
휴먼테크	cafe	129.21166	35.86432
휴베이스맘약국	shop	129.23110	35.88530
휴스테이	stay	129.20422	35.83687
휴앤락관광농원	stay	129.18446	35.86353
휴앤락오토캠핑장	stay	129.18446	35.86354
휴영지	stay	129.26177	35.85210
휴원	stay	129.19007	35.82713
휴플러스당구클럽	activity	129.33604	35.67095
휴플러스펜션	stay	129.39422	35.68294
휴휴당	stay	129.21228	35.83551
흐르는결	stay	129.21489	35.83529
흐믓	stay	129.21306	35.84115
흐흐흐	bar	129.20771	35.84130
흑돈촌	food	129.47272	35.69913
흑염소산골에	food	129.23617	35.87202
흑장군	food	129.07658	35.83146
흙다방	cafe	129.22485	35.99180
흙표흙침대경주점	shop	129.21729	35.84968
흥무공원	nature	129.19520	35.84560
흥부	shop	129.21614	35.84590
흥부네식당	food	129.26388	35.85298
흥부막창	food	129.20831	35.85509
흥부휴게소	shop	129.27839	35.70846
흥원탁가라오케	bar	129.50295	35.80420
희	bar	129.21899	35.99116
희노래궁	bar	129.32504	35.71303
희다방	cafe	129.04934	35.89275
희동댁	stay	129.22759	35.84212
희망떡방아간	food	129.46213	35.67672
희망약국	shop	129.22934	35.87668
희야칼국수	food	129.20321	35.87155
흰고래참가자미횟집	food	129.21523	35.86935
흰별제빵소	food	129.19084	35.87510
히든벨리펜션	stay	129.28282	35.82877
히든씨	cafe	129.51248	35.82980
히든풀빌라독채	stay	129.26568	35.86247
히든힐불국사호텔	stay	129.32848	35.78396
히어리	stay	129.24107	35.80781
히크닉	cafe	129.20896	35.83923
히플라운지	shop	129.20249	35.84202
히피몬드호코리점	shop	129.20937	35.83611
히피몬드황리단길점	shop	129.20943	35.83680
히피상점	cafe	129.20987	35.84946
힌구름	stay	129.07568	35.71257
힐그로우	stay	129.26631	35.86256
힐링	stay	129.41386	35.67778
힐링	shop	129.20465	35.84213
힐링	shop	129.22392	35.85373
힐링냉동	shop	129.20846	35.85281
힐링노래연습장	activity	129.22332	35.85403
힐링드림펜션	stay	129.20917	35.82930
힐링모텔	stay	129.32655	35.71375
힐링박	shop	129.20784	35.84350
힐링팜	activity	129.04691	35.75785
힐링풀빌라	stay	129.26547	35.86222
힐링하우스	stay	129.06679	35.80296
힐링하우스	stay	129.40750	35.66364
힐링하우스	stay	129.21432	35.84771
힐링허벌라이프	shop	129.20530	35.85663
힐마레펜션	stay	129.31636	35.79524
힐스	stay	129.06249	35.76071
힐스템건강경주외동지점	shop	129.33538	35.75411
힐스템신라	shop	129.22391	35.88399
힐스톤풀빌라	stay	129.27358	35.87386
힐조	stay	129.27638	35.83380
힐크릭모다경주	shop	129.24436	35.91642
힐탑	bar	129.10354	35.84834
힐토피아키즈풀빌라	stay	129.05891	35.70600
힘센장어	food	129.22627	35.85490
갈치조림 토박이식당	food	129.26365	35.85231
강동 워터파크	activity	129.30569	35.81793
강동리조트 프라이빗콘도	activity	129.30569	35.81793
갤러리 가람	shop	129.31072	35.80484
경상북도 산림환경연구원	nature	129.23910	35.81180
경상북도교육청 경주안전체험관	activity	129.22558	36.02096
경상북도교육청 발명체험교육관	activity	129.21299	35.83338
경주 감은사지	heritage	129.47663	35.74832
경주 감포한옥펜션	stay	129.50087	35.81533
경주 경덕왕릉	heritage	129.18780	35.76273
경주 경애왕릉	heritage	129.20833	35.79624
경주 계림	heritage	129.21897	35.83260
경주 교동한옥집	stay	129.21178	35.82892
경주 교촌마을	heritage	129.21469	35.82963
경주 국가유산야행	event	129.21885	35.83468
경주 금리단길	heritage	129.21483	35.84202
경주 김유신묘	heritage	129.19239	35.84533
경주 나정	heritage	129.21262	35.81599
경주 남산	nature	129.22279	35.78862
경주 내물왕릉	heritage	129.20957	35.83621
경주 능지탑지	heritage	129.23983	35.82624
경주 독락당	heritage	129.16008	36.01652
경주 동궁원	activity	129.26042	35.85275
경주 망덕사지	heritage	129.24379	35.81703
경주 명활성	heritage	129.26230	35.84170
경주 무열왕릉·태종무열왕릉비	heritage	129.18781	35.82503
경주 문무대왕릉	heritage	129.48680	35.73810
경주 버드파크	activity	129.26272	35.84977
경주 법흥왕릉	heritage	129.16501	35.82412
경주 보문관광단지	activity	129.28697	35.84370
경주 블리스커피	cafe	129.31389	35.79833
경주 산에들레마을	activity	129.39310	35.67629
경주 서출지	nature	129.24243	35.79644
경주 석빙고	heritage	129.22394	35.83320
경주 선덕여왕릉	heritage	129.24272	35.82372
경주 성덕왕릉	heritage	129.28123	35.78734
경주 성동시장	shop	129.21680	35.84490
경주 소울메이트	stay	129.20316	35.84072
경주 신무왕릉	heritage	129.25973	35.81254
경주 신문왕릉	heritage	129.24613	35.81804
경주 쌈밥거리	heritage	129.21074	35.83921
경주 오릉	heritage	129.20882	35.82345
경주 원성왕릉	heritage	129.31961	35.75935
경주 원조콩국	food	129.21472	35.83345
경주 월성	heritage	129.22490	35.83250
경주 이견대	heritage	129.48373	35.74422
경주 일성왕릉	heritage	129.22167	35.81341
경주 재매정	heritage	129.21333	35.82914
경주 정강왕릉	heritage	129.24033	35.79954
경주 중앙시장	shop	129.20675	35.84397
경주 지마왕릉	heritage	129.21153	35.80444
경주 진덕여왕릉	heritage	129.20170	35.88680
경주 진평왕릉	heritage	129.25062	35.83216
경주 첨성대	heritage	129.21854	35.83433
경주 최부자댁	heritage	129.21610	35.83080
경주 춘추관	stay	129.18583	35.82278
경주 탈해왕릉	heritage	129.23212	35.85201
경주 포석정지	heritage	129.21293	35.80724
경주 헌강왕릉	heritage	129.24013	35.80224
경주 헌덕왕릉	heritage	129.24433	35.84394
경주 황룡사지	heritage	129.23283	35.83744
경주 황리단길	heritage	129.20995	35.83741
경주 효공왕릉	heritage	129.25060	35.82106
경주 효소왕릉	heritage	129.27973	35.78694
경주 흥덕왕릉	heritage	129.20756	36.01737
경주단골식당 본점	food	129.18758	35.84150
경주문화원 안강교육장	heritage	129.22754	35.99201
경주밀면 본점	food	129.30310	35.77328
경주보문 청소년수련원	activity	129.29502	35.85348
경주세계문화엑스포 기념관	heritage	129.28952	35.83402
경주시 관광특구	activity	129.28887	35.83225
경주시 자전거공원	nature	129.27700	35.86880
경주애견펜션 노비오스	stay	129.33027	35.78212
경주월드 스노우파크	activity	129.28385	35.83620
경주월드 어뮤즈먼트	activity	129.28214	35.83634
경주월드 캘리포니아비치	activity	129.28217	35.83639
경주햇살가득 애견펜션	stay	129.31021	35.79434
경주황소곱창 황리단길본점	food	129.20872	35.83390
경주횟집 지중해	food	129.23313	35.84460
고도 커피	cafe	129.21046	35.83796
고향밀면 본점	food	129.21447	35.84159
교리김밥 본점	food	129.21079	35.82169
국립경주박물관 신라천년서고	heritage	129.22690	35.82930
금산재 칼국수	food	129.19286	35.84483
금장대 수변공원	nature	129.19940	35.85860
꽃마을 경주한방병원	activity	129.21091	35.82326
꽃마을 경주한방병원	activity	129.21110	35.82360
놀러와락 게스트하우스	stay	129.22984	35.84067
다비치안경 경주중앙로점	shop	129.21313	35.84431
대게장순두부 금성관	food	129.23395	35.84769
대화만두 황리단점	food	129.20981	35.83876
더케이경주호텔 스파온천	activity	129.29096	35.83705
동궁 반점	food	129.26363	35.85281
동궁 유스호스텔	stay	129.32423	35.78418
디스커버리 경주점	shop	129.21337	35.84407
라이프워크 경주직영점	shop	129.21332	35.84389
라한셀렉트 경주	stay	129.27859	35.84957
롯데하이마트 경주점	shop	129.22004	35.86066
리버틴호텔 경주	stay	129.20273	35.84043
마우나오션 컨트리클럽	activity	129.37318	35.68355
모다아울렛 경주포항점	shop	129.24436	35.91642
문화공간 진	stay	129.20725	35.84655
밀면식당 본점	food	129.21446	35.84175
바니베어 뮤지엄	heritage	129.27764	35.85187
백리향 황성본점	food	129.21639	35.86830
분황사 청보리밭	nature	129.23342	35.84047
사나래카라반펜션 산내점	stay	129.07695	35.70443
산갈래닭갈비 본점	food	129.20415	35.85287
삼성스토어 경주	shop	129.22731	35.87776
서라벌대학교 승마장	activity	129.16291	35.83988
세컨페이스 경주중앙점	shop	129.21332	35.84357
소노캄 경주	activity	129.28170	35.84679
소설재 황리단길점	stay	129.20733	35.83817
소소밀밀 서악점	cafe	129.18565	35.82348
송대말 등대	heritage	129.51158	35.80805
수협 활어직판장	shop	129.50765	35.80833
슈만과 클라라	cafe	129.20317	35.85361
스테이 화녹	stay	129.19694	35.80112
신라부티크호텔 프리미엄	stay	129.20154	35.84142
썬시티 레스토랑	food	129.36932	35.68434
아트박스 경주점	shop	129.21346	35.84230
알천스테이 한옥커플가족독채펜션	stay	129.23075	35.84087
양남 눈썰매장	activity	129.37345	35.67183
여미온 황리단길점	food	129.21238	35.83491
영양숯불갈비 경주점	food	129.21000	35.84665
오원 스테이	stay	129.20890	35.83631
옥산 세심마을	activity	129.15941	36.01557
옥산정사 독락당	stay	129.15998	36.01696
올리브영 경주용강점	shop	129.22292	35.86739
올리브영 경주황남점	shop	129.20974	35.83626
와우 주	activity	129.20196	35.84145
우마왕 본점	food	129.25428	35.84288
월계수 캠핑장	stay	129.05784	35.69718
유니레저 경주지점	stay	129.27025	35.81403
유니클로 경주점	shop	129.21611	35.87784
이니스프리 경주점	shop	129.21264	35.84188
이스트앵글 베이커리카페	cafe	129.46485	35.66906
이풍녀 구로쌈밥	food	129.21782	35.83600
임실치즈학교 경주체험장	activity	129.23686	35.73152
제로스페이스 경주	shop	129.21031	35.83763
주렁주렁 경주점	activity	129.28990	35.83460
주식회사 황남관	stay	129.20962	35.83371
지오지아 경주점	shop	129.21340	35.84183
진주냉면 남가옥	food	129.47349	35.68713
천년애 황남점	food	129.20976	35.83309
천마의 궁전	heritage	129.29160	35.83200
추억의 달동네	heritage	129.31205	35.80354
카페 마르쉐	cafe	129.21196	35.83506
카페 야생화일기	cafe	129.28325	35.96245
카페 플라비우스	cafe	129.26818	35.85265
켄싱턴리조트 경주	activity	129.26842	35.86073
코모도호텔 경주	stay	129.28511	35.84419
코스믹 리조트	activity	129.29474	35.85381
코오롱스포츠 경주중앙로점	shop	129.21313	35.84431
통일전 은행나무길	nature	129.24227	35.79820
파라안 안강	cafe	129.20385	35.99570
포석로 소갈비찜	food	129.21184	35.83591
폴더 경주점	shop	129.21311	35.84185
플래시백 계림	heritage	129.29024	35.84444
플레이스 씨	heritage	129.20668	35.82626
한수원 홍보관	activity	129.38932	35.79502
한옥스테이 다가감	stay	129.21292	35.83507
한옥스테이 수향	stay	129.21426	35.83344
한옥스테이 여여	stay	129.23709	35.81456
한옥스테이 유유자적	stay	129.20695	35.82675
한화리조트 경주	activity	129.26950	35.85982
형산강 연등문화축제	event	129.20064	35.86095
호텔여기어때 경주보문점	stay	129.29082	35.84093
홀리카홀리카 경주점	shop	129.21264	35.84212
화랑마을 오토캠핑장	stay	129.18317	35.86200
화랑의 언덕	nature	129.08715	35.77005
화랑의 언덕	nature	129.08432	35.77204
황리단길 생활문화센터	etc	129.21049	35.83525
황리단길 아니마	food	129.21515	35.83436
흥무로 벚꽃길	nature	129.19640	35.84530
힐튼 경주	stay	129.28595	35.83991
가마솥 양푼이 밥상	food	129.26458	35.85298
경주 골굴암 마애여래좌상	heritage	129.40558	35.80303
경주 구정동 방형분	heritage	129.29698	35.77861
경주 굴불사지 석조사면불상	heritage	129.23034	35.85787
경주 금척리 고분군	heritage	129.12083	35.83414
경주 낭산 일원	nature	129.24233	35.82324
경주 대릉원 일원	heritage	129.21280	35.83820
경주 대릉원돌담길 축제	event	129.21329	35.84015
경주 동궁과 월지	heritage	129.22838	35.83520
경주 동방동 와요지	heritage	129.25883	35.80984
경주 동부 사적지대	heritage	129.21796	35.83541
경주 마우나오션 리조트	activity	129.36959	35.68387
경주 배동 삼릉	heritage	129.20893	35.79744
경주 배동 석조여래삼존입상	heritage	129.21126	35.80186
경주 비단벌레 전동차	activity	129.21737	35.83562
경주 서악동 고분군	heritage	129.18493	35.82564
경주 아드리아 펜션	stay	129.27714	35.83319
경주 양남 주상절리군	beach	129.47430	35.68636
경주 양동 무첨당	heritage	129.25266	36.00202
경주 양동마을 송첨종택	heritage	129.25363	36.00381
경주 오릉 한옥	stay	129.20750	35.82558
경주 왕의 길	activity	129.36407	35.81560
경주 율동 마애여래삼존입상	heritage	129.17296	35.80536
경주 인왕동 사지	heritage	129.22233	35.82884
경주 정혜사지 십삼층석탑	heritage	129.15703	36.01914
경주 파인데이 게스트하우스	stay	129.21999	35.83732
경주 포시즌 게스트하우스	stay	129.32566	35.78241
경주황리단길숙소 한옥스테이 목화	stay	129.21120	35.83667
동양백반 경주황리단길 본점	food	129.20997	35.83523
두바퀴로 가는 자동차	stay	129.00083	35.75416
마우나오션리조트 블루 워터	activity	129.37546	35.69093
미드나잇 인 경주	stay	129.21126	35.84274
베니키아 스위스로젠 호텔	stay	129.29257	35.84059
브라운도트 호텔 경주불국사점	stay	129.32434	35.78207
소노벨 경주 감포	stay	129.49271	35.77107
송대말등대 빛 체험전시관	heritage	129.51135	35.80732
신라 월성대군 단소	heritage	129.20542	35.78898
에덴 오토 캠핑장	stay	129.50937	35.82640
위클라드 애견 풀빌라	stay	129.30658	35.74120
이상복명과 경주빵 숲머리점	activity	129.25820	35.84460
청룡 장모님 한식당	food	129.32697	35.78631
토함산 락 글램핑	stay	129.31519	35.80096
홈플러스 메가푸드마켓 경주점	shop	129.22486	35.87344
경주 깁 모어 막걸리	activity	129.21785	35.84184
경주 남산 미륵곡 석조여래좌상	heritage	129.23553	35.81174
경주 남산 불곡 마애여래좌상	heritage	129.23030	35.81900
경주 남산 신선암 마애보살반가상	heritage	129.23470	35.77150
경주 남산 용장사곡 삼층석탑	heritage	129.22280	35.78120
경주 남산 용장사지 마애여래좌상	heritage	129.22304	35.78081
경주 남산 전 염불사지	heritage	129.24426	35.78776
경주 남산 칠불암 마애불상군	heritage	129.23530	35.77130
경주 남산 탑곡 마애불상군	heritage	129.23363	35.81581
경주 남산동 동·서 삼층석탑	heritage	129.24403	35.79304
경주 양남 주상절리 전망대	heritage	129.47187	35.68903
경주 자전거 투어 코스	activity	129.20749	35.82836
경주 장항리 서 오층석탑	heritage	129.37304	35.77491
더 케이 호텔 경주	stay	129.29021	35.83816
코라드 청정누리 공원 코라디움	nature	129.48195	35.73273
경주 황리단길 한옥 독채 풀빌라 무와	stay	129.20799	35.83599
한국 근현대 미술 '4인의 거장들 : 김환기, 박수근, 이중섭, 장욱진'	event	129.20580	35.86171
골굴암 타포니 (경북 동해안 국가지질공원)	nature	129.41333	35.80611
남산 화강암 (경북 동해안 국가지질공원)	nature	129.21960	35.75790
경주 불국사 [유네스코 세계유산]	heritage	129.33173	35.79230
경주 석굴암 [유네스코 세계유산]	heritage	129.35047	35.79524
경주 양동마을 [유네스코 세계유산]	heritage	129.25366	35.99666
경주 핑크뮬리(경주 핑크뮬리 군락지)	nature	129.21980	35.83550
금오봉한옥펜션캠핑장 (금오봉 후연지)	stay	129.20371	35.78079
경주 풍력발전(바람의언덕)	activity	129.36489	35.74973
경주 한옥(경주한옥펜션)	stay	129.19686	35.80141
동창천 청룡폭포(청룡인공폭포)	nature	129.04408	35.75971
화림정 민박(경주화림정한옥민박)	stay	129.22017	35.83622
히어로플레이파크 경주점(경주히어로키즈파크)	cafe	129.20196	35.84145
캠프 아이엔지(ING)	stay	129.25252	35.96910
경주역사유적지구 [유네스코 세계유산]	heritage	129.21226	35.83852
한옥스테이 소화[한국관광 품질인증/Korea Quality]	stay	129.20658	35.82655
한옥스테이 조아당[한국관광 품질인증/Korea Quality]	stay	129.22434	35.84254
제로스페이스 경주[면세점(TAX REFUND SHOP)]	shop	129.21031	35.83763
수리뫼 [한국전통음식체험교육원]	activity	129.20791	35.75236
일성 경주보문콘도&리조트	activity	129.28113	35.84857
카페 로드100	cafe	129.31388	35.79322
경주문화관 1918	heritage	129.21744	35.84431
경주 캠핑573	stay	129.14951	35.91581
스테이 안김A	stay	129.21300	35.83553
동국대학교 WISE캠퍼스박물관	heritage	129.19450	35.86250
롯데시네마경주황성_티켓외	food	129.21812	35.88079
미니미_유	shop	129.22946	35.88191
유_당신으로부터	shop	129.21043	35.83601
댕-바우	stay	129.48337	35.73758
더-에이스호텔	stay	129.22331	35.99105
보문갈비블루판다-블루판다지점	food	129.28536	35.83700
씨-채널안경원	shop	129.21452	35.86544
은-부띠끄	shop	129.22990	35.98918
이데인-뉴코뮤직타운경주점	bar	129.22396	35.85499
황남-in-cottage	stay	129.21281	35.84744
예쁘다-o.ye	shop	129.22503	35.88035
쉼표：비우고, 머무르고, 채우는	event	129.20763	35.84055
가야포차선지;수구레국밥	food	129.22539	35.85803
경주쉼;카페	cafe	129.20960	35.83514
경주쉼;한옥스테이	stay	129.20960	35.83514
경주스테이우린;이곳	stay	129.15249	35.86955
경주캔들;키즈하우스	stay	129.39420	35.68292
계림국;반찬	shop	129.21631	35.84539
고깃집;용담	food	129.17489	35.88985
그리고;채움	shop	129.22579	35.85118
그해;경주	stay	129.28856	35.91127
김용경경주빵;찰보리빵	food	129.21513	35.84121
꽃을아는남자;아이스나라	shop	129.20607	35.85463
농부의주말빵집;농부의경주명과	food	129.21116	35.82012
다시;봄	cafe	129.32689	35.78325
단체;독채그레이키즈풀빌라	stay	129.31379	35.76921
달룡이마늘보쌈;왕족발	food	129.20608	35.85408
달인한우소고기국밥;돼지찌게	food	129.23277	35.84521
담요;따뜻한손길	food	129.20865	35.83350
린넨;뜰	shop	129.32850	35.78485
미건돌;흙침대	shop	129.24412	35.91969
바로;여기	shop	129.21364	35.84373
벚꽃;한잔	food	129.20388	35.83889
보문경주빵;찰보리빵	shop	129.26317	35.85180
부산가야밀면;청주본가경주점	food	129.20419	35.84496
삼일다방;포차	cafe	129.30096	35.77518
석장빌딩;수목토	cafe	129.19115	35.86097
세계철강;건설	shop	129.25326	35.92334
소솜;하루	stay	129.21020	35.82762
솜사탕;잡화	shop	129.20981	35.84821
숨;결	cafe	129.22484	35.99254
스테이;이루라	stay	129.20420	35.84389
안경;봄날	shop	129.17479	35.89041
안녕;상계리	cafe	129.42387	35.67024
어느;오후엔	stay	129.31455	35.76681
언제라도;봄	stay	129.29907	35.74987
여기;경주독채한옥풀빌라	stay	129.20440	35.78066
여기;덕천	stay	129.17732	35.75069
옛날김밥;국수	food	129.26873	35.89609
오늘;수제비	bar	129.18736	35.84161
오늘;정원	stay	129.31403	35.85819
옥길;꽃	shop	129.22615	35.85968
조이너스;꼼빠니아	shop	129.24522	35.91864
지금;돼지	food	129.22470	35.86855
지금시작;뷰티혜	shop	129.32119	35.78233
진현동커피;진현동까페	cafe	129.32204	35.77896
착한고기;착한막창경주점	food	129.28149	35.84550
춘자네왕족발;보쌈	food	129.33685	35.67411
친구야낚시가자;슈퍼잡화	shop	129.47515	35.69385
카페;불국동	food	129.30602	35.77467
카페;황성	cafe	129.21373	35.86522
풀빌라;오롯이	stay	129.30205	35.78695
한양마트;세븐일레븐경주안강한동점	shop	129.18334	36.00030
해;그리고달	food	129.22620	35.85269
해맞이팬션;씨유감포해맞이점	shop	129.49081	35.78850
현대의료기;보청기	shop	129.20722	35.84429
찐빵;만두;어묵나라	food	129.44121	35.79041
경주;머물다1	stay	129.27412	35.87466
경주;머물다2	stay	129.27393	35.87444
쉼;225	stay	129.33131	35.77449
경주;머물다3	stay	129.27409	35.87425
여기;성지380	stay	129.28671	35.90251
경주;머물다4	stay	129.27428	35.87444
더샘;Garden	cafe	129.26205	35.85152
능:能	food	129.21141	35.84212
달:담달달한사랑을담다	food	129.21553	35.99449
담:다	food	129.21410	35.84659
빨닭:BBALDAKK	food	129.20758	35.85349
못:moat-b	stay	129.07281	35.82363
룩!	food	129.21414	35.84640
박가네!와	food	129.19758	35.75130
헬로!리로	cafe	129.21021	35.84221
마!대패아이가!	food	129.21451	35.86664
건천낚시인의집.밥이랑	shop	129.08885	35.86276
대우휴게음식점.매점	food	129.24090	35.89905
등뼈감자탕.에그페이카카오경북총판	food	129.22128	35.86330
보니따.제이	shop	129.21419	35.86777
서울뒷고기.막창	food	129.20634	35.84068
알라딘문구.완구	shop	129.20502	35.84972
오.신라	shop	129.20896	35.83525
울산회식당.삼팔호	food	129.49364	35.76161
일구족발.보쌈	food	129.21018	35.84298
제이.에스티나	shop	129.21193	35.84323
조가네떡갈비쌈밥.스쿠터	food	129.28483	35.83629
창안참전복.초장집	food	129.50201	35.80411
천북닭집.두치	shop	129.21631	35.84539
춘자네왕족발.보쌈	food	129.33682	35.67412
카누.씨	stay	129.30138	35.85398
카페.한칸	cafe	129.19192	35.86172
토함산한우국밥.갈비탕가마솥	food	129.26949	35.89646
풍년건강원.안강수족관	shop	129.20208	36.00440
하나로문구.영아트	shop	129.22875	35.84769
흙.돌침대	shop	129.33356	35.67926
진성닭갈비.신라찜닭.김형우족발	food	129.23575	35.84391
집앞에서..한잔	food	129.26525	35.80446
카페.다이닝.로브스터	food	129.28536	35.83700
신성전기.조명.신성스포츠.신성호이스트크레인	shop	129.23338	35.84670
원할머니보쌈.족발&박가부대찌개경주	food	129.20349	35.86676
넘버.22	food	129.26502	35.80839
북카페'알'	cafe	129.21540	35.86564
숙이's	stay	129.22305	35.84265
나래찬'S	shop	129.22898	35.87699
엄마찬'S	shop	129.19043	35.84162
서연수산(경	shop	129.26277	35.85333
김호장군고택(경주 월암종택)	stay	129.21864	35.81960
골굴사(경주)	heritage	129.40657	35.80236
금곡사(경주)	heritage	129.17717	35.93472
망월사(경주)	heritage	129.20999	35.80138
백률사(경주)	heritage	129.23121	35.85910
보리사(경주)	heritage	129.23594	35.81190
보문정(경주)	nature	129.28928	35.84133
비에이치씨치킨(충효점)	food	129.18132	35.84469
소풍캠핑장(경주)	stay	129.29025	35.92209
에스지빌라앤호텔(미동의)	stay	129.49173	35.77059
연지암(경주)	heritage	129.32778	35.75367
옥산서원(경주)	heritage	129.16318	36.01179
용산서원(경주)	heritage	129.20850	35.75271
월암종택(김호장군고택)	stay	129.21867	35.81964
주사암(경주)	heritage	129.04996	35.85334
지경리해변(경주)	beach	129.44983	35.65275
짱궤(快)	food	129.22475	35.85675
천룡사(경주)	heritage	129.22391	35.76577
천마총(대릉원)	heritage	129.21050	35.83869
통일전(경주)	heritage	129.24057	35.79802
풍정(풍정게스트하우스)	stay	129.23079	35.84079
한옥人(한옥인)	stay	129.21145	35.83487
황토마루(경주황토마루)	stay	129.35986	35.80116
휴원(경주한옥휴원)	stay	129.19009	35.82717
야호(夜好) 경주! 신라달빛기행(경주일원)	activity	129.18875	35.82766
에스커피숍(coffeeshop)	cafe	129.20299	35.83932
헤이주(Hey	bar	129.22280	35.85374
네오에스앤씨(NEOS&C)주	shop	129.28589	35.96029
까사미니호텔[한국관광 품질인증/Korea Quality]	stay	129.20419	35.84102
메종미니호텔[한국관광 품질인증/Korea Quality]	stay	129.20488	35.84061
블라우[한국관광 품질인증/Korea Quality]	stay	129.20466	35.84151
시휴별당[한국관광 품질인증/Korea Quality]	stay	129.20764	35.83436
[백년가게]진가네대구갈비	food	129.21516	35.84147
[백년가게] 외바우	food	129.19561	36.00116
경주천년소마루/통뼈감자탕	food	129.22913	35.84663
곡물/곡분소매업	shop	129.27177	35.70640
담배/전자담배소매업	shop	129.49121	35.78985
담배/전자담배소매업	shop	129.04868	35.89408
담배/전자담배소매업	shop	129.21144	35.84441
담배/전자담배소매업	shop	129.46336	35.67548
담배/전자담배소매업	shop	129.17250	35.81082
담배/전자담배소매업	shop	129.50961	35.82551
라이프아트/코아스공감	shop	129.21279	35.82479
백반/한정식	food	129.32361	35.71636
태영유통한양마트/세븐일레븐한양충효점	shop	129.19012	35.84138
가나헬스&스포츠	shop	129.22195	35.86291
감포반점&닭갈비	food	129.49714	35.80611
개똥이네&쥬쥬파파렙타일	shop	129.20712	35.84960
경담숯불닭갈비&찰보리막국수	food	129.32690	35.78623
경주쉼&풀펜션	stay	129.25746	35.86279
경주키즈&가족호텔	stay	129.32833	35.78380
그린&힐링	stay	129.21232	35.82175
금빵거래소&행운상점	food	129.20976	35.83648
꼬치&캠핑푸드	food	129.17572	35.88937
나는조선의떡볶이다&내가조선의닭발이다	food	129.20723	35.85527
나란다카페&참좋은식당	cafe	129.49364	35.76439
낮커&밤맥	bar	129.10544	35.84936
네네치킨&봉구스밥버거	food	129.20726	35.85315
당근펜션&카페	food	129.50850	35.81807
두갈고&냉면장수	food	129.25753	35.84503
둥지타코&커피	cafe	129.30131	35.77366
라사천마라탕&공시우육면	food	129.20984	35.85488
렌즈타운&브라운아이즈	shop	129.21219	35.84432
맘스터치&피자경주금장점	food	129.20247	35.86799
보문얼큰이칼국수&호프광장	food	129.29111	35.83572
복만거마라탕&양꼬치	food	129.20649	35.85520
본죽&비빔밥	food	129.19288	35.85851
봄날&꽃자리	cafe	129.21324	35.83521
빵&커피	cafe	129.29970	35.83096
소울키즈풀빌라&가족풀빌라	stay	129.27180	35.87383
손오공&저팔계	food	129.28183	36.00712
송원미트&마켓	shop	129.24084	35.84575
수복네반찬&치킨	shop	129.22679	35.85366
싱싱해물짬뽕마을&얼음골밀면	food	129.22548	35.88133
아레스스포츠&어패럴	shop	129.22327	35.86610
어심초밥&메밀	food	129.21345	35.84144
엄마산딸기치킨&카페	food	129.45140	35.66149
엘라포니시풀빌라&호텔	stay	129.49231	35.75175
연어&酒	bar	129.32388	35.71581
예닮갤러리&잡화	shop	129.18967	35.82599
올리&둘리	shop	129.32467	35.71427
올리앤&나무	food	129.19419	35.84139
우리동네가구점&깨끗한중고프라자	shop	129.22514	35.84843
월드컵&가사	bar	129.22311	35.85399
이삭토스트&커피경주금장점	food	129.20274	35.86860
인생짜글이&비빔밥	food	129.13928	35.80637
인정커피&토스트	cafe	129.21718	35.86811
잇즈&보름이네그래놀라	shop	129.18603	35.84278
자연산송이버섯&풀빌라	stay	129.29259	35.67042
장수만세국수&푸드	food	129.20504	35.85411
정갈한국수&비빔밥	food	129.21949	35.86718
족발공장&옛날통닭	food	129.22497	35.84885
차&김밥	food	129.20674	35.84395
착한김밥&커피요	food	129.20296	35.87113
참치&스시	food	129.30670	35.77271
초코&엘	shop	129.21954	35.86564
카페드파리&오구쌀피자주상절리점	food	129.47292	35.68627
카페준&둥이분식	food	129.10453	35.85099
컬투치킨&포차	food	129.32782	35.71173
통통바베큐&홍어	food	129.20993	35.85228
투가이즈치킨&피자	food	129.50180	35.80677
평화로부대찌개&부대볶음경주점	food	129.20506	35.85362
필레스토랑&카페	food	129.22198	35.99099
화산숯불&손두부	food	129.28779	35.92753
황기순의칼국수&왕돈까스	food	129.26547	35.89953
경주쉼&풀펜션B	stay	129.25759	35.86250
원커피&cafe	cafe	129.22671	35.99224
뽑기#	shop	129.22405	35.99077
에스지#	shop	129.21453	35.84284
윤느#	shop	129.18057	35.84286
휴#	shop	129.46911	35.69863
에스티코<에스엠개발>	shop	129.22510	35.86804
카페0.9	cafe	129.30720	35.77270
02네주방	food	129.21986	35.99119
감포네스트024	stay	129.48967	35.75585
054빈티지	shop	129.21243	35.84233
054피자	food	129.30915	35.77121
054피자	food	129.10224	35.85075
054피자	food	129.17811	35.84381
054피자	food	129.22518	35.88275
054피자	food	129.17664	35.88967
로컬054풀빌라펜션	stay	129.27037	35.87488
1리터맥스	cafe	129.21589	35.87129
1번가콩나물삼겹살	food	129.21899	35.99124
1번약국	shop	129.19644	35.85974
감포1호초장집	food	129.50499	35.80923
경주제1국수	food	129.21696	35.84569
경주한옥1번가	stay	129.21313	35.82572
농업법인단석가1	shop	129.20689	35.83876
늘해랑1	stay	129.50807	35.81839
도리1리협동조합	cafe	129.07545	35.92224
동천제1면	food	129.22557	35.85803
리얼스틸펜션1	stay	129.46380	35.67615
바이오봄경북1총판	shop	129.21019	35.84846
선진포크경주1호창신	food	129.23287	35.84727
숲결1	stay	129.27169	35.87326
실라마실1	stay	129.28230	35.83144
씨유외동부영1차점	shop	129.33222	35.67538
아델1	stay	129.30191	35.85413
작은발자국1	stay	129.49071	35.77534
전통한옥1번가	stay	129.21303	35.82548
킹오브더킹1	food	129.27915	35.83610
파파야펜션1	stay	129.25733	35.86320
행복한1등계란	shop	129.20606	35.84339
사정동1-21	stay	129.20809	35.83886
경주숲1;2호	stay	129.27111	35.87312
1.2	shop	129.22337	35.85584
1.2.3횟집	food	129.21530	35.98866
1.5안경타운	shop	129.20740	35.84450
10비어하우스	bar	129.21353	35.87357
10커피하우스	cafe	129.23135	35.88565
100샤브	food	129.22503	35.88035
읍성100	stay	129.20879	35.84618
도전1000곡노래연습장	activity	129.22280	35.85374
1001안경콘택트	shop	129.22438	35.85539
연화리101	cafe	129.22791	35.99345
카페101	cafe	129.21224	35.84268
102호	food	129.20336	35.83982
연화리102	shop	129.22791	35.99345
일리베로나102	cafe	129.21522	35.86885
물천리1044	stay	129.27269	35.87155
로사1056	shop	129.21280	35.84248
읍성108	stay	129.21329	35.84759
남산1080	stay	129.24257	35.79056
109스테이	stay	129.30440	35.85518
10LOT민박	stay	129.49264	35.77457
11레지온	food	129.20512	35.85590
오푸스11	food	129.27974	35.90394
오푸스11매점	shop	129.27958	35.90400
나밍11.11	cafe	129.20209	35.84080
아이브1107	stay	129.50896	35.82551
한우114숯불	food	129.22824	35.99220
천북115펜션	stay	129.28805	35.91123
아이브117	stay	129.50896	35.82551
119딧고기	food	129.21848	35.86796
119딧고기	food	129.22169	35.88337
11CHESTERFIELDWAY	food	129.20505	35.84744
경주1박2식	stay	129.18178	35.80965
꼬마루1박2일	food	129.22561	35.99162
스테이1222	stay	129.26929	35.87521
13월의경주	stay	129.21186	35.82230
스테이13월A	stay	129.29158	35.89207
스테이13월D	stay	129.29157	35.89171
스테이13월E	stay	129.29157	35.89162
스테이13월J	stay	129.29157	35.89116
141갤러리	shop	129.21643	35.84218
141미니호텔	stay	129.21646	35.84222
펫스테이1455A	stay	129.17181	35.81736
펫스테이1455B	stay	129.17171	35.81752
펫스테이1455C	stay	129.17154	35.81757
펫스테이1455D	stay	129.17138	35.81765
베네1494	shop	129.22609	35.88266
츄러스1500경주점	food	129.22859	35.88420
오션1527	stay	129.48754	35.74822
153숍	cafe	129.21586	35.99326
오피스큐153	shop	129.22182	35.86236
카페153	cafe	129.16447	35.83584
호텔159	stay	129.04504	35.75870
16.9도	bar	129.22646	35.85562
하서가1714	stay	129.46444	35.68306
포레스트173	stay	129.31656	35.80064
요석궁1779	food	129.21681	35.83011
이스트1779	cafe	129.21690	35.82999
180도치킨	food	129.20228	35.86837
읍천리180	shop	129.47506	35.69013
스테이경주182-6	stay	129.22091	35.84130
선셋1844	cafe	129.04416	35.75670
1894사랑채	cafe	129.21196	35.83598
19홀골프존스크린	activity	129.26422	35.85354
카페1918	cafe	129.21805	35.84736
금빛채풀빌라192	stay	129.27817	35.90707
1925감포	cafe	129.50159	35.80574
마카모디1925감포지점	cafe	129.50158	35.80575
진1926경주용황점	food	129.22855	35.88243
1936경주체리	shop	129.21518	35.84214
1945풀빌라펜션	stay	129.27718	35.87519
금빛채풀빌라196	stay	129.27831	35.90729
밸리1961	stay	129.05938	35.70425
1974게스트하우스	stay	129.20395	35.84345
난식당1974	food	129.32894	35.78506
1975상회	shop	129.51026	35.81922
1975풀빌라	stay	129.51026	35.81922
경주호명동198빵	food	129.24815	35.97110
스테이1983	stay	129.22077	35.84357
1984왕림	stay	129.21334	35.84085
1987스테이	stay	129.20429	35.83698
샵피티1987	activity	129.22292	35.88336
치킨그릴드1987	food	129.18752	35.84258
1989마트	shop	129.28021	35.84724
용담로199	food	129.21042	35.86639
1992대패집	food	129.21410	35.85306
1994dining	food	129.21005	35.83594
옥상1996	stay	129.22102	35.84747
해진호1996경주	food	129.22286	35.85642
여정1998	food	129.22330	35.88171
2번째집	stay	129.12350	35.81834
경주보문풀빌라아델2	stay	129.30191	35.85413
경주피라미드2	stay	129.46307	35.67700
고운한옥2	stay	129.22577	35.82377
더킹2	food	129.47190	35.68386
드라이브인모텔2	stay	129.28099	36.00345
디오르2	stay	129.30106	35.85356
뜨라네펜션2	stay	129.25764	35.86357
라이라이2	food	129.20674	35.84395
루이까스텔모다경주2점	shop	129.24436	35.91642
리얼스틸펜션2	stay	129.46380	35.67615
메모아르경주2	stay	129.30771	35.74252
박스2	shop	129.21209	35.84212
보문펜션2	stay	129.25831	35.85956
부벳비스트로2	food	129.20717	35.84679
산내마운틴벨리2	stay	129.05916	35.69985
산해2	stay	129.25054	35.84110
선녀와나무꾼2	food	129.40397	35.66381
세븐일레븐경주구어2공단점	shop	129.29862	35.70468
숲결2	stay	129.27169	35.87326
스테이밤부2	stay	129.33729	35.77997
스테이여우잠2	stay	129.20997	35.83423
스테이왔는가2	stay	129.19014	35.80139
씨유문산2공단점	shop	129.31270	35.67160
아이스천국2	shop	129.33034	35.71470
엠에스제이하우스2동	stay	129.30744	35.74263
월드폰2	shop	129.33294	35.67882
작은발자국2	stay	129.49086	35.77556
정자횟집2	food	129.22112	35.88314
조전2리동회관	shop	129.09954	35.83786
천군펜션2	stay	129.27520	35.83467
첨성대제2매점	food	129.21829	35.83578
커피나뜨래충효2	cafe	129.18887	35.84188
태산자원경주2지점	stay	129.18899	35.86364
테크2호	activity	129.47356	35.69535
통영원산반점2	food	129.18273	35.84313
포레스트2	stay	129.26632	35.86314
하서리2	stay	129.46310	35.68338
한옥스테이달리2	stay	129.21396	35.83418
해바라기2	stay	129.43707	35.78402
헤이븐2	stay	129.31585	35.80135
홀인원펜션2	stay	129.30768	35.78715
화양연화2	food	129.21315	35.83428
휴대폰강대국2	shop	129.21541	35.84196
제2회 고향사랑의날	event	129.28797	35.83847
황남고택2-금슬채	stay	129.20750	35.83977
황남고택2-금슬채	stay	129.20976	35.83675
20번가	stay	129.40606	35.66510
샤브20경주점	food	129.22777	35.88200
서동길20	stay	129.43347	35.66441
커피200	cafe	129.24560	35.91931
혼밥시대2002	food	129.20647	35.85073
로드201	shop	129.21217	35.84275
더린넨2017경주점	shop	129.23123	35.88421
드라마2020	stay	129.29283	35.84003
2025 교촌버스킹	event	129.21765	35.83003
2025 경주국악여행 '국악한판'	event	129.21478	35.82971
2025 한국공예전 <미래유산_우리가 남기고자 하는 것들에 관하여>	event	129.29112	35.83397
2025년 APEC 정상회의 기념공연 <서라벌 풍류>	event	129.28700	35.84374
2026 경주 황금카니발	event	129.21299	35.84192
2026 경주 e스포츠 페스티벌	event	129.20908	35.86065
보문2030	stay	129.26728	35.86005
레스트205	cafe	129.25753	35.84503
로드207	stay	129.27829	35.90855
20번가B	stay	129.40592	35.66449
21세기당구클럽	activity	129.32530	35.70965
2피자1치킨상회	food	129.20662	35.85175
가척22	stay	129.07798	35.85660
문복로222	cafe	129.06441	35.65588
2378단골횟집	food	129.22354	35.85754
24시고기	shop	129.20725	35.85298
24시무인아이스크림할인매장	shop	129.22565	35.88363
24시무인아이스크림할인점충효점	shop	129.18736	35.84215
24시무인카페	cafe	129.33378	35.67868
24시전주명가콩나물국밥	bar	129.22057	35.85961
24어클락	cafe	129.21520	35.84722
견생냥품24시무인펫샵경주용황점	shop	129.22720	35.88311
견생냥품무인24시경주황	shop	129.21923	35.86465
메일빈24무인카페	cafe	129.18400	36.00081
에그카페24	cafe	129.31818	35.77562
용주24시가마솥해장국	food	129.22215	35.99099
이마트24감포연동점	shop	129.51937	35.83771
이마트24경주	shop	129.30238	35.77355
이마트24경주	shop	129.42475	35.66994
이마트24경주	shop	129.21404	35.83290
이마트24경주	shop	129.21262	35.85287
이마트24경주	shop	129.28986	35.83456
이마트24경주	shop	129.32553	35.71196
이마트24경주감포신현대점	shop	129.48807	35.74865
이마트24경주감포점	shop	129.50233	35.80449
이마트24경주감포캐스팅점	shop	129.49005	35.78207
이마트24경주강동	shop	129.28938	35.97205
이마트24경주관성솔밭점	shop	129.45133	35.66090
이마트24경주교촌	shop	129.21404	35.83290
이마트24경주문무왕릉점	shop	129.48298	35.74045
이마트24경주문복점	shop	129.06468	35.65471
이마트24경주문산공단점	shop	129.32333	35.67131
이마트24경주미소지움점	shop	129.34160	35.72073
이마트24경주북군점	shop	129.26259	35.85887
이마트24경주석계관문점	shop	129.30179	35.66962
이마트24경주성건	shop	129.20713	35.85185
이마트24경주안강삼도점	shop	129.19530	36.00227
이마트24경주양남	shop	129.47347	35.69648
이마트24경주양남점	shop	129.47107	35.70035
이마트24경주외동원룸점	shop	129.32775	35.67604
이마트24경주용강공단점	shop	129.22120	35.87324
이마트24경주입실로점	shop	129.32652	35.70965
이마트24경주하서점	shop	129.46211	35.67466
이마트24경주한마음점	shop	129.20836	35.85109
이마트24경주황오점	shop	129.21481	35.84182
이마트24뉴경주우방점	shop	129.19656	36.00364
이마트24시경주성건한빛점	shop	129.20478	35.85052
이마트24천북물천점	shop	129.27574	35.87553
이마트24한국수력원자력본사점	shop	129.38918	35.79510
전자담배라운지24경주	shop	129.18951	35.86087
전주24시콩나물국밥행복한꽈배기	food	129.30904	35.76834
점핑24	activity	129.17565	35.84512
지비컴퍼니메일빈24	cafe	129.21368	35.86802
금성로242	cafe	129.20740	35.83936
플라246	food	129.28991	35.85865
이마트24경주IC점	shop	129.20313	35.81682
이마트24R경주	shop	129.26598	35.80343
이마트24R경주대원점	shop	129.21535	35.84722
이마트24R경주동국대화랑점	shop	129.19089	35.86106
이마트24R경주안강우방점	shop	129.19643	36.00099
이마트24R경주인동점	shop	129.27135	35.98553
이마트24R경주화랑점	shop	129.22925	35.84121
이마트24self대동주유소점	shop	129.08410	35.87439
넘버25경주	stay	129.20519	35.84070
넘버25불국사점	stay	129.30364	35.77447
넘버25호텔	stay	129.22371	35.85571
블루25씨스페이스경주구황점	shop	129.22926	35.84072
서악25번가	shop	129.18959	35.82589
지에스25감포오션뷰점	shop	129.50977	35.82527
지에스25경주	shop	129.21151	35.84314
지에스25경주	shop	129.22279	35.86482
지에스25경주	shop	129.29084	35.83437
지에스25경주	shop	129.22648	35.85290
지에스25경주	shop	129.20624	35.85547
지에스25경주감포나정점	shop	129.49077	35.78167
지에스25경주고속점	shop	129.20394	35.83868
지에스25경주교육청점	shop	129.23034	35.84591
지에스25경주구어블루점	shop	129.29862	35.70468
지에스25경주구어점	shop	129.33073	35.69511
지에스25경주구정원룸점	shop	129.30367	35.77630
지에스25경주금장점	shop	129.20350	35.87054
지에스25경주노서점	shop	129.20299	35.83932
지에스25경주모화점	shop	129.33604	35.67095
지에스25경주문무로점	shop	129.31360	35.75693
지에스25경주문무왕릉점	shop	129.48319	35.73924
지에스25경주백률점	shop	129.22643	35.85594
지에스25경주산업로점	shop	129.32187	35.72711
지에스25경주성건원룸점	shop	129.20761	35.85522
지에스25경주시래점	shop	129.31021	35.77019
지에스25경주양남하서점	shop	129.47119	35.68298
지에스25경주역점	shop	129.21522	35.84427
지에스25경주용강공단점	shop	129.22293	35.87270
지에스25경주용황점	shop	129.22585	35.88264
지에스25경주원효점	shop	129.20680	35.84209
지에스25경주월드점	shop	129.28476	35.83615
지에스25경주위덕점	shop	129.28541	36.00661
지에스25경주읍천점	shop	129.47129	35.69822
지에스25경주입실	shop	129.32388	35.71581
지에스25경주입실러블리점	shop	129.32668	35.71528
지에스25경주장미점	shop	129.21399	35.85154
지에스25경주천북	shop	129.28624	35.91608
지에스25경주천북동산점	shop	129.26933	35.89636
지에스25경주초당타운점	shop	129.23374	35.84653
지에스25경주충효점	shop	129.18581	35.84314
지에스25경주탈해점	shop	129.22952	35.85041
지에스25경주평화점	shop	129.20546	35.85557
지에스25경주하동점	shop	129.31396	35.79987
지에스25경주한동점	shop	129.18380	35.99995
지에스25경주황남점	shop	129.21098	35.83473
지에스25경주황리단길점	shop	129.20735	35.83664
지에스25경주휴엔하임점	shop	129.26860	35.89768
지에스25경주흥무점	shop	129.20390	35.84747
지에스25동국대원룸점	shop	129.18961	35.86183
지에스25동천원룸점	shop	129.22667	35.85090
지에스25문산공단점	shop	129.32013	35.67834
지에스25블루원콘도점	shop	129.29526	35.82277
지에스25성건	shop	129.20992	35.85316
지에스25시래하이빌점	shop	129.30784	35.77223
지에스25안강	shop	129.17248	35.99129
지에스25용강	shop	129.22556	35.87815
지에스25용강고분점	shop	129.22394	35.86171
지에스25용강스파점	shop	129.23026	35.87649
지에스25용강에버빌점	shop	129.22391	35.88444
지에스25충효	shop	129.18856	35.84186
지에스25한화리조트경주담톤점	shop	129.27025	35.85968
지에스25한화리조트경주에톤점	shop	129.27025	35.85968
지에스25화랑현대점	shop	129.21288	35.84431
지에스25황성	shop	129.21217	35.86675
넘버25 호텔 경주터미널점	stay	129.20522	35.84076
포레스트258/포레스트258펜션	stay	129.33699	35.77549
지에스25안강LH점	shop	129.21589	35.99354
로드26	stay	129.31772	35.79581
로드27	stay	129.27354	35.87151
경주로투스28	stay	129.29766	35.74961
로투스28	stay	129.29739	35.74963
천군28키즈풀빌라	stay	129.28059	35.82826
풀282	food	129.19151	35.86110
29카페	cafe	129.27426	35.98850
황남동298	shop	129.20994	35.83646
299카페	cafe	129.49381	35.77458
디멘션커피2nd스페이스	cafe	129.21194	35.84207
박달림3	stay	129.13045	35.74627
비클래씨불국사점3	stay	129.28283	35.77175
세븐경주동천3호점주	shop	129.22439	35.85525
스테이여우잠3	stay	129.21003	35.83432
에스3키즈풀빌라	stay	129.45708	35.79006
에스3키즈풀빌라	stay	129.45690	35.79034
엠에스제이하우스3	stay	129.30747	35.74229
육류미식가3	shop	129.20792	35.85339
작은발자국3	stay	129.49104	35.77564
테이크3	shop	129.50805	35.82091
테이크3매점	shop	129.50805	35.82091
토이랜드3	activity	129.28561	35.83578
트라제3	stay	129.51942	35.83851
경주숲3;4호	stay	129.27111	35.87312
3.5당구장	activity	129.18575	35.84220
3.9다방삼구	cafe	129.21968	35.99145
닭300	food	129.22415	35.84913
국보31호	food	129.20734	35.83694
로드31	shop	129.45107	35.66370
로드31펜션	stay	129.45120	35.66383
만타스시31	food	129.21419	35.86763
장진길31	food	129.49529	35.79215
315팩토리아울렛	shop	129.32544	35.71561
하서리316	stay	129.46305	35.68236
세인트32	stay	129.25745	35.85814
카페서동리32	cafe	129.41657	35.66439
322번가	stay	129.27142	35.90246
스테이33	stay	129.20441	35.84497
33떡볶이&꼬마김밥경주	food	129.33598	35.67125
국민간식333	shop	129.21743	35.87342
느린353	cafe	129.15743	36.02136
탑뷰353	stay	129.33599	35.76987
35mm	cafe	129.46353	35.68166
363카페	cafe	129.30616	35.81518
블루365	stay	129.40606	35.66466
유강365가구	shop	129.27630	35.98891
369모텔	stay	129.22313	35.85584
카페369	cafe	129.05689	35.89011
37년전통경주장터국밥노서점	food	129.20359	35.83866
카페내서로378	cafe	129.04555	35.89611
38선넘은짱닭	food	129.21544	35.86887
38선넘은짱닭	food	129.19601	36.00149
읍천리382경주	cafe	129.21277	35.86391
읍천리382신경주역점	cafe	129.13741	35.80525
감포로383	food	129.50815	35.82074
디저트39	cafe	129.21438	35.86448
디저트39경주점	cafe	129.21772	35.84860
카페피어39	cafe	129.46966	35.67943
커피398	cafe	129.31874	35.67959
3H경주센타	shop	129.20725	35.84359
3H지압침대경주센터	shop	129.20725	35.84359
어썸웨이4	stay	129.32278	35.78524
탕화쿵푸마라탕4용황점	food	129.22613	35.88499
트라제4	stay	129.51949	35.83842
40호족발	food	129.50201	35.80411
초당400년순두부	food	129.31812	35.78775
41번가게스트하우스	stay	129.21913	35.85434
스테이436A	stay	129.07653	35.69816
스테이436B	stay	129.07653	35.69816
경주풀빌라467	stay	129.31726	35.79458
풀빌라467	stay	129.31708	35.79453
도리47	food	129.07650	35.92074
감산470	stay	129.05682	35.79177
497커피	cafe	129.47321	35.68712
5센소커피	cafe	129.22487	35.87344
테이크5	cafe	129.23211	35.88062
트라제5	stay	129.51954	35.83833
경주숲5;6호	stay	129.27062	35.87279
다불로50자연산별미회	food	129.23224	35.87550
대추밭길50대추밭길오십	food	129.27714	35.78068
으뜸50안경경주	shop	129.21219	35.84432
위드512	shop	129.22730	35.88261
스테이52	stay	129.25788	35.81451
도야520	food	129.23145	35.88482
스테이550	cafe	129.20916	35.83640
옥포554경주점	food	129.21094	35.84321
제스트57	shop	129.46928	35.67964
소리지571	cafe	129.28470	35.90304
베어58	food	129.21031	35.83566
6시내고향	shop	129.50201	35.80411
금장6고기	food	129.20270	35.86469
트라제6	stay	129.51960	35.83824
6.6식육식당	food	129.22730	35.88261
6.6.구이	food	129.21101	35.83483
60계경북경주	food	129.17340	35.89006
60계경주	food	129.21322	35.99151
60계치킨경주	food	129.20608	35.85408
60계황성	food	129.21567	35.86635
대추밭길60	stay	129.28191	35.77802
펜션600	stay	129.25683	35.81514
펜션600 캠핑장	stay	129.25826	35.81535
왕대박나눔로또645	activity	129.20715	35.84728
나정650	stay	129.49199	35.78002
카페66℃	cafe	129.21454	35.84246
공방665한지	shop	129.22475	35.88413
금수저삼겹679	food	129.22804	35.88236
69노래클럽	bar	129.22341	35.85423
7공주쌀꽈배기	food	129.47373	35.69231
7광구기사식당	food	129.24701	35.96941
7번가피자	food	129.20227	35.86736
7번국도명품달인김밥	food	129.33581	35.67546
경주감포트라제7	stay	129.51968	35.83817
센토르7	stay	129.25736	35.82949
스페이스7	shop	129.32647	35.78641
카페7-1	cafe	129.20779	35.85520
카페7-5	cafe	129.10142	35.85200
7080가요주점	bar	129.29811	35.77723
7080마카오	bar	129.22370	35.85434
7080파티	bar	129.21709	35.99309
가고파7080노래클럽	bar	129.27414	35.98780
궁전7080	bar	129.50233	35.80449
깐부7080라이브	bar	129.32481	35.71373
나가수7080	bar	129.21700	35.84831
낙타7080	bar	129.20546	35.85557
노래카페7080	bar	129.29981	35.77486
라이브7080아지트	bar	129.20306	35.84116
럭키7080	bar	129.20973	35.84411
벌떼7080	bar	129.21647	35.84659
보문7080클럽	bar	129.28809	35.84476
브이아이피7080	bar	129.22351	35.85641
신세계7080뮤직홀	bar	129.22396	35.85527
싼타페덤7080	bar	129.22394	35.85449
아는언니7080	bar	129.22354	35.85629
영빈라이브7080	bar	129.21110	35.84296
의우회7080라이브	bar	129.22399	35.85425
진코7080	bar	129.20302	35.84101
춘자7080	bar	129.22394	35.85484
카네기7080	bar	129.22316	35.85559
콘서트7080	bar	129.22324	35.85535
테스7080	bar	129.20644	35.85541
한국관7080라이브	bar	129.22268	35.99079
힐튼7080	cafe	129.20313	35.83983
마동716풀빌라	stay	129.31455	35.77937
마동717풀빌라	stay	129.31470	35.77916
73포차	bar	129.34177	35.72080
앙코르스타77	food	129.32964	35.68084
카페77에비뉴	cafe	129.20933	35.84222
느루79	food	129.32738	35.78578
경주감포트라제8	stay	129.51974	35.83807
하서리8	stay	129.46367	35.68279
갓그랑길80	food	129.32350	35.79274
호텔801	stay	129.22396	35.85499
맘모스8090라이브	bar	129.21760	35.84129
에이스8090라이브카페	food	129.22669	35.85133
봉황82	food	129.21021	35.84684
835.스테이A	stay	129.29463	35.76087
835스테이B	stay	129.29432	35.76089
하나8386밀크티	cafe	129.32481	35.71373
87닭강정경주보문점	food	129.25960	35.85962
88베이글카페	cafe	129.23101	35.88732
88슈퍼	shop	129.18974	35.82605
88탁구장	activity	129.22797	35.84672
88포차	food	129.22988	35.87941
내남면8890	food	129.22337	35.85443
89호	cafe	129.19529	35.87886
카페895	cafe	129.44230	35.78881
9센치	shop	129.21348	35.84260
9척선단해적들	food	129.50418	35.80429
클라우드9모텔	stay	129.50354	35.80432
9.9노래연습장	activity	129.22774	35.99246
대패92	food	129.21078	35.86461
대패92매운수제비	food	129.17787	35.84334
어반922	cafe	129.21453	35.85305
어반922A.VAN922	food	129.21453	35.85305
꽃길93	shop	129.21247	35.84254
로94돈집	food	129.22674	35.85623
루트94펜션	stay	129.46317	35.66750
산내956	stay	129.05504	35.71368
맥스97	activity	129.22447	35.85320
카페982	cafe	129.09365	35.85839
987	food	129.21143	35.83688
987피자	food	129.21142	35.83688
게이트99	food	129.22557	35.85803
반다99	cafe	129.28573	35.83458
포레스트99	stay	129.39963	35.72282
경주마리벨A동	stay	129.46237	35.68254
경주여행펜션A	stay	129.25940	35.85898
경주행운펜션A	stay	129.27173	35.87788
그레이선셋A	stay	129.29083	35.89296
그리다A	stay	129.21458	35.98415
글램독경주A동	stay	129.27231	35.87398
까사멜로우A	stay	129.26197	35.85796
더맘키즈풀빌라A동	stay	129.29469	35.87538
더킹A펜션	stay	129.47159	35.68340
목화수석A	stay	129.21842	35.81689
블루엔젤풀빌라A	stay	129.33531	35.78091
비치캐슬A	stay	129.50770	35.82141
소래당A	stay	129.26373	35.85495
송대말펜션A	stay	129.51032	35.80898
송화원A	stay	129.32918	35.78381
스테이다움A	stay	129.28291	35.86726
신라마실A	stay	129.32893	35.78356
오디드A	stay	129.25663	35.85741
청담펜션A	stay	129.27498	35.87132
펜션다솔강A	stay	129.19834	35.79751
포키즈풀빌라A	stay	129.46018	35.78927
풀빌라런투유경주A	stay	129.30965	35.79544
풀오슬로A	stay	129.49019	35.75593
브레스테이킹A.B	stay	129.49075	35.79824
브레스테이킹A.B.C.D	stay	129.49056	35.79842
A1스크린골프	activity	129.45911	35.71150
경주라마다호텔A동2층4호	stay	129.49272	35.77106
경주라마다호텔A동3층10호	stay	129.49344	35.77080
ABC마트 ST 경주노동점	shop	129.21275	35.84214
ABC마트 ST 경주천북점	shop	129.24368	35.91544
ACE스크린골프	activity	129.17253	35.84455
올씽스토어AllThingStore	shop	129.21802	35.85057
안반미ANBANHMI	food	129.21077	35.83727
골프and로스트볼	shop	129.22080	35.86003
공오사apparel	shop	129.21339	35.84410
Artin티아라	stay	129.25920	35.85969
보불ATV체험장	activity	129.29933	35.83167
아리수경주호텔ATWOSOMEPLACE	cafe	129.32475	35.78153
경주마리벨B동	stay	129.46237	35.68254
경주여행펜션B	stay	129.25978	35.85902
그리다B	stay	129.21458	35.98415
글램독경주B동	stay	129.27231	35.87398
까미노풀빌라B	stay	129.26629	35.86137
까사멜로우B	stay	129.26197	35.85796
더맘키즈풀빌라B동	stay	129.29484	35.87554
더스테이B	stay	129.40571	35.66434
더킹B펜션	stay	129.47159	35.68340
라비에벨펜션B	stay	129.25954	35.86181
라시에스타B	stay	129.40597	35.66535
루나비치B	stay	129.50701	35.82063
목화수석B	stay	129.21811	35.81703
비치캐슬펜션B동	stay	129.50759	35.82152
소래당B	stay	129.26349	35.85461
송대말펜션B	stay	129.51006	35.80899
스모스B	stay	129.25967	35.85867
스테이다움B	stay	129.28282	35.86738
양지뜸B	stay	129.38687	35.72519
에스파이브B	stay	129.46006	35.78989
오디드B	stay	129.25681	35.85726
청담B	stay	129.27494	35.87156
펜션다솔강B	stay	129.19811	35.79746
포에티스풀빌라B	stay	129.49383	35.80708
포키즈풀빌라B	stay	129.46006	35.78941
풀빌라런투유경주B	stay	129.30992	35.79482
풀오슬로B	stay	129.49019	35.75593
휴림펜션B	stay	129.28878	35.81850
힐토피아키즈풀빌라B	stay	129.05851	35.70607
B.B.Q치킨식당	food	129.21698	35.86744
파스타bee덮밥zip	food	129.22694	35.84881
BHC용강	food	129.23077	35.87826
BHC치킨	food	129.30520	35.77179
길bike	shop	129.21795	35.85338
참새방앗간by소소월	cafe	129.19770	35.75028
메종드떼뜨byS	shop	129.21317	35.84335
글램독경주C동	stay	129.27264	35.87319
더킹C펜션	stay	129.47159	35.68340
라파미C	stay	129.30674	35.74119
신라마실C	stay	129.32876	35.78345
펜션다솔강C	stay	129.19778	35.79735
풀빌라런투유경주C	stay	129.30992	35.79482
플랜C	stay	129.30861	35.78575
경주라마다호텔C동1층12호	stay	129.49272	35.77106
램프라이트등불cafe	cafe	129.18736	35.99944
마루테라cafe	food	129.09163	35.73385
엔젤커피숍cafe	cafe	129.50321	35.80811
화랑마을cafe	cafe	129.17846	35.86075
경주의시간cafe&lounge	cafe	129.21756	35.81707
베스트웨스턴cafe411	cafe	129.49272	35.77106
커피아사cafeAsa	cafe	129.29788	35.77735
드림cake	food	129.22761	35.88257
블루원디아너스CC	activity	129.29529	35.82281
서라벌CC	activity	129.27686	35.69455
경주CCTV	shop	129.22142	35.99259
서라벌CCTV	shop	129.22939	35.84593
에이스CCTV	shop	129.21299	35.85373
경주감포CELL27수영장독채스파펜션	stay	129.47315	35.78512
셀로나Cellona	shop	129.21451	35.86664
CFK.코스메틱	shop	129.21183	35.84699
Cheers치어스	bar	129.10544	35.84936
CJ올리브영경주점	shop	129.21347	35.84376
CLOUD9모텔	stay	129.50354	35.80432
코지cozzy	food	129.22668	35.88241
CU	shop	129.22274	35.99230
CU경주건천선덕점	shop	129.10166	35.85269
CU경주냉천공단점	shop	129.30104	35.71478
CU경주모화점	shop	129.33549	35.67768
CU경주시래	shop	129.30672	35.77234
CU경주용강주공점	shop	129.22974	35.87896
CU경주용황점	shop	129.22777	35.88318
CU경주입실원룸	shop	129.32251	35.71099
CU경주천북	shop	129.27141	35.94198
CU경주황성	shop	129.22029	35.86536
CU노서점	shop	129.20302	35.84101
CU석장영	shop	129.19104	35.86164
비지에프휴먼넷CUE외동휴게소	shop	129.28550	35.67147
라파미D	stay	129.30650	35.74142
매일우유안강D.S	shop	129.23012	35.98975
디스콘트DISKONT	shop	129.20874	35.85312
DN통신	shop	129.21257	35.84427
평DOG스테이	stay	129.26091	35.78406
불국사Dream하우스	stay	129.32592	35.78337
버거킹경주용강DT점	food	129.22989	35.88076
폴바셋경주교동DT점	food	129.21379	35.83201
할리스경주용강DT점	cafe	129.23053	35.88159
애플DVD	activity	129.21275	35.84215
더킹E펜션	stay	129.47136	35.68307
경주라마다호텔E동2층5호	stay	129.49344	35.77080
어일리Early	cafe	129.44480	35.77883
강구ENG	shop	129.20865	35.84713
신세계ENG	shop	129.21336	35.85219
제일냉동ENG	shop	129.21882	35.85324
시골징eun여기	stay	129.23318	35.83111
EX HORROR 시즌 6 : 신라X좀비	event	129.28952	35.83402
EX펌킨나잇：화니&워니x십이지신	event	129.28952	35.83402
더킹F펜션	stay	129.47136	35.68307
충효FEEL탁구클럽	activity	129.17073	35.84885
flfnb	cafe	129.38918	35.79510
카라flower	shop	129.22750	35.84918
꽃집FLOWERHOUSE	shop	129.20703	35.85417
진성FNC	food	129.21082	35.86572
프롬말방From.marbang	stay	129.32680	35.74472
비케이알경주터미널FS점	food	129.20308	35.83795
코오롱글로벌FS보문GC점	food	129.27686	35.85386
동천GDR아카데미	activity	129.22701	35.85395
가자go	stay	129.27737	35.89059
로또타GO	activity	129.20737	35.83744
뽑GO	activity	129.19444	36.00209
산내GOONE바베큐	food	129.08749	35.72810
GS25건천터미널	shop	129.10030	35.85217
GS25경주	shop	129.22537	35.99064
GS25경주	shop	129.21484	35.86528
GS25경주	shop	129.22399	35.85425
GS25경주	shop	129.32292	35.78053
GS25경주	shop	129.20448	35.84362
GS25경주	shop	129.22332	35.85626
GS25경주	shop	129.20680	35.84639
GS25경주구어공단	shop	129.30216	35.69793
GS25경주구정점	shop	129.29798	35.77745
GS25경주북군점	shop	129.26348	35.85203
GS25경주솔밭비치점	shop	129.45180	35.66113
GS25경주원화점	shop	129.21700	35.84831
GS25경주입실	shop	129.32603	35.71012
GS25경주첨성대점	shop	129.21857	35.83584
GS25괘릉휴게소점	shop	129.31494	35.75739
GS25동국대백상관점	shop	129.19104	35.86479
GS25동천우방점	shop	129.22558	35.85868
GS25동천타운점	shop	129.23152	35.84851
GS25보문	shop	129.28796	35.84419
GS25성건	shop	129.20311	35.84363
GS25성건한빛점	shop	129.20481	35.85133
GS25양북휴게소점	shop	129.42037	35.81100
GS25충효대로점	shop	129.18010	35.84322
GS25충효대우	shop	129.17595	35.84506
지에스GS25경주	shop	129.22279	35.86482
스카이GTR스크린수프로골프아카데미	activity	129.22265	35.88064
H바	bar	129.47070	35.70070
하나HANA8386BILLIARDSCLUB	activity	129.32481	35.71373
Hey주	bar	129.22280	35.85374
컴퍼니HJ	shop	129.20944	35.83587
홀릭Holic	shop	129.22651	35.85166
경주i	shop	129.20837	35.83651
달콤커피경주IC휴게소점	cafe	129.19362	35.81250
이상복경주빵경주IC점	food	129.20363	35.81703
지에스남경주IC점	shop	129.31545	35.74973
파스쿠찌남경주IC점	cafe	129.31407	35.75536
다옴스테이II	stay	129.15260	35.86952
두메산골II	food	129.21217	35.74479
뷰티풀Ⅱ	stay	129.27509	35.83418
블리스풀Ⅱ	stay	129.19863	35.81187
스테이시in	stay	129.22192	35.84555
캠프ING	stay	129.25255	35.96914
감포INN	stay	129.50140	35.80676
봉황INN	stay	129.21151	35.84314
힐링It's	shop	129.21892	35.85410
J골프	shop	129.25578	35.86912
제이J할인마트	shop	129.21597	35.86854
카페J두잉웰	cafe	129.18913	35.85682
J.M쥬얼리	shop	129.21412	35.86737
J717펜션제이	stay	129.25770	35.86335
JOY 모텔	stay	129.21609	35.99307
JS애견풀빌라	stay	129.27336	35.87534
JY통신	shop	129.22646	35.85400
슈만과클라라k	cafe	129.22421	35.87967
K마트	shop	129.49788	35.80575
씨유경주용강원룸K점	shop	129.22477	35.86092
점핑K	activity	129.21876	35.86802
쥬얼리K	shop	129.21166	35.86432
K2경주점	shop	129.24479	35.91683
KAJA세계주류	shop	129.21180	35.84115
KGC라이프앤진경주	shop	129.20729	35.84050
경주KHAN양봉농원	shop	129.16612	35.88662
키도트kiddot	food	129.20948	35.83873
쿠지타운KUJITOWN	shop	129.18704	35.85719
LA돈가스	food	129.23008	35.84832
LA돈까스식당	food	129.21229	35.84705
LAYto	shop	129.19104	35.86479
레아LEAH	shop	129.18662	35.84287
더존Leasing	shop	129.24414	35.89017
스마트LED	shop	129.22035	35.86791
LF경주헤지스종합	shop	129.21183	35.84347
LG전자경주	shop	129.21823	35.87013
LG전자 베스트샵 경주점	shop	129.22309	35.86692
세븐일레븐경주건천LH점	shop	129.10906	35.84692
라이팅룸LIGHTINGROOM	shop	129.21297	35.84206
반미LINHLOAN	food	129.32559	35.71503
추억의생음악Live	bar	129.20276	35.84150
김경진의LIVE뽕닭	food	129.22347	35.86148
블리스풀lll	stay	129.19876	35.81178
경주LPM	shop	129.21242	35.84225
LV통신	shop	129.21481	35.84182
M펜션	stay	129.27819	35.87463
보문M&C	stay	129.26728	35.86005
M&K펜션	stay	129.27829	35.87441
마사랍MASARAP	food	129.20674	35.84395
MAX중고&PC	shop	129.32544	35.71561
MCY PARK	activity	129.29412	35.85567
MFS골프	shop	129.21888	35.86971
MH통산	shop	129.33497	35.67733
MKPE&C월성원자력본부점	shop	129.47270	35.71092
경주지역자활센터공방산책N경주	shop	129.22492	35.86285
실크로드new	shop	129.20998	35.88185
No Words	cafe	129.20952	35.83930
NSR경주점	shop	129.21808	35.85385
앤유NUPC	activity	129.21688	35.86274
지성O.A	shop	129.23316	35.84673
O.K포인트마트	shop	129.22554	35.86001
금강OA	shop	129.22285	35.88197
일성OA통신	shop	129.22602	35.86368
토탈OA통신	shop	129.32578	35.68083
OK마트	shop	129.22556	35.88295
OK스크린골프	activity	129.22859	35.88202
OK폰마트	shop	129.21538	35.84274
돼지OK	food	129.21005	35.84993
용강OK스크린골프	activity	129.22884	35.88216
합동종합철거OK환경폐기물	shop	129.20980	35.99415
다ONDA#	shop	129.20607	35.85463
opening	shop	129.27532	35.86948
라베P.V	food	129.51790	35.83975
서라벌P&P	activity	129.30847	35.76971
천북PAR3골프클럽	activity	129.28003	35.91419
오소한옥Part2	stay	129.24737	35.78878
오소한옥Part3	stay	129.24751	35.78845
경주모다PAT	shop	129.24575	35.91820
PC랑	activity	129.46935	35.70128
PC토랑	activity	129.22391	35.88399
PC토랑경주	activity	129.20654	35.85422
더엑스PC경주충효점	activity	129.18571	35.84285
따따PC방	activity	129.32534	35.71113
랭커PC경주점	activity	129.21400	35.84301
로또PC	activity	129.32343	35.71020
베스트PC방	activity	129.21231	35.84289
보문PC방	activity	129.28806	35.84486
서해PC	activity	129.22304	35.85197
슈가PC	activity	129.22793	35.85127
스타PC방	activity	129.18951	35.86142
아이넷PC방	activity	129.22670	35.85194
아이센스리그PC경주	activity	129.23229	35.84483
온누리PC방	activity	129.21519	35.86734
카라반PC	activity	129.21702	35.84658
카페PC후	activity	129.21794	35.86806
캠프PC방경주	activity	129.22306	35.99076
탑플레이스PC방	activity	129.19120	35.86175
플레이존PC경주	activity	129.21336	35.84242
픽스PC	activity	129.20653	35.85375
해피PC경주시래점	activity	129.30499	35.77188
해피PC방	activity	129.32613	35.71231
해피로PC	activity	129.22384	35.99099
해피로PC방경주	activity	129.21570	35.86668
화이트PC까페	activity	129.20465	35.84213
PC837	activity	129.18950	35.86161
피에스타PCcafe경주용황점	activity	129.22629	35.88304
충효PGA스크린	activity	129.17073	35.84885
넘버원PT스튜디오	activity	129.21989	35.86576
크라운PT스튜디오	activity	129.17426	35.88854
한성미인PUB	cafe	129.21171	35.83631
R마트산대점	shop	129.19331	36.00250
씨유R켄싱턴리조트경주점	shop	129.26842	35.86073
R-마트	shop	129.21393	35.99086
렉스R.SA	shop	129.46762	35.68001
란데부RANDEVU	food	129.20606	35.85527
신사reptile	shop	129.21559	35.84179
Road100	cafe	129.31385	35.79318
낭만홍S	stay	129.22997	35.84059
씨유경주산내큐브S점	shop	129.00083	35.75415
sea뷰펜션	stay	129.51648	35.83590
윤안경원Seechannel충효점	shop	129.17889	35.84432
에스엔에스shop	shop	129.21802	35.85057
쭈야SHOP	shop	129.32363	35.71001
천우SILLABOUTIQUEHOTEL	stay	129.20194	35.84140
SK텔레콤희망	shop	129.21397	35.86577
금장SK텔레콤	shop	129.20247	35.86799
안강SK텔레콤	shop	129.22538	35.99085
SM펜션	stay	129.27401	35.87157
미소SmileMart	shop	129.32794	35.67628
STA이병구테니스아카데미	activity	129.29482	35.96903
하얀집STAY	stay	129.21411	35.98380
스테이가온StayGaon	stay	129.21424	35.84773
정명선Style가발전문	shop	129.23537	35.88375
동아TECH	shop	129.22030	35.98846
솔로몬TGIC컴퓨터	shop	129.30028	35.77779
tj퍼펙트싱어동전노래연습장	activity	129.19580	36.00316
경주TMF한우식당	food	129.22620	35.86371
TOP골프클럽관광농원	activity	129.16699	35.90227
경주TOP배드민턴전용구장	activity	129.21795	35.87878
김동철TOP테니스	activity	129.16722	35.90242
신성통상TOPTEN경주노동	shop	129.21288	35.84168
신성통상TOPTEN경주용강	shop	129.22468	35.86796
베르티VERTY	food	129.22395	35.88376
W무인텔	stay	129.32820	35.78366
두산W마트	shop	129.32119	35.78233
스페셜W모텔	stay	129.19507	36.00119
주상절리W	stay	129.47347	35.69117
WIND조명	shop	129.32548	35.78618
뉴욕버거동국대WISE	food	129.18968	35.86214
황남정미소with잡화	shop	129.21442	35.83432
펜션WON	stay	129.05083	35.76420
WOOZU(우	cafe	129.20605	35.87219
천군복합문화공간x에브리블랙	cafe	129.29084	35.83436
XG노래방	activity	129.21971	35.84185
Y베이커리	food	129.30915	35.77121
펜션YOON	stay	129.05055	35.76408
Za몽자몽	shop	129.20674	35.84395
ZAZA모텔	stay	129.50725	35.82177
신성통상ZIOZIA경주점	shop	129.21339	35.84183
