가게	food	126.49406	33.48377
가고팡	stay	126.52890	33.50012
가구갤러리	shop	126.52009	33.50226
가구디자인	shop	126.52425	33.51377
가구세상	shop	126.51747	33.51144
가구아울렛	shop	126.51821	33.49267
가구쟁이패밀리	shop	126.42700	33.48577
가구집	shop	126.48793	33.47677
가구톡세상제주점	shop	126.57028	33.51971
가구톡세상제주화북점	shop	126.57028	33.51971
가까운약국	shop	126.48174	33.48424
가까이에파도소리	stay	126.42489	33.49495
가꾸다	shop	126.53173	33.51335
가끔	food	126.52636	33.51477
가나공방	shop	126.41221	33.48378
가나안	food	126.48923	33.47847
가나안기업	shop	126.27178	33.36383
가나윤통신	shop	126.43113	33.48798
가나의료기	shop	126.54746	33.49541
가나종합공조	shop	126.61784	33.52115
가는길에	shop	126.52768	33.51236
가다오다	food	126.53178	33.51175
가담국수	food	126.47755	33.49030
가담국수하귀점	food	126.41668	33.48488
가드너스포올	shop	126.33850	33.46382
가드원제주	shop	126.63647	33.51427
가득찬	shop	126.48897	33.48779
가득한한잔	bar	126.53091	33.51139
가든맘마	food	126.47751	33.48669
가든업	food	126.47751	33.48669
가든일마레	food	126.26064	33.32363
가든피오니플라워	shop	126.54414	33.49121
가디너	shop	126.52463	33.51316
가라월라	stay	126.33319	33.43680
가락국수	food	126.49212	33.48749
가락동리어카포차외도점	bar	126.43171	33.48730
가락지	shop	126.47581	33.48286
가람	bar	126.75160	33.55520
가람	food	126.52064	33.48885
가람중고	shop	126.52680	33.49234
가령골슈퍼	shop	126.54070	33.50362
가령골오리	food	126.54886	33.47616
가로수길마루	food	126.31123	33.46012
가르텐	bar	126.47658	33.48904
가름물	food	126.79449	33.55695
가리본가	food	126.52427	33.50099
가리본가	food	126.48734	33.49165
가리본가	food	126.48942	33.47572
가리포차	bar	126.52914	33.49859
가마골	food	126.58164	33.52251
가마솥애	food	126.54174	33.50578
가마솥옛날통닭	food	126.49199	33.48487
가마솥추어탕	food	126.47258	33.49233
가마솥치킨	food	126.56814	33.52233
가마오름	nature	126.24661	33.30573
가마우지	cafe	126.53196	33.51722
가마치통닭	food	126.48506	33.48533
가마치통닭노형으뜸점	food	126.48148	33.47911
가마치통닭베라체점	food	126.54792	33.49427
가마치통닭삼화지구점	food	126.58141	33.51613
가마치통닭아라점	food	126.54526	33.47134
가마치통닭월랑점	food	126.47805	33.48743
가메오름	food	126.51387	33.49926
가문동길민박	stay	126.39268	33.48119
가문동스테이	stay	126.38890	33.48261
가문동편지민박	stay	126.39748	33.48173
가미돈	food	126.45989	33.49437
가배두커피	cafe	126.52421	33.48956
가벨라뷰티	shop	126.53550	33.49697
가보면호프	bar	126.51066	33.50947
가보카	cafe	126.26531	33.31731
가보트바이올린작업실	shop	126.49137	33.47689
가본	food	126.52876	33.51640
가비	cafe	126.53940	33.51121
가비	bar	126.48978	33.48720
가비닻	food	126.39200	33.48609
가비오타	stay	126.90019	33.50941
가비오타카페	cafe	126.90019	33.50941
가빈	bar	126.48910	33.48611
가상순커피	cafe	126.54599	33.47533
가새기오름	nature	126.50386	33.48937
가성	shop	126.54319	33.49159
가시내	bar	126.52816	33.50164
가시버시	shop	126.39563	33.45048
가시버시정육구이	food	126.48962	33.49062
가시식당	food	126.53373	33.48933
가시어멍김밥	food	126.47633	33.48886
가시토마토	bar	126.52844	33.50200
가식	food	126.63508	33.54176
가야밀면돼지국밥	food	126.51912	33.49426
가야베이커리	food	126.53537	33.49243
가야복집	food	126.53721	33.49309
가야성	food	126.47930	33.49176
가야포도원	food	126.59668	33.48817
가연불교사	shop	126.54432	33.50075
가영이네횟집	food	126.52834	33.51069
가온	stay	126.94255	33.50481
가온사무가구	shop	126.39307	33.47700
가온스테이	stay	126.40281	33.43488
가온에프앤비	shop	126.52664	33.51136
가온하우스	stay	126.40381	33.43504
가완	bar	126.49861	33.49167
가왕노래연습장	activity	126.47758	33.48703
가우시스템	stay	126.45477	33.46432
가윤전기조명	shop	126.50486	33.51200
가을	bar	126.49756	33.49116
가을남자의커피향기	cafe	126.33480	33.46593
가을다방	cafe	126.53821	33.51372
가이	bar	126.49089	33.48319
가이아	stay	126.49065	33.48944
가자낚시	shop	126.46575	33.50616
가자분식	food	126.53647	33.51409
가자스크린골프	activity	126.43068	33.49073
가자우리집	food	126.52958	33.51652
가자우리집	food	126.53153	33.51692
가자쿤스트하우스	shop	126.39462	33.43201
가자한식뷔페	food	126.46560	33.50649
가장맛있는족발	food	126.57572	33.51444
가정	food	126.54610	33.49312
가정온누리약국	shop	126.43112	33.48770
가죽공방윤미어스	shop	126.85725	33.51796
가죽자파리	shop	126.51790	33.51135
가즈아	bar	126.49231	33.48602
가지가지상점	shop	126.66709	33.54170
가지스테이	stay	126.37174	33.46889
가창할망	stay	126.22682	33.38824
가치제주	food	126.51578	33.51645
가품	food	126.48500	33.48381
가호	cafe	126.39057	33.48474
가호방	shop	126.53702	33.50962
가화	stay	126.49248	33.48540
가희	bar	126.52348	33.49952
각시국수	food	126.48774	33.47162
각시탈	food	126.49166	33.48619
각이진별	stay	126.26536	33.32103
각자의섬	stay	126.90046	33.49031
각지불	food	126.67547	33.42439
간드락게스트하우스민박	stay	126.54398	33.48529
간딴맥주제주	bar	126.54250	33.50236
간또	bar	126.49090	33.48821
간빠이연동점	bar	126.49180	33.48769
간세	stay	126.52621	33.49998
간세라운지	shop	126.52431	33.51257
간식창고	food	126.59804	33.48802
간식창고제주외도점	shop	126.43134	33.48584
간이역오라점	bar	126.51953	33.49732
간이역주홍점	bar	126.52915	33.49151
간장을품은소라게	food	126.40253	33.48342
간조	food	126.85508	33.52338
갈래길국수	food	126.48922	33.48874
갈매기민박	stay	126.88347	33.50093
갈매기식당	food	126.47489	33.49724
갈매기팸	cafe	126.86063	33.52474
갈비아빠	food	126.49249	33.48863
갈옷사랑	shop	126.52973	33.50659
갈옷촌	shop	126.53111	33.51295
갈채	bar	126.48980	33.48763
갈채	bar	126.51567	33.50934
갈치공장	food	126.85098	33.53194
갈치관	food	126.37523	33.48195
갈치깡패애월점	food	126.31349	33.46362
갈치도	food	126.25099	33.40198
갈치옥	food	126.66950	33.54249
갈치음식점궁서체	food	126.51701	33.51683
갈치의정석제주	food	126.47469	33.50925
갈치포구	food	126.32079	33.46588
갈치흥해랑	food	126.43069	33.49236
감귤나무숲	shop	126.58714	33.50027
감귤당	shop	126.52463	33.51316
감귤바람	shop	126.49596	33.50594
감나무집	food	126.51955	33.49414
감동	shop	126.45615	33.50177
감미숯불닭갈비	food	126.47337	33.49094
감빛뜨래	shop	126.49111	33.48857
감사공묘역	heritage	126.66114	33.51296
감성	bar	126.52014	33.50402
감성숙소제주아침	stay	126.80539	33.55563
감성제주	shop	126.52824	33.51209
감성커피	cafe	126.47704	33.48681
감성커피삼화점	cafe	126.58563	33.52157
감성커피연동점	cafe	126.49156	33.48391
감성커피제주	cafe	126.53501	33.49607
감성커피제주외도점	cafe	126.43109	33.48951
감성키친	food	126.58408	33.51975
감성포차	food	126.49310	33.48697
감수굴	stay	126.84391	33.53190
감수다	shop	126.25751	33.35302
감수촌	food	126.58512	33.52178
감술성	food	126.53138	33.49909
감아라	cafe	126.54828	33.48495
감자네	stay	126.63082	33.53556
감자캐는집사	shop	126.60979	33.47407
감쪽같이색이피는집농촌교육농장	activity	126.62558	33.51873
감청마루	activity	126.64075	33.53356
감초당약국	shop	126.85587	33.52328
감초식당	food	126.52794	33.50331
감초식당신제주점	food	126.49555	33.48558
감탄정육점	shop	126.54785	33.49439
갑부보쌈	food	126.52746	33.49571
갑뽕	food	126.53687	33.49528
갑준이똘	cafe	126.95341	33.51843
값진식당함덕흑돼지	food	126.65744	33.54250
갓츠킹삼화점	food	126.57991	33.51611
갓포아키제주도점	food	126.48890	33.48561
갓포효	bar	126.48617	33.48280
강강술래	food	126.52591	33.51222
강구동옷집	shop	126.26405	33.41612
강김밥집	food	126.41457	33.48641
강남	shop	126.52773	33.50017
강남	bar	126.52756	33.50512
강남	bar	126.52236	33.49928
강남	food	126.52794	33.50331
강남스타일단란주점	bar	126.48236	33.48488
강동주방	shop	126.48827	33.49351
강릉엄지네꼬막비빔밥연동점	food	126.48883	33.49067
강리향	food	126.48174	33.48424
강명선샤브샤브	food	126.49733	33.49224
강사또	food	126.50519	33.50981
강산	food	126.85535	33.52627
강생이사료	shop	126.51403	33.49854
강서방정식	food	126.51955	33.49695
강선생손맛	shop	126.95891	33.50002
강선장당일바리	food	126.47883	33.48923
강순	activity	126.49045	33.48151
강쉐프	food	126.54269	33.49766
강스포츠	shop	126.44654	33.48470
강스피자	food	126.18088	33.30355
강앤정	shop	126.52925	33.49627
강약국	shop	126.54347	33.50166
강연우동태찌개제주외도점	food	126.42718	33.48429
강원도식당	food	126.47489	33.49724
강원민박	stay	126.32372	33.94072
강원흑염소건강원	shop	126.50721	33.50489
강윤구스시야	food	126.58766	33.51729
강지원탁구클럽	activity	126.54044	33.50663
강진상회	shop	126.47489	33.49724
강참치	food	126.47932	33.48360
강촌숯불닭갈비도남점	food	126.52525	33.49895
강치비민박	stay	126.31168	33.44357
강현이네	food	126.52894	33.49640
같이	shop	126.44978	33.49595
개구리반찬	shop	126.52974	33.51020
개똥이네농장	activity	126.62278	33.49489
개똥이네제주점	shop	126.55441	33.43755
개똥철학	bar	126.51151	33.51229
개미	food	126.52780	33.50288
개미와베짱이	food	126.55928	33.44914
개미전력	shop	126.46191	33.48316
개미집제주종합경	food	126.51665	33.49418
개성보리밥칼국수	food	126.32052	33.46583
개성연출	shop	126.54091	33.50675
개성회관	food	126.50275	33.51567
개스토랑	cafe	126.51291	33.49844
개싼집	shop	126.48134	33.49003
개염지영말축	food	126.50148	33.48726
개오리오름	nature	126.61251	33.42623
개울	bar	126.55184	33.47941
개인주의자	cafe	126.88581	33.52677
개편한세상	shop	126.52682	33.50451
개화당	cafe	126.54153	33.47020
객주	bar	126.53032	33.51282
갤러리	stay	126.46018	33.50307
갤러리	shop	126.49259	33.48754
갤러리	shop	126.43214	33.49382
갤러리노래연습장	activity	126.53559	33.49227
갤러리노리	shop	126.27050	33.33982
갤러리데이지	shop	126.26753	33.33785
갤러리멘들락	shop	126.61653	33.53547
갤러리민박	stay	126.28008	33.43415
갤러리밀레플러스	shop	126.40260	33.48049
갤러리빈	stay	126.29675	33.43819
갤러리스미다	shop	126.54956	33.47465
갤러리스테이가끼이로	stay	126.39114	33.46830
갤러리스텔라	shop	126.52377	33.48887
갤러리애월	bar	126.31943	33.46473
갤러리여름	shop	126.39826	33.44174
갤러리와이	shop	126.47993	33.48679
갤러리우르르	shop	126.29572	33.43877
갤러리잡화	shop	126.49199	33.48487
갤러리찔레	shop	126.52352	33.50448
갤러리카페꽃담	cafe	126.35717	33.47539
갤러리카페활작	shop	126.51655	33.50770
갤러리하우스	stay	126.24787	33.32207
갤러리하우스	stay	126.40230	33.42399
갤러리함소재	shop	126.49111	33.48857
갤러리호텔비앤비	stay	126.49062	33.49060
갤럭시	stay	126.51257	33.50317
갤럭시골프클럽	activity	126.55176	33.49830
갬성드애월	stay	126.34019	33.46874
갯것이	food	126.53709	33.50339
갯동산	food	126.84436	33.53279
갯바위횟집	food	126.51337	33.51539
갱길이네고사리삼겹살	food	126.50924	33.50685
갱이네보말칼국수	food	126.53451	33.48855
거기벵듸	stay	126.83855	33.52914
거래처	bar	126.51960	33.50097
거로집	food	126.55762	33.51502
거로한방오리	food	126.55382	33.50731
거마가든	food	126.55411	33.48000
거목	bar	126.51596	33.50868
거목	cafe	126.26384	33.41476
거목당	shop	126.52894	33.49640
거문덕이식당	food	126.39742	33.43112
거문덕이점방	shop	126.39742	33.43112
거문오름	nature	126.71790	33.45470
거문오름	cafe	126.70053	33.47928
거문오름꿈의숲	food	126.70214	33.48629
거문오름식당	food	126.69964	33.48614
거문오름오디하우스	stay	126.71259	33.45957
거미	bar	126.53206	33.50239
거부	food	126.48881	33.48635
거북선	bar	126.49354	33.48599
거북이네민박	stay	126.67444	33.53407
거북이마트	shop	126.54698	33.47684
거북이쇼핑	shop	126.66601	33.54164
거산웰리빙	shop	126.52444	33.51283
거상유통	shop	126.32678	33.46252
거성가구	shop	126.44114	33.46970
거성전기	shop	126.56461	33.51583
거성중고가전가구	shop	126.53549	33.49933
거슨새미오름	nature	126.76101	33.45213
거시기	bar	126.52011	33.50217
거인의정원	stay	126.42396	33.48528
거인의정원	cafe	126.53525	33.47184
거제도횟집	food	126.52848	33.51827
건강드림약국	shop	126.47933	33.48681
건강만세	shop	126.53774	33.50481
건강서약국	shop	126.43069	33.49182
건강약국	shop	126.85928	33.52084
건강일등약국	shop	126.54702	33.46878
건강한밥상	food	126.52998	33.49699
건강한약국	shop	126.52005	33.49846
건강한여가문화연구소	shop	126.42263	33.48810
건강한죽앤밥제주중앙	food	126.47048	33.49232
건디샵	shop	126.54908	33.47261
건배	bar	126.52381	33.51063
건배뮤직타운	bar	126.53739	33.49777
건영	food	126.47489	33.49724
건우상회	shop	126.57473	33.52408
건입동마을관리사회적협동조합	shop	126.53526	33.51544
건입동마을협동조합	food	126.53218	33.51658
건입동마을협동조합	food	126.53526	33.51544
건입동백설공주	food	126.52813	33.51552
건입떡집	food	126.53538	33.51413
건입박물관	heritage	126.53085	33.51598
건전지	bar	126.52797	33.50086
걷다보니	stay	126.18932	33.35184
걸스	bar	126.48948	33.48662
걸신토굴	shop	126.52746	33.49780
걸어가는늑대들	shop	126.61266	33.52930
걸작노래연습장	activity	126.49248	33.48602
걸피커피	cafe	126.52588	33.49907
검멀레리조트	stay	126.96792	33.49775
검멀레슈퍼	food	126.97001	33.49876
검멀레해변	beach	126.96725	33.49728
검은모래민박	stay	126.58821	33.52682
검은쇠몰고오는	food	126.49338	33.48360
검은집	shop	126.25662	33.38428
검흘	shop	126.76577	33.50391
겁없는흑돼지부엌	food	126.49617	33.48637
게더제주	food	126.58229	33.52505
게무로사	cafe	126.48108	33.47937
게스앤트라이엄프	shop	126.54125	33.49184
게스제주	shop	126.52463	33.51316
게스트	shop	126.52463	33.51316
게스트하우스민박	stay	126.30801	33.45293
게으르게	stay	126.65400	33.54347
게으른노을	stay	126.26400	33.42631
게으른모퉁이빵집	food	126.40909	33.48331
게으른소나기민박	stay	126.83374	33.53884
게으른오후	stay	126.28377	33.38385
게으른하루	shop	126.83045	33.54220
게임토피아	activity	126.47830	33.48582
겐자부로	shop	126.73492	33.43747
겐조	bar	126.52890	33.50012
겐짱야	food	126.47306	33.49103
겔랑잡화	shop	126.49111	33.48857
겔랑제주	stay	126.35955	33.47424
겔랑제주다온	stay	126.35915	33.47399
겔랑제주스테이	stay	126.35962	33.47440
겔랑제주풀빌라	stay	126.35947	33.47409
겔빠	food	126.46736	33.48760
결	bar	126.25760	33.33640
결곳	food	126.65426	33.49868
결이곱다	food	126.36242	33.47840
겸상	food	126.23297	33.38801
겹겹	bar	126.95774	33.51641
겹겹의의도	food	126.47147	33.48512
경기농수산	shop	126.40591	33.48148
경기부대찌개감자탕	food	126.52925	33.51097
경기유리	shop	126.51300	33.51082
경남전기	shop	126.50660	33.51117
경도원	food	126.67151	33.42602
경동상회	shop	126.52824	33.51209
경동상회	shop	126.43925	33.49397
경락	food	126.54448	33.50644
경민패션	shop	126.53180	33.50222
경보	cafe	126.51449	33.46982
경복민박	stay	126.35731	33.47367
경복정	food	126.54131	33.51084
경상도야채찜	food	126.46501	33.50449
경성	bar	126.53159	33.50780
경성꽈배기	food	126.48391	33.48167
경성수산	food	126.26481	33.40995
경성숯불양꼬치	food	126.49281	33.48793
경성주방	shop	126.51659	33.51137
경숙상회	shop	126.52608	33.51232
경순오뚜기분식	food	126.54658	33.50021
경신상회	shop	126.63636	33.54126
경양카츠제주점	food	126.53822	33.49070
경영	stay	126.78717	33.48324
경운재	cafe	126.67678	33.49394
경원이네두루치기	food	126.48980	33.49362
경원해장국	food	126.53461	33.50718
경일낙지	food	126.48098	33.48846
경일낙지삼화점	food	126.58093	33.51350
경일수산	shop	126.57865	33.51520
경일에프앤씨	food	126.43116	33.48830
경주댁소주방	bar	126.48073	33.47714
경주상회	shop	126.26252	33.41146
경준이네	food	126.53716	33.51250
경진식당	food	126.66492	33.54151
경천민박	stay	126.24638	33.38744
경천안경원	shop	126.41142	33.48419
경태분식	food	126.51790	33.51135
경풍식당	food	126.47300	33.49696
경화	bar	126.53166	33.51354
경화민박	stay	126.94856	33.49813
경희네몽생이	food	126.49206	33.48653
경희대스크린골프	activity	126.54596	33.47092
경희대스포츠클리닉아라점	activity	126.54596	33.47092
경희민박	stay	126.37483	33.46222
곁	bar	126.52399	33.51380
곁겹	stay	126.23187	33.38604
곁제주혼술바연동점	bar	126.49149	33.48623
계구리	food	126.45226	33.46385
계근상제주한림점	food	126.26363	33.41589
계란만	shop	126.49320	33.48359
계룡길벽돌가	stay	126.83618	33.53899
계륵	food	126.49258	33.49103
계마신오돌집	food	126.49118	33.48627
계모임	food	126.54035	33.49741
계성	food	126.51997	33.49789
계씨하우스	stay	126.29967	33.44692
계절미식	shop	126.49672	33.48431
계절식탁	bar	126.52962	33.49896
계절식탁	food	126.66737	33.54256
계획된우연	shop	126.51878	33.51209
고가촌	food	126.54076	33.50416
고객식당	food	126.52584	33.51171
고고낚시	shop	126.44990	33.49497
고고다찌	food	126.26325	33.41579
고고당구장	activity	126.47061	33.48442
고고동동	shop	126.52081	33.50051
고고리식당	food	126.47895	33.48768
고고마	shop	126.52517	33.51466
고고씽	shop	126.52401	33.50802
고고씽노래연습장	activity	126.47760	33.47659
고고안음	shop	126.66108	33.54319
고고애월	stay	126.32030	33.46708
고관심해장국	food	126.17955	33.30117
고관우탁구클럽	activity	126.47686	33.48703
고구려	food	126.48743	33.47758
고구려	bar	126.48948	33.48631
고구려외도점	food	126.43352	33.48498
고국수	food	126.50911	33.50637
고궁	cafe	126.52938	33.50117
고기가게	food	126.49103	33.47990
고기굽는해녀	food	126.82685	33.53601
고기나라야채나라	food	126.52277	33.50581
고기는한우다	food	126.47792	33.48543
고기는한우다이도	food	126.53758	33.49114
고기마씸	food	126.52764	33.49430
고기마을	food	126.56272	33.52310
고기반찬	food	126.33758	33.44995
고기앞에모두평등하다	food	126.53207	33.49971
고기역	food	126.49027	33.48066
고기왕	food	126.41047	33.48557
고기장	food	126.48747	33.51753
고기중독	food	126.49313	33.48888
고기진심	food	126.54064	33.51063
고기충전	food	126.49226	33.49052
고깃소리	food	126.58977	33.53087
고깃집돈누리	food	126.53365	33.49126
고내리본민박	stay	126.33729	33.46491
고내리안민박	stay	126.33864	33.46486
고내안에	stay	126.33640	33.46562
고내촌한정식	food	126.34665	33.47040
고내포구	nature	126.33792	33.46706
고내한밤	stay	126.33907	33.46329
고내횟집	food	126.33762	33.46686
고냉이여관	stay	126.22785	33.33772
고니	food	126.48126	33.48750
고니네활어센타	shop	126.26014	33.41472
고니식당	food	126.54512	33.47375
고다시	cafe	126.52635	33.47401
고다이브	activity	126.26790	33.41799
고담	food	126.25534	33.40592
고도	cafe	126.49497	33.51900
고도칸애월흑돼지	food	126.34957	33.47227
고돔	food	126.44953	33.49710
고돼지하귀점	food	126.41229	33.48420
고등어민박	stay	126.83078	33.54074
고등어쌈밥	food	126.41870	33.48899
고등어회결사	food	126.39554	33.48382
고디레	food	126.67572	33.53422
고랑몰라	food	126.58886	33.51799
고랑몰랑들엉몰랑	food	126.26450	33.40985
고래냉삼	food	126.43217	33.48662
고래돈동	food	126.67857	33.49889
고래맥주	bar	126.43237	33.48751
고래밥	bar	126.31736	33.46480
고래사냥	bar	126.85439	33.52537
고래콩물	food	126.47448	33.48954
고래콩물	food	126.54286	33.49163
고래힘줄	food	126.61873	33.53720
고랫물집	food	126.56791	33.52532
고려민박	stay	126.29776	33.95870
고려불교	shop	126.52878	33.51349
고려양조상사	shop	126.44349	33.48667
고려웰빙	shop	126.53847	33.48922
고려인삼도소매	shop	126.52279	33.51307
고려홍삼	shop	126.49032	33.48968
고려홍삼제주별	shop	126.48848	33.48609
고려홍삼제주스타	shop	126.48512	33.48580
고르멍드르멍	food	126.50175	33.51523
고릴라캠핑제주점	shop	126.51050	33.50085
고마담	bar	126.52446	33.50649
고마로馬문화축제	event	126.53458	33.50662
고마로갈비탕	food	126.53880	33.51171
고마로포차	food	126.54006	33.50866
고마루	food	126.17932	33.30340
고마워토토	activity	126.41308	33.46982
고망고제주연동점	cafe	126.49049	33.48799
고망돌담	stay	126.74663	33.48919
고망딱새	cafe	126.45964	33.50345
고모네돔베	food	126.71213	33.45958
고미미	food	126.51769	33.51531
고바	bar	126.49156	33.48799
고바진	stay	126.32431	33.43293
고반	shop	126.85617	33.52550
고반가옥	stay	126.81056	33.54192
고보배국밥	food	126.53658	33.49514
고봉민김밥인아라점	food	126.54426	33.47421
고불락	food	126.33649	33.46671
고불락민박	stay	126.33649	33.46671
고븐달	cafe	126.96945	33.50143
고븐달제주	stay	126.27386	33.42232
고사리꽃피면	food	126.53490	33.48572
고사리민박	stay	126.70746	33.45284
고사리바	food	126.51163	33.51245
고사리식당	food	126.70746	33.45284
고사리식당	food	126.49164	33.49031
고사리커피	cafe	126.76410	33.47341
고산꽈배기상점	food	126.17922	33.30484
고산낚시，슈퍼	shop	126.17466	33.30446
고산동산	food	126.53453	33.49613
고산별곡	stay	126.18033	33.30290
고산별이아름답다	food	126.17962	33.30421
고산슈퍼	shop	126.17962	33.30496
고산예쁜집	stay	126.18636	33.30326
고산온	stay	126.19593	33.29764
고산의낮고산의밤	cafe	126.17974	33.30340
고산이랑	stay	126.18005	33.29755
고산정원	stay	126.19240	33.30054
고산주택	stay	126.16759	33.28752
고산풀담	stay	126.17707	33.30718
고산함지박	food	126.18004	33.30329
고샅길	stay	126.38356	33.46898
고선생당구장용담점	activity	126.50995	33.50890
고성장수물식당	food	126.49862	33.49191
고소한	food	126.51790	33.51135
고소한모숨비둠비	food	126.54844	33.47460
고소한오향족발	food	126.66804	33.54048
고송네모	food	126.64069	33.53973
고수김밥	food	126.58133	33.52101
고수이자카야야키토리한계제주	food	126.50897	33.50972
고스락	shop	126.49863	33.48369
고스란쉐어하우스	stay	126.33940	33.46706
고스란히	cafe	126.53513	33.48846
고스트타운	activity	126.35687	33.47640
고스트하우스	food	126.35677	33.47587
고슬	food	126.49713	33.48798
고슬고슬제주	food	126.79219	33.55912
고승아약국	shop	126.54047	33.50794
고씨네닭강정	food	126.49049	33.48799
고씨회관	bar	126.49123	33.48771
고씨회포장	food	126.42757	33.49048
고양이도시락	food	126.32079	33.46588
고양이부엌제주시점	food	126.53033	33.49847
고양이선장식당	food	126.94644	33.49507
고양이선장카페	activity	126.94434	33.49567
고양이수염	stay	126.75418	33.55193
고요고목돌집감성풀빌라스테이	stay	126.39563	33.45159
고요남	food	126.53590	33.48558
고요다락	stay	126.36512	33.44446
고요산책	cafe	126.52386	33.51182
고요새	cafe	126.58675	33.52555
고요의계절	stay	126.36799	33.47203
고요정원	stay	126.90244	33.49458
고요하우스	stay	126.48574	33.45332
고요한시선	stay	126.38335	33.46694
고요히민박	stay	126.74745	33.55675
고우니가든	food	126.65201	33.49595
고우니제주를담다말흑돼지전복삼합	food	126.38973	33.48856
고운당	shop	126.50108	33.48427
고운르네셀	shop	126.48671	33.48577
고운아이뷰티	shop	126.49158	33.47856
고운약국	shop	126.52566	33.50041
고운오리	food	126.58602	33.51066
고운우리옷	shop	126.49111	33.48857
고울레라	shop	126.52835	33.50283
고은화장품	shop	126.85859	33.52328
고을면	food	126.54459	33.49888
고을목	food	126.40900	33.48648
고이정	food	126.31135	33.45933
고장난벽시계	stay	126.18180	33.30524
고재숯불함바그	food	126.48271	33.48410
고재쌀국수	food	126.65945	33.54015
고전떡볶이	food	126.51940	33.51293
고전떡볶이한라대점	food	126.47798	33.47653
고주망태	food	126.49180	33.48769
고죽면제주	food	126.53545	33.49250
고죽면제주	food	126.46566	33.50368
고죽면제주삼화점	food	126.58028	33.51628
고죽면칼국수제주	food	126.59362	33.48875
고즈갤러리	shop	126.54474	33.50159
고즈넉	stay	126.66697	33.50861
고집돌우럭	food	126.66310	33.54382
고집돌우럭제주	food	126.52806	33.51625
고찌가게	cafe	126.53536	33.49814
고찌글라	stay	126.66237	33.54248
고창댁풍천장어낙지	food	126.55954	33.51871
고촌	food	126.54502	33.49855
고추냉이식당	food	126.43580	33.46126
고치글라	bar	126.58408	33.52089
고코요	food	126.53997	33.50467
고토	cafe	126.38089	33.48099
고토커피바	cafe	126.38090	33.48103
고튼올레	food	126.54596	33.47231
고팡	shop	126.66797	33.54026
고팡굿즈스토어제주동문	shop	126.52655	33.51463
고팡굿즈스토어제주애월점	shop	126.30512	33.44934
고향	food	126.52404	33.51445
고향떡집	food	126.46259	33.49403
고향모밀촌	food	126.58314	33.52091
고향상회	shop	126.52572	33.51238
고향수산	shop	126.52675	33.51157
고향숯불막창	food	126.47847	33.48788
고향숯불막창삼도점	food	126.51771	33.50116
고향숯불막창삼화점	food	126.57504	33.52142
고향숯불막창외도점	food	126.43138	33.48662
고향숯불막창한림점	food	126.26314	33.41033
고향역	food	126.22407	33.38668
고향의봄	food	126.52150	33.49586
고향족발	food	126.56636	33.52182
고향향토장터	food	126.32787	33.94540
고향흑돼지	food	126.25358	33.40775
고현우탁구클럽	activity	126.47774	33.49333
고흐아트	shop	126.25422	33.38685
고흐와바흐민박	stay	126.26282	33.39130
고흥식당	food	126.52005	33.51415
곡천화원	shop	126.49699	33.49132
곤밥	food	126.65763	33.47312
곤밥보리밥	food	126.32181	33.45824
곤밥집	food	126.26052	33.41542
곤을커피	cafe	126.55937	33.52237
곤지암할매소머리국밥	food	126.48258	33.48411
곤지암할매소머리국밥신제주점	food	126.49300	33.48963
곤집	shop	126.58349	33.52333
곤트란쉐리에제주	cafe	126.48520	33.47054
골드	food	126.49075	33.47967
골드당구클럽	activity	126.53148	33.49776
골드드래곤	shop	126.53329	33.49556
골드스시	food	126.49297	33.48865
골드존	shop	126.52578	33.51450
골드홀덤보드카페	activity	126.48972	33.48604
골든듀제주점	shop	126.52680	33.51428
골든벨노래연습장	activity	126.26080	33.41381
골든비치민박	stay	126.49118	33.51866
골든파크호텔	stay	126.51298	33.49924
골마켓제주	shop	126.49333	33.49472
골마켓제주점	shop	126.54333	33.48927
골막식당	food	126.53843	33.50242
골목	food	126.52502	33.51183
골목길감자탕	food	126.49031	33.48662
골목김밥	food	126.53226	33.50144
골목돼지	food	126.48341	33.48726
골목술집	food	126.54237	33.50970
골목식당	food	126.52503	33.51185
골목정육식당	food	126.53364	33.51499
골목집갈비	food	126.51769	33.50188
골목카페옥수	cafe	126.37993	33.43977
골목커피	cafe	126.48720	33.48526
골목하우스	stay	126.65099	33.54780
골목회수산	food	126.48351	33.49115
골방	food	126.49166	33.48619
골뱅이	bar	126.53035	33.49793
골뱅이닷컴	bar	126.54219	33.50287
골뱅이포차	bar	126.53730	33.49626
골오기네뜰	stay	126.25723	33.35133
골체오름민박·캠핑	stay	126.70487	33.45161
골체오름캠핑	stay	126.70435	33.45180
골프몬딱	shop	126.49554	33.49684
골프수리소	shop	126.47095	33.48150
골프스토리	shop	126.53865	33.48751
골프존마운틴	activity	126.54555	33.49438
골프존몽룡스크린골프	activity	126.46662	33.49379
골프존슈퍼	shop	126.48558	33.46245
골프존야외골프메이저퀸	activity	126.48531	33.46537
골프존영스크린연북로점	shop	126.50288	33.48237
골프존준스크린	activity	126.26769	33.41136
골프존진스크린골프	activity	126.46662	33.49379
골프존클럽하우스	activity	126.47475	33.48973
골프존탑스크린	activity	126.47668	33.48884
골프존파크스톤시티점	activity	126.58031	33.52152
골프존파크아라엔젤스크린	activity	126.53927	33.47202
골프존파크애월굿스크린	shop	126.32407	33.46597
골프존파크이도텐스크린	activity	126.53853	33.49017
골프존파크클럽하우스	activity	126.48403	33.48231
골프존파크타이틀연북로점	activity	126.49872	33.48210
골프주	shop	126.50422	33.50006
골프타임구제주점	activity	126.52217	33.49884
골프하우스	shop	126.49208	33.48272
곰	food	126.52323	33.48931
곰곰	stay	126.23037	33.38768
곰곰	shop	126.46120	33.47906
곰곰	food	126.53226	33.49982
곰돌식당	food	126.48630	33.48813
곰뚱씨재주	shop	126.50982	33.50497
곰막	food	126.72052	33.55688
곰막다방	cafe	126.72052	33.55688
곰솔과맹개	food	126.48808	33.48685
곰솔휴게소	shop	126.55424	33.44824
곰순이	cafe	126.26111	33.41305
곰아저씨네	stay	126.18171	33.35060
곰온누리약국	shop	126.41457	33.48641
곰이밥통	food	126.53603	33.50624
곰집	food	126.53784	33.48970
곰표반점	food	126.57987	33.51750
곰표반점도련점	food	126.58893	33.51708
곱다헌	stay	126.50146	33.48698
곱닥한	stay	126.50664	33.51417
곱닥헌케익엔쿠키	food	126.55110	33.48596
곱들락	stay	126.23966	33.30993
곱들락	food	126.67023	33.53949
곱디글락	activity	126.51573	33.50923
곱분이곱창	food	126.52868	33.49925
곱분이곱창	food	126.49156	33.48799
곱은과일	shop	126.52606	33.51174
곱은달	food	126.66375	33.49422
곱은달집	stay	126.66992	33.51477
곱창스튜디오	food	126.26371	33.41722
곱창시대	food	126.49663	33.48238
곳간	food	126.40821	33.47038
곳간제주삼화점	shop	126.57380	33.51446
곳남모을카페	cafe	126.55995	33.48180
곳집	shop	126.82111	33.53275
공간	shop	126.52696	33.49626
공간낚시	shop	126.85524	33.52770
공간뉴제주펍	bar	126.48272	33.48567
공간바람	shop	126.79276	33.55516
공간뷰티샵	shop	126.54826	33.47570
공간서오	cafe	126.70206	33.45969
공간애월	stay	126.31892	33.46560
공간연출부엌가구	shop	126.42401	33.47673
공간움놀깨	food	126.78166	33.46905
공간키친	bar	126.52962	33.49896
공간프롤릭	shop	126.48581	33.47295
공감공간해안마을	stay	126.45991	33.45061
공감하우스	stay	126.72374	33.55176
공공시	food	126.54367	33.50175
공공연	stay	126.16840	33.32300
공과사	food	126.52383	33.51368
공그로트	stay	126.66971	33.51114
공기	food	126.56629	33.52081
공단매점	food	126.56344	33.51246
공단해장국	food	126.52782	33.48824
공단해장국아라점	food	126.55333	33.47876
공덕상회	shop	126.48109	33.48944
공동유통	shop	126.53649	33.51205
공드리스튜디오	shop	126.25669	33.39386
공든	cafe	126.64033	33.53875
공룡마라탕	food	126.43111	33.48678
공룡마라탕앤꼬치	food	126.56596	33.51922
공룡마라탕앤꼬치	food	126.54514	33.47404
공룡마라탕앤꼬치	food	126.26281	33.41421
공명식당	food	126.48450	33.48790
공백	cafe	126.71504	33.55270
공사바	stay	126.84289	33.53092
공생	cafe	126.54328	33.50823
공설	food	126.51667	33.49853
공수간제주	food	126.52984	33.49726
공원당구장	activity	126.49098	33.49057
공유	shop	126.53021	33.48680
공육사노트	cafe	126.25990	33.41133
공육사하이픈	bar	126.49057	33.48813
공육이육	shop	126.63377	33.49439
공일공회센터	food	126.54371	33.50573
공일오비	bar	126.54161	33.50529
공작흑돼지	food	126.65906	33.54412
공존	shop	126.51751	33.50741
공존	food	126.54310	33.49828
공주	shop	126.49111	33.48857
공주네국수	food	126.59371	33.49134
공주이불	shop	126.49711	33.48790
공차이마트신제주점	cafe	126.48043	33.48497
공차제주	cafe	126.52550	33.51610
공차제주	cafe	126.54143	33.50540
공차제주	cafe	126.52265	33.51712
공차제주	cafe	126.53022	33.49807
공차제주삼화점	cafe	126.58099	33.51611
공차제주아라점	cafe	126.54531	33.47305
공차제주연동점	cafe	126.49027	33.48894
공차한라대점	cafe	126.47503	33.47862
공탱크	cafe	126.22909	33.38839
공터하우스	cafe	126.51602	33.50922
공팔수산	shop	126.51320	33.49196
공평옥	food	126.47832	33.48256
공푸마라탕	food	126.48782	33.48712
공항가는길무인카페	food	126.49538	33.49676
공항가족식당	food	126.49740	33.50435
공항근처게스트하우스	stay	126.50902	33.50334
공항근처국밥고기국수	food	126.48509	33.49204
공항길	stay	126.50079	33.51491
공항길귤창고	shop	126.50850	33.49637
공항길낚시	shop	126.50831	33.50595
공항김밥	food	126.50965	33.50760
공항맛집아놔고	food	126.43068	33.49245
공항셔틀제주블라썸	shop	126.47788	33.50008
공항자전거	shop	126.49680	33.50526
공회당	bar	126.89998	33.49338
공훈카페	food	126.24623	33.39885
곶쉼채	stay	126.36171	33.43747
곶자왈	stay	126.70900	33.47258
곶자왈거문오름	stay	126.70948	33.47209
곶자왈노크	cafe	126.60979	33.47407
곶자왈의곶	food	126.52288	33.51707
곶자왈칼국수	food	126.67611	33.43448
과랑과랑	shop	126.79509	33.55525
과랑과랑	shop	126.51790	33.51135
과랑펠롱민박제주커플가족독채	stay	126.23427	33.29220
과물식당	food	126.30492	33.44979
과물치킨	food	126.30431	33.44860
과수원집	food	126.54630	33.50744
과수원피스	food	126.22701	33.38548
과수원피스펜션	stay	126.22747	33.38540
과수원피스펜션	stay	126.22701	33.38548
과일고	food	126.48077	33.49061
과일나라	shop	126.51983	33.51294
과일나무연동점	shop	126.49117	33.48967
과일박스	cafe	126.52606	33.51174
과일아삭	shop	126.50854	33.50052
과일아삭고기듬삭	shop	126.54209	33.50423
과일이네애조로점	shop	126.46981	33.46457
과즙팡팡	shop	126.51906	33.50011
곽나루	food	126.30854	33.45332
곽돈	food	126.30528	33.44910
곽스토랑	food	126.30747	33.45296
곽지가	food	126.30776	33.44875
곽지곤지암해장국	food	126.30519	33.44670
곽지국시	food	126.30788	33.44885
곽지농수산	shop	126.39130	33.48177
곽지다온민박	stay	126.31990	33.44275
곽지당	stay	126.30956	33.44565
곽지로온	stay	126.31728	33.44258
곽지마트	shop	126.30588	33.44736
곽지머물다	stay	126.30711	33.45030
곽지별땅민박	stay	126.30920	33.44897
곽지뽕끌락	food	126.30588	33.44736
곽지식당	food	126.30443	33.44944
곽지썬정육수산	shop	126.30588	33.44736
곽지안다미로	food	126.30839	33.44525
곽지올레	stay	126.30698	33.44408
곽지웨이브펜션	stay	126.30777	33.45171
곽지정육	shop	126.30588	33.44736
곽지주택	stay	126.31146	33.44488
곽지하우스	stay	126.30954	33.45310
곽지해녀의집	food	126.30661	33.45379
곽지해수욕장	beach	126.30311	33.44854
곽지횟집	food	126.30601	33.44994
관곶	nature	126.64407	33.55322
관광호텔더레드	stay	126.53189	33.50102
관덕장여관	stay	126.52294	33.51280
관덕정들깨칼국수	food	126.52062	33.51326
관덕정약국	shop	126.52127	33.51289
관동작업실	shop	126.25548	33.35752
관심사	shop	126.52457	33.51124
관음사가는길펜션	stay	126.55446	33.43752
관음사식당	food	126.54930	33.42252
관음사야영장	stay	126.55059	33.42194
관음사휴게소	shop	126.54930	33.42252
괌	bar	126.54514	33.49839
광동도남오거리	food	126.57304	33.51981
광땡	food	126.57910	33.51649
광령	food	126.50989	33.50917
광령그린민박	stay	126.42516	33.44822
광령노래연습장	activity	126.43912	33.46109
광령노리터서프	shop	126.43999	33.49577
광령도니족발	food	126.43522	33.46027
광령디오션펜션민박	stay	126.43228	33.47215
광령마트	shop	126.43815	33.46100
광령소낭	stay	126.44585	33.45164
광령치킨	food	126.43755	33.46060
광령키즈북카페	cafe	126.43341	33.45955
광령호텔	stay	126.42424	33.46360
광령힐식당	food	126.43051	33.44670
광림	food	126.48920	33.48949
광명농수산	shop	126.55076	33.47405
광명당안경원	shop	126.52572	33.51297
광명상회	food	126.52824	33.51209
광명식당	food	126.52824	33.51209
광명호	activity	126.29741	33.95959
광미밥상	food	126.46410	33.50328
광반점	food	126.54578	33.50244
광성식당	food	126.43883	33.46081
광신기념사	shop	126.67849	33.47011
광야	bar	126.53148	33.49865
광양마산아구찜	food	126.52768	33.50128
광양마트	shop	126.52891	33.50133
광양마트축산	shop	126.52891	33.50133
광양보석	shop	126.52826	33.50031
광양스타박스노래주점	bar	126.53041	33.49804
광양왕소금깡통구이	food	126.53168	33.49923
광양유통	shop	126.52801	33.50190
광양이조	food	126.53098	33.50034
광양이조연동점	food	126.49561	33.48692
광양중고	shop	126.52274	33.50001
광양캔사스시티	bar	126.52879	33.49907
광양해장국	food	126.53262	33.49991
광양해장국집	food	126.53261	33.49992
광영식당	food	126.43912	33.46109
광원	food	126.48481	33.47296
광육	food	126.54229	33.47831
광육축산	shop	126.54229	33.47831
광이네	shop	126.53060	33.50952
광이멀	stay	126.30566	33.40584
광이멀스테이	stay	126.30488	33.40588
광장가든	food	126.32130	33.46436
광장노래하는소주타운	bar	126.26237	33.41468
광장제주혼술바	food	126.52346	33.51559
광정	shop	126.49538	33.48548
광주김치	shop	126.61854	33.52777
광주빛고을	food	126.53117	33.50258
광주생각	bar	126.53876	33.51238
광주아구찜	food	126.52217	33.49884
광주약국	shop	126.49004	33.48115
광주포차	food	126.53121	33.51324
광주해물	shop	126.52615	33.51211
광주흑염소건강원	shop	126.47258	33.49233
광평도새기촌	food	126.47084	33.48281
광평도새기촌	food	126.58558	33.52092
광훈이네	food	126.50761	33.51622
괜찮아	stay	126.86224	33.52337
괜찮아잘될거야	food	126.52038	33.50424
괜찮은술책	bar	126.89509	33.49259
괴기	food	126.54555	33.50198
괴오름	nature	126.37546	33.35609
괸당네파전	food	126.53232	33.50097
괸당집	food	126.66443	33.54239
괸당집신제주점	food	126.48885	33.48869
괸당커피	cafe	126.52911	33.50031
교동짬뽕제주	food	126.53373	33.50318
교래	bar	126.67443	33.42736
교래게스트하우스	stay	126.68061	33.43709
교래공간	food	126.50608	33.50665
교래뜰	stay	126.67195	33.42421
교래리동호펜션	stay	126.67974	33.43640
교래면공방	food	126.67742	33.43666
교래삼복가든	food	126.67649	33.43676
교래생태체험장	stay	126.67124	33.42618
교래손칼국수	food	126.67600	33.43614
교래옹달샘	food	126.67810	33.43941
교래치킨피자	food	126.67811	33.43840
교래텔	stay	126.67567	33.42780
교래팔도농수산	shop	126.66168	33.46068
교래편의점	shop	126.67443	33.42736
교래퐁낭	food	126.67411	33.42598
교래퐁낭식당별관	food	126.67373	33.42613
교래향	food	126.67633	33.43506
교래흑돼지	food	126.67506	33.42373
교반구제주점	food	126.52984	33.49726
교반제주한림점	food	126.26086	33.41330
교촌치킨	food	126.66737	33.54256
교촌치킨	food	126.47596	33.48866
교촌치킨	food	126.54153	33.49393
교촌치킨	food	126.54127	33.50595
교촌치킨	food	126.52244	33.51718
교촌치킨건입점	food	126.53879	33.51153
교촌치킨도두해안도로점	food	126.46619	33.50377
교촌치킨삼양화북점	food	126.57605	33.51449
교촌치킨세화점	food	126.85452	33.52659
교촌치킨아라점	food	126.54572	33.47015
교촌치킨애월해안도로점	food	126.33732	33.46645
교촌치킨오라점	food	126.51838	33.49038
교촌치킨외도하귀점	food	126.41521	33.48238
교촌치킨용담삼도점	food	126.50774	33.50970
교촌치킨제주	food	126.53095	33.49883
교촌치킨제주지사	food	126.45687	33.49258
구갈비	food	126.48833	33.48874
구공일	bar	126.52031	33.50656
구공족발	food	126.43238	33.48727
구공족발	food	126.42960	33.48739
구공족발연동점	food	126.49199	33.48487
구구단	bar	126.49115	33.47878
구구배드민턴센터	activity	126.48401	33.44960
구구토종닭	food	126.67442	33.42539
구김스테이	stay	126.75001	33.55662
구남골프존	activity	126.53593	33.48943
구남살롱	bar	126.53593	33.48943
구둠	cafe	126.25823	33.40790
구들	shop	126.54566	33.49892
구라미수족관	shop	126.56117	33.52169
구룡낚시	activity	126.37552	33.47845
구루마	food	126.44811	33.49779
구룸	shop	126.43069	33.48820
구르는제주	stay	126.28092	33.42137
구르미별동	stay	126.86212	33.51264
구름다리명가	food	126.51400	33.51543
구름밭카페	food	126.89638	33.52190
구름밭편의점	shop	126.89707	33.52132
구름밭하우스	stay	126.89707	33.52132
구름비낭　민박	stay	126.19764	33.36343
구름소랑	stay	126.29707	33.43923
구름약국	shop	126.48036	33.48319
구름위에둥둥	food	126.53345	33.48813
구름의하루	stay	126.87053	33.52364
구름제과	food	126.52750	33.49865
구몰니인사리	stay	126.31136	33.42711
구백족발	food	126.52894	33.49640
구삼반점	food	126.54337	33.49819
구석집제주	food	126.32429	33.46634
구스스테이크	food	126.34665	33.45708
구슬당구장	activity	126.29765	33.96320
구슬주머니	shop	126.52680	33.51462
구시물	nature	126.40971	33.45653
구십육도	shop	126.52824	33.51209
구씨커피	cafe	126.85396	33.52363
구씨커피로스터스	cafe	126.85395	33.52363
구어라	food	126.49108	33.47947
구어라조연탄	food	126.52906	33.49824
구엄길나동민박	stay	126.37580	33.47694
구엄리용삼네	stay	126.38241	33.47710
구엄리원예정원	shop	126.38182	33.47637
구엄살롱	shop	126.37354	33.48054
구엄애초밥	food	126.37732	33.48402
구엄약초	shop	126.47489	33.49724
구엄어촌계쉼터	shop	126.37737	33.48418
구엄어촌체험마을	activity	126.37726	33.48400
구엄에서고내까지	food	126.34458	33.47114
구엄올레	stay	126.37778	33.48159
구엄포구	nature	126.37640	33.48430
구옥빈티지	shop	126.34947	33.45766
구움몽	food	126.24196	33.39525
구움섬	food	126.55014	33.47189
구이九二	food	126.54112	33.50420
구이사이	food	126.36854	33.47226
구이소	food	126.49461	33.49347
구전라도	food	126.53182	33.49909
구제바라기	shop	126.52772	33.50302
구제아울렛	shop	126.52397	33.50812
구제의신세계	shop	126.52369	33.51034
구제주포차	food	126.52544	33.51700
구좌건강원	shop	126.85571	33.52572
구좌농협하나로마트	shop	126.85291	33.52459
구좌마을여행사협동조합	activity	126.74325	33.55085
구좌상회	cafe	126.69889	33.48572
구좌약국	shop	126.85567	33.52327
구좌월정세화리제주삼다장	food	126.81195	33.49523
구좌유기농	shop	126.85044	33.50686
구좌제당소	food	126.83718	33.53774
구좌지앵	food	126.90610	33.49533
구주택	stay	126.69931	33.54900
구즈앤어니스티	shop	126.53228	33.49669
구찌	shop	126.52123	33.50004
구피풋	bar	126.52910	33.49896
구호제주점	shop	126.49032	33.48872
국가대표야식클라쓰	food	126.54478	33.50300
국가대표탁구클럽	activity	126.47041	33.48424
국단수산	shop	126.95164	33.51705
국대수산	shop	126.25925	33.41265
국대전	food	126.43139	33.48676
국도장모텔	stay	126.49534	33.48959
국립박물관문화재단	shop	126.54791	33.51380
국립제주박물관	heritage	126.54886	33.51338
국민건강원	shop	126.57720	33.51763
국민낙곱새구제주점	food	126.53680	33.49593
국민낙곱새신제주점	food	126.47680	33.49222
국민낙곱새제주삼화점	food	126.58364	33.52090
국민재난안전복지사업단제주총판	shop	126.52942	33.51688
국민포차	bar	126.49361	33.49347
국민포차	food	126.59013	33.50925
국밥생각	food	126.48400	33.48134
국밥어머니솜씨	food	126.47970	33.49156
국밥장인제주점	food	126.53885	33.48964
국밥한술	food	126.51103	33.51032
국보슈퍼	shop	126.29522	33.35708
국보여인숙	stay	126.53881	33.51375
국보정	bar	126.52772	33.50098
국빈대반점	food	126.47191	33.49102
국수나무	food	126.49055	33.48776
국수나무제주항점	food	126.53422	33.52004
국수나무집	food	126.49198	33.49084
국수대표	food	126.47930	33.48453
국수데이	food	126.41297	33.48240
국수마당	food	126.53220	33.50807
국수마씸	food	126.52094	33.51097
국수만찬	food	126.49550	33.48716
국수먹고가게	food	126.51319	33.51332
국수몰고랑	food	126.49226	33.49081
국수사랑	food	126.57081	33.51924
국수장터	food	126.53419	33.50275
국수전	food	126.47704	33.48681
국수천하	food	126.51957	33.49676
국수한상	food	126.53697	33.49250
국시촌	food	126.52622	33.49682
국시트멍	food	126.48134	33.47936
국일	stay	126.52030	33.50177
국일유리	shop	126.54402	33.50345
국제공예	shop	126.47910	33.49392
국제공조	shop	126.53765	33.49930
국제리더스클럽	activity	126.65249	33.55156
국제리더스클럽	shop	126.65001	33.54202
국제리더스클럽	shop	126.64859	33.54213
국제리빙	shop	126.51235	33.49298
국제보청기프라자	shop	126.51661	33.49968
국제수석	shop	126.47910	33.49392
국제스넥코너	shop	126.54315	33.52356
국제애견센터	shop	126.52438	33.50743
국제유리	shop	126.54279	33.49777
국제자원	shop	126.68689	33.52709
국제종합주방	shop	126.51308	33.49293
국제토산품스낵	food	126.54315	33.52356
국제통닭신제주점	food	126.47843	33.49105
국제호텔	stay	126.48655	33.48929
국진장	food	126.51917	33.50429
국진축산유통	shop	126.54641	33.47049
국희네	shop	126.52824	33.51209
군산소문난해물칼국수	food	126.53718	33.50359
군산야식	food	126.52011	33.50302
군성해안빌리지	stay	126.35462	33.47322
군자대한곱창제주	food	126.52860	33.49862
굳유토피아	stay	126.52299	33.51108
굴무기낭	cafe	126.32792	33.43312
굽네치킨	food	126.47680	33.48613
굽네치킨	food	126.62396	33.53578
굽네치킨	food	126.66137	33.54524
굽네치킨	food	126.54381	33.50279
굽네치킨도남점	food	126.52691	33.49527
굽네치킨도련	food	126.58956	33.51128
굽네치킨아라점	food	126.54414	33.47153
굽네치킨애월	food	126.33922	33.46690
굽네치킨연동점	food	126.49178	33.48541
굽네치킨영평점	food	126.55922	33.48189
굽네치킨외도점	food	126.42955	33.48511
굽네치킨용담점	food	126.51020	33.51252
굽네치킨우도점	food	126.95713	33.51434
굽네치킨제주도평점	food	126.45657	33.47977
굽네치킨한라초점	food	126.48797	33.47716
굽네치킨한림점	food	126.26909	33.41251
굽네치킨화북	food	126.56554	33.51950
굽닭	food	126.58027	33.52103
굽담	food	126.49022	33.48618
굽멍	food	126.51411	33.50198
굽써	food	126.44872	33.49752
굿나인스테이	stay	126.22740	33.32573
굿나잇굿럭	food	126.31943	33.46473
굿나잇잡화점	shop	126.34945	33.45454
굿나잇＆굿럭	stay	126.31869	33.46653
굿뉴스케어	shop	126.49672	33.48431
굿도넛	food	126.48043	33.48497
굿독애견미용클럽	shop	126.52013	33.50499
굿모닝관덕	shop	126.70954	33.46306
굿모닝마트	shop	126.27053	33.31841
굿모닝보청기	shop	126.52008	33.49956
굿모닝약국	shop	126.48563	33.48164
굿모닝텔레콤	shop	126.48563	33.48164
굿모닝헬스클럽	activity	126.53160	33.51289
굿모닝호	activity	126.46061	33.49499
굿샵	shop	126.56072	33.49410
굿샷프렌즈스크린	activity	126.53495	33.48547
굿초이스	bar	126.51815	33.50018
굿퍼니처	shop	126.52437	33.51383
굿프렌드	shop	126.40177	33.48035
굿해빗골프아카데미	activity	126.66601	33.49338
궁	food	126.57438	33.51476
궁궐민박	stay	126.29789	33.96355
궁노래주점	bar	126.48969	33.48492
궁무인텔	stay	126.52681	33.50064
궁전여관	stay	126.53885	33.50947
궁중	food	126.59222	33.51280
궁중삼계탕	food	126.52757	33.49937
궁중오메기떡	food	126.49343	33.49486
궁한스샤브샤브신제주점	food	126.49451	33.48268
궁한스샤브제주	food	126.54533	33.49903
권가칼국수	food	126.57693	33.51711
권구성순대국밥제주점	food	126.46977	33.48894
권여사또바기	food	126.34875	33.45629
궷물오름	nature	126.40751	33.39710
귀농	cafe	126.95602	33.49603
귀니따	stay	126.39126	33.44811
귀덕	stay	126.29578	33.44247
귀덕귀덕	stay	126.30223	33.42283
귀덕글라	stay	126.29002	33.43899
귀덕낚시	shop	126.29306	33.44366
귀덕바다투명카약	activity	126.29118	33.44330
귀덕바당	stay	126.28535	33.44258
귀덕순우동	food	126.27379	33.43484
귀덕숨비	stay	126.28231	33.44170
귀덕스테이	stay	126.28591	33.44390
귀덕편의점	shop	126.28030	33.43782
귀덕하우스바당드레	stay	126.27775	33.43871
귀동이네	food	126.56344	33.52106
귀빈반점	food	126.47754	33.47713
귀빈식당	food	126.29758	33.96360
귀빈신발	shop	126.47489	33.49724
귀아낭	food	126.49902	33.48541
귀족홍길동	food	126.47686	33.48703
귀편한보청기청각재활센터	shop	126.47916	33.48394
귀하도다	stay	126.89604	33.51480
귀한손님	food	126.51362	33.51019
귀한족발신제주점	food	126.49477	33.49097
귀한족발제주	food	126.54059	33.50586
규규	food	126.48761	33.48373
규르방	shop	126.52772	33.51219
규만이네정육점	shop	126.49331	33.49184
규방	bar	126.48816	33.49225
규와이너리	cafe	126.71504	33.55270
규태네	food	126.48609	33.48616
규태네남녕점	food	126.48081	33.48973
귤귤	food	126.47150	33.50880
귤꽃	cafe	126.65531	33.53842
귤꽃스테이	stay	126.21821	33.29600
귤꽃향기	stay	126.25023	33.32015
귤낭	cafe	126.47315	33.47490
귤낭아랫집	stay	126.25227	33.30979
귤낭제주	shop	126.45924	33.49265
귤다방	shop	126.66531	33.50467
귤담	shop	126.49296	33.49637
귤담길	stay	126.38890	33.45139
귤담채	stay	126.24060	33.30903
귤당리	cafe	126.19616	33.36306
귤랑	cafe	126.44789	33.48043
귤림노래연습장	activity	126.51203	33.50957
귤림서원	heritage	126.52760	33.50606
귤림청과	shop	126.52800	33.51253
귤림하우스	stay	126.70132	33.54213
귤메달하우스	food	126.52288	33.51707
귤반스튜디오	activity	126.28399	33.38040
귤밭띠	stay	126.36963	33.45517
귤빛	stay	126.69064	33.51361
귤빛상회	shop	126.32236	33.45266
귤빛월림협동조합	shop	126.25538	33.35081
귤빛캠핑장	stay	126.67380	33.50396
귤사랑쉼팡민박	stay	126.32869	33.42705
귤작가	food	126.46044	33.47491
귤주택	stay	126.48658	33.49423
귤하르방구좌점	cafe	126.84943	33.53240
귤한가	stay	126.26308	33.38843
귤향기	shop	126.48576	33.46490
귤향기청과	shop	126.52824	33.51209
그	bar	126.28011	33.44187
그계절	cafe	126.81852	33.53202
그곳애월	stay	126.39306	33.42619
그공간	stay	126.90214	33.49485
그까페	cafe	126.52149	33.51286
그날오후	stay	126.84091	33.52309
그날의조각	food	126.47727	33.47984
그날의하도	stay	126.88690	33.52003
그날저지	stay	126.24004	33.33753
그냥	food	126.50280	33.51413
그냥놀맨	shop	126.30431	33.44860
그냥아지트	bar	126.54252	33.50861
그냥우동	food	126.38183	33.47817
그대봄	stay	126.81942	33.53559
그디글라	food	126.43385	33.45894
그디행복	cafe	126.53004	33.51141
그때그집	food	126.32424	33.46632
그라나다	cafe	126.46408	33.49950
그라미제주연동점	food	126.48927	33.49018
그라벨호텔	stay	126.42865	33.49239
그라빠스테이	stay	126.79604	33.55248
그라스랜드	food	126.31066	33.46241
그라인딩홀덤펍	bar	126.54197	33.50321
그라제	food	126.52741	33.51490
그라찌에보건의료관점	cafe	126.43430	33.44748
그라치아	stay	126.40527	33.43481
그란데	food	126.54748	33.47493
그래고내바다	activity	126.33833	33.46536
그래니	cafe	126.51790	33.51135
그래채	stay	126.29476	33.44052
그래카페	cafe	126.53580	33.47168
그래펜션	stay	126.79538	33.53334
그랜드	activity	126.53816	33.51729
그랜드	food	126.53873	33.48387
그랜드김밥	food	126.49712	33.48696
그랜드마트	shop	126.48529	33.48132
그랜드메종	shop	126.48881	33.48610
그랜드보청기	shop	126.52062	33.50006
그랜드스타박스	bar	126.48881	33.48610
그랜드철제가구	shop	126.50940	33.50790
그랜드축산	shop	126.53060	33.49390
그랜드호텔옥희전	stay	126.22469	33.38830
그랜드홈파티스	shop	126.54197	33.50321
그랜드홈파티스스튜디오	shop	126.52391	33.50881
그랜드홈파티스스튜디오외도점	shop	126.43234	33.49259
그랜드홈파티스스튜디오월랑점	shop	126.47721	33.48955
그랜드홈파티스스튜디오한라초점	shop	126.48790	33.47872
그랜마	stay	126.32014	33.46335
그랜마스	food	126.47714	33.48403
그랜마스아라점	food	126.54470	33.47476
그랜마스테이	stay	126.29797	33.35545
그랜패런츠	shop	126.52655	33.51434
그러므로	cafe	126.53523	33.48715
그러므로파트투	cafe	126.48589	33.46843
그럼외도	cafe	126.43404	33.49425
그렇게하귀로	stay	126.40971	33.48380
그레	food	126.55015	33.47372
그레이	shop	126.52463	33.51316
그레이라이브러리	shop	126.53152	33.48698
그레이박스	stay	126.23708	33.31005
그레이서프	shop	126.75593	33.55589
그레이스인뷰티	shop	126.52274	33.50880
그레이풀네스	stay	126.17849	33.30531
그레인	cafe	126.68934	33.49781
그로미제과	food	126.58128	33.51953
그로우	shop	126.54373	33.49101
그로우랩제주	food	126.53571	33.49205
그로우크로스핏	activity	126.44513	33.49420
그로토	stay	126.18349	33.34680
그루	cafe	126.55400	33.43573
그루터기	stay	126.66037	33.54589
그루터기	shop	126.52463	33.51316
그르니에	shop	126.48824	33.48973
그릇이야기최작	shop	126.52206	33.51253
그릉그릉파스타가게	food	126.85485	33.52364
그리	bar	126.85125	33.52732
그리고	shop	126.49111	33.48857
그리고서점	shop	126.39010	33.46863
그리고세화	stay	126.86714	33.52159
그리고세화게스트하우스	stay	126.86132	33.52437
그리고쉼표	stay	126.40326	33.44246
그리고일랑	shop	126.83490	33.53920
그리그리카페	cafe	126.53281	33.50075
그리너제주	food	126.54281	33.49261
그리너제주삼화지구점	food	126.57253	33.51319
그리너제주인화점	food	126.54018	33.50836
그리니티	cafe	126.54480	33.49292
그리매	food	126.66067	33.46369
그리몽하우스민박	stay	126.35871	33.47498
그리미	food	126.40006	33.44573
그리스신화박물관	heritage	126.35765	33.34807
그리트커피	cafe	126.54925	33.47518
그리하오	stay	126.27451	33.32102
그릭볼	cafe	126.48152	33.48811
그릭요것	cafe	126.51462	33.50940
그릭이요	food	126.54728	33.50235
그린게스트하우스	stay	126.53960	33.51427
그린구름	food	126.17260	33.34053
그린그린	food	126.43430	33.44748
그린나래전기조명	shop	126.49564	33.48144
그린노래연습장	activity	126.54009	33.50903
그린당구클럽	activity	126.54280	33.50277
그린띵	food	126.47784	33.48588
그린루스카	cafe	126.51521	33.50534
그린마멀레이드	stay	126.44129	33.45345
그린마트	shop	126.51940	33.51501
그린마트	shop	126.52553	33.51157
그린마트	shop	126.95455	33.50911
그린마트외도점	shop	126.43242	33.48633
그린마트이호점	shop	126.45985	33.49344
그린마트정존점	shop	126.47279	33.48510
그린마트하귀점	shop	126.40132	33.48079
그린마트혜성점	shop	126.54197	33.49727
그린매점	shop	126.48651	33.49067
그린민박사우나	stay	126.29324	33.96143
그린민박투	stay	126.29324	33.96143
그린바이크	shop	126.56507	33.51099
그린보이즈샐러드제주	food	126.53788	33.49267
그린보이즈샐러드제주	food	126.47584	33.48040
그린분식	food	126.43242	33.48633
그린블리스제주선홀	shop	126.71308	33.48777
그린비치	stay	126.23278	33.38892
그린사이공	food	126.18322	33.34642
그린수피아	shop	126.54795	33.50056
그린스낵	food	126.43242	33.48633
그린스테이	stay	126.24499	33.38835
그린오션제주	shop	126.53935	33.48842
그린웨이브	shop	126.65656	33.49865
그린이블	shop	126.52593	33.51211
그린정보통신	shop	126.53501	33.49607
그린제이	food	126.67678	33.49394
그린제주우도휴양펜션	stay	126.94214	33.50528
그린조이제주점	shop	126.52463	33.51316
그린지글램핑애월상귀리관광농원	stay	126.39906	33.46494
그린지카페	food	126.39906	33.46494
그린축산	shop	126.53480	33.51350
그린컬텍법인	shop	126.54713	33.47240
그린탑마트	shop	126.51133	33.50969
그린터드림	activity	126.52332	33.51299
그린토마토	shop	126.47624	33.48097
그린팜	shop	126.49672	33.48431
그린팜케이에프씨제주	food	126.47978	33.48450
그린페블	cafe	126.24838	33.34493
그린페이	shop	126.52101	33.51359
그린피	shop	126.49473	33.49442
그린피스	shop	126.51235	33.51358
그린피아제주지사	shop	126.53706	33.50436
그린필드	activity	126.64532	33.46388
그린필드골프아카데미삼화점	activity	126.57448	33.51445
그린하트민박	stay	126.34919	33.47187
그린홈	stay	126.63696	33.54038
그린힐민박	stay	126.65272	33.54083
그림같은집	shop	126.52463	33.51316
그림리조트	stay	126.50348	33.51618
그림민박	stay	126.34978	33.45864
그림앤카페	cafe	126.59164	33.49175
그림쟁이몬나니	shop	126.66564	33.54164
그림책사랑방하랑	shop	126.31112	33.44485
그림책좋아하는하루씨	shop	126.54829	33.47591
그릿	shop	126.25416	33.40428
그모르메	cafe	126.30603	33.35062
그바다에머물다민박	food	126.24109	33.39390
그분포차	bar	126.47894	33.47678
그시절그바다	food	126.84002	33.53356
그시절그짬뽕	food	126.26427	33.41558
그안고	food	126.52836	33.49980
그여름애월바다민박	stay	126.34761	33.47200
그옛맛	food	126.51859	33.49849
그외기타간이음식점	food	126.48025	33.48345
그외기타상품전문소매업	shop	126.50778	33.50541
그외기타숙박업	stay	126.48842	33.49038
그집	food	126.53283	33.49969
그집글라	food	126.51452	33.49932
그집푸드외도점	food	126.43017	33.49123
그초록	cafe	126.80628	33.55634
그초록＃	shop	126.80637	33.55623
그해봄숲을걷다	shop	126.52614	33.51557
그해여름	cafe	126.22797	33.33700
극락갈비찜신제주점	food	126.48990	33.47653
극락갈비찜제주	food	126.53119	33.49728
근경숯불구이	food	126.47828	33.49095
근고기세상	food	126.52824	33.51209
근동이네	stay	126.71245	33.55269
근숙남	stay	126.27955	33.44151
근쌀남	food	126.28011	33.44187
근육식당	food	126.58031	33.52152
근육식당제주	food	126.52508	33.51332
근자씨가게	shop	126.90102	33.49603
글고운집화랑갤러리	shop	126.53943	33.49188
글라드세화	stay	126.86156	33.52290
글라스맨	shop	126.48983	33.48832
글라스미렌즈미제주	shop	126.52907	33.49969
글라스스토리	shop	126.54319	33.49159
글라스스토리제주	shop	126.66345	33.54279
글라스안경	shop	126.57264	33.51918
글라애월오션	stay	126.36022	33.47689
글라하우스	stay	126.58835	33.50867
글랑하우스인애월	stay	126.35047	33.44993
글래드호텔앤리조트메종글래드제주	stay	126.48890	33.48561
글램바	bar	126.49282	33.48560
글러트니커피	cafe	126.53489	33.48657
글로리모텔	stay	126.51316	33.49921
글로리야	stay	126.72097	33.49573
글로벌	stay	126.52620	33.51616
글로벌수지무역	shop	126.47457	33.48485
글로우애월	stay	126.43018	33.45977
글로컬아카데미에뜨드	food	126.56983	33.44277
글로코스제주	shop	126.45023	33.46472
글뤽	cafe	126.84700	33.52150
글씨와그림	shop	126.52188	33.51130
글씨정미소	shop	126.34967	33.45714
글이베	food	126.47408	33.47998
금가락지	shop	126.52801	33.50190
금가보석	shop	126.26405	33.41459
금갈치	food	126.54197	33.50453
금갈치식당	food	126.52226	33.51701
금강	shop	126.52769	33.51602
금강노래연습장	activity	126.53244	33.50986
금강디지털보청기	shop	126.48844	33.48973
금강민물장어	food	126.48452	33.48704
금강뼈해장국	food	126.66883	33.53115
금강뼈해장국	food	126.55827	33.51521
금계당	food	126.49141	33.49279
금관	food	126.51703	33.51472
금나라포차	bar	126.51810	33.50869
금능	stay	126.22706	33.38778
금능낙원	food	126.22618	33.38743
금능낙원	food	126.22423	33.38883
금능돌담해변길	nature	126.22906	33.39032
금능마인	shop	126.23007	33.38750
금능맛차롱	cafe	126.23620	33.39040
금능반지하	food	126.22863	33.39107
금능샌드	food	126.23245	33.38924
금능생각	shop	126.23245	33.38924
금능서시	stay	126.22948	33.38666
금능석물원	nature	126.22675	33.38549
금능스낵	food	126.23280	33.38749
금능식당	food	126.23167	33.38662
금능애家	stay	126.22735	33.38750
금능원담축제	event	126.23408	33.38886
금능이모네	food	126.24327	33.39819
금능제면소	food	126.22842	33.38818
금능태왁	food	126.22475	33.38676
금능포구	heritage	126.23511	33.39023
금능포구횟집	food	126.22860	33.39030
금능해수욕장	beach	126.23602	33.39031
금능해장국	food	126.23212	33.38924
금단영	stay	126.19362	33.36192
금닭	food	126.28363	33.34869
금돈가	food	126.39112	33.48430
금돈상회	food	126.52836	33.49980
금돈상회제원점	food	126.48924	33.48900
금돈흑돼지	food	126.48212	33.48385
금동상회	shop	126.78465	33.47122
금동여인숙	stay	126.52704	33.50312
금동이네	food	126.26096	33.42306
금동이네분식	food	126.48302	33.48586
금등이	stay	126.19478	33.36130
금등첨화	stay	126.20207	33.34897
금땡이양꼬치	food	126.48243	33.48463
금뜰	food	126.53099	33.49682
금메달	food	126.52516	33.51236
금미사	shop	126.52730	33.51241
금반	bar	126.26442	33.41698
금배네민박	stay	126.79646	33.55312
금별	bar	126.52777	33.50178
금별맥주	bar	126.54210	33.50303
금별맥주이도구남점	bar	126.53449	33.48921
금별맥주제원점	bar	126.49167	33.48750
금별맥주제주	bar	126.52932	33.49939
금보가든	food	126.67565	33.43557
금보성	food	126.52646	33.50234
금복촌	food	126.51527	33.50063
금붕어	bar	126.26493	33.41595
금빌레식당	food	126.55116	33.49119
금빛	activity	126.52477	33.49971
금뽕똘	food	126.59486	33.49009
금사랑금거래소	shop	126.48275	33.47607
금산건강원	shop	126.18320	33.30620
금산상회	shop	126.47489	33.49724
금산서당골	food	126.55157	33.47863
금산식당	food	126.32866	33.43947
금산유통	shop	126.34834	33.45040
금산인삼	shop	126.26484	33.41551
금산판촉	shop	126.49720	33.49175
금상족발	food	126.48766	33.48496
금석당	shop	126.52844	33.50200
금선	bar	126.52850	33.49906
금성담쟁이	stay	126.30152	33.44040
금성당	stay	126.43139	33.43984
금성마트	shop	126.17905	33.30106
금성문	food	126.65310	33.54309
금성베이커리	food	126.17905	33.30106
금성별장민박펜션	stay	126.30089	33.44739
금성브릿지민박	stay	126.29943	33.44688
금성우동	food	126.24285	33.39590
금송산업개발	stay	126.43303	33.43445
금수강산바다장어	food	126.26295	33.41562
금수레	stay	126.59404	33.52947
금수레	food	126.54524	33.49947
금수식당	food	126.51405	33.49912
금순이네	food	126.47054	33.48327
금악가반	stay	126.28466	33.35801
금악국수	food	126.29780	33.35664
금악냉면	food	126.29484	33.35988
금악라면	food	126.29662	33.35865
금악정육식당	food	126.29427	33.35903
금악퐁낭국수	food	126.29653	33.35904
금악휴게소	food	126.28363	33.34869
금안	stay	126.23290	33.38877
금양민박	stay	126.29613	33.96401
금영	shop	126.54746	33.47567
금오름	nature	126.30591	33.35553
금오름가는길	stay	126.29982	33.35328
금오름농수축산	shop	126.29518	33.35767
금오름별장	stay	126.28496	33.35802
금오여관	stay	126.51402	33.49865
금요일의아침조금	food	126.53745	33.50314
금용	food	126.54970	33.47415
금자	food	126.59386	33.49120
금자매	food	126.17645	33.30584
금자상해	shop	126.52807	33.50365
금자탑주	stay	126.51889	33.51067
금정모텔	stay	126.52411	33.50074
금정무산시도삭면	food	126.48812	33.48740
금정무오리목점	food	126.49072	33.48393
금창사	shop	126.53084	33.51289
금천당	shop	126.53281	33.49519
금천루	food	126.36823	33.47215
금촌댁	food	126.26520	33.41602
금커피별빙수	food	126.49329	33.48510
금커피별빙수아라점	food	126.54534	33.47557
금토일	stay	126.19883	33.36248
금하갈비	food	126.53128	33.47315
금하정식	food	126.54252	33.50861
금한돈	food	126.51931	33.50081
금항아리	food	126.53878	33.51685
금호네트웍스	shop	126.49476	33.48906
금호다방	cafe	126.51886	33.51212
금호의류	shop	126.51487	33.49971
금호정육점	shop	126.53184	33.51455
기고	food	126.49156	33.48391
기념품점	shop	126.49552	33.51830
기대	shop	126.54153	33.47659
기대만족외도점	food	126.43165	33.48632
기대만족제주점	food	126.53757	33.49709
기라	food	126.47483	33.48599
기로	bar	126.51997	33.51405
기룡스포츠	shop	126.48934	33.47651
기리시마	food	126.53629	33.48432
기린모텔	stay	126.53097	33.51620
기바란교육	shop	126.56354	33.51880
기분	bar	126.53196	33.51581
기분존카페	cafe	126.25756	33.32500
기분좋은민박	stay	126.73886	33.55008
기쁨이네촌칼국수앤드보리바	food	126.66630	33.54203
기쁨이네해물탕앤돌솥밥	food	126.66630	33.54203
기쁨청과	shop	126.51796	33.50133
기생나들이	bar	126.53087	33.50079
기세	food	126.52750	33.49865
기암	shop	126.49722	33.48374
기억	shop	126.54917	33.47170
기억의공간	stay	126.65108	33.54459
기억한담	stay	126.31768	33.46278
기완이네	shop	126.24056	33.39338
기우	food	126.51600	33.50431
기윤네식당	food	126.18689	33.30595
기적한상	food	126.53058	33.50898
기적회신	cafe	126.53057	33.50899
기찬밥상	food	126.43862	33.46102
기타의류소매업	shop	126.50673	33.50327
기혜마트	shop	126.29687	33.35899
기회횟집	food	126.52496	33.51613
기획쇼파	shop	126.51539	33.50786
긴꼬리딱새	food	126.46970	33.48333
긴자	bar	126.48687	33.48717
길동무	food	126.25602	33.33385
길리	cafe	126.79369	33.55669
길림성	food	126.51276	33.50367
길벗하우스민박	stay	126.42922	33.49167
길섶나그네	food	126.67861	33.46833
길수산	food	126.54177	33.50135
길스포메디	shop	126.53634	33.50054
길식당	food	126.49441	33.49046
길용당	cafe	126.49474	33.48956
길촌	food	126.46501	33.50573
김가네삼화점	food	126.58093	33.51350
김가네한라대점	food	126.47839	33.47651
김가방푸드	food	126.47559	33.48680
김감귤렌지오쿰다카페애월	shop	126.38496	33.47060
김경숙해바라기농장	nature	126.62793	33.47770
김경희	food	126.59217	33.50851
김군빌리지	stay	126.49431	33.51975
김군빌리지게스트하우스	stay	126.49431	33.51975
김김김	food	126.51358	33.51530
김녕고택	stay	126.74681	33.55638
김녕기억	stay	126.74989	33.55581
김녕대성횟집	food	126.76046	33.55689
김녕댁	stay	126.75321	33.55741
김녕돌담	stay	126.73726	33.54867
김녕돌집	stay	126.75390	33.55732
김녕떠오르길	cafe	126.74708	33.55785
김녕리농어촌체험휴양마을협의회	stay	126.74879	33.55157
김녕리야	stay	126.75070	33.55794
김녕리어촌체험휴양마을협의회	activity	126.74914	33.55442
김녕맨숀	stay	126.77029	33.55141
김녕몽생이	stay	126.74813	33.55720
김녕미로공원	nature	126.77204	33.53633
김녕미항	food	126.73456	33.55824
김녕바당독채펜션	stay	126.75433	33.55796
김녕바이브	stay	126.74562	33.55544
김녕뱃머리	shop	126.74819	33.55761
김녕별담길	food	126.74778	33.55436
김녕별장	stay	126.74884	33.55525
김녕북카페	shop	126.74989	33.55581
김녕비치민박	stay	126.75464	33.55672
김녕빗소리	food	126.75396	33.55567
김녕빵집	food	126.74762	33.55591
김녕산장	shop	126.75346	33.55738
김녕소품샵	shop	126.75228	33.55502
김녕쉼표	stay	126.75031	33.55787
김녕식당	food	126.74930	33.55502
김녕안트레	stay	126.74660	33.55739
김녕약국	shop	126.75022	33.55455
김녕어촌계해녀삼춘	cafe	126.74042	33.55818
김녕에사는김영훈	cafe	126.74635	33.55430
김녕오라이	food	126.75532	33.55784
김녕오라이	stay	126.73965	33.54530
김녕오라이김녕점	food	126.75520	33.55765
김녕오라이제주점	food	126.48191	33.48374
김녕요트투어	activity	126.73718	33.55823
김녕용암해수사우나구내	shop	126.75590	33.55668
김녕용암해수사우나매점	shop	126.75590	33.55668
김녕윈드스톤	shop	126.73156	33.54600
김녕은하수로또명당	activity	126.74830	33.55411
김녕을그리다	stay	126.75324	33.55658
김녕음악사	food	126.74729	33.55584
김녕장터국수	food	126.75590	33.55668
김녕제주흑돼지정육식당	food	126.74418	33.55274
김녕준치펍	bar	126.75312	33.55759
김녕집안목	stay	126.74627	33.55583
김녕쪼꼬뜨레	food	126.74989	33.55581
김녕청년회	stay	126.74660	33.55479
김녕초후	stay	126.75002	33.55560
김녕카페분식	cafe	126.75984	33.55710
김녕킹마트	shop	126.75130	33.55468
김녕한옥용암정원	stay	126.75143	33.55707
김녕할망네	stay	126.75350	33.55746
김녕항	nature	126.74005	33.55808
김녕해녀촌	food	126.75534	33.55706
김녕해수욕장	beach	126.73655	33.55721
김녕홀리다	food	126.75162	33.55490
김녕회관	bar	126.75593	33.55589
김녕히든플레이스	stay	126.74686	33.55743
김덕규옛날통닭	bar	126.54851	33.47496
김도희의갈치창고	food	126.45725	33.46752
김동열	stay	126.30915	33.46388
김동인안과의원구내	shop	126.51960	33.50031
김마리	food	126.52937	33.49717
김만덕기념관	heritage	126.53040	33.51588
김명자굴국밥	food	126.49940	33.48190
김명자굴국밥화북점	food	126.57263	33.51741
김민교악세사리	shop	126.52459	33.51150
김민수상회	shop	126.47489	33.49724
김박사딜리버리	food	126.47415	33.48581
김박사커피밀	cafe	126.49887	33.49249
김박사푸드	food	126.47473	33.48695
김반반	shop	126.83767	33.53546
김반장	food	126.54089	33.50448
김반장	stay	126.29762	33.35916
김밥꼬순내	food	126.54469	33.49270
김밥마로	food	126.48105	33.48997
김밥말자	food	126.48485	33.49325
김밥상회	food	126.48845	33.47871
김밥생각	food	126.48251	33.48836
김밥천국	food	126.54267	33.50298
김밥천국	food	126.53740	33.49049
김밥천국광양	food	126.53041	33.49825
김밥천국구좌세화점	food	126.85509	33.52178
김밥천국시청	food	126.53266	33.49540
김밥천국신연동점	food	126.49000	33.48045
김밥천국연동점	food	126.49030	33.48776
김밥천국제주대학점	food	126.56093	33.46027
김밥천국탑동	food	126.52786	33.51679
김복남맥주	bar	126.47747	33.48744
김복남맥주삼화점	bar	126.58829	33.51727
김복남맥주제주아라점	bar	126.54579	33.47141
김복남맥주제주연동점	bar	126.49302	33.49004
김복남맥주화북점	bar	126.57264	33.51918
김사장네명태조림	food	126.47080	33.48422
김서방재첩해장국	food	126.48295	33.48367
김성환페달로운동센터	activity	126.52393	33.49960
김소정구입품몰	shop	126.48873	33.47484
김소정의노동작품	shop	126.48873	33.47484
김순례닭강정신제주점	food	126.48775	33.48402
김순례닭강정제주점	food	126.54625	33.49778
김씨며느리	food	126.49740	33.48754
김씨주택민박	stay	126.44065	33.45269
김여사	food	126.56836	33.52022
김여사네	food	126.66771	33.54114
김영미재첩해장국	food	126.53472	33.49003
김영수골프클리닉	activity	126.47706	33.48993
김영수도서관	heritage	126.52138	33.51499
김영주골프	shop	126.41023	33.48520
김용복참치	food	126.48291	33.48135
김용오농산	shop	126.27856	33.44218
김원	bar	126.52413	33.51655
김원꼬치점	food	126.52413	33.51655
김이박	food	126.54727	33.47533
김자매아구찜	food	126.52463	33.49606
김재훈고사리육개장	food	126.53394	33.48796
김정자김밥	food	126.53350	33.50884
김주학짬뽕	food	126.53312	33.51259
김준호의대단한갈비	shop	126.54936	33.49989
김준호의대단한갈비삼화점	food	126.57670	33.51669
김준호의대단한갈비제주	shop	126.57455	33.45800
김준호의대단한갈비제주용담점	food	126.51022	33.50940
김지연케이크	food	126.52818	33.50144
김지훈고기국수	food	126.53394	33.48796
김창숙브띠끄	shop	126.52629	33.51287
김촌장	food	126.17885	33.30382
김치랑돔베랑	food	126.53164	33.49944
김치스쿨	shop	126.46417	33.50244
김치찜은못참지	food	126.47559	33.48680
김프로골프샵	shop	126.54126	33.50757
김한미술관	cafe	126.28717	33.40905
김해	food	126.50761	33.51622
김현정코스메틱천연이야기	shop	126.54924	33.47590
김희선제주곶	shop	126.49808	33.51856
김희선제주두루치기	food	126.49535	33.51871
김희선제주몸국	food	126.49535	33.51875
김희선제주몸국	food	126.49808	33.51856
깃든	cafe	126.82961	33.54309
깃든스테이	stay	126.31786	33.41021
깃든하우스	stay	126.74760	33.55145
깅코	cafe	126.48861	33.49084
깊은치유	stay	126.67678	33.49394
까델아스	stay	126.36664	33.47532
까또살롱	shop	126.83530	33.53891
까르마	stay	126.46033	33.45050
까만돌멩이	stay	126.83538	33.53879
까만여시	shop	126.49111	33.48857
까만콩	shop	126.51739	33.50640
까망도그	food	126.75496	33.55781
까망모래민박	stay	126.59449	33.53137
까망하우스	stay	126.17883	33.33980
까메까메까망이	cafe	126.37901	33.47316
까메오	shop	126.52463	33.51316
까멜리아	food	126.53192	33.49797
까미노	shop	126.53436	33.51286
까미노	stay	126.81506	33.54724
까미노	cafe	126.34768	33.45790
까미하우스	stay	126.33591	33.43841
까사까미노	stay	126.70434	33.45764
까사노블	shop	126.52463	33.51316
까사달진밧	stay	126.80440	33.55664
까사더힐	stay	126.44013	33.45455
까사데마마	food	126.37266	33.47123
까사델마레	stay	126.19524	33.36333
까사델마레스토어	shop	126.19524	33.36333
까사돌	cafe	126.52376	33.51185
까사디동문	food	126.52824	33.51209
까사디메트로시티제주	shop	126.48974	33.48811
까사디세화	stay	126.86258	33.52366
까사루나	stay	126.26464	33.39237
까사미아제주점	shop	126.52993	33.50085
까사벨라민박	stay	126.30103	33.44757
까사보니따	stay	126.66937	33.49365
까사봉봉	stay	126.86503	33.51400
까사인애월	stay	126.33433	33.45711
까사인제주	stay	126.17475	33.33195
까사팩토리	shop	126.56006	33.46405
까스텔바작	shop	126.48961	33.48559
까치노래연습장	activity	126.51526	33.50924
까치상사	cafe	126.51690	33.50421
까투리	bar	126.48816	33.49225
까투리	bar	126.52749	33.50270
까투리꼬치구이	bar	126.49439	33.49099
까투리꼬치구이	bar	126.53940	33.50908
까투리월랑점	bar	126.47847	33.48788
까투리화북주공점	bar	126.57746	33.51837
까페노을숲	cafe	126.16408	33.32838
까페뚜이	cafe	126.24454	33.39883
까페비엣	cafe	126.27593	33.43865
까페빌레	food	126.43598	33.44794
까페소바니	cafe	126.47037	33.48245
깐깐한족발	food	126.47920	33.47615
깐니네밥집	food	126.51898	33.50429
깐돌이분식	food	126.58514	33.52044
깐숙이네밥집	food	126.51764	33.50064
깜보	bar	126.48706	33.48618
깜보식당	food	126.52426	33.49888
깡촌흑돼지	food	126.46503	33.48067
깡촌흑돼지	food	126.66714	33.54128
깡촌흑돼지함덕신관	food	126.65927	33.54009
깨비도시락	food	126.54355	33.50478
깨비바당	food	126.40190	33.48041
깨비하우스	stay	126.48549	33.45280
깨순이네	food	126.63645	33.53559
꺄르르떡볶이	food	126.48036	33.49131
꺼멍도새기	food	126.52824	33.51209
꺼멍때지국수	food	126.48460	33.48866
꺼멍슈	food	126.48171	33.48826
꺼멍연탄구이	food	126.27012	33.31796
꺼멍집	food	126.44541	33.46014
께끼랑까까랑	shop	126.58433	33.51580
께끼랑까까랑삼화점	shop	126.57642	33.51338
꼬까삐	food	126.52713	33.49624
꼬꼬국수	food	126.53790	33.51689
꼬꼬닭이네	food	126.66601	33.49338
꼬꼬반점	food	126.53226	33.50144
꼬꼬앤쿡	food	126.53261	33.51037
꼬꼬앤쿡	food	126.52043	33.50008
꼬꼬옛날통닭	food	126.49471	33.49049
꼬끼오	food	126.47660	33.49175
꼬끼오에끌릴레	food	126.52591	33.51538
꼬끼오옛날통닭	food	126.26451	33.41315
꼬닥꼬닥	cafe	126.20155	33.35878
꼬떼웨스트	food	126.24396	33.29781
꼬뜨도르주	stay	126.71686	33.55215
꼬마김밥	food	126.51391	33.49842
꼬마둘리식당	food	126.50585	33.50980
꼬마팬시	shop	126.52649	33.49345
꼬마해녀글램핑	food	126.95960	33.50196
꼬마해녀의집	food	126.95749	33.51343
꼬메르치킨서중점	food	126.48031	33.49064
꼬모도앤까사	stay	126.40882	33.48858
꼬미분식	food	126.36539	33.47085
꼬방	food	126.49423	33.48859
꼬부기	bar	126.48974	33.48811
꼬소한작업실	bar	126.26261	33.41360
꼬스덴뇨	cafe	126.90525	33.50987
꼬스뗀뇨	cafe	126.90511	33.51011
꼬신김밥	food	126.57380	33.51446
꼬신김밥신제주점	food	126.49902	33.48541
꼬엥	cafe	126.52388	33.51199
꼬지사께아라점	bar	126.54530	33.47201
꼬지사께연동점	bar	126.49130	33.47824
꼬추	bar	126.53644	33.49533
꼬치면	food	126.49103	33.48705
꼬치의품격제주	bar	126.67000	33.54118
꼬치타운	bar	126.52118	33.49962
꼬치파티	bar	126.52522	33.50661
꼬치포인트	bar	126.53606	33.49705
꼭지	bar	126.54086	33.50563
꼭지	bar	126.49319	33.48960
꼭지	cafe	126.85566	33.52254
꼰비비오	food	126.36489	33.47776
꼴두바위	food	126.50499	33.51077
꼴레르	shop	126.52463	33.51316
꼴마도	shop	126.56424	33.52057
꼴통집	food	126.49157	33.48678
꼴통집	food	126.43139	33.48739
꼼닭	food	126.49586	33.48688
꼼닭칼국수	food	126.46266	33.50062
꼼빔	food	126.50129	33.48809
꼼빠니아제주	shop	126.54022	33.48991
꼼장어먹으로가자	food	126.53350	33.50128
꼼지락	activity	126.28041	33.44219
꼼지락김녕	shop	126.75161	33.55676
꼼지락제주	bar	126.52841	33.51248
꽁꽁아이스크림할인점	shop	126.57388	33.51748
꽁꽁아이스크림할인점	shop	126.54040	33.51710
꽁순이네	food	126.33872	33.44695
꽁시	food	126.51855	33.50877
꽁양꽁양	food	126.55928	33.44914
꽁지스토어	shop	126.53720	33.49485
꽁지식당	food	126.53381	33.49562
꽁지아이스크림	shop	126.50942	33.51110
꽃	shop	126.54245	33.49655
꽃가마식당	food	126.53588	33.50535
꽃과그늘	stay	126.22564	33.34073
꽃그리고꽃	shop	126.47507	33.48211
꽃길	shop	126.52463	33.51316
꽃길	cafe	126.52180	33.50362
꽃길걷개	shop	126.66771	33.48938
꽃길만	shop	126.51790	33.51135
꽃님상회	shop	126.52427	33.51202
꽃다비	shop	126.52662	33.47473
꽃달소품제작소	shop	126.58721	33.52521
꽃담	food	126.49975	33.48818
꽃담다	shop	126.52443	33.50015
꽃담은소	food	126.54632	33.50238
꽃담초밥	food	126.50943	33.46954
꽃델	shop	126.57800	33.51820
꽃돼지	bar	126.51855	33.51133
꽃돼지정식	food	126.90179	33.49420
꽃머채민박	stay	126.37665	33.41840
꽃밥	food	126.30849	33.45152
꽃밭에서	food	126.55082	33.45566
꽃밭화장품	shop	126.53638	33.51407
꽃별당	food	126.33114	33.43862
꽃비민박	stay	126.85791	33.52068
꽃사줄까꽃사줘	shop	126.52975	33.49880
꽃섬아트	shop	126.45773	33.47998
꽃섬오메기떡방	food	126.48984	33.50191
꽃신민박	stay	126.23908	33.33717
꽃씨네돌담집	stay	126.25539	33.37852
꽃이피다	cafe	126.47785	33.47733
꽃이필요한순간	shop	126.54245	33.50342
꽃잎	bar	126.51978	33.51326
꽃잎노래연습장	activity	126.52571	33.51609
꽃잠	shop	126.67607	33.49388
꽃진미	food	126.54040	33.51859
꽃피는풍경	stay	126.34813	33.39515
꽃하나	shop	126.54433	33.49400
꽃향기	shop	126.51771	33.50729
꽃향기바다소리	stay	126.20650	33.36569
꽃향머무는정원	shop	126.85635	33.52216
꽃향유	cafe	126.34730	33.45707
꽈작	cafe	126.51394	33.51305
꽈페제주협재점	food	126.24118	33.39436
꽐라	food	126.49191	33.48809
꾸구통닭	food	126.53357	33.50300
꾸까	cafe	126.53960	33.51568
꾸꾸제주	shop	126.24441	33.39707
꾸덕제과제주점	food	126.79654	33.55543
꾸로부타	food	126.52243	33.48915
꾸르다기	bar	126.52832	33.49594
꾸밈	shop	126.67665	33.49485
꾸브라꼬숯불두마리치킨	food	126.53463	33.49635
꾸브라꼬숯불두마리치킨삼화점	food	126.57784	33.51836
꾸브라꼬숯불두마리치킨신제주점	food	126.48020	33.48961
꾸브라꼬숯불두마리치킨한림협재점	food	126.26560	33.40973
꾸브라꼬숯불치킨제주용담점	food	126.51020	33.51252
꾸어삼겹	bar	126.53219	33.51025
꾸쫀떡뽁이	food	126.48056	33.49045
꾼짬뽕	food	126.69027	33.43562
꿀꿀이삼겹살	food	126.26395	33.41489
꿀다방	cafe	126.85439	33.52537
꿀단지	shop	126.49111	33.48857
꿀돼지	food	126.57991	33.51611
꿀밤	bar	126.53730	33.49626
꿀벅지	bar	126.53178	33.50171
꿀베리다육	shop	126.41957	33.45532
꿀베리하우스	stay	126.41957	33.45532
꿀스커피제주아라점	cafe	126.54405	33.48548
꿀주먹	shop	126.63440	33.49118
꿈	shop	126.52725	33.50010
꿈	cafe	126.52790	33.50206
꿈	stay	126.28859	33.42287
꿈꾸는고양이	cafe	126.35763	33.46609
꿈꾸는다락방	shop	126.54437	33.49279
꿈꾸는바다	stay	126.46370	33.50417
꿈꾸는섬	stay	126.63493	33.53592
꿈꾸는정원	stay	126.68817	33.54625
꿈꾸다	stay	126.67345	33.53779
꿈나라	shop	126.54258	33.49220
꿈나무농수산	shop	126.47202	33.49756
꿈낭	food	126.40556	33.42448
꿈낭밥집	food	126.40533	33.42407
꿈몽	bar	126.40537	33.48198
꿈베팅	activity	126.54153	33.49393
꿈별교육	shop	126.52471	33.49945
꿈속	bar	126.51974	33.50700
꿈에그린짜장	food	126.68138	33.49195
꿈의바다	stay	126.36586	33.47693
꿈의요리	food	126.49773	33.48821
꿈의요리애월	food	126.49596	33.50594
꿈이루	shop	126.50862	33.50939
꿈이있는곳	stay	126.74896	33.55501
꿉자	food	126.63863	33.53777
꿉자도남점	food	126.52585	33.49501
꿉자애월	food	126.31066	33.46241
끄티탑동	cafe	126.52848	33.51827
끌림	cafe	126.51810	33.50432
끌림	food	126.53587	33.49953
끌림삼육오	stay	126.34763	33.47091
끌제주연동점	food	126.49151	33.48564
나	bar	126.52598	33.51639
나고야일식	food	126.49240	33.49109
나까와	food	126.26418	33.41309
나나	shop	126.52463	33.51316
나나	bar	126.49618	33.48657
나나곳간	cafe	126.41543	33.48515
나나민박	stay	126.68002	33.49388
나나쉬폰	food	126.54428	33.47278
나나식당	food	126.52598	33.51275
나나앤포에버	shop	126.48579	33.48579
나나옷장	shop	126.54950	33.47409
나나호텔	stay	126.52868	33.51364
나누미	shop	126.50063	33.49189
나누미떡집	food	126.54610	33.49312
나누하우스민박	stay	126.38080	33.48026
나눔김밥	food	126.48509	33.49204
나눔마당	bar	126.49552	33.48453
나눔민박	stay	126.37428	33.47606
나눔약국	shop	126.41142	33.48419
나눔중고	shop	126.54015	33.49844
나는강정같은치킨입니다	food	126.54785	33.49439
나는아이	shop	126.52463	33.51316
나는지금생선이먹고싶다용담	food	126.51115	33.50892
나니아북스	shop	126.60013	33.49217
나니와	bar	126.48776	33.48670
나다움	shop	126.52585	33.49501
나도	bar	126.66555	33.54194
나드리푸드	food	126.45847	33.49487
나디아호스텔	stay	126.32239	33.45806
나뛰르펜션	stay	126.71081	33.45705
나라국밥	food	126.45049	33.49526
나라국밥용담점	food	126.51238	33.50912
나라돈까스	food	126.43169	33.49084
나라돈까스	food	126.43704	33.49521
나라약국	shop	126.66597	33.54204
나래디자인	shop	126.53530	33.48788
나래통상	shop	126.49457	33.49533
나롯	stay	126.24524	33.29784
나루치교육	shop	126.51891	33.50913
나루터	food	126.75348	33.55554
나룻배	bar	126.54669	33.50270
나룻터	bar	126.52681	33.50064
나르드카페	food	126.26499	33.40963
나르지오	shop	126.51756	33.50019
나르지오워킹화동문	shop	126.52424	33.51152
나른	stay	126.25389	33.40348
나른한고양이	shop	126.43915	33.49471
나른한당근	stay	126.82182	33.53186
나리국수	food	126.48346	33.48507
나마스테네팔	food	126.53099	33.50076
나만아는이벤트까페	food	126.67535	33.54238
나메스테이민박	stay	126.74719	33.55511
나무	activity	126.40442	33.42009
나무	shop	126.28118	33.34494
나무꽃	bar	126.66288	33.54297
나무네상점	shop	126.26363	33.41589
나무다락방민박	stay	126.33050	33.43643
나무뮤직	shop	126.51972	33.50659
나무사이로햇살이	stay	126.78625	33.47119
나무앤씨키즈	stay	126.21549	33.37378
나무앤씨펜션	stay	126.22546	33.38967
나무야제주민박	stay	126.18683	33.34445
나무야펜션	stay	126.19694	33.35064
나무와풀	food	126.53074	33.50287
나무자전거	shop	126.52463	33.51316
나무처럼	stay	126.22653	33.38503
나무향기민박	stay	126.45899	33.49878
나뭇결	stay	126.26627	33.42865
나뭇잎사이로	bar	126.53282	33.51006
나미브인제주	stay	126.20323	33.36569
나미송머무는곳	stay	126.41765	33.43112
나미송머무는곳민박	stay	126.41765	33.43112
나미한복	shop	126.52831	33.51280
나바론민박	stay	126.29534	33.96082
나바론하늘길	nature	126.28662	33.96125
나비	bar	126.52842	33.50114
나비네	food	126.63883	33.53881
나비스호텔주	stay	126.39154	33.48647
나비엘제주중앙겔러리	shop	126.52435	33.51180
나성갈비제주	food	126.48518	33.48378
나성갈비제주화북점	food	126.57312	33.52009
나성통신주	shop	126.49221	33.48556
나앤케이크	food	126.46076	33.47622
나연	shop	126.48249	33.48170
나영이네해장국	food	126.54230	33.50467
나와바리	bar	126.61982	33.53769
나와산	cafe	126.68006	33.48043
나용민아뜰리에다셰	shop	126.54928	33.47555
나우리마트	shop	126.54596	33.47231
나우커피제주	cafe	126.47288	33.48435
나우커피제주도남점	cafe	126.52387	33.49324
나우커피제주삼도점	cafe	126.52397	33.50025
나원	food	126.52456	33.50865
나음	stay	126.63513	33.50563
나음신미수산	shop	126.48465	33.48452
나음신미회센터	food	126.48465	33.48452
나의사월	shop	126.51066	33.50764
나의작은주방돈까스집	food	126.54543	33.47655
나이롱책방	shop	126.52344	33.51167
나이브	bar	126.52965	33.49749
나이스	bar	126.53873	33.51519
나이스	activity	126.49231	33.48602
나이스	bar	126.49058	33.48825
나이스	bar	126.53389	33.49525
나이스로스구이	food	126.48504	33.48504
나이스민턴	shop	126.48107	33.48072
나이스보청기	shop	126.47900	33.48441
나이스슈즈	shop	126.47967	33.49213
나이스카드체크기	shop	126.54290	33.50866
나이스호텔	stay	126.44238	33.48300
나이아가라	bar	126.53361	33.49548
나이체	cafe	126.54683	33.47520
나이키	shop	126.52557	33.51425
나이키스포츠신제주	shop	126.49021	33.48650
나이키스포츠신제주대리점	shop	126.49022	33.48652
나이키칠성점	shop	126.52558	33.51429
나인	bar	126.49095	33.48772
나인골프아카데미	activity	126.57990	33.51642
나인스테이	shop	126.44943	33.46202
나인스파빌	stay	126.43012	33.44539
나인원뷰티	shop	126.47984	33.48334
나인커피숍	cafe	126.54674	33.49474
나인텐스	shop	126.49156	33.49005
나주닭집	food	126.52794	33.50331
나주닭집용담점	food	126.50736	33.50966
나즈베이커리	food	126.54183	33.47729
나즈온	stay	126.74303	33.55359
나즌	stay	126.69948	33.51528
나지금제주	cafe	126.47148	33.48177
나포리	bar	126.26416	33.41707
나풀	cafe	126.58623	33.52479
나홀로	food	126.49127	33.51908
나홀로나무	nature	126.34922	33.35095
나홀로집에	food	126.52831	33.49996
나홀로캠프	stay	126.31719	33.44272
나，우리쎄븐마트	shop	126.53879	33.51710
낙동생오리	food	126.50431	33.49259
낙산약국	shop	126.48728	33.49087
낙원	bar	126.49388	33.48959
낙원돈대패	food	126.53365	33.46300
낙원떡방아	food	126.52572	33.51238
낙원떡방앗간	food	126.26200	33.40735
낙원떡볶이	food	126.80224	33.55735
낙원스낵	food	126.80224	33.55735
낙원중고악기점	shop	126.51286	33.51053
낙원칼국수	food	126.53311	33.46326
낙원편의점	shop	126.51934	33.51115
낙원하우스	stay	126.53312	33.46361
낙주	food	126.63844	33.53739
낙지골목	food	126.48954	33.48954
낙지로	food	126.49442	33.48861
낙지친구	food	126.49471	33.48884
낙천리장	stay	126.22623	33.31995
낙천서가	stay	126.22864	33.32216
낙천아홉굿마을	activity	126.22642	33.32785
낙천주의자들	food	126.86038	33.52325
낙천집	stay	126.22848	33.32260
낚고낚고	shop	126.79425	33.55834
낚시꾼	food	126.49245	33.48674
난달	cafe	126.32049	33.46709
난여기가좋아하우스	stay	126.57678	33.51763
난영이네	food	126.49607	33.48447
난장	food	126.52455	33.49869
난장이꽃나비	shop	126.46931	33.46533
난춘호랑이	food	126.27763	33.42758
난타오천노형일호점	food	126.47970	33.49156
난타오천도남점	food	126.52724	33.49530
난타오천뜨란채점	food	126.47397	33.48674
난타오천서사로점	food	126.51904	33.50454
난타오천연동점	food	126.48814	33.47756
난타오천한림점	food	126.26300	33.41435
난타오천화북점	food	126.57731	33.52091
난피자넌치킨	food	126.85608	33.52242
난향화장품	shop	126.53708	33.50670
날	food	126.66908	33.53913
날걸로	food	126.52546	33.51626
날래모슬포자리돔	food	126.48011	33.49052
날마다디자인	shop	126.27511	33.43719
날쌘카페제주	cafe	126.53525	33.49452
날쌘카페제주	cafe	126.48056	33.48807
날아오르다나르샤	shop	126.51798	33.50237
남가네만복해장국	food	126.53848	33.51119
남가네설악추어탕도남점	food	126.52805	33.49148
남가네설악추어탕도련점	food	126.58953	33.50953
남가네설악추어탕아라점	food	126.54480	33.47778
남경	shop	126.49111	33.48857
남경리하오	food	126.52387	33.49324
남경어곰탕	food	126.50266	33.49297
남광떡방아	food	126.49005	33.47824
남광약국	shop	126.54004	33.48925
남국천막	shop	126.41240	33.48971
남녀갈옷	shop	126.26481	33.41322
남녕	shop	126.48213	33.48902
남녕국수	food	126.47983	33.48946
남다른대구막창연동점	food	126.49675	33.48548
남다른대구막창우도점	food	126.94625	33.49422
남다른비어	bar	126.47655	33.48752
남당알	stay	126.74709	33.55750
남도고을	food	126.53311	33.46326
남도별미식당	food	126.51181	33.51174
남도보쌈짚제주연동점	food	126.49027	33.48066
남또리	food	126.34934	33.47281
남매에이민박	stay	126.43051	33.44670
남문노래연습장	activity	126.56578	33.51892
남문떡방앗간	food	126.75088	33.55009
남문숯불바베큐도두점	food	126.46567	33.50332
남문숯불바베큐앤치킨	food	126.52405	33.50794
남문숯불바베큐앤치킨	food	126.47324	33.48414
남문숯불바베큐앤치킨신제주점	food	126.49040	33.48393
남문숯불바베큐앤치킨외도점	food	126.43043	33.49083
남문숯불바베큐앤치킨월랑점	food	126.47916	33.48883
남문숯불바베큐앤치킨정실점	food	126.50742	33.47247
남문숯불바베큐앤치킨한림점	food	126.26518	33.41522
남문숯불바베큐엔치킨도남점	food	126.52696	33.49626
남문숯불바베큐엔치킨일도	food	126.54250	33.50236
남문숯불바베큐치킨	food	126.54731	33.49399
남문숯불바베큐치킨삼화점	food	126.57312	33.52009
남문숯불바베큐치킨아라점	food	126.54426	33.47421
남문식당	food	126.52463	33.50774
남문약국	shop	126.52470	33.50687
남문텔레콤	shop	126.52470	33.50687
남바마버거집	food	126.79099	33.55420
남북통일	food	126.51949	33.49629
남사당	food	126.54515	33.48628
남산	stay	126.51356	33.49936
남성	bar	126.56523	33.51913
남성곰탕	food	126.26814	33.41891
남성로치킨하우스	food	126.51250	33.50446
남순이네국수	food	126.49643	33.51994
남양	food	126.53422	33.52004
남양사	shop	126.52504	33.51301
남양유업구제주가정	shop	126.51912	33.50527
남양유업동남	shop	126.48330	33.49595
남양유업동부	shop	126.48330	33.49595
남양유업일출가정	shop	126.42828	33.48605
남양유업제주가정	shop	126.58823	33.52472
남양통	food	126.52490	33.51592
남양통닭인화점	food	126.54158	33.50573
남원바당	food	126.54285	33.50307
남원양꼬치	food	126.52536	33.49860
남일여관	stay	126.52132	33.51113
남제갤러리	shop	126.49336	33.49347
남촌	food	126.51487	33.49971
남촌옛날통닭	food	126.66108	33.54358
남춘	food	126.53751	33.49966
남춘식당	food	126.53753	33.49969
남해생아구	food	126.41604	33.48401
남해생아구	food	126.26673	33.40971
남현순대	food	126.54261	33.50396
남호식당	food	126.49700	33.51994
납읍돈창고	food	126.32867	33.43990
낫얼론히어	stay	126.34256	33.44920
낭	cafe	126.43136	33.48455
낭낭쓰협재다랑	stay	126.25635	33.37854
낭뜨레	stay	126.26632	33.38656
낭뜰에쉼팡	food	126.65714	33.47350
낭랑	food	126.49352	33.49077
낭만식탁	food	126.42727	33.48472
낭만오름	food	126.51462	33.46576
낭만와인샵	shop	126.52212	33.50876
낭만장작청년미남들	food	126.52651	33.51286
낭만제주펜션	stay	126.47229	33.50469
낭만포차	bar	126.53214	33.51353
낭불	food	126.54013	33.50575
낭빌레하우스	stay	126.25179	33.38242
낭뿌리식당	food	126.47043	33.48319
낭소랑	shop	126.39487	33.45718
낭썹창작소	shop	126.58451	33.52411
낭안트레민박	stay	126.33705	33.46528
낭푼이닭한마리	food	126.53134	33.49843
낭푼이보리밥	food	126.52824	33.51209
낮에정식밤에갈비	food	126.26893	33.41230
낮잠나무	shop	126.54153	33.47659
낯가림민박	stay	126.32101	33.46405
낯선제주	shop	126.19806	33.30367
낯섦	bar	126.32101	33.46405
내가좋아하는것들	cafe	126.48952	33.48779
내고향해장국	food	126.47888	33.48820
내나이가어때서	bar	126.42902	33.48481
내담식당	food	126.43029	33.48888
내도레미민박	stay	126.43811	33.49483
내도마트	shop	126.44429	33.49365
내도바당	food	126.44038	33.49582
내도알작지	stay	126.44240	33.49554
내도알작지	food	126.44073	33.49587
내도음악상가	bar	126.44561	33.49792
내동서남북떡집	food	126.48184	33.48244
내딸에게	cafe	126.54860	33.46737
내마음의풍금	shop	126.53991	33.48940
내버러도하우스	stay	126.78687	33.55203
내셔널지오그래픽신제주점	shop	126.48971	33.48546
내음커피바	cafe	126.52964	33.51531
내일로가는마차	bar	126.56550	33.52227
내추럴버드	shop	126.26363	33.41589
내츄럴케이	bar	126.54243	33.50460
내츄럴하우스	stay	126.67469	33.50497
냄비에퐁닭	food	126.52879	33.49814
냉동고	food	126.54143	33.50540
냉동고	food	126.49176	33.48798
냉동고베라체점	food	126.54785	33.49439
냉동고삼화점	food	126.57945	33.51676
냉동고시청	food	126.52910	33.49896
냉면쟁이고기꾼한림점	food	126.26475	33.40999
냉방구김녕지우점	shop	126.74830	33.55411
냉삼뷰	food	126.49452	33.48425
냉삼집본점	food	126.52845	33.49886
냉삼춘	food	126.52558	33.49774
냠냠분식	food	126.58496	33.51392
냥다방	cafe	126.34019	33.46874
너구리매점	food	126.48842	33.49038
너그러이	stay	126.33733	33.44734
너나들이모다들엉우리집사이시옷	stay	126.27012	33.42678
너나들이민속주점	bar	126.53426	33.49028
너나들이식당	food	126.53417	33.49017
너는내식물	shop	126.64129	33.46927
너는숲	shop	126.17937	33.30380
너랑나랑	food	126.26531	33.41553
너럭	food	126.50882	33.51620
너른마당민박	stay	126.43155	33.45740
너를위회	food	126.51516	33.51653
너미존민박	stay	126.26936	33.41282
너븐팡	stay	126.48958	33.48293
너야말로진정회신제주점	food	126.47801	33.48044
너와나	food	126.49072	33.48393
너와랑	stay	126.79268	33.55615
너와의첫여행	cafe	126.38454	33.45062
너와제주	stay	126.88732	33.51893
너우렁민박	stay	126.24116	33.39353
너울빌리지	stay	126.19337	33.36274
너의프로젝트	shop	126.53227	33.49768
너의하루	stay	126.79617	33.55343
너흐	cafe	126.46479	33.46254
넉둥베기	food	126.51247	33.50977
넌나에포차	food	126.49261	33.48652
널개왓	stay	126.21045	33.36510
널개팜	shop	126.20820	33.36084
널핏	activity	126.47760	33.48361
넘버원	shop	126.52463	33.51316
넘버원	food	126.53900	33.50595
넘버원당구장	activity	126.54336	33.50222
넘은봄	food	126.75129	33.55798
넘은봄제주음식연구소	food	126.56616	33.51034
넛트홀덤펍	activity	126.49596	33.48715
넝쿨담쟁이	food	126.17963	33.30395
넝쿨하눌가든	food	126.53231	33.47602
넝쿨하눌연동	food	126.49848	33.49200
네꼬야밀크티샵노형	cafe	126.48458	33.48418
네꼬야티하우스	cafe	126.41561	33.48567
네꼬짱	food	126.49398	33.49073
네네치킨	food	126.54212	33.50192
네네치킨	food	126.48458	33.48418
네네치킨아라점	food	126.54414	33.47153
네네치킨연동점	food	126.49534	33.48959
네네치킨외도점	food	126.43170	33.48817
네네치킨용담점	food	126.51659	33.51137
네네치킨조천	food	126.67035	33.54000
네네치킨피자	food	126.59720	33.48927
네네치킨화북	food	126.57312	33.52009
네모	food	126.24452	33.39843
네모	stay	126.24479	33.39715
네모문방구	shop	126.53838	33.48934
네모스테이	stay	126.24479	33.39715
네모의작업실	cafe	126.23347	33.38491
네버랜드	shop	126.49668	33.48349
네버랜드에너키즈제주점	food	126.54234	33.49489
네스트펜션	stay	126.39310	33.42655
네오피자	food	126.43067	33.48477
네이처러스판포나일	stay	126.20170	33.35915
네이처리퍼블릭제주	shop	126.52463	33.51316
네이처슬립	shop	126.54784	33.49490
네이처컬렉션노형하나로마트점	shop	126.46792	33.48785
네이처컬렉션제주외도점	shop	126.43215	33.48800
네이처컬렉션제주인제점	shop	126.54044	33.50663
네이처컬렉션제주제원점	shop	126.48986	33.48910
네이처트레일	stay	126.22526	33.38251
네이처푸드	food	126.48883	33.49067
네이쳐컬렉션제주	shop	126.41215	33.48506
네이키드	cafe	126.53112	33.49860
네일몽	shop	126.52981	33.48223
네일앤뷰티	shop	126.53638	33.50457
네잎클로버	food	126.49406	33.48377
네츠고통신	shop	126.51458	33.51056
넥서스트레이드	shop	126.46573	33.46791
넥스트맘제주점	shop	126.53546	33.48408
넥스트파트너스	shop	126.52550	33.51610
넥슨컴퓨터박물관	activity	126.48577	33.47216
넥타르	bar	126.51964	33.50638
녘	stay	126.63391	33.53853
노가네전이랑국수	food	126.48947	33.48680
노가리앤비어	bar	126.43215	33.48800
노가리앤비어구남점	bar	126.53419	33.48857
노가리앤비어도남점	bar	126.52996	33.49660
노가리앤비어베라체점	bar	126.54246	33.49232
노가리앤비어삼화지구점	bar	126.57990	33.51642
노가리앤비어연동	bar	126.49003	33.48128
노가리앤비어연동점	bar	126.49320	33.49021
노가리앤비어용담점	bar	126.50640	33.50977
노가리앤비어이도일동점	bar	126.53291	33.50267
노가리앤비어제주	bar	126.52873	33.50006
노가리앤비어제주	bar	126.52856	33.50287
노가리앤비어제주대점	bar	126.55891	33.44813
노가리앤비어한라대점	bar	126.48156	33.47589
노가리점빵	bar	126.53876	33.51061
노고록	shop	126.53774	33.50481
노고록이	stay	126.25404	33.40443
노고롱	stay	126.28131	33.42312
노군꼬치	bar	126.66697	33.54172
노기	food	126.85731	33.51803
노기다길직업재활센터	cafe	126.51551	33.47510
노기다제주특별자치도의회점	cafe	126.49957	33.49044
노꼬메식당	food	126.50723	33.50999
노노레타	stay	126.84718	33.51088
노늘	stay	126.63274	33.49649
노닐다	cafe	126.95102	33.49419
노닐다민박	stay	126.95102	33.49419
노다멘	shop	126.53001	33.50030
노다지노래연습장	activity	126.26259	33.41404
노다지민박펜션	stay	126.33829	33.38425
노다지해장국	food	126.54736	33.46967
노도고등어회	food	126.48392	33.51077
노라	bar	126.52771	33.50099
노라바	food	126.37633	33.48289
노라조	bar	126.52449	33.51474
노란농수산	shop	126.52895	33.51210
노란분식	food	126.57468	33.45797
노란주전자	bar	126.47705	33.48707
노랑강정제주삼화점	food	126.57544	33.51443
노랑제주	stay	126.42671	33.43546
노랑통닭	food	126.53237	33.50998
노랑통닭	food	126.52347	33.49620
노랑통닭도두점	food	126.47021	33.50746
노랑통닭삼화점	food	126.57987	33.51750
노랑통닭연동점	food	126.49170	33.48712
노랑통닭용담점	food	126.51108	33.50936
노랑통닭제주한라대점	food	126.47903	33.47652
노랑통닭한경점	food	126.23434	33.29267
노랑통닭한림점	food	126.26499	33.41175
노랑해바라기김밥	food	126.45725	33.46752
노래공원노래연습장	activity	126.49338	33.48360
노래자랑라이브	bar	126.51495	33.50025
노래짱노래연습장	activity	126.53757	33.49673
노래하는숲	bar	126.43336	33.45642
노량진수산	food	126.52840	33.49570
노량진조림전문	food	126.52114	33.51750
노러브노라이프	food	126.53157	33.49814
노론존	cafe	126.48408	33.48844
노루마당	stay	126.66157	33.47217
노루하루민박	stay	126.78918	33.53188
노른자	food	126.66765	33.54250
노리롱	cafe	126.52028	33.47711
노리민박	stay	126.63503	33.53806
노리카페앤샵	cafe	126.51101	33.49316
노리키즈펜션	stay	126.66156	33.54278
노리터	shop	126.50033	33.49370
노리터스크린골프	activity	126.48698	33.47592
노리파크	activity	126.47917	33.49188
노리파크제주	activity	126.66156	33.54278
노리파크화북	activity	126.56945	33.51883
노마드	shop	126.30834	33.45354
노마드인제주	stay	126.50587	33.51575
노마스	food	126.53544	33.48887
노마와사비	cafe	126.54296	33.50164
노모어블루스	food	126.53767	33.49296
노모어피자신제주점	food	126.48586	33.48234
노모어피자제주삼화점	food	126.57670	33.51669
노물	food	126.67585	33.51253
노바	stay	126.63482	33.54208
노바포차	food	126.43292	33.48842
노벨리조트	stay	126.46233	33.50241
노부스	shop	126.30973	33.46326
노브랜드버거신제주점	food	126.48383	33.48828
노블	shop	126.52463	33.51316
노블레스	bar	126.49075	33.48303
노블레스골프존	activity	126.50345	33.50117
노블레스뷰티아카데미	shop	126.44280	33.45714
노블레스호텔	stay	126.49075	33.48303
노블스테이	stay	126.36262	33.47585
노블클래식	shop	126.52463	33.51316
노시당	stay	126.26323	33.33861
노아민박	stay	126.34239	33.44872
노엘라민박	stay	126.27671	33.40906
노연동국밥	food	126.49328	33.49104
노연스테이	stay	126.48404	33.48624
노워드	shop	126.52831	33.49996
노위스키	bar	126.52746	33.51545
노을가	stay	126.28243	33.40850
노을게스트하우스	stay	126.36675	33.44940
노을과등대	stay	126.26408	33.42890
노을과원담민박	stay	126.16613	33.33177
노을과포도향기	stay	126.36545	33.45106
노을리	cafe	126.37273	33.48011
노을멍	shop	126.23980	33.39372
노을빛	stay	126.26967	33.40198
노을빛돼지	food	126.33847	33.46736
노을스테이인제주	stay	126.27538	33.43714
노을승마장	activity	126.94644	33.51295
노을위밥상	stay	126.26756	33.39467
노을을담다	stay	126.72031	33.55607
노을이그린집	stay	126.30720	33.44552
노을이야기	stay	126.34697	33.47258
노을정원	stay	126.19297	33.35540
노을정원풀빌라	stay	126.19314	33.35551
노을캠퍼	stay	126.26769	33.42577
노이민박	stay	126.79617	33.53167
노타메노	food	126.52019	33.51436
노티드제주애월	food	126.30973	33.46326
노팅힐회정식	food	126.46942	33.49440
노포갈비	food	126.52804	33.49540
노포돼지보리짚불구이	food	126.30855	33.45203
노피어소셜클럽	shop	126.52831	33.51280
노형가구타운	shop	126.46649	33.47719
노형가맥	bar	126.46936	33.48340
노형각재기	food	126.47535	33.49075
노형골프	activity	126.47385	33.49168
노형골프클럽	activity	126.48275	33.47607
노형궁전	food	126.48506	33.48446
노형대표술집	food	126.48029	33.49091
노형동태탕코다리찜	food	126.47847	33.48788
노형둘레국수	food	126.48361	33.48144
노형따숨온열힐링카페	shop	126.47668	33.48884
노형로또마트	shop	126.47531	33.48866
노형막창고을	food	126.47893	33.49105
노형민속당	shop	126.48973	33.50124
노형바다장어	food	126.47144	33.48157
노형봉개족탕순대	food	126.47654	33.48342
노형비너스와코루	shop	126.47575	33.48945
노형삼다오리	food	126.48007	33.48950
노형삼조삼계탕	food	126.47923	33.48896
노형수산조새호	food	126.47310	33.48039
노형수퍼마켙	heritage	126.45522	33.46501
노형순창	food	126.48057	33.47749
노형온누리약국	shop	126.47847	33.48647
노형자연산	food	126.47222	33.48382
노형주유소포차	food	126.48073	33.48412
노형질레	food	126.47559	33.48680
노형집밥	food	126.47820	33.48757
노형타워약국	shop	126.47830	33.48582
노형탁구장	activity	126.48029	33.49091
노형탑부평	food	126.46868	33.48324
노형토종닭	food	126.46941	33.48104
노형포차	food	126.47997	33.48908
노형한마음약국	shop	126.48011	33.48667
노형한빛식당	food	126.40613	33.42106
노형해장국전주명가콩나물국밥	food	126.47669	33.48920
노형호수	food	126.48007	33.48950
노형호텔	stay	126.47813	33.48611
녹고뫼	stay	126.41855	33.41313
녹고뫼맛골	food	126.40769	33.40658
녹고뫼민박	stay	126.41855	33.41313
녹남봉	shop	126.46745	33.48403
녹두네	bar	126.48472	33.48507
녹색식당원동점	food	126.37829	33.40121
녹색집	food	126.49565	33.48840
녹십자약국	shop	126.26458	33.41446
녹원	stay	126.52420	33.50050
녹원	cafe	126.52431	33.50759
녹음실	shop	126.51797	33.50296
녹천당구장	activity	126.48075	33.48755
논다노래타운제주연동점	bar	126.48960	33.48899
논짓물	food	126.49217	33.48864
논짓물식당	food	126.50442	33.51266
놀구름	stay	126.20053	33.36268
놀놀	food	126.80687	33.49457
놀다그리다	shop	126.34598	33.45133
놀담	stay	126.36839	33.47760
놀당가주	bar	126.52408	33.50628
놀당스테이	stay	126.24467	33.39669
놀당카페	cafe	126.24467	33.39669
놀랄만두하군	food	126.26379	33.41421
놀러와	food	126.43178	33.48750
놀러와당구카페	activity	126.43274	33.48842
놀러와펜션	stay	126.42448	33.46288
놀맨	food	126.31020	33.46247
놀멍놀멍	stay	126.90002	33.48595
놀멍쉬멍	stay	126.66172	33.54209
놀멍쉬멍고르멍	stay	126.71296	33.55067
놀멍자멍민박	stay	126.23127	33.38803
놀멍자멍쉬멍	stay	126.24634	33.39920
놀부네	food	126.26846	33.41166
놀부신제주점흥부찜닭공수간삼겹본능	food	126.48007	33.48893
놀부유황오리놀부보쌈족발김치찜구제주점	food	126.53282	33.51006
놀부주방놀부보쌈족발삼겹본능흥부찜닭놀부김치찜삼화점	food	126.57910	33.51601
놀숲제주외도점	cafe	126.43173	33.48609
놀이더하기명화슈퍼	shop	126.53048	33.51095
놀이터	bar	126.53244	33.50986
놀자	stay	126.30171	33.41803
놀자노래연습장	activity	126.52992	33.49911
놀젠	food	126.26410	33.41423
놈삐	food	126.52307	33.49889
농경사회	shop	126.18484	33.33800
농땡이연구소	stay	126.52489	33.51383
농띠	stay	126.74651	33.55793
농부와꽃돼지	food	126.65899	33.49913
농부와돌집	food	126.23772	33.30367
농부와돌집민박	stay	126.23772	33.30367
농부의믿는구석	stay	126.67123	33.51470
농부파스타집	food	126.80133	33.55643
농어촌민박라피아	stay	126.25229	33.39851
농인투	shop	126.65989	33.50855
농협목우촌또래오래치킨	food	126.63735	33.44900
높은물정식	food	126.66771	33.54114
높은오름	nature	126.79281	33.45733
누구나홀딱반한닭제주외도점	food	126.43112	33.48714
누구하나	stay	126.38597	33.46768
누군가의쓸모	shop	126.88534	33.51991
누나네	food	126.47850	33.47888
누나밥상	food	126.52617	33.49689
누나홀닭	food	126.66803	33.54161
누네띠네	shop	126.52478	33.51164
누네띠네	shop	126.52463	33.51316
누네띠네	shop	126.48077	33.49061
누네띠네	food	126.52338	33.51154
누네띠네	shop	126.52743	33.50252
누네안경원	shop	126.52165	33.49946
누누상점	shop	126.31227	33.46218
누렁소앤도새기	food	126.42805	33.44759
누루세미민박	stay	126.27548	33.39669
누룩대통령	bar	126.49315	33.48758
누룽도원	food	126.53457	33.49717
누룽도원연동점	food	126.49708	33.48551
누룽지	food	126.53200	33.49423
누른	food	126.50237	33.51696
누리	stay	126.53032	33.51282
누리네민박	stay	126.41133	33.47512
누리네옷가게	shop	126.63787	33.53692
누리다아로마	shop	126.49301	33.48600
누리재능	shop	126.47462	33.49289
누베커피	cafe	126.54718	33.47165
누산타라	food	126.26259	33.41404
누아제주	cafe	126.51919	33.51153
누아토	shop	126.52858	33.49952
누에베	stay	126.42935	33.43162
누에베풀빌라	stay	126.42898	33.43184
누에베호텔	stay	126.42898	33.43184
누에보홍스랩	cafe	126.34419	33.40065
누옥	food	126.52874	33.50827
누온미	stay	126.68422	33.48899
누운산책방	shop	126.69102	33.48063
누운섶제주	stay	126.30105	33.38353
누운하우스	stay	126.63030	33.50504
누울	stay	126.83908	33.53644
누웨마루거리	heritage	126.49029	33.48775
누이	food	126.52412	33.49955
누하우동초밥	food	126.30591	33.44626
눅애월	bar	126.34763	33.47091
눈꽃을나누다	food	126.47493	33.49018
눈먼고래	stay	126.63446	33.53851
눈목	shop	126.78346	33.47162
눈사람	bar	126.48969	33.48492
눈사랑안경신제주점	shop	126.48584	33.48163
눈을맞추다	shop	126.47771	33.48410
눗	stay	126.31767	33.46408
뉴가닉제주	shop	126.49300	33.49560
뉴그랜드	bar	126.49020	33.48559
뉴그랜드노래연습장	activity	126.48761	33.48552
뉴당구매니아	activity	126.54243	33.50210
뉴데이커피	cafe	126.54404	33.47425
뉴독일안경원	shop	126.48228	33.48173
뉴랜드제주	stay	126.25472	33.38660
뉴마인체형교정센터제주	activity	126.46867	33.48144
뉴마인하우스	stay	126.79383	33.55580
뉴만해슈퍼	shop	126.45249	33.49686
뉴맨하탄	bar	126.48658	33.48909
뉴맨하탄관광호텔	stay	126.48562	33.48931
뉴박하	bar	126.49162	33.48447
뉴발란스구제주	shop	126.52561	33.51449
뉴발란스구제주신	shop	126.48982	33.48778
뉴발란스신제주	shop	126.49039	33.48922
뉴발란스키즈	shop	126.52520	33.51416
뉴발리노래연습장	activity	126.49320	33.49021
뉴별빛민박	stay	126.32623	33.43041
뉴봄봄김밥	food	126.57990	33.51642
뉴스카이	bar	126.58161	33.52154
뉴스타당구장	activity	126.51962	33.50329
뉴스타모텔	stay	126.51962	33.50329
뉴신라호텔	stay	126.49245	33.48892
뉴아일랜드호텔	stay	126.48944	33.48431
뉴애월차이나	food	126.35737	33.47229
뉴에라캡제주점	shop	126.52517	33.51466
뉴오페라	bar	126.49123	33.48771
뉴욕뉴욕	bar	126.48156	33.47589
뉴욕델리하우스	food	126.51717	33.51553
뉴욕버거제주	food	126.53615	33.49252
뉴욕버거제주연동점	food	126.48928	33.48972
뉴욕아울렛제주	shop	126.54394	33.49143
뉴욕야시장한림협재점	bar	126.26367	33.41418
뉴욕엔틱	shop	126.54401	33.47474
뉴월드	bar	126.17940	33.30298
뉴월드가구	shop	126.51713	33.51124
뉴월드마트로	shop	126.52544	33.51700
뉴월드마트로	shop	126.47739	33.48966
뉴월드마트로연동점	shop	126.48230	33.49337
뉴월드분식	food	126.49337	33.48750
뉴월드신제주점주	shop	126.49339	33.48536
뉴월드안경	shop	126.52917	33.50125
뉴월드여관	stay	126.26394	33.41739
뉴월드이도	shop	126.53697	33.49062
뉴월드주	shop	126.54242	33.49305
뉴월드화북점주	shop	126.57028	33.51971
뉴저지김밥천국	food	126.25657	33.33278
뉴제주건강원	shop	126.47198	33.48483
뉴제주만개농수축산	shop	126.48109	33.48944
뉴제주명품	shop	126.52513	33.48721
뉴제주약국	shop	126.49052	33.48514
뉴제주호텔	stay	126.48272	33.48567
뉴청석골칡냉면전문	food	126.63666	33.53573
뉴추자아일랜드	stay	126.32876	33.94669
뉴캔	bar	126.52609	33.51390
뉴크라운관광호텔주	stay	126.49025	33.48434
뉴타운골프클럽	activity	126.46968	33.48368
뉴톤보청기제주지사	shop	126.52800	33.50069
뉴트리션앤피트니스	activity	126.54307	33.47247
뉴트커피	cafe	126.49996	33.48746
뉴티파니라이브	bar	126.49050	33.48657
뉴팡팡	bar	126.49031	33.48662
뉴페이스	food	126.85291	33.52459
뉴페이스	bar	126.51332	33.50381
뉴플러스통신	shop	126.49712	33.48696
뉴해안풍경	stay	126.47478	33.50890
뉴현대리사이클링	shop	126.47567	33.48407
뉴힐링톡톡	activity	126.53121	33.49810
느긋	shop	126.82051	33.53357
느긋하귀	stay	126.39244	33.48115
느낌펜션민박	stay	126.37025	33.47709
느낌표	stay	126.88765	33.52041
느낌표	food	126.86511	33.52088
느랏느랏	stay	126.31155	33.41634
느랏스테이	stay	126.75129	33.55798
느랑	cafe	126.67978	33.50782
느량	stay	126.83600	33.52852
느루	food	126.53671	33.49587
느루온	food	126.54687	33.49509
느루컴퍼니	shop	126.45344	33.45972
느르왓	stay	126.18402	33.30524
느릅낭집	stay	126.79251	33.55716
느리게걷기	food	126.48770	33.48782
느리게걷기	stay	126.16731	33.28657
느린달팽이	stay	126.40243	33.45022
느린빙수	cafe	126.54059	33.47692
느린오후	activity	126.89149	33.51125
느린하루	stay	126.36090	33.44645
느릿느릿김녕집	stay	126.74751	33.55633
느슨	stay	126.74393	33.55339
느영나영	stay	126.79353	33.53665
느영나영고치	stay	126.24634	33.39910
느영나영매장	shop	126.46294	33.49431
느영나영밥먹고술먹고	food	126.50981	33.50790
느영나영카페	bar	126.52507	33.50623
느영나영패밀리	shop	126.46410	33.48419
느영나영포차	food	126.48746	33.48400
느영나영해장국	food	126.40575	33.48091
느영나영혼듸모영용담점	food	126.51019	33.50689
느지리오름	nature	126.26080	33.36291
느타리	shop	126.51066	33.50967
늑대와여우	bar	126.48977	33.49012
늘머뭄	shop	126.48211	33.48705
늘벗서점	shop	126.48114	33.47952
늘보의작업실	food	126.89962	33.49583
늘봄커피편의점	cafe	126.47284	33.47947
늘봄흑돼지	food	126.47285	33.47952
늘소담	food	126.52153	33.51741
늘솔길	food	126.51090	33.50947
늘송파크텔	stay	126.48317	33.48756
늘제이스테이	stay	126.42493	33.45016
늘조은돼지	shop	126.24947	33.35552
늘조은돼지	shop	126.25146	33.35570
늘조은명품흑돼지	food	126.47493	33.49018
늘좋은날	food	126.52806	33.50328
늘좋은약국	shop	126.53301	33.49507
늘좋은하루민박	stay	126.37189	33.47559
늘찬	food	126.58787	33.52180
늘푸른노래연습장	activity	126.53813	33.51086
늘푸른농수산물	shop	126.50271	33.51605
늘푸른민박	stay	126.24988	33.37687
늘푸른바당	food	126.48011	33.48846
늘푸른옷	shop	126.52463	33.51316
늘푸름개발	shop	126.65691	33.54421
늘픔원	shop	126.25923	33.32670
늘해랑	shop	126.49111	33.48857
능소비빔국수제주점	food	126.44104	33.46999
능이버섯백숙향계	food	126.48018	33.48739
늬커리	stay	126.29428	33.44252
니나노래연습장	activity	126.56701	33.52227
니도	stay	126.27174	33.43601
니도내도	stay	126.43840	33.49458
니드필가구	shop	126.51159	33.49306
니들커들	shop	126.24180	33.39403
니들코티지	shop	126.43797	33.48292
니모메	cafe	126.43095	33.49376
니모스토리	cafe	126.75399	33.55826
니코보코	shop	126.41215	33.48506
니트앤위빙	shop	126.49711	33.48790
니트홀릭	shop	126.30978	33.44395
니하오	food	126.49150	33.47811
니하오	food	126.49049	33.48799
니하오객잔	stay	126.78256	33.55120
니하오게스트하우스	stay	126.56374	33.52291
닉녹	bar	126.52860	33.50006
닉스	bar	126.48987	33.48939
닉스앤녹스노래연습장	activity	126.52907	33.49969
닉스엔녹스	activity	126.52860	33.50006
닉스제주점	shop	126.52463	33.51316
닌자푸르츠	food	126.47721	33.49166
닐스	food	126.25593	33.39339
닛츠	cafe	126.42115	33.48710
다	bar	126.43178	33.48750
다가미	food	126.52866	33.49044
다가미	food	126.58794	33.52597
다가미아라점	food	126.54448	33.47580
다가미애월점	food	126.44708	33.46064
다가미한림점	food	126.26017	33.41226
다가코가땡마켓	shop	126.47443	33.49606
다감	bar	126.48540	33.48164
다같이애견카페	activity	126.54037	33.47425
다경명상센터	activity	126.84869	33.50952
다경분식	food	126.85537	33.52327
다경산방꼬매	shop	126.52360	33.50462
다경이네옷장	shop	126.52681	33.50364
다과상점	cafe	126.40320	33.43823
다금바리스타	cafe	126.16522	33.30881
다금바리스타산지천	food	126.52801	33.51490
다나라	shop	126.52457	33.51124
다나몰	shop	126.52837	33.51238
다노시	bar	126.47348	33.48461
다노이	food	126.71169	33.55323
다니네	shop	126.27022	33.41374
다니쉬	cafe	126.66369	33.54213
다니엘스키친동문	food	126.52372	33.51145
다니여노	shop	126.48209	33.48845
다님	stay	126.57818	33.48478
다다	cafe	126.54258	33.49335
다다른민박	stay	126.84416	33.52252
다다미	food	126.47697	33.48871
다다야식	food	126.26388	33.41681
다다의작은공간	food	126.37785	33.44143
다다익고정육식당제주사수점	food	126.47918	33.50957
다다정	food	126.48935	33.47729
다다코티지	shop	126.52068	33.50617
다다포차	bar	126.52970	33.51279
다담	food	126.51356	33.49868
다담고	food	126.53121	33.49719
다담애월제주	stay	126.33090	33.46359
다담해장국	food	126.57985	33.51187
다도민박	stay	126.31747	33.94527
다도푸드	food	126.49111	33.48857
다도한가	stay	126.40115	33.44896
다돈	shop	126.52236	33.51107
다동뼈감탕	food	126.52867	33.48982
다락	cafe	126.67702	33.43694
다락더바	food	126.67665	33.49485
다락마마	stay	126.86627	33.51720
다락방소주방	food	126.26419	33.41645
다락방편지	stay	126.26759	33.38475
다람쥐	stay	126.66530	33.54061
다람쥐곳간제주	food	126.47847	33.48647
다람쥐네	food	126.48461	33.48869
다람쥐민박	stay	126.66530	33.54061
다람쥐식탁	food	126.26577	33.40780
다람쥐와도토리	food	126.47294	33.48587
다랑곶	food	126.47935	33.48763
다랑들락	stay	126.90093	33.49544
다랑쉬	cafe	126.50949	33.50888
다랑시	food	126.53303	33.50894
다래가든	food	126.53139	33.46322
다래민박	stay	126.34788	33.43055
다래코	shop	126.50170	33.48214
다래향	food	126.66072	33.54576
다래향	food	126.85442	33.52397
다레모	shop	126.49111	33.48857
다려도	nature	126.69533	33.55723
다려도횟집	food	126.66771	33.54114
다르은초밥	food	126.51999	33.49010
다마내기	activity	126.48475	33.48645
다마내기제주	bar	126.52968	33.49911
다마당구클럽	activity	126.53608	33.49574
다맛	food	126.56368	33.51385
다모	bar	126.51906	33.50023
다모아	bar	126.48973	33.48621
다모아	shop	126.52478	33.51164
다모아	shop	126.57250	33.51894
다모아로또	activity	126.50778	33.47234
다모아마트	shop	126.56405	33.52144
다모아마트정실점	shop	126.50806	33.47236
다모아민박	stay	126.52516	33.49710
다모아용담점	shop	126.51295	33.51291
다모아주	shop	126.52559	33.51384
다모아중고	shop	126.52430	33.46389
다모영식당	food	126.54568	33.49932
다모인식당	food	126.48449	33.48270
다몰	stay	126.67252	33.54239
다몽채민박	stay	126.38955	33.47587
다미	shop	126.48505	33.48419
다미	food	126.47805	33.48743
다미난길	food	126.85628	33.52313
다미네	food	126.29587	33.96317
다미네민박	stay	126.29587	33.96317
다미순대	food	126.49177	33.49009
다미야	bar	126.48271	33.48410
다미회	food	126.53124	33.50040
다보포크	shop	126.48213	33.48902
다복다복	cafe	126.85800	33.52304
다복식당	food	126.67593	33.53371
다복이네해장국	food	126.58146	33.49762
다복함	stay	126.30741	33.44389
다복향마라탕	food	126.67481	33.53937
다복향마라탕제주외도점	food	126.42447	33.48752
다복향마라탕제주한림점	food	126.26499	33.40963
다비다	food	126.40668	33.43745
다비치안경	shop	126.52844	33.50032
다비치안경삼화점	shop	126.58029	33.51706
다비치안경아라점	shop	126.54849	33.46759
다비치안경제주	shop	126.53987	33.50736
다비치안경제주아라점	shop	126.54849	33.46759
다비치안경제주한라대점	shop	126.47366	33.47977
다비치히어링보청기신제주연북로점	shop	126.48775	33.48158
다빈슈퍼	food	126.51151	33.51229
다빈장	food	126.35590	33.47238
다빈정보통신	shop	126.52021	33.51304
다빈텔레콤	shop	126.52021	33.51304
다산원동지점해삼궁	food	126.37978	33.40032
다섯손가락	stay	126.34850	33.47179
다섯자매베트남	food	126.57680	33.51785
다성	bar	126.53023	33.51318
다소니	food	126.51766	33.49067
다소니스테이	stay	126.25940	33.39919
다소재티하우스	cafe	126.52458	33.50449
다솔식당	food	126.40278	33.44113
다솔펜션	stay	126.78837	33.55535
다솜	shop	126.54044	33.50663
다솜	shop	126.52988	33.49139
다솜돌솥밥	food	126.59113	33.49195
다솜떡방	food	126.49054	33.47898
다시김녕	stay	126.76329	33.55982
다시또오리	food	126.54452	33.50083
다시버시	food	126.85690	33.52636
다시정식당	food	126.30579	33.44957
다시청춘민박	stay	126.73118	33.54606
다실카페	food	126.66601	33.54164
다쏘니	food	126.55030	33.47420
다쏜다휴대폰성지제주	shop	126.63922	33.53803
다연김치반찬	shop	126.56636	33.52182
다연이네	food	126.53991	33.51776
다오	food	126.17990	33.30334
다오	stay	126.20169	33.35913
다오라민포	food	126.54700	33.49818
다오라효소방	shop	126.45685	33.50224
다오팜	shop	126.48231	33.47698
다온	shop	126.50052	33.49921
다온	shop	126.43179	33.44280
다온	shop	126.56237	33.44575
다온	shop	126.49111	33.48857
다온	shop	126.52463	33.51316
다온	shop	126.52772	33.51219
다온	shop	126.53628	33.49238
다온	stay	126.17998	33.30055
다온	bar	126.52634	33.49656
다온감자탕구좌김녕점	food	126.74760	33.55437
다온강남뷰티	shop	126.49024	33.48734
다온공조시스템	shop	126.89361	33.51159
다온당구장	activity	126.26298	33.41588
다온민박	stay	126.75388	33.55259
다온분식	food	126.45679	33.49569
다온수산삼화점	shop	126.58119	33.51710
다온스킨케어	shop	126.52690	33.49978
다온스토리	shop	126.54571	33.50074
다온스포츠	shop	126.48876	33.48156
다온이네이모카세	food	126.52013	33.50368
다온이앤씨	shop	126.44632	33.48382
다온자리	food	126.53160	33.51340
다온전기조명	shop	126.47288	33.46498
다온정민속주점	food	126.48470	33.48436
다온제과	food	126.59022	33.50881
다온축산	shop	126.53495	33.48547
다온퍼니처	shop	126.48330	33.49595
다올	stay	126.94255	33.50481
다올	stay	126.25630	33.40634
다올	shop	126.74878	33.55704
다올	shop	126.58028	33.51628
다올국수	food	126.51892	33.50015
다올그집	cafe	126.94185	33.50473
다올김밥분식	food	126.47997	33.49169
다올돈가스	food	126.38876	33.45079
다올레횟집	food	126.49268	33.48696
다올밥상	food	126.56277	33.51321
다올스테이	stay	126.40095	33.44284
다올전기	shop	126.56525	33.49432
다올정	food	126.54070	33.50336
다올정육	shop	126.56713	33.51904
다올제	stay	126.88543	33.51623
다올집	food	126.53878	33.48354
다올팬션민박	stay	126.29434	33.96319
다올포렌식제주	shop	126.53464	33.49440
다올풋살장	activity	126.57615	33.46380
다옴	stay	126.43448	33.49046
다옴골드	shop	126.52672	33.51081
다옴떡공방	food	126.54605	33.48159
다옴체온찜질카페	shop	126.58386	33.52190
다와농장	shop	126.61135	33.50424
다우당	stay	126.25368	33.40390
다우렁	food	126.53766	33.50242
다운힐	cafe	126.54781	33.47406
다원식당	food	126.94908	33.51971
다원우	food	126.42906	33.48467
다원주	shop	126.45734	33.49697
다유기민박	stay	126.24911	33.39518
다육이패밀리농장	shop	126.40997	33.43736
다윤카페	food	126.52239	33.49954
다윤통신	shop	126.50995	33.50890
다은복권	activity	126.58497	33.51916
다은식당	food	126.53687	33.49314
다음약국	shop	126.52885	33.48140
다이나믹스포츠	shop	126.48858	33.47730
다이나믹잭팟	shop	126.87859	33.52052
다이노바이트샌드위치	food	126.52088	33.51286
다이닝룸	food	126.79392	33.55596
다이닝브랜즈그룹비에이치씨제주동화	food	126.73204	33.43543
다이닝타몽	food	126.51182	33.51212
다이버스타운	stay	126.65657	33.54723
다이서	shop	126.46018	33.50307
다이소	shop	126.59699	33.48868
다이소제주외도점	shop	126.42990	33.49174
다이소제주하귀점	shop	126.40865	33.48421
다이아	bar	126.54157	33.50543
다이아나펜션	stay	126.58721	33.52445
다이아몬드호텔	stay	126.49223	33.48894
다이클로노형	shop	126.48657	33.48125
다이클로노형정든마을주공점	shop	126.47445	33.48999
다이클로삼화부영	shop	126.58099	33.51645
다이클로연동신라점	shop	126.48579	33.48579
다이클로외도	shop	126.43242	33.48574
다이클로제주도남점	shop	126.52374	33.49279
다이클로제주아라점	shop	126.54512	33.47375
다인	shop	126.53578	33.51070
다인	cafe	126.51839	33.51174
다인가든	food	126.35126	33.47145
다인리조트	stay	126.35125	33.47144
다인리조트주	stay	126.35126	33.47145
다인펜션민박	stay	126.35126	33.47145
다인횟집	food	126.52653	33.50071
다정약국	shop	126.54351	33.47458
다정온누리약국	shop	126.58099	33.51645
다정원	shop	126.47605	33.48591
다정이네	food	126.63696	33.49661
다정이네김밥제주	food	126.51961	33.51286
다정풀빌라	stay	126.35948	33.47389
다짐휘트니스	activity	126.53228	33.49669
다찌스테이	stay	126.30058	33.43661
다참온	food	126.53925	33.51118
다채로온	stay	126.17315	33.33125
다코네	cafe	126.83678	33.52919
다크블루올모스트블랙	bar	126.63645	33.53559
다파쳄	bar	126.53863	33.50146
다팜늘솜	shop	126.54515	33.50178
다품종소량생산	shop	126.78525	33.47111
다하연	food	126.47421	33.48193
다함께노래연습장	activity	126.58511	33.52130
다함께야구왕신제주점	activity	126.48469	33.48624
다함께야구펍	cafe	126.48469	33.48624
다합주택	bar	126.66095	33.54312
다혜	stay	126.41944	33.43211
다홍	bar	126.49185	33.48749
다홍노래연습장	activity	126.50960	33.50827
다희연	activity	126.70066	33.47898
다희연포르테	food	126.48304	33.48536
닥그네할망	food	126.52998	33.49528
닥닥닥	food	126.48383	33.48383
닥몰해장국	food	126.25425	33.32822
닥스하우스	stay	126.30948	33.41329
닥터케이국가대표인랩	activity	126.47351	33.49081
단겸펜션	stay	126.79221	33.55248
단골집	food	126.53343	33.49538
단단약국	shop	126.52543	33.49978
단단한림	stay	126.27573	33.43651
단델리온	cafe	126.51810	33.50432
단도리	food	126.52146	33.50455
단또	food	126.53042	33.49745
단무지김밥	food	126.53978	33.48423
단물가방앤까페	bar	126.26159	33.41573
단밤베이커리	food	126.52794	33.50331
단비	food	126.47900	33.48944
단빌리지	stay	126.18998	33.30215
단성무이제주	food	126.52870	33.49972
단소	food	126.32264	33.46445
단소오라점	food	126.50756	33.48717
단수이카스테라	food	126.66649	33.54178
단수이카스테라	food	126.52668	33.51266
단수이카스테라인제주	cafe	126.45214	33.46273
단심스테이조천	stay	126.70367	33.48583
단아가구	shop	126.59009	33.51138
단아하우스	food	126.50751	33.50999
단아한펫	shop	126.40558	33.48004
단양갱	food	126.40504	33.43459
단우동	food	126.65730	33.53651
단잠	stay	126.31920	33.46639
단정한까페	cafe	126.52920	33.49681
단지	food	126.56647	33.51512
단지제주혼술바	food	126.48552	33.48272
단지제주혼술바	food	126.66965	33.54082
단추숲	food	126.70646	33.51029
단풍나무	food	126.40414	33.42232
단풍장	stay	126.78273	33.47302
단풍정원	cafe	126.43383	33.49228
단하우스	stay	126.37471	33.46213
단호	food	126.54439	33.47375
달고기네은갈치	food	126.44561	33.49792
달고나민박	stay	126.83934	33.53633
달고래푸드카페	food	126.38887	33.48870
달곰카페	cafe	126.65703	33.49925
달그락식탁	food	126.65367	33.54386
달그리안	cafe	126.96792	33.49775
달나비민박	stay	126.79517	33.55489
달노래	bar	126.36712	33.47106
달노시스테이	stay	126.30877	33.41009
달님	bar	126.53126	33.50096
달다락	stay	126.79523	33.55412
달다제주	shop	126.63863	33.53863
달다하우스	stay	126.74871	33.55630
달달미깡감귤밭	activity	126.42189	33.45930
달달부엌	food	126.48555	33.48042
달달한제주	cafe	126.51040	33.50942
달담	food	126.34846	33.45535
달떡볶이구제주점	food	126.52971	33.50129
달떡볶이삼화점	food	126.57334	33.52026
달떡볶이신제주점	food	126.48683	33.48930
달떡볶이외도점	food	126.43349	33.49254
달래	bar	126.51762	33.50866
달래네	shop	126.16490	33.30892
달래식당	food	126.16561	33.30877
달래약국	shop	126.26671	33.40871
달려라푸드	food	126.48731	33.48553
달로간코끼리	stay	126.74617	33.55426
달롱도르제주	cafe	126.53986	33.50783
달료포차	food	126.48917	33.48708
달리는려석들제주노형	food	126.47448	33.48147
달리는커피도두점	cafe	126.46395	33.50295
달리는커피아라점	cafe	126.54478	33.47427
달리는커피제주도남	cafe	126.52598	33.49704
달리는커피제주삼화점	cafe	126.58209	33.51703
달리는커피제주외도점	cafe	126.43067	33.48898
달리는커피한림점	cafe	126.26491	33.41301
달리자서울포차연동점	bar	126.49170	33.48712
달리포유	shop	126.51276	33.50367
달마	food	126.52741	33.51490
달마루길	bar	126.47395	33.49001
달마루스파	stay	126.90002	33.48595
달마루스파앤풀빌라	stay	126.90048	33.48582
달마야해물탕북촌	food	126.69334	33.55108
달맞이	food	126.49514	33.49233
달밤애	food	126.58799	33.51724
달밤포차	food	126.53819	33.51320
달밭	food	126.24157	33.39235
달밭코티지	stay	126.70350	33.51401
달백스테이	stay	126.42460	33.43024
달보드레	bar	126.49043	33.48558
달보름	cafe	126.83811	33.53662
달비치	cafe	126.79721	33.55508
달비치까페	cafe	126.79721	33.55508
달빛고운민박	stay	126.79642	33.55533
달빛공방	shop	126.51790	33.51135
달빛노래연습장	activity	126.79533	33.55571
달빛마트	shop	126.19952	33.31818
달빛머금은	food	126.52636	33.51564
달빛명월	stay	126.26333	33.39742
달빛무리	bar	126.49408	33.49047
달빛바다펜션	stay	126.49845	33.51749
달빛보석	shop	126.47424	33.48260
달빛술상	food	126.54168	33.50189
달빛온도	stay	126.32671	33.44056
달빛월정	stay	126.79295	33.55577
달빛주막	bar	126.47337	33.48243
달빛창가	stay	126.40345	33.47483
달빛초가하우스	stay	126.61417	33.53710
달빛포차	food	126.49473	33.48591
달빛회포차	food	126.51188	33.48831
달사막	bar	126.67239	33.54197
달산농원	shop	126.52643	33.47560
달세뇨아빠의레스토랑	food	126.65926	33.49984
달소금	bar	126.48792	33.49159
달소녀주막	food	126.52772	33.50098
달숨	stay	126.79236	33.55724
달숨스테이	stay	126.22881	33.33720
달숲하우스	stay	126.25103	33.39476
달스테이	stay	126.40780	33.45689
달시	stay	126.24350	33.39542
달시아이스크림세계과자제주월령점	shop	126.21397	33.37559
달시연동점	shop	126.48924	33.48024
달시플러스	stay	126.23089	33.38876
달식당	food	126.90020	33.49178
달아래팥	food	126.22900	33.32408
달아별아	bar	126.53555	33.49797
달안별채	stay	126.28120	33.42300
달에물들다민박	stay	126.79245	33.55769
달에물들다힐링스테이	stay	126.75044	33.55403
달에사는고래	cafe	126.42701	33.43520
달의낮잠	stay	126.68477	33.54834
달자카페	cafe	126.37976	33.48355
달자펜션민박	stay	126.37976	33.48355
달작민박	stay	126.31855	33.45735
달주	food	126.60145	33.49261
달집게스트하우스	stay	126.90107	33.49365
달책빵	food	126.83929	33.53645
달치즈	food	126.86204	33.52416
달카라멜	cafe	126.67370	33.54010
달코롬	food	126.51520	33.50970
달코미커피	cafe	126.31123	33.46012
달콤다락	shop	126.52735	33.51203
달콤아이스크림할인점	shop	126.53300	33.49720
달콤아재	cafe	126.95749	33.51343
달콤왕가탕후루	food	126.53049	33.49835
달콤점빵아이스크림할인점	shop	126.53337	33.51326
달콤커피제주	cafe	126.49596	33.50594
달콤한가	food	126.33761	33.46565
달콤한다락방	stay	126.40705	33.42998
달콤한닭강정	food	126.53376	33.49518
달콤한닭강정	food	126.54059	33.50586
달콤한아침	stay	126.79898	33.55219
달콤한풀빌라	stay	126.46029	33.45163
달콤한휴식	stay	126.33620	33.42277
달토끼여행	stay	126.85384	33.52757
달토르펜션	stay	126.21033	33.36649
달퐁구움	food	126.58199	33.52179
닭다리먹고맴맴	food	126.85529	33.52618
닭머르해안길	nature	126.61325	33.53780
닭이랑고기랑	food	126.53767	33.50590
닭짱삼도	food	126.52481	33.50660
담	food	126.49474	33.49021
담가화로구이	food	126.46868	33.48324
담가화로구이이도	food	126.54959	33.49402
담게스트하우스	stay	126.26705	33.38609
담꾹일도	shop	126.54894	33.50044
담다	stay	126.84384	33.52998
담다브레드	food	126.67367	33.53882
담담	cafe	126.26243	33.33904
담담상점	shop	126.72031	33.55607
담담샤브신제주점	food	126.47697	33.48871
담담스테이	stay	126.39541	33.46767
담담재	stay	126.16988	33.32639
담담히	cafe	126.51364	33.49240
담돌국수	food	126.53237	33.50814
담따라	stay	126.33087	33.44022
담뜰	stay	126.26126	33.38279
담로	food	126.26085	33.40548
담바다알작지점	food	126.43980	33.49572
담배	shop	126.52303	33.50699
담백	food	126.80133	33.55643
담백한그집	food	126.49582	33.49178
담백한상	food	126.38109	33.48427
담뽀뽀	food	126.54073	33.47240
담삭	bar	126.67277	33.54332
담소	food	126.48255	33.48680
담소미술창작스튜디오	shop	126.51933	33.50133
담소식당	food	126.26519	33.41271
담소식당	food	126.29574	33.96299
담소창작스튜디오갤러리	shop	126.49353	33.48646
담아드림찬	shop	126.46110	33.49535
담아래	food	126.48732	33.46942
담아보게	shop	126.50350	33.48046
담안	cafe	126.46696	33.50595
담우스테이애월	stay	126.30454	33.44798
담원재	stay	126.61125	33.49980
담은스테이	stay	126.26452	33.40542
담은제주법인	shop	126.43430	33.44748
담을솥	food	126.65926	33.49984
담을제주	food	126.51831	33.50876
담이자카야	bar	126.48731	33.48269
담잠민박낮은담깊은잠	stay	126.32635	33.43822
담장안은초록	shop	126.57449	33.48955
담잰도두를담다	shop	126.47199	33.50596
담쟁이	stay	126.85455	33.52305
담제	stay	126.80653	33.55174
담지	bar	126.52007	33.50267
담하	stay	126.18392	33.35446
담향	stay	126.26758	33.39926
담화제주화과자	food	126.50890	33.50881
담희	bar	126.53133	33.50123
답다니언덕집	stay	126.33043	33.43787
답다니탑망대	heritage	126.95265	33.52492
닷팅스칼프	shop	126.63596	33.53565
당구매니아	activity	126.50552	33.51292
당구사랑	activity	126.47608	33.48918
당구세상	activity	126.52217	33.49884
당구신	activity	126.49167	33.48110
당구이야기	activity	126.53121	33.49810
당구장	activity	126.49119	33.48705
당구장	activity	126.40485	33.48135
당구장가즈아	activity	126.47669	33.48920
당근	stay	126.84373	33.53115
당근과바다	food	126.84237	33.53305
당근과해녀	bar	126.84237	33.53305
당근민박	stay	126.86886	33.52302
당근스테이	stay	126.84541	33.51853
당근약국	shop	126.43305	33.49327
당근포차	bar	126.49460	33.48550
당당	cafe	126.37089	33.47447
당동	cafe	126.38221	33.46795
당멀마켓	shop	126.25824	33.33690
당산봉	food	126.17843	33.30624
당산봉	nature	126.17280	33.30781
당산자전거	shop	126.17683	33.31240
당신소려하다	food	126.26560	33.40973
당신은선물입니다	stay	126.74920	33.55718
당오름가든	food	126.78387	33.47066
당일산지직송	shop	126.51899	33.51805
당케	food	126.52016	33.50875
닻밭	stay	126.33847	33.46736
닻별	cafe	126.23245	33.38924
닻소주방	bar	126.26302	33.41533
대가	bar	126.49156	33.48799
대각	shop	126.52731	33.50283
대감님밥상	food	126.48744	33.49223
대게고로케월정점	food	126.79451	33.55521
대게마을	food	126.48256	33.51032
대게와킹크랩돌꼬망쭌포차	food	126.53755	33.49642
대경낚시편의점	shop	126.38000	33.47587
대경상사	shop	126.46414	33.47029
대경전자	shop	126.31867	33.46544
대관령	food	126.49054	33.48705
대관원	food	126.49745	33.48776
대광	food	126.52582	33.50723
대광당구장	activity	126.48963	33.48370
대광당구장구내식당	activity	126.48963	33.48370
대광불교사	shop	126.51949	33.49766
대광수산	shop	126.26149	33.41612
대광편의점	shop	126.52897	33.49993
대구반야월막창	food	126.52634	33.49656
대구상회	shop	126.52785	33.51246
대구슈퍼	shop	126.32549	33.41839
대굴대굴굴구이	food	126.53609	33.49434
대굴대굴도두점	food	126.46365	33.50388
대굴대굴삼화점	food	126.58913	33.51379
대굴대굴식당	food	126.48722	33.49210
대궁	bar	126.53166	33.51274
대궁갈비	food	126.53816	33.51729
대궁숯불갈비	food	126.47573	33.48607
대금식당	food	126.25098	33.40252
대기고매점	shop	126.59328	33.49251
대기물류마트	shop	126.59649	33.48917
대길보리빵	food	126.51320	33.51195
대담	food	126.40133	33.48247
대도식당연동점	food	126.49588	33.48701
대돈앤엘리팝	food	126.52673	33.51588
대동강	bar	126.52857	33.50093
대동당구장	activity	126.53148	33.49671
대동불교사	shop	126.53328	33.50967
대동실집	shop	126.51496	33.50117
대동약국	shop	126.30840	33.45005
대동호텔	stay	126.52721	33.51381
대로자원	shop	126.47182	33.44726
대림주단	shop	126.52824	33.51209
대림프라스틱제주	shop	126.53086	33.50106
대마족발	food	126.49226	33.49081
대만복집	food	126.42899	33.49169
대명	bar	126.67113	33.54102
대명건강원	shop	126.50364	33.51158
대명수산	shop	126.67076	33.53982
대명식당	food	126.52745	33.49473
대명아로마	shop	126.49197	33.48457
대명정육식당	food	126.47261	33.48527
대명정육점	shop	126.53799	33.49723
대명축산수산	shop	126.54698	33.47684
대명한우갈비살	food	126.53799	33.49723
대명호	food	126.50238	33.51394
대문집	food	126.25184	33.40268
대물호	activity	126.18063	33.30337
대박	food	126.56839	33.51932
대박곱창엔해장국	food	126.46005	33.48639
대박국수	food	126.49595	33.48759
대박노래연습장	activity	126.49165	33.48563
대박당구장	activity	126.49477	33.49097
대박왕갈비	food	126.52346	33.50762
대박왕갈비연동점	food	126.49333	33.49292
대박이네	stay	126.43385	33.49458
대방조경	shop	126.41697	33.44619
대벌	bar	126.54307	33.50272
대보	activity	126.48054	33.48706
대보장어수산	shop	126.52618	33.51270
대보코아	bar	126.48054	33.48706
대보코아볼링장	activity	126.48054	33.48706
대복해장국	food	126.75214	33.55497
대봉	food	126.43036	33.49270
대부식당	food	126.56692	33.51539
대붕정	food	126.71052	33.45506
대빵오락실	activity	126.53001	33.49837
대빵오락실	activity	126.54096	33.50525
대빵오락실삼화점	activity	126.58029	33.51677
대빵오락실신제주점	activity	126.49053	33.48735
대산자연농원	shop	126.61524	33.49698
대상농수산	shop	126.52738	33.51291
대새닭	food	126.52836	33.49858
대선	food	126.49263	33.48864
대섬아트스페이스	shop	126.62460	33.53605
대성농산	shop	126.88351	33.51802
대성마트	shop	126.26159	33.41573
대성베트남쌀국수	food	126.26136	33.41473
대성상사	shop	126.56212	33.50651
대성상회	shop	126.22564	33.38720
대성상회	shop	126.29432	33.96272
대성소방	shop	126.37040	33.47403
대성아귀찜	food	126.65790	33.54430
대성철물전기상사	shop	126.26450	33.41424
대성축산유통	shop	126.48529	33.48132
대성휴양빌리지가르텐인애월	stay	126.39349	33.42073
대손관제주	food	126.52721	33.49014
대손관제주	food	126.48318	33.48536
대수굴식당	food	126.83943	33.53611
대승농수산	shop	126.54086	33.50866
대신카메라	shop	126.54512	33.50010
대신포크	shop	126.47623	33.50746
대신포크직영판매장	shop	126.47623	33.50746
대아	stay	126.53479	33.50698
대아갈비	food	126.48761	33.48552
대아농산	shop	126.52668	33.51266
대아수산	shop	126.52668	33.51266
대야성	food	126.51760	33.50190
대양낚시센터	shop	126.42518	33.49263
대양민박	stay	126.32025	33.94176
대어낚시타운	shop	126.58206	33.52092
대어호	food	126.48770	33.48499
대영	shop	126.59169	33.51298
대영	food	126.52635	33.51248
대영공조	shop	126.52482	33.46473
대영란수산	shop	126.52619	33.51226
대영모텔	stay	126.53164	33.49766
대영상회	shop	126.52755	33.51207
대영어패럴	shop	126.52489	33.51383
대오	food	126.65673	33.47410
대왕가마솥화북점	food	126.57612	33.51653
대왕장여관	stay	126.52523	33.49955
대왕해물짬뽕라면	food	126.79436	33.55691
대우정	food	126.51958	33.49891
대운하갈비국수	food	126.30899	33.46432
대웅노래연습장	activity	126.38315	33.48193
대웅민박	stay	126.38338	33.48208
대웅투민박	stay	126.38315	33.48193
대웅한식	food	126.38315	33.48193
대원	bar	126.52653	33.50071
대원가	food	126.52700	33.49156
대원가방	shop	126.52410	33.50734
대원미디어도토리숲제주점	shop	126.73318	33.43625
대원미디어코리코카페제주점	cafe	126.73250	33.43651
대원아구찜	food	126.58164	33.52251
대원암불교상회	shop	126.43452	33.49515
대원오메기떡	food	126.53108	33.50220
대원온누리약국	shop	126.58799	33.51726
대원종합주방	shop	126.47834	33.47756
대월	stay	126.66096	33.54381
대유	food	126.26176	33.41521
대유냉삼겹	food	126.53444	33.51338
대유대림사우나여탕	food	126.55289	33.50149
대윤슈퍼	shop	126.51462	33.50940
대일	food	126.52888	33.49857
대일불교사	shop	126.52404	33.50950
대일에프앤비	food	126.47801	33.48324
대일장여관	stay	126.26409	33.41789
대자연가든	food	126.67539	33.54005
대장수산	shop	126.52942	33.51688
대정골	food	126.51485	33.50933
대정몽생이	bar	126.51773	33.50076
대정약국	shop	126.48637	33.48126
대중적정육식당	food	126.54658	33.50254
대중적한우	food	126.54658	33.50254
대중화	shop	126.52474	33.50751
대지	bar	126.53729	33.51413
대진	food	126.52833	33.51768
대진전기조명	shop	126.52614	33.49571
대창상회	shop	126.52824	33.51209
대춘해장국	food	126.53097	33.50061
대춘해장국	food	126.48445	33.48763
대춘해장국	food	126.52387	33.48041
대춘해장국이호점	food	126.44683	33.49424
대통불교마트	shop	126.52023	33.50764
대통아구	food	126.48302	33.48325
대패랑도남점	food	126.52856	33.49095
대패명가	food	126.54473	33.50375
대패소	food	126.54925	33.47518
대패집	food	126.25962	33.41080
대평슈퍼	shop	126.53963	33.51581
대포집	food	126.40342	33.48045
대포탕탕이	food	126.48098	33.48881
대풍농수산	shop	126.50580	33.48979
대풍농원	shop	126.46037	33.46360
대풍미락정육식당	food	126.66218	33.54518
대풍미락정육식당함덕	food	126.66218	33.54518
대풍미락횟집함덕	food	126.66204	33.54542
대풍해장국	food	126.58886	33.51799
대풍해장국	food	126.47746	33.48256
대학나무	cafe	126.49643	33.51994
대학동길	food	126.50750	33.51319
대학로고전	food	126.53022	33.49819
대학로뷔페	food	126.55577	33.45822
대학로수노래연습장	activity	126.52949	33.49872
대학로참	food	126.52898	33.49843
대학로참닭갈비	food	126.48463	33.48407
대학로황가네	food	126.53131	33.49880
대학병원안경원	shop	126.64315	33.53451
대학안경	shop	126.54585	33.47274
대학약국	shop	126.54741	33.46964
대한당구장	activity	126.49003	33.48128
대한식당	food	126.54127	33.50595
대한오토바이	shop	126.54530	33.50185
대한유리	shop	126.51498	33.51032
대한천막	shop	126.53818	33.51399
대한축산유통축산물할인매장	shop	126.51320	33.51195
대해수	food	126.37324	33.47496
대현수산	shop	126.57885	33.51711
대현통상	shop	126.52010	33.50208
대호유리알미늄	shop	126.43361	33.48817
대호해물가든	food	126.42881	33.44116
대홍유통	shop	126.30006	33.43745
대화	food	126.49304	33.48768
대화	bar	126.52209	33.50030
대화중국식품	shop	126.26652	33.41772
대흘농산	shop	126.67061	33.50707
대흘리에	stay	126.68289	33.51098
대흘리에오롯이	stay	126.68289	33.51098
대흘마트	shop	126.65401	33.49867
대흘민박	stay	126.65288	33.49579
대흘부엌	bar	126.65913	33.49776
대흘샬레	stay	126.66269	33.49349
대흘소공원	food	126.65926	33.49984
대흘앤	stay	126.65411	33.49776
대흘에서	stay	126.66929	33.49664
대흥	shop	126.52772	33.51219
대흥상사	shop	126.51878	33.51209
대흥상회	shop	126.17940	33.30325
대흥수산	shop	126.54069	33.51579
댄디	shop	126.49083	33.47811
댕댕샤워	shop	126.41476	33.48279
댕스냥스	shop	126.47668	33.48884
댕유지낭	stay	126.33017	33.43690
더	bar	126.53033	33.49847
더가든	stay	126.21568	33.34301
더가비	food	126.49212	33.48749
더갈비제주	food	126.53651	33.50117
더갤러리	stay	126.67549	33.42211
더갤러리모던	stay	126.67406	33.42188
더고운에이치앤비	shop	126.53943	33.48918
더굿즈제주	shop	126.52992	33.49911
더그레이스	cafe	126.24130	33.32137
더김밥	food	126.54013	33.50288
더나은약국	shop	126.54318	33.49224
더네스트	bar	126.26481	33.41648
더노벰버라운지제주인제점	food	126.54071	33.50703
더노아하우스	stay	126.66937	33.49745
더놀맨	bar	126.30448	33.44819
더단빌리지	stay	126.18998	33.30215
더달달	stay	126.33121	33.43839
더담다	shop	126.43509	33.49251
더더	food	126.37415	33.47219
더데이걸	shop	126.47542	33.48977
더데이걸제주	shop	126.52463	33.51316
더드림	shop	126.48211	33.48705
더들집빌레	stay	126.71283	33.55433
더들집애월	stay	126.42634	33.43677
더들집오름	stay	126.71283	33.55433
더딘	stay	126.78180	33.46978
더라이브	bar	126.52009	33.50226
더랑	shop	126.49111	33.48857
더랑랑마켓	shop	126.53527	33.48942
더랩바이올브렌스	food	126.47664	33.48227
더럭민박	stay	126.34147	33.45044
더럭펜션	stay	126.34146	33.45046
더레드	bar	126.54006	33.50866
더레프트	stay	126.18866	33.34796
더로그	cafe	126.55890	33.45003
더로그제주	stay	126.40527	33.43481
더로맨틱하우스	stay	126.67464	33.43805
더루시제주애견동반숙소	stay	126.40463	33.43519
더루체앤하우스	stay	126.37387	33.47574
더리체	stay	126.24992	33.39770
더림	stay	126.17321	33.32795
더마니	shop	126.52555	33.51405
더마파크	activity	126.24308	33.35492
더막스	bar	126.56661	33.52153
더맛있는	food	126.52894	33.49640
더맛있는카페	food	126.54359	33.49314
더맨신사정장강남한복	shop	126.51947	33.49357
더머물다인제주	stay	126.21620	33.32863
더머카	food	126.57951	33.52108
더모먼트	food	126.75652	33.55587
더모아	cafe	126.51382	33.46468
더모치킨퐁닭	food	126.49613	33.48550
더몬드협재	stay	126.24364	33.39210
더미다움제주	shop	126.47548	33.48404
더미드하우스	stay	126.70002	33.54670
더바당민박	stay	126.33670	33.46708
더바당카페	cafe	126.33679	33.46713
더바른키친	food	126.54101	33.51032
더바우	cafe	126.21296	33.35418
더바움	stay	126.39639	33.41578
더반베를린제주점	shop	126.52826	33.51346
더뱅크	shop	126.47547	33.48879
더벌브	cafe	126.51911	33.50914
더벤티	cafe	126.52965	33.49923
더벤티연동점	cafe	126.49100	33.48728
더벤티원	cafe	126.48505	33.48555
더벤티제주	cafe	126.47826	33.48669
더벤티제주	cafe	126.53720	33.50514
더벤티제주김녕점	cafe	126.75130	33.55468
더벤티제주노형이편한세상점	cafe	126.47061	33.48442
더벤티제주대학교점	cafe	126.56429	33.45723
더벤티제주삼화점	cafe	126.58029	33.51677
더벤티제주세화점	cafe	126.85673	33.52299
더벤티제주아라점	cafe	126.54316	33.47735
더벤티제주연오점	cafe	126.50176	33.48470
더벤티제주외도점	cafe	126.43044	33.49123
더벤티제주용담점	cafe	126.50704	33.51319
더봄안경	shop	126.58099	33.51645
더부즈제주	bar	126.47903	33.48413
더불어	shop	126.39230	33.46841
더불유	bar	126.48987	33.48952
더블	bar	126.52826	33.50031
더블랑	shop	126.48516	33.48272
더블랭크	bar	126.52346	33.49337
더블로그	shop	126.49054	33.48705
더블루	stay	126.57899	33.52503
더블루	bar	126.53759	33.50471
더블루시티	stay	126.48631	33.48928
더블린	stay	126.67132	33.54227
더블베럴	food	126.52826	33.49916
더블업라이프앤드식스투트웰브	food	126.45078	33.45055
더블에스	food	126.49234	33.48670
더블에이치컴퍼니	food	126.52315	33.50011
더블에잇	shop	126.52857	33.50093
더블엘	shop	126.43192	33.48711
더블유	shop	126.54168	33.49085
더블유골프아카데미	activity	126.47557	33.46492
더블유더블에스	shop	126.40188	33.48226
더블유라운지	food	126.62938	33.50829
더블유스토어이도약국	shop	126.53847	33.48922
더블유앤시	shop	126.49169	33.48853
더블유에이	food	126.49128	33.48052
더블유트리	shop	126.48014	33.48362
더블유티에스	shop	126.70571	33.50779
더블유푸드	shop	126.54377	33.50240
더비	food	126.79679	33.55485
더비치크랩제주	food	126.51525	33.51678
더비치호스텔	stay	126.49073	33.51852
더사랑해	shop	126.51526	33.50924
더삼화스크린골프	activity	126.58029	33.51706
더상진	shop	126.56713	33.51904
더새김	shop	126.54895	33.47099
더샘	shop	126.48184	33.48244
더샘연동점	shop	126.48445	33.48763
더샘제주점	shop	126.52463	33.51316
더샤랄라	shop	126.49408	33.49047
더선량	shop	126.59027	33.48146
더세화리투스	stay	126.85933	33.52413
더송그노래	bar	126.24316	33.39768
더숲아로마앤테라피리저브	shop	126.33741	33.46664
더쉼	stay	126.39491	33.46788
더쉼효소	shop	126.56334	33.49863
더스	shop	126.48888	33.48921
더스위스	shop	126.48997	33.50007
더스카이	bar	126.53041	33.49804
더스카이	bar	126.52624	33.51637
더스타일	shop	126.26547	33.41131
더스테어	stay	126.84357	33.52947
더스테이꽃님	stay	126.74602	33.55841
더스테이블	food	126.54748	33.47613
더스테이센추리호텔	stay	126.40892	33.48487
더스테이인애월	food	126.43272	33.45765
더스테이인애월	stay	126.40892	33.48486
더스테이크리스마스민박	stay	126.33433	33.45711
더스테이크리스마스유수암	stay	126.40403	33.42164
더스트롱홀드수	cafe	126.46792	33.48785
더스푼	food	126.54115	33.49340
더슬로우	food	126.79456	33.55801
더시그니처	bar	126.49030	33.48776
더시그니청	cafe	126.49342	33.48849
더시크릿	bar	126.49168	33.48309
더시크릿애월점	shop	126.33926	33.46250
더시크릿하모니	cafe	126.47581	33.48286
더시타델	stay	126.65383	33.49757
더신라	bar	126.48948	33.48631
더싱글	food	126.25312	33.40449
더싱글라운지	food	126.24056	33.39338
더싱글라운지브런치	food	126.24056	33.39338
더아꼬떼카페	food	126.47397	33.48674
더아름다움	shop	126.49248	33.48602
더아이	stay	126.83627	33.53599
더아일랜더	shop	126.52801	33.51490
더아트스테이	stay	126.66686	33.54240
더애월김치찌개	food	126.34865	33.45614
더애월김치찌개저지점	food	126.26678	33.33782
더애월민박	stay	126.34756	33.47171
더앨리시아	stay	126.79407	33.55771
더엘리시아다알리아	stay	126.79407	33.55771
더엠호텔	stay	126.51956	33.50458
더여니	stay	126.26352	33.37347
더예쁜소길초기집	stay	126.36754	33.43835
더오라	cafe	126.50966	33.49704
더오름에이치앤디	stay	126.25630	33.40634
더오름이채호텔	stay	126.49537	33.48901
더오름케이	stay	126.48607	33.48911
더오름코쿤호텔	stay	126.37164	33.47798
더오젠	stay	126.54304	33.51036
더오젠	bar	126.53629	33.48432
더올레스테이	stay	126.20097	33.35856
더와인	shop	126.53685	33.50071
더우동	food	126.52933	33.49044
더원	stay	126.66885	33.45535
더원스크린골프	activity	126.57990	33.51642
더원스크린골프	activity	126.54897	33.49423
더원제주컴퍼니	shop	126.27022	33.41374
더웨이브	shop	126.54153	33.47659
더윈썸	cafe	126.27573	33.43252
더유니콘의원	shop	126.48040	33.48300
더이룸호텔앤리조트	stay	126.49065	33.48944
더이음	shop	126.53339	33.49583
더자라	stay	126.44213	33.45659
더잔	stay	126.31386	33.42612
더잔플러스	stay	126.31399	33.42635
더전복	food	126.46383	33.50525
더제이드	stay	126.52666	33.51391
더제이원	food	126.48461	33.48523
더제이풀	activity	126.49341	33.48115
더제주	shop	126.69569	33.51263
더제주	food	126.64841	33.54879
더제주리조트	stay	126.25115	33.37835
더제파	cafe	126.79398	33.55457
더젠틀	shop	126.53152	33.48698
더젠틀	shop	126.54068	33.49090
더조은약국	shop	126.49348	33.47936
더족꾼신창풍차	food	126.18297	33.34966
더좋은	shop	126.75285	33.55755
더좋은제주	shop	126.45048	33.46161
더중국집	food	126.54558	33.49346
더지음제주	shop	126.25161	33.40283
더짝연동점	bar	126.49156	33.48799
더찬	shop	126.54416	33.49192
더체온앤찜질카페	shop	126.48921	33.47651
더치박스	cafe	126.47430	33.48958
더치앤빈	cafe	126.47824	33.48366
더카이로스	cafe	126.40012	33.44926
더카페	cafe	126.64573	33.53723
더캐럿	shop	126.49383	33.48548
더커브	cafe	126.31742	33.46250
더커브민박	stay	126.31729	33.46230
더커플	shop	126.25312	33.40449
더케이제주호텔	stay	126.51814	33.51881
더콤마	food	126.85492	33.52557
더크루	activity	126.44207	33.45744
더큰	bar	126.49162	33.48447
더클레프	stay	126.86322	33.52442
더키친	food	126.45078	33.45055
더키친글라	food	126.49334	33.48342
더킹	bar	126.58029	33.51677
더킹동행복권	activity	126.49072	33.48393
더통큰집	food	126.47847	33.48788
더파란민박	stay	126.37619	33.47141
더퍼스트	stay	126.48548	33.48640
더퍼스트민박	stay	126.35413	33.47501
더퍼스트호텔	stay	126.26473	33.41674
더퍼즈플레이스	cafe	126.33012	33.44080
더페이스샵제주한림점	shop	126.26425	33.41469
더포레스트	stay	126.40527	33.43481
더포레스트애월	stay	126.37885	33.41573
더포차	food	126.43143	33.48688
더프라이빗함덕	stay	126.67552	33.53767
더플라워	shop	126.54807	33.48984
더플로우	food	126.24285	33.39590
더피트	shop	126.49111	33.48857
더필통	stay	126.22831	33.33684
더핍스시즌	cafe	126.35753	33.34809
더하다	stay	126.80856	33.55394
더하우스	stay	126.53434	33.50763
더하우스	stay	126.90272	33.50950
더한근	food	126.47905	33.49095
더한빛약국	shop	126.53938	33.48826
더핸드메이드	shop	126.52655	33.51463
더헤이븐	food	126.48829	33.48665
더호텔명동	stay	126.48883	33.49067
더홀스승마센터	activity	126.37971	33.39092
더회전훠궈	food	126.48609	33.48616
더휴제주	shop	126.48965	33.48708
더히든눅	stay	126.33370	33.43572
더힐	stay	126.48802	33.51739
더힐링	shop	126.47351	33.49081
더힐링족욕카페	food	126.50646	33.51592
더힐링타임	cafe	126.50646	33.51592
덕림제주샹그릴라호텔	stay	126.45390	33.46445
덕봉이네	stay	126.16690	33.28622
덕부네버스	shop	126.67726	33.43678
덕분이네밥상청춘분식	food	126.74401	33.55265
덕산주	shop	126.49596	33.50594
덕삼당구장	activity	126.53179	33.51092
덕성원아라점	food	126.54466	33.49139
덕영농수산	shop	126.55382	33.50731
덕원모텔	stay	126.52042	33.50189
덕은	stay	126.49529	33.49000
덕은	shop	126.49054	33.48705
덕이네	food	126.45065	33.45795
덕이대가	food	126.51909	33.50379
덕이소주방	bar	126.26457	33.41670
덕인당빵집	food	126.61861	33.53222
덕인당빵집제주점	food	126.51159	33.49259
덕인맨숀	stay	126.40715	33.46018
덕자씨네민박	stay	126.61599	33.53670
덕진신발	shop	126.26441	33.41370
덕창여관	stay	126.52317	33.50872
덕천리가구점	shop	126.77084	33.50225
덕천연수원	stay	126.75478	33.48151
덕천토종닭	food	126.75490	33.49844
덕평본가민박	stay	126.75203	33.49577
던스페이스	food	126.49363	33.51952
던킨도너츠	food	126.52245	33.51756
던킨도너츠신제주점	food	126.47780	33.48444
던킨도너츠아라점	food	126.54340	33.47827
던킨도너츠제주한마음병원	food	126.54625	33.49629
던킨제주	food	126.52924	33.50008
던킨제주삼화점	food	126.58028	33.51628
던킨제주연동	food	126.49001	33.48017
던킨제주화북점	food	126.56580	33.51922
던힐	bar	126.52375	33.50008
덤불	cafe	126.49518	33.49559
덤불펍	bar	126.49050	33.48657
덤브치킨신제주점	food	126.49001	33.47954
덤브치킨제주	food	126.53900	33.50595
덤브치킨제주	food	126.54344	33.49198
덤브치킨제주삼화점	food	126.57991	33.51611
덤브치킨제주연동점	food	126.48126	33.49054
덤브치킨제주외도점	food	126.43064	33.49157
덧냉면숯불갈비	food	126.49045	33.48491
덩굴원법인	shop	126.60498	33.48579
덮덮밥삼첩분식	food	126.47597	33.48800
데드맨스케이	bar	126.39499	33.48393
데디드	food	126.54344	33.49198
데미안	shop	126.52496	33.51402
데미안제주점	shop	126.52496	33.51402
데미안제주조수점	food	126.22175	33.32912
데상트골프구제주점	shop	126.52526	33.51566
데스빠시오	food	126.66696	33.53993
데이데이샐러드	food	126.49154	33.48965
데이드리머제주점	shop	126.52666	33.49013
데이앤	stay	126.88882	33.51563
데이지	shop	126.52463	33.51316
데일리	shop	126.47917	33.49188
데저트알씨	cafe	126.53152	33.48698
데코	shop	126.51210	33.49256
데코	shop	126.52611	33.51498
데코라인가구본사	shop	126.54415	33.50066
데코라인제주영업소	shop	126.35760	33.46791
데코르	cafe	126.43070	33.49041
데코보코	food	126.52782	33.51408
데코앤제주블라인드커튼	shop	126.51805	33.50307
델리커시	cafe	126.51389	33.49311
델리키친제주	food	126.49335	33.48490
델마와루이스	stay	126.37622	33.48211
델마펜션까페	cafe	126.42769	33.49359
델몬트민박	stay	126.58721	33.52521
델문도	cafe	126.66873	33.54361
델문도로스터스	cafe	126.52634	33.49181
델문도뮤지엄	shop	126.52634	33.49181
델문도인김녕	cafe	126.76840	33.56341
델문도제주도립미술관점	cafe	126.48969	33.45255
도갈비	food	126.47931	33.47655
도갈비	food	126.49759	33.49200
도겸정육품	shop	126.54617	33.50171
도구리알포차	food	126.46972	33.48302
도그모루	cafe	126.67302	33.51528
도깨비	bar	126.85537	33.52327
도깨비	bar	126.51959	33.50685
도깨비갈비찜	food	126.48531	33.44856
도깨비방망이	cafe	126.25195	33.39849
도깨비장군활터	activity	126.48723	33.45120
도깨비장터	shop	126.48723	33.45120
도나스데이제주금오름점	food	126.29922	33.35265
도남고추	shop	126.52918	33.49559
도남고향막창	food	126.52882	33.49592
도남그집	bar	126.52959	33.49137
도남낚시	shop	126.44973	33.49492
도남노래연습장	activity	126.52862	33.49586
도남돼지	food	126.52347	33.49620
도남떡집	food	126.52808	33.49301
도남뚝배기	food	126.52677	33.49529
도남막창	food	126.52550	33.49850
도남백양	shop	126.52896	33.49611
도남시골낙지	food	126.52647	33.49620
도남시장초밥	food	126.54941	33.50030
도남식자재마트	shop	126.53060	33.49390
도남앤횟집	bar	126.52750	33.49623
도남오거리도남점	food	126.52609	33.49655
도남오거리떡방앗간	food	126.52599	33.49518
도남오거리식당	food	126.52613	33.49653
도남오거리외도점	food	126.43386	33.48873
도남운선횟센터	food	126.52605	33.49560
도남정	food	126.52696	33.49673
도남침대마트	shop	126.52797	33.49173
도남톳수제비	food	126.52260	33.48929
도남해돈가	food	126.52616	33.49557
도남황금	food	126.52949	33.49640
도넛킹	food	126.57894	33.51650
도노미	cafe	126.47569	33.48425
도노미민박	stay	126.31132	33.41625
도노미포차	food	126.50371	33.47329
도니도니	food	126.26284	33.41568
도니찜질방	food	126.52894	33.49640
도다	stay	126.64533	33.47144
도다리그램	food	126.52469	33.50650
도다모	food	126.54399	33.49183
도담길	bar	126.52611	33.49699
도담도담	cafe	126.43737	33.49239
도담설렁탕집밥	food	126.64459	33.53160
도담스	food	126.54518	33.50586
도담스튜디오	shop	126.52707	33.50439
도담약국	shop	126.54504	33.47260
도담촌	stay	126.70359	33.55150
도담퍼니처	shop	126.54332	33.49142
도담펜션	stay	126.45748	33.49783
도담한식	food	126.26327	33.41741
도도	shop	126.52812	33.49997
도도도	stay	126.76460	33.47309
도도돈까스	food	126.43608	33.44881
도도름	food	126.49050	33.48969
도도름한우와흑돈	food	126.49050	33.48969
도도리고기국수	food	126.48677	33.50286
도도스테이	stay	126.24425	33.39568
도도하우스	stay	126.20320	33.36163
도돈	food	126.24165	33.39485
도두궁중오메기	shop	126.47035	33.50789
도두끝집	food	126.46415	33.50601
도두나투라	stay	126.46346	33.50186
도두다민박	stay	126.47240	33.50795
도두대경	food	126.47469	33.50925
도두동연합청년회	food	126.46703	33.50385
도두떡집	food	126.46566	33.50313
도두몰	shop	126.48340	33.51062
도두물	food	126.46627	33.50556
도두봉	nature	126.46724	33.50679
도두봉국수	food	126.46979	33.49420
도두봉전망대	heritage	126.46875	33.50842
도두봉펜션	stay	126.47045	33.50805
도두수산	shop	126.46560	33.50649
도두슈퍼마켓	shop	126.46395	33.50295
도두식당	food	126.46753	33.50396
도두어부의밥상	food	126.46765	33.50540
도두연청회	food	126.46646	33.50643
도두코사마트	shop	126.46563	33.50383
도두포차	bar	126.46497	33.50267
도두항	nature	126.46500	33.50617
도두해녀의집	food	126.46664	33.50623
도두해수파크구내매점	shop	126.47130	33.50860
도두후레쉬	food	126.46590	33.50330
도라지식당	food	126.50595	33.49271
도락	food	126.52725	33.50010
도란	food	126.58929	33.52827
도란도넛	cafe	126.42944	33.48688
도란도란	food	126.63576	33.53560
도란도란	food	126.52943	33.49882
도란도란선물가게	shop	126.34865	33.45614
도란도란행복한시간이흐르는곳	food	126.26554	33.40737
도레구떼	food	126.53510	33.51381
도레기천국	shop	126.51036	33.49606
도레미노래연습장	activity	126.53494	33.49733
도련님	food	126.58511	33.52130
도련마을상회	shop	126.58752	33.50943
도련복권방	activity	126.58992	33.50777
도련한우식육식당	food	126.59433	33.50345
도로록	food	126.66288	33.54274
도로못	stay	126.66925	33.53009
도로시	shop	126.51495	33.50025
도로시	cafe	126.48181	33.48817
도로시	shop	126.26312	33.41771
도로시파스타	food	126.54576	33.50318
도록도록민박	stay	126.89994	33.49024
도르르김밥	food	126.29664	33.44492
도르멍	food	126.70677	33.50994
도르멍	shop	126.52675	33.51207
도르멍국수	food	126.70677	33.50994
도르멍달리냥	shop	126.51235	33.50969
도르멍쉼팡	shop	126.83624	33.53936
도르멍제주몰	food	126.52785	33.51246
도리	food	126.46624	33.50220
도리골토종닭	food	126.67512	33.42624
도리도리노래연습장	activity	126.53136	33.51279
도리몽실	stay	126.80662	33.55346
도리미오름	nature	126.76972	33.43157
도린곁	cafe	126.50197	33.47354
도림아스타	stay	126.52024	33.50084
도립	food	126.80524	33.55606
도마도식탁	shop	126.47428	33.48957
도마족발	food	126.50792	33.50961
도매당야채	shop	126.47489	33.49724
도매당제주미	shop	126.47489	33.49724
도미노피자제주	food	126.48312	33.48169
도미노피자제주	food	126.54236	33.49240
도미노피자제주화북점	food	126.57516	33.51444
도민상회월정점	food	126.80026	33.55502
도민식당	food	126.23200	33.38692
도민정육점	shop	126.50922	33.50963
도바나	cafe	126.52016	33.50991
도브다이브	food	126.53364	33.49383
도브민박	stay	126.57689	33.52544
도서관가는길커피숍	cafe	126.51415	33.47615
도서지역	shop	126.52360	33.51447
도세기집	food	126.54472	33.49987
도쉼	stay	126.89699	33.49172
도시곳간제주이도	shop	126.54281	33.49261
도시어부	food	126.47810	33.49038
도시해녀	activity	126.40255	33.48425
도심속으로	bar	126.53131	33.49880
도야짬뽕외도점	food	126.42937	33.49329
도야짬뽕화북점	food	126.57605	33.51449
도어스	food	126.53077	33.49870
도연	bar	126.85628	33.52313
도연식당	food	126.54099	33.50457
도연이네그집	food	126.53958	33.49678
도연이네민박	stay	126.74746	33.48347
도우라이더	food	126.54802	33.47644
도우보이	food	126.79917	33.49072
도원꼬치튀김객	food	126.49197	33.48457
도원식당	food	126.52824	33.51209
도원춘	food	126.26665	33.41471
도윤종합유통	shop	126.45966	33.48775
도을	cafe	126.65712	33.47356
도이	shop	126.26661	33.33892
도이네집	stay	126.86063	33.51492
도이프	cafe	126.54534	33.49463
도주제분식	food	126.52117	33.51394
도주제주혼술바	bar	126.52880	33.49750
도준	food	126.26463	33.41138
도진식당	food	126.49228	33.47907
도치돌가든	food	126.33926	33.41995
도치돌목장	activity	126.36677	33.40975
도치돌법인	stay	126.36572	33.40995
도코도코스튜디오	shop	126.33423	33.46274
도쿄	bar	126.52934	33.49959
도쿄드레스룸	shop	126.90278	33.49446
도토관	food	126.65885	33.54395
도토리	shop	126.52463	33.51316
도토리반찬	shop	126.52593	33.51211
도토리캐빈	stay	126.24281	33.36844
도토리키친	food	126.51862	33.51542
도토림	shop	126.51860	33.51539
도톰	food	126.67604	33.54013
도톰애월	food	126.39703	33.48273
도톰함덕	food	126.65441	33.54383
도톰협재	food	126.24131	33.39295
도트락	shop	126.41274	33.48241
도틀왓제주	stay	126.87689	33.52815
도평	activity	126.45288	33.47187
도평	activity	126.45144	33.47972
도평대대전용당구클럽	activity	126.46120	33.47906
도향	food	126.49260	33.48962
도향촌	food	126.26935	33.41306
도현갤러리	shop	126.49303	33.49068
도현수산	shop	126.26557	33.41621
도호	shop	126.54221	33.50369
도화	bar	126.51971	33.51340
도화꽃선녀의사랑방	bar	126.26447	33.41572
독개물항	food	126.25161	33.40188
독고다이	shop	126.54511	33.50281
독새기김밥	food	126.59296	33.49110
독일안경	shop	126.52244	33.51718
독일양과서사라점	food	126.51945	33.50498
독채펜션제주별하	stay	126.79405	33.55524
독텅치킨	food	126.54787	33.47425
돈가	food	126.49708	33.48643
돈가마당	food	126.54220	33.50244
돈가스땡기는날	food	126.47808	33.47857
돈가쓰집	food	126.30992	33.46298
돈가촌	food	126.53244	33.50986
돈게도라	food	126.49553	33.48489
돈구어	food	126.85416	33.52492
돈까스가있는풍경	food	126.47801	33.47836
돈까스군오므라이스양	food	126.48114	33.48859
돈까스마을	food	126.52624	33.50332
돈까스송쉡	food	126.67031	33.54243
돈까스집	food	126.26311	33.41439
돈꿀꺽	food	126.39589	33.41315
돈꿀꺽노래연습장	activity	126.39279	33.41314
돈꿀꺽편의점	shop	126.39279	33.41314
돈나무	food	126.48904	33.48371
돈날개	food	126.52949	33.49186
돈날개숯불갈비	food	126.47769	33.47752
돈내코숯불갈비	food	126.48674	33.48362
돈놓고돈먹기	food	126.54883	33.49874
돈누리	food	126.47932	33.47716
돈대첩	food	126.25908	33.40972
돈더미	food	126.60705	33.49789
돈도리	food	126.49273	33.48715
돈도칸연동흑돼지	food	126.49040	33.48393
돈독	food	126.53775	33.49684
돈독치기	food	126.48431	33.48433
돈돈	food	126.51983	33.51256
돈돈촌	food	126.54742	33.50645
돈돼오식당	food	126.48302	33.48569
돈돼지	food	126.52010	33.49390
돈돼지국밥	food	126.52496	33.49872
돈되는닭제주	food	126.52721	33.50374
돈드림	food	126.67018	33.54110
돈떵이	food	126.49074	33.48414
돈떵이용담점	food	126.50545	33.51309
돈뚜껑	food	126.43217	33.48684
돈뜨락	food	126.58880	33.50933
돈뜨레인제주	shop	126.50554	33.51644
돈마니	food	126.33253	33.41639
돈마루	food	126.47207	33.48281
돈만땅	food	126.56505	33.52120
돈만석	food	126.52821	33.50293
돈먹고돈주기	food	126.52073	33.51444
돈모아식당	food	126.49300	33.48720
돈몬딱	food	126.52462	33.49910
돈몽	food	126.39241	33.48485
돈물국수	food	126.53542	33.51402
돈물해장국	food	126.53538	33.51413
돈미식가	food	126.51962	33.50329
돈박제주	food	126.43139	33.48739
돈방석	food	126.67635	33.53969
돈방석에프엔비	food	126.54462	33.49386
돈밭	food	126.90286	33.49542
돈배락정육식당	food	126.57670	33.51684
돈백	food	126.48126	33.48284
돈백꽃도두점	food	126.47390	33.50930
돈백꽃신제주점	food	126.49247	33.49056
돈백꽃인제점	food	126.54232	33.50228
돈벼락복권	activity	126.56372	33.51333
돈보따리	food	126.48920	33.48950
돈보따리생생갈비	food	126.48920	33.48949
돈본가	food	126.54195	33.50159
돈사돈	food	126.47072	33.48166
돈사돈	food	126.46408	33.47885
돈사돈월정점	food	126.82715	33.54137
돈사돈포차	food	126.47013	33.48294
돈사돈한림협재점	food	126.27297	33.39808
돈사무소	food	126.47402	33.48672
돈사무소	food	126.53469	33.49053
돈사촌	food	126.51986	33.51195
돈사촌외도점	food	126.43635	33.48345
돈삼겹	food	126.48894	33.48352
돈삼겹	food	126.53361	33.49413
돈삼겹노형뜨란채점	food	126.47229	33.48492
돈삼겹삼화	food	126.57438	33.51476
돈삼겹삼화	food	126.58229	33.51980
돈삼겹삼화점	food	126.57670	33.51656
돈삼겹아라점	food	126.54476	33.47333
돈삼겹외도점	food	126.43309	33.48801
돈삼겹직영	food	126.54710	33.49523
돈삼겹하귀점	food	126.41540	33.48278
돈삼겹한라점	food	126.48740	33.47717
돈삼겹한림점	food	126.26346	33.41565
돈삼촌	food	126.53680	33.51063
돈삼춘	food	126.43019	33.49102
돈삽겹아라점	food	126.54476	33.47333
돈세기	food	126.51349	33.50376
돈세상	food	126.53751	33.50425
돈셰프흑돼지	food	126.36284	33.47764
돈소금	food	126.52494	33.50760
돈소랑축산유통	shop	126.57316	33.47068
돈순이	food	126.58097	33.51279
돈앤바당	food	126.47385	33.49168
돈앤삼겹	food	126.48072	33.49127
돈앤삼겹	food	126.59403	33.49111
돈앤삼겹삼도점	food	126.51694	33.50461
돈앤삼겹하귀점	food	126.40403	33.48083
돈앤정	food	126.53269	33.50067
돈야탑촌	food	126.54610	33.49312
돈야탑촌	food	126.42988	33.48483
돈오락쪽갈비제주	food	126.53411	33.49839
돈올레휴게소	food	126.95025	33.51969
돈와랑	food	126.26945	33.31765
돈우담	food	126.47930	33.49176
돈원신제주점부타소노	food	126.49388	33.48959
돈정	food	126.49214	33.48676
돈주고	food	126.53168	33.51110
돈주고서사라점	food	126.51802	33.50028
돈주는빠식이	food	126.67170	33.53954
돈줄	food	126.53005	33.51312
돈지	food	126.53112	33.51286
돈지정가든	food	126.29555	33.35754
돈짬	food	126.48126	33.48284
돈짬제주	food	126.52964	33.49946
돈짬화북점	food	126.56461	33.52003
돈쫄돈제대점	food	126.55816	33.44930
돈치비	food	126.48192	33.48377
돈카춘제주협재판포점	food	126.18539	33.35343
돈킹스	food	126.49151	33.47923
돈테일러익스프레스	food	126.52168	33.49633
돈파스타정원	food	126.34744	33.47279
돈풍	food	126.48505	33.48697
돈풍년	food	126.54105	33.49378
돈하루방	food	126.53031	33.50422
돈항아리숯불구이	food	126.53859	33.51342
돈해랑	food	126.43558	33.49453
돈해상제주한림협재흑돼지	food	126.29594	33.44632
돈해상한림협재흑돼지	food	126.29594	33.44632
돈해야제주	food	126.50567	33.51381
돈향기	food	126.52706	33.51576
돈화로	food	126.53658	33.49607
돈황제	food	126.41482	33.48574
돈후명가	food	126.49040	33.48633
돌갱이네농수산	shop	126.23983	33.39368
돌갱이네집	food	126.23983	33.39368
돌격한우	food	126.49313	33.48864
돌고래식당	food	126.26127	33.41543
돌공방	shop	126.49111	33.48857
돌꽃펜션민박	stay	126.49842	33.51898
돌나무가든	food	126.44932	33.46264
돌나무바람그리고담	food	126.26705	33.38609
돌다	shop	126.55025	33.49832
돌다메	food	126.42878	33.49145
돌담국수	food	126.53281	33.50837
돌담국수	food	126.52917	33.51120
돌담귤농수산	shop	126.53009	33.46337
돌담길괴기집	food	126.30710	33.44979
돌담길민박	stay	126.94939	33.50956
돌담너머당근	cafe	126.83827	33.53648
돌담너머바다	food	126.43981	33.49575
돌담너머바다	stay	126.89517	33.51826
돌담너머하늘	stay	126.89505	33.51845
돌담넘는고양이	food	126.90179	33.48599
돌담당구장	activity	126.96552	33.50371
돌담땅콩국수	food	126.31301	33.46358
돌담민박	stay	126.40920	33.48614
돌담슈퍼휴게소	shop	126.96446	33.51337
돌담스테이	stay	126.26240	33.39690
돌담아구찜	food	126.52988	33.48883
돌담애분식	food	126.53975	33.49210
돌담연가	stay	126.63825	33.51244
돌담위에토끼	shop	126.89257	33.52601
돌담위에흑돼지	food	126.36835	33.47786
돌담이네	stay	126.25671	33.35097
돌담이우다펜션	stay	126.28236	33.37510
돌담채	stay	126.24202	33.39296
돌담칼국수세화점	food	126.86219	33.52372
돌담통닭	food	126.86219	33.52372
돌담통닭	food	126.66981	33.54048
돌담하우스	stay	126.40507	33.43507
돌담할망보말톳칼국수	food	126.47920	33.47888
돌담흑돼지	bar	126.49086	33.48675
돌담흑돼지제주	food	126.49050	33.48657
돌돌스토어탠저비	shop	126.65672	33.45138
돌돌왕십리야채곱창	food	126.47970	33.49156
돌돌이	food	126.50000	33.48842
돌돌이숯불갈비	food	126.50000	33.48842
돌맹이수산	shop	126.28396	33.44362
돌미롱케이크	food	126.55111	33.47143
돌빌레	food	126.37741	33.48384
돌산	bar	126.53020	33.50076
돌삼집	food	126.47989	33.48901
돌섬식당	food	126.26388	33.41623
돌실나이두리토방제주점	shop	126.52072	33.50899
돌아온놀부네	food	126.52619	33.49579
돌아이뽑기방	activity	126.52447	33.51281
돌안뜰	stay	126.41373	33.46569
돌연히	food	126.26531	33.38770
돌염전소금커피	cafe	126.37598	33.48248
돌집조앤정	stay	126.86004	33.51524
돌채	stay	126.94894	33.50893
돌체	bar	126.53087	33.50079
돌카롱제주	food	126.51365	33.49853
돌코롬마켓	shop	126.52768	33.51236
돌코롬하우스민박	stay	126.38805	33.34772
돌트멍	bar	126.49515	33.48904
돌트멍으로드는보름	cafe	126.63107	33.50626
돌팡농수산	shop	126.67874	33.49728
돌핀	food	126.58735	33.52636
돌핀리조트	stay	126.72876	33.55656
돌핀웨일제주점	shop	126.47788	33.48247
돌하루방방	activity	126.57773	33.51749
돌하루방캠핑장	stay	126.23899	33.32385
돌하르방미술관	nature	126.68966	33.53960
돌하르방식당	food	126.23973	33.39017
돌하르방식당	food	126.53872	33.51005
돌하르방조청	shop	126.51996	33.51163
돌하르방캠핑장	stay	126.23896	33.32388
돔	food	126.49185	33.48749
돔베고기닭칼국수	food	126.26193	33.32279
돔베돈	food	126.52666	33.51557
돗갈비제주	food	126.46356	33.50323
돗깨비	food	126.45899	33.49878
돗날	food	126.54424	33.49110
돗담	food	126.49420	33.48648
돗도구리	food	126.53305	33.51301
동가래	stay	126.38103	33.41115
동감	cafe	126.48077	33.47860
동강	food	126.52147	33.49621
동검은이오름	nature	126.80470	33.44940
동경	bar	126.52203	33.49954
동경갈비	food	126.52934	33.49959
동경밥상	food	126.40804	33.48539
동경보쌈	food	126.49436	33.49161
동경수산	food	126.54813	33.49320
동경신촌	stay	126.61436	33.53752
동경초밥	shop	126.47750	33.47701
동고량	food	126.53658	33.51042
동광	cafe	126.54256	33.48973
동광고을	food	126.54648	33.50188
동광과자점	cafe	126.53461	33.49948
동광낚시	shop	126.56592	33.52156
동광농수산	shop	126.51876	33.51252
동광상회	shop	126.52703	33.51221
동광상회	shop	126.66982	33.54082
동광생오리집	food	126.54763	33.50078
동광주	activity	126.55160	33.49248
동광프리박스	shop	126.54751	33.50071
동굴리조트	stay	126.96750	33.49776
동굴마루	shop	126.96750	33.49776
동궁	stay	126.54058	33.50826
동궁찜닭	food	126.48770	33.49184
동귀떡방앗간	food	126.40795	33.48367
동귀리갈칫집	food	126.47234	33.49185
동그라미	bar	126.26411	33.41486
동그레	food	126.69485	33.54814
동그리생생	food	126.54248	33.50147
동근이숯불두마리치킨	food	126.49361	33.49347
동글이막창	food	126.49273	33.48386
동글이민박	stay	126.31614	33.94545
동남식품	shop	126.52554	33.51125
동남아여관	stay	126.53587	33.50555
동네	cafe	126.53832	33.49240
동네밥앤반찬	food	126.56805	33.52268
동네방네	food	126.48797	33.49274
동네수산물시장	shop	126.52006	33.51461
동네술집	bar	126.49802	33.48585
동네한바퀴	food	126.53315	33.51241
동녁바당	food	126.61843	33.53475
동녘	shop	126.53308	33.50119
동당서림	shop	126.78429	33.47134
동대문떡볶이동떡	food	126.54240	33.49542
동도여관	stay	126.53893	33.51369
동동스테이	stay	126.89060	33.51648
동동의자	shop	126.52021	33.48112
동동전	bar	126.48073	33.47714
동동축산정육	shop	126.50125	33.49318
동립	cafe	126.69460	33.55042
동막골	food	126.53929	33.48402
동막골삼화점	food	126.58161	33.52154
동막골서사라점	food	126.52018	33.50178
동막골연동점	food	126.49258	33.48911
동만토산품	shop	126.52876	33.51640
동명그릇	shop	126.26352	33.40862
동명노래연습장	activity	126.85581	33.52318
동명동락	cafe	126.27449	33.39480
동명리공간	cafe	126.26560	33.40973
동명본가	food	126.26107	33.40679
동명상회	shop	126.52824	33.51209
동명아이	stay	126.26595	33.39751
동명자락	stay	126.27047	33.39293
동명정류장	cafe	126.26623	33.39713
동명차경	stay	126.26366	33.40452
동명카페	cafe	126.53255	33.51048
동문감자탕	food	126.52721	33.51165
동문공설시장	shop	126.52820	33.51253
동문떡방	food	126.52735	33.51225
동문레지던스호텔	stay	126.52404	33.51236
동문밥집	food	126.52824	33.51209
동문별장	stay	126.80900	33.55241
동문삼원횟집	food	126.52606	33.51165
동문소품관	shop	126.52785	33.51246
동문수산시장	shop	126.52572	33.51238
동문시장고기국수금복식당	food	126.52831	33.51280
동문시장고깃집	food	126.52824	33.51209
동문시장오복떡집	food	126.52665	33.51236
동문야시장	food	126.52735	33.51203
동문여관	stay	126.52710	33.51361
동문올레떡볶이	food	126.52824	33.51209
동문올레수산	shop	126.52619	33.51226
동문올레찐빵	food	126.52506	33.51215
동문올레횟집	food	126.52619	33.51226
동문재래시장	shop	126.52606	33.51156
동문정	food	126.52824	33.51209
동문참식당	food	126.52606	33.51174
동문취향게스트하우스	stay	126.52698	33.51362
동문침구	shop	126.52902	33.51320
동문카페	cafe	126.52452	33.51594
동문통도야지	food	126.53122	33.51358
동문호스텔	stay	126.52388	33.51118
동문흑돼지김밥	food	126.52419	33.51065
동박귤농원	shop	126.35165	33.45750
동박생이	stay	126.79277	33.55844
동박파티세리	food	126.47819	33.48084
동방	shop	126.49222	33.48964
동방명품치킨	food	126.59757	33.48905
동방불패앤컴퍼니	shop	126.48558	33.48621
동방종합주방	shop	126.41963	33.46842
동백	stay	126.53962	33.51449
동백	stay	126.70950	33.50928
동백	shop	126.52164	33.50321
동백가구	shop	126.51554	33.51052
동백김밥편의점	shop	126.63241	33.52725
동백동산	stay	126.70606	33.51616
동백동산	nature	126.71550	33.50980
동백반점	food	126.47966	33.48338
동백밥상	food	126.70141	33.51092
동백부엌	food	126.46543	33.50304
동백상회	shop	126.70522	33.51178
동백슈퍼	shop	126.26660	33.40795
동백아로마마사지샵제주	shop	126.49105	33.48603
동백약국	shop	126.41496	33.48673
동백언니	bar	126.66492	33.54151
동백을마시다	shop	126.52824	33.51209
동백장게스트하우스	stay	126.42371	33.46358
동백집우렁쌈밥	food	126.55958	33.52309
동백키친	food	126.26696	33.42842
동백휴게소	shop	126.61393	33.48416
동보사	shop	126.52678	33.51347
동보약국	shop	126.52544	33.51164
동보전자	shop	126.54247	33.50945
동복게장	shop	126.71241	33.55374
동복뚝배기	food	126.70933	33.55322
동복리해녀잠수촌	food	126.71914	33.55527
동복산장	stay	126.71218	33.54618
동복순메밀	food	126.72013	33.55674
동복해녀관광체험현장	shop	126.71877	33.55613
동복해녀식당	food	126.70690	33.55348
동부두레져	activity	126.54451	33.52751
동부마지막휴게마트	shop	126.68508	33.53105
동부물류센타	shop	126.85314	33.52341
동부산가든	food	126.59546	33.49112
동부텔레콤	shop	126.54220	33.50853
동부휴게소	food	126.70373	33.45732
동산	bar	126.53186	33.49580
동산민박	stay	126.94930	33.50556
동산분식	food	126.26530	33.41023
동새미	shop	126.57539	33.47006
동새벽김밥	food	126.58958	33.51514
동서네해장국세화점	food	126.86003	33.52121
동서약국	shop	126.26531	33.41553
동서지간	food	126.53886	33.51453
동서청과	shop	126.52852	33.51258
동성모텔	stay	126.52679	33.51364
동성상회	shop	126.52831	33.51280
동성식당	food	126.75573	33.55533
동성호선상낚시	activity	126.17466	33.30446
동수	cafe	126.49031	33.48662
동승호	food	126.52825	33.49659
동신다방	cafe	126.52793	33.50177
동신산업안전	shop	126.51308	33.47194
동신상회	shop	126.51802	33.50623
동아당구장	activity	126.52446	33.50716
동아리	bar	126.59419	33.49104
동아리꼬치구이도남	bar	126.52729	33.49486
동아리꼬치구이도남점	bar	126.52667	33.49615
동아리꼬치구이뜨래별점	bar	126.53462	33.49314
동아리꼬치구이용담점	bar	126.51140	33.51257
동아리이도아람점	bar	126.53199	33.49561
동아리한라점	bar	126.52186	33.50005
동아수퍼마트	shop	126.54027	33.51240
동아슈퍼	shop	126.54027	33.51240
동아실업	shop	126.49111	33.48857
동아코사마트	shop	126.52446	33.50716
동안힐링테라피	shop	126.53056	33.49701
동양개발주	stay	126.37739	33.48257
동양건강원	shop	126.54358	33.50310
동양월드마트제원점	shop	126.48770	33.48782
동양월마트	shop	126.54865	33.50086
동양월마트	shop	126.52330	33.49577
동양월마트	shop	126.26346	33.41565
동양철재사무가구	shop	126.52014	33.50474
동연마을	shop	126.52638	33.50122
동엽슈퍼	shop	126.52442	33.49613
동영기업	shop	126.48008	33.46371
동우네	food	126.54495	33.50332
동우데이타통신	shop	126.53397	33.49530
동우수산	shop	126.53775	33.49684
동우약국	shop	126.52429	33.51052
동우주	shop	126.53397	33.49530
동우통닭신제주점	food	126.49361	33.49347
동운민박	stay	126.29405	33.96318
동원	cafe	126.52870	33.51284
동원	shop	126.52011	33.50239
동원식당	food	126.52824	33.51209
동원유통	shop	126.56307	33.51439
동원전기조명	shop	126.51914	33.51189
동원족발	food	126.43178	33.48750
동원주방	shop	126.55252	33.47800
동원텔레콤주	shop	126.53108	33.49827
동의당온누리약국	shop	126.53217	33.51472
동이네민박	stay	126.69640	33.50478
동이트는집	food	126.53442	33.50743
동이트는집아라점	food	126.54153	33.46987
동인한약국	shop	126.49008	33.48269
동일그린	shop	126.35665	33.44373
동일민박	stay	126.29860	33.96247
동일신제주	shop	126.49020	33.48559
동일할인마트	shop	126.66829	33.54072
동제	shop	126.48728	33.49087
동제국제마트	shop	126.49516	33.48948
동제국제홈마트	shop	126.49516	33.48948
동제삼다통신	shop	126.51487	33.49971
동준수산	shop	126.72052	33.55688
동진	food	126.52831	33.51280
동진국수동문시장별관점	food	126.52743	33.51177
동진서점	shop	126.26479	33.41418
동진식당	food	126.50936	33.50969
동쪽빵앗간	food	126.58496	33.51392
동창중국식품점	shop	126.49222	33.48964
동천마트	shop	126.52778	33.51276
동천숯불갈비	food	126.63467	33.53544
동천숯불갈비	food	126.52342	33.51257
동촌하우스	stay	126.89978	33.49134
동춘돌곱창	food	126.54061	33.50622
동춘스테이	stay	126.74351	33.55412
동카름	food	126.62332	33.53789
동태임꺽정	food	126.26834	33.41688
동해	stay	126.51937	33.49613
동해루	food	126.29391	33.96202
동해수산회센타	food	126.52800	33.51194
동해식당	food	126.66199	33.54306
동해야	food	126.51269	33.51257
동해호	food	126.27740	33.41123
동행	bar	126.49167	33.48750
동협개발	stay	126.53326	33.49760
동협한라회초밥	food	126.48533	33.48864
동화관광산업	stay	126.48147	33.48526
동화로연탄구이	food	126.57811	33.51766
동화면사무소	food	126.57678	33.51821
동화문구	shop	126.57664	33.51836
동화약국	shop	126.57097	33.51984
동화키즈풀빌라	stay	126.68032	33.49415
동화흑돼지	food	126.57770	33.51821
동흥상회	shop	126.26461	33.41453
동희네	cafe	126.18396	33.35395
돛단배수산	shop	126.54384	33.49055
돝밭	food	126.33847	33.46736
돼지구이연구소	food	126.52942	33.50167
돼지구이연구소	food	126.49857	33.48778
돼지굽는정원	food	126.24108	33.39187
돼지꿈	food	126.48924	33.48945
돼지목장	food	126.49210	33.48651
돼지몰이촌	food	126.53153	33.51272
돼지물고기	food	126.26484	33.41551
돼지부속구이장군집	food	126.40395	33.48109
돼지살롱	food	126.52398	33.50651
돼지삼춘생구이	food	126.49105	33.47905
돼지세끼국밥함덕해장국	food	126.66591	33.54044
돼지슈퍼	shop	126.52895	33.49888
돼지아빠	food	126.47974	33.47753
돼지앤	food	126.85505	33.52631
돼지엄마	food	126.52729	33.51157
돼지촌	food	126.48339	33.48384
될대로제주혼술바	food	126.52182	33.51191
두가시앤오가니끄	shop	126.89675	33.49304
두갓	cafe	126.44931	33.46460
두경까페	food	126.26332	33.41436
두곤쥬	shop	126.47563	33.48598
두그릇제주동문	food	126.52824	33.51209
두꺼비	bar	126.49022	33.48618
두꺼비집	food	126.85730	33.52565
두끼떡볶이제주	food	126.48644	33.48159
두낭	stay	126.66008	33.54535
두다리	food	126.51607	33.50854
두두리	stay	126.51128	33.47333
두둠치밥	food	126.53975	33.49819
두둥지	food	126.53135	33.49873
두레밥상	food	126.47607	33.48638
두레빌레	stay	126.43827	33.49473
두레촌삼계탕	food	126.52951	33.49166
두루	food	126.47242	33.48519
두루두루	food	126.49441	33.49046
두리국수	food	126.47518	33.49065
두리민박	stay	126.58248	33.52425
두리식당	food	126.51324	33.50359
두리아숯불바베큐	food	126.53907	33.50664
두리약국	shop	126.47279	33.48614
두리칼국수	food	126.47824	33.47830
두리핏	shop	126.54195	33.49352
두리호집	shop	126.26014	33.41472
두리힐	stay	126.29604	33.43651
두린아이	stay	126.36607	33.47354
두마리찜닭두찜제주아라점	food	126.54307	33.47247
두마리찜닭두찜제주한림점	food	126.26551	33.41111
두맹이갈비	food	126.53444	33.51239
두맹이골목	heritage	126.53492	33.51205
두멩이카페	cafe	126.53325	33.51322
두모가	stay	126.18310	33.35260
두모달	stay	126.18232	33.35754
두모담	stay	126.28133	33.38614
두모리민박	stay	126.19689	33.33741
두모리에리조트	stay	126.18306	33.35749
두모리이수사	food	126.18487	33.35262
두모바람한옥	stay	126.18345	33.35187
두모밤	food	126.18251	33.35691
두모산책	stay	126.20634	33.33840
두모악게스트하우스민박	stay	126.32158	33.43055
두문마을협동조합	shop	126.53325	33.51322
두문포갈치	food	126.91005	33.49679
두발로	shop	126.52444	33.51283
두번째애월	stay	126.39005	33.43345
두번째인연	stay	126.88591	33.51985
두베리	food	126.54885	33.47554
두베하우스	stay	126.86636	33.51702
두보레화장품	shop	126.52167	33.50004
두부	food	126.24719	33.39785
두부스테이	stay	126.24719	33.39785
두성낚시프라자	shop	126.46260	33.50099
두스테이	stay	126.19844	33.32969
두앤두	shop	126.47596	33.48068
두연제주칠성로지점	shop	126.52571	33.51502
두정피앤씨	food	126.48780	33.49022
두족류포차	food	126.54339	33.50089
두찜신제주점	food	126.47899	33.48346
두찜외도점	food	126.43069	33.48820
두찜제주	food	126.54061	33.50622
두찜제주삼화지구점	food	126.58666	33.52149
두치한치	food	126.39089	33.47479
두툼	food	126.63953	33.53591
두툼한고기돈돼지	food	126.67194	33.53967
두툼한고기돈돼지	food	126.66985	33.54111
두툼회	shop	126.52606	33.51174
둔지봉	nature	126.79730	33.50125
둔지스테이	stay	126.83515	33.53993
둘결	shop	126.52179	33.48956
둘둘김밥앤와플칸연동점	food	126.49002	33.47979
둘레길협재금능점	food	126.23138	33.38925
둘리네국수	food	126.49203	33.48516
둘리당구장	activity	126.52944	33.49202
둘셋약국	shop	126.53376	33.49518
둘이두리	food	126.49202	33.48505
둘하루방	stay	126.79236	33.55724
둠칫	stay	126.71046	33.46484
둥근집	stay	126.24851	33.31187
둥이네고기집	food	126.52499	33.49863
둥이네고깃집베라체점	food	126.54596	33.49385
둥지	bar	126.49133	33.48801
둥지샵	shop	126.53381	33.49562
둥지전통찻집	cafe	126.67116	33.53685
뒤굽은이오름	nature	126.76711	33.47973
뒷돈	food	126.54150	33.49495
뒷동산	stay	126.90166	33.49530
듀블레베이크샵	food	126.47933	33.47727
듀포레	cafe	126.50011	33.51856
드는	stay	126.61707	33.53666
드니오니	stay	126.26670	33.42322
드라마컴퍼니	cafe	126.42800	33.45632
드라이빙제주	shop	126.44926	33.46189
드라이어드	cafe	126.77236	33.45724
드락	stay	126.43642	33.46246
드랑드랑	stay	126.44603	33.47070
드래곤파머	shop	126.40388	33.46084
드런치	food	126.66080	33.54031
드럼카페	cafe	126.68580	33.50138
드렁몰라도새기샤브마을	food	126.47383	33.48993
드렁큰디제이	food	126.39200	33.48609
드렁큰피자	food	126.52361	33.51053
드렁킨타이	food	126.53037	33.49734
드레곤	shop	126.52606	33.51617
드레스룸	shop	126.49111	33.48857
드레스코드	shop	126.47475	33.48021
드레스코코	shop	126.52463	33.51316
드레스투베이지	shop	126.26547	33.41131
드렌도트	stay	126.33406	33.44677
드론버스	shop	126.40635	33.44137
드롭탑제주	cafe	126.52706	33.50398
드롭탑제주용담해안도로점	cafe	126.49643	33.51994
드리밍	cafe	126.52630	33.50043
드릴러스커피	cafe	126.45144	33.47972
드림단란주점	bar	126.53133	33.49900
드림당구장	activity	126.48054	33.48706
드림랜드	food	126.48236	33.48488
드림랜드코스메틱	shop	126.48236	33.48488
드림상사	activity	126.52716	33.49502
드림약국	shop	126.43112	33.48714
드림오션	activity	126.46577	33.50449
드림웰니스	shop	126.48036	33.48319
드림유통	shop	126.57885	33.51711
드림제주문구	shop	126.53293	33.49592
드림쥬얼리	shop	126.47545	33.48369
드림축산	shop	126.66843	33.54127
드림축산	shop	126.57885	33.51711
드림컴퓨터랜드	shop	126.53003	33.49219
드림케어스	shop	126.48491	33.49027
드림펫	shop	126.46490	33.48414
드림플레이어즈	shop	126.54284	33.49997
드림화장품	shop	126.47519	33.48353
드링크포에바	bar	126.50477	33.50978
드마르비연동점	shop	126.48356	33.48240
드마르비제주	shop	126.54102	33.49082
드몬아이다	cafe	126.45540	33.49403
드몽드티살롱	food	126.53041	33.49500
드문	stay	126.68461	33.53182
드보라게스트하우스	stay	126.87341	33.52785
드하르	food	126.45296	33.45081
드헤브제주	stay	126.88504	33.52549
든든밥상세화	food	126.85878	33.52083
들꽃상점	shop	126.67521	33.54107
들꽃세상정식	food	126.57896	33.51618
들꽃정원	food	126.19658	33.36463
들녘에	food	126.67012	33.53635
들락쉼	stay	126.80495	33.55367
들뫼	food	126.68257	33.49188
들물	food	126.53820	33.51679
들풀네	stay	126.69951	33.48684
들풀사랑	activity	126.26073	33.32979
듬돌	food	126.24253	33.39589
듬박이닭발	bar	126.54076	33.49882
듬뿍반점	food	126.53665	33.49578
듬삭한	food	126.24943	33.40020
등대가보이는집	stay	126.29376	33.44474
등대노래연습장	activity	126.52481	33.51148
등대문화센터	cafe	126.54579	33.52139
등대민박	stay	126.29803	33.96324
등대민박	stay	126.46563	33.50383
등대와바다	shop	126.46455	33.50598
등대와바당	food	126.46453	33.50612
등대편의점	shop	126.56379	33.52485
등마	food	126.53626	33.49492
등머울민박	stay	126.96779	33.51480
등머울카페	cafe	126.96779	33.51480
등불	food	126.49447	33.48958
등촌샤브칼국수제주점	food	126.53835	33.48604
디니	cafe	126.56841	33.47682
디디	shop	126.54011	33.48986
디디	shop	126.51920	33.49610
디디다	food	126.52748	33.50542
디디모바일	shop	126.58496	33.51392
디디벨플라워	shop	126.47506	33.48788
디디비	bar	126.46989	33.50656
디디씨치킨	food	126.18308	33.35026
디디아이디	food	126.25878	33.40930
디디치킨연동점	food	126.49103	33.47838
디딤	shop	126.33207	33.46778
디바인커피	cafe	126.96901	33.49776
디뷰	cafe	126.47751	33.47999
디블랙	shop	126.50985	33.49607
디블레스	shop	126.48965	33.48708
디사이드온	food	126.90837	33.49638
디스	bar	126.26516	33.41537
디스이즈퍼포먼스아라점	activity	126.54173	33.47774
디스이즈핫	stay	126.89855	33.49543
디스커버리	shop	126.52449	33.51474
디스트로	cafe	126.54304	33.47019
디스트릭트제주	shop	126.34498	33.39669
디쎄	shop	126.52604	33.51379
디아라	shop	126.54577	33.48690
디아멀티샵	shop	126.43060	33.49203
디아이에이치에이엠씨	stay	126.53429	33.49350
디아코스	food	126.52945	33.49817
디앤	bar	126.52975	33.49821
디앤디파트먼트	etc	126.52332	33.51771
디어리랜드	shop	126.53997	33.49180
디어마리	shop	126.53917	33.47572
디어마이블루	shop	126.51932	33.51369
디어마이프렌즈	stay	126.24529	33.32040
디어문	shop	126.44789	33.48043
디어브리즈	shop	126.79406	33.55474
디어스클래스	shop	126.85700	33.52323
디어퍼룸	stay	126.29782	33.41749
디에고디에나	shop	126.22897	33.33598
디에스골드	shop	126.49135	33.48564
디에이치아로마	shop	126.49221	33.48556
디에이치에너텍	shop	126.54304	33.49820
디엔비푸드	food	126.47930	33.47652
디엔에스	cafe	126.31321	33.46394
디엔에이투자파트너스	cafe	126.24908	33.30816
디엠디컴퍼니	food	126.52634	33.49181
디엠바이크	shop	126.49782	33.49281
디오	cafe	126.51219	33.50715
디오니스토어제주점	shop	126.47358	33.49232
디오드씽	shop	126.52678	33.46200
디온스크린골프제주점	activity	126.52721	33.49014
디올뮤직타운	bar	126.49006	33.48154
디움	stay	126.79399	33.55570
디자인스킨제주	shop	126.49596	33.50594
디자인에이비	shop	126.20149	33.36310
디자인에이비금능	shop	126.23053	33.38630
디자인엣지	stay	126.63570	33.53340
디자인포라이프	shop	126.39916	33.42950
디자인하우스	shop	126.53262	33.48726
디저트소소	food	126.52588	33.51296
디저트테이블	food	126.27775	33.44095
디제이팜	shop	126.54231	33.48760
디즈니골프제주	shop	126.52463	33.51316
디즈니신제주점	shop	126.49264	33.48560
디지털노형프라자	shop	126.48040	33.48300
디지홀덤아레나	bar	126.66739	33.54128
디케이리	cafe	126.52880	33.51286
디테일	shop	126.54430	33.47459
디톡더퓨어	shop	126.50488	33.51508
디톡스캠프	shop	126.48180	33.48681
디트루키친	cafe	126.54012	33.47659
디티이커피	cafe	126.53721	33.50451
디파이타임	shop	126.67678	33.49394
디파트	shop	126.52998	33.49699
디하우스	stay	126.66085	33.50071
딜다	shop	126.52740	33.50549
딜라이트	cafe	126.50879	33.46704
딜레탕트	cafe	126.62844	33.53512
딜레탕트베이크	food	126.48323	33.48278
딜리	food	126.52739	33.50560
딤섬호프	bar	126.47823	33.49086
딩동댕	bar	126.52359	33.51053
따꼬	food	126.19651	33.33649
따뜻한말한마디	stay	126.70491	33.50838
따뜻한밥상	food	126.30506	33.44650
따라와	bar	126.52793	33.50177
따르릉	bar	126.49068	33.48968
따봉	bar	126.49097	33.48966
따숨	shop	126.52988	33.49139
따숨온열힐링카페	shop	126.65659	33.49926
따숨온열힐링카페	shop	126.58115	33.51709
딱따구리문구	shop	126.51665	33.50234
딱한잔	food	126.51010	33.50810
딴따라	bar	126.52754	33.50165
딴또	shop	126.78429	33.47134
딸기	bar	126.52764	33.50218
딸기가좋아신제주점	activity	126.49187	33.47745
딸기딸기	shop	126.52463	33.51316
땅꼬분식	food	126.47489	33.49724
땅땅치킨연동점	food	126.49086	33.48675
땅땅치킨외도점	food	126.43069	33.48820
땅땅치킨이도초점	food	126.53329	33.48835
땅땅치킨한림점	food	126.26810	33.41165
땅스부대찌개	food	126.53942	33.50625
땅스부대찌개	food	126.61861	33.53265
땅스부대찌개삼화점	food	126.57991	33.51611
땅스부대찌개아라점	food	126.54589	33.47368
땅스부대찌개외도점	food	126.43064	33.49157
땅스부대찌개제주점	food	126.51355	33.51101
땅콩	shop	126.52463	33.51316
땅콩노래텔	bar	126.49033	33.48968
때지국수	food	126.48947	33.48680
땡겨불닭	bar	126.52904	33.49040
땡땡이	shop	126.17902	33.30344
땡초김밥싱싱왕만두	food	126.53394	33.49403
땡초김밥싱싱왕만두	food	126.59195	33.49158
땡초김밥싱싱왕만두	cafe	126.54533	33.47319
땡초김밥싱싱왕만두도남점	food	126.52764	33.49562
땡초김밥싱싱왕만두삼화점	food	126.57427	33.51443
땡초불닭발동대문엽기떡볶이제주	food	126.53157	33.49814
땡큐	shop	126.47830	33.48582
땡큐	bar	126.48269	33.48520
땡큐꼬마김밥	food	126.54773	33.49414
땡큐드라이버스테이	stay	126.23274	33.33464
땡큐드라이버스튜디오	food	126.17937	33.30380
떡갈비먹젠	food	126.52507	33.51256
떡기리제주점	cafe	126.22557	33.33910
떡꼬치	food	126.56583	33.51962
떡마을	food	126.53797	33.49669
떡방동행	food	126.57894	33.51650
떡보의하루	food	126.43068	33.48637
떡보킹외도점	food	126.43284	33.48764
떡볶이를사랑한가래떡	food	126.66885	33.54066
떡볶이의기분	food	126.90308	33.49150
떡빙	food	126.41325	33.48491
떡사랑	food	126.50971	33.50921
떡사랑방앗간	food	126.50971	33.50921
떡심제주애월하귀점	food	126.40447	33.48111
떡잎마을민박	stay	126.33090	33.43093
떡하니	food	126.80783	33.55378
떡하니	food	126.53365	33.49126
떡하니문어떡볶이	food	126.80783	33.55377
떴다노래연습장	activity	126.51916	33.51178
떼르떼	cafe	126.46968	33.48368
또	food	126.57272	33.51877
또다시영림	food	126.53215	33.50082
또또반점	food	126.48677	33.49131
또또분식	food	126.51644	33.50330
또또시스테이	stay	126.24951	33.37413
또또아구찜	food	126.52820	33.51067
또똣쉼팡제주	cafe	126.89212	33.51084
또똣집	stay	126.75383	33.55607
또똣한술집	bar	126.49404	33.48696
또똣한집	food	126.53182	33.51408
또똣혼술바	bar	126.52372	33.51145
또뜻헌책방	cafe	126.52011	33.50285
또랑게스트하우스민박	stay	126.54946	33.45514
또랑포켓볼	activity	126.53126	33.49921
또래오래제주삼도점	food	126.52129	33.50905
또래오래한림점	food	126.26853	33.41147
또래오래화북	food	126.58386	33.52190
또바기	bar	126.47607	33.48638
또바기김밥	food	126.56206	33.46036
또보래	bar	126.26429	33.41707
또보자	bar	126.53309	33.50884
또부뚜막	food	126.32285	33.46588
또빵	food	126.53616	33.49748
또순이모부페	food	126.49300	33.48720
또시	cafe	126.26074	33.40527
또시애월	stay	126.36839	33.47760
또시오라	stay	126.48768	33.51736
또시오젠	stay	126.48747	33.51753
또시온	cafe	126.67681	33.51351
또오라이	bar	126.52789	33.49963
또오젠	food	126.26421	33.41667
또오쿠다	bar	126.49018	33.47688
또오크라	stay	126.39055	33.47008
또올래	food	126.49441	33.49046
또올레포차	bar	126.52799	33.49552
또옴	stay	126.45999	33.45049
또옵서	food	126.59149	33.49225
또옵서식당	food	126.75984	33.55710
또와	food	126.52824	33.51209
또와또와노래연습장	activity	126.47451	33.48301
또와분식	food	126.53883	33.50701
또와삼겹살	food	126.26477	33.41593
또와요분식	food	126.43521	33.49371
또와제주	food	126.51032	33.50133
또와흘	stay	126.64677	33.48036
또자하숙	stay	126.74676	33.55799
또장군	food	126.49328	33.49104
또제	food	126.52672	33.51081
또주랑	bar	126.53497	33.50874
또한김밥	food	126.53786	33.49354
똘이네	food	126.52621	33.51457
똥파리와봉달이네연탄구이한림점	food	126.26492	33.41611
뚜기네민박	stay	126.41983	33.48450
뚜레쥬르	food	126.54182	33.50449
뚜레쥬르	food	126.62272	33.53485
뚜레쥬르남녕점	food	126.48126	33.49054
뚜레쥬르노형	food	126.47747	33.48744
뚜레쥬르노형한라점	food	126.48085	33.47610
뚜레쥬르도남점	food	126.52706	33.49556
뚜레쥬르삼화점	food	126.57572	33.51444
뚜레쥬르서사라점	food	126.52005	33.50036
뚜레쥬르아라	food	126.54787	33.47425
뚜레쥬르연동점	food	126.48978	33.48720
뚜레쥬르외도점	food	126.43110	33.48583
뚜레쥬르제주노형타운점	food	126.47692	33.48175
뚜레쥬르제주애월점	food	126.32011	33.46465
뚜레쥬르제주이도베라체점	food	126.54372	33.49168
뚜레쥬르제주이도초교점	food	126.53337	33.48955
뚜레쥬르제주하귀점	food	126.41490	33.48183
뚜레쥬르제주한경점	food	126.18336	33.35014
뚜레쥬르한림점	food	126.26823	33.41240
뚜르드제주	stay	126.89992	33.49591
뚜베럽	food	126.50890	33.50881
뚜뿔한우	food	126.48615	33.48309
뚱돼지수산마트	shop	126.43111	33.49098
뚱딴지	food	126.35482	33.47458
뚱뚱이붕어빵	food	126.53817	33.51107
뚱보네급식실	food	126.54277	33.49559
뚱보아저씨	food	126.25536	33.33064
뚱보조개바다풍경점	food	126.51498	33.51617
뚱스키친	food	126.52120	33.50454
뚱아저씨화덕피자용담	food	126.50844	33.50625
뚱이네돈양념구이	food	126.53221	33.50880
뚱이네민물장어	food	126.51090	33.50947
뚱이네식당	food	126.26531	33.41553
뚱지	food	126.52011	33.50330
뛰니뛰니	activity	126.54803	33.49468
뜨개음미	shop	126.53499	33.47259
뜨고짜고	shop	126.51849	33.50067
뜨뜨제주	shop	126.62727	33.50796
뜨라네민박	stay	126.52275	33.47705
뜨락	cafe	126.41247	33.48292
뜨락애달	stay	126.30543	33.44346
뜨락애민박	stay	126.30502	33.44312
뜨락애별	stay	126.30530	33.44309
뜨란낄로	shop	126.66433	33.49495
뜨래별스크린골프클럽	activity	126.53462	33.49314
뜨레비호텔	stay	126.49058	33.48919
뜨레솥밥	food	126.42406	33.43593
뜨레숄드아제	activity	126.48126	33.48750
뜨레시옷	stay	126.77129	33.46723
뜨르르	food	126.49785	33.49098
뜬담	stay	126.70447	33.51232
뜰	food	126.48770	33.48782
뜰안길로	stay	126.28079	33.42117
뜰안의행복	stay	126.44603	33.45112
뜰안채안경	shop	126.47543	33.48551
뜰에	food	126.32021	33.46638
뜰에하우스민박	stay	126.30698	33.44357
뜰채	food	126.67031	33.54243
띠나베이비샾	shop	126.60168	33.48606
띠띠빵빵	food	126.96704	33.50828
띠로리	food	126.61635	33.53699
띠아모북	cafe	126.47668	33.48884
띠아모제주	cafe	126.49596	33.50594
띠앗	food	126.49114	33.48257
띠크	food	126.18274	33.34972
띵호와	food	126.47958	33.48909
라구요	bar	126.55552	33.48636
라귤	shop	126.49388	33.51959
라그랑주	stay	126.32773	33.43789
라꼬라꼬	food	126.52842	33.50114
라꽁브	food	126.54106	33.49199
라꾸르	cafe	126.35182	33.45854
라나한타이	food	126.80040	33.55511
라녹	cafe	126.31747	33.46728
라뇌르	shop	126.51042	33.47171
라니아케아	food	126.54980	33.47172
라니팜	shop	126.47562	33.48895
라라	food	126.67331	33.43186
라라	shop	126.48211	33.48705
라라라	food	126.85797	33.52486
라라라카페	cafe	126.53170	33.49544
라라샵	shop	126.55523	33.48618
라라숲	cafe	126.54950	33.47409
라라스토리	cafe	126.44273	33.45440
라라양식당	food	126.53781	33.50565
라라의집	food	126.53526	33.49998
라라재봉상점	shop	126.53317	33.51568
라라제주풀빌라민박	stay	126.35967	33.47601
라라카페	cafe	126.44275	33.45444
라라카페	bar	126.49259	33.48842
라라피포제주	stay	126.17456	33.33471
라라하귀	stay	126.40689	33.48008
라라하우스	stay	126.48560	33.49469
라르고민박	stay	126.79821	33.55267
라르프로젝트	bar	126.24429	33.39695
라리저브	stay	126.88916	33.51037
라마네의식주	food	126.76941	33.47208
라마다노래연습장	activity	126.51913	33.51802
라마다제주함덕호텔	stay	126.65987	33.54315
라만차	stay	126.23187	33.38861
라망	shop	126.52463	33.51316
라망드제주	food	126.42522	33.45334
라메르	stay	126.66262	33.54208
라메모리아	stay	126.70682	33.51424
라멘맛심	food	126.49770	33.49086
라멩하우스	food	126.69365	33.54847
라면국물편의점포차제주	bar	126.53068	33.49881
라몽	cafe	126.47988	33.49013
라뭉이네	shop	126.41657	33.48852
라뮤즈	shop	126.52760	33.49053
라미야전자담배	shop	126.48172	33.48163
라벤다모텔	stay	126.48630	33.48955
라벤더라이브	bar	126.49250	33.48562
라벤더블루	cafe	126.16521	33.30877
라벨르슈	shop	126.46630	33.50383
라보	shop	126.47643	33.48007
라보라토리	food	126.53332	33.51297
라볼페	bar	126.47126	33.48198
라부틱제주점	shop	126.48294	33.48386
라브뉴	cafe	126.53018	33.49226
라비	shop	126.54003	33.48979
라비다	bar	126.49128	33.48014
라비다샵제주	shop	126.52986	33.50136
라비앙로즈	shop	126.49069	33.47887
라비에벨	stay	126.88550	33.52540
라비에벨	shop	126.57953	33.51634
라빌레뜨	stay	126.21119	33.34575
라뿌띠뜨메종	shop	126.27130	33.36079
라쁠라주	cafe	126.49450	33.51981
라산	shop	126.47467	33.44447
라산프리미엄	food	126.52615	33.51211
라셀	stay	126.40630	33.43014
라송	stay	126.25006	33.39816
라쇼콜라	shop	126.51914	33.51189
라쉬반	shop	126.53794	33.51249
라스고	bar	126.49479	33.49002
라스또르따스	food	126.53112	33.49918
라스베가스	bar	126.49388	33.48959
라스텔라	stay	126.25014	33.37363
라스트플라츠커피	cafe	126.53744	33.48970
라신비	food	126.27555	33.43782
라쏠	shop	126.49111	33.48857
라엘웨딩	shop	126.48469	33.48624
라온	shop	126.52835	33.50283
라온	shop	126.51790	33.51135
라온	bar	126.26528	33.41543
라온골프클럽	activity	126.27429	33.33947
라온공방	shop	126.74800	33.55556
라온마트	shop	126.49562	33.49218
라온민박	stay	126.51852	33.49792
라온베이커리	food	126.43815	33.46100
라온베이커리남녕점	food	126.48213	33.48902
라온샘	food	126.51790	33.51135
라온수산	shop	126.54297	33.48603
라온시스템	shop	126.54733	33.49924
라온전기	shop	126.25623	33.31013
라온전기조명	shop	126.56719	33.50277
라온제나	stay	126.20072	33.36403
라온제나	food	126.53757	33.49709
라온제주	shop	126.53562	33.48746
라온제주	shop	126.51474	33.50971
라온축산	shop	126.43128	33.48994
라온텔레콤	shop	126.51473	33.50025
라온포토제닉	stay	126.51852	33.49792
라온프라이빗타운	stay	126.24378	33.37798
라우나	food	126.54805	33.47233
라운더리	stay	126.58949	33.51641
라운델스테이션제주	shop	126.49596	33.50594
라운드립스	food	126.47384	33.48092
라운딩	bar	126.48948	33.48631
라운딩	bar	126.49236	33.47918
라운딩	bar	126.48985	33.48924
라운지엑스애월	food	126.36651	33.39004
라운지제주스테이	stay	126.49742	33.49943
라울	shop	126.89304	33.49473
라움호텔	stay	126.48937	33.48365
라이드원	cafe	126.51526	33.48204
라이라이	food	126.43350	33.49199
라이라이	shop	126.51012	33.50992
라이스웨더	cafe	126.53539	33.51388
라이진	food	126.42903	33.44983
라이초	cafe	126.54075	33.49854
라이터스블럭	food	126.54444	33.49355
라이프	bar	126.48108	33.48383
라이프이즈에그	food	126.52848	33.50253
라이프타임피트니스	activity	126.52393	33.49267
라이프타임피트니스	activity	126.46745	33.48403
라인	bar	126.53154	33.50092
라인	shop	126.47906	33.47888
라인랩스킨	shop	126.48456	33.48581
라인메이크업	shop	126.48883	33.47677
라인업가요반주	bar	126.51297	33.49957
라인호텔	stay	126.53319	33.50221
라일락노래연습장	activity	126.47655	33.48752
라임리본	shop	126.31959	33.46488
라임모텔	stay	126.52441	33.50053
라임민박	stay	126.47222	33.50675
라임블루	stay	126.79760	33.55478
라임컴퍼니	food	126.53681	33.49641
라조컴컴제주점	cafe	126.25105	33.40138
라즐리	shop	126.52021	33.51274
라지마할	food	126.49027	33.48825
라진	shop	126.58760	33.52641
라차차노래연습장	activity	126.52000	33.49757
라캄포	stay	126.30943	33.41021
라커룸	bar	126.52989	33.49803
라커룸제주점	food	126.86151	33.52322
라코스테라이브	shop	126.52556	33.51408
라쿤	shop	126.52325	33.50980
라쿤하우스	stay	126.75466	33.55729
라쿤하우스스테이	stay	126.75468	33.55729
라키퀄샾	shop	126.46712	33.47016
라타볼라	food	126.61873	33.53720
라탄아리	shop	126.40499	33.46807
라토커피제주	cafe	126.52817	33.49873
라파로마휴양펜션	stay	126.24726	33.39247
라파플러스제주	shop	126.72581	33.55737
라포르엘랜디스도넛애월점	food	126.31142	33.46117
라플라이	activity	126.70694	33.48695
라플라주	cafe	126.67051	33.54283
라피네	shop	126.54158	33.49080
라피아	cafe	126.25229	33.39851
라피엘	shop	126.48982	33.49318
라하프	stay	126.27796	33.44091
라헨느리조트	activity	126.61523	33.45225
라화쿵부제주점	food	126.48811	33.48659
라희네민박	stay	126.78441	33.46933
락	bar	126.48924	33.48900
락도날드	food	126.49314	33.48794
락원	bar	126.53114	33.49895
락휴코인노래연습장	activity	126.66739	33.54128
락휴코인노래연습장제주	activity	126.53033	33.49847
락휴코인노래연습장제주인제점	activity	126.54163	33.50515
락희	cafe	126.52021	33.50547
락희슈퍼	shop	126.50415	33.51164
란	shop	126.52683	33.50366
란	bar	126.49427	33.48961
란주우육면	food	126.48702	33.48909
란타이슈퍼휴게소	shop	126.55010	33.49332
랄랄라더예쁜협재펜션	stay	126.24868	33.37892
람떼떼	food	126.25534	33.40592
람바다	bar	126.85581	33.52318
람번트	cafe	126.26014	33.41472
람보	bar	126.54240	33.50252
랑데뷰민박	stay	126.35470	33.47746
랑시모가	shop	126.49360	33.49050
랑지다	bar	126.33790	33.46442
랑카위협재	stay	126.25287	33.39506
래빗	cafe	126.52173	33.48884
래생	stay	126.31446	33.41597
래용	food	126.43116	33.49121
래원	food	126.48233	33.48139
랜드로바신제주	shop	126.49035	33.48938
램스키친	food	126.49032	33.47882
랩타일제주	shop	126.52417	33.50451
랩툰	cafe	126.52946	33.49975
랭스스테이	stay	126.33882	33.46343
러버블붙임머리	shop	126.47511	33.48369
러뷰라떼	cafe	126.52657	33.47982
러브	bar	126.53803	33.51398
러브도채비	food	126.48887	33.45190
러브제주펜션	stay	126.68687	33.54828
러브터울민박	stay	126.49568	33.51867
러브피넛	shop	126.40623	33.47918
러브하우스	shop	126.52287	33.49952
러블리	bar	126.52956	33.49940
러블리에스메랄다	stay	126.28086	33.42095
러블리제제	shop	126.54778	33.50246
러블리제주	shop	126.37522	33.48195
러스티아일랜드	cafe	126.64504	33.52846
러스틱아일랜드	stay	126.25700	33.33457
러스틱테이블	cafe	126.54802	33.47644
러움	cafe	126.94949	33.51591
러프라이프커피	cafe	126.53070	33.50077
러플	shop	126.54268	33.50462
럭셔리스테이크	food	126.52949	33.49186
럭셔리우먼	shop	126.52463	33.51316
럭키	bar	126.51665	33.50022
럭키라운지펍	bar	126.52946	33.49975
럭키마켓	shop	126.52069	33.51283
럭키문	bar	126.49151	33.48564
럭키분식	food	126.52517	33.51180
럭키샷당구클럽	activity	126.52902	33.49011
럭키스테이	stay	126.65720	33.47530
럭키여관	stay	126.51665	33.50022
럭키컴퍼니	food	126.52900	33.50116
런	shop	126.52463	33.51316
런던다락	shop	126.24028	33.39359
런던베이글뮤지엄제주	food	126.71571	33.55360
런던사우나옥이네점빵	food	126.47917	33.49188
런던아이	shop	126.56372	33.45072
런던헬스사우나	activity	126.47917	33.49188
레가	stay	126.26434	33.42881
레게펍	bar	126.29102	33.44310
레끌레드크리스탈제주	bar	126.48239	33.48384
레노마골프	shop	126.47584	33.48043
레노마레이디제주점	shop	126.53973	33.48962
레드	shop	126.52463	33.51316
레드가모패션	shop	126.52463	33.51316
레드몽키	food	126.49029	33.48801
레드문	bar	126.85621	33.52353
레드블럭	stay	126.67617	33.53899
레드사이공	food	126.51923	33.49891
레드서브마린	bar	126.27760	33.44033
레드와칠리페퍼스	food	126.52173	33.50565
레드제플린	bar	126.49032	33.48872
레드짐	activity	126.52379	33.51492
레드트리	shop	126.54004	33.48950
레드팬더	food	126.42055	33.49023
레드페이스	shop	126.48043	33.48497
레드페이스등산복	shop	126.53428	33.49548
레드페이스이마트제주점	shop	126.52118	33.51797
레드페이스제주	shop	126.52435	33.51180
레드페이스제주	shop	126.47576	33.48853
레드페이스제주점	shop	126.52118	33.51797
레드페이스제주점	shop	126.48184	33.48244
레드향민박	stay	126.32714	33.43261
레드향샤브샤브	food	126.26549	33.32072
레몬그라스공방	shop	126.51526	33.50461
레몬비	shop	126.62866	33.53163
레몬비곽지	shop	126.30708	33.45121
레몬비곽지중앙	shop	126.30443	33.44944
레몬비귀덕	shop	126.29583	33.44276
레몬비내도점	shop	126.44609	33.49411
레몬비로얄호텔점	shop	126.49169	33.48853
레몬비샬롬호텔이데아점	shop	126.53259	33.50198
레몬비세미양점	shop	126.57144	33.44234
레몬비슈퍼	shop	126.62866	33.53163
레몬비시우점	shop	126.48398	33.48811
레몬비와흘점	shop	126.65391	33.48206
레몬비추자도점	shop	126.32990	33.94537
레몬비파크사이드호텔점	shop	126.49076	33.49240
레몬비펄리호텔점	shop	126.45477	33.46432
레몬비협재	shop	126.24059	33.39425
레몬비협재해수욕장점	shop	126.24059	33.39425
레몬약국	shop	126.51969	33.51294
레몬여관	stay	126.54061	33.50576
레몬의꿈	stay	126.89923	33.49540
레몬이네민박	stay	126.29238	33.96171
레몬트리	bar	126.49026	33.47968
레뮤토브로우	shop	126.48839	33.49019
레뮤토브로우	shop	126.47903	33.48413
레브	shop	126.52951	33.49807
레브	bar	126.52862	33.49586
레브무드	shop	126.47865	33.47651
레브하우스	stay	126.70310	33.48568
레브호텔제주	stay	126.49415	33.48906
레스토리	stay	126.57571	33.46937
레스트포	stay	126.41798	33.44654
레스티아웨딩	shop	126.54162	33.49318
레슬리	stay	126.47065	33.48109
레아	stay	126.24705	33.39427
레아드레스앤카페	cafe	126.48355	33.47440
레아스마카롱	food	126.46986	33.48521
레아제이	shop	126.47810	33.49038
레알푸드	shop	126.54942	33.47428
레알푸드삼화점	shop	126.57826	33.51784
레이나	bar	126.53897	33.51707
레이니데이	stay	126.32028	33.43086
레이디	bar	126.26532	33.41219
레이디	bar	126.49124	33.48676
레이디가구	shop	126.47956	33.49335
레이디홍	food	126.26643	33.31984
레이식당	food	126.83947	33.53600
레이앤솔트	shop	126.52425	33.51377
레이어	shop	126.49538	33.48620
레이어드제주점	food	126.71571	33.55360
레이어스베이크하우스	food	126.52078	33.51493
레이오버	cafe	126.81238	33.55862
레이지	cafe	126.51664	33.50114
레이지데이	cafe	126.79244	33.55789
레이지모먼트	stay	126.66312	33.54162
레이지인하도	stay	126.89347	33.52534
레이지타임	stay	126.31082	33.45277
레이지템플	stay	126.20465	33.35718
레이지펌프	bar	126.30956	33.46626
레이지피크닉	cafe	126.52657	33.51423
레이첼하우스	shop	126.40418	33.42309
레이크백제주홀덤펍	bar	126.49095	33.48772
레인보우	bar	126.52425	33.50020
레인보우노래연습장	activity	126.48989	33.48860
레인보우분식	food	126.67331	33.49194
레인보우치킨	food	126.66904	33.49239
레인보울	cafe	126.50916	33.50938
레인코지	food	126.52285	33.51686
레전드야구존	activity	126.49111	33.48857
레지나	shop	126.49341	33.48115
레카소	bar	126.43171	33.48713
레코드	shop	126.52132	33.51429
레코드콘스트	food	126.24056	33.39338
레트로레이와	shop	126.52782	33.51514
레트로빌리지게스트하우스노스컨츄리	stay	126.69712	33.54852
레프트핸더	cafe	126.86500	33.52019
레프트핸더스테이	stay	126.86500	33.52019
레피스	cafe	126.54566	33.49777
렌소이스	stay	126.86511	33.52086
렌스토어	shop	126.55199	33.47236
렌시아	cafe	126.25234	33.37829
렌즈미신라점	shop	126.48972	33.48604
렌즈타운위드안경	shop	126.49033	33.48968
렌탈관리샵	shop	126.50095	33.48698
렌테	stay	126.27310	33.42088
렛미힐링	stay	126.79447	33.47136
렛츠런팜	activity	126.67552	33.41305
로그맨하우스	stay	126.37574	33.41921
로그먼트	shop	126.22765	33.38779
로그밸리	stay	126.37569	33.41694
로그인하도	stay	126.89526	33.51835
로긴	stay	126.48861	33.51699
로당	food	126.52856	33.49898
로당연동점	food	126.49140	33.48674
로더벨라	shop	126.58678	33.45690
로덱스	shop	126.53897	33.51646
로뎀	stay	126.83464	33.53784
로뎀나무쉼팡	stay	126.66049	33.50072
로뎀카페	cafe	126.53259	33.50198
로뎀팬션	stay	126.38130	33.48458
로드락비어제주	bar	126.48407	33.48387
로드앤길	food	126.51528	33.49434
로드웨이브	shop	126.43317	33.44718
로드일이구	food	126.32106	33.46430
로또내도점	activity	126.44571	33.49396
로또당구장	activity	126.54508	33.49936
로또명당	activity	126.49701	33.49161
로또명당목련	activity	126.49495	33.49008
로또복권판매점	activity	126.43411	33.48911
로또하우스	food	126.48374	33.48277
로또한북로	activity	126.53365	33.46300
로또휴게	activity	126.55473	33.50629
로로스테이	stay	126.33217	33.45778
로마아로마	shop	126.52839	33.49924
로만남부제주지사	shop	126.54303	33.46981
로만티카플라워	shop	126.53318	33.47653
로맨스파파	stay	126.17214	33.34028
로맨틱새우	food	126.30561	33.44799
로맨틱제주	stay	126.29619	33.43640
로메니	stay	126.64885	33.54839
로멘스	bar	126.47933	33.48681
로미뮤직하우스	cafe	126.70801	33.48801
로미펜션	stay	126.77912	33.51322
로미플라워스튜디오	shop	126.59545	33.48970
로바인	cafe	126.59220	33.53020
로바인월정점	shop	126.79650	33.55514
로바타마에하마	food	126.79456	33.55801
로보캠프	shop	126.57380	33.51446
로브	shop	126.54058	33.50640
로비	food	126.20044	33.33624
로비나발리	cafe	126.28507	33.44435
로비나발리플러스	stay	126.28507	33.44435
로빈	shop	126.49111	33.48857
로사네계절의무늬	stay	126.18153	33.30545
로사네슈퍼마켓	shop	126.52548	33.50100
로사의프랑스자수	shop	126.48130	33.48073
로스터리정도	cafe	126.52753	33.49148
로스트룸	cafe	126.53448	33.49131
로스트볼샵도두점	shop	126.47306	33.49654
로스티드코너	cafe	126.51665	33.50253
로아옥탑	shop	126.43284	33.48764
로아프라퍼티	activity	126.53450	33.44952
로얄	bar	126.49169	33.48853
로얄	stay	126.69455	33.49654
로얄노래연습장	activity	126.48050	33.49077
로얄당구장	activity	126.49156	33.48799
로얄레포츠	shop	126.41276	33.48181
로얄미다스파크골프	shop	126.49111	33.48857
로얄바	bar	126.49123	33.48771
로얄사주갤러리	shop	126.49111	33.48857
로얄수입품	shop	126.49111	33.48857
로얄슈퍼마켓	shop	126.49215	33.48817
로얄신중독불닭	food	126.49169	33.48853
로얄악기사	shop	126.52066	33.51057
로얄클래스	bar	126.48929	33.49097
로에스힐민박	stay	126.41055	33.46112
로엠	shop	126.52517	33.51466
로엠	shop	126.52463	33.51316
로열패밀리제주	shop	126.49785	33.48543
로우파이	cafe	126.47589	33.48056
로우하이	cafe	126.33902	33.46336
로우허판	food	126.48507	33.49123
로운	shop	126.49029	33.48801
로웰	shop	126.49100	33.48728
로유베이커리	food	126.51133	33.50969
로이	shop	126.40260	33.48313
로이	food	126.52794	33.50331
로이베드	shop	126.34941	33.43249
로이샾	shop	126.40260	33.48313
로이셀	cafe	126.54607	33.49466
로이셀세화	cafe	126.85681	33.52394
로이셀팩토리	cafe	126.85681	33.52394
로이온	shop	126.49672	33.48431
로이젠제주점	shop	126.52036	33.49955
로이파이	food	126.47773	33.47693
로잉스튜디오	food	126.54396	33.49285
로제	stay	126.67665	33.49485
로즈마리민박	stay	126.36940	33.47557
로즈마리숲	stay	126.70655	33.51277
로즈마리정원	stay	126.31183	33.44681
로즈비치	stay	126.64183	33.55013
로즈스마일	stay	126.44577	33.45098
로즈여관	stay	126.54095	33.51328
로지멜로우	shop	126.54924	33.47590
로지스시	food	126.27548	33.43702
로치아	cafe	126.46661	33.50186
로카츠	food	126.96749	33.49773
로쿤커피에스프레소바	cafe	126.36745	33.45001
로타리식당	food	126.78465	33.47122
로타리이불	shop	126.52824	33.51209
로티	food	126.78453	33.46865
로파	shop	126.52862	33.49890
로피하우스	stay	126.52590	33.51618
로하	shop	126.57253	33.51319
로하스뷰티	shop	126.44849	33.46038
로하스애버	shop	126.56523	33.51913
로하스캐빈민박	stay	126.37323	33.41925
로하스통나무집	stay	126.37383	33.41430
로화룡양꼬치	food	126.54219	33.50287
록다미	food	126.26538	33.41626
록담	food	126.54239	33.49461
록록	cafe	126.87893	33.52885
록록타르트	cafe	126.87893	33.52885
롤러코스트	food	126.67452	33.54359
롤리롤리	shop	126.47521	33.48459
롤리팝	shop	126.48972	33.48604
롤링브루잉	cafe	126.52911	33.51310
롤링제주	shop	126.53043	33.50285
롤앤브루	food	126.53499	33.47259
롤타이드	food	126.66518	33.54255
롯데관광개발	stay	126.48147	33.48526
롯데당구장	activity	126.54262	33.50220
롯데리아신제주점	food	126.48369	33.48169
롯데리아제주	food	126.66950	33.54249
롯데리아제주공항	food	126.49596	33.50594
롯데리아제주삼화지구점	food	126.58028	33.51628
롯데리아제주아라점	food	126.54557	33.47525
롯데리아제주외도	food	126.43076	33.49322
롯데리아제주한림점	food	126.26511	33.41060
롯데리아제주항	food	126.53414	33.51771
롯데면세점제주후아유	shop	126.48651	33.49067
롯데시네마제주연동티켓외	shop	126.49465	33.48070
롯데시티호텔씨카페제주점	food	126.48651	33.49067
롯데지알에스씨카페제주롯데시티호텔점	food	126.48651	33.49067
롯타이	food	126.26481	33.41648
롱로드	food	126.27922	33.44161
롱리브	cafe	126.54153	33.47659
롱블랙	cafe	126.58730	33.52554
롱앤플랫	food	126.53752	33.51235
롱타임노씨	food	126.52895	33.49911
롱테이크	bar	126.85469	33.52362
롱플레이	cafe	126.71094	33.55307
뢰임안경	shop	126.53749	33.49032
료리야	food	126.27012	33.43666
료신	food	126.48990	33.47653
료신반점	food	126.53165	33.49891
료쓰	activity	126.48964	33.48129
룡천왕갈비탕	food	126.51691	33.49792
루	bar	126.48983	33.48832
루나	stay	126.40331	33.43467
루나	shop	126.52463	33.51316
루나	shop	126.85730	33.52619
루나	food	126.52941	33.49931
루나	bar	126.53024	33.49774
루나넬마레	stay	126.19212	33.35663
루나헤어스토리	food	126.48411	33.48539
루다피트니스	activity	126.56549	33.51901
루둔	shop	126.52679	33.51453
루디아	shop	126.52481	33.50660
루디아	shop	126.53018	33.49226
루디아바다	stay	126.24579	33.39948
루딕	food	126.53617	33.48915
루루	shop	126.61760	33.53679
루루네제주이야기	food	126.35835	33.36299
루멘	shop	126.47589	33.48548
루미그린스크린골프	activity	126.53034	33.48815
루미에르	cafe	126.50936	33.50716
루민	shop	126.49087	33.48752
루바토	cafe	126.53580	33.48850
루베	shop	126.46388	33.48308
루브리꼴라쥬	shop	126.67783	33.53973
루비	bar	126.49606	33.48585
루비	shop	126.52463	33.51316
루비식당	food	126.48486	33.49095
루샹	food	126.52664	33.50152
루스트	food	126.46986	33.48384
루스트삼화점	food	126.57544	33.51443
루스트익스프레스루스트플레이스팍차이나	food	126.48671	33.48577
루스트플레이스	food	126.47809	33.48426
루스트플레이스	food	126.59568	33.48942
루스트플레이스구남점	food	126.53537	33.48509
루스트플레이스베라체점	food	126.54299	33.49244
루스트플레이스아라점	food	126.54514	33.47404
루스트플레이스애월하귀포구점	food	126.40816	33.48644
루스트플레이스외도점	food	126.43068	33.48567
루스트플레이스인제점	food	126.54161	33.50529
루스트플레이스칠성로점	food	126.52531	33.51500
루스트플레이스한림점	food	126.26434	33.40866
루스트플레이스함덕해수욕장점	food	126.66897	33.54249
루시	shop	126.52583	33.50481
루시홈	stay	126.49883	33.48476
루쎈트	stay	126.19893	33.36359
루쏘소	shop	126.54237	33.48926
루씨싸롱	bar	126.52532	33.50812
루안푸드	food	126.43165	33.48632
루이	cafe	126.50704	33.47191
루이궁전	bar	126.52400	33.50011
루이까스텔제주점	shop	126.49176	33.48602
루이스키친	food	126.51358	33.51530
루인홈	shop	126.66764	33.48906
루체골드	shop	126.52449	33.51230
루카	bar	126.52550	33.51610
루키	bar	126.49156	33.49005
루키버드	shop	126.52463	33.51316
루키버드	shop	126.49111	33.48857
루트	shop	126.52390	33.51354
루트팔사	food	126.52920	33.49681
루프탑킹스	food	126.49050	33.48657
루피환경	shop	126.64333	33.48208
루헤탁	stay	126.70211	33.48422
룩	shop	126.52463	33.51316
룩앳비	shop	126.52824	33.51209
룰렛	bar	126.54181	33.50551
룰루랄라	bar	126.48958	33.49015
룰루랄라	stay	126.44056	33.46082
룰루캔들	shop	126.54535	33.47606
룰루텔레콤	shop	126.44056	33.46082
룰루플라워	shop	126.54535	33.47606
룸비니불교사	shop	126.51871	33.49963
뤼미에흐	food	126.51965	33.51477
류가고토시	food	126.53273	33.50049
류빈	bar	126.53449	33.48921
류월	stay	126.22485	33.38749
르그랑	food	126.41198	33.48409
르꼬끄스포르티브칠성로점	shop	126.52571	33.51502
르네	shop	126.66293	33.54348
르네상스호텔	stay	126.51943	33.50344
르네셀	shop	126.47468	33.48674
르네셀연동점	shop	126.49167	33.47831
르니앤맥코이	shop	126.54053	33.49014
르마망산전산후케어제주점	shop	126.49763	33.48584
르마빈	stay	126.69721	33.54874
르메종제주	stay	126.20140	33.33544
르바게트	food	126.79128	33.55449
르방게장	food	126.48613	33.48328
르벙쓸레브	stay	126.25666	33.30341
르베베	shop	126.54666	33.50055
르부이부이	food	126.53954	33.51543
르블랑신제주점	shop	126.47445	33.48999
르블랑제주	shop	126.52463	33.51316
르빌리지애월	stay	126.38238	33.48588
르빌리지애월구엄	stay	126.38238	33.48588
르빌리지애월더선셋베이	stay	126.38238	33.48588
르빌리지애월더포레스트빌	stay	126.35715	33.39344
르샤보떼	shop	126.84133	33.53146
르샹스	cafe	126.52019	33.50012
르시엘	shop	126.52725	33.51439
르에베	food	126.54153	33.47048
르카바농	stay	126.31702	33.46564
르카페하도	cafe	126.89958	33.50908
르케비넷	food	126.52019	33.50453
르팡슈	food	126.50170	33.48414
르피타	shop	126.52463	33.51316
릇	food	126.26890	33.31878
리나	shop	126.52020	33.51513
리나몰리코스메틱제주달콤쇼핑	shop	126.52655	33.51463
리다공방	shop	126.90155	33.49503
리다마켓	shop	126.53546	33.48408
리드	shop	126.48977	33.48631
리듬	cafe	126.51976	33.51383
리디아공방	activity	126.55205	33.50376
리라	shop	126.47903	33.48413
리리스	food	126.49165	33.48563
리리제주	shop	126.48417	33.51130
리리키친	food	126.38063	33.42771
리릭	food	126.54257	33.47255
리릭스	cafe	126.48810	33.46548
리메이드제주점	shop	126.48275	33.47607
리무드	shop	126.49100	33.48728
리바이스구제주	shop	126.52505	33.51504
리바이스바디웨어	shop	126.52463	33.51316
리바트제주	shop	126.52744	33.49241
리바트제주전시장	shop	126.50247	33.49893
리바트제주점	shop	126.50247	33.49893
리버브제주	food	126.28109	33.44217
리버스펀랜드	food	126.67054	33.43098
리버풀앤스파	stay	126.25019	33.39352
리버풀펜션	stay	126.47199	33.50805
리베	shop	126.52897	33.49993
리베라떼	cafe	126.52005	33.49846
리베메디	shop	126.52005	33.49846
리베샹떼	shop	126.52005	33.49846
리벤시아스테이	stay	126.21536	33.37696
리벨피씨방도남점	activity	126.52546	33.49888
리보스코화덕피자	food	126.48787	33.46948
리복제주점	shop	126.52594	33.51475
리본	shop	126.48936	33.47831
리본	shop	126.26503	33.41154
리본몰그린슈	shop	126.49448	33.48382
리본트리	shop	126.48957	33.47870
리부아르	cafe	126.37523	33.48195
리브가	shop	126.54184	33.50832
리블랭크	shop	126.52390	33.51354
리빙쇼	shop	126.53448	33.48569
리셀본	shop	126.51756	33.50019
리스투아	shop	126.53777	33.49611
리스트	shop	126.52517	33.51466
리스트링	shop	126.52323	33.48931
리스트제주	shop	126.54156	33.49116
리아드	stay	126.30051	33.44778
리안상점	shop	126.66080	33.54031
리앤이라마띠네제주지사	food	126.53429	33.49350
리앤프라자	shop	126.49517	33.49345
리얼	bar	126.49030	33.48776
리얼클린족욕베라체점	shop	126.54399	33.49418
리얼탠	shop	126.33592	33.46566
리얼펫츄	shop	126.59828	33.49333
리에또	cafe	126.48505	33.48419
리엔하우스	stay	126.40501	33.42624
리엘루	food	126.42644	33.43382
리영	food	126.51290	33.51331
리오	bar	126.47080	33.48257
리오부라보	shop	126.49111	33.48857
리오애월	stay	126.40634	33.43142
리옹	shop	126.49029	33.48801
리움	stay	126.25622	33.33498
리움농산물편의점	shop	126.25622	33.33498
리움아일랜드	stay	126.90048	33.48582
리윤이네민박	stay	126.42493	33.45016
리조트산수휴	stay	126.48476	33.45831
리즈업	bar	126.49599	33.48350
리즈클로이	shop	126.54258	33.49335
리즌	bar	126.51937	33.49896
리차드	shop	126.49111	33.48857
리체단란주점	bar	126.52149	33.51286
리치	bar	126.49020	33.48531
리치망고	cafe	126.66950	33.54249
리치망고도두해안로점	cafe	126.46842	33.50565
리치망고애월점	cafe	126.34018	33.46856
리치망고우도검멀레점	cafe	126.96750	33.49776
리치망고협재점	cafe	126.25177	33.40240
리치망고협제점	cafe	126.25177	33.40240
리치모어	food	126.49596	33.50594
리치브라더스	shop	126.46577	33.50449
리치스그로서리	cafe	126.52850	33.51380
리치에버	bar	126.50807	33.50989
리치텔레콤	shop	126.52040	33.51278
리치호텔	stay	126.34895	33.47210
리커버	cafe	126.62519	33.53606
리코마망	cafe	126.46972	33.48302
리코코	bar	126.52768	33.50128
리큐제주	shop	126.63976	33.53491
리트머스	shop	126.48184	33.48244
리트머스	shop	126.52463	33.51316
리틀걸	shop	126.52704	33.51424
리틀램플라워	shop	126.43242	33.48574
리틀로컬	food	126.26250	33.41175
리틀루인홈	shop	126.53557	33.50721
리틀밥독제주	shop	126.52463	33.51316
리틀비엣	food	126.54591	33.47668
리틀비틀제주삼화점	activity	126.58098	33.51678
리틀빅키즈리틀빅키즈랩	activity	126.39672	33.41396
리틀스프링스테이	stay	126.78290	33.47107
리틀슬로우	food	126.85627	33.52246
리틀아울렛	shop	126.51420	33.48777
리틀오사카	food	126.48110	33.47549
리틀제주	shop	126.29687	33.35899
리틀크럼	food	126.54194	33.49236
리틀푸키	activity	126.41550	33.48590
리틀핑거	food	126.53019	33.49362
리틀해녀	stay	126.50558	33.51477
리퍼랜드제주	shop	126.62547	33.52370
리프	shop	126.52827	33.51753
리프리지	food	126.51747	33.51529
리프트커피	cafe	126.54864	33.47569
리피제주	stay	126.31380	33.40953
리하의커리	food	126.63241	33.53517
리향	food	126.50298	33.51286
리허설	bar	126.53817	33.51345
리홈	shop	126.53801	33.49090
리홈쿠첸제주서비스	shop	126.53989	33.49894
린다	shop	126.52463	33.51316
린도디아더애월	food	126.32678	33.46252
린도펜션	stay	126.41032	33.48939
린든	shop	126.52621	33.49998
린든게스트하우스	stay	126.52621	33.49998
린디자인	shop	126.54749	33.47593
린스포츠	shop	126.50985	33.49738
린앤모닝	cafe	126.49787	33.47893
린쥬얼리	shop	126.47886	33.49139
린프하우스민박	stay	126.41665	33.47295
릴공식서비스센터제주점	shop	126.48517	33.48234
릴렌하우스	stay	126.67204	33.49437
릴로	food	126.89509	33.49259
릴로	food	126.89288	33.51083
릴로앤떼오	food	126.89291	33.51086
림벅애월점	cafe	126.41480	33.48605
림스테이블	food	126.44990	33.47797
림의공간	shop	126.55728	33.44962
림의집	stay	126.86934	33.52414
립스틱	bar	126.49034	33.49013
릿	food	126.52037	33.48845
링스	shop	126.52463	33.51316
링스	shop	126.49476	33.48560
링스	bar	126.54096	33.50540
링스스포츠	shop	126.52444	33.51284
링코제주	shop	126.53858	33.49295
링코제주	bar	126.52916	33.49957
링키지랩	food	126.57087	33.45245
마가리	stay	126.27284	33.36165
마가진	shop	126.48947	33.48680
마고아뜰리에	shop	126.54102	33.46955
마구펜션	stay	126.83029	33.51271
마나	shop	126.52463	33.51316
마나	shop	126.47523	33.48125
마냥	shop	126.69660	33.54936
마넬	food	126.63354	33.49280
마녀김밥	food	126.52756	33.50678
마녀디저트카페	food	126.47863	33.48838
마노	shop	126.53792	33.50511
마노아	food	126.88347	33.51867
마노아	stay	126.40657	33.42406
마노앤디또	cafe	126.39582	33.42585
마농	shop	126.48910	33.48122
마농게스트하우스민박	stay	126.30122	33.44539
마농떡볶이	food	126.48741	33.47731
마농밭집	stay	126.79263	33.55714
마농제주	food	126.46120	33.47906
마농케이터링	food	126.46120	33.47906
마눌펜션	stay	126.33246	33.44962
마니	shop	126.48821	33.48157
마니	cafe	126.83730	33.53731
마니	shop	126.52463	33.51316
마니아당구클럽	activity	126.51918	33.51134
마니주	food	126.42886	33.45117
마니주	shop	126.52463	33.51316
마니주민박	stay	126.47223	33.50893
마니주블루밍	shop	126.52463	33.51316
마니주주	bar	126.43284	33.48764
마님순대	food	126.48494	33.48142
마담나탈리소셜클럽	food	126.24972	33.39985
마당넓은집	stay	126.79311	33.55863
마당뜰민박	stay	126.28274	33.42170
마당모당인애월민박	stay	126.32776	33.43207
마당민속주점	food	126.54648	33.50188
마당발	shop	126.52463	33.51316
마당여관	stay	126.81990	33.53333
마당집	food	126.26554	33.41542
마당집	stay	126.45881	33.49347
마당한동	cafe	126.81990	33.53333
마더웍스스위밍룸	cafe	126.55215	33.47197
마더웍스제주	food	126.44561	33.49792
마도슈퍼	shop	126.68064	33.49124
마돈가제트	food	126.18251	33.35691
마돈나	activity	126.49595	33.48552
마돈나	bar	126.52743	33.50252
마돈나	bar	126.52696	33.50054
마두천	food	126.50298	33.51310
마두천손칼국수	food	126.50299	33.51313
마두포	food	126.26117	33.41419
마드레한동	stay	126.82591	33.53890
마드리드페션	shop	126.53694	33.50416
마들렌상점제주점	shop	126.46655	33.47963
마디다	shop	126.47464	33.48941
마따니아민박투	stay	126.24172	33.39419
마뚜라레	food	126.55111	33.47143
마라공방	food	126.54445	33.47427
마라도	bar	126.49534	33.48959
마라도초밥	food	126.52118	33.49962
마라도해녀촌연동점	food	126.48658	33.48959
마라미당	food	126.47808	33.47857
마라민족제주외도점	food	126.43284	33.48764
마라사랑	food	126.52133	33.50005
마라생각엔	food	126.48367	33.49134
마라양꼬치	food	126.47629	33.48822
마라양꼬치	food	126.49170	33.48712
마라탕조아	food	126.66384	33.54037
마라톤	food	126.51296	33.49879
마라하오구제주점	food	126.52818	33.50144
마라힐링	food	126.62362	33.53577
마라힐링애월점	food	126.31998	33.46438
마라힐링용담점	food	126.51040	33.50942
마랑	stay	126.34072	33.39744
마랑	shop	126.49162	33.48447
마레	stay	126.19665	33.34553
마레게스트하우스	stay	126.22889	33.38649
마레벤또	food	126.31168	33.46259
마레보	stay	126.53967	33.48898
마레보비치	stay	126.30146	33.44854
마레보주	stay	126.35445	33.47064
마레보휴양펜션	stay	126.35415	33.46977
마레아이엔디	activity	126.49137	33.47689
마레카	stay	126.22493	33.38819
마로	stay	126.54223	33.50976
마로	food	126.26835	33.41156
마로네	cafe	126.53953	33.51218
마로원부설길직업재활센터돌코롬	food	126.26737	33.38592
마로전자	shop	126.50384	33.49940
마록당	cafe	126.45316	33.48588
마롱스테이	stay	126.30993	33.44569
마롱옷장	shop	126.52035	33.51422
마루	food	126.56554	33.51975
마루김밥	food	126.43173	33.49299
마루나	food	126.19579	33.36194
마루나키친	food	126.19581	33.36197
마루스테이	stay	126.65844	33.49581
마루앤파니야	food	126.49114	33.51897
마루야마	shop	126.46649	33.47719
마루하우스민박	stay	126.33433	33.45711
마루해물라면앤흑돼지스테이크덮밥공항바닷가포차국밥은별관점	food	126.49267	33.51942
마루해물항아리	food	126.34846	33.45535
마르니	shop	126.48208	33.48170
마르살라	shop	126.47503	33.47862
마르샤	shop	126.49111	33.48857
마르셀하우스	stay	126.74668	33.55684
마르쉘터	cafe	126.53997	33.51042
마르타하우스	stay	126.22389	33.33381
마르페슬링운동재활센터	activity	126.53732	33.48512
마리	stay	126.24728	33.39768
마리골드	shop	126.49111	33.48857
마리나당구장	activity	126.49705	33.49246
마리나제주	stay	126.39771	33.44546
마리나하우스	stay	126.39736	33.44591
마리네집민박	stay	126.39887	33.44195
마리따	cafe	126.28450	33.44435
마리애	stay	126.74931	33.55642
마리조아	food	126.58956	33.51245
마린보이	food	126.49413	33.51905
마린수산	shop	126.52665	33.51236
마린스토어	shop	126.46415	33.50601
마린이노베이션제주센터	shop	126.53001	33.50030
마린호	activity	126.63168	33.53487
마릴린케이	bar	126.52100	33.49960
마마	bar	126.49045	33.48491
마마	food	126.49325	33.49209
마마단란주점	bar	126.53329	33.49556
마마돈	food	126.25425	33.32822
마마롱	cafe	126.43919	33.45219
마마무말가든	food	126.50806	33.47236
마마미니	cafe	126.69822	33.48451
마마미아	shop	126.58392	33.52356
마마스민박	stay	126.25342	33.40084
마마스휴게실	shop	126.25342	33.40084
마마식당야식	food	126.29514	33.96277
마마이브	stay	126.28901	33.41936
마마정식숯불갈비	food	126.17939	33.30311
마마칼국수	food	126.47958	33.47653
마마파운드	food	126.54582	33.49413
마망온	food	126.53860	33.50673
마메종민박	stay	126.83694	33.53784
마모루	food	126.53150	33.49887
마모루	food	126.47888	33.48954
마므레	stay	126.70020	33.53860
마므레제주공항	food	126.46973	33.47942
마미묵은지찜제주	food	126.54564	33.50430
마미야앤코	shop	126.53280	33.50262
마미점빵	shop	126.57389	33.51752
마미호시	stay	126.23123	33.38893
마법의성	bar	126.52379	33.51554
마벨	shop	126.54510	33.49446
마보로시	cafe	126.51249	33.50933
마블러스하도	cafe	126.88010	33.52920
마빈	stay	126.69748	33.54899
마빈스	shop	126.49111	33.48857
마빌릭스파앤풀빌라	stay	126.90062	33.48577
마산초원아구찜	food	126.49114	33.49056
마순	food	126.54195	33.50606
마술피리	bar	126.48964	33.48742
마술하는곰	shop	126.47334	33.49412
마쉴	shop	126.48416	33.48789
마스타하이볼	food	126.48500	33.48381
마스타하이볼제주	food	126.52839	33.49924
마스터바니신제주점	shop	126.48821	33.48157
마스터스롯지	stay	126.63642	33.49567
마스터스크린골프제주도남점	activity	126.53024	33.48352
마스터즈	shop	126.48533	33.48670
마스터클래식	food	126.48533	33.48379
마스터하이볼연동점	bar	126.49349	33.48960
마시따아	food	126.31761	33.46658
마시레치킨	bar	126.40355	33.48083
마시레포차	food	126.40355	33.48083
마시모	bar	126.49040	33.48393
마시자	bar	126.49516	33.48948
마시카	food	126.48011	33.48846
마식당	food	126.53879	33.51153
마실	shop	126.50380	33.51442
마실래	food	126.53942	33.51045
마야블루	shop	126.47848	33.48950
마왕족발제주	food	126.53050	33.49738
마왕족발제주아라점	food	126.54478	33.47427
마요	food	126.47848	33.48950
마요피갤러리	stay	126.88845	33.52442
마요피아뜰리에	shop	126.88883	33.52424
마우마우	shop	126.29598	33.35916
마운트에베레스트	bar	126.52571	33.51502
마운티아제주점	shop	126.52588	33.51296
마운티아제주점	shop	126.48184	33.48244
마원	stay	126.69885	33.49366
마을사랑	stay	126.25373	33.40483
마을카페사랑꽃	food	126.54240	33.50382
마음꽃하우스민박	stay	126.24504	33.39539
마음손	shop	126.43477	33.45219
마음스테이	stay	126.85395	33.52615
마음식당	food	126.52544	33.51072
마음약국	shop	126.48590	33.49013
마음에온	cafe	126.52598	33.51461
마음에점을찍다제주점	shop	126.53691	33.48766
마음을담다제주대학교병원	food	126.54520	33.46721
마음이봉봉	stay	126.81715	33.53648
마음챙김	stay	126.89786	33.49244
마음챙김	bar	126.88105	33.52636
마음치유곳간곁에	food	126.66218	33.54287
마이걸	bar	126.51581	33.50876
마이귤팜	shop	126.64014	33.51863
마이니모에	food	126.65913	33.54353
마이다이버스	shop	126.61718	33.53768
마이더스안경원	shop	126.57969	33.51750
마이데이	stay	126.67502	33.54218
마이도	bar	126.49215	33.48817
마이리틀아일랜드	stay	126.40497	33.43477
마이마이버거	food	126.58799	33.51726
마이바당	stay	126.80014	33.55452
마이아이안경원	shop	126.47679	33.48404
마이앤디아울렛	shop	126.57028	33.51971
마이영약국	shop	126.66790	33.54165
마이온홈	stay	126.40705	33.42998
마이온홈와흘	stay	126.63559	33.50283
마이온홈함덕	stay	126.66948	33.54054
마이올	shop	126.35733	33.39030
마이요거트립제주	food	126.58623	33.52101
마이요거트립제주	food	126.47721	33.49166
마이제주기프트	shop	126.49057	33.49012
마이콩	food	126.52824	33.51209
마이크로하비타트	cafe	126.26409	33.41789
마이클앤선솔루션	shop	126.48037	33.47609
마이타운브로	stay	126.65644	33.54737
마이테르수영장	activity	126.34785	33.42838
마이티커피	cafe	126.53813	33.48824
마이퍼스트스칼프	shop	126.48900	33.48282
마이프렌	bar	126.52200	33.49641
마인	shop	126.48821	33.48157
마인골드뷰티	shop	126.49282	33.48560
마인드골프제주	activity	126.49300	33.49560
마인드브릿지	shop	126.52463	33.51316
마인드휘트니스	activity	126.51445	33.50033
마인드휘트니스노형	activity	126.47858	33.48638
마인드휘트니스인제점	activity	126.53850	33.50634
마인드휘트니스제주	activity	126.52493	33.51355
마인드휘트니스제주	activity	126.49300	33.49560
마인드휘트니스제주도청점	activity	126.50206	33.48792
마인드휘트니스한림점	activity	126.26538	33.41279
마인트태닝	shop	126.50206	33.48792
마일스	bar	126.33762	33.46686
마일스	food	126.52332	33.51771
마임노형서부지사	shop	126.48725	33.49355
마임연동지사	shop	126.48725	33.49355
마제스티	stay	126.24982	33.39971
마젠타스튜디오	activity	126.52224	33.48930
마주보는얼굴들	shop	126.50534	33.47403
마중	food	126.54096	33.50428
마중물	food	126.51974	33.50686
마지	food	126.66600	33.54066
마지막해녀	food	126.53347	33.49608
마지막해녀	food	126.53721	33.49615
마지막휴게편의점	shop	126.43305	33.44521
마쯔리	food	126.47599	33.48823
마차	food	126.50316	33.51279
마초그릴	food	126.52491	33.51479
마초면탁	food	126.45517	33.46493
마초왕갈비	food	126.52850	33.49906
마츠	food	126.52729	33.49682
마츠노멘	food	126.53585	33.48692
마치민박	stay	126.44155	33.49620
마카리오스	stay	126.66704	33.49409
마커스마운틴민박	stay	126.80164	33.55330
마켓꼰비니	shop	126.53765	33.48818
마켓젬	shop	126.52812	33.49843
마켓프레쉬	shop	126.49187	33.47745
마켓프레쉬아라점	shop	126.54427	33.47403
마코구제주점	shop	126.52507	33.51256
마코연삼로점	shop	126.51943	33.49164
마쿠쿠치나	food	126.47737	33.48079
마쿠파스타	food	126.40582	33.48065
마퀴진	food	126.90004	33.49468
마크곤잘레스신제주점	shop	126.49031	33.48844
마크사이공제주	food	126.23138	33.38925
마키산도	food	126.36018	33.36109
마태승리부트	food	126.49353	33.49118
마트료미술점	shop	126.39950	33.43169
마트료식당	food	126.39950	33.43169
마트리모니오	food	126.51010	33.46891
마트약국	shop	126.52118	33.51797
마트존약국	shop	126.48120	33.48302
마트클럽	shop	126.46706	33.50325
마티노제주	stay	126.88550	33.52540
마틸다	cafe	126.33428	33.46573
마포화곱창	food	126.66649	33.54178
마피스	cafe	126.65307	33.55063
마피아떡볶이제주	food	126.47754	33.47713
마핑고	food	126.54450	33.49828
마할로스테이	stay	126.24399	33.39234
막고릅써오리조텐	food	126.56541	33.52176
막끌리나	bar	126.49564	33.48712
막내돼지	stay	126.67627	33.53827
막내분식	food	126.52555	33.51623
막다른둥지	stay	126.61737	33.53734
막둥이횟집	food	126.48249	33.48488
막쇠	food	126.48924	33.48900
막스카라제주점	shop	126.52463	33.51316
막창	food	126.49212	33.48721
막창먹는놈	food	126.66568	33.54191
막창먹는놈	food	126.54368	33.50133
막창이땡길때	food	126.54477	33.49250
막하우스	food	126.51976	33.51301
만가복중국음식점	food	126.48673	33.48685
만강촌옛날칼국수	food	126.47604	33.48935
만강홍	food	126.26159	33.41292
만객	bar	126.48920	33.48949
만경	bar	126.53124	33.49859
만궁	food	126.54395	33.48347
만금보석	shop	126.52771	33.50236
만금카페	cafe	126.52048	33.50929
만금토속	food	126.52954	33.49156
만나고쪽갈비제주	food	126.48056	33.48807
만나김치찌개	food	126.24059	33.39214
만나다공원	food	126.67229	33.51313
만나빵집	food	126.89703	33.49324
만나아구찜	food	126.51181	33.51174
만나요만나	cafe	126.66896	33.54031
만나푸드랩	food	126.46605	33.50401
만남	cafe	126.85469	33.52362
만남	cafe	126.80992	33.55703
만남가든	food	126.26447	33.32124
만남노래연습장	activity	126.40188	33.48226
만남포차	food	126.49231	33.48537
만년약국	shop	126.52519	33.49975
만능낚시프라자	shop	126.66966	33.54056
만다린아일랜드	shop	126.48579	33.48579
만당	food	126.95663	33.51606
만덕식당	food	126.16527	33.30854
만덕약방	shop	126.48873	33.49652
만덕에프앤비	food	126.48225	33.48368
만덕휴게소	shop	126.53039	33.51691
만두나라	food	126.52470	33.50687
만두사랑	food	126.53008	33.49596
만두상점	shop	126.67562	33.53354
만디와산	cafe	126.67961	33.49473
만리장성	food	126.49040	33.48393
만리향	food	126.54203	33.50276
만마루펫살롱	shop	126.54246	33.47488
만물가게	activity	126.52998	33.49699
만물식당	food	126.85574	33.52673
만물종합가구	shop	126.58424	33.47433
만물중고	shop	126.51275	33.50484
만물포차	food	126.54169	33.50330
만민식당	food	126.28428	33.38394
만배성	food	126.53241	33.47415
만배수산	food	126.49042	33.47910
만배식당	food	126.46734	33.50600
만배회센타별관	food	126.49027	33.47938
만보민물장어	food	126.51347	33.51233
만복	food	126.51790	33.51135
만복김밥	food	126.56228	33.50434
만복반미	food	126.47020	33.48337
만복장	stay	126.51904	33.50965
만복정	food	126.41345	33.48422
만부정	food	126.49454	33.48257
만사오케이	cafe	126.52192	33.50454
만사옥게	shop	126.52837	33.51238
만상	shop	126.59061	33.52502
만샵	shop	126.52412	33.51141
만석꾼곰탕	food	126.40926	33.47470
만석정	food	126.41912	33.48926
만석제주흑돼지	food	126.48545	33.48720
만선바다	food	126.48929	33.49097
만선찌개마을	food	126.52203	33.49954
만선포차	food	126.43217	33.48684
만성복해장국	food	126.53219	33.50074
만세국수	food	126.51880	33.49414
만세로또판매점	activity	126.26609	33.41078
만수강	bar	126.52354	33.51001
만수르	bar	126.49173	33.48410
만수정	food	126.52084	33.50899
만승환풍기	shop	126.49889	33.49273
만옥	food	126.52446	33.51643
만운성	food	126.49150	33.48112
만원애횟집	food	126.52032	33.50571
만월	stay	126.25939	33.39615
만월살롱	food	126.65968	33.54632
만월애월반값흑돼지	food	126.31013	33.46543
만월오리	food	126.54019	33.50637
만인정	food	126.18279	33.34813
만장일치	food	126.52153	33.51741
만정와이식자재마트제주삼화점	shop	126.58115	33.51709
만제	shop	126.75241	33.55546
만조식당	food	126.85458	33.52703
만조제주연동점	food	126.48775	33.48402
만지식당	food	126.33907	33.46328
만첩	cafe	126.52117	33.51394
만초당한약방	shop	126.54625	33.49778
만촌	food	126.53636	33.49400
만춘서점	shop	126.67343	33.54072
만취	bar	126.53056	33.49701
만택이네돌담집	stay	126.19046	33.30314
만텐	food	126.52567	33.51472
만평해장국	food	126.53191	33.51205
만포장	food	126.26404	33.41692
만향	bar	126.54018	33.50836
만호	food	126.54263	33.50045
만화방	shop	126.35565	33.47808
말고기연구소	food	126.52015	33.51559
말괄량이삐삐분식	food	126.36407	33.47802
말교육단체허드앤허트	activity	126.32636	33.37469
말깡거리	stay	126.24323	33.39790
말깡거리애월민박	stay	126.33264	33.43713
말남할매손맛	food	126.41345	33.48214
말랑놀이터인화초점	shop	126.53930	33.50689
말랑놀이터제주외도점	shop	126.43184	33.48630
말랑풍선	shop	126.51357	33.50118
말렛	food	126.47818	33.48450
말로	cafe	126.67211	33.42748
말로나	cafe	126.29505	33.44582
말로나스테이	stay	126.29492	33.44605
말리가	cafe	126.24900	33.38714
말벗카페	cafe	126.71345	33.44898
말섬	food	126.49336	33.49347
말애집	food	126.26405	33.41612
말이	food	126.85555	33.52665
말이랑흑도새기랑	food	126.48607	33.45008
말자싸롱비어	bar	126.47958	33.48909
말젯문	food	126.83509	33.53849
말짜	bar	126.51802	33.50028
말캉말캉찐빵	food	126.53715	33.51095
말한마리가든	food	126.49520	33.49671
맑은마트으뜸아이스크림할인점	shop	126.53766	33.50266
맑은소리보청기	shop	126.51665	33.50022
맑은옹달샘	food	126.52287	33.49952
맑음	stay	126.19952	33.35868
맑음	food	126.48958	33.49015
맘꽃약국	shop	126.50206	33.48792
맘마리아	food	126.28227	33.44041
맘마하우스	stay	126.86104	33.52349
맘스레시피	shop	126.53847	33.49156
맘스터치	food	126.52444	33.51283
맘스터치	food	126.59436	33.49096
맘스터치	food	126.67132	33.54227
맘스터치	food	126.53599	33.48752
맘스터치삼화점	food	126.57669	33.51643
맘스터치아라점	food	126.54492	33.47460
맘스터치연동점	food	126.48927	33.49018
맘스터치연북로점	food	126.48495	33.48269
맘스터치연삼로점	food	126.54303	33.50067
맘스터치외도점	food	126.43136	33.48569
맘스터치일도	food	126.53263	33.51349
맘스터치제주	food	126.51445	33.50033
맘스터치제주	food	126.52826	33.50031
맘스터치제주대점	food	126.56227	33.46041
맘스터치제주세화점	food	126.86003	33.52121
맘스터치제주애월고점	food	126.33423	33.46274
맘스터치제주한림점	food	126.26513	33.41465
맘스터치치킨	food	126.46757	33.48507
맘스터치한라대점	food	126.47843	33.47614
맘스터치협재점	food	126.23965	33.39239
맘스터치화북	food	126.56605	33.51846
맘스테이	stay	126.67349	33.49191
맘애든인테리어부엌가구	shop	126.32297	33.41883
맘앤맘스	cafe	126.26230	33.41134
맘편한	shop	126.48180	33.47940
맘편한비어	bar	126.43171	33.48713
맘피	food	126.39025	33.45071
맛고을명가	food	126.52590	33.51618
맛깔	food	126.43284	33.48764
맛깔라면	food	126.43284	33.48764
맛깔참죽	food	126.52764	33.49562
맛깔참죽신제주점	food	126.48923	33.49205
맛나감자탕제주	food	126.47414	33.48329
맛나옛날통닭	food	126.52667	33.49615
맛나하우스	food	126.56312	33.51609
맛난사계절	food	126.61886	33.53631
맛남포차	food	126.52024	33.49898
맛도리푸드	food	126.67708	33.42133
맛동산식당	food	126.49111	33.48857
맛드림	bar	126.58221	33.52080
맛뜨락	food	126.53566	33.48924
맛무한가마솥막창국밥	food	126.53914	33.49660
맛본	food	126.54304	33.49820
맛소	food	126.48457	33.48820
맛스타	bar	126.49352	33.49077
맛은차이나	food	126.48821	33.47065
맛을품은삼계탕	food	126.55155	33.45135
맛이아름다운빵집	food	126.58453	33.52090
맛있는간식	food	126.48679	33.48618
맛있는감귤	shop	126.64018	33.46928
맛있는소도리김밥	food	126.43109	33.48951
맛있는소리도련점	food	126.59013	33.50800
맛있는온도	bar	126.54341	33.50310
맛있는이가국수집	food	126.42919	33.48538
맛있는제주	food	126.51826	33.51303
맛있는제주	food	126.46415	33.50601
맛있는집밥	food	126.48386	33.48774
맛있는집밥구제주점	food	126.52667	33.49235
맛있는집밥삼화점	food	126.58883	33.51165
맛있는폴부엌	food	126.26546	33.40721
맛있는폴부엌	food	126.26522	33.32087
맛장터	food	126.49779	33.48751
맛조이	food	126.53322	33.49990
맛짱김밥	food	126.58354	33.52085
맛짱김밥	food	126.53173	33.51335
맛짱김밥대기점	food	126.59152	33.49180
맛짱김밥도남점	food	126.52687	33.49552
맛짱김밥인제점	food	126.54058	33.50640
맛짱맛	food	126.66660	33.54151
맛찜랭킹제주연동점	food	126.49191	33.48292
망고	shop	126.88911	33.52702
망고	shop	126.52463	33.51316
망고	bar	126.52302	33.50954
망고레이	cafe	126.43915	33.49471
망고레이애월	cafe	126.40010	33.48178
망고레이우땅밤	food	126.95124	33.49327
망고블루	cafe	126.66709	33.54140
망고블루과일가게	shop	126.66709	33.54140
망고식스제주프시케월드점	cafe	126.39279	33.41314
망고케이스제원점	shop	126.49055	33.48776
망고홀릭	cafe	126.90258	33.49441
망고홀릭	cafe	126.53440	33.48271
망고홀릭애월해안도로점	cafe	126.34159	33.47053
망고홀릭제주	cafe	126.49196	33.49071
망상	cafe	126.52801	33.51490
맞짱당구클럽	activity	126.41536	33.48617
매거진	food	126.53170	33.49746
매니아	bar	126.49103	33.48301
매니아당구클럽	activity	126.58095	33.51527
매니아당구클럽	activity	126.52997	33.49876
매니아불닭용담점	bar	126.51077	33.50965
매니저	bar	126.53008	33.50072
매드벤처	activity	126.65766	33.45400
매드피자신제주점	food	126.48461	33.48869
매듭	stay	126.49267	33.51942
매듭커피	cafe	126.54590	33.49904
매력	shop	126.50996	33.50574
매리미하우스	stay	126.64565	33.48889
매스티지데코	shop	126.52666	33.49013
매오로시	food	126.47148	33.48240
매우네	food	126.53023	33.51318
매우릉쭈꾸미	food	126.66775	33.54038
매운맛땡길때밥장인외도점	food	126.43064	33.49157
매운집	food	126.63607	33.53530
매일나무농장	shop	126.46537	33.49451
매일떡방앗간	food	126.63870	33.53892
매일미트유통	shop	126.41413	33.46572
매일슈퍼	shop	126.26423	33.41658
매일약국	shop	126.48325	33.48625
매일우유동부	shop	126.67041	33.52376
매종드짱가	stay	126.53940	33.50908
매종드킴	stay	126.48136	33.48438
매직렌탈제주점	shop	126.54195	33.49352
매코롬	food	126.74678	33.55423
매콤달콤오일장떡볶이	food	126.52735	33.51203
매콤명태촌	food	126.43381	33.49186
매트명가제주메디텍	shop	126.53061	33.49248
매향구판장	shop	126.59071	33.51444
매화당	bar	126.52703	33.49690
맥당구클럽	activity	126.48465	33.48452
맥스	stay	126.66341	33.46914
맥시카나치킨	food	126.54252	33.50861
맥우드퍼니쳐	shop	126.49518	33.49119
맥주창고	bar	126.52634	33.49656
맥주한잔	bar	126.52000	33.49757
맥치킨	food	126.52236	33.49928
맥키쉬	cafe	126.56548	33.52362
맥파이	bar	126.52337	33.51799
맥파이탭룸	bar	126.61717	33.50320
맨날술이야	food	126.49027	33.48894
맨도롱또	food	126.68293	33.49042
맨도롱밥집	food	126.39108	33.45052
맨도롱수다이모	food	126.26398	33.42622
맨도롱풀하우스	stay	126.26273	33.41161
맨돈지골프	activity	126.58958	33.51514
맨션다미	cafe	126.51075	33.46786
맨체스터	bar	126.48928	33.48921
맨하탄호텔	stay	126.48560	33.48930
맬록게스트하우스민박	stay	126.56264	33.52398
맵고달고떡볶이	food	126.53781	33.50565
맵수다	bar	126.47542	33.48977
맵수다	bar	126.48901	33.48874
맵시	shop	126.52478	33.51164
맵찜	food	126.58202	33.52509
맹구와땡칠이	shop	126.52696	33.50054
맹글라와펜	activity	126.31120	33.46004
맹글맹글	shop	126.38696	33.45052
맹기리회센타	food	126.62244	33.53778
맹순이네	food	126.22426	33.38716
맹이네	food	126.52806	33.50251
먀구자비	shop	126.87894	33.52081
먐미먐	shop	126.32187	33.46346
머거버거	food	126.48821	33.47065
머거보카마켓	shop	126.30589	33.35104
머구리	bar	126.39120	33.48757
머그라이	food	126.40236	33.44079
머깨비네	food	126.57951	33.52108
머니	shop	126.49111	33.48857
머드앤마인드	shop	126.36032	33.44942
머들하우스	stay	126.77768	33.51040
머라이	stay	126.67505	33.54158
머렐	shop	126.47663	33.48808
머렐제주점	shop	126.52571	33.51567
머룬스테이	stay	126.85649	33.51300
머리에꽃을	shop	126.54353	33.49125
머맨하우스	stay	126.32004	33.46532
머무는쉼터	shop	126.49427	33.49181
머무르는장소로	stay	126.38490	33.40778
머무른채	stay	126.33256	33.45797
머무름민박	stay	126.25328	33.39462
머문	cafe	126.79578	33.55560
머물	stay	126.31896	33.46416
머물다정식	food	126.79188	33.55708
머믈	bar	126.48774	33.48455
머쉬	shop	126.52463	33.51316
머스크	cafe	126.56662	33.52020
머스터	shop	126.52443	33.50015
머스트	shop	126.44390	33.47910
머큐리	bar	126.49026	33.48015
머하멘	food	126.96536	33.51157
먹갱이	food	126.50874	33.51268
먹고또먹고	food	126.26404	33.41629
먹고보자	food	126.56215	33.51479
먹고팡	food	126.52695	33.50331
먹꽃이피는숲	shop	126.85803	33.52012
먹돌	food	126.50480	33.50199
먹먹쥐먹고프면억어야쥐	food	126.54355	33.50478
먹보네연탄곱창	food	126.48066	33.48996
먹보분식	food	126.62090	33.53391
먹보횟집	food	126.49315	33.48758
먹세마켓	shop	126.63134	33.53535
먹쇠소주방	bar	126.26499	33.41175
먹언니연동점	food	126.49265	33.48625
먹으래가게	food	126.51405	33.49912
먹으면돼지	food	126.54307	33.50272
먹으크라	food	126.54786	33.50089
먹자	food	126.47997	33.49229
먹자골목	food	126.52793	33.50177
먹자국수	food	126.53395	33.50815
먹잰분식	food	126.57028	33.51971
먹주	bar	126.52901	33.49984
먹쿠슬낭	cafe	126.50700	33.49805
먹쿠슬낭동문	food	126.52550	33.51235
먹쿠슬낭함덕	food	126.65108	33.54823
먼슬리제주	food	126.52355	33.51301
먼싱웨어제주점	shop	126.52570	33.51527
먼치번즈	food	126.36685	33.47801
먼트커피	cafe	126.47238	33.48485
멀리제주	stay	126.33044	33.43121
멀왓스테이	stay	126.29804	33.41877
멀티넷정보통신	shop	126.54568	33.50116
멀티비젼	bar	126.52327	33.51674
멋슬	shop	126.52985	33.49746
멋지네	shop	126.48558	33.48621
멋진걸	shop	126.53942	33.50625
멋진만남	food	126.63581	33.47850
멍군식당	food	126.67370	33.54010
멍마켓	shop	126.48821	33.47065
멍멍숲	shop	126.48581	33.47295
멍멍플레이스펜션	stay	126.37947	33.41627
멍석마당	bar	126.49491	33.49098
멍스타	shop	126.54822	33.47213
멍쿠실낭	stay	126.33354	33.43857
멍텅구리식당	food	126.52624	33.49723
메가럭	activity	126.52644	33.50567
메가맥주	bar	126.47797	33.48784
메가스크린골프	activity	126.19922	33.36494
메가에듀	shop	126.51942	33.47697
메가엠지씨커피신제주점	cafe	126.48972	33.48604
메가엠지씨커피제주	cafe	126.53412	33.49462
메가엠지씨커피제주	cafe	126.59294	33.49161
메가엠지씨커피제주	cafe	126.53921	33.48852
메가엠지씨커피제주	cafe	126.54138	33.50568
메가엠지씨커피제주광양	cafe	126.52843	33.50085
메가엠지씨커피제주남녕점	cafe	126.48126	33.49054
메가엠지씨커피제주노형	cafe	126.47978	33.48450
메가엠지씨커피제주노형이편한세상점	cafe	126.46868	33.48324
메가엠지씨커피제주대점	cafe	126.56145	33.46034
메가엠지씨커피제주도청점	cafe	126.49734	33.49195
메가엠지씨커피제주동문	cafe	126.52627	33.51333
메가엠지씨커피제주롯데시티점	cafe	126.48633	33.48974
메가엠지씨커피제주무지개	cafe	126.47173	33.50875
메가엠지씨커피제주버스	cafe	126.51445	33.50033
메가엠지씨커피제주삼화초점	cafe	126.57516	33.51444
메가엠지씨커피제주서사로점	cafe	126.52010	33.50422
메가엠지씨커피제주아라점	cafe	126.54535	33.47331
메가엠지씨커피제주애월항점	cafe	126.32050	33.46446
메가엠지씨커피제주연동점	cafe	126.48762	33.47871
메가엠지씨커피제주오라정실점	cafe	126.50785	33.47157
메가엠지씨커피제주외도점	cafe	126.43066	33.48854
메가엠지씨커피제주이호	cafe	126.45761	33.49575
메가엠지씨커피제주일주서로점	cafe	126.42518	33.49263
메가엠지씨커피제주저지점	cafe	126.25670	33.33309
메가엠지씨커피제주중앙중점	cafe	126.49835	33.48584
메가엠지씨커피제주평화로무수천점	cafe	126.44967	33.46220
메가엠지씨커피제주하귀농협하나로점	cafe	126.41215	33.48506
메가엠지씨커피제주한라대점	cafe	126.47894	33.47616
메가엠지씨커피협재해수욕장점	cafe	126.24033	33.39316
메가엠지커피제주삼화지구점	cafe	126.58099	33.51645
메고지고떡창고	food	126.54680	33.49358
메고지고떡창고외도우정점	cafe	126.43173	33.48609
메고지고떡창고제주삼도점	food	126.51516	33.50434
메디라인	shop	126.47668	33.48884
메디칼약국	shop	126.54357	33.50150
메디테크	shop	126.53295	33.49476
메디팜월랑약국	shop	126.47562	33.48895
메라키카페	cafe	126.49358	33.49619
메로	food	126.53365	33.50012
메로왕	food	126.51407	33.49936
메르블루	food	126.89405	33.52207
메르블루	stay	126.48417	33.51130
메르시	shop	126.54915	33.50017
메르시제주소품샵	shop	126.51263	33.51456
메르시하도	stay	126.88820	33.51603
메르치	food	126.52894	33.49640
메리골드	shop	126.54474	33.49403
메리골드민박	stay	126.67665	33.49485
메리봄봄	stay	126.88628	33.51797
메리스튜디오	shop	126.33435	33.46636
메리아일랜드	stay	126.23148	33.38892
메리앤	shop	126.52427	33.51202
메리앤커피	cafe	126.54094	33.50465
메리앤폴	food	126.29351	33.44345
메리언스포츠	shop	126.47433	33.48202
메리엔젤	shop	126.26579	33.40498
메리오가닉	cafe	126.18274	33.34972
메리제이	shop	126.53956	33.48298
메리제이	shop	126.26473	33.41362
메모리모텔	stay	126.51898	33.50034
메모아	shop	126.53499	33.47259
메밀꽃이피었습니다	food	126.95857	33.51239
메밀꽃일다	stay	126.22610	33.32622
메밀꽃제주	food	126.63778	33.50232
메밀리	food	126.53227	33.49768
메밀애	food	126.26717	33.40194
메밀의고향	food	126.85581	33.51924
메세타	food	126.48020	33.48961
메쉬커피제주	cafe	126.52339	33.51742
메시	bar	126.52410	33.49967
메이네	stay	126.89865	33.49017
메이더카라반	stay	126.70668	33.55198
메이드	bar	126.53126	33.49921
메이릴리	stay	126.38747	33.45034
메이빈	shop	126.52381	33.51063
메이앤유제주점	shop	126.47575	33.48945
메이저호텔	stay	126.49103	33.48301
메이즈랜드	activity	126.80068	33.48872
메이크어베러	cafe	126.47556	33.47815
메이플	cafe	126.26736	33.38408
메이플에프앤비	food	126.52546	33.51689
메이플해피하우스	stay	126.26746	33.38395
메이회전초밥	food	126.57939	33.51444
메종	shop	126.48848	33.48609
메종다원	stay	126.64099	33.54376
메종드다채로움	shop	126.46867	33.48144
메종드롸루코	stay	126.74626	33.48446
메종드메이	stay	126.82884	33.54133
메종드쁘띠푸르	food	126.54343	33.49238
메종드쁘띠푸르	food	126.54306	33.49282
메종드쁘띠푸르	food	126.50206	33.48792
메종드쁘띠푸르연동점	food	126.48890	33.48561
메종드엠	shop	126.49066	33.47816
메종드우도	stay	126.95775	33.51314
메종드카페	cafe	126.52221	33.49953
메종메르미누제주	food	126.52782	33.51514
메종스테이지	food	126.48910	33.48611
메카	shop	126.52936	33.49893
메카나인	shop	126.48682	33.48979
메콩스카이	food	126.50204	33.49015
메타피씨방신제주점	activity	126.48356	33.48240
메탈리코	cafe	126.40578	33.42539
메트로쉬는팡	shop	126.46778	33.49331
메트로시티	shop	126.48992	33.48822
멕시카나	food	126.51281	33.50398
멕시카나도청점	food	126.50292	33.48735
멕시카나앤치킨더홈	food	126.58939	33.51700
멕시카나외도점	food	126.42726	33.48827
멕시카나월광로점	food	126.47306	33.49103
멕시카나치킨	food	126.53126	33.49921
멕시카나치킨	food	126.57648	33.45141
멕시카나치킨더홈	food	126.48586	33.48234
멕시카나치킨더홈하귀해안로점	food	126.39112	33.48430
멕시카나치킨연동점	food	126.49166	33.48619
멕시카나치킨용담점	food	126.51927	33.51161
멕시카나치킨이호도두점	food	126.46527	33.50441
멕시카나치킨하귀점	food	126.41010	33.48450
멕시카나치킨협재한림점	food	126.24054	33.39417
멕시카나치킨화북점	food	126.57304	33.51981
멘도롱또바기	shop	126.79837	33.55462
멘션에스	stay	126.32096	33.43985
멜로우	stay	126.37882	33.47134
멜로우	food	126.52050	33.49562
멜로우베이킹카페	cafe	126.67618	33.53394
멜로우스테이	stay	126.46093	33.44900
멜로우제주	shop	126.53423	33.48784
멜로우프루츠	cafe	126.53453	33.49613
멜론	bar	126.54096	33.50525
멜리데민박	stay	126.89410	33.51742
멜버즈	food	126.53610	33.48927
멜팅마운틴	food	126.53738	33.48600
멜팟	stay	126.31674	33.44037
멤버스당구클럽	activity	126.49135	33.48564
며느리밥상	food	126.54413	33.47905
면박사	food	126.50960	33.50827
면뽑는선생만두빚는아내	food	126.24972	33.39985
면사랑	food	126.53037	33.49734
면수동냉삼겹	food	126.53876	33.51190
면수동흑돼지	food	126.86463	33.52491
면아라	food	126.54347	33.47043
면역공방제주점	activity	126.46356	33.50323
면장댁	food	126.52999	33.49539
면주막	food	126.65707	33.47109
면차롱	food	126.24366	33.39627
면타발	food	126.52737	33.51183
명가낙지	food	126.24972	33.39985
명가돈까스	food	126.54751	33.50071
명가떡사랑	food	126.50817	33.50600
명가옥김치찜	food	126.53121	33.49719
명가일식	food	126.52885	33.51390
명가진숯불갈비	food	126.47872	33.49125
명가천지연무태장어	food	126.52720	33.47323
명경지수	stay	126.17110	33.32334
명규네식당	food	126.53888	33.51134
명금주단	shop	126.52831	33.51280
명당떡집	food	126.52781	33.49544
명당떡집용담점	food	126.51523	33.50705
명당양과	food	126.48494	33.48129
명당양과	food	126.47200	33.48557
명당양과구남점	food	126.53504	33.48900
명당양과내도점	food	126.44457	33.49370
명도암수다뜰	activity	126.61012	33.47232
명도암정담김밥	food	126.61090	33.46604
명도암정식	food	126.61060	33.46763
명도암참살이체험마을	activity	126.60631	33.46251
명도암해장국	food	126.60387	33.48522
명동	stay	126.52102	33.51734
명동손	food	126.52443	33.51071
명동식도락	food	126.26866	33.31893
명동안경	shop	126.51385	33.51027
명동왕만두	food	126.63539	33.53541
명동의류	shop	126.52481	33.51148
명동의류	shop	126.52572	33.51339
명동춘천닭갈비	food	126.43238	33.48709
명동춘천닭갈비인제점	food	126.54357	33.50191
명란	stay	126.49248	33.47694
명랑밥집식당	food	126.51834	33.51221
명랑부대찌개	food	126.47219	33.48501
명랑부대찌개애월점	food	126.32019	33.46469
명랑슈퍼	shop	126.53251	33.51672
명랑스낵	food	126.25876	33.40923
명랑쌀핫도그용	food	126.50948	33.51259
명랑한가	stay	126.26718	33.41379
명륜진사갈비	food	126.53885	33.50580
명륜진사갈비	food	126.47596	33.48866
명륜진사갈비삼화점	food	126.57571	33.51477
명륜진사갈비연동점	food	126.48456	33.48375
명륜진사갈비외도점	food	126.43135	33.48556
명리동식당	food	126.27043	33.31663
명리동식당세화점	food	126.84330	33.52748
명림슈퍼	shop	126.51786	33.49958
명문로열자담채	shop	126.48434	33.49416
명물	food	126.51695	33.51668
명배과자점	food	126.54245	33.49655
명빈중화요리	food	126.43067	33.48949
명빈중화요리연동점	food	126.49373	33.48598
명산운수	shop	126.69870	33.50129
명선식당	food	126.26594	33.42373
명성	bar	126.51278	33.50413
명성가신제주점	food	126.47083	33.47896
명성상회	shop	126.52738	33.51291
명성여관	stay	126.26534	33.41520
명성주방기구	shop	126.54602	33.50166
명성청과	shop	126.52925	33.49627
명승	stay	126.52533	33.51605
명신보석	shop	126.51954	33.51405
명신서적	shop	126.53470	33.50295
명신여관	stay	126.51997	33.49613
명왕성	bar	126.48969	33.48492
명원가떡집	food	126.53278	33.49530
명원민박	stay	126.94438	33.50712
명원보석	shop	126.53103	33.49621
명원약국	shop	126.53845	33.50550
명원텔레콤	shop	126.52567	33.51472
명월	bar	126.52011	33.50330
명월	shop	126.48317	33.48587
명월다락	stay	126.28321	33.37505
명월대	heritage	126.26621	33.38903
명월돌집민박	stay	126.26625	33.38678
명월로에서	stay	126.26743	33.38705
명월루나게스트하우스	stay	126.26433	33.39638
명월민박	stay	126.26591	33.38672
명월부르쓰	bar	126.26390	33.39606
명월성돌담집	stay	126.26414	33.40445
명월성지	heritage	126.26039	33.40075
명월아지트	food	126.26350	33.37780
명월여관	stay	126.48932	33.49063
명월온숨	stay	126.28226	33.37064
명월일기	stay	126.26283	33.39740
명월재	stay	126.28533	33.37403
명월캄	stay	126.26393	33.39638
명월편지	stay	126.26737	33.38474
명월한상	food	126.28209	33.37121
명이비인후과	shop	126.51953	33.50013
명인약국	shop	126.53454	33.48444
명인이영자옥돔	shop	126.47310	33.50521
명인일도횟집	food	126.54320	33.50299
명인장원삼계탕	food	126.63701	33.53567
명일전기사	shop	126.54268	33.49682
명자	food	126.31047	33.46233
명자네	food	126.49170	33.48712
명작숯불닭갈비	food	126.47408	33.47944
명전전기	shop	126.52016	33.50825
명주	food	126.53316	33.51230
명주의감성공방	shop	126.52721	33.50374
명지	food	126.26295	33.41770
명진농수산	shop	126.52679	33.51216
명진복권	activity	126.47355	33.48531
명진이네	food	126.52931	33.51219
명진전복	food	126.84945	33.53248
명천	food	126.85262	33.52343
명태골	food	126.53914	33.48959
명태골연동점	food	126.48860	33.47810
명태골제주	food	126.51997	33.49422
명태명가제주점	food	126.50202	33.49011
명품	bar	126.49085	33.48628
명품	shop	126.49368	33.48964
명품가구갤러리	shop	126.48628	33.49351
명품관	bar	126.48978	33.48720
명품구제살롱	shop	126.52496	33.50633
명품닭도리탕	food	126.49076	33.48491
명품닭칼국수	food	126.59757	33.48905
명품대게회타운	food	126.49360	33.49050
명품대구막창	food	126.49043	33.48558
명품사조참치	food	126.47655	33.48752
명품상회	shop	126.46625	33.50251
명품스토리	shop	126.49677	33.48659
명품애견	shop	126.52360	33.51013
명품전자담배	shop	126.48910	33.48611
명품전통육개장	food	126.48506	33.48533
명품제주점주	shop	126.49707	33.47919
명품치킨제주대점	food	126.55834	33.45054
명품한라봉	shop	126.48114	33.48113
명호	food	126.49490	33.48861
명희상회	shop	126.85710	33.52320
명희슈퍼	shop	126.43198	33.48691
명희식당	food	126.26056	33.32440
모나미스테이션제주	shop	126.47787	33.48676
모나미카페	cafe	126.48315	33.48411
모나코	bar	126.49553	33.48642
모나코호텔	stay	126.48916	33.48920
모네의숲	cafe	126.26799	33.33934
모네의숲민박	stay	126.26799	33.33934
모네의화원	food	126.49808	33.48131
모노	shop	126.53345	33.48813
모노가든	stay	126.30211	33.44844
모노로그제주점	shop	126.52463	33.51316
모노스테이	stay	126.83516	33.53899
모뉴에트	cafe	126.90229	33.49149
모뉴에트립	shop	126.90219	33.49146
모니카문	stay	126.75729	33.55572
모니카옛날통닭	bar	126.48905	33.49296
모니카플라워까페	cafe	126.54860	33.46737
모닝	stay	126.49222	33.49475
모닝글로리	shop	126.43200	33.48610
모닝베이커리	food	126.59515	33.48988
모닝제주식품	shop	126.26405	33.41612
모다	shop	126.52463	33.51316
모다들다	shop	126.52668	33.51266
모다뜰	stay	126.27824	33.42009
모다온	shop	126.56237	33.44575
모다정	food	126.85436	33.52556
모다정축산	shop	126.50977	33.50206
모닥모닥	bar	126.74401	33.55265
모닥식탁	food	126.81722	33.53136
모닥치기	food	126.53533	33.49560
모닥치기	food	126.53827	33.49111
모닥치기아라	food	126.54599	33.47533
모닥치기한라	food	126.47770	33.47682
모닥치기화북필마트점	food	126.57241	33.51474
모던그릴	food	126.52113	33.50453
모던돔베제주노형	food	126.48605	33.45713
모던뽀이	bar	126.52892	33.49951
모던스테이	stay	126.52818	33.50144
모던쿠반	food	126.52453	33.51376
모던하우스가구	shop	126.51582	33.51069
모데	shop	126.28248	33.40969
모델라인	bar	126.48368	33.48625
모도리네집	food	126.47084	33.48281
모두다북카페	shop	126.54744	33.47532
모두다협동조합	shop	126.53826	33.50522
모두락화로구이	food	126.58517	33.52154
모두모두	bar	126.54478	33.50447
모두모여	bar	126.46986	33.48384
모두스포츠센터	activity	126.53565	33.49154
모두아	food	126.17966	33.30269
모두의제주	food	126.19284	33.36250
모드니	shop	126.52735	33.51225
모드니	bar	126.26452	33.41306
모드니케이크	food	126.53516	33.49124
모드락풀하우스	stay	126.62350	33.51908
모드엘	shop	126.54350	33.50298
모든의료기	shop	126.55714	33.51470
모든일렉	shop	126.42018	33.48532
모든일이술술술	food	126.52525	33.50656
모든중고	shop	126.48099	33.49339
모들공간	stay	126.79396	33.55638
모들모들	cafe	126.58408	33.51975
모들장난감세상	shop	126.54484	33.49083
모들채	stay	126.20799	33.35993
모들팬션	stay	126.63991	33.54683
모들한상	food	126.34699	33.45538
모디카	food	126.26759	33.41081
모라도제주	shop	126.52449	33.51474
모락모락왕만두	food	126.51445	33.50033
모란	stay	126.86641	33.51558
모란각	bar	126.51747	33.51529
모란봉	bar	126.49516	33.48948
모란이피기까지	cafe	126.86641	33.51558
모란카페	bar	126.52811	33.50182
모랑모랑	food	126.33039	33.43591
모랑모랑민박	stay	126.33039	33.43591
모래비	stay	126.79603	33.55552
모래비커피팩토리	cafe	126.79603	33.55552
모래시계	cafe	126.52431	33.51092
모래알	cafe	126.24083	33.39452
모렐로제주	food	126.51683	33.50422
모리	food	126.54256	33.47024
모리	food	126.37320	33.47643
모리노아루요	food	126.40111	33.41870
모리노카메	food	126.53592	33.48898
모리노코	shop	126.52068	33.50617
모리노코에	shop	126.53436	33.48708
모리다락방	stay	126.21139	33.33781
모리스테이	stay	126.28197	33.42106
모먼트	shop	126.53643	33.49215
모먼트이루다	cafe	126.54319	33.46999
모먼트클럽	shop	126.54130	33.49912
모먼트테니스	activity	126.54130	33.49912
모메존	food	126.47054	33.50425
모메존감자탕	food	126.26799	33.41135
모메존아로마	shop	126.49020	33.48571
모멘터리커피	cafe	126.75372	33.55645
모멘토	food	126.49050	33.48675
모모	shop	126.52943	33.49882
모모	shop	126.48808	33.48685
모모닭강정	food	126.47355	33.48678
모모별장	stay	126.17693	33.33562
모모정	bar	126.51997	33.51405
모모제이	cafe	126.54873	33.47612
모모찌	cafe	126.79419	33.55639
모모케이	bar	126.26363	33.41737
모모토세	food	126.59281	33.52957
모몽더티하우스	cafe	126.18405	33.34976
모물민박	stay	126.30821	33.45242
모믈고팡	food	126.52040	33.51278
모미국수	food	126.53647	33.51409
모바일제주	shop	126.50117	33.48489
모바일플래너	shop	126.52211	33.49954
모벨리안	shop	126.47843	33.47614
모비딕	stay	126.82690	33.54053
모산봉	food	126.75214	33.55497
모살물	food	126.49453	33.49159
모살물	food	126.49441	33.49046
모살발회관	shop	126.23620	33.39040
모살밭회관	shop	126.23620	33.39040
모살왓토종닭	food	126.18140	33.34469
모서리샵	shop	126.47631	33.48621
모수	food	126.49078	33.48461
모스트	cafe	126.48712	33.48374
모스트비	shop	126.44849	33.46038
모슬	stay	126.29829	33.36060
모슬포고등어	food	126.47260	33.47892
모슬포해물농산	food	126.49975	33.48818
모슬포해안도로	food	126.49471	33.48485
모슬포흥농친환경	shop	126.49672	33.48431
모시란	cafe	126.54687	33.49811
모심청국장	food	126.49493	33.49063
모아	bar	126.49068	33.48968
모아	shop	126.54166	33.50818
모아	shop	126.52463	33.51316
모아나서프	activity	126.51417	33.50388
모아나제주	activity	126.18366	33.34844
모아나카페	cafe	126.54280	33.50277
모아니스테이	stay	126.17224	33.33065
모아당구장	activity	126.48922	33.48874
모아샵	shop	126.49427	33.49181
모아온	shop	126.53418	33.50255
모아주점	bar	126.53046	33.49777
모알보알	cafe	126.72795	33.55956
모앙	food	126.54734	33.47594
모어댄	shop	126.53022	33.49819
모어댄댓	food	126.54749	33.47593
모어모어	cafe	126.87572	33.52915
모에제주점	shop	126.54114	33.49051
모여라신발마트	shop	126.52772	33.51219
모월모일	stay	126.19539	33.35826
모으다	stay	126.90183	33.50814
모음집	stay	126.44603	33.45112
모음해장국	food	126.54004	33.51579
모이네노래텔	bar	126.52288	33.50007
모이라	bar	126.49081	33.48514
모이라호텔	stay	126.44065	33.45003
모이모이	stay	126.29032	33.43868
모이몰른신제주점	shop	126.48372	33.47384
모이몰른제주지하	shop	126.52463	33.51316
모이세	food	126.53699	33.49334
모이세	food	126.52221	33.51208
모이세신제주로타리점	food	126.49755	33.49086
모이세카페	cafe	126.48839	33.49019
모이세해장국	food	126.48839	33.49019
모이세해장국	food	126.47402	33.49035
모이세해장국	food	126.50514	33.48171
모이세해장국	food	126.70190	33.45902
모이세해장국무근성점	food	126.52000	33.51551
모이소	shop	126.48853	33.48710
모이자	bar	126.52358	33.49641
모이자	bar	126.54091	33.50675
모이패션	shop	126.54195	33.49352
모임터	food	126.48436	33.49304
모자트럭	shop	126.54185	33.51309
모진이몽돌해변	beach	126.33460	33.94570
모찌롱	food	126.52188	33.51213
모찌마루	food	126.49795	33.50359
모충사	heritage	126.54552	33.51614
모코지	food	126.53833	33.48872
모텔굿나잇	stay	126.52352	33.51653
모텔준	stay	126.52373	33.49939
모토라드제주	shop	126.53880	33.49630
모토이시연동점	food	126.49085	33.48628
모토이시제주	food	126.52935	33.49828
모퉁이	shop	126.32053	33.46424
모퉁이돌집민박	stay	126.32965	33.44152
모퉁이를비추는해	bar	126.54779	33.47518
모퉁이식당	food	126.48386	33.48774
모퉁이에머릿돌	food	126.49313	33.49103
모퉁이옷장	shop	126.52042	33.51201
모퉁이작은집	stay	126.19973	33.36428
모퉁이집	food	126.43171	33.48730
모트	food	126.66459	33.54090
모티브	shop	126.49105	33.48603
모티브	shop	126.51071	33.46853
모플러스	shop	126.47137	33.48206
모하우스	stay	126.33841	33.46502
모험담	stay	126.78571	33.51616
모흘	stay	126.25981	33.39919
목간집	food	126.26130	33.41377
목단초	shop	126.52304	33.48929
목련민박	stay	126.40889	33.46057
목마른거북이	food	126.52733	33.51612
목마조랑말뼈해장국	food	126.51661	33.49968
목수현장	food	126.43070	33.49041
목장스테이	stay	126.67972	33.43178
목촌돼지국밥연동점	food	126.49039	33.48088
목커리칼국수	food	126.33169	33.46843
목포세발낙지	food	126.52493	33.51631
목향	bar	126.52777	33.50178
목향플라워카페	shop	126.47407	33.48569
목화	bar	126.53160	33.50084
목화	shop	126.54122	33.50922
목화수반	shop	126.53332	33.51297
목화식당	food	126.30840	33.45005
목화이불	shop	126.52468	33.51178
목화이불	shop	126.52831	33.51280
몬난이네장어구이	food	126.48461	33.48307
몬데이	cafe	126.48194	33.48807
몬딱	shop	126.51970	33.51235
몬딱게스트하우스	stay	126.85246	33.51919
몬딱배지근	food	126.27009	33.31738
몬딱왕	food	126.95749	33.51343
몬딱혼디모아	shop	126.79436	33.55650
몬스터	shop	126.48682	33.48979
몬스터살롱	food	126.30724	33.44828
몬스터커피제주	cafe	126.47930	33.48453
몬트락교육	shop	126.49264	33.49062
몰돗	food	126.65780	33.54359
몰랑	food	126.52286	33.50799
몰랑몰랑	food	126.48172	33.48163
몰랑몰랑신제주점	shop	126.49427	33.48961
몰랑이키즈펜션	stay	126.79405	33.55473
몰래물밥상	food	126.46370	33.50416
몰리노데비엔토	food	126.16564	33.33598
몰방애	stay	126.19829	33.33372
몰이네	food	126.53835	33.48604
몰틀리	bar	126.47843	33.49105
몸건강해	shop	126.53512	33.48473
몸냥공작소	shop	126.39742	33.43112
몸냥스테이	stay	126.69775	33.54931
몸냥이자카야	food	126.52895	33.49888
몸생각	food	126.58138	33.52081
몸에조은국수	food	126.53237	33.51342
못거리가든	food	126.27793	33.39303
못난이	food	126.47482	33.48703
못난이꽈배기제주	food	126.54023	33.49241
못난이꽈배기제주삼화점	food	126.57544	33.51443
못난이찹쌀꽈배기제주	food	126.48114	33.47884
못동네	food	126.52695	33.48743
몽	stay	126.69054	33.54818
몽구슬	stay	126.29076	33.40811
몽그레	cafe	126.79270	33.55957
몽그레제주	cafe	126.46077	33.50005
몽달	food	126.31195	33.41451
몽데	food	126.25408	33.30706
몽돌	food	126.43187	33.49016
몽돌	food	126.29711	33.96366
몽돌마켓	shop	126.69259	33.46509
몽돌바당민박	stay	126.43950	33.49470
몽돌제주	food	126.52977	33.49729
몽듀호텔	stay	126.48454	33.51269
몽라브	cafe	126.52761	33.46679
몽마르뜨블루팜민박	stay	126.35064	33.47043
몽마르지	food	126.48103	33.49104
몽블랑민박	stay	126.35087	33.47016
몽상의정원	cafe	126.56458	33.52450
몽생	food	126.26096	33.41395
몽생이	food	126.26050	33.32462
몽생이민박	stay	126.24690	33.39444
몽생이스테이	stay	126.24675	33.39413
몽생이의류	shop	126.85605	33.52322
몽생이제주	shop	126.48821	33.48157
몽슈슈키즈카페	activity	126.43071	33.48689
몽실이	stay	126.33373	33.40973
몽실이네	food	126.26456	33.41489
몽중인	stay	126.52399	33.51628
몽캐는책고팡	shop	126.34914	33.45552
몽케당	stay	126.64977	33.54750
몽켈락	food	126.48529	33.45854
몽코실하우스	stay	126.48074	33.46664
몽크커피	cafe	126.53759	33.50597
몽키즈	stay	126.67601	33.42290
몽티죠	cafe	126.53276	33.51456
뫼오름	food	126.53813	33.51086
묘한구석	food	126.52455	33.51666
묘한식당	food	126.26213	33.32262
묘함	food	126.48770	33.48499
무	stay	126.18458	33.33849
무감각	stay	126.86834	33.52203
무거버거	food	126.65511	33.54922
무거카라반	stay	126.65491	33.54880
무공간	stay	126.79729	33.55414
무공돈까스제주	food	126.53432	33.49460
무궁화	food	126.53165	33.49787
무궁화	stay	126.51935	33.51104
무근성슈퍼	shop	126.51946	33.51645
무근성양과점	food	126.52121	33.51465
무냐무냐구제주점	shop	126.54387	33.49271
무념무상	stay	126.16928	33.32253
무노스테이	stay	126.75522	33.55200
무노테이블	stay	126.75522	33.55200
무드	food	126.48202	33.49588
무드인디고	stay	126.87911	33.52887
무드인디고	shop	126.52911	33.50031
무등소갈비제주지사	food	126.54993	33.49931
무디타제주	stay	126.38399	33.46950
무디타제주	stay	126.38361	33.46942
무뚱	food	126.23790	33.30273
무로이제과점	food	126.52662	33.51183
무료히	shop	126.52354	33.51008
무르무르	cafe	126.48824	33.48973
무릇	stay	126.24201	33.30739
무릉과일농장	shop	126.34963	33.46614
무명서점	shop	126.17970	33.30333
무명아래	bar	126.67674	33.53882
무무	cafe	126.71099	33.45810
무무	shop	126.54387	33.49271
무무림	stay	126.37811	33.41793
무무별장	stay	126.88597	33.51036
무병장수테마파크	activity	126.36082	33.39546
무보	stay	126.23231	33.38823
무사	stay	126.57591	33.52626
무상전기	shop	126.31083	33.44338
무상찻집	cafe	126.51439	33.50099
무수별장	stay	126.43852	33.46022
무수천	nature	126.44705	33.46277
무수천골프	activity	126.44207	33.45744
무수천마트	shop	126.44438	33.46073
무수히	stay	126.43813	33.49525
무슈부부커피스탠드관덕정	cafe	126.52158	33.51296
무슈부부커피스탠드오리진	cafe	126.85724	33.52316
무스비	bar	126.53710	33.48984
무스탕	bar	126.49175	33.48818
무시로	food	126.52914	33.49817
무아	cafe	126.54288	33.49437
무아별장	stay	126.87816	33.49762
무아오늘의요리	bar	126.53755	33.49642
무암돈	food	126.67726	33.43678
무암돈연동점	food	126.49164	33.49031
무열이네	food	126.48743	33.48876
무용담	bar	126.51327	33.51562
무우수커피로스터스	cafe	126.63836	33.53780
무우와	food	126.29711	33.36007
무위의공간	stay	126.26769	33.32260
무유리	shop	126.53915	33.48403
무이	shop	126.54246	33.47488
무이비엔	stay	126.82337	33.53504
무이재	stay	126.66019	33.54422
무이카	cafe	126.48134	33.48058
무인카페	bar	126.53688	33.50378
무인카페서반	cafe	126.53876	33.51238
무인카페솔정	cafe	126.83874	33.53360
무인텔포유	stay	126.37962	33.39884
무자크	shop	126.52463	33.51316
무정해장국	food	126.49352	33.49077
무제	cafe	126.52824	33.51209
무제	shop	126.62060	33.53671
무제	stay	126.19384	33.34454
무조건노래연습장	activity	126.47358	33.48255
무조건오늘은고기다	bar	126.52894	33.49640
무조리실	food	126.29559	33.44317
무조리실	activity	126.30030	33.44054
무주	bar	126.52011	33.50217
무주애	stay	126.79786	33.55461
무지개	bar	126.53137	33.50078
무지개	shop	126.51019	33.50848
무지개다리도우미	shop	126.52606	33.51617
무지개마트	shop	126.58628	33.52303
무지개마트인화점	shop	126.54172	33.50905
무지개맥주서사라점	bar	126.52032	33.50009
무지개맥주제주일도	bar	126.54277	33.50193
무지개문구	shop	126.51507	33.50850
무지개민박	stay	126.29446	33.96103
무지개밥상	food	126.47606	33.50909
무지개소정	food	126.53999	33.50598
무지개슬라임	shop	126.47880	33.49182
무지개승마장	activity	126.69871	33.45932
무지개약국	shop	126.57526	33.51475
무지개제주	shop	126.48808	33.48685
무지개플러스마트	shop	126.57487	33.51443
무지게스트하우스	stay	126.30577	33.44704
무진장	stay	126.52127	33.51421
무진장오라점	food	126.51366	33.49919
무청감자탕제주	food	126.54270	33.49153
무크	shop	126.26462	33.41985
무크	shop	126.52631	33.51429
무크제주	shop	126.54087	33.49072
무트스테이	stay	126.38196	33.46980
무판	food	126.51683	33.50422
무한의서커피로스터스	cafe	126.25513	33.40461
무한정	food	126.46380	33.50346
무한조개야	food	126.47925	33.48768
무한질주	bar	126.52950	33.49913
무호소반	food	126.26170	33.41411
무화과한입	cafe	126.56285	33.52231
무화과한입	food	126.52740	33.51508
묵리슈퍼	shop	126.31539	33.94508
묵묵기프트	food	126.55013	33.47757
묵석원	shop	126.49111	33.48857
묵털리대구막창	food	126.54449	33.50609
문	bar	126.49085	33.48628
문	shop	126.43069	33.49001
문가스테이	stay	126.50517	33.51530
문개	food	126.95715	33.51418
문개항아리스톤하우스	stay	126.65254	33.54215
문개항아리애월점	food	126.39244	33.48578
문개항아리조천	food	126.64400	33.55349
문갤러리	food	126.52684	33.50220
문게야	food	126.54354	33.51187
문경회센타	food	126.54526	33.47654
문교	shop	126.49192	33.47898
문교화옥민박	stay	126.86796	33.52210
문도	food	126.53792	33.50511
문도지오름	nature	126.29447	33.32682
문동일셰프녹차고을	food	126.41310	33.48187
문동일셰프의케이터링	food	126.41310	33.48187
문득그집	stay	126.26322	33.37350
문라이트	bar	126.49035	33.48938
문릿	stay	126.22722	33.33543
문문	stay	126.74850	33.54716
문문선	food	126.52521	33.46742
문박민박	stay	126.41248	33.45838
문북유통	shop	126.34456	33.43523
문비버라이어티스토어	shop	126.79654	33.55543
문빛	bar	126.53085	33.50349
문빠앤카페	food	126.49100	33.47968
문삼	food	126.53246	33.49859
문서프	activity	126.30840	33.45005
문섬횟집	food	126.48507	33.48458
문성반점	food	126.48719	33.48468
문성수퍼	shop	126.52794	33.50331
문세끼	food	126.50280	33.51193
문수동그디	stay	126.28351	33.38478
문수연코오롱스포츠	shop	126.52531	33.51500
문순이민박	stay	126.96419	33.51196
문스톤	stay	126.79668	33.55342
문어빵빵	food	126.26448	33.41442
문어양식장	food	126.24428	33.39589
문워크	stay	126.21430	33.37691
문제요	shop	126.56646	33.51842
문제요	shop	126.47189	33.49416
문종진	shop	126.50936	33.48213
문즈	cafe	126.51795	33.49715
문하우스민박	stay	126.51382	33.46468
문화	stay	126.54079	33.51435
문화게스트하우스	stay	126.50639	33.51405
문화공작소몽마르카부덴	activity	126.45801	33.45133
문화상회	shop	126.52824	33.51209
문희	food	126.52388	33.50629
문희영해물아구찜신제주점	food	126.47901	33.48869
물	bar	126.49626	33.49261
물개수산	shop	126.54648	33.50188
물개회센타	food	126.54648	33.50188
물결그림	stay	126.65957	33.54445
물고기세상	food	126.54190	33.47466
물고기자리게스트하우스민박	stay	126.33775	33.46674
물고기집	food	126.48886	33.47816
물꼬해녀의집	food	126.94983	33.51869
물댄동산	stay	126.22091	33.31076
물돌이	stay	126.32667	33.94513
물동이	food	126.49678	33.48635
물드리	stay	126.28041	33.44219
물드리네	activity	126.22695	33.32274
물든	food	126.52964	33.51531
물때식당	food	126.29512	33.96097
물레방아	shop	126.70268	33.47962
물망초	bar	126.53140	33.50127
물멍쉬멍	stay	126.84342	33.53325
물메공방	shop	126.39673	33.46381
물메랑민박	stay	126.39119	33.47207
물메잡곡	shop	126.38480	33.46731
물뫼힐링팜	activity	126.39657	33.46427
물방울	bar	126.52436	33.49958
물방포차	bar	126.53296	33.50904
물소리	bar	126.54243	33.50210
물오름노래타운	bar	126.26363	33.41589
물음표	cafe	126.51898	33.50429
물음표	bar	126.49245	33.48699
물음표	bar	126.49433	33.48617
물팡과허벅	bar	126.48505	33.48555
물푸레나무	shop	126.44544	33.46375
물항식당	food	126.52908	33.51692
뭉노래연습장	activity	126.43028	33.48783
뭉스테이블	food	126.54372	33.46932
뭉실몽실	cafe	126.53765	33.48818
뭉치맘	shop	126.75142	33.55513
뭉치소주방	bar	126.52531	33.50684
뭉크	food	126.49373	33.48598
뭉클	stay	126.69054	33.54818
뮌헨	bar	126.47290	33.48542
뮤	shop	126.43170	33.48939
뮤렌	cafe	126.67607	33.49388
뮤즈	shop	126.52872	33.49876
뮤즈	bar	126.53684	33.50493
뮤즈모텔	stay	126.48774	33.48925
뮤지엄엔	food	126.52913	33.50023
뮤직랜드	shop	126.53643	33.49215
뮤직박스	bar	126.47928	33.48702
뮤직박스	bar	126.49149	33.48770
뮤직박스노래타운앤드가요리믹스	bar	126.54299	33.50286
뮤직뱅크	bar	126.48518	33.48167
뮤직뱅크코인노래연습장	activity	126.52936	33.49893
뮤직코인노래연습장	activity	126.49170	33.48712
뮤직콜	bar	126.52965	33.49923
뮤직타워	bar	126.48512	33.48580
뮤직피드	shop	126.46589	33.50327
뮤커피	cafe	126.43310	33.48842
뮤트톤	shop	126.54138	33.49065
뮤튼	shop	126.52880	33.49750
므은드레디저트공방	food	126.54313	33.49476
미	shop	126.52463	33.51316
미가	food	126.51934	33.51115
미가구할인매장	shop	126.51693	33.51114
미가네코	food	126.54210	33.50994
미가람	bar	126.52424	33.49896
미가포차	food	126.52377	33.50771
미건돌흙침대제주점	shop	126.51969	33.50615
미경이네포차	bar	126.52312	33.50595
미광	bar	126.52802	33.50342
미교	shop	126.49057	33.47992
미국식제주점	food	126.48003	33.49005
미깡밭디	shop	126.48858	33.47730
미깡제주	shop	126.66080	33.54031
미깡창고	activity	126.44526	33.46051
미나김밥	food	126.51764	33.50064
미나리	food	126.49570	33.49058
미나상	food	126.49191	33.48809
미나통신	shop	126.53030	33.50373
미녀	food	126.53152	33.51463
미녀들의수다	shop	126.52463	33.51316
미노우	food	126.52867	33.51313
미노하우스	stay	126.33433	33.45711
미뉴얼	shop	126.52692	33.51427
미니	bar	126.52008	33.51381
미니디자인	shop	126.51508	33.50573
미니마리	shop	126.52508	33.51332
미니마트	shop	126.52435	33.49845
미니모터스제주	shop	126.47330	33.48120
미니박스	shop	126.52894	33.49640
미니쁨	food	126.47448	33.48147
미니상점	shop	126.52463	33.51316
미니상점	shop	126.54068	33.49090
미니세라	shop	126.52742	33.47332
미니소다갤러리	shop	126.22807	33.33753
미니식당	food	126.53527	33.50699
미니아트	shop	126.51371	33.50072
미니핏다이어트	cafe	126.62062	33.53372
미닝	cafe	126.27749	33.44065
미담	food	126.21371	33.37452
미담뷰티연구소	shop	126.47376	33.48521
미담상회	shop	126.19200	33.30728
미도락	food	126.52747	33.51495
미도리애티튜드	shop	126.26687	33.40816
미도리제주	food	126.43041	33.48841
미도리제주민박	stay	126.28120	33.42300
미도스테이	stay	126.39772	33.44582
미도신발	shop	126.52502	33.51183
미도인제주	food	126.49596	33.50594
미도컴퍼니미센스	shop	126.48184	33.48244
미도컴퓨터	shop	126.47721	33.49166
미드나잇써니	bar	126.51494	33.50991
미드나잇코티지	stay	126.86077	33.52478
미듬	food	126.58956	33.51128
미듬	shop	126.48037	33.47609
미듬민속떡집	food	126.54659	33.47190
미듬수산	shop	126.52422	33.50550
미디어라운지배트	bar	126.52146	33.51118
미라지가구제주	shop	126.45725	33.46752
미라클	bar	126.26477	33.41660
미라클	bar	126.48774	33.48455
미라클	stay	126.41134	33.47720
미락칼국수	food	126.50415	33.47304
미란다	food	126.26325	33.41579
미래	activity	126.51450	33.50661
미래골프클럽	activity	126.42141	33.42975
미래꽃집	shop	126.53801	33.51459
미래네분식	food	126.47521	33.48459
미래민박	stay	126.42165	33.48525
미래소방	shop	126.56703	33.52155
미래약국	shop	126.51953	33.50013
미래에스코	shop	126.77227	33.50536
미래온	shop	126.39643	33.45663
미래유통	food	126.54610	33.49312
미래유통	shop	126.53938	33.49662
미래유통	shop	126.48132	33.49198
미래자산개발	stay	126.52678	33.51745
미래전자	shop	126.48079	33.48818
미래전자저울	shop	126.51625	33.51085
미래정보통신	shop	126.53466	33.50741
미래주방기구	shop	126.51713	33.49266
미래통신	shop	126.43113	33.48798
미래하우스민박	stay	126.47107	33.50813
미래휘트니스	activity	126.41496	33.48673
미레이나	bar	126.18255	33.35241
미로청소년게임제공업	activity	126.80110	33.48916
미루네	food	126.54406	33.49133
미루네닭숯불구이삼화점	food	126.57937	33.51634
미륭	stay	126.53955	33.51781
미르	shop	126.26485	33.41443
미르	food	126.52687	33.49691
미르게스트하우스	stay	126.51062	33.51283
미르담	cafe	126.50372	33.51095
미르오메기떡	food	126.52883	33.50595
미르의언덕	cafe	126.66218	33.54518
미리내당구장	activity	126.46745	33.48403
미리내분식	food	126.52152	33.47867
미리로	food	126.44851	33.49762
미림한복	shop	126.52831	33.51280
미립공간	food	126.47767	33.48338
미맥스튜디오	shop	126.51048	33.50524
미묘	food	126.54190	33.49392
미미	bar	126.40063	33.47998
미미끄	cafe	126.42770	33.49047
미미네빵	food	126.53379	33.50256
미미당제주	bar	126.52887	33.49960
미미래	bar	126.51254	33.51186
미미록	food	126.40597	33.48477
미미빈티지	shop	126.47680	33.49221
미미앤코	shop	126.52118	33.51797
미미어스식당	food	126.85825	33.51348
미미어스제주	stay	126.85825	33.51348
미미정	bar	126.53124	33.49859
미미플라워	shop	126.52907	33.49969
미번베트남쌀국수	food	126.26136	33.41473
미보삿뽀로참치	food	126.48731	33.48269
미보식당	food	126.51344	33.49923
미복	food	126.49124	33.48676
미복패션	shop	126.52731	33.51258
미본라이프	shop	126.52738	33.51269
미봉주	stay	126.25028	33.38003
미뷰티샵	shop	126.50348	33.51237
미비포유플라워	shop	126.53801	33.49320
미쁨김밥	food	126.58927	33.51112
미사	shop	126.49098	33.48799
미사체험	activity	126.48774	33.47162
미상	food	126.32160	33.46433
미샤	shop	126.52463	33.51316
미샤신제주점	shop	126.48897	33.48154
미샤아울렛제주점	shop	126.54177	33.49091
미선이네집	shop	126.52463	33.51316
미선화장품	shop	126.55289	33.50149
미성	food	126.51790	33.51135
미성	bar	126.52348	33.49952
미세스테라	cafe	126.54647	33.48721
미센스제주	shop	126.54097	33.49042
미센스제주	shop	126.52463	33.51316
미소	stay	126.52378	33.51342
미소	bar	126.48457	33.48142
미소	cafe	126.51843	33.51277
미소	bar	126.40520	33.48189
미소	bar	126.49081	33.48514
미소가김밥	food	126.53981	33.50919
미소담	food	126.53607	33.47682
미소담민박	stay	126.30944	33.45244
미소담은소	food	126.52486	33.49916
미소미소	shop	126.52323	33.50993
미소신발	shop	126.26484	33.41551
미소약국	shop	126.47668	33.48884
미소정	food	126.65668	33.47394
미소진힐링샵	shop	126.26484	33.41551
미소텔레콤	shop	126.82176	33.53239
미송가구	shop	126.51670	33.51088
미송식탁	food	126.49569	33.49042
미쇼니분식	food	126.47586	33.48390
미술관	bar	126.52783	33.50142
미술을즐기는사람들제주공방	shop	126.40786	33.48501
미술카페쌤	cafe	126.26005	33.33264
미쉘	shop	126.52463	33.51316
미스김녕	stay	126.74896	33.55501
미스단란주점	bar	126.48243	33.48463
미스등갈비제주점	food	126.47535	33.48806
미스떼르	shop	126.39875	33.45935
미스유얼웨이즈	cafe	126.87894	33.52081
미스칠	food	126.48337	33.49395
미스칸트	shop	126.52463	33.51316
미스터밀크송당	food	126.73280	33.43546
미스터브라더스	shop	126.49022	33.48602
미스터빠삭제주외도점	food	126.42917	33.49344
미스터스위츠	bar	126.51415	33.50099
미스터짱닭	food	126.52991	33.49791
미스터킴팝	food	126.47898	33.48398
미스터피자신제주점	food	126.49010	33.48307
미스터피자제주	food	126.52521	33.51359
미스터피자제주	food	126.52946	33.49975
미스트롯	bar	126.51269	33.50144
미스트롯칠공팔공단란주점	bar	126.26499	33.41175
미스황	bar	126.52000	33.49757
미시	shop	126.52463	33.51316
미식	food	126.43802	33.45540
미식가	food	126.16450	33.30824
미쓰고	food	126.43030	33.49341
미쓰김	bar	126.52690	33.49978
미쓰라	bar	126.54347	33.50207
미쓰신아강발	food	126.54267	33.50298
미쓰홍당무하우스	stay	126.83678	33.52919
미아	stay	126.61740	33.53734
미아로마	shop	126.52545	33.50467
미애분식	food	126.51871	33.50431
미애수다뜰농촌교육농장	food	126.25870	33.34081
미앤멍강아지분양제주점	shop	126.47815	33.48151
미앤힐링	shop	126.51008	33.46927
미야우제주	shop	126.53461	33.49478
미야의뜰	stay	126.50704	33.51338
미양양	food	126.52739	33.49479
미어필	shop	126.51291	33.50640
미엘드세화	cafe	126.86185	33.52455
미영이네	food	126.62282	33.53914
미영포차	food	126.48081	33.48973
미온당	food	126.25247	33.32592
미와	food	126.85710	33.52320
미완스테이	stay	126.84335	33.53115
미요	shop	126.53401	33.48906
미우	food	126.54474	33.49403
미우재	food	126.52650	33.49623
미월	stay	126.78835	33.47205
미음	stay	126.27208	33.32077
미인궁	bar	126.51590	33.50872
미인빵	food	126.54427	33.47256
미인화장품	shop	126.47983	33.49178
미자네옷장	shop	126.85730	33.52619
미자뷔페	food	126.85427	33.52542
미정	cafe	126.53991	33.48940
미정은화수식당	food	126.53970	33.48805
미정이네꺼멍돗괴기	food	126.26884	33.41543
미정이네식당	food	126.50310	33.51227
미조아일랜드	shop	126.66461	33.54147
미주네	food	126.26436	33.41355
미주보석	shop	126.49041	33.48911
미주산업	stay	126.49605	33.48409
미주솔루션	shop	126.53269	33.50067
미주커피앤케이크	cafe	126.53080	33.50381
미주프루츠	food	126.26604	33.40756
미쥬	shop	126.48345	33.48169
미즈나인샵연동점	shop	126.49090	33.48821
미지	bar	126.49180	33.48769
미지식품	shop	126.51371	33.51079
미지의세계	shop	126.52294	33.50981
미진	food	126.26171	33.41582
미진수산	shop	126.52747	33.51229
미진야채	shop	126.47489	33.49724
미짬뽕	food	126.48683	33.48930
미친부엌	food	126.52317	33.51703
미친부엌신제주점	food	126.48671	33.48555
미친참치	food	126.52013	33.50566
미카사	stay	126.37776	33.48386
미캉산도	food	126.52824	33.51209
미코	bar	126.48937	33.47846
미쿠니	cafe	126.58964	33.52911
미크라트	cafe	126.27298	33.41697
미타	shop	126.48208	33.48170
미태리제주보성	food	126.52757	33.50321
미태리파스타제주	food	126.48435	33.48386
미토	shop	126.52893	33.49245
미트충전소제주점	shop	126.53914	33.51164
미트타운	food	126.39132	33.47905
미포집제주애월점	food	126.39088	33.48904
미품당	shop	126.24720	33.39896
미풍외도점무한정해장국	food	126.43006	33.48484
미풍정	food	126.52304	33.51131
미풍정식당	food	126.52304	33.51130
미풍해장국	food	126.52284	33.51123
미풍해장국	food	126.58760	33.49331
미풍해장국광령점	food	126.44248	33.46116
미풍해장국구좌세화점	food	126.85463	33.52570
미풍해장국연동점	food	126.48960	33.48923
미풍해장국일도베라체점	food	126.54912	33.49396
미풍해장국제주항점	food	126.53308	33.51697
미풍해장국코스모스점	food	126.49694	33.48549
미하이	bar	126.48414	33.48457
미화족발	food	126.56636	33.52182
믹스믹스	bar	126.52133	33.50005
믹스존	shop	126.52968	33.49911
민가네가정식뷔페	food	126.53321	33.50185
민건몰	shop	126.39698	33.47476
민건이네식당	food	126.43733	33.46041
민경이네	food	126.23108	33.40645
민경이네어등포해녀촌	food	126.82575	33.55374
민경코사마트	shop	126.52723	33.49726
민교네옷장	shop	126.52440	33.51109
민농수산물	shop	126.56066	33.51740
민들레	food	126.49612	33.49304
민들레	shop	126.26525	33.41591
민들레민박	stay	126.66495	33.53938
민들레여사	food	126.65997	33.52625
민물장어정육식당도련올레	food	126.58246	33.49870
민박	stay	126.67397	33.54380
민박바당집	stay	126.24249	33.39640
민박사봉평막국수	food	126.58748	33.52051
민박사봉평막국수교래점	cafe	126.68061	33.43709
민박집섶낭	stay	126.24408	33.39208
민박하얀집	stay	126.24234	33.39638
민비네꼬꼬총각	food	126.51908	33.50035
민석유통	shop	126.65997	33.52625
민선푸드	food	126.57231	33.51978
민성상사	shop	126.55311	33.50379
민성약국	shop	126.54575	33.47501
민성이네과일가게	shop	126.54209	33.50423
민성이네식당	food	126.48677	33.49237
민속감자탕	food	126.49453	33.49145
민속감자탕별관	food	126.49368	33.48964
민속과자	shop	126.47257	33.49180
민스마켓	food	126.94395	33.50244
민스포츠	shop	126.47938	33.49269
민시스템	shop	126.54439	33.48322
민영	food	126.52832	33.50321
민영화장품	shop	126.54058	33.50640
민우네왕갈비탕	food	126.52212	33.46343
민자식당	food	126.52824	33.51209
민재네황태	food	126.49499	33.49047
민준이네	food	126.49998	33.48793
민타이	food	126.47776	33.48355
민턴라이프	shop	126.54220	33.50853
민트	bar	126.52298	33.51682
민트	shop	126.43387	33.48901
민트게스트하우스	stay	126.51477	33.50042
민트블라썸	shop	126.52364	33.51037
민트스테이	stay	126.52028	33.51393
민트약국	shop	126.47714	33.48430
민티하우스	stay	126.79831	33.55271
민하	food	126.52287	33.49952
민하민박	stay	126.44585	33.46394
민하우스	stay	126.52513	33.47696
민한우정육식당	food	126.42865	33.49303
민희옷집	shop	126.47489	33.49724
믿음	shop	126.54531	33.47288
믿음건강원	shop	126.38182	33.47637
믿음수산	shop	126.76331	33.55934
믿음텔레콤	shop	126.54284	33.50461
밀	shop	126.52936	33.49893
밀	shop	126.52463	33.51316
밀	food	126.54203	33.51017
밀	shop	126.52463	33.51316
밀라노수	shop	126.54115	33.48964
밀레니엄	bar	126.95403	33.50929
밀레니엄요셉바쏘옴므제주점	shop	126.52517	33.51466
밀레니엄컴퓨터	shop	126.66092	33.54396
밀려오는파도소리에	stay	126.25100	33.40198
밀림원	food	126.65391	33.48206
밀면맛있는집	food	126.47704	33.48394
밀면촌	food	126.53914	33.49660
밀물민박	stay	126.29763	33.95988
밀물상회	shop	126.29763	33.95988
밀물식당	food	126.29763	33.95988
밀방아식당	food	126.52399	33.50779
밀밭	bar	126.47506	33.48788
밀비스트로	food	126.86699	33.52300
밀스튜디오	shop	126.48184	33.48244
밀양추어탕	food	126.26363	33.41589
밀크밀크	shop	126.51891	33.50913
밀크홀	food	126.22653	33.33588
밀팟제주	cafe	126.52980	33.48416
밀플러스	shop	126.52463	33.51316
밈피	cafe	126.26732	33.31677
밍크	bar	126.26471	33.41262
바구니	shop	126.75396	33.55567
바구니마트	shop	126.46196	33.49471
바구니민박	stay	126.46726	33.50266
바그다드	food	126.52324	33.51031
바글바글해장국몸국	food	126.43187	33.49016
바깥채	cafe	126.51805	33.51246
바나나	stay	126.88987	33.52119
바나나기념품	shop	126.52824	33.51209
바나나껍데기	bar	126.49259	33.48842
바나인	bar	126.49306	33.48621
바누카페	cafe	126.62869	33.53477
바느질하는날	shop	126.51790	33.51135
바느질하는차실	shop	126.56375	33.52617
바늘오름	nature	126.65401	33.45370
바늘이야기	shop	126.49111	33.48857
바니걸스	bar	126.54061	33.50622
바니네민박집	stay	126.22613	33.38909
바니플렛엔솔	shop	126.48043	33.48497
바닐라	shop	126.26447	33.41572
바닐라온	shop	126.54323	33.49099
바닐라코	shop	126.49087	33.48752
바닐라파레트	cafe	126.48060	33.47713
바다감성찜닭이야기	food	126.29560	33.96078
바다공조	shop	126.23094	33.38598
바다그리기	stay	126.24998	33.39939
바다그린하우스민박	stay	126.50480	33.51579
바다길횟집	food	126.47048	33.50808
바다나무민박	stay	126.37020	33.47467
바다는김녕	cafe	126.75497	33.55807
바다는안보여요	cafe	126.89943	33.49337
바다는잘있습니다	bar	126.22671	33.38931
바다다펜션	stay	126.89515	33.52173
바다드림민박	stay	126.49495	33.51792
바다로펜션	stay	126.30742	33.45126
바다를바라보면	food	126.79234	33.55593
바다를본돼지	food	126.19793	33.36567
바다마을	stay	126.46732	33.50616
바다멍	bar	126.24028	33.39359
바다별장	stay	126.34875	33.47003
바다별채	stay	126.23019	33.38880
바다보는날	food	126.37801	33.48396
바다보는날스토어	food	126.37800	33.48393
바다빛둥지	stay	126.39261	33.48473
바다사랑	stay	126.24145	33.39463
바다사랑민박	stay	126.30453	33.44658
바다사랑채	food	126.44798	33.49776
바다사랑추억	food	126.39054	33.48758
바다상점	shop	126.24165	33.39485
바다생각	food	126.58767	33.52581
바다성펜션	stay	126.42576	33.49482
바다성포장마차	bar	126.42576	33.49482
바다속고등어쌈밥	food	126.40677	33.48427
바다수산	food	126.54087	33.50823
바다수선화식당	food	126.24317	33.39719
바다숨소리	stay	126.61428	33.53774
바다쉼터	bar	126.31429	33.46389
바다아뜰리에	cafe	126.31866	33.46535
바다아리	stay	126.24213	33.39540
바다애	food	126.24166	33.39257
바다야	stay	126.66403	33.54306
바다약국	shop	126.43170	33.48939
바다양푼이동태탕외도점	food	126.42903	33.48444
바다어사또	food	126.66403	33.54306
바다에서잘래민박	stay	126.24327	33.39819
바다올레	stay	126.26408	33.42296
바다와언덕빌	stay	126.58447	33.52172
바다와자전거	food	126.33813	33.46667
바다위에민박	stay	126.41900	33.48941
바다위에코끼리	cafe	126.24294	33.39787
바다의별	cafe	126.70687	33.55352
바다의향기	food	126.46359	33.50368
바다이야기	food	126.25191	33.40333
바다잔치	food	126.51687	33.51770
바다잔치수산	shop	126.51682	33.51774
바다정원	food	126.49493	33.48101
바다제비	food	126.26209	33.41335
바다제주한상	food	126.26069	33.32428
바다추억	stay	126.50285	33.51477
바다파파	stay	126.62576	33.53513
바다풍경	stay	126.39385	33.48390
바다풍경	food	126.50684	33.51618
바다풍경정육점	shop	126.50684	33.51618
바다풍경횟집	food	126.50687	33.51623
바다하우스	stay	126.33566	33.46659
바다향기	stay	126.79998	33.55487
바다향기	stay	126.58882	33.52760
바다향기	food	126.26238	33.41387
바담정민박	stay	126.41856	33.48479
바닷가나무집	stay	126.84281	33.53224
바닷가쉼터민박	stay	126.49778	33.51827
바닷가신축주택	stay	126.26569	33.42469
바닷가의만남	food	126.33228	33.95571
바닷가펜션원룸	stay	126.42057	33.49062
바당	stay	126.36839	33.47760
바당가게낚시	shop	126.63843	33.53698
바당고띠	stay	126.43249	33.49406
바당길	food	126.25852	33.40976
바당노을	stay	126.21686	33.37812
바당다레민박	stay	126.23965	33.39239
바당뜰	stay	126.30839	33.44266
바당모살	food	126.67298	33.54165
바당반점	food	126.84023	33.53670
바당봉봉	stay	126.83984	33.53445
바당블루스	food	126.70430	33.55290
바당삼춘	shop	126.46416	33.50458
바당소나이민박	stay	126.18150	33.35057
바당소리	food	126.47958	33.48909
바당수산	shop	126.53003	33.51699
바당앞카페	cafe	126.57441	33.52602
바당어부	food	126.23087	33.38371
바당에빠진도새기	food	126.47271	33.48495
바당에올레	food	126.32051	33.46614
바당정원	stay	126.20683	33.36610
바당조끄띠	stay	126.75621	33.55639
바당지기	food	126.79795	33.55479
바당찬집	food	126.46005	33.48639
바당한그릇	food	126.36244	33.47843
바당횟집	food	126.36996	33.47786
바디그리기	activity	126.52749	33.49459
바디채널	activity	126.52843	33.50085
바디채널	activity	126.48413	33.48168
바디채널남녕점	activity	126.48383	33.48828
바디체인지	activity	126.52023	33.50926
바띠	food	126.88656	33.52025
바띠	stay	126.80481	33.55415
바라나시책골목	cafe	126.51520	33.51632
바라당수산시장	food	126.48961	33.48745
바라던바다	stay	126.77192	33.54836
바라버거	food	126.49037	33.48353
바라봄	shop	126.52725	33.50010
바란스	shop	126.48816	33.48856
바람	cafe	126.55472	33.44665
바람	shop	126.79278	33.55520
바람과보안	shop	126.51891	33.50913
바람길	stay	126.78432	33.46695
바람길	stay	126.21574	33.37692
바람나들목	food	126.95090	33.51823
바람담은도자기공방	shop	126.53170	33.50329
바람돌이하우스민박	stay	126.80471	33.55634
바람벽에흰당나귀	cafe	126.70761	33.55388
바람소리	shop	126.83973	33.53333
바람수제비	food	126.26283	33.41369
바람아래	stay	126.20172	33.36322
바람아래돌집	stay	126.20172	33.36322
바람에스치운다	stay	126.89411	33.52230
바람의노래	cafe	126.27079	33.34059
바람의언덕	stay	126.80396	33.55653
바람의정원	stay	126.18206	33.34980
바람이분다	stay	126.79181	33.55229
바람이쉬어가는집	stay	126.26730	33.39438
바람이야기민박	stay	126.95854	33.51234
바랗	food	126.48506	33.48533
바로덮밥앤파스타	food	126.53592	33.49918
바로모바일	shop	126.53468	33.48604
바로모바일	shop	126.54918	33.50137
바로밥	food	126.54260	33.49635
바로약국	shop	126.56659	33.51898
바로일렉	shop	126.50858	33.46674
바로입는빈티지	shop	126.51385	33.51103
바로족발보쌈	food	126.47935	33.47887
바로족발보쌈별관	food	126.47964	33.47851
바론	shop	126.53063	33.50169
바론	food	126.49329	33.49310
바루다	shop	126.47964	33.49040
바룸	shop	126.54895	33.47569
바르다김선생	food	126.53976	33.48876
바르다김선생삼화점	food	126.58099	33.51611
바르다김선생제주연동	food	126.48391	33.48167
바르다몰	shop	126.38034	33.43821
바르민박	stay	126.26337	33.42776
바르스테이	stay	126.24376	33.39842
바르왓	food	126.26920	33.40998
바르요	stay	126.18127	33.34730
바른갈치	food	126.50480	33.50199
바른고깃집	food	126.47573	33.48607
바른곱창제주한라대점	food	126.48027	33.47652
바른물	food	126.25177	33.40523
바른물점빵	shop	126.25177	33.40523
바른손，모닝글로리，두란노서적	shop	126.53853	33.49017
바른찌개밀키트제주삼화점	shop	126.57670	33.51615
바른치킨	food	126.54766	33.49519
바른치킨외도	food	126.43065	33.49051
바른키친	food	126.54101	33.51032
바른펍외도	food	126.43065	33.49051
바른폰모바일	shop	126.63607	33.53530
바른한우	shop	126.57669	33.51643
바른한우	food	126.59372	33.48820
바름휘트니스	activity	126.48456	33.48375
바리메오름	nature	126.37530	33.39307
바리바리분식	food	126.40075	33.44319
바모스	stay	126.64047	33.52920
바바램	food	126.52563	33.49820
바바월정민박	stay	126.79432	33.55550
바바호미	stay	126.66800	33.53882
바밤바	food	126.53135	33.49929
바베큐타운제주	shop	126.63076	33.52771
바블	cafe	126.53084	33.49877
바비킴	bar	126.53350	33.50884
바사코	food	126.52735	33.51225
바사팬	food	126.16836	33.34016
바사팬스파	stay	126.16836	33.34016
바삭돈가스	food	126.48822	33.48122
바삭돈가스삼화점	food	126.57380	33.51446
바삭돈가스아라점	food	126.54402	33.47377
바삭제주흑돼지돈가스애월점	food	126.37815	33.48386
바솔트크로스핏	activity	126.45173	33.49688
바스코	cafe	126.52544	33.51700
바스코뉴핸즈	shop	126.57028	33.51971
바언제주바람의언덕	stay	126.24312	33.32899
바엘니도	food	126.52921	33.51474
바오라이	food	126.49106	33.47795
바오로농수산	shop	126.51192	33.51560
바오리국제	stay	126.48607	33.48911
바오밥	food	126.39942	33.45955
바오밥나무	cafe	126.39100	33.45080
바오밥나무민박	stay	126.39125	33.45073
바오밥외도점	bar	126.43177	33.48767
바오재	stay	126.90211	33.49572
바오제주점	shop	126.47818	33.48450
바오젠게스트하우스	stay	126.49129	33.48820
바오펑	food	126.48884	33.47652
바오힐	shop	126.41658	33.44646
바우네나주곰탕삼화점	food	126.58913	33.51682
바우네나주곰탕애월점	food	126.40917	33.42468
바운스노래연습장	activity	126.54514	33.47404
바운스펍	bar	126.54514	33.47404
바운스핑거	shop	126.40926	33.47274
바움하우스	food	126.48751	33.51772
바위농원	shop	126.24762	33.35728
바위섬펜션	stay	126.51063	33.51456
바위소리	cafe	126.96901	33.49776
바이더힐	stay	126.40357	33.44434
바이러닉에스프레소바	cafe	126.44458	33.49768
바이러닉에스프레소제주	cafe	126.44458	33.49768
바이리미	shop	126.52463	33.51316
바이못	cafe	126.30586	33.35020
바이백	stay	126.30019	33.43611
바이쏭	shop	126.52965	33.49784
바이에이치	shop	126.49180	33.48769
바이오농수산	shop	126.29774	33.36077
바이오포톤제주점	shop	126.43011	33.48637
바이올렛	bar	126.53792	33.49695
바이올렛	food	126.48076	33.47836
바이제주	shop	126.50404	33.51672
바이즘	shop	126.52862	33.50319
바이크라운지	shop	126.58495	33.52088
바이크마트	shop	126.48130	33.48675
바이크필드	shop	126.53880	33.49630
바이킹	bar	126.49021	33.48749
바이킹	shop	126.34179	33.46904
바이킹스크린파크골프제주점	activity	126.53853	33.49017
바이트포엣츠	bar	126.52307	33.51074
바이한림	stay	126.26174	33.37588
바이협재	stay	126.25444	33.37802
바인	stay	126.37800	33.43028
바인드	shop	126.52532	33.51375
바자	shop	126.54522	33.49455
바자르	shop	126.54522	33.49455
바잘트	shop	126.52789	33.50020
바카라	bar	126.49476	33.48906
바카스	bar	126.49003	33.48128
바캉스샤브샤브	food	126.67312	33.54007
바코	food	126.71079	33.45853
바크모스	cafe	126.30914	33.38063
바탕궨야필리핀마트	shop	126.26363	33.41589
바테카삐	shop	126.34909	33.45656
바툼낭	shop	126.48156	33.47589
바티하우스	stay	126.53456	33.47234
바하악기	shop	126.47787	33.47803
바할라	food	126.24943	33.40020
박가네	food	126.52507	33.50789
박가네손칼국수	food	126.67314	33.54252
박가랑춘천닭갈비	food	126.43064	33.48546
박가먹세	food	126.63117	33.53544
박가분	shop	126.52706	33.49556
박경림공방샵	shop	126.52399	33.50902
박대감	food	126.52088	33.51740
박별김모리민박	stay	126.31155	33.41887
박보령	stay	126.42127	33.48495
박사장네별장집	stay	126.19936	33.35867
박샘플라워	shop	126.52438	33.50743
박서방	shop	126.47882	33.48708
박성혜탁구클럽	activity	126.52012	33.50677
박스	shop	126.54055	33.47486
박여사네	food	126.66026	33.54389
박잔치	shop	126.22796	33.33853
박철수	stay	126.70299	33.49200
밖거리	food	126.49339	33.48809
밖거리민박	stay	126.24438	33.39786
밖거리민박	stay	126.42651	33.44804
반도낚시점	shop	126.29592	33.96337
반도누비	shop	126.52824	33.51209
반도소관	food	126.48717	33.48879
반디	cafe	126.25655	33.31614
반디왓	cafe	126.26238	33.30591
반디조명	shop	126.63553	33.53544
반디파스타	food	126.66921	33.54249
반디헌	stay	126.22508	33.34058
반딧불용구	shop	126.53028	33.49685
반띵	shop	126.52042	33.50611
반려반상	shop	126.47925	33.48341
반석떡집	food	126.49411	33.49098
반스신제주점	shop	126.49041	33.48911
반시픽시	shop	126.52808	33.50015
반얀트리	stay	126.43068	33.48200
반얀트리전시장	shop	126.43195	33.48727
반올림피자샵	food	126.42627	33.49096
반올림피자샵	food	126.58529	33.52130
반올림피자샵	food	126.46819	33.48377
반올림피자샵이도도남점	food	126.53970	33.48805
반올림피자샵제주	food	126.67473	33.53846
반올림피자샵제주아라점	food	126.54295	33.47458
반올림피자샵제주점	food	126.52214	33.50185
반올림피자한림점	food	126.25534	33.40509
반의시간	stay	126.75093	33.55592
반점	food	126.53179	33.50160
반주가	food	126.67505	33.54158
반주요	food	126.48731	33.48879
반지마을제주	activity	126.50357	33.50169
반지하가챠샵제주	shop	126.52965	33.49889
반집	stay	126.77439	33.50058
반찬나들이	shop	126.43382	33.49250
반찬마트	food	126.53460	33.49288
반찬천국	shop	126.29736	33.35786
반창고	shop	126.44573	33.49277
반천요제주드림	food	126.48243	33.48474
반타이	food	126.51770	33.50106
반포갤러리화원	shop	126.50972	33.48148
반포워치제주점	shop	126.47581	33.48286
반품마트제라점	shop	126.55162	33.50314
반하다	shop	126.49210	33.48651
반하크라	stay	126.60612	33.48035
발레나리조트	stay	126.33191	33.38666
발렌시아	bar	126.49179	33.48672
발렌시아제주	shop	126.53992	33.48971
발렌타인	bar	126.52757	33.50321
발렌타인	bar	126.53896	33.50895
발로바쉬민박	stay	126.30925	33.45217
발롱과자점	food	126.49827	33.49325
발리	shop	126.48928	33.48972
발리가든	shop	126.19968	33.31804
발리가든협재	food	126.19952	33.31818
발리스틱제주점	shop	126.48919	33.48155
발리인제주	stay	126.90876	33.49334
발리호텔	stay	126.48928	33.48972
발리휴게실	cafe	126.24972	33.38939
발뿌닥	food	126.49037	33.48353
발트글라스카페	cafe	126.48538	33.46804
밝은길	shop	126.49111	33.48857
밝은사랑약국	shop	126.47830	33.48582
밝은세상안경	shop	126.53329	33.49556
밝은약국	shop	126.43111	33.48665
밤마실	food	126.52140	33.50636
밤비노갤러리아	activity	126.53152	33.48698
밤비니오감정원	food	126.43051	33.44670
밤사이	bar	126.52380	33.51459
밤수지맨드라미	shop	126.94848	33.52071
밤은짧고요순살은맛있고맥주는차가워요	food	126.58034	33.51518
밤의사유	bar	126.53142	33.49803
밤의테이블	cafe	126.85508	33.52338
밥구정로데오	food	126.48770	33.48782
밥때	food	126.63974	33.54670
밥먹다	food	126.52963	33.49203
밥먹자	food	126.42198	33.43555
밥밥	food	126.48398	33.48811
밥밥디라라	food	126.59221	33.49146
밥방울	food	126.52682	33.50451
밥부터먹자	food	126.51085	33.51458
밥쇼핑뷔페	food	126.32461	33.46231
밥술	food	126.29418	33.96143
밥스토랑위드유점	food	126.64060	33.54227
밥스토랑제주	food	126.56104	33.51164
밥심	food	126.53444	33.49630
밥앤반찬	food	126.50524	33.51185
밥에제주를담다	food	126.90183	33.50814
밥엔청국장뜨란채점	food	126.47402	33.48545
밥이맛있는집	food	126.51403	33.49854
밥이보약	food	126.48054	33.48706
밥자	food	126.47764	33.48907
밥집상회	food	126.51859	33.50024
밥짓는시간	food	126.84100	33.53108
밥짓는행복	food	126.53818	33.48262
밥촐림	food	126.53320	33.48952
밥파랑	food	126.50400	33.51487
밥풀릭스구제주점	food	126.52592	33.49443
밥풀릭스삼화지구점	food	126.56553	33.51922
밥풀릭스제주점	food	126.48770	33.48782
밥한그릇뚝딱	food	126.89633	33.49379
밧돌펜션하우스	stay	126.77313	33.46760
밧디글라	shop	126.60517	33.49548
방가네	food	126.53228	33.49935
방가네휴게마트	shop	126.57317	33.51166
방과후카페	food	126.54474	33.47646
방림원	heritage	126.26859	33.33729
방모루	food	126.75540	33.55654
방목흑돼지	food	126.67621	33.43658
방방곡곡	bar	126.54000	33.50879
방선문	nature	126.51691	33.45429
방선문농원	shop	126.53034	33.50318
방선문축제	event	126.51664	33.45475
방앗돌	bar	126.51556	33.50941
방어구	shop	126.52582	33.51382
방영학	shop	126.53878	33.48354
방용원입니다	shop	126.55767	33.48355
방일해장국아라점	food	126.54032	33.47491
방일해장국외도점	food	126.42928	33.48607
방일해장국제주점	food	126.47462	33.49289
방자스테이	stay	126.80614	33.55186
방주할머니식당	food	126.70022	33.48458
방콕노래연습장	activity	126.54334	33.50187
방탄노래연습장	activity	126.47783	33.48769
방탄카페영포에버	cafe	126.65771	33.45383
방파제음식편의점	food	126.63468	33.54190
밭담	food	126.80349	33.55669
밭담집	stay	126.63651	33.50408
배달떡볶이	food	126.52970	33.49087
배달레몬	food	126.53114	33.49895
배달삼겹당근돼지	food	126.48031	33.49064
배달연구소제주점	food	126.52953	33.49112
배두리광장	bar	126.49300	33.48963
배드민턴스매쉬	shop	126.52544	33.49555
배떡	food	126.52413	33.51043
배떡아라점	food	126.54340	33.47827
배떡연동점	food	126.49291	33.49185
배떡외도점	food	126.43219	33.48956
배떡조천	food	126.66137	33.54524
배떡화북삼화점	food	126.56563	33.52358
배령	stay	126.22578	33.38949
배롱개	food	126.79447	33.55781
배롱정원	food	126.24147	33.39305
배목수집	stay	126.85874	33.51467
배배게스트하우스	stay	126.18090	33.34730
배비장모텔	stay	126.52801	33.50127
배셰프	food	126.53630	33.48434
배스킨라빈스	food	126.52957	33.49964
배스킨라빈스외도점	food	126.43125	33.48609
배스킨라빈스제주	food	126.53638	33.49229
배스킨라빈스제주	food	126.52435	33.51180
배스킨라빈스제주	food	126.66897	33.54249
배스킨라빈스제주도청점	food	126.49617	33.48637
배스킨라빈스제주삼화점	food	126.58099	33.51562
배스킨라빈스제주아라점	food	126.54535	33.47399
배스킨라빈스제주용담점	food	126.51180	33.50911
배스킨라빈스제주하귀점	food	126.41142	33.48419
배스킨라빈스제주한라대점	food	126.47801	33.47614
배스킨라빈스제주한림점	food	126.26539	33.41208
배지근	food	126.54178	33.50312
배터지는생돈까스	food	126.48170	33.48981
배터지는생돈까스조천	food	126.66485	33.54140
배터지는생돈까스한림점	food	126.26528	33.41381
배터지는생동까스용담점	food	126.51443	33.50955
배터지는생동까스인화점	food	126.53876	33.51061
배터지는생동까스화북	food	126.57718	33.51835
배통치킨제주	food	126.52867	33.50157
배하니국수	food	126.41259	33.48208
배호배호	cafe	126.17937	33.30380
백가네	food	126.53222	33.50123
백가네제주한상	food	126.67113	33.54239
백가푸드	shop	126.48833	33.49294
백결칼국수	food	126.52700	33.49156
백구옥	food	126.84007	33.53659
백근두루치기	food	126.57195	33.45456
백금당제주점	cafe	126.54371	33.49065
백년가게에프앤비	food	126.53041	33.49825
백년가야밀면	food	126.85228	33.52330
백년가약	food	126.22519	33.33247
백년갈비	food	126.51756	33.50019
백년귤화다	bar	126.52507	33.51256
백년지기미맛집	food	126.85446	33.52573
백년짜짱	shop	126.80569	33.55306
백년초식당	food	126.48501	33.48291
백년해장국송당점	food	126.78656	33.47093
백돈제주	food	126.53794	33.49181
백두산갈비앤냉면	food	126.49519	33.48623
백록	shop	126.49672	33.48431
백록노래연습장	activity	126.52658	33.49680
백록담	stay	126.52518	33.49937
백록담유통	shop	126.55903	33.51756
백록담제주특산품	shop	126.60033	33.48743
백록담펜션	stay	126.60033	33.48743
백록마당	food	126.52657	33.49172
백록민박	stay	126.30482	33.44913
백록오름	food	126.74901	33.55408
백록집	food	126.67272	33.54175
백록집제주	food	126.48761	33.48552
백록헬스크럽	activity	126.52917	33.50125
백리향	food	126.63843	33.53699
백마가든	food	126.62450	33.50526
백마건강원	shop	126.62450	33.50526
백마베이크	cafe	126.52021	33.51026
백마유통	shop	126.62450	33.50526
백만불	bar	126.85621	33.52353
백번	food	126.31998	33.46438
백부장집	food	126.26583	33.40902
백산	food	126.53665	33.48447
백선횟집	food	126.52490	33.49909
백성원	food	126.53129	33.50134
백세약국	shop	126.52863	33.50039
백세촌	food	126.48954	33.48954
백소정신제주연동점	food	126.49100	33.48797
백소정제주아라점	food	126.54419	33.47458
백스비어제주아라	bar	126.54195	33.49352
백스비어제주외도점	bar	126.43163	33.48749
백스비어제주칼	bar	126.52487	33.50646
백스테이	stay	126.32864	33.44232
백스테이지	shop	126.49100	33.48728
백암숯불집	food	126.85648	33.52646
백양닭집	food	126.51855	33.51133
백억커피제주	cafe	126.52538	33.51413
백억커피제주	cafe	126.52929	33.50000
백억커피제주삼도점	cafe	126.51937	33.50210
백억커피제주삼화점	cafe	126.57199	33.51972
백억커피제주연동점	cafe	126.49105	33.48603
백여사채소단	shop	126.30243	33.36231
백연향	food	126.22892	33.40599
백옥당	shop	126.51398	33.50993
백옥생제주지사	shop	126.54480	33.47778
백일	food	126.18362	33.35063
백일동파스타	food	126.54091	33.49131
백작	shop	126.48986	33.48910
백점만전	food	126.48072	33.49127
백제	bar	126.52775	33.50066
백제사	heritage	126.42422	33.44886
백제옻녹두삼계	food	126.58386	33.52442
백제자수산	shop	126.26014	33.41472
백조	cafe	126.52825	33.51364
백채김치찌개제주삼화점	bar	126.58141	33.51676
백패커스빌라제주	stay	126.16726	33.32373
백프로	food	126.54246	33.50958
백합	food	126.52446	33.50649
백합문구	shop	126.53660	33.51403
백향	bar	126.52023	33.50764
백향	shop	126.41457	33.48641
백향목	shop	126.53238	33.49466
백화상회	shop	126.85529	33.52331
밸란디	stay	126.86421	33.52503
밸런스	shop	126.48184	33.48244
밸리시티단란주점	bar	126.47424	33.48260
뱀섬	shop	126.35604	33.42231
뱃고동	food	126.56634	33.51897
뱃머리	food	126.53000	33.51699
뱃살도둑	food	126.53900	33.50595
뱅규네제주고기국수	food	126.67298	33.54165
뱅듸승마클럽	activity	126.65349	33.46665
뱅뱅뱅베를린	food	126.83860	33.53559
뱅뱅어패럴	shop	126.48184	33.48244
뱅뱅어패럴	shop	126.57028	33.51971
뱅뱅어패럴제주직매장주	shop	126.52678	33.51286
뱅뱅제주쇼핑	shop	126.52678	33.51286
버거리제주애월수제버거	food	126.30443	33.44835
버거스테이	food	126.85549	33.52567
버거아일랜드	food	126.31978	33.46443
버거앤프라이즈	food	126.53938	33.48826
버거왕만두	food	126.54148	33.50310
버거진심	food	126.54434	33.46920
버거캐럿	food	126.79244	33.55789
버거킹제주함덕	food	126.66766	33.53681
버니앤코	shop	126.47479	33.48927
버닝	food	126.91211	33.50237
버닝레스트팬션	stay	126.38887	33.48870
버닝썬	bar	126.49234	33.48755
버드나무	food	126.66739	33.54128
버드나무집	food	126.66740	33.54132
버드랜드	food	126.53112	33.51286
버드아일랜드	cafe	126.45593	33.46399
버드앤캣	shop	126.59384	33.49778
버들고리한복연구소	shop	126.32682	33.44048
버디	food	126.47025	33.48967
버디버디스크린골프	activity	126.41406	33.48291
버무리떡볶이삼화점	food	126.57605	33.51449
버무리떡볶이하귀점	food	126.41510	33.48222
버무리떡볶이한림점	food	126.26327	33.41406
버베나	shop	126.47820	33.47781
버베나더홈	stay	126.40655	33.43944
버베나하우스	stay	126.46520	33.50418
버블검	food	126.31099	33.46042
버스맨카페	cafe	126.53376	33.49518
버킹검	stay	126.49474	33.49021
버터넛	food	126.53293	33.50080
버터모닝	cafe	126.42297	33.46428
버터베리	food	126.26310	33.40997
버터앤기글스	food	126.34690	33.45702
버터페이스트	stay	126.39272	33.48497
버터플라이	shop	126.51713	33.49777
버튼	shop	126.52867	33.50157
버튼포레스트	stay	126.20925	33.31888
버프당구클럽	activity	126.49156	33.49005
벅스투	bar	126.52873	33.50006
번개포차	bar	126.49191	33.48809
번영김밥	food	126.59515	33.48988
번영로뷔페	food	126.58146	33.49762
번영로휴게소	shop	126.60692	33.48432
번영마트	shop	126.59515	33.48988
번영약국	shop	126.59482	33.49015
번작	food	126.59409	33.48898
번지없는주막	bar	126.48472	33.48507
번쩍피자구제주점	food	126.53454	33.49585
번쩍피자제주외도점	food	126.43165	33.48632
번쩍피자제주점	food	126.48555	33.48042
벌떼단란	bar	126.52733	33.51612
벌랑채	stay	126.57472	33.52524
벌랑포구	food	126.57689	33.52609
벌룬벌룬	shop	126.41979	33.48968
벌스데이모모	shop	126.51981	33.51262
벌집실비식당	food	126.85369	33.52533
벌크커피	cafe	126.47596	33.48866
벌크커피삼도점	cafe	126.51641	33.50173
벌크커피신제주점	cafe	126.48866	33.48959
벌크커피연북로점	cafe	126.48457	33.48142
벌크커피제주	cafe	126.52984	33.49928
벌크커피추자점	cafe	126.29776	33.95870
벌크커피한림점	cafe	126.26671	33.40871
벌툰제주한라대점	cafe	126.48037	33.47609
범선	food	126.95889	33.51197
범수쿡하우스	food	126.66171	33.54387
범양식당	food	126.52598	33.51275
범이네	food	126.48707	33.49272
범프리카도남점	food	126.52617	33.49689
범프리카신제주점	food	126.47810	33.48915
범훈유통	shop	126.63904	33.51520
법인가영임업	activity	126.44363	33.45835
법인고장밭	food	126.40244	33.43991
법인광원	shop	126.48481	33.47293
법인국제리더스	shop	126.65248	33.55154
법인꿈터	activity	126.66209	33.50146
법인다락	cafe	126.34095	33.46956
법인다복산물	shop	126.47647	33.49533
법인대광바이오팜	shop	126.47830	33.48582
법인더휘게	cafe	126.35511	33.42934
법인돈이월드제주	shop	126.42286	33.43772
법인두가시	activity	126.49680	33.50526
법인라온인터페이스	shop	126.48300	33.44834
법인로잔	shop	126.47605	33.48591
법인마중물주	food	126.48905	33.47284
법인메이즈랜드	shop	126.80110	33.48916
법인바람나들목	shop	126.95090	33.51823
법인삼원네이처	shop	126.56429	33.45723
법인샘물유업	shop	126.78110	33.50683
법인생명나무테크노파크점	shop	126.56429	33.45723
법인선주	shop	126.24056	33.39338
법인애오름	activity	126.41728	33.46653
법인언두필드	shop	126.81182	33.55281
법인에스케이	shop	126.58166	33.52015
법인연서	shop	126.72094	33.50234
법인열린팜	shop	126.54463	33.47780
법인오선	shop	126.48802	33.49256
법인우도시그넛	shop	126.95225	33.49404
법인우리감귤	stay	126.21574	33.34005
법인우리들축산	shop	126.59482	33.49015
법인월령	activity	126.21564	33.37598
법인이시돌	shop	126.32258	33.34665
법인이시돌	shop	126.32188	33.34598
법인제주다팜	shop	126.25864	33.33956
법인제주뜰	shop	126.52475	33.50026
법인제주마산업개발	shop	126.47416	33.47678
법인제주미트	shop	126.53928	33.50481
법인제주스마트팜	food	126.53996	33.46872
법인제주에서	shop	126.29608	33.36302
법인제주친구	activity	126.50439	33.48167
법인제주트립티팜	shop	126.32930	33.43124
법인제주힐링휴	activity	126.36947	33.42164
법인지향	shop	126.20639	33.33962
법인초록생명마을	shop	126.45911	33.45265
법인친구들	shop	126.49975	33.51340
법인해올렛연합사업단주	shop	126.50263	33.51275
벗삼다	stay	126.49462	33.48402
벙커	bar	126.49104	33.48627
벙커피규어	shop	126.52457	33.51124
벚꽃마을	stay	126.69793	33.48232
베네	shop	126.58111	33.51954
베네그	shop	126.53540	33.48729
베네비아	shop	126.81595	33.54136
베네토	cafe	126.49582	33.49178
베네통	shop	126.52630	33.51426
베네핏	shop	126.53056	33.49820
베누스지점	stay	126.40623	33.42072
베늘	food	126.95369	33.49406
베니스	bar	126.53974	33.50803
베니스노래주점	bar	126.48583	33.48931
베니시암	food	126.36302	33.47724
베드라디오	stay	126.52931	33.51625
베드라디오도두봉	stay	126.46989	33.50656
베또롱	stay	126.79910	33.55203
베뜨레	stay	126.21402	33.29446
베띠인애월	stay	126.32629	33.45382
베라	bar	126.49180	33.48769
베라벨	stay	126.69219	33.48841
베라체	bar	126.54821	33.49444
베러댄뷰티	shop	126.43148	33.49021
베러먼데이노형	cafe	126.47767	33.48338
베롱베롱인행원	food	126.82250	33.55346
베롱베롱천연염색체험장	shop	126.27059	33.41367
베르골드	shop	126.38760	33.47473
베르데	shop	126.49032	33.48872
베르디	cafe	126.48457	33.48820
베르사체	shop	126.52463	33.51316
베르아르	food	126.54858	33.49648
베르앤베르	cafe	126.67181	33.49447
베리	shop	126.48861	33.47831
베리굿	food	126.53049	33.49835
베리링아일랜드	shop	126.40418	33.42309
베리모어	cafe	126.53630	33.48901
베리시신제주	shop	126.49024	33.48719
베리시제주애월	shop	126.30910	33.46334
베리웰	food	126.52323	33.51698
베리웰와인치킨	food	126.54197	33.50321
베리코코	food	126.49626	33.49261
베리타	bar	126.53716	33.49646
베리하우스	stay	126.42322	33.46134
베릴	cafe	126.24252	33.39756
베베드피노	shop	126.47505	33.48947
베베드피노제주아빌로스호텔점	shop	126.58028	33.51628
베베마망	shop	126.20948	33.31963
베스띠벨리	shop	126.54138	33.49065
베스띠벨리	shop	126.52485	33.51448
베스킨라빈스	food	126.47562	33.48895
베스킨라빈스연동점	food	126.49006	33.48154
베스트	shop	126.49193	33.48964
베스트	bar	126.52620	33.51616
베스트드론	shop	126.53521	33.50626
베스트복권	activity	126.54455	33.50008
베스트생갈비찜앤찜닭	food	126.53835	33.49756
베스트생갈비찜앤찜닭	food	126.47636	33.49022
베스트스윙골프장	food	126.59049	33.50982
베스트스윙스크린골프점	food	126.59049	33.50982
베스트스포츠	shop	126.56556	33.52205
베스트약국	shop	126.53771	33.49008
베스트원우드	shop	126.22982	33.36371
베스트축산	shop	126.47138	33.48286
베스트프라자	shop	126.43138	33.48873
베아툼스파앤풀빌라	stay	126.90002	33.48595
베어플렌트	bar	126.48963	33.49042
베오크	food	126.51910	33.51294
베이	shop	126.53928	33.48258
베이글러	food	126.54469	33.49270
베이글림림	food	126.79064	33.55437
베이비룸	shop	126.47758	33.48703
베이비슈	shop	126.54053	33.49014
베이비트리	shop	126.52642	33.51437
베이비플러스제주	shop	126.47528	33.48927
베이스노트	cafe	126.50008	33.48774
베이스볼	bar	126.51790	33.50014
베이스캠프제원점	bar	126.49104	33.48627
베이지민박	stay	126.89947	33.49366
베이징덕	food	126.48280	33.48627
베이징마라탕	food	126.54813	33.49320
베이커리담담	food	126.54032	33.47491
베이커리두	food	126.47716	33.48594
베이커리란	food	126.44823	33.47928
베이커리온유	food	126.43068	33.48567
베이커리우빵	food	126.53450	33.49882
베이커리지베	food	126.47308	33.48594
베이커리코너제주점	food	126.48184	33.48244
베이커리포그	food	126.54438	33.47460
베이커블	food	126.47682	33.48045
베이커스비	food	126.53088	33.50198
베이컨시	shop	126.22384	33.38776
베이크	food	126.43067	33.48754
베이크띵스베럴	cafe	126.53854	33.49123
베이크앤그릴	food	126.51405	33.50081
베이프	shop	126.48274	33.48823
베지근한해장국	food	126.54459	33.50149
베짱이컴퍼니	cafe	126.54090	33.47208
베카신	food	126.71022	33.46498
베큠커피로스터스	cafe	126.48171	33.48826
베타네민박	stay	126.25625	33.30964
베터플랫제주	cafe	126.52310	33.51825
베테랑	bar	126.48972	33.48799
베테랑회센터	food	126.47656	33.49001
베토벤노래연습장	activity	126.53942	33.50625
베토벤주얼리	shop	126.49111	33.48857
베트남	food	126.48821	33.47065
베트남부엌	food	126.51298	33.49911
베트남쌀국수	food	126.43634	33.44858
베티스베이크샵	food	126.54642	33.47490
벤드리	food	126.16786	33.30696
벤제프	shop	126.49062	33.48898
벤제프	shop	126.53785	33.48997
벤조롱달빛정원	stay	126.29412	33.41112
벤지롱키즈	shop	126.52341	33.48886
벤츠	bar	126.49033	33.48968
벤츠	bar	126.53949	33.50863
벤틀리	bar	126.48937	33.48365
벤티버거제주일도	food	126.54284	33.50461
벧디	stay	126.74941	33.55728
벧엘가방	shop	126.52481	33.51148
벧엘기독	shop	126.51956	33.50054
벧엘플라워	shop	126.51956	33.50054
벨라	food	126.48940	33.49133
벨라	shop	126.47468	33.48918
벨라	bar	126.49212	33.48749
벨라유나	stay	126.67577	33.54044
벨롱	cafe	126.87946	33.52827
벨롱플라워앤캔들	shop	126.52584	33.49718
벨롱하우스	stay	126.86680	33.51033
벨루스톤힐링까페	shop	126.52953	33.48911
벨류오브휴먼	shop	126.52017	33.50639
벨르	shop	126.48958	33.49015
벨리타캠핑장	stay	126.69784	33.50805
벨벨왓	food	126.78058	33.47401
벨진우영	stay	126.19824	33.36450
벨톤보청기제주센터	shop	126.52468	33.51178
벳디	shop	126.52101	33.51482
벵가빈티지	shop	126.85992	33.52434
벵디	food	126.83718	33.53774
벵삭	food	126.53623	33.49005
벼룩시장	shop	126.52343	33.51238
벼리게스트하우스	stay	126.86456	33.52380
변화	activity	126.52493	33.51355
별	stay	126.53792	33.51319
별	cafe	126.52021	33.50380
별가게	cafe	126.95538	33.52135
별그대민박	stay	126.23194	33.38922
별난노래연습장	activity	126.53407	33.50803
별난닭곰탕집	food	126.26907	33.41214
별난술집	bar	126.54745	33.50240
별난아재맥주	bar	126.51010	33.50913
별노래연습장	activity	126.52493	33.51230
별담덕천	stay	126.77226	33.50384
별담민박	stay	126.34939	33.47160
별담스테이민박	stay	126.41068	33.42037
별도봉	nature	126.55311	33.51923
별도봉오리사냥	food	126.55868	33.51951
별돈별	food	126.24235	33.39591
별돈별	food	126.18015	33.30866
별똥별채집소	stay	126.89199	33.51126
별마로펜션형민박	stay	126.46011	33.49822
별미돈	food	126.55198	33.47269
별미락	food	126.52790	33.49353
별미맛동태	food	126.53316	33.49608
별미식품	food	126.67446	33.53991
별미집	food	126.47724	33.49011
별미집구제주점	food	126.53170	33.49746
별미해장국	food	126.67446	33.53991
별미해장국	food	126.51934	33.51115
별밤	bar	126.47841	33.48714
별밤노래연습장	activity	126.58029	33.51677
별밤인애월	food	126.41592	33.48522
별밤지기	bar	126.54361	33.50315
별밤지기노래연습장	activity	126.58028	33.51628
별방으로의산책	stay	126.88266	33.52131
별방정식	food	126.88827	33.52684
별방진	heritage	126.88439	33.52621
별방진하우스	stay	126.87871	33.52748
별방촌	food	126.86349	33.52507
별방편의점	shop	126.88318	33.51860
별별당근이야기	stay	126.84539	33.53126
별별스토어제주소품샵	shop	126.51285	33.51229
별빛가루	food	126.47026	33.47430
별빛노래연습장	activity	126.43213	33.48752
별빛누리	stay	126.28525	33.43157
별빛두방울	stay	126.24795	33.39560
별빛민박	stay	126.32623	33.43041
별빛바다펜션민박	stay	126.39207	33.48629
별빛사랑민박	stay	126.38185	33.48185
별빛소랑	stay	126.17326	33.34035
별빛카페	cafe	126.55067	33.44825
별세계	cafe	126.26146	33.40733
별스런산책	stay	126.32362	33.44129
별스타노래연습장	activity	126.53381	33.49562
별아이스크림도남점	shop	126.52171	33.49763
별아이스크림할인점	shop	126.53181	33.51442
별아이스크림할인점한림점	shop	126.26471	33.41262
별약국	shop	126.58115	33.51709
별에별제주	stay	126.42154	33.46804
별오름	food	126.48156	33.47589
별위몽	stay	126.35871	33.47498
별위별	cafe	126.17456	33.34231
별이네	shop	126.85730	33.52565
별이네국수	food	126.48029	33.49091
별이빛나는밤	food	126.52168	33.49633
별이안은바다	stay	126.30530	33.44374
별인애월	cafe	126.36673	33.46879
별장	food	126.25782	33.40496
별장민박	stay	126.29893	33.96262
별지기이모네집	stay	126.25278	33.37805
별짬뽕	food	126.62502	33.53590
별채민박	stay	126.38844	33.45885
별천지	food	126.69600	33.55112
별헤는밤	food	126.51620	33.50423
별헤는밤	stay	126.39696	33.44350
별헤는밤글램핑	stay	126.39656	33.44330
병민	shop	126.52610	33.51456
병아리콩	stay	126.23384	33.29205
병현	food	126.26871	33.38298
볕밭동네	food	126.39504	33.45271
볕이드는곳벧디	cafe	126.48774	33.47162
볕이드는곳벧디	cafe	126.48720	33.47069
보건약국	shop	126.49082	33.48605
보경	food	126.51153	33.51052
보광당	shop	126.47508	33.48327
보금식당	food	126.52568	33.50816
보기북스	shop	126.33707	33.46441
보기플레이	bar	126.52630	33.50043
보나뻬띠	food	126.42286	33.48563
보나차실	shop	126.71055	33.46419
보너스	bar	126.49058	33.48919
보네르	cafe	126.53667	33.49329
보노레코드	shop	126.52463	33.51316
보니제나	shop	126.52305	33.48885
보담애월	stay	126.37874	33.47117
보드게임카페레드버튼제주시청	activity	126.52904	33.49925
보드게임카페홈즈앤루팡제주	activity	126.52995	33.49855
보드게임카페홈즈앤루팡제주연동점	cafe	126.49029	33.48816
보드라운지	activity	126.79401	33.55723
보드스페이스	activity	126.52992	33.49911
보떼	shop	126.54792	33.49427
보떼제주서광로점	shop	126.51792	33.50094
보떼제주지하	shop	126.52463	33.51316
보라거북이	stay	126.24293	33.39558
보라네	food	126.29644	33.95962
보라네	shop	126.74889	33.55433
보라보라	stay	126.82505	33.53622
보라지붕	cafe	126.67015	33.54077
보람모자	shop	126.47489	33.49724
보람상사	shop	126.50625	33.51321
보람순대국밥	food	126.26385	33.41662
보람약국	shop	126.53971	33.50950
보랏빛향기노래연습장	activity	126.51837	33.50430
보령화장품	shop	126.49476	33.48560
보로	shop	126.51911	33.50914
보로미민박	stay	126.41177	33.46528
보롬제주	stay	126.18446	33.33864
보롬창고	cafe	126.91073	33.49785
보롬코지	stay	126.79258	33.55930
보름마켓오름피크닉	shop	126.49358	33.49619
보름못	stay	126.27733	33.39284
보리갈비	food	126.18284	33.35033
보리민박	stay	126.45671	33.50202
보리밥	food	126.26236	33.42026
보리밭에보리빵	food	126.52832	33.49594
보리보리	food	126.53773	33.49383
보리빵마을	food	126.49382	33.49551
보리수	bar	126.48068	33.48879
보리쏠	bar	126.26386	33.41642
보리울민박	stay	126.37752	33.44243
보리타작연동	food	126.48089	33.49092
보리타작일도	food	126.54518	33.50586
보리타작함덕	food	126.67000	33.54118
보리해장국	food	126.42640	33.48626
보림당	shop	126.52740	33.51284
보림숲	shop	126.54297	33.48283
보림약국	shop	126.53041	33.51311
보말	food	126.53130	33.51268
보말과비바리제주	food	126.57389	33.51752
보말이네	food	126.40416	33.42352
보말이야기	food	126.22869	33.40496
보말전복칼국수	food	126.53720	33.49553
보말한그릇제주공항보말칼국수	food	126.49793	33.49835
보메와산	stay	126.68018	33.48450
보메와산감귤체험농장	activity	126.68019	33.48450
보목	food	126.54651	33.49382
보물	shop	126.53005	33.51312
보물섬	bar	126.48781	33.48953
보물섬	food	126.26550	33.41168
보물섬아이스크림할인점	shop	126.49726	33.48415
보물전자	shop	126.52381	33.51151
보물창고	shop	126.49111	33.48857
보물창고	shop	126.67180	33.49422
보물창고	shop	126.51802	33.50663
보미네민박	stay	126.42491	33.44985
보미네분식	food	126.26519	33.41679
보민	stay	126.46997	33.50544
보배	bar	126.52771	33.50083
보배반점제주	food	126.53801	33.49090
보배반점제주도청점	food	126.49762	33.49222
보배반점제주삼화점	food	126.58031	33.52152
보배식당	food	126.51790	33.51135
보배쌤보리김치와게장	food	126.65441	33.54383
보배쌤보리김치와게장하귀점	shop	126.41047	33.48557
보배책방	shop	126.33052	33.43750
보배책방북스테이	stay	126.33045	33.43741
보배케이크	food	126.48400	33.48134
보보	shop	126.52463	33.51316
보보스모텔	stay	126.52781	33.51585
보보스테이민박	stay	126.43095	33.45558
보보애월	food	126.32568	33.46353
보블루	cafe	126.89997	33.50933
보석	bar	126.52806	33.50328
보석가공식품	shop	126.47489	33.49724
보석침구	shop	126.53207	33.51280
보성당구장	activity	126.52796	33.50265
보성당구클럽	activity	126.52796	33.50265
보성시장	shop	126.52797	33.50327
보성식당	food	126.52806	33.50328
보성정육식당	shop	126.52800	33.50287
보손	shop	126.55667	33.44954
보솜민박	stay	126.40208	33.42408
보쇼	shop	126.58159	33.51987
보스케	stay	126.68539	33.54790
보스톤	stay	126.24122	33.32165
보아비양	stay	126.25252	33.40625
보엠	food	126.48388	33.47992
보영	stay	126.51960	33.50163
보영반점	food	126.26517	33.41655
보영이네시장치킨	food	126.51929	33.50057
보울로우	food	126.79333	33.55635
보울스키야끼	food	126.90132	33.48420
보은건강원	shop	126.54850	33.50033
보은약국	shop	126.51521	33.50032
보이드	stay	126.22522	33.38936
보이드미니	stay	126.20221	33.35688
보이스안경원	shop	126.57199	33.51972
보이스캐디골프아카데미	activity	126.53837	33.48358
보조개	bar	126.53106	33.50043
보타리바이오	shop	126.32526	33.39835
보테	cafe	126.47943	33.48752
보통	cafe	126.76577	33.50392
보통김밥	food	126.48036	33.49131
보통사람들	food	126.52132	33.49929
보틀드바이제주	shop	126.64408	33.52805
보틀리에제주	food	126.47684	33.48929
보편적인노래	bar	126.48922	33.48874
보해정육식당	food	126.51812	33.51112
보헤미안애월	stay	126.33480	33.46593
보현칼국수	food	126.52856	33.50580
보호	stay	126.25299	33.40709
보홀민박	stay	126.59678	33.50110
보희네민박	stay	126.69807	33.54618
복고다방	cafe	126.47428	33.49261
복길제주	food	126.51149	33.51444
복닥키친	food	126.47883	33.47755
복덩이숯불갈비화북점	food	126.56920	33.51858
복돈갈비	food	126.54599	33.50035
복돌이네소풍가는길	food	126.45144	33.47972
복마니김밥	food	126.52735	33.51203
복만가	shop	126.37543	33.48196
복삼계탕	food	126.53128	33.51177
복신미륵	heritage	126.51544	33.51557
복심이네	food	126.52674	33.51381
복어잡는집	food	126.49857	33.48778
복어촌	food	126.26510	33.41666
복여네돈까스	food	126.94967	33.51989
복자네왕갈비외도	food	126.43271	33.49026
복자몸국	food	126.52657	33.49172
복집	food	126.51836	33.51258
복화네동태탕	food	126.26403	33.41594
복화옷집	shop	126.26433	33.41583
복희슈퍼	shop	126.47883	33.48775
복희해장국	food	126.52805	33.51666
볶가	food	126.53649	33.49563
볶고덮고	food	126.52894	33.49640
볶음천하	food	126.52011	33.50302
본가	food	126.52852	33.49126
본가장수촌	food	126.47821	33.47888
본갈비포	shop	126.52657	33.49172
본날	food	126.50309	33.51067
본도시락제주	food	126.53301	33.50213
본도시락제주	food	126.47930	33.48453
본도시락제주삼화점	food	126.57313	33.51938
본도시락제주아라점	food	126.54407	33.47291
본디국수	food	126.53233	33.49543
본스치킨	food	126.53296	33.50904
본스테이	stay	126.30330	33.44001
본전	food	126.85427	33.52542
본조르노베이커리	food	126.47649	33.49118
본죽앤비빔밥까페제주연동점	food	126.49000	33.48045
본죽앤비빔밥신제주점	food	126.48682	33.48979
본죽앤비빔밥아라점	food	126.54504	33.47260
본죽앤비빔밥제주	food	126.52843	33.50085
본죽앤비빔밥제주	food	126.47562	33.48895
본죽앤비빔밥제주	food	126.54240	33.50252
본죽앤비빔밥제주삼화점	food	126.58101	33.51565
본죽엔비빔밥제주외도점	food	126.43069	33.48820
본죽제주	food	126.53555	33.49239
본초불닭발	bar	126.66981	33.54048
본초불닭발김녕점	bar	126.74669	33.55419
본치킨	food	126.43271	33.49026
본카페	cafe	126.33207	33.46778
본클	shop	126.52680	33.51462
본태인터네셔널	cafe	126.30924	33.46293
본휘트니스연동	activity	126.49596	33.48715
볼레골휴게소	shop	126.79917	33.49072
볼레낭게국밥	food	126.51314	33.50231
볼링라운지	activity	126.48961	33.48745
볼링아울렛	shop	126.48180	33.48681
볼링앤와인갤러리	food	126.53591	33.48383
볼빨간아구찜신제주점	food	126.48705	33.48810
볼수록제주	cafe	126.39323	33.46831
볼수록제주스테이민박	stay	126.39323	33.46831
볼케이노	activity	126.49057	33.48813
볼토풀빌라	stay	126.35979	33.47423
봄	shop	126.52571	33.51502
봄가요주점	bar	126.52400	33.50755
봄날	shop	126.52463	33.51316
봄날	food	126.49228	33.48724
봄날	cafe	126.30967	33.46245
봄날에햇살	stay	126.30910	33.41692
봄날의춘천	food	126.47423	33.48656
봄날정육	shop	126.48770	33.49184
봄날통신	shop	126.40154	33.48034
봄달리	stay	126.75071	33.55369
봄바람아로마캔들	shop	126.49089	33.48319
봄보름	stay	126.64980	33.54244
봄보름코지	stay	126.59275	33.49461
봄봄	food	126.66020	33.54357
봄봄	cafe	126.47544	33.48914
봄봄	cafe	126.56113	33.46032
봄봄	cafe	126.54221	33.50369
봄봄	cafe	126.55834	33.45054
봄봄게스트하우스	stay	126.40189	33.44840
봄봄도두점	cafe	126.46581	33.50342
봄봄밥밥	food	126.57800	33.51836
봄봄삼도점	cafe	126.51311	33.50494
봄봄신제주점	food	126.49699	33.49132
봄봄아로마테라피	shop	126.48928	33.48972
봄봄애월점	cafe	126.32102	33.46001
봄봄오광로점	food	126.46048	33.48558
봄봄제원점	cafe	126.49149	33.48623
봄봄제주	cafe	126.53707	33.51412
봄봄제주도남	cafe	126.52894	33.49640
봄봄카페오일장점	cafe	126.48482	33.49337
봄봄하귀점	cafe	126.40447	33.48111
봄봄한북로점	cafe	126.53009	33.46337
봄봄화북점	cafe	126.56731	33.52394
봄빛코티지	stay	126.24023	33.30942
봄소와제주점	shop	126.51961	33.50221
봄소풍	food	126.43064	33.49157
봄신	shop	126.49029	33.48680
봄약국	shop	126.54520	33.47475
봄여름가을겨울	food	126.26246	33.40826
봄여울약국	shop	126.54722	33.49569
봄의바깥	food	126.81942	33.53559
봄이네	stay	126.80726	33.55186
봄이네해바라기	food	126.52174	33.51124
봄이카페	cafe	126.43462	33.42967
봄인케이크	food	126.53962	33.51604
봄차한잔	cafe	126.41379	33.48059
봄촌	food	126.49918	33.48143
봄향	food	126.54760	33.49425
봉가이버	shop	126.54057	33.47226
봉갈비	food	126.48445	33.48763
봉개고깃집	food	126.59627	33.48771
봉개동마을운영회	stay	126.62328	33.45009
봉개마트	shop	126.59754	33.48844
봉개분식사랑	food	126.59703	33.48887
봉개사랑	shop	126.51043	33.49115
봉개소라횟집	food	126.59735	33.48728
봉개열린당구클럽	activity	126.59394	33.48810
봉개족탕순대	food	126.59436	33.49369
봉개짬뽕	food	126.59779	33.48808
봉개해아름	food	126.59415	33.48802
봉골레밥상	food	126.29463	33.96293
봉골레투민박	stay	126.29463	33.96293
봉골레하우스	stay	126.29627	33.95971
봉구반점	food	126.29558	33.41087
봉구비어	bar	126.47830	33.48821
봉구비어	bar	126.90283	33.49150
봉구비어제주	bar	126.54066	33.50608
봉구스밥버거제주대점	food	126.56144	33.46066
봉구의간식제주애월점	shop	126.31909	33.46452
봉구정보통신	shop	126.52010	33.50310
봉그랑김밥	food	126.85508	33.52338
봉그레	cafe	126.52925	33.46304
봉끄랑과자점	food	126.94503	33.49433
봉덕	food	126.79739	33.55486
봉도니	food	126.60354	33.48621
봉봉	food	126.95492	33.52372
봉봉	food	126.52894	33.49640
봉봉상회	food	126.35596	33.47357
봉봉이	cafe	126.54022	33.51721
봉봉키즈	stay	126.66415	33.54225
봉분식	food	126.53492	33.48925
봉비양	food	126.22918	33.40618
봉선화	bar	126.52459	33.50700
봉성노을담	stay	126.33112	33.38706
봉성떡볶이	food	126.31319	33.41889
봉성리북까페	cafe	126.31191	33.41531
봉성식당	food	126.31263	33.41872
봉성이모식당	food	126.31319	33.41747
봉성장	stay	126.53959	33.51417
봉성집민박	stay	126.31129	33.41588
봉성클래식민박	stay	126.32379	33.39341
봉성프리마	cafe	126.31155	33.41634
봉성흑돈	food	126.33480	33.46609
봉수봉찬	stay	126.31361	33.42201
봉수아피자구제주	food	126.54045	33.49724
봉수아피자아라점	food	126.55931	33.44820
봉숙이네바닷가민박	stay	126.30046	33.44733
봉술집	bar	126.52084	33.50899
봉숭아	shop	126.27852	33.42280
봉쉐프키친	food	126.59030	33.52468
봉스믹스	shop	126.85685	33.52323
봉아름민박	stay	126.39712	33.44787
봉아저씨네민박	stay	126.28463	33.37476
봉우리	food	126.43271	33.49026
봉우리스튜디오	shop	126.16488	33.29021
봉이네	food	126.67422	33.53897
봉이네한림	food	126.26519	33.41271
봉자게스트하우스	stay	126.96741	33.50000
봉자네상점	food	126.79772	33.55340
봉자커피	cafe	126.59830	33.48800
봉쟈패숀	shop	126.48036	33.49131
봉주르마담연동	food	126.48889	33.48123
봉쥬르무슈	shop	126.52591	33.51449
봉쥬르봉봉	cafe	126.24553	33.39786
봉쥬르봉봉민박	stay	126.24553	33.39786
봉쥬르찬	shop	126.52183	33.50135
봉천의집	stay	126.68971	33.52604
봉추반점	food	126.95422	33.50793
봉평메밀촌	food	126.53689	33.49345
봉하깡통구이	food	126.49198	33.49051
부가네얼큰이	food	126.52598	33.49765
부가네얼큰이	food	126.57195	33.45460
부가네얼큰이	food	126.47668	33.48884
부가네얼큰이	bar	126.67076	33.53982
부가네얼큰이	food	126.58671	33.52106
부가네얼큰이	food	126.59415	33.48802
부가네얼큰이	bar	126.54821	33.49444
부가네얼큰이	food	126.67479	33.53822
부가네얼큰이구좌세화점	bar	126.85214	33.52345
부가네얼큰이남성점	bar	126.51325	33.50422
부가네얼큰이삼무점	food	126.48929	33.49097
부가네얼큰이아라점	food	126.54414	33.47153
부가네얼큰이애월점	food	126.32129	33.46402
부가네얼큰이연동점	food	126.49496	33.48599
부가네얼큰이용담점	bar	126.50584	33.51305
부가네얼큰이이호점	food	126.46280	33.49284
부가네얼큰이인제점	bar	126.53926	33.50904
부가네얼큰이하귀점	food	126.41589	33.48442
부가네얼큰이한라점	food	126.47451	33.48301
부가네얼큰이한림점	bar	126.26494	33.41284
부가네얼큰이화북점	bar	126.56505	33.52120
부경하우스	bar	126.53198	33.51231
부광호	activity	126.34520	33.43058
부끌레옷방	shop	126.85605	33.52322
부나커피	cafe	126.52501	33.50415
부동	shop	126.52856	33.49577
부두국수	food	126.52942	33.51688
부두상회	shop	126.26285	33.41789
부두식당	food	126.32094	33.46517
부두식품	shop	126.32883	33.94579
부들빠	bar	126.52964	33.51531
부띠끄풀빌라나미브	stay	126.20323	33.36569
부레드	food	126.52207	33.48956
부록	bar	126.51718	33.51274
부르	shop	126.53211	33.49816
부르네	bar	126.49194	33.49003
부르네민박	stay	126.48432	33.51217
부리부리	cafe	126.69082	33.43566
부림온천구내매점	shop	126.49125	33.47580
부림장	stay	126.53861	33.51390
부만가	food	126.27694	33.42250
부명	food	126.54334	33.49629
부명축산	shop	126.43233	33.48612
부미갤러리	stay	126.49372	33.48716
부민	shop	126.52185	33.48035
부민장례식장매점	shop	126.52185	33.48035
부복상사	stay	126.53357	33.50300
부부돈	food	126.53738	33.49668
부부떡집	food	126.51755	33.51182
부부반찬	food	126.53461	33.49655
부부베베	shop	126.49033	33.48968
부부베이크샵	food	126.51288	33.51172
부부약국	shop	126.49214	33.48676
부부족발	food	126.52657	33.49172
부비곶뼈해장국	food	126.52519	33.49924
부산국제시장정순화국밥	food	126.48043	33.48834
부산낚시	shop	126.49074	33.48066
부산돼지국밥	food	126.53236	33.51074
부산상회	shop	126.85602	33.52362
부산서면양곱창	food	126.49052	33.48514
부산아지매집	food	126.32793	33.46282
부산아지매집부산아재	food	126.47163	33.48229
부산양품	shop	126.52831	33.51280
부산언니	shop	126.54261	33.50396
부산진돼지국밥	food	126.63168	33.53487
부산포목	shop	126.52824	33.51209
부성	shop	126.50135	33.49965
부성단란주점	bar	126.53598	33.50510
부성어상자	shop	126.26058	33.41412
부쉬부쉬캠핑랩	shop	126.30924	33.44745
부스터짐	activity	126.54242	33.49305
부어치킨	food	126.52159	33.51102
부엉이	bar	126.49020	33.48545
부엉이곳간	shop	126.33825	33.45175
부엉이곳간	shop	126.67678	33.49394
부엉이민박	stay	126.25040	33.39873
부엉이상회	shop	126.54821	33.49444
부에난떡볶이제주점	food	126.47797	33.47825
부영	activity	126.43200	33.48610
부영당구장	activity	126.43165	33.48632
부영식당	food	126.64946	33.54615
부영이불	shop	126.52899	33.51271
부영축산물유통	shop	126.53553	33.51664
부온	food	126.53529	33.48947
부원뚝배기	food	126.27763	33.42758
부원약국	shop	126.43067	33.48937
부원축산	shop	126.56776	33.51990
부이크브루어스	cafe	126.80828	33.55338
부자갈비	food	126.52476	33.50785
부자국수	food	126.48241	33.48413
부자떡집	food	126.47925	33.48736
부자분식	food	126.52766	33.51631
부전자전	food	126.51458	33.50758
부지깽이	food	126.53159	33.49927
부처스제주혼술바	food	126.51594	33.51576
부촌	food	126.52467	33.49635
부추	cafe	126.43430	33.44748
부커피	cafe	126.49205	33.51891
부킹	bar	126.26384	33.41476
부킹	bar	126.49021	33.48749
부타소노이도	food	126.53308	33.50274
부티아블랙	stay	126.90743	33.49055
부티아풀빌라	stay	126.90760	33.49031
부티크데이지	shop	126.49111	33.48857
부평갈비	food	126.53207	33.50129
부향순죽	food	126.53510	33.51354
부형가구	shop	126.51566	33.51063
부혜사전통학교	shop	126.45058	33.47688
부화룡양꼬치	food	126.43165	33.48632
북경루	food	126.53072	33.50947
북경반점	food	126.52557	33.50471
북경장	stay	126.53903	33.51683
북교해바라기	food	126.52418	33.51443
북극성	bar	126.53173	33.50063
북다마스	shop	126.54929	33.47122
북앤북스	shop	126.48172	33.48163
북촌	activity	126.69440	33.53433
북촌리	activity	126.69308	33.55037
북촌리멤버	stay	126.69201	33.54962
북촌리브	stay	126.69574	33.54945
북촌며느리	shop	126.52359	33.51053
북촌민박	stay	126.26928	33.31679
북촌바당	stay	126.69871	33.54978
북촌바롱	stay	126.69885	33.54882
북촌방향	stay	126.69477	33.54887
북촌벙커	stay	126.68995	33.54789
북촌별제	stay	126.69961	33.55047
북촌사사공일	stay	126.69632	33.55129
북촌소랑	stay	126.69978	33.54980
북촌손만두도남점	food	126.52898	33.49694
북촌손만두제주	food	126.53571	33.49205
북촌에가면	cafe	126.69260	33.54805
북촌일지	stay	126.69183	33.54817
북촌주택	stay	126.69952	33.55022
북촌집	stay	126.69173	33.55088
북촌카페	cafe	126.68467	33.54025
북촌하우스	stay	126.69449	33.54904
북카름	shop	126.69436	33.54929
북케이션	shop	126.62001	33.53801
북호텔	stay	126.52798	33.50625
분더하우스	stay	126.24523	33.39061
분스	shop	126.54548	33.49501
분식임당	food	126.52799	33.49552
분실물보관소	shop	126.86079	33.52319
분위기	stay	126.23053	33.38630
분위기	bar	126.53011	33.48940
분홍고릴라	shop	126.49111	33.48857
분홍씨	cafe	126.30801	33.45293
분홍저고리	shop	126.52095	33.51326
불가마매점	shop	126.47130	33.50860
불가사의	shop	126.52000	33.49657
불교종합점	shop	126.52668	33.50386
불김밥	food	126.65703	33.49925
불깡	food	126.52052	33.51750
불난닭짱	food	126.51354	33.50973
불닭공장	food	126.54372	33.49168
불닭공장	food	126.48299	33.48437
불닭공장	food	126.51316	33.50243
불닭공장도남점	food	126.52948	33.49175
불닭공장삼화점	food	126.57769	33.51763
불닭공장신산점	food	126.53212	33.51033
불닭공장신제주점	food	126.48927	33.48872
불닭공장아라점	food	126.54589	33.47368
불닭공장외도점	food	126.43195	33.48727
불닭공장제대점	food	126.55790	33.44817
불닭발땡초엽기떡볶이신제주점	food	126.49103	33.48705
불당골	food	126.51924	33.49898
불등불닭	food	126.52285	33.50951
불란지스테이	stay	126.24597	33.32107
불로된참숯바베큐외도점	food	126.43413	33.48817
불로장생	shop	126.49912	33.47779
불맛연구소	food	126.54307	33.47247
불맛집	food	126.43064	33.48546
불아더숯불바베큐앤용용불닭발	food	126.53312	33.49707
불야성	bar	126.53364	33.49383
불여우	bar	126.52499	33.51295
불을품은닭	bar	126.56581	33.51909
불짬뽕	food	126.54883	33.47534
불차돌해장국함덕	food	126.66573	33.54247
불타는갈매기아라점	food	126.54649	33.47017
불타는갈매기외도	food	126.42757	33.48904
불타는소주방	bar	126.43138	33.48634
불타는항구	food	126.26186	33.41535
불타는해변집	food	126.67211	33.54246
불타분식	food	126.52677	33.49529
불특정식당	food	126.48272	33.48567
불티나왕만두	food	126.52490	33.51592
불향옥	food	126.49550	33.48713
불향쭈꾸미	food	126.57945	33.51676
불화성	food	126.50809	33.50933
붉은못카페식당	food	126.21551	33.29100
붏덕	food	126.23318	33.38723
붐붐타운	shop	126.52860	33.50168
붓다	food	126.55262	33.47696
붕어빵호두과자	food	126.52724	33.49530
붕정국제	food	126.42929	33.48685
뷔베트	stay	126.90002	33.48595
뷰	stay	126.44228	33.45674
뷰띠끄헤르츠호텔	stay	126.53112	33.49739
뷰무인텔	stay	126.44193	33.45688
뷰타	shop	126.52358	33.48958
뷰테라피	shop	126.57990	33.51642
뷰티라인	shop	126.51819	33.50224
뷰티박스인제주	shop	126.48673	33.48737
뷰티서포트	shop	126.53148	33.51203
뷰티온힐링	shop	126.36041	33.46769
뷰티풀	stay	126.20528	33.36706
뷰티풀메스심자프로젝트	stay	126.44945	33.49669
뷰티플	shop	126.48388	33.47992
뷰티한	shop	126.48106	33.48058
브금	stay	126.31376	33.46416
브니엘하우스	stay	126.66527	33.49104
브니엘하우스	stay	126.17006	33.32984
브라더	food	126.29423	33.96264
브라더양꼬치앤마라탕제주점	food	126.53008	33.49596
브라더호	activity	126.29423	33.96264
브라보	stay	126.52956	33.51522
브라보커피웍스	cafe	126.86098	33.52156
브라운백	food	126.52491	33.50858
브라운워크룸	food	126.52824	33.51209
브라운커피	cafe	126.75372	33.55645
브라운터틀	cafe	126.95715	33.51418
브라운포레	cafe	126.67165	33.42644
브래드핏제주	food	126.20271	33.35997
브런치	shop	126.63923	33.53803
브런치오	cafe	126.35400	33.47662
브레드바이브	food	126.22671	33.38931
브레드버프	food	126.43139	33.49127
브레드앤스위트플래이스	food	126.39413	33.42934
브레드힙빵댕이	food	126.54809	33.45549
브레들리제주	food	126.26865	33.31865
브레스앤스톤지점	stay	126.36655	33.44992
브레인톤	shop	126.48766	33.47677
브로우니	shop	126.53395	33.49567
브로우훈훈	shop	126.54319	33.46966
브로코인노래연습장	activity	126.53566	33.49213
브로콜리	shop	126.43233	33.48612
브로콜리	bar	126.49194	33.49003
브로콜리민박	stay	126.31116	33.41615
브로콜리삼춘	stay	126.30466	33.44866
브로피시방	activity	126.53566	33.49213
브루클린갤러리	food	126.35799	33.47679
브르	bar	126.53870	33.51367
브리나케오슈	food	126.33622	33.46463
브리나케오슈	food	126.54480	33.49292
브리릭	cafe	126.52177	33.50938
브리스	stay	126.24276	33.39739
브리즈사이클러리	shop	126.58933	33.51499
브리즈아일랜드	stay	126.46488	33.50365
브리즈크로스핏	activity	126.47830	33.48582
브릭	stay	126.52004	33.49769
브릭나인맨션	stay	126.32431	33.41888
브릭스빌리지민박	stay	126.36492	33.47492
브릭스스테이	stay	126.49349	33.48960
브릭커피	cafe	126.47133	33.48254
브릿지	bar	126.51611	33.50854
브릿지리더스제주센터	shop	126.51963	33.46006
브릿지카페	stay	126.29943	33.44688
브와두스공항연동점	food	126.49032	33.47882
브이아이피	shop	126.52463	33.51316
브이아이피노래연습장	activity	126.66573	33.54247
브이아이피모바일	shop	126.53947	33.50637
브이아이피아로마	shop	126.49321	33.49002
브이에스갤러리	shop	126.55271	33.45760
브이에스신비	shop	126.56755	33.44762
브이펙스골프스튜디오	activity	126.45202	33.46206
블라썸	shop	126.49428	33.48505
블랑드누아민박	stay	126.39445	33.48379
블랑로쉐	cafe	126.95798	33.51568
블랑바디컨설팅	activity	126.49341	33.48115
블랑블링	shop	126.52892	33.49951
블랙국밥구제주점	food	126.53230	33.50107
블랙노래클럽	bar	126.26485	33.41588
블랙노즈인제주	shop	126.48529	33.45854
블랙데이	food	126.53215	33.51437
블랙돗	food	126.24760	33.39714
블랙보틀	food	126.53118	33.49869
블랙샌즈호텔구내	food	126.58733	33.52191
블랙성인게임장	activity	126.52111	33.50004
블랙스톤펜션	stay	126.20199	33.36316
블랙씨걸	food	126.25870	33.40951
블랙아웃제주혼술바	bar	126.52378	33.51342
블랙앤화이트신제주점	shop	126.48968	33.48678
블랙이쉬레드	cafe	126.39856	33.41605
블랙코코	shop	126.54166	33.50818
블랙핑크	bar	126.53720	33.50514
블랙홀	shop	126.52463	33.51316
블러썸	cafe	126.57188	33.51941
블러프커피앤그릴	cafe	126.50868	33.46615
블럭건담프라모델	shop	126.54240	33.50382
블럭스토리	activity	126.54749	33.47639
블럭트리	activity	126.48657	33.48125
블럭파티제주점	activity	126.58099	33.51645
블럭팝	activity	126.52685	33.49632
블레드	food	126.54462	33.49386
블레블랑제리	cafe	126.54372	33.47476
블레스크	cafe	126.52452	33.51362
블로그시즌	activity	126.52640	33.49630
블로비노형	cafe	126.47879	33.46690
블루	shop	126.66597	33.54204
블루	shop	126.49219	33.48618
블루	bar	126.48746	33.48575
블루그라스	cafe	126.30924	33.44745
블루낚시	shop	126.85627	33.52651
블루노래연습장	activity	126.21802	33.38140
블루노트	bar	126.49058	33.48825
블루다이아몬드	shop	126.29687	33.35899
블루데이터	shop	126.45828	33.48854
블루라군다이브	activity	126.42226	33.48614
블루레인	bar	126.48533	33.48670
블루마린	activity	126.94894	33.51745
블루마린	stay	126.50398	33.51511
블루마린호	activity	126.50403	33.51509
블루메베이글	food	126.53311	33.49674
블루메베이글	food	126.47760	33.47971
블루모먼트	stay	126.21397	33.37559
블루문	bar	126.49373	33.48598
블루밍	shop	126.49111	33.48857
블루밍스파앤풀빌라	stay	126.90002	33.48595
블루바베큐	food	126.21799	33.38132
블루반다	shop	126.54245	33.49655
블루비양	food	126.22548	33.40517
블루사이공	food	126.40800	33.45704
블루샥제주	cafe	126.53571	33.49205
블루스프링리조트	stay	126.72876	33.55656
블루스프링부띠끄호텔	stay	126.24025	33.39296
블루썬	shop	126.54498	33.49792
블루앤틱	shop	126.37991	33.40937
블루오션	cafe	126.95749	33.51343
블루오션	shop	126.39320	33.46943
블루오션민박	stay	126.31604	33.94557
블루웨일소품앤카페	cafe	126.52550	33.51610
블루자	shop	126.48727	33.48916
블루제주캔들	shop	126.33891	33.46748
블루쳌	shop	126.58093	33.51350
블루크랩제주	food	126.67113	33.54239
블루핀	food	126.67609	33.53920
블루하와이구내	food	126.21799	33.38132
블루하우스동문시장	shop	126.52755	33.51207
블루하이	cafe	126.21802	33.38140
블루힐즈	shop	126.52768	33.51236
블룸쇼프	shop	126.67324	33.51209
블룸하우스	stay	126.81990	33.53276
블리	food	126.54250	33.50236
블리스유	shop	126.54332	33.49142
블리스풀	cafe	126.40725	33.40518
블리스풀	cafe	126.40819	33.40409
블리오	cafe	126.52837	33.49969
블리오	shop	126.49029	33.48801
블리오주	shop	126.52979	33.49925
블링뷰티	shop	126.52519	33.49975
블링블링	activity	126.52005	33.50036
블링블링	shop	126.48974	33.48650
블링블링	bar	126.49156	33.49005
블링샵	shop	126.53741	33.51413
블링폰연동점	shop	126.48963	33.48154
블링폰외도점	shop	126.43070	33.49041
블링폰용담점	shop	126.51090	33.51263
블링폰인제점	shop	126.54094	33.50657
비	stay	126.49492	33.48884
비건책방	shop	126.70486	33.51389
비건테이블바람	cafe	126.32876	33.44232
비굳커피	cafe	126.53978	33.48423
비금	food	126.17953	33.30024
비금면도고리	food	126.68331	33.53106
비금면도고리편의점	shop	126.68343	33.53105
비금향	food	126.40925	33.47258
비긴어게인	stay	126.79145	33.55264
비냐스테	food	126.24122	33.32165
비너스	bar	126.51607	33.50854
비너스뭉티기	food	126.49519	33.48623
비너스와코루제주	shop	126.54078	33.49029
비니네	stay	126.74902	33.55724
비니프	food	126.47723	33.48081
비다브라비	food	126.51339	33.50375
비단	bar	126.85480	33.52385
비담디자인	shop	126.51972	33.50711
비더커피	cafe	126.22091	33.31076
비도갤러리카페	shop	126.53243	33.46292
비둘기집민박	stay	126.37508	33.47768
비라비	stay	126.23051	33.38780
비랑이네	shop	126.24453	33.39911
비로소커피	cafe	126.48806	33.50190
비룡	food	126.52189	33.50246
비마이게스트	cafe	126.24550	33.39799
비마이아일	stay	126.24817	33.31036
비밀	bar	126.52375	33.50008
비밀옷장	shop	126.48767	33.47692
비밀의정원	bar	126.50145	33.49318
비바	bar	126.52111	33.50004
비바리	bar	126.85645	33.52360
비바리	shop	126.52463	33.51316
비바리노래연습장	activity	126.49177	33.49009
비바리농수산	shop	126.50310	33.51227
비바리순댓국	food	126.49772	33.49172
비바리언니	shop	126.48738	33.48736
비바리인셀덤	shop	126.43543	33.46227
비바에이	food	126.67831	33.48968
비바케어	shop	126.48048	33.48236
비바쿠바	food	126.31761	33.46658
비반트	stay	126.19339	33.34518
비베이프	shop	126.48972	33.48572
비비드	shop	126.52484	33.51401
비비드바이브	food	126.47787	33.47803
비비드앤코	shop	126.54733	33.47462
비비라게	food	126.52591	33.51406
비비안	shop	126.47697	33.48871
비비안	shop	126.54213	33.49095
비비엔다제주	stay	126.29701	33.35923
비비큐	food	126.52381	33.51151
비비큐	food	126.54915	33.50017
비비큐남녕고점	food	126.47886	33.49139
비비큐삼양해수욕장점	food	126.58999	33.52768
비비큐삼화점	food	126.58829	33.51727
비비큐소노벨제주	food	126.67113	33.54102
비비큐신제주연동점	food	126.49283	33.48386
비비큐엠지제주연	food	126.39403	33.41370
비비큐인제점	food	126.54018	33.50857
비비큐제주	food	126.47428	33.48957
비비큐제주	food	126.52760	33.50020
비비큐제주곽지해수욕장점	food	126.30588	33.44736
비비큐제주김녕점	food	126.74901	33.55408
비비큐제주드림	food	126.48302	33.48586
비비큐제주삼도점	food	126.52441	33.50077
비비큐제주세화점	food	126.85617	33.52289
비비큐제주아라점	food	126.54478	33.47427
비비큐제주여고점	food	126.53989	33.48390
비비큐제주용담	food	126.50564	33.51217
비비큐제주우도점	food	126.95941	33.50941
비비큐제주하귀	food	126.41457	33.48641
비비큐치킨	food	126.51487	33.49971
비비큐치킨앤비어삼무공원점	food	126.49097	33.48966
비비큐치킨제주제원	food	126.48952	33.48779
비비큐한림점	food	126.26436	33.41224
비비큐화북점	food	126.56659	33.51898
비빔채민박	food	126.58845	33.52702
비사이드소셜	food	126.48250	33.48702
비사이드엠	stay	126.37439	33.48040
비상구	stay	126.59020	33.52915
비상식탁	food	126.49718	33.48808
비샵	shop	126.58682	33.51887
비선루	cafe	126.24453	33.39911
비수기애호가	bar	126.83079	33.54317
비스듬히	food	126.52507	33.51256
비스마일	food	126.39077	33.45085
비스타리조트	activity	126.45759	33.50305
비스트로피자구제주점	food	126.53793	33.49592
비스포크	shop	126.54776	33.49786
비씨디	cafe	126.49083	33.48150
비아블제주	shop	126.54108	33.49438
비아아트대동호텔아트센터	shop	126.52721	33.51381
비아이푸드	food	126.49252	33.48512
비아제주	cafe	126.49488	33.49271
비아제주스테이	stay	126.49488	33.49271
비아판포	stay	126.21506	33.37341
비안	stay	126.69791	33.50991
비알던킨도너츠제주시청점	food	126.52924	33.50008
비알디앤코	food	126.80965	33.55708
비앙카	bar	126.52808	33.50242
비앤비	activity	126.48457	33.48130
비앤비	stay	126.51936	33.50048
비앤비노래연습장	activity	126.54240	33.50252
비앤비홈	stay	126.74673	33.55788
비앤에스통신	shop	126.47826	33.48669
비양놀	cafe	126.26352	33.42901
비양도	food	126.22572	33.38606
비양도	nature	126.26211	33.41542
비양도마을회	activity	126.22905	33.40514
비양도모텔	stay	126.26117	33.41470
비양도민박	stay	126.23003	33.40650
비양도봄날민박	stay	126.22526	33.40502
비양도선착장	nature	126.26256	33.41906
비양도편의점	shop	126.22873	33.40521
비양민박	stay	126.25196	33.40517
비양버거	food	126.23023	33.38857
비양봉	nature	126.22711	33.40858
비양수산	shop	126.52622	33.51247
비양수산	shop	126.26277	33.41978
비양정거장	cafe	126.96459	33.51305
비양카페	food	126.96830	33.51450
비양하이볼	food	126.22834	33.40502
비어제이	bar	126.48936	33.48393
비어준	bar	126.54337	33.50020
비어카인드	bar	126.48858	33.48662
비어킹	bar	126.57678	33.51763
비에노즈	cafe	126.28423	33.44246
비에니스타	stay	126.31610	33.40924
비에스엠엘	cafe	126.48437	33.48168
비에이치씨	food	126.54392	33.49083
비에이치씨	food	126.66116	33.54358
비에이치씨	food	126.52455	33.51666
비에이치씨구남점	food	126.53802	33.48980
비에이치씨노형월랑점	food	126.47695	33.48986
비에이치씨무수천점	food	126.45214	33.46273
비에이치씨삼화점	food	126.57945	33.51676
비에이치씨신연동점	food	126.48628	33.48085
비에이치씨신제주점	food	126.48298	33.48411
비에이치씨애월	food	126.32053	33.46424
비에이치씨오라점	food	126.51099	33.48845
비에이치씨월정점	food	126.79539	33.55573
비에이치씨인제점	food	126.54256	33.50313
비에이치씨제주	food	126.52951	33.49807
비에이치씨제주	food	126.57195	33.45456
비에이치씨제주김녕점	food	126.75100	33.55480
비에이치씨제주드림	food	126.48334	33.48418
비에이치씨제주세화점	food	126.85214	33.52345
비에이치씨제주저지점	food	126.26749	33.33720
비에이치씨제주하귀점	food	126.41275	33.48311
비에이치씨제주협재점	food	126.24032	33.39384
비에이치씨제주화북점	food	126.57427	33.51958
비에이치씨치킨	food	126.53977	33.51364
비에이치씨치킨	food	126.46968	33.48368
비에이치씨치킨아라점	food	126.54575	33.47501
비에이치씨치킨외도점	food	126.43177	33.48767
비에이치씨치킨추자점	food	126.29748	33.96369
비에이치씨한림점	food	126.26542	33.41144
비에치씨협재점	food	126.24047	33.39389
비엔	cafe	126.56431	33.50496
비엔	stay	126.25199	33.40541
비엔나단란주점	bar	126.53479	33.50698
비엔누아즈	food	126.54319	33.49390
비엔올더타임	cafe	126.48174	33.48424
비엔와이글로벌	shop	126.48461	33.48869
비엔토김녕	stay	126.75407	33.55759
비엔피월드외식연구소	food	126.47349	33.48006
비엠엘제주	activity	126.63526	33.54292
비오비	shop	126.43209	33.48901
비올레제주	food	126.25351	33.40428
비와이씨	shop	126.52654	33.50047
비원	food	126.48614	33.47013
비원	cafe	126.52934	33.51310
비원	bar	126.47690	33.48791
비원당구카페	cafe	126.47690	33.48791
비원당구클럽	activity	126.47690	33.48791
비원모텔	stay	126.51937	33.50939
비원삼계탕	food	126.48614	33.47010
비유월플라워스튜디오	shop	126.47801	33.48092
비자	food	126.81020	33.49297
비자곶	stay	126.81432	33.48927
비자곶마을	stay	126.81404	33.48910
비자낭달집	stay	126.81192	33.49664
비자림	nature	126.80748	33.48622
비자림국수집	food	126.81045	33.49275
비자림길	food	126.83726	33.52473
비자림꿩메밀국수	food	126.54203	33.49921
비자림농원	shop	126.69650	33.51539
비자림라파	stay	126.81393	33.49108
비자림미담	food	126.81232	33.49551
비자림민박	stay	126.80803	33.49499
비자림베리멍	stay	126.81282	33.49209
비자림부엉이	shop	126.81084	33.49376
비자림상떼	stay	126.81204	33.49426
비자림스마일	stay	126.81455	33.49062
비자림스테이	stay	126.81331	33.49216
비자림의아침	stay	126.81239	33.49505
비자림휴게소	shop	126.81025	33.49124
비자림힐링펜션	stay	126.81372	33.48930
비자숲	stay	126.78816	33.52624
비자연화	stay	126.81397	33.49071
비자해물파전칼국수	food	126.81499	33.50003
비자향	food	126.81142	33.49595
비제이빌리지	stay	126.76005	33.55022
비젠하우스	stay	126.89032	33.51166
비젼드림	shop	126.48368	33.48625
비주비주한림점	food	126.25489	33.40591
비쥬더스킨	shop	126.47999	33.47828
비쥬슈슈	shop	126.52738	33.51291
비즈마마	shop	126.78559	33.47096
비즈컴제주제주점	shop	126.49538	33.48453
비즈퍼트	shop	126.62010	33.51852
비지곳식당	food	126.84204	33.52802
비지곶식당	food	126.84208	33.52804
비지니스	bar	126.26404	33.41692
비지스컴퍼니	shop	126.40587	33.42131
비지에이치제주시지점	stay	126.48186	33.48782
비지에프리테일제주아일랜드점	shop	126.60485	33.48526
비지에프리테일제주탑동	shop	126.52674	33.51675
비지터	stay	126.52516	33.51236
비짓스테이	stay	126.29430	33.42467
비체올린	activity	126.21824	33.34946
비츠원	shop	126.54534	33.49373
비치고안경원	shop	126.58684	33.52108
비치나	stay	126.17823	33.33784
비치민박	stay	126.24509	33.39925
비치보이스	stay	126.30067	33.44797
비치선셋	stay	126.64019	33.54719
비치스브류	cafe	126.67285	33.54393
비치스토리	stay	126.37008	33.47762
비치스토리호텔	stay	126.66541	33.54215
비치파크	stay	126.31087	33.45742
비케이글로벌아시아	shop	126.48174	33.48424
비케이브	cafe	126.72002	33.50838
비케이알버거킹제주	food	126.48158	33.48693
비타민	activity	126.26492	33.41611
비타민국수	food	126.26370	33.41448
비타민국수외도점	food	126.43248	33.49022
비타민씨하우스민박	stay	126.33433	33.45711
비타민약국	shop	126.57199	33.51972
비타민유토피아	shop	126.52507	33.51256
비타민하나	shop	126.47419	33.49023
비타팜	shop	126.48722	33.49210
비타플러스바디케어아라점	shop	126.49621	33.49097
비트코인노래연습장	activity	126.52997	33.49876
비틀스타코	food	126.30973	33.46326
비티알제주점	shop	126.52506	33.51215
비티에스뮤직박스노래주점	bar	126.48948	33.48631
비파인	cafe	126.22229	33.33960
비포인트악세	shop	126.47830	33.48582
비프로	shop	126.54405	33.49295
비피모바일	shop	126.54040	33.51515
비하우스	stay	126.79448	33.55608
비하이브	cafe	126.48899	33.47753
비호텔	stay	126.49492	33.48884
빅글로리	food	126.49180	33.48769
빅디어	food	126.53012	33.49664
빅마마	shop	126.49111	33.48857
빅마켓	shop	126.46192	33.49961
빅보스홀덤펍	activity	126.49220	33.48700
빅볼링프로샵	shop	126.48782	33.48975
빅브라더	cafe	126.49170	33.48712
빅세이브약국	shop	126.46328	33.50148
빅쇼	bar	126.49118	33.48627
빅스당구장	activity	126.52463	33.49968
빅스마일	activity	126.53565	33.49154
빅스타	food	126.53909	33.49795
빅스타컴퍼니	shop	126.45405	33.46275
빅스타피자신제주점	food	126.47895	33.48768
빅스타피자용담점	food	126.51315	33.50299
빅썬치킨	food	126.66163	33.54354
빅초이스노래연습장	activity	126.56570	33.52160
빅컷피자제주점	food	126.48972	33.48604
빅터제주점	shop	126.57130	33.51492
빅토리	food	126.48778	33.51771
빅토리아	shop	126.52463	33.51316
빅토리아	bar	126.54073	33.50549
빅토리아하우스	stay	126.43844	33.44373
빅포켓	shop	126.52139	33.51296
빅히트	shop	126.49027	33.48894
빈	food	126.29675	33.43819
빈	stay	126.49750	33.48476
빈대떡과사름덜	bar	126.54166	33.50282
빈대떡신사	food	126.47998	33.48822
빈방의빛	stay	126.90350	33.49489
빈센트커피아라점	cafe	126.54526	33.47159
빈스킹	food	126.54146	33.49403
빈스테이	stay	126.88476	33.52206
빈스테이	stay	126.16561	33.30836
빈이국수	food	126.54099	33.51521
빈치스벤치	shop	126.52636	33.51477
빈투지	cafe	126.52849	33.51852
빈틈제주혼술바	food	126.48355	33.48741
빈티지무드	cafe	126.94955	33.50560
빈티지브로	shop	126.79421	33.55682
빈티지스페이스	shop	126.53696	33.51379
빈티지제주	stay	126.17539	33.33450
빈티지치코	shop	126.67239	33.54197
빈티지칵티	shop	126.21619	33.37516
빈폴스포츠제주	shop	126.52488	33.51501
빈하루	stay	126.83963	33.53461
빌드짐	activity	126.49994	33.48187
빌라드돌핀	food	126.67678	33.49394
빌라드카렐	stay	126.63991	33.54683
빌라뚤리	stay	126.85136	33.52459
빌라페이브	stay	126.37204	33.46747
빌레낭	stay	126.84119	33.53153
빌레농원	shop	126.36429	33.46502
빌레리조트	stay	126.34698	33.47115
빌레마루	food	126.65748	33.53997
빌레못	cafe	126.32461	33.44237
빌레와너드랑	food	126.69970	33.48807
빌레왓	stay	126.79327	33.55518
빌레하우스	stay	126.18866	33.30550
빌레하임	cafe	126.25992	33.31730
빌롱스테이	stay	126.77092	33.55110
빌림	stay	126.46769	33.50370
빌트모아	shop	126.52118	33.51797
빌티움	shop	126.41499	33.48726
빙고	bar	126.48434	33.48624
빙고노래연습장	activity	126.54099	33.50457
빙고커피앤디저트	cafe	126.54176	33.48923
빙수의신	food	126.48644	33.48159
빛고운	shop	126.52766	33.51415
빛나는산호섬	shop	126.94182	33.50402
빛사랑안경	shop	126.53295	33.49476
빠네띠에제주밀로	food	126.59837	33.50100
빠라빠빠노래타운	bar	126.48970	33.48897
빠레뜨	shop	126.52463	33.51316
빠리안경	shop	126.52821	33.50074
빠빠라기	cafe	126.52929	33.50000
빠삭	food	126.79495	33.55601
빠샤수제닭꼬치제주점	food	126.53263	33.51349
빠쑌삼춘	shop	126.52591	33.51406
빠우사	cafe	126.71187	33.45764
빡	shop	126.51389	33.49311
빨간구두	shop	126.47697	33.48871
빨간꼭지	bar	126.53816	33.51292
빨간맛집	bar	126.52100	33.49960
빨간맛집	bar	126.66790	33.54165
빨간맛집아라점	bar	126.54535	33.47399
빨간맛집이도주공점	bar	126.53364	33.48942
빨간맛집제원점	bar	126.49105	33.48675
빨간맛집한라대점	bar	126.48014	33.47652
빨간맛집한림점	bar	126.26501	33.41271
빨간머리앤의집	food	126.94336	33.50319
빨간사과	shop	126.54136	33.49009
빨간시골집	stay	126.66369	33.54094
빨간여우	bar	126.52012	33.50318
빨간옷장	shop	126.52463	33.51316
빨간옷장	shop	126.54124	33.49058
빨간지붕제주	shop	126.54087	33.49072
빨간집	food	126.54126	33.50475
빨간집	bar	126.53114	33.49895
빨간집베라체점	bar	126.54370	33.49301
빨간집삼화지구점	bar	126.57604	33.51472
빨간집연동점	bar	126.49618	33.48612
빨간집외도점	food	126.43212	33.48711
빨간집월랑점	bar	126.47826	33.49013
빨간코	bar	126.52274	33.50001
빨간풍차펜션	stay	126.74233	33.54861
빨강궁전	stay	126.33520	33.45939
빨강궁전식당뉴올레	food	126.33520	33.45939
빨강머리앤	shop	126.52416	33.50760
빨강자전거	food	126.26741	33.41431
빨강코끼리	food	126.48068	33.48951
빳데리	bar	126.52250	33.50002
빵	shop	126.48891	33.50150
빵굼터마을	food	126.54172	33.50905
빵굽는아저씨	food	126.48938	33.47870
빵굽는아저씨오라마트점	food	126.51188	33.48831
빵굽는작은마을	food	126.56554	33.51950
빵귿	food	126.53514	33.48710
빵금소소금빵	cafe	126.57720	33.51822
빵꾸똥꾸문구야제주	shop	126.48077	33.49061
빵꾸똥꾸문구야제주동광초점	shop	126.54805	33.50100
빵꾸똥꾸제주삼화점	shop	126.58028	33.51628
빵꾸똥꾸제주아라점	shop	126.54199	33.49283
빵아저씨	food	126.51849	33.50067
빵위에치즈신제주점	food	126.48770	33.48782
빵유소	food	126.53423	33.48784
빵육사도너츠	food	126.53638	33.51407
빵의정석	food	126.58574	33.52094
빵장수단팥빵카페	food	126.58023	33.51751
빵전시회	food	126.57885	33.51711
빵지언니	shop	126.50720	33.50815
빵집오빠	shop	126.26513	33.40964
빵집오빠제주	shop	126.53771	33.49008
빵집오빠제주삼화점	shop	126.57571	33.51477
빵집오빠제주아라점	shop	126.54579	33.47181
빵집오빠한경점	shop	126.18022	33.30069
빵집이야기	food	126.54478	33.50447
빽다방베이커리제주사수점	cafe	126.47662	33.50929
빽다방빵연구소제주연동점	cafe	126.48694	33.48375
빽다방빵연구소제주합동	cafe	126.52703	33.49013
빽다방제주	cafe	126.52820	33.49993
빽다방제주	cafe	126.66218	33.54518
빽다방제주노형월랑점	cafe	126.47687	33.48979
빽다방제주도남점	cafe	126.52818	33.49763
빽다방제주도청점	cafe	126.49759	33.49200
빽다방제주동문	cafe	126.52694	33.51288
빽다방제주법조	cafe	126.53432	33.49460
빽다방제주보성	cafe	126.52757	33.50321
빽다방제주삼도일동점	cafe	126.51957	33.50706
빽다방제주신비로점	cafe	126.48607	33.45008
빽다방제주아라점	cafe	126.54864	33.47460
빽다방제주애월구엄포구점	cafe	126.37732	33.48402
빽다방제주애월좋은마트점	cafe	126.36587	33.47099
빽다방제주애월항점	cafe	126.32225	33.46588
빽다방제주연동	cafe	126.49700	33.48587
빽다방제주연북로점	cafe	126.48424	33.48134
빽다방제주용문마을회관점	cafe	126.50888	33.50615
빽다방제주월정리점	cafe	126.79535	33.55586
빽다방제주이도초교점	cafe	126.53401	33.48906
빽다방제주이호테우점	cafe	126.45149	33.49682
빽다방제주일도	cafe	126.53148	33.51203
빽다방제주일도인제점	cafe	126.54096	33.50540
빽다방제주제원점	cafe	126.48978	33.48720
빽다방제주종합경	cafe	126.51857	33.49422
빽다방제주평화로에스케이점	cafe	126.45725	33.46752
빽다방제주하귀점	cafe	126.41142	33.48419
빽다방제주한경면수월봉점	cafe	126.17373	33.29950
빽다방제주한림점	cafe	126.26634	33.40822
빽다방제주화북	cafe	126.56523	33.51913
빽다방탐라도서관점	cafe	126.47798	33.48002
빽다방한라대점	cafe	126.47821	33.47650
빽보이피자제주	food	126.53643	33.49215
빽풍	food	126.53848	33.49765
뺵다방제주서광로동성길점	cafe	126.51044	33.49979
뻐꾸기	bar	126.52901	33.49984
뻘떡낙지	food	126.53051	33.47937
뻥튀기는강정	shop	126.52415	33.51123
뼈가네	food	126.19432	33.29764
뼈구이마을	food	126.49259	33.48754
뼈대	food	126.55360	33.47984
뼈대감	food	126.26450	33.40874
뼈앤돈	food	126.66527	33.52979
뽀그작	stay	126.69781	33.48370
뽀글뽀글	food	126.53114	33.51635
뽀빠이	food	126.52410	33.51576
뽀빠이왕만두	food	126.51174	33.51242
뽀빠이타바코	shop	126.52042	33.50189
뽀요요	stay	126.94671	33.49426
뽄띠	stay	126.32636	33.37469
뽄쟁이모자	shop	126.27450	33.41983
뽈살집	food	126.26926	33.41566
뽐뽐	shop	126.49672	33.48431
뽐뿌	bar	126.54066	33.50608
뽑기스쿨	activity	126.47758	33.48703
뽕글락갈비	food	126.40395	33.48109
뽕글랑민속탕	food	126.55827	33.51521
뽕글랑밥집	food	126.18261	33.34667
뽕꼬랑	food	126.66063	33.46395
뽕꼬랑김밥	food	126.50874	33.51268
뽕꼬랑샌드	food	126.41536	33.48617
뽕끄랑농장	shop	126.56120	33.44584
뽕끌랑	food	126.53833	33.49147
뽕스차이나	food	126.54455	33.47356
뽕이네각재기	food	126.54220	33.50853
뽕이네각재기오라	food	126.51883	33.49638
뽕이네각재기외도	food	126.43187	33.49016
뽕주막	food	126.22768	33.38583
뿌떡	food	126.17792	33.32077
뿌리농산흙사랑	shop	126.52554	33.51125
뿌리와열매	food	126.78387	33.47183
뿌리컴퍼니	stay	126.17776	33.32061
뿌빠	bar	126.49149	33.48770
뿐이네민박	stay	126.29746	33.96386
뿔난돼지	food	126.33707	33.46658
뿔소라상점	shop	126.31966	33.46367
쁘띠	cafe	126.53376	33.49518
쁘띠레브	shop	126.49353	33.49118
쁘띠레브더가든	bar	126.49353	33.49118
쁘띠부숑	food	126.49130	33.47785
쁘띠빅터펜션	stay	126.48145	33.50998
쁘띠제주빅터	stay	126.48131	33.50992
쁘띠첼	shop	126.58782	33.52584
쁘랑이	food	126.52522	33.51403
쁘레이야	shop	126.48978	33.47714
쁠랑뜨	cafe	126.48550	33.45283
삐꼴라상점	shop	126.40111	33.41870
삐꼴라쿠치나	food	126.40111	33.41870
삐끄니끄	cafe	126.49739	33.48496
삐삐	bar	126.53730	33.49626
삐삐	shop	126.52463	33.51316
삐삐문구사	shop	126.53875	33.50697
삐삐아일랜드	cafe	126.35213	33.45907
삐에로	bar	126.52410	33.49967
사가냥	shop	126.65885	33.54395
사가식탁	food	126.70285	33.53588
사거리복권마트	activity	126.53910	33.50580
사거리포차	bar	126.54037	33.50787
사계	food	126.53460	33.50242
사계바다통갈치조림구이제주애월해안도로점	food	126.35730	33.47840
사계연화	stay	126.33728	33.44750
사계오름	food	126.52166	33.48933
사계절	food	126.53056	33.49701
사계절교육연구소	shop	126.53960	33.49882
사계절다방	cafe	126.85601	33.52375
사계절민박	stay	126.32907	33.94565
사계절의류	shop	126.44166	33.48920
사계절커텐	shop	126.49755	33.49086
사계절팟타이	food	126.85540	33.52359
사계제과	food	126.47667	33.48147
사계진미	food	126.54336	33.50222
사계진미제주	food	126.52665	33.49955
사광	food	126.49052	33.48088
사나포차연동점	bar	126.49072	33.48393
사남매하우스	stay	126.79849	33.54974
사노라면	bar	126.54739	33.49798
사노롱	stay	126.25234	33.40318
사누르제주	stay	126.37201	33.46738
사닮과	cafe	126.54311	33.47721
사든리	shop	126.40153	33.43392
사또농수산	shop	126.52662	33.51183
사라	bar	126.49301	33.48600
사라길손칼국수	food	126.53878	33.51685
사라모텔	stay	126.52026	33.50346
사라보쌈족발	food	126.52004	33.49769
사라봉	stay	126.54087	33.51395
사라봉	nature	126.54614	33.51760
사라봉건강원	shop	126.54153	33.51374
사라봉공원	nature	126.54620	33.51604
사라봉보양탕	food	126.54064	33.51530
사라봉해장국	food	126.54099	33.51521
사라봉회관	food	126.54254	33.51397
사라소방	shop	126.54189	33.51206
사라숯불구이	food	126.52007	33.50267
사라제이제주칠성	shop	126.52679	33.51443
사람사랑운동	activity	126.53720	33.50514
사람인	bar	126.49061	33.47969
사람휘트니스	activity	126.52736	33.50357
사람휘트니스	activity	126.47430	33.48958
사람휘트니스	activity	126.53638	33.49631
사람휘트니스골프	activity	126.49149	33.48623
사람휘트니스도남점	activity	126.52902	33.49011
사람휘트니스삼화점	activity	126.58115	33.51709
사람휘트니스연동점	activity	126.49149	33.48623
사람휘트니스인제	activity	126.53850	33.50634
사랑	bar	126.53725	33.51380
사랑각게스트하우스	stay	126.71274	33.45833
사랑길	bar	126.52007	33.50267
사랑김밥	food	126.47429	33.48592
사랑담은해물	food	126.49372	33.49234
사랑뜨게방	shop	126.53160	33.51340
사랑마음이네	stay	126.33711	33.46136
사랑물	food	126.53973	33.50932
사랑방	food	126.49721	33.49195
사랑방	food	126.49245	33.48674
사랑방포차	food	126.26436	33.41355
사랑분식	food	126.52786	33.51249
사랑분식	food	126.38076	33.45245
사랑식당	food	126.18291	33.34712
사랑애	shop	126.49947	33.49167
사랑약국	shop	126.53295	33.49476
사랑으로	bar	126.53025	33.51308
사랑이네	stay	126.33760	33.43819
사랑이네구제옷	shop	126.49111	33.48857
사랑이네농수산	food	126.52078	33.51493
사랑자유평화낭만	cafe	126.53285	33.50092
사랑장	food	126.51421	33.50147
사랑채	food	126.52929	33.48830
사랑채민박	stay	126.43323	33.46860
사랑하는책방에게	shop	126.18296	33.34784
사랑해	bar	126.53097	33.50061
사려니가든	food	126.54311	33.51005
사려니국수	food	126.67673	33.42284
사려니당구클럽	activity	126.54311	33.51005
사려니숲길쉐어하우스	stay	126.66219	33.45633
사려니숲길화덕피자	food	126.66219	33.45633
사려니팬션	stay	126.67228	33.42348
사려니휴게소	food	126.65709	33.42569
사려니힐스테이	stay	126.67212	33.42747
사로카	food	126.48088	33.48836
사리원	food	126.47983	33.47864
사리원분점	food	126.54301	33.48166
사막커피로스터스	cafe	126.54035	33.47074
사면초가	stay	126.20787	33.36305
사모아	stay	126.52654	33.51635
사모정	stay	126.62475	33.52337
사무실	bar	126.48971	33.48546
사무이제주풀빌라민박	stay	126.35623	33.47379
사방팔방	food	126.42954	33.48889
사부작한그릇	food	126.27346	33.35765
사뿐	cafe	126.48648	33.49227
사사키키	food	126.81003	33.55630
사삼항아리	food	126.53733	33.49368
사색원	shop	126.67801	33.48778
사수동민박	stay	126.47539	33.50824
사수항	nature	126.47951	33.50960
사슴책방	shop	126.65798	33.49598
사슴카페	cafe	126.65799	33.49602
사시사	cafe	126.54324	33.49014
사와라	food	126.52690	33.49978
사우스본	cafe	126.54966	33.48956
사우스엔드	shop	126.42351	33.46064
사운드째즈	shop	126.50556	33.49297
사운드프레소제주연동점	cafe	126.48884	33.47692
사유적가드닝	shop	126.24482	33.39927
사이	cafe	126.22688	33.33513
사이다게스트하우스	stay	126.21692	33.37791
사이버세대	shop	126.52463	33.51316
사이슈도	shop	126.53405	33.49011
사이통닭	food	126.47855	33.48829
사인방	shop	126.42124	33.47264
사임당	shop	126.51790	33.51135
사잇길	food	126.52750	33.49623
사적인제주	stay	126.29453	33.43029
사조그랜드리조트슈퍼	shop	126.70507	33.55179
사조그랜드리조트주	stay	126.70507	33.55179
사진놀이터	activity	126.44141	33.45661
사체스필리핀마트	shop	126.52867	33.50157
사치	shop	126.52463	33.51316
사치야	stay	126.18459	33.33913
사케있슈	food	126.57991	33.51611
사쿠라	bar	126.43138	33.48634
사쿠라모텔	stay	126.48266	33.48463
사쿠라미치	bar	126.53030	33.49765
사탕	bar	126.49298	33.49026
사토	food	126.48776	33.48670
사파리	bar	126.52813	33.50030
사포리디마레	food	126.27744	33.44067
사필귀덕	stay	126.29482	33.43380
사하라관광호텔	stay	126.52475	33.50026
사하라테이블	shop	126.69508	33.54999
사하라호텔	stay	126.52475	33.50026
사합	stay	126.48946	33.42369
사형제	food	126.26635	33.42240
사회적협동조합선흘곶	activity	126.70511	33.51138
사회적협동조합청도시락	food	126.52531	33.51500
산	bar	126.48987	33.48952
산고을칼국수	food	126.53782	33.49389
산과들비빔밥	food	126.47931	33.48888
산과들비빔밥이도점	food	126.53185	33.50151
산과들신제주점	food	126.49191	33.48292
산과바다사이	stay	126.66404	33.49110
산굼부리	nature	126.69282	33.43231
산그리고길	food	126.42992	33.45950
산난보왕갈비설렁탕	food	126.53671	33.49551
산내들	food	126.51402	33.49865
산노루	cafe	126.21331	33.33004
산도롱	stay	126.25305	33.40359
산도롱앤드또	cafe	126.52463	33.51316
산도위치	food	126.51800	33.51557
산들	food	126.53638	33.50457
산들네	food	126.50785	33.47157
산들바다	shop	126.41215	33.48506
산들바람	food	126.71497	33.48762
산들바람	shop	126.44781	33.47106
산들애국수	food	126.56144	33.46066
산들애찌개	food	126.56102	33.46063
산들애하우스	stay	126.65995	33.49919
산들촌	food	126.43758	33.44968
산들치킨	food	126.54110	33.50326
산들휴게소	shop	126.27346	33.35765
산딸기	bar	126.51790	33.50014
산딸낭	stay	126.67968	33.43715
산마을가든	food	126.42487	33.43650
산물	stay	126.35071	33.45829
산방산	food	126.49170	33.48712
산방식당	food	126.67349	33.54117
산방식당도청	food	126.49742	33.48803
산방식당제주점	food	126.53601	33.49019
산봉오리	food	126.54343	33.50266
산빛마당	food	126.39716	33.45350
산뽀	bar	126.49212	33.48749
산뽀일본가정식	food	126.52507	33.50789
산세라	cafe	126.25611	33.33208
산수	bar	126.52138	33.49950
산수가	stay	126.17891	33.30464
산수정글로벌	shop	126.53177	33.50244
산아	food	126.53521	33.48880
산아름	food	126.55845	33.45004
산약초삼계탕	food	126.42702	33.48745
산양민박	stay	126.23442	33.29528
산양산삼해물라면	food	126.44968	33.49702
산양올레편의점	shop	126.23313	33.29358
산양큰엉곶	nature	126.25031	33.29073
산에들에오리	food	126.53300	33.49975
산옥이네	food	126.52478	33.51164
산우정	food	126.49265	33.48625
산적	food	126.52949	33.49766
산적국수	food	126.85571	33.52572
산전수전	bar	126.52302	33.50610
산전수전인생역전연동점	food	126.49558	33.48621
산정소주방	bar	126.53150	33.51249
산정오늘베를린	cafe	126.70109	33.49644
산지나미	food	126.52964	33.51531
산지물	food	126.52748	33.51629
산지물고유	food	126.30968	33.46407
산지물든	food	126.52964	33.51531
산지물신제주점	food	126.49100	33.49081
산지물호텔	stay	126.48948	33.48662
산지부들	bar	126.52964	33.51531
산지천	nature	126.52995	33.51618
산지천갤러리	heritage	126.52833	33.51515
산지천축제	event	126.52835	33.51518
산지청과	shop	126.52824	33.51209
산지키친	food	126.53104	33.51615
산지포차	food	126.52784	33.51494
산지항로표지관리소	heritage	126.54556	33.52120
산지해장국	food	126.52851	33.51636
산지해장국	food	126.58040	33.52099
산지해장국	food	126.59615	33.48789
산지해장국	food	126.67023	33.53949
산지해장국노형	food	126.47639	33.48332
산지해장국세화점	food	126.85464	33.52678
산지해장국아라점	food	126.54367	33.47236
산지해장국외도점	food	126.42718	33.48610
산지해장국한림점	food	126.26089	33.41388
산책	cafe	126.33687	33.46691
산책자의집	stay	126.83500	33.53914
산책하우스민박	stay	126.33687	33.46691
산천단곰솔	nature	126.55476	33.44767
산천단토종닭	food	126.55471	33.44764
산천대축	activity	126.54242	33.49305
산천초목오리약선요리	food	126.53740	33.49616
산촌	food	126.48507	33.49123
산촌오리탕	food	126.48507	33.49123
산타루치아	bar	126.47437	33.50927
산토	shop	126.78465	33.47122
산토끼분식	food	126.54751	33.50071
산토리니	cafe	126.49131	33.49079
산티아고제주	stay	126.36175	33.47663
산티아고카페앤호프	bar	126.62235	33.53887
산해들	shop	126.54595	33.50363
산호반점	food	126.94387	33.50275
산호사	food	126.94240	33.50355
산호성	stay	126.94255	33.50481
산호숯불꼼장어	food	126.48416	33.48789
산호여관	stay	126.52708	33.50222
산호풍경이호점	food	126.96791	33.49835
살강	stay	126.19267	33.30138
살고정민박	stay	126.39591	33.45031
살구나무마을여행	activity	126.81132	33.55206
살구나무행언덕원	food	126.81165	33.55143
살랑살랑	stay	126.43618	33.44452
살랑살랑샤브	food	126.50245	33.51708
살랑제주민박	stay	126.36555	33.47496
살레그리고	food	126.23032	33.38760
살레안의고깃	food	126.46931	33.46533
살롱드라방	cafe	126.34900	33.45790
살롱드봉	shop	126.53521	33.48880
살아있는해물뚝배기어마장장	food	126.52986	33.51110
살찐고등어	food	126.88472	33.52653
살찐붕어	food	126.50915	33.51262
삶다수	stay	126.51065	33.50723
삼거리상점	shop	126.29540	33.35738
삼겹구이	food	126.52062	33.50006
삼겹살동동	food	126.61862	33.53377
삼계별장	food	126.54222	33.48917
삼광개발주	stay	126.51980	33.51758
삼교리동치미막국수신제주점	food	126.47263	33.48185
삼교리동치미막국수제주점	food	126.51857	33.49422
삼구구이오	shop	126.96014	33.51286
삼구사구당구클럽	activity	126.47668	33.48884
삼구회포장센터	shop	126.66874	33.54065
삼국	shop	126.46429	33.49412
삼남매식당	food	126.54699	33.47533
삼다	activity	126.56186	33.51351
삼다가	food	126.49962	33.49093
삼다노래연습장	activity	126.51485	33.50736
삼다도시락	food	126.53707	33.49895
삼다도오메기떡	food	126.51891	33.50913
삼다도횟집	food	126.49933	33.51900
삼다도횟집주	food	126.49927	33.51903
삼다마트	shop	126.54104	33.50916
삼다마트	shop	126.58986	33.50981
삼다메디	shop	126.48719	33.49117
삼다몰보성	shop	126.52794	33.50331
삼다민박	stay	126.30485	33.44873
삼다민속관	shop	126.45298	33.46372
삼다반점	food	126.47376	33.48521
삼다백화면세점	shop	126.48776	33.48670
삼다소머리곰탕	food	126.52446	33.50553
삼다수산	shop	126.52852	33.51889
삼다수숲길	activity	126.66661	33.42090
삼다수승마목장	activity	126.66151	33.42929
삼다숲민박	food	126.67272	33.42883
삼다애민박	stay	126.67752	33.43548
삼다오에이시스템	shop	126.53716	33.50385
삼다온	food	126.66154	33.46105
삼다와이엘	food	126.52812	33.49843
삼다원	shop	126.52212	33.51726
삼다원녹차관광농원	shop	126.69072	33.48498
삼다잔치	food	126.52316	33.50807
삼다정	food	126.48859	33.48504
삼다종합악기	shop	126.53034	33.50156
삼다칼국수	food	126.49757	33.48802
삼다통닭화북점	food	126.57666	33.51763
삼다통신	shop	126.51487	33.49971
삼다티슈	shop	126.54195	33.49352
삼다푸줏간	shop	126.52423	33.49264
삼다해	food	126.54600	33.49812
삼다행복돌집	stay	126.39318	33.47019
삼다향	food	126.57142	33.51933
삼다호스텔	stay	126.48886	33.51816
삼담싱싱	food	126.51789	33.50938
삼대건강원	shop	126.54298	33.49809
삼대국수회관	food	126.53010	33.50687
삼대국수회관협재점	food	126.23535	33.38360
삼대장	food	126.54589	33.47368
삼대장도남점	food	126.52563	33.49820
삼대장삼화점	food	126.57934	33.51784
삼대장연동점	food	126.48683	33.48930
삼대전통고기국수	food	126.49860	33.49297
삼도건강원	shop	126.52326	33.50628
삼도골고루	food	126.52335	33.50421
삼도명가	food	126.52082	33.51092
삼도미쯔모모제주점	food	126.53921	33.50873
삼도밥상	food	126.52262	33.51296
삼도오리삼계	food	126.51411	33.50198
삼도제과	food	126.52809	33.50181
삼도제주보쌈	food	126.52265	33.50600
삼만원	stay	126.26343	33.41650
삼무곱창흑돼지	food	126.49161	33.49053
삼무공원	nature	126.49245	33.49146
삼무공원흑돼지	food	126.49226	33.49104
삼무국수	food	126.49098	33.49059
삼무해장국	food	126.49290	33.49205
삼무흑돼지	food	126.49068	33.48968
삼미보석	shop	126.52929	33.50000
삼미정흑돼지랑오리	food	126.49368	33.49206
삼미횟집제주	food	126.46372	33.50461
삼바리제주	food	126.52956	33.49757
삼바리제주연동점	food	126.49170	33.48712
삼바리회센타	food	126.52725	33.49714
삼백참치	food	126.48797	33.49274
삼번지	food	126.48247	33.51028
삼보	stay	126.52651	33.49985
삼보물산오메기	shop	126.53191	33.50069
삼보불교사	shop	126.53078	33.51243
삼보하우스	stay	126.68969	33.52431
삼복가든	food	126.67652	33.43670
삼복돌판구이	food	126.32285	33.46588
삼복정	food	126.51887	33.50035
삼산감자탕	food	126.59180	33.52859
삼삼구옥	stay	126.18247	33.34613
삼삼삼	shop	126.48794	33.48876
삼삼치킨	food	126.52723	33.49726
삼생이심야식당	food	126.51596	33.50840
삼성공조	shop	126.49143	33.47156
삼성드림소아청소년과건강기능식품	shop	126.53990	33.50664
삼성디지털도어록	shop	126.47789	33.48700
삼성마트	shop	126.52686	33.50081
삼성멀티프라자주	shop	126.53695	33.48571
삼성문구사	shop	126.52624	33.50332
삼성물산에잇세컨즈제주	shop	126.52534	33.51523
삼성비투비	shop	126.52706	33.50398
삼성상회	shop	126.51695	33.51075
삼성스포츠	shop	126.52030	33.51317
삼성시스템남부지사	shop	126.39943	33.42383
삼성식당	food	126.51790	33.51135
삼성약국	shop	126.47858	33.48638
삼성여관	stay	126.26441	33.41631
삼성재	stay	126.47731	33.49132
삼성전자디지털프라자화북점	shop	126.53267	33.49199
삼성전자비즈니스	shop	126.47593	33.46572
삼성정보	shop	126.56303	33.51125
삼성파워텔	shop	126.52265	33.46743
삼성한림센타	shop	126.26456	33.41476
삼성혈분식	food	126.52754	33.50615
삼성혈해물탕	food	126.46537	33.50389
삼성혈해물탕	food	126.49773	33.49122
삼성혈해물탕	food	126.49971	33.48800
삼성홈네트워크통신디지털도어록	shop	126.54002	33.48774
삼손가든	food	126.27178	33.41059
삼송빵집신제주점	food	126.48043	33.48497
삼시세끼	food	126.56685	33.51373
삼식이네	stay	126.88466	33.51847
삼식이네방앗간	food	126.88466	33.51847
삼신냉열	shop	126.52194	33.51567
삼신종합주방	shop	126.50721	33.49996
삼양	activity	126.58133	33.52101
삼양	shop	126.59317	33.52950
삼양검은모래축제	event	126.58658	33.52577
삼양금돼지	food	126.58775	33.52691
삼양다맛	food	126.59023	33.52710
삼양다방	cafe	126.58642	33.52147
삼양다쏘니	bar	126.58633	33.52146
삼양당구클럽	activity	126.58408	33.52089
삼양더리브	shop	126.58061	33.52099
삼양백년짜장	food	126.58408	33.52447
삼양상점	shop	126.58436	33.52444
삼양상회	shop	126.52591	33.51222
삼양서점	shop	126.59276	33.49174
삼양수산	shop	126.58905	33.52643
삼양스포츠문화센터	activity	126.58451	33.52010
삼양신발	shop	126.52824	33.51209
삼양약국	shop	126.58408	33.52089
삼양양곱창	food	126.58159	33.52230
삼양온누리약국	shop	126.58696	33.52153
삼양우숙이앤인생게장	food	126.58386	33.52190
삼양장원	food	126.58712	33.52112
삼양칼국수	food	126.58267	33.52440
삼양해변	shop	126.58657	33.52574
삼양해변라운딩스테이	stay	126.59157	33.52892
삼양해수욕장	beach	126.58526	33.52553
삼양해안도로	nature	126.57882	33.52534
삼영상회	shop	126.26519	33.41679
삼영상회	shop	126.85549	33.52334
삼영식당	food	126.37274	33.47304
삼오가구점	shop	126.51672	33.51106
삼오칠회센타	food	126.49295	33.48669
삼용	shop	126.49907	33.49384
삼원장어수산	shop	126.52606	33.51165
삼원컴퓨터	shop	126.51804	33.50711
삼월	shop	126.52684	33.51173
삼육오	food	126.53769	33.49826
삼육오	food	126.53059	33.51275
삼육오	activity	126.52274	33.50001
삼육오	stay	126.45822	33.50302
삼육오건강원	shop	126.50956	33.50746
삼의악오름	nature	126.56210	33.43987
삼인	bar	126.52674	33.51675
삼일삼오	stay	126.86876	33.52740
삼일식당	food	126.26352	33.40862
삼일제과	food	126.51404	33.50998
삼일코사마트	shop	126.58902	33.52701
삼일해장국	food	126.41512	33.48567
삼정상회	shop	126.37356	33.47327
삼주칼국수	food	126.54279	33.50424
삼진식품제주점	shop	126.52342	33.51768
삼차	bar	126.52936	33.49893
삼천리자전거	shop	126.47708	33.48496
삼천리자전거삼화점	shop	126.58085	33.52104
삼천리탑동	shop	126.52958	33.51652
삼첩분식	food	126.52436	33.49958
삼촌과조카	food	126.51220	33.51244
삼촌네밥상	stay	126.26766	33.39452
삼춘	stay	126.20842	33.36688
삼춘곱창	food	126.41457	33.48641
삼춘꼬마김밥	food	126.45214	33.46273
삼춘네식당	food	126.57409	33.51471
삼춘네오메기떡	food	126.50383	33.50949
삼춘민박	stay	126.41108	33.48822
삼춘뼈해장국	food	126.37615	33.48074
삼춘샤브샤브	food	126.59419	33.49104
삼춘이야기	food	126.43055	33.48763
삼춘이야기	food	126.46868	33.48324
삼치회사랑	food	126.53029	33.49289
삼칠일	shop	126.52463	33.51316
삼학년	bar	126.53968	33.50961
삼해인관광호텔	stay	126.48940	33.49133
삼해횟집	food	126.42902	33.48423
삼현스크린골프	activity	126.51613	33.46086
삼형제다락방	shop	126.63392	33.49451
삼형제민재민형민준이네	food	126.58954	33.50863
삼형제시골순대	food	126.58678	33.52391
삼화	activity	126.57304	33.51981
삼화가츠우동	food	126.57945	33.51676
삼화건강원	shop	126.57909	33.51668
삼화단란주점	bar	126.56701	33.51903
삼화동부스크린골프	activity	126.59013	33.51638
삼화마트	shop	126.58719	33.51730
삼화반점	food	126.58141	33.51613
삼화배달통	food	126.57909	33.51668
삼화복권판매점	activity	126.57670	33.51684
삼화사랑약국	shop	126.58099	33.51562
삼화센트럴스크린골프	activity	126.57990	33.51642
삼화수산해물포차	food	126.58842	33.52745
삼화스크린골프용품점	activity	126.57267	33.51542
삼화스크린골프존투	activity	126.57267	33.51542
삼화스크린골프죤투구내	activity	126.57267	33.51542
삼화옛날통닭	food	126.57389	33.51752
삼화옛통치킨	food	126.57388	33.51748
삼화올레국수	food	126.57404	33.51443
삼화왕갈비	food	126.57409	33.51471
삼화주구	bar	126.58141	33.51613
삼화지구빙수	food	126.57384	33.51387
삼화포구	food	126.58910	33.52874
삼화포크	food	126.57954	33.51603
삼화풋살파크	activity	126.59710	33.51781
삼화프로당구클럽	activity	126.57572	33.51444
삼화회센터	food	126.57571	33.51477
상가리야자숲	nature	126.35848	33.43943
상객해물포차	food	126.54702	33.49373
상구비어	bar	126.47721	33.48955
상구비어삼화점	bar	126.58603	33.51928
상구비어화북	bar	126.56554	33.51975
상귀농장	shop	126.47489	33.49724
상귀리아	stay	126.40040	33.46902
상대네떡볶이	food	126.47489	33.49724
상도	bar	126.53210	33.49687
상도상회	shop	126.86332	33.51671
상도셋질목	stay	126.86545	33.51397
상례차림	food	126.53553	33.51664
상록스테이	stay	126.63953	33.54067
상리당구클럽	activity	126.54210	33.50303
상명국수집	food	126.47051	33.49528
상명식당	food	126.27411	33.35796
상명종합장식	shop	126.47051	33.49528
상민상회	shop	126.52435	33.50242
상상	shop	126.52463	33.51316
상상	food	126.66226	33.54323
상상그룹	shop	126.32569	33.33450
상상종합상사	shop	126.51018	33.51069
상상하우스	stay	126.40854	33.47191
상송하우스	stay	126.26409	33.37323
상아	activity	126.51756	33.50019
상아약국	shop	126.51106	33.50970
상아탑	food	126.56180	33.46071
상암당구클럽	activity	126.47797	33.48784
상원	food	126.51297	33.51165
상원식품	shop	126.55311	33.50379
상위호환	food	126.52844	33.49915
상이군경식당	food	126.53184	33.49331
상익	bar	126.52378	33.51342
상일낚시	shop	126.53637	33.50753
상일리베가구	shop	126.47684	33.49339
상추자항	nature	126.29563	33.96267
상하이반점	food	126.85675	33.52360
상향평준화	cafe	126.52189	33.50910
상호네숯불구이	food	126.54966	33.49906
상희식당	food	126.25709	33.39434
새길	shop	126.48982	33.49318
새낭	stay	126.62381	33.52935
새녘	stay	126.87870	33.52029
새다모아	bar	126.52342	33.50733
새담	shop	126.49229	33.48510
새둥지	food	126.53172	33.50064
새또미	shop	126.29701	33.35923
새로나노래연습장	activity	126.52421	33.49906
새로나침구	shop	126.54246	33.50958
새록	cafe	126.55050	33.47384
새론별장	stay	126.20718	33.36048
새마루	food	126.57331	33.52483
새마을상회	shop	126.32657	33.94516
새마을식당제주연동점	food	126.49098	33.48799
새마을알뜰매장혼디모앙	shop	126.51398	33.50410
새마을포차	food	126.48027	33.47652
새몽실	food	126.49524	33.48856
새물	cafe	126.36970	33.47859
새미공조시스템즈	shop	126.54018	33.51355
새미동산	activity	126.62336	33.49514
새미언덕	food	126.61034	33.50148
새미은총의동산	heritage	126.32376	33.34828
새벽길국밥	food	126.53311	33.46326
새벽집	food	126.54286	33.50179
새벽해장국플랑	food	126.46554	33.50323
새별별하	stay	126.33861	33.38419
새별스테이	stay	126.26299	33.37365
새별식당	food	126.31434	33.41575
새별약국	shop	126.26434	33.40866
새별오름	nature	126.35760	33.36630
새별커텐	shop	126.47489	33.49724
새별프렌즈	activity	126.36367	33.36159
새봄민박	stay	126.58709	33.52543
새봄약국	shop	126.48013	33.48361
새빌	cafe	126.36367	33.36159
새빌레유통	shop	126.40028	33.44331
새빛	food	126.48541	33.49168
새서울떡집	food	126.54227	33.51008
새손	food	126.53008	33.50072
새손갈비	food	126.53008	33.50072
새손숯불갈비	food	126.47810	33.48915
새솔노래연습장	activity	126.48074	33.48828
새신랑	shop	126.52894	33.49640
새신오름	nature	126.23796	33.29786
새애월	stay	126.31411	33.46332
새오름슈퍼	shop	126.25527	33.33052
새우동	food	126.53077	33.49870
새우새요	food	126.52894	33.49640
새재암식당	food	126.24112	33.39418
새중앙약국	shop	126.52481	33.51267
새천년	bar	126.58408	33.52089
새큰이가든	food	126.33067	33.44950
새평화식당	food	126.51790	33.51135
새한라회관	food	126.26447	33.41141
새한온누리약국	shop	126.49606	33.48585
새힘약국	shop	126.52450	33.49966
색갈찾기	shop	126.52431	33.51092
색달가든	food	126.53457	33.49771
색종이	bar	126.49176	33.48798
샌드데이	food	126.52463	33.51316
샌드샵	shop	126.52894	33.49640
샌드앤밀크	stay	126.31067	33.43014
샌드힐스테이	stay	126.94395	33.50244
샌디앤스토니	stay	126.30191	33.44690
샌치블리	food	126.47918	33.47743
샐러데이즈제주삼화점	food	126.58128	33.51953
샐러드냉장고	food	126.47895	33.48768
샐러드바스켓제주	food	126.48890	33.48561
샐러드샌드위치달리는커피제주삼화점	cafe	126.58209	33.51703
샐러디아	food	126.48460	33.48866
샐러디제주	food	126.52682	33.50053
샐러디제주	food	126.48391	33.48167
샐럽올데이	cafe	126.49762	33.49222
샐리가든커피	cafe	126.53607	33.49292
샐리스	stay	126.34171	33.46466
샐리스제주호텔	stay	126.34172	33.46466
샐모	food	126.57995	33.51712
샐비아	shop	126.49086	33.48706
샘	shop	126.49615	33.50107
샘나도	stay	126.63245	33.53429
샘물노래연습장	activity	126.53725	33.51380
샘물식당	food	126.40874	33.42878
샘물카페	bar	126.54187	33.50300
샘베이킹스튜디오	food	126.54458	33.50566
샘세라믹	activity	126.47445	33.48168
샘스제주캔들	shop	126.30988	33.46261
샘이네집	food	126.51790	33.51135
샘천	food	126.53597	33.49955
샘터	food	126.52416	33.49944
샘터휴양팬션	stay	126.67341	33.43644
샛도리물	nature	126.58920	33.52910
샛별문구	shop	126.47550	33.48524
샛별문구구내	shop	126.56256	33.51930
생각대로컴	shop	126.26363	33.41589
생각의오름	stay	126.78258	33.47102
생각할때남녕	cafe	126.48264	33.48889
생고기김치찌개	food	126.54075	33.48494
생고기통김치찌개	food	126.26091	33.41353
생구	food	126.67276	33.54370
생그린	shop	126.49471	33.48485
생그린광양	shop	126.52876	33.50179
생길국수	food	126.52493	33.50449
생돈구이촌	food	126.48003	33.48802
생돈우리	food	126.46180	33.47987
생마차	food	126.48957	33.48875
생마차	food	126.47663	33.48808
생마차제주	bar	126.52808	33.49967
생마차제주	food	126.54267	33.50298
생미초밥	food	126.51826	33.51303
생방송	bar	126.26453	33.41588
생방송호프	bar	126.26404	33.41692
생생	food	126.53783	33.51091
생생노래연습장	activity	126.43173	33.48609
생생약국	shop	126.48073	33.48401
생선집	shop	126.31915	33.46593
생선파는자매	shop	126.26484	33.41551
생수모텔	stay	126.52451	33.50831
생이소리	food	126.61145	33.46569
생이소리	food	126.54004	33.48925
생태관광주간	event	126.63773	33.53895
생활맥주제주연동점	bar	126.49049	33.48642
생활의향기	shop	126.52591	33.51406
샤넬	bar	126.49101	33.48275
샤또	bar	126.49032	33.48872
샤라의정원	stay	126.69903	33.48580
샤랄라드레스메이크업	shop	126.53241	33.51142
샤랄라제주	shop	126.51790	33.51135
샤론앤이든	cafe	126.47745	33.48366
샤르망	bar	126.52250	33.50002
샤방샤방	bar	126.49320	33.49021
샤부돈	food	126.52198	33.49579
샤브르정원제주점	food	126.54014	33.48839
샤브마니아제주	food	126.47437	33.47922
샤브마니아제주삼화점	food	126.58039	33.51309
샤브마니아제주스카이워터쇼점	food	126.74305	33.42411
샤브마니아제주아라점	food	126.53617	33.48520
샤브마니아제주외도점	food	126.42700	33.48577
샤브마니아제주한림점	food	126.26836	33.41245
샤브앤샤브	food	126.54210	33.50303
샤브올데이제주도남점	food	126.53024	33.48352
샤브올데이제주삼화점	food	126.57438	33.51476
샤브왕	food	126.25709	33.39434
샤브킹	food	126.53155	33.49534
샤샤의앞치마	shop	126.33406	33.44375
샤이니	stay	126.78428	33.47069
샤이니숲길	nature	126.66171	33.42728
샤이니호텔	stay	126.78428	33.47071
샤인	shop	126.52463	33.51316
샤인골드	shop	126.47803	33.48694
샤인모텔	stay	126.48971	33.48506
샤인부띠끄	shop	126.47528	33.48927
샤인블루스	food	126.53698	33.50514
샤인안경	shop	126.52949	33.50121
샤커	bar	126.43177	33.48767
샤트렌구제주	shop	126.52580	33.51293
샤프	bar	126.52098	33.50004
샤헨	shop	126.54864	33.47460
샨티	food	126.53131	33.49880
샨티샨티게스트하우스	stay	126.71398	33.55263
샬롬	shop	126.49033	33.48968
샵가이아	shop	126.52069	33.50711
샵모텔	stay	126.49235	33.48623
샵제주	shop	126.48677	33.50286
샵제주	shop	126.39042	33.48775
샵채널	shop	126.49111	33.48857
샵토스트앤커피	cafe	126.61088	33.46864
샹들리에펜션	stay	126.22077	33.37272
샾	bar	126.52947	33.49951
샾	bar	126.49595	33.48759
서가도삼계탕	food	126.51624	33.51527
서가식탁	food	126.35274	33.44185
서가앤쿡제주점	food	126.52750	33.51738
서경밥상	food	126.47669	33.49264
서광마을국수	food	126.48322	33.51056
서광채	stay	126.94630	33.50963
서광카페	food	126.72013	33.55674
서귀포모녀식당	food	126.49877	33.48749
서귀포신용이식당	food	126.47338	33.48277
서귀포용이식당제주	food	126.53145	33.49876
서노기	food	126.51324	33.50573
서늘다방	cafe	126.70236	33.45900
서늘선흘	stay	126.71487	33.46113
서담미가	stay	126.25638	33.37105
서도가든	food	126.56598	33.52181
서랍	shop	126.74796	33.55434
서로여관	stay	126.52043	33.50211
서리논	food	126.19626	33.33861
서리어	stay	126.30342	33.42163
서린	shop	126.52197	33.51015
서림채	stay	126.19657	33.35083
서림채	stay	126.19684	33.35100
서림채스테이	stay	126.19669	33.35092
서림칡냉면	food	126.56697	33.52032
서머셋	bar	126.49368	33.48964
서문	food	126.52906	33.50016
서문공설시장	shop	126.51795	33.51137
서문국수	food	126.51871	33.51204
서문대우식당	food	126.51790	33.51135
서문뒷고기	food	126.52036	33.51081
서문레지던스호텔	stay	126.51749	33.51051
서문로정육식당	food	126.51818	33.51087
서문상회	shop	126.51790	33.51135
서문양품	shop	126.51789	33.51166
서문올레	food	126.51790	33.51135
서문이불	shop	126.51790	33.51135
서문일번지식당	food	126.51790	33.51135
서문중고시장	shop	126.51704	33.51160
서문커텐전시장	shop	126.53678	33.50394
서미갈비	food	126.47599	33.48823
서민남양체인	shop	126.52315	33.51445
서민당	food	126.54491	33.49880
서바	food	126.47827	33.49097
서바다한우정육식당	food	126.50371	33.47329
서보구제옷	bar	126.26176	33.41521
서부관광휴게마트	shop	126.45015	33.46259
서부관광휴게소	shop	126.45015	33.46259
서부기원	activity	126.26484	33.41551
서부낚시	shop	126.45014	33.49509
서부두	food	126.52909	33.51683
서부두수산시장	shop	126.53001	33.51704
서부두윤가네흑염소	food	126.52909	33.51683
서부두한라	food	126.52803	33.51708
서부식당	food	126.26388	33.41681
서부프라자	shop	126.26499	33.40963
서부회센타	food	126.44070	33.48926
서사라	stay	126.52011	33.50345
서사라모이세해장국	food	126.51419	33.50342
서사라빈티지	shop	126.52168	33.50424
서사라이불	shop	126.51790	33.51135
서사라튼튼약국	shop	126.52005	33.50014
서사라패션	shop	126.51849	33.50067
서사로라이브러리	shop	126.51872	33.50189
서서방숯불닭갈비	food	126.49031	33.48662
서서방숯불닭갈비아라점	food	126.54514	33.47404
서서아이스노형얼음정원	shop	126.48528	33.47651
서서아이스크림노형해모로점	shop	126.48581	33.48459
서서아이스크림연동점얼음정원	shop	126.48749	33.49172
서서아이스크림용담점	shop	126.51336	33.51252
서서아이스크림정존점	shop	126.47397	33.48674
서서아이스크림할인점	shop	126.53828	33.48810
서서히	cafe	126.53910	33.50469
서술	food	126.32101	33.46405
서신정	shop	126.88351	33.51802
서심	stay	126.70635	33.46381
서씨네포차	food	126.51959	33.50271
서아	food	126.51472	33.49859
서아루	stay	126.56412	33.52406
서아통상주	shop	126.49067	33.47594
서양식탁	food	126.53508	33.48933
서연	stay	126.50194	33.49735
서연다육식물	shop	126.50230	33.47483
서영이네	stay	126.44062	33.49412
서영이네해돈가	food	126.49279	33.49052
서오릉다슬기제주점	food	126.53086	33.50106
서와민박	stay	126.18393	33.35481
서왕전기	shop	126.34977	33.46066
서우봉둘레길	activity	126.66415	33.54073
서우봉떡집	food	126.67449	33.53951
서우봉비치호텔	stay	126.66028	33.54283
서우시스템	shop	126.49793	33.48095
서우타운펜션	stay	126.65926	33.54064
서우회포장	food	126.53857	33.50881
서울	bar	126.85643	33.52294
서울	stay	126.51811	33.50840
서울가구사	shop	126.47824	33.49536
서울국수가게	food	126.85642	33.52582
서울냉면	food	126.53399	33.50248
서울냉면신제주점	food	126.49965	33.48819
서울뚝배기	food	126.49664	33.48070
서울매점	shop	126.46831	33.47886
서울명동칼국수	food	126.62471	33.53097
서울민박	stay	126.29561	33.95966
서울보청기	shop	126.52495	33.50024
서울분식	food	126.52782	33.51228
서울빵집	food	126.40417	33.48096
서울샵	shop	126.51737	33.51172
서울슈퍼	shop	126.63671	33.53609
서울식당	food	126.66773	33.54191
서울아산헬스케어연구소	shop	126.66746	33.54154
서울안경콘택트	shop	126.53148	33.49776
서울양행	shop	126.26491	33.41301
서울옛날떡볶이	food	126.47970	33.49156
서울우유참선진제주가정지사	shop	126.53586	33.51664
서울의료기상사	shop	126.54693	33.49684
서울제복사	shop	126.52824	33.51209
서울청과	shop	126.52506	33.51215
서울침구	shop	126.52824	33.51209
서울풍미해장국뼈감자탕	food	126.52166	33.51738
서원토종닭	food	126.53377	33.50942
서월화	stay	126.90308	33.49426
서유기마라탕앤딤섬연동점	food	126.49465	33.48070
서유기마라탕제주대점	food	126.56227	33.46041
서유기마라탕하귀점	food	126.41427	33.48207
서유기마라탕한림점	food	126.26411	33.40900
서윤의숲길	stay	126.22597	33.32649
서은이네생고기	food	126.49081	33.48440
서은통닭	food	126.53728	33.50085
서을	stay	126.31538	33.44207
서이	cafe	126.52455	33.49869
서일상회	shop	126.51880	33.51111
서자매김밥	food	126.48519	33.48504
서점숙소	stay	126.69885	33.54882
서정적인	stay	126.18151	33.34925
서제	stay	126.19300	33.30088
서준	shop	126.50890	33.48829
서진	bar	126.54092	33.50704
서진마트	shop	126.54276	33.50659
서진이네디저트	food	126.53914	33.51247
서진향해장국	food	126.56830	33.46318
서진향해장국신제주점	food	126.49679	33.48044
서쪽가게	shop	126.24390	33.39566
서쪽강생이	stay	126.25496	33.30861
서쪽김밥	food	126.26458	33.41446
서쪽바다민박	stay	126.18123	33.35096
서쪽밤	food	126.24140	33.39258
서쪽부엌	food	126.52936	33.51456
서쪽스테이	stay	126.18112	33.30542
서쪽아이	stay	126.20167	33.34898
서쪽에서귤이네	stay	126.27084	33.31759
서쪽의결	stay	126.23351	33.29804
서쪽하늘	cafe	126.16620	33.28922
서촌제	food	126.48774	33.47162
서툰공작소	shop	126.40256	33.45056
서펍	bar	126.58709	33.52543
서프사이드그릴	food	126.48821	33.47065
서플라이죠지	food	126.22785	33.33772
서향해장국	food	126.67436	33.53822
서현해장국	food	126.37737	33.48418
서호네뚝배기	food	126.51399	33.51087
서화우도	stay	126.95702	33.51544
서후네민박	stay	126.39009	33.45515
서흘포	food	126.67554	33.53898
서흘포가든	food	126.58727	33.52457
서흘포가든서사라점	food	126.52000	33.49657
서희원꼬지닷컴제주월랑점	food	126.47718	33.49228
서희원꼬지닷컴한라점	food	126.48744	33.47849
서희원꼬치닷컴	food	126.48541	33.49168
석다원	food	126.88911	33.52702
석류다방	cafe	126.53148	33.51203
석볶이	food	126.63787	33.53692
석송	stay	126.21521	33.34156
석양이아름다운집	stay	126.19580	33.33172
석이네보쌈	food	126.48453	33.48675
석정삼계탕	food	126.56232	33.52158
석조피싱	shop	126.47641	33.49347
석주로	bar	126.52339	33.49951
석컴퍼니	activity	126.58637	33.52283
석클라이밍짐	activity	126.58637	33.52283
석화	cafe	126.49323	33.49167
석화단란주점	bar	126.54252	33.50861
석화카페	bar	126.52181	33.51298
선	shop	126.49596	33.50594
선갤러리카페	cafe	126.51358	33.47501
선경수예	shop	126.52824	33.51209
선경의자	shop	126.48354	33.49346
선국수	food	126.69569	33.51263
선너머섬	stay	126.20744	33.35295
선녀	bar	126.52800	33.50287
선녀와나무꾼	activity	126.70371	33.47923
선녀정	shop	126.51139	33.51074
선농수산	shop	126.49845	33.49935
선돌민박	stay	126.94166	33.50620
선명	food	126.46787	33.49515
선명희피자	food	126.67040	33.53983
선문	cafe	126.52071	33.51183
선물	bar	126.53949	33.50863
선물가게바나나신제주점	shop	126.49020	33.48571
선보	shop	126.48037	33.47609
선봉식당	food	126.53270	33.49834
선사헬스	activity	126.58637	33.52283
선상바베큐	food	126.50349	33.51619
선셋봉고	shop	126.83779	33.53690
선셋커피스탠드	cafe	126.51701	33.51683
선셋티아	stay	126.70571	33.50779
선스테이호텔	stay	126.49010	33.48368
선양빌리지돔	stay	126.64387	33.47467
선연채	stay	126.71929	33.55563
선영이네고기집	food	126.47360	33.49012
선운정사	heritage	126.30716	33.42939
선유디엔씨	stay	126.24441	33.39707
선이네밥집	food	126.63997	33.53815
선인가든	food	126.70053	33.48590
선인라인	food	126.79734	33.55502
선인명상센터	activity	126.69744	33.48274
선인장	food	126.21512	33.37751
선인장	shop	126.48980	33.48763
선인장길	stay	126.21621	33.37814
선인장여관	stay	126.52262	33.51296
선인장을부탁해	stay	126.21428	33.37607
선일금고제주점	shop	126.52821	33.50074
선일종합화장품	shop	126.54369	33.50690
선임이네	shop	126.52673	33.51190
선장과해녀	food	126.66218	33.54498
선장네회포차	food	126.47096	33.48289
선주청과	cafe	126.24056	33.39338
선창식당투	food	126.61978	33.53742
선한종이	stay	126.67191	33.49642
선한필름카페	cafe	126.67191	33.49642
선현재	stay	126.61726	33.53696
선호전자통신	shop	126.52476	33.51192
선화동왕십리막창구이	food	126.32112	33.46402
선화모텔	stay	126.54015	33.50888
선화우민박	stay	126.51328	33.48554
선흘	food	126.69921	33.48578
선흘고깃집	food	126.69988	33.51173
선흘곶	food	126.69015	33.51089
선흘곶	food	126.71800	33.50820
선흘곶사계	stay	126.70629	33.51512
선흘그곶	stay	126.70665	33.51307
선흘길	stay	126.69985	33.50648
선흘네모김밥국수	food	126.71039	33.45493
선흘다움	stay	126.70368	33.48656
선흘리에	stay	126.71219	33.50969
선흘림	stay	126.70525	33.50744
선흘마당	food	126.70900	33.47258
선흘바농	stay	126.68923	33.51965
선흘바람	food	126.71052	33.45506
선흘방주할머니식당	food	126.70040	33.48461
선흘별숲	stay	126.71283	33.45889
선흘별채	stay	126.69098	33.51410
선흘숲	stay	126.70306	33.49259
선흘쉐어하우스함덕	stay	126.70904	33.50962
선흘쉼터	bar	126.71031	33.45833
선흘아이	stay	126.70503	33.50753
선흘안	stay	126.69470	33.49316
선흘언니네	shop	126.70530	33.51148
선흘에머물다	stay	126.70959	33.46014
선흘에서	cafe	126.70373	33.45836
선흘장수촌	food	126.69569	33.51263
선흘재	stay	126.71086	33.45814
선흘주택	stay	126.70543	33.51008
선흘집	stay	126.71356	33.45746
선흘초옥	stay	126.70411	33.45846
선흘풍경채	stay	126.69617	33.51437
선흘하우스	stay	126.70342	33.48719
선희노래연습장	activity	126.26343	33.41441
설농옥	food	126.53191	33.50069
설농옥	food	126.52358	33.51181
설담하루	stay	126.65791	33.47570
설렁설렁	cafe	126.54833	33.48442
설레라인도네시아	food	126.52511	33.51434
설레임	shop	126.48512	33.48580
설렘민박	stay	126.30784	33.45195
설렘제주	food	126.47559	33.48680
설록	food	126.26172	33.32292
설맥	bar	126.54262	33.50220
설문대	cafe	126.26343	33.41650
설문대유통	shop	126.55686	33.51211
설문대의료기	shop	126.51346	33.50428
설빙신제주	cafe	126.49022	33.48618
설빙외도일동점	cafe	126.43215	33.48800
설빙제주	cafe	126.66803	33.54161
설빙제주	cafe	126.52989	33.49803
설빙제주	cafe	126.54071	33.50703
설빙제주대	cafe	126.54530	33.47201
설빙제주삼화점	cafe	126.57668	33.51562
설빙제주아라점	cafe	126.54090	33.49396
설심당	food	126.47306	33.49103
설아네횟집	food	126.42960	33.48484
설악산황태	food	126.46974	33.50674
설악추어탕제주지사	food	126.58937	33.51719
설인	shop	126.43481	33.48937
설촌명가	food	126.58133	33.52241
설탕	bar	126.52777	33.50178
설화	food	126.53284	33.48915
섬	cafe	126.22826	33.40533
섬고래	food	126.23003	33.38845
섬곳간	food	126.50893	33.48171
섬나라횟집	food	126.85671	33.52640
섬노예	bar	126.85581	33.52318
섬노을	stay	126.26972	33.39689
섬노트	food	126.51625	33.51085
섬다육	shop	126.26744	33.40645
섬데이제주	stay	126.79985	33.55444
섬돌	food	126.50980	33.50444
섬돌레기	food	126.52353	33.51010
섬마당갈비	food	126.52945	33.50777
섬마을	food	126.94359	33.50272
섬마을과자점	food	126.52378	33.51342
섬마을낚시	shop	126.25988	33.41347
섬물	shop	126.52870	33.51284
섬사랑민박	stay	126.38221	33.48527
섬소나이	food	126.95757	33.51331
섬속의섬민박	stay	126.31732	33.46514
섬수산	shop	126.86699	33.52300
섬숨쉼제주	stay	126.17222	33.32739
섬안의섬	stay	126.94876	33.50888
섬에머물다	stay	126.66783	33.48872
섬오름	food	126.65585	33.54994
섬위로	stay	126.77209	33.47133
섬이다	food	126.48901	33.46988
섬조각	shop	126.52741	33.51490
섬집	food	126.52526	33.49813
섬집오후	stay	126.63428	33.53825
섬타르공항드림	cafe	126.47820	33.48757
섬토박이	food	126.95854	33.51234
섬펜션	stay	126.22827	33.40533
섬풍경휴양펜션	stay	126.16844	33.30707
섬횟집	food	126.47173	33.50875
섭섭이네	food	126.78439	33.47159
섭씨제주	food	126.50800	33.51279
섭재	stay	126.25412	33.37989
섭지모래	food	126.54187	33.50300
성가편물	shop	126.52478	33.51164
성게마을	food	126.49564	33.48712
성게애빠져	food	126.49595	33.48759
성경상회	shop	126.52735	33.51203
성경종합상회	shop	126.52737	33.51183
성공	food	126.52398	33.51656
성관수산	shop	126.53039	33.51691
성광상회	shop	126.52730	33.51241
성굴왓	stay	126.18406	33.33851
성김대건신부표착기념관	heritage	126.16774	33.32289
성남당	food	126.51859	33.50024
성림스테이	stay	126.52654	33.49993
성무유통	shop	126.25304	33.35414
성미가든	food	126.67687	33.43755
성미건어물	shop	126.56636	33.52182
성미식당	food	126.52035	33.49834
성미양품	shop	126.52831	33.51280
성민흑돼지유통	shop	126.75432	33.55546
성불오름	nature	126.80869	33.45946
성불화	shop	126.53481	33.49704
성산가는길	stay	126.86595	33.51375
성산별곡	food	126.48243	33.48463
성산봄죽칼국수동화마을	food	126.73298	33.43702
성산세화해안도로	nature	126.90653	33.51009
성산이불	shop	126.52831	33.51280
성산포목	shop	126.52824	33.51209
성세기해변	shop	126.75984	33.55710
성수미술관	heritage	126.88652	33.52692
성수식당	food	126.55857	33.44915
성심각	food	126.52891	33.49094
성심돈	food	126.48788	33.49194
성심세탁기계	shop	126.47853	33.49336
성심조림	food	126.48995	33.49148
성아시	food	126.23043	33.38849
성아시유통	shop	126.38102	33.48079
성안노래연습장	activity	126.32018	33.46483
성안식당	food	126.32018	33.46483
성안식당	food	126.17965	33.30313
성엽이네숯불구이	food	126.59692	33.48766
성우장	stay	126.52533	33.49938
성우해양	activity	126.50782	33.51107
성운사이언스	shop	126.53353	33.50326
성원씨에스	shop	126.67092	33.51351
성원유통	shop	126.32866	33.94581
성원이동통신	shop	126.53951	33.50700
성원통신	shop	126.53951	33.50700
성윤국가대표아구찜앤알곤이찜	food	126.43238	33.48709
성이시돌목장	activity	126.32675	33.35017
성일전자월드유통	activity	126.50856	33.50635
성일청과	shop	126.26492	33.41543
성전건강원	shop	126.26551	33.41111
성제	shop	126.49176	33.48602
성종약국	shop	126.52495	33.50024
성지길	food	126.52390	33.50999
성지오름	cafe	126.53001	33.51117
성지편의점	shop	126.54047	33.50794
성진공예	shop	126.56700	33.52387
성진냉열	shop	126.49059	33.47754
성진아쿠아옌	shop	126.50532	33.49507
성춘	food	126.53042	33.51129
성태	food	126.48456	33.48375
성판악	nature	126.62040	33.38490
성현식품	shop	126.52559	33.51113
성호민박	stay	126.37398	33.47649
성화공조	shop	126.50441	33.46501
성화촌	food	126.50782	33.51107
세가름	food	126.18507	33.34938
세개의꽃나무	stay	126.86451	33.51364
세경민박	stay	126.20246	33.30172
세계그릇도매	shop	126.50437	33.49942
세계로마트도남점	shop	126.52709	33.49522
세계로마트아라점	shop	126.54975	33.47644
세계로마트정육수산	shop	126.52709	33.49522
세계로축산	shop	126.54975	33.47644
세광양대창제주연동점	food	126.49234	33.48670
세기알해변	beach	126.75630	33.55770
세나쿠룸제주	stay	126.30129	33.44497
세난포레스트	stay	126.67808	33.49369
세남매	food	126.53490	33.50884
세남매	stay	126.46412	33.48589
세낭크	stay	126.23739	33.30285
세논오라	cafe	126.70367	33.48583
세다리	food	126.52175	33.49842
세도나제주풀빌라민박	stay	126.39042	33.48775
세딸농원	shop	126.25622	33.34445
세라	shop	126.52655	33.51434
세라스테이	stay	126.86044	33.50577
세라젬웰카페제주	cafe	126.48456	33.48167
세러데이아일랜드	food	126.84406	33.53254
세렌디피아	bar	126.43139	33.48756
세렌디피티	stay	126.50838	33.51257
세렝게티	stay	126.25515	33.40494
세론여관	stay	126.26404	33.41692
세리	shop	126.48657	33.48125
세리민박	stay	126.19952	33.30364
세리빠	food	126.52439	33.51601
세명통신	shop	126.52449	33.51230
세모	food	126.80818	33.55311
세모스포츠	shop	126.52442	33.51460
세몰라	food	126.51671	33.50329
세미	shop	126.52928	33.49904
세미라	shop	126.49111	33.48857
세미식당	food	126.66384	33.46924
세미콜론	cafe	126.54131	33.49315
세민	shop	126.74305	33.42411
세바준	bar	126.26346	33.41418
세별담	stay	126.50341	33.50208
세브란스약국	shop	126.53774	33.50481
세븐	bar	126.52654	33.50047
세븐	activity	126.54166	33.50818
세븐골프	activity	126.47441	33.48471
세븐스타코인노래연습장제주	activity	126.52984	33.49832
세븐스타코인노래연습장제주삼화점	activity	126.58141	33.51613
세븐스토어	shop	126.52928	33.51489
세븐일레븐아라중점	shop	126.54446	33.48574
세븐일레븐이도	shop	126.53401	33.50319
세븐일레븐전농로점	shop	126.52169	33.50461
세븐일레븐제주	shop	126.53689	33.49345
세븐일레븐제주	shop	126.52871	33.49766
세븐일레븐제주	shop	126.51473	33.50025
세븐일레븐제주가령로점	shop	126.53302	33.49660
세븐일레븐제주가이아호텔점	shop	126.49065	33.48944
세븐일레븐제주거문덕이점	shop	126.39742	33.43112
세븐일레븐제주고산로점	shop	126.53130	33.49794
세븐일레븐제주공항서로점	shop	126.48984	33.50191
세븐일레븐제주관광대점	shop	126.43405	33.44781
세븐일레븐제주광령	shop	126.43984	33.46108
세븐일레븐제주교래	shop	126.67658	33.43633
세븐일레븐제주교래사려니점	shop	126.67296	33.43232
세븐일레븐제주글로스터호텔점	shop	126.49263	33.49009
세븐일레븐제주금능	shop	126.22572	33.38606
세븐일레븐제주금등리점	shop	126.19362	33.36192
세븐일레븐제주김녕해수욕장점	shop	126.75984	33.55710
세븐일레븐제주낙	shop	126.22558	33.32771
세븐일레븐제주남성로점	shop	126.51814	33.50904
세븐일레븐제주납읍점	shop	126.32490	33.43469
세븐일레븐제주노형	shop	126.48302	33.48509
세븐일레븐제주노형	shop	126.48412	33.47879
세븐일레븐제주노형	shop	126.48280	33.48627
세븐일레븐제주노형	shop	126.47784	33.48588
세븐일레븐제주노형	shop	126.48149	33.48882
세븐일레븐제주노형메르헨점	shop	126.48630	33.48231
세븐일레븐제주노형백두점	shop	126.48475	33.48645
세븐일레븐제주노형파크점	shop	126.48265	33.48326
세븐일레븐제주노형한신점	shop	126.48460	33.48866
세븐일레븐제주대원룸타운점	shop	126.55975	33.44907
세븐일레븐제주대자연과학점	shop	126.56429	33.45723
세븐일레븐제주대학	shop	126.54702	33.46878
세븐일레븐제주더	shop	126.48944	33.48551
세븐일레븐제주더호텔점	shop	126.49447	33.48958
세븐일레븐제주덕	shop	126.75124	33.48160
세븐일레븐제주도남로점	shop	126.52510	33.49953
세븐일레븐제주도두봉점	shop	126.46842	33.50565
세븐일레븐제주도두점	shop	126.46379	33.50478
세븐일레븐제주드림	shop	126.48147	33.48526
세븐일레븐제주라마다시티점	shop	126.53429	33.49350
세븐일레븐제주로얄점	shop	126.49217	33.48864
세븐일레븐제주롯데오토하우스점	shop	126.50147	33.50896
세븐일레븐제주못	shop	126.27780	33.39318
세븐일레븐제주번영로점	shop	126.58434	33.49508
세븐일레븐제주북촌점	shop	126.70147	33.55109
세븐일레븐제주사대부고점	shop	126.51059	33.51269
세븐일레븐제주산지로점	shop	126.52926	33.51483
세븐일레븐제주삼무공원점	shop	126.49331	33.49184
세븐일레븐제주삼무파크점	shop	126.49114	33.49268
세븐일레븐제주삼성	shop	126.53225	33.51017
세븐일레븐제주삼양	shop	126.58163	33.52300
세븐일레븐제주삼화부영	shop	126.57384	33.51387
세븐일레븐제주상가	shop	126.34086	33.44973
세븐일레븐제주상가리점	shop	126.35272	33.42930
세븐일레븐제주상귀중앙	shop	126.40872	33.47293
세븐일레븐제주선흘점	shop	126.69969	33.48537
세븐일레븐제주세화점	shop	126.85614	33.52256
세븐일레븐제주센추리호텔점	shop	126.40892	33.48486
세븐일레븐제주센트럴시티호텔점	shop	126.48712	33.48576
세븐일레븐제주소길리점	shop	126.38021	33.42993
세븐일레븐제주송당	shop	126.78137	33.47220
세븐일레븐제주수동	shop	126.23680	33.33678
세븐일레븐제주시민회관점	shop	126.52437	33.50854
세븐일레븐제주신산로점	shop	126.53160	33.51289
세븐일레븐제주신산파크점	shop	126.53074	33.50442
세븐일레븐제주신설동점	shop	126.54858	33.49648
세븐일레븐제주신엄리점	shop	126.37269	33.47479
세븐일레븐제주신창리점	shop	126.18274	33.34889
세븐일레븐제주신천지점	shop	126.54355	33.50478
세븐일레븐제주아덴힐점	shop	126.36890	33.34753
세븐일레븐제주아라	shop	126.54408	33.47360
세븐일레븐제주아라미화점	shop	126.54425	33.46937
세븐일레븐제주아라점	shop	126.54978	33.47189
세븐일레븐제주아르떼뮤지엄점	shop	126.34498	33.39669
세븐일레븐제주아시아호텔점	shop	126.48587	33.48627
세븐일레븐제주애월	shop	126.32601	33.46193
세븐일레븐제주애월남해	shop	126.37725	33.47012
세븐일레븐제주애월돌고래점	shop	126.36407	33.47802
세븐일레븐제주애월리점	shop	126.31694	33.46479
세븐일레븐제주애월천덕점	shop	126.33628	33.42258
세븐일레븐제주애월한담점	shop	126.31010	33.46316
세븐일레븐제주에어시티호텔점	shop	126.49260	33.48962
세븐일레븐제주여중고점	shop	126.53989	33.48390
세븐일레븐제주연동	shop	126.49758	33.49175
세븐일레븐제주연동	shop	126.49090	33.49313
세븐일레븐제주연동	shop	126.49564	33.48712
세븐일레븐제주연동	shop	126.48768	33.47754
세븐일레븐제주연동길점	shop	126.49458	33.48660
세븐일레븐제주연동도호점	shop	126.49325	33.48456
세븐일레븐제주연동디오션점	shop	126.49196	33.48411
세븐일레븐제주연동마이빌점	shop	126.49243	33.48215
세븐일레븐제주연동북타운점	shop	126.49430	33.48595
세븐일레븐제주연동삼무점	shop	126.49478	33.49070
세븐일레븐제주연동이타스점	shop	126.48966	33.48425
세븐일레븐제주연동풀하우스점	shop	126.49089	33.48319
세븐일레븐제주연신로점	shop	126.54821	33.49444
세븐일레븐제주연중로점	shop	126.49337	33.48750
세븐일레븐제주영평휴안점	shop	126.56680	33.47763
세븐일레븐제주오등점	shop	126.52200	33.46674
세븐일레븐제주오라	shop	126.51235	33.46075
세븐일레븐제주오일장점	shop	126.47306	33.49654
세븐일레븐제주외도	shop	126.43214	33.48766
세븐일레븐제주외도해피점	shop	126.43170	33.49020
세븐일레븐제주용담	shop	126.51502	33.50729
세븐일레븐제주용담현대점	shop	126.50813	33.51276
세븐일레븐제주용수리점	shop	126.17627	33.33605
세븐일레븐제주용수해안로점	shop	126.16602	33.32399
세븐일레븐제주우도비양도점	shop	126.96464	33.51294
세븐일레븐제주우도해안길점	shop	126.95749	33.51343
세븐일레븐제주우평로점	shop	126.46480	33.47910
세븐일레븐제주원	shop	126.48120	33.48302
세븐일레븐제주월랑점	shop	126.47810	33.49038
세븐일레븐제주월림점	shop	126.25593	33.34981
세븐일레븐제주월정리점	shop	126.79138	33.55225
세븐일레븐제주월정해안로점	shop	126.79966	33.55481
세븐일레븐제주유수암점	shop	126.40799	33.42359
세븐일레븐제주이도	shop	126.53853	33.48897
세븐일레븐제주이도	shop	126.54258	33.50185
세븐일레븐제주이도	shop	126.53230	33.50107
세븐일레븐제주이도	shop	126.53285	33.50174
세븐일레븐제주이도남광로점	shop	126.53815	33.49330
세븐일레븐제주이도뉴타운점	shop	126.53833	33.48872
세븐일레븐제주이도베라체점	shop	126.54488	33.49263
세븐일레븐제주이도아람점	shop	126.53186	33.49580
세븐일레븐제주이도정든점	shop	126.54053	33.49713
세븐일레븐제주인호텔점	shop	126.44583	33.49184
세븐일레븐제주일도	shop	126.53159	33.50780
세븐일레븐제주일도	shop	126.53907	33.51076
세븐일레븐제주일도	shop	126.54039	33.51317
세븐일레븐제주장전	shop	126.38076	33.45245
세븐일레븐제주장전점	shop	126.38724	33.45269
세븐일레븐제주정	shop	126.52375	33.50644
세븐일레븐제주정든로점	shop	126.54321	33.49845
세븐일레븐제주제광점	shop	126.52677	33.49908
세븐일레븐제주조천우회로점	shop	126.68508	33.53105
세븐일레븐제주칠성로점	shop	126.52689	33.51521
세븐일레븐제주탑동	shop	126.52804	33.51716
세븐일레븐제주탑동	shop	126.51677	33.51483
세븐일레븐제주평대해안로점	shop	126.83960	33.53492
세븐일레븐제주평화로점	shop	126.45725	33.46752
세븐일레븐제주하귀일주점	shop	126.41633	33.48778
세븐일레븐제주한동	shop	126.82424	33.53680
세븐일레븐제주한림	shop	126.25988	33.41347
세븐일레븐제주한림	shop	126.26536	33.41164
세븐일레븐제주한림	shop	126.26033	33.40890
세븐일레븐제주한림고점	shop	126.49400	33.48597
세븐일레븐제주한림읍사무소점	shop	126.26810	33.41165
세븐일레븐제주한림일주점	shop	126.26717	33.40194
세븐일레븐제주한림점	shop	126.26481	33.41648
세븐일레븐제주한림한수풀점	shop	126.26769	33.41870
세븐일레븐제주한림해안로점	shop	126.27188	33.43592
세븐일레븐제주함덕	shop	126.67211	33.54246
세븐일레븐제주함덕삼다점	shop	126.66489	33.54275
세븐일레븐제주함덕신북로점	shop	126.66183	33.54356
세븐일레븐제주함덕일주점	shop	126.65719	33.53696
세븐일레븐제주해밀마루점	shop	126.43286	33.48896
세븐일레븐제주해안	shop	126.45147	33.45270
세븐일레븐제주해안도로점	shop	126.47049	33.50839
세븐일레븐제주행원	shop	126.80432	33.54565
세븐일레븐제주행원해안로점	shop	126.80684	33.55628
세븐일레븐제주현대오피스텔점	shop	126.48728	33.49087
세븐일레븐제주협재로점	shop	126.25146	33.37956
세븐일레븐제주화북	shop	126.56560	33.52066
세븐일레븐제주화북주공점	shop	126.57427	33.51958
세븐일레븐한림로점	shop	126.24226	33.39513
세븐제주공항에어사이드점	shop	126.49596	33.50594
세븐제주대학교병원점	shop	126.54520	33.46721
세븐제주삼도서광점	shop	126.52291	33.50057
세븐제주삼양해수욕장점주	shop	126.58821	33.52682
세븐제주상온센터	shop	126.64058	33.48445
세븐제주연동센터점주	shop	126.49008	33.48287
세븐제주오라점	shop	126.51994	33.49673
세븐제주저온센터주	shop	126.64058	33.48445
세븐제주펠리체점주	shop	126.48590	33.49013
세비	shop	126.41371	33.48413
세비	shop	126.53853	33.49017
세비앙	shop	126.52894	33.49640
세빵스	food	126.56780	33.52508
세사리빙신제주점	shop	126.46968	33.48368
세선무역	shop	126.70895	33.55332
세실	food	126.69317	33.51500
세실리아	shop	126.52832	33.49594
세안아구찜	food	126.49507	33.48386
세안에이앤에이제주샹그릴라지점	stay	126.45390	33.46445
세안에이앤에이제주센트럴지점	stay	126.48712	33.48576
세연휘트니스	activity	126.53949	33.50884
세영디지털유통	shop	126.56313	33.52129
세원	cafe	126.85467	33.52402
세원약국	shop	126.47826	33.48669
세원전복제주협재	food	126.24110	33.39228
세유랑	stay	126.58310	33.51412
세은	food	126.54418	33.50296
세은장	stay	126.52618	33.50645
세이브라이프	shop	126.57019	33.50143
세이지룸	activity	126.48724	33.48355
세이클럽	bar	126.52239	33.49954
세이프존밸리샴푸샾	shop	126.53110	33.49279
세인	shop	126.52690	33.49269
세인뮤직스토리	bar	126.48457	33.48130
세인컴퍼니	shop	126.58034	33.51518
세인트	bar	126.54334	33.50187
세일링라이브	bar	126.49737	33.48585
세일마켓	shop	126.52463	33.51316
세일마트	shop	126.57122	33.51995
세자매분식	food	126.43284	33.48764
세자매오아시스	stay	126.19242	33.35611
세종코퍼레이션	shop	126.48130	33.48675
세종호텔	stay	126.48971	33.48546
세진	shop	126.48408	33.48844
세창약국	shop	126.26488	33.41458
세컨드	shop	126.49424	33.48425
세컨드밀	food	126.51362	33.50221
세컨드스토리	food	126.79095	33.55204
세컨드플로어	food	126.53053	33.49711
세컨드하우스바이누하스	food	126.52288	33.51707
세컨디포레스트제주점	food	126.48613	33.48328
세컨페이스신제주점	shop	126.47829	33.48624
세컨하우스	stay	126.38458	33.47078
세탁쏘	cafe	126.52140	33.50127
세평맛집	food	126.85272	33.52373
세화갈비	food	126.85571	33.52361
세화갈비함덕	food	126.67018	33.54110
세화고려삼	shop	126.49067	33.47594
세화고매점	shop	126.86373	33.51594
세화길카페	food	126.85439	33.52537
세화농부	cafe	126.85517	33.52611
세화달밤포차	food	126.85485	33.52524
세화닭집	shop	126.85454	33.52422
세화도전천곡	bar	126.85362	33.52453
세화동백그늘	stay	126.85990	33.51283
세화땡김	food	126.85537	33.52327
세화레드스크린골프	activity	126.85694	33.52473
세화리움	stay	126.86222	33.52356
세화리움까페	food	126.86222	33.52356
세화마니	food	126.85726	33.52285
세화맨션	stay	126.85958	33.52435
세화바당	food	126.85406	33.52417
세화보물섬	bar	126.85643	33.52294
세화복덩이	activity	126.85601	33.52619
세화블루웰하우스	stay	126.85669	33.52223
세화비치	cafe	126.85684	33.52493
세화비치서프샵	activity	126.85684	33.52493
세화샬레	stay	126.86048	33.52392
세화소품관	shop	126.85763	33.52559
세화수목	stay	126.85804	33.52076
세화수제찹쌀꽈배기	food	126.85272	33.52373
세화숯불갈비	food	126.85369	33.52533
세화스테이	stay	126.86567	33.51318
세화신발	shop	126.85605	33.52322
세화씨문방구	shop	126.85992	33.52434
세화아이스크림할인점	shop	126.85537	33.52327
세화안경원	shop	126.85569	33.52352
세화약국	shop	126.85878	33.52083
세화양화점	shop	126.53002	33.51275
세화에서	stay	126.85488	33.52774
세화에서소주한잔	bar	126.85598	33.52385
세화오리촌	food	126.85490	33.52607
세화온게스트하우스	stay	126.86104	33.52247
세화인	cafe	126.85601	33.52619
세화점방	shop	126.85989	33.52464
세화점방	shop	126.86714	33.52159
세화총총	food	126.85446	33.52573
세화카페텐더럽	cafe	126.85771	33.52521
세화카페하늘연달닷새	food	126.86193	33.52396
세화탐나는대패랑막창	food	126.85588	33.52627
세화탐나는도새기	cafe	126.85408	33.52526
세화텔레콤	shop	126.85662	33.52330
세화통닭	food	126.85454	33.52422
세화포차	bar	126.85617	33.52289
세화피크닉	food	126.86132	33.52437
세화해맞이점	activity	126.85560	33.52756
세화해수욕장	beach	126.86124	33.52529
세화힐	stay	126.85727	33.52339
센슈어스	food	126.47186	33.48148
센스	stay	126.48285	33.48649
센스	bar	126.52793	33.50150
센스뜨게방	shop	126.51849	33.50067
센잇	cafe	126.52361	33.51192
센치바이인치	shop	126.17974	33.30340
센타약국	shop	126.53177	33.49613
센토사한림	stay	126.26109	33.39373
셀덴	shop	126.52463	33.51316
셀러리	stay	126.86811	33.51621
셀렉토커피제주삼화점멜리	cafe	126.57670	33.51615
셀린	shop	126.54195	33.50606
셀빠연동점	food	126.49133	33.48801
셀프자율식당	food	126.47245	33.49139
셀피쉬우드	shop	126.56677	33.52082
셉템버	stay	126.80734	33.55298
셔니엘	shop	126.41883	33.48671
셔링	cafe	126.58413	33.52354
셔츠	bar	126.49185	33.48749
션트레이드	shop	126.54195	33.49352
소	food	126.49156	33.48391
소	cafe	126.95966	33.49354
소강	shop	126.29348	33.42971
소고배	stay	126.50236	33.50077
소곤닥하우스	stay	126.66331	33.54284
소공원	food	126.90596	33.49465
소공원	stay	126.26684	33.33682
소근소근	stay	126.80538	33.55260
소금	bar	126.49178	33.48541
소금바치순이네	food	126.91264	33.50367
소금밭	food	126.90283	33.49150
소금빌레	stay	126.37786	33.48217
소금빵그레	food	126.54036	33.49218
소금빵베이글포레스트한라초점	food	126.48783	33.47731
소금인형	cafe	126.52493	33.50449
소금책방	shop	126.43133	33.46118
소길공간민박	stay	126.38426	33.43876
소길국수	food	126.49621	33.49097
소길노고록	stay	126.38063	33.43494
소길다방	cafe	126.37944	33.43881
소길동백	stay	126.37667	33.43172
소길별장	stay	126.37828	33.43957
소길별하	shop	126.37441	33.43049
소길별하점	shop	126.37577	33.42984
소길숲속	stay	126.37490	33.43056
소길스테이민박	stay	126.38388	33.43920
소길언제나	cafe	126.37962	33.44122
소길역	food	126.38028	33.43812
소길채	stay	126.37876	33.43225
소길통나무집	stay	126.37574	33.41921
소길힐하우스민박	stay	126.37334	33.44245
소꼽놀이	shop	126.30235	33.41596
소꿈	shop	126.59022	33.52463
소나기	bar	126.49095	33.48405
소나기노래연습장	activity	126.85617	33.52289
소나무한그루	stay	126.25999	33.37043
소낙비제주	food	126.52992	33.49645
소낭	stay	126.79154	33.55248
소낭게스트하우스	stay	126.79095	33.55204
소낭국수	food	126.43070	33.48736
소낭뜰	food	126.55021	33.46496
소낭숲딱따구리	stay	126.68889	33.54000
소낭식당	food	126.67633	33.53382
소낭재	stay	126.25314	33.38336
소낭집	stay	126.40451	33.46319
소낭채	stay	126.40231	33.44970
소노인터내셔널	stay	126.67113	33.54102
소노지아	bar	126.53255	33.51048
소농로드	cafe	126.83445	33.51941
소다	bar	126.48263	33.48426
소달구지	bar	126.54159	33.49722
소담	bar	126.49705	33.48661
소담골	food	126.53196	33.51142
소담분식	food	126.50902	33.51259
소담선	food	126.56553	33.51922
소담소담	stay	126.51324	33.51448
소담약국	shop	126.53512	33.48473
소담여관	stay	126.26402	33.41709
소담재	stay	126.87528	33.51605
소담하우스	stay	126.30691	33.44938
소담한밥상	food	126.52153	33.51741
소담한봉봉	food	126.54582	33.49413
소담향	stay	126.25021	33.37707
소도락하우스	stay	126.26651	33.40735
소도리닥터클린	shop	126.55098	33.49164
소도리왕뼈다귀해장국	food	126.51421	33.50325
소동잡화	shop	126.67190	33.54199
소라	bar	126.26610	33.41454
소라유통	shop	126.49068	33.48968
소라케이크	food	126.75590	33.55668
소라화원，유어버스데이	shop	126.53512	33.49282
소라횟집	food	126.84631	33.53251
소라횟집	food	126.52841	33.51793
소락뜨레	stay	126.34756	33.45023
소락소락	food	126.52979	33.49870
소락소락제원점	food	126.49095	33.48772
소락스위스	stay	126.67678	33.49394
소락하개	shop	126.54952	33.47167
소랑	shop	126.54309	33.50007
소랑	stay	126.94380	33.50915
소랑분식	food	126.49699	33.49132
소랑소랑인제주	stay	126.68899	33.48057
소랑스파앤풀빌라	stay	126.67041	33.49259
소랑애월	stay	126.36298	33.47451
소랑해	food	126.46991	33.48314
소랑호게	stay	126.24626	33.32079
소랑호젠인제주	food	126.48291	33.51047
소레노래연습장	activity	126.51081	33.50928
소렉	food	126.49129	33.48820
소렐라	shop	126.53800	33.48795
소로록	food	126.77161	33.52838
소로르베이비	shop	126.54214	33.49373
소로소로	stay	126.78660	33.47120
소록	shop	126.51392	33.46511
소리가있는풍경	food	126.53996	33.46872
소리나웰빙	shop	126.53938	33.48826
소리바다노래연습장	activity	126.46968	33.48368
소리방노래연습장	activity	126.52446	33.50716
소리샘보청기	shop	126.51620	33.50021
소리소길	stay	126.37936	33.43400
소리원	food	126.49320	33.48250
소리원저지점	food	126.25625	33.33301
소리케어보청기	shop	126.48941	33.48155
소림김밥	food	126.49002	33.47912
소림마라신제주점	food	126.49728	33.48394
소림마라제주	food	126.52898	33.49843
소림타운아라점	food	126.54194	33.49236
소망김밥	food	126.61870	33.53280
소망디자인그룹	shop	126.51416	33.50551
소망떡집	food	126.56636	33.52182
소망약국	shop	126.53480	33.51350
소망일다	stay	126.24395	33.31419
소명	activity	126.52971	33.50129
소모소	shop	126.18330	33.35065
소모소	shop	126.52338	33.51694
소목식탁	stay	126.90305	33.49168
소못	food	126.48741	33.48500
소못소랑	stay	126.23191	33.38943
소못스테이	stay	126.50656	33.51553
소문	bar	126.66226	33.54323
소문난갈치	shop	126.52507	33.51256
소문난건강원	shop	126.44154	33.49291
소문난돈갈비	food	126.57911	33.51620
소문난두루치기	food	126.43118	33.49122
소문난떡집	food	126.51605	33.50808
소문난맛집	food	126.39631	33.48367
소문난먹거리	food	126.49575	33.48378
소문난반찬집도남점	shop	126.52404	33.49628
소문난반찬집연동점	shop	126.48741	33.47703
소문난옥돔	shop	126.52549	33.51253
소문난제주특산품	shop	126.53308	33.51697
소문난조림왕	food	126.94953	33.51667
소문쌀국수	food	126.52285	33.50951
소뭇	cafe	126.47330	33.48120
소미인	shop	126.48668	33.49127
소민떡방	food	126.46986	33.48384
소바니	food	126.52507	33.51256
소박한민박	stay	126.37037	33.45569
소박한바당쉼터	stay	126.69097	33.55078
소산도	food	126.95775	33.51314
소생	shop	126.34383	33.42232
소선우식당	food	126.56247	33.51240
소설과농담	cafe	126.52253	33.50912
소설다방	cafe	126.52848	33.50107
소섬갈비	food	126.95320	33.50823
소섬바당	stay	126.95362	33.50885
소섬바라기	food	126.96278	33.50949
소섬소도리	food	126.95775	33.51314
소섬전복	food	126.96511	33.49887
소섬하우스	stay	126.94858	33.49579
소셜뮤지엄북스	shop	126.70198	33.51356
소소	stay	126.40630	33.43014
소소	food	126.52068	33.50286
소소공방	shop	126.42486	33.48495
소소다정	cafe	126.41281	33.48514
소소락	shop	126.46501	33.47819
소소링제주	stay	126.86538	33.51127
소소밀	food	126.53094	33.46363
소소반점	food	126.54355	33.47511
소소샵	cafe	126.94805	33.52018
소소소	shop	126.53527	33.50155
소소오늘	stay	126.18172	33.35145
소소원더테라스	stay	126.40630	33.43014
소소재	stay	126.80933	33.55469
소소재간	shop	126.29527	33.44385
소소플레이스	shop	126.36689	33.47152
소소하	shop	126.69669	33.54836
소소한국밥	food	126.42772	33.48511
소소한다미네옷짱	shop	126.85973	33.52109
소소한담	cafe	126.36689	33.47152
소소한밤	bar	126.49196	33.48411
소소한상상점	shop	126.85096	33.52694
소소한집	stay	126.37049	33.45585
소소한하루민박	stay	126.79782	33.55403
소소호호	shop	126.54186	33.50685
소솜	stay	126.32639	33.38899
소심한게스트하우스	stay	126.86202	33.52483
소심한물고기	cafe	126.80684	33.55628
소아베	shop	126.47745	33.48098
소안재	stay	126.61656	33.53718
소앵동민박	stay	126.40489	33.46830
소앵븟	food	126.43018	33.48945
소야	bar	126.52037	33.50165
소양강	bar	126.53149	33.50100
소여민박	stay	126.71059	33.55350
소영	food	126.49455	33.49232
소영이네반찬	shop	126.53248	33.49828
소예우드버닝공방	shop	126.51891	33.50913
소예하도	stay	126.88887	33.50956
소오민박	stay	126.70654	33.46345
소오커피	cafe	126.52344	33.50754
소완도식당	food	126.53308	33.51697
소요성	bar	126.48236	33.48488
소요소림	stay	126.77113	33.50088
소요용담점	activity	126.51347	33.50970
소요유	stay	126.75314	33.55254
소요일	stay	126.77768	33.51040
소요제주	food	126.22840	33.33634
소우정	cafe	126.52682	33.50053
소운	bar	126.26329	33.41666
소울김밥	food	126.54030	33.50814
소울스테이	stay	126.33626	33.43563
소원	food	126.58206	33.52092
소원이	food	126.52014	33.46669
소원정사	shop	126.51961	33.50221
소원하우스	stay	126.62530	33.50505
소유템제주애월점	shop	126.31157	33.45999
소은	cafe	126.52120	33.50454
소은이네뼈감자탕	food	126.42928	33.49047
소이	shop	126.47542	33.48977
소이네김밥	food	126.31272	33.41856
소이재	cafe	126.47854	33.48906
소이제주	stay	126.79746	33.53532
소이주니어의류및스포츠용품	shop	126.52463	33.51316
소인	cafe	126.48438	33.48422
소일섬	shop	126.40558	33.48004
소일섬포터리	shop	126.39391	33.44631
소잉맘미싱	shop	126.52824	33.51326
소잉아트	shop	126.53227	33.49768
소정상회	shop	126.52703	33.51221
소제목스테이	stay	126.64252	33.54538
소주앤비어	bar	126.51202	33.51186
소주집	food	126.53215	33.50082
소주홀릭	bar	126.52510	33.49953
소콩	food	126.54859	33.47239
소쿠리한우구이제주	food	126.47788	33.48247
소쿱위드소로소로유한책임회사	shop	126.78660	33.47120
소탐라	shop	126.58799	33.51726
소파	food	126.47856	33.48374
소풍	stay	126.79053	33.55401
소풍	bar	126.52959	33.49137
소풍가요주점	bar	126.52043	33.50008
소풍렌트카	shop	126.47788	33.50008
소풍렌트카	shop	126.48008	33.49787
소풍이야기민박	stay	126.38745	33.48867
소프	food	126.53284	33.49861
소프트안	stay	126.17228	33.32932
소플러스제주	food	126.47037	33.49024
소피아	shop	126.53262	33.48726
소피아	shop	126.54253	33.49397
소피토제주	shop	126.46395	33.50295
소현이반찬	shop	126.53237	33.51342
소형시스템에어컨	shop	126.48388	33.48487
소호	shop	126.54306	33.49282
소호로	shop	126.67337	33.54079
소화책방	shop	126.65907	33.49575
소확행	food	126.53049	33.50111
소회	food	126.53371	33.49894
소희네	shop	126.53377	33.51462
소희네하우스	stay	126.24702	33.38061
속솜	cafe	126.87984	33.52859
속솜스테이	stay	126.68445	33.49129
속숨한제주	food	126.52824	33.51209
속초집	food	126.53166	33.51274
손가갈비	food	126.43168	33.49043
손가네밀면	food	126.52517	33.51632
손끝에서	shop	126.85485	33.52400
손네	shop	126.52831	33.51280
손두부촌	food	126.53671	33.49551
손뜨게이야기	shop	126.49111	33.48857
손마니	shop	126.63532	33.51081
손맛	food	126.60370	33.48489
손맛만석궁	food	126.50920	33.50674
손맛촌	food	126.67735	33.43732
손사랑공방	shop	126.49111	33.48857
손사장네행복하소	food	126.48919	33.48155
손스갈비	food	126.54484	33.47528
손시멍	food	126.70427	33.46009
손심엉	food	126.54305	33.49172
손씨네	food	126.52164	33.51163
손요리연구소	food	126.49055	33.48776
손이가푸드	shop	126.54172	33.50905
손지오름	nature	126.81954	33.45647
손질왕	shop	126.26293	33.42928
손테니스아카데미	activity	126.53565	33.49154
솔고건강센터	shop	126.53666	33.50464
솔나라패브릭스토리	shop	126.54823	33.47636
솔낭	stay	126.70213	33.46230
솔담	food	126.49259	33.48754
솔당구클럽	activity	126.66950	33.54249
솔도민박	stay	126.38302	33.34642
솔드	shop	126.52463	33.51316
솔라니빙떡	food	126.48089	33.49092
솔라시노래연습장	activity	126.58447	33.52172
솔레올레	stay	126.17764	33.33762
솔리테리	stay	126.17802	33.30564
솔리티플라워	shop	126.48800	33.49315
솔바람하우스	stay	126.24951	33.37596
솔바위	food	126.53754	33.50388
솔베이지	stay	126.41798	33.44654
솔베이지민박	stay	126.41798	33.44654
솔브레	food	126.52778	33.51276
솔브제주	shop	126.52463	33.51316
솔비	bar	126.53150	33.50054
솔숲민박	stay	126.84887	33.51117
솔윤하다	food	126.67272	33.42883
솔잎	food	126.52992	33.49645
솔잎궁	bar	126.53143	33.50109
솔전자	shop	126.50755	33.51183
솔정가든	food	126.51495	33.49397
솔정국수	food	126.83874	33.53360
솔정민박	stay	126.83842	33.53354
솔지	food	126.47258	33.49233
솔지	food	126.53182	33.49909
솔지식당	food	126.47253	33.49242
솔천재	stay	126.79265	33.55723
솔컴퍼니	shop	126.51680	33.49182
솔트	stay	126.33634	33.46704
솔트리북카페	food	126.74194	33.43508
솔트스톤	bar	126.54251	33.50038
솔트스톤	cafe	126.58031	33.52152
솔트스톤갤러리	shop	126.58031	33.52152
솔트스톤브이점	cafe	126.52907	33.49797
솔트스톤시티	cafe	126.52908	33.49783
솔트스톤시티점	cafe	126.52903	33.49792
솔펜션	stay	126.25669	33.33387
솔향기	bar	126.53070	33.50077
솜니제주	stay	126.48170	33.44923
솜담	shop	126.32601	33.46193
솜띠	shop	126.52951	33.49807
솜리식당	food	126.69078	33.43566
솜방망이	shop	126.52894	33.49640
솜빡매생이갈비탕	food	126.46550	33.50402
솜사탕	bar	126.52797	33.50086
솜솜스테이	stay	126.22108	33.30010
솜씨방종합침구	shop	126.47489	33.49724
솝박	food	126.85672	33.51986
송가네돼지국밥	food	126.47092	33.48247
송광조경농업	shop	126.53139	33.50775
송담국밥	food	126.56348	33.51075
송당	stay	126.79476	33.47132
송당나무	cafe	126.78909	33.47695
송당나무가드닝센터	cafe	126.78904	33.47696
송당농산	shop	126.78455	33.47196
송당마을	shop	126.73567	33.43449
송당머글래	food	126.78245	33.47213
송당무끈모루	nature	126.77187	33.45678
송당미학	stay	126.76997	33.46701
송당산들네	food	126.73385	33.43543
송당송당펜션앤리조트	stay	126.73567	33.43449
송당승마장	activity	126.73818	33.43645
송당아진	stay	126.78556	33.47712
송당안	cafe	126.78137	33.47220
송당오크팜	stay	126.76923	33.46595
송당온도	stay	126.77071	33.46592
송당의아침	food	126.78346	33.47162
송당일경	stay	126.76958	33.46716
송당일상	stay	126.77688	33.47057
송당찬가	stay	126.77979	33.47209
송당퐁닭송당퐁당	food	126.78637	33.47170
송당퐁당	stay	126.78298	33.47090
송당해장국	food	126.78509	33.47106
송당향기	stay	126.78573	33.47532
송당회관	food	126.78223	33.47158
송당휴먼오름	stay	126.78342	33.46930
송도옥	food	126.51358	33.51530
송돈흑돼지한림점	food	126.27443	33.41146
송림반점	food	126.51976	33.51245
송림원민박	stay	126.33089	33.42822
송미	food	126.52794	33.50331
송버드	stay	126.84639	33.51986
송산곱창	food	126.52616	33.49193
송송김밥	food	126.66084	33.54495
송스아로마	shop	126.48923	33.47847
송아오름	nature	126.23816	33.33721
송약국	shop	126.40502	33.48176
송연이네식당	food	126.54077	33.51069
송우개발	stay	126.52365	33.49955
송우네민박	stay	126.95369	33.49406
송원	stay	126.53041	33.49804
송월타올세화상사	shop	126.53666	33.50464
송월타올제주한라상사	shop	126.51240	33.50034
송이	food	126.30859	33.44862
송이민박	stay	126.37464	33.46240
송이유통	shop	126.48963	33.48370
송이축산정육식당	food	126.47341	33.49035
송이축산정육식당	food	126.57991	33.52057
송이축산정육판매장	shop	126.53309	33.50884
송이토산품	shop	126.53422	33.52004
송일	shop	126.49300	33.49560
송일장여관	stay	126.51636	33.50039
송주불냉면	food	126.49885	33.48832
송죽매	bar	126.49385	33.48891
송죽원	food	126.54942	33.49134
송촌초밥	food	126.54549	33.49909
송쿠쉐	food	126.50129	33.48809
송키	food	126.52944	33.49202
송탄부대찌개집	food	126.49524	33.48856
송탄정네집부대찌개	food	126.49342	33.48849
송화	food	126.40672	33.42364
송화잔기지떡제주아라점	food	126.54678	33.47567
송희산업	shop	126.48961	33.48745
송희침구	shop	126.42903	33.44995
솥돈가	food	126.43067	33.48898
쇄질	cafe	126.37799	33.44022
쇠소깍횟집	food	126.54327	33.50288
쇠심줄제주	food	126.49579	33.49143
쇠오름참숯한우정육식당	food	126.54042	33.51290
쇼넨제주	food	126.52896	33.49943
쇼룸	shop	126.52463	33.51316
쇼룸제주	shop	126.47321	33.48712
쇼모텔	stay	126.41972	33.43242
쇼쿠도제주	food	126.42755	33.48611
쇼크	shop	126.52463	33.51316
숏츠노래타운	bar	126.52845	33.50000
숑숑돈까스제주구좌점	food	126.85621	33.52353
수	food	126.47080	33.48236
수	shop	126.52463	33.51316
수	shop	126.52463	33.51316
수	stay	126.52789	33.49963
수가성오메기떡	food	126.49375	33.49533
수가티앙커피로스터	cafe	126.95930	33.49412
수구레해장국	food	126.26089	33.41388
수구레해장국	food	126.56756	33.52165
수구레해장국	food	126.49739	33.48496
수기당구장	activity	126.54089	33.50448
수까락	food	126.50909	33.50213
수까페테라스	cafe	126.26900	33.42001
수내상회	shop	126.59055	33.49154
수너베러	food	126.54359	33.50851
수노래연습장	activity	126.46497	33.50527
수노스테이아루	stay	126.71980	33.55642
수노카페	cafe	126.71980	33.55642
수농원수산	shop	126.17940	33.30325
수누리	shop	126.20244	33.36096
수눌음	shop	126.65707	33.47109
수눌음반찬가게	shop	126.47468	33.48674
수눌음밥상	food	126.52219	33.50052
수눌음안경	shop	126.53263	33.51319
수눌음유통	shop	126.65707	33.47109
수눌음휴게소	shop	126.52707	33.50439
수니네국수	food	126.47203	33.49297
수니테이블	food	126.88582	33.51909
수다뜰	food	126.61013	33.47208
수다뜰떡방	food	126.47802	33.49000
수담집	food	126.19381	33.29802
수당구스쿨	activity	126.57692	33.51708
수당구클럽	activity	126.46605	33.50401
수덕주	shop	126.47324	33.48414
수라간떡방	food	126.48448	33.48624
수라네꽃집	shop	126.29528	33.96070
수라수라	bar	126.48076	33.47849
수라원	food	126.54222	33.48482
수라인	shop	126.48941	33.48470
수라화장품	shop	126.51906	33.50011
수란화장품	shop	126.55311	33.50379
수레바퀴밑	bar	126.52237	33.51697
수레바퀴식당	food	126.52237	33.51697
수련노래텔	bar	126.53126	33.50096
수르르	food	126.22709	33.38923
수리담	stay	126.16656	33.32449
수리움	stay	126.24524	33.29769
수리조아	bar	126.53968	33.50961
수리조아라	bar	126.53820	33.51589
수리코	food	126.22582	33.34215
수리키친	food	126.16667	33.32439
수마노	shop	126.42090	33.46603
수면공장	food	126.47747	33.47622
수목원	shop	126.48687	33.46910
수목원삼계탕	food	126.48741	33.47651
수목이네	food	126.50165	33.49268
수몰풋	shop	126.56744	33.52113
수문미트	food	126.47813	33.49021
수미방	shop	126.52440	33.51109
수미빈박	stay	126.30640	33.44862
수미애르인터내셔널	shop	126.53880	33.49729
수미일관	food	126.49074	33.48414
수미종합화장품	shop	126.51789	33.51166
수민상회	shop	126.52559	33.51179
수박빈티지	shop	126.52323	33.51665
수방지영	stay	126.26324	33.32257
수백당제주	food	126.54110	33.48996
수보리쉼터	shop	126.35103	33.45737
수복	stay	126.52282	33.51293
수복강녕	food	126.49938	33.48841
수복해장국	food	126.47495	33.48586
수북	cafe	126.52855	33.50300
수브르	shop	126.52463	33.51316
수블라인드	shop	126.50357	33.51039
수비비안제주점	shop	126.48184	33.48244
수빈떡방앗간	food	126.52217	33.49884
수빈민박	stay	126.36754	33.43835
수빈이네	food	126.44935	33.49719
수빈이네제주밥상	food	126.53988	33.51531
수산가옥	stay	126.39302	33.46814
수산리농어촌체험휴양마을협의회	activity	126.39352	33.46726
수산마트슈퍼	shop	126.39332	33.46800
수산물소매업	shop	126.46618	33.50490
수산봉	nature	126.38284	33.47385
수산식당	food	126.39318	33.46686
수산저수지	nature	126.38753	33.47122
수상한소금밭	stay	126.90245	33.49050
수상한언니들	cafe	126.56583	33.52049
수선화민박	stay	126.83454	33.53737
수선화식당	food	126.54309	33.50102
수선화유통	shop	126.37070	33.47399
수성낚시레저	shop	126.51604	33.49354
수성약국	shop	126.51495	33.50025
수소문	food	126.53288	33.50117
수수꽃담	stay	126.37594	33.48110
수수로	stay	126.71388	33.45888
수수미	food	126.48792	33.49159
수수미미	stay	126.64767	33.53379
수수별장	stay	126.67285	33.54393
수수아비남문	shop	126.52391	33.50881
수수자연미인	shop	126.49289	33.48271
수수주택	stay	126.26824	33.42519
수수플라워케이크	food	126.17214	33.34028
수스	shop	126.53926	33.48967
수스구제주점	shop	126.52463	33.51316
수스로로스팅하우스	cafe	126.33882	33.46343
수스킨케어	shop	126.49152	33.48603
수아팜	shop	126.39132	33.47905
수아팜	shop	126.52463	33.51316
수아팜이마트신제주점	shop	126.48043	33.48497
수애기	shop	126.44724	33.49757
수애기베이커리카페이호점	food	126.44724	33.49757
수앤수가족호텔	stay	126.35859	33.47454
수앤수제주	stay	126.35859	33.47454
수앤수호텔	food	126.35859	33.47454
수야담	stay	126.36130	33.42217
수약국	shop	126.54029	33.50698
수에떼	food	126.56345	33.52048
수연정식	food	126.51315	33.50201
수영	food	126.48270	33.48343
수영국밥	food	126.49767	33.48547
수영밥상	food	126.42963	33.48611
수영코사마트	shop	126.37342	33.47317
수와정	stay	126.52629	33.50640
수용배낚시슈퍼	shop	126.16470	33.30842
수용횟집	food	126.16470	33.30842
수우동	food	126.24245	33.39662
수우미	food	126.52096	33.50092
수운	stay	126.40234	33.42358
수원	stay	126.52868	33.51351
수원꽃육묘장	shop	126.27159	33.43043
수원성민박	stay	126.26644	33.42828
수원여인숙	stay	126.52868	33.51351
수원왕	food	126.57965	33.52079
수월가	stay	126.28374	33.38198
수월봉	nature	126.16342	33.29479
수월봉가마솥순대국	food	126.17763	33.30079
수월봉민박	stay	126.17347	33.30504
수월봉콘핫도그	food	126.16521	33.30891
수월쌀핫도그	food	126.16470	33.30842
수의료기	shop	126.54555	33.46907
수이네식당	food	126.45615	33.50177
수이안	shop	126.53198	33.49593
수익강	shop	126.49126	33.47657
수일통닭남녕점	food	126.48398	33.48811
수일통닭한림점	food	126.25100	33.40198
수입명품매트리스제주점	shop	126.51969	33.50615
수자슈퍼	shop	126.51082	33.50659
수재꽃갈비	food	126.54175	33.51075
수전업사	shop	126.51484	33.50382
수정	shop	126.48912	33.48972
수정횟집	food	126.53047	33.50719
수제송타코	food	126.57312	33.52009
수제옛날통닭	food	126.26368	33.41616
수제요리안트레	food	126.46989	33.50656
수제홍과일모찌	food	126.41389	33.48390
수제홍과일모찌	food	126.49427	33.48446
수족관	bar	126.54172	33.50499
수지노래연습장	activity	126.52667	33.49615
수지케이키	food	126.55017	33.48398
수지큐	bar	126.85643	33.52366
수진	food	126.85572	33.52647
수진수산	shop	126.27709	33.44066
수진이네	food	126.49217	33.48503
수집	cafe	126.54311	33.49486
수창닭갈비	food	126.54492	33.50870
수채화별당	stay	126.20075	33.34679
수키	food	126.47448	33.48108
수타로앤카페	cafe	126.52918	33.49766
수타코	food	126.52824	33.51209
수편의점	shop	126.54220	33.50080
수평선	stay	126.23998	33.39281
수평선갈치제주	food	126.46343	33.50295
수평선스테이	stay	126.94462	33.51250
수풀	shop	126.26666	33.41786
수풀	shop	126.26554	33.41439
수피아	shop	126.50498	33.49880
수피아	stay	126.80069	33.49482
수피아다육	shop	126.50498	33.49880
수피아제주	stay	126.74999	33.55791
수필하우스	stay	126.89954	33.49290
수하우징	stay	126.34329	33.45153
수향갤러리	shop	126.49111	33.48857
수협바다마트제주점	shop	126.49570	33.48928
수호농원	activity	126.23200	33.33644
수화장품	shop	126.53625	33.49800
숙경식당	food	126.85480	33.52385
숙성도	food	126.48504	33.48504
숙성도	food	126.67113	33.54239
숙성도실버	food	126.52966	33.49845
숙성도애월점	food	126.30957	33.46352
숙성방연동점	food	126.48965	33.49080
숙성왕제주흑돼지	food	126.49100	33.48797
숙영이네	food	126.48386	33.48774
숙은처녀치마	stay	126.66036	33.54108
숙이네	food	126.52898	33.51228
숙이네밥집	food	126.40440	33.48102
숙이네보리빵	food	126.31978	33.46443
숙이농산	shop	126.50970	33.50535
숙자네숟가락젓가락	food	126.85488	33.52743
숙키네민박	stay	126.79538	33.53575
숙희네흑돼지	food	126.49426	33.49052
순다드림	shop	126.49672	33.48431
순대일번지	food	126.56680	33.52092
순덕이네왕갈비	food	126.56743	33.52219
순덕이별당	stay	126.79513	33.46680
순두물식당	food	126.44033	33.46081
순두부엔짬뽕	food	126.43484	33.48943
순두부엔짬뽕구제주점	food	126.52507	33.50473
순미네대구반고개무침회삼화점	food	126.58174	33.52149
순미식당	food	126.52517	33.50769
순백	cafe	126.52642	33.50145
순살만공격구제주점	food	126.54205	33.49748
순수	shop	126.49099	33.49344
순수덮밥조천읍점	food	126.66484	33.54222
순수산	shop	126.50690	33.51280
순수한둠비	food	126.51439	33.51112
순수한둠비연동점	food	126.49049	33.47797
순실이네	food	126.52721	33.50299
순아	cafe	126.52273	33.51308
순아커피	cafe	126.52274	33.51310
순애쌀상회	shop	126.52721	33.51274
순앤스시	food	126.47547	33.48879
순여네국수	food	126.34914	33.45552
순영	food	126.51366	33.49919
순영상회	shop	126.53584	33.50896
순옥민박	stay	126.46498	33.50551
순옥이네명가	food	126.46502	33.50545
순이네밥집	food	126.56278	33.51494
순이네해장국	food	126.53632	33.49543
순이생각	bar	126.54355	33.50478
순자네가게	food	126.50700	33.50221
순자전집	food	126.43138	33.48820
순전이해녀김밥	food	126.66518	33.54255
순정감자	bar	126.52951	33.49854
순정공방	shop	126.54182	33.50449
순정당구장	activity	126.48719	33.49117
순정치킨	food	126.59059	33.51493
순창갈비	food	126.48869	33.48873
순천상회	shop	126.52554	33.51174
순풍상회	shop	126.85514	33.52600
순화	food	126.48407	33.48378
순희네돌담집	food	126.53450	33.51255
순희네흑돼지	food	126.34920	33.47234
순희밥상	food	126.89990	33.49289
순희뽀글이	food	126.51724	33.49769
술	food	126.53759	33.50471
술고래	bar	126.29391	33.96202
술담	food	126.66464	33.54119
술래포차	bar	126.53684	33.50493
술마시는노래주점첼로	bar	126.54048	33.50819
술밥	food	126.46566	33.50368
술벗있는곳	bar	126.47042	33.48269
술빛정원	food	126.48948	33.48631
술속의밤제주	food	126.52941	33.49931
술술	bar	126.18408	33.35172
술시	food	126.47383	33.48690
술의식물원	bar	126.78375	33.47178
술의향기	bar	126.50653	33.50976
술이달달	bar	126.52510	33.49953
술이달아	food	126.48003	33.48802
술집인데요	food	126.51225	33.51176
술충전소	bar	126.47930	33.49176
술탄마	bar	126.48962	33.49062
술푸데기	food	126.53704	33.51381
술한잔	food	126.54187	33.50248
숨	bar	126.46304	33.49300
숨게스트하우스제주	stay	126.51465	33.50043
숨골	food	126.45633	33.45259
숨맥	cafe	126.39415	33.48385
숨민박	stay	126.35006	33.45931
숨비다	food	126.31978	33.46443
숨비소리	food	126.47606	33.50909
숨비소리	stay	126.66524	33.49082
숨비식탁	food	126.22654	33.33355
숨비아일랜드월정리점	cafe	126.79562	33.55560
숨숨집	stay	126.23984	33.31378
숨숨집	food	126.52817	33.49947
숨숨집	stay	126.66989	33.52399
숨쉬는오늘그림책방	shop	126.39563	33.44906
숨쉬는정원애월	stay	126.40834	33.48300
숨쉬는힐링하우스민박	stay	126.44525	33.46350
숨스튜디오	food	126.51465	33.50043
숨어있는집	food	126.67265	33.54181
숨어있는집함덕펜션	stay	126.67617	33.53899
숨연구소	shop	126.54081	33.48881
숨온	stay	126.77230	33.50738
숨이엔씨	shop	126.53877	33.49955
숯가마매점	shop	126.47130	33.50860
숯며들닭	food	126.95839	33.51716
숯불구이족발족가족가	food	126.62396	33.53578
숯불이동갈비	food	126.48804	33.49294
숯차돌	food	126.85509	33.52178
숯토리제주연동점	food	126.49077	33.48087
숲	bar	126.49074	33.48414
숲	shop	126.53973	33.48962
숲골	stay	126.70253	33.48451
숲노을	bar	126.55895	33.44906
숲속돌집	stay	126.68881	33.53884
숲속야영장휴림	stay	126.42881	33.44383
숲속에서보는바다	stay	126.29895	33.39795
숲속온누리약국	shop	126.48533	33.46981
숲속의도토리	food	126.43296	33.49245
숲속힐링매니아	shop	126.52828	33.49567
숲속힐링매니아	stay	126.69885	33.54882
숲애	food	126.67381	33.43010
숲약국	shop	126.48156	33.47589
숲에게	stay	126.66765	33.50932
숲연구소꿈지락	activity	126.54988	33.47145
쉐르담	shop	126.49111	33.48857
쉐르담	shop	126.52602	33.51366
쉐프부부	food	126.48008	33.48804
쉐프스키스	food	126.56434	33.45726
쉐프의스시이야기	food	126.48970	33.48897
쉐프의요리진심	food	126.37815	33.48386
쉐프이야기	food	126.48775	33.48402
쉘터바이제주	food	126.66655	33.54071
쉬는팡	food	126.52071	33.51103
쉬는팡하우스	stay	126.34218	33.45078
쉬담	stay	126.89517	33.51826
쉬리니케이크	cafe	126.32819	33.43848
쉬멍놀멍	stay	126.24294	33.39230
쉬멍놀멍자멍	stay	126.83864	33.53381
쉬멍놀멍카페	cafe	126.24294	33.39230
쉬엉갑서	shop	126.51209	33.51554
쉬엉갑서예	stay	126.79016	33.55347
쉬연	shop	126.49742	33.48782
쉬영목	food	126.80371	33.54596
쉬젠	food	126.94359	33.50272
쉬젠	shop	126.50674	33.50096
쉬즈미스	shop	126.54149	33.49074
쉬크	food	126.53028	33.49685
쉬크리	shop	126.52610	33.51456
쉴곳	food	126.52766	33.51415
쉴드맨	stay	126.42881	33.44116
쉴레	shop	126.52727	33.51424
쉴로제주스테이	stay	126.70314	33.48641
쉴만한물가	stay	126.21400	33.37606
쉴쿠다	stay	126.23688	33.30957
쉴틈올레	stay	126.63896	33.53928
쉼	stay	126.29353	33.44420
쉼	stay	126.23113	33.40677
쉼게스트하우스	stay	126.24974	33.39858
쉼그대머물다	bar	126.23113	33.40677
쉼드림	stay	126.59002	33.52541
쉼앤오프	stay	126.78379	33.46455
쉼카페	cafe	126.52393	33.49960
쉼터	bar	126.54110	33.50688
쉼터	shop	126.53562	33.49477
쉼터포차	bar	126.51339	33.50196
쉼터휴게마트	shop	126.44114	33.46970
쉼팡	bar	126.66697	33.54172
쉼팡편의점	shop	126.65671	33.45137
쉼표	shop	126.48516	33.47287
쉼표	cafe	126.24196	33.39525
쉼표민박	stay	126.49290	33.51944
슈가	shop	126.49087	33.48752
슈가	shop	126.53530	33.48788
슈가드	food	126.54373	33.49101
슈가램프	food	126.17749	33.30659
슈가바당	cafe	126.83985	33.53455
슈가언니네	shop	126.52473	33.51227
슈마커플러스연동점	shop	126.48964	33.48742
슈몽슈몽	shop	126.42960	33.48484
슈소롯	cafe	126.43069	33.49182
슈슈댕	shop	126.48265	33.48326
슈슈봉봉제주	activity	126.48057	33.48283
슈슈앤크라제주	shop	126.47528	33.48927
슈슈앤크라제주삼화점	shop	126.58034	33.51488
슈에뜨	shop	126.48957	33.48875
슈에뜨펍	bar	126.53019	33.49861
슈올즈제주	shop	126.52467	33.51170
슈즈마당발	shop	126.52463	33.51316
슈크레	food	126.50894	33.50908
슈퍼두펍	bar	126.66080	33.54366
슈퍼레이지펌프	shop	126.30956	33.46626
슈퍼마켓	shop	126.69440	33.54972
슈퍼마켓	shop	126.52463	33.51316
슈퍼마켓	shop	126.47291	33.49641
슈퍼마켓	shop	126.17029	33.32246
슈퍼마켓	shop	126.89886	33.49345
슈퍼마켓	shop	126.60485	33.48526
슈퍼마켓	shop	126.79419	33.55700
슈퍼마켓화이트버거스탠드	food	126.26370	33.39635
슈퍼맨	bar	126.49103	33.48705
슈퍼맨	shop	126.50868	33.46615
슈퍼맨	bar	126.52437	33.51414
슈퍼보틀	food	126.49097	33.48944
슈펍	shop	126.47770	33.48000
슈푸	cafe	126.52390	33.50999
슢속쉼	stay	126.84768	33.51127
스가타	food	126.48950	33.47829
스끼야끼애	food	126.53144	33.51143
스나쿠타카	food	126.40399	33.48362
스나쿠타카바다	food	126.40399	33.48362
스노우빈	cafe	126.67936	33.43228
스놉	shop	126.59234	33.52934
스누피	bar	126.52167	33.50004
스누피가든	activity	126.77861	33.44337
스니프	food	126.54575	33.47501
스르르르	stay	126.84304	33.53319
스리	shop	126.52463	33.51316
스마일	activity	126.46688	33.48442
스마일꽈배기	food	126.26083	33.32415
스마일노래연습장	activity	126.53212	33.50142
스마일러	cafe	126.41588	33.46996
스마일러펫	shop	126.41585	33.46995
스마일모텔	stay	126.49433	33.48617
스마일애월	stay	126.32246	33.42685
스마일앤조이	stay	126.64146	33.54540
스마일제주힐링마을	stay	126.30347	33.38960
스마일찰진꽈배기	food	126.58983	33.52892
스마일찰진꽈배기화북점	food	126.56378	33.51219
스마일찹쌀꽈배기	food	126.26653	33.40805
스마일플라워	shop	126.51494	33.50991
스마일호	activity	126.43216	33.44675
스마트당구장	activity	126.26530	33.41571
스마트라운지	shop	126.53643	33.50448
스마트신제주점	shop	126.47207	33.48281
스마트약국	shop	126.48184	33.48244
스마트전자	shop	126.42919	33.48538
스마트제주점	shop	126.52790	33.50206
스마트짐제주삼화점	activity	126.57516	33.51444
스마트호	activity	126.48872	33.49341
스모크팩토리	food	126.48581	33.47295
스모프치킨고산점	food	126.18102	33.30353
스몰띵스벗	shop	126.52812	33.49843
스몰릿	shop	126.52985	33.49746
스몰사운드	bar	126.54343	33.50266
스몰하우스비치	food	126.54731	33.49399
스몰홀더	cafe	126.24227	33.39544
스무	food	126.52567	33.51396
스물	stay	126.27857	33.41106
스물다섯	cafe	126.48080	33.48898
스물셋	stay	126.83732	33.53512
스물지	food	126.79670	33.55515
스미듯	shop	126.43071	33.48897
스밀제주	stay	126.83883	33.52775
스바루	bar	126.49733	33.49175
스스	food	126.52725	33.51439
스스럼	food	126.53095	33.49883
스스로모임	activity	126.49025	33.47954
스시걸	food	126.25191	33.40333
스시고	food	126.54416	33.49192
스시나미	food	126.54357	33.49186
스시노보루	food	126.48965	33.47690
스시도모다찌	food	126.52919	33.49999
스시도모다찌	food	126.52582	33.51349
스시러브	food	126.43170	33.49062
스시마씸월정점	food	126.79451	33.55521
스시마타네	food	126.39114	33.44762
스시바미미한림협재점	food	126.26422	33.41103
스시산요	food	126.58821	33.52682
스시아리엔	food	126.41292	33.48319
스시애월	food	126.38428	33.45223
스시애월	food	126.31917	33.46672
스시앤	food	126.53461	33.49655
스시앤정	bar	126.48018	33.47863
스시앤토모	food	126.52130	33.51727
스시오하요	food	126.51235	33.51191
스시우다	food	126.50642	33.51567
스시우도포차	food	126.95775	33.51314
스시이케	food	126.48788	33.49194
스시코쿠라	food	126.51782	33.49101
스시큐	food	126.43405	33.44781
스시크레	food	126.50948	33.47088
스시해밀	food	126.51210	33.51202
스시호시카이	food	126.51754	33.48778
스시혼	food	126.48439	33.47146
스시회관	food	126.23377	33.29291
스와니코코	shop	126.52928	33.49904
스와니하우스	bar	126.47810	33.48297
스완스	cafe	126.49457	33.48595
스웨그체크	shop	126.52900	33.51428
스웨덴펜션아이동호	stay	126.26087	33.39088
스웨덴펜션지동호	stay	126.26087	33.39088
스위스스토어	shop	126.67678	33.49394
스위트	bar	126.49129	33.48820
스위트박스	shop	126.47489	33.49724
스위트타임아이스크림할인점	shop	126.53732	33.51111
스위트홈	stay	126.69956	33.51188
스윗	shop	126.46018	33.50307
스윗그라운드	food	126.41379	33.48059
스윗그린	bar	126.48403	33.48231
스윗대디	cafe	126.54774	33.49504
스윗섬	food	126.53690	33.48304
스윗카페우도	cafe	126.95110	33.49366
스윗케이크	food	126.40164	33.48037
스윙마젤제주	shop	126.47563	33.48598
스윙스스윗	shop	126.32302	33.46444
스을	stay	126.79304	33.53039
스청굴물	stay	126.75148	33.55780
스치로다	stay	126.20914	33.31913
스카이	bar	126.49179	33.48949
스카이골프샵	shop	126.63354	33.48205
스카이관광호스텔	stay	126.52653	33.50071
스카이당구클럽	activity	126.54094	33.50657
스카이모텔	stay	126.49158	33.48541
스카이민박	stay	126.78816	33.52624
스카이바	bar	126.58036	33.51284
스카이뷰	stay	126.78834	33.52568
스카이브루무	shop	126.48693	33.48977
스카이블루풀빌라	stay	126.24813	33.39071
스카이스크린골프	activity	126.58036	33.51284
스카이앤오션빌리지	stay	126.39633	33.48388
스카이에어컨앤화물	shop	126.28468	33.41811
스카이캐슬	stay	126.63851	33.51315
스카이투어	shop	126.48706	33.48618
스카이펜션	stay	126.46551	33.50372
스카이호텔	stay	126.23303	33.38831
스카이호텔	stay	126.27618	33.43284
스칼렛	shop	126.51010	33.50913
스캔들	bar	126.52793	33.50177
스캠프짐트레이닝센터	activity	126.54856	33.47479
스콘가게끌림	cafe	126.58277	33.52439
스쿠피케이크	cafe	126.50940	33.50790
스쿨떡볶이	food	126.47591	33.47837
스쿨룩스	shop	126.52780	33.50221
스쿨아이	shop	126.53295	33.48811
스쿨존피시	activity	126.54009	33.50903
스크류쿨제원점	bar	126.48974	33.48811
스크린골프오일장점	activity	126.47298	33.49576
스키즈키샵	cafe	126.53713	33.51708
스킨존	shop	126.52826	33.50031
스타	bar	126.52696	33.50054
스타	bar	126.26405	33.41436
스타	shop	126.49111	33.48857
스타	shop	126.52463	33.51316
스타당구클럽	activity	126.49185	33.48749
스타독스	cafe	126.54268	33.50462
스타박스노래주점	bar	126.54127	33.50595
스타박스노래주점	bar	126.48881	33.48610
스타벅스	cafe	126.52524	33.51335
스타벅스	cafe	126.48449	33.46893
스타벅스	cafe	126.58043	33.51174
스타벅스	cafe	126.66897	33.54249
스타벅스	cafe	126.85305	33.52300
스타벅스	cafe	126.47415	33.49097
스타벅스	cafe	126.45099	33.46330
스타벅스	cafe	126.73135	33.43554
스타벅스	cafe	126.52349	33.48033
스타벅스	cafe	126.50533	33.50063
스타벅스	cafe	126.47613	33.48342
스타벅스	cafe	126.31117	33.45811
스타벅스	cafe	126.35932	33.34794
스타벅스	cafe	126.48186	33.48782
스타벅스	cafe	126.34876	33.47270
스타벅스	cafe	126.50356	33.51669
스타벅스	cafe	126.54082	33.50730
스타벅스	cafe	126.48451	33.51240
스타벅스	cafe	126.48043	33.48497
스타벅스	cafe	126.52952	33.50048
스타벅스	cafe	126.24024	33.39388
스타벅스	cafe	126.66862	33.54249
스타벅스부동산	cafe	126.50356	33.51669
스타성	bar	126.85416	33.52492
스타스낵	cafe	126.49840	33.50490
스타이엔지	shop	126.52173	33.50964
스타일	bar	126.49016	33.48634
스타일	shop	126.41845	33.48564
스타일	shop	126.51849	33.50067
스타일노리터제주	shop	126.48644	33.48159
스타일도도	shop	126.52463	33.51316
스타일라온	shop	126.24378	33.37798
스타일리아	shop	126.52463	33.51316
스타일유	shop	126.51502	33.50464
스타일펫	shop	126.52338	33.50913
스타즈호텔제주로베로	stay	126.52194	33.51286
스타침대가구쇼파	shop	126.55733	33.50650
스타키보청기제주센터	shop	126.53329	33.49556
스타트짐	shop	126.50181	33.48524
스타하우스	stay	126.42881	33.44116
스탁	bar	126.48615	33.48309
스태판	food	126.50765	33.48178
스탠바이미	bar	126.49029	33.48816
스탠스커피	cafe	126.53533	33.49686
스탠포드호텔매니지먼트호텔앤리조트제주	stay	126.35258	33.47137
스탠포드호텔앤리조트제호텔앤리조트제주	stay	126.35258	33.47137
스테이간결	stay	126.26049	33.39559
스테이겨를	stay	126.29686	33.41817
스테이고스란	stay	126.36280	33.47332
스테이고요민박	stay	126.32820	33.44130
스테이고집	stay	126.62122	33.53549
스테이공위	stay	126.74612	33.55723
스테이구두점	stay	126.61388	33.53738
스테이구들	stay	126.17148	33.32333
스테이굿무드	cafe	126.51354	33.50642
스테이그라피	stay	126.27049	33.35964
스테이근처	stay	126.50637	33.51019
스테이기로	stay	126.23159	33.38429
스테이김녕	stay	126.73965	33.54530
스테이까미노	stay	126.21761	33.37427
스테이낙천적	stay	126.22260	33.29724
스테이남양	stay	126.23530	33.31808
스테이낭	stay	126.24988	33.38445
스테이너흐	stay	126.63283	33.53398
스테이노을	stay	126.21086	33.34261
스테이녹음	stay	126.80804	33.49547
스테이놀	stay	126.18543	33.34799
스테이느긋	stay	126.35468	33.45214
스테이늘랑	stay	126.20162	33.35863
스테이다랑쉬	stay	126.80841	33.49531
스테이다르	stay	126.33152	33.38718
스테이다온	stay	126.17256	33.33449
스테이단밤	stay	126.31274	33.37852
스테이달꿈민박	stay	126.48939	33.51850
스테이달담	stay	126.25557	33.34326
스테이달숲	stay	126.80022	33.55473
스테이달하민박	stay	126.36548	33.47313
스테이도노	stay	126.63397	33.49470
스테이도채비꽃	stay	126.26995	33.39067
스테이도채비언덕	stay	126.17663	33.33423
스테이도토리	stay	126.36526	33.44629
스테이돌덕	stay	126.29589	33.43939
스테이두리	stay	126.36526	33.44629
스테이두모	stay	126.18951	33.35201
스테이두모락	stay	126.19968	33.34230
스테이뒷빌레	stay	126.66270	33.53821
스테이드리울	stay	126.30264	33.41627
스테이들락	stay	126.29646	33.43762
스테이라네	stay	126.40180	33.42417
스테이레	stay	126.82948	33.53996
스테이레이어	stay	126.86775	33.52121
스테이레헴	stay	126.66415	33.53838
스테이렌토	stay	126.61755	33.53710
스테이로운	stay	126.17094	33.33057
스테이롬	stay	126.19897	33.31862
스테이마넷	stay	126.19674	33.35193
스테이마르하바	stay	126.19540	33.35850
스테이마음결	stay	126.37309	33.47683
스테이마카	stay	126.16895	33.32028
스테이매기	stay	126.27758	33.44102
스테이먼바다	stay	126.70958	33.54969
스테이모심제주펜션	stay	126.37431	33.47936
스테이미엔느	stay	126.84106	33.53200
스테이미엘	stay	126.86189	33.52453
스테이바이제이	stay	126.30284	33.41634
스테이베다니	stay	126.36526	33.44629
스테이별채	stay	126.42495	33.44963
스테이보나	stay	126.70327	33.48660
스테이북향	stay	126.32324	33.44205
스테이비	stay	126.38915	33.45220
스테이빌레	shop	126.55340	33.45613
스테이빌레	stay	126.82837	33.53259
스테이빛나	stay	126.25056	33.39382
스테이사띠	stay	126.63885	33.54327
스테이산타루치아	stay	126.80718	33.55634
스테이산하	stay	126.67165	33.42644
스테이새별민박	stay	126.31739	33.42513
스테이서온담	stay	126.18035	33.33301
스테이서하온	stay	126.19742	33.36330
스테이선	stay	126.69868	33.48583
스테이선자우	stay	126.86103	33.52217
스테이세연	stay	126.21946	33.37199
스테이션제주	stay	126.32675	33.44224
스테이소도	stay	126.94990	33.51895
스테이소로	stay	126.33633	33.46662
스테이소소헌	stay	126.29095	33.44223
스테이소소호강	stay	126.20362	33.35475
스테이소예	stay	126.18350	33.34452
스테이소요	stay	126.26486	33.39698
스테이손수	stay	126.17848	33.30714
스테이수우	stay	126.39393	33.48428
스테이슬로우힐	stay	126.41672	33.47484
스테이시간	stay	126.26218	33.32163
스테이시도	stay	126.83972	33.53426
스테이아델	stay	126.26324	33.33768
스테이아이	stay	126.38970	33.44211
스테이아이올라	stay	126.32635	33.44173
스테이아하	stay	126.25575	33.39786
스테이아호이	stay	126.58966	33.52471
스테이알오	stay	126.88812	33.49037
스테이앤	stay	126.49513	33.49312
스테이어라운드	stay	126.46988	33.50712
스테이엔코	stay	126.45477	33.46432
스테이여름밤	stay	126.19768	33.34996
스테이여울	stay	126.32641	33.45120
스테이연가	stay	126.31858	33.46295
스테이오름민박	stay	126.31712	33.42510
스테이오묘	stay	126.29689	33.35742
스테이온기	stay	126.34319	33.45014
스테이온휴	stay	126.85958	33.52435
스테이우무	stay	126.26721	33.33773
스테이우연	stay	126.31295	33.42667
스테이위드커피	cafe	126.45574	33.45828
스테이유누	stay	126.43829	33.47157
스테이유수	stay	126.23707	33.33854
스테이이아	stay	126.26756	33.41420
스테이이음	stay	126.19227	33.30140
스테이이플	stay	126.83030	33.54274
스테이인마인드	stay	126.28501	33.38444
스테이인애월	stay	126.34782	33.47212
스테이인우도	stay	126.95853	33.51872
스테이인탐라쉬멍	stay	126.33620	33.40650
스테이일렁	stay	126.28032	33.44194
스테이일미터	stay	126.16941	33.32096
스테이일일시호일	stay	126.32719	33.43382
스테이임피드	stay	126.64085	33.54586
스테이잔다	cafe	126.31376	33.46416
스테이정담	stay	126.24390	33.39592
스테이정원	stay	126.35180	33.44834
스테이제주	stay	126.41798	33.44654
스테이조은	stay	126.26326	33.33566
스테이종이와나무	stay	126.64086	33.54544
스테이지	stay	126.17918	33.30274
스테이짐	activity	126.53510	33.51354
스테이티코	stay	126.28309	33.44221
스테이팜스빌	stay	126.28535	33.44258
스테이퐁낭민박	stay	126.42953	33.44800
스테이핀다	stay	126.20440	33.33088
스테이하루	stay	126.86575	33.51771
스테이하하하	stay	126.67678	33.49394
스테이한담	stay	126.33347	33.43936
스테이함덕가운디	stay	126.65592	33.54144
스테이해우	stay	126.66916	33.48775
스테이헤이븐	stay	126.31123	33.46012
스테이현상	stay	126.39527	33.46773
스테이호루	stay	126.61697	33.53583
스테이호미	stay	126.66351	33.54155
스테이호밀	stay	126.74329	33.55384
스테이홈	stay	126.51043	33.47185
스테이회천	stay	126.61641	33.50433
스테이휴안	stay	126.36526	33.44629
스테이희로	stay	126.35147	33.45787
스텔라	shop	126.52463	33.51316
스텔라떡볶이제주	food	126.53554	33.49574
스텔라민박	stay	126.17064	33.32978
스텔라제주	food	126.22943	33.38645
스토리가구	shop	126.51653	33.51097
스토리마트	shop	126.47535	33.49125
스토리온	food	126.26979	33.33692
스토리하우스	stay	126.46270	33.50215
스토브온제주	food	126.27162	33.35808
스톤	bar	126.52048	33.50288
스톤당구장	activity	126.49737	33.48585
스톤브로스	bar	126.47441	33.48471
스톤빌리지민박	stay	126.25084	33.37958
스톤아일랜드탭하우스	food	126.49326	33.49244
스톤엣지볼링장	activity	126.58031	33.52152
스톤팻	shop	126.52831	33.49628
스톤하와이	stay	126.17289	33.32764
스톤헤이븐	cafe	126.49712	33.48833
스톰배팅센터앤아카데미	activity	126.50890	33.49736
스튜디오노이	stay	126.25787	33.34137
스튜디오오하이	shop	126.42731	33.49186
스튜디오월영	stay	126.21619	33.37703
스튜디오유엠엠	cafe	126.52214	33.49925
스튜디오톰보이신제주점	shop	126.48980	33.48763
스튜디오피크	shop	126.65896	33.50024
스트라이크볼링	activity	126.53759	33.49228
스트라이크볼링센터	activity	126.53759	33.49228
스트라이크존	activity	126.54127	33.50595
스트라이크존신제주구장	activity	126.48961	33.48745
스트라이크프로샵	shop	126.53759	33.49228
스트레스리스	stay	126.61669	33.53766
스트레치뱅제주점	activity	126.48894	33.47369
스트롱베리	shop	126.52315	33.51445
스팀시스템	shop	126.52027	33.49868
스팅그레이	cafe	126.24734	33.30409
스파벨리스	stay	126.62336	33.49514
스파족욕기	shop	126.47888	33.48954
스파클제주	shop	126.52034	33.50991
스팟	bar	126.49020	33.48559
스팟	bar	126.52642	33.51437
스퍼	shop	126.52734	33.50059
스페샬	bar	126.54441	33.50590
스페샬	bar	126.53180	33.51386
스페샬	stay	126.74669	33.55419
스페샬	food	126.52023	33.50926
스페샬꼬치구이여상점	bar	126.53680	33.51375
스페샬노형주공점	bar	126.47442	33.48874
스페샬동광점	bar	126.53374	33.49932
스페샬삼도점	bar	126.52443	33.50846
스페샬삼무점	bar	126.49352	33.49133
스페샬아라점	bar	126.54579	33.47181
스페샬연노점	bar	126.49072	33.48393
스페샬원	bar	126.48304	33.48536
스페샬천사점	bar	126.53945	33.50470
스페샬한라점	bar	126.47413	33.48616
스페샬혜성점	bar	126.54207	33.49616
스페이스에이	shop	126.67678	33.49394
스페이스제로	cafe	126.36656	33.39006
스페이스플로스	cafe	126.41327	33.48366
스폐샬인화점	bar	126.53888	33.51134
스포츠	shop	126.47997	33.49229
스포츠광장	shop	126.47594	33.49060
스포츠메카	shop	126.51998	33.49457
스포츠아울렛	shop	126.49703	33.49209
스포츠온	shop	126.53378	33.49723
스포츠테이핑센터	shop	126.51351	33.49844
스푸레무따	cafe	126.48465	33.46731
스피드스포츠	shop	126.58133	33.52101
슬기로운우도생활	stay	126.95027	33.49580
슬기로운제주생활	stay	126.32561	33.44176
슬기식당	food	126.53962	33.51514
슬랩	cafe	126.24165	33.39485
슬로리	cafe	126.40077	33.43429
슬로메이	stay	126.22568	33.33931
슬로모	shop	126.52812	33.51346
슬로보트	cafe	126.41439	33.49013
슬로우그로우라이프	stay	126.24482	33.39927
슬로우리제주	stay	126.38216	33.46980
슬로우맨션	stay	126.90918	33.49687
슬로우버드	stay	126.46418	33.47020
슬로우스테이	stay	126.29513	33.44608
슬로우식스	cafe	126.49179	33.48949
슬로우앤이지스테이	stay	126.68596	33.49246
슬로우약국	shop	126.47548	33.48063
슬로우캣	stay	126.33340	33.43941
슬로우하우스	stay	126.52981	33.49078
슬릭부스트제주연동캠프	activity	126.48576	33.48912
슬림호텔	stay	126.52773	33.50017
슬립인하노이	food	126.47203	33.48415
슬며시	cafe	126.67277	33.54332
슬슬술술	food	126.25630	33.40634
슬슬슬로우	food	126.79304	33.53039
슬이네찌개마을	food	126.42913	33.48606
슭하우스	stay	126.27338	33.39394
승담정	food	126.43703	33.46078
승도리네곱도리탕연동노형제주	food	126.48953	33.48799
승룡수산	shop	126.42103	33.48495
승리	shop	126.47723	33.49099
승리마트	food	126.25342	33.40084
승범이네집	food	126.47501	33.49028
승쁨당	food	126.54514	33.50356
승석슈퍼	shop	126.89974	33.49259
승승로또복권	activity	126.48846	33.47652
승신수산	shop	126.52721	33.51165
승신옥돔	shop	126.52665	33.51236
승주네건입점	food	126.53539	33.51388
승주편의분식	food	126.52925	33.50150
승지펜션	stay	126.69054	33.54818
승진농수산	shop	126.51969	33.50300
승진유통	shop	126.52048	33.51320
승진헬스클럽	activity	126.51477	33.50957
승진호	activity	126.51697	33.49303
승하네	food	126.29178	33.40788
승현이네	food	126.26303	33.41059
승희상회	shop	126.89940	33.49317
시간	shop	126.53115	33.50281
시간과온도	food	126.29916	33.41702
시간여행	food	126.51958	33.49891
시간을담다	cafe	126.84384	33.52998
시걸	bar	126.48475	33.48645
시골길	food	126.49471	33.48884
시골길	food	126.53637	33.49403
시골못난이투	food	126.49282	33.48670
시골민박	stay	126.62134	33.53755
시골밥상	food	126.29418	33.96254
시골집	food	126.56685	33.51373
시골책방	shop	126.63241	33.53517
시공간	food	126.31924	33.46452
시공건축	shop	126.49403	33.48556
시그널	bar	126.49119	33.48705
시금사	shop	126.52983	33.51281
시나르	food	126.47765	33.48391
시나르가든	stay	126.70272	33.48631
시나몬도넛샾	cafe	126.51362	33.51019
시나브로	shop	126.49180	33.48769
시네마	food	126.53094	33.49854
시노수라	shop	126.56476	33.52346
시니어손맛아리랑	food	126.53076	33.50069
시도	cafe	126.44216	33.48889
시드니단란주점	bar	126.52504	33.50621
시드니호텔	stay	126.39575	33.48366
시드니호텔투	stay	126.39606	33.48370
시땅	stay	126.34267	33.46897
시로에스테틱	shop	126.54630	33.47567
시로코	food	126.50475	33.51630
시론	bar	126.51255	33.50458
시루애월	food	126.39182	33.44272
시리즈에피그램캠브리지멤버스제주점	shop	126.50631	33.49282
시마키	food	126.52916	33.49957
시머폿	food	126.55256	33.47236
시명사	shop	126.52862	33.50164
시몬스신제주점	shop	126.49591	33.49700
시몬스침대신제주점다홈	shop	126.49591	33.49700
시민골	food	126.52507	33.50789
시민구제	shop	126.52512	33.50600
시민그릇	shop	126.47489	33.49724
시민노래연습장	activity	126.52437	33.50854
시민명가	food	126.52461	33.50575
시민빈티지	shop	126.52595	33.50863
시민삼계탕	food	126.52476	33.50785
시민상회	food	126.52633	33.50845
시민야식당	bar	126.52437	33.50805
시민필방	shop	126.52439	33.50796
시민화랑표구사	shop	126.52369	33.50851
시부야	shop	126.52463	33.51316
시분초	food	126.51066	33.50947
시블루	shop	126.52832	33.49594
시비치민박	stay	126.34920	33.47234
시사오하우스제주	stay	126.62034	33.53512
시선	shop	126.52035	33.49869
시선	cafe	126.22674	33.38470
시선민박	stay	126.25092	33.38594
시선연동점	food	126.49170	33.48712
시선제주	food	126.52918	33.49792
시속십키로	shop	126.54241	33.51165
시솔	stay	126.21419	33.37650
시슬리제주점	shop	126.54097	33.49042
시시러브	stay	126.76493	33.47293
시시소소	cafe	126.78281	33.47211
시시한덮밥	food	126.54894	33.47406
시실리	bar	126.49170	33.48712
시아네집민박	stay	126.37127	33.47525
시아네한식뷔페	food	126.49725	33.49138
시아도아네	stay	126.82838	33.52663
시안	stay	126.66028	33.54283
시애틀	bar	126.53149	33.50100
시앤에스아이앤시	shop	126.52463	33.51316
시에나	food	126.26690	33.38620
시에따이	stay	126.23321	33.29304
시엘블랑	shop	126.54302	33.49305
시엠	shop	126.49111	33.48857
시연	cafe	126.45173	33.49688
시영이네하우스	stay	126.39355	33.44337
시영통닭	food	126.51045	33.50867
시예플라워스튜디오	shop	126.40499	33.46807
시오	shop	126.52209	33.51190
시오름식당	food	126.26368	33.41616
시온감귤랜드	shop	126.66219	33.54269
시온디저트카페	cafe	126.47890	33.49031
시온민박	stay	126.33141	33.43835
시온사	shop	126.52352	33.50994
시온상회	shop	126.52457	33.51124
시온쇼핑	shop	126.56636	33.52182
시온에프앤에스	food	126.19927	33.36478
시온온누리약국	shop	126.53404	33.51326
시온온누리약국	shop	126.53464	33.49440
시옷미음집	stay	126.82232	33.53545
시원아로마	shop	126.49151	33.48564
시원하당	food	126.19824	33.36473
시원한약국	shop	126.58029	33.51706
시원호	activity	126.39966	33.47937
시월	food	126.53854	33.49087
시월의밀	food	126.43381	33.48937
시인의집	cafe	126.63455	33.53600
시작카페	cafe	126.52377	33.50771
시장	bar	126.52602	33.51150
시장분식	food	126.56636	33.52182
시장올레	food	126.52619	33.51226
시장초밥	food	126.42994	33.49104
시재시재	stay	126.23071	33.33413
시쟈덕	food	126.48814	33.48707
시적인순간	shop	126.61321	33.53703
시적인순간스테이	stay	126.61321	33.53703
시절인연	bar	126.66903	33.54081
시정사	shop	126.26456	33.41476
시조왕	food	126.52135	33.50867
시종일관	cafe	126.26824	33.42519
시즌	shop	126.52498	33.50710
시즌	bar	126.52008	33.50105
시즌글라스제주협동조합	shop	126.54819	33.47668
시차	food	126.62301	33.53516
시차	cafe	126.28260	33.44162
시청골목집	food	126.53018	33.49756
시청그때그집	food	126.52890	33.50194
시청시장통닭	food	126.53119	33.49728
시청시장통닭삼화점	food	126.58408	33.51975
시청에있는멀티방	activity	126.52966	33.49845
시청중국관	food	126.53035	33.49793
시청통닭연동점	food	126.49060	33.48871
시청통닭외도점	food	126.42955	33.48511
시청흑돼지돈삼겹	food	126.53106	33.50043
시카고앤비비큐외도점	food	126.43522	33.49380
시퀀스애월	stay	126.31602	33.43907
시크릿	bar	126.49211	33.48559
시크릿가든애월	stay	126.36122	33.44639
시크릿어스	stay	126.34709	33.39795
시크마브리스	shop	126.53340	33.51253
시크미	shop	126.52463	33.51316
시키	food	126.41374	33.48557
시키	food	126.25489	33.40591
시타북빠	cafe	126.85404	33.52624
시트리앙제주국제	shop	126.49596	33.50594
시티마트주	shop	126.43404	33.48801
시티호텔	stay	126.49511	33.48250
시호루	stay	126.71271	33.55211
식객노형정육식당	food	126.47697	33.48871
식객제주점	food	126.48117	33.48439
식당	food	126.66771	33.54114
식당교래	food	126.67658	33.43686
식도원	food	126.54298	33.50003
식물약국애성아그로	shop	126.53034	33.50156
식빵가게	food	126.50525	33.50117
식빵이야기	food	126.48036	33.49131
식빵집	food	126.49842	33.48417
식사준비제주삼화점	shop	126.57668	33.51562
식사준비제주외도점	shop	126.43070	33.48736
식스	bar	126.49085	33.48628
신가네야식	food	126.52636	33.50649
신강남	stay	126.51354	33.50044
신계발	bar	126.52967	33.49834
신공사	shop	126.52913	33.51283
신광떡집	food	126.48541	33.49168
신광문구	shop	126.48509	33.49204
신광분식	shop	126.51822	33.51183
신광아이스크림할인점	shop	126.47428	33.48957
신광아이스크림할인점외도점	shop	126.43284	33.48764
신광자전차	shop	126.51006	33.50834
신광조명	shop	126.52512	33.50600
신광종합유통	shop	126.54237	33.49665
신궁	bar	126.52186	33.50005
신궁양궁카페	activity	126.52916	33.49957
신기루	food	126.51937	33.50210
신나게튀기자	food	126.54214	33.48949
신나노래클럽	bar	126.52629	33.50640
신나는당구클럽	activity	126.54970	33.47415
신나는생방송	bar	126.48434	33.48624
신달토끼	stay	126.85384	33.52757
신대림	cafe	126.26371	33.41722
신대림마트휴게	food	126.53160	33.51289
신대보기름	shop	126.52740	33.51284
신대영전자	shop	126.51355	33.50031
신대장군집	food	126.49193	33.48964
신대화장	stay	126.52209	33.50030
신데렐라구두	shop	126.47852	33.48705
신도원	food	126.52863	33.51637
신동광상회	shop	126.52703	33.51221
신동네국수	food	126.51764	33.50064
신동수육	food	126.41718	33.48699
신동아마트	shop	126.51498	33.49160
신동아문구	shop	126.53101	33.49839
신동양	food	126.53819	33.51561
신동양슈퍼마켓	shop	126.52550	33.51235
신등대민박	stay	126.29761	33.96330
신등대민박수산회센타	food	126.29761	33.96330
신떡순구제주점	food	126.54101	33.51032
신라	bar	126.85415	33.52480
신라가든	food	126.26504	33.41910
신라국제	shop	126.48814	33.48707
신라노래연습장	activity	126.52674	33.51381
신라슈퍼	shop	126.48507	33.49123
신라여인숙	stay	126.51387	33.51052
신라제과	food	126.85618	33.52316
신로하스	shop	126.47528	33.48927
신룽푸마라탕제주대점	food	126.55835	33.45015
신마라본색	food	126.48400	33.48134
신마라본색	food	126.52611	33.51424
신마라본색삼화점	food	126.57934	33.51784
신마포갈매기신제주점	food	126.48917	33.48708
신마포갈매기제주	food	126.53053	33.49762
신마포갈매기제주	food	126.54138	33.50568
신명성상회	shop	126.52738	33.51291
신미국밥	food	126.74959	33.55435
신미조리	food	126.49757	33.48802
신반점	food	126.53428	33.49614
신발	shop	126.47489	33.49724
신번지	food	126.49088	33.48392
신봉닭발	bar	126.52814	33.49959
신비가든	food	126.48622	33.44822
신비국수국밥	food	126.52278	33.50606
신비농축산	shop	126.48079	33.44502
신비반점	food	126.65686	33.49925
신비의도로	activity	126.48750	33.45129
신비의사랑	cafe	126.48617	33.44863
신사꽃게당제주점	food	126.48461	33.48869
신사동식당	food	126.67599	33.53341
신사본가송탄부대찌개	food	126.49383	33.49100
신사사일	food	126.52887	33.49960
신산가든	food	126.53461	33.50718
신산공원	nature	126.53379	33.50528
신산노래연습장	activity	126.53236	33.51074
신산단란주점	bar	126.53327	33.50927
신산명성식당	food	126.53511	33.50887
신산복어집	food	126.53414	33.50882
신산서해닭집	food	126.54195	33.50606
신산약국	shop	126.53137	33.51152
신산유통	activity	126.53225	33.51017
신산인삼사	shop	126.53661	33.51153
신산탁구클럽	activity	126.53620	33.50485
신산탑마트	shop	126.54101	33.51032
신삼다식당	food	126.52517	33.51186
신삼미식당	food	126.62458	33.51833
신상마켓	shop	126.52538	33.51413
신상마켓	shop	126.52463	33.51316
신상사	shop	126.38817	33.47499
신선가	stay	126.64902	33.50559
신선떡방앗간	food	126.53603	33.51133
신선로훠궈	food	126.48174	33.48424
신선유통	shop	126.60724	33.47711
신설돈가	food	126.53876	33.51238
신설동보리빵	shop	126.54816	33.49882
신설동집	food	126.54724	33.49724
신설오름	food	126.54158	33.50539
신성골	bar	126.52281	33.49903
신성꽃집	shop	126.52657	33.49526
신성냉열	shop	126.54007	33.49818
신성농자재	shop	126.21498	33.29061
신성떡집	food	126.52506	33.51174
신성상회	shop	126.52714	33.51259
신성쌀슈퍼	shop	126.52145	33.49595
신성의숲	shop	126.44338	33.44815
신성총포사	shop	126.54220	33.50853
신성할망	food	126.49916	33.49193
신세계	bar	126.52442	33.49933
신세계	shop	126.47489	33.49724
신세계	shop	126.53219	33.51025
신세계	activity	126.54024	33.50602
신세계건강원	shop	126.26094	33.41280
신세계다방	cafe	126.26213	33.41581
신세계안경	shop	126.52470	33.50687
신세계약국	shop	126.49081	33.48514
신세계주얼리	shop	126.52484	33.51420
신세계푸드이베이커리신제주점	food	126.48043	33.48497
신세계회센타	food	126.51820	33.51119
신속반점구남점	food	126.53341	33.48842
신수성	food	126.53738	33.49668
신수연	food	126.52181	33.49928
신수카페	cafe	126.19842	33.30271
신스버거	food	126.21659	33.37468
신스테이	stay	126.65291	33.54893
신스포츠	shop	126.85633	33.52607
신시골뚝배기	food	126.56023	33.51507
신신	bar	126.52444	33.51441
신신낙지	food	126.49897	33.48824
신신호텔제주공항	stay	126.49054	33.49217
신신호텔제주시티	stay	126.45390	33.46445
신아원패션	shop	126.52831	33.51280
신아한식뷔페	food	126.40888	33.47252
신앗싸	bar	126.26513	33.41465
신앙촌상회	shop	126.54896	33.47118
신양상회	shop	126.32686	33.94525
신양장어	food	126.48152	33.48985
신엄돌담민박	stay	126.36431	33.47391
신엄해녀의집	food	126.36683	33.47839
신영	shop	126.48728	33.49087
신영돌판구이	food	126.49705	33.48661
신옛촌제주점	food	126.46089	33.49033
신용공예사	shop	126.58913	33.51379
신우상사	shop	126.52781	33.51255
신우성회관	food	126.49038	33.48323
신우전자제주영업소	shop	126.54153	33.47659
신우정보기술	shop	126.53578	33.49561
신우하이테크	shop	126.33598	33.40142
신원씨엔티	shop	126.52947	33.50064
신원씨티	food	126.85306	33.52228
신의주찹쌀순대제주	food	126.48456	33.48375
신의한근	food	126.59092	33.52477
신의한모	food	126.40841	33.48542
신이네사거리식당	food	126.63962	33.53773
신이운송	shop	126.34117	33.46934
신인켈조명	shop	126.52815	33.49520
신재민박	stay	126.38957	33.48341
신전떡볶이	food	126.62236	33.53484
신전떡볶이	food	126.47576	33.47876
신전떡볶이구좌세화점	food	126.85995	33.51979
신전떡볶이삼화화북점	food	126.58603	33.51928
신전떡볶이연동	food	126.48089	33.49092
신전떡볶이외도점	food	126.43067	33.48898
신전떡볶이인제점	food	126.54094	33.50657
신전떡볶이제주	food	126.53847	33.49095
신전떡볶이제주대점	food	126.56180	33.46071
신전떡볶이제주용담점	food	126.51103	33.51266
신정	food	126.53938	33.50588
신정	bar	126.26483	33.41633
신제일	food	126.52086	33.51757
신제주골프아카데미	activity	126.49038	33.48323
신제주그랜드	food	126.49636	33.49115
신제주라코스테	shop	126.48977	33.48631
신제주리치	stay	126.48907	33.49077
신제주명동보쌈	food	126.48886	33.47771
신제주문구사	shop	126.49680	33.48295
신제주배스킨라빈스	food	126.48433	33.48860
신제주보말칼국수	food	126.49998	33.48793
신제주보쌈	food	126.46949	33.48321
신제주빠빠라기	cafe	126.49029	33.48801
신제주삼계탕	food	126.49065	33.48944
신제주삼보	food	126.49530	33.48691
신제주삼보식당	food	126.49530	33.48692
신제주삼천리자전거	shop	126.49567	33.48849
신제주스쿨룩스	shop	126.49457	33.48595
신제주스크린골프	activity	126.48987	33.48939
신제주스포츠	shop	126.49021	33.48650
신제주스포츠	shop	126.47831	33.48892
신제주양곱창	food	126.48505	33.48697
신제주오토바이상사	shop	126.49763	33.48584
신제주유람선	activity	126.46516	33.50664
신제주은남	food	126.49300	33.48720
신제주이마트아가방	shop	126.48043	33.48497
신제주이마트애나케이	shop	126.48043	33.48497
신제주집	stay	126.48944	33.48551
신제주촌오리	food	126.39295	33.48484
신제주치킨하우스	food	126.49527	33.49223
신제주화방	shop	126.49538	33.49676
신제주황가네	food	126.49290	33.48745
신제주회어시장	shop	126.47245	33.49139
신조	bar	126.43116	33.49020
신주양꼬치제주점	food	126.49157	33.48678
신중부유통	shop	126.56130	33.47815
신중산간	food	126.48512	33.48580
신중앙로	food	126.52440	33.51109
신지하우스	shop	126.39429	33.48414
신진민박	stay	126.23101	33.40666
신진팜약국	shop	126.48496	33.48167
신짜우	food	126.57680	33.51785
신짱	food	126.52851	33.50179
신짱쇼핑	shop	126.48914	33.48677
신창건강원	shop	126.18375	33.34982
신창그리고제주	stay	126.18457	33.33929
신창낚시문구	shop	126.18244	33.34920
신창민박	stay	126.18133	33.34886
신창사	shop	126.52824	33.51209
신창약국	shop	126.18280	33.34986
신창여관	stay	126.18500	33.33830
신창유유희	stay	126.18358	33.34720
신창윤업사	stay	126.18287	33.34609
신창풍차해안도로	nature	126.17213	33.34310
신창풍차해안도로싱계물휴게소오징어덕장	food	126.17405	33.34286
신창해물라면와랑식탁	food	126.17593	33.34321
신천	shop	126.49273	33.48715
신천지	stay	126.53813	33.51772
신천지식품미가유통	shop	126.58364	33.52377
신체발란스운동건강연구소제주센터	shop	126.54124	33.49465
신촌	cafe	126.26467	33.42056
신촌가든	food	126.62519	33.53097
신촌낚시	shop	126.62090	33.53391
신촌느긋	stay	126.62020	33.53651
신촌당구장	activity	126.62443	33.53584
신촌댁	food	126.61861	33.53362
신촌마트	shop	126.61906	33.53258
신촌밥상	food	126.62234	33.53832
신촌불닭발	bar	126.48432	33.48408
신촌불닭발종로빈대떡	food	126.57952	33.51650
신촌살롱	shop	126.62199	33.53490
신촌아로마	shop	126.62386	33.53653
신촌여행	stay	126.62408	33.53310
신촌올레숯불갈비	food	126.62142	33.53308
신촌왕돈까스	food	126.62326	33.53575
신촌카츠란	food	126.61852	33.53425
신촌핫도그	food	126.60769	33.52439
신촌향사	heritage	126.62068	33.53654
신춘반점	food	126.56613	33.52139
신춘하추동	food	126.53087	33.50079
신탐라노래연습장	activity	126.52813	33.49591
신토계	food	126.42675	33.49331
신토불이	food	126.52443	33.51071
신토불이수산	food	126.47200	33.48362
신트라움	stay	126.22074	33.37251
신한당약국	shop	126.66636	33.54150
신한류국제	shop	126.54153	33.47659
신한온누리약국	shop	126.48633	33.48974
신한제주도남점	shop	126.52802	33.47950
신해바라기	food	126.52595	33.51424
신해바라기제	food	126.53422	33.50779
신해바라기한라대점	food	126.47780	33.47782
신해변	bar	126.26343	33.41650
신해조	food	126.52892	33.51630
신행복약국	shop	126.47735	33.48432
신현대식당	food	126.52920	33.51637
신협헬스타운	activity	126.48100	33.49035
신형노래연습장	activity	126.48011	33.49079
신호	shop	126.48965	33.48708
신호등	bar	126.52281	33.50922
신화	shop	126.66564	33.54164
신화	stay	126.51220	33.50467
신화랜드	food	126.67163	33.49249
신화산업	shop	126.78250	33.47003
신화앞오름식당	food	126.78592	33.47018
신화연리지	shop	126.70053	33.47960
신화육회	food	126.43107	33.48513
신화전기조명	shop	126.54039	33.51317
신화조개앤횟집	food	126.48864	33.51822
신화태일즈	shop	126.49228	33.48724
신화텔레콤	shop	126.43108	33.48539
신화텔레콤	shop	126.48105	33.47912
신흥노을바다민박	stay	126.48425	33.51166
신흥늦장	stay	126.64843	33.54826
신흥바다낚시공원	activity	126.64694	33.55126
신흥비치	stay	126.64693	33.54854
신흥상회	shop	126.47489	33.49724
신흥아트	shop	126.65318	33.54375
신흥애퐁당	stay	126.64946	33.54829
신흥온담	stay	126.64992	33.54752
신흥휴게소쉼	food	126.64826	33.55188
실로스테이	stay	126.50784	33.51269
실의기억니팅앨리스의작업실	shop	126.29087	33.43556
실크로드	stay	126.50328	33.51472
실크로드라이브	bar	126.32043	33.46633
심	food	126.52898	33.49694
심바카레	food	126.30209	33.44838
심바카레	food	126.31686	33.46342
심봉사도로케	food	126.49493	33.48796
심스케빈	stay	126.37013	33.47536
심심주택	stay	126.77933	33.47400
심심포차	bar	126.53485	33.49894
심야	food	126.49259	33.48754
심야식당	food	126.66848	33.54082
심야식당낭만혼술	bar	126.49599	33.48350
심야식당부엉이집	food	126.52159	33.51102
심야주방	food	126.38233	33.44449
심양양꼬치	food	126.47506	33.48407
심우당	shop	126.41734	33.48669
심을	shop	126.58933	33.51499
심이네	food	126.52879	33.51328
심지방코지	stay	126.44075	33.49548
심지유향	food	126.48972	33.48604
심청이쌈밥	food	126.54470	33.47476
심취	bar	126.47413	33.48616
심쿵사	cafe	126.56461	33.52003
심쿵하개	shop	126.33423	33.46274
심포니	bar	126.52532	33.51440
심풀그리고잇닿다	cafe	126.63340	33.51341
심향원집밥	food	126.48055	33.48848
심헌갤러리	shop	126.54404	33.47077
십오야	bar	126.66404	33.54227
십칠일	food	126.52999	33.51224
싱게물보말칼국수	food	126.16464	33.33688
싱겟물바당	food	126.54193	33.50292
싱계물공원	nature	126.17389	33.34342
싱글로가는길골프아카데미	activity	126.53525	33.49452
싱글스토리	stay	126.52744	33.50719
싱글플러스	bar	126.52772	33.50203
싱긋제주혼술바	bar	126.52308	33.51227
싱도이	food	126.26480	33.41238
싱싱귤농장	shop	126.42280	33.46364
싱싱농산물식품	shop	126.52211	33.50634
싱싱바다횟집앤해물탕	food	126.49975	33.48818
싱싱부식	shop	126.47810	33.49081
싱싱약국	shop	126.47693	33.48415
싱싱잇	food	126.22723	33.38639
싱싱제주	shop	126.50997	33.47012
싱싱청과마트	shop	126.51328	33.50954
싱싱촘맛집	food	126.66085	33.54523
싱싱프루츠	shop	126.48120	33.47913
싱싱프루츠	cafe	126.53991	33.48940
싱싱프루츠삼화점	cafe	126.58829	33.51727
싱싱회센타	food	126.52824	33.51209
싱푸미엔관	food	126.53448	33.48698
싸리즈민박	stay	126.89740	33.51812
싸바이디게스트하우스	stay	126.66741	33.54091
싸이	bar	126.52674	33.51381
싸이공레시피	food	126.40029	33.47971
싹게스트하우스	stay	126.45195	33.49689
싼타쓰	shop	126.48955	33.48833
쌀국수반카	food	126.49295	33.48383
쌈지모텔	stay	126.51865	33.50953
쌍교숯불갈비제주애월점	food	126.39101	33.48586
쌍금당	shop	126.52725	33.51439
쌍둥이국수	food	126.26432	33.41752
쌍둥이네	shop	126.51849	33.50067
쌍둥이농장	shop	126.52095	33.50262
쌍둥이민박	stay	126.29348	33.96312
쌍둥이해장국	food	126.53818	33.51399
쌍둥이회포장	shop	126.51318	33.50095
쌍송호텔	stay	126.53192	33.51163
쌍팔련도	food	126.54347	33.50207
쌍팔련도도남점	food	126.52689	33.49581
쌍팔련도삼화점	food	126.57990	33.51445
쌍팔련도신제주점	food	126.47755	33.49030
쌍팔련도아라점	food	126.54907	33.47425
쌍팔련도외도점	food	126.43140	33.48767
쌔맹	food	126.51332	33.50381
쌤소이마트신제주	shop	126.48043	33.48497
쌩텀펜션원	stay	126.43273	33.43360
써니	food	126.48481	33.47293
써니	bar	126.53161	33.50106
써니	bar	126.52363	33.50007
써니	food	126.52796	33.49114
써니	bar	126.49197	33.48457
써니꼬마김밥	food	126.54207	33.47410
써니꼬마김밥건입점	food	126.53510	33.51354
써니꼬마김밥용담점	food	126.50902	33.51259
써니네	shop	126.54514	33.49839
써니농장	activity	126.60788	33.47560
써니라이브	bar	126.49151	33.48564
써니맥주	bar	126.62301	33.53516
써니민박	stay	126.27454	33.42243
써니봉	cafe	126.59258	33.49064
써니스쿡	food	126.54064	33.51063
써니약국	shop	126.57167	33.45296
써니의놀이터	food	126.47376	33.48521
써니의부엌	food	126.52511	33.47674
써니의포차	food	126.49040	33.47955
써니킴밥	food	126.47597	33.48800
써니톡톡	shop	126.42331	33.48866
써니하우스	stay	126.28124	33.43763
써니허니게스트하우스	stay	126.78120	33.47165
써브웨이신제주연동	food	126.49001	33.48071
써브웨이제주	food	126.47961	33.48484
써브웨이제주	food	126.49793	33.49835
써브웨이제주	food	126.53112	33.49739
써브웨이제주대점	food	126.56206	33.46036
써브웨이제주삼화점	food	126.58899	33.51564
써브웨이제주외도점	food	126.42764	33.49236
써비스가요주점	bar	126.26430	33.41630
썬	bar	126.26382	33.41497
썬더치킨일도고마로점	food	126.53876	33.51190
썬더치킨제원점	food	126.48842	33.49038
썬더치킨제주지사베라체점	food	126.54610	33.49312
썬라이브스타클럽	bar	126.48960	33.48396
썬리	food	126.33717	33.46606
썬보틀	food	126.43709	33.45242
썬비치리조트	stay	126.46140	33.50252
썬비치펜션	stay	126.95749	33.51343
썬샤인협재	stay	126.25044	33.39026
썬셋비치	food	126.24213	33.39540
썬셋클리프	cafe	126.31072	33.46184
썬시티	food	126.48454	33.51269
썬시티	cafe	126.79512	33.55341
썬하우	shop	126.52136	33.51275
썬하우스	stay	126.27844	33.42316
썸	bar	126.49190	33.48085
썸	bar	126.49078	33.48461
썸	shop	126.49111	33.48857
썸데이	bar	126.49135	33.48564
썸데이수산	stay	126.39754	33.46732
썸민박	stay	126.96225	33.50377
썸썸	food	126.49852	33.51963
썸인제주게스트하우스파티	food	126.72031	33.55607
썸잉	bar	126.53122	33.50045
썸제주	shop	126.48155	33.49393
썸카페	bar	126.49190	33.48085
쎄븐단란주점	bar	126.52245	33.50947
쎄뿌아뚜아	shop	126.53291	33.50267
쎄컨드홈즈	stay	126.52919	33.49999
쏘그베민박	stay	126.40910	33.48853
쏘나인	shop	126.66878	33.52845
쏘니호	activity	126.46594	33.50120
쏘맥한잔	food	126.53284	33.48915
쏘머치모어	food	126.69474	33.55034
쏘뷰티팬더민박	shop	126.48811	33.48670
쏘비노	shop	126.51389	33.49311
쏘잉싸롱	cafe	126.26213	33.32262
쏘자토스트	food	126.26743	33.42068
쏙인제주	food	126.20044	33.32139
쏜	bar	126.48266	33.48463
쏠레일베이커리카페	food	126.59545	33.48970
쏨	food	126.52850	33.51380
쏭버드라이브	bar	126.52743	33.49560
쏭스	bar	126.49175	33.48818
쏭스핫도그제주대점	food	126.56093	33.46027
쏭코인노래연습장	activity	126.53095	33.49883
쑤기빌레	shop	126.33547	33.46513
쑤기의판도라	shop	126.53173	33.51335
쑥쑥컴퍼니	shop	126.48994	33.49014
쓰리에이치아라센터	shop	126.54037	33.47425
쓰리에이치제주센터	shop	126.52302	33.51297
쓰리팩토리안경	shop	126.47735	33.48432
쓰쓰카페	food	126.18369	33.33827
씨더비양	stay	126.26892	33.39680
씨름왕순덕이네	food	126.26307	33.42165
씨밀레	shop	126.52463	33.51316
씨바	food	126.23998	33.39281
씨비에스인터내셔날	shop	126.32567	33.45619
씨사이드	stay	126.80521	33.54804
씨사이드뷰	stay	126.16350	33.32474
씨스테이호텔	stay	126.33898	33.46761
씨스파	shop	126.66585	33.54242
씨앤제이관광호텔	stay	126.52708	33.49981
씨앤호텔	stay	126.44705	33.49361
씨에로	bar	126.52679	33.50103
씨에스	shop	126.63904	33.47578
씨에스빌리지	stay	126.36029	33.47845
씨에이치개발제주지사주	stay	126.25342	33.39177
씨에코	stay	126.64687	33.54823
씨에코비치	stay	126.64719	33.54824
씨에프모텔	stay	126.52704	33.51521
씨엔에스키친	shop	126.50892	33.48103
씨엔엔	shop	126.52591	33.51499
씨엘	stay	126.53900	33.51106
씨오디스포츠	shop	126.48994	33.49014
씨오버더썬샤인	cafe	126.84009	33.53678
씨오피원두제주총판점	cafe	126.48872	33.49341
씨유노블레스관광호텔점	shop	126.50345	33.50117
씨유노형	shop	126.47369	33.48214
씨유노형	shop	126.48040	33.48680
씨유노형	shop	126.47966	33.48338
씨유노형해오름점	shop	126.48676	33.48126
씨유도남	shop	126.52346	33.49642
씨유도남	shop	126.52658	33.49680
씨유도두항점	shop	126.46642	33.50404
씨유라마다함덕호텔점	shop	126.65971	33.54316
씨유삼양해수욕장점	shop	126.58730	33.52554
씨유삼화주공점	shop	126.57612	33.51653
씨유서부관광점	shop	126.45151	33.46312
씨유신제주점	shop	126.49319	33.48960
씨유신제주초교점	shop	126.49872	33.48210
씨유씨앤블루민박	stay	126.36532	33.47786
씨유애월유수암점	shop	126.40418	33.42309
씨유애월자운당점	shop	126.35760	33.46791
씨유애월평화로점	shop	126.43179	33.44280
씨유애조로월산점	shop	126.47035	33.46573
씨유연동대로점	shop	126.49361	33.49347
씨유외도일주점	shop	126.42380	33.49226
씨유외도절물점	shop	126.43323	33.49001
씨유월령선인장	shop	126.21707	33.37898
씨유유수암평화길점	shop	126.40548	33.43543
씨유이호테우	shop	126.45195	33.49689
씨유제주	shop	126.63607	33.53530
씨유제주	shop	126.52800	33.50320
씨유제주	shop	126.54350	33.50272
씨유제주	shop	126.57967	33.52110
씨유제주	shop	126.48311	33.48136
씨유제주	shop	126.65367	33.54386
씨유제주	shop	126.53805	33.49133
씨유제주	shop	126.48555	33.48042
씨유제주	shop	126.52629	33.47498
씨유제주	shop	126.53591	33.49280
씨유제주	shop	126.46323	33.49427
씨유제주	shop	126.53144	33.51191
씨유제주	shop	126.52023	33.50926
씨유제주	shop	126.51405	33.49978
씨유제주	shop	126.53178	33.50171
씨유제주	shop	126.53472	33.49515
씨유제주	shop	126.52017	33.50703
씨유제주	shop	126.50840	33.50611
씨유제주	shop	126.48762	33.47871
씨유제주	shop	126.52407	33.51122
씨유제주	shop	126.53494	33.49733
씨유제주	shop	126.77079	33.50271
씨유제주	shop	126.18319	33.34993
씨유제주	shop	126.89385	33.49301
씨유제주	shop	126.52682	33.50053
씨유제주	shop	126.70399	33.55213
씨유제주	shop	126.61883	33.53316
씨유제주가령로점	shop	126.53791	33.50422
씨유제주거로길점	shop	126.55796	33.51390
씨유제주건강관리협회점	shop	126.49444	33.48247
씨유제주건입	shop	126.53219	33.51408
씨유제주건입미니점	shop	126.53007	33.51371
씨유제주건입현대점	shop	126.53647	33.51712
씨유제주고내리점	shop	126.34963	33.46614
씨유제주고내올레점	shop	126.33841	33.46676
씨유제주고마로점	shop	126.54159	33.51229
씨유제주고산점	shop	126.17951	33.30125
씨유제주공설로점	shop	126.51765	33.49732
씨유제주공항국제선점	shop	126.49596	33.50594
씨유제주과원점	shop	126.48644	33.47611
씨유제주곽지	shop	126.30933	33.45311
씨유제주곽지해수욕장점	shop	126.30855	33.45203
씨유제주관덕점	shop	126.52219	33.51234
씨유제주광령	shop	126.43677	33.44944
씨유제주광상로점	shop	126.39127	33.44313
씨유제주광평점	shop	126.47077	33.48213
씨유제주구남	shop	126.53527	33.48906
씨유제주구산로점	shop	126.53832	33.48305
씨유제주구엄	shop	126.37523	33.48195
씨유제주국기점	shop	126.49243	33.48074
씨유제주귀덕점	shop	126.29655	33.41915
씨유제주귀덕해안도로점	shop	126.28236	33.44226
씨유제주그랜드점	shop	126.48807	33.48615
씨유제주금능	shop	126.23324	33.38781
씨유제주금능길점	shop	126.22961	33.38650
씨유제주금능점	shop	126.22999	33.38819
씨유제주금악점	shop	126.29780	33.35664
씨유제주김녕	shop	126.75463	33.55582
씨유제주김녕교차로점	shop	126.74379	33.55120
씨유제주김녕리점	shop	126.74986	33.55443
씨유제주남녕점	shop	126.48038	33.48974
씨유제주남성점	shop	126.51255	33.50458
씨유제주남일점	shop	126.52132	33.51113
씨유제주남조로점	shop	126.66181	33.45456
씨유제주납읍점	shop	126.32702	33.43652
씨유제주내도	shop	126.44133	33.49628
씨유제주노형광평점	shop	126.46867	33.48144
씨유제주노형길점	shop	126.47621	33.48086
씨유제주노형세방점	shop	126.47401	33.48345
씨유제주노형월산점	shop	126.46288	33.47302
씨유제주뉴	shop	126.53108	33.49850
씨유제주다들점	shop	126.48974	33.49314
씨유제주대경	shop	126.56429	33.45723
씨유제주대공과대점	shop	126.56429	33.45723
씨유제주대원점	shop	126.53488	33.47635
씨유제주대유	shop	126.55162	33.50314
씨유제주대점	shop	126.55836	33.45033
씨유제주대흘점	shop	126.66601	33.49338
씨유제주도남로점	shop	126.52783	33.49374
씨유제주도남점	shop	126.53173	33.49298
씨유제주도두	shop	126.46497	33.50267
씨유제주도두점	shop	126.46499	33.50613
씨유제주도련	shop	126.58958	33.51514
씨유제주도련	shop	126.58954	33.50921
씨유제주도리로점	shop	126.45845	33.49904
씨유제주도청	shop	126.49711	33.48790
씨유제주도청점	shop	126.49972	33.48845
씨유제주도체육회관점	shop	126.51880	33.49506
씨유제주도평길점	shop	126.45203	33.47892
씨유제주동문	shop	126.52542	33.51204
씨유제주동문	shop	126.52738	33.51291
씨유제주동복점	shop	126.70984	33.55326
씨유제주동부관광점	shop	126.64290	33.53463
씨유제주동부휴게소점	shop	126.70373	33.45732
씨유제주드래곤점	shop	126.28977	33.44183
씨유제주디오션시티점	shop	126.49120	33.48447
씨유제주라마다호텔점	shop	126.51814	33.51881
씨유제주메르블루점	shop	126.48417	33.51130
씨유제주명도암점	shop	126.61090	33.46604
씨유제주명월점	shop	126.26651	33.38568
씨유제주무근성점	shop	126.52035	33.51422
씨유제주무지개	shop	126.47334	33.50909
씨유제주민오름점	shop	126.50415	33.47304
씨유제주번영로점	shop	126.73298	33.43702
씨유제주벤처오름점	shop	126.57195	33.45456
씨유제주복지로점	shop	126.52420	33.48913
씨유제주봉개	shop	126.59221	33.49146
씨유제주봉성점	shop	126.31263	33.41775
씨유제주북성로점	shop	126.51817	33.51559
씨유제주북촌점	shop	126.69871	33.54978
씨유제주사대부점	shop	126.50994	33.51251
씨유제주사라점	shop	126.53960	33.51460
씨유제주사리탑교차로점	shop	126.63302	33.52784
씨유제주삼광충전소점	shop	126.56180	33.50457
씨유제주삼도	shop	126.52033	33.51651
씨유제주삼도	shop	126.52069	33.50364
씨유제주삼도서사로점	shop	126.51973	33.50826
씨유제주삼도점	shop	126.51770	33.50018
씨유제주삼무공원점	shop	126.49070	33.49043
씨유제주삼무로점	shop	126.49481	33.49181
씨유제주삼성로점	shop	126.53546	33.50931
씨유제주삼성혈점	shop	126.52836	33.50582
씨유제주삼양원당점	shop	126.59022	33.52463
씨유제주삼주점	shop	126.53400	33.49905
씨유제주삼화	shop	126.58497	33.51916
씨유제주삼화아빌로스점	shop	126.58028	33.51628
씨유제주새가름점	shop	126.60885	33.50093
씨유제주새길	shop	126.47192	33.48404
씨유제주샹그릴라호텔점	shop	126.45390	33.46445
씨유제주서광로점	shop	126.52374	33.49963
씨유제주서광점	shop	126.52173	33.49947
씨유제주서문	shop	126.51843	33.51277
씨유제주서반점	shop	126.53876	33.51190
씨유제주서부	shop	126.44829	33.46065
씨유제주서부휴게소점	shop	126.45517	33.46493
씨유제주서사라	shop	126.51931	33.50189
씨유제주서해안로점	shop	126.48845	33.51807
씨유제주서해점	shop	126.54143	33.50540
씨유제주선사로점	shop	126.59046	33.52796
씨유제주선흘점	shop	126.70196	33.51097
씨유제주설촌로점	shop	126.58279	33.52468
씨유제주성화로점	shop	126.50517	33.51133
씨유제주세평항로점	shop	126.85524	33.52770
씨유제주세화	shop	126.85771	33.52521
씨유제주세화	shop	126.85685	33.52323
씨유제주세화리점	shop	126.85588	33.52137
씨유제주송당	shop	126.78656	33.47093
씨유제주송우수자인점	shop	126.51205	33.48346
씨유제주스카이점	shop	126.49280	33.48600
씨유제주승진타운점	shop	126.50995	33.50890
씨유제주신	shop	126.58561	33.52141
씨유제주신광새길점	shop	126.48334	33.49249
씨유제주신광점	shop	126.48541	33.49168
씨유제주신산점	shop	126.53292	33.50912
씨유제주신삼도점	shop	126.52400	33.50011
씨유제주신설동점	shop	126.54778	33.49812
씨유제주신성로점	shop	126.52083	33.49568
씨유제주신엄점	shop	126.35690	33.47840
씨유제주신엄중점	shop	126.36837	33.47203
씨유제주신촌누리점	shop	126.62176	33.53477
씨유제주신촌동수동점	shop	126.62313	33.51740
씨유제주신촌일주동로점	shop	126.62400	33.53092
씨유제주신하와이점	shop	126.48381	33.48791
씨유제주씨앤블루점	shop	126.36532	33.47786
씨유제주아라	shop	126.55013	33.47757
씨유제주아라	shop	126.54844	33.47460
씨유제주아라	shop	126.54505	33.47333
씨유제주아라아이진점	shop	126.54788	33.47187
씨유제주아라중점	shop	126.54577	33.48690
씨유제주아라초교점	shop	126.54448	33.47580
씨유제주아란	shop	126.54318	33.47020
씨유제주아모렉스리조트점	shop	126.47021	33.50746
씨유제주애월	shop	126.39679	33.48265
씨유제주애월가문동점	shop	126.39165	33.48555
씨유제주애월수산점	shop	126.39315	33.46768
씨유제주애월점	shop	126.32047	33.46461
씨유제주애월포구점	shop	126.35019	33.47290
씨유제주애월한담점	shop	126.31227	33.46218
씨유제주애월항점	shop	126.32447	33.46634
씨유제주에코	shop	126.48317	33.48587
씨유제주에코미르점	shop	126.48245	33.48588
씨유제주에코비자림점	shop	126.80803	33.49499
씨유제주에코아바점	shop	126.48180	33.48681
씨유제주여상점	shop	126.53685	33.51407
씨유제주연동	shop	126.49166	33.48619
씨유제주연동아랑점	shop	126.49471	33.48485
씨유제주연동점	shop	126.49040	33.48393
씨유제주연문로점	shop	126.49893	33.49297
씨유제주연미길점	shop	126.50256	33.48570
씨유제주연북로점	shop	126.50892	33.48103
씨유제주연산홍점	shop	126.53830	33.49692
씨유제주연안여객	shop	126.53422	33.52004
씨유제주연오로점	shop	126.50133	33.48335
씨유제주연화점	shop	126.49030	33.47810
씨유제주열린점	shop	126.48798	33.49021
씨유제주영평점	shop	126.56051	33.48177
씨유제주오도	shop	126.45767	33.49039
씨유제주오라	shop	126.50247	33.49893
씨유제주오라로점	shop	126.50859	33.49559
씨유제주오라정실점	shop	126.50926	33.47106
씨유제주오리엔탈호텔점	shop	126.51980	33.51758
씨유제주와흘점	shop	126.63559	33.50283
씨유제주외도	shop	126.43242	33.48574
씨유제주외도	shop	126.42889	33.48938
씨유제주외도도평점	shop	126.44671	33.48315
씨유제주외도우령점	shop	126.42945	33.48606
씨유제주외도월대점	shop	126.43246	33.49208
씨유제주외도점	shop	126.43068	33.48768
씨유제주외도초교점	shop	126.43353	33.49341
씨유제주외도한라점	shop	126.42692	33.48805
씨유제주용	shop	126.51229	33.51453
씨유제주용담	shop	126.51335	33.50142
씨유제주용담서문로점	shop	126.51279	33.50944
씨유제주용담해안도로점	shop	126.49412	33.51979
씨유제주용두	shop	126.50722	33.51617
씨유제주용인아파트점	shop	126.53938	33.50588
씨유제주용천점	shop	126.48683	33.48400
씨유제주용해로점	shop	126.50296	33.51298
씨유제주용화	shop	126.50477	33.50978
씨유제주용화점	shop	126.50777	33.50995
씨유제주우당도서관점	shop	126.54787	33.51487
씨유제주우도점	shop	126.94395	33.50244
씨유제주우도해변길점	shop	126.95713	33.51434
씨유제주우성아파트점	shop	126.54778	33.50246
씨유제주원	shop	126.48568	33.48641
씨유제주월광점	shop	126.46576	33.48474
씨유제주월랑북길점	shop	126.47535	33.49125
씨유제주월랑초교점	shop	126.47939	33.49303
씨유제주월림리점	shop	126.25582	33.35110
씨유제주월성로점	shop	126.50544	33.50164
씨유제주월정모살점	shop	126.79562	33.55560
씨유제주월정사점	shop	126.51054	33.46725
씨유제주월평	shop	126.57477	33.46981
씨유제주유블레스호텔점	shop	126.66621	33.54241
씨유제주유수암길점	shop	126.40533	33.42285
씨유제주은남점	shop	126.49339	33.48799
씨유제주이도	shop	126.53089	33.50310
씨유제주이도	shop	126.52812	33.49997
씨유제주이도	shop	126.54495	33.49430
씨유제주이도남광점	shop	126.53755	33.49417
씨유제주이도노브힐점	shop	126.53997	33.48891
씨유제주이도삼성로점	shop	126.52645	33.50730
씨유제주이도성지점	shop	126.52531	33.50915
씨유제주이도아람점	shop	126.53220	33.49454
씨유제주이호	shop	126.45661	33.50231
씨유제주이호	shop	126.45039	33.49515
씨유제주이호오광점	shop	126.46035	33.48655
씨유제주인화	shop	126.53761	33.50624
씨유제주인화점	shop	126.54143	33.50795
씨유제주일도	shop	126.53949	33.50884
씨유제주일도	shop	126.53858	33.50978
씨유제주일도기산점	shop	126.52958	33.50709
씨유제주일주동로점	shop	126.57122	33.51995
씨유제주일주서로점	shop	126.42836	33.49247
씨유제주장전벚꽃점	shop	126.38810	33.45080
씨유제주저지	shop	126.26172	33.32292
씨유제주점	shop	126.53033	33.49847
씨유제주정든	shop	126.47243	33.49043
씨유제주정든점	shop	126.47505	33.48947
씨유제주정원로점	shop	126.47813	33.47867
씨유제주정한점	shop	126.48411	33.48410
씨유제주제성	shop	126.48375	33.49395
씨유제주제성점	shop	126.48243	33.49496
씨유제주제원어반점	shop	126.48866	33.48959
씨유제주제원점	shop	126.49029	33.48801
씨유제주조천	shop	126.64008	33.53766
씨유제주조천비석	shop	126.63732	33.53973
씨유제주중앙여중점	shop	126.52251	33.50568
씨유제주중엄점	shop	126.36903	33.47796
씨유제주중학교점	shop	126.51687	33.51106
씨유제주진군	shop	126.47958	33.47675
씨유제주천덕로점	shop	126.31028	33.44469
씨유제주천수동로점	shop	126.54582	33.50809
씨유제주청귤로점	shop	126.53929	33.50143
씨유제주청사로점	shop	126.52732	33.49069
씨유제주청수점	shop	126.24458	33.32168
씨유제주추자도점	shop	126.29564	33.96291
씨유제주칠성로점	shop	126.52567	33.51396
씨유제주캠퍼스점	shop	126.56113	33.46032
씨유제주크라운점	shop	126.48963	33.48370
씨유제주탐라도서관점	shop	126.47624	33.47914
씨유제주탐라점	shop	126.54405	33.49295
씨유제주탑동	shop	126.52413	33.51472
씨유제주탑동로점	shop	126.52327	33.51674
씨유제주트리플시티점	shop	126.49341	33.48115
씨유제주파크하임점	shop	126.54185	33.47775
씨유제주하가리연꽃점	shop	126.34846	33.45535
씨유제주하광로점	shop	126.41999	33.46613
씨유제주하귀	shop	126.41607	33.48493
씨유제주하귀점	shop	126.40114	33.48032
씨유제주하귀주공점	shop	126.41413	33.48181
씨유제주하도	shop	126.88119	33.52760
씨유제주하도점	shop	126.88318	33.51860
씨유제주학사점	shop	126.53005	33.49804
씨유제주한동교차로점	shop	126.82595	33.53917
씨유제주한라	shop	126.48040	33.47567
씨유제주한라	shop	126.47747	33.47663
씨유제주한라도서관점	shop	126.51619	33.47621
씨유제주한라아트홀점	shop	126.47416	33.47678
씨유제주한림점	shop	126.26504	33.41689
씨유제주한림항점	shop	126.26343	33.41650
씨유제주한북로점	shop	126.53365	33.46300
씨유제주한일시티점	shop	126.48856	33.49160
씨유제주함덕	shop	126.67813	33.54074
씨유제주함덕	shop	126.67483	33.53796
씨유제주함덕길점	shop	126.66497	33.53801
씨유제주함덕신북점	shop	126.66409	33.54264
씨유제주함덕캠프점	shop	126.67285	33.54393
씨유제주함덕포구점	shop	126.66052	33.54593
씨유제주함덕해수욕장점	shop	126.67113	33.54239
씨유제주함와로점	shop	126.67619	33.53456
씨유제주항국제여객	shop	126.54315	33.52356
씨유제주해녀박물관점	shop	126.86308	33.52089
씨유제주해모루점	shop	126.52423	33.49264
씨유제주해밀타운점	shop	126.65951	33.54355
씨유제주해안도로점	shop	126.50411	33.51654
씨유제주혜인한국	shop	126.51674	33.50039
씨유제주화북동화점	shop	126.57666	33.51970
씨유제주화북우정점	shop	126.56607	33.52343
씨유제주화북점	shop	126.56347	33.51199
씨유제주화북진남점	shop	126.56281	33.52273
씨유제주화북진동점	shop	126.56850	33.51977
씨유제주화북해피점	shop	126.55590	33.51410
씨유제주화삼북로점	shop	126.57389	33.51752
씨유제주황사평점	shop	126.56023	33.49345
씨유중앙여고	shop	126.54033	33.49128
씨유케이티점	shop	126.52545	33.50467
씨유켄싱턴리조트제주점	shop	126.27446	33.43574
씨유펫삼화점	shop	126.58248	33.52439
씨유하귀	shop	126.40485	33.48135
씨유한림	shop	126.26501	33.41271
씨유한림	shop	126.26370	33.41448
씨유한림	shop	126.26080	33.41236
씨유한림고림동점	shop	126.28521	33.37439
씨유한림상로점	shop	126.26942	33.41498
씨유한림옹포점	shop	126.25460	33.40354
씨유함덕라마다호텔점	shop	126.65971	33.54316
씨유협재	shop	126.23980	33.39372
씨유혼저옵서예점	shop	126.26416	33.42599
씨유화북	shop	126.56559	33.52002
씨유화북주공점	shop	126.57312	33.51940
씨이오	bar	126.49310	33.48909
씨제이올리브영제주	shop	126.52304	33.51703
씨제이올리브영제주	shop	126.66862	33.54249
씨제이올리브영제주	shop	126.53064	33.49801
씨제이올리브영제주국제	shop	126.49596	33.50594
씨제이올리브영제주나인몰점	shop	126.49465	33.48070
씨제이올리브영제주삼화점	shop	126.58099	33.51611
씨제이올리브영제주삼화점	shop	126.58037	33.51404
씨제이올리브영제주세화점	shop	126.85245	33.52325
씨제이올리브영제주세화점	shop	126.85306	33.52228
씨제이올리브영제주아라일동점	shop	126.53617	33.48520
씨제이올리브영제주외도점	shop	126.43112	33.48558
씨제이올리브영제주용담점	shop	126.50315	33.51685
씨제이올리브영제주월랑로점	shop	126.47544	33.48914
씨제이올리브영제주일도	shop	126.54170	33.50740
씨제이올리브영제주제원점	shop	126.49026	33.48703
씨제이올리브영제주하귀점	shop	126.40865	33.48421
씨제이올리브영제주한라대점	shop	126.47542	33.47827
씨제이올리브영제주협재점	shop	126.24065	33.39342
씨제이푸드빌빕스제주점	food	126.49223	33.49333
씨제주	shop	126.54131	33.49101
씨즈더데이	stay	126.23018	33.38891
씨즐	shop	126.49872	33.48210
씨케이에프앤비	shop	126.36643	33.44894
씨케이헤어	shop	126.59061	33.52502
씨크릿	shop	126.51849	33.50067
씨클리프호텔제주	stay	126.36284	33.47764
씨타운다이어리	stay	126.67645	33.53792
씨힐	food	126.45332	33.45040
씬마라탕	food	126.49001	33.48071
씬스네고찌글라	stay	126.30905	33.44923
씬오브제주	activity	126.30042	33.44605
씰리침대제주점	shop	126.51670	33.49889
씽씽노래연습장	activity	126.52905	33.49592
씽씽씽	activity	126.52877	33.47388
씽씽씽	bar	126.29801	33.96264
아가방디어베이비	shop	126.52463	33.51316
아가타제주점	shop	126.52463	33.51316
아가페서적	shop	126.54535	33.47410
아고포차	bar	126.54731	33.49399
아구듬뿍앤알곤마니외도애월점	food	126.42702	33.48745
아구명물아구찜	food	126.53043	33.51108
아구사랑아귀찜	food	126.53885	33.50915
아구식당	food	126.58305	33.52141
아구아비바	cafe	126.61889	33.53727
아구찜의정석	food	126.48507	33.49123
아구찜의정석	food	126.52653	33.50071
아구찜의정석외도점	food	126.43170	33.48817
아궁이연탄집	food	126.52498	33.49887
아그당	cafe	126.52181	33.51656
아그레망	shop	126.49111	33.48857
아기기린의옷장	shop	126.63923	33.53803
아기기린의옷장	shop	126.67180	33.49422
아꼬미	shop	126.52463	33.51316
아꼬미	shop	126.45620	33.49223
아꼬미상점	shop	126.52692	33.51427
아꼬아	food	126.24207	33.39393
아꼬아	stay	126.70759	33.46035
아꼬아가게	cafe	126.51996	33.51163
아꼬아숨비스튜디오	shop	126.36704	33.47406
아꼬와	shop	126.47618	33.49081
아꼬와	cafe	126.90685	33.49681
아꼬왓	cafe	126.37374	33.45073
아꼬운디	food	126.21609	33.37821
아꼼	shop	126.52110	33.51332
아꼽다민박	stay	126.32702	33.41844
아꼽당	food	126.53524	33.50899
아꼽듸	food	126.43788	33.49545
아꼽지삼화점	food	126.57954	33.51620
아꾸아꾸	shop	126.47959	33.48300
아끈두베	stay	126.84148	33.53134
아끈식당	food	126.61949	33.53736
아나이스	shop	126.47660	33.48646
아날도바시니	shop	126.52517	33.51466
아날로그감귤밭	cafe	126.45087	33.45567
아날로그감귤밭	activity	126.46330	33.45799
아날로그사운즈	cafe	126.89032	33.51167
아날로그우리집	stay	126.63577	33.53854
아날로그컵케이크	food	126.53497	33.50874
아남떡집	food	126.52640	33.51265
아네스	cafe	126.51926	33.51683
아녜스아트	shop	126.52549	33.50616
아노드	food	126.54687	33.47237
아노록커피바	cafe	126.62153	33.53462
아녹	stay	126.27814	33.44089
아늑	stay	126.61434	33.53742
아늑월정	food	126.79670	33.55515
아늑한	food	126.51976	33.51383
아는동생	food	126.52008	33.50252
아니그게아니고	bar	126.51010	33.50913
아니따	food	126.29630	33.35885
아다다단란주점	bar	126.49582	33.48553
아다다스골프	shop	126.49605	33.48510
아다지오선흘	stay	126.69658	33.50768
아담스테이	stay	126.20125	33.35616
아담한	food	126.85611	33.52665
아담한노래엽습장	activity	126.52639	33.49529
아담한집	stay	126.56906	33.50290
아덴힐리조트앤골프	stay	126.36890	33.34753
아덴힐리조트앤골프제주리조트점	stay	126.36890	33.34753
아델	shop	126.53588	33.48765
아델	cafe	126.40552	33.42410
아델레이드	stay	126.19622	33.35785
아도록함덕	stay	126.67413	33.54049
아도르미	shop	126.48884	33.47729
아도스팩토리	cafe	126.20096	33.35610
아드리아	shop	126.31010	33.46275
아드망	shop	126.74194	33.43508
아디다스제주주	shop	126.52594	33.51475
아따맘마	food	126.54302	33.49438
아따블르	food	126.69443	33.55000
아띠	shop	126.52894	33.49640
아띠김밥	food	126.53510	33.49928
아띠꼬마	shop	126.56329	33.52079
아띠꼬망	stay	126.43158	33.43402
아띠마루커피랩	cafe	126.51374	33.50039
아띠민박	stay	126.43174	33.43402
아라	bar	126.52800	33.50069
아라	shop	126.47430	33.48958
아라	shop	126.52428	33.47165
아라고깃간	food	126.54479	33.47291
아라골프클럽	activity	126.53875	33.45869
아라넷츠고통신	shop	126.54579	33.47181
아라농어촌휴양림	shop	126.48642	33.48662
아라당구장	activity	126.54579	33.47181
아라댕댕	cafe	126.54054	33.47457
아라도예온도아라	shop	126.45474	33.49419
아라돈사촌	food	126.54383	33.48212
아라동대한약국	shop	126.54643	33.46912
아라동연합청년회	food	126.56434	33.45726
아라리	food	126.54437	33.47356
아라리오제주	shop	126.52332	33.51771
아라마트	shop	126.54641	33.47049
아라마트정육	shop	126.54641	33.47049
아라비안나이트	bar	126.53792	33.50511
아라스시	food	126.54599	33.47533
아라스테이	stay	126.54688	33.48080
아라스토어	shop	126.53881	33.45838
아라아라	cafe	126.55206	33.47157
아라안경	shop	126.54975	33.47616
아라약국	shop	126.31998	33.46438
아라연	food	126.67367	33.43221
아라옛통치킨	food	126.54208	33.47403
아라오리	food	126.55037	33.45434
아라온사우나매점	food	126.45801	33.49483
아라온푸드체육회관지점	food	126.51880	33.49506
아라왕갈비탕갈비	food	126.53181	33.50121
아라점빵	activity	126.54580	33.47003
아라점핑앤찜질카페	activity	126.55014	33.47386
아라제이	shop	126.54258	33.49220
아라족발	food	126.54426	33.47421
아라종합약국	shop	126.54555	33.46907
아라주는국수	food	126.54598	33.47171
아라주는엄마치킨	food	126.55872	33.44904
아라주는엄마치킨	food	126.52730	33.51241
아라주는전집	food	126.54408	33.47360
아라주점	bar	126.54596	33.47092
아라찐빵	food	126.53997	33.49180
아라차경	stay	126.54831	33.45600
아라차림	food	126.54073	33.47240
아라칼국수	food	126.54398	33.47458
아라커피	cafe	126.53629	33.48432
아라코인노래연습장	activity	126.54437	33.47356
아라파니	stay	126.79695	33.55310
아라파니풀빌라	stay	126.79520	33.55137
아라파파	food	126.49090	33.47846
아라파파	food	126.49306	33.48003
아라파파북촌	food	126.69668	33.55130
아라팰리스호텔	stay	126.52373	33.50722
아라펜션민박	stay	126.95713	33.51434
아라푸드	food	126.54419	33.48975
아라피트니스	activity	126.54514	33.47404
아라한상	food	126.54851	33.47569
아란구길	food	126.54477	33.47282
아란삼계	food	126.54212	33.47460
아란어가	food	126.54405	33.47260
아란종합화장품	shop	126.56584	33.52029
아란치오	cafe	126.47092	33.50862
아람	shop	126.49111	33.48857
아람별방	stay	126.88295	33.52174
아람슈퍼	shop	126.52833	33.51636
아람여관	stay	126.48684	33.48640
아람이네	food	126.23154	33.40801
아랑국수	food	126.48712	33.48576
아랑디	shop	126.46293	33.48943
아랑디애월	stay	126.39498	33.43135
아랑조아	stay	126.65428	33.47764
아랑조을국수	food	126.54552	33.47546
아랑족발	food	126.49154	33.48965
아랑존민박	stay	126.49114	33.51897
아래아민박	stay	126.32326	33.46389
아레나로하	stay	126.24289	33.39509
아레나씨티클럽	shop	126.51691	33.49792
아렌	stay	126.50929	33.48978
아렌빌리지	stay	126.50929	33.48978
아로마노래엽습장	activity	126.49196	33.48411
아로마라이프한라점	shop	126.54744	33.47532
아로마베트남케어	shop	126.52916	33.49957
아로마인무향	shop	126.54322	33.49322
아로미에식당	food	126.85616	33.52655
아로피어	shop	126.51354	33.50062
아롬타롬하우스	stay	126.64141	33.54525
아르더	shop	126.53037	33.49734
아르떼스테이	stay	126.67533	33.53826
아르떼카사	stay	126.90002	33.48595
아르무아루즈	shop	126.52567	33.51472
아르미플라워	shop	126.38019	33.46589
아르민퍼니처	shop	126.55046	33.51215
아르본유스호스텔편의점	shop	126.41942	33.43100
아르볼	shop	126.52057	33.51272
아르아토	stay	126.19626	33.35784
아르웬부띠끄	shop	126.48727	33.48916
아르츠	stay	126.90002	33.48595
아르츠스파앤풀빌라	stay	126.90002	33.48595
아르츠제주	food	126.90048	33.48582
아르커피	cafe	126.58973	33.52815
아르케하우스	stay	126.80651	33.49782
아르케하우스민박	stay	126.30526	33.42773
아르테라이트스튜디오	shop	126.49169	33.48028
아르페지오	shop	126.26608	33.41454
아르포레스테이	stay	126.40140	33.44906
아르한복	shop	126.50854	33.50052
아름	food	126.67876	33.43561
아름다운가게신제주점재	shop	126.48480	33.48836
아름다운가게제주재	shop	126.52847	33.51370
아름다운농부	shop	126.48884	33.47692
아름다운동행마실	food	126.52693	33.51457
아름다운소녀의집	stay	126.32475	33.93489
아름다운스포츠	shop	126.47485	33.48508
아름다운여인	shop	126.53740	33.50232
아름다운유통	shop	126.49672	33.48431
아름다운자연주의화장품	shop	126.54841	33.50118
아름다운집	stay	126.60914	33.46799
아름다운펜션민박	stay	126.29786	33.95851
아름다운하우스	stay	126.17260	33.34053
아름드리	stay	126.79372	33.55856
아름디	cafe	126.52657	33.49113
아름브릿지하우스	stay	126.70950	33.46521
아름수산	shop	126.27879	33.40817
아름약국	shop	126.50206	33.48792
아리	bar	126.48978	33.48720
아리	cafe	126.71099	33.45746
아리	bar	126.49596	33.48590
아리곳간제주	shop	126.52707	33.51196
아리나블루문	bar	126.49032	33.47882
아리따움제주	shop	126.52463	33.51316
아리따움제주	shop	126.52459	33.51150
아리따움제주	shop	126.48457	33.48142
아리따움제주도남	shop	126.52778	33.49571
아리따움제주삼화점	shop	126.57995	33.51712
아리따움제주연동	shop	126.49001	33.48031
아리따움제주제원점	shop	126.48952	33.48779
아리따움제주한림점	shop	126.26502	33.41491
아리랑	bar	126.26549	33.41464
아리랑	stay	126.48947	33.48647
아리랑노래연습장	activity	126.53210	33.49687
아리랑떡방	food	126.50362	33.51024
아리랑떡방앗간	food	126.18246	33.34716
아리랑양곱창	food	126.46984	33.48293
아리르	shop	126.54488	33.49263
아리미티드양품점	shop	126.62804	33.53514
아리아	shop	126.54927	33.47701
아리아	shop	126.52463	33.51316
아리아	bar	126.53716	33.49646
아리아리동동	bar	126.52306	33.49868
아리엘	shop	126.53987	33.50736
아리의키친하우스	shop	126.63663	33.47581
아리하우스	stay	126.67607	33.49388
아리헌오리	food	126.52427	33.51468
아림	stay	126.48911	33.51783
아마랜스	shop	126.28912	33.40257
아마빌레민박	stay	126.88912	33.50949
아마애월점	food	126.32678	33.46252
아마존펫	shop	126.48111	33.48316
아마토미유	food	126.54201	33.49399
아망딘테이블	food	126.31998	33.46438
아멜렙	shop	126.47411	33.49593
아멩홈	stay	126.52699	33.49498
아모레	shop	126.48666	33.48160
아모레카운셀러	shop	126.53445	33.49498
아모레카운셀러	shop	126.47547	33.48879
아모레카운셀러	shop	126.48621	33.48162
아모레카운셀러	shop	126.54448	33.47580
아모레카운셀러	shop	126.50442	33.50978
아모레카운셀러	shop	126.53522	33.49553
아모레퍼시픽뷰레이터	shop	126.48666	33.48160
아모레퍼시픽이마트신제주점	shop	126.48043	33.48497
아모레퍼시픽이마트제주점	shop	126.52118	33.51797
아모레화장품이마트제주점	shop	126.52118	33.51797
아모렉스리조트	stay	126.47021	33.50746
아모르	food	126.48733	33.48400
아모르데이	stay	126.87584	33.52901
아모르파티	bar	126.49636	33.49115
아모르하우스	stay	126.90162	33.50820
아몽즈커피제주연동점	cafe	126.48924	33.48024
아무	food	126.52253	33.50912
아무튼오늘	stay	126.42587	33.43572
아무튼카페	cafe	126.54398	33.48529
아미가도	food	126.52612	33.50912
아미사	shop	126.52738	33.51269
아바	bar	126.47784	33.48588
아바나노래연습장	activity	126.55835	33.45015
아바이순대	food	126.52705	33.49122
아반리티	shop	126.57826	33.51784
아방도르다	food	126.18275	33.34897
아방솟덕	food	126.26842	33.41418
아방얼큰칼국수	food	126.52247	33.51239
아방의차	cafe	126.74626	33.48446
아방호두과자어멍갤러리	cafe	126.65003	33.48685
아버지의바다	stay	126.86962	33.52807
아베끄	food	126.39685	33.48243
아베베미니	food	126.52675	33.51157
아베베베이커리	food	126.52880	33.51269
아베베비킬라베이커리	food	126.80965	33.55708
아베베컴퍼니	food	126.49596	33.50594
아베베컴퍼니	food	126.52879	33.51265
아베크혼술바	bar	126.49029	33.48801
아벨롭	food	126.30977	33.46359
아봉로휴게소	shop	126.56113	33.47841
아부오름	nature	126.77761	33.44733
아브르	food	126.54655	33.49938
아비꼬제주	food	126.48470	33.48436
아비따	shop	126.30160	33.36383
아비제	shop	126.58849	33.49298
아빈트레이드	stay	126.24399	33.39234
아빠가만든찜	food	126.53771	33.51421
아빠가밀면손칼국수	food	126.38489	33.45204
아빠가지은집	stay	126.56235	33.49085
아빠부엌	food	126.43170	33.48817
아사라	food	126.58954	33.52485
아살람	food	126.52413	33.51655
아삼육	food	126.48111	33.49127
아서원	food	126.51952	33.50822
아서의집	stay	126.83885	33.53575
아성	food	126.52582	33.49567
아소낭	stay	126.26388	33.38271
아소리공방	shop	126.43474	33.46854
아소스테이	stay	126.20476	33.35908
아솥인제점	food	126.54314	33.50212
아쉬람	shop	126.47516	33.47852
아스쿰	cafe	126.55243	33.49687
아스피린	shop	126.52463	33.51316
아시	shop	126.56142	33.49431
아시나요	bar	126.53263	33.51319
아시아	bar	126.49512	33.48588
아시아예술경영협회	shop	126.26661	33.33892
아시아푸드마트	shop	126.26242	33.41523
아식스	shop	126.49117	33.48967
아식스구제주	shop	126.52571	33.51502
아싸살아있네	food	126.49310	33.48697
아싸회	food	126.49308	33.48672
아씨방이불	shop	126.52691	33.49527
아오라	bar	126.53255	33.49502
아오리하우스	stay	126.86736	33.51630
아올아올	food	126.48954	33.48954
아우라	shop	126.26516	33.41537
아우라에스	bar	126.52872	33.49919
아우름	shop	126.54041	33.49006
아우름플러스	shop	126.54041	33.49006
아우아우	etc	126.69319	33.48784
아울렛스토어	shop	126.56995	33.51945
아워베이비	shop	126.54864	33.50015
아워제주	shop	126.64865	33.51461
아워키친	shop	126.47685	33.48144
아워홈제주국제	shop	126.49596	33.50594
아유	food	126.85825	33.51348
아이	food	126.54119	33.50320
아이갓에브리씽	cafe	126.49773	33.48821
아이골프	activity	126.50288	33.48237
아이꼬	shop	126.52463	33.51316
아이꿈터제주점	shop	126.53960	33.49882
아이끌림	shop	126.49030	33.47810
아이니원	activity	126.23351	33.33519
아이더스제주	shop	126.55909	33.44890
아이더제주	shop	126.53805	33.48969
아이데코안경제주	shop	126.52969	33.50074
아이덴탈	shop	126.50021	33.49320
아이두	shop	126.53291	33.48704
아이들천국	shop	126.52563	33.51327
아이디어안경	shop	126.47484	33.47872
아이디어안경원구제주점	shop	126.53724	33.49150
아이랑민박	stay	126.33748	33.46570
아이러브	shop	126.48961	33.48745
아이러브눅	cafe	126.65801	33.53238
아이러브제이	shop	126.54144	33.49110
아이러브제이제주점	shop	126.54144	33.49110
아이러브제주	shop	126.53231	33.51284
아이러브제주모텔	stay	126.52820	33.49993
아이러브키친	food	126.48961	33.48745
아이리스	shop	126.52463	33.51316
아이리스	bar	126.49092	33.47888
아이리스	bar	126.26375	33.41640
아이리스카페앤비어	cafe	126.26214	33.42201
아이린	shop	126.52725	33.50010
아이린	bar	126.48844	33.48973
아이메리	shop	126.52463	33.51316
아이미제주비치호텔	stay	126.66342	33.54329
아이바가든	heritage	126.42206	33.43362
아이보리매직	stay	126.82313	33.53414
아이비	shop	126.53341	33.49767
아이비	bar	126.49058	33.48825
아이비스포츠	shop	126.48871	33.47514
아이비스피시방제대	activity	126.55928	33.44914
아이비클럽	shop	126.47581	33.48286
아이비클럽	shop	126.52801	33.50190
아이비클럽글로벌에듀점	shop	126.47581	33.48286
아이빈	cafe	126.63489	33.54297
아이세상	shop	126.53501	33.49607
아이센스리그피씨방제주	activity	126.52979	33.49897
아이센스리그피씨제주삼도일동점	activity	126.51956	33.50054
아이스데이	food	126.26546	33.40718
아이스버그골프	shop	126.48853	33.48157
아이스앤몬스터문구이도초점	shop	126.53262	33.48726
아이스앤스낵창고	shop	126.90610	33.49533
아이스캐슬	activity	126.27019	33.31712
아이스크림	shop	126.52602	33.51150
아이스크림상회베라체점	shop	126.54773	33.49414
아이스크림상회스웨첸점	shop	126.54286	33.47259
아이스크림스토리제주	shop	126.53792	33.51236
아이스크림스토리제주	shop	126.52482	33.50661
아이스크림스토리제주점	shop	126.53316	33.51230
아이스크림연구소동광점	shop	126.54878	33.50115
아이스크림천국할인점삼화점	shop	126.57641	33.51340
아이스크림할인점연동점	shop	126.49495	33.48749
아이스킹서서	shop	126.47758	33.48703
아이아라	shop	126.26485	33.41588
아이애	food	126.49105	33.48675
아이앤아트	shop	126.53280	33.49391
아이앤지	cafe	126.67489	33.48548
아이에스유	shop	126.52390	33.51354
아이엘와이	shop	126.52862	33.49890
아이엠공조시스템	shop	126.43014	33.49175
아이엠셀럽커피	cafe	126.22613	33.38909
아이엠스테이	stay	126.33470	33.41034
아이엠아이	shop	126.48985	33.48924
아이엠전자	shop	126.39116	33.47315
아이오에쓰에이엔씨	food	126.51796	33.51796
아이올레인포레스트	cafe	126.78777	33.51837
아이올레인포레스트캠핑	stay	126.78752	33.51758
아이와루하우스	stay	126.41311	33.48582
아이전산시스템	shop	126.53141	33.49590
아이젠트리제주	shop	126.53470	33.49324
아이젠트리제주	shop	126.47687	33.48979
아이젠트리제주외도점	shop	126.43069	33.48606
아이즈	cafe	126.62519	33.53606
아이진	stay	126.49482	33.48245
아이츠키	food	126.37431	33.47189
아이콘민박	stay	126.32123	33.94360
아이큐웰제주	stay	126.49179	33.48949
아이테크	shop	126.17978	33.30358
아이투아이안경원	shop	126.53847	33.48922
아이티테크	shop	126.51556	33.50941
아이핸비	shop	126.51008	33.46810
아인골프아카데미	activity	126.46649	33.47719
아인당구카페	food	126.43116	33.49020
아인당구호프	activity	126.43116	33.49020
아인뷰티랩제주점	shop	126.52023	33.50736
아일랜드	shop	126.52894	33.49640
아일랜드당구클럽	activity	126.47758	33.48703
아일랜드라운지	food	126.83087	33.54001
아일랜드라운지키친	food	126.83087	33.54001
아일랜드배미	food	126.54167	33.50547
아일랜드보울	food	126.54403	33.47023
아일랜드수중	activity	126.39881	33.42602
아일랜드스테이	stay	126.52876	33.51640
아일랜드스톤	bar	126.52965	33.49889
아일랜드오아시스	food	126.22820	33.33792
아일랜드터프팅	shop	126.53142	33.49803
아일랜드프로젝트	shop	126.51641	33.50469
아일랜드플로우	shop	126.41589	33.48442
아일랜드피티짐	activity	126.49033	33.48968
아일랜드피티짐	activity	126.48225	33.48368
아일렛	cafe	126.54301	33.48166
아일렛	shop	126.52824	33.51209
아일로사	stay	126.69259	33.54802
아일안	stay	126.61748	33.53571
아임누	cafe	126.50060	33.48537
아임칩스	shop	126.26293	33.41054
아임파인	food	126.58219	33.51988
아임푸드	shop	126.27507	33.43064
아저씨퓨전포차	food	126.54669	33.50270
아주반점	food	126.52617	33.51375
아주좋아	food	126.49297	33.48697
아줌마노래연습장	activity	126.52381	33.51151
아지	stay	126.52102	33.51424
아지매	food	126.51638	33.50059
아지바라대	bar	126.50800	33.51279
아지터	food	126.43144	33.49069
아지트	bar	126.53342	33.51246
아지트	bar	126.85577	33.52389
아지트만남의장소	bar	126.53170	33.50117
아지트원두왓	cafe	126.55090	33.48679
아진키즈풀빌라	stay	126.16485	33.32707
아천쉼팡	bar	126.51920	33.49678
아취	bar	126.48733	33.48400
아침미소목	cafe	126.58625	33.45479
아침미소목장	activity	126.58742	33.45329
아침바다	food	126.47251	33.48365
아침바다고기국수	food	126.36242	33.47840
아침의향기종고실	stay	126.29553	33.41020
아침하늘	food	126.63614	33.53495
아침하늘민박	stay	126.42460	33.43024
아침해변	stay	126.63781	33.54397
아침해변모비	stay	126.63809	33.54374
아침해변바베큐	food	126.63800	33.54372
아카네하우스	shop	126.52658	33.49680
아카렌가	bar	126.26499	33.41175
아카이브	food	126.69573	33.48221
아카이브제로	shop	126.70717	33.51128
아카페라	cafe	126.56429	33.45723
아케이드	bar	126.52966	33.49845
아코에공방	shop	126.54792	33.49427
아쿠아	bar	126.54126	33.50475
아쿠아뷰티크	stay	126.80148	33.55684
아쿠아쏙	shop	126.50852	33.50768
아쿠포	food	126.51877	33.51542
아크페프	shop	126.52591	33.51449
아키미미	shop	126.52021	33.51274
아테	food	126.48758	33.48409
아템파우제	stay	126.25772	33.35046
아토	shop	126.58408	33.51975
아토다이닝제주	food	126.52817	33.49947
아토즈캠핑제주점	shop	126.49795	33.50359
아트	shop	126.49111	33.48857
아트갤러리	shop	126.49111	33.48857
아트박스	shop	126.49095	33.48772
아트박스제주	shop	126.53002	33.49888
아트박스제주	shop	126.52521	33.51349
아트스튜디오에이치	shop	126.67130	33.50742
아트앤비즈	shop	126.49111	33.48857
아트인공방	shop	126.50737	33.51139
아트인명도암	cafe	126.61131	33.46773
아트카페마징가	bar	126.48000	33.49065
아틀라스트레이닝센터	activity	126.52322	33.48957
아틀리에바이지연	shop	126.55148	33.47311
아틀리에폰타나	shop	126.49317	33.47688
아티사	food	126.44583	33.49437
아파트먼트커피	bar	126.24455	33.31137
아프리카	shop	126.51288	33.51172
아프리카	bar	126.49180	33.48562
아프리카게스트하우스	stay	126.65167	33.54899
아피로	food	126.52114	33.51731
아하	food	126.49258	33.48911
아하베르크	shop	126.52042	33.50611
아하비제주	cafe	126.36890	33.34753
아홉굿마을	activity	126.22626	33.32790
아후이호우	stay	126.37286	33.47486
악발이	bar	126.52699	33.49723
악센트	shop	126.52463	33.51316
안경마을	shop	126.26349	33.41442
안경매니져	shop	126.47306	33.49103
안경사랑	shop	126.52381	33.51066
안경세상	shop	126.56578	33.51892
안경쓴고등어	food	126.52254	33.49903
안경아카데미	shop	126.52900	33.50116
안골목	food	126.81109	33.55450
안그	food	126.48683	33.48930
안김녕스테이	stay	126.74322	33.55273
안나앤폴	stay	126.86601	33.52066
안나의정원	stay	126.66524	33.53925
안나제이	shop	126.41297	33.48495
안남	stay	126.51355	33.50552
안녕구움	cafe	126.17909	33.30540
안녕김녕아	stay	126.75100	33.55799
안녕대흘	stay	126.66696	33.50884
안녕돌하르방	cafe	126.68881	33.53884
안녕바다야	stay	126.40863	33.48777
안녕세화씨	cafe	126.85627	33.52651
안녕애월	stay	126.30035	33.44674
안녕우도	food	126.95069	33.49400
안녕우리집	stay	126.68006	33.43847
안녕육지사람	cafe	126.95717	33.51519
안녕전복	food	126.47593	33.49900
안녕제주	shop	126.48456	33.48581
안녕제주	shop	126.40526	33.48073
안녕조수리	stay	126.21948	33.32799
안녕주얼리	shop	126.52813	33.50030
안녕프로젝트게스트하우스	stay	126.71227	33.55205
안녕피어싱제주	shop	126.52813	33.50030
안녕협재씨	food	126.22499	33.38660
안녕협재씨제주협재점	food	126.22499	33.38657
안다미로	food	126.67658	33.43633
안다미로늘봄	food	126.53694	33.48699
안다미로늘봄	food	126.70677	33.50994
안도	stay	126.28672	33.40843
안도르	cafe	126.77095	33.45536
안도르	food	126.77190	33.45664
안도스테이	stay	126.28671	33.40861
안도의시간	stay	126.30972	33.44472
안돈오마카세제주	food	126.31062	33.46442
안돌오름	nature	126.75608	33.45731
안동본가국밥관광대점	food	126.43598	33.44794
안뜨락	food	126.54946	33.45514
안뜨레	shop	126.52032	33.50889
안뜨레공방	shop	126.51159	33.48876
안뜨레민박	stay	126.69650	33.51391
안뜨레컴퓨터	shop	126.69663	33.51450
안마의자제주총판	shop	126.35760	33.46791
안목스테이	stay	126.39710	33.46753
안빵	cafe	126.46868	33.48147
안선생민박	stay	126.66127	33.49732
안성노래연습장	activity	126.53114	33.51268
안성식당	food	126.52719	33.51173
안성여인숙	stay	126.53114	33.51268
안세미가든	food	126.61095	33.47170
안세미특산품	shop	126.61095	33.47170
안스테이	stay	126.25026	33.37347
안심여관	stay	126.34913	33.45602
안온	shop	126.90244	33.49458
안온한가	stay	126.39549	33.45239
안의울림	activity	126.31199	33.46535
안전	food	126.53919	33.51443
안전민박	stay	126.66749	33.54106
안젤라스피노이고드스	shop	126.52966	33.51033
안지크	shop	126.54213	33.49095
안채	food	126.47831	33.48930
안친오름	nature	126.78571	33.47875
안테모사플라워샵	shop	126.53975	33.49819
안트래	bar	126.49441	33.48840
안트레밀	cafe	126.54584	33.49756
안트레샵	shop	126.48821	33.47065
안트레숲탐험대	activity	126.52061	33.47695
안트레오젠	food	126.30457	33.44768
안트레정식	food	126.52061	33.47695
안티노리	shop	126.52114	33.51731
안티코	cafe	126.70765	33.51207
안팟거리	stay	126.58456	33.52081
안평	food	126.58724	33.52502
알	cafe	126.51792	33.49943
알가름	stay	126.18101	33.35085
알고기인제주	food	126.46543	33.50359
알고느끼는제주이야기	activity	126.35272	33.42930
알다마다당구클럽	activity	126.52932	33.49939
알동네집	food	126.26739	33.31645
알뜨르산장	stay	126.34558	33.46947
알뜰전통오메기떡	food	126.52808	33.51168
알뜰탑마트	shop	126.53382	33.50145
알라운지	cafe	126.49478	33.49070
알레그레	cafe	126.26416	33.42599
알레그레수다이모	food	126.26416	33.42599
알레르망연북로점	shop	126.50892	33.48103
알레르망연삼로점	shop	126.51197	33.49310
알렉스하우스	stay	126.68984	33.54173
알로하스위밍룸	activity	126.26217	33.39202
알로하약국	shop	126.85928	33.52084
알로하제주	shop	126.83560	33.53938
알롱스테이	stay	126.69943	33.54714
알리바바	bar	126.48957	33.48875
알리바호텔	stay	126.52337	33.50002
알마커피제작소	cafe	126.69479	33.55022
알멩이게스트하우스	stay	126.31807	33.46562
알바메	food	126.70005	33.48539
알바메	stay	126.70060	33.48552
알밤오름인형의집	stay	126.71113	33.48825
알밤오름하우스	stay	126.71308	33.48777
알빠	bar	126.47655	33.48752
알사탕문방구제주	shop	126.58597	33.51976
알사탕문방구제주삼화점	shop	126.57604	33.51472
알앤알	food	126.49085	33.48628
알앤에이치	cafe	126.47381	33.47965
알앤티하우스	stay	126.48001	33.44264
알엔알	food	126.24323	33.39790
알이에스	shop	126.52706	33.50398
알이에프	shop	126.53007	33.49727
알이즈웰	food	126.85874	33.51467
알작지	beach	126.44124	33.49620
알제이	food	126.35272	33.42930
알즈너웰컴	shop	126.48275	33.47607
알지	bar	126.53049	33.49835
알지니포레스트	stay	126.78517	33.47677
알카리이온수기이오니아	shop	126.49111	33.48857
알콜달콜	food	126.48479	33.48674
알콜충전소	food	126.26283	33.41369
알콜충전소노래포차	bar	126.48992	33.48970
알콩상점	shop	126.63322	33.53607
알통치킨앤강정외도점	food	126.43286	33.48801
알파아라점	shop	126.54425	33.47608
알파유통	shop	126.48356	33.48240
알파제주	shop	126.53787	33.49312
알파제주연동점	shop	126.49835	33.48584
알파제주한림점	shop	126.26519	33.41487
알파제주화북점	shop	126.57165	33.51931
알파한라점	shop	126.48744	33.47791
알포인트빈티지	shop	126.32337	33.43484
알포인트커피	cafe	126.32337	33.43483
알퐁소	shop	126.48184	33.48244
알프스인소길스테이	stay	126.37813	33.43273
알프스호텔	stay	126.53498	33.50671
암사동벼락	food	126.47504	33.48174
압구정날나리	bar	126.54312	33.50263
압구정메디필	shop	126.52087	33.50107
압구정하우스	stay	126.71260	33.55400
압소바해피랜드제주점	shop	126.52463	33.51316
앗싸	bar	126.49098	33.49057
앗싸다노래주점	bar	126.53923	33.51064
앗싸콜	bar	126.52598	33.51639
앙금소랑	food	126.48445	33.48434
앙데팡당	cafe	126.35366	33.47363
앙뚜아네트	food	126.50881	33.51622
앙상블	shop	126.48887	33.47848
앙앙	shop	126.34738	33.47141
앙작시프로젝트민박	stay	126.22912	33.39008
앙포레제주지사	shop	126.49874	33.48390
앙호두신제주점	food	126.49282	33.48560
앞돈지	food	126.52749	33.51605
앞뱅디	food	126.49994	33.48536
앞뱅디식당	food	126.49952	33.48523
앞오름돼지촌	food	126.78372	33.47116
애견스테이해피하개	stay	126.36717	33.47586
애견인	food	126.52300	33.50918
애경	bar	126.52028	33.51393
애경스포츠	shop	126.49889	33.49273
애기옷	shop	126.57991	33.51611
애기해녀	shop	126.95663	33.51606
애니네빈티지	shop	126.86646	33.52146
애니네빈티지함덕	shop	126.67277	33.54332
애니랑굿즈랑	shop	126.54032	33.48998
애니소코더굿즈	shop	126.52975	33.49794
애니송노래연습장	activity	126.49294	33.49105
애니스테이블앤가든	shop	126.24003	33.31543
애니타임피트니스	activity	126.47531	33.48866
애니타임피트니스제주	activity	126.53697	33.49062
애니타임피트니스제주삼화점	activity	126.58036	33.51284
애니툴	shop	126.42404	33.46430
애덜토이	shop	126.48579	33.48579
애드리랑	stay	126.88539	33.51902
애랑과배비장의집，커피더쏠제주	stay	126.56079	33.52490
애리네민박	stay	126.75534	33.55706
애몽민박	stay	126.33676	33.46526
애몽파트투	stay	126.34986	33.45646
애삐리바당	food	126.52787	33.49148
애숙이네집밥	food	126.54334	33.47460
애월	food	126.37272	33.47990
애월가	food	126.41332	33.48290
애월가름	stay	126.40463	33.43519
애월갈치바다	food	126.31099	33.46042
애월감성	food	126.30802	33.45232
애월곁	stay	126.36749	33.44632
애월고깃간	food	126.31802	33.46650
애월고불락	food	126.33660	33.46676
애월고즈넉	stay	126.36477	33.47474
애월공하우스민박	stay	126.33632	33.46432
애월과한림사이	stay	126.28493	33.44356
애월광령댁	stay	126.43529	33.45138
애월구엄길펜션민박	stay	126.37580	33.47694
애월구엄민박	stay	126.37476	33.47966
애월구쟁기	shop	126.32054	33.46395
애월국수	food	126.31855	33.46445
애월굿데이	stay	126.36546	33.47396
애월그곳	stay	126.31703	33.44016
애월그레인	stay	126.39006	33.43370
애월그린힐	stay	126.39630	33.44796
애월기록	cafe	126.39183	33.47836
애월기록안집	stay	126.39183	33.47836
애월길로	stay	126.31732	33.46514
애월길스테이	stay	126.31871	33.46391
애월김밥	food	126.32085	33.46437
애월꼴통돼지	food	126.31909	33.46514
애월끝집	food	126.43319	33.49441
애월남도한상	food	126.38153	33.47671
애월남민박	stay	126.40323	33.44635
애월낭스테이	stay	126.31646	33.46417
애월낮쌀밤술	food	126.31866	33.46535
애월농담	bar	126.33882	33.46343
애월농업협동조합자재과	shop	126.31919	33.46487
애월농업협동조합중엄지점	shop	126.36997	33.47150
애월농업협동조합하나로마트	shop	126.32191	33.46043
애월다래네	stay	126.32780	33.45369
애월다움민박	stay	126.32627	33.45382
애월단호박	food	126.32702	33.43652
애월닭컴	food	126.31998	33.46438
애월담다델리	food	126.38672	33.45125
애월담다델리유수암점	shop	126.40657	33.43127
애월담아	stay	126.35111	33.45663
애월당	food	126.30915	33.46358
애월당구클럽	activity	126.32112	33.46402
애월더민박	stay	126.37424	33.47678
애월더서	stay	126.37490	33.43056
애월더선셋	cafe	126.30904	33.45621
애월더팬션	stay	126.35432	33.47327
애월더펜션	food	126.35432	33.47327
애월더힐	cafe	126.40155	33.44157
애월도	bar	126.41268	33.48939
애월돌담길	stay	126.38405	33.43766
애월돌랑스테이	stay	126.40336	33.43497
애월돌랑채	stay	126.32666	33.45125
애월돌마리민박	stay	126.37198	33.47666
애월돌집	stay	126.32090	33.46474
애월동깨	food	126.32089	33.46611
애월드레민박	stay	126.42230	33.45452
애월또똣	food	126.40127	33.48028
애월뜰안채한옥펜션	stay	126.33061	33.42754
애월럭스하우스	stay	126.38172	33.47865
애월로건스테이	stay	126.40350	33.43466
애월로반점	food	126.32524	33.46355
애월로와	stay	126.40528	33.42602
애월류가민박	stay	126.32029	33.46577
애월리다과점	cafe	126.32218	33.46376
애월리순메밀막국수	food	126.31640	33.46566
애월리안홈	stay	126.35871	33.47498
애월리에퐁낭	stay	126.32009	33.46362
애월마실	stay	126.33733	33.46118
애월맛집제주다	food	126.39387	33.48443
애월맛집제주대박이네	food	126.40298	33.48340
애월맛차	cafe	126.41870	33.47140
애월명가	activity	126.36418	33.47514
애월모실	stay	126.37954	33.47279
애월무아	stay	126.31879	33.46426
애월문개항아리	food	126.39244	33.48578
애월물류마트	shop	126.32030	33.46670
애월미향해장국	food	126.37150	33.47757
애월민선이네	stay	126.30631	33.44424
애월바다뜰	stay	126.35076	33.47068
애월바다민박	stay	126.35046	33.47053
애월바다언덕	food	126.34095	33.46956
애월바다타운민박	stay	126.34783	33.47197
애월바다타운하우스민박	stay	126.34799	33.47191
애월바다테라피	shop	126.33207	33.46778
애월바다하루	stay	126.34828	33.47197
애월바다향기민박	stay	126.38274	33.47657
애월바당국수	food	126.31823	33.46650
애월바당길민박	stay	126.31736	33.46536
애월반주	food	126.36538	33.47211
애월밤별	stay	126.36420	33.47768
애월밤하늘바다자연애민박	stay	126.43473	33.43221
애월밥집	food	126.31938	33.46451
애월별스테이	stay	126.39537	33.48135
애월볕	stay	126.40318	33.43499
애월본카페	cafe	126.33208	33.46778
애월분식	food	126.43430	33.44748
애월뷰	stay	126.32882	33.45606
애월뷰	stay	126.32793	33.45599
애월뷰티아	stay	126.35871	33.47498
애월브릭하우스	stay	126.36474	33.47484
애월비치호텔	stay	126.36296	33.47727
애월빵공장앤카페	cafe	126.30157	33.44834
애월뼈한상	food	126.41917	33.48874
애월산책	food	126.34952	33.45683
애월삼육공	food	126.37164	33.47798
애월삼춘민박	stay	126.40775	33.47186
애월상회	food	126.30156	33.44827
애월상회	shop	126.32875	33.46651
애월새김	shop	126.34223	33.44935
애월샤브더레드	food	126.34019	33.46874
애월성	food	126.31970	33.46474
애월소반	food	126.43598	33.44794
애월수산마트	shop	126.33188	33.46743
애월숲	food	126.38318	33.39317
애월쉴만한물가	stay	126.38440	33.44798
애월슈가	stay	126.40247	33.43484
애월스쿠버	shop	126.32160	33.46613
애월스테이	stay	126.39567	33.44924
애월스톤	cafe	126.33846	33.42421
애월시크릿펜션	stay	126.33926	33.46250
애월식탁	shop	126.40424	33.47011
애월썬	food	126.39244	33.48578
애월씨앤스타민박	stay	126.31345	33.46481
애월아빠들법인	shop	126.40424	33.47011
애월아시시	cafe	126.35499	33.47763
애월아안녕	shop	126.39054	33.48758
애월안	stay	126.38965	33.43382
애월애	stay	126.31085	33.46122
애월애휴양펜션	stay	126.35803	33.46874
애월앤티	shop	126.34095	33.46956
애월약국	shop	126.32061	33.46486
애월언니	shop	126.36246	33.45873
애월에낭	stay	126.39564	33.45185
애월에머물다	stay	126.43779	33.47206
애월에서	shop	126.40066	33.44289
애월에서	stay	126.32562	33.46256
애월에이트약국	shop	126.30949	33.46334
애월엔담	stay	126.30902	33.44585
애월여섯마을민박	stay	126.32735	33.43073
애월여정	stay	126.37898	33.47238
애월연가	stay	126.39549	33.45198
애월연가	food	126.40260	33.48313
애월연어	food	126.39569	33.42567
애월연어	food	126.52725	33.50010
애월연어	food	126.47795	33.48435
애월연어	food	126.53177	33.49613
애월연어하귀점	food	126.40323	33.48062
애월연어협재	food	126.26308	33.39253
애월오누이	food	126.31880	33.46671
애월오락실	activity	126.31169	33.46234
애월오사이	stay	126.42184	33.46719
애월온기	food	126.31123	33.46012
애월온기재	stay	126.40545	33.48109
애월온담	stay	126.30043	33.44705
애월우드나잇	food	126.31866	33.46535
애월웨이브	shop	126.32160	33.46433
애월유람	stay	126.31994	33.46555
애월윤스테이	stay	126.33879	33.46463
애월은혜전복	food	126.31017	33.46299
애월읍소품샵선물가게칸	shop	126.34957	33.47227
애월의남자민박	stay	126.40323	33.44635
애월의아침민박	stay	126.40972	33.48893
애월의언덕민박	stay	126.39483	33.42588
애월의온도	stay	126.34934	33.47281
애월의정원	stay	126.32953	33.45736
애월이디	stay	126.31787	33.46611
애월이막	stay	126.32708	33.44041
애월이오	stay	126.30469	33.44920
애월이우다	stay	126.31803	33.43990
애월인사리	stay	126.40946	33.48708
애월인한옥민박	stay	126.34400	33.42354
애월잇	food	126.32069	33.46060
애월자연농원	food	126.39339	33.43792
애월작업실	shop	126.31814	33.46501
애월잔향펜션	stay	126.33742	33.44748
애월장인의집	food	126.32684	33.46575
애월전당포	cafe	126.32006	33.46472
애월제주돈	food	126.36441	33.47318
애월제주포레	stay	126.36103	33.42170
애월조끄띠민박	stay	126.36120	33.42101
애월주스테이	stay	126.38399	33.46974
애월집	food	126.37558	33.48201
애월짬뽕	food	126.40486	33.42282
애월쪼바네	stay	126.32759	33.43363
애월찜	food	126.35421	33.47657
애월채	stay	126.31396	33.46173
애월책방이다	shop	126.34030	33.46717
애월초가집풀빌라	stay	126.36818	33.43865
애월축산물직판장	shop	126.31924	33.46452
애월치킨하우스	food	126.30840	33.45005
애월코코하우스	stay	126.37110	33.47523
애월타운하우스민박	stay	126.33433	33.45711
애월토리니	stay	126.37392	33.48086
애월튀김간	food	126.31978	33.46440
애월파티게스트하우스호스타	stay	126.42371	33.46358
애월팔레스	stay	126.40333	33.44452
애월펜션	stay	126.37437	33.47647
애월펜트하우스	stay	126.33433	33.45711
애월포구풍경민박	stay	126.32079	33.46588
애월풀빌라펜션	stay	126.36022	33.47689
애월프렌즈	food	126.36940	33.47557
애월하늘	stay	126.37869	33.47607
애월하늘민박	stay	126.39800	33.44040
애월하랑	stay	126.31228	33.42752
애월하루	stay	126.31541	33.44221
애월한담공원	beach	126.31126	33.46003
애월한담누리파티포차	food	126.31238	33.45928
애월한담민박	stay	126.31270	33.45989
애월한식뷔페	food	126.32172	33.46413
애월한아름식당	food	126.32191	33.46043
애월한우미나리	food	126.49471	33.48862
애월한입	shop	126.40260	33.48313
애월할망네	food	126.33810	33.44638
애월항	food	126.32285	33.46588
애월항수산	food	126.32089	33.46611
애월항커피사무소	cafe	126.32030	33.46709
애월항포구횟집	food	126.32089	33.46611
애월항포구횟집별관	food	126.32089	33.46611
애월해송	food	126.32043	33.46633
애월해송횟집	food	126.32043	33.46633
애월해안누리	stay	126.34159	33.47053
애월해안도로	nature	126.37540	33.48250
애월햇살민박	stay	126.40578	33.46777
애월혼술바혼숲	food	126.32077	33.46578
애월화룸	stay	126.33200	33.45790
애월후식	food	126.33019	33.43900
애월휘게하우스	stay	126.40621	33.43100
애월휴빌리지	stay	126.40383	33.43483
애월흑돈퓨전뷔페	food	126.34712	33.45665
애월힐펜션	stay	126.35870	33.42694
애인	bar	126.52969	33.50074
애인이네민박	stay	126.38048	33.39977
애조로김밥	food	126.46987	33.46534
애조로휴게소	shop	126.42564	33.47280
애주가	food	126.43195	33.48727
애진	food	126.52996	33.49660
애프터눈	shop	126.52725	33.50010
애프터워크	shop	126.49872	33.48210
애플	shop	126.54243	33.50460
애플	stay	126.21894	33.29471
애플관광호텔	stay	126.53357	33.50300
애플뮤직타운	bar	126.49050	33.48657
애플짐휘트니스	activity	126.52343	33.51167
애플２	shop	126.52463	33.51316
애향	food	126.39154	33.48647
애향횟집	food	126.43999	33.49577
액티브파크	shop	126.23608	33.38114
앤	shop	126.49193	33.47055
앤	shop	126.54488	33.49962
앤	shop	126.52463	33.51316
앤드앤드	cafe	126.48674	33.48362
앤드유	food	126.52433	33.51230
앤드지	shop	126.49031	33.48844
앤디앤라라홈뮤즈	shop	126.37634	33.44137
앤디앤카렌	shop	126.52517	33.51466
앤스테이	stay	126.39383	33.44354
앤유	shop	126.47663	33.48808
앤유한림점	shop	126.26481	33.41322
앤츠	bar	126.53041	33.49825
앤클라인	shop	126.52636	33.51477
앤티앤스프레즐제주	food	126.52946	33.49975
앨리	shop	126.54166	33.50818
앨리스	shop	126.49701	33.49161
앨리스	cafe	126.52956	33.49757
앨리스	shop	126.52855	33.50300
앨리스공방	shop	126.56483	33.52266
앨리스플레이스민박	stay	126.38034	33.43821
앨범외도	bar	126.43333	33.49444
앰버	food	126.54421	33.50129
앳오롯	stay	126.40630	33.43014
앳코너	stay	126.45894	33.50291
앵콜송	bar	126.51972	33.50592
야간모임	bar	126.53757	33.49673
야끼니꾸엔순옥상회	food	126.51202	33.51234
야나기	shop	126.48821	33.47065
야래향	bar	126.53114	33.51268
야래향비지니스바	food	126.54250	33.50236
야마	food	126.47014	33.48314
야무진냄비	food	126.50965	33.50760
야미라곰	food	126.53345	33.48813
야미부대찌개	food	126.26048	33.32398
야미부대찌게하귀점	food	126.41311	33.48357
야미브라운	food	126.52031	33.50377
야미야미한림점	bar	126.26586	33.41452
야미얌	food	126.53178	33.50171
야베스의집	stay	126.24523	33.39061
야성	bar	126.48995	33.49148
야시장	bar	126.53269	33.51016
야시장맛통령	food	126.52606	33.51174
야시장이동식가판대	food	126.52646	33.51028
야시장이동식판매대	shop	126.47173	33.50875
야시장이동식판매대	food	126.52624	33.50769
야시장이동식판매대	food	126.52646	33.51028
야시장이동판매대	food	126.52646	33.51028
야시장카페	food	126.49049	33.48799
야식본부	food	126.26499	33.40963
야심만참한림점	food	126.24276	33.39218
야야	cafe	126.67349	33.54399
야옹아멍멍해봐제주점	shop	126.42280	33.46364
야원	food	126.66493	33.46951
야자나무	shop	126.52689	33.51442
야자수	food	126.52714	33.51273
야자수	stay	126.38193	33.47788
야자수식당	food	126.23941	33.38839
야자수펜션민박	stay	126.40536	33.46502
야채나라	shop	126.52807	33.50365
야채시장	shop	126.51997	33.49422
야키니쿠제주	food	126.39582	33.42584
야키토리사카메	food	126.52401	33.51184
야키토리탄	food	126.48423	33.48708
야키토리히히	food	126.52759	33.49968
야타이쇼부제주	food	126.54240	33.50252
야포차하귀점	food	126.41521	33.48238
야한여자	shop	126.52463	33.51316
야행성	bar	126.52944	33.49202
야호	bar	126.52531	33.49978
야호비치하우스	stay	126.67374	33.54398
야호쇼핑	shop	126.50462	33.50751
야호스카이하우스	stay	126.67349	33.54399
야호이	stay	126.67510	33.48581
약산흑염소가든	food	126.46323	33.49427
약선명가	food	126.41079	33.48494
약지포토	stay	126.89356	33.49216
약초건강원	shop	126.53031	33.49137
얄개	bar	126.54347	33.50207
얄랑	food	126.51881	33.51808
얌샘김밥제대점	food	126.55816	33.44919
얌샘김밥제주	food	126.53833	33.48872
얌샘김밥제주	food	126.47562	33.48895
얌샘김밥제주한국	food	126.51754	33.49970
얌얌	food	126.85618	33.52316
얏타고	activity	126.46577	33.50449
양	food	126.48367	33.48532
양가네	food	126.53000	33.49619
양가형제	food	126.25396	33.30725
양가형제	food	126.47528	33.48181
양갱이네	stay	126.40300	33.45063
양광	shop	126.49294	33.49105
양군의케익한접시	cafe	126.58133	33.52101
양기원무인키즈팡팡카페	activity	126.48822	33.48122
양대감	food	126.48467	33.48553
양대암골프	shop	126.50717	33.48870
양땡네	food	126.53272	33.50947
양명종합낚시	shop	126.32850	33.94591
양반집	food	126.53868	33.50478
양반촌	food	126.51428	33.50275
양배추식당	food	126.29335	33.40719
양사부	food	126.49050	33.48969
양서대학	food	126.51836	33.51258
양성시계	shop	126.52499	33.50706
양순이네순대국밥	food	126.52794	33.50331
양스피부관리	shop	126.49039	33.47783
양식당	food	126.50364	33.51158
양씨네농장	shop	126.37998	33.43974
양씨네두끼	food	126.53890	33.49753
양씨네제주전복김밥	food	126.52596	33.51429
양씨네제주전복칼국수	food	126.52609	33.51390
양씨네천혜향	shop	126.28142	33.39657
양양밥집	food	126.49538	33.48453
양웅걸퍼니쳐스튜디오	shop	126.36817	33.45622
양인철헤어코스메틱	shop	126.52431	33.51082
양자강	food	126.24517	33.39801
양정에프앤비청와대삼계탕아구찜	food	126.51395	33.49926
양준건강원	shop	126.52789	33.50360
양준상회	shop	126.52773	33.50369
양지	stay	126.52746	33.51571
양지	cafe	126.53214	33.51312
양촌오리탕	food	126.25679	33.40535
양키즈	shop	126.52463	33.51316
양파	bar	126.52638	33.50122
양푼속닭한마리	food	126.49185	33.48749
양푼왕갈비	food	126.47526	33.48600
양화정	food	126.85396	33.52753
양화정	food	126.66270	33.54301
어가	food	126.48355	33.47440
어게인	stay	126.26696	33.42842
어게인다테야마	bar	126.52433	33.51167
어게인원모어	shop	126.34004	33.44908
어게인이소	shop	126.54359	33.49314
어군	food	126.50460	33.51405
어글리딜리셔스	cafe	126.53592	33.48898
어기여차월광점	food	126.46626	33.48599
어기여차저지점	food	126.26400	33.32009
어나더	shop	126.49082	33.48605
어나더제주	stay	126.24450	33.39540
어놀문화센터삼화지구점	cafe	126.58093	33.51350
어놀문화센터이도아라점	activity	126.53934	33.48388
어놀베이비카페	food	126.47830	33.48582
어느	stay	126.47736	33.47668
어느날의기록	stay	126.38344	33.46738
어느날제주	stay	126.40764	33.46738
어느날제주애월	stay	126.40764	33.46738
어느날제주협재	stay	126.25444	33.37802
어느제주	stay	126.47736	33.47668
어느틈에벌써	stay	126.25584	33.33159
어느하루	stay	126.43594	33.46011
어니스크	cafe	126.47934	33.49114
어니언스테이	stay	126.31320	33.44199
어둑	cafe	126.24519	33.39898
어드래망고하우스	shop	126.27076	33.31916
어드레감수강	food	126.47928	33.48851
어드브레드	cafe	126.52818	33.51341
어등개	stay	126.80495	33.55568
어등포해녀촌	food	126.81199	33.55701
어디가고	food	126.52791	33.49996
어디가맨	food	126.54534	33.47557
어디가코	food	126.52914	33.49859
어딕션	shop	126.52595	33.51435
어따대구	food	126.65441	33.54383
어때소	food	126.53222	33.50123
어떤날	food	126.80728	33.55368
어떤날민박	stay	126.80728	33.55368
어떤제주	stay	126.27916	33.37505
어떤하루	stay	126.27671	33.43947
어떤하루	food	126.54215	33.50963
어라운드	shop	126.52567	33.51472
어랑	food	126.43548	33.49244
어랑어랑맛집	food	126.22055	33.38476
어랑어랑생선구이앤순살갈치조림제주애월해안도로점	food	126.35730	33.47840
어랭이	stay	126.24442	33.39823
어른아이책방	cafe	126.70755	33.55223
어름비	shop	126.33689	33.40113
어름비식당	food	126.36927	33.39081
어름비오소록	food	126.33709	33.40085
어리목탐방안내소	etc	126.49538	33.39298
어린왕자	shop	126.52463	33.51316
어린왕자	food	126.48424	33.48134
어린이전문서점곰솔	shop	126.52938	33.50117
어린이체험숲속돌집독채펜션	stay	126.68847	33.53921
어림비스테이	stay	126.33633	33.40146
어림향	food	126.51782	33.49854
어매흑돼지	food	126.48774	33.48373
어머니김밥	food	126.59649	33.48917
어머니맛집	food	126.53553	33.51664
어머니밥상	food	126.37334	33.44245
어머니빙떡	food	126.53191	33.51205
어머니빵집	food	126.48856	33.49160
어머니빵집그랜드점	food	126.49712	33.48696
어머니와고등어	food	126.47323	33.50627
어머니와고등어농수산쇼핑센터	shop	126.47323	33.50627
어멍네	food	126.22015	33.29723
어멍네고깃집	food	126.51942	33.50884
어멍네포차	food	126.52970	33.51279
어멍보쌈	food	126.53289	33.49697
어멍상회	shop	126.49496	33.48261
어멍식당	food	126.64471	33.47427
어멍이뽑는막국수	food	126.41307	33.48325
어멍이해녀	food	126.91121	33.49988
어멍포차	food	126.26511	33.41060
어메이징크리제주연동점	shop	126.48821	33.48157
어묵애플러스	food	126.53357	33.50300
어바니썸	shop	126.48184	33.48244
어박사	food	126.25823	33.40790
어박사스시	food	126.25823	33.40790
어박사애월점	food	126.32057	33.46693
어박사저지점	food	126.25504	33.33029
어박사회센터	food	126.25504	33.33029
어반	shop	126.49100	33.48728
어반르토아	cafe	126.54200	33.49108
어반브루잉	cafe	126.52107	33.51282
어반스테이제주공항	stay	126.48944	33.48551
어반아일랜드호텔	stay	126.49474	33.48956
어반트리민박	stay	126.31183	33.46154
어반플레이	shop	126.50365	33.48129
어반휘트니스	activity	126.48134	33.49003
어번던스데이	shop	126.89396	33.51742
어벤져스	shop	126.52463	33.51316
어보브앤비욘드	bar	126.52904	33.49925
어보브앤비욘드	cafe	126.31070	33.46181
어부도	food	126.53708	33.49640
어부바	bar	126.54120	33.50493
어부바	shop	126.52463	33.51316
어부복지리	food	126.59290	33.52965
어부수산	shop	126.47489	33.49724
어브라운브리즈	cafe	126.54393	33.49086
어사촌도야지	food	126.33876	33.41975
어살아있네	food	126.18188	33.34826
어상	food	126.46981	33.48343
어색한카페	food	126.61574	33.50615
어쇼일식	food	126.52261	33.48886
어슬렁스테이	stay	126.26765	33.42652
어슬렁어슬렁	stay	126.68635	33.49261
어슬렁포장마차	bar	126.53284	33.50908
어승생	nature	126.50675	33.38566
어승생승마장	activity	126.49041	33.42576
어신	food	126.49236	33.48866
어신호	activity	126.46577	33.50449
어싱제주지사	shop	126.54029	33.50523
어썸	stay	126.49474	33.48956
어썸스테이	stay	126.77499	33.46882
어썸아로마	shop	126.49154	33.48965
어썸커뮤니티	cafe	126.54975	33.47644
어썸플레이스	food	126.47381	33.47965
어애랑	food	126.24678	33.39896
어영공원	nature	126.48757	33.51838
어영하우스	stay	126.49135	33.51886
어왔니	food	126.52304	33.49855
어우늘	food	126.50466	33.48108
어우렁국수	food	126.53210	33.50059
어울	shop	126.52906	33.50016
어울다	stay	126.24634	33.39910
어울령	stay	126.40278	33.43509
어울림퓨전	food	126.40331	33.48039
어울림회센타	food	126.56525	33.51950
어음건강원	shop	126.26422	33.41103
어음뜨락	stay	126.32993	33.41863
어음밥집	food	126.33922	33.40197
어장관리	food	126.49757	33.49151
어장군	food	126.49623	33.49094
어제보다오늘	cafe	126.45697	33.50285
어쩌다가	stay	126.22541	33.32772
어쩌다마주친라이브	bar	126.52550	33.51610
어쩌다제주	stay	126.88678	33.51763
어쩌다제주혼술바	bar	126.52642	33.51437
어쩔라면	food	126.54675	33.50027
어촌계해녀마켓	shop	126.29532	33.96242
어촌계회센타	food	126.32184	33.46582
어촌마당	food	126.49166	33.48619
어쿠스틱맨션	stay	126.26529	33.42764
어쿠스틱자왈	bar	126.22928	33.32392
어클락	cafe	126.41808	33.46285
어텐션트레이닝센터	activity	126.53909	33.49594
어푸스테이함덕	stay	126.65412	33.54931
어프로치펜션	stay	126.43131	33.45679
어하영	food	126.53811	33.51713
어해촌	food	126.95397	33.50006
어헤드컴퍼니	shop	126.48974	33.48650
어흥어음	stay	126.33626	33.40033
억수식당	food	126.56679	33.52112
억이네	food	126.54105	33.50907
억조음식점	food	126.38042	33.45241
억조전기난방	shop	126.54184	33.50832
언니	shop	126.52463	33.51316
언니	shop	126.54068	33.49090
언니네	food	126.52678	33.49598
언니네간식	food	126.53854	33.49123
언니네반찬	food	126.47380	33.49015
언니네밥상	stay	126.26739	33.39448
언니네점빵	shop	126.53726	33.50964
언니네포차	food	126.54191	33.50951
언니식탁	food	126.36539	33.47212
언니옷장	shop	126.79408	33.55690
언더더씨제주	food	126.25231	33.40340
언더라운지	bar	126.67113	33.54239
언더아머신제주점	shop	126.49097	33.48966
언더아머제주점	shop	126.52570	33.51524
언더워터플레이	activity	126.63547	33.52980
언더워터플레이김녕점	activity	126.73710	33.55544
언덕위에	bar	126.49295	33.48383
언덕위에집	stay	126.71300	33.54773
언덕집국수	food	126.35691	33.47840
언덕휴게소	food	126.54417	33.46924
언리미티드이스케잎방탈출카페	activity	126.54096	33.50540
언맥	food	126.53928	33.51467
언맥프라이	food	126.54219	33.50287
언슈어그룹	shop	126.53001	33.50030
언스테이블제주혼술바	food	126.48299	33.48437
언양식당	food	126.52622	33.51247
언이너프	food	126.47186	33.48148
언제나소소	shop	126.53727	33.49269
언젠家가	stay	126.37962	33.44122
언플러그	cafe	126.45414	33.45953
얼담	food	126.53655	33.49298
얼루어룸	shop	126.51888	33.50729
얼리버드커피하우스	cafe	126.52848	33.50253
얼리어답터	shop	126.47830	33.48582
얼마나오렌지	cafe	126.51226	33.45862
얼얼이불막창	food	126.57895	33.51668
얼음정원아이스크림할인점서서	shop	126.57455	33.45800
얼큰시원콩나물국밥	food	126.57240	33.51356
얼큰이	food	126.58084	33.52077
엄가네	food	126.39996	33.48024
엄도평	food	126.45144	33.47972
엄마가만든탕	food	126.53779	33.51421
엄마가차린밥상	food	126.48112	33.44504
엄마가차린밥상연동점	shop	126.48741	33.47731
엄마가차린밥상제일마트점	food	126.48085	33.47610
엄마밥상	food	126.53747	33.49301
엄마밥줘	food	126.31321	33.42669
엄마뼈해장국	food	126.50535	33.51205
엄마상회	shop	126.85947	33.52047
엄마손	food	126.48811	33.48670
엄마손맛	food	126.51806	33.49699
엄마손미	food	126.48099	33.49338
엄마순대국	food	126.49807	33.49201
엄마식당	food	126.41327	33.48366
엄마의건강원	shop	126.58159	33.52187
엄마의집밥	food	126.52930	33.50815
엄마집	stay	126.25698	33.33294
엄바위	food	126.85427	33.52542
엄바위식당	food	126.85604	33.52646
엄브로칠성로점	shop	126.52571	33.51502
엄블라비안	stay	126.25119	33.37285
엄블랑	food	126.19505	33.29743
엄블랑아로마	shop	126.49457	33.48595
엄블랑호다	food	126.49582	33.48424
엄쟁이족발	food	126.47999	33.49043
엄지	bar	126.53143	33.50109
엄지국수	food	126.52131	33.49593
엄지네	food	126.26425	33.41645
엄지양품	shop	126.26516	33.41537
엄지척	bar	126.51949	33.50107
엄지흑돼지	food	126.36806	33.47191
업소명없음	stay	126.79265	33.55928
업소명없음	shop	126.59364	33.50333
업소명없음	stay	126.48147	33.48526
업소명없음	shop	126.47489	33.49724
업소명없음	stay	126.28374	33.38198
업소명없음	food	126.47777	33.49501
업소명없음	stay	126.19677	33.36095
업소명없음	stay	126.40622	33.43031
업소명없음	shop	126.33158	33.46745
업소명없음	stay	126.48842	33.49038
업소명없음	stay	126.18252	33.35633
업소명없음	stay	126.74683	33.48357
업소명없음	stay	126.79564	33.55425
업소명없음	shop	126.28844	33.40064
업소명없음	stay	126.40871	33.43926
업소명없음	stay	126.28535	33.44258
업소명없음	food	126.57394	33.43951
업소명없음	food	126.42640	33.49426
업소명없음	stay	126.83052	33.52761
업소명없음	cafe	126.52273	33.51308
업소명없음	shop	126.60692	33.48432
엉덕	stay	126.53023	33.51490
엉덩물	food	126.49491	33.49098
엉물각재기	food	126.52729	33.49682
엉베흐	food	126.31978	33.46443
엉아크랩쭈이빵	food	126.49040	33.48633
엉알게스트하우스	stay	126.18426	33.30433
엉알이모야	stay	126.24441	33.31170
엉알펍	bar	126.18426	33.30433
엉알해안	beach	126.16762	33.29942
엉알해안산책로	beach	126.16412	33.30805
엉클톰김밥신화월드점	food	126.48586	33.48234
엉클프레즐하우스	food	126.67421	33.54140
엉터리왕	bar	126.48936	33.48393
엉터리해장국	food	126.47364	33.48539
엉터리해장국제주	food	126.53123	33.49660
에귤타르트	food	126.45301	33.49694
에그드랍제주	food	126.49596	33.50594
에그드랍제주	food	126.52843	33.50085
에그라니	food	126.54436	33.47510
에그모닝	food	126.53706	33.50436
에그서울인제주	cafe	126.30968	33.46407
에그셀런트	food	126.48174	33.48424
에꼴리에	shop	126.52463	33.51316
에꼼	shop	126.52929	33.50000
에끄랑	stay	126.40331	33.43467
에끄랑	cafe	126.54387	33.49271
에나하우스	stay	126.37659	33.42378
에너벨리	food	126.24172	33.39474
에넥스그린피아점	shop	126.53617	33.48520
에넥스제주전시판매장	shop	126.54591	33.50157
에넥스제주토탈점	shop	126.51953	33.50414
에노스	stay	126.52114	33.51205
에노티	stay	126.67001	33.49612
에니스케리	cafe	126.24213	33.39540
에다모니아	stay	126.65381	33.53569
에덴	stay	126.48918	33.51838
에덴식당	food	126.54417	33.50267
에덴호스텔	stay	126.48919	33.51840
에델에스테틱	shop	126.48421	33.47423
에두트	food	126.43069	33.48964
에듀랜드	shop	126.54176	33.49737
에듀테인먼트노크	cafe	126.60979	33.47407
에드참	shop	126.49473	33.49442
에디션	shop	126.52118	33.51797
에뚜뷰티샵	shop	126.48540	33.48164
에뛰드하우스제주점	shop	126.52463	33.51316
에띠임김명신	shop	126.53728	33.50395
에띠임속옷	shop	126.54019	33.50430
에띠임에띠모에띠미에띠힐제주센터	shop	126.54367	33.47236
에리카스토리북스	shop	126.58662	33.52160
에리트패션	shop	126.52731	33.50283
에릭스브런치	food	126.85933	33.52413
에릭스에스프레소	cafe	126.85887	33.52142
에린	cafe	126.52852	33.48996
에머이제주점	food	126.54888	33.47682
에메랄드케슬	stay	126.21229	33.37029
에메랄드호텔에이스	stay	126.53659	33.49742
에메필제주점	shop	126.49058	33.48825
에몬스가구제주점	shop	126.55092	33.51240
에바	cafe	126.43068	33.49073
에바다웨이마린	shop	126.36390	33.47793
에바다호스텔	stay	126.44741	33.49712
에바빌리지	stay	126.36390	33.47793
에버그린	bar	126.48475	33.48645
에버그린	cafe	126.62473	33.52355
에버그린돈까스	food	126.31284	33.46199
에버리스골프리조트	activity	126.36209	33.37823
에버호텔	stay	126.49479	33.49002
에벤에셀호텔	stay	126.66686	33.54240
에브라임하우스	stay	126.75490	33.55554
에브리바디빈티지	shop	126.52337	33.51052
에브리바디빈티지스페셜라운지	shop	126.52354	33.51008
에브리바디빈티지패밀리	shop	126.52337	33.51051
에브리제주	shop	126.37338	33.47223
에블린	shop	126.49027	33.48894
에비수제주연동	shop	126.48641	33.48685
에셀나무게스트하우스	stay	126.65518	33.54324
에스더블유인터내셔널	shop	126.83669	33.48295
에스더하우스	stay	126.44595	33.45133
에스디컴퍼니	shop	126.26451	33.41315
에스디컴퍼니한경점	shop	126.19062	33.34656
에스뜨레야	stay	126.79672	33.55501
에스라인	bar	126.49175	33.48818
에스라인	bar	126.49104	33.48627
에스마켓제주점	shop	126.52532	33.51375
에스비노래연습장	activity	126.52950	33.49913
에스비스포츠	shop	126.50985	33.49607
에스비지클럽	activity	126.50834	33.48199
에스비통신	shop	126.54746	33.49541
에스쏠레지아	shop	126.52591	33.51406
에스에듀	stay	126.54297	33.50894
에스에스	shop	126.56983	33.44277
에스에스뷰티	shop	126.63648	33.51332
에스에이치전기	shop	126.53207	33.51280
에스엔에스아시안푸드	shop	126.26411	33.41486
에스엔제이	food	126.56738	33.51139
에스엘	cafe	126.34095	33.46956
에스엠락볼링장제주점	activity	126.47818	33.48450
에스엠볼링장	activity	126.47818	33.48450
에스엠볼링프로샵	shop	126.47818	33.48450
에스엠스크린골프	activity	126.52721	33.49014
에스엠탐라	shop	126.54534	33.49463
에스오정보기술	shop	126.56514	33.52194
에스오티디	food	126.47397	33.48064
에스와이공조	shop	126.58416	33.52292
에스와이에스리테일제주점주	shop	126.51956	33.50945
에스와이통상	shop	126.53228	33.49669
에스이티교재사	shop	126.54018	33.50857
에스제이인터내셔널	shop	126.52548	33.51588
에스제이컴퍼니	shop	126.49599	33.48350
에스제이컴퍼니	shop	126.26451	33.41315
에스제이파워텔	shop	126.48929	33.47574
에스제이파트너스	food	126.58141	33.51613
에스지골프	activity	126.38768	33.45339
에스지스크린골프	activity	126.52796	33.50265
에스지스크린골프	activity	126.54245	33.50342
에스지스크린골프늘봄점	activity	126.47260	33.47892
에스지스크린골프애조로점	activity	126.47557	33.46492
에스지스크린마트	activity	126.47298	33.49576
에스케이당구장	activity	126.52496	33.50633
에스콰이아제주점	shop	126.48184	33.48244
에스클래스	bar	126.52734	33.50059
에스키즈이마트신제주점	shop	126.48043	33.48497
에스테크	shop	126.48845	33.48028
에스테피아로제	shop	126.49117	33.47938
에스텔라	stay	126.36162	33.47681
에스텔레콤	shop	126.54058	33.50640
에스텔레콤	shop	126.51210	33.51202
에스텔레콤	shop	126.48029	33.49091
에스텔레콤	shop	126.53215	33.51343
에스텔레콤	shop	126.47721	33.48955
에스티오제주삼화	shop	126.57231	33.51978
에스티전자	shop	126.49871	33.47864
에스티코신제주점	shop	126.48989	33.48860
에스핏	shop	126.52463	33.51316
에스핏제주외도점	shop	126.43067	33.48898
에스호텔	stay	126.47146	33.49543
에스호텔구내	food	126.47146	33.49543
에스화이트	bar	126.54163	33.50515
에슬러서적	shop	126.54210	33.49271
에쓰지	shop	126.54866	33.47307
에쓰지스크린골프우도점	activity	126.96750	33.49776
에어뷰티	shop	126.49088	33.48392
에어시스	shop	126.51842	33.49270
에오마르	cafe	126.58657	33.52574
에이	shop	126.52872	33.49876
에이드레스	shop	126.54975	33.47616
에이미옷장	shop	126.48712	33.48356
에이미하우스	stay	126.31490	33.42567
에이미하우스민박	stay	126.27221	33.41542
에이바우트	cafe	126.57164	33.45214
에이바우트스타디움	cafe	126.56431	33.50496
에이바우트제대	cafe	126.55852	33.44932
에이바우트커피	cafe	126.63691	33.53925
에이바우트커피	cafe	126.47556	33.47815
에이바우트커피	cafe	126.53943	33.48918
에이바우트커피	cafe	126.52572	33.51621
에이바우트커피	cafe	126.53084	33.49877
에이바우트커피	cafe	126.47630	33.48935
에이바우트커피	cafe	126.59568	33.48942
에이바우트커피	cafe	126.53459	33.49506
에이바우트커피구남점	cafe	126.53537	33.48509
에이바우트커피남녕고점	cafe	126.48134	33.49003
에이바우트커피도련점	cafe	126.58141	33.51613
에이바우트커피베라체점	cafe	126.54268	33.49208
에이바우트커피뷰하귀점	cafe	126.40839	33.48646
에이바우트커피뷰하귀포구점	cafe	126.40839	33.48646
에이바우트커피삼무공원점	cafe	126.48989	33.49037
에이바우트커피삼화점	cafe	126.57267	33.51542
에이바우트커피신라	cafe	126.48671	33.48577
에이바우트커피신제주점	cafe	126.48249	33.48170
에이바우트커피아라스위첸점	cafe	126.54531	33.47305
에이바우트커피연동	cafe	126.49007	33.47853
에이바우트커피연북로점	cafe	126.49872	33.48210
에이바우트커피외도점	cafe	126.43068	33.49073
에이바우트커피이편한세상시티점	cafe	126.48294	33.48386
에이바우트커피인제점	cafe	126.54172	33.50499
에이바우트커피인화점	cafe	126.53935	33.51028
에이바우트커피정부종합	cafe	126.52739	33.49014
에이바우트커피종합경	cafe	126.51949	33.49594
에이바우트커피한라도서관점	cafe	126.51472	33.47753
에이바우트커피화북	cafe	126.56354	33.51880
에이바우트한라수목원점	cafe	126.48865	33.46959
에이바호텔제주	stay	126.70666	33.55196
에이브이씨네마	shop	126.53585	33.47767
에이비씨덴탈	shop	126.47856	33.49114
에이비씨디	stay	126.26310	33.38782
에이비윤클래식	shop	126.51233	33.50667
에이션패션제주나인몰	shop	126.49465	33.48070
에이스	shop	126.52463	33.51316
에이스	bar	126.48671	33.48577
에이스노래연습장	activity	126.48056	33.48958
에이스당구장	activity	126.52009	33.50226
에이스라운지	activity	126.53172	33.48718
에이스마트	shop	126.49130	33.48088
에이스배드민턴	shop	126.47992	33.49187
에이스볼링샵	shop	126.54245	33.50342
에이스서프	shop	126.30834	33.45354
에이스쉬는팡	shop	126.48225	33.50312
에이스일오오일	shop	126.30834	33.45354
에이스제주스퀘어	shop	126.49863	33.49328
에이스중고	shop	126.53337	33.46535
에이스침대우리꼴자연가구	shop	126.52744	33.49241
에이스침대제주	shop	126.51961	33.50221
에이스팜플러스	shop	126.49049	33.48799
에이스프링민박	stay	126.23007	33.38750
에이스한림점	shop	126.26549	33.40991
에이에이	bar	126.53017	33.49875
에이원승마클럽	activity	126.41401	33.41923
에이원팩토리	shop	126.48793	33.47677
에이원프렌즈스크린	activity	126.47503	33.47862
에이원호텔	stay	126.49474	33.48532
에이제이원스윔	shop	126.54338	33.48586
에이취	bar	126.52872	33.49876
에이치	cafe	126.95186	33.49309
에이치마트	shop	126.58268	33.52143
에이치모터바이크	shop	126.48099	33.49338
에이치바	food	126.52961	33.49861
에이치비디프로젝트	cafe	126.47475	33.47997
에이치비테크	shop	126.50034	33.49295
에이치비테크	shop	126.60885	33.50093
에이치빌민박	stay	126.79635	33.53166
에이치스테이	stay	126.40787	33.48414
에이치앤케이팜	shop	126.48400	33.48134
에이치에스나빌레라	shop	126.48844	33.47676
에이치에스마트	shop	126.50970	33.43334
에이치에스물산	shop	126.52643	33.50004
에이치에스산업	shop	126.52552	33.50217
에이치에이	shop	126.54520	33.46721
에이치엘아이제주지사	food	126.52460	33.48109
에이치엘한라수산지점	shop	126.26518	33.40852
에이치엘한라족발지점	food	126.47776	33.48570
에이치엠글로벌	shop	126.48728	33.49087
에이치와이모바일	shop	126.52330	33.51306
에이치원	stay	126.49179	33.48949
에이치원	stay	126.44585	33.45164
에이치제이에이치	shop	126.57175	33.45703
에이치제이테니스아카데미화북점	activity	126.55737	33.51444
에이치케이에이치	shop	126.51320	33.50312
에이치케이에이치	shop	126.52449	33.50226
에이치텔레콤	shop	126.49068	33.48968
에이치투에스코퍼레이션	shop	126.52850	33.51380
에이치티	activity	126.48275	33.47607
에이트짐	activity	126.47717	33.48362
에이티눈호텔	stay	126.49499	33.48937
에이티에스관광개발	stay	126.30888	33.45614
에이팜스	shop	126.52921	33.51474
에이팩토리베이커리카페	food	126.52338	33.51694
에이프	cafe	126.53148	33.49865
에이프릴	cafe	126.47906	33.47888
에이플러스	shop	126.48091	33.48328
에이플러스건강식품	shop	126.48746	33.48575
에이피정보기술	shop	126.52698	33.49186
에일린게스트하우스	stay	126.85547	33.52215
에일린부엌가구	shop	126.53255	33.51048
에일린정원	shop	126.47589	33.49808
에잇나인	shop	126.52070	33.50824
에제르휴	stay	126.94474	33.50196
에치	cafe	126.56731	33.52160
에카그	food	126.48035	33.47713
에코	shop	126.49400	33.48597
에코	shop	126.53761	33.50960
에코그린	shop	126.51752	33.49155
에코그린리조트	activity	126.29148	33.43529
에코그린캠핑장	stay	126.33354	33.44428
에코디엔시	activity	126.49137	33.47689
에코랜드테마파크	activity	126.66885	33.45535
에코마인	shop	126.49111	33.48857
에코마트광양종합물류센타	shop	126.52848	33.50107
에코승마아카데미	activity	126.71886	33.43448
에코에이징또바기밥상	food	126.34118	33.40185
에코지움제주모닥아울렛	shop	126.47291	33.49641
에코패밀리호텔	stay	126.29148	33.43528
에코푸드트럭	cafe	126.32926	33.94974
에코프렌들리	shop	126.54313	33.49126
에코하우스	stay	126.64169	33.46931
에코하우스	food	126.66194	33.45252
에코힐그램핑	food	126.44088	33.44987
에코힐글램핑	stay	126.44104	33.44995
에코힐링하우스	stay	126.24888	33.37879
에콤	shop	126.47921	33.47865
에쿠스당구장	activity	126.49222	33.48964
에쿠스당구클럽	activity	126.49222	33.48964
에퀴녹스드금능민박	stay	126.22991	33.38905
에퀴드	food	126.53157	33.50313
에크	food	126.48275	33.47607
에테	stay	126.32712	33.43626
에토프	shop	126.54405	33.49295
에펠	shop	126.34670	33.46922
에프비아이	bar	126.48848	33.48609
에프알엘제주도남점	shop	126.52303	33.48021
에프알엘제주이도점	shop	126.53622	33.49122
에프엔브이	food	126.52824	33.51209
에프엘이엑스	bar	126.49105	33.48675
에프원모텔	stay	126.49390	33.48533
에프터글로우	cafe	126.54938	33.48866
에피소드	cafe	126.41330	33.48542
에피소드	cafe	126.18809	33.30578
에피파니	shop	126.90610	33.49533
에헴	shop	126.54125	33.49184
엑센트	bar	126.48225	33.48388
엑센트당구장	activity	126.49086	33.48675
엑소미어	shop	126.49802	33.48585
엑손알앤디	shop	126.52460	33.48109
엑스	food	126.47925	33.48341
엑스오드라이브인호텔	stay	126.42994	33.44062
엔	food	126.49001	33.47954
엔더블유원	shop	126.52013	33.49258
엔돌핀노래연습장	activity	126.48073	33.47714
엔드리스	bar	126.54169	33.50330
엔드리스제주지사	shop	126.42204	33.45562
엔비에이	shop	126.52551	33.51613
엔솔	shop	126.48043	33.48497
엔아이	shop	126.47291	33.49641
엔아이소프트	shop	126.50687	33.50907
엔에스푸드	food	126.54785	33.49439
엔와이씨태닝	shop	126.41546	33.48637
엔와이이씨퍼스널트레이닝	activity	126.41546	33.48640
엔일공구	cafe	126.76937	33.55182
엔제리너스제주	cafe	126.53254	33.49553
엔제리너스한라수목원점	cafe	126.49193	33.47055
엔젤	stay	126.46029	33.45163
엔젤	bar	126.54096	33.50540
엔젤에이치	shop	126.67289	33.53418
엔젤하우스	stay	126.35778	33.47239
엔젤화장품	shop	126.53562	33.51390
엔조이푸드	food	126.53003	33.49219
엔츠노래타운	bar	126.49083	33.48657
엔츠노래타운시청	bar	126.52904	33.49925
엔츠노래타운연동	bar	126.49057	33.48813
엔츠노래타운연동점	bar	126.49133	33.48801
엔츠투	bar	126.52968	33.49911
엔케이북스	shop	126.55441	33.43755
엔투아이	activity	126.47291	33.49641
엔폴리우드	food	126.66310	33.54382
엔하라	shop	126.27213	33.37953
엘	shop	126.52463	33.51316
엘도라도	bar	126.53289	33.49500
엘라플라워	shop	126.35745	33.46548
엘랑플라워	shop	126.54940	33.47464
엘레강스	shop	126.49111	33.48857
엘로망	stay	126.39090	33.48516
엘로사리움제주	shop	126.52361	33.51192
엘로인	stay	126.32845	33.45620
엘르이너웨어	shop	126.52463	33.51316
엘르제주	shop	126.52536	33.51396
엘리	shop	126.52345	33.51318
엘리네집	stay	126.42494	33.45085
엘리샵	shop	126.67678	33.49394
엘리스아동복	shop	126.52463	33.51316
엘리스의손짓	shop	126.54314	33.49981
엘리스테이	stay	126.46822	33.48171
엘리와젬마의치킨스토리	food	126.52642	33.50145
엘리제	shop	126.54158	33.49080
엘리트	bar	126.54006	33.50866
엘리트학생복신제주점	shop	126.47750	33.48515
엘리펀트힙	food	126.52288	33.51746
엘리하우스	stay	126.78404	33.46932
엘린	stay	126.49543	33.48932
엘린호텔	stay	126.49545	33.48935
엘바바	food	126.49626	33.49261
엘사르토	shop	126.53437	33.48802
엘씨앤엘	food	126.52199	33.46367
엘아이피	bar	126.52939	33.49990
엘앤엘컴퍼니	stay	126.48265	33.48585
엘에스디자인그룹한샘리하우스신제주	shop	126.47820	33.48112
엘에스제이라인광	shop	126.52857	33.50093
엘에이치생활마트	shop	126.53050	33.49738
엘엔엘웍스	food	126.52848	33.51827
엘엠씨	food	126.26025	33.41329
엘오유엔쥐이	food	126.52460	33.51639
엘지유플러스노형동	shop	126.47658	33.48904
엘지유플러스노형동노형로타리점	shop	126.47830	33.48582
엘지유플러스아라동아라초등학교점	shop	126.54510	33.47586
엘지유플러스일도이동인제	shop	126.53920	33.50676
엘지유플러스화북일동삼화점	shop	126.57516	33.51444
엘지전자베스트프라자구좌점	shop	126.85452	33.52338
엘지전자한림	shop	126.31151	33.37847
엘칸토	shop	126.52655	33.51463
엘케이	shop	126.42692	33.49022
엘케이가구	shop	126.59877	33.48771
엘케이벤쳐스제주공항국제선점	shop	126.49596	33.50594
엘케이시스템	shop	126.66605	33.53889
엘케이웨이	shop	126.57244	33.45455
엘코테	food	126.54441	33.49434
엘쿡	shop	126.56596	33.52137
엘클라시코	shop	126.52591	33.51449
엘톤	shop	126.41362	33.48428
엘티이통신	shop	126.32191	33.46043
엘티이통신	shop	126.32178	33.45986
엘파마한라사이클	shop	126.50137	33.48138
엘피티제주	food	126.48512	33.48580
엠디엠메종드모어	shop	126.47122	33.48267
엠디자이너스	shop	126.40705	33.42998
엠마상점	shop	126.58151	33.51322
엠민박	stay	126.31688	33.46594
엠바이크샵	shop	126.59379	33.49468
엠박스노래주점	bar	126.49241	33.48913
엠박스제주	activity	126.49220	33.48700
엠박스제주스타디움	bar	126.49068	33.48968
엠버리조트	stay	126.48906	33.42362
엠브피당구장	activity	126.50206	33.48792
엠블라	bar	126.62199	33.53490
엠비씨노래연습장	activity	126.49104	33.48627
엠비티아이	food	126.57763	33.50924
엠비티아이골프클럽	activity	126.57763	33.50924
엠스테이	stay	126.86319	33.52531
엠아이시스템	shop	126.48458	33.47353
엠아이텔레콤	shop	126.52842	33.50114
엠아트컴퍼니	shop	126.64900	33.51616
엠앤에이	shop	126.48698	33.48764
엠에스농수산	shop	126.22989	33.33607
엠에스엠푸드	food	126.52486	33.49086
엠에스푸드	food	126.53094	33.49854
엠에이앤리테일	shop	126.67276	33.54370
엠에이치컴퍼니산노루	cafe	126.21331	33.33004
엠에이티	food	126.47767	33.48338
엠에프에스골프연골프	shop	126.55994	33.50973
엠엔에스제주점	shop	126.48970	33.48897
엠엔엠	stay	126.20973	33.31949
엠엘비신제주점	shop	126.48972	33.48799
엠엠	shop	126.54439	33.48322
엠와이제주	shop	126.49058	33.49012
엠와이큐서비스	shop	126.59409	33.52954
엠제이	stay	126.88010	33.52920
엠제이돼지	food	126.52986	33.49694
엠제이엘	bar	126.48731	33.48553
엠제이엠	food	126.48462	33.48270
엠제이엠앤씨	shop	126.33050	33.43643
엠제이웰니스	shop	126.58145	33.49751
엠제이푸드	shop	126.48184	33.48244
엠제이호텔	stay	126.48842	33.48905
엠제주계육	shop	126.55769	33.51588
엠지	food	126.49221	33.48556
엠지엠	bar	126.49105	33.48675
엠지엠룸	bar	126.49105	33.48675
엠지엠바	bar	126.53053	33.49762
엠지컴퍼니	food	126.65506	33.54898
엠지편의점	shop	126.39390	33.41345
엠짐	activity	126.49599	33.48350
엠짐	activity	126.51261	33.48729
엠츄로	cafe	126.49083	33.48657
엠츄로월정점	food	126.79495	33.55601
엠커피로스터스	cafe	126.56078	33.46089
엠케이글로벌	shop	126.49672	33.48431
엠케이당구클럽	shop	126.48881	33.48610
엠케이스크린골프	activity	126.52316	33.49999
엠케이엠	food	126.47755	33.49030
엠케이엠애프엔비	food	126.47755	33.49030
엠케이엠푸드	food	126.47686	33.49191
엠클럽	bar	126.49024	33.48734
엠텔레콤	shop	126.53924	33.50614
엠텔레콤한림점	shop	126.26542	33.41144
엠투	bar	126.49197	33.49028
엠파이어나이트	bar	126.49050	33.48675
엠파이어룸	bar	126.49050	33.48675
엠파이어협재	stay	126.24202	33.39296
엠호텔	stay	126.36524	33.45435
엣무메	food	126.53630	33.48901
엣빌레민박	stay	126.33417	33.43842
엣제주민박	stay	126.40111	33.41870
여	bar	126.48724	33.48374
여관도도민박	stay	126.38008	33.44003
여기家우도	stay	126.94612	33.51267
여기고씨네제주	food	126.66573	33.54247
여기김녕	stay	126.75164	33.55562
여기닭	food	126.51311	33.50494
여기머물다	stay	126.89302	33.50980
여기야	bar	126.47826	33.49013
여기오란다	shop	126.47489	33.49724
여기오리닭	food	126.56627	33.52273
여기요	food	126.40395	33.48109
여누스테이	shop	126.67367	33.43221
여누카페	cafe	126.67367	33.43221
여래	stay	126.86074	33.52357
여러분	cafe	126.26489	33.41730
여로소주방	bar	126.29418	33.96143
여루다	food	126.50315	33.51175
여름문구사	shop	126.85887	33.52142
여름이네	stay	126.48938	33.49490
여름이네	stay	126.84321	33.53139
여름이네민박	stay	126.18562	33.35551
여리네	food	126.40704	33.44180
여리재	stay	126.32344	33.44104
여몽	stay	126.66085	33.54020
여배우	bar	126.53301	33.49507
여백	bar	126.56530	33.52311
여백	stay	126.66353	33.53856
여백재	stay	126.56168	33.44637
여부초밥신제주점	food	126.47925	33.48341
여부초밥제주	food	126.53312	33.49707
여부초밥제주외도점	food	126.43247	33.48667
여섯줄인생	bar	126.51205	33.48346
여수룬	bar	126.49169	33.48853
여시	shop	126.52420	33.51292
여신	bar	126.52768	33.50128
여신헤라	bar	126.52381	33.49953
여여공예불교사	shop	126.51978	33.51204
여여락토속음식점	food	126.52434	33.51478
여온애월스테이	stay	126.37129	33.47681
여왕벌	bar	126.49117	33.48967
여왕아로마	shop	126.52867	33.50157
여왕찹쌀꽈배기	food	126.41209	33.48308
여우꼬리	shop	126.52463	33.51316
여우꼬리	shop	126.54219	33.50287
여우다방	cafe	126.85522	33.52333
여우밤	bar	126.51495	33.50721
여우별	cafe	126.52008	33.50105
여우수다	shop	126.52841	33.50307
여운	food	126.55764	33.44867
여운아로마	shop	126.48677	33.48379
여울목게스트하우스	stay	126.79394	33.55869
여울민박	stay	126.41917	33.48874
여유	bar	126.49152	33.48603
여유	bar	126.48505	33.48697
여유로이	stay	126.83774	33.53722
여유로이	cafe	126.54267	33.50846
여유의집	stay	126.39327	33.45203
여유한가	stay	126.67859	33.48147
여의	food	126.43140	33.48830
여인궁	bar	126.51981	33.51362
여인천하	bar	126.51989	33.51391
여인천하	bar	126.49179	33.48672
여자만이네	food	126.52181	33.51734
여저니	shop	126.65433	33.49808
여전히제주	stay	126.84321	33.52640
여정	food	126.54522	33.49455
여정여관	stay	126.29787	33.96269
여정의여정	shop	126.80780	33.55311
여준	shop	126.49062	33.47955
여진오메기떡	food	126.52657	33.51242
여진이네	food	126.51777	33.50457
여진이네	food	126.51799	33.50432
여행과치유	stay	126.34201	33.46332
여행의쉼표	shop	126.47197	33.49714
여행자게스트하우스	stay	126.52039	33.51475
역전할머니맥주	bar	126.54244	33.50434
역전할머니맥주	bar	126.48630	33.48231
역전할머니맥주아라점	bar	126.54530	33.47201
역전할머니맥주연동점	bar	126.49165	33.48563
역전할머니맥주외도점	bar	126.43138	33.48729
역전할머니맥주제주	bar	126.66564	33.54164
역전할머니맥주제주	bar	126.52890	33.50012
역전할머니삼화점	bar	126.57995	33.51712
연가	bar	126.49081	33.48514
연가갈비	food	126.52914	33.49174
연갈치	food	126.40133	33.48247
연경가든	food	126.52034	33.50991
연꽃	bar	126.53165	33.51234
연대야끼	food	126.42788	33.49243
연대토종닭	food	126.42662	33.49293
연대포구	nature	126.42671	33.49503
연도예	shop	126.51114	33.51324
연돈가	food	126.40897	33.42259
연돈볼카츠제주사수점	food	126.47918	33.50957
연동	activity	126.48912	33.48972
연동가자스크린골프	activity	126.49478	33.49070
연동계수나무집	food	126.49340	33.48622
연동골목집흑돼지	food	126.48957	33.48856
연동공육사	food	126.49414	33.48890
연동국수	food	126.49049	33.48799
연동기사식당	food	126.48956	33.47606
연동길	food	126.49339	33.48809
연동김밥	food	126.48856	33.49160
연동냉삼겹살	food	126.48799	33.49045
연동노래연습장	activity	126.49029	33.48680
연동누룽지	food	126.49064	33.48087
연동대게회타운	food	126.49685	33.48603
연동대복관	food	126.49618	33.48612
연동댁	food	126.49049	33.48799
연동돈우가	food	126.48686	33.49223
연동돼지	food	126.48928	33.48921
연동마라도도남	food	126.52682	33.49064
연동면가	food	126.49170	33.48712
연동바다장어	food	126.49349	33.49053
연동박가네	food	126.49483	33.49230
연동밥상	food	126.49565	33.48829
연동본가연동점	food	126.48798	33.49021
연동뷔페	food	126.49169	33.48362
연동빵집	food	126.49458	33.48623
연동뼈해장국	food	126.49552	33.48453
연동송림	food	126.49298	33.48802
연동신도시식당	food	126.49218	33.47885
연동아로마	shop	126.49340	33.48622
연동약국	shop	126.48540	33.48164
연동에이스	bar	126.48673	33.48737
연동제이	cafe	126.48983	33.48832
연동집	food	126.49049	33.48799
연동차숙이양대창	food	126.48900	33.47816
연동탁구장	activity	126.49180	33.48769
연동탐라	shop	126.48918	33.48661
연동탑부평	food	126.49471	33.48485
연동포차	food	126.49678	33.48635
연동피지에이구내매점	shop	126.49325	33.47856
연동한라국시	food	126.49209	33.48459
연동한우소머리국밥	food	126.48768	33.47651
연두	shop	126.47737	33.46640
연두랑고갈비	food	126.52939	33.49127
연리지가든	food	126.20278	33.34465
연막창제주연동점	food	126.49124	33.48676
연문길	food	126.49896	33.49096
연미관제주	food	126.49896	33.49096
연미동산	stay	126.37017	33.47443
연미정	food	126.85386	33.52467
연북로명태명가	food	126.53546	33.48408
연북정	heritage	126.63597	33.54023
연북정식당	food	126.63833	33.53731
연북정연가	stay	126.63610	33.54129
연삼동	food	126.53533	33.49560
연삼로오라복권방	activity	126.51210	33.49256
연세외도정형외과	shop	126.43142	33.48942
연세우유제주가정	shop	126.53914	33.49168
연세익약국	shop	126.52736	33.50357
연수	food	126.52436	33.50447
연숙식당	food	126.52863	33.50240
연안식당	food	126.49662	33.48199
연예인	bar	126.49222	33.48964
연예인반점	food	126.49569	33.49042
연오로고깃집	food	126.50146	33.48784
연옥	food	126.47021	33.50746
연우	shop	126.16765	33.29456
연우네	food	126.48762	33.46675
연월	food	126.34691	33.45704
연월한옥	stay	126.26982	33.31703
연의료기기	shop	126.48656	33.48982
연이네	food	126.95698	33.52201
연이네다락방	shop	126.71233	33.55259
연이네집민박	stay	126.42577	33.45006
연인	bar	126.53137	33.50078
연인노래연습장	activity	126.54092	33.50704
연인카페	bar	126.85630	33.52269
연자식당	food	126.53715	33.51359
연재쌤아트갤러리	shop	126.48401	33.48758
연정	food	126.48677	33.48379
연정식당	food	126.48678	33.48382
연주노래연습장	activity	126.52804	33.49540
연주다방	cafe	126.51421	33.50147
연지	stay	126.74962	33.55488
연지네	food	126.52498	33.49594
연지농수산마트	shop	126.48653	33.50268
연참치	food	126.52041	33.50113
연출큐	shop	126.52021	33.50380
연탄과친한돼지	food	126.48503	33.48319
연탄석쇠구이	food	126.46467	33.50508
연태만	food	126.52532	33.50812
연포낙지	food	126.49219	33.48618
연하일휘	stay	126.18311	33.34715
연한돈	food	126.49735	33.48550
연해루	food	126.53030	33.49765
연향주옥	bar	126.53778	33.49305
연호제카페	cafe	126.53067	33.51623
연화도	shop	126.49111	33.48857
연화못가는길해심재	food	126.34826	33.45529
연화몽	food	126.25899	33.40848
연화반점	food	126.34458	33.45289
연화밥상	food	126.49607	33.48447
연화양꼬치	food	126.49037	33.48353
연화차	cafe	126.71478	33.48757
연화촌펜션	stay	126.34853	33.45558
연화키친	food	126.34398	33.44895
연화하가	stay	126.34303	33.45240
연희네냉장고	food	126.56542	33.52258
열날개	food	126.59139	33.50674
열두달	cafe	126.17032	33.32238
열려라참깨	bar	126.54376	33.50210
열린노래연습장	activity	126.49001	33.47992
열린마트	shop	126.49194	33.49102
열린슈퍼	shop	126.53288	33.51168
열린약국	shop	126.47876	33.49092
열매	food	126.23384	33.29205
열불란닭발	food	126.54405	33.50291
열안지	shop	126.50808	33.48776
열안지하우스	stay	126.51235	33.43900
열열이얼큰이	food	126.51961	33.49933
열열이얼큰이외도점	bar	126.43138	33.48662
열음이네	shop	126.51909	33.50251
열이네	food	126.47489	33.49724
열정국밥	food	126.48586	33.49205
열정국밥이도	food	126.53263	33.49829
열정의산보	food	126.53572	33.48683
열풍꼬치	bar	126.47324	33.48448
열흘제주한림점	food	126.26107	33.40679
염소의오후	shop	126.88347	33.50093
염전의봄애월점	cafe	126.31066	33.46241
엽전주막	food	126.53285	33.50992
영갈분식	food	126.49149	33.48623
영건푸드	food	126.52452	33.49885
영광민박	stay	126.63756	33.54050
영광의료기상사	shop	126.53446	33.49559
영구스피자제주점	food	126.49116	33.47831
영국찻집	cafe	126.31412	33.41726
영국찻집제주	shop	126.31412	33.41723
영그린단란주점	bar	126.52754	33.50389
영금사	shop	126.52689	33.51442
영남수산	shop	126.53000	33.51699
영남정육점	shop	126.51430	33.50719
영남축산삼도점	shop	126.52016	33.49867
영덕대게마을	food	126.48887	33.48370
영동	stay	126.53195	33.50257
영동수산	shop	126.52721	33.51165
영락마을회관국수연동	food	126.49245	33.48674
영란	bar	126.52695	33.50331
영란다방	cafe	126.52771	33.50236
영랜드	shop	126.51737	33.51172
영랩	shop	126.53646	33.51646
영림농수산	shop	126.49104	33.49965
영림농수산	shop	126.47883	33.48923
영림종합화장품	shop	126.51727	33.51168
영림흑돼지가든	food	126.26608	33.41779
영마트	shop	126.51343	33.50528
영미	food	126.51790	33.51135
영미	food	126.53092	33.51246
영미사	shop	126.52508	33.51332
영미씨	food	126.53835	33.49815
영복	food	126.39499	33.42367
영복갈비도남점	food	126.52831	33.49628
영복애월지점	food	126.35445	33.47064
영뷰티샵	shop	126.52133	33.50005
영빈모텔	stay	126.52726	33.51391
영산강	bar	126.51261	33.50986
영산강가마솥	food	126.54378	33.48430
영삼이네우정소갈비제주연동점	food	126.48712	33.48374
영상세계노래연습장	activity	126.56583	33.51999
영상월드	activity	126.51859	33.50024
영상주점	bar	126.26434	33.41650
영선씨	food	126.74856	33.55409
영성마트	shop	126.51644	33.50434
영성반점	food	126.48119	33.48100
영성상회	shop	126.43880	33.49524
영성상회	shop	126.42972	33.48783
영성세탁	shop	126.51644	33.50434
영성식당제주점	food	126.52393	33.48888
영수네귀덕	stay	126.28124	33.43763
영숙이네옷집	shop	126.51478	33.50630
영스	stay	126.49349	33.48938
영식이네짜장	food	126.62258	33.53068
영신	shop	126.50052	33.49921
영신떡방앗간	food	126.29541	33.96297
영신온누리약국	shop	126.51839	33.51174
영신이불	shop	126.52831	33.51280
영심이네국수	food	126.52657	33.49172
영심이네집밥	food	126.54864	33.47460
영아네맛집	food	126.85628	33.52313
영암	food	126.51315	33.51002
영영	bar	126.51203	33.50957
영영	bar	126.53111	33.51295
영웅당구장	activity	126.54163	33.50515
영웅축산유통	shop	126.53858	33.49723
영원불교상회	shop	126.53100	33.51200
영원히사랑회	food	126.41345	33.48214
영월	food	126.51894	33.49177
영월갈비	food	126.74820	33.55435
영이네	food	126.53707	33.51412
영이네포차	food	126.48458	33.48418
영인	shop	126.44223	33.49660
영인기프트	shop	126.54221	33.51184
영인산업	shop	126.48456	33.48291
영일만	food	126.26283	33.41369
영자네고깃집	food	126.26568	33.40753
영자상회	shop	126.85730	33.52619
영자직물	shop	126.52472	33.51143
영자포차	bar	126.54195	33.50606
영재국밥	food	126.62404	33.51798
영재아트북	shop	126.52805	33.49402
영재약국	shop	126.66442	33.54211
영제약국	shop	126.47780	33.48444
영종합상사	shop	126.47831	33.48892
영주말가든	food	126.50201	33.48120
영주선식	shop	126.51364	33.50980
영주여관	stay	126.26378	33.41704
영주원	food	126.51229	33.51453
영주조명	shop	126.53246	33.49426
영중화요리	food	126.51829	33.50018
영지네콤부차	food	126.50501	33.51167
영진보말칼국수제주협재점	food	126.26136	33.41473
영진상회	shop	126.52966	33.51479
영진여인숙	stay	126.52966	33.51479
영찬한우	food	126.53283	33.49969
영천	shop	126.53429	33.49350
영천횟집	food	126.52848	33.51827
영춘식당	food	126.51934	33.50091
영타운	shop	126.52463	33.51316
영평가시나물마을회	food	126.57890	33.44050
영평로또명당	activity	126.56183	33.48085
영해식당제주점	food	126.53930	33.49671
영헬스	activity	126.53293	33.49592
영호상사	shop	126.51952	33.51290
영혼의친구	stay	126.51960	33.47673
영화루	food	126.49583	33.48416
영화자원	shop	126.77365	33.50098
영흥리당구장	activity	126.29655	33.95953
영흥민박	stay	126.29569	33.95923
영흥보석	shop	126.51047	33.50931
영희네	shop	126.52463	33.51316
영희네국밥	food	126.53806	33.50384
영희네우럭명가	food	126.85475	33.52586
영희농수산	shop	126.52669	33.51245
영희유통	shop	126.53868	33.48101
옆	shop	126.52964	33.51531
옆구리밥상	food	126.29705	33.96369
옆구리터진올레김밥	food	126.51661	33.49927
옆구리화북점	food	126.57254	33.51927
옆집	bar	126.49256	33.48700
옆탁과이금당	food	126.49687	33.48377
예가	stay	126.50544	33.50164
예가상차림	food	126.44502	33.48220
예강농장	shop	126.47360	33.49012
예건빌리지	stay	126.34414	33.45101
예경유통	shop	126.51754	33.50849
예그리나	cafe	126.51318	33.51556
예나	bar	126.52042	33.50189
예나바디테라피	shop	126.49255	33.48794
예단란주점	bar	126.49167	33.48110
예닮국수	food	126.43140	33.48767
예담분식	food	126.53860	33.50673
예담소주방	bar	126.51787	33.49970
예람사랑나눔쌀화환	shop	126.57771	33.48463
예랑서적	shop	126.53570	33.49581
예랑커피하우스	cafe	126.64538	33.54058
예림	food	126.49123	33.48771
예림갤러리	shop	126.49111	33.48857
예민떡집	food	126.48009	33.49113
예뻐너	shop	126.52516	33.51236
예쁘게즐겁게	food	126.79226	33.55268
예쁘다애월	cafe	126.37550	33.47458
예쁘제뷰티	shop	126.60135	33.48543
예쁜걸	shop	126.52463	33.51316
예쁜마켓벨라띠아	shop	126.51814	33.50457
예쁜술자리	bar	126.49383	33.49100
예쁜오늘	shop	126.26465	33.41274
예쁨담다	shop	126.51814	33.50457
예쁨한아름	shop	126.49054	33.48116
예사랑공방	shop	126.46201	33.49310
예사랑약국	shop	126.47771	33.48280
예산가마솥장수촌설렁탕	food	126.54508	33.49936
예산가마솥장수촌설렁탕	food	126.53574	33.48537
예산가마솥장수촌설렁탕서사라점	food	126.52006	33.50072
예산가마솥장수촌설렁탕신제주점	food	126.49197	33.48457
예성수산	shop	126.72409	33.55680
예소담	food	126.66771	33.54114
예소담도두점	food	126.46627	33.50556
예솔	shop	126.52013	33.50499
예솔몰	shop	126.48738	33.48736
예솔원	food	126.52132	33.48556
예술더제주	food	126.52962	33.49896
예스	stay	126.20138	33.36588
예스맘치킨피자	food	126.56093	33.52191
예스민박	stay	126.26245	33.33884
예스예스커피	cafe	126.53769	33.48711
예스정보통신	shop	126.47308	33.49225
예스제주하점	shop	126.52463	33.51316
예스준게스트하우스민박	stay	126.47075	33.50848
예스테이	stay	126.38689	33.44711
예스편의점	shop	126.47146	33.49543
예약국	shop	126.50495	33.50061
예에쓰	food	126.68760	33.48111
예예	shop	126.47738	33.48372
예예예	food	126.53721	33.50451
예예제주점	shop	126.54937	33.47407
예예하우스	stay	126.36434	33.41068
예온상회	shop	126.64805	33.53773
예원	stay	126.39712	33.46770
예원	food	126.83062	33.51351
예원	food	126.43238	33.48709
예은온누리약국	shop	126.47785	33.48400
예음그래필	shop	126.52183	33.51714
예인민박	stay	126.27389	33.40572
예일갈비	food	126.49843	33.49092
예준	stay	126.26446	33.41323
예지장돌침대	shop	126.44235	33.49292
예진가족농장	stay	126.28496	33.38195
예진돈솥밥	food	126.51320	33.50312
예채하	stay	126.76460	33.47309
예체능인형다뽑의리	activity	126.52961	33.49861
예평제주점	cafe	126.26626	33.33878
예플리	shop	126.54924	33.47590
예하게스트하우스	stay	126.51744	33.49941
예향	cafe	126.34179	33.46904
예향정신제주점	food	126.48965	33.47729
예향정제주점	food	126.54469	33.49109
예향화랑	shop	126.52549	33.50616
옐로베베제주점	shop	126.54460	33.47427
옐로우돕	food	126.54029	33.50523
옐로우사이공	cafe	126.40780	33.45689
옛고을	food	126.54645	33.50247
옛골	bar	126.52934	33.49959
옛길목	food	126.47489	33.49724
옛날국수갤러리	food	126.17802	33.30734
옛날국수집	food	126.40315	33.48034
옛날그대로지금그대로한림점	food	126.26135	33.41489
옛날그집인화점	bar	126.53848	33.51119
옛날깡통	food	126.49057	33.48838
옛날아우내순	food	126.48473	33.49068
옛날아우내순대아라점	food	126.54953	33.47607
옛날아우내순대외도점	food	126.43258	33.49239
옛날옛적에	food	126.52741	33.50208
옛날장터	food	126.53098	33.50034
옛날카페	cafe	126.66777	33.54094
옛날통닭닭치고족치고	food	126.67532	33.53533
옛날통닭물통	food	126.53603	33.49968
옛날통닭여상점	food	126.53679	33.51376
옛날통닭외도점	food	126.43070	33.48736
옛날통닭하귀점	food	126.40177	33.48035
옛날홍가네칼국수	food	126.52507	33.50473
옛못잊어	food	126.52972	33.49777
옛집	food	126.48745	33.48552
옛추억단란주점	bar	126.49178	33.48541
옛통치킨	food	126.47734	33.49296
옛항구숙박	stay	126.29842	33.96250
오	cafe	126.53948	33.51475
오가네	food	126.55816	33.44930
오가네전복설렁탕함덕	food	126.66573	33.54247
오가네향토음식점	food	126.26097	33.32403
오가닉제주공방	cafe	126.82317	33.53481
오가다제주	food	126.49596	33.50594
오가멍	stay	126.58909	33.52799
오각	stay	126.43747	33.45519
오각돌	bar	126.85584	33.52351
오거리당구장	activity	126.52724	33.49530
오거리마트	shop	126.52709	33.49522
오거리신발	shop	126.52808	33.50242
오거리포차	bar	126.52679	33.49552
오고생이	stay	126.83595	33.53730
오고생이전나와라뚝딱	food	126.66019	33.54587
오고정식당	food	126.52917	33.51120
오곡상회	shop	126.51882	33.51136
오공김밥	food	126.53533	33.49560
오군뮤직타운	bar	126.66597	33.54204
오꺼리	shop	126.52734	33.50059
오나가나	food	126.35677	33.47587
오나인	stay	126.19044	33.31286
오나일리끄	food	126.69535	33.55001
오남뷔페	food	126.51332	33.47124
오남슈퍼	shop	126.51332	33.47124
오냐오냐	shop	126.54901	33.47518
오너먼트커피	cafe	126.54394	33.49143
오넛	food	126.52744	33.50111
오네로	stay	126.42157	33.44581
오누	shop	126.42582	33.48858
오누박스제주애월게스트하우스파티	stay	126.30638	33.44462
오누이밥상	food	126.29459	33.96121
오누이찐빵	food	126.51713	33.49777
오뉴써니	bar	126.52063	33.50092
오느른서늘	stay	126.70426	33.45854
오는곳세화	food	126.85560	33.52756
오늘곁	shop	126.83813	33.53579
오늘김밥	food	126.49675	33.48548
오늘나는애월	stay	126.39458	33.48397
오늘너의하루	shop	126.50524	33.51185
오늘닭발해제주연동점	food	126.49436	33.49161
오늘도달려	bar	126.51137	33.51230
오늘도미싱	shop	126.49111	33.48857
오늘도봄	stay	126.77898	33.51282
오늘도빵과커피	cafe	126.49667	33.48332
오늘도술술	bar	126.26473	33.41362
오늘도술집주다방	bar	126.52870	33.49972
오늘도제주	stay	126.23337	33.29586
오늘도치킨과맥주가좋다	bar	126.26232	33.41552
오늘도한잔	bar	126.53262	33.50961
오늘도한잔해	bar	126.53974	33.50803
오늘도화창	cafe	126.79497	33.55515
오늘막창소리	bar	126.48523	33.48407
오늘밤	bar	126.52013	33.50394
오늘밥먹자	bar	126.53284	33.50040
오늘보쌈	bar	126.36543	33.47172
오늘쉐프연동점	shop	126.49902	33.48541
오늘쉐프제주아라점	food	126.54496	33.48648
오늘식당	bar	126.83835	33.52952
오늘여기	bar	126.49220	33.48700
오늘와산에	shop	126.68049	33.49223
오늘와인한잔제주	bar	126.48294	33.48386
오늘은감자탕	bar	126.51911	33.50268
오늘은국수	bar	126.54366	33.49262
오늘은막창먹자	food	126.53228	33.49844
오늘은불고기	food	126.54509	33.49971
오늘은와플데이	bar	126.83849	33.52943
오늘은좋은날	food	126.42753	33.48968
오늘은흑염소	bar	126.53949	33.50884
오늘의감정오감	cafe	126.86122	33.52197
오늘의마카롱	food	126.47475	33.47997
오늘의밥상	bar	126.53509	33.50645
오늘이	bar	126.64078	33.53818
오늘이호	bar	126.45536	33.50107
오늘제주	food	126.51290	33.46728
오늘제주신라면세점제주점	food	126.48758	33.48628
오늘종달	cafe	126.91163	33.49824
오늘처럼	bar	126.26405	33.41612
오늘하도	stay	126.88793	33.51783
오늘하루	food	126.89976	33.49308
오늘하루도제주	stay	126.22645	33.38819
오늘한잔	bar	126.53962	33.51514
오늘한잔해	bar	126.48029	33.49091
오늘해장국	bar	126.56855	33.51950
오늘회가서쪽에서뜨겠네	bar	126.51334	33.50395
오니	food	126.52824	33.51209
오니기리와이규동제대점	food	126.56165	33.46036
오닉스	bar	126.47783	33.48769
오닐	shop	126.52636	33.51477
오다윤카페	cafe	126.50202	33.49011
오달콤제주	shop	126.66626	33.54159
오달콤제주협재점	shop	126.24074	33.39380
오담애월	stay	126.38311	33.44796
오당	stay	126.54102	33.51390
오당빌레촌	food	126.35331	33.45283
오도가든	food	126.45770	33.49011
오도도베이크하우스	food	126.53499	33.47259
오도렘아일랜드	shop	126.48448	33.45790
오도롱국수	food	126.45980	33.49316
오도르	shop	126.26700	33.41930
오도르	food	126.26402	33.41709
오도유통	shop	126.75160	33.55520
오독안심분양센터강아지분양고양이분양제주도점	shop	126.79644	33.55495
오동다방	cafe	126.52906	33.50016
오동도식당	food	126.52651	33.51614
오동여	food	126.29711	33.96366
오두두	shop	126.52769	33.44690
오드	bar	126.24589	33.39825
오드랑베이커리	cafe	126.67160	33.54216
오드랑베이커리앤카페	food	126.62063	33.52493
오드리	shop	126.54386	33.50216
오드리분식낚시방	food	126.29738	33.96359
오드리틀띵	shop	126.83905	33.53557
오드사이즈페이퍼	stay	126.19009	33.35102
오드씽	cafe	126.52690	33.46205
오등감귤체험관광농원	stay	126.52949	33.47426
오등동큰손국수	food	126.53009	33.46337
오등체험민박	stay	126.52966	33.47411
오또도넛	food	126.66782	33.54150
오뚜기숯불갈비	food	126.51390	33.50974
오뜨미르	cafe	126.53262	33.48726
오뜨아이제주점	shop	126.53550	33.48602
오띠모	cafe	126.32722	33.46425
오라	food	126.49738	33.47972
오라	bar	126.49179	33.48672
오라관광호텔	stay	126.50483	33.48195
오라국수	food	126.51847	33.49666
오라꽃오름	shop	126.48182	33.48701
오라단비네커피	cafe	126.51482	33.49435
오라당구장	activity	126.51670	33.49889
오라돈돈	food	126.51210	33.48952
오라떡집	food	126.50742	33.47247
오라마트	shop	126.51188	33.48831
오라마트정육코너	shop	126.51188	33.48831
오라맛짱김밥	food	126.51655	33.49277
오라반점	food	126.51210	33.48952
오라방라운지	food	126.48821	33.47065
오라방솥뚜껑	food	126.52684	33.49589
오라배드민턴	activity	126.50848	33.49740
오라버니회센타	food	126.49308	33.48672
오라성	stay	126.51305	33.49869
오라숲소리	food	126.51177	33.49552
오라스테이	stay	126.51994	33.51429
오라쌀상회	shop	126.57881	33.46905
오라아구찜	food	126.52316	33.50048
오라오란다	food	126.43403	33.49251
오라옵데강농수산	shop	126.58337	33.52037
오라장어	food	126.52010	33.49390
오라주단	shop	126.52824	33.51209
오라짬뽕	food	126.51880	33.49018
오라찐빵	food	126.54389	33.48162
오라통통순대국밥	food	126.51691	33.49792
오란다	bar	126.48003	33.48802
오랑우탄면사무소관덕점	food	126.52188	33.51213
오랑주리스테이	stay	126.19899	33.33781
오랑주리혜원	cafe	126.19895	33.33797
오래오랩	shop	126.56429	33.45723
오래오랩	shop	126.57250	33.45378
오래옥	food	126.49284	33.48703
오래해장국	food	126.46663	33.50420
오랜	cafe	126.54858	33.49648
오렌다핏	activity	126.67023	33.53949
오렌즈제주	shop	126.53088	33.49852
오렌지	stay	126.72563	33.54921
오렌지	bar	126.51859	33.50024
오렌지골프존아카데미	activity	126.50937	33.48200
오렌지꼬치구이삼도점	bar	126.52459	33.50700
오렌지랫지	shop	126.30994	33.46317
오렌지레슨스튜디오	activity	126.50937	33.48200
오렌지버드	food	126.47813	33.48971
오렌지슈가	stay	126.36675	33.44940
오렌지슈가민박	stay	126.36675	33.44940
오렌지여관	stay	126.52771	33.50083
오렌지카운티	shop	126.65683	33.54389
오렌지하우스	stay	126.46405	33.47210
오렌찌	food	126.53273	33.50049
오로라	shop	126.52463	33.51316
오로라	shop	126.44230	33.48941
오로라	stay	126.37431	33.44966
오로라그늘집	shop	126.24856	33.35941
오로라약국	shop	126.43073	33.48798
오로섬	food	126.49334	33.51893
오로지애월	stay	126.40222	33.44431
오롬마르	bar	126.39549	33.44984
오롯	food	126.54435	33.49099
오롯또똣	stay	126.35231	33.45737
오롯재	stay	126.47763	33.44013
오롯커피	cafe	126.51849	33.49077
오롯하우스	stay	126.23092	33.38901
오롯한집	stay	126.75402	33.49539
오륙도식당	food	126.52687	33.51404
오르	cafe	126.54296	33.51135
오르다게스트하우스	stay	126.52790	33.50206
오르막가든	food	126.47267	33.49622
오르막길호프앤소주	bar	126.53500	33.49113
오르머	shop	126.77187	33.45678
오르방	shop	126.48853	33.48709
오르세	food	126.54091	33.50675
오른제주점	shop	126.47281	33.49084
오름가든	food	126.67667	33.43696
오름나그네	food	126.71206	33.45907
오름달	stay	126.30526	33.42757
오름돈까스	food	126.71058	33.46678
오름로또명당	activity	126.71089	33.45720
오름모텔	stay	126.52371	33.50025
오름민박	stay	126.84659	33.50994
오름산전	shop	126.50962	33.49147
오름식당	food	126.67669	33.43699
오름아래약국	shop	126.48866	33.48959
오름약국	shop	126.48057	33.48283
오름에이티브이	activity	126.67416	33.43733
오름재단	shop	126.50676	33.49211
오름조랑	shop	126.48969	33.45255
오름청과	shop	126.47644	33.50682
오름펜션	stay	126.25612	33.33127
오름한줄	food	126.57990	33.51642
오름해산물	food	126.49057	33.48015
오름화덕피자	food	126.25612	33.33127
오름휘트니스	activity	126.54587	33.48920
오리궁댕이	shop	126.47516	33.48481
오리나무	food	126.52720	33.47323
오리락	food	126.41550	33.48590
오리삼춘	food	126.67277	33.54332
오리엔탈골프아카데미	activity	126.51980	33.51758
오리엔탈크레페앤드	shop	126.48963	33.48117
오리정	food	126.47735	33.48660
오리좋아	food	126.52694	33.49765
오리지날로맨스	cafe	126.25045	33.40084
오리지날제주	shop	126.52594	33.51475
오리찬가닭도있닭	food	126.54091	33.50675
오리한마당	food	126.51319	33.50321
오리한마당	food	126.59781	33.48782
오림영양탕	food	126.47489	33.49724
오마뎅제주연동점	food	126.48743	33.47815
오마오	food	126.52943	33.49850
오마이제주	shop	126.63735	33.44900
오마이파운드	food	126.49153	33.48656
오마카세미미	food	126.39429	33.48414
오마카세요리쇼고	food	126.54978	33.47263
오마틸라	stay	126.38409	33.46728
오만과자점	food	126.58772	33.52540
오만정성	food	126.25034	33.38911
오멍	stay	126.26352	33.37347
오멍가멍들립서	bar	126.51556	33.50941
오멍가멍술한잔	bar	126.51772	33.50430
오멍가멍흑돼지	food	126.45891	33.48951
오멍가멍흑돼지제주공항	food	126.47469	33.50925
오메기식당한림오일장점	food	126.27450	33.41983
오멘	cafe	126.54357	33.47544
오모챠야	shop	126.52844	33.50032
오모테나시	food	126.52894	33.49640
오목	stay	126.68970	33.51030
오몰오몰오메기떡	food	126.51477	33.51015
오몽	activity	126.53289	33.51322
오몽오몽키친	food	126.19261	33.30171
오몽오몽하우스	stay	126.19261	33.30171
오무르	food	126.48824	33.48973
오물락	food	126.49784	33.48370
오미자	shop	126.52676	33.50325
오밀스토어	food	126.86193	33.52396
오박이식당	food	126.57281	33.51477
오방네깡통구이	food	126.51904	33.51146
오버랜드	stay	126.24221	33.39582
오버브릿지	stay	126.43118	33.49338
오베이크	food	126.51669	33.50314
오병장	food	126.57597	33.52182
오복당과자점	food	126.51495	33.50025
오복돈	food	126.53481	33.49704
오복한분식	food	126.26453	33.41411
오봉식당	food	126.53162	33.49208
오부장치킨노형뜨란체점	food	126.47383	33.48690
오붓맨션	stay	126.41205	33.48923
오뷔아이스크림	cafe	126.50994	33.50876
오브	food	126.54246	33.49176
오브제애월	stay	126.31939	33.46591
오브젝트선흘점	shop	126.69627	33.50754
오븐런	cafe	126.49500	33.49230
오븐마루치킨제주연동점	food	126.49016	33.48505
오븐마루치킨제주한림읍성점	food	126.27279	33.41695
오븐에빠진닭한라대점	food	126.47726	33.47630
오비두스민박	stay	126.35351	33.47317
오빠생각타코야끼	food	126.48126	33.49054
오빠야	bar	126.51355	33.50031
오빠포차	food	126.49118	33.48627
오사부숯불꼬치구이	food	126.57995	33.51712
오사카데스	food	126.52501	33.51566
오사카커피	cafe	126.52501	33.51566
오산봉	food	126.54189	33.50560
오삼춘통닭호프	food	126.34875	33.45629
오상범	stay	126.42165	33.48525
오색귤민박체험농장	stay	126.24943	33.31124
오선	food	126.70369	33.51425
오성헬스	activity	126.54245	33.50342
오세	food	126.51914	33.51189
오션	food	126.51413	33.51570
오션관광개발	stay	126.45049	33.49526
오션그랜드호텔제주	stay	126.66517	33.54256
오션그랜드호텔주	stay	126.66518	33.54255
오션블루민박	stay	126.21678	33.37920
오션비치펜션	stay	126.36447	33.47782
오션스위츠	food	126.52310	33.51827
오션스카이	stay	126.77863	33.51262
오션스카이빌리지민박	stay	126.77838	33.51386
오션스테이	stay	126.39476	33.48375
오션이십일주	activity	126.27825	33.43999
오션캠프애월	shop	126.31833	33.46641
오션컬러	cafe	126.65683	33.54780
오션크루	activity	126.56464	33.52545
오션클리트카트지	stay	126.35837	33.47880
오션파크콘도형민박	stay	126.46383	33.50525
오션팔레드	stay	126.46233	33.50241
오션포인트	stay	126.20863	33.36677
오션플라워	shop	126.51039	33.50206
오션호수산	shop	126.26014	33.41472
오소록민박	stay	126.35125	33.45633
오소록제주	cafe	126.52174	33.49824
오소록하우스	stay	126.43545	33.45150
오소록한벽돌집	stay	126.50983	33.46560
오소록행원스테이	stay	126.78957	33.53613
오소록헌디	stay	126.82505	33.53622
오소재제주점	food	126.53064	33.51285
오손돌민박	stay	126.35779	33.47462
오솔길	food	126.53817	33.51739
오순이네유통	shop	126.33932	33.39683
오슈	shop	126.52941	33.49931
오스모시스	cafe	126.83089	33.54080
오스시	food	126.48972	33.48799
오스파게코	shop	126.53777	33.49611
오슬그리다	shop	126.51859	33.50024
오슬로	stay	126.48802	33.51739
오시록	cafe	126.54848	33.47614
오시록헌	stay	126.23194	33.38781
오시리	food	126.56945	33.51883
오시면좋으리	stay	126.84235	33.53217
오식당	food	126.50783	33.50530
오씨갤러리	shop	126.52680	33.51428
오씨상회	shop	126.52824	33.51209
오씨엔제주	food	126.24378	33.37798
오씨주택민박	stay	126.44074	33.45288
오아	stay	126.66960	33.49744
오아르	shop	126.42447	33.48752
오아시스게러지	shop	126.51709	33.50426
오아시스노래연습장	activity	126.47630	33.48935
오아시스노래연습장	activity	126.52778	33.49571
오아시스노래연습장	activity	126.54262	33.50220
오아시스노래연습장연동점	activity	126.48848	33.49202
오아시스노래연습장외도	activity	126.43134	33.48584
오아시스민박	stay	126.76331	33.55934
오아시스인제주	cafe	126.54791	33.51380
오아시스타운	food	126.53609	33.49934
오아시스풋살파크	activity	126.59171	33.46818
오아시아	stay	126.78393	33.47043
오아커머스	shop	126.42740	33.44549
오야짬뽕	food	126.59152	33.49158
오양손칼국수	food	126.51818	33.49699
오에스디에스협재	food	126.24471	33.39471
오에스테	stay	126.19579	33.35455
오에스티신제주점	shop	126.48986	33.48910
오에이시디	stay	126.67842	33.49412
오엑스피시방제주일도	activity	126.54086	33.50563
오엔이	shop	126.48174	33.48424
오엘스튜디오	shop	126.48461	33.48869
오엘이에프	cafe	126.63341	33.49398
오엘하우스	stay	126.25030	33.39855
오여사네밥술집	food	126.53868	33.49712
오여사밥상	food	126.52376	33.51204
오예영	activity	126.44928	33.47963
오오디	food	126.21884	33.33171
오오오하우스	stay	126.24483	33.29739
오우너스원	cafe	126.65709	33.42569
오월수산장어집	food	126.49281	33.48863
오월의신부	shop	126.52463	33.51316
오월의작약	stay	126.71582	33.48818
오월의정원	stay	126.31698	33.38257
오월의향	cafe	126.54153	33.47048
오월재	stay	126.25180	33.40468
오월제주	shop	126.37658	33.48031
오유	shop	126.54088	33.48919
오유알	shop	126.48966	33.48669
오유오유	shop	126.46869	33.50425
오이사	food	126.79128	33.55663
오이소돼지해장국	food	126.54009	33.50903
오일낚시	shop	126.44609	33.49411
오일등식당	food	126.46533	33.50431
오일삼삼	food	126.52770	33.49398
오일상회	shop	126.50975	33.51113
오일장공예사	shop	126.47927	33.49385
오일장광주김치	shop	126.53027	33.48422
오일장담방약초	shop	126.47489	33.49724
오일장떡볶이	food	126.47489	33.49724
오일장미옥이네	food	126.48038	33.48974
오저여	nature	126.81428	33.56145
오제이상사주	food	126.48894	33.48352
오제이이	cafe	126.23298	33.29596
오제이이오늘도제주	stay	126.31129	33.41801
오제주	shop	126.55852	33.51427
오젠	bar	126.54221	33.50369
오젠	shop	126.52894	33.49640
오젠정식	food	126.61051	33.46740
오조파스타앤피자	food	126.86258	33.52366
오주농산	shop	126.57708	33.51800
오즈약국	shop	126.52008	33.49956
오즈키즈제주점	shop	126.52463	33.51316
오즈폰	shop	126.45077	33.49454
오즈피자	food	126.37813	33.43273
오지구신제주점	shop	126.47978	33.48450
오지구제주	shop	126.52946	33.49975
오지구제주드림	shop	126.48317	33.48587
오지나	food	126.26745	33.42748
오지의마법사	bar	126.88347	33.50093
오지하우스신제주점	food	126.47544	33.48914
오직흑돼지	food	126.50631	33.51521
오징어집	food	126.49228	33.48724
오짜장	food	126.43412	33.48903
오카라	shop	126.48916	33.48686
오카소	cafe	126.66414	33.54202
오캄커피	cafe	126.53179	33.49955
오커스트	cafe	126.52608	33.50889
오케이	bar	126.52011	33.50302
오케이다이브타임	activity	126.45832	33.50329
오케이모텔	stay	126.51340	33.49848
오케이볼링	shop	126.51580	33.51574
오케이약국	shop	126.54258	33.49220
오케이전자	shop	126.40347	33.44089
오케이팝	shop	126.49198	33.49051
오케이하도	stay	126.88499	33.51838
오쿠다	food	126.51002	33.50276
오쿠다	stay	126.48148	33.44561
오크라	food	126.29608	33.43878
오크라민박	stay	126.39061	33.46993
오크버거	food	126.35779	33.46602
오크하우스	stay	126.35819	33.46625
오키나와	food	126.47937	33.47864
오키니	food	126.48813	33.47731
오키서키민박	stay	126.73156	33.54600
오태식해바라기치킨	food	126.49461	33.49347
오태식해바라기치킨	food	126.47369	33.48691
오태식해바라기치킨도남점	food	126.53068	33.49160
오태식해바라기치킨세화점	food	126.86003	33.52121
오태식해바라기치킨앤포차	food	126.36484	33.47761
오태식해바라기치킨외도점	food	126.43246	33.48656
오태식해바라기치킨용담점	food	126.51073	33.51265
오태식해바라기치킨조천읍점	food	126.62062	33.53372
오테르아이앤에프	shop	126.47484	33.49033
오토김밥제주점	food	126.47779	33.49051
오투	shop	126.52463	33.51316
오투피씨존	activity	126.51261	33.50986
오투헬스케어	shop	126.52376	33.48932
오투힐리조트	activity	126.87376	33.52812
오트팩토리	cafe	126.56710	33.52317
오트하우스	food	126.90768	33.49624
오티움	stay	126.86812	33.52131
오퍼스	bar	126.48968	33.48678
오페라	activity	126.57308	33.51962
오페라	bar	126.52459	33.50700
오페라	bar	126.49004	33.48115
오풍미족발삼화점	food	126.58206	33.51768
오프다이닝	bar	126.86104	33.52247
오프더그리드	stay	126.17516	33.32823
오프더레코드제주	food	126.79373	33.55447
오프램프	stay	126.21745	33.37962
오피스닷컴	shop	126.47441	33.48541
오하나	stay	126.71371	33.45909
오하이츄러스	cafe	126.39582	33.42584
오해피데이민박	stay	126.47142	33.50587
오행생식원	shop	126.49699	33.49132
오헬로	stay	126.70142	33.48403
오현길카페	cafe	126.52747	33.50692
오현단	heritage	126.52557	33.51026
오현불백	food	126.52960	33.51102
오현주방	shop	126.56737	33.52137
오형여인숙	stay	126.52484	33.51037
오형제	stay	126.19699	33.33971
오회뜬수산	shop	126.64408	33.52805
오후	shop	126.52463	33.51316
오후만있던일요일	stay	126.29351	33.44406
오후의헌책방	shop	126.85928	33.52084
오흐네	shop	126.53448	33.48569
오희커피	cafe	126.47261	33.48527
옥	cafe	126.52695	33.50331
옥돈지	food	126.53820	33.51589
옥돌해장국	food	126.54895	33.47569
옥된장제주	food	126.53035	33.49793
옥란면옥	food	126.63082	33.53556
옥림	stay	126.52645	33.51390
옥만이네	food	126.26343	33.41650
옥만이네한라수목원	food	126.49193	33.47055
옥발집	food	126.49103	33.48705
옥상회	shop	126.74796	33.55434
옥서스홈시스	shop	126.59828	33.49333
옥성공예토산품직매장	shop	126.50539	33.51303
옥성식당	food	126.52794	33.50331
옥수사	food	126.52669	33.51637
옥수수줍는여인들	food	126.48969	33.51885
옥수집	stay	126.37886	33.42720
옥스코인노래연습장제주연동점	activity	126.49087	33.48752
옥스테이	stay	126.62217	33.53763
옥스피씨	activity	126.52725	33.50010
옥윤도자기	shop	126.47489	33.49724
옥이네	food	126.42963	33.48611
옥이네식당	food	126.52386	33.50755
옥이네집	stay	126.84257	33.53205
옥이이모	food	126.62272	33.53485
옥자상회	shop	126.52824	33.51209
옥탑방	food	126.47309	33.48626
옥토끼보석	shop	126.51838	33.51233
옥토짐	activity	126.43028	33.48783
옥화장	stay	126.68494	33.54875
온기	food	126.54674	33.49502
온기국수	food	126.48926	33.47871
온나	shop	126.54353	33.49125
온누리	activity	126.51537	33.50726
온누리건강원	shop	126.54195	33.49743
온누리대우약국	shop	126.51473	33.50025
온누리한솔약국	shop	126.56482	33.51902
온누리헬스케어	shop	126.52553	33.51157
온다정컴퍼니	food	126.24341	33.39697
온담	shop	126.59225	33.52848
온당	cafe	126.74796	33.55434
온데프	cafe	126.64917	33.54467
온도디저트랩	cafe	126.50915	33.50935
온도라	food	126.48922	33.47713
온도커피	cafe	126.48456	33.48291
온동네국수	food	126.52407	33.50782
온듯	cafe	126.49845	33.51749
온뜨레	food	126.47444	33.48502
온리	shop	126.53158	33.51482
온미담	food	126.47358	33.48255
온샘체온찜질카페	shop	126.50206	33.48792
온세계전자	shop	126.26528	33.41543
온솔약국	shop	126.52781	33.49544
온수	food	126.51968	33.50458
온스	bar	126.58829	33.51727
온스테이	stay	126.22485	33.36883
온쌈	food	126.43139	33.48647
온에어	bar	126.43040	33.48764
온열찜질카페숲	shop	126.49734	33.49195
온오프	food	126.96134	33.51291
온오프베이크샵	cafe	126.53709	33.48581
온월	cafe	126.26433	33.39638
온월	stay	126.33068	33.46375
온정	stay	126.83497	33.53942
온정메밀	food	126.85556	33.52367
온정푸드	shop	126.51683	33.50422
온차	food	126.52768	33.51518
온천	stay	126.51367	33.49935
온터프	activity	126.53511	33.46156
온평	food	126.52914	33.49817
온프라이데이	shop	126.36366	33.36155
온화미담	cafe	126.54091	33.51641
온휴가민박	stay	126.88021	33.52086
올가미	bar	126.52606	33.51617
올곧제주	stay	126.36682	33.46162
올군	shop	126.48456	33.48167
올댓브라운	food	126.50139	33.49088
올댓커피제주	cafe	126.31010	33.46276
올더버드	stay	126.87855	33.52013
올더타임	food	126.48174	33.48424
올데이모즈	cafe	126.66921	33.50038
올데이모즈평대점	food	126.83813	33.53579
올드레코드	bar	126.53148	33.49865
올드북촌	cafe	126.68834	33.54554
올드브라스	activity	126.54230	33.48955
올드타운	food	126.30506	33.44637
올디펜션	stay	126.64859	33.54213
올띠남녕점	food	126.47930	33.49176
올라	stay	126.52591	33.51520
올라비양	stay	126.25283	33.40525
올라뽀	shop	126.52621	33.51457
올라이트	bar	126.53860	33.51327
올랄라	bar	126.26345	33.41695
올랑올랑	stay	126.18545	33.30518
올랑올랑잡화점	shop	126.95765	33.51628
올래	bar	126.52760	33.50020
올래국수	food	126.49721	33.49149
올래수산	shop	126.89925	33.49150
올래어촌	food	126.45149	33.49682
올래정육	shop	126.47706	33.49212
올래정육식당	food	126.45149	33.49682
올래카페	bar	126.26514	33.41644
올래통신	shop	126.53792	33.51236
올래특판	shop	126.39389	33.48360
올래파이	cafe	126.49087	33.48015
올랜드	shop	126.52157	33.48120
올랭이와물꾸럭구제주점	food	126.54178	33.50312
올레	activity	126.47351	33.49081
올레	shop	126.52800	33.51253
올레길맛집	food	126.56505	33.52404
올레길호프	bar	126.52184	33.50034
올레낭민박	stay	126.37998	33.43484
올레노래연습장	activity	126.43212	33.48711
올레담	bar	126.54106	33.50480
올레당구장	activity	126.52401	33.51144
올레당구장	activity	126.66985	33.54111
올레돈오리	food	126.53744	33.50411
올레리조트	stay	126.35628	33.47539
올레마켓	shop	126.50121	33.49270
올레마트	shop	126.56619	33.52012
올레몽키푸드	food	126.26213	33.32262
올레무인텔	stay	126.67548	33.42394
올레민박	stay	126.63147	33.53575
올레바당체험마을	activity	126.26406	33.42542
올레베르데	stay	126.64666	33.48050
올레뷰	stay	126.58959	33.52809
올레쇠막	food	126.51420	33.50949
올레쇠막신관	food	126.51383	33.50955
올레스시초밥	food	126.47963	33.47813
올레스포츠	shop	126.51994	33.49673
올레앤	stay	126.42361	33.49309
올레예촌국수	food	126.53615	33.50019
올레오피스	shop	126.47154	33.48058
올레정육수산	shop	126.49004	33.47914
올레제주	shop	126.54839	33.48137
올레짐스포츠	shop	126.53351	33.48926
올레짐피트니스	activity	126.54234	33.49489
올레집	food	126.25617	33.33317
올레찹쌀꽈배기동문	food	126.52549	33.51253
올레츄	food	126.85542	33.52691
올레캐슬펜션	stay	126.70165	33.55234
올레통신주	shop	126.54226	33.49253
올레파머스월정	shop	126.79421	33.55681
올레풍경	food	126.49678	33.48635
올레프로방스	stay	126.43420	33.43002
올레하늘정원민박	stay	126.77929	33.51352
올레하우스	stay	126.77845	33.51327
올레해오름	stay	126.43326	33.43211
올리가든클럽	food	126.35511	33.42934
올리다버거	food	126.52167	33.50880
올리바	stay	126.79867	33.55004
올리브	bar	126.52793	33.50177
올리브	shop	126.48294	33.48386
올리브가든	food	126.54301	33.48166
올리브네	stay	126.17994	33.33406
올리브룸	shop	126.53562	33.51390
올리브앤씨	cafe	126.30239	33.44831
올리브영제주	shop	126.48172	33.48163
올리브영제주대학	shop	126.54702	33.46878
올리브영제주동문	shop	126.52595	33.51287
올리브영제주중앙	shop	126.52463	33.51316
올리브와뽀빠이	food	126.48985	33.48924
올리브치킨피자	food	126.66697	33.54172
올리비아	shop	126.52630	33.50043
올리비아로렌신제주점	shop	126.49282	33.48560
올리비아로렌제주	shop	126.52553	33.51297
올리비아하슬러신제주점	shop	126.49048	33.48570
올리비아하슬러제주점	shop	126.52511	33.51296
올림피아호텔	stay	126.51473	33.50025
올망제주	shop	126.47919	33.47756
올바른수산	shop	126.57241	33.51474
올바른스포츠	shop	126.67284	33.43226
올바른스포츠제주	shop	126.58849	33.49298
올바른스포츠제주오라점	shop	126.51199	33.46087
올바른축산물할인판매장	shop	126.57241	33.51474
올브렌스	food	126.47900	33.48441
올스타노래연습장	activity	126.51224	33.51230
올업뷰티	shop	126.57769	33.51763
올음에프앤비	food	126.53218	33.49423
올토	food	126.53577	33.51801
올티스	cafe	126.71743	33.46302
올파티	bar	126.49053	33.48735
올포유	shop	126.52605	33.51293
올포유제주점	shop	126.52603	33.51290
올포유제주점	shop	126.52527	33.51295
올폰	shop	126.53993	33.50901
올푸드	food	126.53118	33.49911
올하트	bar	126.48980	33.48910
올해도풍년	food	126.26411	33.41662
옳은치킨	food	126.49575	33.48378
옴니피플제주유에스에이	shop	126.52812	33.51346
옴팡휴게점	food	126.53009	33.46337
옵데강	bar	126.53276	33.50938
옵데강	activity	126.54094	33.50657
옵데강농수산	shop	126.54321	33.49845
옵데강숯불갈비	food	126.51897	33.51679
옵데강숯불갈비	food	126.53211	33.51148
옵데강정식	food	126.52550	33.50818
옵서	food	126.49129	33.48820
옵서	food	126.47877	33.48287
옵서예	food	126.53222	33.49819
옵서예휴게소	food	126.45151	33.46312
옵티마힐링약국	shop	126.57280	33.51784
옷발의한수	shop	126.53380	33.51337
옷장	shop	126.26489	33.41622
옷카게	shop	126.51374	33.50140
옷편한세상	shop	126.47489	33.49724
옹근집	food	126.50289	33.48194
옹달샘	bar	126.52338	33.50913
옹달샘	bar	126.53144	33.50135
옹심이수제비칼국수	food	126.49711	33.48605
옹포	food	126.51853	33.51201
옹포농산물	shop	126.25159	33.40187
옹포다방	cafe	126.25143	33.40302
옹포마레	food	126.25423	33.40690
옹포민박	stay	126.25254	33.40406
옹포바다횟집	food	126.25168	33.40388
옹포별장가든	food	126.25790	33.40499
옹포상회	food	126.25420	33.40397
옹포쌀국수	food	126.51851	33.51198
옹포정미소	cafe	126.25559	33.40509
옹포집	stay	126.25425	33.40452
옹포천어울공원수영장	activity	126.25515	33.40303
옹포횟집	food	126.24972	33.39985
와	bar	126.48761	33.48552
와노래연습장	activity	126.40561	33.48180
와니크로플	food	126.85982	33.51960
와니피자치킨	food	126.51362	33.50198
와다	food	126.49488	33.49021
와다당	shop	126.53943	33.51454
와라민박	stay	126.63471	33.54206
와락게스트하우스	stay	126.85478	33.52755
와랑와랑제대후문	food	126.51629	33.50430
와르다레스토랑	food	126.52312	33.51107
와보난존디	bar	126.52308	33.51679
와보다	food	126.49852	33.51963
와보다베리어	bar	126.49852	33.51963
와사비호테루	stay	126.25216	33.40434
와산가든	food	126.68073	33.49103
와산댕댕마실카페	cafe	126.67857	33.49889
와산민박	stay	126.67455	33.49621
와산살롱	bar	126.67181	33.49447
와산스테이인제주	stay	126.68387	33.49085
와썹	food	126.30421	33.44897
와썹비치하우스	food	126.30421	33.44897
와온	stay	126.66008	33.54451
와와유통	shop	126.47602	33.46476
와와치킨	food	126.46545	33.50413
와요커피제주아라점	cafe	126.55015	33.47752
와우노래연습장	activity	126.52992	33.49911
와우아이스제주	shop	126.48749	33.49172
와이덱스보청기제주지사	shop	126.52969	33.50074
와이드앵글제주	shop	126.52576	33.51581
와이디짐	activity	126.49430	33.48595
와이블링	shop	126.49090	33.48821
와이에이치리조트	stay	126.31245	33.46308
와이에프	food	126.24003	33.39374
와이엔텔레콤	shop	126.52894	33.49640
와이이에스	shop	126.64855	33.55216
와이제이컴패니	food	126.65744	33.54250
와이제이하우스	stay	126.36230	33.47455
와이존	activity	126.43267	33.44735
와이즈	shop	126.48616	33.48128
와이지텔레콤	shop	126.52186	33.50005
와이컴퍼니	shop	126.43134	33.48584
와이키키제주	food	126.48821	33.47065
와이하우스	stay	126.66185	33.47375
와이휘트니스	activity	126.58766	33.51729
와인솔트	shop	126.58031	33.52152
와인스테이션	bar	126.35656	33.46766
와인에빠지다	food	126.36940	33.47557
와인창고	shop	126.52657	33.47982
와인창고	shop	126.66310	33.54382
와인창고동문	shop	126.52869	33.51262
와인치킨베리웰	food	126.47930	33.49176
와인피부과의원	shop	126.48533	33.46981
와촌식당제주함덕지점	food	126.65744	33.54250
와코루비너스신제주점	shop	126.49025	33.48830
와쿠제주총판	shop	126.48856	33.49160
와플과용가리	food	126.53014	33.49883
와플대학제주노형월랑캠퍼스	food	126.47505	33.48947
와플대학제주연동캠퍼스	food	126.49001	33.47930
와플반트	cafe	126.54328	33.50198
와플칸삼화지구점	food	126.57312	33.52009
와플칸한림점	food	126.26480	33.41238
와흐른	stay	126.63493	33.49279
와흘길따라	food	126.65888	33.47260
와흘뜨락	food	126.64429	33.52808
와흘리온	cafe	126.63326	33.50334
와흘리지	activity	126.52614	33.51557
와흘메밀마을	activity	126.65007	33.48278
와흘메밀마을협의회	activity	126.65007	33.48279
와흘밥상	food	126.66063	33.46395
와흘사이	stay	126.63392	33.49451
와흘새가름	food	126.62857	33.50436
와흘을그리다	cafe	126.66046	33.46269
와흘이랑	shop	126.63572	33.49013
와흘휴게마트	shop	126.63059	33.50419
왁스아일랜드	shop	126.56217	33.51001
완미제주연동점	food	126.49083	33.48657
완벽한인생	food	126.48399	33.48410
완연한청수	stay	126.24399	33.31288
완택상회	shop	126.56363	33.52463
왓더버거신제주점	food	126.47805	33.48743
왓더버거제주아라점	food	126.53974	33.48372
왓새우	food	126.24570	33.39580
왓어왓	food	126.90278	33.49446
왓츠유어플레이버	bar	126.52895	33.49911
왔다식당	food	126.40520	33.48189
왔따쪽갈비신제주점	food	126.47660	33.48646
왕가낙지	food	126.41472	33.48192
왕거미	bar	126.51309	33.50141
왕고모네국수	food	126.53479	33.50698
왕과비	bar	126.49030	33.48776
왕궁성	bar	126.53126	33.50096
왕대박	food	126.52808	33.50015
왕대포농수산	shop	126.27934	33.44214
왕돈까스와밀면	food	126.54978	33.47263
왕벚꽃	food	126.51746	33.50457
왕복짚라인제주	activity	126.45341	33.46486
왕부뚜막	food	126.53671	33.49551
왕부잣집	food	126.49779	33.49199
왕생가든	food	126.56139	33.48230
왕서방	food	126.37364	33.47403
왕성상회	shop	126.51732	33.51134
왕소찬후난요리	food	126.48174	33.48424
왕수네	food	126.53900	33.50711
왕수루	food	126.47458	33.49044
왕언니밥상	food	126.54495	33.49992
왕왕순대국밥몸국	food	126.52042	33.51431
왕용이네와봅써	food	126.67714	33.54018
왕원비삼계탕	food	126.43028	33.48783
왕청가	food	126.54652	33.47170
왕해루	food	126.96902	33.49773
외갓집밥상	food	126.82925	33.53752
외계인방앗간제주	food	126.47003	33.48961
외길닭발	bar	126.51665	33.50022
외도	bar	126.43052	33.48799
외도가마솥밥	food	126.42974	33.49017
외도게임랜드	activity	126.43274	33.48842
외도골목대장	bar	126.43241	33.48689
외도구역	bar	126.42711	33.48689
외도굿모닝보청기	shop	126.43054	33.48419
외도그린포크정육식당	food	126.43193	33.48798
외도노래연습장	activity	126.42984	33.49268
외도다해네삼화점	food	126.58034	33.51352
외도대경낚시	shop	126.43326	33.49375
외도리빙스크린골프	activity	126.43274	33.48842
외도몸국	food	126.43073	33.48709
외도민박	stay	126.42168	33.48498
외도바당	food	126.42640	33.49426
외도반점	food	126.43340	33.48899
외도사랑국수	food	126.43241	33.48689
외도소금구이	food	126.43171	33.48730
외도슈퍼	food	126.42576	33.49482
외도스크린골프존	activity	126.43496	33.48703
외도식당	food	126.43457	33.49233
외도신대박	food	126.43214	33.49382
외도약국	shop	126.43063	33.48662
외도오복떡집	food	126.43591	33.49314
외도용국수	food	126.42788	33.49243
외도우렁이쌈밥	food	126.43212	33.48711
외도장수보리밥집	food	126.43217	33.48684
외도점핑다이어트	activity	126.43171	33.48713
외도찜질카페	shop	126.43138	33.48873
외도하이방방	activity	126.43345	33.49232
외도한스테이	stay	126.42847	33.48968
외도회관	food	126.43066	33.49253
외도회수산	shop	126.43006	33.48484
외도회해산물포차	food	126.43144	33.49069
외도휴대폰할인매장	shop	126.43109	33.48951
외승지원센터	activity	126.51925	33.49925
외유내향인의집	stay	126.63885	33.54327
외지건강원	shop	126.43256	33.49162
요강깨는장어	bar	126.53152	33.51137
요거데이	food	126.54244	33.50434
요거랑	cafe	126.54731	33.49399
요거트가족	cafe	126.47428	33.49261
요거트랜드	food	126.48138	33.49054
요거트월드제주	food	126.48457	33.48130
요거트월드제주월랑점	food	126.47506	33.48949
요거트퍼플제주	food	126.53301	33.49868
요거팡제주점	food	126.53988	33.49217
요기아구	food	126.54414	33.47153
요기아라	food	126.54207	33.47410
요나고래	stay	126.35912	33.47598
요나스	cafe	126.18503	33.34975
요달의찜닭앤내가닭도리탕제주	food	126.52894	33.49640
요달의찜닭제주	food	126.48114	33.48859
요디횟집	food	126.54133	33.50297
요때수산	shop	126.51783	33.49789
요레	food	126.85992	33.52434
요로코비	food	126.48172	33.48163
요리노리터	food	126.52588	33.49907
요리를말하다	food	126.52811	33.50108
요리수연산	shop	126.43453	33.46309
요리여행	food	126.49040	33.47955
요리와술	bar	126.66459	33.54157
요리주점수다	bar	126.53425	33.48764
요리하는강중사	food	126.47582	33.48577
요리하는점빵	food	126.57991	33.51611
요리하는주방	food	126.48388	33.48412
요릿집유토리	food	126.36000	33.47767
요망	bar	126.66709	33.54140
요망이	food	126.49739	33.48527
요망지게제주협재	food	126.27012	33.43666
요망진	stay	126.67665	33.49485
요망진김밥	food	126.51235	33.46075
요망진달팽이	stay	126.67665	33.49485
요망진동문시장	shop	126.52831	33.51280
요망진제주	shop	126.79644	33.55495
요메기섬현재식당	food	126.46729	33.50578
요미그릭	cafe	126.43315	33.49264
요미요미	food	126.26440	33.41249
요미우돈교자제주연동점	food	126.48992	33.48970
요보록소보록	shop	126.52184	33.51164
요석드림	cafe	126.40799	33.42359
요소	shop	126.23258	33.38723
요술강아지	shop	126.47803	33.48694
요시노	food	126.42241	33.43411
요아네	stay	126.33554	33.39043
요아이	shop	126.54259	33.49185
요아정제주	food	126.53354	33.49864
요아정제주연동점	food	126.48953	33.48799
요요정원	stay	126.27215	33.41460
요우르	cafe	126.65412	33.54931
요유	cafe	126.37985	33.43407
요이	food	126.49212	33.48749
요이땅삐삐	shop	126.17941	33.30269
요이땅삐삐스튜디오	stay	126.17941	33.30269
요이스	food	126.54282	33.49964
요정	cafe	126.26560	33.40973
요제부	food	126.53565	33.48966
요즘애월	shop	126.43430	33.44748
요한이네	stay	126.40938	33.48916
요한이네빵집	food	126.52107	33.51282
요한잉크	shop	126.50660	33.51117
욜로	bar	126.49558	33.48621
욜로게스트하우스제주	stay	126.49520	33.49670
욜로펜션	stay	126.88852	33.51935
욜로펜션카페	cafe	126.88852	33.51935
용	food	126.54515	33.50365
용가다둥이반찬	shop	126.51668	33.50076
용가리	activity	126.52733	33.51612
용가리네와플씨	food	126.55762	33.51549
용가리는와플도둑	food	126.54138	33.50568
용고로민박	stay	126.17522	33.30337
용궁	bar	126.53179	33.50160
용꽈배기	food	126.52700	33.49990
용꽈배기	food	126.58830	33.52729
용꽈배기	food	126.47161	33.48172
용꽈배기신제주점	food	126.47161	33.48169
용눈이오름	nature	126.83204	33.45878
용달통닭삼도점	food	126.52011	33.50330
용담갈비	food	126.50747	33.50972
용담공원	nature	126.51501	33.50813
용담기사	food	126.51297	33.51165
용담낚시	shop	126.50289	33.51333
용담돌집	stay	126.50828	33.50445
용담떡방아	food	126.51153	33.51153
용담레포츠공원	nature	126.49944	33.51824
용담로타리포장마차	bar	126.51427	33.51062
용담마을협동조합	cafe	126.51730	33.51070
용담민박	stay	126.51249	33.51271
용담밭담	food	126.50995	33.50113
용담보말칼국수	food	126.51319	33.51332
용담생국수	food	126.51297	33.51197
용담스크린골프	activity	126.50222	33.51045
용담온누리약국	shop	126.50765	33.51277
용담킹마트	shop	126.50894	33.50908
용담킹마트반찬코너	shop	126.50894	33.50908
용담포차	food	126.51103	33.51018
용담하우스	stay	126.49179	33.51907
용담해안도로	nature	126.51210	33.51558
용두골	food	126.50554	33.51644
용두네해장국티엠컴퍼니	food	126.48863	33.51823
용두성	food	126.51248	33.51447
용두암	beach	126.51251	33.51478
용두암기념품휴게소	shop	126.51209	33.51554
용두암바당회국수	food	126.50276	33.51696
용두암빌리지	stay	126.50510	33.51622
용두암엄마해장국	food	126.50631	33.51521
용두암오메기떡집	food	126.51064	33.51295
용두암제주집제주	food	126.49700	33.51994
용두암캐빈	stay	126.49637	33.51816
용두암해녀촌	food	126.50257	33.51632
용두암해녀촌분점	food	126.50312	33.51671
용두암해물탕	food	126.49852	33.51963
용두암해수랜드	activity	126.50457	33.51586
용두암해수랜드구내	food	126.50442	33.51611
용두암해안도로	nature	126.51209	33.51555
용두암해촌	food	126.50275	33.51693
용등각	food	126.48302	33.48586
용마트정육	shop	126.54970	33.47415
용마횟집	food	126.50761	33.51622
용머리기념품	shop	126.51207	33.51584
용문건강원	shop	126.50989	33.50554
용문닭집	bar	126.50932	33.50933
용문떡방	food	126.50895	33.50726
용문식품	shop	126.50820	33.50984
용민박	stay	126.20803	33.36858
용바이오	shop	126.41335	33.46709
용소담	cafe	126.51373	33.51541
용수네분식	food	126.27450	33.41983
용수리머물다	stay	126.17211	33.31850
용수리복덕방	shop	126.17008	33.32227
용수보룸	stay	126.16881	33.32205
용수성지	heritage	126.16774	33.32289
용수씨	cafe	126.16552	33.32915
용수차경돌품	stay	126.16960	33.32226
용수항	nature	126.16640	33.32330
용스테이	stay	126.49310	33.49453
용암돌담과자	food	126.52593	33.51211
용연	nature	126.51391	33.51521
용연	stay	126.51301	33.51442
용연구름다리	heritage	126.51431	33.51493
용연낚시	shop	126.51323	33.51353
용연노래연습장	activity	126.51297	33.51165
용연당구장	activity	126.51297	33.51165
용용선생제주	bar	126.52921	33.49805
용용선생제주	bar	126.54304	33.50148
용용선생제주연동점	bar	126.49083	33.48657
용우동	food	126.52463	33.51316
용우동신제주점	food	126.49087	33.48752
용우동행복한한림점	food	126.26528	33.41086
용운	stay	126.53105	33.49889
용원농수산직판장	shop	126.51082	33.51532
용원휴게소	bar	126.51082	33.51532
용은단란주점	bar	126.18370	33.35070
용의성	food	126.51964	33.49941
용의주도	food	126.55857	33.44898
용이네맛집	food	126.53759	33.50471
용이반점	food	126.51408	33.49927
용인	stay	126.51770	33.50867
용진	food	126.51318	33.50095
용짜형뽕	food	126.51346	33.51220
용천	stay	126.52414	33.50064
용천낚시	shop	126.53145	33.51643
용천수용담지점주	shop	126.58146	33.49762
용천주막세화점	food	126.85517	33.52611
용천통닭	food	126.53310	33.50285
용초밥	food	126.53098	33.51009
용출	food	126.50761	33.51622
용출횟집	food	126.50761	33.51625
용팔이네	food	126.30492	33.44979
용팔이막창	food	126.47901	33.48869
용팔이막창	food	126.52914	33.49859
용팔이막창삼화점	food	126.57895	33.51601
용팔이막창인제점	food	126.54120	33.50493
용학	cafe	126.69531	33.50515
용해로	food	126.50443	33.50773
용흥상회	shop	126.37021	33.45625
용흥쌀상회	shop	126.36902	33.46221
우가네토속	food	126.52871	33.49128
우가네한우짝갈비살	food	126.48533	33.48379
우각	food	126.49169	33.48853
우곱창	food	126.43018	33.48945
우곱창만	food	126.49191	33.48292
우공스테이	stay	126.88523	33.50559
우굼	food	126.39916	33.42950
우기차니	stay	126.24089	33.39340
우나다	food	126.47742	33.47978
우나드모나코	shop	126.55356	33.45807
우남진임대	food	126.56418	33.50119
우녁집	stay	126.33902	33.46336
우노꼬레	shop	126.52463	33.51316
우누커피	cafe	126.54086	33.51344
우니담	food	126.34842	33.47250
우니담제주	food	126.66950	33.54249
우담건강다원	cafe	126.90220	33.49535
우대	food	126.48434	33.48624
우대포제주도남점	food	126.52804	33.48973
우도	nature	126.95102	33.51947
우도가주는선물	food	126.94866	33.51991
우도기행	stay	126.95775	33.51314
우도꼭지엄마해녀해산물	shop	126.94968	33.52024
우도꽃길식당	food	126.95073	33.52263
우도낚시	shop	126.95449	33.50829
우도놀당가젠	shop	126.96902	33.49773
우도농수산	shop	126.95079	33.51681
우도당구	activity	126.95355	33.50827
우도닻	stay	126.94754	33.50948
우도대학	food	126.95363	33.50579
우도돈돼지	food	126.94627	33.49421
우도돌담집	food	126.94930	33.51725
우도동굴도남점	food	126.52490	33.49928
우도동글이네	shop	126.95810	33.49780
우도락	food	126.49595	33.48759
우도랑	food	126.94275	33.50695
우도래요	food	126.94343	33.51025
우도랜드	stay	126.96030	33.51011
우도마을	heritage	126.96481	33.51192
우도맹꽁이	food	126.94962	33.52281
우도머뭄	stay	126.96560	33.50610
우도면짜장	food	126.94352	33.50949
우도면파전리	food	126.94462	33.51250
우도모닝펜션	stay	126.94883	33.49431
우도모다들엉	stay	126.95839	33.51716
우도몬딱	cafe	126.95698	33.51502
우도물들이	food	126.95042	33.52290
우도바다길가집	stay	126.96412	33.51122
우도바당	food	126.96930	33.50227
우도바당별	stay	126.95218	33.49498
우도바라기	cafe	126.94166	33.50620
우도바이킹	cafe	126.94540	33.49709
우도밥상	food	126.94436	33.49570
우도별이네민박	stay	126.94768	33.50918
우도별이네편의점	shop	126.94313	33.50971
우도봉	stay	126.96741	33.50000
우도봉올레쉼터	food	126.95966	33.49354
우도부릉이	cafe	126.94883	33.51755
우도부엉이	shop	126.95739	33.51548
우도분식	food	126.95195	33.49265
우도비양낚시	shop	126.96503	33.51173
우도비양동레져	activity	126.96335	33.51004
우도비양루민박	stay	126.96464	33.51294
우도사랑민박	stay	126.94626	33.50985
우도사랑채민박	stay	126.96406	33.50861
우도상회	food	126.94926	33.51447
우도설빙면	shop	126.95492	33.52372
우도섯동네레져	activity	126.94434	33.49567
우도소고기집	food	126.95334	33.50089
우도소품관	cafe	126.96792	33.49775
우도손칼국수	food	126.95363	33.50579
우도숯불갈비	food	126.95366	33.50843
우도쉬림프	food	126.96905	33.49776
우도쉼팡	stay	126.95150	33.49359
우도쉼팡구내	stay	126.95150	33.49359
우도슈퍼	shop	126.97001	33.49876
우도식당	food	126.95300	33.52227
우도아름다운소풍	food	126.94951	33.51488
우도아지망	bar	126.54448	33.50141
우도애솥밥	food	126.95775	33.51314
우도언니	shop	126.95442	33.50698
우도에도배달있다	food	126.95415	33.50807
우도여행	cafe	126.95255	33.52442
우도예쁘다카페	shop	126.96552	33.51134
우도올레펜션	stay	126.95300	33.52227
우도왕자이야기	food	126.96847	33.49754
우도우돈	food	126.95355	33.50864
우도우베이커리	food	126.95695	33.51379
우도윤슬	bar	126.95358	33.50598
우도은범이네	food	126.95438	33.50726
우도의아침	cafe	126.96930	33.50227
우도이디중식	food	126.95315	33.50922
우도이모네식당	food	126.95282	33.50804
우도이야기	food	126.94934	33.51960
우도자연	food	126.95255	33.52442
우도장날	shop	126.94977	33.51672
우도제트	activity	126.95110	33.49366
우도짜장맨	food	126.96741	33.49778
우도짜장면집	food	126.94397	33.50830
우도천진항	nature	126.95044	33.49199
우도청정식당	food	126.95704	33.51397
우도클라쓰	cafe	126.94397	33.50830
우도탕수육소림각	food	126.95174	33.49340
우도통닭	food	126.95355	33.50827
우도특별시포차	food	126.51269	33.50233
우도펜션해연	stay	126.95818	33.51996
우도푸른바다민박	stay	126.94926	33.51447
우도피아	stay	126.96080	33.50646
우도하얀산호낚시	shop	126.94503	33.49433
우도해광	food	126.95688	33.51354
우도해남펜션	stay	126.94952	33.51684
우도해녀식당	food	126.94888	33.51443
우도해녀의집	food	126.94503	33.49433
우도해물라면파전	food	126.95608	33.49621
우도해바라기민박	stay	126.96771	33.49936
우도해장국밥	food	126.95322	33.50837
우도화이트하우스민박	stay	126.95334	33.50089
우도힐링펜션	stay	126.95941	33.50941
우돈숯불	food	126.48055	33.48848
우돈채	food	126.53933	33.49142
우동사발	food	126.49578	33.49157
우동소바가게	food	126.58721	33.52445
우동카덴	food	126.67931	33.43587
우드스탁	cafe	126.79662	33.55532
우드스탁	shop	126.26484	33.41551
우드앤카페	cafe	126.18556	33.34622
우등생	food	126.54975	33.47548
우등생세번째이야기	food	126.55157	33.48848
우디	stay	126.46501	33.50449
우디버디	shop	126.52156	33.51565
우디브리즈	food	126.86646	33.52146
우디플레이스	stay	126.86201	33.52305
우디한섬	bar	126.95713	33.51434
우땅	shop	126.94352	33.50957
우뚝	food	126.51790	33.51485
우럭의숲	food	126.51899	33.51389
우리	stay	126.20071	33.35850
우리가	food	126.25506	33.33031
우리골프산업	shop	126.52721	33.49014
우리끼리키즈카페스포츠마을삼화지구점	shop	126.57526	33.51475
우리끼리키즈카페제주아라일동점	shop	126.54154	33.47072
우리끼리키즈카페한라수목원점	shop	126.48682	33.47117
우리네국밥	food	126.53879	33.51153
우리네보쌈	food	126.49575	33.48378
우리노래연습장	activity	126.85352	33.52343
우리는	cafe	126.52679	33.50103
우리는이곳에서	stay	126.20505	33.29621
우리다	cafe	126.53674	33.48720
우리닭칼국수	food	126.48202	33.49588
우리당구장	activity	126.58408	33.52089
우리당구장	activity	126.47901	33.48869
우리동네	food	126.54816	33.47594
우리동네	bar	126.52620	33.49530
우리동네빵파티	food	126.63787	33.53692
우리동네숯불갈비	food	126.29764	33.96322
우리동네쉼터	shop	126.25333	33.40500
우리동네아지트	bar	126.53649	33.49563
우리동네약국	shop	126.53853	33.49017
우리동네정육점	shop	126.54875	33.50056
우리동네해장국제주수눌음오라점	food	126.51954	33.49665
우리동네힐링샵	shop	126.51790	33.51135
우리동산	food	126.25873	33.40858
우리두리	food	126.75619	33.55624
우리들식당	food	126.53759	33.50471
우리들식탁	food	126.26494	33.41942
우리들의롱베케이션	food	126.52038	33.46459
우리들의별포차	bar	126.66573	33.54247
우리들의블루스	stay	126.25061	33.39048
우리들테크	shop	126.63338	33.51984
우리떡방앗간	food	126.66211	33.54233
우리뜰	food	126.26171	33.41497
우리랑빵집	food	126.26346	33.40846
우리마을	food	126.26877	33.41321
우리마트신제주점주	shop	126.49712	33.48696
우리마트정육제이팜	shop	126.49712	33.48696
우리마트주	shop	126.52970	33.48088
우리바다	food	126.48031	33.49064
우리반찬김치	shop	126.49712	33.48696
우리방커텐	shop	126.53432	33.50889
우리보청기	shop	126.48633	33.48974
우리뼈감자탕	food	126.51668	33.50076
우리사이컴퍼니	shop	126.67665	33.49485
우리산업개발	stay	126.21574	33.34005
우리스크린	activity	126.43037	33.48284
우리스테이	stay	126.78450	33.47028
우리아빠약국	shop	126.57221	33.52063
우리아시가게	bar	126.49202	33.48505
우리안경	shop	126.51074	33.50880
우리야채	shop	126.52773	33.50369
우리약국	shop	126.51744	33.50019
우리양	food	126.48788	33.49194
우리에프앤디	shop	126.51925	33.49252
우리온돌침대	shop	126.56348	33.51075
우리올래마트	shop	126.53495	33.48547
우리육가공정육점	shop	126.45048	33.46161
우리의집	stay	126.41166	33.46563
우리장터	food	126.26086	33.41330
우리전골먹으러가게	food	126.50533	33.51195
우리전원	food	126.51607	33.49972
우리정육식당	food	126.45048	33.46161
우리조은마트	shop	126.53206	33.50239
우리주택주	cafe	126.48581	33.47295
우리집	food	126.28405	33.44061
우리집다음에맛있는집양평해장국	food	126.25639	33.33473
우리집밥	food	126.53228	33.49935
우리집밥상	food	126.49857	33.48778
우리집밥연구소	food	126.48461	33.48869
우리집에왜왔니	stay	126.30869	33.44277
우리코스	shop	126.49111	33.48857
우리코코	food	126.52624	33.50332
우리텔레콤	shop	126.53520	33.51387
우리푸드	food	126.49422	33.49549
우리하우스	stay	126.55868	33.51951
우리할매떡볶이신제주점	food	126.47468	33.48613
우리회수산	food	126.52665	33.51236
우리흑염소	food	126.47602	33.46476
우리희망이게스트하우스	stay	126.64946	33.54615
우린제주	shop	126.45868	33.46562
우림	cafe	126.54209	33.49703
우림일식	food	126.48259	33.48738
우링소프트	shop	126.49672	33.48431
우마미	food	126.47705	33.48707
우마이	food	126.49496	33.48599
우먼스피닝	activity	126.43128	33.48389
우무	food	126.25644	33.40589
우무공항	shop	126.52338	33.50983
우무깨	food	126.94350	33.50997
우미가	food	126.51790	33.50028
우미노식탁	food	126.30248	33.44800
우미정	food	126.85605	33.52298
우미종합의류및제민상사	shop	126.53104	33.51010
우미지베이커리	cafe	126.58248	33.52439
우본가해장국	food	126.58039	33.51309
우봉이	cafe	126.66324	33.54031
우사돈	food	126.54816	33.49458
우삼배드민턴샵	shop	126.54023	33.49241
우상소영푸드	food	126.40253	33.48342
우생교육	shop	126.53339	33.48576
우석스포츠	shop	126.53617	33.48520
우선노래연습장	activity	126.54245	33.50342
우선신발	shop	126.52576	33.51217
우성금속，유리	shop	126.56545	33.51150
우성사료	shop	126.51472	33.49859
우성약국	shop	126.54222	33.50414
우성횟집	food	126.54197	33.50321
우소도리	food	126.39951	33.48012
우쇼핑	shop	126.48910	33.48611
우수미회센타	food	126.48988	33.47728
우수미회센타별관	food	126.48978	33.47728
우수하다	food	126.53914	33.51247
우신	food	126.51856	33.51267
우신장	stay	126.52149	33.51286
우심제주점	food	126.47767	33.48338
우씨네농산물	shop	126.20256	33.35958
우아	food	126.51701	33.51639
우아	shop	126.45144	33.47972
우아연드림	food	126.48264	33.48477
우아연제주노형소고기	food	126.48246	33.48530
우아하나	shop	126.47820	33.47781
우아한밥상	food	126.47479	33.48927
우아한상	food	126.36418	33.47514
우여	cafe	126.53690	33.49982
우연	bar	126.48985	33.48874
우연	food	126.48953	33.48799
우연못	cafe	126.48762	33.46675
우연한동	stay	126.82892	33.54167
우연한발견	stay	126.33021	33.43649
우연히그곳	cafe	126.78277	33.47172
우연히행복해지다	stay	126.23167	33.38662
우영담	food	126.31662	33.46430
우영밭을감싼돌담	food	126.58476	33.52335
우영이앤티	shop	126.81595	33.54136
우영팟	stay	126.33255	33.43840
우영팟민박	stay	126.95107	33.49769
우원	food	126.54256	33.50314
우유부단	cafe	126.32807	33.34765
우유유	food	126.47705	33.48707
우일	food	126.52800	33.50320
우잣	stay	126.25976	33.39544
우정	food	126.26720	33.41157
우정곱창아라점	food	126.54596	33.47231
우정곱창연동점	food	126.48885	33.47755
우정노래연습장	activity	126.52011	33.50239
우정모텔	stay	126.52535	33.49956
우정소갈비제주	food	126.54210	33.50303
우정원베이커리제주삼나무점	food	126.78068	33.46747
우정축산	shop	126.43242	33.48633
우정축산할인마트	shop	126.43022	33.48996
우정회관	food	126.52833	33.51768
우주	bar	126.52772	33.50203
우주	stay	126.70567	33.51304
우주노래연습장	activity	126.52253	33.49954
우주를삼킨소년	food	126.37207	33.45420
우주스테이	stay	126.24546	33.39862
우주스텐주방	shop	126.53970	33.49901
우주안경	shop	126.54222	33.50414
우주약국	shop	126.51235	33.51191
우주오리	stay	126.26312	33.33793
우주인	cafe	126.24531	33.36743
우주텔레콤	shop	126.48977	33.47858
우주통신	shop	126.58099	33.51562
우주파	food	126.51673	33.51768
우지커피제주	cafe	126.53719	33.49223
우지커피제주	cafe	126.48529	33.48132
우진고사리육개장	food	126.52042	33.51118
우진공조	shop	126.50558	33.50195
우진샘	stay	126.70124	33.46240
우진엘라운지	shop	126.50135	33.49965
우진이엔텍제주도사업본부	shop	126.46543	33.50359
우진해장국	food	126.52004	33.51159
우창	shop	126.53826	33.50522
우창갈비	food	126.48533	33.48670
우쿠야신연동점	food	126.48832	33.47872
우쿠야앤올떡한림점	food	126.26567	33.41061
우쿠야제주	food	126.66163	33.54354
우쿠야화북점	food	126.57199	33.51972
우타	bar	126.54751	33.47516
우편	stay	126.26699	33.41391
우포포이	cafe	126.51830	33.50174
우피후피금능점	food	126.23290	33.38877
우향	food	126.55816	33.44919
우호	cafe	126.31962	33.46480
우호적무관심	cafe	126.26722	33.33776
우화	food	126.49054	33.48723
우화한형제	food	126.47655	33.48752
욱앤에프	cafe	126.66921	33.54249
욱이모바일	shop	126.54371	33.49966
운	food	126.52598	33.49671
운동공간	activity	126.53741	33.48785
운동사전	activity	126.62024	33.51969
운산	food	126.52191	33.51594
운성	food	126.52780	33.50288
운실이네	food	126.49037	33.48353
운율	bar	126.66042	33.54215
운이네	stay	126.44923	33.47916
운주승마클럽	activity	126.67957	33.47390
운휴	stay	126.45854	33.45048
울돌목일도	food	126.54169	33.50330
울돝	food	126.52985	33.49746
울엄마김치찜갈비찜한림점	food	126.26411	33.41486
울트라마린	cafe	126.20607	33.36945
울트라모바일	shop	126.47517	33.49411
움버거앤윙스제주삼화점	food	126.57284	33.51571
움버거앤윙스제주한라대점	food	126.47542	33.47827
움튼델리카테슨	food	126.86094	33.52432
웁스쿱스	food	126.47511	33.48369
웃더럭민박	stay	126.34781	33.45071
웃뜨르	stay	126.29507	33.36227
웃뜨르	activity	126.25941	33.30227
웃뜨르밥상	food	126.23320	33.29318
웃뜨르식당	food	126.53343	33.49538
웃뜨르항아리	food	126.25648	33.33537
웅스키친	food	126.46372	33.49323
웅이네분식	food	126.47518	33.48561
웅이네칼국수	food	126.49885	33.48832
웅이네포차	bar	126.52813	33.49591
웅지	food	126.47933	33.47754
웅진약국	shop	126.52844	33.50200
웅진텔레콤	shop	126.49685	33.48603
워너비우먼삼화스피닝	activity	126.57544	33.51443
워너비제주	shop	126.80679	33.55175
워라벨	shop	126.65928	33.50615
워커스폴	cafe	126.41709	33.46916
워크업제주	shop	126.46348	33.48379
워크인제주	cafe	126.16437	33.32406
워크피플	shop	126.52617	33.51437
워킹	shop	126.48821	33.47065
워킹맘반찬	shop	126.47061	33.48442
워터쉐드	cafe	126.67548	33.42391
웍스마켓	shop	126.30924	33.46293
원	shop	126.52894	33.49640
원교재사제주	shop	126.43325	33.48958
원금당	shop	126.51848	33.51227
원기리사이클링	shop	126.56114	33.51408
원꽃농원	shop	126.57598	33.50526
원꽃집	shop	126.53223	33.50945
원낚시프라자	shop	126.74634	33.55427
원남지협동조합	activity	126.65007	33.48279
원담	food	126.52879	33.50215
원담민박	stay	126.22945	33.38964
원담민박	stay	126.30126	33.44722
원담해물찜아구찜	food	126.42974	33.49017
원당골	food	126.59250	33.52682
원당구장	activity	126.95300	33.52227
원당구장	activity	126.18234	33.30337
원당떡집	food	126.58612	33.52099
원당봉해장국	food	126.59058	33.51682
원당사지	heritage	126.59847	33.52906
원당슈퍼	shop	126.59150	33.52671
원당해장국	food	126.58884	33.52293
원더랜드스페셜	shop	126.48965	33.48750
원더러스트제주	cafe	126.58121	33.47242
원더샌드위치앤김밥	food	126.52493	33.50449
원더풀	stay	126.20567	33.36698
원더풀꽈배기제주	food	126.48743	33.47815
원더플	bar	126.51607	33.50854
원더플레이스제주	shop	126.52904	33.49925
원데이	bar	126.49354	33.48599
원동힐링민박	stay	126.37564	33.40606
원두방	shop	126.49111	33.48857
원디자인	shop	126.50464	33.49967
원룸민박	stay	126.23108	33.40645
원마트	shop	126.49562	33.49218
원모어피스	stay	126.63602	33.53584
원베이비플러스	shop	126.53041	33.49825
원비원	cafe	126.85571	33.52361
원빈티지	shop	126.52998	33.49699
원산지송당	food	126.77355	33.46346
원삼계탕아라점	food	126.54840	33.46950
원샷	bar	126.53816	33.51729
원스테이	stay	126.67483	33.53796
원스텝	stay	126.79870	33.55456
원스포츠	shop	126.51692	33.49424
원시선물고팡	shop	126.54287	33.49382
원시선물고팡	shop	126.50494	33.50297
원시선물고팡협재점	shop	126.25630	33.40634
원식품	shop	126.50388	33.46761
원신아구찜분식	food	126.54414	33.47153
원언더골프	activity	126.46362	33.47285
원영식당	food	126.52054	33.49903
원오브원	shop	126.48275	33.47607
원월드조이호텔	stay	126.52121	33.51123
원이조	food	126.52084	33.50415
원일	shop	126.26345	33.41695
원일수산	shop	126.25996	33.41144
원정보통신	shop	126.54297	33.48283
원제	bar	126.52684	33.51173
원조부안집제주	food	126.48239	33.48384
원조산고을칼국수	food	126.48037	33.47609
원조소라횟집	food	126.52841	33.51793
원조예소담	food	126.53843	33.50352
원조오막집국수	food	126.49368	33.48964
원조우향해장국	food	126.49533	33.48356
원조제원깡통숯불구이	food	126.48957	33.48817
원조칠성통황금닭갈비칼국수	food	126.47717	33.48362
원조함덕떡방앗간	food	126.66917	33.54044
원조홍가네	food	126.47629	33.48822
원종	shop	126.48586	33.48234
원진당구장	activity	126.52517	33.51632
원짬뽕	food	126.54501	33.47658
원쭈꾸미	food	126.54491	33.50336
원카페	cafe	126.57244	33.45455
원컴	shop	126.54559	33.50271
원케이글로벌	shop	126.42708	33.47609
원클래스	shop	126.65201	33.52848
원탁	bar	126.49185	33.48749
원탑스포츠	shop	126.55382	33.50731
원택	cafe	126.53019	33.49861
원투	shop	126.60928	33.50055
원투쓰리호프하우스	bar	126.43984	33.46108
원트짐	activity	126.45144	33.47972
원팝스농수산	shop	126.52841	33.50307
원푸드	shop	126.47385	33.49168
원플라워	shop	126.79327	33.55699
원핏	activity	126.54433	33.47848
원항아리칼국수	food	126.52040	33.48865
원호수아구찜	food	126.47983	33.48946
원희슈퍼	shop	126.48992	33.48970
월간맥주	bar	126.54291	33.50260
월간맥주제주	bar	126.47714	33.49000
월계	food	126.57374	33.47172
월계관	food	126.53026	33.49725
월궁	food	126.55842	33.44974
월궁	bar	126.51973	33.50826
월드그린	activity	126.50441	33.49224
월드그린	shop	126.52228	33.49863
월드수입	shop	126.51849	33.50067
월드스크린	activity	126.48558	33.46245
월드스타디앤씨	stay	126.49488	33.49021
월드아울렛	shop	126.51849	33.50067
월드정보통신	shop	126.50686	33.49123
월드카페	cafe	126.26394	33.41739
월드컵	shop	126.51563	33.49276
월드컵신발	shop	126.26389	33.40999
월드푸드	shop	126.52825	33.51335
월드피쉬수족관	shop	126.48767	33.49353
월드피쉬아일랜드	shop	126.48767	33.49353
월든	stay	126.24805	33.32693
월라촌	food	126.51839	33.48957
월랑길	bar	126.47908	33.48898
월랑명가동태	food	126.47889	33.48980
월랑봉	food	126.85437	33.52369
월랑사랑마트	shop	126.47706	33.49212
월랑소운	stay	126.81302	33.48152
월령	stay	126.21554	33.37715
월령리농어촌체험휴양마을	activity	126.21564	33.37598
월령백련초가	shop	126.21885	33.37815
월령상점	shop	126.21652	33.37613
월령선인장	stay	126.21591	33.37614
월령선인장건강원	shop	126.21666	33.37556
월령솔가	stay	126.21761	33.37442
월령식당	food	126.21629	33.37740
월령어촌계식당	food	126.21622	33.37983
월령이드레	stay	126.21600	33.37711
월령작야	food	126.21640	33.37943
월령지헌	stay	126.21559	33.37539
월령채	stay	126.21594	33.37775
월령코지	stay	126.21540	33.38050
월령포구	nature	126.21631	33.37855
월령포트	food	126.21621	33.37814
월림정지	food	126.25559	33.35154
월림차경	stay	126.25452	33.34942
월마트약국	shop	126.56995	33.51945
월미당제주점	food	126.50150	33.48818
월백민박	stay	126.82734	33.54048
월성삼계탕	food	126.51439	33.50115
월스낵	food	126.79392	33.55737
월영농원	shop	126.55204	33.46647
월옥	stay	126.79268	33.55781
월정	stay	126.80126	33.55507
월정가옥	stay	126.79260	33.55852
월정국수	food	126.79181	33.55229
월정그곳	stay	126.79284	33.55507
월정기록	bar	126.79477	33.55453
월정느루	stay	126.79444	33.55572
월정담	stay	126.79370	33.55761
월정등갈비	food	126.79456	33.55801
월정땅콩집	stay	126.79764	33.55402
월정라움	stay	126.79966	33.55189
월정로또	activity	126.80432	33.54565
월정리갈비밥	food	126.79681	33.55489
월정리곳간	bar	126.80684	33.55628
월정리달이뜨는식탁	food	126.79080	33.55315
월정리로와	food	126.79687	33.55517
월정리문스테이게스트하우스	stay	126.79612	33.55517
월정리바다별	stay	126.79138	33.55225
월정리쇠막	food	126.79337	33.55909
월정리술집무주애밤	food	126.79345	33.55549
월정리쌀국수포앤프라이	food	126.79568	33.55526
월정리에	stay	126.79335	33.55819
월정리영추네	food	126.79484	33.55610
월정리월정뷰게스트하우스	stay	126.79436	33.55691
월정리유메이우동	food	126.79471	33.55532
월정리카페스쿠버스	cafe	126.79221	33.55248
월정리해안도로	nature	126.79493	33.55661
월정리흑돼지월고집	food	126.79100	33.55331
월정몰리네	shop	126.79509	33.55525
월정무인카페	cafe	126.80123	33.55577
월정브리즈	stay	126.79349	33.55589
월정산도롱펜션	stay	126.78789	33.53826
월정소굴	stay	126.79934	33.55184
월정소랑	stay	126.79272	33.55763
월정쉼팡민박	stay	126.80062	33.55426
월정스테이	stay	126.79401	33.55436
월정스티치	shop	126.79795	33.55479
월정씨하루	stay	126.79133	33.55784
월정제주	shop	126.79533	33.55571
월정조용한카페앤펍	bar	126.79362	33.55626
월정주가	food	126.79016	33.55347
월정주택	food	126.79604	33.55248
월정첼로하우스	stay	126.79702	33.55457
월정펜션	stay	126.79648	33.55513
월정포구	food	126.79438	33.55746
월정포인트	stay	126.80158	33.55716
월정풍경	stay	126.79262	33.55648
월정프라이빗	stay	126.79982	33.55455
월정플레이스	stay	126.79394	33.55550
월정항아리	food	126.79520	33.55370
월정해녀식당	food	126.79444	33.55759
월정해변식당	food	126.79424	33.55715
월정해상	food	126.79458	33.55545
월정힐	stay	126.79144	33.55796
월평식당	food	126.57553	33.46939
월하객잔	bar	126.79395	33.55487
웜우드	shop	126.46449	33.49371
웨스트사이드	activity	126.18106	33.34918
웨스트사이드	cafe	126.18648	33.35575
웨스트코스트트레이닝	activity	126.18627	33.35564
웨스트힐	stay	126.17764	33.33762
웨어	shop	126.52789	33.50020
웨이닝	food	126.39312	33.40984
웨이뷰	cafe	126.25269	33.40732
웨이브	food	126.75122	33.54794
웨이브먼트제주소품샵	shop	126.46395	33.50295
웨이브메이커컴퍼니	food	126.54194	33.49236
웨이브카페	food	126.21802	33.38140
웨이브피스	cafe	126.54877	33.47769
웬두루치기	food	126.48954	33.48954
웬지	stay	126.21077	33.34264
웰글로우	shop	126.49067	33.47594
웰덤치킨	food	126.52750	33.51164
웰메이드신제주점	shop	126.48381	33.48791
웰빙건강원	shop	126.52814	33.50335
웰빙베이커리	food	126.43113	33.48440
웰빙우렁각시	shop	126.54054	33.49106
웰빙제주보리떡방앗간	food	126.51328	33.50954
웰빙코사마트	shop	126.49008	33.48287
웰빙텔	stay	126.50856	33.50642
웰스보청기	shop	126.48057	33.48283
웰컴	stay	126.69496	33.54893
웰컴버거	food	126.52801	33.51490
웰컴순카페	cafe	126.28306	33.34570
웰컴제이	shop	126.52539	33.50974
웰컴제주	shop	126.49136	33.49015
웰컴투센터	stay	126.52604	33.50636
위너스	stay	126.58731	33.52194
위너스	shop	126.54073	33.50549
위너스포츠	shop	126.57945	33.51676
위너피티	activity	126.58141	33.51676
위니아딤채신제주점	shop	126.49701	33.49161
위니아에이드안찬호	shop	126.58927	33.50717
위니아제주냉열	shop	126.67435	33.54170
위더스리테일씨티어브드림즈제주점	shop	126.52517	33.51466
위더스민박	stay	126.31763	33.46575
위더스엠앤에프	shop	126.43045	33.48976
위더스푸드	food	126.53317	33.50874
위드미트	food	126.56186	33.46035
위드비키	cafe	126.44073	33.49587
위드샌드	food	126.52783	33.49374
위드세미	stay	126.66322	33.47322
위드세화민박	stay	126.86420	33.52492
위드스테이	stay	126.48377	33.48575
위드시티호텔	stay	126.48377	33.48575
위드앨리스	shop	126.48630	33.48231
위드유	cafe	126.48686	33.47263
위드유소매	shop	126.64060	33.54227
위드유애월	stay	126.31510	33.44425
위드짐	shop	126.52423	33.48886
위드커피	cafe	126.39274	33.46962
위드펜션	stay	126.35562	33.39613
위드펫독채민박	stay	126.77750	33.50689
위드호텔	stay	126.48377	33.48575
위메이크휘트니스	activity	126.58029	33.51677
위민도시락	food	126.53218	33.49423
위베이프	shop	126.49222	33.48964
위베이프신라면세점점	shop	126.48848	33.48609
위브	shop	126.49679	33.51960
위생건강	shop	126.53084	33.51289
위위	shop	126.47864	33.48978
위즈	cafe	126.43213	33.48752
위카페제주한라	cafe	126.48478	33.49047
위켄드밀즈	food	126.30915	33.44938
위트사이다	shop	126.52005	33.51303
위티	shop	126.47138	33.48188
위파인	shop	126.47900	33.48441
위파크제주	shop	126.51551	33.47510
위풍당당농수특산	shop	126.25209	33.39820
위플	food	126.48878	33.49094
위하여	stay	126.24562	33.39963
윈도우라운지	stay	126.87985	33.52347
윈도우스토리제주점	shop	126.54275	33.48957
윈드	stay	126.67265	33.54286
윈드스테이	cafe	126.44157	33.49632
윈드스톤	cafe	126.43609	33.46048
윈드웨이브	food	126.44953	33.49710
윈썸	shop	126.52591	33.51406
윌리스	food	126.58622	33.52188
윌비베러	stay	126.26424	33.39669
윔블던	cafe	126.49412	33.49181
윗세오름	bar	126.52038	33.50019
윗세오름	nature	126.51996	33.36082
윙크	bar	126.48271	33.48410
유	bar	126.48966	33.48669
유가향	stay	126.31872	33.46553
유가헌민박	stay	126.46473	33.47819
유건푸드	food	126.51812	33.51112
유경농수산	shop	126.50302	33.51277
유경자원	shop	126.66246	33.53408
유군초밥	food	126.52879	33.49907
유그린	shop	126.44367	33.45254
유그린마트	shop	126.49990	33.49191
유끼	food	126.49246	33.48725
유나여관	stay	126.52196	33.51235
유나인	food	126.53667	33.49329
유남회센타	shop	126.52558	33.51277
유년시절	stay	126.33844	33.38183
유노	food	126.51139	33.51074
유니	stay	126.37344	33.47946
유니가족펜션	stay	126.60140	33.53211
유니끄	shop	126.52463	33.51316
유니시티제주	shop	126.52986	33.50136
유니식탁	food	126.24172	33.39474
유니애월지점	shop	126.37344	33.47946
유니온	bar	126.52420	33.50050
유니유통	shop	126.52902	33.49304
유니이앤티	shop	126.53175	33.51166
유니컴퍼니	shop	126.50357	33.49436
유니코당구클럽	activity	126.49105	33.48603
유니크미하크	shop	126.26852	33.33723
유니크학생복	shop	126.52862	33.50277
유니학습센터	shop	126.54316	33.49456
유다제주요코초	food	126.26327	33.41406
유달리동복	stay	126.71276	33.55359
유달산	food	126.52636	33.51615
유동룡미술관	heritage	126.27078	33.34059
유드림	shop	126.66843	33.54127
유드림마트	shop	126.66843	33.54127
유드림마트	shop	126.46688	33.48442
유드림마트도남점	shop	126.52330	33.49577
유드림마트오라점	shop	126.51320	33.49196
유라디	cafe	126.55111	33.47143
유람스테이	stay	126.27569	33.42268
유람위드북스	cafe	126.23478	33.33974
유랑노점아일랜드조르바	cafe	126.83905	33.53557
유레카	bar	126.53106	33.49751
유레카	bar	126.49054	33.48116
유로	activity	126.47430	33.48958
유로미트	shop	126.57244	33.45455
유로에프앤아이	shop	126.45530	33.49638
유로웰니스	activity	126.43068	33.49073
유리	shop	126.28248	33.40969
유리구두	shop	126.53638	33.50063
유리네수산	shop	126.49711	33.48147
유리네식당	food	126.49720	33.48142
유리멘탈스튜디오	shop	126.31453	33.46339
유리바다	shop	126.52643	33.50004
유리바닥보트	activity	126.94255	33.50481
유리성	bar	126.53147	33.50062
유리쌤뷰티	shop	126.54228	33.49382
유리카페	bar	126.26317	33.41738
유리펜션구내	food	126.78829	33.52098
유리한커피	cafe	126.53870	33.48999
유림여관	stay	126.52911	33.51246
유림텔레콤	shop	126.18022	33.30069
유메	food	126.52063	33.51478
유메오르	stay	126.64106	33.54466
유메잡화점	shop	126.50427	33.51322
유명상회	shop	126.56399	33.47887
유명야시장	food	126.52800	33.51701
유명약국	shop	126.51081	33.50928
유명의류아울렛	shop	126.79436	33.55650
유명제과	food	126.17970	33.30333
유명찹쌀꽈배기	food	126.26453	33.41411
유명한식당	food	126.53876	33.51238
유목원	shop	126.45062	33.49677
유미상사	shop	126.48960	33.48529
유미어스	shop	126.85731	33.51803
유미해장국	food	126.43217	33.48684
유민퍼니처	shop	126.43677	33.44944
유별난수제생돈까스	food	126.47797	33.47825
유부임당	food	126.57427	33.51443
유부임당신제주점	food	126.48381	33.48791
유비커널	shop	126.53888	33.51134
유빈	food	126.51900	33.51801
유빈노래연습장	activity	126.51661	33.49968
유빈이네버섯스마트팜	shop	126.56120	33.44584
유생식당	food	126.53745	33.49412
유선식당	food	126.52424	33.51649
유성	stay	126.40331	33.43467
유성	bar	126.53141	33.51294
유성가	food	126.48770	33.49184
유성산업개발	food	126.38566	33.34827
유성약국	shop	126.47993	33.48679
유성여관	stay	126.66776	33.54224
유성청과	shop	126.50732	33.51261
유수별담	stay	126.40325	33.45066
유수암길	stay	126.39649	33.41546
유수암농촌체험휴양마을협의회	stay	126.40155	33.44157
유수암돌집민박	stay	126.40447	33.44271
유수암돌판구이	food	126.49355	33.49186
유수암레몬하우스	stay	126.40705	33.42998
유수암레몬하우스쉼	stay	126.40262	33.43473
유수암마을	activity	126.40309	33.44138
유수암쉘	stay	126.40292	33.43453
유수암쉘어비네	stay	126.40336	33.43497
유수암승마클럽	activity	126.39024	33.43265
유수암카페리본	cafe	126.40583	33.42358
유수암회포장	food	126.40376	33.44446
유스커피	cafe	126.54066	33.48432
유스테이추자	bar	126.33040	33.94477
유스테이추자비엔비민박	stay	126.33040	33.94477
유신마트	shop	126.52706	33.51258
유신이불	shop	126.46792	33.48387
유신종합마트	shop	126.52682	33.51226
유신패션	shop	126.54195	33.49352
유심이감성	cafe	126.29553	33.96059
유심이감성하우스민박	stay	126.29560	33.96078
유심이민박	stay	126.29553	33.96059
유썬앤	bar	126.51412	33.50993
유씨아이	food	126.52666	33.49339
유알	bar	126.52951	33.49807
유앤드아이	stay	126.52915	33.49978
유앤미	shop	126.47984	33.48334
유앤아이	shop	126.48890	33.48732
유앤아이노래연습장	activity	126.52679	33.50130
유앤유	cafe	126.53050	33.48514
유어스프링	stay	126.63925	33.54426
유에프오애월오션뷰펜션	stay	126.38184	33.48551
유우스테이	stay	126.75423	33.55778
유월	food	126.52824	33.51209
유월그리고열두마루	stay	126.82532	33.53569
유유한가	stay	126.37594	33.47479
유유히	stay	126.39294	33.47011
유일무이	bar	126.54314	33.50212
유일무이코스메틱	shop	126.49899	33.48257
유일반점	food	126.53072	33.50101
유일컴퍼니	shop	126.52724	33.49530
유일컴퍼니아라지점	shop	126.55090	33.48679
유일통신	shop	126.51913	33.50500
유자매점	shop	126.48682	33.48420
유정유통	shop	126.53074	33.49107
유정이네	shop	126.26972	33.40206
유제이	shop	126.52667	33.51524
유종의미	food	126.79348	33.55677
유주	food	126.25724	33.40547
유준	shop	126.48968	33.48678
유준명과	food	126.47175	33.47849
유쥬얼커피	cafe	126.52946	33.49320
유즈브로우	shop	126.52665	33.50267
유지공간민박	stay	126.23154	33.38565
유지에스테틱	shop	126.49038	33.48323
유진성인게임장	activity	126.52413	33.51043
유진약국	shop	126.52571	33.51294
유진이네	shop	126.52618	33.51270
유진전기조명	shop	126.54892	33.48308
유창민박	stay	126.29482	33.96284
유창식당	food	126.29482	33.96284
유창호횟집	food	126.51971	33.50550
유창화학자재사	shop	126.54819	33.47668
유채하우스	stay	126.63795	33.51305
유천통상	shop	126.53228	33.49669
유카페	bar	126.49256	33.49115
유캠프	activity	126.51094	33.46105
유코	bar	126.79966	33.55481
유콜잇러브	bar	126.47813	33.48971
유쾌육회	food	126.47783	33.48769
유키모찌제주애월점	cafe	126.30972	33.46389
유키즈	cafe	126.47830	33.48582
유키효	shop	126.79286	33.55594
유키효잡화점	shop	126.52246	33.50925
유타골프	shop	126.48941	33.48155
유탑디앤씨유탑유블레스호텔제주	stay	126.66621	33.54241
유탑제주호텔	stay	126.66621	33.54241
유퉁의국밥집	food	126.45868	33.46562
유티에스제주주	food	126.43439	33.43063
유피씨	activity	126.49167	33.48274
유하우스가족독채펜션	stay	126.67277	33.51206
유한책임회사하이모	shop	126.47961	33.48484
유행	food	126.49328	33.49104
유행	stay	126.79279	33.55779
유행통신	shop	126.52591	33.51406
유행통신	shop	126.49016	33.48634
유현시스템	shop	126.51680	33.49311
유현시스템	shop	126.50684	33.51438
유화	bar	126.51607	33.50854
유화	stay	126.38098	33.46681
유화관광주	stay	126.49089	33.48356
유휘트니스	activity	126.49137	33.47689
육가대표	food	126.48960	33.48899
육갑봉	food	126.54469	33.49109
육거리식당	food	126.17939	33.30099
육계절	food	126.49372	33.48716
육계절삼화점	food	126.58799	33.51724
육고깃집	food	126.48010	33.47677
육고깃집	food	126.26503	33.41154
육곰탕집	food	126.26080	33.41381
육공업사	food	126.53892	33.51013
육구상회	shop	126.49316	33.48808
육구팔엔티크	shop	126.52423	33.51496
육남매	food	126.49836	33.49191
육담월	food	126.53012	33.49086
육도담	food	126.52768	33.49504
육림도	shop	126.52801	33.49188
육림서사라지점	shop	126.51955	33.50983
육번정육식당	food	126.52549	33.51253
육식남	food	126.24478	33.39877
육십계치킨외도점	food	126.43238	33.48727
육싸롱	food	126.54226	33.49253
육싸롱연동점	food	126.49085	33.48628
육월	food	126.35730	33.47840
육일	shop	126.52703	33.51221
육장갈비	food	126.67491	33.53771
육천우동	food	126.49170	33.48712
육칠오팔	stay	126.26261	33.41360
육해공	food	126.47895	33.47755
육해도	shop	126.48961	33.48745
육회공작소	food	126.49140	33.48674
육회본가삼화점	food	126.57945	33.51676
육회한집	food	126.52098	33.50004
윤	shop	126.51472	33.51062
윤	shop	126.52591	33.51406
윤가네뼈다귀해장국	food	126.56372	33.51333
윤가네흑돼지대패삽겹살	food	126.67041	33.54024
윤과장포차	bar	126.52657	33.49526
윤군	food	126.67314	33.54252
윤금	shop	126.52857	33.50093
윤돼지컴퍼니	shop	126.25179	33.38242
윤빛유통	shop	126.25604	33.35115
윤순영패션	shop	126.49062	33.48898
윤스그릴	bar	126.41356	33.48206
윤스타피자앤파스타	food	126.88499	33.52525
윤스테이	stay	126.79507	33.55413
윤슬	shop	126.50862	33.50939
윤슬스테이	stay	126.79597	33.53219
윤슬식당야식시대	food	126.54103	33.49841
윤썸라이브	bar	126.48985	33.48874
윤아현커피	cafe	126.52741	33.51490
윤안시	stay	126.78512	33.52128
윤앤컴퍼니	shop	126.49034	33.49013
윤옥	food	126.48482	33.48817
윤옥	food	126.53574	33.48916
윤옥푸드	food	126.53574	33.48916
윤이네김밥	food	126.54852	33.49922
윤재커피	cafe	126.52410	33.51180
윤정원	shop	126.88775	33.51644
윤정이네	food	126.55311	33.50379
윤정이네국밥	food	126.29397	33.40782
윤칼국수	food	126.53226	33.49982
윤코스메틱	shop	126.53228	33.50359
윤포차	bar	126.52239	33.49954
윤하슈퍼	shop	126.79096	33.55251
윤혜산업	shop	126.53860	33.51327
윤희	bar	126.51997	33.51255
윤희상회	shop	126.51268	33.50359
율	shop	126.52662	33.50006
율	shop	126.47516	33.48481
율군수산	shop	126.54248	33.50558
율군짬뽕	food	126.54458	33.50566
율리네농원	shop	126.64709	33.52087
율리아나의정원	shop	126.43094	33.44375
율앤유나	stay	126.17796	33.30703
율주	stay	126.19689	33.36428
으네식당	food	126.52417	33.49918
으누곱창제주	food	126.52504	33.50621
으니다움	shop	126.58511	33.52236
으뜨미	food	126.78709	33.47068
으뜸노래연습장	activity	126.53166	33.51354
으뜸마트	shop	126.51036	33.49606
으뜸복어	food	126.46961	33.48882
으뜸슈퍼	food	126.57595	33.52646
으뜸슈퍼	shop	126.49564	33.48712
으뜸아이스크림광양초점	shop	126.52844	33.50200
으뜸아이스크림금천점	shop	126.55372	33.47977
으뜸아이스크림기자점	shop	126.54464	33.48359
으뜸아이스크림베스트점	shop	126.47083	33.48300
으뜸아이스크림봉개점	shop	126.59341	33.48908
으뜸아이스크림북초교점	shop	126.52315	33.51445
으뜸아이스크림삼성로	shop	126.53732	33.51111
으뜸아이스크림삼양점	shop	126.58133	33.52101
으뜸아이스크림연산홍점	shop	126.54045	33.49724
으뜸아이스크림용남길점	shop	126.51455	33.50949
으뜸아이스크림월랑초점	shop	126.47727	33.49220
으뜸아이스크림할인점	shop	126.48494	33.48142
으뜸아이스크림할인점	food	126.52648	33.50247
으뜸아이스크림할인점남녕점	food	126.48310	33.49125
으뜸아이스크림할인점남성로점	shop	126.51315	33.50299
으뜸아이스크림할인점노형	shop	126.46757	33.48507
으뜸아이스크림할인점삼무공원점	shop	126.48992	33.49115
으뜸아이스크림할인점서사라점	shop	126.51971	33.50550
으뜸아이스크림할인점애월점	shop	126.32101	33.46405
으뜸아이스크림할인점연동점	shop	126.48783	33.48123
으뜸아이스크림할인점용담점	shop	126.51225	33.51176
으뜸아이스크림할인점월랑점	shop	126.48020	33.48961
으뜸아이스크림할인점일도	shop	126.54136	33.51062
으뜸아이스크림할인점한림점	shop	126.26384	33.41459
으뜸약국	shop	126.47613	33.48342
으뜸원	stay	126.22909	33.38839
으뜸원마늘갈비	food	126.75160	33.55520
으뜸유선	shop	126.53042	33.49745
으뜸제주	food	126.51556	33.51690
으뜸축산마켓	shop	126.50371	33.47329
으뜸텔레콤	shop	126.54526	33.47159
으뜸플러스	shop	126.52941	33.49931
으뜸플러스안경신제주점	shop	126.48495	33.48269
으뜸플러스안경제주삼화점	shop	126.58029	33.51677
으뜸플러스안경제주아라점	shop	126.54535	33.47331
으뜸화랑	shop	126.52630	33.50876
으랏차차스시부	food	126.47516	33.47852
으랏차차우동부	food	126.48251	33.48749
은	cafe	126.47630	33.49143
은가비	shop	126.31057	33.41681
은가비	food	126.54101	33.50713
은가비카페	cafe	126.31057	33.41681
은강횟집제주공항	food	126.50472	33.50830
은결브로우	shop	126.49341	33.48115
은광유리	shop	126.30290	33.40866
은동이엔지	shop	126.48461	33.48869
은률악기	shop	126.47451	33.48301
은바다민박	stay	126.24402	33.39713
은별	bar	126.53154	33.50092
은별이네	shop	126.58880	33.51039
은비네갈치요리	food	126.51955	33.49781
은비네집밥	food	126.46005	33.48639
은비찻집	bar	126.52377	33.50771
은빛고을	food	126.58634	33.52158
은빛식당	food	126.52606	33.51617
은성	shop	126.54092	33.50704
은성	food	126.40280	33.48019
은성떡방앗간	food	126.26659	33.41205
은성식당	food	126.85747	33.52560
은성여인숙	stay	126.52430	33.50063
은성횟집	food	126.51509	33.51638
은솔약국	shop	126.26511	33.41060
은수네	shop	126.52831	33.51280
은수네집	food	126.28248	33.40969
은숙이네	food	126.48461	33.48869
은아상회	shop	126.51790	33.51135
은어의집	food	126.43366	33.49027
은연	shop	126.53820	33.48363
은연	shop	126.43995	33.49320
은영수산	shop	126.56445	33.52434
은영이네	shop	126.52463	33.51316
은영포장	shop	126.54858	33.47044
은우약국	shop	126.48180	33.47940
은이네분식	food	126.43333	33.49295
은인마	shop	126.66300	33.54066
은자	shop	126.54318	33.49224
은정농수산	shop	126.52640	33.51265
은정다육공방까페	shop	126.56445	33.52007
은정여관	stay	126.52170	33.51704
은정이네갈비	food	126.26314	33.41033
은종	stay	126.49639	33.49215
은주아뜰리에	shop	126.53556	33.49909
은지네짱	shop	126.52463	33.51316
은지농수산	shop	126.52900	33.50564
은진이네식당	food	126.46605	33.50401
은하민박	stay	126.43813	33.46349
은하수	bar	126.29860	33.96247
은하수노래연습장	activity	126.51965	33.50924
은하수맛집	food	126.52302	33.50610
은하수슈퍼	shop	126.54024	33.50602
은하주택	stay	126.62823	33.50698
은행나무집	food	126.49137	33.47850
은혜성	food	126.44135	33.49290
은혜수예점	shop	126.49111	33.48857
은혜전복	food	126.31017	33.46299
은혜중화요리	food	126.54973	33.47600
은혜침구	shop	126.40323	33.48062
은화수식당	food	126.53970	33.48805
은화수식당	food	126.48555	33.48042
은화수식당삼화점	food	126.58603	33.51928
은화수식당제주외도점	food	126.43067	33.48898
은화수식당제주용담점	food	126.51202	33.51234
은희네해장국	food	126.50028	33.48140
은희네해장국	food	126.53759	33.49228
은희네해장국	food	126.66416	33.54302
은희네해장국	food	126.54074	33.50856
은희네해장국외도점	food	126.43337	33.48818
은희네해장국한림협재점	food	126.26933	33.41295
은희상회	shop	126.50545	33.51269
을밀대	bar	126.49123	33.48771
을지로국물떡볶이용담점	food	126.51674	33.50857
을지포차제주	food	126.52887	33.49960
을찌로국물떡볶이연동점	food	126.49123	33.48771
을찌로떡볶이앤스마일꽈배기	food	126.47284	33.48577
음부리카페	cafe	126.25754	33.35213
음식나라	food	126.26484	33.41551
음식이탐나	shop	126.76974	33.46588
음악이흐르는소나기	bar	126.49258	33.48911
음주방	food	126.53148	33.49865
음파	cafe	126.52115	33.51244
음파레코드바	food	126.53222	33.50123
음향	food	126.51861	33.51240
응	food	126.88656	33.52025
의령소바천하뼈다귀전골앤찜	food	126.89244	33.49871
의류	shop	126.52708	33.51440
의류마트	shop	126.54316	33.50131
의류학과	shop	126.52463	33.51316
의류할인매장	shop	126.26539	33.41208
의식주	stay	126.82605	33.53421
의인	stay	126.48824	33.48973
의정	food	126.49044	33.48746
의정부미산	bar	126.54000	33.50879
의정부식당	food	126.56636	33.52182
이·피·티소품샵	shop	126.52463	33.51316
이가	food	126.48034	33.47885
이가네일품해장국	food	126.54739	33.49493
이가네일품해장국	food	126.51818	33.51018
이가네일품해장국신제주점	food	126.48507	33.49123
이가네중식당	food	126.48651	33.48855
이가정식	food	126.51954	33.49705
이가촌	food	126.49892	33.48145
이거스치킨피자밸리신제주점	food	126.48609	33.48616
이게밥도둑	food	126.49354	33.49165
이게밥도둑진	food	126.48212	33.48385
이공구삼하우스	food	126.66194	33.45252
이국향	food	126.49406	33.48960
이그니스무인텔	stay	126.41944	33.43211
이그제큐티브홈인제주	stay	126.63685	33.51311
이글루	activity	126.52496	33.50633
이금돈지	food	126.49536	33.48609
이길스테이	stay	126.25134	33.40246
이꼬이	stay	126.52662	33.51507
이끌림	stay	126.25312	33.32854
이끼	stay	126.85359	33.52671
이끼숲소길	cafe	126.38944	33.39948
이나코	food	126.54574	33.50420
이내	bar	126.47843	33.47614
이너프	cafe	126.41896	33.45601
이녁	stay	126.38523	33.46842
이녁이랑	food	126.63642	33.54242
이노디자인	shop	126.47388	33.46941
이노우에스시	food	126.49141	33.47717
이노제이	shop	126.94362	33.51090
이노찌	food	126.52146	33.50455
이노티안경	shop	126.48391	33.48167
이누팬	food	126.17885	33.30382
이뉴어	shop	126.52880	33.49750
이니갤러리	shop	126.39154	33.42217
이니스프리신제주연동점	shop	126.49098	33.48799
이니스프리제주	shop	126.54344	33.49198
이니스프리제주삼화점	shop	126.58141	33.51613
이니히제주	stay	126.33631	33.46445
이닝	shop	126.48821	33.48157
이다텔레콤	shop	126.52630	33.50043
이담화장품	shop	126.54202	33.49021
이도국밥	food	126.53697	33.49250
이도마트	shop	126.53653	33.49992
이도밥상	food	126.54443	33.49908
이도쇼핑	shop	126.53475	33.49753
이도수산	food	126.52099	33.49947
이도스테이	stay	126.18325	33.35552
이도시삼양	food	126.58402	33.52567
이도시삼양해변	food	126.58402	33.52567
이도시장통닭	food	126.53487	33.49104
이도정어부	food	126.46539	33.50422
이도주반	food	126.53326	33.48784
이도집	food	126.53858	33.50539
이도클럽	activity	126.54462	33.49386
이도통닭신제주점	food	126.49436	33.49335
이도통닭화북	food	126.58221	33.52141
이도피자클래스	food	126.53330	33.49853
이돈갓	food	126.52579	33.51453
이돈갓	food	126.52975	33.49794
이돈갓	food	126.47479	33.48927
이돈갓아라점	food	126.54942	33.47428
이동우콜렉션	shop	126.49042	33.48571
이든스테이	stay	126.85415	33.52709
이듬	stay	126.77221	33.50723
이디	shop	126.52463	33.51316
이디	cafe	126.86193	33.52396
이디가카	bar	126.56584	33.51990
이디갤러리	shop	126.49111	33.48857
이디갤러리플러스	shop	126.49111	33.48857
이디국수애월	food	126.40329	33.48349
이디글라포차	bar	126.49213	33.48796
이디로온	stay	126.80165	33.55655
이디로온플러스	stay	126.80156	33.55661
이디야삼도점	cafe	126.51968	33.50458
이디야제주삼화점	cafe	126.58034	33.51352
이디야제주외도점	cafe	126.43116	33.49020
이디야제주한림점	cafe	126.26431	33.41825
이디야커피	cafe	126.52602	33.51335
이디야커피	cafe	126.54319	33.50250
이디야커피시청고산동산점	cafe	126.53177	33.49641
이디야커피연동점	cafe	126.49033	33.48968
이디야커피제주애월하나로마트점	cafe	126.32191	33.46043
이디야커피제주연북로점	cafe	126.48496	33.48167
이디야커피제주하귀점	cafe	126.41623	33.48462
이디야커피제주함덕해수욕장점	cafe	126.67000	33.54118
이디야커피제주화북점	cafe	126.57272	33.51877
이디오랜	stay	126.27327	33.40603
이디올래국수	food	126.53915	33.50942
이디올래농수산	shop	126.50338	33.51092
이디완	stay	126.45740	33.50170
이디제주	shop	126.52755	33.51207
이디하우스	stay	126.86193	33.52396
이따리아	shop	126.52818	33.50144
이뚱돼지	food	126.49052	33.48514
이뚱중식	food	126.49052	33.48514
이랑	stay	126.82733	33.53607
이랜드월드제주점주	shop	126.48982	33.48845
이랜드월드패션사업부제주폴더	shop	126.52520	33.51369
이랜드월드패션신제주점	shop	126.49024	33.48719
이랜드월드패션제주중앙로	shop	126.52493	33.51355
이랜드파크켄싱턴리조트제주한림점주	stay	126.27443	33.43576
이런공간	cafe	126.40139	33.46543
이런푸드구제주	food	126.52868	33.50266
이레메디칼	shop	126.47116	33.49033
이레민박	stay	126.32450	33.94523
이레민박	stay	126.40948	33.42069
이레밥상	food	126.52414	33.51429
이레뷰티	shop	126.31021	33.44370
이레스테이	stay	126.20102	33.35923
이레용담점	food	126.50244	33.49995
이레하우스	cafe	126.55034	33.49606
이로리	food	126.84206	33.53210
이로운술상	food	126.66461	33.54147
이루다	shop	126.85730	33.52619
이루다	shop	126.46317	33.50003
이루후제	stay	126.84331	33.53089
이룸갤러리	shop	126.48285	33.49391
이룸갤러리카페	cafe	126.48285	33.49391
이룸갤러리한라일보점	shop	126.51952	33.49852
이룸디자인스킨제주	shop	126.49596	33.50594
이룸별당	stay	126.35200	33.45815
이룸빌리지	stay	126.19507	33.35597
이룸종합사무기	shop	126.48603	33.49268
이룸텔레콤	shop	126.58529	33.52130
이립	cafe	126.24932	33.31489
이마트신제주점이니스프리	shop	126.48043	33.48497
이마트신제주점휠라인티모	shop	126.48043	33.48497
이마트원스톱주얼리신제주점	shop	126.48043	33.48497
이마트제주점휠라언더웨어	shop	126.52118	33.51797
이만갑	food	126.54049	33.48924
이맛	food	126.29624	33.96403
이매화지혜제주해물밥	food	126.43397	33.49470
이면	cafe	126.22656	33.38859
이모네국수	food	126.53257	33.50970
이모네냉삼	food	126.26586	33.41452
이모네막창	food	126.50992	33.50948
이모네반찬집	shop	126.47886	33.49139
이모네밥상	stay	126.26730	33.39438
이모네밥집	food	126.51793	33.50190
이모네분식	food	126.26208	33.41152
이모밥상	food	126.49994	33.48187
이모부식	shop	126.52807	33.50365
이뮤니프제주판매점	shop	126.37975	33.47138
이미애갈옷	shop	126.70638	33.51164
이미제주	stay	126.23238	33.35317
이미지화장품	shop	126.52383	33.51305
이바디센터	shop	126.53720	33.50514
이백장돈까스외도하귀점	food	126.43321	33.49048
이번주	food	126.50136	33.48489
이벤트당구클럽	activity	126.53848	33.51119
이보커	cafe	126.47709	33.48132
이불세상	shop	126.52143	33.50005
이불직판장	shop	126.54003	33.50758
이뷰티	shop	126.47542	33.47827
이브	bar	126.48980	33.48763
이브레스	bar	126.48476	33.45831
이브레스제주	bar	126.48476	33.45831
이브로파스타	food	126.57625	33.47065
이브자리	shop	126.57910	33.51444
이브자리	shop	126.48794	33.49125
이비가짬뽕연동점	food	126.50079	33.48137
이비자	shop	126.52404	33.51364
이쁜가게	shop	126.49111	33.48857
이쁜새민박	stay	126.24708	33.39225
이사칠	bar	126.53130	33.49794
이삭농수산	shop	126.54315	33.52356
이삭시스템에어컨	shop	126.51385	33.51103
이삭토스트삼화점	food	126.57675	33.51709
이삭토스트제주	food	126.53903	33.48985
이삭토스트제주	food	126.48469	33.48624
이삭토스트제주대점	food	126.55797	33.45917
이삭토스트칠성로점	food	126.52697	33.51345
이산저산	food	126.52359	33.51243
이삼일결	food	126.52117	33.51394
이상한선물가게앨리스	shop	126.48447	33.45790
이상헬스	activity	126.54334	33.47920
이새신제주점	shop	126.49020	33.48545
이새제주점	shop	126.52072	33.50899
이서림연동	food	126.49259	33.48754
이서방양념치킨구엄점	food	126.38000	33.47587
이서순대국밥	food	126.26329	33.41666
이선장네횟집	food	126.56552	33.52213
이성에프앤비	food	126.47280	33.48162
이성필커피	cafe	126.52919	33.49999
이세상모든귤	shop	126.47430	33.48958
이소	shop	126.54343	33.49238
이송옥	food	126.31943	33.46473
이순신김밥	food	126.35586	33.47813
이순애소문난순대국밥	food	126.56550	33.52121
이스방한상	food	126.51358	33.51572
이스턴파트	food	126.67455	33.53497
이스턴펫살롱	cafe	126.54506	33.50112
이스트렙	shop	126.53671	33.49587
이스트몽블루카라반캠핑	stay	126.90711	33.49155
이스트포레스트	food	126.89877	33.49588
이스트힐스골프클럽	activity	126.63354	33.48205
이슬농수산	shop	126.53422	33.52004
이슬단란주점	bar	126.49154	33.48965
이슬유흥주점	bar	126.49154	33.48965
이시	food	126.54100	33.49206
이십사시회센타	food	126.51746	33.50457
이아섬	stay	126.69552	33.48119
이안	shop	126.53746	33.51269
이안경	shop	126.48014	33.48362
이안데코	shop	126.52207	33.48956
이안재	stay	126.90016	33.49327
이야기	food	126.85517	33.52611
이야기가있는풍경	bar	126.54121	33.50679
이야기별방	stay	126.90133	33.50982
이야기별방민박	stay	126.90133	33.50982
이어	food	126.48875	33.48853
이어도민박	stay	126.30467	33.44902
이어도바당	shop	126.51746	33.49797
이어도사나	stay	126.22924	33.38991
이어도횟집	food	126.50772	33.51606
이어돈가	food	126.24528	33.39750
이어돈함덕그첫번째이야기	food	126.66765	33.54250
이에프단란주점	bar	126.43144	33.49189
이엔아이지제주센터	shop	126.26780	33.41424
이엠정보통신	shop	126.43395	33.48687
이여도산아	food	126.85562	33.52679
이오	stay	126.17722	33.31278
이오리	food	126.52887	33.51415
이오리	food	126.45793	33.49868
이오모	shop	126.55685	33.45608
이와기낭	shop	126.50627	33.51330
이와에	food	126.39116	33.44321
이왁게스트하우스	stay	126.79127	33.55832
이왕돈까스	food	126.56145	33.46034
이우공방	shop	126.71578	33.46578
이운소나이	food	126.47734	33.48905
이웃사촌	food	126.53459	33.48730
이원	shop	126.34853	33.45809
이유	shop	126.47468	33.48918
이유골프	shop	126.42141	33.42975
이을	stay	126.18083	33.30326
이을락	stay	126.68868	33.54144
이음	food	126.50616	33.51610
이음상회	shop	126.29148	33.43528
이음스테이	stay	126.74291	33.55303
이음제주사회적협동조합	food	126.42920	33.48482
이의훈부동산	food	126.47746	33.49075
이익새	food	126.26554	33.40737
이인자뼈다귀해장국	food	126.47883	33.48775
이인태타코	food	126.19616	33.36306
이자벨	shop	126.54332	33.49142
이자와제주	food	126.53068	33.49881
이자카야일월	bar	126.52892	33.49951
이자카야자작제주혼술바	food	126.49087	33.48820
이자카야탐라신제주점	food	126.49086	33.48706
이재모피자제주점에프지케이	food	126.54352	33.48503
이정자농원	stay	126.25634	33.30282
이제	cafe	126.24814	33.32242
이제이	shop	126.52570	33.51524
이제주섬공항지점영	shop	126.49596	33.50594
이제주숍	shop	126.54058	33.49935
이조당	shop	126.48973	33.50124
이좋은마트	shop	126.47958	33.47728
이주라이프뉴스타호텔	stay	126.51962	33.50329
이주영프로샵	shop	126.38566	33.34827
이준전기	shop	126.45087	33.49004
이준축산	shop	126.54172	33.50905
이중희	stay	126.42108	33.48513
이지	shop	126.48744	33.47849
이지비지	cafe	126.52451	33.50777
이지스	bar	126.49193	33.48964
이지아트	shop	126.53085	33.50339
이지용담	food	126.50706	33.50973
이진갤러리	shop	126.51774	33.51152
이찌니	bar	126.49177	33.48655
이차돌제주	food	126.47901	33.48869
이참흑돼지	food	126.49353	33.49149
이창연	stay	126.42140	33.48505
이채	stay	126.49537	33.48901
이춘옥원조고등어쌈밥월정점	food	126.79159	33.55806
이츠커피	cafe	126.47746	33.47690
이츠컴퍼니	food	126.52679	33.50103
이층빵집	food	126.19062	33.34656
이층빵집굽는아방	food	126.18370	33.35070
이층식당	food	126.26243	33.41548
이층집	stay	126.22091	33.29978
이치니치	food	126.32014	33.46512
이치니치	food	126.66714	33.54128
이치니치제주혼술바	food	126.52390	33.51354
이치류제주점	food	126.54787	33.47425
이치진	food	126.58034	33.51352
이치진	food	126.54495	33.49430
이치진외도	food	126.43043	33.49083
이케이	shop	126.48570	33.46893
이코이	stay	126.36272	33.45741
이퀄	cafe	126.52950	33.51516
이큐마켓	shop	126.22988	33.38527
이큐스테이	stay	126.22988	33.38527
이큐테이블	food	126.22988	33.38527
이큐티	cafe	126.54859	33.47239
이타미준건축문화기념회제주	shop	126.27079	33.34059
이타원	shop	126.41759	33.47351
이태리너랑같이제주	food	126.52267	33.49926
이태리부부	food	126.77223	33.47116
이태리안경	shop	126.52481	33.51267
이편한안경	shop	126.47858	33.48638
이푸른애월	stay	126.35871	33.47498
이프	bar	126.52910	33.49896
이피	bar	126.49217	33.48864
이헌영	shop	126.52419	33.51065
이형숙솜씨공방	shop	126.58206	33.51768
이호골목집	food	126.46103	33.49425
이호대림마트	shop	126.46019	33.49391
이호리조트	stay	126.46336	33.49936
이호바디	shop	126.46081	33.49474
이호방	stay	126.45750	33.50078
이호비치	stay	126.44953	33.49710
이호빨간등대카페	shop	126.45702	33.50171
이호서프	shop	126.45723	33.49626
이호애	stay	126.45754	33.50165
이호웨이브	stay	126.44941	33.49630
이호조아	stay	126.45059	33.49664
이호체험배낚시	food	126.45215	33.49689
이호캔들어바웃제주	cafe	126.45686	33.50272
이호테우민박	stay	126.46429	33.50204
이호테우비치펜션	stay	126.45831	33.50328
이호테우해변	beach	126.45315	33.49739
이호포니호텔	stay	126.44230	33.48941
이호해양레저	activity	126.49159	33.48503
이호흑돼지	food	126.45735	33.50285
이화농수산	shop	126.52665	33.51236
이화사문구점	shop	126.53041	33.51283
이화성	food	126.67443	33.42736
이화수전통육개장제주한림점	food	126.26629	33.41133
이화약국	shop	126.54315	33.52356
이화원	food	126.47410	33.48970
이후북스제주	shop	126.52123	33.51260
이희정갤러리	shop	126.54912	33.47048
익성떡방앗간	food	126.26410	33.41690
익스플로어	stay	126.37387	33.47574
인	shop	126.52313	33.51287
인	shop	126.56570	33.52160
인	cafe	126.82805	33.54520
인경	bar	126.53185	33.50151
인그리드	cafe	126.45675	33.50253
인기스타	shop	126.52930	33.50815
인기척게스트하우스	stay	126.31901	33.46648
인다마트	shop	126.54787	33.47135
인다생구이	food	126.54685	33.47207
인다통닭	food	126.56636	33.52182
인다통신기술	shop	126.53870	33.49586
인더그린	cafe	126.48581	33.47295
인더플럼	stay	126.22652	33.31957
인덕원꼬마김밥	food	126.43247	33.48667
인덱스호텔매니지먼트	stay	126.49154	33.48943
인디	food	126.53126	33.49921
인디고	cafe	126.33409	33.46640
인디언썸머	bar	126.31521	33.46334
인디언키친	food	126.49443	33.51914
인디언키친	food	126.33097	33.45044
인디에프	shop	126.52532	33.51375
인문영	stay	126.42155	33.48488
인베이드피씨카페	activity	126.49737	33.48585
인별	stay	126.67346	33.42132
인별	stay	126.80001	33.55416
인사이트창고	food	126.53715	33.49285
인산가	shop	126.49943	33.48544
인생건어물아라점	food	126.54974	33.47480
인생곱창	food	126.54277	33.49559
인생극장	food	126.54029	33.50523
인생극장제주	food	126.47872	33.49125
인생극장제주삼화점	food	126.57692	33.51708
인생낙원	stay	126.22423	33.38883
인생민물장어용담점	food	126.51227	33.50404
인생야채곱창	food	126.54813	33.49320
인생은아름다워스테이	stay	126.22673	33.38934
인생진국	food	126.48905	33.47284
인생포차	bar	126.50017	33.49190
인서네	food	126.47724	33.49587
인설해장국	food	126.22478	33.33264
인섬스토리	food	126.22922	33.40653
인성물산	shop	126.26756	33.42737
인셀덤더케이	shop	126.22853	33.33846
인손	bar	126.85566	33.52254
인수네정육식당	food	126.74914	33.55442
인수당	shop	126.52517	33.51295
인스	food	126.49167	33.48110
인스타일	shop	126.52463	33.51316
인스턴트버거	food	126.45685	33.49985
인심이네	bar	126.54905	33.50310
인쌩맥주제주	bar	126.54245	33.50342
인쌩맥주제주	bar	126.47820	33.48757
인쌩맥주제주연동점	bar	126.49095	33.48772
인연	food	126.53781	33.50565
인연돼지	food	126.52019	33.51436
인연의숲	shop	126.89794	33.49326
인영유통	shop	126.48916	33.48686
인영주단	shop	126.52831	33.51280
인예당공방	shop	126.57580	33.52698
인자복권	activity	126.52472	33.51143
인자숯불갈비	food	126.54570	33.49852
인자숯불갈비	food	126.52970	33.48462
인자이프	stay	126.48500	33.51156
인재교육정보센터	shop	126.52736	33.50072
인제액자·거울	shop	126.53759	33.50471
인제약국	shop	126.53915	33.50605
인제주게스트하우스	stay	126.26434	33.39613
인제주코티지	stay	126.25014	33.37363
인제포차	food	126.54158	33.50573
인제휘트니스	activity	126.54112	33.50842
인챠이	food	126.53822	33.49070
인카페온더비치	cafe	126.82806	33.54523
인컴정보	shop	126.52917	33.51130
인켈전기조명	shop	126.52984	33.49266
인터마루게임장	activity	126.49236	33.48560
인터머니인베스트	shop	126.23577	33.29492
인터뷰단란주점	bar	126.51955	33.49715
인터시스템	shop	126.49114	33.49056
인터크루	shop	126.52463	33.51316
인터크루	shop	126.48184	33.48244
인터포레스트인	stay	126.77070	33.45548
인터할	shop	126.49460	33.48550
인테리어부엌가구	shop	126.49125	33.49361
인트로	bar	126.49306	33.48621
인트로	stay	126.66706	33.50880
인팡제주	shop	126.49125	33.47580
인포스텍사무가구	shop	126.51670	33.51141
인풍	food	126.53178	33.51352
인피니티	stay	126.65683	33.54780
인피니티	stay	126.65677	33.54725
인화계	food	126.53980	33.50580
인화골	food	126.53964	33.50767
인화닭집	shop	126.54049	33.51039
인화동한우	food	126.54335	33.50711
인화떡방앗간	food	126.53918	33.50843
인화로사회적협동조합로컬푸드사업단	shop	126.53822	33.49253
인화빵집	food	126.53543	33.50593
인화온누리약국	shop	126.53924	33.50614
일공	stay	126.36472	33.47410
일공공일안경	shop	126.47631	33.48895
일공공일안경	shop	126.53606	33.49262
일공사스테이	stay	126.66499	33.52855
일공오이	food	126.56561	33.52085
일공이오	stay	126.70134	33.48418
일공일	bar	126.49185	33.48015
일공팔공	food	126.51774	33.50031
일과삶사이틈	food	126.52943	33.49850
일과이	bar	126.52900	33.50116
일광다방	cafe	126.51927	33.51161
일광로또	activity	126.29389	33.44356
일구교자	food	126.53253	33.49950
일구칠사뼈감탕	food	126.57244	33.45455
일구팔구	food	126.49426	33.49098
일기일회	food	126.52131	33.50453
일년서가	shop	126.84031	33.53658
일단밥	food	126.29150	33.44273
일대일치킨이도도남점	bar	126.52887	33.49149
일도골목집	food	126.54251	33.50479
일도돈	food	126.54066	33.50608
일도바다장어구이	food	126.54073	33.50549
일도설비	shop	126.53958	33.49678
일도슈퍼	shop	126.52929	33.51091
일도애비뉴	food	126.54501	33.50381
일도왕서방	food	126.53461	33.49478
일도전복	food	126.54592	33.49822
일도전복제주	food	126.47021	33.50746
일도주방그릇	shop	126.54464	33.50092
일도집	food	126.52664	33.51400
일도집	bar	126.47749	33.48868
일도집	food	126.53858	33.50539
일도집아라점	food	126.55013	33.47425
일도촌	food	126.54427	33.50357
일도촌	food	126.54285	33.50307
일도캐롬클럽	activity	126.54285	33.50307
일도포차	bar	126.54347	33.50207
일도한라회센타	food	126.54675	33.50203
일도현이	food	126.54385	33.50193
일동	food	126.58871	33.52611
일드뱅	bar	126.49062	33.48898
일등	activity	126.54649	33.47017
일등모바일	shop	126.43116	33.49020
일등복권방	activity	126.49677	33.48659
일등본가	food	126.47648	33.48793
일등슈퍼	activity	126.48992	33.48970
일등아들	food	126.49617	33.48637
일등아이스크림	shop	126.52706	33.49556
일등아이스크림	shop	126.54553	33.50424
일등아이스크림구남점	shop	126.53926	33.48967
일등아이스크림도련점	shop	126.59022	33.50881
일등아이스크림동화점	shop	126.57746	33.51837
일등아이스크림신광점	shop	126.48520	33.49185
일등아이스크림신산점	shop	126.53397	33.50832
일등아이스크림연동점	shop	126.50150	33.48818
일등아이스크림용담점	shop	126.50922	33.50963
일등아이스크림인제점	shop	126.53991	33.50285
일등아이스크림해모로점	shop	126.52580	33.49449
일등아이스크림화북남문점	shop	126.56584	33.51990
일등아이스크림화북점	shop	126.57427	33.51958
일등왕만두	food	126.47246	33.48477
일등정육식당	food	126.26782	33.41189
일등컴퓨터	activity	126.54596	33.47133
일라엘	shop	126.52463	33.51316
일락	food	126.53068	33.49160
일렁	stay	126.28032	33.44194
일렁이는	stay	126.21648	33.37825
일로	shop	126.52897	33.49993
일로평안	stay	126.25787	33.30532
일루다	shop	126.59187	33.51564
일루아	stay	126.40973	33.42828
일루온	shop	126.48456	33.48581
일루올레	cafe	126.18344	33.34450
일루이신제주점	shop	126.48972	33.48799
일루트립	shop	126.79412	33.55755
일르마망	shop	126.52260	33.48956
일마레가든앤스테이	shop	126.19200	33.30728
일마레감성숙소	stay	126.18361	33.30499
일마레고산	shop	126.17915	33.30605
일마레선셋	stay	126.16386	33.33590
일마일라	food	126.49140	33.48674
일만족발	food	126.48472	33.48507
일만족발제주점	food	126.52799	33.49552
일미고을	food	126.49426	33.49098
일미도	food	126.86551	33.52502
일번가	food	126.52408	33.50628
일번지상사	shop	126.48884	33.47729
일분청과	shop	126.31510	33.46359
일빈관	food	126.26942	33.41498
일사일	stay	126.79732	33.53488
일삼구팔	food	126.78685	33.47086
일상공간운동센터	activity	126.47791	33.47815
일상비일상	stay	126.41675	33.48899
일상의집	stay	126.19652	33.36004
일상호사	stay	126.79345	33.55567
일성레저산업제주비치지점	stay	126.22109	33.38572
일성레저산업주	stay	126.23261	33.38784
일성상회	shop	126.52831	33.51280
일송정민박	stay	126.79286	33.55594
일신유통	shop	126.52619	33.51474
일신유통노형	shop	126.48182	33.48701
일신유통주	shop	126.52619	33.51474
일야몽	bar	126.53923	33.51064
일억조	food	126.47771	33.48574
일억조	food	126.26756	33.41128
일억조제주	food	126.49567	33.48849
일영식품	food	126.55311	33.50379
일영팜	shop	126.52559	33.51104
일오삼가든	food	126.56701	33.52019
일오삼족발	food	126.56636	33.52182
일오삼추어탕	food	126.54820	33.49522
일오일하우스	stay	126.95358	33.50598
일용이네	food	126.49198	33.48386
일우민박	stay	126.87632	33.50850
일원신	food	126.57595	33.52646
일이사	shop	126.48901	33.48874
일이삼단란주점	bar	126.53554	33.49574
일이삼벤티모	stay	126.49564	33.48144
일이삼식당	food	126.52563	33.49573
일이삼에듀	shop	126.53960	33.49882
일일문구사	shop	126.58541	33.52090
일일시호	stay	126.63446	33.49136
일일오팔족욕카페	cafe	126.33651	33.46709
일일오팔흑돼지	food	126.33651	33.46709
일일일일	food	126.52285	33.50951
일일커피	cafe	126.52725	33.50010
일일커피제주화북점	cafe	126.56554	33.51950
일조여관	stay	126.52826	33.50098
일조카페	cafe	126.85653	33.52307
일주동로자전거	shop	126.56801	33.51868
일주일	bar	126.52806	33.50301
일진호	activity	126.52556	33.49491
일촌김치찜닭	food	126.47751	33.49459
일출가구갤러리	shop	126.51774	33.51152
일출마트	shop	126.53608	33.49608
일출마트삼도점	shop	126.52016	33.49867
일출바당	food	126.53593	33.49470
일출봉	food	126.53805	33.51504
일출스테이	stay	126.26261	33.41360
일출식당	food	126.53769	33.51463
일출해장국	food	126.57437	33.47023
일칠일삼인제주	stay	126.83898	33.52803
일통이반	food	126.52209	33.51710
일팔팔	food	126.52703	33.51221
일팔팔농수산	shop	126.52703	33.51221
일품	food	126.53259	33.50064
일품대패	food	126.49045	33.48151
일품도새기지점	food	126.53148	33.49776
일품샤브샤브	food	126.54276	33.50972
일품순두부	food	126.52774	33.49028
일품순두부	food	126.67442	33.53798
일품순두부	food	126.58849	33.49298
일품순두부	food	126.53148	33.49671
일품순두부	food	126.48534	33.48916
일품순두부	food	126.54521	33.49913
일품순두부	food	126.51445	33.50033
일품순두부	food	126.46998	33.48226
일품순두부	food	126.57195	33.45460
일품순두부	food	126.52114	33.51750
일품순두부교래	food	126.67222	33.43177
일품순두부교래점	food	126.67974	33.43640
일품순두부노연점	food	126.49301	33.48600
일품순두부도청점	food	126.49736	33.48607
일품순두부삼화점	food	126.58229	33.51962
일품순두부세화점	food	126.85771	33.52521
일품순두부아라점	food	126.54401	33.47490
일품순두부애월점	food	126.33142	33.46728
일품순두부연북로점	food	126.50416	33.48123
일품순두부용담점	food	126.50379	33.50970
일품순두부하귀점	food	126.41527	33.48540
일품순두부한림점	food	126.26743	33.41926
일품순두부화북점	food	126.55584	33.51461
일품양평해장국삼도점	food	126.52293	33.50582
일품양평해장국제주도청점	food	126.49913	33.48824
일품연황찜닭	food	126.48656	33.48880
일품왕솥뚜껑	food	126.54092	33.50704
일해야	bar	126.53262	33.50961
일호	shop	126.52801	33.49188
일호생구이	food	126.50971	33.50772
일휴일	stay	126.26428	33.39689
일희일비	shop	126.74565	33.55722
임금님밥상	food	126.46094	33.48490
임꺽정도시락	food	126.48132	33.48000
임미임미	stay	126.75712	33.53950
임사부국밥	food	126.48957	33.48875
임사부국밥구제주점	food	126.52315	33.50011
임성교자	food	126.50968	33.50952
임성반점	food	126.50976	33.50952
임순이네	food	126.30421	33.44897
임씨네치킨	food	126.52773	33.50369
임제	food	126.51768	33.51401
임진고택	stay	126.86341	33.51328
임창정의모서리족발	food	126.48444	33.48408
임춘식당	food	126.53214	33.51424
임팩트골프클럽	activity	126.44544	33.44872
임팩트컴퍼니	food	126.30924	33.46293
임페리얼신제주	shop	126.48184	33.48244
입다	shop	126.54100	33.49206
입젠빈티지	shop	126.32141	33.46426
잇고노미	food	126.48615	33.48290
잇또	food	126.47763	33.47737
잇마이피자	food	126.53170	33.49746
잇마이피자제대점	food	126.55834	33.45054
잇미샤	shop	126.54131	33.49101
잇미샤	shop	126.49204	33.48539
잇브레드러브	food	126.53132	33.49457
잇빠이	bar	126.52851	33.50179
잇수다	food	126.33762	33.46686
잇웰	bar	126.52113	33.50453
잇제주	shop	126.41489	33.48511
잇츠마라탕	food	126.53938	33.48826
잇츠오케이크	cafe	126.47027	33.48256
잇츠힐	stay	126.38355	33.48680
잇칸시타	food	126.37025	33.47711
잇팡	food	126.51288	33.51172
잉가이	food	126.51976	33.51301
잉꼬주단	shop	126.52463	33.51316
잉카	bar	126.52455	33.50707
잉크드바이이유	shop	126.41288	33.48413
잉크스테이션제주점	shop	126.51666	33.50291
잉크포유제주점	shop	126.54045	33.46696
잊힐리야제주	food	126.52918	33.49766
잎	shop	126.24333	33.39669
잎	stay	126.25306	33.40296
잎새	shop	126.49111	33.48857
잎새달	stay	126.86708	33.52136
자가제빵선명희피자삼도용담점	food	126.51102	33.51266
자가제빵선명희피자삼양화북점	food	126.58473	33.52087
자가제빵선명희피자신제주점	food	126.48813	33.47731
자가제빵선명희피자아라점	food	126.54459	33.47565
자가제빵선명희피자제주점	food	126.54396	33.49285
자갈치브라더스서문점	food	126.51871	33.51204
자갈치상회투	shop	126.52572	33.51238
자구내포구	nature	126.16514	33.30936
자그림	food	126.54036	33.48969
자기도자기	shop	126.52288	33.50915
자기야	bar	126.53741	33.51413
자기올래	bar	126.26501	33.41164
자기표현	shop	126.49111	33.48857
자넷앤캐시	stay	126.85060	33.52576
자놀자	bar	126.48966	33.48669
자담제주종달리점	food	126.89244	33.49850
자담치킨	food	126.67479	33.53809
자담치킨	food	126.53800	33.49276
자담치킨	food	126.47515	33.48528
자담치킨김녕점	food	126.75590	33.55668
자담치킨애월항점	food	126.32407	33.46597
자담치킨연동점	food	126.48816	33.48856
자담치킨용담점	food	126.51254	33.51186
자담치킨제주	food	126.53781	33.50565
자담치킨제주오라점	food	126.51188	33.48831
자담치킨하귀점	food	126.41661	33.48374
자담치킨호프삼화점	food	126.58034	33.51518
자담치킨호프카페제주아라점	food	126.54492	33.47460
자드부팡	cafe	126.71088	33.51248
자락	food	126.52962	33.49812
자레와민박	stay	126.31744	33.44254
자로젠부엌가구	shop	126.53320	33.49419
자리돔	food	126.49223	33.48458
자리애	stay	126.71260	33.55225
자리왓식당	food	126.43411	33.48965
자매국수	food	126.51701	33.51683
자매국수	food	126.45917	33.49858
자매네	food	126.51903	33.51646
자매분식	food	126.55842	33.50828
자매식당	food	126.17985	33.30138
자매식품	food	126.26389	33.40999
자매예술국수	food	126.52013	33.50566
자매점빵	shop	126.48157	33.49204
자매정식	food	126.52212	33.50127
자매카페	food	126.52422	33.51078
자매포차	food	126.57312	33.51940
자멍	stay	126.90961	33.49704
자모네	stay	126.70865	33.54956
자몽	bar	126.54371	33.50573
자몽이네	stay	126.39554	33.45291
자몽이네청과	shop	126.43170	33.49009
자몽호텔	stay	126.26135	33.41489
자미자미스테이	stay	126.33067	33.43590
자비	bar	126.47813	33.49021
자순	food	126.52696	33.49482
자신이쏘	food	126.32323	33.46357
자아도취	bar	126.49526	33.48590
자아시로	food	126.79095	33.55204
자양식당	food	126.52218	33.51155
자연	shop	126.57744	33.50980
자연愛향기	shop	126.52851	33.50179
자연고추식품	shop	126.47935	33.48763
자연과사람들밀면이호점	food	126.45755	33.49069
자연과사람들밀면제주시점	food	126.51715	33.49424
자연과사람들밀면한림점	food	126.27783	33.42737
자연과치유	stay	126.24356	33.29238
자연나라	shop	126.52118	33.51797
자연드림제주	shop	126.54355	33.49247
자연드림제주삼화점	shop	126.58034	33.51471
자연드림제주연동점	shop	126.48963	33.48154
자연뜨락	food	126.48898	33.47730
자연마을	shop	126.48043	33.48497
자연몸국	food	126.52507	33.51177
자연본색	shop	126.46201	33.49310
자연사랑하늘약초	shop	126.51519	33.50501
자연스러운식사	food	126.48938	33.47870
자연식당	food	126.95259	33.52446
자연실록	shop	126.51316	33.49921
자연아그로	shop	126.48456	33.48581
자연약국	shop	126.48972	33.48572
자연에서온달콤한마카롱	food	126.58301	33.52419
자연유통	shop	126.53103	33.49112
자연인	food	126.53996	33.46872
자연인제주	shop	126.48821	33.47065
자연인힐링족욕	shop	126.45517	33.46493
자영식당	food	126.51405	33.49912
자올하우스	stay	126.24399	33.39234
자유낚시	shop	126.58027	33.52103
자유모텔	stay	126.48067	33.48741
자유아지트	shop	126.65997	33.52625
자유의지	bar	126.52366	33.51557
자유카페	bar	126.53647	33.51409
자유하는	stay	126.28861	33.43951
자이안트	shop	126.55153	33.51264
자이언	shop	126.53697	33.49062
자이언트	shop	126.49111	33.48857
자이언트하우스	stay	126.23104	33.38886
자인민박	stay	126.43358	33.49455
자자호텔	stay	126.48962	33.49051
자작나무	cafe	126.49789	33.47984
자작나무	shop	126.45508	33.46685
자작제주혼술바	bar	126.49149	33.48623
자적	stay	126.28996	33.42748
자전거빌리지	shop	126.54211	33.51319
자전거탄풍경삼천리자전거	shop	126.53875	33.48980
자주올레민박	stay	126.30640	33.44964
자청비	food	126.52622	33.50222
자카란다민박	stay	126.86545	33.52006
자카르타	food	126.52756	33.51287
자키커피	cafe	126.52542	33.51204
자파리게스트하우스	stay	126.40111	33.41870
자파리버거	cafe	126.40111	33.41870
자파리상점엠엠	shop	126.53053	33.49762
자파리캠핑	stay	126.47472	33.46364
자현민박	stay	126.78531	33.46911
작심삼일	food	126.56765	33.52046
작심삼일	stay	126.30918	33.44757
작약꽃펜션	stay	126.30840	33.45069
작은바람	food	126.55277	33.49015
작은바제주혼술바	bar	126.52609	33.51534
작은밥상	food	126.53799	33.49723
작은방	cafe	126.62153	33.53462
작은부엌	food	126.70590	33.51169
작은살레	stay	126.68035	33.43700
작은성	bar	126.53165	33.51234
작은쉼표	shop	126.52188	33.51130
작은식당낭	food	126.54835	33.47072
작은언덕의선물	food	126.61067	33.50162
작은연출	shop	126.40352	33.48053
작은음악회	bar	126.53112	33.49860
작은집게스트하우스	stay	126.32071	33.46545
작은집요기	stay	126.84528	33.52315
작은천국	cafe	126.24454	33.39883
작은한개	stay	126.19495	33.36058
작은한끼	food	126.43352	33.48498
작제도	food	126.56417	33.50118
잔결	food	126.51385	33.51027
잔디가미	food	126.96444	33.51356
잔물결	cafe	126.22966	33.38812
잔물결시티로스터스	cafe	126.47900	33.48944
잔여울스테이협재애월점	stay	126.25346	33.40726
잔잔	stay	126.22200	33.31477
잔잔히	cafe	126.36206	33.47356
잔향	food	126.66106	33.54000
잘도식당	food	126.52544	33.51072
잘띠	stay	126.24032	33.39384
잠꾸러기	shop	126.54034	33.50617
잠뱅이	shop	126.52463	33.51316
잠보	food	126.24285	33.39590
잠시라도	stay	126.88747	33.52048
잠자는바이크	stay	126.20251	33.33271
잡혀야팔지횟집	food	126.43730	33.49547
잡화점	shop	126.52149	33.51286
잡화점싯디	shop	126.66372	33.54244
장가계	food	126.47659	33.49111
장가네분식	food	126.49273	33.48753
장가네일품순두부동문로점	food	126.53444	33.51338
장구왓	food	126.53345	33.47614
장군닭	food	126.48954	33.48798
장군수산	shop	126.28396	33.44362
장군의집민박	stay	126.33618	33.46627
장금이	food	126.46638	33.50350
장담원	food	126.33217	33.45778
장도리민박	stay	126.87930	33.51935
장독대	shop	126.67936	33.43228
장똘뱅이	shop	126.54409	33.50713
장똘뱅이	food	126.48770	33.48782
장모네국밥	food	126.48685	33.48669
장모술상	bar	126.43239	33.48767
장모식탁	food	126.54695	33.49688
장미	bar	126.53086	33.50106
장미	shop	126.52554	33.51125
장미네구제샵	shop	126.52169	33.51298
장미노래연습장	activity	126.54091	33.50675
장미마트	shop	126.53603	33.50764
장미분식	food	126.52576	33.51217
장미카페	bar	126.52437	33.51100
장보고비료	shop	126.49500	33.48556
장보리마트	shop	126.52513	33.50558
장복호	food	126.51578	33.51645
장봐주는언니삼화점	shop	126.57404	33.51443
장봐주는언니아라점	shop	126.54893	33.47428
장봐주는언니제주점	shop	126.54893	33.47428
장생의숲길	nature	126.63036	33.43974
장수건강원	shop	126.40010	33.47992
장수골	food	126.26834	33.41182
장수국수	food	126.48260	33.48486
장수당건강원	shop	126.51966	33.50564
장수당구장	activity	126.53237	33.50998
장수돌침대제주점	shop	126.48992	33.49115
장수물식당	food	126.49860	33.49193
장수약국	shop	126.17979	33.30241
장수여관	stay	126.52566	33.50677
장수촌순두부정식	food	126.63307	33.50307
장수토종닭	food	126.54683	33.49698
장수통닭한림점	food	126.26292	33.41427
장씨네부대찌개	food	126.59403	33.49111
장안슈퍼	shop	126.51855	33.51133
장안해물칼국수	food	126.75619	33.55624
장애인스포츠센터	activity	126.51963	33.46006
장어나라	food	126.52511	33.50679
장어일오구이	food	126.54285	33.50139
장어창고	food	126.18666	33.35517
장어통일	food	126.47970	33.49156
장언니노형	shop	126.47506	33.48788
장우원	shop	126.49111	33.48857
장원삼계탕	food	126.63947	33.53781
장원손칼국수	food	126.48001	33.48799
장원식당	food	126.85439	33.52537
장원옛날보리빵	food	126.53550	33.50582
장원포크	shop	126.57438	33.51476
장위동유성집신제주점	food	126.47667	33.48779
장인반점	food	126.48152	33.48811
장인오메기떡방	food	126.52735	33.51203
장인의집	food	126.32685	33.46577
장전반점	food	126.39113	33.44939
장전숨	stay	126.38701	33.44949
장전집밥	food	126.38777	33.45273
장진	food	126.53707	33.49895
장촌한우마을	food	126.33870	33.42000
장춘식당	food	126.52792	33.51208
장춘육당	food	126.49294	33.49105
장터밥집	food	126.74756	33.55411
장터생활용품물류	shop	126.48230	33.49396
장터옛날통닭	food	126.66531	33.54198
장터옛날통닭	food	126.47314	33.49680
장터횟집	food	126.74743	33.55410
장호	cafe	126.51852	33.49967
장호	food	126.51360	33.50489
장흥가스가스	shop	126.52870	33.49972
재도장	stay	126.49098	33.49232
재미제주	food	126.17298	33.33289
재미짐	activity	126.26617	33.40815
재벌	food	126.48446	33.49079
재벌식당	food	126.48440	33.49082
재벌유통	shop	126.50121	33.49270
재복	shop	126.54221	33.50369
재성가든	food	126.54073	33.51867
재성농장	shop	126.26686	33.31616
재신식당	food	126.26877	33.41321
재연농원	shop	126.32028	33.41835
재연식당	food	126.85601	33.52619
재영식당	food	126.52966	33.51479
재원전기조명	shop	126.50956	33.51110
재이	shop	126.59416	33.48781
재이	shop	126.52463	33.51316
재인향	shop	126.48476	33.48747
재주	food	126.48391	33.48167
재주도부러워커피	cafe	126.52868	33.51316
재주많은바농	shop	126.41457	33.48641
재주집	food	126.52073	33.50605
재즈포니아	bar	126.52886	33.49836
재진고기국수	food	126.52401	33.51144
재팬북	shop	126.37917	33.47089
재혁이네국수	food	126.53306	33.48943
재현시스템	shop	126.54083	33.46956
재현유통	shop	126.54108	33.51430
재현이네갈비	food	126.49753	33.48583
재화	shop	126.48174	33.48424
재흥	shop	126.52750	33.51164
잭과콩나무	shop	126.52274	33.50001
잭슨피자	food	126.47746	33.48256
잭펏제주점	shop	126.48698	33.47592
잼빈티지	shop	126.66785	33.54210
잼있는집	shop	126.89932	33.49334
잼플라워	shop	126.48184	33.48244
쟁반노래연습장	activity	126.48292	33.48324
쟈스민	bar	126.51661	33.49968
쟈스민	bar	126.29395	33.96209
쟈스민	shop	126.49460	33.49507
쟈쟈	food	126.43509	33.49251
쟝피엘	shop	126.52463	33.51316
저바다에누워	cafe	126.20515	33.36723
저스트블루스	bar	126.52435	33.51180
저스트원	stay	126.44881	33.48919
저스트홀스	activity	126.39024	33.43265
저스틴아일랜드	food	126.51400	33.51577
저지농촌체험휴양마을협의회	activity	126.25585	33.33270
저지돌담민박	stay	126.25806	33.34090
저지떡집	food	126.25547	33.33038
저지맨션	stay	126.27045	33.31914
저지면옥	food	126.26440	33.32076
저지문화예술인마을	heritage	126.26713	33.33954
저지안트레	stay	126.25049	33.34020
저지오름반점	food	126.25527	33.33052
저지차경	stay	126.24013	33.33776
저지해장국	food	126.25469	33.32891
저지힐링스테이	stay	126.25923	33.32670
저팔계마라탕	food	126.53002	33.49888
저팔계마라탕신제주점	food	126.48091	33.48328
저팔계콧구멍	food	126.48003	33.48802
적점	food	126.52964	33.51531
적점구남점	food	126.53580	33.48909
전국개인택시테니스제주연합회	activity	126.48691	33.47474
전국노래자랑	bar	126.53317	33.50874
전국식당	food	126.47489	33.49724
전남토속청국장	food	126.63985	33.53842
전농로교복다방	shop	126.51690	33.50421
전농로의오후	cafe	126.52125	33.50452
전농로일공일	cafe	126.52417	33.50451
전동연구소	shop	126.49764	33.49281
전라도보성식당	food	126.85588	33.52627
전라도식당	food	126.49020	33.48531
전람회레코드	shop	126.53609	33.51397
전망대횟집	food	126.26096	33.42306
전맥	bar	126.43184	33.48630
전복나라	food	126.49392	33.49051
전복만찬	food	126.53845	33.49738
전복죽일번가	food	126.37543	33.48196
전부인	food	126.47916	33.47652
전설마라탕	food	126.41906	33.48838
전설의떡볶이	food	126.47970	33.49156
전설의짬뽕	food	126.53003	33.50142
전설의짬뽕	food	126.62326	33.53575
전설의짬뽕동문로점	food	126.53758	33.51419
전설의짬뽕하귀점	food	126.41319	33.48462
전시닷컴	shop	126.52373	33.51124
전시장	food	126.49299	33.48491
전원민박	stay	126.94408	33.50987
전원생활디오름민박	stay	126.52949	33.47426
전의전쟁	food	126.52887	33.49601
전이랑국수랑	food	126.85584	33.52701
전이야기	bar	126.43067	33.48898
전이전	food	126.51486	33.50060
전이좋아	bar	126.47002	33.48306
전주돌솥비빔밥	food	126.48679	33.48618
전주명가콩나물국밥	food	126.54280	33.50277
전주이모네	food	126.49210	33.48651
전주콩나루콩나물국밥신제주점	food	126.49507	33.49096
전주토속청국장	food	126.49763	33.49259
전주횟집	food	126.49700	33.51994
전지현플라워	shop	126.52011	33.50330
전통문화사	shop	126.52499	33.49625
전통탑향	food	126.52636	33.51615
전파사	food	126.64470	33.55309
전포여관제주	bar	126.52821	33.49952
절물길민박	stay	126.60290	33.48505
절부암	nature	126.16711	33.32383
절친포차	food	126.49392	33.49051
점례네분식호떡	food	126.43071	33.48516
점보	food	126.46983	33.50681
점봉여관	stay	126.70002	33.50608
점순이네	food	126.51327	33.50220
점스토어	shop	126.51786	33.51312
점점	cafe	126.61526	33.53706
점주	food	126.51790	33.51135
점초도원	cafe	126.43462	33.42967
점핑앤체온다이어트	shop	126.47647	33.49533
점핑에이트신제주	shop	126.49010	33.48307
점핑월드	activity	126.48570	33.47544
점핑타임	shop	126.59703	33.48887
점핑피트니스	activity	126.49735	33.48550
점핑홀릭	activity	126.47926	33.49128
점핑힐링센터	shop	126.54307	33.50272
접속	bar	126.49516	33.48948
접시고기	food	126.53228	33.49935
정	food	126.54300	33.51236
정	stay	126.26545	33.40927
정가네	stay	126.90048	33.48582
정가네	food	126.51955	33.49715
정가네밥상	food	126.53997	33.46876
정가네손수제비	food	126.43350	33.49199
정감	stay	126.26462	33.39676
정거장	bar	126.48881	33.48610
정관장	shop	126.54316	33.50131
정관장연북로	shop	126.48517	33.48234
정관장홍삼	shop	126.47758	33.48703
정관장홍삼	shop	126.52971	33.50129
정관장화북점	shop	126.57312	33.52009
정광사	shop	126.52703	33.51221
정글짐서사라점	activity	126.52017	33.50639
정글짐인허핏	activity	126.53495	33.48547
정금사	shop	126.52621	33.51457
정남감귤농장	shop	126.48461	33.48869
정낭민박	stay	126.37639	33.48188
정다방	cafe	126.49149	33.48770
정다운	shop	126.49194	33.49003
정다운	activity	126.52634	33.49656
정다운다방	cafe	126.85628	33.52313
정다운민박	stay	126.58753	33.52492
정다운빵집	food	126.31123	33.46012
정다운식당	food	126.50891	33.50758
정다운약국	shop	126.52887	33.50033
정다운이불	shop	126.47489	33.49724
정다운포차	food	126.52684	33.49589
정다헌	food	126.52796	33.49114
정담	food	126.53604	33.49088
정담국수	food	126.50206	33.48792
정담밥상	food	126.52243	33.51212
정담스테이	stay	126.86526	33.52488
정담오리회전숯불구이	food	126.42700	33.48577
정담정육점	shop	126.50971	33.50921
정대	food	126.52967	33.49834
정대씨	food	126.48512	33.48406
정도솔잎훈연흑돼지	food	126.39180	33.48692
정도육	shop	126.53871	33.49640
정돈환경	shop	126.86491	33.51810
정드르공방	shop	126.51790	33.51135
정든공간	bar	126.52525	33.49895
정든마을	food	126.54007	33.49689
정든마차	food	126.52800	33.50287
정든마트복권	activity	126.47244	33.49043
정든시골집	food	126.85508	33.52338
정든식당	food	126.56585	33.52008
정든재	stay	126.32965	33.45409
정든주막	bar	126.47442	33.48874
정든하우스	stay	126.20552	33.34575
정듬	food	126.52022	33.51403
정량	food	126.49550	33.48713
정로또	activity	126.54420	33.50738
정만보쌈	food	126.53226	33.50144
정말맛있는식당	food	126.53916	33.51461
정물알오름	nature	126.32491	33.33933
정물오름	nature	126.33022	33.33803
정민이네갈치월정	food	126.79436	33.55650
정박사냉면	food	126.53782	33.49814
정보석	shop	126.52704	33.50312
정석농장	shop	126.65997	33.52625
정석이앤지	shop	126.52759	33.50231
정선할매곤드레밥	food	126.54357	33.49186
정성건강원	shop	126.78742	33.52383
정성공조	shop	126.56175	33.50663
정성상사	shop	126.48504	33.49346
정성식당	food	126.19122	33.34619
정성여관	stay	126.52472	33.49931
정성으로상차림	food	126.57373	33.48686
정성카츠	food	126.47582	33.48577
정성카츠	food	126.53822	33.49070
정성커텐	shop	126.52824	33.51209
정수기	shop	126.49518	33.49388
정순대국밥	food	126.43029	33.48888
정순이네휴게소	shop	126.63256	33.53213
정순화손두부	food	126.68635	33.54509
정식	food	126.22654	33.33355
정식육정유통	shop	126.48507	33.49123
정실곤드레집	food	126.50901	33.47055
정실국수	food	126.51019	33.46789
정실마당	food	126.51019	33.46910
정실에서	food	126.50824	33.47195
정실흑염소	food	126.49871	33.47864
정씨네소몰이	food	126.48372	33.48383
정씨네소몰이	food	126.53042	33.50431
정아네	shop	126.26402	33.41594
정아네맛집	food	126.43065	33.49051
정안	stay	126.51101	33.50889
정연이네닭칼국수	food	126.52841	33.50307
정열코스메틱	shop	126.49437	33.48761
정오디오	shop	126.52667	33.51524
정온가	stay	126.29433	33.44510
정우말가든	food	126.49753	33.48025
정우말식육점	shop	126.49753	33.48025
정우통신	shop	126.53555	33.49239
정우패션	shop	126.52831	33.51280
정원	cafe	126.95182	33.51759
정원일기	stay	126.33373	33.45035
정원화장품	shop	126.50935	33.47152
정육마당	food	126.51997	33.49598
정육식당	food	126.54022	33.47151
정은경	stay	126.28535	33.44258
정은김밥	food	126.85689	33.52290
정은이네	shop	126.52463	33.51316
정은택탁구클럽	activity	126.53826	33.50522
정을담은식탁	food	126.53678	33.50012
정의고을	food	126.51308	33.49985
정이가네	food	126.34408	33.45257
정이든	bar	126.53818	33.51399
정이미네	food	126.51364	33.51481
정인당	shop	126.47758	33.48703
정인마트내정육코너	shop	126.50137	33.48532
정자나무집	food	126.51534	33.50775
정자네흑돼지국밥	food	126.24731	33.39388
정점	food	126.49055	33.48776
정존약국	shop	126.47223	33.48029
정주네식당	food	126.52712	33.51614
정준건강원	shop	126.40192	33.48083
정준오리	food	126.53540	33.49643
정직유부제주	food	126.54344	33.49198
정직유부제주연동점	food	126.48832	33.47872
정직한돈	food	126.33891	33.46748
정직한살롱	shop	126.40834	33.47916
정직한에어컨	shop	126.37188	33.45430
정직한우명가	food	126.53336	33.49654
정직한유통	shop	126.48172	33.48163
정직한초밥	food	126.48242	33.48370
정직한통닭	food	126.52136	33.51088
정직한통닭삼도점	food	126.52101	33.51482
정직한통닭용담점	food	126.50728	33.51312
정직한흑염소	food	126.49170	33.48712
정진숯불갈비	food	126.51912	33.50212
정짓물당구장	activity	126.69192	33.55007
정철환	stay	126.42108	33.48513
정철훈택배	shop	126.37892	33.47623
정취한가민박	stay	126.38470	33.46907
정치망민박	stay	126.75520	33.55776
정칠공팔공	bar	126.54164	33.50650
정클리언스	cafe	126.52013	33.49258
정통신	shop	126.47608	33.48856
정통집	food	126.52860	33.49932
정포차	bar	126.52887	33.49149
정푸드	food	126.48130	33.48861
정품전자담배	shop	126.53413	33.49477
정품전자담배드림	shop	126.48265	33.48585
정품전자담배신라면세점점	shop	126.48746	33.48575
정품전자담배인제점	shop	126.53978	33.50657
정품전자담배제원점	shop	126.49024	33.48734
정플라워	shop	126.52188	33.50484
정하	food	126.52478	33.51164
정하영국밥	food	126.41645	33.48641
정한가든	food	126.85439	33.52412
정한수퍼	shop	126.48456	33.48581
정한스크린레드	activity	126.48456	33.48581
정한채	food	126.43217	33.48662
정한토속삼계탕원조설렁탕	food	126.49471	33.48485
정현이모	food	126.49337	33.48750
정현이모	food	126.49351	33.48718
정훈	food	126.58998	33.52729
정희네두루치기	food	126.56935	33.47418
정희농수산유통	shop	126.47489	33.49724
정희마트	shop	126.53683	33.51582
제갈양	food	126.22442	33.38603
제갈혁	shop	126.53794	33.49181
제나앤코	shop	126.26169	33.32350
제노티카	food	126.49032	33.47882
제니링	shop	126.48828	33.47757
제니스	activity	126.52559	33.51384
제니스에이엔티	food	126.57277	33.45239
제니아관광호텔	stay	126.49310	33.48909
제니아편의점	shop	126.49310	33.48909
제니의정원	food	126.49460	33.49507
제니잉글리쉬노형에듀	shop	126.54280	33.48179
제담에프앤비	food	126.52517	33.51466
제대김밥	food	126.55890	33.45012
제대로떡볶이제대점	food	126.55963	33.44861
제대로떡볶이제원점	food	126.48953	33.48799
제대안경원	shop	126.56093	33.46027
제대정문코인노래연습장	activity	126.56144	33.46066
제돌이팡동문	cafe	126.52603	33.51290
제라	shop	126.52456	33.51432
제라민턴	shop	126.53807	33.49524
제라뷰제주라인뷰티	shop	126.47803	33.48111
제라진김밥	food	126.55015	33.47752
제라진뚝배기갈비찜	food	126.46577	33.50449
제라진뚝배기갈비찜도두점	food	126.46521	33.50450
제라진마카롱	food	126.41457	33.48641
제라진밥상	food	126.67405	33.53963
제라진스피닝	activity	126.47450	33.48931
제라진어드벤쳐	activity	126.71597	33.48718
제라진퓨어	shop	126.53500	33.49113
제라피트니스	activity	126.54304	33.50148
제라한	food	126.47037	33.48332
제라헌	shop	126.52675	33.51207
제러다임언덕집국수	food	126.35690	33.47840
제레미	cafe	126.31852	33.46455
제로백제주	activity	126.52791	33.49996
제로오클락	stay	126.38040	33.42801
제로정보시스템	shop	126.52430	33.46389
제로초이스제주	shop	126.48586	33.48234
제로팩토리	shop	126.53872	33.49998
제로포인트트레일	activity	126.52922	33.51477
제로플러스커피	cafe	126.49471	33.48884
제롬바이오메디슨	shop	126.55685	33.45608
제롱	food	126.39088	33.48904
제리컴퓨터	shop	126.54439	33.48322
제림농장	shop	126.19490	33.33271
제미바릇	stay	126.18290	33.35499
제벌가	food	126.43217	33.48662
제비떼	food	126.24294	33.39785
제비상회	bar	126.18745	33.34846
제비집	stay	126.63653	33.53819
제삼굽	food	126.48958	33.48859
제생바이오	shop	126.51413	33.43900
제스코마트	shop	126.52908	33.48021
제스피	bar	126.49170	33.48712
제시뉴욕	shop	126.52517	33.51466
제시뉴욕	shop	126.49012	33.48682
제시카	bar	126.52043	33.50008
제시카의제주	stay	126.19314	33.35465
제연	food	126.36685	33.47801
제온통상	shop	126.51891	33.50913
제우스	bar	126.26438	33.41511
제우스당구장	activity	126.54291	33.50260
제원마트	shop	126.48965	33.48750
제원목포세발낙지	food	126.48924	33.48850
제원뼈다귀감자탕	food	126.49123	33.48771
제원삼겹살	food	126.48957	33.48856
제원삼계탕	food	126.48923	33.48852
제원상회	shop	126.80731	33.55556
제원칼집	food	126.48957	33.48817
제원칼집별관	food	126.48955	33.48833
제원하늘농원	activity	126.66645	33.50298
제월연가	stay	126.32664	33.45082
제유말산업건강원	shop	126.54496	33.48648
제은주방	shop	126.49020	33.49300
제이	food	126.49249	33.48863
제이골프스쿨	activity	126.47344	33.48192
제이골프앤파크	shop	126.54877	33.49914
제이골프파크	shop	126.54877	33.49914
제이당구클럽	activity	126.58027	33.52103
제이델링제주점	food	126.47505	33.48262
제이드림	stay	126.49154	33.48943
제이디	shop	126.52463	33.51316
제이디엑스제주도남점	shop	126.52799	33.47948
제이디컬렉션	shop	126.57028	33.51971
제이락	activity	126.48782	33.48975
제이락볼링장	activity	126.48782	33.48975
제이루	stay	126.83813	33.53579
제이르블랑	stay	126.34795	33.47057
제이마트	shop	126.47518	33.48561
제이마트하귀	shop	126.41525	33.48264
제이마트화북	shop	126.56550	33.52121
제이매점	shop	126.48871	33.47514
제이모터사이클	shop	126.51279	33.50944
제이모터스	shop	126.52230	33.49954
제이뮤직	shop	126.53280	33.49391
제이미	shop	126.53578	33.48753
제이부밍	shop	126.47830	33.48582
제이블랑제주	shop	126.54124	33.49058
제이비씨엔지니어링	shop	126.54207	33.49616
제이비즈	activity	126.47528	33.48927
제이빌딩	shop	126.43068	33.48456
제이상사	shop	126.42665	33.49229
제이상사	shop	126.49102	33.49030
제이샵	shop	126.41457	33.48641
제이샵제주기념품제주	shop	126.48358	33.51050
제이슈즈콜렉션	shop	126.56995	33.51945
제이스	stay	126.43904	33.45900
제이씨공조시스템	shop	126.51191	33.51238
제이아이	bar	126.53135	33.49873
제이애플관광호텔	stay	126.53357	33.50300
제이앤씨통상	shop	126.49128	33.47933
제이앤제이	shop	126.48668	33.49127
제이앤제이가구	shop	126.42464	33.48373
제이앤제이노래연습장	activity	126.47669	33.48920
제이앤제이홀덤펍	bar	126.53003	33.49742
제이앤케이미트	shop	126.41427	33.48207
제이앤팜	shop	126.57212	33.44919
제이앤피인더스트리	shop	126.48842	33.49038
제이에스	activity	126.52463	33.51316
제이에스골프스튜디오	activity	126.25326	33.32759
제이에스디비	cafe	126.52750	33.51738
제이에스레져	activity	126.17212	33.34309
제이에스산업개발	stay	126.43262	33.43426
제이에스스테이	stay	126.25855	33.33206
제이에스앤디	shop	126.51891	33.50913
제이에스텔레콤주	shop	126.53942	33.50625
제이에스피싱	shop	126.49806	33.48494
제이에스함덕	stay	126.67714	33.54018
제이에이치	shop	126.53785	33.48997
제이에이치모바일	shop	126.52370	33.50611
제이에이치유통	shop	126.67025	33.53779
제이에이치코퍼레이션	food	126.32299	33.46390
제이에이치테크	shop	126.48691	33.47474
제이엔비	bar	126.52375	33.50008
제이엔제이오에이	shop	126.52713	33.49923
제이엘반품샵	shop	126.56047	33.50494
제이엠그라운드	food	126.33200	33.45790
제이엠비라이프	shop	126.56249	33.51045
제이엠비산업	shop	126.56249	33.51045
제이엠컴퍼니	food	126.48126	33.48284
제이엠코퍼레이션	food	126.50510	33.48171
제이엠통신	shop	126.55816	33.44930
제이엠푸드앤플레이스	shop	126.50876	33.50410
제이오골프스튜디오	activity	126.53823	33.50093
제이온	shop	126.49341	33.48115
제이와이엠씨	food	126.71337	33.55285
제이원솔루션	shop	126.51386	33.46447
제이원테니스	activity	126.45805	33.47859
제이원통신	shop	126.48985	33.48874
제이유흥주점	bar	126.52517	33.51632
제이의쉐프	food	126.40213	33.48039
제이의책상	shop	126.48922	33.47691
제이인제이플러스	shop	126.58675	33.51681
제이제이	shop	126.52475	33.50026
제이제이	bar	126.49074	33.48414
제이제이노래연습장	activity	126.54090	33.50553
제이제이노블휘트니스클럽	activity	126.48896	33.49224
제이제이샵	shop	126.47395	33.49001
제이제이스크린골프	activity	126.26993	33.41169
제이제이스톤엔퍼니쳐	shop	126.52759	33.49443
제이제이엘앤에프장언니지점	shop	126.54246	33.49232
제이제이엘엔에프	shop	126.58115	33.51709
제이제이지고트	shop	126.53992	33.48971
제이제이통신	shop	126.52021	33.50547
제이제이팜	shop	126.54616	33.48357
제이제이팜	shop	126.37737	33.48418
제이제이푸드찐포차	food	126.47680	33.49222
제이제이피	bar	126.49170	33.48712
제이지컴퍼니	shop	126.52995	33.49855
제이컴퍼니	shop	126.49391	33.51852
제이케이물산	shop	126.42978	33.48613
제이케이씨	shop	126.51717	33.51109
제이케이유통	shop	126.63822	33.53290
제이케이카페카페누리	shop	126.47330	33.48120
제이케이커스텀	shop	126.48512	33.48721
제이케이테크	shop	126.48367	33.48516
제이코코	shop	126.26453	33.41453
제이크랩스	food	126.48302	33.48569
제이킴	shop	126.48853	33.48157
제이투	shop	126.48972	33.48604
제이투비	shop	126.66878	33.52845
제이투에이치컴퍼니	food	126.47222	33.48382
제이투호스텔	stay	126.49183	33.49029
제이투호텔	stay	126.49183	33.49029
제이팜스텔	stay	126.25191	33.37837
제이팜정육마트송당점	shop	126.73332	33.43497
제이팜정육식당송당점	food	126.73332	33.43497
제이포트	food	126.47907	33.48722
제이푸드랩	food	126.58845	33.52702
제이플러스	shop	126.48570	33.46893
제이피지	food	126.66668	33.54171
제이하우스	stay	126.54290	33.50983
제이학센	food	126.47074	33.50850
제이홀스클럽	activity	126.47197	33.44999
제인	shop	126.52463	33.51316
제일	shop	126.52716	33.51196
제일	stay	126.52713	33.51468
제일곱창제주	food	126.49273	33.48715
제일교육	shop	126.56903	33.50383
제일다방	cafe	126.26118	33.41336
제일떡방앗간	food	126.40426	33.48129
제일맛있는젓갈	shop	126.52021	33.51274
제일메드	shop	126.52346	33.49337
제일모직갤럭시제주	shop	126.50914	33.48151
제일물류금능점	food	126.22952	33.38891
제일복권	activity	126.52400	33.50011
제일식당	food	126.29720	33.96362
제일썅숑	bar	126.53192	33.51163
제일에듀	shop	126.56903	33.50383
제일여관	stay	126.26118	33.41336
제일자수정	shop	126.48963	33.48154
제일전자	shop	126.49908	33.49859
제일직물	shop	126.52472	33.51143
제일직물쎈텐프리모	shop	126.52780	33.50221
제일토산품	shop	126.52185	33.51294
제재텐스빌	stay	126.24992	33.39770
제제	food	126.48552	33.48272
제제그리너	cafe	126.24276	33.39739
제제김밥	food	126.48507	33.48469
제제댁게스트하우스	stay	126.64487	33.52993
제제로양곱창	food	126.52679	33.49646
제제스테이	stay	126.31054	33.46426
제제케이크	food	126.48538	33.48558
제제프렌즈	shop	126.49672	33.48431
제제하우스	shop	126.30331	33.41670
제제함덕	shop	126.66262	33.54208
제주	activity	126.48762	33.47871
제주	shop	126.55464	33.49626
제주	shop	126.54166	33.49122
제주가구	shop	126.49300	33.49560
제주가구마심	shop	126.42137	33.43562
제주가구스토어	shop	126.54306	33.51298
제주가마골앤드코다리냉면	food	126.54773	33.50690
제주가옥	stay	126.61556	33.53748
제주가전상사	shop	126.52127	33.51289
제주가좋아서	stay	126.76764	33.45078
제주각시이우다	stay	126.25240	33.32599
제주갈렙	cafe	126.64146	33.54540
제주갈매기	food	126.41209	33.48392
제주갈매기촌	food	126.49328	33.49104
제주갈비	food	126.46936	33.48340
제주갈비찜	food	126.49117	33.48967
제주갈치명가	food	126.67399	33.54063
제주갈치정원제주공항	food	126.48531	33.46537
제주갈치피싱	shop	126.46625	33.50251
제주감굴	food	126.51189	33.51106
제주감귤농업	shop	126.42997	33.48466
제주감귤농업협동조합동제주지소	shop	126.53445	33.49498
제주감성	cafe	126.45102	33.49679
제주감성숙소동쪽독채펜션휴운	stay	126.73580	33.55358
제주감자	shop	126.67678	33.49394
제주감자탕	food	126.49122	33.49022
제주감자탕	food	126.49300	33.49001
제주감자탕	food	126.48992	33.48970
제주감자탕본점	food	126.49044	33.48746
제주강씨네	shop	126.81859	33.55746
제주객주리조림	food	126.52587	33.49729
제주갬성	shop	126.50285	33.48597
제주거리	shop	126.74380	33.55483
제주건강생활	shop	126.51985	33.48645
제주건강팔팔	shop	126.43128	33.48994
제주걸스카우트수품보급소	shop	126.49494	33.48450
제주검정보리마씸	food	126.40537	33.48198
제주게스트하우스민박	stay	126.50754	33.50861
제주게스트하우스털보네민박	stay	126.31201	33.46360
제주결제시스템	shop	126.47640	33.48616
제주고고스쿠터	shop	126.50398	33.51067
제주고기국수만세국수	food	126.51877	33.49408
제주고기부엌	food	126.48531	33.46537
제주고기야	food	126.48077	33.49061
제주고기한판집	food	126.49020	33.48545
제주고래	shop	126.35019	33.47291
제주고래날다월정리	food	126.79426	33.55602
제주고래신제주점	shop	126.48970	33.48897
제주고산리유적안내센터	heritage	126.16590	33.30446
제주고씨네	stay	126.17309	33.32774
제주고씨네	shop	126.52682	33.51226
제주고씨네고기연구소	food	126.48367	33.44958
제주고씨네동우농수산	shop	126.52668	33.51266
제주고양이	shop	126.51959	33.50271
제주고옥	stay	126.29473	33.44148
제주고요	stay	126.33946	33.37920
제주고은	shop	126.52206	33.51253
제주고을식품	shop	126.42704	33.43298
제주고집	food	126.48483	33.51096
제주골드민박	stay	126.38995	33.47130
제주골든햄스터분양볼주머니	shop	126.47576	33.49268
제주골목국수	food	126.52395	33.49600
제주골프호텔	stay	126.49198	33.48107
제주곰하우스민박	stay	126.32730	33.46408
제주곱	food	126.49220	33.48700
제주곳집	shop	126.82111	33.53275
제주공간	cafe	126.48377	33.48575
제주공방이들	shop	126.52315	33.51445
제주공상	food	126.52850	33.51785
제주공작소	shop	126.71054	33.46692
제주공주	shop	126.54724	33.49724
제주공항가까운게스트하우스	stay	126.50747	33.50880
제주공항게스트하우스그린데이	stay	126.52248	33.50896
제주공항고기국수만세국수	food	126.47684	33.48929
제주공항공항뚝배기	food	126.49592	33.49388
제주공항그때그집	food	126.48278	33.51042
제주공항근처연북로해물탕	food	126.50510	33.48171
제주공항약국	shop	126.49596	33.50594
제주공항현대탁구장	activity	126.50422	33.50006
제주곶자왈별장	stay	126.77824	33.51364
제주과	cafe	126.47898	33.48911
제주과학축전	event	126.52386	33.49188
제주과학탐구체험관	heritage	126.53146	33.42665
제주관광대학교행복기숙사	stay	126.43430	33.44748
제주관광대학구내문구점	shop	126.43430	33.44748
제주관광뷔페	food	126.43583	33.44865
제주관덕정분식	food	126.52437	33.51251
제주광고디자인픽	shop	126.53069	33.47528
제주광림	shop	126.53505	33.48704
제주광어대축제	event	126.50986	33.49197
제주광어어묵핫도그	food	126.70635	33.54794
제주교래승마장	activity	126.67097	33.43504
제주교육박물관	heritage	126.53791	33.49461
제주구엄어촌마을집	stay	126.37766	33.48350
제주구좌평대리고양이소품샵카페	shop	126.83965	33.53395
제주국담	food	126.49471	33.48862
제주국수왕	food	126.24452	33.39843
제주국제요트학교	activity	126.74042	33.55818
제주국제통신	shop	126.49111	33.48857
제주굿모닝동우점	shop	126.53397	33.49530
제주굿즈	shop	126.53301	33.49771
제주굿푸드	shop	126.38184	33.48551
제주궁전민박	stay	126.46250	33.50050
제주귀덕골방	bar	126.28011	33.44187
제주귤랑	shop	126.48683	33.48400
제주그냥	food	126.52298	33.51682
제주그때그집	food	126.85483	33.52713
제주그리기민박	stay	126.28627	33.43278
제주그리미	food	126.70766	33.50482
제주그린바이크	shop	126.54564	33.50144
제주그밤	stay	126.27488	33.43666
제주글랑팜	shop	126.47715	33.49597
제주글로리홀덤	activity	126.49319	33.48960
제주글로벌텔레콤	shop	126.50263	33.51275
제주금거래소	shop	126.52863	33.50039
제주금능율	food	126.23127	33.38803
제주금산민박	stay	126.32972	33.43541
제주금은거래소	shop	126.53013	33.49714
제주기념품가게협재선물고팡	shop	126.25630	33.40634
제주기분존농장몸에존농산물직판장	shop	126.25756	33.32500
제주기사	food	126.51691	33.49792
제주기역	stay	126.24256	33.39758
제주기와	cafe	126.42542	33.45113
제주기정떡	food	126.43728	33.44940
제주길라임민박	stay	126.47224	33.50683
제주김녕인트로	stay	126.74392	33.55414
제주김녕한달	stay	126.74863	33.55695
제주김만복	food	126.50892	33.49704
제주김만복	food	126.67483	33.53796
제주김만복동문	food	126.51785	33.51530
제주김사우무한리필	food	126.46893	33.48304
제주김치스쿨	shop	126.46417	33.50245
제주깊은바당	food	126.46614	33.50574
제주깜돈	food	126.66619	33.54184
제주깡통집	bar	126.48416	33.48789
제주꼬끼오	food	126.18261	33.34667
제주꾼	shop	126.39104	33.46920
제주꾼	food	126.47526	33.48600
제주꿀갈비	food	126.51589	33.50833
제주나그네	stay	126.82543	33.55586
제주나기	food	126.37776	33.47568
제주나나	shop	126.42726	33.48764
제주나래	stay	126.86827	33.51659
제주나무카페	cafe	126.71038	33.45620
제주나봄	stay	126.84161	33.53193
제주나비스	stay	126.39154	33.48647
제주나이스포스	shop	126.47640	33.48616
제주나이트	bar	126.48781	33.48953
제주나인리조트	stay	126.45341	33.46486
제주낙원	stay	126.22524	33.32478
제주낚시점	shop	126.51730	33.51799
제주난장	stay	126.52609	33.51534
제주남문숯불치킨제주아라점	food	126.54589	33.47387
제주낭그늘	cafe	126.22626	33.32790
제주낭낭	food	126.79095	33.55301
제주낭만자전거	shop	126.49782	33.49281
제주내리막	food	126.43072	33.49125
제주내음	shop	126.51271	33.50246
제주내음	food	126.43759	33.49556
제주내추럴파크	food	126.53996	33.46872
제주냉삼시대	food	126.51278	33.50413
제주냉삼시대	food	126.56589	33.51942
제주냉삼시대하귀점	food	126.41527	33.48540
제주냥이	shop	126.66843	33.54127
제주네트웍스	shop	126.51801	33.50502
제주넷	shop	126.52706	33.50398
제주노른자와흰자	food	126.53777	33.49611
제주노블레스관광호텔	stay	126.50333	33.50163
제주노을보리	stay	126.16763	33.34169
제주노을채	stay	126.20102	33.34113
제주노인과바다，제주라마르여행사	shop	126.43558	33.49453
제주노조미	food	126.49025	33.47954
제주노총각농부	shop	126.40356	33.47989
제주노형뜨란채점빽다방	cafe	126.47336	33.48659
제주노형피싱샵	shop	126.46649	33.47719
제주놀멍민박	stay	126.35534	33.39644
제주놀하우스	stay	126.26352	33.37347
제주농부여행	shop	126.78765	33.47710
제주농수산	shop	126.31429	33.46389
제주농수산	shop	126.52735	33.51225
제주농수산물판매점	shop	126.52804	33.51716
제주농수축산물유통	shop	126.50943	33.50086
제주농수특산물직매장	shop	126.50627	33.49057
제주농업드론	shop	126.26560	33.40960
제주농협채소조합공동사업법인	shop	126.51965	33.50788
제주누리약국	shop	126.54702	33.46878
제주누오	shop	126.48910	33.48611
제주뉴트라이즈	shop	126.49090	33.47846
제주느낌	stay	126.19556	33.35542
제주는스쿠터다	shop	126.50781	33.50492
제주늘랑	shop	126.52679	33.51263
제주늘보의꿈	stay	126.30956	33.44565
제주늘보의오후	stay	126.16437	33.32406
제주늘봄	food	126.47175	33.47968
제주다금바리회초밥	food	126.49261	33.48652
제주다방	bar	126.49101	33.48275
제주다시	stay	126.22432	33.38614
제주다온샵	shop	126.48627	33.48222
제주다옴돈까스	food	126.41650	33.45847
제주다움	stay	126.63820	33.51380
제주다움법인	shop	126.39467	33.45302
제주다유통	shop	126.51790	33.51135
제주다주	shop	126.48560	33.45803
제주다찌	bar	126.53282	33.51006
제주단성수산	shop	126.46399	33.50458
제주단성재	stay	126.23211	33.38331
제주단식원	shop	126.51932	33.49846
제주달	food	126.39275	33.48469
제주달고나	food	126.40341	33.48074
제주달고둥	bar	126.85446	33.52573
제주달다	stay	126.17114	33.33260
제주달리	stay	126.80011	33.55499
제주달빛	stay	126.66456	33.54012
제주달콤풀빌라	stay	126.45994	33.45166
제주닭집	food	126.48399	33.48410
제주닭집	food	126.66717	33.54103
제주닭한마리	food	126.49054	33.48723
제주담	food	126.76798	33.45125
제주담	shop	126.22532	33.38568
제주담배	shop	126.52573	33.51541
제주담백	food	126.67000	33.54118
제주담스테이	stay	126.52102	33.51734
제주담스파빌	stay	126.22532	33.38568
제주담아	shop	126.18657	33.35314
제주담앙	food	126.53729	33.49213
제주담은협동조합	food	126.50469	33.51530
제주닷옴	shop	126.32627	33.45382
제주당구장	activity	126.52173	33.49947
제주당구클럽	activity	126.48960	33.48529
제주대게와킹크랩크랩스토리	food	126.48267	33.51035
제주대게회타운	food	126.50513	33.51653
제주대동	activity	126.57250	33.45378
제주대통	food	126.48910	33.47730
제주대패	food	126.49302	33.49004
제주대패집	food	126.54632	33.50238
제주대패집외도점	food	126.43217	33.48662
제주대학교소비자생활협동조합	shop	126.56429	33.45723
제주댁	food	126.48269	33.48520
제주댕댕스푼	shop	126.66288	33.54274
제주댕댕스푼	shop	126.83953	33.52932
제주더돈유통	shop	126.57316	33.47068
제주더시즈닝협재흑돼지	food	126.23998	33.39281
제주더아르테미스	stay	126.67841	33.48105
제주더함덕호텔	stay	126.65988	33.54315
제주더힐링	stay	126.27199	33.42264
제주더힐링하우스	stay	126.89855	33.51649
제주데무	shop	126.52442	33.51402
제주도가족펜션행원주택	stay	126.79663	33.53139
제주도강어멍	food	126.53858	33.50539
제주도게스트하우스너븐팡호스텔	stay	126.48958	33.48293
제주도게스트하우스리틀포레스트	stay	126.40190	33.48345
제주도게스트하우스안녕함덕	stay	126.67373	33.54098
제주도게스트하우스애월주택	stay	126.30411	33.44913
제주도게스트하우스친절한경배씨	stay	126.78824	33.55565
제주도게스트하우스파티달이머물다	stay	126.80286	33.55725
제주도게스트하우스파티사교장	stay	126.52146	33.51118
제주도게스트하우스파티애월도	stay	126.41268	33.48939
제주도게스트하우스파티야호텔	food	126.47146	33.49543
제주도게스트하우스파티월정리썬시티	stay	126.79512	33.55341
제주도게스트하우스파티틴더타운	stay	126.80186	33.55688
제주도게스트하우스파티한담누리	stay	126.31238	33.45928
제주도게스트하우스함덕주택	stay	126.66867	33.54031
제주도게스트하우스협재정류장	stay	126.24414	33.39737
제주도고기국수만세국수	food	126.53707	33.49767
제주도고기오빠	shop	126.54609	33.50023
제주도그라이프	stay	126.22108	33.30010
제주도깨비경매장도깨비만물장터	shop	126.41681	33.48703
제주도깨비무한리필	food	126.54163	33.50515
제주도깨비무한리필삼화점	food	126.57240	33.51356
제주도깨비무한리필연동점	food	126.49306	33.48621
제주도담	food	126.47402	33.48545
제주도담	stay	126.25442	33.38002
제주도독채펜션돌담너머집밭담점	stay	126.87853	33.51938
제주도독채펜션오드리하우스	stay	126.66858	33.49312
제주도란다	food	126.50182	33.49941
제주도레인보우	stay	126.89593	33.49214
제주도립김창열미술관	heritage	126.26867	33.33907
제주도메르블루게스트하우스파티	stay	126.89405	33.52207
제주도민상회	food	126.26025	33.41329
제주도민이네라오면	food	126.17880	33.34680
제주도민정육식당제주	food	126.50554	33.51644
제주도바다배낚시체험	activity	126.44935	33.49719
제주도배낚시수용호	activity	126.17834	33.30371
제주도서핑서프론트곽지	activity	126.30566	33.44913
제주도수산	shop	126.51378	33.51489
제주도씨	shop	126.29415	33.44414
제주도애월와인바담	food	126.29201	33.44298
제주도월정리썬시티게스트하우스	stay	126.79512	33.55341
제주도유	stay	126.62609	33.53255
제주도의푸른밤	food	126.78918	33.54405
제주도이호바다배낚시체험	activity	126.44935	33.49719
제주도중고명품다산다	shop	126.52354	33.50860
제주도집민박	stay	126.84031	33.52975
제주도커플펜션루나마르	stay	126.79175	33.55456
제주도파티게스트하우스문어오빠	stay	126.24428	33.39589
제주도펜션디어노이	stay	126.79617	33.53167
제주도푸른밤	food	126.46476	33.50594
제주도피크닉	shop	126.26154	33.40657
제주도하숙집게스트하우스	stay	126.43305	33.49070
제주도한경면펜션	stay	126.18250	33.35664
제주도한라전자담배한라대점	shop	126.47503	33.47862
제주도협재게스트하우스민박	stay	126.24145	33.39463
제주도혼술바오후	bar	126.53124	33.49859
제주독서대전	event	126.54790	33.51499
제주독채펜션돌담감성숙소흐레	stay	126.70466	33.45760
제주독채펜션돌담너머집돌담점	stay	126.88452	33.52193
제주돈	food	126.54973	33.47591
제주돈	food	126.54875	33.49442
제주돈날개	food	126.53114	33.51268
제주돈담	food	126.47683	33.48732
제주돈명가	food	126.52990	33.48681
제주돈삼겹	food	126.53148	33.49671
제주돈삼겹	food	126.52412	33.50660
제주돈소리	food	126.54029	33.50523
제주돈아	food	126.36985	33.47268
제주돈토랑	food	126.48316	33.48565
제주돈품	food	126.53223	33.48880
제주돌돌	cafe	126.29594	33.44632
제주돌루장유통	shop	126.52831	33.51280
제주돌마을공원	heritage	126.25375	33.35378
제주돌문화공원	heritage	126.66399	33.44662
제주돌집탱자싸롱	stay	126.86122	33.52197
제주돌창고	cafe	126.23358	33.33712
제주돌채	stay	126.86368	33.52041
제주돔베고기집	food	126.47849	33.48790
제주돔베마씸	food	126.43044	33.48949
제주돔베막국수	food	126.17936	33.30417
제주돗	food	126.23085	33.33321
제주동동	stay	126.84700	33.52150
제주동문간장게장	food	126.52895	33.51235
제주동문간장게장	food	126.67000	33.54118
제주동문식육점	shop	126.52675	33.51207
제주동물친구들	shop	126.53807	33.51587
제주동백별장	bar	126.48144	33.48672
제주동백을담다	food	126.53947	33.48393
제주동백을담다	food	126.55337	33.48903
제주동복주민협동조합	shop	126.71162	33.55286
제주동복해녀식당	food	126.70687	33.55352
제주동부오토바이	shop	126.54059	33.49878
제주동쪽펜션자쿠지감성숙소차츰	stay	126.63216	33.50217
제주동화마을	nature	126.73204	33.43543
제주돼지빵	food	126.52609	33.51438
제주돼지앤치킨의민족연동점	food	126.48913	33.48901
제주두모스테이	stay	126.20408	33.33743
제주둘리농수산	shop	126.50136	33.49926
제주둥지	cafe	126.25342	33.40084
제주드럼악기점	shop	126.51261	33.50034
제주드레곤하우스	stay	126.23513	33.29283
제주드루앙	stay	126.62117	33.53767
제주드루앙	cafe	126.67857	33.49889
제주들녘	cafe	126.31367	33.41708
제주들불축제	event	126.35767	33.36623
제주등갈비회관	food	126.49392	33.48860
제주등대아구찜	food	126.26190	33.41593
제주디귿	stay	126.61417	33.53710
제주디톡스	shop	126.49319	33.48960
제주따이	food	126.47069	33.48247
제주떡고을	food	126.53263	33.50163
제주떡집	food	126.45585	33.50123
제주떡집열매	food	126.54446	33.48574
제주또시랑	food	126.55325	33.49564
제주또올레	stay	126.20130	33.36085
제주뚱이김밥	food	126.52013	33.50566
제주라라하우스	stay	126.22098	33.37257
제주라면	food	126.44609	33.49411
제주라면	food	126.46989	33.50695
제주라온빌리지	stay	126.36390	33.47793
제주라이브	bar	126.49016	33.48634
제주라일락	stay	126.83573	33.53903
제주라프	heritage	126.70696	33.48682
제주라플레르	shop	126.57720	33.51822
제주랙아일랜드	shop	126.50430	33.50791
제주랭삼제원점	food	126.49215	33.48817
제주러브랜드	activity	126.48838	33.45208
제주레디영약국	shop	126.49029	33.48680
제주레몬시티	activity	126.60655	33.51825
제주레이크민박	stay	126.39011	33.47138
제주레인보우	food	126.47130	33.50860
제주레일바이크	activity	126.83663	33.46436
제주레저힐링축제	event	126.66907	33.54271
제주레포츠랜드	activity	126.63857	33.48179
제주렌탈클럽	shop	126.55173	33.50032
제주로감성편의점	shop	126.48001	33.49977
제주로또명당	activity	126.47312	33.49420
제주로베로	stay	126.52194	33.51286
제주로브	food	126.24534	33.39897
제주로얄유통	shop	126.54058	33.47068
제주로얄호텔	stay	126.49166	33.48849
제주로와민박	stay	126.48924	33.48850
제주로움	food	126.79221	33.55248
제주로컬푸드연동점	shop	126.48155	33.49393
제주롤러올레	activity	126.50345	33.50117
제주르네상스	food	126.49083	33.48657
제주르방	food	126.26651	33.38582
제주를그리다	stay	126.63857	33.46935
제주를담다	stay	126.84963	33.49094
제주를담은푸르츠	shop	126.69669	33.54836
제주를맛보다	shop	126.57212	33.45807
제주를품다	food	126.50165	33.49257
제주를품다	shop	126.25853	33.30577
제주리움	stay	126.90002	33.48595
제주리조텔	stay	126.25218	33.37841
제주리조트	stay	126.39305	33.48292
제주마건강원	shop	126.55636	33.51495
제주마농	stay	126.65125	33.54782
제주마당	food	126.45812	33.49819
제주마당간장게장	shop	126.45812	33.49819
제주마라도수산	shop	126.51541	33.51688
제주마로	stay	126.24632	33.39840
제주마방목지	activity	126.60369	33.42759
제주마스터낚시	shop	126.46090	33.49457
제주마실게스트하우스	stay	126.51356	33.49888
제주마음	food	126.48455	33.48646
제주마중	stay	126.23035	33.38922
제주마중판포	stay	126.19737	33.36564
제주마중협재	stay	126.24642	33.39828
제주마지막회	food	126.25497	33.40579
제주마축제	event	126.39313	33.40987
제주마트신산점	shop	126.53857	33.50881
제주만금국수	food	126.53235	33.50812
제주만두김밥	food	126.66649	33.54178
제주만석	food	126.51324	33.50429
제주만석이펜션	stay	126.23023	33.38671
제주만선갈치	food	126.30601	33.44994
제주만족아라점	food	126.54476	33.47333
제주만족외도점	food	126.43192	33.48711
제주만주	food	126.36863	33.47212
제주맑음	food	126.52100	33.51344
제주맘	shop	126.52675	33.51157
제주맛담	food	126.52237	33.49649
제주맛집	food	126.48031	33.49064
제주맛집칼국수	food	126.67950	33.43636
제주맛집하루백면칼국수본점	food	126.61052	33.46744
제주맛집한끼국밥하귀외도점	food	126.41229	33.48420
제주맥주	activity	126.24127	33.35848
제주머슴네	food	126.25925	33.41265
제주머슴네	food	126.25000	33.40016
제주머슴네전복김밥	food	126.21885	33.37815
제주먼지	shop	126.79373	33.55447
제주메가스포츠	shop	126.51391	33.49842
제주메드	shop	126.54285	33.50139
제주메밀막국수함흥냉면	food	126.52705	33.51352
제주메밀면가	food	126.44978	33.49694
제주면가식품	food	126.49819	33.49871
제주면옥	food	126.26651	33.38582
제주명과	food	126.85773	33.52215
제주명당	activity	126.52998	33.49699
제주명월구락부	food	126.26350	33.37780
제주명월역	cafe	126.26209	33.39166
제주명태어장삼화점	food	126.57787	33.51750
제주명품도자기	shop	126.48889	33.48729
제주명품쑥보리빵	food	126.43066	33.49253
제주명품주	shop	126.50700	33.49805
제주명화수산	shop	126.51057	33.51337
제주모다정	food	126.48269	33.48509
제주모락	food	126.48431	33.48433
제주모레	stay	126.27073	33.43699
제주모먼트	stay	126.24634	33.39920
제주모임하우스	stay	126.32226	33.42717
제주모퉁이돌	food	126.18422	33.34970
제주몰래물밥상	food	126.46370	33.50417
제주몸국	food	126.46709	33.50248
제주몹시	cafe	126.43359	33.49458
제주몽	food	126.48626	33.45460
제주몽	food	126.67275	33.54372
제주몽글랑	stay	126.44118	33.45327
제주몽돌	stay	126.43657	33.49449
제주무떡볶이	food	126.51861	33.51240
제주무이	stay	126.38810	33.46910
제주무지개	food	126.51567	33.51702
제주무지개하우스	stay	126.67336	33.54301
제주무향	food	126.50280	33.51193
제주무화펜션	stay	126.70687	33.48782
제주문	shop	126.52694	33.51288
제주문릿온수수영장독채풀빌라	stay	126.79049	33.55322
제주문학관	heritage	126.51786	33.48139
제주문화센터	shop	126.52600	33.50836
제주문화원	heritage	126.52429	33.51788
제주물사랑홍보관	heritage	126.53103	33.51557
제주물오름	food	126.66755	33.54165
제주뮤직	shop	126.53976	33.48876
제주미니골프	food	126.66046	33.46269
제주미니호텔	stay	126.51342	33.49936
제주미담	food	126.53729	33.50238
제주미당	food	126.51050	33.50085
제주미라클호텔	stay	126.49639	33.49215
제주미래골프	shop	126.53356	33.49535
제주미래꿈터로뎀센터	shop	126.42263	33.48810
제주미래산업	shop	126.42952	33.49042
제주미르	food	126.39523	33.48379
제주미쁨	shop	126.50425	33.51356
제주미소	food	126.54367	33.50175
제주미술연구소	shop	126.53082	33.50208
제주미식회	food	126.53537	33.50995
제주미영이네	shop	126.19726	33.33593
제주미용기구상사	shop	126.53663	33.50494
제주미유	shop	126.36903	33.47796
제주미유애월점	shop	126.36903	33.47796
제주미작	cafe	126.24471	33.39471
제주미주스포츠	shop	126.51523	33.50479
제주미친흑돈	food	126.27488	33.43666
제주미트	shop	126.51096	33.46947
제주미헌	stay	126.50857	33.51241
제주민들레	stay	126.41938	33.49000
제주민박	stay	126.51175	33.51289
제주민박애일당	stay	126.29569	33.44275
제주민속감자탕	food	126.54414	33.49121
제주민속떡집	food	126.54642	33.50041
제주민유통	shop	126.50794	33.50500
제주믿음통신	shop	126.46402	33.49476
제주밀	shop	126.52463	33.51316
제주밀라네사뷔페	food	126.59049	33.50982
제주밀연구회	cafe	126.59837	33.50100
제주밀팡제빵소	food	126.41074	33.46568
제주바다너머집	stay	126.90133	33.50982
제주바다민박	stay	126.90901	33.49362
제주바다애월바람결	stay	126.35387	33.47498
제주바다에	food	126.53835	33.48604
제주바다올레	stay	126.27692	33.44065
제주바다체험장	activity	126.73710	33.55544
제주바닷가의나루터	food	126.50481	33.51665
제주바닷마을다이어리	stay	126.63826	33.53831
제주바당	food	126.48556	33.48726
제주바당민박	stay	126.59290	33.52965
제주바라기	stay	126.67361	33.53840
제주바른손김밥	food	126.48172	33.48163
제주바른축산	shop	126.52721	33.48764
제주바른축산정육식당	food	126.52721	33.48764
제주바이네르	shop	126.47185	33.48074
제주바이오	shop	126.52854	33.51007
제주바이오리파인	shop	126.50514	33.49924
제주바이크	shop	126.50033	33.49370
제주바이크	shop	126.52222	33.50915
제주반디하우스	stay	126.25655	33.31614
제주반딧불	stay	126.19702	33.30211
제주반딧불한담애월점	food	126.31011	33.46333
제주반지만들기	shop	126.49639	33.49215
제주반찬이야기	shop	126.54211	33.49525
제주발건강센터	shop	126.49038	33.48323
제주발렛파킹	shop	126.45999	33.49208
제주발리리조트	stay	126.24972	33.38939
제주발리볼클럽	shop	126.53766	33.50910
제주밤밤	bar	126.47346	33.48668
제주밥보장터	food	126.65866	33.50416
제주밥상	food	126.49208	33.48272
제주밥상살레	food	126.23032	33.38760
제주방앗간	food	126.66095	33.54312
제주방탈출	activity	126.52857	33.50093
제주방탈출제원점	activity	126.49031	33.48662
제주밭담숲치유농장	activity	126.76166	33.54314
제주밭담축제	event	126.77800	33.56323
제주밭떼기	shop	126.56154	33.49155
제주배낚시체험전진호	activity	126.44996	33.49633
제주백년초핫도그달리는섬	food	126.35835	33.36299
제주백반집	food	126.16685	33.32977
제주백세건강	shop	126.52525	33.51271
제주백정	food	126.26503	33.41154
제주베스트힐	stay	126.65771	33.45383
제주베아툼스파앤풀빌라	stay	126.90048	33.48582
제주베이	stay	126.42659	33.49429
제주베이통갈치구이	food	126.42659	33.49429
제주베지스	food	126.26522	33.32087
제주베트남교민회	food	126.46155	33.47532
제주벨리타캠핑장	stay	126.69782	33.50807
제주벨미동문	shop	126.52608	33.51196
제주벨미신비의도로점	shop	126.48737	33.44999
제주벨미협재점	shop	126.24087	33.39388
제주별꿈펜션민박	stay	126.39517	33.46775
제주별바람	stay	126.27256	33.43463
제주별빛누리공원	nature	126.54920	33.44461
제주별이상회	shop	126.48918	33.48661
제주병풍사	shop	126.52609	33.50897
제주보람전기조명	shop	126.39125	33.47297
제주보리게스트하우스	stay	126.78379	33.46829
제주보리빵	food	126.48152	33.48985
제주보리촌	food	126.54286	33.49546
제주보말칼국수	food	126.52323	33.50993
제주보명수산	food	126.25099	33.40198
제주보쌈삼화점	food	126.57770	33.51836
제주보청기	shop	126.48844	33.48973
제주복권	activity	126.52013	33.50499
제주복이당	cafe	126.52532	33.51440
제주본	food	126.48376	33.48412
제주본가	food	126.67903	33.43625
제주본국수	food	126.22955	33.38813
제주본초협동조합	shop	126.18230	33.30255
제주본토박이	food	126.53392	33.49653
제주볼링몰	shop	126.52463	33.50482
제주봄날	cafe	126.30959	33.46251
제주부라쉬	shop	126.51578	33.51053
제주북촌집	stay	126.69237	33.55024
제주분식	food	126.49757	33.49151
제주불고기제불	food	126.25100	33.40198
제주불빛정원	nature	126.40898	33.42263
제주브이스포츠	shop	126.54582	33.50809
제주블라인드마트	shop	126.54323	33.50010
제주블랑	stay	126.22842	33.38818
제주블랙라벨	shop	126.44136	33.48858
제주블랙스톤	shop	126.68152	33.49099
제주블루홀	shop	126.85510	33.52746
제주비바리포크	shop	126.45595	33.49314
제주비양도협동조합	shop	126.23066	33.40608
제주비전하우스	stay	126.52509	33.51575
제주비치펜션	stay	126.34941	33.47193
제주비치하우스	stay	126.48845	33.51807
제주빅볼랜드	activity	126.77571	33.44311
제주빙새기	stay	126.23226	33.38604
제주빛깔	food	126.63690	33.53959
제주빠델	activity	126.37619	33.41939
제주빽다방	cafe	126.54110	33.48996
제주사계절삼계탕	food	126.51240	33.50930
제주사람들농수산	shop	126.26459	33.41956
제주사람수다	stay	126.74639	33.55725
제주사랑	stay	126.25444	33.37802
제주사랑	shop	126.52750	33.51738
제주사랑농수산	shop	126.81747	33.55336
제주사랑오메기떡	food	126.50110	33.49919
제주사랑운동센터메디짐	activity	126.47758	33.48703
제주사랑터울	stay	126.49600	33.51855
제주사랑펜션민박	stay	126.36125	33.44841
제주사랑호	activity	126.38003	33.48129
제주산방식당외도점	food	126.43381	33.48937
제주산방식당우도점	food	126.95110	33.49366
제주산방식당협재점	food	126.24429	33.39695
제주산방식당화북점	food	126.56531	33.51535
제주산숯불구이	food	126.66597	33.54204
제주산올레모텔	stay	126.51327	33.50045
제주산전	shop	126.54655	33.47188
제주산지직송	shop	126.53290	33.50162
제주살가	stay	126.30241	33.42271
제주살롱	cafe	126.78259	33.47105
제주삼각집	stay	126.66390	33.54094
제주삼다가구	shop	126.59746	33.51714
제주삼다가정육	shop	126.49716	33.48078
제주삼다냉면	food	126.53389	33.49525
제주삼다도돌담	stay	126.20719	33.36020
제주삼다도횟집	food	126.49902	33.51926
제주삼다수산	food	126.81208	33.49513
제주삼다수산식당	food	126.85386	33.52488
제주삼달집	food	126.48068	33.48879
제주삼대약초	shop	126.42451	33.48718
제주삼성축산	shop	126.52686	33.50081
제주삼춘네	food	126.52895	33.51235
제주삼춘네우도점	food	126.96902	33.49773
제주삼춘오마카세	food	126.52442	33.51460
제주삼춘함덕월정조천흑돼지	food	126.66734	33.54180
제주삼호복집	food	126.48054	33.48706
제주삼화백다방	cafe	126.58766	33.51729
제주상고지리로코스메틱	shop	126.71191	33.45774
제주상품생산판매사업협동조합	shop	126.48787	33.48685
제주상회	shop	126.52451	33.50777
제주새마을막창	food	126.57312	33.51940
제주새벽시장	shop	126.50652	33.50002
제주새참	food	126.24777	33.40009
제주생활	shop	126.47916	33.47652
제주생활가구	shop	126.51541	33.51054
제주서가	stay	126.35274	33.44185
제주서린고기국수공항	food	126.49955	33.51865
제주서문수산	food	126.51790	33.51135
제주서부오토바이	shop	126.47357	33.48204
제주서부테니스	activity	126.25458	33.31742
제주서부파리바게뜨	food	126.47468	33.48613
제주서부휴게소점	food	126.45517	33.46493
제주서사	stay	126.18285	33.33455
제주서우봉비치호텔	stay	126.66029	33.54283
제주서쪽	stay	126.26762	33.42597
제주서쪽	stay	126.40660	33.47992
제주서쪽애월해안도로민박루미르오션	stay	126.36416	33.47785
제주서프로와이호점	activity	126.44798	33.49776
제주서핑도	activity	126.43260	33.44729
제주석창포	shop	126.25623	33.34205
제주선물	shop	126.55465	33.49609
제주선물고팡	shop	126.52694	33.51288
제주선물블루베이	shop	126.52768	33.51236
제주선샤인호텔	stay	126.66179	33.54425
제주선스테이	stay	126.26430	33.37289
제주선인장마을	activity	126.25292	33.35424
제주설심당	cafe	126.49290	33.51944
제주설심당협재점	cafe	126.24285	33.39590
제주설치센타	shop	126.24507	33.35998
제주섬국수	food	126.47174	33.47849
제주섬돈	food	126.49114	33.49056
제주섬돌	food	126.43797	33.48292
제주섬돌	stay	126.33300	33.43763
제주섬돌로와	food	126.48001	33.48799
제주섬마리	stay	126.17781	33.33462
제주섬보물찾기사업단	shop	126.48269	33.48170
제주섬신룽푸마라탕한라대점	food	126.47516	33.47852
제주섬타임즈	stay	126.42378	33.49331
제주섬프루츠	food	126.46795	33.48036
제주성만의료기	shop	126.53500	33.49113
제주성익농원	shop	126.52988	33.49139
제주성지	heritage	126.52558	33.51029
제주세끼	shop	126.26034	33.40979
제주세렌디피티	bar	126.53725	33.51380
제주세무서탐라한라온	stay	126.58194	33.52033
제주세사	shop	126.52086	33.51757
제주세요각시	shop	126.52836	33.51123
제주세원이네	food	126.53252	33.50816
제주세호해장국연동점	food	126.49348	33.48387
제주세호해장국연동점	food	126.48992	33.49115
제주소금빵베이글포레스트	food	126.49756	33.49101
제주소길리댁	stay	126.36746	33.43864
제주소녀	food	126.81163	33.49464
제주소담민박	stay	126.33605	33.40166
제주소드래	food	126.53673	33.50407
제주소랑앤팜스빌리지	stay	126.28535	33.44258
제주소랑약국	shop	126.48570	33.46893
제주소로르	shop	126.53174	33.49825
제주소록	stay	126.67504	33.54084
제주소방공사	shop	126.52318	33.50925
제주소설	stay	126.40545	33.48109
제주소소민박	stay	126.37486	33.41712
제주소울	shop	126.47668	33.48884
제주소품	shop	126.67277	33.54332
제주소품관	shop	126.95492	33.52343
제주소품샵드문	shop	126.37625	33.48101
제주소품샵메르시제주	shop	126.51263	33.51456
제주소품샵선물가게바나나제주	shop	126.46840	33.47810
제주소품샵섬띵	shop	126.22970	33.38831
제주소품샵시키애월점	shop	126.36407	33.47802
제주소풍김밥	food	126.47463	33.48517
제주소하	stay	126.34926	33.45498
제주송당안가네대농장	shop	126.81157	33.49446
제주송정농원	activity	126.56422	33.48018
제주쇠막	food	126.53326	33.48784
제주쇼핑	shop	126.60498	33.48579
제주수다방	shop	126.51240	33.50034
제주수라상	bar	126.70980	33.43273
제주수리빙텔	stay	126.51744	33.50060
제주수발	shop	126.54800	33.47025
제주수산어벤져스	shop	126.48461	33.48869
제주수울	bar	126.51865	33.51204
제주수입가전서비스센터	shop	126.51020	33.49314
제주수장고	shop	126.47943	33.48752
제주수제담배	shop	126.52644	33.50054
제주수협유통제주바다만찬씨갤러리	food	126.50980	33.49246
제주숙소말레콘	food	126.79357	33.55820
제주숙소스테이셀레네	stay	126.80734	33.55594
제주순두부	food	126.54327	33.49802
제주순풍	food	126.48020	33.47493
제주순풍신제주	food	126.48020	33.47493
제주순풍해장국	food	126.67399	33.53986
제주숨비	stay	126.27971	33.44103
제주숲	food	126.79687	33.55517
제주숲누룽지통닭	food	126.43044	33.49123
제주숲바베큐	food	126.76135	33.54291
제주스	cafe	126.52694	33.51288
제주스러움	food	126.36018	33.36109
제주스런	shop	126.66939	33.49580
제주스럽닭	food	126.47031	33.48280
제주스럽닭애월곽지점	food	126.30443	33.44944
제주스마트파종센터	shop	126.26435	33.38137
제주스위스마을	heritage	126.67678	33.49391
제주스카이라인휴양펜션	stay	126.48319	33.44141
제주스카이에어컨할인점	shop	126.51415	33.50081
제주스컹크웍스혼술바	food	126.52960	33.49790
제주스쿨케어	shop	126.41747	33.46758
제주스크린골프존	activity	126.52963	33.49203
제주스타유통	shop	126.49882	33.49767
제주스탠다드	stay	126.20384	33.31534
제주스탠다드뮤직	shop	126.49990	33.48291
제주스테이	stay	126.52073	33.51444
제주스테이고유	stay	126.68798	33.48011
제주스테이대흘	stay	126.66722	33.50939
제주스테이머들감성자쿠지펜션	stay	126.19100	33.34093
제주스테이멀리	stay	126.26874	33.42784
제주스테이식당	food	126.52073	33.51444
제주스테이유선	stay	126.18583	33.35287
제주스토리	shop	126.51837	33.51028
제주스토리	shop	126.48972	33.48604
제주스포츠	shop	126.51865	33.48999
제주스포츠	activity	126.42812	33.48946
제주승마공원	activity	126.40769	33.40658
제주승마공원	activity	126.40606	33.40511
제주승마스쿨	activity	126.42539	33.47584
제주시가샵	shop	126.52144	33.51448
제주시간여행휴양펜션	stay	126.37616	33.47201
제주시나몬	shop	126.42275	33.45776
제주시농업협동조합하나로마트	shop	126.46736	33.48760
제주시농업협동조합하나로마트오라점	shop	126.50481	33.49382
제주시농협외도지점	shop	126.43114	33.49049
제주시니어클럽탐나는에코	shop	126.47736	33.49275
제주시듬삭헌국밥집	food	126.55878	33.51675
제주시산림조합로컬푸드	shop	126.51284	33.47040
제주시새우리	food	126.52075	33.51464
제주시스템	shop	126.54821	33.47234
제주시스템	shop	126.52820	33.51067
제주시월	stay	126.74653	33.48450
제주시절	stay	126.23158	33.38879
제주시티락볼링센터	activity	126.52725	33.50010
제주시티락볼링센터편의점	shop	126.52725	33.50010
제주신도시	food	126.79837	33.55462
제주신발유통	shop	126.56531	33.51854
제주신서란진흥원	cafe	126.57643	33.52220
제주신용협동조합실내	activity	126.54103	33.50506
제주신촌돌집독채민박	stay	126.62081	33.53668
제주신촌바다뷰게스트하우스	stay	126.62038	33.53737
제주신흥해수욕장	beach	126.64853	33.55195
제주싸이클	shop	126.54492	33.50105
제주썬랜드호텔	stay	126.48960	33.48396
제주썬호텔	stay	126.49391	33.49013
제주쏭쏭수산	shop	126.78455	33.46949
제주아꼼이네오션라운지	cafe	126.58775	33.52691
제주아라상사	shop	126.54338	33.48586
제주아로마	shop	126.54222	33.50414
제주아방	food	126.49072	33.47991
제주아비아	shop	126.52725	33.51439
제주아사히블루	bar	126.54258	33.50185
제주아이	stay	126.17847	33.33454
제주아이드림	food	126.52716	33.51196
제주아이티컴퓨터	shop	126.52703	33.49445
제주아이폰수리싸다구아라통신	shop	126.54481	33.47668
제주아이푸드	cafe	126.52606	33.51174
제주아트센터	heritage	126.51552	33.47508
제주아트인유협동조합	shop	126.49582	33.49178
제주아트조경	shop	126.27279	33.41695
제주아홉	bar	126.23151	33.38935
제주악기	shop	126.53308	33.49412
제주안	food	126.28305	33.37239
제주안뜰	stay	126.63760	33.54032
제주안방갈비	food	126.52198	33.49579
제주안전체험관	activity	126.37343	33.39413
제주안주마을	food	126.80479	33.55632
제주알리바바	shop	126.55111	33.49065
제주알모	stay	126.82190	33.53205
제주알호텔	stay	126.51792	33.49943
제주앞바다횟집	food	126.51541	33.51688
제주애견동반솔펜션	stay	126.90179	33.48599
제주애견카페초록동산	food	126.45960	33.48788
제주애단비	stay	126.23384	33.29205
제주애단비귀덕	stay	126.28147	33.44149
제주애단비애월민박	stay	126.31203	33.41540
제주애단비유안	shop	126.31203	33.41540
제주애물들다	stay	126.22153	33.32926
제주애민박	stay	126.33326	33.46622
제주애보리	food	126.51434	33.50972
제주애빛나다	stay	126.22162	33.32940
제주애아리	stay	126.18320	33.34706
제주애월낭만식당김밥고사리육개장	food	126.34697	33.47258
제주애월담오션뷰독채펜션	stay	126.30687	33.44158
제주애월당귤	food	126.37199	33.47779
제주애월드림	stay	126.36358	33.47807
제주애월라꾸르풀빌라펜션	stay	126.35146	33.45834
제주애월리에	food	126.37813	33.47376
제주애월몽	stay	126.36358	33.47807
제주애월민박숙소바움하우스	stay	126.34433	33.45014
제주애월별장	stay	126.42838	33.43077
제주애월역	food	126.37660	33.48012
제주애월의꿈	stay	126.36358	33.47807
제주애월펜션리조트	stay	126.43298	33.43422
제주애월풀빌라	stay	126.32165	33.43277
제주애월해물한상	food	126.40917	33.42468
제주애월회관록산	food	126.31269	33.46186
제주애퐁당	cafe	126.52627	33.51556
제주앤	food	126.54319	33.50250
제주앤고성돈까스	food	126.67265	33.54286
제주앤스시	food	126.53347	33.49608
제주앤아로마	shop	126.52423	33.51496
제주앨리스연동점	cafe	126.49102	33.48014
제주야	bar	126.85450	33.52461
제주야	shop	126.85409	33.52593
제주야구놀이터	shop	126.51295	33.51291
제주야놀자민박	stay	126.33573	33.46591
제주야애월	stay	126.38910	33.45158
제주야영맛집	food	126.48746	33.48575
제주야참숯화로구이	food	126.41683	33.48619
제주양돈축산업협동조합하나로마트	shop	126.47704	33.48843
제주양떼목장	activity	126.36531	33.41124
제주양압기	shop	126.43702	33.49517
제주양조장교래지점	shop	126.66462	33.45059
제주양판점	shop	126.51139	33.51074
제주어류양식수협제주바다만찬씨갤러리	food	126.50987	33.49250
제주어머니집	stay	126.24028	33.31589
제주어멍감자탕	food	126.47484	33.49033
제주어멍통갈치	food	126.48425	33.51166
제주어부의아지망	shop	126.26014	33.41472
제주어부의아지망	shop	126.25908	33.40913
제주어부횟집	food	126.17648	33.30288
제주어부횟집	food	126.19432	33.29764
제주어오내하우스감성숙소	stay	126.25832	33.33659
제주어장	food	126.43064	33.48546
제주어항	food	126.50227	33.51514
제주언니술판다	bar	126.53081	33.49099
제주언니협재	stay	126.27142	33.43552
제주엄마의집밥	food	126.52930	33.50815
제주에가면	food	126.51802	33.51477
제주에꼬치다	food	126.52735	33.51203
제주에내집	stay	126.17905	33.30467
제주에너지누리마당	activity	126.81866	33.55931
제주에맛들다	shop	126.52953	33.48550
제주에산다	stay	126.37598	33.47169
제주에산다면	stay	126.23817	33.33731
제주에산다민박	stay	126.37598	33.47169
제주에서	cafe	126.53354	33.49864
제주에서돌고래를만난다면	stay	126.87095	33.52850
제주에선쪼끌락	stay	126.58190	33.51410
제주에소르가구	shop	126.51598	33.49913
제주에오길잘했다	stay	126.33202	33.42267
제주에오면	food	126.53658	33.51042
제주에이펙셀	shop	126.52794	33.50331
제주에코펜션형민박	stay	126.48283	33.44788
제주에코힐글램핑	stay	126.44088	33.44987
제주에프앤비	shop	126.54575	33.50043
제주엔봄	cafe	126.51466	33.46611
제주엔우영베이커리카페	food	126.85567	33.52327
제주엔젤공방	shop	126.53496	33.49060
제주엔젤풀빌라	stay	126.46019	33.45075
제주엔찜함덕	food	126.66950	33.54249
제주엘림하우스	stay	126.67148	33.54231
제주엘토가구	shop	126.42145	33.43357
제주여기머물다	stay	126.89247	33.51016
제주여기쯤	cafe	126.78458	33.47282
제주여름	shop	126.41387	33.45862
제주여백스테이	stay	126.26398	33.42656
제주여성전용게스트하우스한나스테이	stay	126.52749	33.50421
제주여행	stay	126.43171	33.49373
제주여행	shop	126.42824	33.48664
제주여행가야밀면	food	126.48489	33.48804
제주역	stay	126.16589	33.30845
제주역게스트하우스포차	food	126.16589	33.30845
제주역사인문교육원	shop	126.53361	33.49548
제주연동긱스타빽다방	activity	126.49472	33.48935
제주연동분식	food	126.49049	33.48799
제주연동야시장	food	126.49049	33.48799
제주연미민박	stay	126.50745	33.48681
제주연탄돼지불백	food	126.26568	33.40753
제주열대어양식장	shop	126.46175	33.49326
제주영롱가	food	126.54873	33.46985
제주영성모텔	stay	126.53141	33.51294
제주영순이농장	shop	126.19672	33.30286
제주영재숯불	food	126.48724	33.48374
제주영창악기월드중고피아노	shop	126.66767	33.49359
제주예당떡	food	126.51135	33.49263
제주예스약국	shop	126.47126	33.49175
제주예찬	food	126.48689	33.45408
제주옛날통닭	food	126.26411	33.41662
제주옛돈	food	126.51895	33.49409
제주오겹살왕돌구이집	food	126.52496	33.49872
제주오다	stay	126.48778	33.51771
제주오도록	food	126.58611	33.51978
제주오라성	food	126.51184	33.45962
제주오라성베네키아호텔	food	126.36302	33.47724
제주오라성샬롬호텔	food	126.53259	33.50198
제주오라쇼핑	shop	126.51615	33.48564
제주오라클	activity	126.44391	33.49439
제주오름과바당	food	126.26821	33.31890
제주오름넛츠파이	food	126.41341	33.48590
제주오름더덕농원	shop	126.78386	33.47179
제주오름밥상	food	126.73567	33.43449
제주오름야생화	shop	126.24694	33.34984
제주오리궁둥이	food	126.51737	33.50896
제주오메오메한림점	food	126.28424	33.41283
제주오빠네만두	food	126.52735	33.51225
제주오션	shop	126.47364	33.49610
제주오션앤팜	shop	126.52794	33.50331
제주오오	shop	126.48985	33.48924
제주오일장약초	shop	126.47489	33.49724
제주오젠	stay	126.25280	33.38146
제주오토캠핑	shop	126.53143	33.51329
제주오토코	food	126.49045	33.48491
제주오투	bar	126.52130	33.51727
제주오픈마켓	shop	126.55946	33.48602
제주옥상달빛	stay	126.63638	33.51460
제주온	stay	126.84305	33.53338
제주온담샤브	food	126.50137	33.48532
제주온담샤브아라점	food	126.54173	33.47774
제주온팜	shop	126.28261	33.43704
제주올라	stay	126.28509	33.35806
제주올래	stay	126.81040	33.54227
제주올래국수	food	126.50599	33.50090
제주올레떡집	food	126.56578	33.51892
제주올레로	stay	126.43052	33.49346
제주올레마트	shop	126.49002	33.47912
제주올레하우스	stay	126.77845	33.51333
제주올레호텔	stay	126.49197	33.49028
제주올리브	stay	126.90002	33.48595
제주올리브	stay	126.90048	33.48582
제주올림피아	stay	126.66034	33.53408
제주옷가게캄톤	shop	126.53172	33.48718
제주옹기	shop	126.49369	33.49507
제주옹기	food	126.49739	33.48732
제주옹기설렁탕	food	126.49739	33.48732
제주와나	cafe	126.52996	33.50984
제주와봄	stay	126.57802	33.52535
제주와서	stay	126.17981	33.33294
제주와요	stay	126.63856	33.53302
제주와인샵동네	shop	126.48931	33.48121
제주와인아울렛	shop	126.47692	33.48175
제주와인창고	shop	126.49598	33.48505
제주와투어	food	126.48162	33.48383
제주와함께	cafe	126.47409	33.49131
제주와함께라면	food	126.34019	33.46874
제주완도청년수산	food	126.40231	33.48242
제주왓썸	food	126.58420	33.52411
제주왕족보	food	126.52242	33.50603
제주왕족보삼화점	food	126.58164	33.52251
제주외갓집	stay	126.25645	33.32939
제주외도가야카페	cafe	126.43067	33.48898
제주외도오토바이	shop	126.42928	33.49047
제주용담수산	food	126.51408	33.50997
제주용산전자전기	shop	126.50532	33.50106
제주우	stay	126.29119	33.43910
제주우각	food	126.49169	33.48853
제주우공스테이	stay	126.88519	33.50558
제주우도해안민박	stay	126.94894	33.51745
제주우리집	stay	126.65047	33.54742
제주우유	shop	126.54018	33.51259
제주우유건입동보급소	shop	126.54018	33.51259
제주우유삼양보급소	shop	126.58246	33.52088
제주우유애월	shop	126.42829	33.48682
제주우찌	stay	126.26690	33.42509
제주우표사	shop	126.52236	33.51346
제주운집풀빌라노천탕가족독채펜션	stay	126.37770	33.44153
제주울어멍김밥	food	126.47899	33.47866
제주원	shop	126.26149	33.41612
제주원수산	shop	126.57241	33.51474
제주원우정	food	126.47871	33.48745
제주웨스트	stay	126.17320	33.33443
제주웰니스빌리지	stay	126.78663	33.50395
제주웰빙	shop	126.49182	33.48028
제주웰컴센터	heritage	126.49919	33.48576
제주위닉스	shop	126.49431	33.49392
제주위딤	stay	126.25106	33.39716
제주유리사	shop	126.54532	33.50674
제주유리의성휴게음식	food	126.27367	33.31463
제주유스호스텔식당	food	126.32469	33.38597
제주유승	shop	126.53732	33.50524
제주유통	shop	126.44216	33.48889
제주유통	shop	126.52367	33.50335
제주유통	shop	126.52711	33.51424
제주유통주	shop	126.52419	33.51365
제주육대표	food	126.49012	33.49404
제주육로	food	126.49255	33.48794
제주육림서사라점	food	126.51955	33.50983
제주음향	shop	126.48523	33.49348
제주의꿈	stay	126.31041	33.44368
제주의돈	food	126.50440	33.50247
제주의료기상사	shop	126.52401	33.51144
제주의별	cafe	126.51495	33.51561
제주의별·밤	stay	126.20253	33.33377
제주의삶	stay	126.39680	33.46165
제주의아침베이커리	food	126.47048	33.49232
제주의아침베이커리	food	126.49001	33.48017
제주의아침베이커리하가점	food	126.35392	33.46013
제주의온도	cafe	126.40883	33.42979
제주의자	shop	126.55369	33.49644
제주의추억	stay	126.86579	33.51344
제주이경	stay	126.35269	33.44219
제주이글루	stay	126.70923	33.54931
제주이마트아가방	shop	126.52118	33.51797
제주이모네농장	shop	126.53222	33.49819
제주이모집	food	126.52901	33.51282
제주이별공간	shop	126.47668	33.48884
제주이브자리코디센외도점	shop	126.42764	33.49236
제주이안스테이	stay	126.42310	33.48728
제주이야기	shop	126.45887	33.48464
제주이야기민박	stay	126.40945	33.42889
제주이야기비자림점	shop	126.81097	33.49316
제주이와이	food	126.39769	33.47963
제주이자카야달	food	126.39275	33.48469
제주이제이집	stay	126.40238	33.48208
제주이케바나서화시	shop	126.47709	33.48132
제주이티하우스	stay	126.37917	33.48153
제주이프	shop	126.25555	33.37801
제주이호랜드	beach	126.45506	33.49966
제주이호엠에이치컨벤션	food	126.44802	33.49679
제주인	stay	126.44583	33.49184
제주인걸	shop	126.43195	33.48727
제주인드론	shop	126.48886	33.47785
제주인뜰	stay	126.35843	33.46931
제주인바다	food	126.50447	33.51004
제주인셀덤	shop	126.49250	33.48562
제주인양	food	126.53064	33.50400
제주인오사카	food	126.41292	33.48319
제주인진용	shop	126.46415	33.49361
제주인짬뽕	food	126.58408	33.51975
제주인차이나	food	126.42730	33.49107
제주인프로젝트	shop	126.53565	33.49154
제주인해담	stay	126.58830	33.52729
제주인황제건어물	shop	126.43067	33.48754
제주인황제건어물	shop	126.30443	33.44944
제주일도냉삼	food	126.54332	33.50306
제주일번가	activity	126.48944	33.48551
제주일산칼국수	food	126.48381	33.48791
제주일상	shop	126.86714	33.52159
제주일품흑돈	shop	126.41480	33.48605
제주입소문	shop	126.47272	33.48179
제주잇다	stay	126.17288	33.33126
제주잇수다	shop	126.47310	33.48104
제주잇수다	shop	126.47165	33.47545
제주잇츠유풀빌라	stay	126.35934	33.47467
제주자락	stay	126.18247	33.31045
제주자연인글램핑	shop	126.53996	33.46872
제주자연인펜션글램핑	stay	126.53996	33.46873
제주자연잔디	shop	126.54153	33.47659
제주자작제주혼술바탑동	food	126.52391	33.51357
제주작은집	food	126.46304	33.49300
제주잠수함	activity	126.65248	33.55154
제주잡지클럽	shop	126.52921	33.51474
제주장수곳오션뷰바닷가커플가족	stay	126.23015	33.38877
제주장충왕족발	food	126.49785	33.48543
제주저녁노을민박	stay	126.40972	33.48893
제주전기고장누전수리바른전기조명제주	shop	126.32314	33.46426
제주전동놀이터	shop	126.53639	33.51068
제주절물자연휴양림	nature	126.62522	33.44008
제주점문화비	shop	126.48184	33.48244
제주점오가닉맘매장	shop	126.48184	33.48244
제주접작뼈국	food	126.18612	33.35541
제주정	food	126.57896	33.52101
제주정낭집	food	126.53315	33.48828
제주정낭집	food	126.58447	33.52172
제주정낭집아라점	food	126.54969	33.47712
제주정낭집연동점	food	126.49801	33.48542
제주정석	shop	126.47333	33.50478
제주정성다함	food	126.59036	33.50688
제주정식	food	126.48965	33.47729
제주정지	food	126.49045	33.51893
제주정직한돈협재한림점	food	126.25034	33.38911
제주제라진통닭	bar	126.54315	33.49557
제주제이스타	stay	126.24549	33.29725
제주제일건강원	shop	126.63569	33.53527
제주조개창고	food	126.49265	33.49053
제주조개칼국수	food	126.52657	33.51423
제주조우아	stay	126.28122	33.41369
제주조우아월림	stay	126.23227	33.35297
제주조이랜드	stay	126.32513	33.45491
제주조이황토리조트	stay	126.36643	33.44894
제주조천물고기	stay	126.63718	33.54115
제주족발보쌈	food	126.48770	33.49184
제주종가	food	126.53061	33.50092
제주종이가게	food	126.62214	33.53659
제주종합문구	shop	126.49187	33.47745
제주종합악기	shop	126.47586	33.48390
제주종합주방	shop	126.51435	33.46339
제주주당	bar	126.53944	33.50731
제주주락	bar	126.52511	33.51434
제주주민센터	food	126.52007	33.51420
제주주방	shop	126.51203	33.50957
제주주짓수팀루츠	activity	126.48258	33.48411
제주준호네	shop	126.29566	33.44073
제주중고명품시계매입제주와치	shop	126.48211	33.48705
제주지은이네타운하우스	stay	126.22108	33.30010
제주지현정식닭갈비	food	126.46992	33.48333
제주진가구	shop	126.54860	33.46578
제주진명수산	shop	126.52863	33.51680
제주진심돌봄통합재가복지센터	shop	126.54894	33.47262
제주진플라워	shop	126.43144	33.49189
제주집	stay	126.59023	33.52816
제주집두모공	stay	126.18294	33.35702
제주차귀도요트투어	activity	126.16602	33.32399
제주착한닭강정	food	126.85291	33.52459
제주찰리아저씨	shop	126.17722	33.30295
제주참맛뼈다귀탕	food	126.48041	33.47651
제주참수산	shop	126.52824	33.51209
제주참앤참	shop	126.50859	33.50188
제주창고	shop	126.74900	33.55514
제주창의메이커협동조합	shop	126.50807	33.50293
제주채움	shop	126.52433	33.51167
제주책방·사랑방	heritage	126.52832	33.51492
제주천수옥	food	126.52146	33.51118
제주첨단	shop	126.53484	33.49588
제주첫날	stay	126.82140	33.53229
제주첫날두근	stay	126.82140	33.53229
제주청년살이	stay	126.24372	33.39580
제주청년어부협동조합	activity	126.27115	33.43576
제주청년회	food	126.91089	33.49714
제주청소년수련원	activity	126.23633	33.37761
제주청소년카페그래	cafe	126.17985	33.30138
제주청정원한우마당	food	126.49213	33.48796
제주청정해담회센터협재한림점	shop	126.26311	33.40831
제주체험마을	activity	126.26277	33.41978
제주초밥	food	126.47746	33.48256
제주초연갈비	food	126.43323	33.49001
제주촌캉스	stay	126.65867	33.52501
제주총각건어물	shop	126.95790	33.51569
제주축산농협아라지점	shop	126.54297	33.48603
제주축산농협한우프라자아라점	food	126.54297	33.48603
제주치즈체험하우스	activity	126.32535	33.39724
제주친정	food	126.24930	33.37906
제주칠성로상점가	shop	126.52612	33.51403
제주칠성시티오브드림즈컨버스	shop	126.52517	33.51466
제주침술	food	126.53049	33.50111
제주카약올레	activity	126.31049	33.46236
제주카트클럽	activity	126.25600	33.34772
제주카페백년	food	126.84002	33.53356
제주칼국수장수상회	food	126.66218	33.54518
제주칼치집탑통	food	126.51903	33.51770
제주칼호텔아케이트내여성의류	shop	126.52644	33.50567
제주커튼블라인드감성데코제주점	shop	126.48211	33.48705
제주커피로스테리아	cafe	126.47526	33.49268
제주커피집심심	cafe	126.47690	33.48063
제주케이앤비	shop	126.52789	33.50020
제주케이엠씨	shop	126.48182	33.48701
제주케이터링	food	126.30156	33.44831
제주코	food	126.28455	33.37281
제주코기네	stay	126.63915	33.54363
제주코맥스	shop	126.46379	33.50478
제주코삿호다	shop	126.50813	33.51463
제주코아호텔	stay	126.49605	33.48409
제주콩한그릇	food	126.66020	33.54357
제주크루져협동조합	activity	126.73726	33.55825
제주큰별	food	126.25034	33.38911
제주클레르드륀	food	126.34028	33.46595
제주클레르드륀민박	stay	126.34028	33.46595
제주키즈가족겸손스테이	stay	126.20189	33.36159
제주키즈엠	shop	126.42933	33.48562
제주키즈풀빌라나무와아이	stay	126.68169	33.43792
제주킹마트동	shop	126.53550	33.51346
제주킹방역용품	shop	126.51456	33.50198
제주킹스토아주	shop	126.53550	33.51346
제주타요렌터카매점	shop	126.46486	33.49393
제주탁구클럽	activity	126.47882	33.48708
제주탐나도다	food	126.21077	33.34191
제주탐나라공화국	activity	126.32569	33.33451
제주탐나봉	shop	126.52878	33.51252
제주탐나오메기떡	food	126.52773	33.50369
제주탐돈	food	126.54622	33.47272
제주탐방공인중개사사무소	food	126.47479	33.48927
제주탐스런귤자매	shop	126.25439	33.33060
제주탑동골목	bar	126.52609	33.51534
제주탑푸드	food	126.49759	33.49200
제주탕후루	food	126.49049	33.48799
제주태린농장	shop	126.26707	33.38523
제주태백산본점	food	126.46721	33.49477
제주태양누웨마루특산물할인매장	shop	126.49097	33.48966
제주태원	food	126.53896	33.50895
제주택	stay	126.57633	33.52619
제주터미널식당	food	126.51487	33.49971
제주테니스아카데미	activity	126.51965	33.50368
제주테니스핏	activity	126.47719	33.49612
제주테크엘이디	shop	126.45137	33.49206
제주텔레콤	shop	126.26461	33.41453
제주토마토약국	shop	126.48590	33.49013
제주토비스콘도한식당	food	126.31263	33.46297
제주토속	food	126.52800	33.50287
제주통돼지바베큐	food	126.43401	33.49405
제주통일관	heritage	126.53063	33.50688
제주통큰장어	food	126.54213	33.50156
제주통큰장어별관	food	126.54213	33.50156
제주통큰장어화북점	food	126.57255	33.51399
제주트립티	cafe	126.51382	33.46468
제주트립티산지	cafe	126.52850	33.51509
제주특별자치도관광공예협동조합	shop	126.23783	33.39100
제주특별자치도농업기술원서부농업기술센터	nature	126.24861	33.35339
제주특별자치도립미술관	heritage	126.48974	33.45252
제주특별자치도스쿼시연맹	activity	126.51880	33.49506
제주특별자치도지적발달장애인복지협회	shop	126.52494	33.50090
제주특별자치도청후생복지회	shop	126.49773	33.48821
제주특별자치도체육회	food	126.51880	33.49506
제주특산농수산물	shop	126.50552	33.50148
제주특산물앤산야초	stay	126.19815	33.36473
제주특산품	shop	126.82543	33.55586
제주특산품할인매장	shop	126.58146	33.49762
제주튼튼한약국	shop	126.53943	33.48918
제주티이아이	shop	126.52608	33.51328
제주팀버하우스민박	stay	126.30771	33.45084
제주파대기순대국	food	126.48505	33.48697
제주파도소리	stay	126.90038	33.51495
제주파도소리펜션민박	stay	126.90002	33.51456
제주파스타맛집라따뚜이	food	126.48961	33.48745
제주파크힐	stay	126.53220	33.50807
제주파티풍선	shop	126.49911	33.48489
제주파파스픽	shop	126.49672	33.48431
제주파파일일	food	126.53740	33.51778
제주팔레스개발주	stay	126.52372	33.51688
제주팔레스호텔	stay	126.52368	33.51688
제주팜	shop	126.31429	33.46389
제주팜엔피쉬	food	126.51961	33.51286
제주팜이십일	shop	126.57401	33.44950
제주팜파스펜션	stay	126.67386	33.43610
제주팟타이	food	126.52646	33.51028
제주퍼스널모빌리티	shop	126.51690	33.49202
제주페이벡	shop	126.54627	33.50294
제주펜션선빈민박	stay	126.36562	33.44934
제주펜션여행	stay	126.53119	33.49728
제주펜션판포가족별장판포웅이네	stay	126.20032	33.35453
제주편백한옥펜션	stay	126.65037	33.48837
제주포도	stay	126.52797	33.50086
제주포램	food	126.49104	33.48065
제주포레스타힐	stay	126.47690	33.43973
제주포레스트카라반캠핑	stay	126.78118	33.46482
제주포차함덕집	food	126.66270	33.54301
제주폰마트	shop	126.51324	33.50437
제주푸드	shop	126.54623	33.48714
제주풀무질	shop	126.85888	33.51321
제주풀북	stay	126.66152	33.54086
제주풀빌라셋별	stay	126.71455	33.54805
제주풍천가	food	126.49823	33.47822
제주프라이빗풀빌라펜션	stay	126.46385	33.50177
제주프라임레저	activity	126.37937	33.41684
제주프랜	stay	126.26742	33.40175
제주프레시	shop	126.52677	33.50934
제주프레임호스텔	stay	126.39241	33.48485
제주프렌즈	stay	126.20085	33.36152
제주프로샵	shop	126.53214	33.49350
제주프로포즈풀빌라	stay	126.84704	33.51895
제주플라워	shop	126.51600	33.50431
제주플라워	shop	126.30664	33.39955
제주플래시모바일	shop	126.48174	33.48424
제주플래티늄카라반	stay	126.40139	33.48349
제주플레이그라운드	bar	126.29148	33.43528
제주플로라	stay	126.25048	33.38643
제주피슈마라홍탕	food	126.52992	33.49911
제주피싱테마파크	activity	126.64694	33.55126
제주피플	shop	126.68689	33.52709
제주픽셀컴퓨터	shop	126.54167	33.51095
제주픽스	shop	126.45725	33.46752
제주필하우스	stay	126.68635	33.54509
제주하나쇼핑	shop	126.49873	33.48545
제주하늘기념품샵	food	126.52330	33.51010
제주하늘래	food	126.73908	33.54906
제주하늘바다	stay	126.27279	33.43316
제주하늘을날다	activity	126.22651	33.33452
제주하늘지기	stay	126.46037	33.46360
제주하늘집	food	126.46459	33.48093
제주하늬바람	food	126.36630	33.44920
제주하도	stay	126.88714	33.52115
제주하랑	stay	126.28377	33.42322
제주하루커튼블라인드	shop	126.37127	33.47525
제주하르방	stay	126.90002	33.48595
제주하르방제과	food	126.52703	33.51221
제주하멜	food	126.47616	33.47852
제주하얀집	stay	126.67511	33.54140
제주하연	stay	126.34857	33.45778
제주하우스	stay	126.38155	33.47747
제주하이맘키즈펜션실버	stay	126.36988	33.47712
제주하임	stay	126.66940	33.49603
제주한담국수애월점	food	126.31201	33.46187
제주한담망고	shop	126.31089	33.46249
제주한라메디칼	shop	126.51897	33.49962
제주한라산분식	food	126.31017	33.46299
제주한라산수산	shop	126.64824	33.55169
제주한라포크	shop	126.47926	33.49128
제주한면가	food	126.69996	33.51205
제주한복대여점	shop	126.49122	33.49022
제주한상	food	126.53699	33.49334
제주한성농수산	shop	126.50289	33.51333
제주한우앤돈	food	126.50856	33.49617
제주한잔동문	food	126.52433	33.51230
제주한정식	food	126.50608	33.47195
제주한족	food	126.58188	33.52146
제주한치빵우도점	cafe	126.95715	33.51418
제주할망밥상애월점	food	126.41480	33.48605
제주할망밥상차귀도점	food	126.16451	33.30787
제주할망오메기떡	food	126.52635	33.50922
제주함덕스테이	stay	126.65995	33.54369
제주함덕협동조합	shop	126.66473	33.54173
제주함덕흑돼지왕표고기	food	126.66649	33.54178
제주핫오리	food	126.26479	33.41418
제주항	nature	126.53424	33.52007
제주항일기념관	heritage	126.64077	33.54101
제주해군호텔	stay	126.44868	33.45901
제주해녀문화보존회	activity	126.27945	33.43864
제주해녀박물관	heritage	126.86344	33.52355
제주해녀항일운동기념탑	heritage	126.86399	33.52250
제주해도미락애월점	food	126.31123	33.46012
제주해룡	food	126.59261	33.49125
제주해물밥	food	126.43398	33.49474
제주해선담	food	126.47390	33.50930
제주해양레저타운	activity	126.46577	33.50449
제주해양레저파크	activity	126.24424	33.39839
제주해장역	food	126.43702	33.49517
제주해장터	food	126.51746	33.50457
제주해조대	stay	126.24047	33.39389
제주행찬	food	126.57028	33.51971
제주향교	heritage	126.51582	33.51113
제주향기농장	shop	126.18764	33.30179
제주헬로우펫	shop	126.54221	33.49964
제주현대미술관	heritage	126.26566	33.33984
제주협재리식당	food	126.24311	33.39713
제주협재바다해찬	food	126.23988	33.39268
제주협재밥집술집홍대부부	food	126.24151	33.39375
제주협재스테이	stay	126.26365	33.37341
제주협재클레르드륀	stay	126.24671	33.38806
제주협재흑돼지촌	food	126.26154	33.40657
제주형제고깃집	food	126.46585	33.48441
제주혜윰가족숙소	stay	126.30206	33.41820
제주호떡	food	126.54850	33.50086
제주호롱캔들	shop	126.52021	33.51274
제주호박민박	stay	126.22573	33.38671
제주호시담	stay	126.72083	33.49553
제주호타루한담	food	126.31011	33.46333
제주혼술바고도	food	126.52373	33.51124
제주혼술바언스테이블애월점	food	126.31201	33.46187
제주혼술바오픈스테이지	bar	126.49100	33.48728
제주혼술바이탈	bar	126.28032	33.44194
제주홀리데이로맨스	bar	126.52277	33.49953
제주홀릭뮤지엄	heritage	126.44163	33.45647
제주홀스타승마장	activity	126.49382	33.42238
제주홀인원	shop	126.50125	33.49318
제주홈케어	shop	126.70852	33.54958
제주홈파트너	shop	126.41435	33.47139
제주홍푸드	food	126.42753	33.49146
제주화덕족발	food	126.26281	33.41421
제주화덕족발외도점	food	126.42702	33.48555
제주화도흑돼지	food	126.54170	33.49378
제주화연이네	food	126.33624	33.46689
제주화정	food	126.49972	33.48845
제주환경자원순환센터주민지원협의체	activity	126.70739	33.53916
제주환상전기자전거	shop	126.17880	33.34680
제주황금단	shop	126.52483	33.48109
제주황금콩밭	food	126.82703	33.53925
제주황제물회	food	126.54334	33.47460
제주황제찹쌀꽈배기	food	126.56553	33.51922
제주황칠감자탕	food	126.52894	33.49640
제주황토가든	food	126.21077	33.34191
제주횟집	food	126.50529	33.51645
제주횟집애월밤바다	food	126.41681	33.48703
제주후니네	stay	126.68036	33.53667
제주훈도애월흑돼지	food	126.31227	33.46218
제주휴가	stay	126.26535	33.41439
제주휴게소	cafe	126.54975	33.47616
제주흑돈만두	food	126.48833	33.49294
제주흑돈만두구좌점	food	126.85621	33.52353
제주흑돈만두애월점	food	126.31998	33.46438
제주흑돼지	shop	126.48774	33.48455
제주흑돼지감성돈협재	food	126.23996	33.39346
제주흑돼지고기가자	food	126.47832	33.48256
제주흑돼지떡갈비	food	126.52338	33.51154
제주흑돼지마씸	food	126.52304	33.51747
제주흑돼지맛집핑크돼지	food	126.48942	33.47572
제주흑돼지아솥	food	126.47796	33.49071
제주흑돼지작산애월해안도로	food	126.39499	33.48393
제주흑돼지잡스	food	126.53364	33.48942
제주흑돼지투접시족발	food	126.52563	33.51327
제주흑돼지투접시족발세화점	food	126.85651	33.52199
제주흑돼지함덕그때그집	food	126.66470	33.54282
제주흑미면옥	food	126.49767	33.48547
제주흑우한우정육점	shop	126.53996	33.46872
제주흘	shop	126.70652	33.51239
제주힐	stay	126.39339	33.43792
제주힐링	stay	126.28208	33.34636
제주힐링가구	shop	126.52485	33.50549
제주힐링명상테마파크	activity	126.36106	33.39557
제주힐링하우스	stay	126.17108	33.32671
제즐낚	food	126.50446	33.51552
제즐리	stay	126.77135	33.46763
제쭈덮밥앤초밥신제주점	food	126.48461	33.48869
제쭈신제주점	food	126.48461	33.48869
제쭈집	food	126.51899	33.51203
제쭈집연북로점	food	126.52963	33.47678
제천분식	food	126.23980	33.39372
제철별미	food	126.48308	33.48678
제철주택	stay	126.52248	33.50896
제철한상	shop	126.48991	33.49069
제코	shop	126.17843	33.33264
제코비	shop	126.57675	33.51709
제파	cafe	126.79398	33.55457
제패토팩토리	shop	126.51324	33.50416
제페토	shop	126.53321	33.50185
제포니	shop	126.54261	33.47132
제프	food	126.74618	33.55480
제프리카	stay	126.33137	33.38720
제피로스	cafe	126.16901	33.31759
제현이네집밥	food	126.53461	33.49478
제호	food	126.53678	33.48818
젝키프렌즈스크린골프장	activity	126.50890	33.49736
젠칸투스	food	126.50773	33.49331
젠틀리하우스	stay	126.79791	33.55321
젠틀마트	shop	126.18061	33.32381
젠틀맨	bar	126.53959	33.51010
젠틀맨펜션	stay	126.18061	33.32381
젠하이더웨이용담점	shop	126.48820	33.51783
젤라떼리아섬	food	126.47676	33.48160
젤리	bar	126.52811	33.50109
젤마나민박	stay	126.39737	33.48184
젤마씨	cafe	126.46736	33.48760
젤코바정낭	food	126.39998	33.47968
젬갤러리	shop	126.47608	33.48078
젬마손	food	126.56860	33.51938
젬젬	food	126.50170	33.48414
젬하우스	food	126.52812	33.49843
져스터원더노트	cafe	126.72876	33.55656
조가네갑오징어신제주점	food	126.48527	33.48420
조가네돈갈비	food	126.54368	33.50133
조가네소머리국밥	food	126.52824	33.51209
조간대	food	126.75312	33.55759
조개마당	food	126.48928	33.48921
조개모닥	food	126.91211	33.50237
조개바당	food	126.83750	33.53287
조광상사	shop	126.52707	33.51196
조금느려도괜찮아	stay	126.31612	33.41584
조금만천천히	cafe	126.63467	33.53544
조금불편해도괜찮아	stay	126.74826	33.55772
조끄뜨레마트	shop	126.49010	33.47895
조끄뜨레마트	shop	126.53735	33.48686
조끄뜨레마트연동점	shop	126.49010	33.47895
조끄띠	food	126.54884	33.47520
조남매구움과자	cafe	126.81331	33.49216
조르바롯지민박	stay	126.83905	33.53557
조림제주	food	126.67604	33.54013
조마루뼈다귀	food	126.52975	33.49794
조마루뼈다귀	food	126.46952	33.48354
조마루뼈다귀삼화지구점	food	126.57265	33.51431
조마루뼈다귀아라지구점	food	126.54337	33.47948
조마루뼈다귀연동점	food	126.49222	33.48964
조마루뼈다귀외도점	food	126.43139	33.48794
조마루뼈다귀용담	food	126.51161	33.51065
조마루뼈다귀일도지구점	food	126.54350	33.50272
조명탄제주	food	126.54336	33.50222
조미진의키크는아이소아청소년과	shop	126.47466	33.49315
조바기	food	126.51003	33.50916
조박사버섯칼국수	food	126.47944	33.48718
조반물	food	126.61982	33.53814
조브라더스게스트하우스	stay	126.18350	33.35719
조선냉삼겹	food	126.48065	33.48965
조선두부신제주점	shop	126.48043	33.48497
조선옥	food	126.49993	33.49275
조선제일국밥제주점	food	126.59372	33.48820
조셉마켓	food	126.59104	33.53061
조수리농부의아침	bar	126.23019	33.33569
조수리순이네집밥	food	126.21838	33.29638
조수리엔	stay	126.20961	33.31932
조수리플로어	stay	126.23379	33.33707
조식	cafe	126.33319	33.41053
조실장회센타	food	126.53255	33.49502
조아가라오케	bar	126.48666	33.48160
조아라	bar	126.47640	33.48887
조아라아구찜	food	126.50484	33.50884
조아라테라피	shop	126.48724	33.48374
조아모루	stay	126.83750	33.53287
조아모텔	stay	126.51313	33.49878
조아서호프	bar	126.67437	33.53350
조아소주방	bar	126.51269	33.50233
조아조아	bar	126.51762	33.50866
조아조아만물구제샵	shop	126.52717	33.50307
조아찌	cafe	126.45077	33.49674
조안드림닷컴	shop	126.26461	33.41453
조약돌	food	126.53906	33.51774
조양개발제주마리나주	stay	126.49721	33.49322
조오타설렁탕	food	126.48035	33.48943
조용한생활민박	stay	126.77177	33.50349
조우하다	food	126.55337	33.48903
조운	shop	126.49623	33.50190
조은기록	cafe	126.27735	33.42358
조은농산물	shop	126.60863	33.50501
조은느낌	shop	126.47830	33.48582
조은돌담법인	shop	126.62711	33.53175
조은마음민박	stay	126.41044	33.46114
조은민박	stay	126.29436	33.96305
조은빵	food	126.54940	33.47678
조은소리보청기	shop	126.52863	33.50039
조은손	shop	126.53254	33.49762
조은약국	shop	126.53663	33.51363
조은이웃	shop	126.48460	33.49317
조은이웃구이집	food	126.48485	33.49325
조은장독	shop	126.29808	33.39577
조은정보통신	shop	126.59040	33.52871
조은테크노벨리캐슬풀리조트	stay	126.70165	33.55234
조은한복	shop	126.52831	33.51280
조음민박	stay	126.26258	33.32098
조이너스	shop	126.53973	33.48962
조이뜰	stay	126.28263	33.37568
조이랜드	stay	126.32513	33.45491
조이렌트카편의점	shop	126.47702	33.49845
조이몽베이커리	food	126.54878	33.50115
조이블루하우스	stay	126.82477	33.51597
조이스	stay	126.44572	33.45107
조이아지	cafe	126.67039	33.53843
조이약국	shop	126.47771	33.48410
조이점핑클럽	activity	126.43111	33.48678
조이펫	shop	126.53517	33.49646
조이핑크하우스	stay	126.82501	33.51592
조이하우스두번째이야기	stay	126.46375	33.50434
조이힐팬션	stay	126.39400	33.43838
조인	food	126.49119	33.48705
조일약국	shop	126.52608	33.51328
조조	food	126.50287	33.51347
조차	stay	126.63261	33.53593
조천고깃간	food	126.63607	33.53530
조천국밥앤면사무소	food	126.62155	33.51745
조천노을	stay	126.63658	33.54108
조천농협로컬푸드하나로마트	shop	126.64408	33.52805
조천농협하나로마트	shop	126.63826	33.53630
조천늦장	stay	126.63799	33.53822
조천당	food	126.64682	33.53576
조천댁	stay	126.63445	33.53835
조천라온	stay	126.63647	33.51427
조천마실	stay	126.61703	33.53690
조천만세동산	heritage	126.64221	33.54050
조천면장국수	food	126.63689	33.53617
조천밀밀면	food	126.63812	33.53770
조천밥상	food	126.63558	33.50410
조천소롱	stay	126.63559	33.54189
조천슈퍼	shop	126.62396	33.53578
조천스테이	stay	126.63728	33.53830
조천약국	shop	126.63717	33.53600
조천연회관	food	126.63989	33.53793
조천욕장	stay	126.63629	33.53913
조천읍도서관	heritage	126.66767	33.53768
조천집	stay	126.63127	33.52548
조천하나로마트빵집	food	126.63826	33.53630
조천함덕해안도로	nature	126.67052	33.54279
조천회관	food	126.63712	33.53629
조커	bar	126.54096	33.50540
조향슈퍼	activity	126.49139	33.48413
조호바루	food	126.66042	33.54215
조화로이	stay	126.29453	33.43047
족발신선생	food	126.54334	33.50187
족발신선생제주점	food	126.49368	33.49206
족발야시장	food	126.47820	33.48757
족발좌선생	food	126.26311	33.41506
족은노꼬메오름	nature	126.41800	33.39370
족은노꼬메오름	activity	126.41585	33.39226
족풍	food	126.55014	33.47386
존맛식당	food	126.66288	33.54297
좀녀마을	food	126.49596	33.48739
좀자리	shop	126.50650	33.51359
종가전복	food	126.84999	33.53133
종근당건강헬스벨스토리제주	shop	126.52808	33.50242
종근당건강헬스벨스토리제주오라점	shop	126.50594	33.49991
종달	activity	126.53059	33.51314
종달구경	stay	126.90530	33.49066
종달길분식	food	126.89938	33.49224
종달꽃집피고지고	shop	126.89698	33.49196
종달달	food	126.89509	33.49259
종달돈가	food	126.90258	33.49441
종달리수국길	stay	126.89997	33.50933
종달리엔심야식당	food	126.89804	33.49181
종달리필하우스	stay	126.90781	33.49107
종달리한켠	shop	126.90001	33.49309
종달리해변	beach	126.90972	33.49633
종달미소	food	126.89480	33.49228
종달바베큐캠핑	stay	126.89070	33.49879
종달별장	stay	126.90098	33.49416
종달블랑	cafe	126.89927	33.49185
종달삐삐통닭	food	126.90906	33.49672
종달사거리	food	126.89925	33.49150
종달수다뜰	food	126.89313	33.49186
종달스테이민박	stay	126.90747	33.49109
종달스토리	stay	126.90020	33.49178
종달씨사이드	stay	126.90802	33.49090
종달아구찜	food	126.90010	33.49276
종달아이니민박	stay	126.89985	33.49318
종달여행	food	126.89675	33.49304
종달오션뷰	stay	126.90764	33.49104
종달편의점	shop	126.91038	33.49681
종달항해맞이집	stay	126.91128	33.49760
종달해녀의집	food	126.91092	33.49715
종달해변	stay	126.90731	33.49155
종로국밥	food	126.52818	33.50144
종로귀금속도매	shop	126.52692	33.50014
종로빈대떡	bar	126.51455	33.50985
종로３가감자탕	food	126.52379	33.51554
종문	bar	126.25513	33.40461
종스브레드	food	126.52455	33.50707
종이시계	cafe	126.39179	33.48534
종이와나무	stay	126.64086	33.54544
종종제주	shop	126.71248	33.48792
종종캐주얼다이닝	food	126.48938	33.47870
종합가구할인매장	shop	126.48441	33.49347
종합강의실	food	126.55890	33.45012
종합랜드	shop	126.29459	33.96121
종합인형뽑기방	activity	126.49170	33.48712
종합축산	shop	126.51997	33.49598
종합화장품제일코너	shop	126.52831	33.51280
좋아	bar	126.52842	33.50114
좋아좋아숯불갈비	food	126.43110	33.48483
좋아좋아숯불갈비	food	126.52340	33.51589
좋아좋아숯불갈비	food	126.49348	33.48387
좋아좋아숯불갈비	food	126.53885	33.48860
좋아좋아숯불갈비	food	126.47695	33.48717
좋은날	bar	126.54245	33.50342
좋은날키친	stay	126.74683	33.48357
좋은동네	food	126.26372	33.41402
좋은마트	shop	126.50970	33.50535
좋은마트애월	shop	126.36545	33.47113
좋은마트정육	shop	126.53260	33.48901
좋은마트정육수산	shop	126.36587	33.47099
좋은분식	food	126.53260	33.48901
좋은수산	shop	126.52782	33.51228
좋은씨앗제주	stay	126.39505	33.46786
좋은아저씨	bar	126.43239	33.48767
좋은하루	shop	126.49204	33.48539
좋은형아들	activity	126.52657	33.47982
좌빵	food	126.26346	33.40846
죠스떡볶이제주제원점	food	126.48982	33.48778
죠스호	activity	126.33220	33.44044
주객이전도	food	126.39607	33.48328
주객전도	bar	126.26442	33.41289
주공당구장	activity	126.57308	33.51962
주공중앙슈퍼	shop	126.53365	33.49126
주관	food	126.51358	33.51530
주느아지트	food	126.53732	33.51157
주니비니하우스민박	stay	126.25300	33.40109
주니수산	shop	126.46416	33.50458
주님	bar	126.52794	33.50331
주다방제원점	bar	126.49103	33.48705
주당포차	bar	126.54261	33.50127
주도	food	126.53288	33.50117
주도적	bar	126.52876	33.50179
주라기가마솥순대국앤창도름국밥	food	126.42899	33.44756
주로	food	126.48479	33.48674
주로인터내셔날	stay	126.49012	33.48350
주류상회비제주점	food	126.54298	33.50003
주먹김밥	food	126.48213	33.48902
주먹밥이야기	food	126.56584	33.52029
주먹이네	food	126.54033	33.49128
주모	bar	126.49156	33.48391
주민상회	bar	126.53704	33.51381
주민상회	bar	126.52710	33.49601
주민상회	bar	126.47879	33.48808
주민상회신광점	bar	126.48804	33.49207
주민상회신제주점	food	126.48292	33.48324
주민상회아라점	bar	126.54953	33.47519
주민상회제원점	bar	126.49157	33.48678
주민상회한라대점	bar	126.48073	33.47750
주민상회한림점	bar	126.26539	33.41208
주방	shop	126.54091	33.48981
주사랑	bar	126.49500	33.48556
주선황칠삼계탕	food	126.48174	33.48424
주소아청소년과의원	shop	126.47785	33.48400
주식한돈	food	126.26013	33.40931
주신푸드	shop	126.52949	33.49186
주안상	bar	126.54692	33.50069
주안청식당	food	126.56113	33.46032
주연민박	stay	126.89612	33.52253
주연민박	stay	126.25240	33.40562
주연슈퍼	shop	126.50587	33.51510
주연스포츠	shop	126.54522	33.49834
주연이네	bar	126.49273	33.48715
주연플라워샵	shop	126.50019	33.49222
주영농수산	shop	126.50572	33.51520
주영올레베이커리	food	126.51609	33.50022
주옥	food	126.25760	33.33640
주원농수산	shop	126.52618	33.51270
주원약국	shop	126.53528	33.49265
주원하우스	stay	126.78530	33.50631
주율	stay	126.24676	33.39957
주율점방	shop	126.24556	33.39884
주인	bar	126.53095	33.49883
주인공	bar	126.52783	33.50142
주전자	food	126.51322	33.50546
주제	food	126.49596	33.48590
주제넘은서점	shop	126.34760	33.45562
주주	food	126.48817	33.48875
주주키친	food	126.66194	33.54296
주짓수	activity	126.58712	33.52112
주차장	food	126.47336	33.48300
주토피아	food	126.41581	33.48412
주파수	cafe	126.53616	33.49748
주호프	bar	126.52649	33.50210
주홍	shop	126.55119	33.47355
주화당	food	126.54339	33.50293
주황	bar	126.52766	33.49179
주희네꽃집	shop	126.51371	33.50982
주희호프	bar	126.51901	33.50417
죽물상회	shop	126.52824	33.51209
죽성고을	food	126.53412	33.46228
죽성에머물다	stay	126.53249	33.45957
죽이야기제주삼화점	food	126.58029	33.51677
죽이야기제주연동점	food	126.48590	33.49013
죽이야기제주점	food	126.47402	33.48672
죽이야기한국	food	126.51665	33.50022
준	shop	126.52315	33.51746
준	bar	126.85584	33.52362
준	shop	126.52463	33.51316
준갤러리	shop	126.53178	33.51175
준건강원	shop	126.85627	33.52246
준당구클럽	activity	126.47663	33.48808
준당구클럽	activity	126.53155	33.51125
준도너츠	food	126.47445	33.48999
준라이브	bar	126.48315	33.48411
준민박	stay	126.84522	33.52752
준스테이	stay	126.24349	33.39587
준스포츠	shop	126.48934	33.47651
준식당	food	126.54172	33.51264
준오에이	shop	126.53585	33.49822
준용하우스	stay	126.32562	33.46256
준우갤러리	shop	126.51969	33.50615
준이반점	food	126.50552	33.51292
준이자까야	bar	126.48964	33.48129
준인터제주지사	shop	126.33802	33.40549
준카페	food	126.85584	33.52362
준커튼홈패션	shop	126.50650	33.51359
준클라시코	food	126.48081	33.48973
준텔레콤	shop	126.51047	33.50931
준파크텔	stay	126.49376	33.48534
줄기	shop	126.52278	33.50606
줄까말까	bar	126.48947	33.48619
줄라이앤어거스트	cafe	126.22010	33.32777
줄래	bar	126.51960	33.50115
줄래	bar	126.52731	33.50283
줄리에타	stay	126.16569	33.32417
줄리에타돌집	stay	126.16576	33.32428
줌	shop	126.26429	33.40966
줌마식당	food	126.48905	33.49296
줍줍	shop	126.41651	33.48426
중고나라	shop	126.47007	33.47974
중고마을	shop	126.51690	33.50421
중고쇼핑몰	shop	126.53790	33.49801
중고아지트	shop	126.52070	33.50455
중고폰거래소	shop	126.52449	33.51230
중고폰매입판매소녀폰제주	shop	126.52984	33.49928
중고폰에코폰제주점	shop	126.48676	33.48126
중국맞춤형가구	shop	126.37558	33.48200
중국볶음요리	food	126.48505	33.48697
중국성	food	126.51677	33.50302
중국집마씸	food	126.18315	33.34987
중국홍마트	shop	126.48728	33.49087
중독불닭	bar	126.26535	33.41593
중립	food	126.52965	33.49749
중식당제주	food	126.53464	33.49440
중앙닭집	shop	126.52794	33.50331
중앙댄스	bar	126.26363	33.41589
중앙로복지용구센터	shop	126.52396	33.51010
중앙마트	shop	126.47048	33.49232
중앙마트	shop	126.29773	33.96302
중앙비비안	shop	126.52463	33.51316
중앙상가식당	food	126.26484	33.41551
중앙상회	shop	126.40287	33.48027
중앙소방산업	shop	126.58145	33.49751
중앙슈퍼	shop	126.32972	33.43926
중앙식당	food	126.47856	33.49408
중앙식당	food	126.29773	33.96302
중앙아케이트	shop	126.52506	33.51174
중앙약국	shop	126.26405	33.41436
중앙여인숙	stay	126.26442	33.41698
중앙원	bar	126.47432	33.48464
중앙이불	shop	126.52541	33.51221
중앙장의사	shop	126.54119	33.49093
중앙주단	shop	126.52757	33.50321
중앙주방그릇	shop	126.66843	33.54057
중엄집밥처럼	food	126.37340	33.47374
중원반점	food	126.49194	33.49003
중종	food	126.50202	33.48975
중찬	food	126.67568	33.53882
중화루	food	126.49388	33.48959
중화베이징덕	food	126.49516	33.48948
중화요리백오	food	126.54210	33.49271
중화요리영경반점	food	126.49003	33.48128
쥐치제주산책	food	126.26504	33.41689
쥬데마르카	shop	126.51958	33.51380
쥬디스	stay	126.45072	33.49648
쥬디스갤러리	shop	126.45072	33.49648
쥬씨삼화점	cafe	126.57945	33.51676
쥬얼리	bar	126.53262	33.50961
쥬쥬라이크	shop	126.48941	33.48155
쥰샵	shop	126.17994	33.30533
쥴리	shop	126.49111	33.48857
즈물	cafe	126.25083	33.30857
즈음	stay	126.19419	33.30072
즉석	food	126.49219	33.48618
즐거운당구클럽	activity	126.58591	33.52420
즐거운밥상	food	126.43385	33.46016
즐거운홍삼	shop	126.51267	33.51035
즐겨찾기	food	126.58939	33.51700
즐겨찾기	bar	126.48011	33.48667
지가테이블	food	126.52894	33.49640
지각	bar	126.25659	33.40563
지경훈골프스튜디오	activity	126.46867	33.48144
지구상회	food	126.37732	33.48402
지구촌식당	food	126.26252	33.42161
지그라나다	cafe	126.46407	33.49946
지금애월	stay	126.44595	33.45133
지금여기북촌	stay	126.69904	33.55013
지금여기에	stay	126.23138	33.38925
지금이순간	cafe	126.31099	33.46042
지금이순간복권방	activity	126.52675	33.51157
지꺼지게귀덕	stay	126.29387	33.43407
지나가다봄	food	126.52404	33.51364
지니	shop	126.47489	33.49724
지니	shop	126.52023	33.50926
지니사진	shop	126.52454	33.49292
지니스안경일도인제	shop	126.54023	33.50688
지니스안경제주외도점	shop	126.43069	33.48721
지니아카페	food	126.32746	33.44370
지니아펜션	stay	126.32746	33.44370
지니어스키즈카페	activity	126.54222	33.50414
지니업사이클	shop	126.52614	33.51557
지니의옷장	shop	126.55199	33.47236
지니푸드	shop	126.44154	33.49414
지니하우스	stay	126.18429	33.33820
지돼흑	food	126.79221	33.55248
지디바이크한림점	shop	126.25978	33.41106
지문인식제주혼술바	food	126.52404	33.51364
지미	stay	126.54905	33.47595
지미네커피	cafe	126.49320	33.48340
지미봉	nature	126.90201	33.49920
지미스	cafe	126.96741	33.49778
지미스베이킹컴퍼니	cafe	126.54972	33.49249
지미스천연아이스크림	food	126.96750	33.49776
지미스테이	food	126.89729	33.51281
지미씨네	food	126.89386	33.51138
지미안	stay	126.90685	33.49681
지바코치킨	food	126.45101	33.47839
지브로	stay	126.28007	33.44158
지서개식당	food	126.17074	33.31931
지센	shop	126.48184	33.48244
지센	shop	126.52463	33.51316
지센연동점	shop	126.49152	33.48603
지센제주	shop	126.54097	33.49042
지속가능환경교육센터	activity	126.62930	33.46208
지슬이네	food	126.52814	33.49959
지슬하우스	stay	126.49433	33.49278
지아	shop	126.48833	33.47652
지아니비민박	stay	126.34056	33.46879
지아약국	shop	126.47126	33.49175
지안이네순대국	food	126.66147	33.46149
지안펜션	stay	126.67305	33.42394
지앤미술관	bar	126.48960	33.48529
지앤에스디자인가구	shop	126.51468	33.46033
지앤엘제주양와당제주	cafe	126.52411	33.48108
지앤유니	shop	126.49064	33.48150
지에스골프클럽	activity	126.55890	33.49271
지에스노형	shop	126.48003	33.48802
지에스도두해안로점	shop	126.47767	33.50911
지에스복권	activity	126.35242	33.46711
지에스애월베니키아점	shop	126.36296	33.47727
지에스외도	shop	126.42757	33.48904
지에스일도신천지	shop	126.54473	33.50623
지에프	cafe	126.49596	33.50594
지엔디카페	food	126.49175	33.48818
지엘지엔비	shop	126.56429	33.45723
지여니네오징어보쌈	food	126.51959	33.50685
지영야식당	food	126.52084	33.50899
지오	cafe	126.52611	33.49791
지오	shop	126.49006	33.47652
지오	shop	126.53926	33.48967
지오송지오	shop	126.52571	33.51427
지오송지오제주점	shop	126.52611	33.51498
지오시까페	cafe	126.70487	33.45161
지오지아	shop	126.52584	33.51433
지오지아신제주점	shop	126.48987	33.48952
지오텔레콤도남점	shop	126.52764	33.49562
지오포카치아	food	126.44851	33.49762
지우민박	stay	126.85801	33.52088
지우하우스	stay	126.46399	33.47181
지웅	bar	126.89804	33.49494
지원	bar	126.54518	33.50586
지원농수산	shop	126.52837	33.51238
지유네	food	126.67473	33.53846
지유명차	shop	126.49940	33.48190
지유명차제주	cafe	126.47964	33.47864
지유명차제주	shop	126.53215	33.49325
지윤밥상	food	126.57380	33.51446
지은상회	shop	126.51790	33.51135
지은코사마트	shop	126.50408	33.50266
지이오	food	126.48757	33.46707
지인	food	126.56587	33.52108
지인이네민박	stay	126.25581	33.33610
지정	food	126.50567	33.51245
지정환임실치즈피자신제주점	food	126.49337	33.47725
지젤	shop	126.52373	33.50523
지중해그릴	food	126.52717	33.51494
지중해참치	food	126.47758	33.48703
지지게임존이도	activity	126.52950	33.49913
지지고부치고	food	126.49336	33.48664
지지피엑스	shop	126.52584	33.51433
지코바외도하귀점	food	126.41247	33.48292
지코바치킨삼화점	food	126.57544	33.51443
지코바치킨신제주점	food	126.48250	33.48702
지코바치킨아라점	food	126.54822	33.47554
지코바치킨한림점	food	126.26517	33.41124
지쿱케어셀라	shop	126.48984	33.50191
지큐스크린골프	activity	126.47281	33.49084
지티알파크골프제주아라점	shop	126.54437	33.47356
지티에스	shop	126.66686	33.54240
지프	bar	126.49529	33.49000
지픈	food	126.25422	33.40624
지피	stay	126.48878	33.49094
지하는피씨방	activity	126.56554	33.51950
지하당구장	activity	126.43984	33.46108
지하상가슈퍼	shop	126.52463	33.51316
지하세계	bar	126.48655	33.48929
지현	shop	126.63729	33.46946
지현민박	stay	126.95698	33.51502
지현정보통신	shop	126.52630	33.50043
지혜가구	shop	126.62218	33.50264
지호해물칼국수	food	126.43193	33.48766
지환이네밥집	food	126.78404	33.46838
지효이엔지	shop	126.51198	33.48883
지흥선푸드빌리지제주점	food	126.28977	33.44183
지희	bar	126.49217	33.48864
직구고	food	126.23264	33.38717
직포요쌀국수	food	126.53478	33.49622
진가네	food	126.48499	33.48794
진가커피	cafe	126.48614	33.48956
진경이네국수촌	food	126.53072	33.49627
진고등어쌈밥	food	126.48221	33.51019
진공방	shop	126.52377	33.50771
진구회식당	food	126.52796	33.49114
진국수	food	126.53981	33.50919
진국한식딜리버리	food	126.51793	33.50190
진금당	shop	126.52353	33.51351
진낙지앤	food	126.49020	33.47800
진다육	shop	126.53198	33.46030
진달래냉면	food	126.48960	33.48529
진대감제주	food	126.47346	33.49147
진대감치킨	food	126.43634	33.44858
진도새기	food	126.46674	33.48491
진도식당	food	126.47489	33.49724
진돼지	food	126.48774	33.47162
진라이프	stay	126.25389	33.40413
진맛	food	126.53450	33.49023
진명북카페	cafe	126.67498	33.53921
진목자매찜	food	126.59885	33.48951
진미김밥	food	126.41427	33.48207
진미네식당	food	126.47444	33.48502
진미농수산	shop	126.52703	33.51221
진미돌곱창	food	126.52987	33.49107
진미상회	shop	126.16513	33.30856
진범한우정육식당	food	126.32304	33.43440
진비치하우스	stay	126.48864	33.51822
진사민박	stay	126.95977	33.50206
진산마트	shop	126.52450	33.49761
진산식당	food	126.54192	33.51324
진산원	food	126.52799	33.49470
진성농수산	shop	126.52721	33.51274
진성루	food	126.43383	33.49385
진성모텔	stay	126.53112	33.49860
진성반점	food	126.56165	33.46036
진성배낚시슈퍼	shop	126.16493	33.30882
진성슈퍼	shop	126.52690	33.49269
진솔커머스프라임	shop	126.63320	33.51976
진스포츠	shop	126.47444	33.48051
진아	food	126.53727	33.48591
진아농수산	shop	126.50328	33.50982
진아떡집	food	126.52837	33.51238
진안	shop	126.41868	33.46471
진약국	shop	126.48437	33.48168
진양	food	126.57910	33.51649
진양해장국	food	126.58299	33.52008
진양호	activity	126.27097	33.43564
진영	food	126.50605	33.50975
진영네	stay	126.80029	33.55457
진영루	food	126.46481	33.50338
진영마트서사라점	shop	126.51945	33.50498
진영마트식육	shop	126.51945	33.50498
진영마트외도점	shop	126.43233	33.48612
진영마트용담점	shop	126.50720	33.51286
진영베이커리	food	126.43233	33.48612
진영스넥	food	126.43233	33.48612
진영약국	shop	126.58029	33.51677
진영여관	stay	126.52947	33.49951
진영유통	shop	126.59027	33.48198
진영인터네셔널	shop	126.48728	33.49087
진옥정	food	126.47727	33.47984
진우수산	shop	126.54015	33.51297
진우유통	shop	126.56487	33.47343
진원	food	126.53520	33.49875
진이	activity	126.52856	33.50580
진이네하우스	stay	126.26531	33.39683
진이축산유통하귀점	shop	126.41525	33.48264
진이칼국수	food	126.52162	33.50910
진일마트	shop	126.54418	33.47235
진저	cafe	126.24003	33.39374
진정제주	food	126.52177	33.50587
진조	food	126.48476	33.45831
진주귀고리	shop	126.52463	33.51316
진주다방	cafe	126.48076	33.47836
진지	stay	126.40058	33.47272
진지상	food	126.47944	33.48718
진진	food	126.49998	33.48793
진진돈가츠	food	126.53731	33.49315
진진제과	food	126.54214	33.49373
진질해녀식당	food	126.27912	33.44303
진짜루	food	126.48932	33.49063
진천	stay	126.52988	33.51506
진파	bar	126.67223	33.54195
진푸드	food	126.56563	33.52358
진품꽈배기	food	126.49671	33.48420
진풍슈퍼식품	shop	126.52899	33.49068
진하다	shop	126.43315	33.49264
진해장국	food	126.54169	33.50174
진향갈비	food	126.52749	33.49459
진향식당	food	126.51324	33.50359
진형농산	shop	126.58146	33.49762
진화건강원	shop	126.78291	33.47273
진흥축산	shop	126.50970	33.50535
진희식품	shop	126.26423	33.41658
질그랭이정육도매센터	shop	126.85699	33.52474
질그랭이정육식당	food	126.85699	33.52474
짐박스	food	126.52393	33.49267
짐승	activity	126.52863	33.51680
집과생각	stay	126.89897	33.49329
집들이	stay	126.24398	33.39845
집머무는	stay	126.27913	33.43918
집밥대왕	food	126.66108	33.54358
집밥드시러오세요	food	126.53795	33.49375
집밥뚝딱삼화점	shop	126.57605	33.51449
집밥뚝딱한라초등학교점	shop	126.48744	33.47826
집밥반찬	shop	126.57885	33.51711
집밥연구소	food	126.49461	33.49347
집밥의여왕	food	126.26484	33.41551
집밥이여사	food	126.46736	33.48760
집스의과학교실	shop	126.53336	33.50100
집아페	food	126.51774	33.50031
집어가와청년고기장수제주	shop	126.47395	33.49001
집우집주	stay	126.63508	33.54176
집으로	stay	126.69559	33.54772
집의기록	stay	126.29703	33.44650
집의기록상점	cafe	126.29722	33.44650
징검다리	stay	126.79330	33.55683
징기스신제주점	food	126.48499	33.48281
징크	food	126.40009	33.48178
짙은곶	stay	126.36175	33.41178
짚불도	food	126.19922	33.36494
짚불도제주	food	126.46891	33.48819
짜루	food	126.80816	33.55409
짜루점빵	shop	126.65240	33.54841
짜리몽땅	bar	126.52203	33.49954
짜장앤짬뽕	food	126.74630	33.55145
짜투리숯불구이	food	126.52679	33.50103
짝	bar	126.54112	33.50842
짝꿍	shop	126.48613	33.48328
짝꿍김밥	food	126.61052	33.46744
짝꿍제주점	shop	126.48613	33.48328
짝꿍테라피	shop	126.48613	33.48328
짝치즈등갈비	food	126.49054	33.48705
짝태노가리제주	bar	126.49670	33.48403
짬뽕에취한날	food	126.49782	33.49120
짬뽕의정석	food	126.48272	33.48727
짬뽕지존제주점	food	126.47310	33.48104
짬뽕플러스	food	126.41365	33.48578
짬스뽕스제대점	food	126.55834	33.45054
짱	shop	126.53237	33.51342
짱구네	food	126.48821	33.47065
짱구분식	food	126.49037	33.48353
짱돌	food	126.42984	33.49268
짱돌이와돈순이	food	126.53120	33.49614
짱아분식	food	126.53304	33.51325
짱이야	bar	126.53170	33.50117
짱죽제주점	food	126.53546	33.48408
짱짱소주방	bar	126.49191	33.48292
째주도	food	126.69600	33.55112
째즈도	bar	126.52868	33.51364
쨈아저씨	shop	126.52463	33.51316
쨍주니어	shop	126.52463	33.51316
쨍하고회뜰날	food	126.48758	33.48409
쩐의식당	food	126.51313	33.49892
쪼꼴락	stay	126.56361	33.52346
쪼끌락	cafe	126.75532	33.55784
쪼맹글	shop	126.48736	33.48356
쪼바네	stay	126.62029	33.53798
쫑달이	food	126.26368	33.41616
쭈꾸당	food	126.46868	33.48324
쭈꾸미달인	food	126.58160	33.51552
쭈꾸쭈꾸쭈꾸미	food	126.49336	33.48664
쭈동아리	food	126.54878	33.50115
쭈불리제주연동점	food	126.49249	33.48626
쭈샵	shop	126.41451	33.48998
쭈이빵	food	126.49043	33.48637
쭈쭈	bar	126.49087	33.48752
쭈쭈바	bar	126.49027	33.48894
쭌이네민박	stay	126.75755	33.53785
쭌이하우스	stay	126.50915	33.51262
쯔루네	food	126.75246	33.55731
찌개찝제주	food	126.52894	33.49640
찌개한상	food	126.51281	33.50398
찌즈	cafe	126.51696	33.51234
찐	bar	126.49300	33.48963
찐찐제주	shop	126.52463	33.51316
찐찐칼국수	food	126.54035	33.49741
찐포차	bar	126.51769	33.50141
찐하오마라탕	food	126.48972	33.48572
찐하오마라탕	food	126.52474	33.50751
찐한여우	bar	126.51618	33.50902
찔레꽃남쪽마을민박	stay	126.26564	33.38823
찜	bar	126.52008	33.50252
찜이랑국수랑	food	126.53356	33.49961
차가네	food	126.53076	33.50069
차가차가	food	126.31732	33.46455
차걸신	cafe	126.52736	33.49778
차귀놀	cafe	126.16687	33.32226
차귀도	nature	126.14850	33.31160
차귀도노을족욕카페	cafe	126.16618	33.30954
차귀도놀빛바다	food	126.16451	33.30787
차귀도배낚시	activity	126.16618	33.30954
차귀도베이커리	cafe	126.16399	33.30796
차귀도부산슈퍼	shop	126.16506	33.30886
차귀도식당	food	126.16470	33.30842
차귀도약국	shop	126.17983	33.30166
차귀도요트	activity	126.16603	33.32398
차귀도유람선	activity	126.16490	33.30892
차귀식당	food	126.16447	33.30887
차달임	cafe	126.45444	33.47914
차돌	food	126.54207	33.49616
차돌마당	food	126.51959	33.49925
차돌수산	shop	126.51267	33.51035
차돌집	food	126.49352	33.49077
차돌집	food	126.48011	33.49079
차롱민박	stay	126.32912	33.42836
차롱스	stay	126.44008	33.49562
차롱전복칼국수	food	126.48939	33.51850
차마실	cafe	126.41552	33.48463
차부	stay	126.87806	33.51846
차북차북	stay	126.30719	33.44918
차산	food	126.48972	33.48604
차세상	shop	126.53670	33.48557
차오름	food	126.53602	33.50916
차의향기	cafe	126.52692	33.51427
차이나리	food	126.17848	33.30714
차이즈생갈비찜	food	126.54246	33.49232
차이홍	shop	126.53706	33.50436
차일락	food	126.65635	33.49930
차차	food	126.48295	33.48339
차차차	bar	126.26384	33.41459
차차커피코제주연동점	cafe	126.48822	33.48615
차츰	food	126.61525	33.53703
차포차	food	126.49214	33.48676
차한모금	cafe	126.83718	33.53774
차화술	cafe	126.53285	33.50992
착한구두제주연동점	shop	126.49029	33.48816
착한구두제주연동점	shop	126.49029	33.48680
착한국밥	food	126.51955	33.49695
착한낙지	food	126.47660	33.48646
착한민박	stay	126.67578	33.43673
착한밥상	food	126.53417	33.48889
착한쇼핑몰	shop	126.52800	33.50320
착한스시	food	126.24157	33.39235
착한안경	shop	126.53344	33.49525
착한야채	shop	126.53251	33.49529
착한약국	shop	126.43173	33.48609
착한제주고등어	food	126.53122	33.51359
착한제주고등어	food	126.52931	33.51219
착한조명	shop	126.30978	33.44395
착한집	food	126.50701	33.49996
착한튀김	food	126.56586	33.52050
찬	shop	126.86563	33.51530
찬미숯불갈비	food	126.57966	33.52013
찬스게임장	activity	126.52470	33.50687
찬스노래연습장	activity	126.52767	33.50308
찬스로또	activity	126.52527	33.50588
찬스짱	shop	126.85605	33.52322
찬아로마	shop	126.53303	33.50894
찬찬히	shop	126.54296	33.50472
찬플렉스	shop	126.47096	33.48289
찰리아저씨맛집	food	126.17722	33.30295
찰리유통	shop	126.52675	33.51157
찰리호텔	stay	126.51960	33.50097
참갈비마루	food	126.54175	33.51075
참나라건강원	shop	126.52844	33.50200
참나무장작구이김서방	food	126.26399	33.41643
참다랑어막주는집제주삼화점	food	126.58891	33.51630
참다한홍삼외도점	shop	126.43166	33.48799
참다한흑홍삼연동점	shop	126.48633	33.48974
참돼지깡통구이	food	126.48845	33.47691
참맛나	food	126.47503	33.47862
참맛나김밥	food	126.47503	33.47865
참맛나흑돼지	food	126.49356	33.49186
참맛한우흑돈	shop	126.89070	33.49879
참베지근남녕	food	126.48264	33.48889
참사랑소아청소년과	shop	126.43073	33.48798
참사랑전복해물탕	food	126.49204	33.48539
참살이	food	126.53972	33.50599
참새노래연습장	activity	126.49220	33.48700
참새방앗간	food	126.43343	33.49282
참새사주까페	cafe	126.67874	33.47672
참새와방앗간	food	126.48774	33.48455
참선진종합식품제주총판	shop	126.48414	33.48457
참솔	food	126.40617	33.42371
참솔해장국	food	126.42220	33.43577
참솔해장국밀면	food	126.54524	33.49947
참숯구이몬트락	food	126.52693	33.51631
참숯불닭발	food	126.49166	33.48619
참스큐도두점	food	126.46484	33.50526
참약국	shop	126.52789	33.50020
참조은갈비	food	126.27916	33.44109
참조은양돈축산	shop	126.51502	33.50464
참조은의료기·보청기	shop	126.47203	33.49297
참조은정육	shop	126.50214	33.48769
참존제주	shop	126.52443	33.51071
참좋다	bar	126.49376	33.49050
참좋은사람들	shop	126.58447	33.52172
참좋은해물라면애월	food	126.37815	33.48386
참참식품	shop	126.49158	33.48087
참치말자	food	126.66456	33.54012
참치먹다	food	126.48461	33.48869
참치인생	food	126.47958	33.48909
참치정육식당	food	126.58891	33.51630
참치정육점제주지사	food	126.54435	33.50135
참토스트신제주점	food	126.47780	33.48444
참피온	stay	126.51941	33.50919
찹찹	food	126.54542	33.49352
찻잔속에	cafe	126.53715	33.49285
찻집지안	cafe	126.40236	33.44079
창기타	shop	126.22785	33.33772
창꼬당구장	activity	126.53093	33.49901
창꼬더카페	activity	126.53093	33.49901
창꼼	nature	126.70003	33.55249
창꼼스테이	stay	126.69334	33.55108
창대염색방	shop	126.52446	33.50649
창만상회	shop	126.51336	33.50968
창모상회	shop	126.58954	33.52735
창문상점	shop	126.16488	33.29021
창성	food	126.52703	33.51221
창성상회	food	126.52590	33.49777
창안애제주센터	shop	126.53658	33.49706
창앤창블라인드제주점	shop	126.55117	33.51235
창영왕족발	food	126.54613	33.49957
창이이쁜집	stay	126.40727	33.41526
창작일식엔	bar	126.54976	33.47518
창조	shop	126.48496	33.48167
창조트레저	shop	126.21802	33.38140
창후전기	shop	126.26550	33.41885
창흥	food	126.66704	33.54034
창흥장	stay	126.26373	33.41676
채담	food	126.49484	33.48119
채드킨	shop	126.26363	33.41589
채색	cafe	126.53618	33.48940
채색베이킹스튜디오	food	126.53527	33.50155
채선당자연한가득제주나인몰점	food	126.49465	33.48070
채선당제주화북점	food	126.56553	33.51851
채선당한가득신제주점	food	126.48860	33.48122
채선자니트	shop	126.52851	33.50179
채송화펜션	stay	126.19712	33.36505
채우다	food	126.52801	33.51490
채움	shop	126.49111	33.48857
채움국수	food	126.47899	33.48717
채정하곱창막창	food	126.85141	33.52378
채집	shop	126.25733	33.30369
채플린당구장	activity	126.54240	33.50252
채훈이네해장국	food	126.25865	33.40541
채훈이네해장국	food	126.18250	33.34931
채희하우스	food	126.49199	33.48487
책과문구월드	shop	126.48299	33.48240
책닦는남자	stay	126.82886	33.54104
책대로	shop	126.47305	33.48596
책방동다송	shop	126.86222	33.52356
책방오론도론	shop	126.62199	33.53635
책빵글라	cafe	126.49863	33.48369
책약방	shop	126.89769	33.49296
책은선물	shop	126.18191	33.34920
책읽는제주	stay	126.27888	33.43994
챌린지	activity	126.48957	33.47870
챔프	bar	126.53160	33.50084
챔피언골프	activity	126.52255	33.51198
챔피언꽃게	food	126.48201	33.48387
챔피온	shop	126.46838	33.47754
챔피온비지니스클럽	bar	126.48961	33.48745
챕터원	stay	126.57848	33.51254
챗	food	126.74796	33.55434
챠오루	food	126.41345	33.48214
챠우챠우	food	126.41260	33.48177
처갓집	food	126.51966	33.50349
처갓집양념치킨	food	126.54478	33.50695
처갓집양념치킨	food	126.47535	33.49075
처갓집양념치킨	food	126.58541	33.52090
처갓집양념치킨구좌점	food	126.78856	33.52784
처갓집양념치킨도남	food	126.52168	33.49633
처갓집양념치킨삼도점	food	126.52475	33.50026
처갓집양념치킨외도하귀점	food	126.42627	33.49096
처갓집양념치킨한림점	food	126.26890	33.41649
처갓집양념치킨호프연동점	food	126.49237	33.48413
처갓집양념통닭용담삼도점	food	126.51074	33.50880
처마끝풍경소리	shop	126.48859	33.47771
천경낚시센터	shop	126.63921	33.53774
천고카페	food	126.50765	33.48178
천궁	food	126.52848	33.51827
천금	food	126.52366	33.51557
천냥시대	shop	126.48977	33.49012
천년봉	food	126.22918	33.40618
천년비자	stay	126.81512	33.50012
천년의길잡이가이드	shop	126.47489	33.49724
천년의섬	food	126.23003	33.40650
천년퍼즐	activity	126.52857	33.50171
천도두루치기	food	126.54502	33.50341
천둥소리	food	126.52950	33.48886
천명경윤에프씨	food	126.50348	33.51237
천방산건강원	shop	126.26480	33.41238
천백로식당	food	126.48533	33.46440
천복호프	bar	126.47648	33.48793
천사농수산	shop	126.80922	33.55520
천상의노을	stay	126.35311	33.47388
천성	shop	126.34846	33.45535
천수국수	food	126.54240	33.50252
천심	shop	126.53943	33.48918
천아오름	nature	126.44991	33.39693
천안식당	food	126.71869	33.43455
천연상회	shop	126.47814	33.48680
천왕아로마	shop	126.48798	33.49021
천우가든	food	126.51585	33.50121
천우정원	food	126.51585	33.50121
천원	food	126.52315	33.51128
천일	stay	126.52915	33.51234
천장어제주점	food	126.48055	33.47885
천재당구카페	activity	126.43247	33.48940
천족마족	food	126.48168	33.48888
천지약국	shop	126.47961	33.48484
천지연무태장어	food	126.53938	33.49868
천진항편의점	shop	126.95154	33.49280
천하갈비	food	126.51994	33.51429
천하대장군	food	126.53063	33.49583
천하명당복권방	activity	126.52498	33.50710
천하명당복권방	activity	126.53676	33.50055
천하명당복권판매점	activity	126.49338	33.51947
천하육회	food	126.52850	33.49984
천하육회일도	food	126.54317	33.50213
천하장여관	stay	126.54301	33.50991
천하제일소금구이	food	126.54256	33.50313
천하제일오라방	food	126.52830	33.50588
천하제일장어	food	126.53951	33.50831
천하제일장어아라점	food	126.54585	33.47125
천해향	food	126.59334	33.49159
천향보이차	cafe	126.49762	33.49246
천향휘	food	126.49119	33.48705
천호전기	shop	126.27655	33.41730
철가방	food	126.58132	33.52073
철수네숯불갈비	food	126.54563	33.49766
철수네숯불갈비	food	126.49944	33.48137
철수네숯불갈비	food	126.66549	33.53140
철없는펜션	stay	126.81308	33.48101
철이네점빵	shop	126.63765	33.53681
철이네포차	food	126.43238	33.48709
철이네해장국	food	126.51801	33.51338
철이당구장	activity	126.26853	33.41147
철인벌꿀	shop	126.57477	33.46981
첨단분식	food	126.57455	33.45800
첨단정육점	shop	126.57244	33.45455
첨단커스텀	shop	126.57195	33.45460
첨목	food	126.52921	33.51474
첨밀밀양꼬치	food	126.66771	33.54114
첨처	stay	126.21390	33.33749
첫끼	food	126.54923	33.50008
첫날밤	stay	126.50610	33.50966
첫선제주애월와인바	bar	126.30443	33.44835
첫페이지	shop	126.53943	33.49188
청계정원	food	126.25535	33.40593
청굴	food	126.74876	33.55407
청굴	stay	126.75054	33.55811
청굴민박	stay	126.75054	33.55811
청기요이	food	126.52862	33.48063
청년감자탕순대국제주아라점	food	126.54649	33.47017
청년다방	food	126.47878	33.47616
청년다방외도점	food	126.43238	33.48727
청년다방은화수식당연동점	food	126.48804	33.49207
청년다방제주	food	126.53991	33.48940
청년반점	food	126.52824	33.51209
청년수산	food	126.51813	33.51124
청년순대국월랑점	food	126.47874	33.48968
청년시스템	shop	126.57195	33.45456
청년피자구제주점	food	126.53124	33.49515
청년피자신제주점	food	126.48411	33.48539
청년피자제주아라점	food	126.54864	33.47460
청년피자화북삼화점	food	126.58910	33.51360
청년한식탁	food	126.53230	33.50107
청년회관	food	126.43062	33.44631
청단풍	cafe	126.54181	33.50259
청담	bar	126.49149	33.48770
청담	shop	126.51563	33.49276
청담갈비탕	food	126.53196	33.51142
청담동	food	126.49172	33.48087
청담루이성형외과의원	shop	126.47978	33.48450
청담약국	shop	126.47631	33.48359
청담이상신제주점	bar	126.48451	33.48282
청담인	bar	126.49169	33.48853
청담집	food	126.47234	33.49185
청담카페	cafe	126.52274	33.50880
청담회장님댁제주점	food	126.49404	33.48666
청도	food	126.49700	33.51996
청량	bar	126.84650	33.53226
청록	shop	126.58099	33.51562
청룡당구클럽	activity	126.53885	33.50580
청룡반점	food	126.53694	33.50367
청림해장	food	126.53761	33.49188
청마루스크린골프	activity	126.40892	33.47762
청마루점	activity	126.40892	33.47762
청마용인	shop	126.70065	33.47895
청사로당구클럽	activity	126.52260	33.48929
청사별곡	cafe	126.52393	33.48930
청사약국	shop	126.53014	33.49883
청사초롱	bar	126.26421	33.41667
청산유황오리	food	126.53788	33.49712
청소	food	126.52726	33.49776
청솔종합상사	shop	126.48211	33.48705
청솔컴퍼니	shop	126.52946	33.49975
청송도시락식당	food	126.48653	33.49122
청수곶자왈	nature	126.25905	33.30229
청수냉면	food	126.41503	33.48579
청수농촌체험휴양마을	activity	126.24726	33.31792
청수다락	stay	126.24695	33.30319
청수담	stay	126.26029	33.30709
청수리오즈네	stay	126.25613	33.30573
청수물	activity	126.24768	33.31757
청수물카페청수리	food	126.25890	33.30204
청수미방	food	126.24100	33.32281
청수별장	stay	126.24259	33.32112
청수살롱	activity	126.24029	33.32116
청수실내테니스장	activity	126.24054	33.31552
청수여관	stay	126.23993	33.30803
청수풀	stay	126.25517	33.30246
청실홍실	shop	126.53004	33.51141
청아	shop	126.52393	33.49960
청아기프트샵	shop	126.48728	33.49087
청아수산	shop	126.54183	33.51226
청아투명카약	activity	126.31054	33.46027
청양커피로스터리	cafe	126.53098	33.50034
청어람	food	126.53883	33.50315
청연	stay	126.25196	33.40517
청연	cafe	126.53448	33.48569
청연기업	shop	126.54958	33.47332
청오돼지들의세상	food	126.47907	33.48933
청우가든	food	126.62590	33.53074
청원	stay	126.53165	33.51079
청유갤러리	shop	126.33074	33.36949
청은국수	shop	126.18277	33.34919
청음통신	shop	126.59229	33.51414
청이네농원	shop	126.25239	33.31034
청일	food	126.47791	33.49108
청자다방대흘	cafe	126.65288	33.49579
청자당	shop	126.46323	33.48173
청정	shop	126.52721	33.51274
청정고을	food	126.29840	33.96237
청정뷔페앤제사	food	126.53835	33.45968
청정식당	food	126.54309	33.50102
청정오메기떡	food	126.49907	33.49384
청정올레	shop	126.53083	33.49134
청정제주유통	shop	126.40711	33.47671
청지목	food	126.67246	33.42533
청춘감성쌀핫도그제주	food	126.53801	33.49320
청춘길일	stay	126.74655	33.55768
청춘다방	cafe	126.49756	33.49116
청춘당구장	activity	126.49756	33.49116
청춘당꽈배기	food	126.50751	33.50046
청춘당꽈배기	food	126.53009	33.46337
청춘당꽈배기	food	126.67481	33.53937
청춘당찹쌀꽈배기	food	126.58171	33.49627
청춘당찹쌀꽈배기	food	126.60769	33.52439
청춘당찹쌀꽈배기	food	126.42518	33.49263
청춘댁평상집	food	126.37395	33.48103
청춘마차	bar	126.52370	33.50611
청춘불패	food	126.52824	33.51209
청춘스테이	stay	126.86389	33.52002
청춘쌀핫도그남녕점	food	126.48009	33.49113
청춘쌀핫도그삼화점	food	126.58603	33.51928
청춘예찬제주혼술바	bar	126.52021	33.51274
청춘이닭	food	126.30156	33.44831
청춘이오란다	shop	126.31568	33.42511
청춘짬뽕	food	126.53333	33.50920
청춘테이블	food	126.53609	33.51397
청춘포차	bar	126.52023	33.50926
청춘해장국	food	126.33473	33.46220
청춘호프	bar	126.49454	33.49119
청파식당횟집	food	126.85362	33.52453
청포돗대	food	126.54616	33.50233
청풍국수	food	126.56550	33.52227
청하감자탕	food	126.46450	33.48456
청하감자탕인제	food	126.54267	33.50298
청하단란주점	bar	126.52708	33.50222
청하통신	shop	126.52354	33.50860
청해민박	stay	126.29680	33.96399
청해야제주	food	126.50580	33.51642
청해회센타	food	126.49368	33.49102
청향	food	126.53309	33.49577
청호나이스렌탈제주점	shop	126.54195	33.49352
청호정	food	126.49536	33.49095
체리	bar	126.49298	33.49026
체리비로드	shop	126.27268	33.42022
체온앤점핑홀릭	shop	126.43069	33.49001
체이스컬트	shop	126.52463	33.51316
체이스컬트	shop	126.26487	33.41458
체크마린제주점	shop	126.27460	33.39342
체크솔루션	shop	126.48791	33.48925
체크약국	shop	126.54531	33.47288
체크인	stay	126.52779	33.51625
체크인제주	stay	126.28825	33.43043
체프메이트커피	cafe	126.51980	33.51758
체험놀이터	shop	126.52463	33.51316
첼로노래연습장	activity	126.53126	33.49921
쳠쳠당당	food	126.25371	33.40475
초가장	food	126.52833	33.51768
초대창일도	food	126.54347	33.50166
초딩입맛	food	126.48149	33.48882
초량화성	food	126.54357	33.50191
초록꿈디자인	activity	126.60658	33.49670
초록달과자점	cafe	126.33039	33.43591
초록마을제주	shop	126.54372	33.49168
초록마을제주	shop	126.57648	33.45141
초록마을제주도남점	shop	126.51998	33.49457
초록마을제주삼화점	shop	126.58099	33.51562
초록마을펜션	stay	126.64488	33.47314
초록맨션	shop	126.53735	33.50648
초록목록	shop	126.54319	33.49390
초록별장	stay	126.81253	33.49525
초록빛이야기	stay	126.84912	33.52592
초록약국	shop	126.47531	33.48866
초록오메기떡	food	126.47560	33.49511
초록지붕	cafe	126.26440	33.31479
초록지붕집	stay	126.28118	33.34494
초록채	food	126.39883	33.44215
초록초록	stay	126.24880	33.39519
초록카운티	stay	126.46293	33.47996
초롱박	bar	126.48494	33.48129
초롱분식	food	126.52656	33.50318
초리	food	126.52301	33.50968
초민코스메틱스	shop	126.52010	33.50454
초밥공장	food	126.79154	33.55248
초밥군커피씨	cafe	126.53098	33.51009
초밥잇수다	food	126.54462	33.49386
초밥집	food	126.41457	33.48641
초벌우야지	food	126.26761	33.41887
초심	shop	126.43353	33.49341
초야오마카세	food	126.26946	33.41547
초연	bar	126.52777	33.50178
초요일	shop	126.50890	33.50630
초우	food	126.53468	33.50705
초원게스트	stay	126.95195	33.51179
초원빌리지	stay	126.95217	33.51183
초원식당	food	126.67325	33.53964
초원코다리	food	126.25306	33.39355
초원흑돼지	food	126.67325	33.53965
초이	shop	126.52895	33.49911
초이스	bar	126.48928	33.48972
초이스모바일	shop	126.50206	33.48792
초이스식당	food	126.53083	33.49609
초이스테이	stay	126.42492	33.44995
초이타코	food	126.52662	33.51183
초코렛	shop	126.49029	33.48816
초코아일랜드	shop	126.25648	33.34186
초하우스	shop	126.69362	33.52253
초화상점	shop	126.54898	33.47288
촌국수	food	126.26363	33.41589
촌뜨기화로구이	food	126.52902	33.49011
촌스럽	food	126.42680	33.43384
촌스테이	stay	126.63526	33.52295
촌장터	food	126.53155	33.49894
촌촌해녀촌	food	126.71011	33.55371
촐리케이크	cafe	126.54201	33.49399
촘고기공작소촘닭갈비	food	126.57274	33.51348
총각쭈꾸미	food	126.53960	33.51427
촵촵	food	126.48164	33.47978
최가네손만두	food	126.54276	33.50454
최가네옛날손두부집	food	126.49198	33.48431
최가네중국요리	food	126.49220	33.48700
최고	bar	126.53196	33.51142
최고구제샵	shop	126.52410	33.50787
최고아이스크림도남점	shop	126.53065	33.49116
최고아이스크림아라점	shop	126.54747	33.47166
최고유통	shop	126.54037	33.47425
최고의밥상	food	126.52624	33.50332
최고의카페	bar	126.53165	33.51234
최남단피싱	shop	126.33620	33.46313
최부자	food	126.53935	33.49646
최부자집반찬가게	food	126.54895	33.47073
최상사	shop	126.53991	33.51789
최신형노래연습장	activity	126.52390	33.50999
최애반찬	food	126.54526	33.47145
최약국	shop	126.54745	33.50240
최연옥	shop	126.49060	33.48871
최영성	stay	126.42154	33.48515
최윤프로샵	shop	126.51319	33.44822
최재원피트니스제주연북로점	activity	126.48709	33.48162
최정가네칼국수	food	126.26419	33.41732
추가네농장	shop	126.23909	33.31312
추담골	food	126.47039	33.48191
추담스토리	shop	126.29395	33.96209
추말례천연염색	shop	126.21687	33.30710
추사랑	food	126.43039	33.48865
추사랑민박	stay	126.32433	33.93562
추사밥상월정	food	126.54322	33.47871
추사장추어탕	food	126.52679	33.50130
추억공감	food	126.47872	33.48863
추억만들기	bar	126.53926	33.50904
추억만들기	stay	126.50596	33.50683
추억의쉘부르	bar	126.48919	33.48155
추자관광낚시	shop	126.29534	33.96082
추자군도	activity	126.30953	33.95013
추자다이브	activity	126.29674	33.95942
추자대물민박	stay	126.32378	33.94084
추자도	bar	126.29392	33.96190
추자도	nature	126.30762	33.95181
추자도나바론민박	stay	126.29512	33.96097
추자도남자해녀집	food	126.29755	33.95978
추자도민박	stay	126.31457	33.94545
추자도산꼼장어메추리구이	food	126.52832	33.49594
추자도수협바다마트	shop	126.29779	33.96238
추자도에코롯지	stay	126.32880	33.94983
추자도에코빌리지수산	shop	126.32926	33.94974
추자도에코하우스민박	stay	126.32926	33.94974
추자도청정수산	shop	126.51669	33.50314
추자도체험휴양민박	stay	126.32348	33.93995
추자도초밥	food	126.29801	33.96264
추자둥이네식당	food	126.29418	33.96143
추자맛나식당	food	126.29456	33.96287
추자본섬연동점	food	126.49817	33.48543
추자북경	food	126.32038	33.94196
추자선맛집	food	126.31997	33.94139
추자섬민박	stay	126.29086	33.96149
추자섬바당	food	126.53758	33.48674
추자송송칼국수	food	126.29500	33.96278
추자약국	shop	126.29696	33.96374
추자에가면	food	126.29787	33.96269
추자올레	stay	126.29770	33.96381
추자전업사	shop	126.29582	33.96380
추자정민박	stay	126.32201	33.94085
추자집	food	126.53028	33.51689
추자짱민박	stay	126.29410	33.96122
추자추포도수산	shop	126.29566	33.96045
추자피싱랜드민박	stay	126.33207	33.94714
추자피싱스토리민박	stay	126.29720	33.96362
추자향기	cafe	126.29526	33.96282
추자회소랑	food	126.54760	33.49425
추자힐링랜드	stay	126.31781	33.94143
축협하나로베이커리	food	126.54297	33.48603
춘리노형동점	food	126.47336	33.48458
춘리마라탕	food	126.48084	33.48436
춘리마라탕제주	food	126.53041	33.49825
춘삼월	shop	126.86222	33.52356
춘삼이삼춘	food	126.51071	33.50232
춘심이네오메기떡제주공항새길점	food	126.49042	33.50174
춘옥이네	food	126.85636	33.52604
춘월맛집	food	126.46618	33.50490
춘자상회	shop	126.52746	33.51545
춘자상회	shop	126.27450	33.41983
춘자소주방	food	126.26295	33.41562
춘천명동닭갈비	food	126.54267	33.50298
춘천명동닭갈비삼화점	food	126.57549	33.51476
춘천명동닭갈비서사라점	food	126.51965	33.50258
춘천명동닭갈비아라점	food	126.54456	33.47694
춘천명동닭갈비연동점	food	126.49212	33.48749
춘천명동닭갈비한라초점	food	126.48818	33.47872
춘천명동닭갈비한림점	food	126.25679	33.40534
춘천혜성	food	126.47513	33.49013
춘풍설렁탕	food	126.54747	33.47556
춘하추동	food	126.33812	33.41848
춘향이네	food	126.47719	33.49612
춘화네삼계탕	food	126.57312	33.52009
춘화상회	shop	126.51843	33.49968
춘흥	food	126.52011	33.50149
춘희	stay	126.83947	33.53381
춘희	shop	126.52440	33.51109
출세하는날	bar	126.50792	33.50961
춤추는닭치킨	food	126.51395	33.49926
춤추는돼지	food	126.57945	33.51676
춤추는생오리	food	126.52819	33.49898
춤추는식탁	shop	126.43177	33.48906
춤추는염소들	cafe	126.49296	33.48313
춤추는짜장	food	126.18182	33.34023
충명건설	food	126.43243	33.43294
충무건강원	shop	126.26431	33.41587
충무유통	shop	126.47271	33.50622
충민정	food	126.51316	33.50253
충분	food	126.53461	33.49948
충세흑돼지정육식당	shop	126.63318	33.53467
취권	food	126.67076	33.53982
취하도	shop	126.89359	33.51165
취향수집	shop	126.25659	33.40563
취향지구	food	126.63681	33.54108
츄레리아	food	126.47970	33.49156
츠마미야미미	food	126.35245	33.47298
치구먹구당구	activity	126.85245	33.52325
치꼬	food	126.29662	33.35865
치니	food	126.47706	33.49272
치로리	food	126.54059	33.50586
치르첸	food	126.53469	33.48737
치맥집칼호텔점	food	126.52522	33.50661
치앙마이스파	stay	126.90002	33.48595
치앙마이스파앤풀빌라	stay	126.90048	33.48582
치얼업	food	126.52960	33.49790
치올라	shop	126.53878	33.48354
치완	food	126.52868	33.50266
치이즈	food	126.46166	33.48383
치저스	food	126.77392	33.46836
치치낭고	shop	126.69849	33.54718
치크	shop	126.52587	33.51312
치크포포	food	126.51421	33.50147
치킨	food	126.43242	33.48574
치킨	food	126.43352	33.48498
치킨노형점	food	126.47455	33.48324
치킨다이닝	food	126.53121	33.49719
치킨매니아연동	food	126.48783	33.48123
치킨명가	food	126.47394	33.48383
치킨반장	food	126.47925	33.48341
치킨신드롬신제주점	food	126.49178	33.48541
치킨제주시청점	food	126.52915	33.49978
치타	food	126.48901	33.48874
치토랑제주아라점	food	126.54474	33.48653
친구	bar	126.53308	33.49412
친구	bar	126.47983	33.49178
친구네다락방	stay	126.47980	33.49024
친구랑한잔	food	126.26492	33.41611
친구사이포차	food	126.52704	33.50312
친구야	bar	126.50773	33.50957
친구야가자	bar	126.51343	33.50476
친구집해물포차	bar	126.43411	33.48911
친구테이블	food	126.66437	33.54110
친선호횟집	food	126.50175	33.51523
친절민박	stay	126.53296	33.51690
친절한은경씨네	stay	126.63482	33.54208
친절한척경배씨	food	126.78824	33.55565
친정집	food	126.57312	33.52009
친정집민박	stay	126.17937	33.30554
친친제주	food	126.47234	33.49185
친한친구분식	food	126.43332	33.49234
친환경제주드림	stay	126.65199	33.50118
칠공구공	bar	126.49583	33.48407
칠공삼공	food	126.26344	33.41670
칠공팔공	bar	126.50616	33.51610
칠공팔공구공용담라이브	bar	126.50616	33.51610
칠돈가	food	126.51073	33.50233
칠돈가별관	food	126.47782	33.49387
칠돈가새별오름점	food	126.40716	33.42329
칠돈가제주공항	food	126.47762	33.49387
칠돈본가	food	126.51071	33.50232
칠백민박	stay	126.96238	33.51040
칠번가	bar	126.49180	33.48769
칠분의오	food	126.81349	33.55850
칠사돈	food	126.39204	33.48471
칠삭갈비	food	126.54274	33.50334
칠삭갈비	food	126.55048	33.49149
칠성골흑돼지	food	126.52598	33.51639
칠성로	shop	126.52595	33.51435
칠성로스타박스노래주점	bar	126.52598	33.51578
칠성로포차	bar	126.52453	33.51406
칠성포차제원점	bar	126.49095	33.48772
칠옥	food	126.52410	33.51576
칠일칠팔식당	food	126.26207	33.41417
칠칠	cafe	126.52724	33.51365
칠칠판	food	126.53388	33.50826
칠칠팜	bar	126.53388	33.50826
칠팔낚시	shop	126.51691	33.51478
칠프로칠백식당제주	food	126.47933	33.47741
침대마을	shop	126.50548	33.49985
칭구야	bar	126.52173	33.49947
칭구야한잔하자	bar	126.53232	33.50097
칭다오양꼬치화북점	food	126.57308	33.51962
칭따오객잔	food	126.49105	33.48675
카고크루즈	food	126.52035	33.51765
카니발노래연습장	activity	126.52488	33.51501
카도	bar	126.49214	33.48676
카도돈카츠	food	126.49742	33.48803
카라	shop	126.52463	33.51316
카렐베이크샵	cafe	126.62809	33.53514
카르마커피제주	cafe	126.80119	33.55622
카르페디엠	stay	126.75057	33.55406
카름	stay	126.87874	33.52359
카름	cafe	126.54155	33.50167
카리브	bar	126.26346	33.41565
카리스의류	shop	126.55311	33.50379
카마에듀커머스	shop	126.48558	33.48621
카메네코	food	126.48890	33.48780
카메리	food	126.39937	33.47982
카메오	bar	126.52736	33.49876
카메카츠	food	126.49427	33.48446
카멜리아니팅	shop	126.52222	33.50943
카멜리아문차귀도제주소품샵	shop	126.16618	33.30954
카멜리아캐슬	stay	126.86496	33.52094
카미노	stay	126.36145	33.47670
카미커피	cafe	126.53007	33.49727
카바카바	shop	126.70606	33.45445
카보	stay	126.71916	33.55501
카사노바	bar	126.52674	33.51675
카사베라	bar	126.49105	33.48603
카사블랑카	bar	126.49553	33.48642
카샤노래연습장	activity	126.52902	33.50031
카스빌	bar	126.56613	33.52139
카스전자저울	shop	126.51959	33.51312
카시아	shop	126.52463	33.51316
카오산제주	food	126.79774	33.55387
카이	stay	126.24127	33.39213
카이로스	shop	126.51849	33.50067
카이로스	stay	126.40031	33.44913
카이로스민박	stay	126.40032	33.44915
카이민박	stay	126.24108	33.39187
카인드펍	bar	126.49055	33.48776
카일라스마트	shop	126.49040	33.49078
카주아루	cafe	126.53504	33.49254
카츠쿠	food	126.47776	33.48355
카치토	cafe	126.48358	33.47407
카카듀	cafe	126.54178	33.49131
카카몬협동조합	activity	126.50271	33.51605
카키테아노	shop	126.81132	33.55206
카파드래곤제주점	cafe	126.29572	33.43877
카페	cafe	126.33402	33.40722
카페가젠	cafe	126.54604	33.50395
카페갤러리	cafe	126.67467	33.42209
카페게이트제주	cafe	126.53899	33.48952
카페게이트제주	cafe	126.52656	33.50318
카페결	cafe	126.95661	33.51267
카페계란빵사세요제주	food	126.53154	33.50274
카페공간	cafe	126.42647	33.47318
카페광령올레	cafe	126.43881	33.46103
카페구할구제주	cafe	126.79512	33.55456
카페굿모닝	cafe	126.54414	33.49121
카페귤한가	cafe	126.26279	33.38828
카페기지	cafe	126.26451	33.33848
카페까르네	cafe	126.86818	33.51590
카페꼼	cafe	126.54817	33.47518
카페낭뜰	cafe	126.29850	33.35662
카페노아	cafe	126.58904	33.52863
카페누오	shop	126.48910	33.48611
카페다	cafe	126.63851	33.53714
카페다각	cafe	126.66737	33.48879
카페단단	cafe	126.52162	33.51258
카페더브릿지	cafe	126.52930	33.49777
카페더비어	bar	126.54374	33.49257
카페더콘테나	food	126.67897	33.49808
카페덕자	cafe	126.58229	33.51980
카페던스페이스	cafe	126.49363	33.51952
카페도도다	cafe	126.65957	33.53575
카페도리로	food	126.45822	33.49854
카페동경앤책방	cafe	126.40485	33.48135
카페동네	cafe	126.89865	33.49330
카페동백부엉이	cafe	126.70861	33.51481
카페동화	cafe	126.57748	33.51800
카페두모리에	cafe	126.18306	33.35749
카페드노엘	cafe	126.57605	33.51449
카페드벨로브롬톤	cafe	126.50137	33.48138
카페드콜리	cafe	126.52171	33.46429
카페디크레	cafe	126.50466	33.46768
카페라	cafe	126.52907	33.49969
카페라떼는	cafe	126.39996	33.48024
카페라엘라	cafe	126.43242	33.48574
카페레브	cafe	126.51610	33.50423
카페로드	cafe	126.48476	33.48747
카페로제뜨	cafe	126.51933	33.50133
카페리	cafe	126.83967	33.53398
카페리꼬	cafe	126.25637	33.40581
카페리나	cafe	126.17998	33.30055
카페마노앤디또	cafe	126.18502	33.34973
카페마요피	cafe	126.88845	33.52442
카페마음마루	cafe	126.54399	33.47077
카페마티에르	food	126.85776	33.52168
카페메이	food	126.83730	33.53731
카페메콩스카이	food	126.55849	33.45934
카페멜록	cafe	126.33870	33.46736
카페모들	cafe	126.38922	33.48898
카페모아	food	126.26386	33.41642
카페몽	cafe	126.55220	33.47407
카페몽몽	food	126.47328	33.49239
카페무로	cafe	126.58963	33.52874
카페무물	cafe	126.33813	33.46656
카페묵담墨談	cafe	126.21141	33.34583
카페물메	food	126.39366	33.46436
카페밀	cafe	126.54286	33.49129
카페밀리	cafe	126.61809	33.50638
카페밀에드	cafe	126.51060	33.51278
카페바나나	cafe	126.66310	33.54382
카페바당	cafe	126.63404	33.53849
카페베고니아	cafe	126.54505	33.48604
카페베네이도일동점	cafe	126.52551	33.50649
카페베네제주애월곽지해수욕장점	cafe	126.30406	33.44826
카페베네제주점	cafe	126.48184	33.48244
카페베네중앙	cafe	126.47048	33.49232
카페보리다	cafe	126.53352	33.49663
카페봄봄	cafe	126.59703	33.48887
카페봄봄	cafe	126.62301	33.53516
카페봄봄	cafe	126.52669	33.50353
카페봄봄김녕점	cafe	126.75265	33.55599
카페봄봄내도점	cafe	126.43924	33.49555
카페봄봄세화점	cafe	126.85362	33.52453
카페봄봄아라점	cafe	126.54185	33.47775
카페봄봄오라점	cafe	126.50904	33.49641
카페봄봄외도점	cafe	126.43111	33.49098
카페봄봄용담점	cafe	126.50948	33.51259
카페봄봄제주	cafe	126.58497	33.51916
카페봄봄제주오일장점	cafe	126.48482	33.49337
카페봄봄한경점	cafe	126.18516	33.35313
카페봄봄한림점	cafe	126.26448	33.41442
카페봉개	cafe	126.59745	33.48806
카페분식이다	cafe	126.53425	33.48764
카페뷰	cafe	126.95790	33.52035
카페브리프	cafe	126.41569	33.45837
카페블레스	cafe	126.52821	33.50074
카페블루탐	cafe	126.61965	33.53120
카페블루하우스제주점	food	126.47637	33.48113
카페비비	cafe	126.59281	33.52957
카페빠네띠에	cafe	126.54607	33.49466
카페사분의이	cafe	126.18457	33.35100
카페사분의일	cafe	126.48131	33.44625
카페산들랑	cafe	126.85888	33.51321
카페살레	food	126.95775	33.51314
카페삼도동	cafe	126.52144	33.51185
카페성지	cafe	126.52469	33.50970
카페세바	cafe	126.70603	33.51323
카페세화숲	food	126.86132	33.52437
카페소리	food	126.39154	33.42217
카페송키	cafe	126.52020	33.51513
카페수	cafe	126.40056	33.46894
카페수평선문어빵굽는문빵구	food	126.94462	33.51250
카페술도가제주바당	food	126.82453	33.53724
카페스탠포드	food	126.35275	33.47193
카페시소	cafe	126.63488	33.54345
카페시오	cafe	126.33767	33.46525
카페신산	cafe	126.53232	33.50396
카페신상	cafe	126.44923	33.49728
카페실꽃누리	cafe	126.50587	33.51330
카페쏘해피	cafe	126.51797	33.50296
카페씨닉	cafe	126.79265	33.55928
카페아나소라	cafe	126.67368	33.49188
카페알로티	food	126.41274	33.48241
카페알지니	cafe	126.78499	33.47674
카페앤틱애월	cafe	126.41417	33.48264
카페에벤에셀	cafe	126.48581	33.47295
카페연대	cafe	126.42562	33.49494
카페연연	cafe	126.49155	33.49072
카페연우	cafe	126.16765	33.29456
카페연이랑	cafe	126.70967	33.45396
카페옐로우	cafe	126.95097	33.49384
카페오드리	cafe	126.29736	33.35691
카페오르덴	cafe	126.42643	33.48673
카페오복	cafe	126.53585	33.49822
카페오트	cafe	126.25606	33.32586
카페온	cafe	126.47940	33.49034
카페온결	cafe	126.19054	33.35988
카페온다	food	126.90038	33.51495
카페올디	cafe	126.54912	33.49396
카페올리브케이터링	food	126.69891	33.50915
카페요디	cafe	126.67535	33.54238
카페요아정제주	cafe	126.54094	33.50657
카페요아정제주	cafe	126.66540	33.54212
카페요아정제주삼화점	cafe	126.57668	33.51562
카페요아정제주외도점	cafe	126.43070	33.48736
카페요지	cafe	126.53570	33.49581
카페위더스	cafe	126.50198	33.48085
카페위유	cafe	126.45715	33.45465
카페유유자적	food	126.95765	33.51628
카페유주	cafe	126.25724	33.40548
카페이면	cafe	126.22657	33.38862
카페이사벨	cafe	126.55365	33.47884
카페이시도르	food	126.32258	33.34665
카페이에르바	cafe	126.61885	33.52754
카페이엘라도	cafe	126.51727	33.51168
카페이음새	cafe	126.49570	33.49058
카페인동광	cafe	126.54196	33.50787
카페인사리	cafe	126.82595	33.53917
카페인어	cafe	126.27639	33.44043
카페인우도	food	126.96767	33.50314
카페인중독연동점	cafe	126.48948	33.48682
카페인중독제주	cafe	126.53822	33.49070
카페인중독제주	cafe	126.52583	33.50481
카페인중독제주삼화점	cafe	126.57934	33.51784
카페인중독제주아라점	cafe	126.54505	33.47333
카페인큐브	cafe	126.57255	33.45290
카페인팜	cafe	126.35656	33.46766
카페일리터제주	cafe	126.47964	33.47864
카페잔잔한	food	126.84028	33.53297
카페제주완	cafe	126.43340	33.48899
카페제주웰컴	cafe	126.49941	33.48622
카페조아	cafe	126.50202	33.48975
카페직	cafe	126.52696	33.49673
카페직민속자연사박물관점	cafe	126.53172	33.50563
카페진정성종점	food	126.46286	33.50241
카페책자국	shop	126.90769	33.49627
카페청굴물	cafe	126.75129	33.55798
카페치즈태비	cafe	126.80787	33.55515
카페카약올레	cafe	126.77794	33.56324
카페코랫	cafe	126.32930	33.43981
카페콜라	cafe	126.29193	33.44334
카페쿠이	cafe	126.30482	33.44913
카페클라츠	cafe	126.53854	33.49123
카페킹	cafe	126.51771	33.48837
카페테리아해안	food	126.49150	33.51516
카페토르토니	cafe	126.54367	33.47493
카페토스티	cafe	126.54129	33.47023
카페투비	cafe	126.52678	33.51286
카페티고	cafe	126.76177	33.50007
카페파스쿠찌	cafe	126.53812	33.50601
카페판포리	cafe	126.20199	33.36316
카페팔레트	cafe	126.48483	33.51096
카페퍼즈	cafe	126.19973	33.36428
카페페이지	cafe	126.51020	33.51252
카페평화쉼터	cafe	126.61318	33.46080
카페포레스트	food	126.81512	33.50012
카페프룻	cafe	126.47121	33.48248
카페하귀리	cafe	126.39838	33.48035
카페하나로	cafe	126.55311	33.50379
카페하이큐	food	126.58029	33.51677
카페한라산	cafe	126.86298	33.52475
카페허그	cafe	126.52107	33.51282
카페헤이브라운	cafe	126.54113	33.47212
카페현	cafe	126.54358	33.49289
카페효주	cafe	126.52021	33.51274
카페후추	cafe	126.54065	33.47307
카페훤	cafe	126.24251	33.39617
카페휘	cafe	126.21405	33.37623
카페희스토리	cafe	126.46768	33.50509
카페힐스	cafe	126.33207	33.94710
카포스트	shop	126.29238	33.41830
카픽시아	shop	126.53448	33.48569
카훼리	food	126.49902	33.51926
칸	shop	126.52596	33.51429
칸나하우스	stay	126.45030	33.49669
칸노래텔	bar	126.54161	33.50529
칸스제주점	food	126.42942	33.48684
칸테도예	shop	126.53367	33.49937
칸트하우스	stay	126.33621	33.46536
칸트하우스민박	stay	126.33621	33.46536
칼디의선물	cafe	126.50109	33.50014
칼라	cafe	126.57668	33.51562
칼라박스	shop	126.52437	33.50725
칼라박스	shop	126.26449	33.41386
칼리	shop	126.48790	33.47872
칼맞은삼겹살	food	126.52845	33.50000
칼맞은삼겹살	food	126.48463	33.48407
칼맞은삼겹살제원점	food	126.48858	33.48662
칼퇴근김대리	food	126.47888	33.48820
칼하트더블유아이피제주	shop	126.52601	33.51498
캄포	cafe	126.54022	33.46293
캉골	shop	126.48984	33.48781
캉골신제주점	shop	126.48984	33.48781
캐디라이브	food	126.48894	33.48352
캐럴	shop	126.54401	33.47474
캐럿츠	cafe	126.79795	33.55479
캐리어에어콘제주총판	shop	126.52911	33.49241
캐릭터	shop	126.52463	33.51316
캐릭파크	heritage	126.70057	33.47958
캐비아	bar	126.49081	33.48514
캐빈	bar	126.52789	33.50121
캐빈타운자연의향기	stay	126.39093	33.48493
캐스팅	bar	126.51321	33.50333
캐슬드한림민박	stay	126.27800	33.40914
캐이원엔터테인먼트	shop	126.84824	33.51187
캐피탈모텔	stay	126.51387	33.49912
캔들나무신제주점	shop	126.48656	33.48982
캔디	bar	126.26394	33.41739
캔디원	activity	126.70775	33.47129
캔디투	bar	126.53879	33.51153
캔디포유제주혼술바	bar	126.52380	33.51459
캘러웨이신제주점	shop	126.48961	33.48559
캘리그라피오월	shop	126.51754	33.48778
캘리포니아	food	126.29820	33.35708
캘빈클라인언더웨어신제주점	shop	126.48983	33.48832
캠퍼트리스토어	shop	126.44833	33.45167
캠프해리	stay	126.81429	33.48144
캠핑스토리	stay	126.39494	33.41757
캠핑트리펜션	stay	126.41798	33.44654
캡슐	shop	126.52679	33.51453
캡틴당구장	activity	126.56716	33.52161
캡틴룸가요타운	bar	126.26453	33.41588
캡틴솥뚜껑	food	126.43120	33.49082
캡틴제주	stay	126.61867	33.53656
캡퍼룸	shop	126.41477	33.45811
캣냅씨	shop	126.71245	33.55269
캣쿠	food	126.53379	33.50256
커넥트라운드	activity	126.52707	33.50439
커넥팅제주	stay	126.45955	33.50211
커몬커몬	shop	126.49105	33.48603
커뮤니티라운지	cafe	126.52831	33.51280
커브스시청클럽	activity	126.52857	33.50093
커브스한라클럽	activity	126.47061	33.48442
커브커피스토어	cafe	126.57743	33.52612
커스텀짐	activity	126.47041	33.48424
커스텀짐	activity	126.43053	33.48314
커스텀짐베라체점	activity	126.54242	33.49305
커스텀짐이도	activity	126.53172	33.48718
커스텀짐인제점	shop	126.54265	33.49985
커스텀짐한림점	activity	126.26673	33.40971
커텐과이불	shop	126.49576	33.47952
커텐명작나연컬렉션	shop	126.54629	33.50179
커튼클럽	bar	126.49050	33.48675
커피가좋아	cafe	126.26325	33.41686
커피곰여행자	cafe	126.88372	33.51844
커피공장	cafe	126.29604	33.44398
커피구십구점구	cafe	126.48461	33.46973
커피다	cafe	126.51770	33.50018
커피동굴	cafe	126.53916	33.51461
커피랑카페	cafe	126.26444	33.41379
커피러스트	cafe	126.74643	33.48275
커피로카	cafe	126.54044	33.50663
커피룸	cafe	126.79598	33.55554
커피를그리다리다커피	cafe	126.53852	33.48311
커피를부탁해	cafe	126.66985	33.54111
커피림	cafe	126.48786	33.46945
커피마마제주금능해변	cafe	126.23278	33.38892
커피마마제주연동점	cafe	126.49058	33.48919
커피마마제주한림점	cafe	126.26730	33.41112
커피마마퀸	cafe	126.47061	33.48442
커피마신붕어	cafe	126.78634	33.46998
커피방아	cafe	126.51845	33.51195
커피밸런스	cafe	126.57648	33.45141
커피베이	cafe	126.47779	33.49051
커피볶는조아저씨	cafe	126.19524	33.35926
커피비원	cafe	126.48749	33.48354
커피비터스윗	cafe	126.49881	33.48846
커피빈제주동문	cafe	126.52756	33.51287
커피산책	cafe	126.44024	33.46202
커피솝	cafe	126.50961	33.50928
커피순	cafe	126.49725	33.49163
커피스탬프	cafe	126.54002	33.48774
커피앤두제주하귀점	cafe	126.40865	33.48421
커피앤빵	cafe	126.29392	33.96190
커피온다	cafe	126.52156	33.49947
커피와수다	cafe	126.52029	33.51153
커피욜로	cafe	126.53464	33.48678
커피주의보	cafe	126.53800	33.49276
커피처방전	cafe	126.50657	33.49277
커피초아	cafe	126.57666	33.51748
커피커넥쳐스	cafe	126.49289	33.48251
커피콜라주	cafe	126.47475	33.48199
커피템플	cafe	126.56963	33.47821
커피트리	cafe	126.47811	33.47653
커피프린스	cafe	126.52681	33.50064
커피핌	cafe	126.49561	33.48692
커피한라	cafe	126.47746	33.47690
컨셉	shop	126.52190	33.48886
컨시드	bar	126.47200	33.48557
컨츄리	bar	126.53215	33.51451
컨츄리가든	shop	126.51899	33.51203
컨트리커피	cafe	126.58862	33.52680
컬러링도남점	bar	126.52174	33.49658
컬러보다	shop	126.52521	33.49464
컬러스테이	stay	126.67678	33.49394
컬럼비아신제주점	shop	126.48980	33.48763
컬쳐드	food	126.52975	33.49821
컬쳐드인더랩	food	126.54357	33.49186
컬투치킨앤포차삼화점	food	126.58986	33.52421
컬티베잇민박	stay	126.43930	33.45926
컴마을	shop	126.63968	33.53695
컴퍼니	shop	126.51789	33.49080
컴포즈커피연동	cafe	126.49617	33.48637
컴포즈커피연동점	cafe	126.49112	33.48114
컴포즈커피제주	cafe	126.53628	33.49238
컴포즈커피제주	cafe	126.53833	33.48872
컴포즈커피제주	cafe	126.66540	33.54212
컴포즈커피제주	cafe	126.48291	33.48135
컴포즈커피제주공항렌트카점	cafe	126.48891	33.50150
컴포즈커피제주남녕고점	cafe	126.48077	33.49061
컴포즈커피제주뉴월드화북마트점	cafe	126.57028	33.51971
컴포즈커피제주대학교점	cafe	126.56165	33.46036
컴포즈커피제주동초교점	cafe	126.53380	33.51337
컴포즈커피제주드림	cafe	126.48174	33.48424
컴포즈커피제주베라체점	cafe	126.54258	33.49220
컴포즈커피제주삼화점	cafe	126.57544	33.51443
컴포즈커피제주서사라점	cafe	126.51955	33.49965
컴포즈커피제주아라점	cafe	126.54497	33.47598
컴포즈커피제주연동	cafe	126.49457	33.48646
컴포즈커피제주외도	cafe	126.43139	33.48794
컴포즈커피제주이호테우점	cafe	126.45215	33.49689
컴포즈커피제주일도인제점	cafe	126.54143	33.50540
컴포즈커피제주저지점	cafe	126.26865	33.31865
컴포즈커피제주제원점	cafe	126.48924	33.48850
컴포즈커피제주하귀점	cafe	126.41496	33.48673
컴포즈커피한림점	cafe	126.26549	33.40991
컴포즈커피화북공단점	cafe	126.56378	33.51219
컴포터블	shop	126.53327	33.50341
컴포터스테이	stay	126.79687	33.55461
컴포트브라운	food	126.84768	33.51127
컴퓨터네트	shop	126.53361	33.49548
컴퓨터수리	shop	126.54195	33.49352
컴플렉스	cafe	126.52412	33.51141
컴플리트	cafe	126.49130	33.47824
컴플리트커피	cafe	126.47818	33.48062
컵독스커피제주	cafe	126.52696	33.49554
케니스테이	stay	126.48242	33.48427
케렌시아제주점	shop	126.49081	33.48514
케롤	shop	126.54401	33.47474
케무리	food	126.49122	33.49022
케미스트	food	126.52453	33.51576
케이	bar	126.54355	33.50478
케이	shop	126.52463	33.51316
케이관광호텔	stay	126.48791	33.48905
케이농원	shop	126.62363	33.52399
케이더블유랩	shop	126.51316	33.49921
케이디에이치사이언스	shop	126.54153	33.47659
케이마트	shop	126.47468	33.48674
케이모텔	stay	126.52793	33.50150
케이미디어	shop	126.54826	33.50056
케이백	food	126.48982	33.48778
케이비베트남노래주점	bar	126.52873	33.50006
케이비앤비	shop	126.89070	33.49879
케이빈	cafe	126.54960	33.47757
케이숍	shop	126.48767	33.47810
케이수학	shop	126.48795	33.47834
케이스타메디푸드	shop	126.40401	33.44363
케이아이	stay	126.66342	33.54329
케이알파트너스	stay	126.49089	33.48319
케이앤디시스템	shop	126.54041	33.49776
케이에스코포레이션제주도	shop	126.49219	33.48618
케이에이치엠아이	stay	126.49266	33.49011
케이에프	shop	126.47107	33.48324
케이에프씨제주	food	126.47978	33.48450
케이에프씨제주	food	126.53413	33.49477
케이에프씨제주삼화점	food	126.58034	33.51352
케이에프씨제주연동점	food	126.48773	33.48567
케이엔비	shop	126.52476	33.51201
케이엔비	shop	126.52778	33.49571
케이엔제주	stay	126.48355	33.48741
케이엔케이	food	126.40213	33.48039
케이오늘	bar	126.49037	33.48353
케이제이에이치관광주	food	126.49120	33.48447
케이크드롭	food	126.30103	33.44757
케이탁구클럽	activity	126.53565	33.49154
케이테라피	shop	126.49526	33.48590
케이통신	shop	126.85653	33.52307
케이통신	shop	126.53860	33.50557
케이투엠	bar	126.48023	33.48909
케이투엠다비치안경	shop	126.53987	33.50736
케이팜제주약국	shop	126.48651	33.49067
케이팝	food	126.49235	33.49055
케이팝롤러스케이트	shop	126.52517	33.51466
케이팝스타코인노래연습장	activity	126.47330	33.48120
케이팝스타코인노래연습장제주	activity	126.52925	33.49947
케이포유	shop	126.48839	33.49019
케이포차	food	126.47829	33.48624
케이푸드	food	126.47655	33.48752
케이피씨	stay	126.78133	33.52595
케이휘트니스	shop	126.66804	33.54102
케찹피어싱	shop	126.53003	33.50142
케케커피	cafe	126.59234	33.52934
켈빈	bar	126.52496	33.50633
켈빈클라인진구제주점	shop	126.52571	33.51502
켈빈투	bar	126.48961	33.48559
켈파트식품	shop	126.47314	33.49680
코끼리라이브노래텔	bar	126.49127	33.48487
코끼리잠	stay	126.30075	33.44566
코끼리휴게소점빵	food	126.51400	33.51520
코나카제주시청	food	126.52991	33.49791
코난비치월정리자쿠지오션스테이	stay	126.80583	33.55629
코난해변	beach	126.81119	33.55757
코너스토어	shop	126.27928	33.31006
코너스톤	stay	126.63571	33.53319
코너웍	food	126.52337	33.49408
코너웍아라제주대점	food	126.55356	33.45807
코너웍일주서로점	food	126.42677	33.49118
코너웍제주인제점	food	126.54267	33.50846
코니오션스위트	stay	126.39089	33.48878
코다	stay	126.26551	33.42782
코다리냉면	food	126.53166	33.51274
코닥제주점	shop	126.52559	33.51384
코데스콤바인이너웨어	shop	126.52463	33.51316
코데즈컴바인	shop	126.54003	33.48979
코데즈컴바인	shop	126.52520	33.51416
코데즈컴바인이너웨어	shop	126.52484	33.51401
코델리아	shop	126.49087	33.48752
코델리아의류	shop	126.52463	33.51316
코드	bar	126.52476	33.50785
코드넷한마음병원지점	shop	126.54669	33.49634
코디	shop	126.48036	33.49131
코디신	shop	126.52766	33.51415
코디신	shop	126.52463	33.51316
코딱지	food	126.53472	33.49107
코루코루	food	126.52030	33.51611
코메트이에프	cafe	126.44978	33.49694
코메트커피	cafe	126.41331	33.48910
코멘트	shop	126.52858	33.49952
코모도	bar	126.47967	33.49213
코모커피	cafe	126.57991	33.51611
코바	bar	126.48234	33.51024
코바코삼화지구점	food	126.56354	33.52225
코바트	bar	126.52844	33.49915
코벤트리	shop	126.49260	33.48962
코봉키즈	shop	126.52463	33.51316
코브	bar	126.48533	33.48379
코사마트신산점	shop	126.53404	33.50842
코사마트추자점	shop	126.29696	33.96374
코삿플레이스	food	126.54926	33.47568
코삿헌	food	126.69477	33.54887
코삿호다	cafe	126.19829	33.36552
코소롱	food	126.48351	33.49115
코스모스악기제주점	shop	126.52876	33.49236
코스튼커피	cafe	126.52812	33.49843
코시롱	food	126.47463	33.48097
코시롱	food	126.37219	33.47920
코시롱보리빵	food	126.59919	33.48748
코시롱캔들	shop	126.51641	33.50469
코시롱하우스	stay	126.59129	33.52863
코시롱흑돼지	food	126.37217	33.47917
코아	bar	126.54101	33.50713
코아상사제주	shop	126.53943	33.49906
코알라	cafe	126.48910	33.48122
코알라	bar	126.48512	33.48580
코앞에바다	food	126.24256	33.39521
코업	stay	126.49134	33.48953
코오롱글로벌스포렉스제주	activity	126.86281	33.52130
코오롱글로벌스포렉스제주	activity	126.26854	33.40969
코오롱글로벌스포렉스제주애월점	activity	126.32136	33.46082
코우	shop	126.48174	33.48424
코웨이렌탈제주점	shop	126.54195	33.49352
코웨이청정케어	shop	126.48383	33.48828
코이노니아	stay	126.23129	33.38859
코인싱어동전노래연습장	activity	126.52966	33.49845
코인코즈	shop	126.54066	33.49022
코지	stay	126.63825	33.54351
코지마안마의자제주	shop	126.53667	33.48356
코지버거	food	126.39772	33.46044
코지스테이무인카페	cafe	126.52460	33.51044
코지스테이제주	stay	126.52460	33.51044
코지식당	food	126.52958	33.51652
코지카레	food	126.52649	33.50210
코지코너	cafe	126.53161	33.51304
코지펜션민박	stay	126.37815	33.48386
코지하우스민박	stay	126.22887	33.39042
코지하우스앤투어	stay	126.33009	33.43661
코지하우스제주점	food	126.50257	33.48182
코코	food	126.52750	33.51738
코코	bar	126.49177	33.49009
코코	shop	126.52463	33.51316
코코	shop	126.58509	33.50584
코코	shop	126.49678	33.48635
코코	shop	126.52595	33.51435
코코라이브	bar	126.48448	33.48624
코코로오보에	stay	126.45728	33.49885
코코리파이프	food	126.41437	33.48867
코코마마	food	126.95777	33.51316
코코마트	shop	126.49041	33.47992
코코메아	cafe	126.20254	33.35970
코코분식	food	126.53004	33.49677
코코블랙부띠크	shop	126.48424	33.48134
코코스펜션식당	food	126.24246	33.39250
코코스협재	stay	126.24246	33.39250
코코엘	shop	126.54258	33.49335
코코요갈비	food	126.53888	33.51134
코코유통	shop	126.52908	33.48021
코코정	shop	126.38551	33.46827
코코찬빠	food	126.48239	33.48384
코코케이커리	food	126.53327	33.50341
코코코게스트하우스	stay	126.86775	33.51633
코코트리	stay	126.25624	33.30808
코쿤	shop	126.39069	33.48277
코쿤애월	stay	126.37164	33.47798
코쿤협재펜션	stay	126.24696	33.39540
코크니셰	food	126.50073	33.48335
코크니셰	food	126.43065	33.49051
코타제주	stay	126.79558	33.55545
코튼	shop	126.49137	33.47689
코히동시오리	cafe	126.47145	33.48333
콕스	cafe	126.52034	33.49034
콘서트	food	126.26493	33.41595
콘서트노래연습장	activity	126.57308	33.51962
콘크리트맨숀	stay	126.79064	33.55437
콘타이와꼬란타이	food	126.49465	33.48070
콜라	bar	126.49476	33.48906
콜라	cafe	126.29192	33.44332
콜라비	cafe	126.67462	33.42816
콜롱주	food	126.52183	33.51714
콜체스카페	food	126.32772	33.43994
콜핑	shop	126.48184	33.48244
콜핑제주	shop	126.54463	33.50000
콤마스튜디오	shop	126.74342	33.55302
콤퓨타게임관	activity	126.53019	33.49861
콧수염양꼬치	food	126.48848	33.49202
콩깍지	bar	126.53765	33.51386
콩마루순두부짬뽕	food	126.26186	33.41316
콩마트	shop	126.43247	33.48940
콩뷰티	shop	126.58349	33.52333
콩순이키즈카페	activity	126.51128	33.48223
콩시루콩나물국밥해장국	food	126.67223	33.54195
콩이네점빵	shop	126.94625	33.49422
콩이네회센타	food	126.26405	33.41612
콩이점빵	food	126.33207	33.46778
콩지쿡	cafe	126.38789	33.46793
콩창고	food	126.26384	33.40394
콩카페곽지	food	126.30482	33.44913
콩콩하우스	stay	126.23155	33.38716
콩킹부대찌개	food	126.56102	33.46063
쾌남	food	126.48074	33.48828
쿠나이츠	shop	126.40051	33.48023
쿠루미	cafe	126.50121	33.49270
쿠루쿠루상점	shop	126.50416	33.51523
쿠보	activity	126.52916	33.49957
쿠보	activity	126.52975	33.49880
쿠시룽	food	126.66848	33.54082
쿠시쿠시하우스	stay	126.39014	33.47608
쿠야	bar	126.49340	33.48622
쿠우	food	126.51201	33.51460
쿠잉	cafe	126.47706	33.49272
쿠잉썸	stay	126.22641	33.38960
쿠잉하우스	stay	126.24554	33.38929
쿠주소셜클럽	bar	126.52943	33.49882
쿠주제주오름	cafe	126.52886	33.49836
쿠지쿠진	food	126.54213	33.50772
쿠치나꼰비니	food	126.53765	33.48818
쿠쿠정수기렌탈제주점	shop	126.54195	33.49352
쿠쿤	food	126.83750	33.53287
쿠키	bar	126.52811	33.50108
쿠키네	shop	126.36682	33.47142
쿠키상점	food	126.53142	33.49803
쿠킹독	shop	126.48586	33.48234
쿡앤맘	shop	126.57385	33.51476
쿡지니어	food	126.78497	33.47531
쿨하게	bar	126.26517	33.41632
쿨힐링아로마	shop	126.53853	33.48897
쿰다카페	cafe	126.44967	33.46220
쿰다투어	shop	126.48910	33.48611
쿱스토어제주	shop	126.54355	33.49247
쿱스토어제주삼화점	shop	126.58034	33.51471
쿱스토어제주연동점	shop	126.48963	33.48154
쿵떡	food	126.52710	33.51361
쿵푸반점	food	126.53357	33.50300
퀀타이즈제주	bar	126.52839	33.49924
퀀텀에너지제주점	shop	126.52316	33.50048
퀄리티	bar	126.49170	33.48712
퀴즈노스서브제주화북점	food	126.57264	33.51918
퀴즈노스제주	food	126.49596	33.50594
퀸	bar	126.26458	33.41722
퀸	stay	126.42277	33.43495
퀸	shop	126.49100	33.48728
퀸	shop	126.52430	33.51217
퀸	shop	126.47763	33.48787
퀸뜨개방	shop	126.43578	33.49181
퀸스	food	126.49212	33.48749
퀸스호텔	stay	126.44237	33.46835
퀸오브제주	shop	126.52730	33.51241
퀸즈	shop	126.49306	33.48621
퀸즈	shop	126.52463	33.51316
퀸즈헤나	shop	126.51906	33.50023
퀸케이노래연습장	activity	126.48761	33.48373
퀸푸드	food	126.56348	33.52010
퀼트샵	shop	126.47238	33.50505
퀼트하우스	shop	126.47294	33.48386
큐	bar	126.54090	33.50553
큐당구장	activity	126.52910	33.49896
큐당구장	activity	126.53261	33.51037
큐바	food	126.52165	33.50899
큐브모바일	shop	126.53337	33.51326
큐브코인노래연습장	activity	126.47658	33.48904
큐비앤맘	shop	126.48184	33.48244
큐사랑도리로점	shop	126.45845	33.49904
큐사랑외도	shop	126.43242	33.48574
큐앤클린	shop	126.41679	33.47973
큐어클린	shop	126.47479	33.48927
큐이디아라초점	activity	126.54656	33.47829
큐제이	cafe	126.53632	33.49015
큐티파이	cafe	126.36874	33.47788
큐플러스당구장	activity	126.48917	33.48708
큐플러스당구클럽	activity	126.52917	33.50125
크라상점제주	food	126.53586	33.49200
크라우드피시방도련점	activity	126.57990	33.51642
크라운돼지	food	126.38349	33.39344
크라운마트	shop	126.51754	33.50849
크라운마트	shop	126.43113	33.48440
크라운에셋호텔하니크라운	stay	126.52756	33.50512
크라운컨트리클럽	activity	126.69522	33.52842
크라운호프도남점	bar	126.52782	33.49031
크라운호프아라점	bar	126.54514	33.47404
크라운호프연동점	bar	126.49685	33.48603
크라운호프원	bar	126.48453	33.48372
크라운호프제주	bar	126.54319	33.50250
크래커스	food	126.22732	33.33514
크랩잭제주한담	food	126.30924	33.46293
크럼블	cafe	126.54848	33.47012
크럼스쿠키	food	126.83516	33.53899
크레베떼	food	126.67223	33.54195
크레센트	shop	126.54357	33.50191
크레이지빙수신제주점	cafe	126.47330	33.48120
크레플래닛	shop	126.48174	33.48424
크로바가구	shop	126.51699	33.51118
크로바건강원	shop	126.26722	33.42006
크로바완구제주연동점	food	126.49427	33.48961
크로바호텔	stay	126.53939	33.51425
크로스핏글라	activity	126.52756	33.47518
크로스핏돌멩이	activity	126.52463	33.49968
크로스핏리까	activity	126.48029	33.49091
크로와상제주빵집	food	126.58099	33.51645
크로커다일레이디	shop	126.52553	33.51297
크로커다일제주	shop	126.52463	33.51316
크로커다일제주연삼점	shop	126.51945	33.49274
크로쿠	cafe	126.52824	33.51209
크로플각	food	126.53689	33.49345
크로플덕오리아가씨제주	food	126.52000	33.49757
크롬웰안경제주점	shop	126.52857	33.50093
크리스마스	stay	126.89958	33.50908
크리스탈	stay	126.85415	33.52480
크리스탈허즈	shop	126.52049	33.49608
크리트리	activity	126.40106	33.42771
크린케어	food	126.49111	33.48857
크림	food	126.52339	33.51742
크림비어	bar	126.54794	33.49476
크림실내복제주	shop	126.55117	33.51235
크앙분식	food	126.53068	33.49160
큰가름	food	126.52791	33.49450
큰곰약국	shop	126.43054	33.48419
큰나무집	food	126.51197	33.51070
큰노꼬메오름	nature	126.41040	33.38944
큰담밭	food	126.53374	33.47020
큰돈물식당	food	126.66271	33.54318
큰동네국수	food	126.48953	33.48799
큰들물식당	food	126.53205	33.51044
큰맘할매순대국	food	126.62118	33.53410
큰맘할매순대국제주	food	126.54244	33.50434
큰맘할매순대국제주삼화점	food	126.57572	33.51444
큰맘할매순대국제주한라대점	food	126.47798	33.47653
큰맛동태탕	food	126.42788	33.49243
큰바다영	shop	126.53193	33.51568
큰별작은별	stay	126.30160	33.36383
큰샘에듀	activity	126.37245	33.47606
큰손	food	126.46433	33.50328
큰손상회	shop	126.80042	33.55424
큰아들	food	126.52789	33.49963
큰아들	food	126.49212	33.48721
큰아들떡볶이외도점	food	126.43411	33.48911
큰아들삼화점	food	126.58713	33.52513
큰언니	food	126.53235	33.50812
큰언니네이층집	food	126.48906	33.49118
큰엉농수산	shop	126.50569	33.50126
큰여	food	126.29522	33.44421
큰일집	food	126.53656	33.50451
큰행복파머	shop	126.39905	33.43151
클라라	shop	126.52463	33.51316
클라우드나인커피	cafe	126.52928	33.49904
클라우드아틀라스	shop	126.49508	33.48885
클라우드애월	stay	126.37248	33.47702
클라우드하우스	stay	126.22276	33.38510
클라이드	shop	126.52463	33.51316
클라이머홀릭	shop	126.52498	33.51432
클래식네트워크	food	126.51451	33.50702
클래식문구사	shop	126.52135	33.51262
클래식피씨토랑	activity	126.54096	33.50525
클래식하도	stay	126.88750	33.51805
클랜씨제주	shop	126.52463	33.51316
클랭블루	cafe	126.17732	33.34487
클랭블루신창	stay	126.18640	33.34800
클러스터	activity	126.47976	33.48924
클럽	activity	126.19325	33.36389
클럽나인	stay	126.65248	33.55154
클럽올레	food	126.49619	33.48796
클럽유투	bar	126.53012	33.49784
클럽하우스	bar	126.49058	33.48825
클럽하우스그릴	food	126.63735	33.44900
클레르드륀민박	stay	126.34028	33.46595
클레망스	cafe	126.53800	33.48795
클레어	shop	126.54942	33.47428
클레이	activity	126.81980	33.53386
클레이아트	shop	126.59161	33.53064
클로젯포키즈	shop	126.54344	33.49198
클루	shop	126.48986	33.48910
클릭	shop	126.52359	33.51243
클릭	bar	126.48985	33.48924
클림트	shop	126.52720	33.51422
킁킁	cafe	126.50868	33.46615
키그린하우스	stay	126.67077	33.50629
키덜트	food	126.53211	33.49816
키라라	cafe	126.54266	33.49347
키라키라서월	shop	126.31816	33.46483
키로	food	126.49491	33.49098
키링푸드비상식탁	food	126.52730	33.49762
키미디	food	126.52330	33.51010
키스	bar	126.53926	33.50904
키에키로스팅룸	cafe	126.52364	33.51037
키에키커피스탠드	cafe	126.56309	33.52141
키잎	food	126.65995	33.53472
키작은집	stay	126.67452	33.54359
키즈고흐와바흐민박	stay	126.26244	33.39153
키즈앤토이	shop	126.60724	33.47711
키즈월드	shop	126.49391	33.51852
키즈파티룸아이랑	activity	126.51044	33.49979
키치	food	126.48733	33.48400
키치니토키친	food	126.78509	33.47314
키친로그	shop	126.25396	33.38718
키친매니저제주	shop	126.67503	33.51557
키친아루요	food	126.40530	33.42379
키친오즈	food	126.25121	33.38007
키친요디	food	126.57771	33.51786
키친채나	food	126.26312	33.41181
키친테왁	cafe	126.54608	33.50780
키코버거	food	126.58830	33.52729
키코쿠팩토리	shop	126.53379	33.49672
키키	shop	126.52463	33.51316
킥오프라운지	shop	126.58291	33.47182
킥커피	cafe	126.48249	33.48170
킨더플레이	cafe	126.45987	33.47537
킨아이	shop	126.52333	33.51287
킨조베이커리	food	126.77611	33.47031
킴스	food	126.49231	33.48797
킴스딜리버리	food	126.49231	33.48797
킴스버거앤치킨	food	126.24007	33.39338
킴스약국	shop	126.54535	33.47423
킴스웍스	shop	126.66209	33.50146
킴스커틀렛	food	126.53426	33.48921
킴스크래프트	shop	126.37556	33.44000
킴스텔레콤	shop	126.85493	33.52340
킵미클로즈	cafe	126.48432	33.51217
킹	shop	126.52463	33.51316
킹	activity	126.46666	33.47854
킹겹살	food	126.53609	33.49934
킹노래연습장	activity	126.54307	33.50272
킹덤	bar	126.52995	33.49855
킹덤투	bar	126.49054	33.48723
킹로또	activity	126.54226	33.47015
킹마라탕제주시청	food	126.52950	33.49913
킹마트수산코너	shop	126.50894	33.50908
킹마트화장품코너	shop	126.50894	33.50908
킹메이커	shop	126.48132	33.48000
킹뮤직타운	bar	126.49177	33.48655
킹베이커리	food	126.66843	33.54127
킹스복싱	activity	126.48982	33.48778
킹스짐	activity	126.49030	33.48776
킹스크린골프존	activity	126.46666	33.47854
킹스테이블구남점	food	126.53493	33.48623
킹스통나무	stay	126.36456	33.41034
킹스포인트	shop	126.53714	33.50002
킹앤아이	shop	126.49298	33.49026
킹정육마트	shop	126.50894	33.50908
킹즈칩스	bar	126.79525	33.55537
킹콩부대찌개정부합동	food	126.52628	33.49046
킹콩제주점	shop	126.46180	33.47987
킹콩주스앤청춘감성쌀핫도그	food	126.47804	33.47847
킹하귀점	activity	126.41536	33.48617
킹한라수산	shop	126.52818	33.50355
타기	stay	126.52591	33.51520
타라코스메틱	shop	126.65003	33.48685
타래커피제주아라동점	cafe	126.54065	33.48428
타리아득	food	126.46476	33.50594
타무라	food	126.65689	33.49897
타무라하우스	food	126.65688	33.49894
타미힐피거키즈	shop	126.52511	33.51434
타바코	food	126.19824	33.36473
타베니스테이	stay	126.32801	33.43383
타베이크샵	food	126.52431	33.51030
타비	stay	126.25321	33.32990
타샤의정원	shop	126.47112	33.48208
타오하우스민박	stay	126.47238	33.50828
타워텔	stay	126.51085	33.51458
타이	shop	126.63753	33.46950
타이거타코	food	126.53610	33.48742
타이니브라운샵	shop	126.45976	33.49486
타이니인	stay	126.52299	33.51108
타이란아한	food	126.30802	33.45232
타이랜딩	food	126.53516	33.49465
타이웍	food	126.54394	33.49143
타이제주	shop	126.44196	33.49339
타인의취향	food	126.52107	33.51282
타임	bar	126.52729	33.49486
타임	bar	126.52518	33.49937
타임	bar	126.51861	33.49963
타임바이어플레이스민박	stay	126.39415	33.48385
타임센트	cafe	126.30854	33.45332
타임스퀘어	shop	126.50939	33.47281
타임스탬프	cafe	126.62374	33.53481
타임투알엔알베이커리	food	126.25704	33.40482
타임피트니스	activity	126.46868	33.48324
타조농수산	shop	126.49299	33.50288
타코나마타타	food	126.41457	33.48641
타코닷	food	126.48967	33.47841
타코마씸	food	126.79721	33.55508
타코밤	food	126.95765	33.51628
타코아일랜드	food	126.42503	33.45411
타코하나	food	126.26346	33.41418
타쿠야쿠	food	126.52902	33.49731
타타타	food	126.31955	33.46449
탁공탁구교실	activity	126.54044	33.50663
탁구개인지도	activity	126.20145	33.35810
탁이네포차	bar	126.52012	33.50318
탁탁	food	126.53337	33.49970
탄	cafe	126.52591	33.51499
탄광촌	food	126.51483	33.50462
탄산오름	shop	126.74442	33.54998
탄생	bar	126.26471	33.41635
탄츠	shop	126.49137	33.47689
탄탄면공방제주점	cafe	126.53448	33.48569
탄탄흑돈양꼬치	food	126.26492	33.41611
탄트라	food	126.35048	33.47250
탈로제주	stay	126.39953	33.47309
탐궁숯불갈비	food	126.42902	33.48583
탐나건강원	shop	126.42447	33.48752
탐나게	food	126.51345	33.51565
탐나국	food	126.40819	33.47749
탐나금	shop	126.51317	33.50508
탐나금악협동조합	shop	126.29792	33.35657
탐나나봄	shop	126.52248	33.49662
탐나네	shop	126.49500	33.48556
탐나는감자탕앤뼈구이	food	126.59386	33.49120
탐나는과일	shop	126.47480	33.48081
탐나는농장	activity	126.35853	33.44803
탐나는농장감귤체험카페	cafe	126.35853	33.44804
탐나는면	food	126.49035	33.47703
탐나는문어하도점	food	126.89799	33.52217
탐나는밥상	food	126.48770	33.48499
탐나는선불폰	shop	126.48787	33.48685
탐나는숯불갈비	food	126.54555	33.50198
탐나는식당	food	126.48461	33.48869
탐나는제주이야기	cafe	126.52802	33.51265
탐나는축산고산점	shop	126.17905	33.30106
탐나는팜	stay	126.35853	33.44804
탐나는팬션	stay	126.28535	33.44258
탐나라	stay	126.20298	33.36502
탐나라주	activity	126.44135	33.49290
탐나라푸드	shop	126.54054	33.47457
탐나마트	shop	126.54731	33.49399
탐나마트방선문점	shop	126.53980	33.47469
탐나마트아라점	shop	126.54970	33.47415
탐나마트주공점	shop	126.53260	33.48901
탐나민박	stay	126.63790	33.51252
탐나쑥빵	food	126.26790	33.41799
탐나정육	shop	126.54731	33.49399
탐나제과	food	126.53976	33.48876
탐나친구들	shop	126.49484	33.49203
탐나커피머신	shop	126.44082	33.45731
탐나탐라	shop	126.18241	33.34868
탐라가든	food	126.52030	33.50779
탐라건강원	shop	126.50690	33.50968
탐라경양식	food	126.63681	33.54108
탐라골프존스크린	activity	126.48020	33.47493
탐라국꾼	food	126.47854	33.48985
탐라국꾼전농로	bar	126.51515	33.50466
탐라국시골언니	activity	126.24029	33.32116
탐라국청안	shop	126.49642	33.49332
탐라귤빛	shop	126.52679	33.51216
탐라기원	activity	126.53075	33.49317
탐라낚시	shop	126.54289	33.50061
탐라는갈비	food	126.54512	33.47009
탐라는갈비	food	126.54340	33.50179
탐라는족족	food	126.32043	33.46386
탐라는집도두점	food	126.46389	33.50636
탐라당구장	activity	126.47687	33.48979
탐라당구장	activity	126.56558	33.51952
탐라당구장	activity	126.51255	33.50458
탐라당구재료	shop	126.52189	33.50910
탐라당구클럽	activity	126.67604	33.54013
탐라맛고을	food	126.53229	33.47445
탐라모녀식품	shop	126.47336	33.48300
탐라문화제	event	126.52729	33.51321
탐라미트	shop	126.26577	33.42297
탐라민박	stay	126.45027	33.49649
탐라민속관	shop	126.46810	33.49444
탐라반찬	shop	126.86003	33.52121
탐라비투비	shop	126.35091	33.44965
탐라새우리	food	126.53698	33.50514
탐라설농탕	food	126.58808	33.47876
탐라수라청	food	126.52794	33.50331
탐라스테이	stay	126.39125	33.48692
탐라승마장	activity	126.71696	33.43306
탐라씨푸드	food	126.51320	33.49196
탐라여인숙	stay	126.26432	33.41617
탐라옵데강	food	126.52603	33.51290
탐라요정	food	126.52827	33.49850
탐라요정신제주점	bar	126.49086	33.48706
탐라요정이층	food	126.52827	33.49850
탐라우돈	food	126.47590	33.49081
탐라원특산품	shop	126.52285	33.48164
탐라원특산품센터	shop	126.52285	33.48164
탐라인터내쇼날주	shop	126.52412	33.51395
탐라자청비	activity	126.39009	33.45268
탐라장식데코	shop	126.55892	33.48651
탐라장애인종합복지관매점	shop	126.52512	33.50141
탐라정	food	126.53687	33.49528
탐라종합가구	shop	126.51522	33.51024
탐라중식당	food	126.47966	33.48338
탐라지오호텔	stay	126.49016	33.48505
탐라참맛	shop	126.17979	33.35176
탐라칼국수	food	126.50238	33.51394
탐라콘도	stay	126.31245	33.46308
탐라탁구교실	activity	126.51487	33.49971
탐라탕	shop	126.52850	33.49501
탐라토종닭	food	126.51997	33.49625
탐라토탈	shop	126.53718	33.51724
탐라퍼니처	shop	126.48461	33.48869
탐라해동밥상	food	126.40578	33.42539
탐라향	food	126.48206	33.50934
탐모라농수산	shop	126.50546	33.50185
탐앤탐스블랙제주김녕점	cafe	126.73710	33.55544
탐앤탐스신제주점	cafe	126.48961	33.48745
탑	shop	126.48833	33.46587
탑고향	food	126.52681	33.51606
탑당구클럽	activity	126.51115	33.50980
탑동경이네	food	126.52080	33.51701
탑동고깃집	food	126.52778	33.51545
탑동공간일번	shop	126.52337	33.51799
탑동광장	nature	126.52657	33.51807
탑동김치찌개	food	126.52244	33.51718
탑동보룡약국	shop	126.52246	33.51756
탑동산호전복	food	126.51865	33.51802
탑동포차	bar	126.52674	33.51675
탑동해장국	food	126.51918	33.51134
탑동호텔	stay	126.52748	33.51589
탑동회관	shop	126.52020	33.51513
탑드림댄스용품	shop	126.51367	33.49984
탑마트	shop	126.51133	33.50969
탑모텔	stay	126.52413	33.51472
탑밀	food	126.52453	33.51576
탑볼링장	activity	126.52517	33.51466
탑부평	food	126.52697	33.51553
탑석쇠불고기	food	126.52255	33.51198
탑아니스	shop	126.50430	33.49721
탑아일랜드	stay	126.51288	33.50501
탑에이스모텔	stay	126.52345	33.51634
탑정육식당	food	126.54101	33.51032
탑테니스	activity	126.50848	33.49740
탑텐키즈	shop	126.52118	33.51797
탑텐키즈제주	shop	126.54259	33.49185
탑텐키즈제주삼화점	shop	126.58029	33.51706
탑편의점	shop	126.52517	33.51466
탑헬스	activity	126.52379	33.51492
탕수육	food	126.47704	33.48394
탕쉬	food	126.54064	33.51063
탕앤돈	food	126.52446	33.51643
탕자감	food	126.48794	33.48876
탕탕이	food	126.52713	33.49624
탕탕이	food	126.54119	33.50320
탕탕이	food	126.47782	33.48798
탕화쿵푸마라탕	food	126.53108	33.49827
탕화쿵푸마라탕연동점	food	126.48924	33.48024
태	shop	126.53785	33.50839
태강마트	shop	126.45987	33.49654
태강통신	shop	126.26425	33.41469
태경장	stay	126.52067	33.51744
태공낚시	shop	126.46616	33.50355
태공식당	food	126.32014	33.46512
태광식당	food	126.51880	33.51261
태광유통	shop	126.54529	33.50128
태극상회	shop	126.52695	33.51183
태기네	food	126.51862	33.50031
태능감자탕제주삼화점	food	126.57710	33.51709
태대산	stay	126.50345	33.50117
태도	food	126.49256	33.48406
태돈가	food	126.52167	33.51553
태랑	food	126.44851	33.49762
태리네점빵	shop	126.58833	33.52457
태미집	stay	126.88116	33.52757
태백산맥	food	126.47934	33.49114
태백산제주	food	126.46720	33.49474
태백아놀자	food	126.54327	33.50288
태산봉	food	126.53036	33.51165
태산봉해장국합동	food	126.52422	33.48847
태산축산	shop	126.53821	33.51372
태선갈비	food	126.54701	33.50274
태선식당	food	126.52531	33.50684
태성기획	shop	126.52702	33.49702
태성민박	stay	126.29398	33.96229
태성토산	stay	126.44705	33.49361
태성토산용담지점	shop	126.50182	33.49941
태안약국	shop	126.26519	33.41217
태양	stay	126.52508	33.51586
태양상회	bar	126.52161	33.51719
태양여관	stay	126.26437	33.41667
태양전복	shop	126.46995	33.48282
태양전복용담점	shop	126.50238	33.51394
태양카페	food	126.85529	33.52331
태연종합정육	shop	126.51996	33.49568
태연종합정육식당	food	126.51996	33.49568
태영시스탬에어컨	shop	126.44338	33.47890
태영시스템에어컨공조	shop	126.53989	33.48390
태우풀하우스민박	stay	126.42333	33.43155
태윤탁구클럽	activity	126.55606	33.49714
태을갈비	food	126.47936	33.47792
태준상사이호리조트	stay	126.46336	33.49936
태진음향	shop	126.51256	33.50436
태진해장국	food	126.54013	33.48443
태천식당	food	126.26542	33.41531
태평양	bar	126.26274	33.41357
태풍쌀국수	food	126.53472	33.49107
태풍피시	activity	126.26460	33.41511
태향제주특산물할인매장	shop	126.52675	33.51207
태화	food	126.54015	33.50952
태화기름떡방앗간	food	126.63601	33.53521
태화문구	shop	126.51093	33.51127
태화뷔페정식	food	126.42796	33.49048
태화여인숙	stay	126.52625	33.51357
태후사랑	shop	126.52729	33.49707
태후스킨	shop	126.47757	33.49083
태후제주	food	126.52872	33.49919
태희	food	126.26134	33.41323
태희	stay	126.66645	33.54108
태희곽지	food	126.30443	33.44944
태희드림	cafe	126.24213	33.39540
택이네순대국	food	126.26893	33.41635
택이네조개전골제주	food	126.52721	33.48764
탠저비	shop	126.52580	33.51595
탠저비	shop	126.48172	33.48163
탠저비롯데시티점	shop	126.48590	33.49013
탠저비한담점	shop	126.31210	33.46252
탤러해시	cafe	126.47505	33.48947
탤런트	shop	126.53544	33.50735
탱글	shop	126.32004	33.46565
탱글탱글	shop	126.53477	33.48761
탱크	bar	126.53198	33.49750
탱테일	bar	126.48355	33.48741
터낭하우스	stay	126.79525	33.55537
터미널가마솥순대국	food	126.51408	33.49927
터미널남원식당	food	126.51354	33.50062
터미널다방	cafe	126.51487	33.49971
터미널담배	shop	126.51487	33.49971
터미널매점	shop	126.51487	33.49971
터미널서쪽매점	shop	126.51487	33.49971
터미널성인게임장	activity	126.51802	33.50028
터미널약국	shop	126.53422	33.52004
터미널피싱	shop	126.53308	33.51697
터보	bar	126.48969	33.48492
터치우드	cafe	126.65866	33.53055
터치홀릭	shop	126.49211	33.48559
턴	bar	126.52598	33.51639
턴스톡스제주점	shop	126.53343	33.49538
턴업	shop	126.52995	33.49855
턴업연동점	shop	126.48866	33.48959
턴업우도점	shop	126.95704	33.51395
턴업제원점	shop	126.49050	33.48969
턴온리본	shop	126.34927	33.46890
털보네장원랜드	food	126.48628	33.45463
털보네펍	food	126.31201	33.46360
털보산해	food	126.49265	33.48625
털보식당	food	126.66882	33.54090
텀프타운	cafe	126.53590	33.49753
텅	bar	126.50981	33.50790
텅꼬치	bar	126.52844	33.50200
텅꼬치구이도남점	bar	126.52494	33.49894
텅인치크제주	shop	126.53024	33.49774
테네시테이블	food	126.86069	33.52203
테니스핏	activity	126.47719	33.49612
테디노래연습장	activity	126.52975	33.49880
테디베어인제주	shop	126.39354	33.41222
테디아일랜드	shop	126.39368	33.41222
테라도스	cafe	126.34240	33.45275
테라스인제주	stay	126.48944	33.48551
테라스힐	stay	126.57274	33.47038
테라피쉬	cafe	126.56225	33.46096
테라피즘	shop	126.78525	33.47111
테로	cafe	126.54401	33.47474
테리구옥	stay	126.63696	33.54038
테리베리스	shop	126.34019	33.46874
테리아줄	food	126.58852	33.52728
테마주	stay	126.31245	33.46308
테바즈	stay	126.70359	33.55150
테바하우스	stay	126.71354	33.55262
테스	bar	126.53133	33.50123
테스그릭	cafe	126.47391	33.48010
테스민	bar	126.48088	33.48836
테스형	bar	126.51269	33.50233
테애라	bar	126.54328	33.50198
테오도라	cafe	126.55156	33.48458
테우닷	food	126.45685	33.49985
테우리정육가든	food	126.70646	33.50960
테이스트제주	bar	126.51781	33.51492
테이크썸윌리	cafe	126.53724	33.49150
테이크아웃드로잉	shop	126.43713	33.46080
테이크아웃제주	food	126.48821	33.47065
테이크짐	activity	126.48469	33.48624
테이크타임커피로스터스	cafe	126.17694	33.34464
테이트플러스	shop	126.50357	33.50169
테일러메이드제주점	shop	126.50992	33.48148
테지움	shop	126.39354	33.41222
텍사스두마리치킨연동점	food	126.48671	33.48577
텍사스하우스	food	126.54392	33.49083
텍시아	food	126.83885	33.53546
텐동아우라	food	126.56097	33.46077
텐버드	bar	126.53042	33.49745
텐뽀끼	food	126.67434	33.54371
텐션	bar	126.48961	33.48559
텐텐텐	activity	126.53042	33.49745
텐퍼센트제주	cafe	126.53545	33.49250
텐퍼센트커피제주동문	cafe	126.52703	33.51221
텐퍼센트커피제주아라	cafe	126.54575	33.47501
텔레스코프	stay	126.25752	33.33169
템스튜디오	activity	126.52452	33.51362
템테이션	shop	126.49349	33.48907
템퍼제주점	shop	126.46395	33.47414
템푸스	cafe	126.79769	33.55493
템플라도	cafe	126.19650	33.33919
토계정슈퍼	shop	126.67702	33.43694
토근	food	126.53105	33.49889
토끼가거북이보다빠르다	food	126.42846	33.48732
토끼굴	stay	126.82611	33.54036
토끼네집으로오세요	cafe	126.29564	33.44343
토끼문	cafe	126.79548	33.55590
토끼발	stay	126.24041	33.33365
토끼섬힐링하우스	stay	126.89523	33.52303
토끼썸	cafe	126.89860	33.52194
토끼언니외계인	cafe	126.48952	33.47844
토끼와거북이	food	126.49214	33.51885
토끼월주	food	126.67076	33.53982
토끼풀민박	stay	126.82917	33.54155
토니모리제주점	shop	126.52463	33.51316
토닥토닥	food	126.52674	33.51381
토담골	food	126.54341	33.49334
토담만천하만물상	shop	126.52898	33.50157
토담이네	food	126.44932	33.46264
토대력	bar	126.52978	33.49765
토대력	bar	126.52804	33.49975
토대력	bar	126.49156	33.48799
토대력번영점	bar	126.59602	33.48946
토대력스마일점	bar	126.52477	33.49971
토대력신산로점	bar	126.53250	33.50977
토대력올레점	bar	126.54250	33.50236
토대력외도점	food	126.43242	33.48797
토리	food	126.26259	33.41404
토리네민박	stay	126.28705	33.43135
토리노	food	126.52378	33.51342
토리한경점	food	126.19062	33.34656
토마틀	cafe	126.69477	33.51445
토모	food	126.67194	33.53967
토박이장터	food	126.49758	33.49163
토방	food	126.54119	33.50320
토방속에장독대	cafe	126.49290	33.48766
토방속의장독대	food	126.49290	33.48766
토브	stay	126.38532	33.45398
토브공방	activity	126.25679	33.40535
토브농장베이커리	food	126.37554	33.47075
토브앤카라	stay	126.70007	33.53846
토브집	stay	126.62571	33.53348
토브하우스	stay	126.82627	33.53502
토비스	bar	126.31245	33.46308
토비스슈퍼	shop	126.31245	33.46308
토비스애월휴게편의점	shop	126.31245	33.46308
토우	shop	126.52643	33.50004
토이박사	shop	126.50422	33.50006
토이알파	shop	126.54440	33.47596
토종닭오리백숙	food	126.45222	33.47878
토종몰궤기	food	126.53712	33.49321
토크박스	bar	126.48070	33.47652
토크쇼	bar	126.53712	33.49258
토크쇼서사라점	bar	126.51792	33.50094
토크쇼연동	bar	126.49573	33.48397
토크쇼이도	bar	126.52954	33.49156
토크쇼코스모스점	bar	126.49596	33.48590
토크타임	bar	126.47810	33.49081
토키	food	126.53103	33.50317
토탈케어제주	shop	126.57713	33.51640
토토	shop	126.52463	33.51316
토토네	cafe	126.41068	33.48942
토토리더	activity	126.52833	33.51636
토토아뜰리에	activity	126.41310	33.46985
토토하우스	stay	126.41365	33.46986
토투가	stay	126.28995	33.44284
토트	shop	126.52794	33.51167
토파즈	shop	126.49111	33.48857
토파즈쥬얼리	shop	126.47697	33.48871
토프플러스	shop	126.57991	33.51611
토핑몬스터피자구제주점	food	126.53975	33.49819
토핑폭탄김치찜앤김치찌개신제주점	food	126.48460	33.48866
톡순	bar	126.49054	33.48723
톡톡소주한잔	food	126.52391	33.49633
톤	shop	126.52985	33.49746
톤톤	shop	126.53500	33.49113
톨랑톨랑	stay	126.24508	33.37662
톨칸이	cafe	126.95518	33.49419
톰과제리	bar	126.49038	33.48323
톰톰카레	food	126.83755	33.53750
통김치찌개	food	126.48584	33.48461
통나무민박	stay	126.36610	33.41050
통나무밸리	stay	126.37572	33.41954
통나무아일랜드	stay	126.36953	33.47546
통나무파크	stay	126.36572	33.40995
통시돈	food	126.53179	33.51092
통영아귀찜	food	126.59844	33.48851
통일식당	food	126.63547	33.53422
통큰갈비연동점	food	126.50591	33.49273
통큰갈비제주외도점	food	126.43286	33.48801
통큰갈비한림협재점	food	126.26511	33.41060
통큰국밥	food	126.43379	33.48998
통큰돼지	food	126.50924	33.50666
통큰딱따구리	shop	126.40246	33.48042
통큰막창	food	126.50533	33.51195
통큰불곱창	food	126.54303	33.50067
통큰뼈감탕	food	126.41702	33.48548
통큰아줌마순대	food	126.47883	33.48923
통큰왕만두화북점	food	126.56551	33.52092
통큰이층	food	126.55835	33.45015
통큰장어신제주점	food	126.49639	33.49215
통큰정보통신	shop	126.52355	33.51305
통큰제주왕갈비	food	126.85272	33.52373
통큰코다리	food	126.24110	33.39228
통통막창	food	126.53649	33.49563
통통시장	food	126.54658	33.50254
통통식탁	food	126.53232	33.50097
통통클레이	shop	126.54425	33.47608
통하라	shop	126.42752	33.47788
퇴근길	food	126.51927	33.50042
투개더	stay	126.44315	33.49526
투다리	bar	126.48677	33.49131
투다리	bar	126.51683	33.50422
투다리	bar	126.58496	33.52129
투다리꼬치구이아라점	bar	126.54512	33.47375
투다리남서울점	bar	126.49411	33.49098
투다리노형정한점	bar	126.48475	33.48645
투다리별밤점	bar	126.57312	33.52009
투다리신제주점	bar	126.49103	33.48705
투다리연동	bar	126.49204	33.48539
투다리월드점	bar	126.48922	33.48874
투다리정든점	bar	126.47468	33.48918
투다리학사로점	bar	126.52935	33.49862
투다리한라점	bar	126.56587	33.52108
투다모아물류센타	shop	126.85773	33.52215
투데이붕장어	food	126.47450	33.49054
투레빗민박	stay	126.34564	33.45073
투루베이커리	food	126.54252	33.49646
투망	food	126.46363	33.50380
투배로스포츠	shop	126.44829	33.46065
투블랙	food	126.47222	33.48382
투빅커피	cafe	126.48211	33.48705
투빅커피한경조수점	cafe	126.23346	33.33653
투빈	shop	126.47991	33.44507
투스노스	stay	126.17331	33.33270
투스노스제주	shop	126.52081	33.51277
투스프링베어	stay	126.81494	33.49971
투썸플레이스	cafe	126.31081	33.46204
투썸플레이스곽지과물	cafe	126.30512	33.44934
투썸플레이스엠제이벤처오름점	cafe	126.57195	33.45456
투썸플레이스연북로점	cafe	126.50289	33.48194
투썸플레이스용	cafe	126.50411	33.51654
투썸플레이스제주	cafe	126.53295	33.49476
투썸플레이스제주노형	cafe	126.47989	33.48427
투썸플레이스제주대학	cafe	126.54643	33.46912
투썸플레이스제주아라점	cafe	126.54831	33.47431
투썸플레이스제주애월다인호텔점	cafe	126.35048	33.47250
투썸플레이스제주애월하귀점	cafe	126.41815	33.48865
투썸플레이스제주연동점	cafe	126.49016	33.48505
투씽코인노래연습장	activity	126.47648	33.48821
투애월민박	stay	126.31102	33.46255
투앤티영	food	126.35054	33.47099
투에이치	food	126.49454	33.49098
투온스크린골프존	activity	126.53958	33.50977
투윈썸민박	stay	126.23214	33.38567
투접시족발	food	126.54478	33.50447
투카인드북스	shop	126.52354	33.50860
투투샵	shop	126.49018	33.47688
투플레이	shop	126.45716	33.48999
투헤븐	bar	126.52991	33.49791
툭	shop	126.52129	33.51092
툼스톤	bar	126.52532	33.51440
튀긴치킨싫어서구운치킨만파는집구제주점	food	126.53500	33.49113
튀김이맛있는집	food	126.48821	33.47065
트라이던트	bar	126.31303	33.46238
트라이브	cafe	126.31128	33.46006
트라이제주점	shop	126.47547	33.48879
트라인커피	cafe	126.63322	33.49397
트랜드	shop	126.40051	33.48023
트랜디	shop	126.52463	33.51316
트랜디한제주	shop	126.48673	33.48685
트레몰로신제주	shop	126.48043	33.48497
트레몰로제주점	shop	126.48184	33.48244
트레블러카페와투어	cafe	126.56065	33.47981
트레비앙	stay	126.70766	33.50482
트레비어제주	bar	126.51689	33.49969
트레이닝글라	activity	126.50608	33.50665
트레이닝리까	activity	126.47976	33.48924
트레이닝스타	activity	126.47407	33.48259
트렉스타신제주점	shop	126.48172	33.48163
트렉스타제주점	shop	126.52460	33.51639
트로트	bar	126.53199	33.49561
트로피티아일랜드제주점	food	126.50289	33.49879
트루바인	food	126.39125	33.48692
트리니티	food	126.54168	33.49446
트리니티	shop	126.28386	33.34835
트리안	food	126.51140	33.51257
트리앤	cafe	126.67374	33.54398
트리팩토리	shop	126.65730	33.47557
트리플	bar	126.54316	33.50131
트리플스토어	shop	126.53071	33.49789
트리플짐	activity	126.53436	33.51286
트리피덕	food	126.66194	33.54296
트립가든	shop	126.79357	33.55820
트립레시피	bar	126.39097	33.47159
트립레시피민박	stay	126.39097	33.47159
트립인	stay	126.80090	33.55315
트윈스	stay	126.51935	33.50950
트윈하우스	stay	126.90002	33.48595
특별한농수산	shop	126.50040	33.50342
특별한통닭	food	126.41074	33.46568
특별한하루	stay	126.20581	33.36514
특수미싱	shop	126.51210	33.49256
특활제주	cafe	126.42148	33.46475
튼튼소아과	shop	126.48637	33.48126
틈새라면애월점	food	126.33169	33.46843
티그리스게코제주점	shop	126.52805	33.49148
티나	shop	126.52463	33.51316
티나	cafe	126.26930	33.42590
티나모텔	stay	126.52037	33.50165
티나케이크	food	126.47621	33.48144
티막이마트제주점	shop	126.52118	33.51797
티무인텔	stay	126.65470	33.47727
티바두마리치킨	food	126.58027	33.52103
티바두마리치킨연동점	food	126.48722	33.49210
티바두마리치킨외도점	food	126.43321	33.49048
티씨지아일랜드	shop	126.52857	33.50171
티앤유산업개발	activity	126.52746	33.49571
티에스상사	shop	126.48164	33.51005
티엔느케이크	food	126.55000	33.47089
티엔미미	cafe	126.48777	33.48522
티엔씨텔레콤	shop	126.58675	33.51681
티엔에프신제주	shop	126.49248	33.48602
티엔에프제주	shop	126.52551	33.51339
티엔에프제주	shop	126.52521	33.51359
티엘에프앤씨	food	126.56554	33.51950
티엠비앤에프	shop	126.48621	33.48162
티엠코	stay	126.31522	33.44374
티오	bar	126.47658	33.48904
티오피소프트월드제주지사	shop	126.42196	33.47312
티원	bar	126.52872	33.49876
티유인	cafe	126.58637	33.52283
티제이게스트하우스	stay	126.80948	33.55449
티제이모터스	shop	126.53861	33.51390
티지엠씨	food	126.69935	33.53283
티케이그린제주	shop	126.49882	33.49767
티켓세상	shop	126.49222	33.48964
티타임커피	cafe	126.29765	33.96309
티톡북스토어	shop	126.54629	33.50321
티티오	food	126.54883	33.47534
티티플라이	shop	126.31120	33.46004
티티플라이제주시점	shop	126.56585	33.52069
티파니	bar	126.26460	33.41511
티파크레지던스	stay	126.48991	33.49069
틸다하우스	stay	126.23771	33.31106
틸디엔드	shop	126.52010	33.51348
틸만제주종합전시장	shop	126.48048	33.48236
팀버하우스민박	stay	126.30786	33.45093
팀블로우	cafe	126.31072	33.46088
팀탑	activity	126.45767	33.49039
팅커벨	shop	126.49111	33.48857
팅커벨하우스	stay	126.74490	33.48439
팅커벨홈	shop	126.49111	33.48857
파가니니안경원	shop	126.52826	33.50031
파가니니안경원신제주점	shop	126.47596	33.48866
파넬테라스	stay	126.40705	33.42998
파니	shop	126.46986	33.48384
파닥파닥	shop	126.52870	33.51082
파도	food	126.53052	33.51131
파도	stay	126.67423	33.54392
파도국수	food	126.49705	33.48661
파도사랑민박	stay	126.31554	33.44408
파도소리해녀촌	food	126.94887	33.51978
파라다이스	stay	126.39640	33.43488
파라다이스	bar	126.74820	33.55435
파라디소	bar	126.52131	33.50453
파라바베큐	food	126.53094	33.50184
파라솔	bar	126.52653	33.50071
파라카페	cafe	126.38084	33.48410
파라컴	shop	126.50088	33.49312
파라토도스	food	126.23230	33.38930
파란나라	shop	126.52453	33.51576
파란노래연습장	activity	126.43237	33.48751
파란상자	cafe	126.82867	33.54113
파란스테이	stay	126.65931	33.54408
파란와사비	food	126.53815	33.48958
파랑비당구클럽	activity	126.52531	33.50684
파랑새분식	food	126.52790	33.49353
파랑새안경	shop	126.53206	33.51295
파랑새조류원	shop	126.52048	33.50929
파랑카페	cafe	126.40440	33.42311
파랜하이트	shop	126.52578	33.51450
파로마가구	shop	126.51643	33.51092
파르크	stay	126.18074	33.35213
파르크제주	stay	126.18074	33.35213
파리	bar	126.49095	33.48772
파리바게뜨	food	126.48057	33.49114
파리바게뜨노형	food	126.47978	33.48450
파리바게뜨동초교점	food	126.53348	33.51329
파리바게뜨신	food	126.47468	33.48613
파리바게뜨신제주점	food	126.49030	33.48776
파리바게뜨연동	food	126.48495	33.48269
파리바게뜨외도점	food	126.43173	33.48609
파리바게뜨제주	food	126.52992	33.49911
파리바게뜨제주	food	126.52467	33.51170
파리바게뜨제주	food	126.61861	33.53265
파리바게뜨제주	food	126.53571	33.49122
파리바게뜨제주	food	126.54209	33.50423
파리바게뜨제주삼다점	food	126.49621	33.49097
파리바게뜨제주삼화점	food	126.58766	33.51729
파리바게뜨제주세화점	food	126.85306	33.52228
파리바게뜨제주아라점	food	126.54533	33.47381
파리바게뜨제주애월점	food	126.32084	33.46411
파리바게뜨제주용담점	food	126.51074	33.50880
파리바게뜨제주인제점	food	126.53981	33.50919
파리바게뜨제주제스코	food	126.52908	33.48021
파리바게뜨제주종합	food	126.52421	33.48956
파리바게뜨제주하귀점	food	126.41363	33.48239
파리바게뜨제주한라대점	food	126.47736	33.47668
파리바게뜨한라	food	126.48590	33.49013
파리바게뜨한림점	food	126.26498	33.41466
파리바게뜨함덕해수욕장점	food	126.66746	33.54154
파리바게뜨협재해수욕장점	food	126.24274	33.39550
파리바게뜨화북점	food	126.57308	33.51962
파리바게트	food	126.52654	33.50047
파리바게트대유	food	126.54848	33.50108
파리바게트도남점	food	126.52743	33.49560
파리바게트연동	food	126.48963	33.48117
파리바게트제주	food	126.57167	33.45296
파리바게트제주서사라점	food	126.51829	33.50018
파리바게트제주월랑점	food	126.47489	33.48959
파리주얼리	shop	126.48983	33.48832
파리크라상잠바주스제주	food	126.49596	33.50594
파리크라상파리바게뜨동화	food	126.73250	33.43535
파리크라상파리바게뜨제주	food	126.49596	33.50594
파리크라상파리바게뜨제주공항국제선점	food	126.49596	33.50594
파리크라상파리바게뜨제주공항렌터카하우스점	food	126.49596	33.50594
파리크라상파리바게뜨제주공항탑승점	food	126.49596	33.50594
파리크라상파스쿠찌제주대	cafe	126.54520	33.46721
파마스마켓	shop	126.48570	33.46893
파머스빌리지플러스	food	126.95195	33.51179
파벤토	food	126.17214	33.34028
파뷔노파스타바	food	126.53012	33.49664
파브릭	shop	126.54143	33.49040
파사디골프제주점	shop	126.49152	33.48603
파사디제주연동점	shop	126.49152	33.48603
파생	cafe	126.53574	33.50764
파스쿠찌	cafe	126.52650	33.51530
파스쿠찌용담해안도로점	cafe	126.49311	33.51944
파스쿠찌제주	cafe	126.48403	33.48231
파스쿠찌제주	cafe	126.53957	33.48911
파스쿠찌제주노형	cafe	126.47928	33.48702
파스쿠찌제주도남점	cafe	126.52733	33.49590
파스쿠찌제주서사라점	cafe	126.51852	33.49967
파스쿠찌제주제원점	cafe	126.49044	33.48746
파스쿠찌제주한라	cafe	126.48590	33.49013
파스쿠찌제주한라대점	cafe	126.47223	33.48029
파스쿠찌종합	cafe	126.52358	33.48958
파스타입니다	food	126.52721	33.50299
파스타집	food	126.51442	33.50732
파스텔	shop	126.52721	33.51274
파앤이스트	shop	126.78535	33.47145
파울로식당	food	126.25657	33.33278
파워킥스포츠샵	shop	126.52729	33.49486
파워텔레콤	shop	126.49496	33.48599
파워헬스	activity	126.51956	33.50054
파이굽는돌담집	cafe	126.54043	33.47226
파이널나인홀덤펍제주	bar	126.53053	33.49762
파이드로스	shop	126.34947	33.45766
파이브먼스	shop	126.49060	33.48871
파인더	cafe	126.52867	33.49858
파인드미인아지트	shop	126.52048	33.50288
파인드앤코	shop	126.33158	33.46745
파인밀베이커리카페제주점	shop	126.50942	33.48246
파인브레드	cafe	126.33423	33.46274
파인하우스민박	stay	126.77857	33.51349
파종	shop	126.53863	33.50146
파출소옆책방	shop	126.26259	33.41404
파크랜드	shop	126.55111	33.50425
파크랜드	shop	126.48251	33.48749
파크랜드아울렛제주건입	shop	126.55111	33.50425
파크랜드제주	shop	126.52493	33.51576
파크랜드제주	shop	126.55111	33.50425
파크빌리지	stay	126.40527	33.46524
파크사이드호텔	stay	126.49076	33.49240
파크앨리스	shop	126.48448	33.45790
파크앨리스분식	food	126.48448	33.45790
파크원제주	stay	126.29052	33.35603
파크코퍼레이션	shop	126.49260	33.48962
파트너단란주점	bar	126.51387	33.51052
파트오브네이처	shop	126.27583	33.42100
파티	bar	126.52446	33.50716
파티마노래연습장	activity	126.52373	33.49642
파티세리도라지	food	126.54477	33.49250
파티세리쥬레	cafe	126.46693	33.47892
파티애월한담누리	stay	126.31213	33.45925
파티앤썸해안풍경점	stay	126.47499	33.50879
파티오애월민박	stay	126.37428	33.46279
파티올레키친	food	126.53308	33.51697
파티장	food	126.49234	33.48670
파티풀	shop	126.67417	33.54400
파파무베이커리	food	126.53759	33.50597
파파보틀	food	126.53000	33.49619
파파사이트	cafe	126.26998	33.33947
파파카페테리아	cafe	126.17214	33.34028
파파크로아상	food	126.54584	33.49756
파페로	food	126.48274	33.48489
파프롬퓨쳐	shop	126.53018	33.49598
파피네	food	126.32056	33.46595
판	shop	126.51979	33.51543
판공초	food	126.53523	33.48715
판다마라집	food	126.48808	33.48685
판도라	bar	126.52316	33.49999
판타스틱코인노래연습장제주일도	activity	126.53148	33.51203
판판포포	stay	126.19682	33.36493
판포길담	stay	126.20255	33.35784
판포따숨	stay	126.20284	33.36372
판포랑스	stay	126.20739	33.36039
판포레스트	stay	126.20998	33.34738
판포리라망	stay	126.20807	33.36450
판포리뷰	stay	126.20784	33.36682
판포리아	food	126.19829	33.36552
판포리하우스	stay	126.20070	33.36175
판포모밀	food	126.20119	33.36391
판포미인	food	126.19825	33.36521
판포바다향기	stay	126.20840	33.36674
판포바람	stay	126.20872	33.36690
판포보름	stay	126.21080	33.37193
판포어촌계직영펜션식당	food	126.20111	33.36481
판포어촌계펜션	stay	126.20111	33.36481
판포포구	nature	126.19962	33.36541
판포풍경	shop	126.20007	33.36133
판포현스테이	stay	126.20276	33.36121
판포홈	stay	126.21147	33.37259
팔경호수산	shop	126.38300	33.43920
팔곡보쌈	food	126.43382	33.49250
팔공티	cafe	126.58437	33.52091
팔공티	cafe	126.48745	33.47871
팔도수산	food	126.52786	33.51664
팔도실비	bar	126.47648	33.48821
팔도실비집삼화점	bar	126.57990	33.51642
팔도한식식당	food	126.52786	33.51664
팔미유통	shop	126.45114	33.49048
팔미육	food	126.49167	33.48110
팔방미인	shop	126.55024	33.47099
팔방미인스튜디오	food	126.88671	33.52052
팔복고기상회	food	126.53962	33.51481
팔복만두	food	126.52062	33.51326
팔삼팔오횟집	food	126.66698	33.54143
팔오상회	food	126.52744	33.50111
팔오회센타	food	126.52734	33.49260
팔월의라	stay	126.88689	33.51762
팔팔	shop	126.48978	33.48720
팔팔	bar	126.52173	33.49947
팔팔건강센타	shop	126.44786	33.49445
팔팔돼지	food	126.48960	33.48923
팔팔마라탕	food	126.48814	33.48707
팜비치	stay	126.65307	33.55063
팜스빌리지	stay	126.28535	33.44258
팜스빌리지스페셜조이	stay	126.28535	33.44258
팜스프링	shop	126.52703	33.50335
팜앤카페살리다	cafe	126.27035	33.43675
팜파네	shop	126.48928	33.48972
팜힐스	stay	126.66496	33.49128
팝콘	bar	126.54316	33.50131
팝콘뮤직노래연습장	activity	126.66777	33.54094
팝플레이제주	activity	126.52925	33.49947
팟	shop	126.52627	33.51333
팟타이만	food	126.79339	33.55662
팟타이시암	food	126.50820	33.50984
팡돌국수방	food	126.51969	33.50300
팡돌비어	bar	126.48007	33.48950
팡팡	bar	126.52438	33.50669
팡팡노래연습장	activity	126.49194	33.49102
팡팡노래텔	bar	126.48954	33.48954
팡팡주전부리	food	126.40888	33.47252
팡팡프랜즈스크린골프	activity	126.40888	33.47252
팡포차	bar	126.51269	33.50388
팥	cafe	126.29632	33.44189
팥팥	cafe	126.48117	33.45027
패밀리만두	food	126.49000	33.48089
패밀리하우스	stay	126.86591	33.51412
패밀리호텔	stay	126.45049	33.49526
패션식당	food	126.26453	33.41588
패션이불	shop	126.52831	33.51280
패션통통	shop	126.49033	33.48968
패스더솔트	food	126.24932	33.31489
패턴	shop	126.54419	33.49258
패티스터	food	126.42704	33.49068
팩토리소란	cafe	126.54938	33.45583
팬더	bar	126.53160	33.51289
팬락편의점	shop	126.54245	33.50342
팬볼링센터	activity	126.54245	33.50342
팬안헌	stay	126.23141	33.38789
팬텀제주	shop	126.52499	33.51295
팰롱팰롱	stay	126.20393	33.35142
팻팸제주	stay	126.68007	33.44123
팽나무집	food	126.63559	33.50283
퍼레니얼파트너스	shop	126.47430	33.48958
퍼르	cafe	126.53152	33.48698
퍼블릭오피니언	stay	126.18250	33.35664
퍼블릭하우스빈스	food	126.47061	33.48442
퍼스널체형교정	activity	126.52541	33.49457
퍼스트	food	126.49053	33.48735
퍼스트	shop	126.47480	33.48081
퍼스트당구장	activity	126.47747	33.47622
퍼스트데이타	shop	126.55145	33.47160
퍼스트아라	shop	126.54577	33.48690
퍼스트제이제이	shop	126.48668	33.49127
퍼스트짐삼화	activity	126.58031	33.52152
퍼스트짐신서귀	activity	126.52017	33.50639
퍼스트짐제주	activity	126.52493	33.51355
퍼스트커피랩제주	cafe	126.53623	33.49616
퍼스트커피랩제주	cafe	126.80332	33.55724
퍼스트컴퍼니	shop	126.48381	33.48791
퍼시몬	cafe	126.39688	33.42933
퍼시픽쉬는팡	shop	126.48426	33.49842
퍼즈	stay	126.41552	33.46005
퍼즐	bar	126.51962	33.50329
퍼플	shop	126.52463	33.51316
퍼플	shop	126.52642	33.51437
퍼플민박	stay	126.33520	33.45939
퍼플키스	bar	126.53860	33.51327
퍼플하우스	shop	126.52176	33.50947
퍼피로운	shop	126.79644	33.55495
퍼피아이애견	shop	126.48775	33.48402
퍼피홀릭제주	shop	126.54357	33.49186
펀빌민박	stay	126.30566	33.44913
펀앤조이스토어	shop	126.51802	33.50028
펀치플러스제주	activity	126.48453	33.48372
펄펄낙지	food	126.54575	33.47569
펄하우스	stay	126.51316	33.49853
펄호텔제주	stay	126.49089	33.48356
펍큐당구클럽제주	activity	126.52979	33.49897
펍하이븐	bar	126.50349	33.51619
펑요	shop	126.51913	33.51802
펑요하우스	stay	126.26314	33.38801
페니실린	food	126.48866	33.48959
페달로케어	shop	126.54813	33.49320
페로즈	food	126.54277	33.49559
페르소나	bar	126.52678	33.50747
페리에	shop	126.52895	33.49911
페리카나	food	126.53041	33.51311
페리카나	food	126.49151	33.47923
페리카나애월체인점	food	126.32006	33.46473
페리카나외도점	food	126.42727	33.48585
페리카나치킨	food	126.53991	33.50285
페리카나치킨	food	126.52214	33.49925
페리카나치킨삼양도련점	food	126.58956	33.51128
페리카나치킨신제주점	food	126.49524	33.48856
페리카나치킨조천읍점	food	126.63596	33.53565
페리카나치킨화북점	food	126.56701	33.52019
페리카나한림분점	food	126.26487	33.41430
페브먼트	shop	126.53211	33.49816
페스토	food	126.52894	33.49640
페울락연구소	shop	126.56529	33.50514
페이버릿썸머	shop	126.59236	33.48891
페이보릿	shop	126.26834	33.41688
페이블	food	126.53056	33.49701
페이스	bar	126.49170	33.48712
페이스온	shop	126.51144	33.49482
페이지유	shop	126.26484	33.34115
페이지인스테이	stay	126.66278	33.54224
페이퍼공작소	shop	126.85409	33.52593
페쪼	food	126.19315	33.36252
페탈바이세이	shop	126.37731	33.43395
페트리코제주	stay	126.37983	33.48124
페퍼밀	shop	126.48866	33.48959
페피트	shop	126.52463	33.51316
펜고호다	cafe	126.31241	33.41826
펜션	stay	126.26989	33.41505
펜션	stay	126.48147	33.48526
펜션	stay	126.52360	33.51447
펜션	stay	126.31127	33.41539
펜션	stay	126.71398	33.55263
펜션	stay	126.40824	33.43937
펜션	stay	126.70530	33.51148
펜션	stay	126.63446	33.49136
펜션	stay	126.36890	33.34753
펜션	stay	126.21643	33.37931
펜션	stay	126.40878	33.43906
펜션	stay	126.87259	33.52750
펜션	stay	126.77221	33.50723
펜트하우스민박	stay	126.33433	33.45711
펜트힐협재	stay	126.25645	33.39709
펜펜	food	126.52037	33.48845
펠롱	cafe	126.53008	33.49596
펠롱	shop	126.54371	33.49065
펠롱여관	stay	126.24478	33.29769
펠롱펠롱	food	126.53150	33.50054
펠롱펠롱	food	126.58034	33.51488
펠롱포리	stay	126.21057	33.36537
펠리체골드	shop	126.54138	33.50568
펫라운지	shop	126.40471	33.46485
펫마트	shop	126.45642	33.50216
펫마트	shop	126.47484	33.49033
펫마트아라점	shop	126.54581	33.47485
펫마트제주도남점	shop	126.52854	33.49240
펫마트제주삼화점	shop	126.57930	33.51750
펫마트하귀점	shop	126.41525	33.48264
펫츠베이제주아라점	shop	126.54522	33.47775
펫클럽제주	shop	126.53573	33.50548
펫플러스	shop	126.48961	33.48745
펭귄부인	food	126.53847	33.49129
편백동조개리	food	126.48954	33.48798
편백숲마을더포레스트	stay	126.65446	33.46001
편안한맛집	food	126.74936	33.55424
편안한민박	stay	126.66546	33.53997
편의점	shop	126.75063	33.55662
편편집제주점	food	126.45841	33.49815
편한옷편한언니	shop	126.52894	33.49640
평강	food	126.49968	33.48680
평담옥	food	126.48451	33.48282
평대난길민박	stay	126.85243	33.52668
평대당	cafe	126.83820	33.53567
평대대수굴바당조끄띠	stay	126.83927	33.53575
평대라움	stay	126.83859	33.53398
평대랑그네랑	cafe	126.83881	33.53666
평대로움	stay	126.80775	33.49569
평대로움	stay	126.80824	33.49564
평대리돌담하우스	stay	126.84182	33.53289
평대림	stay	126.83490	33.52105
평대마루	stay	126.83944	33.53506
평대마켓	shop	126.83960	33.53492
평대모루	food	126.85114	33.52636
평대민박	stay	126.83757	33.53710
평대바다상점	food	126.85503	33.52733
평대바당민박	stay	126.84262	33.53234
평대반점	food	126.84023	33.53670
평대베를린	stay	126.83860	33.53559
평대빌리지	stay	126.83831	33.53320
평대살래	stay	126.83888	33.53645
평대성게국수	food	126.83984	33.53423
평대스낵	food	126.83798	33.53664
평대스테이	stay	126.84372	33.53071
평대식당	food	126.83960	33.53492
평대아라민박	stay	126.84237	33.53305
평대아방네	stay	126.84039	33.53635
평대앓이	food	126.83935	33.52768
평대어촌민박	stay	126.85264	33.52432
평대여	food	126.84308	33.53364
평대여카페	cafe	126.84308	33.53364
평대이락	stay	126.84363	33.53205
평대전복	food	126.84695	33.53147
평대집	stay	126.84349	33.52932
평대코지	food	126.84009	33.53678
평대하루	stay	126.80798	33.49563
평대해변	beach	126.84060	33.53324
평민닭발연동점	food	126.48770	33.49184
평사회센타	shop	126.67297	33.54323
평산공방	shop	126.51842	33.51158
평안도막창구이	food	126.52309	33.49932
평안미니슈퍼	shop	126.47489	33.49724
평온기획사	shop	126.52434	33.50750
평정심	stay	126.50833	33.50706
평창메밀막국수	food	126.48570	33.47544
평창메밀막국수외도	food	126.43217	33.48662
평평스테이	stay	126.84191	33.53248
평화	stay	126.49721	33.49195
평화가꽃피는섬	food	126.90133	33.50982
평화가든	food	126.49103	33.48390
평화농산	shop	126.47535	33.49125
평화다방	cafe	126.53049	33.50111
평화당구장	activity	126.53606	33.49705
평화로마트	shop	126.42470	33.43637
평화로빵	food	126.52003	33.49893
평화로스크린골프	activity	126.42470	33.43637
평화반점	food	126.54975	33.47669
평화보리빵	food	126.47967	33.49213
평화쉼터	stay	126.61318	33.46080
평화조명	shop	126.43269	33.44495
평화주점	food	126.48957	33.48817
평화탑제주	food	126.52759	33.49968
평화탑제주인제점	food	126.54086	33.50563
포교정	shop	126.49236	33.48560
포구민박	stay	126.91005	33.49679
포구민박	stay	126.40885	33.48643
포구횟집	food	126.39207	33.48629
포구휴게마트	shop	126.35019	33.47290
포그네일	shop	126.54203	33.49521
포근	stay	126.32629	33.45382
포근제주	shop	126.51508	33.50573
포근한여백	stay	126.58948	33.52660
포니엔테	stay	126.31079	33.43005
포니제주	stay	126.67983	33.43192
포도바당	bar	126.24323	33.39790
포도식당	food	126.55816	33.44930
포도약국	shop	126.54359	33.47774
포도원흑돼지	food	126.49019	33.47006
포도원흑돼지	food	126.48468	33.46818
포동정식	food	126.53215	33.49984
포동정식도청점	food	126.49713	33.48823
포라인	food	126.54731	33.49399
포레법인	activity	126.37924	33.41773
포레스텔라인제주	cafe	126.74658	33.43081
포레스트마켓	shop	126.89876	33.49589
포레스트선흘	stay	126.69632	33.48638
포레포레	stay	126.44595	33.45133
포리별펜션	stay	126.20785	33.36671
포리에이스	stay	126.25759	33.40452
포리피자	food	126.25223	33.40374
포메인제주	food	126.52887	33.50033
포베이	food	126.54066	33.49022
포부	food	126.54584	33.49375
포비네오두막	stay	126.80597	33.55141
포빈즈	cafe	126.65653	33.49879
포석정	bar	126.54701	33.49516
포세이돈	activity	126.29432	33.96272
포세이돈게스트하우스민박	stay	126.31303	33.46238
포센트	shop	126.54357	33.47544
포쉬노쉬	food	126.53297	33.50106
포스타	shop	126.52587	33.51312
포스트아일랜드	shop	126.52357	33.51362
포시즌스	cafe	126.28236	33.41353
포시즌푸드	food	126.50859	33.50188
포시즌호텔	stay	126.48397	33.48646
포안	stay	126.24972	33.39985
포앳홈	food	126.85681	33.52394
포야호	food	126.43411	33.48911
포에마	stay	126.26473	33.39176
포엠	stay	126.66387	33.54320
포엠하우스	stay	126.66387	33.54320
포옥	food	126.56368	33.51385
포용커피로스터스	bar	126.39983	33.45865
포유플라워	shop	126.54807	33.48984
포인트	shop	126.49185	33.48749
포인트낚시	shop	126.47312	33.49420
포인트피티	activity	126.49569	33.49042
포지티브임팩트메이커	shop	126.53001	33.50030
포차또랑	bar	126.52941	33.49931
포차민	bar	126.54262	33.50220
포차바다식당	food	126.58162	33.52214
포차싸롱	food	126.54530	33.47201
포차오월	bar	126.47949	33.48757
포차천국	food	126.54277	33.50193
포차천국	bar	126.52918	33.49792
포차훈	food	126.49118	33.48627
포칼라	shop	126.52463	33.51316
포커라이브신제주점	bar	126.49021	33.48650
포케올데이제주	food	126.47932	33.48360
포케올데이제주삼화점	food	126.57675	33.51709
포켓파크	food	126.47457	33.48038
포크	cafe	126.25908	33.40913
포클로버커피	cafe	126.49108	33.47868
포터블	shop	126.52315	33.51746
포투이어스	cafe	126.48107	33.48720
포티파이브	bar	126.48130	33.48675
포포구	stay	126.19815	33.36473
포하노이	food	126.43635	33.44861
폭낭오름	nature	126.38224	33.35223
폭낭올레집	stay	126.71297	33.55340
폭스비지니스룸	bar	126.49078	33.48461
폭폭	food	126.39200	33.45087
폭풍장어	food	126.53681	33.49641
폭풍장어외도점	food	126.42984	33.49268
폭풍장어제주	food	126.48456	33.48375
폰별그램	shop	126.59563	33.49077
폰사닷컴제주	shop	126.52725	33.50010
폰사랑	shop	126.52444	33.51202
폰수리닷컴	shop	126.53013	33.49714
폰스타일연동점	shop	126.48972	33.48799
폰아울렛	shop	126.51313	33.50155
폰앤아트	shop	126.47852	33.47652
폰앤펀	shop	126.52463	33.51316
폰조아텔레콤	shop	126.51859	33.50024
폰컴	shop	126.50986	33.50801
폰클리닉	shop	126.26519	33.41217
폰타나비치관광호텔제주신엄지점	stay	126.35398	33.47704
폰튜브	shop	126.54285	33.50139
폴라니포케	food	126.52986	33.50136
폴라리스	stay	126.56541	33.51406
폴라리스	stay	126.40813	33.43812
폴라리스	bar	126.54099	33.50457
폴레폴레게스트하우스	stay	126.88960	33.52642
폴리파크제주연동점	shop	126.48899	33.49191
폴리폴리	shop	126.49111	33.48857
폴바셋제주공항국내선점	food	126.49596	33.50594
폴비앙	cafe	126.42145	33.43357
폴인럽제주	stay	126.38172	33.47865
폴햄키즈	shop	126.48184	33.48244
폴햄폴햄키즈	shop	126.54087	33.49072
폼폼	shop	126.48947	33.48680
퐁남농원	shop	126.60538	33.51514
퐁낭	food	126.67411	33.42598
퐁낭	stay	126.25278	33.40498
퐁낭거리	stay	126.34157	33.44910
퐁낭그늘	bar	126.48489	33.49232
퐁낭그늘	stay	126.33776	33.46614
퐁낭너머	stay	126.29547	33.43816
퐁낭뜰애	stay	126.29513	33.43418
퐁낭아래	stay	126.27146	33.41543
퐁낭안뜰	stay	126.33138	33.41801
퐁낭에염	stay	126.33306	33.41823
퐁낭에염	stay	126.33142	33.41921
퐁낭조수식당	food	126.22478	33.33264
퐁낭집	food	126.40255	33.43953
퐁낭하우스	stay	126.43829	33.49510
퐁낭하우스민박	stay	126.27694	33.42522
퐁당	food	126.94926	33.51654
퐁당라면	food	126.19982	33.36493
퐁당제주	shop	126.48856	33.49160
퐁당칠리핫도그앤커피	food	126.56509	33.51911
퐁치커피익스프레스	cafe	126.51084	33.50989
표선얼큰이	food	126.56559	33.52002
표선제주닭집	food	126.48533	33.48379
표선제주닭집삼화점	food	126.58886	33.51799
표선제주닭집치킨맛집외도점	food	126.43447	33.48744
푠푠제주	shop	126.41477	33.45811
푸게르플라워스튜디오	shop	126.59234	33.52934
푸동	food	126.48091	33.48424
푸드드림	food	126.57678	33.51936
푸드딜라이트제주점	food	126.51793	33.50190
푸드시스템한결	shop	126.49215	33.50058
푸디스트제주삼다수점	shop	126.67168	33.42085
푸라닭	food	126.53291	33.48704
푸라닭애월하귀점	food	126.40485	33.48135
푸라닭제주	food	126.53842	33.50198
푸라닭제주	food	126.67023	33.53949
푸라닭제주	food	126.51374	33.50140
푸라닭제주건입점	food	126.53510	33.51354
푸라닭제주대점	food	126.55909	33.44890
푸라닭제주삼화점	food	126.57571	33.51477
푸라닭제주아라점	food	126.54978	33.47263
푸라닭제주연동점	food	126.48788	33.49194
푸라닭제주이호점	food	126.45755	33.49069
푸라닭제주한라대점	food	126.47773	33.47616
푸라닭제주한림협재점	food	126.26656	33.41434
푸레	stay	126.23715	33.30967
푸루티벤돌로큐피트	shop	126.52850	33.51380
푸르다비치민박	stay	126.21640	33.37943
푸르다쉼터	shop	126.21643	33.37931
푸르다오션민박	stay	126.21643	33.37931
푸르다카페	food	126.21643	33.37931
푸르릇	shop	126.49626	33.49261
푸르메가살고있는곳	stay	126.33016	33.43593
푸른감람나무	cafe	126.54161	33.48111
푸른건강원	shop	126.48457	33.48820
푸른달	stay	126.56565	33.52443
푸른달	stay	126.26500	33.38757
푸른마을	shop	126.53364	33.49383
푸른목장	food	126.47455	33.48324
푸른바다저멀리	shop	126.47719	33.47551
푸른바다회포차	food	126.47324	33.48448
푸른바당돼지	food	126.56596	33.52137
푸른밤	stay	126.31111	33.46437
푸른밤	stay	126.26322	33.37350
푸른밤의해안속초식당	food	126.45149	33.46246
푸른별고사리	stay	126.79556	33.47283
푸른선흘길	stay	126.69994	33.50657
푸른소금	food	126.54169	33.50269
푸른솔맑은향	food	126.47385	33.47180
푸른솔샘	food	126.29478	33.35681
푸른숲마트	shop	126.35372	33.34327
푸른약국	shop	126.57987	33.51750
푸른전기조명인테리어	shop	126.48456	33.48581
푸른정육식당	food	126.51080	33.48802
푸른초장	food	126.39390	33.41345
푸른푸드제주	shop	126.37881	33.47396
푸른하우스	stay	126.30845	33.45047
푸른횟집	food	126.41308	33.48277
푸리랑민박	stay	126.33748	33.46570
푸마	shop	126.48976	33.48654
푸마제주점	shop	126.52578	33.51450
푸시오프	shop	126.53532	33.49628
푸주옥	food	126.47375	33.49061
푸주옥도남점	food	126.52990	33.49186
푸주옥오라점	food	126.51771	33.49422
푸줏간고기도시락구제주점	food	126.52894	33.49640
푸지그랑	food	126.26737	33.31978
푸짐한돼지국밥	food	126.57295	33.52066
푸짐한밥상	food	126.52463	33.51316
푸짐한집	food	126.51876	33.50910
풀꽃향기	stay	126.74761	33.55246
풀내음	shop	126.24581	33.39791
풀노바	shop	126.54719	33.50664
풀레브제주점	shop	126.48769	33.46634
풀말차정원	cafe	126.70687	33.55352
풀문	stay	126.26393	33.33513
풀바다	stay	126.21881	33.38032
풀벗아그리투리스모	stay	126.24638	33.38744
풀빌라	stay	126.45958	33.45113
풀빌라소랑	stay	126.67070	33.49283
풀빌라소랑	stay	126.67120	33.49270
풀빌라앨리	stay	126.79158	33.55657
풀빌라어느멋진날	stay	126.39410	33.48385
풀빌라키즈토이	stay	126.79158	33.55657
풀빗	stay	126.26684	33.33682
풀빛	stay	126.66064	33.54183
풀섶	shop	126.24728	33.39521
풀스테이바르	stay	126.84650	33.53225
풀스토리키즈풀빌라	stay	126.79158	33.55657
풀업당구클럽	activity	126.26655	33.41146
풀왓	food	126.65635	33.49930
풀잎들커피아카이브	cafe	126.54028	33.49700
풀잎채진고복식당제주	food	126.49596	33.50594
풀퍼센트	shop	126.53629	33.50467
풀하우스	shop	126.52463	33.51316
풀하우스	stay	126.52422	33.50034
풀향기	food	126.43271	33.49026
품다올밥상제주	food	126.47932	33.48360
품식	food	126.51665	33.51728
풋마트이마트제주점	shop	126.52118	33.51797
풍경	food	126.52542	33.51204
풍경소리민박	stay	126.28432	33.41731
풍경스테이애월	stay	126.36318	33.47582
풍경찻집	food	126.53439	33.50752
풍경채	food	126.45963	33.49428
풍경채，대촌미락	food	126.66447	33.54283
풍기모텔	stay	126.52748	33.50404
풍년	food	126.58386	33.52190
풍년밥상	food	126.55024	33.51211
풍년상회민박	stay	126.25316	33.40406
풍다우주	stay	126.32458	33.46298
풍물장터걸궁	shop	126.53598	33.50510
풍미감자탕	food	126.48993	33.47831
풍미원	food	126.58028	33.51628
풍미원도남점	food	126.52749	33.49459
풍선	bar	126.52842	33.50114
풍선비행기군단	stay	126.84636	33.52100
풍선이좋아제주	shop	126.54010	33.50325
풍성하게	food	126.95891	33.50002
풍어회센타	food	126.54518	33.50322
풍연재	stay	126.25082	33.38446
풍요로움	bar	126.49249	33.48626
풍원	food	126.94397	33.50830
풍월	food	126.51302	33.50552
풍자네포차	bar	126.26465	33.41608
풍전	food	126.49038	33.48323
풍전스크린골프	food	126.49038	33.48323
풍전양곱창	food	126.49032	33.48305
풍정	stay	126.42176	33.43211
풍정포차	food	126.52516	33.51236
풍차	bar	126.51343	33.50528
풍차마을민박	stay	126.80643	33.55433
풍차민박	stay	126.80123	33.55577
풍차와바다	stay	126.21677	33.37870
풍차와전복	food	126.18205	33.35636
풍차와해넘이	stay	126.18784	33.35393
풍채	food	126.53157	33.49851
풍천만가	food	126.49824	33.47825
풍촌	food	126.49276	33.48843
풍화로	food	126.75535	33.55684
풍화로스테이	stay	126.83073	33.54215
퓨어비	shop	126.52583	33.50481
퓨어스테이	stay	126.49636	33.49137
퓨어피어	shop	126.62374	33.53481
퓨전상회	shop	126.49055	33.48776
프라돈	shop	126.63784	33.53408
프라비타하도작은식당	stay	126.89285	33.51011
프라이머스제주코니	stay	126.39073	33.48884
프라이빗애월민박	stay	126.39630	33.44796
프라임	shop	126.50877	33.50673
프라임호텔	stay	126.52732	33.50088
프라하	bar	126.48929	33.49097
프란시아가구	shop	126.51582	33.51069
프란츠스토어	shop	126.25760	33.33640
프란츠스토어조수	shop	126.23229	33.33644
프란치하우스	stay	126.64086	33.54544
프랑제주	stay	126.83399	33.51771
프래그란스	cafe	126.43994	33.45439
프랜즈	bar	126.52452	33.51362
프랩베이커리	food	126.47938	33.49269
프랭크버거아라점	food	126.54419	33.47458
프랭크버거제주	food	126.54305	33.49172
프랭크버거제주도청점	food	126.49700	33.48587
프랭크버거제주삼화점	food	126.57668	33.51562
프랭크버거제주연동	food	126.48512	33.48406
프랭크버거제주월정점	food	126.79982	33.55455
프랭크서울	food	126.85878	33.52083
프런트	bar	126.48712	33.48374
프레드피자제주점	food	126.53537	33.49243
프레리아독채커플펜션	stay	126.40504	33.42547
프레비따	shop	126.45622	33.49521
프레쉬팜	shop	126.31104	33.34780
프레스드라이버	bar	126.26968	33.31709
프레이	shop	126.52463	33.51316
프레임	shop	126.39241	33.48485
프레젠트	cafe	126.52174	33.49824
프레지던트피씨방	activity	126.53121	33.49810
프레질스콘	cafe	126.52733	33.51612
프레클데이	shop	126.54795	33.50056
프레투스	food	126.74830	33.48293
프렌즈골프스크린회천점	activity	126.60807	33.49836
프렌즈당구클럽	activity	126.42960	33.48484
프렌즈스크린	activity	126.48275	33.47607
프렌즈스크린	activity	126.50456	33.50083
프렌즈스크린	activity	126.52725	33.50010
프렌즈스크린	activity	126.52673	33.51588
프렌즈스크린골프수목원점	activity	126.48865	33.46959
프렌즈스크린골프인화점	activity	126.53850	33.50634
프렌즈스크린구내	food	126.53850	33.50634
프렌즈스크린구좌세화점	activity	126.85699	33.52474
프렌즈스크린노형광평점	activity	126.46867	33.48144
프렌즈스크린도남점	activity	126.52125	33.48702
프렌즈스크린아라디오파크점	activity	126.55090	33.48679
프렌즈스크린아라초점	activity	126.54656	33.47829
프렌즈스크린애월중점	activity	126.32323	33.46357
프렌즈스크린앤데미다	cafe	126.55131	33.49500
프렌즈스크린정실점	activity	126.51083	33.47471
프렌즈스크린퀀텀삼화점	activity	126.57281	33.51624
프렌즈스크린퀀텀아라	shop	126.54334	33.47920
프렌즈아카데미	activity	126.46867	33.48144
프렌치비자림	stay	126.81331	33.49216
프렌치웍스	food	126.69443	33.55000
프렐린	shop	126.52894	33.49640
프로	bar	126.54120	33.50493
프로방스테이	stay	126.57517	33.52595
프로브커피	cafe	126.52634	33.50945
프로스펙스제주이마트	shop	126.52118	33.51797
프로젝트목욕탕	shop	126.52273	33.51782
프로젝트씨씨	shop	126.56229	33.51564
프로젝트키즈	shop	126.48184	33.48244
프로파간다	bar	126.54303	33.46969
프로포즈	stay	126.84693	33.51928
프롤로그	stay	126.69117	33.55006
프롬나나	shop	126.53899	33.50989
프롬더아일랜드	food	126.16451	33.30787
프롬바이오	shop	126.57255	33.45290
프롬제이	stay	126.65214	33.54714
프롬제주바다	shop	126.79672	33.55501
프롬프트제주	cafe	126.53876	33.51238
프리미엄금거래소	shop	126.48591	33.48952
프리베	bar	126.49434	33.48661
프리스틴구겐하임	shop	126.48527	33.51107
프리즘제주	shop	126.17998	33.30055
프리카	shop	126.30949	33.46334
프리페어	shop	126.52665	33.51497
프리페어	shop	126.48987	33.48671
프리페어제원점	shop	126.48966	33.48669
프리하우스세븐일레븐제주와산리점	shop	126.68002	33.49388
프린세스	shop	126.52952	33.46299
프린세스	shop	126.39279	33.41314
프린스모텔	stay	126.49083	33.48657
플라네하우스제주소품샵	shop	126.52571	33.51560
플라마	stay	126.27883	33.41297
플라야제주풀빌라민박	stay	126.36022	33.47689
플라워랩은	shop	126.47877	33.47653
플라워몰	shop	126.49672	33.48431
플라워시티	shop	126.49320	33.49021
플라이무드	stay	126.28995	33.44284
플라이진	stay	126.74520	33.55714
플라잉애월	cafe	126.38184	33.48551
플라케오카페	food	126.48755	33.49254
플란다스힐	stay	126.33573	33.39048
플랍	activity	126.48295	33.48339
플랏포커피	cafe	126.48284	33.48702
플래닛제주	shop	126.49058	33.49012
플랜비	bar	126.48540	33.48164
플랜비	food	126.39248	33.48441
플랜비민박	stay	126.39248	33.48441
플랜에이	bar	126.49133	33.48801
플랜전기조명	shop	126.59285	33.48985
플랜지	bar	126.49596	33.48590
플랜타	cafe	126.54655	33.50047
플랜티휘트니스	activity	126.57250	33.45378
플랜티휘트니스	activity	126.48054	33.48706
플랜티휘트니스서사라점	activity	126.52017	33.50639
플랜피티	activity	126.53347	33.49608
플랫	food	126.66597	33.54204
플러리쉬	shop	126.54749	33.47593
플러스투	bar	126.53443	33.50171
플러키	food	126.54130	33.49480
플러팅	bar	126.49095	33.48772
플러피	cafe	126.26365	33.43024
플러피	food	126.24582	33.39909
플러피협재점	food	126.24582	33.39909
플럭스	shop	126.51879	33.50016
플레로마	stay	126.84687	33.52140
플레르	food	126.53690	33.48304
플레르보야주	shop	126.48889	33.48123
플레이걸즈	bar	126.49006	33.48154
플레이그라운드문구팬시이도초점	shop	126.53326	33.48784
플레이그린	shop	126.53001	33.50030
플레이모두	food	126.19284	33.36250
플레이비치하우스민박	stay	126.30777	33.45171
플레이스꽃섬	cafe	126.48418	33.46945
플레이스엉물	cafe	126.90066	33.48963
플레이스우도	cafe	126.95716	33.51453
플레이스크린	shop	126.47811	33.48342
플레이웍스	shop	126.52825	33.51335
플레이제주외도점	activity	126.43139	33.48747
플레이타임그룹메종글래드제주점플레이타임	shop	126.48890	33.48561
플레이팅제주대	food	126.54520	33.46721
플레인	shop	126.52655	33.51434
플렉스	bar	126.49149	33.48770
플렉스휘트니스클럽	activity	126.47279	33.48614
플렌케	food	126.54800	33.47683
플로라민박	stay	126.46017	33.49951
플로레종	cafe	126.40153	33.43392
플로렌스	cafe	126.29592	33.96337
플로리카페	cafe	126.55346	33.48770
플로베일배움터	cafe	126.48933	33.49221
플로화	shop	126.54068	33.48990
플루메리아민박	stay	126.35518	33.47767
플루즈	shop	126.52984	33.49726
플팝카페	cafe	126.34498	33.39669
피	bar	126.49170	33.48712
피굽남피자화북점앤프라이드프라이드	food	126.56541	33.51984
피그	food	126.53847	33.49156
피그뱅	food	126.48821	33.47065
피그핸드	shop	126.52925	33.48437
피기핑크	shop	126.53199	33.49561
피너트	food	126.95704	33.51397
피넛버터	shop	126.47511	33.48369
피넛아일랜드	food	126.95303	33.49496
피넛캬라멜하우스	food	126.95186	33.51898
피노스커피	cafe	126.47668	33.48884
피노엔키오	stay	126.72937	33.55637
피노키오	cafe	126.94826	33.52051
피닉스종합광고	shop	126.53711	33.49978
피다물류	shop	126.51343	33.50528
피렌체	shop	126.48890	33.48561
피렌체	shop	126.52391	33.51083
피맥데이	food	126.54061	33.50622
피부상담	shop	126.80416	33.54568
피부애드림코스메틱	shop	126.27505	33.37241
피부이야기	shop	126.26363	33.41589
피브이에이치	shop	126.48983	33.48832
피브이에이치	shop	126.48977	33.48631
피셔프라이드	stay	126.62008	33.52825
피셔프라이드원	food	126.62008	33.52825
피셔프라이드투	shop	126.62008	33.52825
피쉬앤돈	food	126.55282	33.47159
피쉬킹	shop	126.51320	33.49196
피슈마라홍탕	food	126.57910	33.51683
피슈마라홍탕신제주점	food	126.47735	33.49088
피스오브치즈	food	126.52743	33.49872
피스테라클래식	stay	126.62154	33.53786
피시코디	shop	126.58914	33.51545
피싱프로슈머	shop	126.45911	33.48782
피씨스토어	shop	126.54944	33.47333
피아노맨	bar	126.49234	33.48670
피아이피아일랜드	food	126.96080	33.50646
피아티니	food	126.51578	33.51645
피앗카페	cafe	126.54074	33.50497
피에스아포티	shop	126.52325	33.50980
피엠씨프러덕션	stay	126.54792	33.44582
피엠아이제주컴퍼니	shop	126.51565	33.50859
피엠푸드신제주점	food	126.48414	33.47861
피오레	cafe	126.49320	33.49002
피움	shop	126.54195	33.50606
피자가게	food	126.51915	33.50795
피자굽는곰아저씨	food	126.26444	33.41379
피자굽는곰아저씨	food	126.48770	33.48499
피자굽는곰아저씨외도점	food	126.43215	33.48800
피자굽는돌하르방	food	126.25584	33.30477
피자그리기앤파닭	food	126.31807	33.46042
피자덕제주점	food	126.53670	33.49230
피자베이	food	126.47558	33.47862
피자베이신제주점	food	126.48132	33.48000
피자베이제주	food	126.57455	33.45800
피자베이제주점	food	126.53898	33.49674
피자알볼로	food	126.47815	33.48162
피자알볼로제주	food	126.54170	33.49378
피자알볼로제주외도점	food	126.43108	33.48539
피자알볼로제주점	food	126.54170	33.49378
피자와치킨의러브레터신제주점	food	126.47522	33.48773
피자클럽	food	126.47810	33.49081
피자클럽제주점	food	126.53408	33.50271
피자탑	food	126.54284	33.50461
피자탑삼화점	food	126.58206	33.51768
피자탑신제주점	food	126.48263	33.48426
피자탑외도하귀점	food	126.41552	33.48463
피자탑제주한림점	food	126.26780	33.41424
피자탑조천읍점	food	126.61990	33.53598
피자투어애월하나로마트점	food	126.32191	33.46043
피자투어하귀점	food	126.41215	33.48506
피자플래넷제주한림점	food	126.26481	33.41648
피자헛	food	126.53658	33.49706
피자헛신제주점	food	126.49000	33.48089
피제리아덤보	food	126.37706	33.41838
피제이피자제주	food	126.48120	33.47913
피제이피자제주	food	126.52262	33.49650
피즈	food	126.31183	33.46154
피치	shop	126.52463	33.51316
피치랑구제주점	food	126.52811	33.50108
피치랑신제주점	food	126.48770	33.48782
피치랑아라점	food	126.54808	33.47002
피카	cafe	126.56412	33.52124
피카소민박	stay	126.67346	33.42132
피카츄	food	126.49680	33.48295
피케이	bar	126.52932	33.49939
피케피케	food	126.23280	33.38749
피크	shop	126.48992	33.48970
피크닉	shop	126.54168	33.47730
피크닉메이트	shop	126.54153	33.47020
피크닉앤와인월정	bar	126.79373	33.55447
피크엔드	stay	126.46395	33.50295
피터패트	shop	126.49100	33.48728
피터펜슬	shop	126.63863	33.53777
피트니스이상	activity	126.47745	33.48366
피트니스플레져	activity	126.50862	33.50939
피티샵	activity	126.54032	33.47491
피티커뮤니티	shop	126.40705	33.42998
피파샐	food	126.54863	33.47428
피프스페이스	cafe	126.51136	33.51137
피플	shop	126.49049	33.48799
피플	cafe	126.61380	33.53794
픽미픽미아이스제주	shop	126.48077	33.47824
픽미픽미아이스제주아라점	shop	126.55013	33.47757
픽미픽미할인점	shop	126.49102	33.48014
픽스볼더	activity	126.49122	33.49022
픽스볼더아라	activity	126.55065	33.45620
픽스커피공단점	cafe	126.57205	33.51465
픽업	food	126.30977	33.46359
픽업	food	126.52302	33.50954
픽토랜드	cafe	126.68810	33.52218
픽플	food	126.46736	33.48760
핀보스	shop	126.53800	33.48795
핀아플라워	shop	126.47013	33.48294
핀포인트스포츠	shop	126.51662	33.49917
핀하이스크린	activity	126.52516	33.49239
필구의환대	stay	126.64899	33.48537
필기	shop	126.89699	33.49172
필당구장	activity	126.54127	33.50595
필마트식자재전문마트	shop	126.57241	33.51474
필스	food	126.54666	33.50055
필앤라이프제주	cafe	126.88947	33.51570
필연갤러리	shop	126.69526	33.48190
필채	stay	126.23818	33.31242
핏어팻	food	126.49055	33.48776
핏제리아마노	food	126.42920	33.48443
핏제리아제폴리	food	126.43065	33.49095
핏제리아필리아	food	126.54410	33.47459
핑	shop	126.52378	33.51054
핑거스핫도그	food	126.19927	33.36478
핑골프스포츠	shop	126.48961	33.48559
핑쏘	bar	126.54479	33.47291
핑크	shop	126.52463	33.51316
핑크	shop	126.47784	33.48588
핑크	shop	126.49111	33.48857
핑크고릴라	shop	126.47467	33.48413
핑크러브샵성인용품	shop	126.50931	33.50692
핑크브리즈힐	stay	126.36812	33.43882
핑크블랑	shop	126.49040	33.49078
핑크약국	shop	126.31919	33.46487
핑크핑크	bar	126.51585	33.50913
핑크헨젤	cafe	126.30963	33.46284
핑클럽	activity	126.47407	33.48259
하가네밥집	food	126.35040	33.45748
하가로트리	stay	126.35213	33.45722
하가리집	stay	126.34818	33.45771
하가분식	food	126.34891	33.45676
하갈비국수정육식당	food	126.30915	33.46388
하갈비정육점	shop	126.30899	33.46432
하겐다즈제주	food	126.49103	33.49545
하고수동해변	beach	126.95746	33.51428
하고야까페	cafe	126.95704	33.51397
하골집	stay	126.63686	33.54162
하귀가마솥순대국	food	126.40373	33.48066
하귀건강원	shop	126.40582	33.48065
하귀국수존	food	126.40331	33.48028
하귀낚시	shop	126.41633	33.48778
하귀노팅힐컨벤션	food	126.40038	33.48130
하귀농약사	shop	126.40100	33.48002
하귀농협하나로마트	shop	126.41215	33.48506
하귀다원	food	126.40662	33.48243
하귀당구장	activity	126.41633	33.48778
하귀동태찌개	food	126.40381	33.48102
하귀떡방앗간，기름집	food	126.40295	33.47918
하귀로민박	stay	126.40946	33.48930
하귀바다	stay	126.41784	33.48878
하귀바다낚시	shop	126.40127	33.48028
하귀블루팜점핑	activity	126.40545	33.48212
하귀손칼국수	food	126.40679	33.47895
하귀수영장	activity	126.41102	33.48597
하귀스마일찹쌀꽈배기앤도너츠	food	126.41188	33.48604
하귀스크린포차	food	126.41354	33.48409
하귀씨민박	stay	126.39429	33.48414
하귀안경	shop	126.40112	33.48003
하귀약국	shop	126.40099	33.48035
하귀오두막	food	126.40532	33.48120
하귀일번가	shop	126.40280	33.48019
하귀정담	food	126.52244	33.51215
하귀청마루	food	126.40892	33.47762
하귀하나로약국	shop	126.41215	33.48506
하귀현스크린	activity	126.41641	33.48659
하귤과보리	stay	126.24674	33.32049
하귤별장	stay	126.44621	33.48240
하귤소담	stay	126.42118	33.46725
하꼬네	food	126.53000	33.49631
하나	shop	126.26384	33.41459
하나	stay	126.53940	33.50908
하나	shop	126.43200	33.48610
하나	food	126.43167	33.48802
하나게임장	activity	126.52655	33.51463
하나공간	food	126.55845	33.45004
하나냉동주방	shop	126.54048	33.49868
하나냉동주방마트	shop	126.51930	33.49136
하나더아이스크림할인점	shop	126.48148	33.47911
하나떡집	food	126.53253	33.49950
하나로김밥	food	126.17928	33.30067
하나로마트김치코너	shop	126.55311	33.50379
하나로마트내화장품악세사리	shop	126.67492	33.53657
하나로마트빵	food	126.85291	33.52459
하나로베이커리	food	126.41215	33.48506
하나로베이커리	food	126.55311	33.50379
하나로베이커리	food	126.26389	33.40999
하나로수산	shop	126.85291	33.52459
하나로슈퍼	shop	126.49728	33.48394
하나로식당	food	126.53232	33.51665
하나로안경점	shop	126.67492	33.53657
하나로약국	shop	126.51665	33.50022
하나로즉석두부	shop	126.55311	33.50379
하나로휴게음식점	food	126.55311	33.50379
하나린	stay	126.40486	33.43496
하나마루	food	126.43199	33.48678
하나마트	shop	126.53517	33.49646
하나맘김밥	food	126.49886	33.49118
하나미	food	126.48056	33.48958
하나빵집	food	126.53517	33.49646
하나수산	shop	126.62158	33.53706
하나약국	shop	126.49201	33.48211
하나옷장	shop	126.32178	33.45986
하나의식탁	food	126.52896	33.49760
하나이자카야	food	126.43166	33.48799
하나정육	shop	126.53508	33.49643
하나축산	shop	126.49106	33.47795
하나텔레콤	shop	126.48504	33.49346
하나헬스클럽	activity	126.54039	33.51317
하나휴게마트	shop	126.55845	33.45004
하남집	food	126.52682	33.49064
하노이안브라더스	food	126.54356	33.50966
하노하노키즈	shop	126.48184	33.48244
하녹민박	stay	126.41867	33.47158
하누리당구클럽	activity	126.52840	33.50031
하늘고래민박	stay	126.24608	33.39945
하늘고래앤드	stay	126.24610	33.39907
하늘구름저편	food	126.90963	33.49225
하늘내	stay	126.74838	33.55720
하늘당구장	activity	126.47872	33.49125
하늘땅	bar	126.52011	33.50330
하늘땅물벗펜션	stay	126.30777	33.45171
하늘래기	stay	126.88650	33.52009
하늘래기	food	126.67563	33.43538
하늘만큼	activity	126.57116	33.51911
하늘만큼땅만큼	stay	126.39352	33.48328
하늘바다	stay	126.89354	33.52520
하늘사랑	stay	126.63035	33.53288
하늘사랑채가든	food	126.41284	33.48110
하늘샐리	cafe	126.54607	33.49466
하늘오름펜션	stay	126.75124	33.48156
하늘을달리다	stay	126.88718	33.52088
하늘이네	shop	126.52735	33.51225
하늘이민박	stay	126.94465	33.49947
하늘채가든	food	126.53028	33.47484
하늘타리	activity	126.71268	33.43170
하늘타리민박	stay	126.42451	33.49388
하늬바람	bar	126.52622	33.49682
하니	bar	126.48936	33.48393
하니	bar	126.52287	33.49952
하니낚시편의점	shop	126.19294	33.34318
하니장여관	stay	126.53963	33.51357
하니크라운호텔	stay	126.52754	33.50514
하니하니	cafe	126.75497	33.55807
하담	food	126.40840	33.48822
하도가	stay	126.89294	33.51026
하도가을이네	stay	126.88225	33.52667
하도기록	stay	126.88972	33.50988
하도꿀잠	stay	126.88532	33.51524
하도내음	stay	126.89382	33.52497
하도댁흑돼지두루치기	food	126.85600	33.52278
하도락	stay	126.88652	33.52689
하도랑	stay	126.89472	33.51893
하도로와	stay	126.88103	33.52614
하도로운이네	stay	126.89211	33.51062
하도록	cafe	126.88347	33.51867
하도르방	stay	126.87859	33.52052
하도리님과함께	stay	126.87798	33.52038
하도리돌담집민박	stay	126.88511	33.51819
하도리동동동	stay	126.88643	33.51585
하도리랑	stay	126.89191	33.52497
하도리별장	stay	126.89940	33.51716
하도리보통날	stay	126.87870	33.52057
하도리아는집	stay	126.88561	33.51510
하도리안	stay	126.89287	33.52599
하도리야	stay	126.88662	33.51796
하도리오길잘했어	stay	126.88451	33.51815
하도리옵서	stay	126.88495	33.51810
하도리움	stay	126.87632	33.52898
하도리일번지	stay	126.89860	33.52194
하도문주란	shop	126.88496	33.51577
하도미술관	cafe	126.88915	33.51021
하도민박	stay	126.88411	33.50518
하도밥상	food	126.89926	33.51688
하도방학	stay	126.88607	33.52000
하도별방	stay	126.88095	33.52719
하도뷰펜션	stay	126.89926	33.51688
하도살이민박	stay	126.89300	33.50996
하도생각나	stay	126.88186	33.52247
하도생각나민박	stay	126.88217	33.52247
하도선물가게	shop	126.88116	33.52757
하도세미	stay	126.88849	33.52149
하도소리	stay	126.89470	33.51861
하도스테이	stay	126.89526	33.51835
하도어촌체험마을	activity	126.90406	33.51991
하도언니네민박	stay	126.88585	33.50997
하도에풍덩	stay	126.87841	33.52676
하도여관	stay	126.89359	33.51165
하도온담	stay	126.87485	33.50890
하도울	stay	126.87924	33.51999
하도이스케이프	stay	126.88406	33.52223
하도재	stay	126.88438	33.52161
하도조아	stay	126.88707	33.51634
하도조은	stay	126.89386	33.51138
하도중앙상회	shop	126.88356	33.52241
하도탐나	stay	126.88708	33.52036
하도태미	shop	126.88116	33.52757
하도테이블	food	126.89032	33.51166
하도포시즌스	stay	126.89735	33.51319
하도포차	food	126.88330	33.51838
하도핑크	food	126.88342	33.52236
하도하루	food	126.88213	33.52701
하도해변	beach	126.89882	33.51354
하도행복펜션	stay	126.88596	33.51015
하드보일드	food	126.26764	33.38452
하라미	food	126.48445	33.48763
하랑	shop	126.54805	33.50100
하랑	cafe	126.52208	33.50002
하랑공방	shop	126.61610	33.53436
하랑모바일	shop	126.53007	33.49727
하로헌	cafe	126.67386	33.51178
하록	bar	126.52364	33.51211
하롱	food	126.54435	33.49099
하루	stay	126.25653	33.30798
하루	bar	126.54167	33.50547
하루	stay	126.67495	33.54173
하루	food	126.52679	33.50103
하루나	food	126.48055	33.47652
하루네고찌글라	stay	126.30779	33.44297
하루방	stay	126.88083	33.52692
하루방보쌈	food	126.52387	33.51659
하루방수제찹쌀꽈배기	food	126.53727	33.49269
하루세끼	food	126.48211	33.48705
하루스테이	stay	126.25601	33.39737
하루애제주	shop	126.22153	33.32926
하루앤하루	stay	126.63545	33.53745
하루위로	food	126.53013	33.49714
하루잡화	shop	126.43219	33.48956
하루족발	food	126.41308	33.48277
하루주점	bar	126.52679	33.49646
하루키를아시나요	food	126.40583	33.42358
하루필름애월점	cafe	126.37412	33.48118
하루하나	cafe	126.39327	33.45203
하루하나더노스텔지아민박	stay	126.39327	33.45203
하루하다	food	126.47516	33.48712
하륜일만족발	food	126.57231	33.51978
하르방건강원	shop	126.56716	33.52161
하르방김밥	food	126.42055	33.49023
하르방맥주	bar	126.47899	33.48834
하르방민박	stay	126.30468	33.44801
하르방밀면	food	126.51920	33.49610
하르방밀면신제주점	food	126.47171	33.48391
하르방산장민박	stay	126.25073	33.37564
하르방순메밀면	food	126.39101	33.48586
하르방애월민박	stay	126.40681	33.43195
하르방조청	shop	126.52877	33.51270
하르방짬뽕	food	126.41247	33.48251
하리텔레콤	shop	126.58029	33.51677
하림아트뿌리공예	shop	126.52681	33.50364
하마	bar	126.26226	33.41405
하모니	bar	126.48992	33.48970
하모니리조트	stay	126.25211	33.37936
하모니종합피아노사	shop	126.54284	33.49997
하모스테이	stay	126.22633	33.38857
하몽돼지	food	126.49086	33.47992
하몽이네	food	126.52476	33.50785
하뭇제주	stay	126.22807	33.38658
하미	stay	126.66734	33.54180
하민하우스	stay	126.68034	33.53595
하바나샌드위치클럽	food	126.52950	33.51516
하바나호텔앤리조트	stay	126.87376	33.52809
하바라기	shop	126.52167	33.51002
하바별	shop	126.36960	33.45592
하바브	shop	126.55678	33.51509
하버스테이제주	stay	126.62088	33.53680
하버하우스	stay	126.62234	33.53808
하버호텔	stay	126.53827	33.51770
하비룸	shop	126.52463	33.51316
하비트	shop	126.52518	33.51437
하비펜션민박	stay	126.37922	33.47194
하빌리스	cafe	126.51718	33.50457
하소로커피	cafe	126.21769	33.29575
하소재제주	stay	126.21107	33.34560
하솜별담	stay	126.21030	33.35794
하시카츠	food	126.48758	33.48409
하야로비	bar	126.52002	33.49908
하얀고래	stay	126.95182	33.51759
하얀등대민박	stay	126.49823	33.51744
하얀민박	stay	126.64888	33.54866
하얀별민박	stay	126.38260	33.47663
하얀산호	food	126.94544	33.49457
하얀산호카페	cafe	126.94503	33.49433
하얀산호펜션	stay	126.94503	33.49433
하얀성	stay	126.94359	33.50272
하얀성슈퍼	shop	126.94359	33.50272
하얀집제주	stay	126.66353	33.53855
하얀풍차	stay	126.19408	33.34975
하양하양	stay	126.18514	33.35194
하양한	cafe	126.66288	33.54274
하여금	food	126.48254	33.48516
하연네트웍스	shop	126.51239	33.50557
하영	shop	126.29148	33.43528
하영순대	food	126.52794	33.50331
하영순대국	food	126.49336	33.49347
하영올레	food	126.48787	33.48685
하영칼국수	food	126.37561	33.47474
하영하영	stay	126.79244	33.55789
하영하영	food	126.51909	33.50111
하오스테이	stay	126.66935	33.53042
하오츠	food	126.69915	33.54671
하오하오	shop	126.52780	33.50288
하와	food	126.19909	33.36537
하와이	bar	126.49248	33.48602
하와이레스토랑	food	126.21799	33.38132
하와이새우트럭제주점	food	126.47832	33.48256
하와이슈퍼	shop	126.49167	33.48274
하요	shop	126.44518	33.48882
하우목동항	nature	126.94353	33.50960
하우스	stay	126.26251	33.38208
하우스당구클럽	activity	126.51815	33.50018
하우스레서피	cafe	126.29543	33.44375
하우스레서피당근케이크	food	126.29542	33.44372
하우스마지	stay	126.80399	33.47816
하우스시어	stay	126.56432	33.52438
하우스아움	stay	126.63624	33.50985
하우스오브레퓨즈	activity	126.39601	33.41928
하우신스	shop	126.53280	33.50262
하우염	stay	126.24523	33.39061
하우쿨	shop	126.52960	33.49790
하우투플레이	food	126.39132	33.47905
하원	shop	126.49057	33.48853
하월라잇	stay	126.79250	33.55697
하윤이네	food	126.54270	33.49153
하윤이네	food	126.49994	33.48187
하음	food	126.81099	33.49588
하이	food	126.49212	33.48749
하이	bar	126.49302	33.49004
하이그레이스	shop	126.25342	33.39177
하이금빛민박	stay	126.77029	33.55141
하이까미	stay	126.18183	33.34735
하이댕댕	shop	126.48312	33.48169
하이드브레드	food	126.38318	33.39317
하이드아웃	activity	126.52949	33.49186
하이드어웨이제주관덕로지점	shop	126.52571	33.51567
하이드어웨이제주서해안로지점	shop	126.47049	33.50839
하이드어웨이제주성산지점	shop	126.90132	33.48420
하이드어웨이제주애월해안로지점	shop	126.33368	33.46646
하이드어웨이제주용담지점	shop	126.48815	33.51792
하이드파크텔	stay	126.52878	33.51349
하이디라오	food	126.48773	33.48567
하이디키즈	shop	126.54975	33.47616
하이레지던스	stay	126.49097	33.48944
하이리브	cafe	126.59190	33.50866
하이리빙제주프라자	shop	126.51117	33.49955
하이밀베이커리	food	126.43070	33.48736
하이브	bar	126.49170	33.48712
하이솜	food	126.32518	33.46219
하이쇼룸	shop	126.54282	33.49740
하이수산회센타	food	126.47489	33.49799
하이얀뷰티스킨케어	shop	126.43247	33.48667
하이엔드제주	cafe	126.30915	33.46358
하이월드	food	126.30915	33.46388
하이월드하이엔드로스터리	cafe	126.30915	33.46358
하이월정	shop	126.77794	33.56324
하이유	shop	126.54408	33.49246
하이윤	shop	126.52679	33.51453
하이제인	stay	126.87986	33.52722
하이제주기념품	shop	126.48881	33.48610
하이츠제주점	shop	126.39601	33.41928
하이큐당구클럽	activity	126.58029	33.51677
하이키스티지	bar	126.52906	33.49824
하이탐나	shop	126.48392	33.51077
하이트	bar	126.52808	33.49967
하이파이브제주	activity	126.34845	33.47250
하이퍼마켓	shop	126.54681	33.47299
하이하도민박	stay	126.86908	33.52269
하이하이볼	bar	126.79268	33.55615
하이혀니	shop	126.52463	33.51316
하이힐	bar	126.52316	33.49999
하일리제주	stay	126.38993	33.45754
하임	shop	126.53514	33.49227
하임스테이	stay	126.84504	33.53241
하젠	shop	126.50503	33.51304
하진	bar	126.53179	33.50160
하치다찌	food	126.32043	33.46386
하치바그	food	126.49758	33.49175
하카노형로	shop	126.47581	33.48286
하카제주연북로	shop	126.53546	33.48408
하카츠	food	126.85508	33.52338
하쿠나마타타민박	stay	126.34070	33.46733
하타나카아라점	food	126.54534	33.47557
하타나카연동	bar	126.49167	33.47831
하타나카연동점	food	126.49490	33.48861
하토말차	cafe	126.52302	33.50954
하토우커피로스터스	cafe	126.87014	33.52002
하트콘무인할인마트	shop	126.51268	33.50359
하트핸드	shop	126.54826	33.47570
하티민박	stay	126.24345	33.39851
하파크리스틴신제주점	shop	126.48712	33.48576
하파크리스틴올리브영제주	shop	126.53064	33.49801
하프문	shop	126.54153	33.47659
하프스페이스	bar	126.52941	33.49931
하하	bar	126.49166	33.48619
하하스테이	stay	126.49899	33.48257
하하하도	stay	126.88503	33.51953
하하호호	food	126.94858	33.52092
하효소머리국밥	food	126.54869	33.47410
하효통닭	food	126.43184	33.48630
학고재	bar	126.52454	33.50640
학골	food	126.52155	33.48887
학교	shop	126.52909	33.49539
학교법인신성학원매점	shop	126.56407	33.47699
학교앞가게	food	126.51671	33.50329
학교종이땡땡땡	food	126.56206	33.46036
학돌이네	food	126.47758	33.48703
학림	food	126.52448	33.49902
학사대중음식점	food	126.51790	33.51135
학재	food	126.66127	33.53996
학창시절	bar	126.48833	33.48874
학표장갑	shop	126.53065	33.50757
한	bar	126.53861	33.51390
한가로이	stay	126.62195	33.53267
한가한가	stay	126.84082	33.53038
한강수	food	126.52503	33.50693
한강식당	food	126.44504	33.49383
한개반찬	shop	126.74792	33.55464
한거리푸줏간	food	126.79438	33.55541
한결	shop	126.26002	33.41360
한결텔레콤	shop	126.49001	33.48017
한경가든	food	126.17360	33.30455
한경농업협동조합복지타운	shop	126.19062	33.34656
한경당구클럽	activity	126.18725	33.35283
한경판포그때그집	food	126.19609	33.36374
한고집	food	126.66484	33.54222
한교에스엘	shop	126.40874	33.42878
한국가구산업	shop	126.47245	33.49139
한국관태백한우	shop	126.49050	33.48657
한국교회이기풍선교기념관	stay	126.65980	33.45647
한국금거래소	shop	126.49057	33.48853
한국기념품	shop	126.48476	33.48747
한국기념품백화점	shop	126.48478	33.48739
한국도자기제주센타	shop	126.51965	33.50924
한국물류구내외도명품족발	shop	126.43128	33.48994
한국물류센타	shop	126.43128	33.48994
한국상사	shop	126.46840	33.47810
한국선간보	shop	126.46328	33.50148
한국스카우트제주	shop	126.51551	33.50182
한국식당	food	126.51764	33.50064
한국심간보	shop	126.52121	33.48958
한국인삼	shop	126.49292	33.49404
한국인삼백화점	shop	126.49292	33.49405
한국제트론	shop	126.52734	33.49260
한국젬스제주	shop	126.43111	33.48466
한국케어	shop	126.51997	33.49625
한국통신남문	shop	126.52285	33.50951
한국하멜기념사업회	shop	126.51554	33.50460
한국화랑한국갤러리	shop	126.47837	33.47538
한국후지제록스제주	shop	126.50897	33.49516
한그루	shop	126.51266	33.48882
한그루게스트하우스	stay	126.17149	33.33729
한길교회성심당	food	126.28398	33.37083
한길유통	shop	126.53908	33.49130
한길정보통신	shop	126.54084	33.50964
한끗	food	126.48461	33.48869
한끼국밥조천	food	126.66108	33.54358
한끼국수	food	126.46961	33.48312
한끼락	food	126.52894	33.49640
한끼맛있다제주	food	126.53021	33.49842
한끼정식뷔페	food	126.52746	33.51545
한끼한잔	food	126.52948	33.48653
한나네부엌	food	126.54268	33.48502
한나스토리	cafe	126.54054	33.49106
한나전기조명	shop	126.50856	33.51270
한남동그집	bar	126.48315	33.48411
한농원닭직매장	shop	126.52662	33.51183
한다온지점	stay	126.26026	33.39067
한단브로우	shop	126.53389	33.49791
한담가든	food	126.31226	33.46258
한담길민박	stay	126.31708	33.46448
한담낭뜰	stay	126.31390	33.46339
한담농수산	shop	126.31011	33.46333
한담대박농수산직거래장터	shop	126.31136	33.45930
한담몰	shop	126.31179	33.46235
한담뷰민박	stay	126.31236	33.45356
한담산책	shop	126.30807	33.44841
한담상회	shop	126.31179	33.46235
한담세희네농수산	shop	126.31147	33.45979
한담애	stay	126.31389	33.46189
한담팥빵	food	126.48591	33.48952
한담풍경하우스민박	stay	126.31136	33.45930
한담해변	beach	126.31011	33.46278
한담해안산책로	nature	126.31060	33.45920
한대오름	nature	126.42674	33.35725
한동	food	126.56636	33.52182
한동곶길	stay	126.82113	33.53565
한동리만두	stay	126.82238	33.53204
한동리브로콜리	stay	126.82428	33.53771
한동리브로콜리식당	food	126.82427	33.53781
한동밥상	food	126.81609	33.52966
한동별하	stay	126.82270	33.53439
한동슈퍼	shop	126.82404	33.53509
한동안제주	stay	126.83434	33.53773
한동애온	stay	126.82780	33.54013
한동에바다	stay	126.83615	33.53762
한동이스케이프	stay	126.83553	33.53630
한동향기	stay	126.83580	33.53755
한두기칼국수	food	126.51765	33.51508
한또바기	stay	126.64729	33.53770
한라	food	126.53181	33.50046
한라	shop	126.47837	33.49124
한라갈치제주	food	126.47771	33.48574
한라게스트하우스	stay	126.52621	33.49998
한라곤충유통사업단	shop	126.66371	33.47221
한라골프	shop	126.54592	33.49822
한라공조	shop	126.53854	33.48554
한라관광호텔	stay	126.49474	33.48956
한라관광호텔한식	food	126.49474	33.48956
한라구공탄	food	126.42899	33.49169
한라꽃돈	food	126.48418	33.46945
한라낚시	shop	126.46524	33.50352
한라농수산	shop	126.52682	33.51226
한라다겸	shop	126.44427	33.45851
한라닭강정	food	126.51659	33.51137
한라당몰국수	food	126.25488	33.33017
한라대끝자락	food	126.47342	33.47691
한라대점교촌치킨	food	126.48275	33.47607
한라돈까스	food	126.52181	33.51734
한라드블랑	food	126.54054	33.47257
한라랙스	shop	126.36424	33.41010
한라마을도서관	activity	126.57643	33.52220
한라마트	shop	126.26248	33.41401
한라명동	food	126.51621	33.49431
한라모텔	stay	126.26048	33.41383
한라목욕탕매점	shop	126.26494	33.41122
한라문구사	shop	126.48743	33.47803
한라미담우동	food	126.52550	33.51610
한라미디어	shop	126.49498	33.48952
한라미디어	shop	126.52431	33.51092
한라방방	activity	126.42821	33.49118
한라봉바다라면카페	bar	126.30915	33.46388
한라봉브로콜리	stay	126.49643	33.51994
한라봉크레페	food	126.52563	33.51327
한라사우나	shop	126.52489	33.51057
한라사이클	shop	126.49756	33.48375
한라산	bar	126.40561	33.48180
한라산	cafe	126.86290	33.52472
한라산과자점	food	126.43349	33.49405
한라산굿즈샵	shop	126.25614	33.40778
한라산그린포크	shop	126.51315	33.50178
한라산그린포크몰	shop	126.51315	33.50178
한라산당구장	activity	126.53732	33.50524
한라산도야지	food	126.85589	33.52668
한라산도야지남사골점	food	126.51369	33.50418
한라산리조트	stay	126.54471	33.44413
한라산모텔	stay	126.51782	33.50866
한라산민물장어	food	126.52796	33.49114
한라산뼈해장국	food	126.51385	33.49864
한라산생고기	food	126.52217	33.49884
한라산생약	shop	126.26751	33.42762
한라산식품	activity	126.61291	33.52779
한라산쑥찐빵	food	126.48114	33.47884
한라산쑥찐빵	food	126.54722	33.49569
한라산약국	shop	126.48522	33.49098
한라산영실돌오름농장	shop	126.49303	33.49068
한라산오디	activity	126.71282	33.45951
한라산조랑말	food	126.53688	33.50378
한라산컨트리클럽	activity	126.54483	33.44418
한라산포차	bar	126.52298	33.51682
한라산푸드	food	126.47402	33.48545
한라산푸드	food	126.52069	33.51111
한라산해장국	food	126.49596	33.48739
한라산흑염소	food	126.49596	33.48739
한라상사	shop	126.43352	33.48498
한라샘식당	food	126.47852	33.47652
한라생얼큰이	bar	126.54220	33.50244
한라생얼큰이삼화점	food	126.58408	33.52089
한라생얼큰이외도점	bar	126.43241	33.48689
한라생얼큰이한림점	food	126.26499	33.40963
한라생태숲	nature	126.59823	33.43194
한라서적타운대학점주	shop	126.47416	33.47678
한라소곱창	food	126.41580	33.48537
한라소프트	shop	126.26656	33.42300
한라수	food	126.43703	33.46078
한라수목원	nature	126.49324	33.46959
한라수산	shop	126.47489	33.49724
한라스크린골프	activity	126.47739	33.48966
한라스토어	shop	126.53163	33.51253
한라시스템	shop	126.54480	33.49975
한라식당	food	126.53181	33.50046
한라식당	food	126.74876	33.55428
한라식료품	shop	126.52792	33.50097
한라신협실내	activity	126.52925	33.50137
한라아동서적	shop	126.47491	33.48184
한라약국	shop	126.47608	33.48856
한라약초	shop	126.52923	33.47564
한라왕족	food	126.49150	33.47811
한라우유구좌보급소	shop	126.88356	33.52241
한라우유정존보급소	shop	126.47242	33.48519
한라우유한경보급소	shop	126.26105	33.31175
한라원얌얌카페	cafe	126.37343	33.39413
한라유통	shop	126.59146	33.51233
한라의료기	shop	126.53439	33.51375
한라전기조명	shop	126.52759	33.49443
한라정	food	126.50109	33.49920
한라정보네트워크	shop	126.48079	33.48818
한라종합상사	shop	126.54471	33.44413
한라중국식품	shop	126.48681	33.48884
한라축산	shop	126.48540	33.46588
한라축산도매센터	food	126.26291	33.40807
한라축산정육식당제주한림협재흑돼지	food	126.26291	33.40807
한라커피머신	shop	126.38905	33.45044
한라컴１１９	shop	126.26514	33.41644
한라통신	shop	126.52131	33.49616
한라특산	shop	126.50627	33.49057
한라펜션	stay	126.39654	33.48355
한라푸드	shop	126.18711	33.35202
한라프라자	shop	126.49154	33.48965
한라해오름종합상사	shop	126.26322	33.42242
한라향	food	126.52796	33.49119
한량	cafe	126.47507	33.48211
한량애	stay	126.34106	33.45106
한량애카페	food	126.39182	33.44272
한려원한정식	food	126.54674	33.49474
한림갈비찜	food	126.27036	33.41217
한림개발	shop	126.49400	33.48597
한림골드빌라스풀빌라	stay	126.32181	33.37148
한림공원	shop	126.23969	33.39022
한림공원	nature	126.24156	33.38867
한림국수집	food	126.26893	33.41230
한림낚시	shop	126.26094	33.41280
한림냉삼	food	126.26210	33.41511
한림농협하나로마트	shop	126.26389	33.40999
한림뉴욕휴게음식점	food	126.26425	33.41469
한림단고기	food	126.26640	33.40982
한림대덕	food	126.26116	33.41419
한림도새기	food	126.26780	33.41208
한림리조트	stay	126.24886	33.38999
한림마트	shop	126.26346	33.40846
한림매일맛집	food	126.26405	33.41612
한림매일먹거리	food	126.26405	33.41612
한림매일시장	shop	126.26494	33.41614
한림메리야스	shop	126.47489	33.49724
한림명동	stay	126.26416	33.41707
한림미담	food	126.26364	33.41532
한림민속오일시장	shop	126.27456	33.41981
한림별미양곱창한림점	food	126.26492	33.41352
한림별장	stay	126.26638	33.42655
한림별채	stay	126.26920	33.42800
한림복	bar	126.26484	33.41551
한림부부약국	shop	126.26549	33.40991
한림부영축산물판매장	shop	126.27450	33.41983
한림상두의료기	shop	126.26491	33.41301
한림석촌	food	126.26177	33.41574
한림선원상회	shop	126.26295	33.41770
한림소헌	stay	126.26544	33.41967
한림속하루	stay	126.25738	33.35150
한림수산업협동조합	shop	126.26014	33.41472
한림스크린골프	activity	126.26655	33.41146
한림식품	shop	126.27450	33.41983
한림애휴대폰성지	shop	126.26391	33.41434
한림약국	shop	126.26493	33.41549
한림엘티이통신	shop	126.26460	33.41306
한림오일장	shop	126.27450	33.41983
한림옹포왕코다리	food	126.25535	33.40593
한림우리떡방앗간	food	126.26512	33.41136
한림웅담제주협재	food	126.27217	33.41673
한림이야기	food	126.26448	33.41442
한림일품	food	126.26284	33.41568
한림전기조명	shop	126.26466	33.41168
한림점핑	activity	126.26532	33.41219
한림점핑클럽	activity	126.26532	33.41219
한림정육식당	food	126.26952	33.41431
한림족발	food	126.26787	33.41772
한림좀녀삼춘	food	126.25957	33.41322
한림주방그릇	shop	126.26373	33.41676
한림중고매장	shop	126.26155	33.41325
한림칠돈가	food	126.26155	33.40758
한림칼국수제주	food	126.26151	33.41557
한림칼국수제주	food	126.67170	33.53954
한림칼국수제주	food	126.46761	33.47895
한림칼국수제주동문	food	126.52582	33.51349
한림킹마트	shop	126.26577	33.42297
한림통큰장어	food	126.25484	33.40518
한림피그농원	food	126.27304	33.41736
한림한우직판장	shop	126.26519	33.41271
한림항	nature	126.26257	33.41909
한림항당구회관	activity	126.26284	33.41568
한림항정육식당	food	126.26345	33.41695
한림헬스타운	activity	126.26447	33.41206
한림협재점교촌치킨	food	126.26567	33.41061
한림호텔	stay	126.49173	33.48410
한림호프육구삼	bar	126.26477	33.41660
한림황금돼지한림	food	126.26434	33.41227
한마음떡집	food	126.47746	33.49075
한마음식품	shop	126.40982	33.48769
한마음의료기상사	shop	126.54625	33.49629
한마음정육식당	food	126.54173	33.48885
한마음정육식당삼화점	food	126.57845	33.51443
한마음한라봉	shop	126.31802	33.46650
한맥	shop	126.52721	33.50299
한맥레져개발	stay	126.40002	33.43483
한미숙커피공방	cafe	126.53521	33.51673
한미타올제주	shop	126.49368	33.48964
한바가지곱창	food	126.53022	33.49807
한반도개발	stay	126.49099	33.49344
한방호	activity	126.17726	33.30842
한밭식당	food	126.29563	33.96333
한백김치	shop	126.56849	33.51874
한백김치	shop	126.47347	33.48130
한백김치화북점	shop	126.56849	33.51874
한백장	stay	126.51433	33.50619
한번한봄	cafe	126.62313	33.51740
한복입은바리스타	cafe	126.52355	33.51358
한복자천연염색	activity	126.66405	33.54189
한비	stay	126.83450	33.52114
한빛	bar	126.52766	33.49179
한빛교육	shop	126.53301	33.50213
한빛국수	food	126.49052	33.48514
한빛노래연습장	activity	126.53400	33.49905
한빛씨앤에스	shop	126.51556	33.50941
한빛컴퍼니	shop	126.49001	33.48060
한빛휴게음식점	food	126.65265	33.54479
한뿌리	shop	126.55422	33.51565
한사라회포차	food	126.54658	33.50254
한사랑뷰티	shop	126.48139	33.48738
한사랑약국	shop	126.63604	33.53577
한사랑축산	shop	126.58628	33.52303
한산궁	bar	126.53179	33.50160
한살림제주소비자생활협동조합노형매장	shop	126.48311	33.48136
한살림제주소비자생활협동조합이도매장	shop	126.54105	33.49117
한살림제주소비자생활협동조합제주담을매장	shop	126.46388	33.48269
한살어리	stay	126.21533	33.32957
한삼인제주점	shop	126.51976	33.51353
한상	food	126.47750	33.47701
한상더대첩	food	126.26575	33.43345
한샘리하우스	shop	126.49817	33.48543
한샘리하우스연삼로	shop	126.54421	33.50129
한샘리하우스제주하와이	shop	126.48381	33.48791
한샘인테리어제주중앙	shop	126.51607	33.49972
한샘키친제주인제	shop	126.53732	33.50524
한샘해장국	food	126.51011	33.46881
한섬제주	shop	126.48172	33.48163
한성	bar	126.53973	33.50932
한성가구	shop	126.47777	33.49501
한성개발	stay	126.42865	33.49239
한성낚시	shop	126.26444	33.41921
한성농수산	shop	126.52785	33.51221
한성여인숙	stay	126.52310	33.49944
한성정육수산마켓	shop	126.52618	33.51270
한성철물전기	shop	126.52603	33.50881
한성호낚시배	activity	126.27097	33.43564
한소낭	food	126.52841	33.50307
한솔가구	shop	126.51530	33.51050
한솔노래연습장	activity	126.54449	33.50609
한솔마트	shop	126.53091	33.51139
한솔상사	shop	126.56700	33.51565
한솔캐슬	shop	126.53618	33.48940
한솥도시락	food	126.47506	33.48949
한솥도시락외도동점	food	126.43107	33.48513
한솥도시락제주	food	126.53615	33.49252
한솥도시락제주	food	126.54090	33.50553
한솥도시락제주대	food	126.56145	33.46034
한솥도시락제주연동	food	126.49000	33.48089
한솥도시락제주한라	food	126.48507	33.49123
한솥도시락제주한라대점	food	126.47821	33.47650
한솥도시락제주한림점	food	126.26444	33.41379
한솥도시락제주화북점	food	126.57404	33.51443
한솥제주	food	126.52989	33.49803
한솥제주종합경	food	126.51310	33.49983
한수	stay	126.52542	33.49940
한수리방파제	etc	126.25347	33.41720
한수어촌계톤대섬	food	126.26088	33.42322
한수장	stay	126.26384	33.41459
한수풀건강원	shop	126.26453	33.41229
한수풀노래연습장	activity	126.26814	33.41891
한수풀농산	shop	126.25581	33.40357
한수풀더돈	food	126.28404	33.42282
한수풀더면	food	126.28402	33.42304
한수풀마루	cafe	126.26363	33.41589
한수풀팜	shop	126.28402	33.42304
한스	shop	126.51698	33.50999
한스	cafe	126.47049	33.50839
한스라벨르	shop	126.47464	33.48941
한스푼마켓	shop	126.57799	33.51899
한식공방	food	126.52794	33.50331
한식당결	food	126.54543	33.47655
한식밥상외도점	food	126.43411	33.48911
한식밥상한끼한상도시락구제주점	food	126.51830	33.50174
한식의품격신제주점	food	126.49149	33.48623
한신스크린골프	activity	126.48461	33.48869
한신우동	food	126.53561	33.48933
한신종합상사	shop	126.52334	33.51380
한신팬션	stay	126.78323	33.47342
한신포차제주	bar	126.52870	33.49972
한신포차제주연동점	bar	126.49083	33.48657
한아름마트	shop	126.26524	33.41457
한아름마트주	shop	126.52928	33.48920
한아름민박	stay	126.29292	33.96170
한아름베이커리	food	126.52928	33.48920
한아름상사	activity	126.47330	33.48120
한아름정보	shop	126.54467	33.47015
한아름치킨앤분식	food	126.52928	33.48920
한앤솜하우스	cafe	126.47739	33.47568
한양	food	126.54605	33.49805
한양고깃집제주아라점	food	126.53537	33.48509
한양관양꼬치	food	126.53868	33.49774
한양민박	shop	126.69851	33.48528
한양부엌가구	shop	126.51974	33.50700
한양뼈감탕	food	126.40123	33.48003
한양식품	shop	126.26420	33.40928
한양춘향유수암점	food	126.40580	33.42432
한영상회	shop	126.52810	33.51256
한영장	stay	126.26367	33.41478
한옥미야옹	activity	126.26980	33.31701
한옥여인숙	stay	126.52649	33.49942
한올네트웍스	shop	126.42840	33.48582
한올래	bar	126.51983	33.51294
한올코스메틱	shop	126.49300	33.49560
한우리독서토론논술	shop	126.53103	33.50317
한우리약국	shop	126.54693	33.49684
한우리축산	shop	126.54210	33.50994
한우방자로스	food	126.48731	33.48269
한울모텔	stay	126.43041	33.44340
한울에프앤피	shop	126.49500	33.49577
한울타리	food	126.54930	33.47051
한원소담	stay	126.19776	33.33372
한원종합개발	food	126.53173	33.49298
한월	shop	126.58197	33.51321
한유	activity	126.52904	33.49925
한일내장탕연북로점	food	126.54334	33.48985
한일냉동	shop	126.50611	33.49212
한일농수산	shop	126.52756	33.51238
한일동문식당	food	126.52714	33.51259
한일떡방앗간	food	126.53052	33.51184
한일수산	shop	126.52756	33.51238
한일식당	food	126.32839	33.43291
한일온누리약국	shop	126.51713	33.50059
한일컴퓨터판매수리	shop	126.52795	33.51684
한입김밥	food	126.26560	33.40973
한입정거장	food	126.48706	33.48618
한자리한턱	food	126.26499	33.40963
한잔더비어	bar	126.26498	33.41466
한잔의추억	bar	126.51332	33.50381
한잔하세화	food	126.85992	33.52434
한잔해노래텔	bar	126.49022	33.48602
한잔해포차	food	126.53856	33.51298
한장금	food	126.50173	33.49804
한점	food	126.54976	33.47519
한정식담다	food	126.45353	33.45126
한정영탁구클럽	activity	126.54702	33.49373
한주각	shop	126.49173	33.48065
한주각	shop	126.49111	33.48857
한주개발	activity	126.52904	33.49925
한주동안	stay	126.82249	33.53514
한줌	shop	126.52463	33.51316
한중원	food	126.52302	33.50610
한지섭베이커리	food	126.66985	33.54111
한진상회	shop	126.52657	33.51242
한진오토바이	shop	126.53023	33.51253
한진의자	shop	126.46934	33.49371
한질	food	126.47706	33.48993
한질동네	food	126.36787	33.47190
한짓골갈비	food	126.53847	33.49156
한참	stay	126.37572	33.47062
한천떡집	food	126.52101	33.51359
한촌설렁탕삼화점	food	126.57550	33.52154
한촌설렁탕제주종합운동장점	food	126.51528	33.49434
한치비곱창	food	126.58141	33.51613
한컬렉션드림기프트샵	shop	126.48147	33.48526
한켠	food	126.49264	33.48817
한특제주	shop	126.49817	33.48543
한편	stay	126.89386	33.51138
한푼리회포차	food	126.52897	33.49780
한품회제주	shop	126.49097	33.48966
한풍상회	shop	126.54328	33.49884
한형수정원	cafe	126.25022	33.39696
한화호텔앤드리조트	stay	126.63735	33.44900
할라라운지	food	126.53012	33.49784
할라타플레이스협재	stay	126.24592	33.39928
할리스	cafe	126.53403	33.49382
할리스제주	cafe	126.47894	33.48300
할리스제주도두해안	cafe	126.47293	33.50903
할리스제주애월천덕로점	cafe	126.32467	33.43284
할리스제주연북로점	cafe	126.51533	33.48139
할리스제주황사평드라이브스루점	cafe	126.55606	33.49714
할리스커피협재해수욕장점	cafe	126.24025	33.39296
할망곰탕집	food	126.50332	33.51151
할망꽃쉼팡	stay	126.72324	33.55063
할망네돔베고기	food	126.43018	33.48945
할매고등어쌈밥반값할인	food	126.66204	33.54542
할매닭발제주	food	126.48802	33.48320
할매추어탕	food	126.53567	33.49173
할매한식뷔페	food	126.55827	33.51521
할머니의일기	shop	126.44673	33.48431
할머니집	food	126.65548	33.47527
할미꽃하우스민박	stay	126.25132	33.38353
할방이네	shop	126.50960	33.50827
함경면옥	food	126.52676	33.50325
함그레이	stay	126.66323	33.53847
함께돌봄협동조합	shop	126.52057	33.51272
함께의가치	shop	126.48872	33.49341
함께하는세상	shop	126.67492	33.53657
함덕	bar	126.66492	33.54151
함덕	activity	126.67597	33.53519
함덕감자탕	food	126.67242	33.54208
함덕고갈치	food	126.66416	33.54302
함덕고등어쌈밥	food	126.66950	33.54249
함덕골목	food	126.66174	33.54387
함덕골목오라점	food	126.51581	33.49424
함덕국수	food	126.66619	33.54184
함덕굿샷스크린	activity	126.67597	33.53519
함덕그릴	food	126.66578	33.53070
함덕글램핑	stay	126.67968	33.54130
함덕농업협동조합하나로마트	shop	126.67492	33.53657
함덕닭해장국	food	126.66351	33.52967
함덕대박복권판매점	activity	126.67023	33.53949
함덕돌낭집	stay	126.66625	33.53939
함덕돌담집휴	stay	126.66469	33.53983
함덕돌집	stay	126.67350	33.54325
함덕돌핀레저	activity	126.67031	33.54243
함덕돌핀레져	activity	126.66388	33.54265
함덕드림	bar	126.66804	33.54102
함덕뚝배기	food	126.67031	33.54243
함덕리스테이	stay	126.67597	33.53806
함덕리에	stay	126.66312	33.54126
함덕마당	food	126.67417	33.54400
함덕맛집막먹자씨연탄구이	food	126.67936	33.54039
함덕맛찜	food	126.67735	33.54007
함덕민속오일시장	shop	126.66796	33.54021
함덕바다정류장	shop	126.66919	33.54077
함덕바당	stay	126.67445	33.54212
함덕부녀회매점	shop	126.67003	33.54245
함덕비치호텔	stay	126.66686	33.54240
함덕사계절	food	126.66473	33.54130
함덕산티아고게스트하우스	stay	126.62235	33.53887
함덕삼다펜션	stay	126.66490	33.54278
함덕생활	stay	126.66394	33.53813
함덕서우비치하우스	stay	126.67434	33.54371
함덕수산	food	126.67276	33.54370
함덕쉼팡	food	126.67402	33.54402
함덕스마일꽈배기	food	126.66597	33.54204
함덕스시소시	food	126.65961	33.54378
함덕스쿠버다이빙인피니티씨스포츠	activity	126.65700	33.54727
함덕스크린골프	activity	126.67194	33.53967
함덕승옥민박	stay	126.66709	33.54081
함덕식탁	food	126.67223	33.54195
함덕신비우동	food	126.67000	33.54118
함덕언니	stay	126.67667	33.53823
함덕연옥	food	126.66921	33.54249
함덕엽집	stay	126.67410	33.54235
함덕예쁜집민박	stay	126.67778	33.51496
함덕오는날	stay	126.66180	33.54064
함덕올래	stay	126.66880	33.52876
함덕와인가게	shop	126.67023	33.53949
함덕용두네해장국	food	126.66848	33.54082
함덕우리집	stay	126.67609	33.53920
함덕위드자쿠지	stay	126.67315	33.54309
함덕은서네	stay	126.67955	33.54060
함덕이유집	shop	126.66704	33.54034
함덕일주동로점	shop	126.65719	33.53696
함덕잠수함	activity	126.65682	33.54780
함덕조아	stay	126.66384	33.54037
함덕조용한게스트하우스	stay	126.66505	33.53993
함덕족발스로운	food	126.66903	33.54081
함덕주막	food	126.67298	33.54165
함덕주짓수	activity	126.67170	33.53954
함덕중국집	food	126.67577	33.53411
함덕찜	food	126.67298	33.54165
함덕채	stay	126.65996	33.54435
함덕촌따이게스트하우스	stay	126.67536	33.53838
함덕촐래밥상	food	126.65804	33.53920
함덕친척집	stay	126.66594	33.54030
함덕칠돈가	food	126.66686	33.54146
함덕코코아로마	shop	126.66830	33.54089
함덕파란집	stay	126.67746	33.54058
함덕포차스지식당	food	126.67190	33.54199
함덕푸른밤	stay	126.66016	33.53739
함덕풀빌라펜션람보르기니	stay	126.67776	33.51490
함덕피자클래스	food	126.66752	33.54053
함덕피지에이	activity	126.67018	33.54110
함덕피지에이프렌즈스크린	food	126.67018	33.54110
함덕하나로약국	shop	126.67492	33.53657
함덕하늘정원게스트하우스	stay	126.66815	33.53833
함덕해물라면오빠집	food	126.67265	33.54286
함덕해장국	food	126.67876	33.54027
함덕화로	food	126.67554	33.53898
함덕화산송이펜션	stay	126.67489	33.54077
함덕회춘	food	126.66249	33.54316
함덕회포장다퍼주는횟집	food	126.67443	33.53808
함덕흑돼지연탄구이	food	126.66697	33.54172
함덕흑돼지우돈향	food	126.66950	33.54249
함덕힐	stay	126.66530	33.51674
함돌	food	126.66403	33.54176
함스치킨앤숯불바베큐	food	126.51393	33.51035
함지박반점	food	126.26230	33.41348
함지신신불닭발	food	126.49220	33.48700
함지신신불닭발	food	126.43144	33.49069
함흥면옥	food	126.52394	33.51336
합	food	126.62261	33.53898
합동슈퍼	shop	126.52896	33.51625
합전스테이	stay	126.86010	33.51453
핫독	food	126.52646	33.51028
핫스팟	shop	126.49211	33.48559
핫쿵푸마라탕연동점	food	126.49072	33.48393
핫플	bar	126.26365	33.41748
핫피엔도	food	126.51837	33.50430
항구식당	food	126.26186	33.41535
항구장여관	stay	126.26192	33.41511
항만선	bar	126.26284	33.41568
항아리숯불닭족발바베큐	bar	126.56582	33.51970
항아리숯불바비큐	food	126.51916	33.51178
항아리조림	food	126.85640	33.52617
항파두리휴게소	shop	126.40908	33.45258
핱트	shop	126.58184	33.52385
해가든베이커리	food	126.57226	33.46425
해가림	shop	126.49111	33.48857
해가빛민박	stay	126.23245	33.38924
해거름길	stay	126.19214	33.34138
해거름전망대	cafe	126.20809	33.37281
해광	stay	126.52181	33.51734
해궁	food	126.46295	33.47875
해그리드	food	126.52972	33.51131
해금	food	126.52748	33.51629
해금강	food	126.52852	33.51889
해길하우스	stay	126.46654	33.47032
해나	stay	126.41650	33.48583
해나게스트하우스민박	stay	126.41650	33.48583
해난디아장	cafe	126.80481	33.55646
해남아줌마	food	126.51976	33.51383
해넘이달렌탈하우스	stay	126.21493	33.37702
해녀	food	126.52097	33.51754
해녀	bar	126.52862	33.50207
해녀고기	food	126.49160	33.47712
해녀고깃간	food	126.22752	33.38798
해녀뜰	food	126.38887	33.48870
해녀마을쉼터	shop	126.74533	33.55771
해녀바당	food	126.48799	33.49045
해녀불턱	stay	126.29111	33.43631
해녀삼춘	shop	126.68196	33.48059
해녀삼춘	shop	126.83119	33.53997
해녀세자매	food	126.26064	33.41399
해녀세자매	food	126.26397	33.42586
해녀의부엌	activity	126.89912	33.49348
해녀의부엌북촌점	food	126.69343	33.54986
해녀의정원	food	126.39214	33.48668
해녀의집	food	126.36694	33.47841
해녀이호	activity	126.44798	33.49743
해녀잠수촌	food	126.49216	33.51926
해녀집	stay	126.79397	33.53158
해녀촌	food	126.70988	33.55366
해녀촌해산물	food	126.96944	33.50208
해녀태왁	activity	126.75457	33.54293
해녀할망국수	food	126.52133	33.51745
해녀횟집	food	126.52098	33.51754
해노을	stay	126.30212	33.41590
해다미	food	126.50761	33.51622
해달별작은캠핑	stay	126.40753	33.43047
해담	stay	126.27918	33.44061
해담	bar	126.52761	33.50148
해담꽃민박	stay	126.30122	33.44793
해담뜰민박	stay	126.29986	33.44651
해담섬오메기떡방	food	126.49154	33.51916
해담스테이	stay	126.58479	33.50769
해담유통	shop	126.52457	33.51124
해담은	food	126.53751	33.49667
해담은와산민박	stay	126.67109	33.49017
해담풀하우스	stay	126.45974	33.45049
해담하우스	stay	126.63691	33.53925
해덜상점	shop	126.77133	33.50243
해도횟집	food	126.54681	33.47532
해돋이플라워	shop	126.56117	33.52169
해돋이황토마을	stay	126.34862	33.44584
해동간이	food	126.51487	33.49971
해동민박	stay	126.68456	33.54414
해동별한곳	food	126.68467	33.54801
해동분식	food	126.58509	33.52089
해동이네	food	126.54024	33.51875
해두리치킨제주	food	126.48351	33.48044
해든에너지	shop	126.45036	33.48206
해뜨는곳	food	126.52835	33.48993
해뜨는아구찜뼈감탕	food	126.47935	33.47779
해뜨는집	food	126.52460	33.49847
해뜨는집민박	stay	126.47092	33.50862
해랑공방	shop	126.52832	33.50321
해량	bar	126.49170	33.48712
해룡낚시	shop	126.63168	33.53487
해루	food	126.58408	33.51975
해리앤소담	cafe	126.43109	33.46264
해림	food	126.51312	33.50121
해림농수산	shop	126.52814	33.50335
해마	stay	126.48955	33.48970
해마그룹건설	food	126.51311	33.50494
해마루	food	126.54458	33.50566
해마루	stay	126.51355	33.50031
해마촌	food	126.52779	33.49490
해맑은떡방	food	126.48804	33.47872
해맑음	activity	126.52474	33.50751
해맑음다방	cafe	126.52474	33.50751
해맞이리조트	stay	126.82529	33.55634
해맞이수산	shop	126.84948	33.53005
해맞이쉼터	food	126.83774	33.53721
해맞이해안로	nature	126.74273	33.55042
해맞이해장국	food	126.51834	33.49676
해명컴퍼니	shop	126.49907	33.49384
해모둠	food	126.54243	33.50210
해모로약국	shop	126.52516	33.49239
해모루	stay	126.40878	33.42464
해모루	shop	126.52738	33.49159
해묘서가	stay	126.26403	33.41881
해무	food	126.66855	33.52796
해문달술	food	126.16574	33.30815
해물나무제주한림점	food	126.26438	33.40978
해물마씸구좌세화점	food	126.85648	33.52646
해미르모텔	stay	126.29484	33.96109
해밀관광호스텔	stay	126.40410	33.44363
해바라기	bar	126.53819	33.51320
해바라기	bar	126.53126	33.50096
해바라기	food	126.52642	33.51429
해바라기분식	food	126.52913	33.50023
해바라기빈티지	shop	126.52198	33.49843
해바라기펜션	stay	126.62349	33.53655
해법영어수학논술제주지사	shop	126.50212	33.49438
해변	food	126.32364	33.46590
해변산책민박	stay	126.30804	33.45200
해변수선화식당	food	126.66218	33.54518
해변슈퍼，이호해변	stay	126.45225	33.49696
해변애	stay	126.63781	33.54397
해변여행횟집	food	126.39994	33.47991
해변의돼지	food	126.65683	33.54780
해변의집	stay	126.47075	33.50832
해변포차	bar	126.52876	33.51640
해변풍경횟집	food	126.48949	33.51876
해변퓨전	food	126.23983	33.39350
해변퓨전휴게소	shop	126.23983	33.39350
해별	stay	126.45648	33.45248
해별빌리지	stay	126.94861	33.49410
해븐해븐	bar	126.49234	33.48755
해빈촌	food	126.48706	33.48404
해빙펀	cafe	126.48552	33.48272
해빛	shop	126.62223	33.53533
해산물포차	bar	126.52914	33.49859
해상	food	126.54339	33.50089
해성낚시점	shop	126.57868	33.52095
해성농수산	shop	126.52668	33.51266
해성농장	activity	126.69064	33.51361
해성도뚜리	food	126.37498	33.48179
해성민박	stay	126.29408	33.96247
해성수산	shop	126.29327	33.96368
해성피싱호	activity	126.56199	33.52313
해성해장국	food	126.52870	33.50209
해성횟집	food	126.53718	33.50359
해소랑	food	126.66270	33.54301
해송민박，해송수산	stay	126.29492	33.96075
해솥제주공항	food	126.46343	33.50295
해수식당	food	126.53935	33.51201
해수육장	food	126.53314	33.50011
해신수산	shop	126.52603	33.51290
해신짬뽕	food	126.95757	33.51331
해아름	food	126.53703	33.50349
해안	cafe	126.16687	33.32226
해안골프클럽	activity	126.45618	33.46084
해안골프클럽카페	cafe	126.45618	33.46084
해안도	stay	126.37796	33.47117
해안돗괴기집	food	126.47223	33.50893
해안로	food	126.66387	33.54320
해안로보말칼국수저지점	food	126.26705	33.31999
해안모루	stay	126.46063	33.45061
해안풍경	activity	126.46989	33.50656
해약국	shop	126.52461	33.50022
해양마트	shop	126.26242	33.41523
해양선구	shop	126.52906	33.51675
해양호수산회	food	126.43187	33.49016
해양호식당	food	126.46061	33.49499
해어랑	food	126.67051	33.54283
해연산	stay	126.34745	33.46042
해오르기민박	stay	126.95774	33.51595
해오름	food	126.47596	33.49492
해오름	stay	126.95873	33.51203
해오름별장민박	stay	126.36319	33.47330
해오름식당	food	126.47597	33.49493
해오름약국	shop	126.53876	33.50640
해오반	food	126.33941	33.46395
해오반	food	126.66765	33.54250
해온제과	cafe	126.63322	33.53607
해와달	shop	126.54340	33.49946
해와달	bar	126.53167	33.50098
해와달	activity	126.50545	33.51309
해와달그리고섬	food	126.96547	33.51077
해와달삼계탕	food	126.54101	33.50713
해와달휴게소	food	126.33207	33.46778
해와별	bar	126.49427	33.48961
해왕성반점	food	126.42938	33.48652
해왕성반점본점	food	126.42982	33.48771
해원	food	126.51192	33.51560
해원앙	food	126.53911	33.49854
해월정	food	126.90963	33.49225
해월정제주	food	126.50245	33.51708
해인협재점	food	126.24109	33.39390
해일월	stay	126.74586	33.55823
해임킹스크린골프하귀	activity	126.41536	33.48617
해장길	food	126.49553	33.48855
해장살롱	food	126.67666	33.54242
해장연포	food	126.54748	33.49845
해장이랑국수	food	126.52027	33.50209
해저	food	126.27645	33.44036
해적	food	126.95672	33.51487
해적신	food	126.51373	33.49888
해적통신	shop	126.47805	33.48743
해제	food	126.66108	33.54358
해조곱창	food	126.47721	33.48955
해주샆	shop	126.26155	33.41474
해주수산	shop	126.27818	33.43495
해주에이디	cafe	126.48448	33.51293
해지개	food	126.30899	33.46432
해진마트	shop	126.33228	33.95571
해진수산	shop	126.51101	33.51110
해진횟집	food	126.52849	33.51836
해질녘한잔	bar	126.53281	33.49519
해짓골	stay	126.52514	33.51601
해짓골국수	food	126.52681	33.51606
해찬미락	food	126.24943	33.40020
해찬식당	food	126.56632	33.52437
해청수산	food	126.43140	33.48712
해초	bar	126.53191	33.50069
해커당구클럽	activity	126.54245	33.50342
해태김박물관	shop	126.49907	33.49384
해태노래연습장	activity	126.40018	33.47977
해품달	stay	126.69870	33.50129
해품돈연동	food	126.49020	33.48531
해피	shop	126.49111	33.48857
해피노래주점	bar	126.52488	33.51501
해피누들	food	126.66600	33.54066
해피니스	stay	126.63625	33.49770
해피니스	stay	126.47695	33.44031
해피니스그라운드팜	shop	126.47716	33.43972
해피데이	bar	126.54119	33.50320
해피데이	shop	126.47489	33.49724
해피데이	stay	126.48947	33.48619
해피데이	bar	126.48954	33.48954
해피데이노래연습장	activity	126.54161	33.50529
해피데이민박	stay	126.24680	33.39934
해피드사료신광	shop	126.53286	33.51222
해피랜드이마트신제주점	shop	126.48043	33.48497
해피런	activity	126.35590	33.42755
해피런승마장	activity	126.35492	33.42789
해피맘하우스	shop	126.30421	33.44897
해피모텔	stay	126.49475	33.48620
해피밸리	stay	126.31481	33.46519
해피벌스데이미미	food	126.52754	33.49162
해피소울라운지	food	126.48694	33.48375
해피송노래연습장	activity	126.48036	33.49131
해피앤럭키	activity	126.51965	33.50385
해피양순이	food	126.52687	33.49691
해피오아시스	shop	126.50530	33.51549
해피온스테이	stay	126.52498	33.47692
해피타운점핑클럽	shop	126.50704	33.51319
해피파마씨	stay	126.61559	33.53663
해피파이어스	food	126.53946	33.50777
해피팬션	stay	126.43372	33.49411
해피하우스	bar	126.50723	33.50999
해피하우스민박	stay	126.77910	33.51301
해피해피데이	food	126.48746	33.48400
해피－존복권방	activity	126.49406	33.48377
해호텔	stay	126.49522	33.51961
해호텔해식당	stay	126.49522	33.51961
해화탕	cafe	126.29161	33.44332
핵밥신제주연동점	food	126.49055	33.48776
핵밥제주	food	126.52989	33.49803
핵밥제주	food	126.47721	33.48955
핸드	shop	126.52809	33.49503
핸썸제주	shop	126.67132	33.54227
핸썸키친	food	126.67132	33.54227
핸즈샾	shop	126.52951	33.49807
핸즈웍스	shop	126.29691	33.43763
핸즈웍스테이블	food	126.29691	33.43763
핸즈인제주	stay	126.81232	33.49551
핸즈커피	cafe	126.53876	33.51190
핸즈투핸즈	shop	126.52378	33.51054
햅브	cafe	126.54805	33.47233
햇님온누리약국	shop	126.54532	33.47368
햇빛둥지	shop	126.62965	33.49606
햇빛약국	shop	126.48180	33.47940
햇살가득돌담집	food	126.65820	33.54155
햇살머믄꼬마김밥	food	126.43241	33.48689
햇살상점	shop	126.66158	33.54066
햇살약국	shop	126.47780	33.48444
햇살집민박	stay	126.40300	33.45063
행남자기제주총판	shop	126.53873	33.51519
행복가득수산	shop	126.52443	33.51071
행복김밥	food	126.43046	33.48603
행복나눔약국	shop	126.47419	33.49023
행복나무펜션	stay	126.36550	33.44916
행복돈까스	food	126.54575	33.47501
행복동	stay	126.44881	33.47802
행복드림마켓	shop	126.52470	33.50687
행복마트，세연빌딩	shop	126.53949	33.50884
행복맛집	food	126.56570	33.52160
행복미가	food	126.54011	33.48986
행복밀	cafe	126.52208	33.50005
행복분식	food	126.54692	33.50069
행복식당	food	126.48036	33.48827
행복싸기탑동지점	shop	126.51814	33.51881
행복여인숙	stay	126.53163	33.51089
행복오뚜기	food	126.17971	33.30258
행복의꿈	stay	126.67635	33.42735
행복이가득한꽃집	shop	126.53951	33.50700
행복이네	bar	126.24070	33.39419
행복이있는곳	shop	126.49111	33.48857
행복텔레콤	shop	126.47983	33.49178
행복포차	food	126.52952	33.49834
행복하우스	stay	126.52445	33.49946
행복한금거래소	shop	126.58023	33.51751
행복한김치찌개	food	126.26480	33.41238
행복한동욱이네집	stay	126.67575	33.49395
행복한떡방	food	126.48889	33.48123
행복한면	food	126.51320	33.50312
행복한목장	activity	126.37542	33.39024
행복한밥상	food	126.39320	33.42917
행복한상점동문	shop	126.52781	33.51255
행복한정식	food	126.55024	33.51211
행복한족발	food	126.53053	33.49711
행복한집	bar	126.47958	33.48909
행복한커텐이불	shop	126.54578	33.47554
행복회세꼬시	food	126.49258	33.48672
행아웃제원점	shop	126.49029	33.48801
행운	shop	126.47758	33.48703
행운민박	stay	126.78782	33.52781
행운복권방	activity	126.26441	33.41370
행운복권방	activity	126.43214	33.48766
행운손맛	food	126.63690	33.53593
행운수산	shop	126.59030	33.52468
행운스테이	stay	126.82749	33.54052
행운의집	shop	126.51288	33.51172
행운정갈비	food	126.54509	33.49971
행운편의점	shop	126.43214	33.48766
행원관	stay	126.80684	33.55628
행원동길	stay	126.80959	33.55478
행원리모처	stay	126.80782	33.55493
행원맨션	stay	126.78553	33.52558
행임	shop	126.52505	33.51504
행텐주니어	shop	126.47532	33.48986
행텐주니어제주	shop	126.52463	33.51316
향기다방	cafe	126.52749	33.50270
향기숲힐링교육센터	shop	126.54661	33.49798
향기있는다락방	activity	126.67113	33.54239
향나무민박	stay	126.25587	33.40568
향나무집	food	126.53735	33.49436
향다방	cafe	126.85618	33.52316
향래식당	food	126.53670	33.50035
향록정	bar	126.51578	33.50919
향림	stay	126.52576	33.51217
향림	bar	126.53144	33.50135
향사당	heritage	126.52163	33.51205
향원	bar	126.53225	33.51017
향토마을	food	126.29653	33.35904
향토음식도두항식당	food	126.46608	33.50552
향토음식점서우	food	126.66709	33.54140
허가네김치찜	food	126.52842	33.50114
허그데이	food	126.51345	33.50386
허그매트	shop	126.53598	33.48548
허그제주민박	stay	126.36230	33.46212
허니네스토어	shop	126.48774	33.47162
허니돈	bar	126.49166	33.48619
허니베리	food	126.41942	33.45527
허니비어	bar	126.47830	33.48582
허니외도	bar	126.43179	33.48798
허니제주여행사한라마을쇼핑	shop	126.50187	33.51570
허니한림	food	126.26479	33.41418
허디거디	food	126.54424	33.49110
허디거디	food	126.49663	33.48238
허머싱크케어제주지사	shop	126.51456	33.50198
허벅식당	food	126.85436	33.52556
허브	shop	126.49220	33.48700
허브	bar	126.53195	33.50257
허브모텔	stay	126.49109	33.48820
허브아로마	shop	126.49220	33.48700
허브에스테틱	shop	126.52747	33.51417
허브인휴양펜션	stay	126.29024	33.43564
허브펜션	stay	126.77934	33.51279
허상점희도	shop	126.26538	33.41626
허시파피	shop	126.48043	33.48497
허심청	bar	126.52381	33.49953
허윤강리향	food	126.48174	33.48424
허커피로스터스	cafe	126.47401	33.48345
허클베리핀	food	126.47408	33.47946
헌집제주혼술바	food	126.52413	33.51043
헌집제주혼술바	food	126.48444	33.48685
헌책방동림당	shop	126.52094	33.51097
헌치게스트하우스	stay	126.77093	33.45497
헌치카페	cafe	126.77093	33.45497
험멜제주총판점	shop	126.53200	33.49712
헝그리닭발포차	bar	126.47797	33.48784
헝그리닭발포차시청	food	126.52984	33.49670
헝그리닭발포차외도점	bar	126.43139	33.48756
헤네시	bar	126.48003	33.48802
헤논스테이제주	stay	126.17573	33.32430
헤드홈탐라	stay	126.39033	33.48521
헤라	bar	126.53126	33.50096
헤라	stay	126.44630	33.45903
헤라다	shop	126.36450	33.41015
헤라스토어	shop	126.44632	33.45907
헤르지아	shop	126.52463	33.51316
헤미지	shop	126.58028	33.51628
헤베다이어트짐	activity	126.54606	33.47266
헤브어해피데이	shop	126.33406	33.44375
헤븐	bar	126.49105	33.48675
헤븐노래타운	bar	126.49038	33.48323
헤세드	shop	126.40442	33.42009
헤스티아인제주	stay	126.90002	33.48595
헤이데이	stay	126.22603	33.38952
헤이베베	shop	126.54045	33.49724
헤이복권	activity	126.48885	33.48869
헤이애월	stay	126.40356	33.43497
헤이유	shop	126.53586	33.48982
헤이제주	shop	126.24098	33.39454
헤이제주	shop	126.48236	33.44163
헤이주드	food	126.51210	33.50342
헤이푸드	food	126.48885	33.48869
헤이피피	cafe	126.19982	33.36493
헤일로	stay	126.24348	33.30768
헨느샵	shop	126.47145	33.48333
헨젤과그레텔	stay	126.26930	33.31511
헬레네감사헌느	cafe	126.67665	33.49485
헬렌앤마리	cafe	126.52379	33.51224
헬로	shop	126.49087	33.48752
헬로그린	activity	126.70557	33.51189
헬로남생이	cafe	126.61404	33.53361
헬로망고	shop	126.86260	33.52349
헬로반디	stay	126.25408	33.30706
헬로반디공방	activity	126.25408	33.30706
헬로빅	shop	126.53284	33.48915
헬로우도	cafe	126.94414	33.50002
헬로우프렌드	bar	126.48913	33.47870
헬로제이	shop	126.49100	33.48728
헬로제주	shop	126.66687	33.54239
헬로폰정보통신	shop	126.52440	33.51109
헬로프라이즈샵제주	activity	126.52992	33.49911
헬로효주	cafe	126.52041	33.51278
헬린이집	activity	126.85875	33.52156
헬스엔젤스필라테스	activity	126.47596	33.48866
헬스트론	shop	126.51595	33.50024
헬시플레저	food	126.52902	33.49011
헬플랙스	activity	126.57267	33.51542
헹텐제주	shop	126.52463	33.51316
혀니케이크	food	126.58891	33.51630
혀니키즈팬션민박	stay	126.34324	33.46547
혁이네숯불닭갈비	food	126.52764	33.49430
혁이네식당	food	126.43039	33.44898
현가네	food	126.51066	33.50947
현가요주점	bar	126.53981	33.50919
현겸	food	126.52964	33.49946
현경식당	food	126.52794	33.50331
현굿샷스넥	food	126.48456	33.48581
현대가구	shop	126.46362	33.47285
현대관광호텔	stay	126.49636	33.49137
현대당구클럽	activity	126.52457	33.51124
현대민속갤러리	shop	126.49068	33.48968
현대스포츠	shop	126.50466	33.50230
현대약국	shop	126.52457	33.51124
현대열쇠	shop	126.49613	33.48550
현대제과	food	126.52608	33.51196
현대조명	shop	126.52207	33.50942
현대종합상사	shop	126.51660	33.49945
현대포목	shop	126.52831	33.51280
현대홈패션	shop	126.54124	33.49465
현대화장품	shop	126.63717	33.53600
현마트	shop	126.41641	33.48659
현마트	shop	126.51269	33.50222
현막창	food	126.49124	33.48676
현명수돌솥밥	food	126.48055	33.48848
현미	food	126.43568	33.49260
현미수산	shop	126.52703	33.51221
현민박	stay	126.67346	33.42132
현민씀	shop	126.89897	33.49329
현민이엔씨	shop	126.48008	33.48804
현서수산	shop	126.53060	33.49390
현선이네	food	126.52313	33.51049
현수산	shop	126.54970	33.47415
현숙	bar	126.52789	33.50121
현숯불갈비	food	126.52571	33.51609
현스낵상점	cafe	126.48074	33.48828
현스크린골프	activity	126.54127	33.50595
현시스템	shop	126.53962	33.49764
현아식당	food	126.56359	33.51459
현옥	stay	126.52223	33.50002
현옥식당	food	126.51472	33.49859
현우농수산	shop	126.50309	33.51067
현우식당	food	126.68548	33.54524
현의문장	stay	126.19028	33.30247
현의문장	shop	126.17937	33.30380
현의천	shop	126.52782	33.51514
현이네	stay	126.26956	33.39584
현이네곱창	food	126.26453	33.41588
현이네식당	food	126.52542	33.51204
현인갤러리	shop	126.48408	33.48844
현자네	food	126.50807	33.50456
현장교육연수원	shop	126.52008	33.50105
현재민탁구클럽	activity	126.54245	33.50342
현재약국	shop	126.26283	33.41369
현정	food	126.58203	33.52202
현정침구돗자리직매장	shop	126.50650	33.51359
현주네치킨	food	126.47679	33.48766
현주상회	shop	126.52541	33.51221
현준	shop	126.43493	33.49407
현지	activity	126.51227	33.50404
현지수산	shop	126.52863	33.51680
현진농산물	shop	126.47884	33.49842
현카페	bar	126.66903	33.54081
현텔레콤	shop	126.52481	33.50660
현풍	food	126.52572	33.51238
현후농수산	shop	126.52802	33.51265
현후상회	shop	126.52824	33.51209
협동조합꿈꾸는문화놀이터뜻제주지부	cafe	126.79392	33.55596
협동조합산지천사람들	shop	126.52867	33.51313
협성농약사	shop	126.26814	33.41891
협신상회	shop	126.52824	33.51209
협재갈치운치	food	126.24201	33.39503
협재게스트하우스단밤	stay	126.24333	33.39669
협재게스트하우스서쪽밤	stay	126.24140	33.39258
협재고기부엌	food	126.24216	33.39561
협재구멍가게제주협재점	food	126.24145	33.39463
협재기영상회	shop	126.24092	33.39443
협재나쵸	food	126.24028	33.39359
협재노랑대문	cafe	126.24634	33.39910
협재노을	stay	126.25562	33.37821
협재더꽃돈	food	126.24255	33.39533
협재덕	stay	126.24524	33.39461
협재돌담집	stay	126.25542	33.37916
협재동굴	nature	126.23814	33.38826
협재둥지	stay	126.25087	33.37573
협재뜨랑	stay	126.24252	33.39598
협재로운	stay	126.24350	33.39794
협재리체	stay	126.25047	33.39756
협재마당	stay	126.24443	33.39645
협재만당	stay	126.24376	33.39842
협재만덕휴게소	shop	126.23767	33.39156
협재맨드롱	stay	126.24398	33.39257
협재모닝하우스민박	stay	126.24109	33.39390
협재모올	stay	126.24292	33.39270
협재민박	stay	126.24192	33.39367
협재바다보라	stay	126.25261	33.40578
협재바다의선물	stay	126.25444	33.37802
협재바닷가그리고숲속	stay	126.26181	33.38557
협재바당칼국수	food	126.24201	33.39503
협재별장너와	stay	126.24185	33.39456
협재별지기집	stay	126.25265	33.37811
협재별채	stay	126.25709	33.39434
협재볼륨	bar	126.24528	33.39750
협재블리스	stay	126.25271	33.38695
협재삼길구	stay	126.24452	33.39843
협재서쪽	stay	126.24110	33.39247
협재선셋스위밍	stay	126.24247	33.39630
협재섬바다	food	126.23533	33.38322
협재솥	food	126.24165	33.39485
협재술시	bar	126.24110	33.39247
협재술집노래타운	bar	126.24216	33.39561
협재숲	stay	126.24660	33.39910
협재스테이	stay	126.24079	33.39354
협재신국수	food	126.24881	33.39523
협재쌀롱드	shop	126.24414	33.39737
협재에테르	stay	126.24499	33.38835
협재역	food	126.24165	33.39485
협재예송이네	stay	126.24563	33.39908
협재온다정	food	126.24348	33.39693
협재온뚝배기	food	126.24041	33.39277
협재올레	stay	126.24407	33.39818
협재옹포리게스트하우스	stay	126.25373	33.40483
협재우동포케김씨술생활	food	126.24285	33.39590
협재원	stay	126.25917	33.39066
협재의바람	stay	126.24398	33.39257
협재이길	cafe	126.24124	33.39256
협재장인의집	food	126.25100	33.40198
협재점방	food	126.23946	33.39216
협재정한그릇	food	126.24644	33.39858
협재정희밥상	food	126.24984	33.38531
협재차경별뉘	stay	126.26028	33.38526
협재치킨	food	126.24054	33.39417
협재칼국수	food	126.24447	33.39682
협재탐라분식	food	126.24028	33.39359
협재통나무집	stay	126.28308	33.40956
협재펜션화양연화	stay	126.25098	33.38422
협재포구	nature	126.24260	33.39890
협재하르방스테이	stay	126.25111	33.37529
협재하울스테이	stay	126.24145	33.39405
협재해녀다방	cafe	126.24424	33.39839
협재해녀의집	food	126.24391	33.39887
협재해물라면오빠네	food	126.25102	33.40201
협재해수욕장	beach	126.23943	33.39375
협재해오름펜션	stay	126.25343	33.39810
협재해월	stay	126.24132	33.39281
협재현스테이	stay	126.24524	33.39919
협재혼술다찌방	bar	126.24028	33.39359
협재홀라인	stay	126.22889	33.38649
협재홈게스트하우스	food	126.24479	33.39715
협재화덕도나토스	food	126.24033	33.39256
협재흑돼지협재혼담	food	126.24366	33.39627
협진	shop	126.26223	33.41599
형님네	food	126.52364	33.51211
형돈	food	126.53293	33.48935
형민유통	shop	126.22768	33.29223
형석	stay	126.49169	33.48853
형석헤브론힐리조트	stay	126.42242	33.42743
형수셀프정식	food	126.53816	33.51292
형승	shop	126.49024	33.48734
형제갈비신제주점	food	126.49118	33.48627
형제그릇	shop	126.40749	33.47200
형제낙지	food	126.26585	33.40801
형제돼지갈비	food	126.53350	33.50898
형제돼지갈비	food	126.53775	33.49684
형제들감자탕	food	126.66388	33.54265
형제들감자탕	food	126.53258	33.49457
형제들감자탕외도점	food	126.43069	33.48990
형제들감자탕제주인제	food	126.53951	33.50831
형제술상	food	126.48555	33.48042
형제종합식당	food	126.70532	33.51185
형제카츠	food	126.54973	33.47600
형지종합상사	shop	126.52010	33.50208
혜그린베이커리하우스	food	126.51997	33.51339
혜랑찌	shop	126.65166	33.43048
혜명한약국	shop	126.51316	33.49922
혜민장	shop	126.74614	33.55626
혜복	food	126.47899	33.48834
혜선이네	food	126.53848	33.51119
혜성	bar	126.53462	33.51376
혜성민박	stay	126.29393	33.96222
혜성식당	food	126.77646	33.47071
혜수의밥상	food	126.52021	33.50547
혜숙이네반상	food	126.52326	33.50628
혜심	bar	126.52769	33.51602
혜안	cafe	126.45332	33.45040
혜윰	cafe	126.54351	33.46933
혜윰내추럴	shop	126.47138	33.48188
혜인스토어	shop	126.54147	33.47702
혜자	food	126.47907	33.48722
혜찬하우스	stay	126.67652	33.53884
혜화수정	shop	126.49457	33.48612
혜화혜원	shop	126.49111	33.48857
호	bar	126.48241	33.48413
호·땅올레	shop	126.52778	33.51276
호감	food	126.54463	33.49231
호감호두	food	126.47594	33.49060
호근동	food	126.52849	33.49863
호꼴락쪼꼴락	food	126.48174	33.48858
호꼼	shop	126.52483	33.51369
호꼼한우영	shop	126.26083	33.32415
호끄만거	shop	126.66892	33.54059
호끄만거	shop	126.52824	33.51209
호끌락	shop	126.31089	33.46249
호끌락다락	food	126.66403	33.54176
호끌락점빵	food	126.51192	33.51560
호끔	food	126.52962	33.49812
호남	food	126.56126	33.51510
호남수산제주점	food	126.53137	33.51152
호남식당	food	126.26229	33.41538
호노보노	shop	126.49152	33.48603
호다	cafe	126.66331	33.54284
호돌이	stay	126.23037	33.40642
호돌이식당	food	126.23037	33.40642
호두네칼국수	food	126.40323	33.48062
호두파이가맛있는집	food	126.53926	33.50760
호두하우스	stay	126.38091	33.42778
호떡골목	heritage	126.52832	33.51280
호떡당아라점	food	126.54208	33.48501
호떡오뎅붕어	food	126.56584	33.52135
호라관	food	126.53444	33.51338
호랑이	bar	126.66404	33.54227
호랑이네	food	126.79525	33.55537
호랑이네야채청과	shop	126.49072	33.47991
호랑이다락	bar	126.25659	33.40563
호랑이주택	stay	126.27114	33.41512
호량이민박	stay	126.69562	33.55078
호로락	food	126.96749	33.49773
호맥	bar	126.49234	33.48755
호맥	bar	126.54368	33.50133
호맥	bar	126.52860	33.49932
호맥아라점	bar	126.54455	33.47356
호맥외도점	food	126.43140	33.48712
호메애월풀빌라	stay	126.32657	33.45073
호메제주민박	stay	126.41595	33.48968
호미	cafe	126.61870	33.53331
호미하우스	stay	126.24329	33.39513
호밀호두제주	food	126.49000	33.47942
호박	bar	126.26402	33.41709
호박꽃	bar	126.53179	33.50160
호박노래연습장	activity	126.19381	33.29802
호박이넝쿨채로	bar	126.47926	33.49128
호박이네	bar	126.48736	33.48373
호박포차	bar	126.53165	33.51234
호반식당	food	126.52308	33.51093
호반장족발	food	126.49029	33.48680
호봉토스트	food	126.52900	33.50116
호봉토스트	food	126.47783	33.48769
호봉토스트	food	126.52563	33.51327
호분스테이	stay	126.25706	33.35101
호사	stay	126.17402	33.32445
호삼이네	shop	126.26528	33.41381
호선	shop	126.27454	33.42243
호선고등어회	food	126.47361	33.48141
호성농수특산	shop	126.52516	33.51236
호성식당	food	126.51324	33.50437
호수반점	food	126.52824	33.51209
호스티치	shop	126.53025	33.51308
호식이두마리치킨건입점	food	126.53741	33.51413
호식이두마리치킨구좌세화점	food	126.85395	33.52342
호식이두마리치킨도남점	food	126.52605	33.49535
호식이두마리치킨애월	food	126.32026	33.46543
호식이두마리치킨연동	food	126.49169	33.48028
호야이자카야	food	126.48788	33.49194
호야치킨앤닭강정	food	126.58209	33.51703
호연스테이	stay	126.82975	33.54243
호연재	food	126.31664	33.38282
호영팜스테이	stay	126.28623	33.43595
호우코우	food	126.58202	33.52509
호우코우	food	126.52657	33.51423
호의민박	stay	126.30073	33.43962
호이	food	126.25506	33.33031
호임당	shop	126.43333	33.49444
호자	food	126.85758	33.52151
호재	stay	126.74612	33.55785
호접몽	food	126.48302	33.48325
호주도	stay	126.80969	33.55474
호진명도암식당	food	126.61050	33.47249
호커센터	food	126.32030	33.46695
호탕	food	126.31896	33.46416
호택하우징	stay	126.38421	33.46973
호텔더단잠	stay	126.49107	33.48753
호텔더도두	stay	126.46499	33.50613
호텔더블류	stay	126.52724	33.51631
호텔더블유신제주점	stay	126.49130	33.48656
호텔더원	stay	126.49125	33.48275
호텔라온제주	stay	126.24378	33.37798
호텔레오	stay	126.48824	33.48973
호텔롯데롯데시티호텔제주주	stay	126.48651	33.49067
호텔마노앤디또	stay	126.35459	33.47504
호텔모닝캄	stay	126.48117	33.48439
호텔베니스	stay	126.48335	33.48566
호텔브릿지애월	stay	126.35459	33.47504
호텔샌드	cafe	126.24047	33.39389
호텔샬롬	stay	126.53259	33.50198
호텔샹그릴라	stay	126.45477	33.46432
호텔스위트캐슬	stay	126.65690	33.54421
호텔스테이현	stay	126.52433	33.51230
호텔시리우스한반도개발	food	126.49099	33.49344
호텔아시아제주	stay	126.48587	33.48627
호텔안도	stay	126.20005	33.33582
호텔알리앙스	shop	126.30146	33.44854
호텔알리앙스화이트하우스지점	stay	126.48451	33.51240
호텔에어시티	stay	126.49260	33.48962
호텔위드제주	stay	126.48377	33.48575
호텔제이엠	stay	126.48875	33.49037
호텔지	stay	126.51795	33.50901
호텔캠퍼트리	food	126.45078	33.45055
호텔통연동	stay	126.49268	33.48539
호텔핀코	stay	126.90606	33.48889
호텔하루	stay	126.48953	33.49111
호텔한림항	stay	126.26327	33.41406
호텔홀라인평대	stay	126.83954	33.53346
호텔히든힐	stay	126.34665	33.47040
호호게스트	stay	126.18774	33.29984
호호네미니호텔	stay	126.52359	33.51666
호호분식	food	126.53988	33.49217
호호퀼트	shop	126.67453	33.53526
혹시	food	126.48180	33.48681
혼길마트	shop	126.48731	33.50188
혼디레술토랑	food	126.42702	33.48745
혼디민박	stay	126.36463	33.47429
혼디호프	bar	126.54219	33.50287
혼바띠국수	food	126.52308	33.51679
혼밥대왕신제주점	food	126.48731	33.48553
혼섬갈비용담점	food	126.51120	33.50996
혼술바모닥	food	126.66409	33.54264
혼저	food	126.22485	33.38577
혼참치	food	126.53625	33.49582
홀덤라운지	bar	126.54197	33.50321
홀덤라운지	bar	126.49259	33.48754
홀드인함덕	stay	126.67353	33.54371
홀라인협재점	shop	126.22889	33.38649
홀리데이로맨스	shop	126.52277	33.49953
홀리데이호	activity	126.32154	33.46487
홀리데이홀릭	food	126.67337	33.54079
홀리라이크	shop	126.47668	33.48884
홀리브	cafe	126.64411	33.53756
홀리싯커피서플라이	cafe	126.54130	33.49480
홀섬민박	stay	126.40442	33.42009
홀수	cafe	126.28501	33.37391
홀스스토리	activity	126.34439	33.42622
홀스홀릭포니클럽	activity	126.31659	33.36539
홀인원스크린골프구내	food	126.48726	33.47597
홀인원포차	food	126.51907	33.51200
홀츠	food	126.39642	33.42430
홈런	food	126.52806	33.50301
홈런당구장	activity	126.47828	33.49095
홈런볼	bar	126.48948	33.48631
홈리홈	stay	126.67476	33.54067
홈멀티비투비	shop	126.39943	33.42383
홈세민박	stay	126.30680	33.44174
홈스윗홈	cafe	126.48140	33.47951
홈스토리민박	stay	126.35871	33.47498
홈즈	food	126.40216	33.42368
홈즈메이드	shop	126.40216	33.42368
홈치펜션	stay	126.22418	33.33224
홈케어택	shop	126.54197	33.50453
홉히	cafe	126.48927	33.51855
홋카이도	food	126.48456	33.48581
홍가네제주한우	food	126.48001	33.48799
홍고추부엌	food	126.59239	33.49140
홍나라	shop	126.48609	33.48616
홍대개미	food	126.47916	33.48394
홍대개미제주	food	126.53108	33.49827
홍대더브릿지	cafe	126.52890	33.50012
홍도개발	stay	126.53197	33.50077
홍돈가	food	126.47999	33.47814
홍돈이네	food	126.54982	33.49412
홍림	food	126.51908	33.50035
홍림관	food	126.40474	33.48086
홍메이드	shop	126.66565	33.49065
홍보석	food	126.49734	33.48518
홍삼기력충전소	shop	126.49008	33.48287
홍삼명가	food	126.48683	33.48930
홍성원	food	126.85487	33.52393
홍소반	food	126.54252	33.50068
홍수영	food	126.25631	33.33161
홍스	food	126.39125	33.48692
홍스랜드	activity	126.34728	33.40289
홍스컴	shop	126.53733	33.49864
홍스크린	shop	126.48894	33.47369
홍스테이션	stay	126.66505	33.51798
홍시야	bar	126.49176	33.48602
홍양민박	stay	126.37558	33.48200
홍어대가	food	126.52388	33.50447
홍어일번지	food	126.50201	33.49032
홍열이네	bar	126.52919	33.49884
홍열이네	bar	126.54181	33.50551
홍열이네연동	food	126.48431	33.48433
홍요깃거리애월점	food	126.50023	33.48735
홍익돈까스신제주점	food	126.48515	33.46634
홍익돈까스제주점	food	126.54433	33.47848
홍익스테이크제주점	food	126.47812	33.48928
홍일식품제주총판	shop	126.53861	33.50840
홍자매식당	food	126.85614	33.52256
홍자튀김	food	126.53086	33.50106
홍제네식당	food	126.46520	33.50418
홍조	shop	126.54053	33.49014
홍조	shop	126.52463	33.51316
홍초불닭	bar	126.49054	33.48705
홍치비	food	126.52366	33.51557
홍콩다방	cafe	126.48982	33.48778
홍콩미각	food	126.53841	33.50274
홍키호테	food	126.54971	33.47144
홍해도	food	126.48814	33.48719
홍해물탕	food	126.54448	33.50141
홍홍분식	food	126.47872	33.48863
화가의뜰안곱수당	stay	126.65382	33.49739
화경앤금전대운	bar	126.80945	33.55644
화경전기	shop	126.41719	33.48613
화끈한얼큰이	bar	126.40250	33.48020
화남정	food	126.45214	33.46273
화노래연습장	activity	126.49281	33.48793
화니의꽃방	shop	126.47938	33.49269
화닭발	bar	126.26418	33.41309
화답	bar	126.28073	33.44217
화덕앤그릴	food	126.49002	33.47966
화돗	food	126.41198	33.48409
화동수산	shop	126.52619	33.51226
화락바베큐치킨신제주점	food	126.47755	33.49030
화락바베큐치킨제주	food	126.53500	33.49113
화락바베큐치킨제주외도점	food	126.43165	33.48632
화락화로	food	126.54367	33.50486
화란	food	126.48864	33.51822
화랑	stay	126.46545	33.46042
화랑스시	food	126.40504	33.43459
화랑여관	stay	126.52044	33.51378
화로숯불구이제주본가	food	126.43165	33.48766
화로양꼬치	food	126.48656	33.48880
화로위함덕흑돼지보리짚불구이	food	126.67000	33.54118
화로향	food	126.52674	33.51569
화룡각	food	126.52995	33.51554
화룡양꼬치	food	126.49245	33.48699
화리	food	126.58367	33.52516
화목맨션타코아일랜드	stay	126.42502	33.45413
화목스테이	stay	126.43155	33.46071
화북	bar	126.56713	33.51904
화북공단휴게소	shop	126.56369	33.51401
화북대표술집	cafe	126.56583	33.51981
화북떡집	food	126.57438	33.51476
화북비와이시	shop	126.57308	33.51962
화북삼화스크린골프	activity	126.57253	33.51319
화북상회	shop	126.52824	33.51209
화북신안	food	126.56804	33.52095
화북약국	shop	126.56685	33.51902
화북언니네포차	food	126.56558	33.51992
화북옛통치킨	food	126.56583	33.51981
화북점핑다이어트	shop	126.57304	33.51981
화북조림	food	126.57312	33.51940
화북주공마트	shop	126.57666	33.51970
화북코끼리만두	food	126.56661	33.52153
화북포구	nature	126.56455	33.52551
화북황금수산	food	126.56460	33.52418
화사노래주점	bar	126.52062	33.50006
화사랑	bar	126.52814	33.49959
화사랑	shop	126.52563	33.51327
화산등갈비	food	126.48702	33.48977
화산양꼬치	food	126.54976	33.47463
화산양꼬치	food	126.52985	33.49864
화산양꼬치	bar	126.47419	33.49023
화선식당	food	126.26907	33.41214
화성노래연습장	activity	126.66771	33.54114
화성상회	shop	126.52824	33.51209
화성식당	food	126.58603	33.52138
화수목	cafe	126.83056	33.54084
화수목보리짚불구이연동점	food	126.49020	33.48559
화수목스튜디오	cafe	126.85727	33.52436
화순식당화순식육점	food	126.43604	33.46067
화신공조	shop	126.56644	33.47162
화신복권방	activity	126.52780	33.50288
화신불교사	shop	126.52360	33.50462
화신슈퍼	shop	126.52497	33.50698
화신온누리약국	shop	126.54037	33.50787
화실커피	shop	126.65318	33.54375
화씨벽지점아마스빌리조트	stay	126.35708	33.47240
화연이네	stay	126.33624	33.46689
화연플라워샵	shop	126.71095	33.50980
화우상점	shop	126.26097	33.32403
화우재	stay	126.27447	33.32085
화의기억	cafe	126.32850	33.43954
화이네분식	food	126.51677	33.50302
화이트	food	126.49054	33.48723
화이트돌핀	stay	126.89020	33.52682
화이트리에제주	food	126.48048	33.48236
화이트민박	stay	126.24590	33.39893
화이트상사	stay	126.48451	33.51240
화이트엔젤	bar	126.49050	33.48969
화이트하우스	stay	126.48451	33.51240
화인국제	shop	126.48966	33.48425
화인푸드	food	126.49129	33.48820
화장품스타일	shop	126.51872	33.51606
화제집중	bar	126.48003	33.48802
화조원	activity	126.37202	33.41134
화채한박스	food	126.53986	33.50783
화춘	food	126.21371	33.37452
화평객잔	food	126.48687	33.48957
화평식당	food	126.58624	33.52178
화하반점	food	126.48814	33.48732
화후	cafe	126.51392	33.46511
확끌리네	bar	126.53017	33.49151
환불상회	shop	126.47489	33.49724
환상노래방	activity	126.52756	33.50257
환상숲곶자왈공원	nature	126.26292	33.32240
환영스테이	stay	126.76577	33.50392
환영키친	food	126.78186	33.47149
환영키친앤게스트하우스	food	126.78174	33.47140
환웅	stay	126.46989	33.50656
환타	bar	126.49264	33.48560
환타지아복권방	activity	126.59741	33.48835
환희	bar	126.26404	33.41692
환희민박	stay	126.68847	33.49126
환희복권방	activity	126.50931	33.50692
활어왕	food	126.27867	33.44249
활어천국	food	126.52191	33.49696
활주로	food	126.48225	33.48388
황가	food	126.56752	33.52170
황가네숯불갈비	food	126.29649	33.96394
황가네제주뚝배기	food	126.47146	33.49543
황고집	food	126.54647	33.49337
황구촌	food	126.49522	33.49095
황궁갈비	food	126.53471	33.49035
황궁단란주점	bar	126.52147	33.49957
황궁쟁반탐라원	food	126.48304	33.48536
황궁쟁반행복반점	food	126.43321	33.49048
황금	stay	126.52949	33.51485
황금	bar	126.48963	33.48154
황금가마솥밥	food	126.30699	33.44816
황금공방	shop	126.51790	33.51135
황금노래연습장	activity	126.32112	33.46402
황금노래주점	bar	126.51843	33.50877
황금다방	cafe	126.52437	33.50805
황금닭갈비장칼국수	food	126.54418	33.47376
황금닭갈비장칼국수삼화점	food	126.57885	33.51711
황금당	shop	126.52431	33.51399
황금당구장	activity	126.53716	33.49646
황금돈가	food	126.49027	33.47992
황금돼지등갈비	food	126.48251	33.48836
황금돼지숯불갈비삼화	food	126.57549	33.51476
황금들녘	food	126.26363	33.41589
황금룸노래텔	bar	126.85415	33.52480
황금마차	food	126.51325	33.50409
황금마트	shop	126.47217	33.48546
황금만물구제	shop	126.52481	33.50660
황금무지개뜨는곳	food	126.52393	33.51472
황금바다	food	126.48940	33.51808
황금바당	food	126.40100	33.48002
황금복권	activity	126.51473	33.50025
황금상회	shop	126.52562	33.51196
황금섬숯불갈비	food	126.29574	33.96299
황금성반점	food	126.56502	33.51948
황금손가락	food	126.48589	33.45129
황금손가락용담점	food	126.48880	33.51850
황금손해장국	food	126.48008	33.48804
황금숯불닭갈비	food	126.54328	33.50198
황금숯불닭갈비	food	126.47787	33.49059
황금식자재마트	shop	126.67076	33.53982
황금십원빵	food	126.49049	33.48799
황금십원빵	food	126.68810	33.52218
황금알가맥	bar	126.46356	33.50323
황금알연못	stay	126.44390	33.44982
황금어가	food	126.52458	33.48886
황금어장	food	126.49534	33.48438
황금자리	bar	126.79837	33.55462
황금장어하귀점	food	126.41301	33.48578
황금종속옷판매	shop	126.50672	33.51317
황금치킨	food	126.49149	33.48623
황금토종닭	food	126.46838	33.47754
황금편의점포차	food	126.48940	33.51808
황금포크정육식당	food	126.53671	33.49503
황김밥우동	food	126.40250	33.48020
황동차이나	food	126.38233	33.44449
황바니	food	126.52860	33.49862
황바니	food	126.52895	33.49911
황보당	shop	126.52571	33.51427
황부자	food	126.26002	33.41360
황새	food	126.50723	33.50999
황성옛터	food	126.26604	33.41004
황소곱창	food	126.49511	33.49045
황소식당	food	126.52794	33.50331
황실민박	stay	126.33520	33.45939
황재돈	food	126.43171	33.48713
황제국수	food	126.49535	33.48713
황제궁	food	126.64192	33.53496
황제꽈배기	food	126.47958	33.47653
황제밥상	food	126.43546	33.46031
황제삼계탕	food	126.39212	33.44749
황제정식	food	126.53991	33.50285
황제중화요리	food	126.43579	33.46100
황제중화요리곽지점	food	126.30708	33.45121
황제코다리	food	126.51918	33.51134
황제토종닭	food	126.66099	33.54180
황칠이야기	food	126.25257	33.40314
황칠해장국	food	126.56227	33.46041
황태와꼬막	food	126.48923	33.47729
황토건강원	shop	126.47173	33.48220
황토나무민박	stay	126.80787	33.49541
황토식당	food	126.47489	33.49724
황토우렁이	food	126.48502	33.48482
황포돛대	food	126.54076	33.49882
황하	bar	126.48679	33.48618
황학루	food	126.48317	33.48587
황해도아바이순대	food	126.51074	33.50880
황해식당제주공항갈치	food	126.46718	33.49382
황후	shop	126.49131	33.48113
황후아로마	shop	126.49103	33.48705
회가서쪽에서뜨겠네	food	126.31157	33.45999
회나루	food	126.25119	33.40306
회달리다	food	126.54975	33.47669
회뜨는집	food	126.37732	33.47279
회미리마트	food	126.48010	33.47677
회사	food	126.54133	33.50297
회사가는날	food	126.48804	33.49207
회식	food	126.49996	33.48746
회심	food	126.56446	33.47841
회양과국수군	food	126.94195	33.50390
회우다	food	126.53236	33.49967
회장님댁제주	bar	126.52945	33.49817
회천사랑	stay	126.61394	33.50425
회초밥	food	126.52894	33.49640
횡간민박	stay	126.29345	33.96192
횡단보도	food	126.52162	33.50910
횡단보도앞	bar	126.52662	33.50006
효	shop	126.52635	33.51451
효	food	126.52992	33.49645
효경공방	shop	126.48105	33.48997
효당복권판매점	activity	126.47424	33.48260
효도건강원	shop	126.53096	33.50340
효도뷔페	food	126.83888	33.52888
효도하는사람들	shop	126.86251	33.52267
효도하는사람들휴게음식점	food	126.86251	33.52267
효돈에반하다소품샵	shop	126.52901	33.51286
효동각	food	126.53356	33.49961
효리네민박	stay	126.39743	33.44782
효매소초	food	126.48670	33.48669
효선이네	food	126.52824	33.51209
효섬마을초가집	food	126.61165	33.46547
효섬수산	shop	126.61165	33.46547
효성농산	shop	126.52940	33.51101
효성상회	shop	126.52810	33.51256
효성수영매장	shop	126.46998	33.50627
효성엠에스	shop	126.49008	33.48287
효성전기	shop	126.53639	33.51068
효성전자서비스	shop	126.50443	33.46511
효성포크	shop	126.61906	33.53258
효순상회	shop	126.52824	33.51209
효언골프스튜디오	activity	126.48280	33.48627
효율샵	stay	126.40595	33.43097
효은닭갈비	food	126.43140	33.48712
효은슈퍼	shop	126.32828	33.43800
효자동솥뚜껑제주한림협재점	food	126.26677	33.40828
효자민박	stay	126.31097	33.46439
효자통신	shop	126.49598	33.48505
효즈메이크업	shop	126.47475	33.48199
효진	cafe	126.53034	33.51317
효창수산	shop	126.52909	33.51683
효커피	shop	126.53192	33.50797
효퇴국수	food	126.51960	33.50154
효퇴국수국밥	food	126.51961	33.50157
후난면가	food	126.48333	33.48541
후년하우스	food	126.58756	33.52037
후니미니	stay	126.23041	33.32461
후니소리색소폰	activity	126.47695	33.48986
후니패밀리	shop	126.52755	33.50064
후니팩토리	shop	126.41468	33.48541
후드림	shop	126.53794	33.48640
후라	food	126.52347	33.49620
후라이드의품격제주점	food	126.53757	33.49709
후라이봉	food	126.41457	33.48641
후래자삼배	food	126.85523	33.52686
후레쉬돈까스	food	126.51391	33.49842
후르츨리	shop	126.22639	33.38772
후르츨리	food	126.24028	33.39359
후르츨리협재점	shop	126.23998	33.39281
후아유	shop	126.49018	33.48755
후우	food	126.19481	33.29772
후원	food	126.25280	33.40421
후윤식당	food	126.51810	33.50869
후지산	food	126.52147	33.49957
후카후카	food	126.40357	33.44434
후포고여사민박	stay	126.29028	33.96258
후풍도올레	food	126.29801	33.96264
훈골프아카데미	activity	126.54897	33.49423
훈남	food	126.66785	33.54210
훈남농수산마트	shop	126.66785	33.54210
훈남횟집	food	126.66787	33.54213
훈담스테이	stay	126.17021	33.32405
훈데르트바서파크	heritage	126.95494	33.49304
훈데르트바서파크앤리조트	food	126.95100	33.49303
훈데르트윈즈	cafe	126.95526	33.49211
훈민정음문구사	shop	126.58433	33.51580
훈식당	food	126.51251	33.50429
훈앤수빈	shop	126.50906	33.51055
훈이네	food	126.71046	33.46497
훈이네민박	stay	126.32065	33.94117
훈이네찌개	food	126.52836	33.49980
훈이손칼국수	food	126.52800	33.50320
훈이유통	food	126.67106	33.48769
훈이종합유통	shop	126.44487	33.47030
훈중고기구자재마트	shop	126.57253	33.51319
훌러덩	bar	126.48798	33.49021
훔쳐온뒷고기	food	126.52702	33.49702
훔쳐온뒷고기화북점	food	126.56716	33.52161
휘	food	126.85908	33.52412
휘낭찬란	cafe	126.53702	33.50962
휘당	cafe	126.49740	33.50435
휘로	food	126.49129	33.48030
휘림	stay	126.37956	33.47589
휘소	stay	126.42725	33.48868
휘슈	food	126.46193	33.46784
휘연재	stay	126.34770	33.45100
휘카	cafe	126.51192	33.51560
휠라키즈제주점	shop	126.52635	33.51451
휠스	cafe	126.50501	33.50246
휴	stay	126.42027	33.43501
휴	shop	126.49111	33.48857
휴	food	126.36843	33.42223
휴	activity	126.51066	33.50947
휴	stay	126.86326	33.52050
휴	stay	126.42027	33.43501
휴게소신제주점	cafe	126.48264	33.48368
휴계농장	food	126.53790	33.49956
휴계농장외도점	food	126.43365	33.48998
휴다원	shop	126.30715	33.42936
휴대폰	shop	126.53215	33.51343
휴대폰면세점	shop	126.52630	33.50043
휴대폰성지대박통신제주점	shop	126.58029	33.51677
휴대폰성지옆커폰삼도일동점	shop	126.52211	33.49954
휴대폰성지옆커폰신제주점	shop	126.48924	33.48024
휴대폰성지옆커폰연북로점	shop	126.53604	33.48453
휴대폰성지옆커폰제주	shop	126.47524	33.48340
휴대폰성지옆커폰제주	shop	126.54078	33.50808
휴대폰성지제주삼화지구점	shop	126.58099	33.51645
휴대폰세상	shop	126.52107	33.51282
휴대폰점빵	shop	126.53074	33.49107
휴대폰할인창고	shop	126.49300	33.47906
휴림	activity	126.42879	33.44378
휴림가민박	stay	126.90002	33.48595
휴먼스테이	stay	126.24939	33.37401
휴먼스테이블루	stay	126.24978	33.37406
휴메이크	activity	126.48403	33.48231
휴메이크	activity	126.53501	33.49607
휴메이크제주삼화점	activity	126.58029	33.51677
휴메이크휘트니스	activity	126.53501	33.49607
휴모텔	stay	126.52414	33.50064
휴민박	stay	126.24277	33.39253
휴민속주점	bar	126.47958	33.48909
휴빌레	stay	126.83490	33.53920
휴안민박	stay	126.36526	33.44629
휴양펜션화이트드림	stay	126.35481	33.47259
휴양펜션＂돌과바람＂	stay	126.45388	33.45762
휴예그리나	cafe	126.95469	33.52398
휴왓	stay	126.24790	33.38496
휴퐁낭스테이	stay	126.73527	33.43708
흐름	food	126.52693	33.49745
흐름	stay	126.69917	33.51549
흐름제주혼술바	food	126.48552	33.48272
흐림	cafe	126.70141	33.51092
흐림뒤맑음	stay	126.31825	33.43984
흑갈후	food	126.52675	33.51207
흑도리	food	126.36372	33.47018
흑도정	food	126.40789	33.48457
흑돈가	food	126.47349	33.48006
흑돈사	food	126.66531	33.54173
흑돈시범이네	food	126.46688	33.48472
흑돈옥	food	126.26314	33.41033
흑돼지가노는집	food	126.40866	33.48371
흑돼지가있는풍경	food	126.48021	33.47497
흑돼지거리	heritage	126.52686	33.51542
흑돼지거리탑돈	food	126.52703	33.51594
흑돼지앤꼼장어	food	126.86132	33.52437
흑미면옥	food	126.49708	33.48551
흑백사진속하루	stay	126.26472	33.33878
흑본오겹	food	126.65871	33.54363
흑산도홍어식당	food	126.52806	33.50301
흑산도홍어특산품	shop	126.52806	33.50301
흑생	food	126.41488	33.48251
흑섬	food	126.58937	33.53037
흑소랑제주점	food	126.54505	33.49095
흔들고	bar	126.48994	33.49014
흘	cafe	126.71099	33.45810
흘러제주	food	126.53780	33.49366
흘아카이브	nature	126.71099	33.45810
흙돼지팡	food	126.32549	33.41839
흙붉은오름	nature	126.56090	33.38560
흙소담	food	126.90150	33.48584
흙작업실	shop	126.48764	33.46607
흙표흙침대제주점	shop	126.48099	33.49339
흙피리오카리나	shop	126.54158	33.49736
흠염요리	food	126.48687	33.48717
흥부네정식	food	126.48919	33.48155
흥부네제비집	food	126.55946	33.44900
흥수아구찜	food	126.42730	33.49107
흥아상사	shop	126.53648	33.49979
흥진	stay	126.52766	33.50406
희	bar	126.53539	33.51388
희	bar	126.48910	33.48611
희가	stay	126.48435	33.48351
희도민박	stay	126.85169	33.52524
희망나래꿈터	shop	126.54262	33.48216
희망로또복권방	activity	126.39992	33.47952
희망수산	shop	126.52863	33.51680
희망써니트농장	cafe	126.54756	33.49481
희망약국	shop	126.48941	33.48155
희망을키우는농부귤이네	activity	126.68889	33.50590
희망이레	food	126.48992	33.48970
희소식	shop	126.53027	33.48422
희야국수	food	126.48973	33.50124
희양양노형	food	126.47811	33.48342
희양양연동점	food	126.49145	33.49060
희연	bar	126.52870	33.50209
희영분식	food	126.53735	33.49476
희영상회	shop	126.60835	33.49932
희옥정육점	shop	126.85480	33.52385
희원네샤오롱바오	food	126.48814	33.48732
희제풀빌라	stay	126.17493	33.33530
희한한삼촌	food	126.50915	33.51262
희희설기	food	126.54408	33.49246
희희스토어	food	126.49813	33.48682
흰고래숨비	stay	126.16450	33.32629
흰당나귀	cafe	126.70760	33.55386
흰백	shop	126.25608	33.40594
흰수염고래리조트	stay	126.38001	33.47489
흴소	food	126.23127	33.38803
히든싱어노래연습장	activity	126.49477	33.49097
히든아일랜드	food	126.52617	33.51437
히든자왈	stay	126.90814	33.49585
히든테이스트	food	126.67366	33.42692
히딩크	bar	126.26372	33.41402
히로인	shop	126.52704	33.50312
히말제주	shop	126.52551	33.51339
히메	bar	126.52754	33.50165
히바치제주	food	126.50608	33.50665
히비키아일랜드	food	126.47810	33.48250
히아담	food	126.48644	33.47611
히야신스	bar	126.49734	33.49195
히어라이크제주	shop	126.47575	33.48945
히어로피씨카페	activity	126.54127	33.50595
히어앤데이	stay	126.36956	33.45792
히얼호	activity	126.43464	33.49423
히읗커피	cafe	126.57894	33.51650
히제주	food	126.51674	33.50857
히치하이커스라운지	bar	126.52879	33.49907
히트	bar	126.54096	33.50525
히트당구장	activity	126.54086	33.50563
히트여관	stay	126.52808	33.51515
히트제주피싱클럽	shop	126.30845	33.45047
히포	bar	126.49720	33.49175
히포벨	bar	126.67252	33.54239
히포크라테니스	activity	126.50773	33.49331
히포파운드	cafe	126.46048	33.48558
히피해피히피	food	126.30209	33.44838
힌즈	cafe	126.43529	33.49461
힐	stay	126.27013	33.39645
힐	bar	126.53329	33.49556
힐담힐링을담다	shop	126.66963	33.48673
힐록	food	126.47662	33.48001
힐리언스	stay	126.25954	33.30612
힐리오스	shop	126.50159	33.49096
힐링낚시	shop	126.50260	33.51313
힐링도담	shop	126.52595	33.51435
힐링마당	bar	126.52957	33.48968
힐링복권점	activity	126.53329	33.49556
힐링뷰하우스	stay	126.34447	33.45721
힐링스테이	stay	126.82815	33.52679
힐링스파족욕	shop	126.52147	33.49957
힐링아로마	shop	126.66966	33.54056
힐링약국	shop	126.52621	33.49998
힐링엔휴먼	shop	126.27124	33.33660
힐링찻집	cafe	126.70920	33.46302
힐링타임	bar	126.26483	33.41633
힐링타임민박	stay	126.46989	33.50695
힐링포차	food	126.52214	33.49925
힐링하우스	stay	126.52383	33.50026
힐링휴	stay	126.78399	33.47664
힐스테이트제주비	stay	126.48944	33.48551
힐스템	shop	126.47344	33.48192
힐스템연동점	shop	126.49388	33.48959
힐스템외도점	shop	126.42903	33.48444
힐스템제주	shop	126.58133	33.52101
힐스템제주	shop	126.53718	33.50359
힐스템한라수목원점	shop	126.48865	33.46959
힐스템화북점	shop	126.56033	33.50930
힐식당	food	126.39339	33.43792
힐앤힐제주	shop	126.48184	33.48244
힐타워	stay	126.27009	33.39629
힐파크회천점	shop	126.63774	33.47416
힘스포츠제주	activity	126.53771	33.49008
힘찬텔레콤	shop	126.53401	33.50319
힙노타이즈	food	126.53389	33.49791
힙앤롤	food	126.85944	33.51606
０공１일안경원	shop	126.26486	33.41450
２０년전통부대찌개	food	126.52077	33.51060
２４시뼈다귀탕	food	126.53103	33.50188
２４시뼈다귀탕신제주점	food	126.49177	33.49009
가는곶 세화	cafe	126.86070	33.52053
갈치바다 애월	food	126.31099	33.46042
감수굴 밭담길	heritage	126.84327	33.53103
갤럭시 제주점	shop	126.50914	33.48151
게스 제주점	shop	126.52491	33.51479
게스언더웨어 제주중앙지하상가점	shop	126.52553	33.51157
고서방 짬뽕	food	126.54816	33.47597
골체오름 벚꽃축제	event	126.70368	33.45030
골프존카운티 오라	activity	126.51319	33.44822
공방 하루반	shop	126.79727	33.55444
교래 삼다수마을	activity	126.67465	33.43158
구엄리 돌염전	nature	126.37741	33.48258
구호 신제주점	shop	126.49032	33.48872
귤귤스토어 도두점	shop	126.47149	33.50880
귤귤스토어 애월점	shop	126.30992	33.46328
귤의정원 바령	activity	126.70605	33.50539
귤품은흑돼지 제주공항점	food	126.46391	33.50639
귤향기 감귤체험농장	activity	126.48577	33.46491
그린마일커피 애월점	cafe	126.32201	33.46410
그린조이 제주중앙지하상가점	shop	126.52444	33.51284
글라스스토리 제주연동	shop	126.49292	33.48562
글로스터호텔 제주	stay	126.49265	33.49011
금강제화 제주지점	shop	126.52551	33.51330
금능해수욕장 야영장	stay	126.23592	33.39125
금돈가 제주본점	food	126.39113	33.48430
금악 똣똣라면	food	126.29664	33.35868
김녕 청굴물	nature	126.75120	33.55830
김택화 미술관	heritage	126.65318	33.54376
깜돈 흑돼지	food	126.49528	33.49045
꼬뜨도르 호텔	stay	126.71686	33.55216
나이키 칠성로점	shop	126.52556	33.51426
나이키골프 제주점	shop	126.49603	33.48508
내셔널지오그래픽 신제주점	shop	126.49029	33.48815
내셔널지오그래픽 제주점	shop	126.52488	33.51501
내셔널지오그래픽키즈 제주점	shop	126.52535	33.51396
내손에쏙물회 제주	food	126.84032	33.53661
네이처컬렉션 제주롯데시티점	shop	126.48595	33.49012
네이처컬렉션 제주연동점	shop	126.49083	33.48820
노르디스크 제주점	shop	126.52450	33.51475
노스페이스 신제주점	shop	126.49248	33.48602
노스페이스 제주점	shop	126.52551	33.51339
뉴발란스 신제주점	shop	126.49040	33.48922
뉴발란스 제주점	shop	126.52562	33.51449
뉴발란스키즈 제주칠성	shop	126.52521	33.51419
뉴에라 신제주점	shop	126.48974	33.48621
뉴월드마트 신제주점	shop	126.49338	33.48535
뉴월드안경 제주이도	shop	126.52913	33.50106
다비치안경 신제주점	shop	126.48469	33.48624
다이나핏 제주점	shop	126.52570	33.51502
다이소 제주노형점	shop	126.48025	33.48345
다이소 제주동문시장점	shop	126.52651	33.51286
다이소 제주시청점	shop	126.52947	33.50063
다이소 제주애월점	shop	126.32047	33.46086
다이소 제주연동본점	shop	126.48679	33.49351
다이소 제주연동점	shop	126.49687	33.48793
다이소 제주함덕점	shop	126.66766	33.53684
다인리조트 카라반	stay	126.35126	33.47148
다인오세아노 호텔	stay	126.35047	33.47250
담백 월정리본점	food	126.80133	33.55646
더 아일랜더	shop	126.52136	33.51240
더아이잗 제주칠성	shop	126.52518	33.51468
더한섬하우스 제주점	shop	126.50894	33.48172
데상트 신제주점	shop	126.48968	33.48678
데상트 제주칠성	shop	126.52522	33.51362
데상트골프 신제주점	shop	126.49020	33.48571
도두반점 제주사수점	food	126.47919	33.50960
도리 관광농원	cafe	126.67268	33.43398
도치돌 알파카목장	activity	126.36677	33.40975
돈카츠 서황	food	126.37960	33.43439
디스이즈네버댓 제주점	shop	126.52620	33.51498
디스커버리 신제주점	shop	126.48985	33.48874
디스커버리 제주점	shop	126.52569	33.51524
디즈니골프 제주중앙지하상가점	shop	126.52444	33.51284
떠오르길·김녕 바닷길	beach	126.74888	33.55789
뚜띠콜로리 뮤제오	shop	126.38979	33.45190
뚱딴지 애월본점	food	126.35468	33.47456
라 플라주	food	126.66907	33.54271
라이프워크 제주탑동직영점	shop	126.52571	33.51567
라코스테 신제주점	shop	126.48976	33.48631
라코스테 제주점	shop	126.52558	33.51384
랜드로바 신제주점	shop	126.49035	33.48938
랜드로바 제주칠성	shop	126.52532	33.51503
랩 제주점	shop	126.49036	33.48941
레노마홈 신제주노형점	shop	126.49603	33.48508
렌즈미 신제주점	shop	126.48989	33.48860
로가디스 제주점	shop	126.52420	33.51366
로맨틱새우 애월곽지본점	food	126.30519	33.44805
로이드 신제주점	shop	126.49056	33.48813
로이드 제주점	shop	126.52433	33.51166
롯데시티호텔 제주	stay	126.48654	33.49063
롯데하이마트 삼화점	shop	126.58084	33.51172
롯데하이마트 신제주점	shop	126.48107	33.48654
롯데하이마트 제주롯데마트점	shop	126.48170	33.48235
롯데하이마트 제주점	shop	126.52015	33.51095
루이까스텔 신제주점	shop	126.48139	33.48738
루이까스텔 칠성점	shop	126.52547	33.51589
르토아 베이스먼트	cafe	126.84429	33.53302
리복 제주점	shop	126.52568	33.51352
마레보 비치호텔	stay	126.30414	33.44819
마리떼프랑스와저버 신제주점	shop	126.48974	33.48812
마운티아 신제주점	shop	126.49210	33.48560
마트로 탑동점	shop	126.52543	33.51701
맛동산 감귤체험농장	activity	126.42985	33.45477
매일약국 제주노형	shop	126.48325	33.48628
맥파이 브루어리	activity	126.61723	33.50319
먹돌 제주본점	food	126.49750	33.50387
면뽑는선생 만두빚는아내	food	126.27763	33.42758
모노로그 제주중앙지하상가점	shop	126.52444	33.51284
모래비 커피로스터스＆베이커리	cafe	126.79622	33.55551
몽클락 제주	shop	126.51209	33.51555
무인카페 산책	cafe	126.33692	33.46688
무자크 제주중앙점	shop	126.52444	33.51284
문개항아리 조천본점	food	126.64400	33.55354
문쏘 제주협재점	food	126.25692	33.40573
문화공간 휴	shop	126.52423	33.51496
미스터밀크 송당점	cafe	126.73279	33.43544
미주보석 제주연동	shop	126.49033	33.48847
미즈노 신제주점	shop	126.48987	33.48939
밀레 제주칠성	shop	126.52449	33.51453
밀스스튜디오 제주칠성	shop	126.52518	33.51468
바다풍경 정육식당	food	126.50685	33.51617
백가네제주한상 함덕본점	food	126.67113	33.54240
베베드피노 제주노형점	shop	126.47505	33.48948
베스띠벨리 구제주점	shop	126.52485	33.51449
별돈별 정원본점	food	126.18010	33.30888
보말칼국수 해월정	food	126.90963	33.49226
브라운브레스 제주칠성점	shop	126.52555	33.51405
블랙야크 신제주점	shop	126.48136	33.48762
블랙야크 제주점	shop	126.52542	33.51567
블랙야크키즈 제주점	shop	126.48356	33.48240
블루하와이 호텔	stay	126.21840	33.38075
비밀의 숲	nature	126.75535	33.45397
비지트인뉴욕 제주칠성	shop	126.52518	33.51468
빈폴 제주점	shop	126.52532	33.51441
사조리조트 제주	activity	126.70512	33.55175
산지 등대	heritage	126.54566	33.52091
살로몬 제주점	shop	126.52418	33.51677
삼성스토어 제주인화	shop	126.55478	33.50710
삼성패션아울렛 제주점	shop	126.52620	33.51474
생각하는 정원	nature	126.25516	33.32537
서서방숯불닭갈비 제주본점	food	126.49012	33.48665
서프라이즈 테마파크	activity	126.65961	33.46522
선물고팡 공항본점	shop	126.50494	33.50297
섬소나이 우도본점	food	126.95766	33.51337
섬타르 신제주점	shop	126.48945	33.48551
성이시돌목장 테쉬폰	heritage	126.32808	33.34763
세화리 농어촌체험휴양마을	activity	126.85603	33.52699
셀덴 제주중앙지하상가점	shop	126.52444	33.51284
소노벨 제주	stay	126.67192	33.54131
소심한 책방	shop	126.90265	33.49028
수목원길 야시장	shop	126.48821	33.47065
수월봉과 차귀해안	beach	126.16301	33.29412
숙성도 제주본점	food	126.48890	33.48732
순례자의 교회	heritage	126.18054	33.31980
숲 제주	food	126.51895	33.51378
숲으로 오라	event	126.52385	33.49185
쉬즈미스 구제주점	shop	126.52517	33.51465
슈마커 제주칠성점	shop	126.52526	33.51338
스노우피크 신제주점	shop	126.48987	33.48953
스마트약국 제주	shop	126.48183	33.48244
스케쳐스 신제주점	shop	126.48974	33.48621
스킨푸드 제주지하	shop	126.52464	33.51319
스타즈호텔 헤리티지	stay	126.52195	33.51286
스테리나잇 제주	stay	126.31227	33.46218
스튜디오 톰보이	shop	126.48981	33.48766
스파오 신제주점	shop	126.48982	33.48845
스파오 제주중앙로점	shop	126.52493	33.51354
스포츠메카 신제주점	shop	126.49102	33.49030
스포츠메카 외도본점	shop	126.42666	33.49229
식당 마요네즈	food	126.47866	33.48891
신라스테이 제주	stay	126.49105	33.48552
쌤소나이트 제주오라아울렛점	shop	126.50521	33.49975
쌤소나이트 칠성로점	shop	126.52474	33.51214
썬랜드 호텔	stay	126.48956	33.48397
아끈다랑쉬 오름	nature	126.83029	33.47542
아디다스 신제주점	shop	126.49021	33.48649
아디다스 제주점	shop	126.52594	33.51475
아디다스키즈 제주점	shop	126.52594	33.51475
아디다스키즈 제주칠성	shop	126.52595	33.51477
아라리오뮤지엄 탑동시네마	heritage	126.52339	33.51742
아레나 제주점	shop	126.52636	33.51477
아르떼뮤지엄 제주	heritage	126.34498	33.39669
아리따움 제원점	shop	126.48965	33.48786
아리따움 제주노형점	shop	126.48457	33.48142
아식스 신제주점	shop	126.49117	33.48967
아이더 신제주점	shop	126.49176	33.48602
아이더 제주점	shop	126.52489	33.51382
아이미제주비치호텔 함덕	stay	126.66341	33.54329
아이엠제주 탠저비	shop	126.49097	33.48967
아일랜드팩토리 풍류	cafe	126.52338	33.51055
아트박스 제주시청점	shop	126.53001	33.49889
아트박스 제주연동점	shop	126.49095	33.48772
아트박스 제주칠성점	shop	126.52520	33.51350
안경사랑 제주시	shop	126.52380	33.51063
애월 우니담	food	126.34842	33.47250
애월테라피 아로마마사지	activity	126.35421	33.47657
액티브파크 제주	activity	126.23608	33.38114
양키캔들 제주칠성로점	shop	126.52573	33.51542
어머니의뜻을담다 단지	food	126.41186	33.48928
어메이징크리 제주점	shop	126.48821	33.48157
어코드 제주	shop	126.48163	33.51018
엄브로 제주점	shop	126.49022	33.48601
에메필 신제주	shop	126.49059	33.48828
에스마켓 신제주점	shop	126.49025	33.48734
에스마켓 제주연동	shop	126.49033	33.48861
에스마켓 제주칠성점	shop	126.52532	33.51375
에스콰이아 제주점	shop	126.52548	33.51574
에스티코 신제주	shop	126.48990	33.48863
에잇세컨즈 제주중앙점	shop	126.52533	33.51523
에코랜드 호텔	stay	126.66819	33.45584
엘리시안 제주	stay	126.38257	33.37307
연호제 구내식당	food	126.53064	33.51617
예술공간 이아	etc	126.52210	33.51116
오렌즈 신제주점	shop	126.49016	33.48634
오렌즈 제주시청점	shop	126.53088	33.49852
오만정성 제주협재점	food	126.25044	33.38905
오브젝트 제주점	shop	126.71570	33.55342
오션스위츠 제주호텔	stay	126.52311	33.51834
오후 제주지하	shop	126.52464	33.51319
올리브영 제주국제공항점	shop	126.49595	33.50594
올리브영 제주나인몰점	shop	126.49474	33.48068
올리브영 제주노형점	shop	126.48172	33.48163
올리브영 제주대학병원점	shop	126.54702	33.46877
올리브영 제주동문시장점	shop	126.52595	33.51287
올리브영 제주삼화점	shop	126.58036	33.51404
올리브영 제주세화점	shop	126.85245	33.52325
올리브영 제주아라일동점	shop	126.53616	33.48520
올리브영 제주연동신라점	shop	126.48558	33.48620
올리브영 제주연동점	shop	126.49034	33.49013
올리브영 제주외도점	shop	126.43111	33.48558
올리브영 제주용담점	shop	126.50315	33.51686
올리브영 제주월랑로점	shop	126.47543	33.48914
올리브영 제주일도이동점	shop	126.54072	33.50703
올리브영 제주제원점	shop	126.49025	33.48704
올리브영 제주탑동점	shop	126.52303	33.51703
올리브영 제주하귀점	shop	126.40865	33.48421
올리브영 제주한라대점	shop	126.47542	33.47827
올리브영 제주한라병원점	shop	126.48595	33.49012
올리브영 제주함덕점	shop	126.66862	33.54249
올리브영 제주협재점	shop	126.24063	33.39341
와이드앵글 신제주점	shop	126.49020	33.48571
와인창고 동문시장점	shop	126.52870	33.51262
우도 등대	heritage	126.96659	33.49209
우도 소라축제	event	126.95070	33.49400
우무 본점	cafe	126.25645	33.40593
원더런 제주연동	shop	126.48965	33.48750
월령 선인장군락지	nature	126.21571	33.37803
월정 투명카약	activity	126.77866	33.56382
웨스트우드 구제주점	shop	126.52626	33.51333
웨스트우드 신제주점	shop	126.49086	33.48706
유니클로 제주이도점	shop	126.53623	33.49122
유수암 캠핑장	stay	126.39370	33.42216
유타골프 제주점	shop	126.48940	33.48155
육도담 제주시청본점	food	126.52768	33.49508
이니스프리 제주롯데시티점	shop	126.48682	33.48979
이니스프리 제주시청점	shop	126.53022	33.49819
이마트 신제주	shop	126.48044	33.48500
이마트 제주점	shop	126.52118	33.51798
이솝 제주	shop	126.52332	33.51771
이춘옥원조고등어쌈밥 제주애월본점	food	126.41870	33.48899
이후북스 제주점	shop	126.52124	33.51260
일루이 제주연동	shop	126.48992	33.48800
일성리조트 제주비치	stay	126.22112	33.38566
자연과사람들 밀면	food	126.66138	33.46048
잔마이 제원	food	126.48923	33.48852
재주도좋아·반짝반짝 지구상회	shop	126.28947	33.42883
적점 제주	food	126.52963	33.51531
전농로 벚꽃거리	nature	126.51718	33.50459
전이수갤러리 걸어가는늑대들	heritage	126.55131	33.49500
정관장 광양점	shop	126.52971	33.50129
정관장 노형점	shop	126.47758	33.48703
정관장 서사라점	shop	126.51966	33.50869
정관장 연동점	shop	126.49222	33.48964
정관장 일도점	shop	126.54317	33.50131
정관장 제주연북로	shop	126.48520	33.48238
정직한돈 본점	food	126.33900	33.46740
제동목장 입구	heritage	126.69691	33.41950
제시뉴욕 제주연동	shop	126.49012	33.48682
제일모직아울렛 노형점	shop	126.48181	33.48701
제주 교래자연휴양림	nature	126.66670	33.44180
제주 금강산콘도	stay	126.25026	33.37956
제주 노루생태관찰원	nature	126.62662	33.44446
제주 뉴오션리조트	stay	126.34560	33.46950
제주 메이플호텔	stay	126.48171	33.48656
제주 명도암참살이마을	activity	126.59487	33.49168
제주 무지개해안도로	nature	126.47246	33.50936
제주 블랙스톤	stay	126.31241	33.33780
제주 삼성혈	heritage	126.52895	33.50415
제주 세계자연유산센터	heritage	126.71472	33.45689
제주 센트럴파크	activity	126.67457	33.43323
제주 스카이워터쇼	heritage	126.74427	33.42422
제주 씨에코비치	stay	126.64719	33.54820
제주 유리의성	activity	126.27368	33.31466
제주 중앙지하상가	shop	126.52480	33.51290
제주 청수리마을	activity	126.24767	33.31757
제주 탑동해변공연장	heritage	126.52430	33.51791
제주고산리유적 선사축제	event	126.16591	33.30449
제주광해 애월점	food	126.39044	33.48778
제주대 벚꽃길	nature	126.56241	33.45795
제주도 관광특구	activity	126.49614	33.39116
제주도 국가지질공원	nature	126.71426	33.45690
제주드림타워 복합리조트	activity	126.48146	33.48526
제주목 관아	heritage	126.52205	33.51367
제주샘주 양조장	activity	126.33741	33.44447
제주연탄길 신제주본점	food	126.48943	33.47575
제주특별자치도 민속자연사박물관	heritage	126.53134	33.50639
제주항 서부두방파제	activity	126.52848	33.51816
조랑말을탄돈키호테제주소품샵 노형점	shop	126.48367	33.48626
종달리 수국길	nature	126.91110	33.50770
종달리 해안도로	nature	126.90172	33.48292
종이잡지클럽 제주	shop	126.52963	33.51531
지오지아 제주연동	shop	126.48988	33.48956
지프 신제주점	shop	126.49023	33.48911
차귀도 바다낚시	activity	126.20532	33.30115
차롱보말전복칼국수 제주공항점	food	126.48940	33.51853
착한집 제주공항본점	food	126.50701	33.49996
책방 소리소문	shop	126.25952	33.33258
추자도 등대	heritage	126.29641	33.95543
카이 호스텔	stay	126.24132	33.39213
카페 글렌코	cafe	126.73350	33.43350
카페 나모나모베이커리	cafe	126.47196	33.50893
카페 동백	cafe	126.71450	33.50914
카페 라라라	cafe	126.85799	33.52490
카페 어림비	cafe	126.33403	33.40721
카페 톨칸이	cafe	126.95487	33.49401
카페모알보알 제주점	cafe	126.72797	33.55960
캘빈클라인 구제주대리점	shop	126.52570	33.51502
캘빈클라인언더웨어 제주대리점	shop	126.48983	33.48832
캘빈클라인진 신제주대리점	shop	126.48976	33.48631
커버낫 제주점	shop	126.52510	33.51434
커피냅로스터스 제주	cafe	126.41387	33.48934
컬럼비아 신제주	shop	126.48981	33.48766
컬럼비아 제주점	shop	126.52442	33.51460
켄싱턴리조트 제주한림	activity	126.27448	33.43579
코데즈컴바인 제주이도점	shop	126.54002	33.48979
코리코카페 제주점	cafe	126.73252	33.43654
코오롱스포츠 솟솟리버스제주점	shop	126.52331	33.51696
코오롱스포츠 신제주점	shop	126.48065	33.48261
콜린 제주	cafe	126.31043	33.46288
쿰다 패스티벌	event	126.38497	33.47063
크록스 제주점	shop	126.52537	33.51425
클라이드 제주지하	shop	126.52464	33.51319
타이틀리스트 제주점	shop	126.48876	33.48156
탐라국 입춘굿	event	126.52149	33.51340
탑 승마클럽	activity	126.61182	33.46273
탑텐 제주연동	shop	126.48357	33.48243
탑텐 제주중앙	shop	126.52499	33.51435
탠저비 도두점	shop	126.47049	33.50839
탠저비 제원점	shop	126.49032	33.48662
탠저비 칠성로점	shop	126.52553	33.51349
탠저비 한라병원점	shop	126.48595	33.49012
테디베어하우스 테지움	shop	126.39354	33.41222
테일러메이드 구제주점	shop	126.52452	33.51390
토비스콘도 제주	stay	126.31172	33.46313
토이마켓 제주점	shop	126.54631	33.51182
톡스앤필의원 제주점	shop	126.47630	33.48359
트리플스토어 시청점	shop	126.53071	33.49789
트리플스토어 제원점	shop	126.49025	33.48830
트리플스토어 칠성점	shop	126.52656	33.51463
파렌하이트 제주점	shop	126.52578	33.51450
파리게이츠 신제주점	shop	126.48344	33.48169
팜파스호텔 제주	stay	126.48499	33.51156
팬텀 제주중앙점	shop	126.52499	33.51295
팬텀골프 신제주점	shop	126.49062	33.48898
팰롱팰롱 빛나는	shop	126.31163	33.46147
평화통일 불사리탑	heritage	126.63624	33.53197
포레스트 공룡사파리	activity	126.70958	33.46309
폴더 신제주점	shop	126.49024	33.48719
폴더 제주점	shop	126.52520	33.51369
풋조이 신제주점	shop	126.48940	33.48155
프리페어 칠성점	shop	126.52664	33.51497
피렌체 제주점	shop	126.48891	33.48560
피커스 제주	cafe	126.52878	33.47391
피플 제주	shop	126.52995	33.49856
하도리 철새도래지	nature	126.89195	33.50401
하리보 해피월드	heritage	126.52877	33.47388
하이츠 제주	shop	126.39603	33.41929
한국금거래소 제주직영점	shop	126.49057	33.48853
한데모아 정실점	food	126.50921	33.47005
한라산 트레킹	activity	126.49487	33.39273
한림공원 국화축제	event	126.23811	33.38972
한림칼국수 제주본점	food	126.26152	33.41560
한수풀 해녀학교	heritage	126.27917	33.44309
한화리조트 제주	activity	126.63805	33.44883
항파두리 역사문화제	event	126.40750	33.45168
해녀의 부엌	food	126.91229	33.49779
허디거디 이도점	food	126.54424	33.49110
헤지스골프 신제주	shop	126.49210	33.48573
헬로제주 구좌점	shop	126.79577	33.55557
협재 수우동	food	126.24249	33.39654
협재해물라면 쪼꼴락상회	food	126.24151	33.39375
호텔리젠트마린 제주	stay	126.52667	33.51751
호텔컬리넌 제주	stay	126.49284	33.48536
홀츠 애월	cafe	126.39656	33.42436
황해식당 갈치조림	food	126.43070	33.49238
회춘 애월점	cafe	126.39078	33.48907
후아힌제주 풀빌라	stay	126.35612	33.47366
휠라 제주칠성	shop	126.52497	33.51405
휠라언더웨어 신제주점	shop	126.48595	33.49012
휠라키즈 신제주점	shop	126.49021	33.48748
휠라키즈 제주칠성	shop	126.52636	33.51454
흑돈가 제주	food	126.47355	33.48004
흑본오겹 함덕점	food	126.65872	33.54367
구좌읍 우럭튀김 민경이네어등포식당	food	126.82577	33.55377
구팔일 댕댕이 대잔치！	event	126.36738	33.39087
구팔일 선셋 레이스	event	126.36739	33.39090
구팔일 올데이 페스티벌	event	126.36739	33.39090
그랜드 하얏트 제주	stay	126.48147	33.48529
글라스스토리 렌즈스토리 중앙로점	shop	126.52481	33.51255
내가 찾은 맛고을	food	126.56644	33.52216
도련 감귤나무 숲	activity	126.58713	33.50028
라온호텔 앤 리조트	activity	126.23961	33.37968
라이프워크 메가스토어 애월점	shop	126.33368	33.46646
레노마 골프 제주점	shop	126.52555	33.51405
레코브 씨티어브드림즈 제주점	shop	126.52517	33.51465
렌즈미 에비뉴안경 노형점	shop	126.47961	33.48484
마뗑킴 하고하우스 제주점	shop	126.52527	33.51566
만복반미 노형 본점	food	126.47020	33.48340
말본골프 포트메인 제주직영점	shop	126.51023	33.48149
메종 글래드 제주	stay	126.48890	33.48560
베니키아 호텔 제주	stay	126.36223	33.47763
소품샵 제주소품 함덕점	shop	126.67278	33.54332
숨 게스트하우스 제주공항점	stay	126.51466	33.50044
슈마커 플러스 제주연동점	shop	126.48962	33.48745
스누피가든 어린이날 이벤트	event	126.77862	33.44340
신라스테이 플러스 이호테우	stay	126.42199	33.49283
아난티 클럽 제주	activity	126.73861	33.52055
아라동 치유의 숲	nature	126.55558	33.44399
아르떼 키즈파크 제주	activity	126.35860	33.35395
아일랜드 프로젝트 본점	shop	126.51641	33.50469
애월그때그집 제주도 본점	food	126.32409	33.46600
엘리시안 제주 컨트리클럽	activity	126.38115	33.37249
엠 할리데이 제주점	shop	126.52444	33.51284
올리브영 제주 타운	shop	126.53070	33.49892
우도산호해변 홍조단괴 서빈백사	beach	126.94375	33.50268
원더플레이스 제주 칠성로점	shop	126.52517	33.51465
웨이뷰 메밀꽃 축제	event	126.25269	33.40732
웨이뷰 유채꽃 축제	event	126.25269	33.40732
웨이뷰 코스모스 축제	event	126.25269	33.40732
이호테우 말 등대	heritage	126.45207	33.50188
제주 김만복 애월점	food	126.33899	33.46763
제주 도새기 축제	event	126.35616	33.36602
제주 무형유산 대전	event	126.53007	33.50642
제주 반려동물 문화축제	event	126.52386	33.49188
제주 블랙스톤 골프클럽	activity	126.31241	33.33780
제주 삼양동 유적	heritage	126.58779	33.52327
제주 서핑도 실내서핑장	activity	126.43256	33.44729
제주 선흘리 벵뒤굴	nature	126.71932	33.47486
제주 오리엔탈 호텔	stay	126.51980	33.51759
제주 퍼시픽 호텔	stay	126.51886	33.51066
제주기념품가게 올레파머스 함덕점	shop	126.66925	33.54251
제주마 입목 문화축제	event	126.60359	33.42764
제주한잔 우리술 페스티벌	event	126.45299	33.49753
젤코바 베이커리 카페	cafe	126.39989	33.47979
탑텐 이마트 신제주점	shop	126.48043	33.48497
탑텐키즈 롯데마트 제주점	shop	126.48183	33.48244
프레리아 커플 독채펜션	stay	126.40505	33.42549
피즈 버거 노형점	food	126.47762	33.48365
한림공원 수선화 축제	event	126.23811	33.38972
한림공원 쌍용각 휴게소	shop	126.23851	33.39013
함덕카페 어반정글 그레이밤부	cafe	126.70431	33.55293
해물통라면 문개항아리 애월해안도로점	food	126.39245	33.48581
베니키아 홈 더 제주리조트	activity	126.25131	33.37838
비너스 와코루 마더피아 신제주특별자치도점	shop	126.49025	33.48830
제주 우도 천진항 대합실	activity	126.95156	33.49284
제주 토끼섬 문주란 자생지	nature	126.90834	33.52023
제주 항파두리 항몽 유적	heritage	126.40895	33.45231
탑스텐 빌라드 애월 제주	stay	126.35935	33.47708
헬리녹스 크리에이티브 센터 제주	shop	126.52418	33.51677
호텔 앨리스 앤 트렁크	stay	126.49301	33.48540
벤티모 호텔 앤 레지던스 제주	stay	126.49376	33.49346
애월 너와의 첫 여행 감귤창고카페	cafe	126.38455	33.45066
내가 만든 세상 : Humans Shaping Their Worlds	event	126.66400	33.44665
말 테마파크 골프장 (렛츠런파크 제주)	activity	126.39509	33.40757
월정리 달이뜨는식탁 (달이뜨는식탁)	food	126.79081	33.55319
한림공원 다화원휴게소 (제주)	shop	126.23810	33.38969
제주 당처물동굴 [유네스코 세계자연유산]	nature	126.78501	33.55673
제주 베스트힐 글램핑&펜션	stay	126.65791	33.45373
한섬 아울렛 FX 타임옴므 제주점	shop	126.48533	33.46981
함덕해수욕장 (함덕 서우봉 해변)	beach	126.66836	33.54390
만장굴 (제주도 국가지질공원)	nature	126.77067	33.52802
해녀촌 (해녀촌식당)	food	126.70990	33.55369
제주시민속오일시장 (2, 7일)	shop	126.47580	33.49693
제주수울 (JEJUSUUL)	shop	126.51866	33.51204
빠우사 (PAUSA)	cafe	126.71159	33.45790
김녕사굴 [유네스코 세계자연유산]	nature	126.77365	33.50101
용천동굴 [유네스코 세계자연유산]	nature	126.77836	33.54851
생각하는 정원[면세점(TAX REFUND SHOP)]	shop	126.25501	33.32558
여름꽃 & 능소화축제	event	126.21776	33.34920
본가 1호점	food	126.52855	33.49121
모이몰른 제주지하2호점	shop	126.52463	33.51316
아라리오뮤지엄 동문모텔2	heritage	126.52938	33.51498
그러므로 파트2 (part2)	cafe	126.48590	33.46846
너븐숭이 4.3기념관	heritage	126.68866	33.54601
북촌마을 4·3길	nature	126.68868	33.54602
주정공장수용소 4·3역사관	heritage	126.53481	33.51811
신촌 4·3 성터	heritage	126.61310	33.53770
몽생이 5월 대모험	event	126.39327	33.41002
낭만농장 귤밭76번지	activity	126.55631	33.49313
한섬 FX 마인 더캐시미어 제주점	shop	126.48533	33.46981
몽생이 WATER WORLD	event	126.39327	33.41002
강아지미용실_편안	shop	126.46120	33.47906
그라벨호텔_제주점	shop	126.42867	33.49242
뉴에라_제주점	shop	126.52518	33.51468
롯데마트_제주점	shop	126.48170	33.48235
복숭이하우스_마리스텔라	stay	126.79231	33.55752
복숭이하우스_제주의시간은느리다	stay	126.86412	33.51202
세모집_제주	stay	126.82816	33.52775
스테이_다	stay	126.38420	33.46945
스테이_지	stay	126.63344	33.50491
시앤에스아이앤시_투쿨포스쿨제주	shop	126.52463	33.51316
에스피오엘_한식	food	126.34738	33.47141
영희네돌담집_안단테	stay	126.66466	33.54056
오늘_도	food	126.58913	33.51379
종달로_家	stay	126.90095	33.49504
코오롱스포츠_제주점	shop	126.52532	33.51503
플레이키즈_프로	shop	126.47430	33.48958
난타-제주	event	126.54806	33.44540
뉴-독일안경원	shop	126.48227	33.48169
뉴-호프세븐일레븐제주공항서로점	shop	126.48984	33.50191
도반-고마로점	shop	126.53794	33.51249
스테이-오롯	stay	126.17087	33.33249
언쉬미-언덕위에쉼터이야기	stay	126.82571	33.53537
오-피스제주	stay	126.63095	33.53304
완이-클라쓰민박	stay	126.30905	33.44972
제이디에프-몰	shop	126.56849	33.51874
준코-제주	bar	126.52791	33.49996
준코-제주연동	bar	126.49086	33.48675
준코-제주연동	bar	126.49191	33.48809
준코-제주일도이동	bar	126.54096	33.50525
카페-바지미호	food	126.51802	33.50456
커피존코-챠스키	cafe	126.53401	33.48906
탕의기준-동태탕	food	126.63914	33.53822
풀-하우스	shop	126.52020	33.50890
디-포레 카라반 파크	stay	126.78119	33.46485
화북, 포구문화제	event	126.56589	33.52465
고래고래게스하우스;제주오미	stay	126.74539	33.55753
그리던바다;협재	stay	126.24478	33.39912
꽃;송희	shop	126.54867	33.47018
내가;좋아해	shop	126.62321	33.53757
다시;봄	shop	126.51938	33.50145
단송레서피;독일빵집그리고도자기공방	food	126.66975	33.53683
달리북카페;달리책방	cafe	126.25473	33.40330
대봉전업;유통	shop	126.51600	33.50802
더리터제주;온다제주	cafe	126.53263	33.50820
돌;제주	stay	126.88486	33.51769
동백;스테이동백	food	126.71441	33.50902
디어베이비;에꼴리에	shop	126.57969	33.51750
렌즈;맞추다	shop	126.48174	33.48424
마레보비치;비치보이스	stay	126.30406	33.44826
마블링;고기에꽃이피다	shop	126.64414	33.53588
마치;선흘	food	126.70956	33.46310
명산꿩농장가든;제주명산꿩엿	food	126.28436	33.37488
미리내;제주	stay	126.16700	33.29096
미스;미스터	stay	126.79319	33.53186
바다슈퍼;바다민박	shop	126.21622	33.37799
바라보틀;협재	shop	126.24285	33.39590
반가워;제주	stay	126.44585	33.46394
방;삼양로또방	shop	126.58599	33.52098
베스트호;비비호	activity	126.43350	33.49002
벤츠;밴츠	activity	126.43170	33.48817
사계절;꽃	shop	126.29148	33.43528
사계절;제주함덕	shop	126.66573	33.54247
사이;담	stay	126.46772	33.48263
삼양사우나매점;삼양옷가게	shop	126.58632	33.52450
삼조삼계탕;삼조닭집	food	126.51793	33.50109
성원민박;올레카페비양도해녀의집	stay	126.22888	33.40528
소소한하룻밤;소소그라피	stay	126.26336	33.40402
송당;한켠	stay	126.78163	33.46992
송월타월;송월우산	shop	126.49473	33.48591
수아팜;쟈키이마트제주점	shop	126.52118	33.51797
순수;꽃	shop	126.59828	33.49333
스테이이;스테이재	stay	126.66003	33.54421
썬스크린;썬스크린골프장	activity	126.53951	33.48812
안경매니져;보청기매니져아라점	shop	126.54535	33.47423
안녕;언니	shop	126.63504	33.53534
애월파라다이스리조트;카페호나	cafe	126.39640	33.43488
연;오늘을기억해	stay	126.19184	33.35653
오빠커피;언니옷장	cafe	126.57231	33.51978
올레스크린골프;레전드	activity	126.49111	33.48857
옹포분식;오블리비아테민박	stay	126.25493	33.40344
우도주막;우도땅콩막걸리카페펍	bar	126.95495	33.50815
우정;투썸플레이스제주오라우정점	activity	126.50572	33.47347
우정스크린골프;우정호프	activity	126.43237	33.48751
유솔;헌트키즈	shop	126.52446	33.51373
유수암체험교실;제주전통하우스민박	stay	126.40000	33.44264
윤스타피자앤파스타;윤스타민박	food	126.88498	33.52522
이미경;신설동커피	cafe	126.54955	33.49627
제이스크린골프;제이그늘집	activity	126.47223	33.48029
제이아뜰리에;애월카라멜	food	126.36407	33.47802
제주여기;동복	stay	126.71229	33.55258
제주점타임;타임옴므	shop	126.48172	33.48163
제주홈치농;수산	shop	126.52665	33.51236
채우다;제주	stay	126.70163	33.53871
천년의미;영평나인	cafe	126.56875	33.47802
추자봉이네;해변장	stay	126.32526	33.94267
클라우드나인;미트서플라이	stay	126.70368	33.48732
푸릇프릍;해피띵스	shop	126.54901	33.47518
하귀당구클럽;카페	activity	126.41599	33.48507
한라;산도	cafe	126.52604	33.51379
한양동슈퍼;한양동식당	food	126.23346	33.33653
한울타리분사무소농수축산물판매장;한우정육식당	food	126.77163	33.47063
함덕;수형	stay	126.65965	33.53458
함덕대박횟집;함덕등대	food	126.66138	33.54630
함비자게스트하우스;심해	stay	126.65286	33.54962
해마루사우나매점;세신	shop	126.47430	33.48958
헛간;더반스위트	cafe	126.74620	33.48420
라이크모;글씨주제_제주	shop	126.54890	33.47167
루마인;퍼즈;투썸플레이스제주루마인점	cafe	126.90132	33.48420
인디언키친;바그다드하우스;애월꽃	food	126.33096	33.45039
타임옴므;시스템옴므;오즈세컨	shop	126.48533	33.46981
그읏;굳;꽃;보다아름답다	shop	126.46576	33.48474
안녕;상이친구들!	shop	126.54037	33.47425
다락;락힐2민박	stay	126.34095	33.46956
삼공주회센터;삼공주회센터2호	food	126.56821	33.52494
귤빛;injeju	stay	126.39091	33.47957
올목;jeju	stay	126.41547	33.45961
티스테이모다정;T-STAY	stay	126.64306	33.53420
더갤러리아안지크:아일로	shop	126.49060	33.48871
머묾:한동민박	stay	126.82839	33.53677
바닷가돌담집:일상초대	stay	126.57310	33.52531
섬에와:인	shop	126.66780	33.48872
소:못	shop	126.27540	33.41089
아:인	stay	126.74927	33.55537
원:더풀제주점	shop	126.48458	33.48781
제주:결	shop	126.21619	33.37516
제주:)오늘제주:	stay	126.81491	33.54798
릴리가있다!	shop	126.26994	33.31755
비상!OnlyOne	shop	126.47668	33.48884
비상!OnlyOne_2	shop	126.53910	33.50580
고우니.제주를담다	shop	126.38929	33.48851
구제.주	shop	126.53520	33.51387
모.앤스킨	shop	126.50985	33.49607
무스탄사.바른손	shop	126.56558	33.51992
물메.더문	stay	126.38809	33.45948
미성주단.택배	shop	126.51790	33.51135
바이.올리브	shop	126.52463	33.51316
서독안경.렌즈아이	shop	126.52444	33.51283
섬.올레특산물전시장	shop	126.50440	33.50247
스테이.스며들다	stay	126.16893	33.32292
영아트.삼양문구사	shop	126.58519	33.52087
나.미.송	stay	126.41769	33.43028
바람의향기가전해주는하루는..	cafe	126.53070	33.51209
티.피.	food	126.62236	33.53857
제주.124	stay	126.83642	33.52230
더니어.L	shop	126.19614	33.33610
커피'채움'	shop	126.52488	33.51501
빡쓰's	shop	126.48888	33.48921
희열'S리본	shop	126.40704	33.44180
그린마일커피(제	cafe	126.31331	33.44205
묵다여관(제	stay	126.19909	33.36537
문화디자인다운(장봉님외도객	food	126.43067	33.48949
카일라스마트(신제	shop	126.49111	33.48857
먼나머루휴양펜션(제주편백한옥펜션 먼나머루)	stay	126.65037	33.48835
애월해안누리(구 하얀둥지)	stay	126.34166	33.47057
제주민속식품(사월의 꿩)	shop	126.75098	33.42791
저지오름(닥몰오름,새오름)	nature	126.25178	33.33382
케이엔아트컴퍼니(아트하우스두:드림)	stay	126.26370	33.39635
가메창(암메)	nature	126.24607	33.32092
관덕정(제주)	heritage	126.52196	33.51326
관음사(제주)	heritage	126.55813	33.42373
교래손칼국수(원조교래손칼국수)	food	126.67601	33.43617
금룡사(제주)	heritage	126.75360	33.55397
금산공원(납읍난대림지대)	nature	126.33070	33.43387
다랑쉬오름(월랑봉)	nature	126.82282	33.47597
리더스이티(이티모바일)	shop	126.48403	33.48231
방사탑(제주)	heritage	126.65053	33.54750
보덕사(제주)	heritage	126.53249	33.49170
보림사(제주)	heritage	126.54629	33.51751
불탑사(제주)	heritage	126.59787	33.52916
생각하는정원(청원)	shop	126.25528	33.32589
소머리오름(우도봉)	nature	126.96514	33.49156
수목원테마파크(아이스뮤지엄)	activity	126.48794	33.47069
신라면세점(제주점)	shop	126.48760	33.48628
쌍용굴(한림공원)	nature	126.24183	33.38787
씨유(제주협재점)	shop	126.24402	33.39713
에스피오엘(빌레리조트)주	stay	126.34738	33.47141
연화못(하가못)	nature	126.34752	33.45475
열안지오름(봉개동)	nature	126.60555	33.47261
열안지오름(오라동)	nature	126.52072	33.42660
월영사(제주)	heritage	126.41402	33.47783
월정리해변(월정리해수욕장)	beach	126.79823	33.55505
월정사(제주)	heritage	126.51010	33.46676
이티모바일(삼화점)	shop	126.58046	33.51751
종달항(두문포항)	nature	126.91066	33.49655
천왕사(제주)	heritage	126.49400	33.40829
킴스()	activity	126.53496	33.49634
사라봉(모충사) 의병항쟁기념탑	heritage	126.54705	33.51617
세화민속오일시장(5일, 0일)	shop	126.85734	33.52618
참참(CHARMCHARM)주	shop	126.50608	33.50665
크로스핏꿀짐(gym)	activity	126.56696	33.51111
헬로제주(hello제	shop	126.66686	33.54240
헬로제주(hello제	shop	126.79576	33.55557
엠닷에이(M.ACo.，Ltd.)주	shop	126.19922	33.36494
제주알(R)호텔	stay	126.51792	33.49946
알엔알(rnr)	food	126.24323	33.39789
리나몰리(시사TV플러스)	shop	126.52655	33.51463
디비퍼니처)	shop	126.60961	33.50690
[한라산 둘레길 1구간] 천아숲길	activity	126.46000	33.39715
[한라산 둘레길 9구간] 숫모르편백숲길	activity	126.63000	33.43943
[한라산 둘레길 9구간] 숫모르편백숲길	activity	126.62520	33.44005
금단영[한국관광 품질인증/Korea Quality]	stay	126.19366	33.36212
[제주올레 1-1코스] 우도 올레	activity	126.95154	33.49281
[제주올레 13코스] 용수-저지 올레	activity	126.16605	33.32382
[제주올레 14-1코스] 저지-서광 올레	activity	126.25597	33.33369
[제주올레 14코스] 저지-한림 올레	activity	126.25597	33.33369
[제주올레 15-A코스] 한림-고내 올레	activity	126.26256	33.41907
[제주올레 16코스] 고내-광령 올레	activity	126.33790	33.46690
[제주올레 17코스] 광령-김만덕기념관 올레	activity	126.43341	33.45955
[제주올레 18-1코스] 상추자 올레	activity	126.29608	33.96353
[제주올레 18-2코스] 하추자 올레	activity	126.32904	33.94460
[제주올레 18코스] 김만덕기념관-조천 올레	activity	126.53039	33.51588
[제주올레 19코스] 조천-김녕 올레	activity	126.63998	33.54030
[제주올레 20코스] 김녕-하도 올레	activity	126.74520	33.55714
[제주올레 21코스] 하도-종달 올레	activity	126.86340	33.52360
모이소[면세점(TAX REFUND SHOP)]	shop	126.48853	33.48710
쉬끄[chic]	shop	126.48749	33.48354
몰츠[moltz]	food	126.40611	33.42415
별빛소랑@제주	stay	126.17333	33.34020
곰막식당/곰막	food	126.72052	33.55686
굿모닝정육/수산	shop	126.27053	33.31841
담배/전자담배소매업	shop	126.52554	33.51174
담배/전자담배소매업	shop	126.52547	33.50696
백반/한정식	food	126.47421	33.48193
수상/해양레저업	activity	126.23351	33.33519
씨아이씨/댄싱타이거	food	126.79869	33.55464
여관/모텔	stay	126.51667	33.49853
여관/모텔	stay	126.52693	33.51457
육송재/송중헌	stay	126.35685	33.42276
전기용품/조명장치소매업	shop	126.63811	33.53834
제이씨비/애플핑크	shop	126.52463	33.51316
채소/과일소매업	shop	126.45815	33.45309
해녀리나/아그네아트하우스	activity	126.67665	33.49485
훼밀리스크린골프방/포그린	activity	126.52316	33.49999
란의부엌/LAN'SKITCHEN	food	126.41716	33.48660
제주복지용구/UD부동산중개	shop	126.59081	33.52491
골프스킨&바디	shop	126.48978	33.47714
글라스스토리&렌즈스토리	shop	126.52482	33.51255
나경플라워&데코	shop	126.52209	33.49797
눈큰새우게스트하우스&카페공방아지트	stay	126.63527	33.53851
다판다&아이스크림스토리제주연동점	shop	126.48953	33.48780
렌즈미&에비뉴안경	shop	126.47961	33.48484
맘스방방&별빛애월	stay	126.38314	33.44550
모들&모다들엉	stay	126.63991	33.54683
모이몰른&컬리수	shop	126.54078	33.49029
베이글연구소&스테이	stay	126.20752	33.31916
베이커리카페&피쉬마켓	cafe	126.29674	33.95942
본죽&비빔밥제주	food	126.52413	33.51043
북&머니	shop	126.52734	33.50059
북촌자연산횟집&직매장	food	126.69626	33.55141
브리얀떼플라워&캔들	shop	126.47958	33.47653
블루엘스파&풀	stay	126.37025	33.47709
비치클리프&클리프홀	food	126.23339	33.38851
삼화지구오후&치크	shop	126.58028	33.51628
서울사우나&휘트니스여탕매점	shop	126.46831	33.47886
세진커텐&침구，님프만제주점	shop	126.50088	33.49312
수앤수리조트&호텔	stay	126.35877	33.47461
심심책방&심리상담센터	shop	126.69142	33.51364
아덴힐리조트&골프	stay	126.36727	33.34813
아트앤하트&사랑나무숲예술심리상담센터	shop	126.55162	33.50314
에이치스포츠&골프	shop	126.48971	33.48546
영희의정원민박&카페	cafe	126.39604	33.46277
오나겸건강&뷰티	shop	126.54299	33.50821
오렌즈제주&스타옵틱	shop	126.54037	33.50787
요즘블라인드&커튼제주점	shop	126.54230	33.46937
윈드웨이브요트&서핑스쿨	activity	126.44953	33.49710
윤&윤	food	126.48041	33.47651
제주냉동&에어컨	shop	126.53059	33.50310
제주뮤직&악기	shop	126.48910	33.47691
제주시산림조합나무시장&조경자재판매장	shop	126.51284	33.47040
제주전동킥보드&전자담배	shop	126.48912	33.48972
조수리애&이레	stay	126.21383	33.29456
타미우스골프&빌리지	stay	126.38027	33.34699
풍선&야구체험	activity	126.48774	33.47162
하늘키즈&가족펜션	stay	126.42331	33.48866
함덕달자게스트하우스&펜션	stay	126.67968	33.54130
현골프아카데미&크리닉	activity	126.48456	33.48581
클랭블루수동커플&독채&감성숙소	stay	126.23606	33.33709
댕댕&#39;sweet댕댕스위트	shop	126.41457	33.48641
제주노꼬메&4K	shop	126.53682	33.51572
구름언덕&KANGSHIMJANG	cafe	126.65503	33.49843
바디유턴헬스&PT제주	activity	126.47788	33.48247
엠체형교정&PT	activity	126.52541	33.49457
폴인기구필라테스&헬스PT&바레제주외도점	activity	126.43065	33.48536
민지피싱&VN푸드	shop	126.18122	33.30320
바라#	shop	126.52689	33.51442
바오밥#	shop	126.39942	33.45955
스토리#	shop	126.52390	33.51354
올리브#	shop	126.43533	33.48535
인디바농#	shop	126.43881	33.46103
제니#	shop	126.49404	33.48666
아띠#Ahtty#	shop	126.49111	33.48857
민`s하우스민박	stay	126.28209	33.40674
뷰티+금나라	shop	126.49142	33.48015
올리브+	shop	126.52463	33.51316
동근이숯불두마리치킨<>	food	126.52002	33.49908
007단란주점	bar	126.53144	33.50135
007이모카세	bar	126.49045	33.48491
스페이스01	stay	126.96246	33.50436
플로어가든01	stay	126.21304	33.34392
010수산식당	shop	126.54187	33.50300
에다모니아0102	stay	126.65376	33.53604
02맥주	bar	126.49199	33.48396
플로어가든02	stay	126.21312	33.34407
짱갈비04	food	126.49255	33.48794
아베끄0426	stay	126.83576	33.53951
064바이닐	food	126.42730	33.49107
프로젝트064	food	126.48855	33.48878
072스크린골프바	food	126.48570	33.46893
072프렌즈스크린골프	activity	126.48570	33.46893
1등중고	shop	126.55792	33.50795
1미리	food	126.24224	33.39353
1밀리미터모텔	stay	126.51301	33.49973
1바	food	126.49512	33.48588
1층마카롱	cafe	126.53513	33.50639
공항1등이자카야도	bar	126.46415	33.50601
교촌치킨제주1호	food	126.49193	33.48964
국기로1길	food	126.49158	33.48087
국대포차제1호삼화점	bar	126.57747	33.51764
귀덕1리어촌계식당	food	126.29119	33.44330
그남자이야기파트1	cafe	126.65997	33.52625
그랜드침대전국판매1위	shop	126.47956	33.49335
나누하우스1민박	stay	126.38080	33.48026
더한섬하우스제주점아카이브1	shop	126.50893	33.48171
도토리제주1	food	126.30973	33.46326
문1	bar	126.49085	33.48628
밸류제1호제주피에프브이	stay	126.42269	33.49253
브릭나인맨션1호민박	stay	126.32431	33.41888
블루비양1	food	126.49402	33.47886
빽다방제주연동사장1길점	cafe	126.49081	33.48514
쁘띠1	food	126.53343	33.49538
사계카페1	bar	126.67305	33.54400
서쪽하늘제1호	stay	126.16620	33.28922
선비꼬마김밥제주1호	food	126.47479	33.48927
세꼬시제주1공장	food	126.54785	33.49439
세화1번지	stay	126.86201	33.52305
소풍이야기1동민박	stay	126.38711	33.48863
써니1	stay	126.91214	33.50104
씨유제주이도주공1단지점	shop	126.53425	33.49234
아진키즈풀빌라1	stay	126.16508	33.32712
엠케이엠1에프앤비	shop	126.53500	33.49113
연동분식1	food	126.49049	33.48799
용담1동연합청년회	food	126.51741	33.50411
유수암쉘1	stay	126.40247	33.43484
이비가짬뽕제주1호이호점	food	126.46788	33.49439
자담치킨애월점1	food	126.40376	33.44446
제이피랜드1	activity	126.63735	33.44900
제주1번가	shop	126.48663	33.49124
제주1번가	food	126.46389	33.50636
제주차이홍1	shop	126.48985	33.48874
조수1리마을협의회	activity	126.22790	33.33581
쥬디스1	stay	126.45072	33.49648
카멜커피1	cafe	126.80992	33.55703
케이샵1	shop	126.52463	33.51316
코삿1민박	stay	126.38081	33.48277
트윈트리1	stay	126.39190	33.42645
패션1번가	shop	126.52524	33.51259
하도페이지1	stay	126.89262	33.52517
한솔비치빌1민박	stay	126.30957	33.46352
협재1번가	food	126.24216	33.39561
화북1등복권방	activity	126.56560	33.52066
후아힌협재1	stay	126.25333	33.39498
유수암쉘1-101	stay	126.40247	33.43484
대물유통씨엔피대물1호;대물2호	activity	126.40776	33.48453
동선시1%	shop	126.61526	33.53598
나다10	shop	126.53623	33.49616
스테이협재10길	stay	126.24689	33.39869
포10	food	126.52586	33.49544
비양길100	stay	126.96389	33.51027
서촌제스시100	food	126.48774	33.47162
순백100순두부	food	126.53498	33.50671
1001마트	shop	126.48465	33.48452
함덕1007	stay	126.67928	33.53673
브리즈101	cafe	126.32218	33.46376
소소한기록소록101	stay	126.40630	33.43014
스위스마을101동	stay	126.67678	33.49394
제101명진호	activity	126.30014	33.43735
제주금악골드빌라스풀빌라101	stay	126.32169	33.37136
팜스빌리지101동민박	stay	126.28535	33.44258
한동101	stay	126.81979	33.53286
노을해안1014	cafe	126.16856	33.29768
달리102	stay	126.89531	33.49240
1027하우스	stay	126.40597	33.48477
광이멀103	stay	126.30487	33.40585
더제주1033	stay	126.36625	33.47319
장전1038	stay	126.38743	33.44953
소소원더테라스104호	stay	126.40630	33.43014
스위스마을105동	stay	126.67678	33.49394
팜스빌리지105동민박	stay	126.28535	33.44258
윈드밀106	stay	126.18193	33.35601
윈드밀108스파앤풀빌라	stay	126.18195	33.35620
스위스마을109동	stay	126.67678	33.49394
오오야마109	food	126.53137	33.49921
카페109	cafe	126.47420	33.48979
하도리1091	food	126.88813	33.50870
신설로11길쉼팡	bar	126.54437	33.49145
에이엠11	cafe	126.37786	33.48395
윈드스톤11호카사앤리스	stay	126.73156	33.54600
제주11번지	stay	126.77892	33.51324
제11-45호	shop	126.47489	33.49724
1100농장	shop	126.54244	33.48963
씨유제주1100도로점	shop	126.48607	33.45008
고내1101민박	stay	126.33841	33.46676
소더스111	stay	126.40630	33.43014
동행1단지113호	stay	126.67678	33.49394
블리스112	stay	126.40630	33.43014
소소원113	stay	126.40630	33.43014
카페제주로드1136	cafe	126.25942	33.35311
114그릇	shop	126.47381	33.48154
114중고	shop	126.47054	33.49542
용수길114	stay	126.17112	33.32811
하가면114	food	126.35193	33.45880
카페노연로117	shop	126.49264	33.48602
스위스마을117동;다온	cafe	126.67678	33.49394
아이폰119	shop	126.49020	33.48571
제주애니멀119제주	shop	126.58313	33.47458
12월	cafe	126.58953	33.50953
신대로12길	food	126.49510	33.48860
120백야호	activity	126.26295	33.41770
고마로123	shop	126.48211	33.48705
카페플라네1234	food	126.84504	33.53241
제주드루앙김녕1236	stay	126.75395	33.55699
123PC방	activity	126.52970	33.49259
금능124	stay	126.23067	33.38721
김녕로124	shop	126.75130	33.55468
제이에스프라이빗타운124동	stay	126.46014	33.45049
풀빌라125	stay	126.45999	33.45049
납읍1250	stay	126.33791	33.42258
스튜디오126	shop	126.52081	33.51277
남광로127	bar	126.54768	33.49855
쉼127키즈가족협재점	stay	126.25581	33.39926
예원로129	food	126.39981	33.45871
13월겨울	stay	126.31420	33.41911
13월봄	stay	126.31230	33.42790
13월봄	shop	126.31184	33.42788
스튜디오13	shop	126.77026	33.47145
연수로13	cafe	126.54648	33.50349
131게스트하우스	stay	126.46343	33.50295
제주로드팡134	cafe	126.40888	33.47252
판포리135	stay	126.19639	33.36477
더해안1373	stay	126.46105	33.44769
스테이해안1373	stay	126.46102	33.44777
북촌14길에머물다	stay	126.69871	33.54978
세화14길	stay	126.86006	33.52056
알14	cafe	126.21419	33.37650
함덕14길해장국	food	126.66591	33.54044
블라썸1407	cafe	126.34754	33.45685
협재1421머물다	stay	126.24683	33.39970
1428펜션	stay	126.24623	33.39953
마레1440	cafe	126.85907	33.52473
로즈마리149	stay	126.67641	33.53931
비자숲길15펜션	stay	126.81195	33.49523
앵글15도	stay	126.59287	33.51346
월령15	cafe	126.21764	33.37626
츄러스1500제주	food	126.47521	33.48459
사라길152민박	stay	126.44271	33.46979
저지1521	stay	126.25237	33.32734
샤아브153	food	126.52297	33.51047
쌍화153	food	126.51999	33.46704
카페153	cafe	126.40043	33.43475
스트릿16	cafe	126.51229	33.51453
제주애월올래16길위의밥상	food	126.42948	33.45599
로비나발리168	stay	126.28531	33.44415
17길	stay	126.40692	33.48107
17번가	bar	126.40488	33.48194
놈놈놈막창과17청춘	food	126.52860	33.50006
루트17	food	126.51488	33.51534
스테이고도17	stay	126.18048	33.30295
전농로17	food	126.51502	33.50464
카페광령올레17	cafe	126.43881	33.46103
협재1714	stay	126.24302	33.39626
플랫172	cafe	126.44811	33.48131
청수1789	stay	126.24630	33.32674
와흘리1798	stay	126.63098	33.49588
맨도롱18	food	126.62371	33.53759
1800무드	cafe	126.56529	33.47175
제주낙산로181	stay	126.23316	33.30861
협재로181-148	stay	126.25598	33.37817
이호18204	stay	126.44724	33.49757
183편의점	shop	126.56830	33.46318
카페1큐84	cafe	126.32315	33.46021
트립1849	bar	126.49064	33.48150
명동칼국수1865	food	126.74704	33.48324
연북로188	cafe	126.50145	33.48139
산물19.1	stay	126.26236	33.39586
시카고부대찌개앤대패가1900아라점	food	126.54066	33.48432
191비어	bar	126.46842	33.50565
진192	food	126.47450	33.48931
1924서까래	stay	126.63721	33.53881
북촌리1925	stay	126.68838	33.52659
진1926	food	126.47450	33.48931
경성주막1929삼화점	bar	126.57409	33.51471
하도하도1929	stay	126.88136	33.52747
1938함덕차관	food	126.66272	33.54281
동양여관1938	stay	126.52092	33.51404
하도1940	cafe	126.88250	33.52765
애플망고1947제주시점	bar	126.50935	33.47152
팽나무1949	stay	126.22844	33.32468
1950스테이	cafe	126.66463	33.45054
1950에어차이나제주	food	126.49596	33.50594
1950하우스	stay	126.77104	33.50171
한라1950	food	126.47317	33.48406
한라산1950동문샵점	shop	126.52480	33.51119
제주슈퍼1963	bar	126.51280	33.50982
1967포차	food	126.58200	33.52143
벵디1967	stay	126.83805	33.53500
별방1974민박	stay	126.88232	33.52631
신촌1974	stay	126.62260	33.53705
주1974	bar	126.59446	33.48948
포다1975	food	126.49955	33.51865
로시1978	stay	126.89882	33.49363
퐁낭아래1978	stay	126.33769	33.46540
이화닭발1979	bar	126.49213	33.48796
더블유와이1981	food	126.52992	33.49911
역전할머니맥주1982제주신산점	bar	126.53155	33.51125
곽지1983	stay	126.30937	33.44412
비1983	bar	126.47410	33.48970
1984케이	food	126.48821	33.47065
노고롯1985	shop	126.19906	33.33922
제주돼지1985	shop	126.54154	33.47729
평대1986	stay	126.83971	33.53302
코멧1987	cafe	126.53104	33.49908
금등스테이199	stay	126.19414	33.35338
바른보쌈1990도남점	food	126.52667	33.49615
바른보쌈1990애월하귀점	food	126.40417	33.48084
빅1992	bar	126.47336	33.48300
2교시술기로운생활	bar	126.54816	33.49458
2도비어	bar	126.54462	33.49386
2실로와	bar	126.53064	33.50400
2에프	food	126.52906	33.50016
2에프쿠치나	food	126.24943	33.40020
2헨느	shop	126.53505	33.48704
갈채2	bar	126.49055	33.48776
거로집2	food	126.55762	33.51502
고산2리복지회신수카페	cafe	126.19842	33.30271
곤밥2	food	126.52766	33.51496
귀아랑2길베이커리카페	food	126.49814	33.49108
금강제주2지점	shop	126.52551	33.51330
깊은바당2	activity	126.46614	33.50574
까망2	shop	126.49027	33.48894
까사린다2민박	stay	126.26562	33.38242
꾼2	bar	126.47596	33.48866
너와랑2층집	stay	126.79268	33.55615
눈에띄네2	shop	126.48077	33.49061
뉴베스트프랜드2	food	126.67687	33.53656
다몰2	stay	126.67262	33.54234
달보드레2	cafe	126.56145	33.50989
더스테이크리스마스한림2	stay	126.26276	33.38183
더아이2	stay	126.83634	33.53599
도두해수파크2층매점	shop	126.47130	33.50860
동화로연탄구이2	food	126.49103	33.47990
디바2	bar	126.49176	33.48602
레몬2	bar	126.53587	33.50555
루나마르2	stay	126.79148	33.55466
망고스틴2	shop	126.52447	33.51281
메가푸드2	food	126.56097	33.46077
멜로디삭스2	shop	126.48966	33.48669
무르무르2	food	126.48773	33.48567
뭉클2	stay	126.69054	33.54818
밀2	shop	126.52463	33.51316
배달삼겹돼지되지제주아라점2	food	126.54534	33.47557
볕이드는곳벧디2호	food	126.48821	33.47065
보이소2	shop	126.48381	33.48791
볼토풀빌라2	stay	126.35971	33.47395
브라운캐빈2민박	stay	126.37533	33.41483
블링블링2	shop	126.52463	33.51316
빌롱스테이2	stay	126.77118	33.55105
빌리지앤딕2	shop	126.49111	33.48857
뽕2	bar	126.48985	33.48924
삼화2차부영아파트입주자대표회의	shop	126.57384	33.51387
삼화포구2	food	126.58910	33.52874
샤인2	shop	126.52463	33.51316
서부2호	activity	126.44996	33.49521
선흘2리마을	heritage	126.71429	33.45691
선흘2리마을회오름보러가게앤카페	cafe	126.71475	33.45691
세화2층	stay	126.85974	33.52410
소나기2	bar	126.49368	33.48964
소나기2	bar	126.52797	33.50086
소소링제주2	stay	126.86545	33.51123
소쿠리2	shop	126.52463	33.51316
소풍이야기2동민박	stay	126.38711	33.48863
속옷천국2	shop	126.22935	33.33577
솔담2	food	126.52974	33.49795
스케쳐스신제주2	shop	126.48973	33.48621
스크루지펍2	bar	126.49084	33.47879
시로2	stay	126.18792	33.34994
시재시재2	stay	126.23088	33.33398
시즌2	shop	126.47852	33.48705
신속풀이2호	food	126.53448	33.51301
써니2	stay	126.91178	33.50087
쏨씨2	shop	126.52463	33.51316
씨사이드뷰2	stay	126.16388	33.32482
아모르하우스2	stay	126.90183	33.50814
애월휴빌리지2호	stay	126.40247	33.43484
어음2리농촌체험휴양마을협의회	stay	126.33863	33.40334
에이치원제주2지점	stay	126.40487	33.43492
에이플러스2	bar	126.48971	33.48506
열려라참깨2	shop	126.55954	33.52238
옛집2	food	126.73567	33.43449
오크하우스2민박	stay	126.35779	33.46602
용두암해수랜드2층매점	cafe	126.50442	33.51611
이아섬2	stay	126.69664	33.48214
인섬스토리2	food	126.22850	33.40494
자유의지2제주혼술바	bar	126.52380	33.51459
자작제주혼술바2	bar	126.49100	33.48728
제2수북호	activity	126.19206	33.35581
제라2	shop	126.40511	33.48141
제이2	shop	126.41247	33.48292
제이풀수영장2호	activity	126.48871	33.47514
제이피랜드2	activity	126.63735	33.44900
제주도푸른바다2민박	stay	126.87871	33.52748
제주여행자2층	cafe	126.26293	33.41054
제주화랑펜션2층집	stay	126.46505	33.46056
카페해원2	food	126.51192	33.51560
캐슬블랙스톤2민박	stay	126.42185	33.48547
코코스2	stay	126.24246	33.39250
키라키라서월2	shop	126.31786	33.46447
키미디2	shop	126.52330	33.51010
통나무민박2	stay	126.36610	33.41050
트윈트리2	stay	126.39190	33.42645
파리바게뜨삼화2지구점	food	126.58098	33.51678
폰아울렛2	shop	126.53263	33.51319
푸른초장2출장부페	food	126.39403	33.41370
풍차와노을2호	stay	126.17301	33.34058
프렌즈2	shop	126.52361	33.51192
하귀2리마을향토음식점	food	126.39244	33.48578
하귀2어패럴	shop	126.40135	33.48006
하이제주2	shop	126.48881	33.48610
한솔비치빌2민박	stay	126.30977	33.46359
한울모텔2	stay	126.43050	33.44313
함스치킨앤숯불바베큐2호	food	126.51393	33.51035
호박2스테이민박	stay	126.22969	33.38902
혼디2민박	stay	126.36463	33.47429
홍모란2	bar	126.49117	33.48967
휴식2	stay	126.18780	33.34965
흙집휴2민박	stay	126.39025	33.45610
20세기소년	cafe	126.52960	33.50141
제20회 한국후계농업경영인 전국대회	event	126.35666	33.36639
2003신덴뿌라떡볶이	food	126.49137	33.48752
발레나리조트201	stay	126.33171	33.38669
2010제주상춘재	food	126.54592	33.46993
2010홍포차	bar	126.26475	33.40999
스위스마을202동	stay	126.67665	33.49485
빈2020	cafe	126.16734	33.32117
이영이영2020신창	stay	126.18356	33.34659
카페힐섬2020	cafe	126.64090	33.53956
삼양2022	stay	126.58076	33.52262
응다팔아2023	food	126.53263	33.51349
2024 오백장군갤러리 기획전 《돌·바람 그리고 돌챙이》	event	126.66400	33.44665
2025제주	food	126.52794	33.50331
2025 음악실연자 페스티벌	event	126.52467	33.51818
2025 성안올레 걷기 축제	event	126.54620	33.51604
2025 제주 반려동물 문화산업 한마당	event	126.52386	33.49188
2026 제주올레걷기축제	event	126.64219	33.54052
2026 제5회 제주비엔날레 허끄곡 모닥치곡 이야홍 : 변용의 기술	event	126.48969	33.45255
판포2060	stay	126.20826	33.35948
선흘리2085	cafe	126.70011	33.48686
21금동호	activity	126.26096	33.42306
2투1카페	cafe	126.49349	33.48907
고하상로21스테이	stay	126.34267	33.46291
별방21	stay	126.88500	33.52540
서사로21길	cafe	126.52115	33.49867
시안21	food	126.54408	33.47360
엠21	shop	126.52975	33.49821
올래21민박	stay	126.86308	33.52089
요하마라21제주	food	126.53514	33.49227
착한소21	food	126.54240	33.50382
레이지리자드동행212동	bar	126.67638	33.49515
디오션시티2차1205호;1222호	stay	126.49162	33.48447
바다낚시21C	shop	126.46204	33.49504
씨2떠블유2	cafe	126.48644	33.48159
피어22	food	126.22781	33.38997
동행2단지216호	stay	126.67665	33.49485
2월22일	cafe	126.51715	33.49411
까사델마마223	food	126.61526	33.53598
온도23	stay	126.83813	33.53579
233빈티지	shop	126.52555	33.51405
조천234	bar	126.63776	33.53639
24시	activity	126.52567	33.51472
24시국수회관	food	126.51843	33.50877
24시누름돌김치찌개	food	126.49582	33.48553
24시누름돌생고기김치찌개용담점	food	126.50960	33.50854
24시뼈다귀탕	food	126.48374	33.48277
24시뼈다귀탕	food	126.49175	33.49008
24시얼큰시원생고기김치찌개	food	126.47725	33.48694
24시얼큰시원생고기김치찌개아라점	food	126.54462	33.47669
24시얼큰시원생고기김치찌개외도점	food	126.43107	33.48513
24시얼큰시원생고기김치찌게	food	126.54245	33.50342
24시잉크은행	shop	126.46387	33.49358
24시제주해장국	food	126.48972	33.48572
24시제주해장국	food	126.49155	33.49008
김씨감자탕24시해장국	food	126.48084	33.48436
다온24시	shop	126.56733	33.51859
불타는여고24시떡볶이구좌성산점	food	126.89244	33.49871
불타는여고24시떡볶이도남점	food	126.52168	33.49633
불타는여고24시삼화점	food	126.57571	33.51477
불타는여고24시한림점	food	126.26577	33.42297
블루24	shop	126.52678	33.51745
사거리24시편의점	shop	126.52632	33.50864
서울24시	food	126.52935	33.49632
아라주는분식24시	food	126.54408	33.47360
애월바다24	stay	126.34747	33.47186
오름24펄리호텔이데아점	shop	126.45477	33.46432
오케이마트24	shop	126.53299	33.49847
이모24시해장국	food	126.85466	33.52465
전자담배할인매장라운지24제주연동점	shop	126.49185	33.48749
제로24	shop	126.43125	33.48609
제원24시뼈감자탕	food	126.48924	33.48850
제일24시편의점	shop	126.52698	33.51362
제주24시꽃집가원플라워	shop	126.51328	33.50031
제주밤밤24가라오케앤나이트	bar	126.48881	33.48610
꽃24시BY유유현	shop	126.49043	33.48558
25시아로마	shop	126.49214	33.48676
구엄25시편의점	shop	126.37589	33.47452
제주도게스트하우스파티어울림25오션뷰점	stay	126.47334	33.50909
지에스25곽지	shop	126.30431	33.44860
지에스25구남	shop	126.53345	33.48813
지에스25금능해수욕장점	shop	126.23278	33.38892
지에스25금악중앙	shop	126.29438	33.35776
지에스25김녕	shop	126.73909	33.55441
지에스25김녕세기알점	shop	126.75535	33.55684
지에스25남조로점	shop	126.67673	33.42284
지에스25노형	shop	126.48528	33.48273
지에스25노형	shop	126.48528	33.47651
지에스25노형	shop	126.47638	33.48163
지에스25노형광평점	shop	126.47095	33.48150
지에스25노형라자점	shop	126.47758	33.48703
지에스25노형시그니처점	shop	126.48529	33.48132
지에스25노형월광점	shop	126.46403	33.48413
지에스25노형한빛점	shop	126.48138	33.48394
지에스25뉴제주아라점	shop	126.54526	33.47159
지에스25대천교차로점	shop	126.73499	33.43551
지에스25대흘중산간점	shop	126.65832	33.49912
지에스25도남	shop	126.52807	33.49291
지에스25도남성환점	shop	126.52828	33.49567
지에스25도남수선화	shop	126.53083	33.49134
지에스25도련	shop	126.59139	33.50674
지에스25도련	shop	126.58883	33.51165
지에스25도련해피점	shop	126.59434	33.50169
지에스25동광로점	shop	126.53049	33.50111
지에스25비양도선착장점	shop	126.26277	33.41978
지에스25삼도	shop	126.52485	33.50549
지에스25삼도관덕점	shop	126.52067	33.51165
지에스25삼도동양점	shop	126.52323	33.50153
지에스25삼도서광로점	shop	126.52019	33.50012
지에스25삼양	shop	126.58591	33.52420
지에스25삼양포구점	shop	126.58932	33.52880
지에스25삼화	shop	126.57953	33.51634
지에스25삼화지구점	shop	126.58008	33.51444
지에스25서부일주로점	shop	126.35242	33.46711
지에스25서사라점	shop	126.51966	33.50349
지에스25송당	shop	126.77611	33.47031
지에스25신산공원점	shop	126.53521	33.50626
지에스25신촌포구점	shop	126.61982	33.53769
지에스25아라	shop	126.55261	33.47860
지에스25아라	shop	126.54153	33.47048
지에스25아라영평점	shop	126.55922	33.48189
지에스25아라타운점	shop	126.54573	33.47606
지에스25애월가문동점	shop	126.39389	33.48360
지에스25애월구엄점	shop	126.37732	33.48402
지에스25애월모닝시티점	shop	126.41457	33.48641
지에스25애월수산점	shop	126.39265	33.46631
지에스25애월신엄	shop	126.35398	33.47704
지에스25애월신엄포구점	shop	126.35281	33.47358
지에스25애월중점	shop	126.32326	33.46389
지에스25엔제주탐라	shop	126.49556	33.47778
지에스25엘리시안점	shop	126.37991	33.37142
지에스25연동	shop	126.49185	33.48749
지에스25연동	shop	126.49517	33.48338
지에스25연동누리안	shop	126.49607	33.48447
지에스25연동달그네	shop	126.49048	33.48570
지에스25연동모디움점	shop	126.48842	33.49038
지에스25연동바다	shop	126.48922	33.48874
지에스25연동베스트점	shop	126.48848	33.49202
지에스25연동삼무점	shop	126.49177	33.49009
지에스25연동시그니처점	shop	126.49001	33.47992
지에스25연동신광점	shop	126.48656	33.48982
지에스25연동신라점	shop	126.48679	33.48618
지에스25연동에코티엘점	shop	126.48763	33.48905
지에스25연동은수길점	shop	126.48732	33.46942
지에스25오드리인호텔점	shop	126.46018	33.50307
지에스25오라연미점	shop	126.50993	33.48768
지에스25오라초등학교점	shop	126.51323	33.48813
지에스25외도	shop	126.43143	33.48688
지에스25외도	shop	126.42755	33.48611
지에스25외도우정점	shop	126.42984	33.49268
지에스25외도월대점	shop	126.43345	33.49232
지에스25외도타운점	shop	126.42928	33.49047
지에스25외도해담은점	shop	126.43381	33.48937
지에스25용담	shop	126.51343	33.50528
지에스25용담해안로점	shop	126.49338	33.51947
지에스25용담호반써밋점	shop	126.51162	33.51443
지에스25월정포구점	shop	126.79436	33.55650
지에스25이도	shop	126.53604	33.49735
지에스25이도	shop	126.55161	33.49452
지에스25이도	shop	126.53446	33.49559
지에스25이도	shop	126.52622	33.50222
지에스25이도구남점	shop	126.53648	33.48990
지에스25이도신설점	shop	126.54209	33.49405
지에스25이도타운점	shop	126.54653	33.49496
지에스25일도연수중길점	shop	126.54539	33.50334
지에스25일도지구점	shop	126.54887	33.50053
지에스25제대	shop	126.56206	33.46036
지에스25제주	shop	126.53010	33.49838
지에스25제주	shop	126.42608	33.43435
지에스25제주	shop	126.52612	33.51128
지에스25제주	shop	126.53973	33.48962
지에스25제주	shop	126.52956	33.49940
지에스25제주	shop	126.52445	33.51266
지에스25제주	shop	126.52245	33.50947
지에스25제주	shop	126.45414	33.45953
지에스25제주	shop	126.54245	33.50342
지에스25제주간드락점	shop	126.54376	33.48549
지에스25제주고마로점	shop	126.54014	33.50846
지에스25제주공룡랜드점	shop	126.43085	33.44557
지에스25제주과원점	shop	126.48884	33.47652
지에스25제주곽지점	shop	126.30506	33.44888
지에스25제주관광대점	shop	126.43598	33.44794
지에스25제주관덕정점	shop	126.52110	33.51332
지에스25제주구남	shop	126.53662	33.48759
지에스25제주구남점	shop	126.53571	33.48580
지에스25제주귀일중점	shop	126.40534	33.48062
지에스25제주그랜드점	shop	126.48774	33.48355
지에스25제주난타파크점	shop	126.54792	33.44582
지에스25제주남녕점	shop	126.48148	33.49035
지에스25제주노형중점	shop	126.47437	33.47966
지에스25제주대흘점	shop	126.65913	33.49776
지에스25제주도남대로점	shop	126.52649	33.49240
지에스25제주도남점	shop	126.52930	33.49010
지에스25제주동광점	shop	126.54488	33.49962
지에스25제주동문	shop	126.52895	33.51210
지에스25제주동여중점	shop	126.53961	33.50285
지에스25제주메종글래드호텔점	shop	126.48890	33.48561
지에스25제주무근성점	shop	126.51940	33.51501
지에스25제주바오젠점	shop	126.49034	33.49013
지에스25제주반딧불점	shop	126.27009	33.31738
지에스25제주방림원	shop	126.26752	33.33694
지에스25제주보성점	shop	126.52816	33.50163
지에스25제주복합체육관점	shop	126.51997	33.49422
지에스25제주봉성점	shop	126.31267	33.41890
지에스25제주비자숲길점	shop	126.81097	33.49316
지에스25제주삼무점	shop	126.48953	33.49111
지에스25제주삼성로점	shop	126.53658	33.51042
지에스25제주삼양초교점	shop	126.58557	33.51976
지에스25제주서부관광점	shop	126.45135	33.46300
지에스25제주선흘점	shop	126.70611	33.51008
지에스25제주세화	shop	126.85907	33.52473
지에스25제주신대로점	shop	126.49837	33.48374
지에스25제주신협연	shop	126.35445	33.47064
지에스25제주씨앤호텔점	shop	126.44705	33.49361
지에스25제주아로마점	shop	126.49203	33.48516
지에스25제주애월점	shop	126.31943	33.46473
지에스25제주연북점	shop	126.49014	33.48089
지에스25제주영락점	shop	126.54167	33.51095
지에스25제주와흘점	shop	126.66168	33.46068
지에스25제주용담점	shop	126.51408	33.51075
지에스25제주용화점	shop	126.50627	33.50974
지에스25제주용흥점	shop	126.51224	33.51230
지에스25제주우령점	shop	126.42631	33.49061
지에스25제주원	shop	126.48255	33.48680
지에스25제주원당점	shop	126.59259	33.52911
지에스25제주월산타운점	shop	126.46080	33.47575
지에스25제주유수암점	shop	126.40192	33.44237
지에스25제주유정점	shop	126.52176	33.49864
지에스25제주이도	shop	126.53322	33.49990
지에스25제주인화점	shop	126.53907	33.50664
지에스25제주조수점	shop	126.22989	33.33607
지에스25제주중앙여중점	shop	126.52076	33.50588
지에스25제주중앙중점	shop	126.49968	33.48680
지에스25제주진군점	shop	126.47920	33.47779
지에스25제주청귤로점	shop	126.53837	33.49968
지에스25제주코아루	shop	126.53794	33.51249
지에스25제주탑동	shop	126.52499	33.51637
지에스25제주평대점	shop	126.85064	33.52420
지에스25제주하가타운점	shop	126.34891	33.45676
지에스25제주하귀점	shop	126.41188	33.48604
지에스25제주한경점	shop	126.25612	33.33127
지에스25제주한림항점	shop	126.26159	33.41573
지에스25제주한수풀점	shop	126.26470	33.41805
지에스25제주함덕	shop	126.66950	33.54249
지에스25제주협재점	shop	126.24025	33.39296
지에스25조천상록점	shop	126.63953	33.54067
지에스25코난비치점	shop	126.81102	33.55666
지에스25크라운점	shop	126.49317	33.49049
지에스25탐라스테이점	shop	126.39125	33.48692
지에스25탑동	shop	126.52670	33.51751
지에스25하귀	shop	126.41525	33.48264
지에스25한담애월점	shop	126.31120	33.46004
지에스25한라	shop	126.48491	33.49027
지에스25한라대학점	shop	126.47801	33.47614
지에스25한라수목원점	shop	126.49193	33.47055
지에스25한라체육관점	shop	126.51405	33.49912
지에스25한림귀덕	shop	126.27749	33.44065
지에스25한림금능점	shop	126.23167	33.38662
지에스25한화리조트제주점	shop	126.63735	33.44900
지에스25함덕골든튤립점	shop	126.66686	33.54240
지에스25함덕해안도로점	shop	126.66387	33.54320
지에스25해녀박물관점	shop	126.86260	33.52349
지에스25협재	shop	126.24326	33.39591
지에스25협재	shop	126.24108	33.39463
지에스25화북거로	shop	126.56175	33.50663
추자바다25시	stay	126.31503	33.94483
지에스2525연동	shop	126.48931	33.48121
신촌2548	stay	126.61757	33.53462
지에스25삼화LH점	shop	126.58496	33.51392
지에스25한림LH점	shop	126.26703	33.42053
2시6분	cafe	126.78442	33.47131
2시6분꽐라의밤	bar	126.78442	33.47131
테우로26	stay	126.43773	33.49562
쇼어261	stay	126.18844	33.34660
욷262	food	126.94288	33.50341
삼무로27	shop	126.48958	33.49015
혼디인2714	cafe	126.21530	33.32446
272커피	cafe	126.52543	33.49978
소파279	shop	126.52002	33.51022
28페이지	shop	126.49032	33.48872
에스티28	shop	126.51842	33.49847
브레드2805	food	126.48585	33.49159
로당29	food	126.54629	33.49440
제주29애월풀빌라	stay	126.32113	33.43267
회스토리29	food	126.51971	33.50602
299계란	shop	126.53916	33.49723
스쿨존2PC방	activity	126.52530	33.50686
3인칭관찰자시점	cafe	126.18119	33.34975
3컨셉	shop	126.54124	33.49058
3플로어	food	126.52870	33.49972
가람3	shop	126.47291	33.49641
더3스페이스	cafe	126.38067	33.39941
띠아모제주공항3층	cafe	126.49596	33.50594
미스틱3도	cafe	126.48738	33.45002
민주3하니하우스	stay	126.61921	33.53725
설문대할망큘라3	food	126.65672	33.45138
세담집3	stay	126.40350	33.43466
스텔라3호	activity	126.18210	33.34862
신촌3길	bar	126.61862	33.53377
유수암쉘3	stay	126.40278	33.43509
유신종합마트3	shop	126.52706	33.51258
제주하늬바람3민박	stay	126.36675	33.44940
종로3가감자탕	food	126.48646	33.48910
풀꽃3	stay	126.89318	33.51130
3.4.1	shop	126.47575	33.48945
3.4.1.	stay	126.46293	33.47996
30년일소추어탕	food	126.49447	33.48958
30년할매닭발	food	126.54319	33.50250
30년할매닭발	food	126.47246	33.48477
30년할매닭발구제주점	food	126.53042	33.49745
30년할매닭발삼화점	food	126.58028	33.51628
30년할매닭발외도점	food	126.43067	33.48898
하귀로30번가	bar	126.40054	33.47998
제30회 제주국제관광마라톤축제	event	126.76012	33.55597
301작업실	shop	126.52044	33.51215
플래닛3010	stay	126.18939	33.35001
버거307협재점	food	126.24025	33.39296
버거307제주&치킨플러스	food	126.66686	33.54240
스테이308	stay	126.36526	33.44629
애월309뷰스테이	stay	126.40434	33.42625
31호	shop	126.52463	33.51316
대수길31	stay	126.83742	33.53689
배스킨라빈스31	food	126.54103	33.50506
웨스트311	cafe	126.25484	33.31740
웃뜨르협재312	stay	126.25635	33.38567
밭318	cafe	126.96637	33.49829
웨스트32	stay	126.45785	33.50155
하비32	food	126.25955	33.40903
하도하도3200	stay	126.86452	33.52473
서광로32길27	food	126.52926	33.49837
33떡볶이용담점	food	126.50536	33.50968
노형3길3	food	126.47421	33.48193
동문로33	bar	126.53025	33.51308
로드33	cafe	126.49737	33.48662
제주33락볼링장	activity	126.49562	33.49218
헨느33	shop	126.47516	33.48481
스테이3355	stay	126.69079	33.51475
판포삼삼오오판포3355	stay	126.20789	33.36658
337흑돼지캠핑처럼	food	126.54596	33.50219
339베이커리	food	126.50475	33.49401
339빠	bar	126.43171	33.49373
339오라	shop	126.50942	33.48246
339제과점	food	126.50942	33.48246
애월339	food	126.32191	33.46043
오라339	cafe	126.50942	33.48246
외도339	cafe	126.43172	33.49377
외도339애월점	food	126.32191	33.46043
외도339오이디오339	cafe	126.43171	33.49373
353숯불갈비	food	126.70141	33.51092
와흘354	cafe	126.64410	33.47456
스테이36	bar	126.47900	33.48944
스테이36	stay	126.37554	33.47075
하도36	stay	126.88945	33.52614
36.5도여름	food	126.32824	33.43940
365건강온누리약국	shop	126.52821	33.50074
365더바삭	food	126.53448	33.48569
365매일약국	shop	126.56976	33.51942
365모바일월드	shop	126.53676	33.51407
365무인샵	shop	126.49405	33.48858
365약국	shop	126.46605	33.50401
365열린약국	shop	126.47662	33.48381
365온누리약국	shop	126.53750	33.50462
365통신	shop	126.49388	33.48959
닥터365	shop	126.52245	33.51756
스토어365제주	shop	126.48311	33.48136
열린365약국	shop	126.47660	33.48380
올리고365스토어제주총판	shop	126.52393	33.49960
한라컴365	activity	126.47027	33.48256
369민박	stay	126.33378	33.42437
369와흘	stay	126.64600	33.47371
이호랑37	stay	126.45042	33.49651
월정3739게스트하우스	stay	126.78819	33.55546
374신엄	stay	126.37850	33.46148
올레374	shop	126.52511	33.51296
3748스테이	stay	126.27584	33.43660
소덕38막창곱창	food	126.49026	33.48088
읍천리382제주연동점	cafe	126.49006	33.48154
읍천리382제주점	cafe	126.53608	33.49574
매그386	shop	126.52943	33.49882
디저트39	cafe	126.54897	33.49423
디저트39제주시청	cafe	126.52986	33.50136
디저트39제주아라점	cafe	126.54589	33.47387
디저트39제주연동	cafe	126.49001	33.47992
디저트39제주화북점	cafe	126.57295	33.52066
제주39포차	food	126.52984	33.49832
하도39	food	126.88945	33.52614
하도39	stay	126.86931	33.52402
393핏스트릿	shop	126.52463	33.51316
제주하늬바람4민박	stay	126.36675	33.44940
코삿4민박	stay	126.38081	33.48277
프라이빗애월4호	stay	126.39727	33.44784
함덕남4길別天地	stay	126.66841	33.52833
제대4거리편의점;마트;휴게소	shop	126.55078	33.45615
가령로40	food	126.53640	33.50076
밥싸롱진군길40	food	126.48076	33.47849
애월숲에403	stay	126.44585	33.45164
노형프레스티지404	stay	126.48211	33.48705
롯데관광개발한컬렉션408호	shop	126.48147	33.48526
평대41번가	stay	126.84281	33.53299
스위스마을412동;미노르	shop	126.67607	33.49388
파우제419펜션	stay	126.38757	33.43589
김밥천국앤테그42외도점	food	126.43123	33.48770
426호프	bar	126.53508	33.48933
제주4·3평화공원	nature	126.61775	33.44982
행원433	stay	126.81457	33.54821
발레나리조트434-5	stay	126.33123	33.38676
와이브로436	activity	126.52802	33.47950
발레나리조트436-5	stay	126.33149	33.38663
레인보울45도	cafe	126.50915	33.50935
영하45삼양해수욕장점	shop	126.58964	33.52200
450고지삼계탕흑염소탕	food	126.43695	33.42345
구엄450	stay	126.38443	33.48584
구엄450스테이	stay	126.38468	33.48576
협재45m	stay	126.24341	33.39734
유수암서길46	stay	126.39243	33.42850
느루462	stay	126.64917	33.54467
커피473	cafe	126.54071	33.49943
카페477플러스	cafe	126.85605	33.52702
함덕리486	shop	126.66470	33.54282
금성487	stay	126.30153	33.44788
옹포490	stay	126.25177	33.40523
저지리498맛나게드시게	food	126.25570	33.34247
4B화방	shop	126.53824	33.48886
4D게임랜드	activity	126.49057	33.48838
5길	cafe	126.84225	33.53188
5자매식당	food	126.86546	33.51877
당근골프존파크스크린5	activity	126.54291	33.50260
50센트	shop	126.47830	33.48582
으뜸50안경	shop	126.53628	33.49238
500로플	food	126.25514	33.40614
고도500	food	126.55491	33.43650
사이드가500원인닭다리살치킨집구제주점	food	126.53500	33.49113
난타5000연동신광점	food	126.48520	33.49185
난타5000피자	food	126.62301	33.53516
발레나풀빌라501	stay	126.33165	33.38696
팜스빌리지501	stay	126.28535	33.44258
스테이다랑쉬502	stay	126.80775	33.49569
5060아방궁	bar	126.26374	33.41750
대경엘리시아5차1동	stay	126.38958	33.48350
마켓51	shop	126.52794	33.50331
카페512	cafe	126.54432	33.50075
513텐동	food	126.53706	33.49029
513텐동	food	126.43999	33.49577
516점빵	shop	126.56528	33.44248
52번가	cafe	126.52701	33.49570
52번가커피하우스	cafe	126.52701	33.49568
하우목길52	stay	126.94867	33.51335
김군524게스트하우스	stay	126.79128	33.55663
호텔리젠트마린블루제주527호	stay	126.52678	33.51745
본비봉5272	food	126.48821	33.47065
제주532	food	126.58674	33.52552
제주532스테이	stay	126.58674	33.52552
함덕535	stay	126.66709	33.54170
데이즈호텔제주537	stay	126.53429	33.49350
54번가	shop	126.40173	33.43552
두모542	stay	126.19744	33.34089
스테이552	stay	126.65332	33.47516
블루로즈553	cafe	126.22848	33.33805
핑크로즈553	stay	126.22848	33.33805
한림로555	food	126.52697	33.49953
탐탐56	stay	126.86635	33.51583
청수560	stay	126.25321	33.31761
제이5678	shop	126.52848	33.50253
추자로577	food	126.53093	33.49739
아연581	food	126.54134	33.47773
함덕592자갈마당	food	126.67269	33.53971
5day향	shop	126.30000	33.35742
5L2F	cafe	126.63355	33.49393
레인보우6제주이야기	food	126.47830	33.48582
씨유제주삼화부영6차점	shop	126.58433	33.51580
오디너리6	cafe	126.47760	33.48361
풀스토리6	stay	126.20569	33.36720
피엠6:00오후여섯시민박	stay	126.30769	33.45218
60계제주	food	126.52845	33.49886
60계제주아라점	food	126.54884	33.47520
60계치킨제주	food	126.47830	33.48821
샤인히얼60	stay	126.32051	33.43210
발레나풀빌라601	stay	126.33142	33.38686
비자림로606가든국밥	food	126.67491	33.43425
제주센트럴시티호텔608호	stay	126.48712	33.48576
야키토리6126	bar	126.53781	33.50565
벌랑616	stay	126.57801	33.52551
622쥬얼리	shop	126.47464	33.48941
벵디626	stay	126.70798	33.48839
금능630하우스	stay	126.23122	33.38698
금등641	shop	126.19325	33.36389
646미터퍼세크	stay	126.19337	33.36274
아일랜드프로젝트646미터퍼세크	cafe	126.19337	33.36274
펍65	cafe	126.52627	33.51333
6585스테이	stay	126.35656	33.46766
67이자카야	bar	126.51974	33.50700
카페679	cafe	126.70350	33.44779
6월9일	bar	126.49178	33.48541
종로69	food	126.47364	33.48539
더블유699	stay	126.79159	33.55806
7밀리그램	food	126.28356	33.37436
7번가피자	food	126.66415	33.54225
7번가피자제주	food	126.53864	33.49650
7번가피자제주삼화점	food	126.58712	33.52112
7번가피자제주애월점	food	126.32277	33.46089
7번방의선물	stay	126.32264	33.42739
7일레븐	shop	126.26127	33.41543
게스트하우스7	stay	126.51115	33.50892
공간7	stay	126.75112	33.43390
구남로7길	bar	126.53486	33.49272
스테이장유7	stay	126.39575	33.45218
씨유제주부영7차점	shop	126.58209	33.51703
애월7일	cafe	126.33121	33.43812
오롯7	stay	126.40014	33.42359
제7화원호	activity	126.46594	33.50120
카페7	cafe	126.51115	33.50892
한식7번가	food	126.49137	33.48752
7-ELEVEN제주애월	shop	126.43643	33.46401
7.7노래연습장	activity	126.48963	33.48370
제주배짱이70	food	126.47641	33.48177
궁전7080	bar	126.26493	33.41549
라페스타7080	bar	126.53858	33.50539
마카오라이브7080	bar	126.48254	33.48516
쑤니에7080	bar	126.50616	33.51610
연동블루스7080라이브	bar	126.49180	33.48562
인동마을7080	food	126.49320	33.49002
708090째즈스토리	bar	126.50616	33.51610
708090째즈스토리용담점	bar	126.50616	33.51610
7090정라이브	food	126.50616	33.51610
71금돈	food	126.57254	33.51927
하도718	stay	126.88793	33.51783
72꼬지	food	126.17962	33.30407
720호	stay	126.49162	33.48447
샤카바7235	food	126.86001	33.52414
나나이로73	shop	126.85882	33.52150
해안735민박	stay	126.46328	33.45955
73st	cafe	126.45514	33.45703
북촌740	stay	126.69853	33.54675
종달리746	cafe	126.90252	33.49188
보잉747	bar	126.48941	33.48155
세화757	stay	126.86043	33.51429
커피스타76/모든정수기	shop	126.46631	33.46631
메종761	stay	126.25772	33.33514
777홀덤아레나	food	126.49123	33.48771
고집78	food	126.35779	33.47462
제78피싱호	shop	126.51691	33.51478
79대포제주	bar	126.54312	33.50263
79대포제주	bar	126.52965	33.49923
우도79	stay	126.94927	33.51336
7SevenBet	activity	126.47916	33.47652
8번게이트	food	126.52606	33.51174
광양8길무한대패	food	126.52860	33.50006
씨유제주삼화부영8차점	shop	126.58160	33.51552
제주8번지	stay	126.77901	33.51364
행원8	stay	126.78529	33.50645
오아시스80	cafe	126.30971	33.46300
포크80	food	126.48419	33.48624
포레스트813	stay	126.25038	33.37313
제주8월14일	stay	126.26401	33.37234
플러스82제주점	food	126.48353	33.48746
스테이821	stay	126.62902	33.53171
라마다호텔825호	stay	126.65988	33.54315
메이83	food	126.58229	33.51980
옹포83	food	126.25498	33.40471
8길5게스트하우스	stay	126.66225	33.54277
88국밥	food	126.50994	33.51251
88돼지	food	126.48961	33.48933
88로스터즈	cafe	126.56349	33.52586
88바	food	126.52591	33.51520
88버거제주	food	126.46048	33.48558
88양곱창	food	126.54212	33.50192
88제육신제주점	food	126.48555	33.48042
고깃리88번지제주도남점	food	126.52804	33.49540
아싸88분식	food	126.48848	33.48609
대흘오길88-11	stay	126.66935	33.49678
888당구클럽	activity	126.85502	33.52663
89커피	cafe	126.43003	33.48709
조천892	stay	126.63689	33.53444
북촌9길스낵	food	126.69517	33.54864
안길9	cafe	126.46745	33.48403
9.81 파크 제주	activity	126.36652	33.39007
9.81파크 <그래비티 퀘스트 제주>	event	126.36739	33.39090
9.81파크 <981 메이데이>	event	126.36739	33.39090
덮밥90도씨	food	126.49149	33.48623
제주901	stay	126.48628	33.45289
커피91로	cafe	126.53550	33.50582
제주시애월읍916	bar	126.31715	33.46492
신촌9길16-1	stay	126.62309	33.53589
닭날개92	food	126.49178	33.48541
우도해녀922	food	126.96469	33.51283
시청924	food	126.52872	33.49876
낙원93	food	126.54754	33.49447
우도로93	food	126.95383	33.50084
941헤르쯔	cafe	126.48506	33.48533
9와4분의3	shop	126.66414	33.54202
평대리943TuCasa	stay	126.84429	33.52277
957해물짬뽕	food	126.39703	33.48273
제주96아2701	food	126.51088	33.50676
와흘972	stay	126.63258	33.49629
소길리안974	stay	126.37844	33.41819
99육회본가화북점	food	126.57231	33.51978
어도99	stay	126.30893	33.41036
제주995	stay	126.44120	33.45337
트랙9cosmetic&트랙9마음심리상담센터컬러테라피;YOGA상담	shop	126.52774	33.49028
곽지길가온A민박	stay	126.30512	33.44934
솔베이지A동민박	stay	126.41798	33.44654
아뜨네A민박	stay	126.41624	33.47584
아모르데이A	stay	126.87599	33.52888
아템파우제A	stay	126.25772	33.35046
포니제주A	stay	126.67944	33.43156
제주특산물A.B.C	shop	126.48936	33.48393
한일가전제품A/S센터	shop	126.54048	33.49868
ABC마트	shop	126.48969	33.48713
ABC 에이팩토리베이커리카페	cafe	126.52324	33.51668
ABC마트 제주칠성점	shop	126.52558	33.51374
ABC마트 GS제주칠성	shop	126.52558	33.51374
ABC마트 GS 제주본점	shop	126.49048	33.48608
ABC마트 GSA 신제주연동점	shop	126.48965	33.48708
ABC마트 SP 제주시청점	shop	126.52964	33.49947
ABC마트 ST제주연동	shop	126.48980	33.48982
ABC마트 ST제주칠성	shop	126.52535	33.51526
애월하타AEWOL.HATA민박	stay	126.31148	33.44506
AK골프 제주점	shop	126.50972	33.48149
함덕달자게스트하우스and펜션	stay	126.67968	33.54130
AND 유 CAFE	cafe	126.25421	33.40460
루Archive	shop	126.96321	33.50172
AristoCat	stay	126.49450	33.51981
Ark	shop	126.54534	33.49463
쌤소ATSIS제주	shop	126.48184	33.48244
협재AUBE	stay	126.24176	33.39353
안녕김녕씨b	stay	126.73117	33.55944
곽지길가온B민박	stay	126.30512	33.44934
그섬에B민박	stay	126.42847	33.44849
메종드그린B	stay	126.37633	33.42502
비지에프리테일B웰스토리제주점	shop	126.42924	33.48958
신엄안길B	stay	126.36510	33.47305
아뜨네B민박	stay	126.41624	33.47584
협재해변B	stay	126.24861	33.38809
시청B.B노래연습장	activity	126.52872	33.49876
B&B실내	activity	126.53553	33.51664
애월B612	stay	126.43715	33.46644
곽지Bar다	food	126.30446	33.44784
BB노래연습장	activity	126.52496	33.51613
BBQ신연동점	food	126.48887	33.47871
BBQ치킨피자카프리	food	126.66443	33.54239
BBQ하귀애월점	food	126.39957	33.48046
빔클라우드beamcloud	cafe	126.30103	33.44757
BestSwing스크린골프	activity	126.59049	33.50982
BOBOS	stay	126.52781	33.51585
곱닥Book닥	shop	126.52463	33.51316
BRM연구소제주지회	shop	126.54247	33.49879
BS시스템	shop	126.40103	33.47841
BS제주	shop	126.49046	33.50140
캔들BuenOlor	shop	126.52689	33.51442
올리브안경갤러리By아이피아	shop	126.51953	33.50013
BYC제주점	shop	126.52867	33.51313
럭키BYC	shop	126.52582	33.51183
중앙BYC	shop	126.52424	33.51152
BYC.속옷나라	shop	126.26453	33.41229
그섬에C민박	stay	126.42847	33.44849
스웨덴펜션제C동호	stay	126.26087	33.39088
제주힐C.C	activity	126.59948	33.43831
세진C&C마트	shop	126.56482	33.51902
대우C&M총판제주지사	shop	126.49837	33.48374
제주센터CafeN	shop	126.50279	33.51528
라온CC	activity	126.27827	33.34462
세븐일레븐제주타미우스CC점	shop	126.49403	33.48556
프렌즈스크린하광로CC	activity	126.41729	33.47842
하광로CC	activity	126.41729	33.47842
게임토피아CGV제주점	activity	126.52725	33.50010
시루엘로Ciruelo	shop	126.51888	33.50729
CJ푸드빌빕스제주연동	food	126.49260	33.49349
애월COAST.34	stay	126.36940	33.47557
제주COD챔피온	shop	126.52517	33.51466
쿠키키cookiki	cafe	126.40553	33.48213
제주CPR골프놀이터용품점	shop	126.43111	33.48466
cu신제주점	shop	126.49321	33.48964
cu이호테우해변점	shop	126.45197	33.49691
cu제주연동아랑점	shop	126.49473	33.48485
cu제주연동중앙점	shop	126.49178	33.48638
cu제주은남점	shop	126.49334	33.48795
cu제주제원점	shop	126.49031	33.48804
cu제주한림항점	shop	126.26329	33.41644
cu제주협재제천점	shop	126.23962	33.39359
CU제주와산리점	shop	126.67285	33.49178
CU제주전농로점	shop	126.51651	33.50461
CU제주행복날개주유소점	shop	126.49757	33.50505
CU 도두항점	shop	126.46642	33.50401
CU 제주애월한담점	shop	126.31227	33.46218
CU 제주연오로점	shop	126.50132	33.48335
CU 제주열린점	shop	126.48798	33.49021
CU 제주항국제여객터미널	shop	126.54408	33.52584
스웨덴펜션제D동호	stay	126.26087	33.39088
D.SDEMOO	shop	126.49027	33.48894
디원나인세븐D197	cafe	126.46285	33.50162
D3스쿨	shop	126.58028	33.51628
Dallang-jeju(달랑제	shop	126.89199	33.51126
천냥하우스DC마트	shop	126.26484	33.41551
디마노dimano	shop	126.52362	33.51464
DMG	shop	126.47668	33.49341
감성Dorm	stay	126.30565	33.42932
꿈DREAM	shop	126.47807	33.47781
꿈DREAM정실점	shop	126.50982	33.46698
노티드제주DT점	food	126.50210	33.49279
맘스피자오라이동DT점	food	126.50324	33.48212
버거킹제주민속오일장DT점	shop	126.47983	33.49313
비케이알버거킹제주애월DT점	shop	126.36366	33.46951
비케이알버거킹제주화북DT점	shop	126.56269	33.51758
빽다방제주봉개DT점	cafe	126.60420	33.48411
폴바셋제주용담DT점	cafe	126.48728	33.51744
풀바셋제주아라DT점	cafe	126.54101	33.48764
e좋은마트	shop	126.58992	33.50777
e좋은민박	stay	126.46514	33.50322
e하우스민박	stay	126.47527	33.50827
E-월드안경원	shop	126.43116	33.48745
성원E.N.G	shop	126.49793	33.48095
E&S엔터테인먼트	activity	126.49243	33.48215
E&T제주주	shop	126.53068	33.49881
제주E&T도남점	shop	126.52743	33.49560
에다모니아E05	stay	126.65405	33.53574
eccom	shop	126.52913	33.50023
스톤EDGE볼링	activity	126.58031	33.52152
EE플레이스 제주시청점	shop	126.52904	33.49925
EM환경체험장	shop	126.38017	33.43910
백현ENG	shop	126.48928	33.48921
올레ENG	shop	126.51524	33.48377
진영ENG	shop	126.36962	33.41483
엔마노enmano	food	126.52362	33.51464
제주ent삼화점	shop	126.58029	33.51706
제주ENT	shop	126.47505	33.48262
EYELOVE안경원	shop	126.48818	33.47872
숙성도F&B	food	126.48512	33.48580
퀀즈F&B	food	126.42643	33.48673
제주F45(F45제	activity	126.53976	33.48876
웰빙First	shop	126.47531	33.48866
코오롱인더스트리FnC부문솟솟리버스점	shop	126.52331	33.51696
코오롱인더스트리FNC부문브렌우드신제주	shop	126.48225	33.48725
디엔ForeignMart	shop	126.52571	33.51502
FunFun도채비휴게소	cafe	126.48741	33.45143
모먼츠인하도G	stay	126.89363	33.52515
Gallery낭	shop	126.47450	33.49054
전담GATE	shop	126.53077	33.49870
전담GATE그랜드	shop	126.48972	33.48604
전담GATE외도점	shop	126.43333	33.49335
전담GATE정품전자담배문화칼라	shop	126.48977	33.49012
제주GB하우스	stay	126.63475	33.49049
제주GD스테이	stay	126.39442	33.42670
기록giRok	bar	126.53798	33.50270
GMJ	stay	126.26455	33.41650
굄들GOEMDLE	shop	126.52908	33.51091
위드유GolfClub	activity	126.64060	33.54227
GON'GetitPT짐	activity	126.52600	33.50836
지에스GS라헨느리조트점	shop	126.61383	33.45323
GS25	shop	126.53124	33.50195
GS25교래퐁낭점	shop	126.67411	33.42598
GS25노형	shop	126.47799	33.48396
GS25노형대림시티점	shop	126.48241	33.48413
GS25노형런던점	shop	126.47856	33.49114
GS25노형신비	shop	126.48070	33.47652
GS25노형에비뉴점	shop	126.48356	33.48240
GS25노형한빛점	shop	126.48138	33.48394
GS25다인리조트	shop	126.35126	33.47145
GS25아라나래점	shop	126.55039	33.47134
GS25연동	shop	126.49086	33.48675
GS25연동	shop	126.48991	33.49069
GS25연동국기점	shop	126.49128	33.47933
GS25연동신라점	shop	126.48680	33.48621
GS25연동해피점	shop	126.48947	33.48619
GS25옹포	shop	126.25100	33.40198
GS25외도	shop	126.43404	33.48801
GS25용담열린점	shop	126.51538	33.50796
GS25용담전망대점	shop	126.48749	33.51769
GS25월산	shop	126.46483	33.47175
GS25월정	shop	126.79642	33.55533
GS25웨이브제주호텔점	shop	126.21799	33.38132
GS25이도	shop	126.55161	33.49452
GS25이도프라임점	shop	126.53153	33.49647
GS25이호해수욕장점	shop	126.45685	33.49985
GS25이호현사점	shop	126.44907	33.49741
GS25정든	shop	126.47395	33.49001
GS25제대	shop	126.55842	33.44974
GS25제주	shop	126.57167	33.45296
GS25제주	shop	126.52245	33.50947
GS25제주	shop	126.66782	33.54150
GS25제주대	shop	126.56247	33.46044
GS25제주도두점	shop	126.46611	33.50367
GS25제주동교점	shop	126.53390	33.51338
GS25제주비자림점	shop	126.81192	33.49664
GS25제주세화점	shop	126.85893	33.52127
GS25제주신엄점	shop	126.37131	33.47298
GS25제주애월고점	shop	126.33473	33.46220
GS25제주연중점	shop	126.49471	33.48884
GS25제주우령점	shop	126.42631	33.49061
GS25제주이호점	shop	126.44990	33.49497
GS25제주일고점	shop	126.48076	33.47884
GS25제주중앙	shop	126.47048	33.49232
GS25제주함덕점	shop	126.66774	33.54151
GS25탑동공원점	shop	126.52086	33.51757
GS25하귀	shop	126.40555	33.48043
GS25한라체육관점	shop	126.51405	33.49912
GS25한림상로점	shop	126.26810	33.41165
GS25한림오일장점	shop	126.26871	33.41844
GS25한림옹포점	shop	126.25224	33.40326
GS25한림초교점	shop	126.26293	33.41054
GS25함덕교차로점	shop	126.67426	33.54034
GS25함덕라마다점	shop	126.66084	33.54328
GS25화북주공점	shop	126.57732	33.51833
지에스리테일GS25제주주	shop	126.48215	33.48788
GS25 연동서강점	shop	126.49179	33.48672
GS25 제주노형점	shop	126.48215	33.48788
GS25제주대생활관1호관점	shop	126.56434	33.45726
GS25N제주항공지원점	shop	126.49556	33.47778
지에스리테일GS25N제주탐라점	shop	126.49556	33.47778
그랑프리GYM	activity	126.53930	33.50689
월림공간올드보이H	stay	126.26821	33.34228
큐티파이H	stay	126.36874	33.47788
유수암쉘Hansion	stay	126.40278	33.43509
하이라이트HIGHLIGHT	activity	126.51408	33.51075
제주HK테일러	shop	126.50914	33.48151
HY골프	shop	126.58374	33.43055
우도i	shop	126.95757	33.51331
대흘그곳I	stay	126.66738	33.50940
바당정원I	stay	126.20683	33.36610
고산이랑Ⅰ	stay	126.17975	33.29748
디스빌Ⅰ	stay	126.19352	33.36093
서쪽강생이Ⅰ	stay	126.25496	33.30861
북촌플레이스Ⅰ;북촌플레이스Ⅱ	stay	126.68833	33.54551
올리브I.D	shop	126.47202	33.50583
동원ICT	shop	126.52501	33.50415
베스트II	shop	126.49134	33.48953
디스빌Ⅱ	stay	126.19350	33.36055
라차차Ⅱ	activity	126.54672	33.50325
레오Ⅱ노래연습장	activity	126.49095	33.48772
메이저Ⅱ호스텔	stay	126.49153	33.48656
선흘언니네Ⅱ	stay	126.70568	33.51153
오카브Ⅱ안경원	shop	126.54317	33.50213
윤썸라이브Ⅱ	bar	126.52444	33.51283
이소Ⅱ	shop	126.48919	33.48155
공간in동복	stay	126.70858	33.54968
그리는제주in레이지마마	stay	126.68936	33.51954
김해풍선in제주	shop	126.53458	33.50180
동행in협재	stay	126.24316	33.39768
리틀램스테이in하도민박	stay	126.88569	33.51980
모멘토in애월	stay	126.32890	33.44233
애월in민박	stay	126.37983	33.47327
제주in향기	shop	126.45396	33.45094
제주애아리in귀덕민박	stay	126.27532	33.43744
펠롱스테이in애월	stay	126.36140	33.44614
하도in노해	stay	126.88235	33.52756
휴in애월민박	stay	126.31523	33.44460
마린상점inJeju	shop	126.65853	33.49917
in섬story	stay	126.22922	33.40653
J콜렉션	shop	126.54323	33.49099
깜J	shop	126.52463	33.51316
스타일J	shop	126.49111	33.48857
j.binjeju(제이빈제	shop	126.52858	33.49952
J#	shop	126.52463	33.51316
J김녕169	stay	126.75584	33.55613
신세계인터내셔날JAJU제주노형	shop	126.48040	33.48300
JBF당구클럽	activity	126.49210	33.48651
JDC국내선면세점 제주국제공항점	shop	126.49477	33.50712
JDX 제주도남	shop	126.52803	33.47952
이안권JEJU	stay	126.67900	33.49606
책이부리는JEJU	activity	126.57753	33.51652
프롬JEJU	shop	126.48568	33.48641
JEMI 페스타	event	126.53458	33.50662
JH민박	stay	126.49221	33.50129
JIBS국제드론필름페스티벌	event	126.66909	33.54274
글로벌K유통	shop	126.53710	33.50038
미니K코인노래연습장	activity	126.53001	33.49837
미니K코인노래연습장	activity	126.43274	33.48842
미니K코인노래연습장연동점	activity	126.49003	33.48128
미니K코인노래연습장제원점	activity	126.49133	33.48801
제주K수산	shop	126.43242	33.48574
k-pop노래연습장	activity	126.57990	33.51642
K.C골프	shop	126.49690	33.48130
아라K.C골프	shop	126.53875	33.45869
K.G.B할인매장	shop	126.52474	33.51213
미니K코인노래연습장(복합유통게임제공업)삼화점	activity	126.58029	33.51677
K2 제주MS	shop	126.52492	33.51516
K2신제주MS	shop	126.48283	33.48858
K3	shop	126.48323	33.48278
피자K55	food	126.46661	33.50186
제주담다KBS제주점	cafe	126.51935	33.48908
KCompany	shop	126.41107	33.42029
바당정원l	stay	126.20683	33.36610
씨유L제주예	shop	126.39312	33.40984
씨유L제주구관람대2층점	shop	126.39312	33.40984
다이노LED테크원	shop	126.55629	33.49624
동부LED조명	shop	126.85330	33.52368
우리조명LED	shop	126.47310	33.49186
LF제주헤지스종합	shop	126.52570	33.51524
헤지스닥스종합LF아울렛제주	shop	126.53575	33.48416
LG마트	shop	126.29484	33.96109
LG전자한림센타	shop	126.26448	33.41442
LG전자 베스트샵 이도본점	shop	126.53692	33.49178
LG전자 베스트샵 제주본점	shop	126.48291	33.48770
LH유통	shop	126.85514	33.52600
세븐일레븐제주봉개LH점	shop	126.59409	33.48898
시월의LIBRA	cafe	126.53818	33.51332
릴리엘LilyL	shop	126.47707	33.48010
리썸룸lissomroom	cafe	126.43436	33.45981
한림LK호텔	stay	126.23290	33.38877
뽀요의LoveK-POP	shop	126.48910	33.48122
루모제주카페lumojejucafe	bar	126.80539	33.55563
LYNN제주	shop	126.49062	33.48898
레이져서바이벌M	activity	126.48965	33.48708
애월포레스트M	stay	126.40705	33.42998
제주M.L.S	activity	126.59112	33.52885
M&K	shop	126.51773	33.50076
가족키즈펜션Madang	stay	126.59192	33.52847
makk	food	126.52824	33.51209
해피하우스MBG	stay	126.23877	33.30987
Me&Me코스메틱	shop	126.48775	33.48402
MGM게임랜드	activity	126.52009	33.50226
이호MH호텔	stay	126.44867	33.49699
제주점MINE스페이스M	shop	126.48172	33.48163
미샹MISHANG	food	126.56886	33.46315
비mj수산	shop	126.51704	33.50077
MJ리조트	stay	126.88009	33.52920
MLB	shop	126.52567	33.51472
MLB키즈	shop	126.52455	33.51380
MLB 제주점	shop	126.52570	33.51502
제주올레로MOON민박	stay	126.43052	33.49346
평대MOON'sSTAY민박	stay	126.83965	33.53585
갤러리MOOTO	shop	126.40230	33.42399
무디MUDI	shop	126.47502	33.48044
머스태쉬커피MustacheCoffee	cafe	126.32201	33.46407
붕어빵N커피	food	126.51487	33.49971
삼다N마트	shop	126.47704	33.48843
오렌즈N카린제주	shop	126.47978	33.48450
이런날엔제주N스테이	food	126.83067	33.54252
N21스포츠용품점	shop	126.49387	33.49133
NAVI	shop	126.52754	33.50059
NBA 제주연동	shop	126.49012	33.48665
노블레스Noblesse	bar	126.57650	33.52162
뉘드뽀즈NuitdePause	stay	126.82031	33.53326
네버마인드Nvrmnd	cafe	126.53678	33.48818
NY늑대와여우컴퓨터제주지사.주연컴퓨터서비스센터	shop	126.52003	33.49893
O.S.T.	shop	126.52463	33.51316
나은OA	shop	126.50946	33.50727
서부OA	shop	126.33573	33.46540
세진OA	shop	126.48974	33.46991
신도OA나라	shop	126.49536	33.49095
제주종합OA	shop	126.53849	33.49640
통합정보OA	shop	126.53934	33.49917
한국OA사무가구	shop	126.50400	33.46830
오베아시즌obeaseason	shop	126.55055	33.48660
oh!세화	stay	126.85934	33.51692
OK	activity	126.51526	33.50924
온도아라ONDOARACRAFT	shop	126.52353	33.51010
제주OXPC	activity	126.47506	33.48949
제주OXPC연동점	activity	126.48563	33.48164
안녕김녕씨p	stay	126.73143	33.55916
P.L스쿨웨어아이니러브패션	shop	126.52820	33.50233
PAT신제주점	shop	126.49151	33.48564
PAT제주점	shop	126.52463	33.51316
PAT제주지상점	shop	126.52528	33.51298
레깅스pc	activity	126.47668	33.48884
욜로pc방제주연동점	activity	126.49040	33.49078
PC하나로탐라자원	shop	126.52131	33.49593
갤러리플러스PC카페	activity	126.53559	33.49227
고PC	activity	126.52384	33.49612
굿대디PC삼화점	activity	126.57404	33.51443
길동PC	activity	126.52476	33.50785
다온PC	activity	126.52983	33.51281
닥터PC	activity	126.49181	33.49051
더라바PC방	activity	126.49133	33.48801
레드포스PC아레나제주	activity	126.52904	33.49925
리벨PC방	activity	126.48496	33.48167
리치PC방	activity	126.53236	33.51074
만땅PC방연동점	activity	126.48802	33.49256
뮤즈PC존	activity	126.53041	33.49825
벅스PC방도남	activity	126.53003	33.49219
복마니PC	activity	126.51605	33.50808
부엉이PC	activity	126.52098	33.50004
세븐PC	activity	126.49262	33.48386
세이프PC방	activity	126.49768	33.49270
스카이브릿지PC	activity	126.47668	33.48884
스타덤PC아라	activity	126.54456	33.47329
스타덤PC외도	activity	126.43274	33.48842
시크릿PC	activity	126.48848	33.49202
아이닉스PC방	activity	126.53606	33.49262
아이비스PC삼화점	activity	126.58093	33.51350
아이비스PC아라점	activity	126.54526	33.47159
아이센PC방제주인제점	activity	126.54086	33.50563
아이센스리그PC방제주	activity	126.47489	33.48959
아이센스리그PC방한라대	activity	126.47843	33.47614
온에어PC방제주	activity	126.48687	33.48957
온에어PC방제주외도점	activity	126.43069	33.48820
온에어PC방한라대점	activity	126.47920	33.47615
온에어PC방한림점	activity	126.26506	33.41053
올래PC방	activity	126.49321	33.48384
와PC	activity	126.53032	33.51282
요기요성인PC방	activity	126.49340	33.48622
욜로PC방제주	activity	126.48162	33.48345
욜로PC방제주	activity	126.53445	33.49498
욜로PC방제주연동	activity	126.48991	33.49069
제너럴PC방	activity	126.52759	33.49968
크라우드PC	activity	126.66597	33.54204
크라우드PC드림	activity	126.48245	33.48588
크라우드PC방아라	activity	126.54477	33.47312
크라우드PC방용담점	activity	126.51010	33.50810
크라우드PC방제주점	activity	126.54161	33.50529
크라우드PC제원점	activity	126.49057	33.48853
크라우드PC제주외도점	activity	126.43107	33.48513
크라우드PC하귀점	activity	126.41496	33.48673
크라우드PC한림점	activity	126.26435	33.41224
탑동갤럭시PC방	activity	126.52590	33.51618
피플존PC방	activity	126.52789	33.50020
해피펀PC제주	activity	126.47528	33.48927
스카이브릿지PC제2호	activity	126.47531	33.48866
럭스PCCafe	activity	126.54336	33.50222
바비쥬petfood	shop	126.42988	33.48483
골프존파크PGA	activity	126.49325	33.47856
피에이치엘PHL	activity	126.26641	33.32017
그듸plant	food	126.54214	33.49736
제일상사PLUS마트&으뜸아이스크림할인점	shop	126.44614	33.48175
오시록헌PM민박	stay	126.22652	33.38957
PRO당구클럽	activity	126.52449	33.51474
PT	activity	126.58128	33.51953
다이어트PT헬스	activity	126.54112	33.50842
바른PT스튜디오	activity	126.56051	33.48177
지금PT&Care	activity	126.54864	33.47569
퍼플모스PurpleMoss	shop	126.40281	33.48049
PVH CK언더웨어 제주연동	shop	126.48984	33.48835
PVH CK언더웨어 제주칠성	shop	126.52511	33.51415
PXG제주	shop	126.48964	33.48157
PXG 제주점	shop	126.48963	33.48154
스테이쿠이디Quidi	stay	126.29591	33.43848
스테이Rei	stay	126.82976	33.53978
스테이달ring	stay	126.79536	33.55535
우리동네RnT	shop	126.48460	33.49317
ROCK락노래연습장	activity	126.48924	33.48900
RYU민박	stay	126.82522	33.53472
슈퍼마켓S	shop	126.52463	33.51316
씨유중흥S점	shop	126.48131	33.47734
왔수다S	shop	126.54192	33.51324
조천S3001	stay	126.63857	33.54375
안녕김녕sea	stay	126.73137	33.55934
주리sea협재	stay	126.24398	33.39257
씨뷰SeaView	stay	126.44705	33.49361
봉개번영점SG스크린골프	activity	126.59515	33.48988
홀인원스크린골프SG	activity	126.48726	33.47597
하귀스크린SGGOLF	activity	126.41354	33.48409
예원문구shop	shop	126.47837	33.49124
Siena시에나	shop	126.48910	33.48122
세븐일레븐제주연동SJ점	shop	126.48844	33.48973
SK타미제주	shop	126.52511	33.51434
SK텔레콤제주판매주	shop	126.52767	33.50308
함덕SK통신	shop	126.66424	33.54218
SKYTELECOM	shop	126.49700	33.48587
제주토탈웨딩SL	shop	126.54111	33.47023
SM	shop	126.53141	33.51294
SM	shop	126.52852	33.51258
굿마트，SM	shop	126.53141	33.51294
some민박	stay	126.26214	33.42201
SOOS	shop	126.48184	33.48244
스칼렛’sroom	shop	126.54048	33.46977
제주올레로STAR민박	stay	126.43077	33.49352
꽃향유stay	stay	126.34730	33.45707
백화stay	stay	126.70968	33.47017
용오름stay	stay	126.28977	33.44183
제라진stay	stay	126.88424	33.52059
호유동stay	stay	126.66257	33.53890
하물Stay민박	stay	126.32511	33.46254
더끌림STAY	stay	126.74743	33.55354
재재STAY	stay	126.39696	33.45890
조수STAY	stay	126.21671	33.29541
금능stay1947	stay	126.22593	33.38731
교래STAY517	stay	126.67682	33.43586
stayalive민박	stay	126.33290	33.41379
월정StayHouse민박	stay	126.79795	33.55479
STCO제주	shop	126.52456	33.51432
섬코퍼레이션SUMCorporation	shop	126.37800	33.43028
SUMMERVIEW펜션	stay	126.94423	33.51185
레더SUN	shop	126.27558	33.41415
sunvillage펜션민박	stay	126.30892	33.45019
제주점SYSTEM.SJ.SYSTEMHOMME	shop	126.48172	33.48163
TBJ제주점	shop	126.52463	33.51316
애월THE휴식캠핑	shop	126.50849	33.49048
제주the힐118	stay	126.42493	33.45016
THEFACESHOP	shop	126.52463	33.51316
thein	shop	126.52463	33.51316
TONKATSU서황	food	126.37959	33.43434
조천TOP스크린골프	activity	126.63739	33.53599
신성통상TOPTEN신제주점	shop	126.49035	33.48952
신성통상TOPTEN제주	shop	126.52546	33.51689
신성통상TOPTEN제주연북점	shop	126.50324	33.48212
신성통상TOPTEN제주연삼	shop	126.52102	33.49250
신성통상TOPTEN제주중앙	shop	126.52498	33.51432
Triple	shop	126.52655	33.51463
믿음TV	shop	126.46448	33.47386
제주TV	shop	126.46402	33.49476
자하TW	shop	126.52813	33.49591
U2	shop	126.52642	33.51437
스마트UP블럭	activity	126.47874	33.48968
코암USA	shop	126.48644	33.48159
VANS 신제주	shop	126.49023	33.48911
골프존파크화북VIP스크린	activity	126.56104	33.51164
비전에딧VISIONEDIT	shop	126.51790	33.51135
vivere906	stay	126.22008	33.34856
창꼬포켓볼vol.2	activity	126.53093	33.49901
애월W스테이	stay	126.35871	33.47498
협재W.hill	stay	126.25312	33.39505
W728하우스	stay	126.79219	33.55912
차귀도태양배낚시with돌고래	activity	126.16447	33.30887
WOOSCOLLECTION	shop	126.49001	33.48017
토리코티지x하시시박	stay	126.63870	33.54238
더메이즈X	activity	126.53022	33.49807
곱다ye	shop	126.56570	33.52160
YES전기조명	shop	126.46672	33.47956
외도YJ풋살장	activity	126.42814	33.48355
YU유통	shop	126.46328	33.50148
Zip디자인트리스쿨	activity	126.71099	33.45810
