㈜타임트레인	heritage	129.03742	37.68827
가고싶은횟집	food	128.82821	37.89216
가고파다방	cafe	128.82567	37.88726
가곡막국수	food	128.84245	37.72645
가구광장	shop	128.89374	37.75085
가구마트	shop	128.89360	37.75100
가궁녹색농경주택개발	cafe	128.90035	37.75577
가나안상회	shop	128.82797	37.89077
가나전기조명	shop	128.90014	37.75507
가누	food	128.88711	37.75175
가둔지펜션	stay	128.88030	37.82569
가득막횟집	food	128.90475	37.80400
가디스	cafe	128.82619	37.90627
가락농산	shop	128.93578	37.76672
가람집옹심이	food	128.93933	37.76119
가림수입	shop	128.89716	37.75273
가마솥감자탕	food	128.89022	37.74512
가마솥강릉설렁탕	food	129.05218	37.66489
가마솥순대국밥	food	128.91202	37.77169
가마솥순대국밥강릉	food	128.87579	37.76317
가마솥쌈밥	food	128.91656	37.76990
가마솥인삼곰탕집	food	128.90112	37.76987
가마솥흑염소	food	128.87974	37.73317
가마치통닭	food	128.91223	37.77007
가마치통닭강릉	food	128.86959	37.75683
가마치통닭노암	food	128.89386	37.74275
가면요루	bar	128.87818	37.73970
가배롱	food	128.91512	37.78977
가배만쥬	food	128.89385	37.75863
가배향옥	cafe	128.89542	37.75770
가보래	food	128.89022	37.74682
가보리살연탄불돼지갈비	food	128.90859	37.76680
가보리살연탄불돼지갈비초당점	food	128.91552	37.78407
가보자땡초족발보쌈	food	128.89622	37.74780
가보자식당	food	128.90859	37.75517
가봄	stay	128.91286	37.78719
가비골프용품점	activity	128.89538	37.74117
가빈	shop	128.80521	37.87623
가시버시	bar	128.87873	37.76684
가야노래궁	bar	128.89326	37.75509
가오노래궁	bar	128.89570	37.75134
가온	food	128.92093	37.79054
가온감자탕	food	128.90207	37.74557
가온길텔레콤	shop	128.91687	37.75418
가왕노래연습장	activity	128.83892	37.87073
가원산업	shop	128.89653	37.75528
가이펜션	stay	128.90195	37.77855
가자골식당	food	128.90728	37.77016
가자주류	shop	128.89879	37.75735
가장맛있는족발	food	128.86873	37.75781
가장맛있는족발족과의동침	food	128.91553	37.78320
가재골한우맛집	food	128.87370	37.80043
가정식백반	food	128.90380	37.76712
가정식연잎밥성산	food	128.83162	37.71730
가족건강원	shop	129.03800	37.60386
가족사랑민박	stay	128.89264	37.79683
가족애찬	shop	128.91995	37.75466
가죽사랑공방	shop	128.90024	37.73512
가지산돼지국밥	food	128.91244	37.75206
가향마라탕	food	128.87656	37.76237
가호수산	shop	128.83260	37.87995
각시방한과	food	128.90168	37.76109
간식거리	food	128.86840	37.74102
간식천국	shop	128.90351	37.75561
간이스타일	bar	128.92921	37.73217
간이역남산역점	bar	128.89357	37.74322
간이역올림픽역점	bar	128.87044	37.76124
간이역홍제역점	bar	128.88677	37.75201
간이역회산역점	bar	128.86621	37.74010
간판없는집	bar	128.88680	37.75029
갈골한과체험전시관	heritage	128.84332	37.82456
갈냉쌈강릉	food	128.89391	37.75243
갈매기다방	cafe	128.84300	37.87037
갈매기식당	food	128.94983	37.77044
갈매기집	shop	128.82932	37.89172
갈채노래연습장	activity	128.91198	37.77309
감각	shop	128.90054	37.75449
감나무집추어탕	food	128.90355	37.75745
감동육개장	food	128.90531	37.76194
감미반찬	shop	128.89858	37.75358
감성카페오늘	cafe	128.89077	37.74580
감성커피강릉	cafe	128.86837	37.75781
감성푸드	food	128.88617	37.75746
감술성	bar	128.91724	37.78038
감이좋은감집	shop	128.87467	37.70844
감자글로벌	shop	128.91171	37.76701
감자꽃	food	128.90502	37.75694
감자꽃펜션	stay	128.88745	37.80734
감자려인식이	food	128.91480	37.77343
감자마을	food	128.82526	37.88627
감자바우	food	128.89697	37.75315
감자바우식당	food	128.89709	37.75308
감자스크린	activity	128.91485	37.78720
감자옹심	food	128.89489	37.75648
감자옹심이	food	128.89815	37.75511
감자유원지	food	128.89739	37.75635
감자적본부	food	128.93962	37.76205
감자혁명	shop	128.84905	37.55043
감천골	food	128.91302	37.76669
감초당한약방	shop	128.89663	37.75874
감초장여관	stay	128.91074	37.76483
감초집	food	128.90098	37.76005
감칠맛회국수	food	128.82718	37.88796
갓바위보양탕	food	128.89905	37.75328
강경정육점	shop	128.82541	37.88730
강나루민물장어	food	128.87425	37.76485
강남각	food	128.89691	37.74501
강남꽃화원	shop	128.90711	37.76451
강남닭갈비	food	128.89696	37.74539
강남당구장	activity	128.89716	37.74497
강남드럼통	food	128.90230	37.74658
강남복권방	activity	128.89709	37.74803
강남상회	shop	128.82723	37.89106
강남솥밥	food	128.90030	37.74382
강남식당	food	128.90352	37.74591
강남실내테니스아카데미	activity	128.89861	37.74318
강남이모네	food	128.91870	37.76047
강남전기	shop	128.90787	37.75002
강남청과	shop	128.89709	37.74803
강남촌	food	128.89595	37.74283
강남축구공원	nature	128.90745	37.74360
강남칼국수	food	128.89607	37.74777
강남콩바디헬스클럽	activity	128.86974	37.73671
강남회수산	shop	128.89825	37.74934
강남흑염소	food	128.85674	37.84338
강남흑염소전문점	food	128.85677	37.84344
강다방이야기공장	shop	128.90114	37.76272
강대끝집	food	128.87020	37.77199
강동반점	food	128.95427	37.72707
강동분식	food	128.89761	37.75205
강동식당	food	128.95473	37.72725
강동종로약국	shop	128.95427	37.72707
강릉	activity	128.93590	37.76184
강릉가구공단	shop	128.83508	37.86615
강릉가구랜드	shop	128.84229	37.84223
강릉가는길	cafe	128.89136	37.75026
강릉가마솥설렁탕	food	128.92963	37.74029
강릉가마솥설렁탕	food	128.86170	37.80437
강릉가자	food	128.89493	37.75448
강릉가족독채펜션스테이노바	stay	128.91065	37.77500
강릉갈비	food	128.89143	37.75105
강릉감자닭강정	food	128.91884	37.79398
강릉감자닭강정중앙	food	128.89862	37.75461
강릉감자빵	food	128.89337	37.75607
강릉감자천국	food	128.89777	37.75177
강릉강문해변펜션	stay	128.91689	37.79589
강릉강변스테이	stay	128.90770	37.75578
강릉강북공설운동장	activity	128.83472	37.87161
강릉갤럭시	shop	128.89649	37.75271
강릉건강	shop	128.89614	37.75236
강릉건어물직판장	shop	128.87881	37.75469
강릉게스트하우스	stay	128.89549	37.75639
강릉경포그리고바다	stay	128.88937	37.81834
강릉경포대로하스오션뷰가족펜션	stay	128.89850	37.81183
강릉경포물회	food	128.89868	37.81189
강릉경포씨앤뷰	stay	128.89418	37.81298
강릉경포점	stay	128.91345	37.79963
강릉경포카라반파크	stay	128.87602	37.83238
강릉경포프라다스파오션뷰가족	stay	128.89782	37.81211
강릉고깃집금돈	food	128.85982	37.75809
강릉고깃집담	food	128.87786	37.76516
강릉골동품	shop	128.85976	37.75437
강릉골동품고미술사	shop	128.89681	37.75211
강릉골방	food	128.93909	37.77779
강릉골프	shop	128.90159	37.76117
강릉골프아울렛	shop	128.86685	37.79007
강릉관광호텔	stay	128.89473	37.75174
강릉교동건어물	shop	128.90107	37.76065
강릉교동대게	food	128.88569	37.76192
강릉교동식당	food	128.87748	37.76715
강릉교육문화관	heritage	128.90000	37.74600
강릉교회	heritage	128.91664	37.79396
강릉구정막국수	food	128.86908	37.70929
강릉구제	shop	128.90943	37.76914
강릉국민체육센터	activity	128.89698	37.77710
강릉국민체육센터볼링숍	shop	128.90625	37.74175
강릉국시집	food	128.89693	37.75982
강릉국제청소년예술축전	event	128.89616	37.75749
강릉궁짬뽕	food	128.92396	37.78901
강릉그릇	shop	128.89858	37.75358
강릉그빵	food	128.90022	37.75959
강릉금식당	food	128.87113	37.75743
강릉기독교	shop	128.89160	37.75506
강릉길감자	food	128.89607	37.75168
강릉김	shop	128.91768	37.78104
강릉김군박군횟집	food	128.91267	37.79260
강릉김밥	food	128.90401	37.76004
강릉김씨네탱자나무집	stay	128.90270	37.75018
강릉꼬꼬주막	food	128.89846	37.75820
강릉꼬막비빔밥풍호맛뜨락	food	128.89664	37.74337
강릉꼬막집독도네	food	128.90052	37.75930
강릉꼬막포차	food	128.90098	37.76005
강릉꽃식물원	shop	128.89695	37.74551
강릉꽃조화	shop	128.88757	37.76367
강릉꽃직매장	shop	128.89430	37.75333
강릉꽈로케	food	128.90817	37.77093
강릉꽈배기	food	128.89938	37.75505
강릉나운장칼국수	food	128.82802	37.89312
강릉나이키	shop	128.89557	37.75204
강릉낙곱새	food	128.90098	37.76005
강릉난	food	128.89939	37.75381
강릉난원	shop	128.86264	37.73305
강릉난장혼술바	bar	128.87677	37.76749
강릉남매삼계탕	food	128.87379	37.76491
강릉남항진펜션	stay	128.95377	37.76440
강릉낭만숙소	stay	128.89805	37.76226
강릉냉삼회관	food	128.90898	37.76909
강릉노포갈비	food	128.91670	37.77097
강릉녹두빈대떡	food	128.89796	37.75528
강릉농산물새벽시장	shop	128.90681	37.75744
강릉농협강동하나로마트	shop	128.95354	37.72696
강릉농협성산지점마트	shop	128.83074	37.71685
강릉농협하나로마트사업소	shop	128.90150	37.75448
강릉농협하나로편의점	shop	128.91269	37.73633
강릉누들축제	event	128.89763	37.75583
강릉다물선횟집	food	128.82886	37.89291
강릉다찌	bar	128.89803	37.76003
강릉단오제	event	128.89499	37.74816
강릉단오제전수교육관	heritage	128.89503	37.74819
강릉달을삼킨바다오션뷰	cafe	128.87063	37.84531
강릉닭강정	food	128.91409	37.78700
강릉닭강정아이팅	food	128.89905	37.75328
강릉닭발편육	shop	128.89862	37.75402
강릉닭발편육	bar	128.90255	37.75908
강릉당커피콩빵	cafe	128.89681	37.75211
강릉당커피콩빵강릉역점	cafe	128.90026	37.76385
강릉당커피콩빵안목	cafe	128.94601	37.77337
강릉당커피콩빵중앙시장판매점	food	128.89939	37.75381
강릉대게랑젓갈	shop	128.89862	37.75402
강릉대구머리찜	food	128.89436	37.74401
강릉대리파이진	shop	128.93492	37.77423
강릉대박집	food	128.87748	37.76679
강릉대안경원	shop	128.87001	37.76570
강릉댁아구찜	food	128.91661	37.77163
강릉더넛츠	shop	128.89955	37.75366
강릉더샵로또	activity	128.90920	37.74881
강릉더쉼표게스트하우스	stay	128.90168	37.80203
강릉더퍼스트	stay	128.87507	37.84118
강릉도야족발	food	128.91102	37.76995
강릉독일보청기	shop	128.90030	37.76092
강릉돈우마을	food	128.82974	37.87469
강릉두부마을	food	128.88709	37.70334
강릉뒷고기	food	128.91187	37.77299
강릉딸기모찌	food	128.89964	37.75356
강릉떡볶이	food	128.89617	37.75349
강릉떡집	food	128.89800	37.75429
강릉뚝배기	food	128.88100	37.74025
강릉뚝배기해장국	food	128.89939	37.75954
강릉라멘	food	128.91466	37.78980
강릉라쌍떼안경	shop	128.89718	37.75567
강릉레노마	shop	128.86714	37.76417
강릉로가디스주	shop	128.89565	37.75402
강릉로컬푸드	food	128.85527	37.79628
강릉로컬푸드사업단	cafe	128.91798	37.73794
강릉료칸소돌향호	stay	128.81489	37.90693
강릉료칸향호	stay	128.81493	37.90686
강릉마당집	stay	128.83596	37.86082
강릉마리나	activity	128.95104	37.77237
강릉마초루	food	128.89421	37.75328
강릉마트	shop	128.92607	37.78594
강릉막스시오	shop	128.86790	37.76443
강릉만복래닭강정	food	128.89940	37.75316
강릉맛집	food	128.90114	37.75398
강릉맛집칠봉숯불가든회	food	128.84903	37.72360
강릉머뭄풀빌라	stay	128.87278	37.81149
강릉멘치	food	128.89767	37.75274
강릉명가	food	128.87798	37.74612
강릉명륜고등학교내매점	shop	128.89386	37.76314
강릉명품가구	shop	128.84574	37.83564
강릉모찌앤빙수멜로우스윗	food	128.89924	37.75496
강릉문구완구	shop	128.88849	37.75286
강릉문화원	heritage	128.87382	37.75872
강릉미니피자	food	128.89863	37.75343
강릉미어지게	cafe	128.91286	37.78719
강릉민속떡방앗간	food	128.90365	37.76333
강릉바다내음캠핑장	stay	129.00450	37.71840
강릉바다배낚시체험	activity	128.82738	37.90446
강릉바다스파펜션	stay	128.84604	37.86518
강릉바다펜션	stay	128.87641	37.83918
강릉바다횟집	food	128.89833	37.81207
강릉박씨생원공파전포종중	food	128.88578	37.79030
강릉반점	food	128.91452	37.76319
강릉밥선생	food	128.89827	37.76018
강릉방탈출카페	activity	128.89728	37.75512
강릉버티컬ㆍ커튼	shop	128.90187	37.75904
강릉베스트샵	shop	128.88079	37.75516
강릉베이스캠프펜션	stay	128.87360	37.83434
강릉별이빛나는밤에펜션	stay	128.86638	37.81997
강릉별장	stay	128.91624	37.79576
강릉보리밥	food	128.87456	37.83559
강릉보양탕	food	128.88151	37.75732
강릉복권	activity	128.91281	37.77397
강릉본가막국수	food	128.88245	37.78385
강릉본가족발	food	128.91153	37.77102
강릉볼링장	activity	128.90748	37.74366
강릉부산물센터	shop	128.89928	37.75411
강릉불고기	food	128.95950	37.74909
강릉불교사	shop	128.88784	37.75741
강릉불향쭈꾸미	food	128.87950	37.76664
강릉브루어리	food	128.87972	37.76758
강릉블리스커플가족단체펜션	stay	128.84658	37.86513
강릉비치비어페스티벌	event	128.90673	37.80522
강릉비치비어페스티벌추진위원회	bar	128.88654	37.75923
강릉비치힐펜션	stay	128.91261	37.79652
강릉빵과자	food	128.91793	37.77992
강릉빵다방	food	128.91812	37.76901
강릉빵다방비앤씨	cafe	128.91811	37.76901
강릉빵집	food	128.91753	37.76047
강릉사다함	stay	128.85994	37.64272
강릉사랑로컬푸드	shop	128.87442	37.76074
강릉사랑풀빌라	stay	128.89209	37.80322
강릉사무용가구	shop	128.89399	37.75119
강릉사임당술빵	food	128.89835	37.75346
강릉사임당인절미	food	128.91849	37.79448
강릉사임당인절미사천	shop	128.87627	37.83830
강릉사임당젓갈	shop	128.89920	37.75398
강릉사천어촌체험마을낚시배대선단	activity	128.87566	37.83696
강릉사천호떡	food	128.84641	37.82646
강릉산업개발	stay	128.87606	37.76666
강릉삼춘	shop	128.93298	37.77596
강릉상지	shop	128.89862	37.75402
강릉새우	food	128.89769	37.75609
강릉샌드	cafe	128.89876	37.75502
강릉샌드	cafe	128.89923	37.75277
강릉샌드안목	food	128.94663	37.77305
강릉샌드초당	food	128.91518	37.79186
강릉샌드초당점	food	128.91513	37.79455
강릉샌드쿠키캐슬	cafe	128.89008	37.77752
강릉생선찜	food	128.91441	37.79240
강릉생활체육센터	activity	128.89680	37.77317
강릉선교장	stay	128.88482	37.78552
강릉선물	shop	128.89866	37.75568
강릉선불폰개통충전센터	shop	128.89814	37.76127
강릉선불폰선불유심당일개통알뜰폰	shop	128.90071	37.75756
강릉성인용품	shop	128.89515	37.75089
강릉세인트리치	stay	128.87468	37.83657
강릉소돌커피빵	shop	128.82619	37.90627
강릉손맛집	food	128.90048	37.76063
강릉솔향도시락	food	128.86685	37.79007
강릉솔향식육식당	food	128.91829	37.73664
강릉솔향출장뷔페	food	128.86685	37.79007
강릉송월타월송월우산가나	shop	128.89599	37.75955
강릉송이	shop	128.89679	37.75969
강릉송이산	shop	128.87963	37.78305
강릉송이직판장	shop	128.90054	37.75450
강릉송정메밀막국수	food	128.93423	37.77364
강릉수산물판매장	food	128.95147	37.77099
강릉수산물판매장	food	128.95259	37.77019
강릉수영장	activity	128.91328	37.73084
강릉수월래	etc	128.87376	37.76902
강릉수제버거	food	128.81776	37.91145
강릉수제버거파이어핏	food	128.86001	37.75825
강릉수제어묵고로케	food	128.89920	37.75398
강릉수플라워	shop	128.88647	37.74623
강릉숙소스테이북앤타이프	stay	128.89930	37.76016
강릉순두부장칼국수	food	128.90252	37.76570
강릉순치장어	food	128.98332	37.74181
강릉술집이밤	food	128.87068	37.75732
강릉숨숨집	stay	128.89426	37.75758
강릉숯불꼼장어	food	128.89783	37.75171
강릉스윔스토어	shop	128.87333	37.76382
강릉스쿼시장	activity	128.90748	37.74366
강릉스크린연습장	activity	128.86546	37.75729
강릉스킨스쿠버	activity	128.91584	37.79606
강릉스테이	stay	128.90233	37.80199
강릉스테이서정펜션	stay	128.87331	37.83347
강릉스테이오늘은	stay	128.89051	37.81613
강릉스테이풀빌라	stay	128.84158	37.82683
강릉스포츠클럽	activity	128.89256	37.77373
강릉승복총판	shop	128.89862	37.75402
강릉시강남축구공원	nature	128.90625	37.74175
강릉시공예특산품전시판매장	shop	128.84490	37.86904
강릉시남항진동주민대표회	food	128.95488	37.76362
강릉시니어클럽한송정밥상	food	128.91301	37.77303
강릉시니어클럽한송정카페노인복지관점	cafe	128.88399	37.74771
강릉시목회자테니스연합회	activity	128.91534	37.77235
강릉시민약국	shop	128.89718	37.75567
강릉시수산업협동조합	shop	128.82966	37.89200
강릉시수산업협동조합수산물직매장	shop	128.90032	37.75475
강릉시스템에어컨	shop	128.88983	37.74641
강릉시인라인스케이팅장	activity	128.89329	37.77266
강릉시재활용센터	shop	128.91198	37.74435
강릉시테니스협회	activity	128.89727	37.77759
강릉식당	food	128.89781	37.75361
강릉식사	food	128.87449	37.83631
강릉식자재마트	shop	128.87434	37.76268
강릉신나는펜션	stay	128.81325	37.79885
강릉신대게나라	food	128.82848	37.88537
강릉실내빙상장	activity	128.89256	37.77372
강릉실내체육관	activity	128.89259	37.77378
강릉실내포차	food	128.90694	37.76531
강릉심곡휴게소	food	129.05292	37.66489
강릉썬다육	shop	128.90270	37.77776
강릉씨엘	stay	129.04608	37.64916
강릉씨클라우드카라반	stay	128.80700	37.81985
강릉씨티호텔	stay	128.87671	37.76433
강릉씽크，붙박이장	shop	128.90697	37.76392
강릉아기동물농장	activity	128.86110	37.84621
강릉아띠랑스스파펜션	stay	128.87401	37.82567
강릉아리곳간	shop	128.89882	37.75293
강릉아리곳간	shop	128.89862	37.75402
강릉아리솔게스트하우스	stay	128.90188	37.78374
강릉아모르호텔	stay	128.89771	37.76167
강릉아산병원장례식장근조화환꽃집	shop	128.84667	37.83298
강릉아이씨디	shop	128.87887	37.77024
강릉아이앤지게스트하우스	stay	128.90564	37.76157
강릉아짐네	shop	128.83151	37.88069
강릉아트센터	etc	128.89540	37.77164
강릉안반데기관광농원	activity	128.74002	37.60874
강릉알뜰폰알뜰요금제전문매장	shop	128.89814	37.76127
강릉애견하우스	shop	128.87496	37.76391
강릉애진심	stay	128.86161	37.72977
강릉애펜션매점	stay	128.89759	37.81334
강릉앤솔	cafe	128.89348	37.75786
강릉야행북카페	cafe	128.89088	37.75506
강릉약국	shop	128.85603	37.81646
강릉양갈비	food	128.91697	37.75985
강릉양꼬치	food	128.90035	37.75577
강릉어가네	food	128.89836	37.75794
강릉어린이수영교실	activity	128.91328	37.73084
강릉어썸마켓	shop	128.93336	37.76845
강릉언덕	activity	128.78138	37.82179
강릉얼큰이냉면	food	128.82541	37.88553
강릉엄지네꼬막집	food	128.90705	37.76635
강릉에머물다	stay	128.90539	37.76453
강릉에서	shop	128.90026	37.75375
강릉엘모텔	stay	128.91031	37.76503
강릉엘지닥트	shop	128.90509	37.76593
강릉여행펜션	stay	128.87938	37.82637
강릉역맛집마키김밥교동	food	128.89115	37.76556
강릉역아랑	stay	128.90525	37.76552
강릉역옹막	food	128.90244	37.76245
강릉역옹막경포점	food	128.89833	37.81207
강릉역호텔솔빛	stay	128.89888	37.76065
강릉연합화환	shop	128.91013	37.77176
강릉염전조개구이	food	128.92799	37.77453
강릉영동대학교행복기숙사	stay	128.85496	37.74742
강릉영창피아노	shop	128.90980	37.77104
강릉예담오션뷰바닷가가족펜션	stay	128.84480	37.86917
강릉오겹살	food	128.90337	37.76293
강릉오뎅강릉빙수	cafe	128.89876	37.75502
강릉오룽지	food	128.89901	37.75360
강릉오빠	food	128.90036	37.75311
강릉오성애견펜션	stay	128.88370	37.82177
강릉오성학교카페모두	cafe	128.91749	37.78645
강릉오션뷰헤렌하우스	stay	128.94686	37.77289
강릉오죽한옥마을	stay	128.87797	37.77733
강릉오징어순대	food	128.89939	37.75381
강릉오토바이	shop	128.90906	37.77051
강릉오티콘보청기	shop	128.89874	37.75710
강릉오후세시	stay	128.71529	37.84693
강릉옥	food	128.88671	37.75169
강릉옥천중앙슈퍼	shop	128.89846	37.75820
강릉온기랑	food	128.90974	37.77171
강릉올림픽뮤지엄	heritage	128.89712	37.77935
강릉왓댕	stay	128.84793	37.72253
강릉외가게스트하우스	stay	128.88603	37.75829
강릉외갓집	stay	128.78828	37.65247
강릉우리집	stay	128.94991	37.73612
강릉웅스호떡	food	128.89862	37.75458
강릉원마트주	shop	128.91753	37.76047
강릉원예농협하나로마트초당점	shop	128.91610	37.77978
강릉원주대학교소비자생활협동조합	shop	128.86860	37.77179
강릉웰빙송이총판	shop	128.89620	37.75683
강릉유명약국	shop	128.83064	37.71548
강릉유환식당	food	128.92029	37.78444
강릉육사시미	food	128.87727	37.76531
강릉으뜸농산물	shop	128.82011	37.70954
강릉은가비펜션	stay	128.88997	37.81617
강릉을담다	cafe	128.89594	37.75683
강릉음향악기	shop	128.89187	37.76629
강릉의정원	shop	128.90458	37.76945
강릉이래요	cafe	128.89862	37.75402
강릉이마트아가방	shop	128.92265	37.77060
강릉이마트에스콰이아	shop	128.92265	37.77060
강릉이모네곱창	bar	128.90017	37.75932
강릉이불마트	shop	128.90068	37.75497
강릉이잖아	shop	128.90865	37.76495
강릉이층전집	food	128.89862	37.75402
강릉일번가짬뽕	food	128.89470	37.75326
강릉자동차극장	heritage	128.89614	37.69352
강릉자수박물관	heritage	128.88028	37.77791
강릉장각	food	128.89848	37.75338
강릉장미경양식원조	food	128.91670	37.78449
강릉장칼국수	food	128.90207	37.75674
강릉전복영양솥밥	food	128.91357	37.79197
강릉전복해녀마을	food	128.92072	37.79075
강릉전복해물뚝배기	food	128.91718	37.79490
강릉전자담배하카	shop	128.88191	37.75514
강릉전집	food	128.87624	37.76264
강릉정동진바다풍경오션뷰펜션	stay	129.01575	37.70425
강릉정선달	food	128.90837	37.77062
강릉정원테라스하우스	stay	128.88622	37.75331
강릉정육점	shop	128.86882	37.75706
강릉제일고등학교매점	shop	128.88971	37.76013
강릉조개구이불티조개구이	food	128.87516	37.84138
강릉조개랑대게랑	food	128.94530	37.77338
강릉조개빵	food	128.91722	37.79518
강릉족보집	food	128.87902	37.74184
강릉종합	shop	128.89534	37.75223
강릉종합사회복지관	etc	128.91615	37.76474
강릉주문진자담치킨	food	128.82645	37.88066
강릉중고	shop	128.90517	37.76564
강릉중고폰전문매장	shop	128.89814	37.76127
강릉중앙분식	food	128.89937	37.75361
강릉중앙상회	food	128.89797	37.75354
강릉중앙시장도마횟집	shop	128.89822	37.75359
강릉지기갤러리샵	shop	128.89992	37.75973
강릉지이크	shop	128.89555	37.75145
강릉진스테이	stay	128.91847	37.79441
강릉진주식당	food	128.87454	37.77339
강릉집	food	128.89863	37.75343
강릉짬뽕순두부강릉	food	128.91745	37.79261
강릉짱게임장	activity	128.89486	37.75327
강릉참치	food	128.87406	37.76443
강릉참치육사시미	food	128.91200	37.77335
강릉참피온양념치킨	food	128.88246	37.75535
강릉청국장	food	128.91440	37.78989
강릉초당두부	food	128.89297	37.78682
강릉초당두부정동진	food	129.03835	37.68558
강릉초당두부티라미수	cafe	128.91008	37.78975
강릉초당두부호두과자	cafe	128.89862	37.75402
강릉초당불향쭈꾸미	food	128.88431	37.74021
강릉초당찰떡	food	128.82885	37.89172
강릉초록김밥	food	128.89769	37.75291
강릉초이	stay	128.87801	37.82795
강릉축산농협하나로마트내곡점	shop	128.88081	37.74129
강릉축산농협하나로마트송정해안로점	shop	128.93242	37.77954
강릉축산농협하나로마트입암점	shop	128.91317	37.75396
강릉춘천산골닭갈비앤막국수	food	128.89544	37.74265
강릉취미수족관	shop	128.89482	37.75881
강릉치즈감옥	food	128.89823	37.75340
강릉치킨	food	128.90342	37.80471
강릉카라멜	food	128.91513	37.79455
강릉칼국수기와집닭칼국수	food	128.88147	37.75603
강릉칼제비강릉	food	128.91141	37.80132
강릉커피거리	heritage	128.94732	37.77260
강릉커피명주가	cafe	128.93732	37.76269
강릉커피박물관	heritage	128.78462	37.65233
강릉커피빵	cafe	128.91682	37.79640
강릉커피여행	shop	128.87881	37.75469
강릉커피찐빵박종주반죽소	food	129.03547	37.68700
강릉커피축제	event	128.94731	37.77261
강릉커피콩빵	cafe	128.87627	37.83830
강릉커피콩빵강릉당강문	cafe	128.91838	37.79447
강릉커피콩빵강릉당초당점	cafe	128.91848	37.78519
강릉커피협회	cafe	128.89628	37.77645
강릉컬렉터	shop	128.87089	37.84389
강릉컬쳐	food	128.94679	37.77214
강릉코다리찜	food	128.91741	37.77027
강릉코오롱스포츠	shop	128.89397	37.75139
강릉콩밭	food	128.89795	37.75382
강릉크로와상붕어빵	food	128.90959	37.76871
강릉크리미웨일	food	128.89963	37.75378
강릉클라이밍	activity	128.87718	37.76227
강릉타올	shop	128.89717	37.75755
강릉탁구클럽	activity	128.87621	37.76244
강릉탑오션	stay	128.94200	37.77565
강릉태평양약국	shop	128.89711	37.75472
강릉택지물회	food	128.87679	37.76917
강릉통문화산업전문회사	activity	128.92093	37.79128
강릉통일공원안보전시관	heritage	128.99841	37.72046
강릉투썸	stay	128.89456	37.81477
강릉패션몰주	shop	128.89463	37.75179
강릉페스티벌	event	128.89616	37.77175
강릉펜션아띠랑스	stay	128.87421	37.82570
강릉포남사랑	shop	128.91259	37.77078
강릉포남파리바게트	food	128.91235	37.77018
강릉포레스트	stay	128.69187	37.84595
강릉폰	shop	128.91672	37.77991
강릉폴레폴레게스트하우스	stay	128.84643	37.86798
강릉푸드	shop	128.90071	37.75756
강릉풀빌라수	stay	128.89493	37.81328
강릉풀스테이	stay	128.84877	37.79180
강릉풍년갈비	food	128.91933	37.78517
강릉프렌즈스크린골프	activity	128.86546	37.75729
강릉프로월드컵	shop	128.91789	37.78143
강릉프리미스	food	128.90146	37.75816
강릉하나로유통	shop	128.89873	37.77199
강릉하나약국	shop	128.90279	37.76032
강릉하룻밤	stay	128.89910	37.76064
강릉하카전자담배	shop	128.90759	37.76917
강릉하파펜션	stay	128.87136	37.84471
강릉한식도시락뷔페	food	128.87020	37.77199
강릉한식뷔페	food	128.91639	37.74416
강릉한신회센터	food	128.89862	37.75402
강릉한우	food	128.90799	37.76782
강릉한우국밥	food	128.89580	37.75699
강릉한우금송아지	food	128.90445	37.76657
강릉한우마크나인	food	128.90758	37.76598
강릉한우만	food	128.87412	37.76464
강릉한우백화점	food	128.84855	37.72313
강릉한우소머리곰탕	food	128.87748	37.76715
강릉한우원	food	128.89854	37.75947
강릉한우육개장	food	128.91585	37.76921
강릉한우작	food	128.87682	37.76619
강릉한우축제	food	128.91497	37.75328
강릉한우한돈정육식당소온교동택지	food	128.87894	37.76756
강릉한울타리마을협동조합	activity	128.97376	37.61263
강릉한정식강릉밥상오죽헌	food	128.88237	37.77982
강릉한정식하서주미역	food	128.90188	37.78343
강릉할매손	shop	128.93220	37.77765
강릉항	nature	128.95303	37.77281
강릉항배낚시체험선단	activity	128.94753	37.77197
강릉항여객터미널	activity	128.95289	37.77289
강릉항회센터	shop	128.95259	37.77012
강릉해돋이민박	stay	128.97443	37.72593
강릉해변을담다	stay	128.91624	37.79576
강릉해양	shop	128.82767	37.89566
강릉향교	heritage	128.89525	37.76356
강릉헬스	activity	128.91687	37.75877
강릉형제플라워	shop	128.92447	37.77320
강릉호스텔	stay	129.04420	37.63700
강릉홈플러스트레물러	shop	128.89866	37.75568
강릉홍가네옹심이	food	128.88178	37.74335
강릉홍게무한리필	food	128.87584	37.76666
강릉홍마차	food	128.86865	37.75750
강릉화로소갈비살	food	128.87402	37.76348
강릉활법체육관	activity	128.89893	37.75983
강릉회수산	food	128.88798	37.74501
강릉회조대	food	128.87039	37.76248
강릉휠호텔	stay	128.89829	37.75777
강릉힐링타임펜션	stay	128.68903	37.84665
강릉힐링하우스	stay	128.79544	37.71758
강림약국	shop	128.89586	37.75483
강문가	food	128.90273	37.80380
강문길민박	stay	128.91709	37.79529
강문달카페	cafe	128.91762	37.79594
강문떡갈비	food	128.91762	37.79510
강문머구리횟집	food	128.94481	37.77389
강문모퉁이	shop	128.91743	37.79581
강문민이하우스	stay	128.91717	37.79632
강문바다	stay	128.91665	37.79636
강문비빔식당	food	128.92018	37.79132
강문상점	shop	128.91682	37.79640
강문상회	shop	128.91665	37.79584
강문소소담	stay	128.91746	37.79547
강문솟대다리	heritage	128.91668	37.79773
강문스테이	stay	128.91454	37.79541
강문스토리	stay	128.91766	37.79577
강문애	stay	128.92604	37.78747
강문어촌계	food	128.91699	37.79556
강문어화수산	shop	128.91877	37.79449
강문어화횟집	food	128.91875	37.79448
강문여행자거리	cafe	128.91806	37.79448
강문옛태광식당	food	128.90369	37.78534
강문오로라	food	128.91682	37.79640
강문장모텔	stay	128.91756	37.79467
강문칼국수	food	128.91720	37.79546
강문할인마트	shop	128.91688	37.79657
강문해물칼국수	food	128.91724	37.79525
강문해변	beach	128.91902	37.79480
강문해변화장실	heritage	128.91940	37.79423
강바다식당	food	128.94917	37.77073
강변개코네찜	food	128.88245	37.74527
강변길고기집	food	128.87912	37.74383
강변당구장	activity	128.89825	37.74934
강변당구장	activity	128.89816	37.74902
강변식당	food	128.73036	37.84823
강변푸드	food	128.90605	37.75413
강보리밥	food	128.87936	37.71756
강부닭갈비	food	128.87893	37.73991
강부맛나는닭갈비	food	128.90588	37.76569
강빈스테이	stay	128.93931	37.76300
강산식당	food	128.88239	37.75221
강산애	stay	128.71131	37.82049
강수수산	shop	128.82932	37.89172
강식당	food	129.03686	37.61091
강아지꿈	shop	128.91952	37.75977
강우	shop	128.84852	37.72308
강웅마트	shop	128.89600	37.75586
강원강릉클라운지	shop	128.88339	37.75493
강원그릇	shop	128.89824	37.75264
강원당	shop	128.89649	37.75263
강원도계곡펜션산에언덕에	stay	128.65675	37.83983
강원도엄나무닭강정	food	128.82765	37.89291
강원독일보청기	shop	128.89759	37.75609
강원무인항공	shop	128.88884	37.75761
강원수산포차	bar	128.82721	37.89100
강원식육점	shop	128.90017	37.75932
강원식자재마트	shop	128.82745	37.89020
강원악기	shop	128.89935	37.77128
강원오대양조장	bar	128.89130	37.76504
강원옥	food	128.91518	37.79186
강원옥찹쌀떡	food	128.94663	37.77305
강원옥찹쌀떡중앙	food	128.89962	37.75432
강원잡화	shop	128.90721	37.76458
강원장모텔	stay	128.82821	37.89216
강원장여관	stay	128.89835	37.76206
강원쿼터스	shop	128.90734	37.76324
강원한우프라자	food	128.86611	37.76455
강원현문주방마트	shop	128.90692	37.76349
강일중고전시장	shop	128.91505	37.76243
강일청과	shop	128.89042	37.76508
강일초당닭강정	food	128.91718	37.77958
강일텔레콤	shop	128.88831	37.76416
강일화약	shop	129.01856	37.69333
강정구의피자생각	food	128.90230	37.75935
강주	shop	128.90408	37.76102
강촌	food	128.90500	37.76071
강촌닭갈비	food	128.88102	37.76537
강촌제주산흑돼지	food	128.90501	37.76074
강호동치킨	food	128.88513	37.75122
개구리전문식당	food	128.90957	37.77293
개두릅장칼국수	food	128.84938	37.82255
개두릅통밀빵	food	128.89371	37.75742
개미곳간	food	128.89801	37.75386
개미랑베짱이	cafe	128.84552	37.76403
개버랜드	cafe	128.87377	37.71411
개집비어강릉입암점	bar	128.91791	37.75984
개초수산	shop	128.88403	37.76903
개코네돈까스	food	128.91394	37.77805
갤러리	shop	128.88260	37.75056
갤러리	shop	128.91630	37.77952
갤러리밥스	cafe	128.90806	37.78722
갤러리샾	shop	128.91066	37.77425
갤러리소풍	food	128.91598	37.78701
갤러리수락	shop	128.79338	37.76301
갤러리이종명	shop	128.91501	37.76849
갤러리초당	shop	128.91325	37.78830
갤러리카페겸리	cafe	128.86320	37.74929
갤러리쿡	food	128.90945	37.77413
갤럭시아코퍼레이션강릉점	shop	128.89486	37.75327
갯마을낙지	food	128.90960	37.76923
갯마을식당	food	128.91686	37.78345
갯벌의조개강릉점	food	128.91425	37.76300
거북선	bar	128.90000	37.75455
거상푸드	shop	128.82376	37.89276
거창상회	shop	128.82782	37.89207
거평대게횟집	food	128.82774	37.89107
거평패밀리	shop	128.82785	37.89087
건강드림다나	shop	128.89776	37.75453
건강미인	shop	128.91791	37.77925
건강밥상	food	128.96325	37.72316
건강삼계탕	food	128.93528	37.76136
건강약국	shop	128.90844	37.76804
건강찾는건강원	shop	128.90790	37.76430
건강플러스바디샵	shop	128.90230	37.75935
건너마실	food	128.91715	37.77979
건도리	food	128.91376	37.79951
건모네건어물	shop	128.82822	37.88884
건모하우스	stay	129.04799	37.65350
건물주	shop	128.90000	37.75939
건어물점빵	shop	128.84007	37.87012
건청	shop	128.89620	37.75683
건행	stay	128.85431	37.76246
걸스카우트강릉보급소	shop	128.89426	37.75298
검은소	food	128.91702	37.76988
게네집	food	128.81878	37.88218
게락	cafe	128.88188	37.75555
게락	cafe	128.89092	37.76668
게먹고회먹고	food	128.83161	37.89481
게스트하우스다온	stay	128.89324	37.75931
게스트하우스뮤	stay	128.89389	37.75310
게스트하우스아카펠라	stay	128.90037	37.75858
게으른오후	stay	128.84843	37.81650
게임캠프	activity	128.92093	37.79128
게임캠프	activity	128.87461	37.83661
겜플릭스강릉	activity	128.89486	37.75327
겟스	shop	128.89545	37.75311
경기건어물	shop	128.82836	37.89126
경기건어물상회	shop	128.89950	37.75359
경기까치	food	128.83387	37.89438
경기도사랑건어물	shop	128.82921	37.89230
경기도용인상회	shop	128.82838	37.89124
경기도이천광주상회	shop	128.82921	37.89230
경기도집	food	128.83387	37.89438
경기도횟집	food	128.83387	37.89438
경기청정건어물상회	shop	128.82822	37.89106
경기해변횟집	food	128.91012	37.80275
경동상회	shop	128.89931	37.75409
경미네	shop	128.82932	37.89172
경민네	food	128.82967	37.90463
경민식품	food	128.90098	37.76005
경민호	activity	128.83189	37.89485
경북식품	shop	128.82779	37.89115
경북여관	stay	128.82592	37.89122
경상도상회	shop	128.89940	37.75316
경상도식육점	shop	128.89862	37.75402
경성술집노암점	food	128.89357	37.74322
경성진갈비	food	128.87864	37.77146
경성포차	food	128.92096	37.79060
경아두마리치킨	food	128.90905	37.76943
경은갈비	food	128.90142	37.76199
경인	shop	128.81372	37.87124
경인상회	shop	128.82602	37.88164
경정	shop	128.90233	37.75777
경포가구공단	shop	128.87921	37.78184
경포가든	food	128.90358	37.80424
경포가든，동경식육점	food	128.90359	37.80428
경포가시연습지	nature	128.89865	37.78941
경포고등어펜션	stay	128.89645	37.81318
경포다오펜션	stay	128.89319	37.80503
경포다이브	activity	128.89616	37.81300
경포대가는길	stay	128.89087	37.79748
경포대강릉모텔	stay	128.91423	37.79857
경포대농산	shop	128.89663	37.80101
경포대농원	shop	128.89572	37.79682
경포대다락방	stay	128.89362	37.79610
경포대보헤미안	cafe	128.89469	37.78050
경포대불타는횟집	food	128.91141	37.80132
경포대송포횟집	food	128.91141	37.80132
경포대열시반	stay	128.89032	37.79581
경포대오션	shop	128.91274	37.79928
경포대오션호텔	stay	128.91277	37.79934
경포대이룸모텔	stay	128.90242	37.80737
경포대팬션	stay	128.89982	37.80025
경포대횟집만야수산	food	128.91141	37.80132
경포도도애견펜션	stay	128.88568	37.80818
경포도립공원	nature	128.91009	37.80270
경포동해횟집	food	128.90876	37.80388
경포딩가펜션	stay	128.89902	37.80949
경포떡방앗간	food	128.90725	37.76511
경포뜰	stay	128.89517	37.79567
경포마켓	bar	128.90289	37.80448
경포막국수	food	128.87963	37.78305
경포모텔	stay	128.90253	37.80413
경포발리펜션민박	stay	128.90146	37.80144
경포밤바다포차	food	128.91141	37.80132
경포배나무골	stay	128.87436	37.80123
경포배오징어	shop	128.90475	37.80400
경포별난해물찜	food	128.90426	37.80447
경포별빛연가	stay	128.89134	37.79724
경포부산횟집	food	128.91430	37.79901
경포블루비치펜션	stay	128.89502	37.81462
경포비스타호텔	stay	128.90253	37.80815
경포비치	stay	128.89949	37.80882
경포비치비어페스티벌조직위원회	bar	128.88444	37.74825
경포비치펜션민박	stay	128.89949	37.80894
경포비치호텔	stay	128.91364	37.79906
경포비치횟집	food	128.91434	37.79912
경포비치힐	stay	128.91261	37.79652
경포빅토리아파크	stay	128.90198	37.80345
경포빌딩	stay	128.91250	37.80025
경포산장	stay	128.90060	37.80995
경포삼성관	food	128.90501	37.80441
경포생태저류지	nature	128.88473	37.78069
경포샵	food	128.87961	37.78724
경포소자연	stay	128.89800	37.80064
경포솔숲으로펜션	stay	128.88785	37.80735
경포솔향기펜션	stay	128.89997	37.80011
경포순두부	food	128.89165	37.78633
경포스톤밸리	stay	128.89151	37.80796
경포썬앤문펜션	stay	128.88787	37.80177
경포아우라	cafe	128.91386	37.79929
경포야참숯화로구이	food	128.90342	37.80471
경포양지민박	stay	128.88773	37.80798
경포어시장강릉	food	128.91141	37.80132
경포엄마손식당	food	128.89391	37.75243
경포에메랄드	stay	128.91480	37.79866
경포에메랄드호텔	stay	128.91469	37.79862
경포에서	bar	128.91986	37.75824
경포에이제이호텔	stay	128.90238	37.80537
경포엔	stay	128.89149	37.80460
경포오렌지마트	shop	128.90475	37.80400
경포오션힐	stay	128.89562	37.81392
경포왕만두	food	128.87963	37.78305
경포우성펜션	stay	128.90193	37.80149
경포우정펜션	stay	128.89464	37.80712
경포의하루	stay	128.89699	37.79886
경포의휴일	stay	128.91321	37.79611
경포이야기	stay	128.89872	37.80759
경포저수지	activity	128.85859	37.77926
경포전주식당	food	128.90475	37.80400
경포정육식당	food	128.91695	37.79446
경포정육점식당	shop	128.90339	37.80435
경포진곰탕	food	128.87871	37.77289
경포초당순두부식당	food	128.90349	37.80477
경포칼국수	food	128.89133	37.80598
경포캐빈펜션	stay	128.88561	37.79524
경포코지펜션애견동반	stay	128.91348	37.79432
경포탁구장	activity	128.89115	37.77189
경포태흥루	food	128.90339	37.80435
경포투썸	stay	128.89466	37.81472
경포파인	stay	128.89937	37.80853
경포팔도강산	food	128.91097	37.80191
경포펜션	stay	128.89091	37.80574
경포플라워가든	nature	128.90866	37.79793
경포하우스	stay	128.88787	37.78677
경포한미횟집	food	128.90880	37.80386
경포해수욕장	beach	128.91021	37.80341
경포호수광장	nature	128.90952	37.79779
경포호해식당	food	128.90434	37.80333
경포회센터	food	128.91261	37.79652
경포힐	stay	128.90387	37.80345
경포힐링하우스	stay	128.87701	37.81218
경호민박	shop	128.89620	37.79321
경호카페	cafe	128.89620	37.79321
계곡식당	food	128.81018	37.73161
계근상강릉	food	128.90098	37.76005
계꼬닭	food	128.87835	37.76812
계륵장군	food	128.91849	37.75746
계륵장군	food	128.83022	37.87456
계륵장군	food	128.86719	37.75747
계륵장군	food	128.91015	37.77436
계륵장군	food	128.88082	37.76516
계륵장군노암점	food	128.89457	37.74221
계림장	stay	128.89866	37.75894
고가중화요리	food	128.87891	37.76529
고갯마루집	food	128.85185	37.57060
고고횟집	food	128.89862	37.75402
고구마월드	food	128.89264	37.75826
고궁한정식	food	128.89632	37.75136
고기굽는정육식당강릉	food	128.91045	37.76642
고기듬뿍대왕비빔밥	food	128.88805	37.74603
고기랑조개랑	food	129.03568	37.68637
고기미담	food	128.89975	37.75585
고기뱅크식육점	shop	128.93662	37.73760
고기정	food	128.88000	37.76472
고기한저름	food	128.90694	37.76531
고기한저름노암점	food	128.89055	37.73988
고깃집	food	128.91396	37.76965
고깃집	food	128.89986	37.74956
고냉이과자점	cafe	128.89488	37.75479
고단막국수	food	128.84923	37.52063
고단황금막국수	food	128.84859	37.52101
고담집	food	128.87794	37.77034
고래	food	128.82469	37.88544
고래고래노래연습장	activity	128.90606	37.76209
고래국밥강릉점	food	128.89080	37.75414
고래노래궁	bar	128.90049	37.76045
고래등수퍼	shop	129.04454	37.63640
고래등조개마을	food	128.94900	37.77117
고래맥주창고강릉	bar	128.87656	37.76237
고래밥한식뷔페	food	128.93566	37.77384
고래빵집	food	128.89722	37.75824
고래섬	food	128.89319	37.74462
고래수산	shop	128.82932	37.89172
고래책방	shop	128.89725	37.75830
고래키친	food	128.87715	37.77027
고려건강원	shop	128.82464	37.89280
고려반점	food	128.91453	37.76920
고려복장	shop	128.89810	37.75288
고려원	food	128.90000	37.76206
고려한약방	shop	128.89198	37.75851
고명	food	128.90818	37.76711
고미식당	food	128.90434	37.80333
고바우양품	shop	128.89780	37.75316
고박사돼지갈비	food	128.92928	37.78252
고반식당강릉	food	128.87063	37.75753
고봉민김밥인강릉	food	128.88069	37.76438
고봉민김밥인강릉문화의	food	128.89439	37.75481
고봉민김밥인강릉입암점	food	128.91952	37.75977
고성생선찜	food	128.91916	37.76015
고성유통	shop	128.91659	37.73131
고센한옥스테이	stay	128.89505	37.75817
고속전기조명	shop	128.88067	37.74055
고수김밥	food	128.82507	37.88499
고수면옥강릉점	food	128.89615	37.75968
고수복권방	activity	128.82507	37.88499
고심스테이	stay	128.85088	37.83397
고심쌀롱	cafe	128.87379	37.84252
고씨네동해막국수강문	food	128.91717	37.79632
고씨네카레	food	128.87794	37.77034
고양골추어탕	food	128.89096	37.77846
고양이집	shop	128.83724	37.74384
고요	food	128.86563	37.75617
고원한우	shop	128.89042	37.76479
고은주섬유아트	shop	128.88241	37.76734
고을식당	food	128.97637	37.72506
고이다	cafe	128.84976	37.73584
고이한잔	cafe	128.89212	37.75909
고전한옥	stay	128.87919	37.78508
고주망태	bar	128.91627	37.77141
고즈넉한주문	stay	128.83414	37.89827
고찜고찜	food	128.90653	37.75487
고향감자탕	food	128.91549	37.76301
고향마을	food	128.91291	37.76978
고향마을숯불돼지갈비	food	128.91295	37.76983
고향먹거리	food	128.89866	37.75405
고향산천초당순두부	food	128.91327	37.79506
고향숯불생고기	food	128.82767	37.89286
고향육개장강릉역	food	128.90177	37.76135
고향의맛	food	128.89840	37.75484
고향정육직판장	shop	128.82767	37.89286
고향촌	food	129.03256	37.68918
고향촌중화요리	food	129.03258	37.68925
고향회집	food	128.98398	37.74089
고향횟집	food	128.98433	37.74112
고현	stay	128.88740	37.75493
곡간	food	128.88246	37.74401
곡물이야기강릉점	shop	128.89959	37.75491
곤솔농장	shop	128.84639	37.79118
곤지암할매소머리국밥	food	128.89873	37.76121
골드게임장	activity	128.89598	37.75134
골드에그랑	cafe	128.90283	37.74542
골드팜	shop	128.91078	37.77256
골든라이브	bar	128.89861	37.76113
골든소파종합가구	shop	128.90828	37.76466
골든스마일	activity	128.90120	37.76214
골마켓강릉점	shop	128.91757	37.76915
골말가	stay	128.88668	37.75473
골말길하우스	stay	128.88472	37.75560
골말치킨	food	128.88572	37.75323
골말흑돼지	food	128.88758	37.74010
골목대장	food	128.91082	37.75572
골목분식센타	food	128.82646	37.89038
골목식당포차	food	128.92028	37.75931
골목안문어집	food	128.89757	37.75238
골목안풍경	cafe	128.90814	37.76979
골프랜드	activity	128.90062	37.76380
골프존파크경포리더스스크린	activity	128.85018	37.78181
골프존파크교동솔향점	activity	128.88840	37.77641
골프존파크옥계차도스크린	activity	129.03365	37.61029
골프프렌드	shop	128.87063	37.74487
곰돌이왕만두	food	128.89964	37.75356
곰치랑대구랑	food	128.98762	37.73430
곱창	food	128.82719	37.87640
곱창강릉점	food	128.91297	37.75232
곱창미지수	food	128.89640	37.75102
곱창전골명가도계물닭갈비	food	128.82732	37.71474
곱창집	food	128.90078	37.75441
곳	cafe	128.87266	37.84343
곳간	cafe	128.89079	37.75016
공가네감자옹심이	food	128.89597	37.75642
공감	activity	128.80039	37.78828
공감에듀	shop	128.90226	37.75884
공단분식	food	128.92193	37.76606
공단식당	food	128.82311	37.86745
공대카페	cafe	128.87020	37.77199
공대카페	food	128.87322	37.77330
공룡닭발강릉점	food	128.89197	37.75508
공마니당구장	activity	128.87841	37.76548
공만치킨	food	128.86690	37.75715
공방결	shop	128.83879	37.78044
공씨네공방	shop	128.91825	37.78015
공운	cafe	128.90904	37.77034
공원마트，중앙지업사	shop	128.89270	37.75209
공자네	food	128.82970	37.90475
공주네	shop	128.82932	37.89172
공주네식당	food	128.82883	37.89175
공주이모부	shop	128.82932	37.89172
공주집	shop	128.82785	37.89087
공차강릉	cafe	128.89866	37.75568
공차강릉교동택지점	cafe	128.87756	37.76394
공항무지개횟집	food	128.95319	37.76520
과객임경	stay	128.84170	37.73478
과일달데이	shop	128.89838	37.75280
과일담은요거트맛집강릉	cafe	128.91221	37.77105
과일마트	shop	128.88668	37.75817
과자의성	food	128.89961	37.75362
곽가네시오야끼	food	128.89459	37.75224
관도니	food	128.87902	37.73977
관동닭갈비	food	128.88165	37.76438
관동반점	food	128.87371	37.73734
관동양행	activity	128.87998	37.74099
관동유통	shop	128.91290	37.76835
관동하키센터	activity	128.87402	37.73590
관음불교사	shop	128.89814	37.75291
관제탑해물탕	food	129.03283	37.69100
광덕식당	food	128.92274	37.77250
광덕식당중앙	food	128.89894	37.75370
광동떡방앗간	food	128.82685	37.89083
광명상사	shop	128.82783	37.90269
광석수산	shop	128.89955	37.75366
광순네	food	128.82977	37.90479
광우네	shop	128.89862	37.75402
광일조명	shop	128.91580	37.76844
광장노래연습장	activity	128.89436	37.75161
광장마트	shop	128.82609	37.88961
광해리더스주	activity	128.84998	37.78168
광호네튀김	food	128.89939	37.75381
괘방산쉼터	shop	129.00830	37.71180
교내매점	shop	128.87003	37.77563
교동가든	food	128.88661	37.76251
교동간장게장앤교동낙지	food	128.86565	37.75652
교동곱창	food	128.89341	37.76850
교동그집	food	128.88704	37.76282
교동김밥	food	128.89599	37.75955
교동꽃화원	shop	128.89590	37.75884
교동다락	food	128.88833	37.75705
교동당	food	128.88057	37.76519
교동당구장	activity	128.88682	37.75750
교동떡방아간	food	128.89115	37.76556
교동먹거리	food	128.88954	37.76481
교동면옥식당	food	128.89375	37.75773
교동명칼국수	food	128.90141	37.76281
교동문구	shop	128.89252	37.76773
교동민박	stay	128.88521	37.75578
교동반점	food	128.89300	37.75835
교동불교사	shop	128.88190	37.75588
교동빵집	food	128.89227	37.75776
교동상회	shop	128.89862	37.75402
교동소머리곰탕	food	128.87271	37.76276
교동솥뚜껑삼겹살강릉점	food	128.90846	37.77373
교동술집	bar	128.89070	37.75786
교동숯불갈비	food	128.88247	37.76792
교동스크린골프	activity	128.89425	37.76933
교동시골밥상	food	128.89925	37.76284
교동제면소	food	128.87860	37.76790
교동주택	stay	128.88643	37.75655
교동짬뽕	food	128.88745	37.75735
교동짬뽕강릉본점	food	128.88749	37.75740
교동칼국수	food	128.89837	37.75905
교동페리카나	food	128.89875	37.76171
교동한식	food	128.88599	37.76107
교리단초밥	food	128.89292	37.75770
교오복식당	food	128.89596	37.75862
교자엔비어교동택지점	bar	128.87615	37.77076
교촌치킨	food	128.90898	37.76760
교촌치킨	food	128.82529	37.88410
교촌치킨	food	128.86805	37.75779
교촌치킨	food	128.91092	37.75523
교촌치킨강릉	food	128.94060	37.77311
교촌치킨경포점	food	128.90275	37.80345
교촌치킨교동	food	128.87698	37.76688
교촌치킨내곡점	food	128.88406	37.74449
교촌치킨노암점	food	128.89709	37.74803
교항마트	shop	128.82684	37.87889
교항면옥	food	128.82865	37.87623
교항식당	food	128.82096	37.88232
구공커피	cafe	128.90326	37.76409
구구	stay	128.83021	37.90186
구구족강릉점	food	128.89355	37.75331
구구팔팔	bar	128.89992	37.75973
구들목한약화로구이	food	128.88789	37.74470
구라미한우촌	food	128.86671	37.75745
구룡	food	128.70702	37.81588
구루구루	food	128.87624	37.76511
구몬당구클럽	activity	128.91439	37.76980
구미정	food	128.91701	37.76961
구석	food	128.87926	37.76769
구석탱이	food	128.83911	37.87092
구슬모아당구장	activity	128.89580	37.74341
구시야	bar	128.91672	37.77991
구시야관대점	food	128.87705	37.73939
구어스치킨피자	food	128.87850	37.74032
구영마트견소점	shop	128.93756	37.77507
구영마트노암점	shop	128.90220	37.74620
구움라온	food	128.90447	37.76114
구이랑찌개랑	food	128.91194	37.77004
구이촌	food	128.87718	37.76706
구이타운	bar	128.90472	37.76137
구인당식당	food	128.82714	37.89066
구정리마을회	shop	128.87140	37.71026
구정미술관카페	cafe	128.86787	37.70552
구정쌈밥	food	128.87747	37.71469
구정열린약국	shop	128.87911	37.72725
구정프라자약국	shop	128.87885	37.72791
구제샵	shop	128.82427	37.89097
구제샵	shop	128.89905	37.75328
구제샾	shop	128.89905	37.75328
구짱	food	128.90071	37.76223
국군송정콘도	stay	128.93476	37.78107
국립대관령자연휴양림	nature	128.79052	37.71486
국립대관령치유의숲	activity	128.79903	37.70802
국민낙곱새강릉점	food	128.89046	37.75426
국민체육센터매점	shop	128.89697	37.77705
국민통닭초당점	food	128.91634	37.78668
국밥가	food	128.91084	37.76990
국밥의대가강릉점	food	128.90183	37.76370
국밥참맛있는집강릉	food	128.90967	37.77031
국밥참맛있는집강릉주문진항점	food	128.82887	37.88581
국보삼계탕	food	128.89623	37.75792
국빈	food	128.87181	37.77235
국수나루	food	128.89683	37.75768
국수나무	food	128.82615	37.89076
국수나무강릉	food	128.86873	37.75781
국수나무강릉	food	128.87830	37.76503
국수마니아	food	128.90048	37.76063
국수마을	food	128.90035	37.75577
국수와파전	bar	128.87834	37.76909
국수와파전	food	128.86961	37.75784
국시집	food	128.93328	37.77879
국제고무	shop	128.82891	37.89362
국제당구클럽	activity	128.90859	37.76680
국제메리야스	shop	128.82640	37.89065
국제상사	shop	128.89823	37.75339
국제오토바이	shop	128.90056	37.75427
국진수산	food	128.87237	37.83849
군자대한곱창강릉교동택지점	food	128.87851	37.76756
굳데이	stay	128.85994	37.85128
굴다리돌솥밥	food	128.82316	37.87756
굴리아케이크	cafe	128.89985	37.75366
굴리아케이크	cafe	128.89899	37.75438
굴사랑	food	128.87756	37.76913
굴산사지당간지주	heritage	128.88757	37.70800
굽고가소	food	128.87849	37.76886
굽네치킨	food	128.82593	37.89348
굽네치킨	food	128.91054	37.75555
굽네치킨	food	128.91079	37.77540
굽네치킨교동택지점	food	128.88039	37.76506
굿데이유통	shop	128.89371	37.75742
굿모닝디스카운트	shop	128.89402	37.75985
굿모닝모델	stay	129.03263	37.69099
굿모닝모텔	stay	128.92202	37.79025
굿모닝베트남	cafe	128.91131	37.77000
굿모닝보청기강릉점	shop	128.90001	37.75510
굿모닝의료기	shop	128.82661	37.89271
굿모닝커피	cafe	128.84937	37.82245
굿플	shop	128.91252	37.75613
궁	food	128.82796	37.89385
궁잔기지떡강릉점	food	128.90858	37.76794
궁전구내식당	food	128.90465	37.76442
궁전노래연습장	activity	128.90701	37.76585
궁전떡방앗간	food	128.87599	37.76834
궁전모텔	stay	128.91153	37.77102
궁전베이커리	food	128.90837	37.77062
궁전사우나구내분식	shop	128.90463	37.76437
궁중떡고추기름방앗간	food	128.88719	37.76598
궁중왕떡갈비	food	128.89862	37.75402
권가네해물칼국수	bar	128.91440	37.77180
권가네황금화로강릉수재갈비	food	128.89330	37.74138
권가네황금화로강릉수재갈비회산점	food	128.86720	37.74304
권실장참마찹쌀꽈배기	food	128.87227	37.83853
권오복분틀메밀국수	food	128.90717	37.74953
귀빈노래연습장	activity	128.90943	37.76914
귀빈숯불갈비	food	128.90943	37.76914
귀빈장여관	stay	128.89765	37.76200
귀빈한우정육점	shop	128.90943	37.76914
귀자네순대국밥	food	128.82871	37.88623
귀한족발강릉	food	128.89893	37.75771
규미가	stay	128.93582	37.76504
규미네소머리국밥	food	128.84893	37.85731
그곳	stay	128.83330	37.82448
그곳	stay	128.87938	37.82637
그꽃펜션	stay	128.89467	37.79545
그날	bar	128.89658	37.75760
그날그날먹거리	food	128.90098	37.76005
그냥가개강릉점	shop	128.86392	37.73926
그냥삼겹살	food	128.82753	37.88102
그냥와포차	food	128.89799	37.75818
그너머소돌	stay	128.82550	37.90602
그놈의단골집	food	128.82835	37.89461
그늘집강릉	food	128.89278	37.75080
그늘집스크린	activity	128.94235	37.76629
그다이마잇	cafe	128.91601	37.77235
그대가오는날감성통기타포차	food	128.83053	37.89522
그대일번지	bar	128.82544	37.89068
그때그족	food	128.90886	37.76700
그라인더타투	shop	128.89201	37.75488
그라인더플레임	shop	128.89219	37.75962
그랑블루	stay	128.92397	37.78865
그래비티	cafe	128.86483	37.75421
그래비티코어	activity	128.87001	37.75754
그랜드	stay	128.98143	37.72833
그랜드민박푸른바다	food	128.84414	37.86978
그랜드피자	food	128.87795	37.73945
그레이호텔	stay	128.87608	37.76672
그로우앤그로우체험농장	activity	128.76271	37.84903
그루브	bar	128.89664	37.75441
그리다	shop	128.83788	37.86071
그리다강릉	stay	128.89967	37.76128
그리다퍼니쳐	shop	128.90857	37.76979
그리우니	cafe	128.90944	37.78906
그리운바다성산포	food	128.89249	37.76177
그린물류센터	shop	128.90743	37.70404
그린미니	shop	128.90289	37.80448
그린민박	stay	129.03933	37.68537
그린밸리펜션	stay	128.69927	37.84658
그린볼	food	128.91748	37.77875
그린브릭	stay	128.83979	37.72514
그린빈	cafe	128.87524	37.83652
그린셀프물회	food	128.87412	37.84222
그린슈퍼	shop	128.96318	37.72303
그린아이티	shop	128.90359	37.74620
그린오피스강릉점연우	shop	128.88207	37.74517
그린온누리약국	shop	128.86999	37.75783
그린잔치뷔페	food	128.92710	37.76136
그린조이	shop	128.89635	37.75245
그린펜션	stay	128.87358	37.84225
그린피스모텔	stay	128.90289	37.80448
그린하우스	stay	128.90417	37.78181
그린헬스건식	shop	128.89741	37.75522
그린혼	shop	128.89165	37.75472
그린회수산	food	128.82861	37.88922
그린횟집	food	128.87448	37.84202
그릴온	food	128.87420	37.77610
그옛날순두부	food	128.91442	37.78860
그외기타상품전문소매업	shop	128.87954	37.72685
그의봄다육정원	shop	128.93214	37.76637
근덕이강릉입암점	food	128.91772	37.76146
근덕이삼척꽈배기	food	128.82876	37.88719
근호네	food	128.82921	37.89230
근호수산	shop	128.82932	37.89172
근회기법	activity	128.91833	37.78030
글라스바바안경	shop	128.89833	37.75633
글라스타	shop	128.87722	37.76292
글래드민박	stay	128.84659	37.86788
글로벌마트	shop	128.89753	37.75962
글로벌중앙	shop	128.89800	37.75429
글로벌하우스	stay	128.89746	37.75982
글로잉	stay	128.91242	37.79689
글루크	cafe	128.89316	37.75055
금	bar	128.90765	37.76477
금강	shop	128.89692	37.75541
금강강릉임당동지점	shop	128.89692	37.75541
금강꽃화원	shop	128.88176	37.76462
금강산횟집	food	128.89921	37.81208
금강송	food	128.90716	37.76600
금강식당	food	128.87107	37.74476
금강전기	shop	128.89138	37.74694
금강조경	shop	128.88083	37.72781
금광리소양가든식육점	food	128.91434	37.70514
금광식당	food	128.91291	37.70969
금노다지	food	128.90477	37.76083
금노래타운	bar	128.89770	37.75779
금당	food	128.82742	37.71435
금룡	food	128.91120	37.74884
금별맥주강릉	bar	128.86771	37.75748
금봉횟집	food	128.83419	37.89717
금빈차문화교육원	activity	128.90930	37.76976
금사랑	shop	128.89681	37.75211
금산인삼	shop	128.89947	37.75393
금산인삼건강원	shop	128.82772	37.89232
금성식당	food	128.70595	37.81511
금성장여관	stay	128.90147	37.76155
금성해장국	food	128.89177	37.74968
금성회관강릉	food	128.87588	37.76350
금수강산노래연습장	activity	128.90752	37.76626
금수저맛집	bar	128.83191	37.89511
금영호	shop	128.83020	37.89405
금자네부침	food	128.89883	37.75356
금정식당	food	128.89088	37.75506
금진낚시	shop	129.04994	37.65260
금진농원	shop	129.04019	37.63330
금진리해수욕장운영위원회	activity	129.03492	37.61748
금진바다회포차	food	129.05293	37.65334
금진방파제	activity	129.05247	37.65047
금진사랑	stay	129.04280	37.63465
금진수산	shop	129.04612	37.65433
금진해변	beach	129.04348	37.63952
금진횟집	food	129.05119	37.65283
금천여인숙	stay	128.89892	37.76193
금천칼국수	food	128.91222	37.77337
금촌갈비	food	128.91744	37.75984
금하딸기체험농장	shop	128.85862	37.83711
금학분식	food	128.85582	37.81729
금학칼국수분식	food	128.89632	37.75441
금학텔레콤	shop	128.89728	37.75512
금호수산	shop	128.89862	37.75402
금홍대게	food	128.83127	37.89507
금화슈퍼	shop	128.89907	37.76258
금화왕돈까스강릉	food	128.87632	37.76896
금화장	stay	128.89907	37.76258
기가컴퓨터	shop	128.91507	37.77286
기능성속옷로샤	shop	128.89611	37.75198
기능성신발	shop	128.89916	37.75695
기다리는마음	stay	128.70363	37.84330
기다리며	cafe	128.86122	37.80511
기동이네장칼국수	food	128.91325	37.77435
기둥오빠포장마차	bar	128.90389	37.80468
기둥정육점	shop	128.90174	37.76097
기둥참하누	food	128.90177	37.76102
기라성양품	shop	128.89862	37.75402
기루	bar	128.89615	37.75968
기린사우나	activity	128.89356	37.74353
기린통신	shop	128.87747	37.76354
기막힌돈의맛	food	128.87863	37.77125
기본집강릉	food	128.87919	37.76736
기부니	food	128.89859	37.76040
기분업돼지	food	128.90784	37.76660
기분전환노래궁	bar	128.89400	37.75298
기분좋은옷	shop	128.89799	37.75326
기사문	food	128.87393	37.76461
기사통닭	food	128.90098	37.76005
기성공조시스템	shop	128.90389	37.76947
기순네포차	food	128.83111	37.89589
기승전갈비	food	128.82530	37.88464
기양한우곱창	food	128.87750	37.76726
기양한우곱창	food	128.90310	37.76269
기억스테이	stay	128.91689	37.79574
기영이네	shop	128.82932	37.89172
기영이숯불두마리치킨강릉	food	128.89146	37.76449
기와옥초당순두부강릉	food	128.91455	37.79216
기와집흑염소	food	128.90752	37.76448
길가국수국밥곰탕	food	128.82527	37.88667
길막국수앤카페	food	128.88909	37.77869
길목생삼겹	food	128.90921	37.74812
길목수산	shop	128.83770	37.67324
길목에서	stay	128.82540	37.68028
길목카페	food	128.82717	37.71463
길목푸드	food	128.88898	37.76467
길목풍천장어	food	128.87591	37.77234
길손	food	128.90231	37.77996
길하우스	stay	128.89698	37.75920
김가네건어물	shop	128.82829	37.88844
김가네식당	food	128.90551	37.75252
김가네식당	food	128.90300	37.74001
김군박군횟집강릉	food	128.91264	37.79253
김꼭지	shop	128.82932	37.89172
김나윤샵	shop	128.90951	37.77007
김대석현악공방	shop	128.88503	37.75049
김동명문학관	heritage	128.83773	37.82046
김명자낙지마당강릉점	food	128.92484	37.75787
김명자낙지마당내곡점	food	128.88289	37.74222
김민샵	shop	128.91463	37.76904
김박사약국	shop	128.85614	37.81677
김밥나라	food	128.82743	37.89034
김밥나라	food	128.89728	37.75412
김밥나라노암점	food	128.89224	37.74266
김밥마을	food	128.90945	37.75600
김밥의신	food	128.88312	37.75650
김밥천국	food	128.82538	37.88451
김밥천국	food	128.91148	37.77052
김밥천국강릉점	food	128.89777	37.75177
김밥천국내곡점	food	128.88209	37.74377
김밥천국노암점	food	128.90005	37.74895
김밥천국서지골점	food	128.88166	37.76442
김밥천국아산	food	128.85527	37.81782
김밥천국임당점	food	128.89641	37.75465
김밥천국입암점	food	128.91896	37.75961
김부자국밥	food	128.87851	37.73825
김성수제빵소	food	128.89730	37.75371
김셰프해물짬뽕	food	128.87681	37.77160
김앤윤골프아카데미	activity	128.92100	37.75499
김여사네	food	128.89852	37.75844
김우정초당짬뽕순두부	food	128.91654	37.79164
김윤미전복삼계탕	food	128.93293	37.77494
김윤식케익부띠끄월대산점	food	128.91901	37.76215
김윤식케익부띠끄회산점	food	128.86599	37.73938
김이야맛김	shop	128.89867	37.75310
김인숙꽃플라워	shop	128.91060	37.77604
김인향손찰떡방	food	128.89088	37.75506
김정희라이브	bar	128.87624	37.76264
김철순헤어카페	cafe	128.82631	37.88001
김치홀덤	activity	128.91142	37.77102
깁스토리랩	shop	128.89098	37.75040
깊은산속건강원	shop	128.82804	37.89356
까롱별장	stay	129.01263	37.56663
까롱제과	food	128.92036	37.75292
까막장이야기	food	128.89592	37.79604
까만고냉이	shop	128.87704	37.76869
까미경포펜션	stay	128.89679	37.79824
까사데베라노	stay	128.89273	37.76186
까사드마르	stay	128.90200	37.80169
까사빠니노	food	128.86924	37.75778
까사초당	stay	128.91353	37.78724
까사클라라	stay	128.87648	37.83969
까치노래연습장	activity	128.89408	37.75556
까치와참새	bar	128.90104	37.75604
까치장칼국수	food	128.90522	37.76864
까치칼국수	food	128.90520	37.76859
까페마눌	cafe	128.79720	37.71394
까페배다리	cafe	128.88017	37.78401
까페아이	cafe	128.89232	37.76832
까페춘식이	cafe	128.90240	37.75958
깐부네	food	128.89914	37.75958
깐부우돈	food	128.82575	37.89008
깐숙이네	food	128.91849	37.76076
깐숙이네화로구이	food	128.91846	37.76070
깔라마리	cafe	128.88388	37.82368
깔루아	cafe	128.89667	37.75124
깜댕이칼뽕	food	128.89675	37.74723
깡통집	food	128.82883	37.88575
깨끗한자원	shop	128.89870	37.74821
깨북	shop	128.89186	37.76009
깨향당	food	128.90136	37.75631
깻잎파닭	food	128.88245	37.74527
꺼먹돼지	food	128.87923	37.77240
꺽다리아줌마해장국	food	128.87642	37.76812
꼬기공장	food	128.88213	37.74475
꼬기농장	food	128.88213	37.74475
꼬김꼬김	food	128.92190	37.75817
꼬꼬닭집	food	128.89905	37.75433
꼬꼬아가	shop	128.89743	37.74502
꼬끼오꼭이오	food	128.90599	37.76124
꼬댕이펜션	stay	128.82954	37.89955
꼬지사께	bar	128.87664	37.76404
꼬지사께	bar	128.91554	37.77215
꼭지네식당	food	128.97800	37.72567
꼭지엄마	shop	128.82932	37.89172
꼴목포차	bar	128.87768	37.76724
꼼빠니아	shop	128.89596	37.75215
꼼빠니아강릉죽헌점	shop	128.87615	37.78425
꼼지락	food	128.88024	37.76523
꽁치바스켓	food	128.89313	37.75799
꽃길포차	bar	128.91707	37.77063
꽃내음가득	stay	128.89572	37.79726
꽃다방	cafe	128.82507	37.88498
꽃담은	stay	128.91707	37.79592
꽃뜨락	shop	128.90484	37.77298
꽃띠여인숙	stay	128.89902	37.76209
꽃보다소	food	128.82551	37.88856
꽃보다소	food	128.90863	37.76554
꽃사랑	shop	128.88575	37.76007
꽃사슴마트	shop	129.03479	37.60827
꽃사슴복권마트	activity	128.89759	37.75609
꽃신	shop	128.82635	37.88824
꽃이랑커피랑	shop	128.90200	37.75863
꽃이야기	shop	128.90020	37.76742
꽃집언니	shop	128.90696	37.76089
꽃집언니	shop	128.89982	37.75509
꽃채	stay	128.89390	37.76612
꽃채운	shop	128.88153	37.77104
꽃피는날에	shop	128.89056	37.75783
꽃피는산골	cafe	128.87306	37.78908
꽈페강릉점	food	128.89589	37.75411
꾸브라꼬강원	food	128.82541	37.88518
꾸브라꼬숯불두마리치킨	food	128.87113	37.75743
꾸브라꼬숯불두마리치킨	food	128.91151	37.77051
꾸석지돌판한우강릉점	food	128.87565	37.76672
꾸아강릉	food	128.87398	37.76338
꾸옥	food	128.91645	37.79618
꾸우삼	food	128.88367	37.74434
꾸이한끼강릉점	food	128.89970	37.76050
꿀꺽	food	128.92021	37.79137
꿀돼지	food	128.91180	37.76744
꿀호떡	food	128.89954	37.74989
꿈꾸는고양이	shop	128.89417	37.75327
꿈드림식당	food	128.89491	37.74046
꿈로또복권	activity	128.90052	37.75930
꿈앤카페해밀	cafe	128.91534	37.77235
꿈의궁전모텔	stay	128.85582	37.81729
끄레소	stay	128.86872	37.80391
끌레르	cafe	128.92161	37.75808
끼	shop	128.87349	37.76452
끼리	bar	128.89580	37.74341
나그네식당	food	128.90072	37.75905
나나	food	128.87810	37.76994
나나야	shop	128.87858	37.77031
나나양품	shop	128.89862	37.75402
나나카페	cafe	128.89665	37.75753
나나하우스	stay	128.89978	37.75813
나나호텔	stay	128.89556	37.75986
나노래연습장	activity	128.89868	37.75691
나누리청과	shop	128.82767	37.89183
나누리체크통신	shop	128.89218	37.75526
나눔의료기	shop	128.89308	37.75048
나는달팽이	shop	128.91846	37.76070
나능이버섯백숙	food	128.91949	37.77057
나니랜드	shop	128.89263	37.75476
나드리	shop	128.95171	37.76597
나들이	food	128.83125	37.71597
나들이구제	shop	128.90287	37.75754
나라스시	food	128.90239	37.76568
나래농원	shop	128.82094	37.81782
나래스킨케어	shop	128.88147	37.75663
나래약국	shop	128.89838	37.75716
나로부터	stay	128.89427	37.81428
나르지오강릉점	shop	128.89951	37.75716
나리먹거리	food	128.89816	37.75538
나린면옥	food	128.89381	37.75467
나린뷰티	shop	128.91242	37.75096
나린초밥	food	128.89426	37.75298
나마	food	128.88224	37.74087
나모야강릉	food	128.87873	37.76684
나모야강릉점	food	128.89737	37.76012
나무나라	shop	128.90493	37.74647
나무사랑	shop	128.85354	37.72658
나무사이	shop	128.90073	37.80231
나무와바위의틈	shop	128.89325	37.75978
나미상점	shop	128.91149	37.77395
나봄	cafe	128.89227	37.75782
나비갤러리	shop	128.82603	37.88911
나비노래연습장	activity	128.91690	37.77033
나비자리	shop	128.89556	37.75177
나비잠	stay	128.88725	37.75454
나뽕남	food	128.94857	37.77133
나상명강릉초당순두부	food	128.91500	37.79120
나앤나	shop	128.87616	37.77102
나야노래연습장	activity	128.90732	37.75334
나영뷰티속눈썹	shop	128.87624	37.76264
나우앤스토어	shop	128.82813	37.88983
나우커피강릉입암점	cafe	128.91120	37.74884
나운칼국수	food	128.87597	37.76819
나의스타일	bar	128.82887	37.89442
나의하루	cafe	129.03590	37.68609
나이스	stay	128.88200	37.75398
나이스디앤에스강릉휴게소강릉방향	food	128.80663	37.75735
나이스디앤에스강릉휴게소인천방향	food	128.80502	37.75963
나이스에어컨	shop	128.82725	37.87603
나이슬리	food	128.90509	37.76023
나이아드펜션모텔	stay	128.90288	37.80414
나이키골프더페어웨이	shop	128.87184	37.74671
나인모텔	stay	128.89846	37.76163
나인원	stay	128.87101	37.80236
나인원펜션	stay	128.87057	37.80257
나인커피	cafe	128.84165	37.72664
나인텐스강릉죽헌점	shop	128.87615	37.78425
나홀로민박	stay	128.90339	37.80386
낙원떡방아간	food	128.89910	37.75391
낙원수족관	shop	128.90778	37.76424
낙원수중	shop	129.05129	37.65328
낙원횟집	food	128.82922	37.89338
낙지대장	food	128.93881	37.76475
낙천식당	food	128.84861	37.82265
낙타토끼과자점	food	128.92190	37.75817
낚시	shop	128.89206	37.76434
난다네하우스	stay	128.63231	37.86608
난설헌메밀촌	food	128.90383	37.78530
난설헌문화제	event	128.90974	37.79180
난카페	bar	128.83110	37.89537
날마다	cafe	128.88982	37.75676
날밀보리뜰	food	128.87968	37.78690
날으는제비	activity	129.03138	37.69056
날으는콩콩이	shop	128.87328	37.76168
남경막국수	food	128.88633	37.74620
남경휴게클럽	food	128.88633	37.74620
남김	stay	128.90215	37.77858
남대천식육점	shop	128.90114	37.75398
남대천약국	shop	128.90150	37.75448
남대천코너	food	128.90126	37.75375
남도보쌈짚	food	128.88798	37.74501
남매건어물	shop	128.82932	37.89172
남매보양탕	food	128.87381	37.76489
남매식당	food	128.90765	37.76305
남문가구프라자	shop	128.89397	37.75089
남문로프트	stay	128.89169	37.74984
남문칼국수	food	128.89133	37.74964
남문한식뷔페출장뷔페	food	128.89409	37.75077
남부낚시마트	shop	128.90260	37.74350
남북면옥	food	128.82147	37.88258
남산골	food	128.89030	37.74666
남산그린슈퍼	shop	128.89355	37.74583
남산막국수	food	128.89309	37.74806
남성크로커다일강릉	shop	128.89702	37.75353
남애횟집	food	128.91252	37.77416
남양농원	shop	129.03565	37.60896
남양유업주문진가정	shop	128.84006	37.86934
남원주문진원마트주	shop	128.82635	37.88824
남주한복	shop	128.88042	37.77083
남천낚시점	shop	128.89505	37.75849
남촌곱창	food	128.89697	37.75215
남촌농장	shop	129.03755	37.57982
남항진순대국밥	food	128.95275	37.76528
남항진순대국밥택지점	food	128.87652	37.76895
남항진어촌식당	food	128.95145	37.76706
남항진해수욕장운영위원회	activity	128.95358	37.76481
남향막국수	food	128.89490	37.79802
남향막국수경포점	food	128.89490	37.79802
남현이네	shop	128.89862	37.75402
납돌추어탕	food	128.91419	37.76966
낭만가옥	stay	128.90020	37.76742
낭만게스트하우스	stay	129.04244	37.64275
낭만골프	shop	128.92743	37.77290
낭만닭발	food	128.91647	37.77233
낭만집	food	128.87936	37.76538
낭만포차	food	128.91141	37.77266
낭만포차	bar	128.89674	37.74737
낮밥밤술	food	128.85627	37.74822
낮보다밤	bar	128.87850	37.74032
낮은정원	stay	128.82762	37.80473
낮의공원	cafe	128.88904	37.75472
내고향	food	128.91007	37.76510
내고향	food	128.82977	37.89396
내고향건어물	shop	128.82858	37.89192
내고향튀김	food	128.82883	37.89175
내고향튀김새바위회수산	food	128.83039	37.89416
내곡강정선생	food	128.87964	37.73728
내곡떡방앗갓	food	128.89200	37.74768
내곡란제리	shop	128.88081	37.74129
내곡옹심이	food	128.88319	37.74399
내마음에찜강릉	food	128.89657	37.75573
내맘대로	food	128.87001	37.75754
내셔널지오그래픽강릉점	shop	128.89626	37.75255
내일상회	shop	128.90508	37.76063
냅다청양집	food	128.91153	37.77102
냇가에앉아서	stay	128.74659	37.84926
냉면집	food	128.91034	37.76901
냉삼꼬세	food	128.89088	37.75506
냉삼집	food	128.82738	37.89194
냥냥강릉	shop	128.89263	37.75478
너겟	shop	128.88254	37.75591
너레바우	stay	128.90748	37.75000
너믄집	stay	128.93719	37.77506
너쏠래	bar	128.89939	37.75954
너와게스트하우스	stay	128.89439	37.75077
너울	food	128.90910	37.75532
너울게스트하우스	stay	129.04296	37.64154
너울민박	stay	128.89656	37.76658
너울서프	activity	129.04293	37.64154
넉살집	food	128.87700	37.76419
넘버나인	bar	128.88646	37.75746
넘버원스크린골프	activity	128.90484	37.77298
넘버원타코야끼	food	128.82630	37.89298
넛따봉	food	128.90195	37.76923
네네치킨	food	128.90970	37.76707
네네치킨	food	128.82504	37.88475
네네치킨	food	128.87642	37.84043
네네치킨	food	128.88642	37.75105
네네치킨내곡，노암점	food	128.87687	37.73618
네네치킨솔올점	food	128.88247	37.76841
네네치킨입암점	food	128.91099	37.75585
네모의꿈	stay	128.89577	37.79603
네모횟집강릉	food	128.87535	37.84124
네스테이	stay	128.88040	37.79291
네스트인	stay	128.84635	37.76390
네스트인투게더	stay	128.84634	37.76368
네스트커리	food	128.93807	37.76262
네오탑트레이딩	shop	128.89799	37.77106
네이처리퍼블릭	shop	128.88081	37.74129
네이쳐씨드	shop	128.91535	37.76810
네일릴리프뷰티	shop	128.91540	37.77364
네코스테이	stay	128.83724	37.74384
네코스테이고양이마을	stay	128.83720	37.74373
네파강릉	shop	128.89551	37.75196
네파강릉오죽헌	shop	128.87425	37.78529
넷테라마더	cafe	128.87690	37.83134
노가리세상강릉점	bar	128.87951	37.76798
노다지	food	128.82544	37.89068
노란마켓강릉점	shop	128.89814	37.76127
노랑강정강릉	food	128.87922	37.76460
노랑통닭	food	128.87747	37.76354
노랑통닭	food	128.82527	37.88667
노랑통닭내곡점	food	128.88206	37.74321
노랑통닭입암점	food	128.91896	37.75961
노래곡막국수	food	128.88617	37.73989
노래클럽소리새	bar	128.90251	37.76168
노래하는주막거리	bar	128.87516	37.84138
노루목	food	128.70635	37.81513
노르디스크강릉점	shop	128.89597	37.75275
노마드인강릉	stay	128.93045	37.78072
노미타이칸지	food	128.91689	37.76991
노브랜드버거강릉	food	128.87763	37.76422
노브랜드버거강릉	food	128.87227	37.83853
노브랜드버거강릉임당점	food	128.89401	37.75369
노브랜드주문진	shop	128.82797	37.89077
노블레스씨앤티	stay	128.87669	37.76571
노비스짐	activity	128.87595	37.76379
노비스컴퍼니	activity	128.91948	37.75930
노빌레	stay	128.90136	37.80236
노빌레펜션	stay	128.90136	37.80236
노아	shop	128.87860	37.76790
노아수산식품	shop	128.90807	37.75027
노아테크	shop	128.90199	37.75914
노아회식당	food	128.94558	37.77286
노암곱창	bar	128.90112	37.74790
노암꽃돼지	food	128.89803	37.74705
노암막창	food	128.90112	37.74790
노암인터넷	activity	128.90094	37.74918
노암터널	heritage	128.90720	37.74811
노암판유리	shop	128.90143	37.74755
노암포차	food	128.89956	37.74950
노암포차화닭	food	128.89956	37.74950
노엘	shop	128.89808	37.75253
노인봉	nature	128.45530	38.14590
노적봉숯불꼼장어	bar	128.82785	37.89277
노추산힐링펜션	stay	128.74020	37.57155
녹두	shop	128.91507	37.77878
녹두헤리티지	shop	128.91727	37.79612
녹원삼겹살데이	food	128.91549	37.76301
녹지원	food	128.82855	37.89366
논가집옹심이	food	128.93929	37.76202
논고랑추어탕	food	128.90087	37.75895
논골추어탕	food	128.90721	37.76758
논나스테이	stay	128.81625	37.85498
논팩토리	cafe	128.81461	37.90612
놀다가펜션	stay	128.81652	37.90812
놀랄호떡	food	128.89927	37.75392
놀이터노래궁	bar	128.89861	37.75966
놀커피	cafe	128.91631	37.78575
농산물청과상회	shop	128.90677	37.76425
농원토종닭	food	128.89510	37.68914
농촌순두부	food	128.91694	37.79199
농협홀푸드한삼인	shop	128.89948	37.76145
누가의료기	shop	128.89799	37.75326
누그나스	food	128.87896	37.76543
누룽지통닭구이강릉점	food	128.91833	37.75665
누리마루	stay	128.79629	37.71801
누리에	shop	128.89701	37.75257
누리텔레콤	shop	128.89534	37.75162
누리화원	shop	128.86981	37.84227
누안	cafe	128.88210	37.75788
누일	stay	128.92887	37.71534
누크	cafe	128.90968	37.77453
눈꽃갈비	food	128.85189	37.73546
눈꽃탕수육	food	128.82720	37.87888
눈애미소안경원	shop	128.82527	37.88685
뉴그랜드볼링매점	cafe	128.90838	37.76642
뉴그랜드볼링센터	activity	128.90838	37.76642
뉴그린노래연습장	activity	128.91054	37.75555
뉴대한가구	shop	128.87497	37.78513
뉴뚱	shop	128.89761	37.75253
뉴라이프	shop	128.89171	37.76605
뉴바디앤힐링타로	shop	128.94805	37.77107
뉴비치노래타운	food	128.82679	37.89290
뉴서울당구장	activity	128.90087	37.75913
뉴스타노래연습장	activity	128.90530	37.76482
뉴아이언상사	shop	128.91372	37.77485
뉴오아시스	bar	128.89831	37.75978
뉴욕노래타운	bar	128.82887	37.89442
뉴욕야시장강릉	bar	128.86833	37.75750
뉴욕커피로스터	cafe	128.89207	37.76155
뉴욕통닭	food	128.91192	37.77461
뉴포트	stay	128.90992	37.76534
뉴프린스장	stay	128.89829	37.75953
뉴피씨방	activity	128.89411	37.74241
뉴호수장여관	stay	128.90878	37.80377
뉴히어링보청기강릉센터	shop	128.89636	37.75515
느낌표백반집	food	128.91816	37.78005
느루	shop	128.87578	37.76301
느릅내	cafe	128.85731	37.76585
느린가	stay	128.88291	37.75760
늑대와여우컴퓨터	shop	128.82696	37.87963
늘그리다	shop	128.87962	37.76557
늘돈마을	food	128.84904	37.82317
늘벗	food	128.65619	37.83942
늘벗포차	bar	128.90539	37.75271
늘봄공원	food	128.93379	37.77395
늘봄다실	cafe	128.89822	37.75986
늘솜	shop	128.82607	37.89015
늘임당	stay	128.89239	37.75647
늘처음처럼	bar	128.90101	37.75904
늘푸른슈퍼	shop	128.88982	37.75390
늘푸른쌈집	food	128.82728	37.87787
늘푸른약국	shop	128.92265	37.77060
늘푸른토속쌈밥	food	128.83205	37.71822
능나도회냉면	food	128.92154	37.75465
능이닭국밥	food	128.91653	37.77975
니나랑	stay	128.98957	37.73469
니스파크	stay	128.89626	37.75601
니스파크모텔	stay	128.89622	37.75596
니시스파펜션	stay	128.90291	37.80540
니즈샐러드	food	128.89466	37.75501
니치미우	shop	128.91891	37.79389
닉스	stay	128.82936	37.90236
다경횟집	food	128.82821	37.89216
다경횟집	food	128.82894	37.88593
다나약국	shop	128.89604	37.75446
다나와컴퓨터강릉센터	shop	128.87113	37.75743
다노시단란주점	bar	128.89424	37.75505
다놀자	shop	128.88133	37.75409
다농식품	shop	128.89121	37.77510
다니베이크샵	food	128.86791	37.75347
다다	food	128.88140	37.77113
다담건어물	shop	128.82885	37.89172
다담김밥	food	128.92036	37.75292
다라미네	stay	128.85296	37.84958
다라자	cafe	128.87948	37.73914
다락임당	stay	128.89293	37.75670
다래	food	128.89915	37.75364
다래	food	128.84490	37.85605
다롱이포차	bar	128.82751	37.89242
다리	food	128.90009	37.74932
다모아상회	shop	128.89822	37.75359
다모아수산	shop	128.91317	37.75396
다모아식당	food	128.91936	37.79212
다모아힐링센터	shop	128.83682	37.87076
다모인매점	shop	128.83203	37.87658
다모인물류	shop	128.90983	37.72863
다미가	food	129.03584	37.68659
다복루	food	128.90190	37.74601
다복향마라탕	food	128.89470	37.75260
다봉치킨	food	128.89053	37.74552
다비앙펜션	stay	128.90200	37.80199
다비치	stay	128.79645	37.71086
다비치안경강릉	shop	128.89421	37.75384
다비치안경옥천	shop	128.89939	37.75564
다비치히어링옥천	shop	128.89939	37.75564
다빈치	bar	128.87747	37.76354
다빈치리조텔	stay	129.04186	37.68286
다빈치모텔	stay	129.04198	37.68298
다산	food	129.04283	37.68053
다산에너지	shop	128.90098	37.76005
다섯개의달	stay	128.89687	37.79815
다소니	food	128.87454	37.77339
다솔	bar	128.88270	37.75410
다슬수산	shop	128.82769	37.89661
다슬이네	shop	128.82932	37.89172
다시올게	stay	128.87941	37.82564
다연생선요리	food	128.88136	37.74312
다영코스메틱	shop	128.89907	37.75268
다예사	shop	128.89751	37.75249
다오건어물	shop	128.82883	37.89175
다오니분식	food	128.89666	37.75727
다온	cafe	128.90580	37.76136
다온	stay	128.85052	37.78591
다온미	shop	128.90743	37.76585
다온약국	shop	128.89901	37.75834
다온칼국수	food	128.89482	37.74772
다온테이블	food	128.94282	37.77245
다올	stay	129.04300	37.64016
다올꽃농원	shop	128.88172	37.77203
다올스크린	activity	128.86318	37.75017
다올펜션	stay	128.89597	37.79629
다옴갈비	food	128.88903	37.74667
다옴식품	shop	128.89258	37.75046
다우리조텔	stay	129.01482	37.70441
다원닭갈비	food	128.88130	37.76531
다원별채식당	food	128.81852	37.76959
다원식당	food	128.91081	37.76887
다원잔기지떡강릉점	food	128.90502	37.76543
다은	shop	128.91317	37.75396
다은참치	food	128.82581	37.89311
다이나핏신강릉점	shop	128.89605	37.75323
다이닝블루	food	128.89534	37.69348
다이닝조개	food	128.92096	37.79060
다이브인강릉	stay	129.03950	37.68589
다이소	shop	128.82463	37.88568
다이소내곡점	shop	128.88116	37.74224
다이아몬드노래연습장	activity	128.94060	37.77311
다인	bar	128.87559	37.76620
다인	bar	128.89724	37.75697
다인당구클럽	activity	128.88367	37.74434
다정노래방	activity	128.91549	37.76301
다정샵	shop	128.89728	37.75412
다정장	stay	128.89854	37.76182
다정장칼국수	food	128.90981	37.77319
다정한길목민박	stay	128.70391	37.84458
다짐	activity	128.88312	37.73997
다케노모리	stay	128.80093	37.89270
다코타	bar	128.89465	37.75084
다크라인	shop	128.90211	37.76194
다해개발	stay	128.80198	37.80986
다해기획	shop	128.90611	37.76841
다해전기	shop	128.88237	37.75360
다향	cafe	128.89567	37.75199
다현	cafe	128.88255	37.74020
다현다육농원	shop	128.88255	37.74020
다홍스시마루	food	128.87671	37.76726
다화	food	128.89972	37.75324
닥터생활건강	shop	128.86613	37.76095
단골술집	bar	128.87661	37.76258
단골젓갈	shop	128.82743	37.89034
단골집	food	128.90103	37.75375
단밤소주카페	bar	128.91707	37.77063
단밤포차	food	128.91536	37.76312
단백한찜질까페	shop	128.88338	37.76523
단비식당	food	128.89199	37.74714
단아생선구이	food	128.91762	37.79453
단양팔경	food	128.83387	37.89438
단에뜰스테이	stay	128.89187	37.76163
단오길설렁탕	food	128.89128	37.74692
단오마을	food	128.89229	37.74757
단오억수맛집	food	128.89549	37.74768
단오타운전시관	heritage	128.89507	37.74826
단정	food	128.90503	37.76045
단지	food	128.82772	37.89232
단지	bar	128.89295	37.75519
단하나	shop	128.89263	37.75476
달가람게스트하우스	stay	128.90218	37.75507
달구나대추술빵	food	128.89882	37.75293
달구지막창	food	128.83892	37.87073
달구지막창강릉	food	128.89648	37.74484
달그락	food	128.88177	37.74289
달꽃	stay	128.91167	37.72729
달너머캠핑장	stay	128.72474	37.84929
달달덮밥	food	128.87020	37.77199
달달막회	food	128.89088	37.75506
달달한엄마	food	128.86878	37.73867
달달해과일가게	shop	128.88198	37.75907
달달헤롱	bar	128.84383	37.86828
달등	food	128.89369	37.75238
달떡볶이강릉점	food	128.89924	37.75496
달래분식	food	129.03540	37.60880
달리고	bar	128.92060	37.75524
달리는커피강릉	cafe	128.86884	37.75675
달리는커피강릉	cafe	128.90374	37.76590
달리는커피강릉	cafe	128.87998	37.74099
달리는커피강릉	cafe	128.89735	37.75463
달마루	stay	128.72831	37.88625
달민박	stay	128.87421	37.83901
달보라	stay	128.88891	37.71251
달봉소주클럽	bar	128.89875	37.76171
달비늘	food	128.90358	37.76272
달빛	food	128.90934	37.78010
달빛마실	bar	128.90701	37.76585
달빛맥주강릉	bar	128.86923	37.75682
달빛머무는펜션	stay	128.89457	37.79306
달빛바라기	stay	128.89188	37.77918
달빛어장	food	128.87963	37.76493
달빛천사	stay	128.69414	37.84616
달의맥주	bar	128.91870	37.76047
달주막	food	128.82292	37.88276
달콤상회	shop	128.89241	37.76564
달콤상회화	shop	128.89241	37.76564
달콤왕가탕후루강릉	food	128.87894	37.76756
달콤이네	food	128.87858	37.74196
달콤하잉	food	128.89539	37.75649
달콩까페	cafe	128.89181	37.75567
달퐁	food	128.91123	37.77330
닭발과파전	bar	128.89117	37.75493
담꾹강릉	shop	128.86880	37.75750
담높은집	stay	128.91112	37.79357
담소	food	128.87986	37.76532
담월	bar	128.91102	37.76995
담정관광농원	activity	128.92093	37.64825
담치마을	food	128.87949	37.76536
당구왕	activity	128.91148	37.77052
당구해커빌리아드강릉점	activity	128.87811	37.76613
당근건강원	shop	128.89487	37.75067
당근폰마켓	shop	128.88191	37.75514
당돌이클럽	activity	128.82588	37.88410
당신의강릉	shop	128.90996	37.77435
당신의안목	stay	128.94601	37.77349
당신의안목그라스	stay	128.83351	37.89898
당신의안목브리에	stay	128.83366	37.89909
당케플라워	shop	128.89663	37.77659
대게마을	food	128.86307	37.75106
대게마을	shop	128.89862	37.75402
대게사랑	food	128.82948	37.89365
대게왕국	food	128.83030	37.89454
대게타운	food	128.82948	37.89365
대게특별시	food	128.89955	37.75386
대게한마당	food	128.82898	37.88778
대경바우네떡방	food	128.89745	37.70907
대경상회	shop	128.89862	37.75402
대경식당	food	128.89999	37.75328
대관령	food	128.88229	37.74227
대관령감자옹심이	food	128.90950	37.76956
대관령건강원	shop	128.81275	37.71871
대관령건강원정육	shop	128.82112	37.88241
대관령도서	shop	128.86248	37.71259
대관령돼지갈비	food	128.90098	37.76005
대관령돼지갈비입암점	food	128.91743	37.76277
대관령둥지식당	food	128.88048	37.74794
대관령박물관	heritage	128.80408	37.71673
대관령솔내음	shop	128.79555	37.71729
대관령솔내음오토캠프장	stay	128.79559	37.71730
대관령시레기밥상	food	128.95247	37.76387
대관령식당	food	128.83833	37.85968
대관령아기동물농장	activity	128.82944	37.79761
대관령안골황토펜션	stay	128.79180	37.71865
대관령양꼬치	food	128.90103	37.76112
대관령어울림	stay	128.81497	37.72295
대관령여인숙	stay	128.89810	37.76198
대관령원조감자탕	food	128.91034	37.76922
대관령주막	food	128.86079	37.82027
대관령화장품	shop	128.89697	37.75315
대관령황태촌	food	128.82573	37.88651
대관령황토펜션	stay	128.79288	37.71930
대관령흑염소정육점	shop	128.82112	37.88241
대광장여관	stay	128.91288	37.76657
대구반야월막창입암점	food	128.91791	37.75984
대구상회이모와플	shop	128.89862	37.75402
대굴령마을	activity	128.81506	37.72294
대기리	food	128.89580	37.74341
대기리벌말식당	food	128.77681	37.58530
대기리산촌마을	activity	128.77700	37.58816
대기리야영장	stay	128.77764	37.58832
대길수산	shop	128.83364	37.89480
대길횟집	food	128.83353	37.89478
대나무통와인삼겹살	food	128.89788	37.75838
대덕호수텔	stay	128.89910	37.81114
대도상회	shop	128.82836	37.89418
대동꽃집	shop	128.92390	37.75656
대동라이브	bar	128.83092	37.89498
대동면옥	food	128.82472	37.89129
대동민박	stay	129.03213	37.68811
대동식당	food	128.97503	37.73787
대동집강릉	bar	128.87873	37.76684
대동콜렉션	shop	128.90726	37.76370
대동푸드	food	128.87787	37.77152
대림가구산업	shop	128.89347	37.75071
대림당구장	activity	128.91928	37.75944
대림마트	shop	128.89812	37.77187
대림칼국수	food	128.91975	37.76931
대만반점	food	128.91082	37.75572
대만족	food	128.87728	37.76752
대명장	stay	128.89939	37.76061
대명한과	food	128.83891	37.81984
대물호	food	128.83152	37.89568
대박건어물	shop	128.82876	37.88719
대박노래성	bar	128.89930	37.75746
대박떡방앗간	food	128.91735	37.78049
대박분식	food	128.89747	37.75589
대박삼겹김치찜강릉점	food	128.90120	37.76214
대박수산	shop	128.82932	37.89172
대박집	food	128.90180	37.76214
대박포차	food	128.88213	37.74475
대부수산횟집	food	128.82970	37.89392
대부호	shop	128.83020	37.89405
대선이네젓갈	shop	128.89862	37.75402
대선이엄마	shop	128.89862	37.75402
대성그릇	shop	128.82728	37.89135
대성떡방앗간	food	128.88841	37.75465
대성문구사	shop	128.90887	37.75501
대성반점	food	129.03419	37.60780
대성사	shop	128.89963	37.75524
대성중화요리	food	128.87623	37.76193
대성파크모텔	stay	128.89615	37.76006
대성횟집	food	129.04331	37.63929
대승상회	shop	128.89862	37.75402
대신씽크	shop	128.89010	37.75776
대양해물촌	food	128.82799	37.88546
대연대게	shop	128.89862	37.75402
대연횟집	food	128.89862	37.75402
대영수산	shop	128.82932	37.89172
대영유통	food	128.82880	37.89285
대영유통식당	food	128.82886	37.89291
대영이네	food	128.82932	37.89172
대완상사	shop	128.89810	37.75363
대왕족발	food	128.89901	37.75932
대왕통닭	food	128.89899	37.75438
대우루컴즈경포점	shop	128.88171	37.78061
대운호	shop	128.82932	37.89172
대웅장모텔	stay	128.82503	37.88446
대은	food	128.90822	37.76540
대일모텔	stay	128.90075	37.76137
대장나무숲놀이터	activity	128.88693	37.78665
대중명품	shop	128.89945	37.75337
대진홈패션	shop	128.89862	37.75402
대찬맛집	food	128.82759	37.89278
대철네	shop	128.82932	37.89172
대철이네매운탕	food	128.82880	37.90448
대청감자탕	food	128.91235	37.77018
대청마루	food	128.91833	37.78030
대추농장카페	cafe	128.94019	37.77707
대추무에프엔비	shop	128.85159	37.73968
대패마켙	food	128.90976	37.76973
대포집	food	128.90049	37.76045
대풍식당	food	128.89909	37.75346
대풍청과	shop	128.82751	37.89115
대학가	cafe	128.87798	37.73960
대한낚시마트	shop	128.94983	37.77044
대한낚시할인마트	shop	128.87126	37.78797
대형생삼겹생선구이	food	128.91504	37.76280
대호포차	food	128.87902	37.74184
대흥전자음향	shop	128.90858	37.77106
댄디	bar	128.90932	37.76885
댄스시어터해랑	food	128.86247	37.73939
댕댕용품	shop	128.86546	37.75729
댕댕크럽	shop	128.86546	37.75729
댕댕클럽	cafe	128.86549	37.75735
더갈만	food	128.91604	37.77190
더강릉모텔	stay	128.89694	37.75129
더강릉오션스테이	stay	128.87461	37.83661
더강릉포레	stay	128.87967	37.82600
더강문	stay	128.91293	37.79634
더강문풀빌라	stay	128.91291	37.79629
더굿캠프	food	128.97263	37.73440
더그레이	stay	128.89345	37.80709
더꼬치다	food	128.89791	37.76018
더꼬치다강릉점	food	128.91661	37.76999
더넥스트	stay	128.80864	37.89370
더느리게	cafe	128.92140	37.75435
더다온	stay	128.89459	37.76091
더달달	shop	128.91579	37.77190
더달달강릉중앙	shop	128.89716	37.75273
더드림푸드	food	128.90066	37.76944
더레브	food	128.94945	37.77060
더마운틴	stay	128.79472	37.67704
더맛용궁식당	food	128.90207	37.74557
더미소생활	shop	128.90530	37.76796
더미즈	shop	128.86359	37.74008
더민박	stay	128.82864	37.88139
더바베큐	bar	128.91148	37.77074
더박스	shop	128.88093	37.76473
더밴티강릉	cafe	128.87922	37.76460
더벤티강릉	cafe	129.03550	37.60976
더벤티강릉	cafe	128.87006	37.75720
더벤티강릉	cafe	128.91189	37.77026
더벤티강릉금학점	cafe	128.89752	37.75439
더벤티강릉내곡점	cafe	128.88116	37.74224
더벤티강릉동인	cafe	128.90821	37.77287
더벤티강릉입암점	cafe	128.92100	37.75499
더뷰티호텔	stay	128.89951	37.76151
더뷰티호텔카페	food	128.89948	37.76145
더브리앙뜨	stay	128.83725	37.82197
더블라썸	stay	128.88213	37.82097
더블루펜션	stay	128.89549	37.81406
더블유	bar	128.87727	37.76531
더블유스파펜션	stay	128.89175	37.81631
더블유에이치엠	bar	128.83347	37.89663
더블유펜션	stay	128.71454	37.54932
더비	cafe	128.87794	37.77022
더비즈니스	stay	128.90266	37.80759
더빠	bar	128.88114	37.76511
더샵열두광주리떡집	food	128.90549	37.76330
더쉼	stay	128.93333	37.75858
더스테이은파	stay	128.91682	37.79640
더스토리	stay	128.89687	37.75960
더스포츠	shop	128.91171	37.76701
더시월	stay	128.86846	37.84022
더쏠	stay	128.83088	37.76445
더안녕스테이	stay	128.86223	37.82236
더오쇼헤어살롱	shop	128.89220	37.77079
더와인플러스	shop	128.94035	37.76497
더원	stay	128.82954	37.90213
더윈	stay	128.87191	37.84193
더이스트펜션	stay	128.89368	37.81459
더제이에스스테이	stay	128.85773	37.73083
더족꾼강릉점	food	128.90154	37.75108
더족발보쌈강릉점	food	128.90143	37.75905
더좋은세상	bar	128.91579	37.77214
더초당	stay	128.91368	37.79134
더카페강릉	cafe	128.89711	37.75257
더카페강릉	cafe	128.92265	37.77060
더콩	cafe	128.89785	37.77370
더크랩인강릉	food	128.95304	37.76536
더클래식펜션	stay	128.82952	37.90208
더테니스실내아카데미	activity	128.88434	37.75457
더통큰한식뷔페	food	128.97813	37.72693
더팍스	food	128.89666	37.75727
더퍼스트	stay	128.87514	37.84122
더페어웨이	shop	128.87471	37.74694
더페어웨이	shop	128.87184	37.74671
더풀	bar	128.84279	37.86409
더풍차	food	128.88514	37.77335
더하썸	cafe	128.91911	37.78495
더하우스	stay	128.89584	37.75993
더함스테이	stay	128.93317	37.77669
더함채송정	food	128.93417	37.77355
더호텔비즈니스	stay	128.90266	37.80759
더휴	stay	128.86769	37.80352
덕부상점	shop	128.91614	37.76858
덕성루	food	128.91715	37.78027
덕순네가게	shop	128.90439	37.75635
덕스테이	stay	128.84118	37.76140
덕실리	shop	128.84313	37.81471
덕우산맛집	food	128.84211	37.52137
덕이매점	shop	128.81688	37.85154
덕이식당	food	129.03191	37.69075
덕천미곡	shop	128.88137	37.75728
덕카페	food	128.90547	37.77007
던킨강릉	food	128.87645	37.76507
던킨도넛츠강릉	food	128.89966	37.76453
던필드알파크로커다일강릉점	shop	128.89702	37.75353
덩어리상점	shop	128.82883	37.89175
덮담강릉점	food	128.86683	37.75389
덮밥	food	128.91844	37.75685
덮밥충전소	food	128.91430	37.79901
데니스골프강릉점	shop	128.89716	37.75328
데니스골프강릉점	shop	128.86611	37.76455
데모스커피	cafe	128.90641	37.78683
데빌네스트	bar	128.82434	37.88507
데이지	shop	128.89565	37.75174
데이트	food	128.90329	37.76340
데자뷰	cafe	128.87497	37.77673
데코	shop	128.89565	37.75243
덴켄	cafe	128.91846	37.79489
델루나	bar	128.95239	37.76574
델루나	shop	128.82003	37.88497
델리캣	shop	128.89420	37.75867
델포이내과의원내	shop	128.89838	37.75716
도가도	activity	128.89957	37.76031
도깨비꽈배기와핫도그	food	128.89835	37.75346
도깨비소굴포차	food	128.89848	37.75923
도깨비소주클럽	bar	128.89726	37.75935
도깨비시장	cafe	128.83144	37.88123
도깨비식당	food	128.82753	37.88102
도깨비우동	food	128.91599	37.76852
도깨비젤라또	cafe	128.83373	37.87947
도담	shop	128.89041	37.73683
도담이네열무밭	shop	128.86923	37.75682
도담주물럭	food	128.89689	37.75159
도담치킨강릉점	food	128.86545	37.75690
도도민박	stay	128.87482	37.83825
도도토탈패션	shop	128.82512	37.89020
도도하우스	stay	128.88320	37.82153
도둑고기	food	128.91145	37.77020
도라도라	food	128.87314	37.76137
도로시	bar	128.91153	37.77102
도리식당	food	128.87322	37.77330
도마네슈퍼	shop	128.89822	37.75359
도마로스터리	cafe	128.88201	37.76519
도마횟집	food	128.89810	37.75363
도마횟집	food	128.82887	37.89299
도미노	bar	128.90066	37.76211
도미노피자강릉점	food	128.90970	37.76707
도미니	shop	128.89907	37.75268
도서출판책과나	shop	128.91514	37.76441
도스마스강릉	food	128.87241	37.77287
도스투크	food	128.89704	37.75947
도야족발	food	128.82661	37.87935
도야족발	food	128.87462	37.76647
도야짬뽕	food	128.91210	37.77357
도야짬뽕	food	128.82661	37.87935
도야짬뽕내곡점	food	128.88177	37.74289
도어즈	cafe	128.89389	37.75310
도우라이크피자	food	128.90858	37.76403
도원	stay	128.89274	37.80103
도전	food	128.87788	37.76805
도직리해수욕장운영위원회	activity	129.06735	37.60759
도직해변	beach	129.06766	37.60934
도토리골	food	128.89950	37.75624
도토리와칼국수	food	128.93260	37.77463
도한	stay	128.89078	37.75730
도향	food	128.87038	37.76298
도호	shop	128.89649	37.75263
도화단란주점	bar	128.90183	37.76370
도화루	food	128.88790	37.76392
독도야	food	128.91141	37.80132
독도횟집	food	128.83411	37.89523
독불장군교동택지	bar	128.87850	37.76909
독일디지털보청기	shop	128.89077	37.74961
독일이바하피아노사	shop	128.89580	37.76965
돈	food	128.88403	37.76903
돈가마	food	128.87688	37.76232
돈까스마당	food	128.90167	37.76156
돈까스보이	food	128.87655	37.76741
돈까스참맛있는집	food	128.91189	37.77026
돈꾸는집	food	128.82647	37.87947
돈다발지폐빵	food	128.89085	37.76491
돈드림	food	128.90733	37.76470
돈따라맛따라이맛에온다	food	128.82505	37.88475
돈뚜막	food	128.87670	37.77129
돈락	food	128.87722	37.76730
돈마루솥뚜껑	food	128.88270	37.75410
돈미소	food	128.87518	37.76741
돈비식당	food	129.04280	37.63465
돈비촌	food	128.87828	37.76787
돈스탑	food	128.91178	37.77349
돈우마을	food	128.82977	37.87475
돈자랑	food	128.91351	37.77460
돈주세요	food	128.90999	37.77471
돈중돈	food	128.91034	37.74883
돈키돈키주문진	bar	128.82620	37.88118
돈행복	food	128.91662	37.77243
돌고래건어물	shop	128.82849	37.89168
돌고래스파펜션	shop	128.87602	37.84071
돌고래횟집	food	128.91013	37.80266
돌고래횟집민박	food	128.87602	37.84071
돌다리식당	food	128.85035	37.82337
돌담너머펜션	stay	128.87393	37.84233
돌담성지농원	food	128.85365	37.81662
돌베개하우스	stay	128.84562	37.86746
돌실나이	shop	128.89732	37.75339
돌싱포차	bar	129.03442	37.60794
돌집	food	128.87734	37.71587
돌체단란주점	bar	128.90095	37.76102
돌체빠니엔떼	cafe	128.87444	37.78169
돌체테리아	cafe	128.87619	37.76776
돌탱이휴게음식점	food	128.90734	37.76324
돌판한상	food	128.88816	37.74663
돌판한우우각집	food	128.91081	37.75437
돌핀웨일강릉점	shop	128.86961	37.75784
돔베이커리카페	food	128.91403	37.76996
동경모텔	stay	128.89876	37.76013
동경자전거	shop	128.90208	37.75854
동광의류	shop	128.82616	37.89039
동광호마켓	shop	128.84219	37.87085
동광횟집	food	128.82910	37.89324
동국이네맛집	food	128.89988	37.75432
동굴민박	stay	128.94652	37.57470
동궁맛집	food	128.89816	37.75538
동궁염소탕	food	128.82550	37.89015
동궁염소탕	food	128.90874	37.77252
동궁염소탕	food	128.89562	37.75620
동궁염소탕택지점	food	128.87949	37.76870
동궁장모텔	stay	128.90641	37.76248
동궁장여관	stay	128.90638	37.76241
동그라미분식	food	128.89920	37.75978
동그리	food	128.82565	37.88147
동남떡방앗간	food	128.82714	37.89066
동남식당	food	129.03573	37.60927
동네손수제비국시집	food	128.90469	37.76045
동네술집	bar	128.90590	37.76178
동네포차	food	128.87565	37.76256
동녘댁	food	128.91498	37.79257
동녘하우스	stay	129.04771	37.61438
동막골	food	128.89515	37.75089
동막막국수	food	128.90110	37.80536
동막장칼국수	food	128.91717	37.79632
동명	food	128.82932	37.89172
동명건어물	shop	128.94679	37.77226
동명골식당	food	128.85840	37.73107
동명떡방앗간	food	128.89186	37.74768
동명자전거	shop	128.89387	37.75205
동방금고사무용가구	shop	128.89355	37.75078
동방윤식당	food	128.82663	37.87607
동보당	shop	128.89938	37.75505
동보성	food	128.91817	37.78048
동부가방	shop	128.90098	37.76005
동부감자옹심이	food	128.90061	37.75958
동부노래마을	bar	128.90052	37.75930
동부당구장	activity	128.90098	37.76005
동부디지테크	shop	128.91083	37.76752
동부반점	food	128.90190	37.76205
동부시골칼국수	food	128.90098	37.76005
동부전기	shop	128.90967	37.76542
동부집	food	128.87766	37.76714
동부침례교회	food	128.91068	37.76708
동산숯불구이	food	128.89356	37.76884
동산약국	shop	128.90781	37.77338
동산한약방	shop	128.88782	37.75079
동산항물회	food	128.90808	37.76720
동서가구	shop	128.89342	37.75088
동서의료기，독일디지털보청기，오디나보청기	shop	128.89086	37.74968
동선수산	food	128.82921	37.89230
동성	stay	128.89911	37.76267
동성찻집	cafe	128.90020	37.76067
동성호	shop	128.83020	37.89405
동성호	food	128.82922	37.89236
동성호횟집	food	128.82921	37.89230
동심막국수	food	128.91572	37.79184
동심막국수	food	128.90698	37.76774
동심이	bar	128.89244	37.78664
동아사우나매점	shop	128.89515	37.75350
동아서점	shop	128.82611	37.88038
동아식당	food	128.89680	37.75739
동아식육점	shop	128.89130	37.75502
동아호텔	stay	128.89497	37.75383
동안	shop	128.90984	37.76910
동양영양식당	food	128.82804	37.85730
동양차예연구소강릉지부	activity	128.89094	37.75584
동양혼수	shop	128.82774	37.89196
동우분식	food	128.83895	37.85877
동원건어물	shop	128.89862	37.75402
동원공예사	shop	128.89864	37.75285
동원천지인홍삼	shop	128.88081	37.74129
동원해장국	food	128.89632	37.75932
동인공방	shop	128.82730	37.71417
동인당약국	shop	128.91740	37.76097
동인병원구내매점	shop	128.90718	37.77444
동인식당	food	129.02737	37.60177
동일불고기	food	128.89570	37.75134
동일스포츠	shop	128.89497	37.75205
동일이네	shop	128.82932	37.89172
동일장칼국수	food	128.92362	37.76597
동일장칼국수내곡점	food	128.87998	37.74099
동전집	food	128.89992	37.75973
동주	stay	128.87636	37.76541
동진네횟집	food	128.82785	37.89087
동진떡방앗간	food	128.91344	37.76665
동진푸드	shop	129.03422	37.62584
동쪽바다푸른수산	shop	128.89748	37.75213
동천당	shop	129.03498	37.60898
동천상회	shop	128.89862	37.75402
동천해물찜	food	128.88475	37.77436
동천해물탕해물찜	food	128.88473	37.77437
동촌	food	128.86364	37.73879
동춘해물마을	food	129.04014	37.68545
동트는해변	food	128.82468	37.90673
동튼편의점	stay	128.84408	37.86506
동틀무렵민박	stay	129.03323	37.69066
동해	food	128.90878	37.80377
동해건어물	shop	128.83317	37.89486
동해건어물상회	shop	128.91614	37.79597
동해고무	shop	128.82762	37.89159
동해낚시	shop	128.89487	37.75067
동해막국수경포점	food	128.91582	37.79399
동해막국수교동택지점	food	128.87387	37.76399
동해바다	food	128.89862	37.75402
동해바다수산	shop	128.89862	37.75402
동해바다진미	food	128.97901	37.72661
동해반점	food	128.90905	37.75522
동해밥상	food	128.89632	37.74432
동해번쩍	stay	129.04346	37.63955
동해보리밥	food	128.82699	37.87863
동해복권방	activity	128.91303	37.77016
동해산타열차	activity	128.89967	37.76406
동해상사	shop	128.89863	37.75343
동해식당	food	129.03613	37.60980
동해식당	food	128.87566	37.83845
동해안건어물	shop	129.03956	37.68646
동해안건어물	shop	128.87881	37.75469
동해안곰치식당	food	128.83169	37.89527
동해원	food	128.89782	37.75643
동해유통	shop	128.89547	37.75682
동해유통	shop	128.89597	37.79617
동해의아침펜션	stay	128.84425	37.86525
동해일미	food	128.89328	37.75163
동해일출	stay	128.83390	37.87903
동해횟집	food	128.91692	37.79667
동해횟집	food	129.05119	37.65283
동해휘닉스모텔	stay	128.83703	37.85904
동행	stay	128.83375	37.80810
동현수산	shop	128.82932	37.89172
동현이네	shop	128.82932	37.89172
동호	shop	128.95037	37.77113
동호수산	shop	128.83415	37.89825
동화	food	128.91594	37.78699
동화가든원조짬순	food	128.91466	37.79115
동화가든짬뽕순두부	food	128.91466	37.79115
동화정모텔	stay	129.03246	37.69082
동화짬뽕	food	128.86787	37.73941
동화호	shop	128.83091	37.89425
동회바다	food	128.89829	37.75953
동희	shop	128.89862	37.75402
돝고깃집	food	128.88832	37.74561
돼갈	food	128.89471	37.75977
돼지게티강릉점	food	128.89950	37.76833
돼지굽당	food	128.87069	37.75687
돼지꿈	food	128.90518	37.76085
돼지런히	food	128.89580	37.74341
돼지사랑	food	128.89418	37.75450
돼지세상	food	128.90479	37.76182
돼지한판	food	128.87955	37.73882
두꺼비국밥집	food	128.87722	37.77136
두끼떡볶이강릉점	food	128.89548	37.75342
두남자의강릉이야기	bar	128.87933	37.73935
두딩	cafe	128.89216	37.75817
두래복집	food	128.87605	37.76723
두레반	food	128.91440	37.77180
두루두루삼겹	food	128.90701	37.76585
두리	bar	128.87796	37.76554
두리다방	cafe	128.83085	37.89527
두리랑갈래	food	128.89759	37.75609
두리튀김	food	128.89943	37.75397
두마리찜닭두찜강릉	food	128.91680	37.77088
두메산골	food	128.90098	37.76005
두메산골	food	128.86545	37.75690
두부노리터	cafe	128.83527	37.87761
두부마을초당순두부	food	128.86514	37.75637
두부맨션	stay	128.83380	37.82464
두손클럽	food	128.90098	37.76005
두에시스	food	128.89831	37.75494
두울	shop	128.82591	37.88908
두쫀쿠랩강릉점	cafe	128.89486	37.75327
두찜강릉	food	128.89080	37.75414
둘레	bar	128.89897	37.75811
둘리	food	128.82932	37.89172
둥글게	cafe	128.90787	37.76379
둥지맛집	food	128.82737	37.89184
둥지별장	stay	128.80306	37.73730
둥지펜션	stay	128.84263	37.86988
뒷골	food	128.86011	37.75168
뒷뜨루관광농원	activity	128.83705	37.83537
뒷섬	food	128.87294	37.76160
드랍인	activity	128.88652	37.76274
드럼통돼지갈비	food	128.88212	37.74302
드로우솔	stay	128.95257	37.76559
드르륵	stay	128.90166	37.76319
드림넷	activity	128.87627	37.73539
드림디포	shop	128.82713	37.88085
드림모텔	stay	128.91012	37.80275
드림약국	shop	128.89421	37.75384
드림워터	shop	128.86618	37.79271
드림정보	shop	128.89531	37.75185
드림큐브	stay	128.89948	37.76001
드림탁구	activity	128.91148	37.77074
드림탁구장	activity	128.91148	37.77074
드림파크	stay	128.91075	37.76545
드림펜션	stay	128.69162	37.84614
드림헬스클럽	activity	128.90551	37.76094
득영잡화	shop	128.90098	37.76005
들꽃내음	cafe	128.82635	37.88824
들꽃편지	stay	128.70174	37.84962
등대낚시	shop	128.87587	37.84059
등대노래연습장	activity	128.82929	37.89485
등대마루	stay	128.83415	37.89825
등대민박	stay	128.83380	37.89692
등대수산	food	128.82885	37.89172
등대횟집	food	128.98970	37.73427
등명민박	stay	129.01618	37.70289
등부선선장협회	shop	128.83020	37.89405
등불민속주점식당	bar	128.90968	37.76996
등촌샤브칼국수	food	128.90506	37.76978
등촌샤브칼국수	food	128.88146	37.76503
디	stay	128.79527	37.75637
디니다스	stay	128.86932	37.81603
디디앰미즈존기능성보정체형의류	shop	128.90040	37.75456
디디치킨	food	128.91021	37.76626
디디치킨강릉	food	128.86615	37.76089
디디컴퍼니	food	128.90027	37.75842
디딜방아	food	128.91006	37.73804
디딤돌숨두부가	food	128.91519	37.78602
디뮤어카라반	shop	128.62908	37.85517
디바	cafe	128.88094	37.77129
디바노래연습장	activity	128.91362	37.77010
디바빈	cafe	128.91746	37.79609
디스베리데이플라워스튜디오	shop	128.89157	37.75818
디스코버거	food	129.04420	37.63700
디아레나	stay	128.89321	37.75958
디알음향통신	shop	128.90672	37.77106
디앤케이모바일	shop	128.89470	37.75447
디어다나	cafe	128.87961	37.75887
디어미니	shop	128.85180	37.73495
디어웨이브	stay	128.89649	37.81356
디어투	food	128.89442	37.75245
디에스네트웍스	shop	128.93446	37.76286
디에스씨	shop	128.89517	37.75387
디에스케이	shop	128.89465	37.75517
디엠헬스클럽	activity	128.89957	37.76031
디오	shop	128.88909	37.75717
디오네	stay	128.89061	37.81576
디오슬로	cafe	128.90300	37.78250
디자이노	cafe	128.87353	37.76230
디자인블루	cafe	128.89495	37.75057
디자인씽킹뮤지엄	heritage	128.87434	37.72890
디자인씽킹뮤지엄카페	food	128.87417	37.72922
디자인체크리스트	shop	128.88261	37.77199
디저트카페각각강릉	cafe	128.88651	37.75866
디저트파리피플	food	128.91837	37.78044
디즈니골프강릉점	shop	128.89336	37.75260
디지털냉동공조	shop	128.86712	37.71888
디핑	cafe	128.87908	37.77183
딜리버리쿡강릉점	food	128.89554	37.76671
딜리버리킹강릉	food	128.87659	37.76752
딥마켓	shop	128.89105	37.75440
딩동댕노래연습장	activity	128.89171	37.75434
딩동댕노래장	bar	128.87650	37.76607
따따어묵	food	128.88338	37.76625
따스한	food	128.97226	37.73438
따스한	shop	128.97263	37.73440
딱꾹	shop	128.89670	37.75240
딱밤식당	food	128.86617	37.73700
딱한잔	bar	128.91021	37.76626
딸기노래타운	bar	128.82740	37.89298
딸부자막국수	food	128.97809	37.72539
땅끝마을해남김	shop	128.90114	37.75614
땅땅치킨강원강릉	food	128.86696	37.75776
땅스부대찌개	food	128.88028	37.76444
땅스부대찌개입암점	food	128.91825	37.76012
때때로강릉	bar	128.89920	37.75978
때때로호프	bar	128.82485	37.89060
땡벌단란주점	bar	128.90742	37.76388
땡비노래방	bar	128.89893	37.75983
땡삐식당	food	128.88146	37.75679
땡초우동인포차	bar	128.87829	37.73974
떡고은	food	128.82373	37.89471
떡군이네떡볶이강릉점	food	128.87070	37.75709
떡도령	food	128.89920	37.75398
떡볶이는생각하지마세요	food	128.89831	37.75308
떡볶이참잘하는집떡참강릉	food	128.88000	37.75515
떡사랑	food	128.89907	37.75268
떡이네	food	128.87998	37.74099
떡카페커피떡방앗간	cafe	128.86621	37.74010
떼돈	food	128.90472	37.76573
떼루와	bar	128.90111	37.76310
또봉이통닭	food	128.89347	37.75585
또봉이통닭	food	128.89924	37.76118
또순이먹거리집	food	128.90917	37.76607
또순이횟집	food	128.91870	37.79416
또와메밀전	food	128.90098	37.76005
또와약초	shop	128.89865	37.75273
또왔네문구사	shop	128.90990	37.75619
똑똑이텔레콤	shop	128.89187	37.76629
똘똘이건어물	shop	128.82819	37.89049
똘똘이상회	shop	128.82779	37.89115
똠팔이강릉	food	128.90329	37.78425
똥고집	food	128.91964	37.76042
똥고집입암점	food	128.91967	37.76027
똥꾸빵꾸구제옷	shop	128.91600	37.78017
뚜레주르	food	128.82720	37.89345
뚜레쥬르	food	128.91362	37.77010
뚜레쥬르강릉교동택지점	food	128.88028	37.76444
뚜레쥬르강릉중앙	food	128.89672	37.75293
뚜레쥬르강릉합동마트점	food	128.90696	37.76089
뚜레쥬르내곡점	food	128.88382	37.74482
뚜비두밥	food	128.89486	37.75327
뚝방	food	128.90177	37.75119
뚝방단란주점	bar	128.89770	37.75242
뚝방집	stay	128.79310	37.85045
뚝배기식당	bar	129.03479	37.60827
뚝배기양평해장국	food	128.90839	37.76706
뚝배기양평해장국강릉	food	128.87798	37.76941
뚝섬	bar	128.91174	37.75595
뚱땡이국밥	food	128.93200	37.77516
뚱보냉면	food	128.89368	37.75534
뚱수산	shop	128.82932	37.89172
뚱이네간식창고	food	128.90098	37.76005
뚱이네감자탕	food	128.90945	37.75600
뚱할머니순두부	food	128.90797	37.78711
뜨개놀이터	shop	128.91987	37.76981
뜰	shop	128.86865	37.75750
띠앗	food	128.87386	37.76312
라끄베르펜션	stay	128.89691	37.79855
라끄블랑	stay	128.89678	37.79845
라도르체비타	shop	128.86311	37.74977
라떼라떼주문진닭강정	cafe	128.82876	37.89115
라라	bar	128.91617	37.77152
라라	cafe	128.89806	37.77288
라라	stay	128.89930	37.76011
라라모텔	stay	128.89928	37.76005
라라무리	cafe	128.81818	37.85679
라라스테이션	activity	128.82591	37.88908
라라스테이션	activity	128.87006	37.75720
라라스튜디오	shop	128.91581	37.78175
라라의안목	shop	128.94602	37.77284
라로즈	shop	128.86696	37.75776
라뤼슈	cafe	128.87647	37.83930
라르고	stay	129.03297	37.59674
라메르블루	stay	129.04562	37.64894
라메르호텔	stay	128.87778	37.82916
라메종드뵈르	stay	128.90968	37.76956
라면먹고갈래관동별곡	food	128.92560	37.78788
라모드	shop	128.90535	37.76144
라몬타냐	food	128.86818	37.73874
라무진	food	128.86880	37.75750
라미상점	shop	128.89095	37.75746
라미아까사	stay	128.89424	37.81515
라미아까사플러스	stay	128.89412	37.81497
라벤다	stay	128.89034	37.80691
라벨르	shop	128.90023	37.75463
라벨르호텔	stay	128.90396	37.80404
라벨르호텔프리미어	stay	128.90177	37.76263
라보엠	food	128.82452	37.71489
라보엠	shop	128.89862	37.75402
라비다샵강릉	shop	128.90137	37.77112
라솜이네	shop	128.85783	37.75922
라스텔리나	food	128.89988	37.76213
라쌍떼	shop	128.90624	37.76772
라온가	stay	128.88308	37.75895
라온네돌판집	food	128.90920	37.76466
라온초당펜션	stay	128.91264	37.79253
라온힐펜션	stay	129.04604	37.64879
라움	shop	128.91237	37.75424
라윤담	cafe	128.89777	37.75228
라이라이	shop	128.89787	37.76058
라이바	food	128.89437	37.75195
라이브강릉역에서	bar	128.90114	37.76272
라이브동해의꿈	bar	128.89667	37.75331
라이브블루	bar	128.90960	37.76923
라이브클럽	bar	128.90981	37.76747
라이스앤샤인	food	128.88354	37.75230
라이크어거스트	shop	128.89481	37.76079
라이프니츠	cafe	128.89835	37.75346
라이프약국	shop	128.89550	37.75460
라인당구장	activity	128.90701	37.76585
라인피디	shop	128.90987	37.76605
라임비치	stay	128.89515	37.81305
라임테라피	shop	128.87811	37.76613
라임힐	stay	128.86537	37.78673
라작	shop	128.89183	37.75974
라카이게임캠프	activity	128.90448	37.80706
라카이샌드파인노래연습장	activity	128.90448	37.80706
라콤마	cafe	128.87371	37.73734
라쿠치나	food	128.86830	37.73851
라클라우드펜션	stay	128.89518	37.81374
라티엔다	cafe	128.87488	37.80204
라파폴로	shop	128.89680	37.75246
라포레	stay	128.67966	37.84494
라포엠펜션	stay	128.89447	37.81412
라피안타	cafe	128.91379	37.79297
라홍방마라탕강릉	food	128.88043	37.76522
라화쿵부관	food	128.87535	37.73869
락포트강릉점	shop	128.89439	37.75481
란이마켓	bar	128.91969	37.75649
란트루헤	stay	128.89733	37.80935
란희네	shop	128.82932	37.89172
랑데뷰	cafe	128.88150	37.74139
랑랑퀼트샵	shop	128.86888	37.71186
래래반점	food	128.87763	37.75525
래미안	bar	128.90012	37.76186
래미안매점	shop	128.92938	37.78227
래미안스크린	activity	128.92938	37.78227
래미안펜션	stay	128.83807	37.84039
래원	food	128.89997	37.75884
래원입암점	food	128.91120	37.74884
래펴스카빵집	food	128.89698	37.75920
랜드로바강릉	shop	128.89438	37.75103
러닝스테이션금성	shop	128.89624	37.75221
러브체인	cafe	128.89603	37.75155
러브펫	shop	128.87892	37.77093
러블리	shop	128.92012	37.75866
러블리모텔	stay	128.90270	37.80675
러블리부동산	stay	128.90270	37.80675
러블리피자	food	128.88664	37.75826
러빈레드	food	128.89387	37.75785
러쉬	bar	128.87887	37.76734
러쉬헬스	activity	128.87688	37.76232
러키비키강릉관	activity	128.87762	37.73923
럭셔리	shop	128.90906	37.76248
럭키문구	shop	128.89209	37.74407
럭키복권점	activity	128.90154	37.76396
럭키하우스	cafe	128.89279	37.75091
럭키회센타	food	128.87460	37.76322
럭키회센터	food	128.87460	37.76322
런닝맨	bar	128.87720	37.76720
런던노래연습장	activity	128.91740	37.76097
런치박스	food	128.88857	37.75751
레그나컨피네스오션스위트	food	128.87461	37.83661
레니네부엌	food	128.87319	37.76350
레니네부엌	shop	128.91553	37.78352
레니살롱	shop	128.91454	37.77784
레드망치	shop	128.89434	37.76122
레드망치	cafe	128.89295	37.76279
레드모텔	stay	128.89876	37.76017
레드페이스강릉죽헌점	shop	128.87425	37.78529
레드페이스이마트강릉점	shop	128.92265	37.77060
레드페이스홈플러스강릉점	shop	128.89866	37.75568
레드플렉스짐	activity	128.88182	37.74250
레메디	shop	128.89050	37.81627
레미안골프아카데미	activity	128.92938	37.78227
레브	food	128.94945	37.77060
레브앤에이	food	128.94945	37.77060
레어	food	128.89219	37.75942
레오컬렉션	shop	128.89626	37.75298
레오파드	cafe	128.89253	37.75602
레이드백	food	128.90785	37.76777
레이로그	stay	128.90050	37.75914
레이지데이지	shop	128.89176	37.75599
레이지캣카페	cafe	128.90389	37.80468
레인보우	bar	128.90174	37.76287
레인보우당구장	activity	128.87967	37.73924
레저클럽	shop	128.84604	37.86398
레전드	food	128.89714	37.75441
레전드야구존강릉	activity	128.89649	37.75263
레포트천국	shop	128.87371	37.73734
로그엠	cafe	128.88560	37.76018
로그인회산점	shop	128.86840	37.74102
로끼맨션	food	128.94610	37.77268
로단테	shop	128.89272	37.75011
로데	shop	128.91501	37.76849
로뎀나무펜션	stay	128.89799	37.81182
로드세븐	cafe	128.89035	37.74035
로또고기앤포차	food	128.90496	37.75259
로렌스하우스	stay	128.85509	37.83625
로로	shop	128.88010	37.76511
로로샤강릉점	shop	128.89714	37.75441
로로카츠	food	128.88711	37.75196
로마노래궁	bar	128.91148	37.77074
로맨틱	bar	128.91153	37.77102
로빈슨횟집	food	128.83415	37.89825
로사펜션	stay	128.88947	37.80591
로스키빌리야드	activity	128.89721	37.75679
로스터이안	cafe	128.87604	37.76918
로얄	shop	128.87792	37.76671
로얄분식	food	128.90908	37.76613
로얄튼	shop	128.86295	37.74933
로이젠강릉점	shop	128.89868	37.75691
로제크레파스구	shop	128.89685	37.75359
로제펜션	stay	128.84294	37.86382
로즈가든	food	128.92883	37.78333
로지로스터리	cafe	128.91787	37.75859
로지에	shop	128.89485	37.75232
로지커피	cafe	128.94995	37.77080
로체강릉점	shop	128.90111	37.76310
로커스텔	stay	128.87662	37.76654
로컬릿피자	food	128.91624	37.78480
로컬짬뽕	food	128.82782	37.89375
로킷	food	128.94857	37.77133
로타리식당	food	128.90146	37.71161
로터스랜드	shop	128.88745	37.75735
록스타일	bar	128.87662	37.76155
록영다례원	activity	128.81822	37.79459
롤라랜드	activity	128.89664	37.75441
롤리서프	cafe	128.87697	37.82987
롯데리아강릉	food	128.91226	37.77139
롯데리아강릉	food	128.82615	37.89076
롯데리아강릉	food	128.87979	37.75464
롯데리아강릉교동	food	128.87608	37.76445
롯데리아강릉점	food	128.89728	37.75512
롯데슈퍼	shop	128.88240	37.76164
롯지펜션	stay	128.89259	37.80498
롱브레드	food	128.91323	37.79236
롱브레드	food	128.94627	37.77334
롱블랙	cafe	128.91776	37.79559
롱하이밥스토랑	food	128.92297	37.75515
루나	bar	128.89822	37.75986
루나로사요트클럽	activity	128.95104	37.77237
루나하우스	stay	128.89988	37.75330
루네빌베이커리	food	128.93491	37.77624
루디아	shop	128.89670	37.75351
루디아	shop	128.83157	37.87469
루루베리	stay	128.77131	37.84756
루루펜션	stay	128.87315	37.83539
루모	cafe	128.87760	37.74162
루미야	activity	128.89468	37.75267
루베이커리	food	128.91610	37.77978
루비	bar	128.94060	37.77311
루비타로카페	food	128.83716	37.87084
루비통	bar	128.91707	37.77063
루사	food	128.70654	37.81530
루소호텔	stay	128.87639	37.76587
루스	shop	128.91211	37.77210
루어매니아	shop	128.93942	37.76209
루웰스테이크하우스	food	128.90357	37.77930
루이까스텔강릉	shop	128.86611	37.76455
루이까스텔강릉죽헌점	shop	128.87214	37.78616
루이뷰티	shop	128.89197	37.75508
루이스	shop	128.91094	37.76828
루이식당	food	128.91250	37.80025
루체	bar	128.87796	37.76554
루쿠키	food	128.90027	37.75842
루키샵	shop	128.85893	37.76919
루타하우스	stay	128.90914	37.77289
루헤펜션	stay	128.90233	37.80199
루헤풀빌라	stay	128.90195	37.80218
룩스토어강릉상미점	shop	128.89644	37.75232
룰루랄라애견미용실	shop	128.89852	37.75760
룰루스	shop	128.91590	37.77314
룰루스유천	shop	128.87131	37.75783
룽성강릉	food	128.87627	37.76827
류	cafe	129.04343	37.63973
류풀빌라	stay	129.04343	37.63973
르꼬끄스포르티브	shop	128.89620	37.75317
르꼬따쥬	activity	128.86433	37.78759
르네셀	shop	128.88617	37.75746
르방르방	food	128.91607	37.78580
르봉마젤	cafe	128.89340	37.75702
르블레도르	food	128.91155	37.77489
르와지르	shop	128.89295	37.75752
리갤러리카페	cafe	128.87646	37.73940
리고엠	activity	128.87700	37.76419
리꼬	shop	128.82768	37.89362
리뉴메디	shop	128.90540	37.76575
리더스컴퍼니	activity	128.84998	37.78168
리도커피	cafe	128.89721	37.75679
리듬펜션	stay	128.84372	37.86395
리르	food	128.90211	37.76194
리리골드	shop	128.89499	37.74242
리마스키친	food	128.92026	37.78438
리몽	cafe	128.88454	37.78730
리미트정보가전	shop	128.91600	37.77701
리바트강릉송원불가마	shop	128.88233	37.77177
리바트강릉점	shop	128.88233	37.77177
리베라모텔	stay	128.90168	37.76176
리베라모텔사우나	stay	128.90165	37.76171
리베르떼펜션	stay	128.89680	37.79789
리본매는아롱이	shop	128.90844	37.76479
리부띠크	shop	128.87580	37.76167
리브레드	cafe	128.91436	37.76939
리비에라	stay	128.84432	37.86969
리비에라까페	cafe	128.84429	37.86964
리빈카페	cafe	128.87690	37.83134
리셋점핑	shop	128.90775	37.76333
리스펙스포츠클럽	activity	128.91162	37.77125
리스펙테니스클럽	activity	128.87565	37.76672
리얼리티	bar	128.87914	37.76853
리얼펍	bar	128.86833	37.75750
리에또플라워꽃집	shop	128.90788	37.76843
리오	food	128.87906	37.76683
리원	food	128.86327	37.73726
리원이네	shop	128.83091	37.89425
리잉크	shop	128.87816	37.74055
리즈살롱	shop	128.88158	37.76424
리지아트스튜디오	shop	128.90831	37.72811
리춘시장	food	128.86866	37.75689
리치모텔	stay	129.03393	37.62570
리치문	stay	128.89399	37.81395
리치문펜션	stay	128.87585	37.83306
리커피	cafe	128.89487	37.75446
리터니셀	shop	128.89095	37.75790
리턴	bar	128.89175	37.75671
리틀다이너	food	128.94052	37.76521
리틀도어	cafe	128.82886	37.88645
리틀마리	food	128.89803	37.75358
리틀버터하우스	food	128.90176	37.76276
리틀빌리지	activity	128.82527	37.88685
리프레시	stay	128.69338	37.84632
리프로젝트트레이닝센터	activity	128.91204	37.76858
리픽	shop	128.89721	37.75679
린나이	shop	128.90655	37.77064
린나이상사	shop	128.89201	37.75488
린생사진관강릉점	bar	128.87241	37.77287
린펜션	stay	128.87324	37.84170
릴리플라워	shop	128.91915	37.76009
링스강릉	shop	128.86611	37.76455
마강호헬스클럽	activity	128.90668	37.76565
마그놀리아	cafe	128.89810	37.75363
마노	cafe	128.89666	37.74612
마노마사	food	128.89057	37.75534
마니또화장품	shop	128.89752	37.75439
마당이동해	stay	128.89187	37.81710
마당집	stay	128.83596	37.86082
마더커피초당점	cafe	128.91585	37.78728
마돈나노래공원	bar	128.89882	37.75958
마돈나노래궁	bar	128.89882	37.75958
마드모아젤	shop	128.89708	37.75306
마들식당	food	128.90475	37.80400
마레몬떼	shop	128.89692	37.75494
마레몬떼강릉점	shop	128.89529	37.75301
마레펜션	stay	129.04518	37.64809
마레하우스	stay	128.89896	37.80753
마루	food	128.87915	37.76646
마루갈비숯불구이	food	128.87826	37.76851
마루김밥	food	128.90599	37.75247
마루커피컴퍼니	cafe	128.91169	37.76953
마르첼	bar	128.91235	37.77018
마리스텔라	shop	128.82567	37.88726
마리쟌느	shop	128.87368	37.78697
마마스빨미에	food	128.91294	37.77423
마마타타	food	128.87879	37.77379
마망펜션	stay	129.04676	37.67516
마미옷장	shop	128.89735	37.75463
마빡강릉점	food	128.89869	37.75801
마사이워킹센타	shop	128.90017	37.75768
마산미나아구찜	food	128.90601	37.76555
마수와	food	128.90813	37.76307
마수와강릉	cafe	128.89041	37.75778
마스터빌리어드	activity	128.87798	37.73960
마시따니	food	128.87833	37.77149
마시쏘	food	128.87862	37.77101
마시와고속	food	128.87979	37.75464
마실	bar	129.03638	37.60991
마심	cafe	128.91525	37.78575
마암터마을	activity	128.77272	37.82792
마야골	stay	128.69029	37.84713
마야노래공원	bar	128.91151	37.77051
마야뮤직타운	bar	128.91148	37.77052
마왕족발강릉입암점	food	128.91803	37.75952
마우카마카이	shop	128.83137	37.89600
마운틴모텔	stay	128.91044	37.76540
마운틴밸리관광팬션	stay	128.71117	37.82275
마운틴하드웨어	shop	128.90357	37.77930
마을안길	stay	128.91136	37.79362
마음여행	stay	128.88920	37.80581
마음입다	shop	128.89519	37.75220
마이데이	bar	128.87996	37.76281
마이마이	food	128.88739	37.75692
마이백	shop	129.04191	37.68407
마이아엘	cafe	128.91567	37.77689
마이앤트세라	stay	128.87983	37.82612
마이오리진	stay	128.83055	37.90128
마이요거트립	food	128.82799	37.88546
마이웨이	food	128.68555	37.85238
마이짐	activity	128.90709	37.76294
마이큐당구클럽	activity	128.87682	37.76254
마이크로유니버스	bar	128.90171	37.76362
마임강릉중부비젼지사	shop	128.90101	37.75904
마쥬포차	bar	128.90936	37.76510
마쮸램	food	128.87945	37.76521
마차군분식양	bar	129.03227	37.69136
마카	food	128.91678	37.78432
마카돈	food	128.82552	37.88479
마카롱이처음이라	food	128.90455	37.76071
마카모예베이글바	food	128.89442	37.76038
마카오	bar	128.87649	37.76440
마카커피	cafe	128.89474	37.75403
마커스	bar	128.89709	37.75690
마켓베이커리	shop	128.91552	37.78405
마켓베이커리강릉입암점	shop	128.91109	37.75440
마켓우붓	shop	128.91489	37.79142
마코강릉점	shop	128.89775	37.75415
마코강릉죽헌점	shop	128.87240	37.78593
마파치킨	food	128.87445	37.77672
마포숯불돼지갈비	food	128.89817	37.75792
마포주먹고기	food	128.91670	37.77097
마포최대포	food	128.83998	37.86927
마향	food	128.87997	37.76513
막걸리열전도립대점	bar	128.82576	37.89038
막내네집	shop	128.82932	37.89172
막둥이네반찬가게	shop	128.88668	37.75817
막창공장	food	128.90912	37.76901
막창에닭발	bar	128.91553	37.78352
막퍼주는집	shop	128.89949	37.75555
만나건어물	shop	128.82883	37.89175
만나계란	shop	128.89831	37.70741
만나생선조림	food	128.90098	37.76005
만나식육식당	food	128.90052	37.75930
만나옹심이손칼국수	food	128.89712	37.74733
만동면옥	food	128.94123	37.76355
만동제과	food	128.89953	37.75521
만두나라김밥촌	food	128.82868	37.89443
만두먹고	food	128.90467	37.75663
만땅길	bar	128.91067	37.77543
만물문구사	shop	128.89959	37.74552
만물상	shop	128.82312	37.89141
만물상회	shop	128.90091	37.75370
만물슈퍼	shop	128.83685	37.85946
만복수산	shop	128.82932	37.89172
만복수산	shop	128.87566	37.83696
만상잡화	shop	128.88946	37.75723
만석	food	128.94857	37.77133
만선감자옹심이	food	128.94120	37.76298
만선국수	food	128.82634	37.88089
만선해장국	food	128.89151	37.75542
만송	food	128.88746	37.74650
만수파크	stay	128.90822	37.76372
만양맛값	food	128.90733	37.76609
만양맛값내곡점	food	128.88212	37.74302
만억정흑염소	food	128.87864	37.76793
만억정흑염소	food	128.95650	37.71867
만월	food	128.87930	37.76779
만월	food	128.89854	37.75774
만월당	shop	128.91123	37.78005
만족오향족발강릉	food	128.91757	37.78017
만춘루	food	128.87286	37.76059
말똥이네	shop	128.89862	37.75402
말똥이네	shop	128.82932	37.89172
말라이카	stay	128.77900	37.83640
말자싸롱대학로점	bar	128.89379	37.75581
말타는사람들	activity	128.88049	37.73476
맑은민박	stay	128.81656	37.90832
맘김밥	food	128.91025	37.76927
맘마의류	shop	128.89754	37.75340
맘모스	stay	128.82771	37.88980
맘스카롱	food	128.87644	37.77061
맘스터치	food	128.87005	37.75685
맘스터치	food	128.82599	37.88079
맘스터치강릉	food	128.91517	37.77252
맘스터치강릉	food	128.87880	37.76901
맘스터치강릉입암점	food	128.91948	37.75930
맘스터치피자앤치킨강릉점	food	128.89080	37.75414
맛갈참죽	food	128.87069	37.75687
맛나반찬	shop	128.89872	37.75369
맛나삼겹살	food	128.91350	37.76736
맛나상점	shop	128.93572	37.73781
맛나식품	shop	128.82686	37.89110
맛나제과	food	128.89862	37.75402
맛난젓갈	shop	128.82863	37.89242
맛드렁	food	128.82907	37.88329
맛드린	food	128.87475	37.77744
맛드린해장국감자탕	food	128.87727	37.76531
맛마루부대찌개	food	128.91936	37.79212
맛사랑장칼국수	food	128.91735	37.78049
맛애정	food	128.90063	37.76195
맛있는공장	shop	128.89938	37.75727
맛있는돈까스	food	128.91369	37.76728
맛있는바다	food	128.82869	37.88952
맛있는바다동해	food	128.82869	37.88952
맛있는바다동해청담삼겹	food	128.82869	37.88952
맛있는세상	food	128.87613	37.76346
맛있는엄마밥상	food	128.82544	37.88797
맛있는여정	food	128.87074	37.75456
맛있는초밥집	food	128.87285	37.76256
맛있는하루	food	128.82775	37.89243
맛있으리	shop	128.91119	37.77366
맛있으면돼지	food	128.88171	37.74133
맛잡이슈퍼	bar	128.89485	37.75232
맛조아꿀호떡	food	128.91280	37.77399
맛조이	bar	128.89963	37.75739
맛짱	food	128.87823	37.76667
맛짱분식	food	128.87627	37.83846
망고	shop	128.82499	37.88559
망상비치호텔	stay	129.06895	37.60648
매머드커피익스프레스강릉아산	cafe	128.85618	37.81694
매머드커피익스프레스강릉월화	cafe	128.89876	37.75502
매미노래밤	activity	128.89671	37.75144
매운불닭	bar	128.91042	37.77440
매일국수	food	128.90842	37.76851
매일찬	shop	128.91148	37.77052
매점	shop	128.89515	37.75350
매직루더	shop	128.91659	37.76028
매치포인트비트로강릉점	shop	128.91757	37.76915
매콤이	food	128.90479	37.76182
매콤이	food	128.88195	37.75426
매화꽃농원	shop	128.86923	37.75682
맥가이버	shop	128.82204	37.90479
맥시칸강릉	food	128.85618	37.81694
맥시칸치킨	food	128.82452	37.87223
맨하탄	bar	128.90930	37.77130
맵도리탕강릉점	food	128.90226	37.75884
맷돌젤라또	cafe	128.91533	37.78970
맹글베이크	food	128.89286	37.75037
머구리횟집	food	128.94480	37.77399
머꼬또머꼬	food	128.89095	37.75746
머물구자	stay	128.90050	37.75416
머뭄	cafe	128.90351	37.75743
머뭄스테이	stay	128.90701	37.70424
머스크멜로우	stay	128.84026	37.75357
머슬로생체역학연구소	activity	128.91316	37.77160
머슬바디핏	activity	128.86805	37.75779
머슬키트	food	128.90098	37.76005
먹보네식당	food	128.83133	37.89549
먹세포차	food	128.89791	37.76018
먹쇠	food	128.90428	37.75257
먹쇠정육점	shop	128.90428	37.75257
먼데이녹	shop	128.82951	37.88258
멀티샵	shop	128.89611	37.75198
멋쟁이	shop	128.89742	37.75245
멍개바위	shop	128.89904	37.81223
멍석	food	128.90705	37.76744
멍슈슈	shop	128.87319	37.76350
멍캠핑장	stay	128.88950	37.70470
메가엠지씨커피강릉	cafe	128.93097	37.77537
메가엠지씨커피강릉	cafe	128.82615	37.89076
메가엠지씨커피강릉	cafe	128.89576	37.75332
메가엠지씨커피강릉강문	cafe	128.91736	37.79606
메가엠지씨커피강릉강일점	cafe	128.89134	37.76487
메가엠지씨커피강릉교동솔올점	cafe	128.87851	37.76756
메가엠지씨커피강릉교동택지점	cafe	128.87756	37.76394
메가엠지씨커피강릉내곡점	cafe	128.88194	37.74309
메가엠지씨커피강릉노암점	cafe	128.89248	37.74209
메가엠지씨커피강릉단오공원점	cafe	128.89703	37.74857
메가엠지씨커피강릉시외버스	cafe	128.87881	37.75469
메가엠지씨커피강릉아산	cafe	128.85582	37.81729
메가엠지씨커피강릉역점	cafe	128.90013	37.76371
메가엠지씨커피강릉옥천	cafe	128.89996	37.75566
메가엠지씨커피강릉유천지구점	cafe	128.86924	37.75778
메가엠지씨커피강릉입암점	cafe	128.91152	37.75368
메가엠지씨커피강릉주문진항점	cafe	128.82790	37.89287
메가엠지씨커피강릉초당점	cafe	128.91552	37.78407
메가엠지씨커피강릉축협송정해안로점	cafe	128.93242	37.77954
메가엠지씨커피경포해수욕장점	cafe	128.91320	37.79980
메가엠지씨커피유천지구점	cafe	128.86924	37.75778
메가엠지씨커피정동진역점	cafe	129.03254	37.69111
메가엠지씨커피주문진버스종합	cafe	128.82535	37.88475
메가요거트강릉점	food	128.90258	37.76042
메가커피강릉	cafe	128.91270	37.77019
메가후르츠강릉점	cafe	128.90200	37.75863
메기와우렁이	food	128.90103	37.75375
메기촌	food	128.79381	37.87843
메디세라의료기	shop	128.91148	37.77074
메디팜강릉약국	shop	128.89532	37.75393
메련	bar	128.90638	37.76241
메르치	shop	128.89869	37.75265
메리골드	cafe	128.87394	37.76417
메리크리스피자	food	128.87955	37.73882
메밀골동해막국수	food	128.87389	37.76403
메밀골동해막국수정동진점	food	129.04283	37.68053
메밀능이촌	food	128.89655	37.76644
메밀애감자중앙	food	128.89929	37.75331
메밀집	food	128.90188	37.76142
메밀향기	food	128.91352	37.78638
메어블릭	stay	128.87626	37.83175
메이데이	cafe	128.88264	37.75572
메이드인유	shop	128.88803	37.76436
메이드인플라워	shop	128.87886	37.77006
메이드테라피	shop	128.89787	37.76058
메이븐커피	cafe	128.89875	37.77180
메이비	bar	128.87649	37.76717
메이크오버	shop	128.89539	37.75189
메이폴	stay	128.89629	37.75995
메이플	shop	128.89728	37.75282
메이플육공사	stay	128.86267	37.82222
메인모텔	stay	129.03900	37.61324
메인스테이	stay	129.03896	37.61319
메일빈무인카페	cafe	128.91440	37.77180
메종고니	shop	128.91673	37.78370
메종드로즈	stay	128.84570	37.86247
메종드빈센트	stay	128.89427	37.75634
메종드씨펜션	stay	128.90130	37.80165
메종코트	stay	128.88632	37.75653
멕시멈	shop	128.89344	37.76823
멕시카나	food	128.82470	37.88544
멕시카나포남	food	128.90792	37.76169
멕시칸치킨	food	128.83649	37.85938
멜로우밀	cafe	128.87855	37.77018
멜로우호텔	stay	128.89788	37.76215
멤버스	stay	128.83322	37.87984
멤버스골프클럽	activity	128.86287	37.80261
멤버스스포츠	shop	128.86287	37.80261
면사랑우동가	food	128.90220	37.75840
면이랑밥이랑	food	128.91280	37.77399
명가네손칼국수	food	128.89334	37.75644
명가도계물닭갈비	food	128.82745	37.71471
명가반점	food	128.82631	37.88001
명가왕족발강릉점	food	128.91825	37.76012
명가찜	food	128.89644	37.77019
명가통닭강릉	food	128.87131	37.75783
명갈비	food	128.90782	37.76621
명경막국수	food	128.89624	37.79653
명경지수	cafe	128.89165	37.75472
명국호건어물	shop	128.83325	37.89493
명당복권방	activity	129.03298	37.69091
명동	shop	129.03581	37.60993
명동	shop	128.82680	37.89022
명동	shop	128.82658	37.89062
명동다방	cafe	128.89515	37.75089
명동상점	shop	128.88171	37.78061
명동탕후루	food	128.89681	37.75211
명랑시대쌀핫도그강릉	food	128.88028	37.76444
명랑시대쌀핫도그강릉	food	128.89558	37.75319
명랑한은둔자	shop	128.89058	37.75129
명륜진사갈비	food	128.82453	37.88581
명륜진사갈비	food	128.87104	37.75781
명륜진사갈비입암점	food	128.91974	37.75958
명문식당	food	128.90145	37.74782
명문포목상회	shop	128.82763	37.89166
명산숯불구이	food	128.90917	37.76933
명상	activity	128.89788	37.75838
명성닭강정	food	128.89924	37.75422
명성디젤모터스	shop	128.82592	37.89088
명성반점솔올점	food	128.87328	37.76168
명성부침	food	128.89910	37.75391
명성식당	food	128.90056	37.75427
명성에프엠씨	shop	128.85811	37.79857
명성오징어순대	food	128.89939	37.75381
명성옥	food	128.90086	37.74079
명성종합가구	shop	128.90369	37.74571
명성펜션	stay	128.89917	37.80938
명성한우	food	128.88181	37.77069
명성횟집	food	128.98576	37.73861
명소낚시할인마트	shop	128.91674	37.76884
명숙수산	shop	128.90106	37.75390
명신식당	food	128.90213	37.76004
명안	cafe	128.88187	37.75565
명월	bar	128.89760	37.75788
명인옛날통닭강릉	food	128.87892	37.77093
명자네맛집	food	129.03360	37.60723
명작	bar	128.89639	37.75986
명주골목	stay	128.89206	37.75071
명주꽃집	shop	128.88642	37.75105
명주동이맛에온다	food	128.89342	37.75767
명주뜰	food	128.82241	37.88264
명주로와	stay	128.88965	37.75691
명주마당	cafe	128.89040	37.74988
명주미가	food	128.82469	37.88544
명주방앗간분점	cafe	128.89914	37.75292
명주배롱	cafe	128.89287	37.75085
명주상회	food	128.89143	37.75105
명주수산	shop	128.89862	37.75402
명주예술마당	etc	128.89027	37.75040
명주온당	stay	128.89295	37.75102
명주인형극제	event	128.89027	37.75040
명주자원	shop	128.81615	37.87293
명주택	stay	128.89304	37.75141
명주하녹	stay	128.88982	37.75107
명진건어물	shop	128.82812	37.89009
명탐전	bar	128.91021	37.76626
명품	shop	128.91834	37.78087
명품각	food	128.90554	37.76780
명품건어물	shop	128.82821	37.89062
명품관	shop	128.89845	37.76001
명품관	shop	128.89347	37.75585
명품구제	shop	128.82204	37.90479
명품다육	shop	128.92215	37.77962
명품붕어빵	food	128.91225	37.77470
명품시계병원	shop	128.89146	37.76449
명품조경	shop	128.83607	37.84026
명품한우숯불갈비	food	128.91172	37.75449
명품횡성한우고집	food	128.87965	37.76709
명희네	food	129.03629	37.61294
모과산	stay	128.95822	37.73853
모구모구식당	food	128.87040	37.76203
모나리자	stay	128.89858	37.76077
모나리자모텔	stay	128.89861	37.76083
모나코	bar	128.90809	37.76830
모노	shop	128.89728	37.75282
모노블링	shop	128.89586	37.75284
모뉴먼트	food	128.92607	37.78594
모닝글로리	shop	128.88150	37.76546
모닝글로리	shop	128.88040	37.76472
모닝글로리사이언스	shop	128.87371	37.73734
모닝스크린골프장	activity	128.94961	37.76441
모닝안경원	shop	128.91362	37.77010
모다상회	shop	128.90346	37.76837
모다인	shop	128.91203	37.76966
모닥불	food	128.87644	37.76794
모닥불	food	128.89707	37.75663
모닥불식당	food	128.87640	37.76790
모더스	shop	128.89661	37.75362
모던스포츠	shop	128.90171	37.76362
모던캣	shop	128.87445	37.77672
모델패션	shop	128.89799	37.75326
모두랑도시락	food	128.91810	37.77960
모두랑식당	food	128.89769	37.75609
모두모두	shop	128.82691	37.89038
모두몰	shop	128.90199	37.75914
모두와우동	food	128.90022	37.75959
모락도시락	food	128.89105	37.76443
모락모락	food	128.89775	37.75415
모락모락단팥죽	food	128.91240	37.77566
모란	shop	128.88092	37.77815
모란동백잔치국수	food	128.79494	37.85356
모란칼국수	food	128.91775	37.77105
모래내	stay	128.87574	37.82777
모래내	stay	128.87585	37.82702
모래내메밀촌	food	128.84299	37.81447
모래내행복센터	activity	128.84857	37.82655
모래시계공원	nature	129.03798	37.68711
모래시계식당	food	129.03703	37.68588
모래시계전망대	shop	129.04050	37.68606
모래틈식당	food	128.89196	37.75524
모모김밥	food	128.91276	37.76935
모모의옷장	shop	128.87977	37.76491
모모의외출	cafe	128.89575	37.75671
모모케이스강릉점	shop	128.89545	37.75311
모산편의점	shop	128.90142	37.72942
모션텔레콤	shop	128.89144	37.75754
모솔미니슈퍼	shop	128.87620	37.77301
모아	food	128.90089	37.75778
모아	shop	128.82579	37.88829
모아모아카페	cafe	128.82689	37.89122
모아방	shop	129.03442	37.60794
모아수산	shop	128.91317	37.75396
모아하우스	stay	128.90300	37.75778
모안레스토랑	food	128.90267	37.77680
모안카페	cafe	128.90267	37.77680
모안펜션	stay	128.90300	37.78173
모어댄마벨	cafe	128.89031	37.74958
모예게스트하우스	stay	128.93896	37.76624
모이몰른	shop	128.89776	37.75453
모임	bar	128.83074	37.88294
모임다방	cafe	128.83011	37.89485
모임마차	bar	128.83011	37.89485
모자호떡	food	128.89862	37.75402
모전여전	food	128.89381	37.74824
모짜르트과자점	food	128.89171	37.76605
모카트리	shop	128.88149	37.75837
모타운	bar	128.87655	37.76741
모텔동해	stay	128.90401	37.80418
모텔라벤더	stay	129.03967	37.68556
모텔몽	stay	128.87740	37.76434
모텔발리	stay	128.88227	37.75413
모텔베네르	stay	128.89777	37.75794
모텔산토리니	stay	128.90919	37.80343
모텔서울	stay	128.87702	37.76250
모텔포시즌	stay	128.89909	37.76059
모텔힐	stay	128.85507	37.81800
모토텔레콤	shop	128.89445	37.75097
모퉁이펜션	stay	128.87195	37.83824
모트	food	128.89121	37.75426
목가	stay	128.85769	37.76447
목과원	cafe	128.91665	37.78538
목구멍강릉점	food	128.87846	37.76736
목로주점	bar	128.89821	37.75214
목소	cafe	128.89145	37.75727
목포완도태평양횟집	food	128.90434	37.80333
목포횟집식당	food	128.90501	37.80441
목화반점	food	128.88111	37.77126
몬스터짐	activity	128.91162	37.77125
몬스터짐교동택지점	activity	128.87702	37.76250
몬스터짐입암점	activity	128.92010	37.75544
몬스터짐회산점	activity	128.86392	37.73926
몬테가든	shop	128.90119	37.76120
몰랑	stay	128.83395	37.79008
못난이노래세상	bar	128.89947	37.75820
못난이맛집	food	128.88237	37.75360
못난이수산	shop	128.82932	37.89172
못난이술공장	bar	128.91597	37.77171
못잊어분식	food	128.89924	37.76118
못잊어집	food	128.89285	37.74798
몽글몽글	food	128.89269	37.75031
몽림	food	128.86961	37.75784
몽블랑모텔	stay	128.87672	37.76577
몽블리제	stay	128.89135	37.76004
몽쉘메종마쉐르메종경포	food	128.90174	37.80763
몽슈르	stay	128.86620	37.84240
몽슈슈강릉점	food	128.87636	37.76541
몽시앙	stay	128.87472	37.81035
몽실네밥집	food	128.89658	37.75760
몽실이	bar	128.91061	37.77389
몽언니	shop	128.87887	37.77024
묘정	bar	128.89296	37.75498
무국적식탁	food	128.86736	37.75730
무근본	bar	128.87884	37.76600
무네막국수	food	128.88278	37.78392
무디타	cafe	128.90300	37.75778
무료입장	shop	128.89684	37.75425
무명	cafe	128.88320	37.75207
무명	shop	128.88320	37.75208
무무의집	shop	128.88810	37.75766
무슈부부커피스탠드강릉	cafe	128.89657	37.75573
무쏘강릉입암점	food	128.91687	37.75877
무아	stay	128.83247	37.88080
무아커피	cafe	128.91204	37.76858
무아풀빌라	stay	128.83247	37.88080
무이	food	128.90338	37.76091
무이제	stay	128.70497	37.88014
무주하우스	stay	128.89336	37.77958
무지개간식	shop	128.89088	37.75506
무지개노래연습장	activity	128.91581	37.76984
무지개다방	cafe	128.82877	37.89418
무지개다방	cafe	128.89851	37.76105
무지개맥주	bar	128.89664	37.75441
무지개민박	stay	129.03505	37.68757
무지개민박	stay	128.83158	37.88209
무지개슈퍼	shop	128.83158	37.88209
무지개운하우스	food	128.91097	37.80177
무지개횟집	food	128.95315	37.76521
무진장	food	128.90048	37.76063
무진장돼지순대국밥	food	128.82296	37.89985
무학	food	128.89873	37.76121
무한도전소주클럽	bar	128.89861	37.76113
문	stay	128.90896	37.71532
문가네상점	shop	128.90798	37.74651
문가네소머리국밥	food	128.84895	37.85737
문서적	shop	128.91517	37.77362
문스공방	shop	128.89887	37.76834
문어랑	food	128.82844	37.88805
문어산촌	food	128.91184	37.74870
문어선생	bar	128.93260	37.77463
문일약국	shop	128.89497	37.75205
문창호	shop	128.83020	37.89405
문커피	cafe	128.86958	37.80305
문화떡방앗간	food	128.89072	37.75468
문화식당	food	128.89041	37.75453
문희네	shop	128.82932	37.89172
문희식	food	128.90098	37.76005
물고기	cafe	128.87224	37.73791
물고기	food	128.89475	37.75638
물고기삼촌	food	128.89580	37.74341
물내치기	stay	128.73037	37.56895
물드린	shop	128.89730	37.75225
물레방아	bar	128.87662	37.76654
물소리	bar	128.88642	37.75105
물소리바다소리	stay	128.85793	37.60745
뭉개뭉개인강릉	stay	128.88784	37.70437
뭉스	stay	128.87223	37.83198
뭉치자	bar	128.82563	37.88985
뭉텅강릉	food	128.87849	37.76578
뮤즈노래클럽	bar	128.89701	37.75842
뮤지엄홀리데이	heritage	128.89266	37.75482
뮤직뱅크노래연습장	activity	128.91837	37.75975
뮤하엔터테인먼트	shop	129.06023	37.61619
미가곰치국	food	128.82808	37.89056
미가식당	food	128.90857	37.76723
미가온만두찐빵	food	128.91001	37.75554
미건돌침대강릉점	shop	128.84653	37.83448
미겔제과점	food	128.90572	37.77017
미경이네	shop	128.89862	37.75402
미경이네	shop	128.82932	37.89172
미나패션	shop	128.82856	37.89435
미녀포차	bar	128.91142	37.77102
미니골드	shop	128.89666	37.75388
미니멀무드	cafe	128.91159	37.76859
미니샵	shop	128.87006	37.75720
미니슈퍼	shop	128.90154	37.75108
미니슈퍼	shop	129.05243	37.66526
미니스톱강릉	shop	128.87580	37.76167
미니스톱강릉	shop	128.88339	37.75235
미니스톱강릉	shop	128.88052	37.76504
미니스톱강릉	shop	128.93048	37.77611
미니스톱강릉	shop	128.87545	37.83805
미니스톱강릉경포	shop	128.90289	37.80448
미니스톱강릉경포오션점	shop	128.90351	37.80392
미니스톱강릉교동대로점	shop	128.88664	37.75826
미니스톱강릉교돟	shop	128.88158	37.76424
미니스톱강릉기산점	shop	128.88042	37.73493
미니스톱강릉블루핀점	shop	128.89972	37.76278
미니스톱강릉영진점	shop	128.84480	37.86917
미니스톱강릉입암	shop	128.90879	37.75500
미니스톱강릉포남가온점	shop	128.91851	37.78055
미니온실	shop	128.82657	37.87949
미니카페	cafe	128.89017	37.75305
미니크테이블	food	128.86675	37.75714
미니타임	shop	128.89644	37.75427
미다모	shop	128.89582	37.75473
미담복권방	activity	128.89852	37.75760
미도일	food	128.89022	37.74966
미도펜션	stay	128.95161	37.76410
미돈삼겹살	food	128.95159	37.76404
미라벨펜션	stay	128.89494	37.81268
미라수산	shop	128.89862	37.75402
미락에프엔디	shop	128.90036	37.75311
미래건어물	shop	128.82836	37.88830
미래기프트	shop	128.82678	37.87983
미래먹거리	food	128.89951	37.74958
미래식당	food	128.89988	37.75825
미래컴퓨터랜드	shop	128.89426	37.75536
미래포차	bar	128.93942	37.77389
미래호	activity	129.01620	37.70324
미로	cafe	129.05288	37.66554
미루	food	128.87667	37.76786
미르마르	cafe	128.94726	37.77250
미르팰유	cafe	128.86522	37.74161
미리내하우스	stay	128.69869	37.84714
미리상회	food	128.89645	37.75943
미림식당	food	128.82982	37.89424
미림아방헤어	shop	128.87729	37.75530
미림헌	food	128.88155	37.74233
미모든	shop	128.88753	37.74632
미미네집	food	128.83102	37.90143
미미분식	food	128.93242	37.77954
미미식당	food	128.86771	37.75717
미미카세강릉	food	128.91803	37.75951
미미케이크	food	128.88244	37.74890
미미포차	food	128.82702	37.89108
미미핸드메이드	shop	128.90691	37.75315
미사랑	shop	128.89059	37.75434
미사리	bar	128.83332	37.89448
미샤아울렛강릉점	shop	128.89565	37.75243
미선이네	food	129.05100	37.66459
미섬	shop	128.88573	37.75856
미성식당	food	128.91761	37.77128
미성실내마차	food	129.03474	37.60877
미성장모텔	stay	128.89816	37.75914
미성한우정육점	shop	128.88418	37.75090
미센스	shop	128.89866	37.75568
미션모텔	stay	128.89846	37.76014
미소	bar	128.89669	37.75260
미소건강원	shop	128.90574	37.76312
미소노래연습장	activity	129.03945	37.61301
미소코스메틱	shop	128.91149	37.77443
미소펜션	stay	128.87591	37.83273
미송단란주점	bar	128.89146	37.75581
미송순두부	food	128.91665	37.79170
미스터곱창	food	128.87877	37.76568
미스터왕파닭치킨	food	128.87987	37.73894
미스터쭈삼	food	128.87296	37.76342
미스터피자강릉	food	128.89916	37.75695
미스터홍게	food	128.87302	37.76106
미스페퍼	cafe	128.89135	37.75093
미스한우	food	128.83929	37.87108
미승자원	shop	128.94071	37.74430
미시촌노래궁	bar	128.89920	37.75978
미식가	food	128.89850	37.75838
미식사전얼터렉티브살롱	food	128.88863	37.75711
미싱공방	shop	128.89182	37.75728
미오과자점	food	128.89218	37.75527
미요랜드	shop	128.88000	37.75515
미우	food	128.86063	37.75280
미의명장	shop	128.89167	37.75460
미인곱창	food	128.90528	37.76523
미인한약국	shop	128.82820	37.89272
미자네밥포차	food	128.91964	37.76423
미젤	shop	128.82562	37.88885
미주트레이드상사	shop	128.88883	37.74617
미즈	bar	128.90993	37.76966
미진축산강릉	food	128.93113	37.77654
미진축산강릉	food	128.87718	37.76227
미진축산강릉입암점	food	128.91755	37.75921
미친짬뽕	food	128.90335	37.76624
미카	shop	128.88153	37.77104
미태리교동택지점	food	128.87923	37.76539
미트컬쳐	food	128.94681	37.77223
미포건어물마트	shop	128.82866	37.89235
미포슈퍼	shop	128.82921	37.89230
미풍언덕	stay	128.88563	37.75561
미향식당	food	128.83021	37.71509
미호국수	food	128.88703	37.75776
미화식당	food	128.82711	37.89116
미흐미흐	shop	128.88892	37.75281
민	shop	128.82381	37.87862
민가내	food	128.90748	37.76460
민꼬치	bar	128.86959	37.75683
민들레	food	128.90040	37.75456
민들레갤러리	shop	128.90904	37.77034
민들레밥집	food	128.88745	37.75735
민박의전설	stay	128.83081	37.88243
민박잇씨유	stay	128.87562	37.84096
민속공예사	shop	128.89929	37.75310
민속목공방	shop	128.83443	37.78855
민속이네	food	128.89058	37.75553
민속품판매점	shop	128.90142	37.75096
민수네	shop	128.82932	37.89172
민쉐프의푸드스토리	food	128.90297	37.76230
민스빈	cafe	128.87612	37.84037
민영활어공장강릉중앙	shop	128.89899	37.75438
민요	food	128.91440	37.77180
민이반찬푸드	shop	128.88152	37.74227
민자대게	shop	128.82779	37.89115
민자수산	food	128.82811	37.89060
민자횟집별관	food	128.82803	37.89107
민정이네모바일	shop	128.88123	37.76429
민지네	shop	128.82898	37.89324
민지네	food	128.89417	37.75191
민쪙	food	128.91483	37.77014
민트	bar	128.89278	37.75080
민트클라우드	stay	128.89386	37.81473
민혁체육사	shop	128.83103	37.89485
민호네	food	128.82970	37.90475
민호네회포차	food	128.82905	37.90516
민흥양꼬치	food	128.87784	37.76793
믿음식당	food	128.83664	37.85942
믿음약국	shop	128.90095	37.75407
밀도	food	128.91197	37.77606
밀라노펜션	stay	128.83195	37.90049
밀레	shop	128.89400	37.75519
밀레니엄	bar	128.82854	37.89294
밀레니엄노래연습장	activity	128.82854	37.89294
밀물다방	cafe	128.82781	37.89408
밀스튜디오	shop	128.89485	37.75232
밀키프레소강릉대로점	cafe	128.88909	37.75717
바그다드	bar	128.89407	37.76047
바글바글	shop	128.89612	37.75398
바깥강릉	food	128.87803	37.76744
바나프레소강릉입암점	cafe	128.91952	37.75977
바낙스	shop	128.82490	37.88479
바느질커피이야기	cafe	128.88811	37.75562
바니바니샵	shop	128.89654	37.74288
바닐라	shop	128.86882	37.75706
바다가그리울때	stay	128.89108	37.79694
바다가보이는민박	stay	129.03209	37.69144
바다가좋아	stay	128.89806	37.81214
바다게임장	activity	128.82796	37.89385
바다구이탕탕	food	128.92281	37.78943
바다굴모듬찜	food	128.91560	37.77319
바다나무	shop	128.91341	37.76925
바다노래타운	bar	128.82835	37.89458
바다라면	food	128.89758	37.81211
바다로일이오	stay	128.83253	37.89682
바다를담다	food	129.03598	37.68647
바다마을횟집	food	129.01619	37.70396
바다민박	stay	128.89108	37.81865
바다민박	stay	129.04301	37.64180
바다밥상	food	128.95565	37.72709
바다보기	stay	128.86931	37.84518
바다보이는슈퍼	shop	129.03209	37.69144
바다보청기	shop	128.89741	37.75522
바다비치민박	stay	129.03227	37.69136
바다사랑	food	128.95385	37.76405
바다삼	shop	128.82741	37.88204
바다상사	shop	128.90580	37.76136
바다세상	food	128.91781	37.77911
바다소리	stay	128.89749	37.81135
바다솔산업	shop	128.87690	37.83134
바다수산	food	128.82921	37.89230
바다수산	shop	128.87450	37.74284
바다수퍼해물천하조개구이유천	food	128.87001	37.75754
바다숨	stay	128.89399	37.81483
바다슈퍼	shop	129.03227	37.69136
바다식당	food	128.82758	37.89356
바다식육점	shop	128.82640	37.89065
바다양푼이동태탕	food	128.82921	37.89230
바다에앉아서	cafe	128.87630	37.83888
바다여행	stay	129.03924	37.68438
바다여행펜션	stay	128.89672	37.79729
바다와펜션	stay	128.86931	37.84547
바다와펜션	stay	128.89390	37.81417
바다와해돋이민박	stay	129.03530	37.68921
바다용품점	shop	128.95239	37.76574
바다의별	stay	128.87616	37.84061
바다이모카세	food	128.82425	37.88697
바다정육식당	food	129.03979	37.68570
바다카페원조	cafe	128.89981	37.80876
바다포차	bar	128.90475	37.80400
바다풍경	food	128.89597	37.75101
바다해유통	shop	128.82378	37.89158
바다향기	stay	129.04430	37.63667
바다향기	stay	128.89511	37.80600
바다향기가	food	129.05311	37.66479
바다향기횟집	food	128.87682	37.76619
바다회포차	food	128.83103	37.89622
바담	food	128.87613	37.83780
바닷길	stay	128.91776	37.79558
바디에딕트	activity	128.86999	37.75783
바디제트	activity	128.89341	37.74407
바라마르	food	128.87696	37.76829
바랄희	food	128.87630	37.83130
바로그집	food	128.87005	37.75955
바로방	food	128.89591	37.75436
바로방경포점	food	128.91250	37.80044
바로방중앙	food	128.89835	37.75346
바로보리밥	food	128.91575	37.77304
바로짬뽕	food	128.91575	37.77304
바른식당	food	128.89664	37.74599
바른약국	shop	128.89825	37.75655
바른치킨강릉	food	128.87604	37.76700
바른치킨강릉	food	128.91396	37.76965
바베큐더그릴	food	129.00305	37.68405
바베큐영양통닭	food	128.82741	37.88204
바부각시네뜨락	cafe	128.84181	37.87112
바빈스커피	cafe	128.84576	37.86852
바사카니국물떡볶이강릉점	food	128.90042	37.75735
바삭이네	food	128.89955	37.75386
바우	cafe	128.84652	37.86818
바우골	food	128.79575	37.75716
바우골민박	stay	128.79575	37.75716
바우까페	cafe	128.87549	37.84103
바우소주클럽	bar	128.89757	37.75813
바우약국	shop	128.89760	37.75476
바우어컴퍼니	food	128.89018	37.75443
바우의부엌	food	128.85026	37.81829
바우카페	cafe	128.84650	37.86821
바우하우스	cafe	128.85026	37.81829
바우하우스비앤비	shop	128.85026	37.81829
바움스테이	stay	128.85354	37.77357
바위섬마트	shop	128.87642	37.84043
바이구이	food	128.83334	37.71282
바이네르제화	shop	128.89562	37.75209
바이스마트	shop	128.89775	37.75415
바이오스라이프	shop	128.87151	37.74600
바이크마트	shop	128.91052	37.77176
바이크클리닉	shop	128.90352	37.76557
바작	shop	128.89381	37.75549
바카스	bar	128.87724	37.76517
바캉스데빠헝	food	128.89348	37.75286
바코드	shop	128.89696	37.75368
바투바투	bar	128.82935	37.87503
바하노래궁	bar	128.89843	37.76095
박가네숯불껍데기	food	128.87377	37.84246
박가부대강릉	food	128.87918	37.76525
박건우골프라운지	activity	128.91876	37.78501
박경희약국	shop	128.87041	37.76187
박군치킨초당점	food	128.91553	37.78352
박규례라이브	bar	128.90030	37.76092
박달박가네숯불껍데기강릉	food	128.87726	37.76742
박대감화로구이	food	128.87559	37.76620
박만배아리랑보쌈강릉	food	128.87689	37.76806
박순옥비빔국수	food	128.90976	37.76973
박약국	shop	128.89874	37.75457
박월리마을구판장	shop	128.91392	37.73047
박월중고만물	shop	128.91372	37.74551
박종주반죽소	food	129.05277	37.66549
박종주반죽소전국	food	128.89863	37.75343
반건조생선	shop	128.89862	37.75402
반구정참숯민물장어	food	128.90183	37.76972
반달	shop	128.89575	37.75671
반도장여인숙	stay	128.89803	37.76134
반도전기조명	shop	128.90411	37.74549
반도패션	shop	128.89157	37.75804
반딧불방	cafe	128.90754	37.76400
반딧불이	shop	128.87850	37.76940
반딧불황토방	stay	128.71514	37.54891
반반하우스	stay	128.87154	37.77690
반상먹거리	bar	128.90220	37.74620
반석카페	cafe	128.92330	37.75701
반올림피자샵강릉	food	128.90857	37.76723
반올림피자샵강릉	food	128.88118	37.75395
반전	bar	128.91534	37.76177
반주한끼	food	128.87276	37.76203
반지다방	cafe	128.83091	37.89508
반지포차	bar	128.83085	37.89527
반짝반짝빛나는별	cafe	128.89743	37.74502
반찬가게	shop	128.91682	37.78000
반찬에반하다	shop	128.86836	37.75689
반찬플러스	shop	128.91125	37.75423
반트휘트니스클럽	activity	128.87496	37.76391
반하나	bar	128.90044	37.76032
발걸음	food	128.90899	37.76711
발리경포펜션	stay	128.89664	37.79834
발리다포차경포대점	bar	128.90919	37.80343
발리모텔	stay	128.83183	37.89554
발리이미용재료	shop	128.89861	37.75966
밤거리	food	128.82936	37.89462
밤골쉼터	cafe	128.89243	37.69551
밤마차	food	128.87804	37.76910
밤뱀	shop	128.89140	37.75627
밤식객	food	128.89587	37.76667
밤의사색	shop	128.90606	37.76268
밤토리강릉점	food	128.87792	37.76671
밤톨칼국수	food	128.91261	37.77081
밤포차	bar	128.83851	37.87007
밤하늘포차	bar	128.89791	37.76018
밥먹는마을	food	128.93076	37.77595
밥은먹고다니냐	food	128.90794	37.78705
밥집누나	food	128.90970	37.75580
밥톨	food	128.87699	37.73902
밥풀릭스	food	128.89851	37.75870
밥한그릇	food	128.91116	37.76842
방가네순대국밥	food	128.87547	37.83844
방가네화로구이	food	128.91653	37.77027
방가네회포장	food	128.95331	37.76514
방구석스테이	food	128.87860	37.76790
방글마차	bar	128.82544	37.89068
방일해장국	food	128.90111	37.76310
방파제커피앤푸드	cafe	129.05119	37.65283
방파제회센터	shop	128.83384	37.89448
방하착	cafe	128.81776	37.91145
방학골추어탕	food	128.82357	37.90441
배꼽	bar	128.90726	37.76370
배꼽시계	food	128.89648	37.75447
배니닭강정	food	128.89917	37.75429
배니새우강정	food	128.89922	37.75417
배다리막국수	food	128.87982	37.78486
배달삼겹직구삼	food	128.87592	37.76248
배달식당	food	128.90556	37.76167
배달야채	shop	128.84657	37.73678
배떡강릉점	food	128.86837	37.75781
배러핏	activity	128.86923	37.75682
배롱나무집	stay	128.82584	37.88594
배불뚝이	food	128.90957	37.77293
배스킨라빈스강릉	food	128.87005	37.75685
배스킨라빈스강릉	food	128.92265	37.77060
배스킨라빈스강릉	food	128.82549	37.88871
배스킨라빈스강릉	food	128.91270	37.77019
배스킨라빈스강릉내곡점	food	128.88177	37.74289
배스킨라빈스강릉입암점	food	128.91896	37.75961
배스킨라빈스강릉주문진점	cafe	128.82548	37.88881
백금당강릉점	cafe	128.88523	37.76219
백년가든	food	128.90587	37.75297
백년불고기물갈비강릉점	food	128.87740	37.76800
백년아구찜강릉점	food	128.93847	37.77563
백년횟집대게	food	128.82861	37.88922
백도어피시방	activity	128.87231	37.77279
백돈가	food	128.83796	37.87120
백돈곳간	food	128.90224	37.75947
백마회수산	shop	129.04842	37.65338
백만석	food	128.82582	37.88557
백반한상	food	128.81913	37.88125
백봉령건강식품제분소건강원	shop	128.89743	37.74672
백사장	bar	128.91669	37.76983
백설공주	cafe	128.90536	37.75397
백성당	shop	128.89138	37.75795
백세약국	shop	128.85624	37.81845
백소정강릉	food	128.87786	37.76516
백악관	cafe	129.03100	37.68801
백암순대국	food	128.94245	37.73665
백암왕순대	food	128.89055	37.73988
백양숯불갈비강릉	food	128.90905	37.76943
백억커피	cafe	128.91234	37.77021
백억커피	cafe	128.86924	37.75778
백억커피강릉점	cafe	128.89591	37.75436
백연건강원	shop	128.82009	37.89089
백옥마라탕	food	128.82684	37.87889
백온당	cafe	128.90944	37.78814
백운모텔	stay	128.89811	37.76170
백제삼계탕	food	128.89503	37.75540
백조	food	128.82932	37.89496
백촌삼계탕	food	128.87847	37.76874
백합꽃농원	shop	128.90279	37.75795
백향	bar	128.89560	37.75663
밸런스	shop	128.89866	37.75568
밸류	shop	128.89649	37.75238
뱃노리	bar	128.84440	37.86950
뱃속채움	food	128.87274	37.76225
뱅뱅강릉중앙	shop	128.89773	37.75369
뱅뱅어패럴강릉	shop	128.89773	37.75369
버거바	food	128.89870	37.81180
버거웍스	cafe	128.94652	37.77309
버거플렉스	food	128.89105	37.76443
버당말민속촌	food	128.83261	37.71278
버드나무강릉역	shop	128.89966	37.76453
버드나무양조장	bar	128.88444	37.74825
버디	shop	128.91200	37.77111
버디스크린골프	activity	128.90016	37.76020
버떠	food	128.88254	37.75591
버스	bar	128.87855	37.76598
버치크래프트	shop	128.90023	37.75374
버터빌라	food	128.92607	37.78594
버터컵	cafe	128.91430	37.79901
버튼	food	128.89135	37.75093
버팔로	bar	128.88338	37.76625
벅시	bar	128.87781	37.76490
번개반점	food	128.89870	37.75757
벌떼횟집	food	128.82821	37.89216
벌마루민박	stay	128.77649	37.58737
벌집	food	128.89287	37.75452
범갈비	food	128.93500	37.77683
범계숯불닭구이	food	128.90147	37.76961
범브로하우스	stay	128.83585	37.78518
범스뱅	cafe	128.89430	37.75218
범핀	bar	128.89490	37.75490
법성아케아	shop	128.89862	37.75402
법인가와노야	activity	128.83830	37.72379
법인강원에코팜	food	128.91114	37.71340
법인경포대허브관광농원	cafe	128.86562	37.84444
법인두수	shop	128.91757	37.77872
법인보광농촌체험휴양마을	activity	128.80719	37.73737
법인삼덕애	activity	128.89543	37.76173
법인서림농원	shop	128.92852	37.77784
법인왕산	stay	128.72092	37.60281
법인자연과사람들	activity	128.84857	37.82655
법인커피커퍼	cafe	128.91582	37.79399
법인행복한형제들	activity	128.85337	37.79476
벙커	food	128.89714	37.75441
베가전자담배	shop	128.89446	37.75346
베네치아	stay	128.82570	37.90643
베델	cafe	128.90421	37.74239
베델악기	shop	128.89543	37.76963
베드로낚시	shop	128.97626	37.72488
베드로집	shop	128.83020	37.89405
베러	cafe	128.87890	37.73729
베레브	shop	128.88229	37.74227
베로	cafe	128.89285	37.75488
베롱스테이소금강	stay	128.70419	37.84663
베리베리딸기	cafe	128.89326	37.75584
베베싸롱	shop	128.91320	37.76998
베스킨라빈스강릉	food	128.87963	37.76455
베스킨라빈스강릉대학로	food	128.89621	37.75453
베스트	shop	128.89764	37.75534
베스트인	bar	128.89623	37.75732
베스트케어	shop	128.89764	37.75534
베스트프렌즈골프아카데미	activity	128.87961	37.74662
베이귄맥스라이더	activity	128.89866	37.75568
베이비랑	shop	128.89672	37.75293
베이스먼트빈티지	shop	128.91686	37.78345
베이스온비	shop	128.89151	37.75050
베이스캠프	activity	128.87374	37.83445
베이스캠프펜션	stay	128.87360	37.83434
베이직핏	activity	128.87043	37.76157
베이커리가루	food	128.87723	37.76247
베이커리듬뿍	food	128.89471	37.75977
베이클라인	food	128.89862	37.75461
베이프클럽전자담배강릉점	shop	128.89426	37.75512
베일리하우스애견펜션	stay	128.83712	37.81707
벤스오브제	shop	128.89268	37.75058
벤제프강릉점	shop	128.86714	37.76417
벤처가구	shop	128.87151	37.74600
벤츠	bar	128.91661	37.76999
벤치	food	128.94478	37.76558
벤허	stay	128.88466	37.82280
벨라	bar	128.87776	37.76761
벨라	stay	128.86657	37.80341
벨라	shop	128.87836	37.76526
벨라루나	stay	128.89842	37.81198
벨라인	shop	128.89730	37.75371
벨라지오	bar	128.87802	37.77151
벨라지오	stay	128.89790	37.76173
벨라지오	shop	128.89963	37.75524
벨라지오모텔	stay	128.89780	37.76159
벨마	shop	128.89524	37.75790
벨킴강원주	shop	128.83768	37.85881
벨톤보청기	shop	128.90835	37.77280
별	shop	128.89618	37.75347
별내리는산북	food	128.83408	37.71103
별다방	cafe	128.83230	37.89544
별담가	stay	128.87824	37.80542
별들의고향	food	128.90275	37.76245
별무리노래클럽	bar	128.82546	37.88372
별미순대국	food	128.82486	37.88149
별미순대국강릉점	food	128.90795	37.76733
별미정	food	128.90259	37.76857
별미해물찜	food	128.89423	37.76069
별미횟집	food	128.89862	37.75402
별밤노래연습장	activity	128.91682	37.77015
별밤라이브	bar	128.82798	37.89427
별별별장	stay	128.88623	37.80800
별별상점	shop	128.89916	37.75308
별별정원	shop	128.86613	37.76095
별보라	stay	128.88891	37.71251
별빛그린하우스	stay	128.83063	37.89880
별빛사랑	food	128.90876	37.76527
별빛소주	bar	128.90098	37.76005
별빛수산	shop	128.83163	37.89547
별빛포차	bar	128.90876	37.76527
별사랑	bar	128.90088	37.76091
별언덕민박	stay	128.69511	37.84839
별이내리는숲	food	128.82743	37.68661
별이네	food	128.91116	37.76842
별일없이산다	bar	128.89343	37.75748
별장여관	stay	128.91253	37.76644
별주부횟집	food	128.89862	37.75402
별천지	bar	128.82696	37.89066
별하나	shop	128.90246	37.74736
병산감자옹심이	food	128.94076	37.76311
병산닭발과부침개	bar	128.91384	37.76981
병아리김밥강릉교동택지점	food	128.87871	37.76834
병천순대모래내	food	128.84889	37.82288
병천황토방순대초당점	food	128.91649	37.78567
볕뜰	cafe	128.83710	37.85945
보건약국	shop	128.91213	37.77063
보광가든	food	128.81360	37.72798
보광농촌체험휴양마을	stay	128.80748	37.73762
보광리분청자요지	heritage	128.79077	37.76630
보광리석조여래좌상	heritage	128.78599	37.75222
보광미니슈퍼	shop	128.80674	37.73793
보그	shop	128.91143	37.76946
보글이식당	food	128.90846	37.76411
보금건어물	shop	128.89862	37.75402
보금자리	stay	128.82689	37.88766
보네르	stay	129.03934	37.68558
보네르	shop	128.89567	37.75199
보늬	stay	128.86193	37.82242
보니따까또	cafe	128.87497	37.84152
보니블랑	stay	128.84954	37.83275
보다안경원	shop	128.90757	37.76343
보디가드신강릉점	shop	128.89670	37.75351
보람약국	shop	128.82691	37.89311
보래미상회	food	128.90479	37.76182
보래미즉석추어탕	food	128.90986	37.77287
보루네오가구	shop	128.86695	37.78980
보리밭	food	128.89545	37.74187
보리하우스	stay	128.87600	37.83885
보리향기	food	128.83187	37.71714
보물창꼬	shop	128.89672	37.75293
보물찾기	shop	128.89862	37.75402
보배골	food	128.89733	37.74889
보배반점강릉	food	128.91213	37.77063
보보	shop	128.90048	37.76063
보보스다이브리조트	activity	128.87542	37.83488
보보스해양수중	shop	128.87546	37.83483
보석당	shop	128.89730	37.75241
보성다방	cafe	128.89095	37.75480
보스	bar	128.90920	37.76466
보스노래연습장	activity	128.91430	37.79901
보승에스티	shop	128.90087	37.75913
보쌈천하	food	128.90930	37.76940
보안당안경원	shop	128.89526	37.75212
보연식당	food	128.88211	37.75518
보영이네	shop	128.82932	37.89172
보영이네해물칼국수	food	128.88127	37.76492
보옥당	shop	128.89333	37.75271
보육사	shop	128.89279	37.75512
보이드	cafe	128.89366	37.75600
보이스노래연습장	activity	128.90784	37.76660
보이저펜션	stay	128.70604	37.88031
보이지	stay	129.04170	37.68579
보트	bar	128.87738	37.74035
보헤미안커피점	cafe	128.84245	37.86460
보현가든	food	128.81734	37.72525
보호안경원	shop	128.91952	37.75977
복권마을	activity	128.82541	37.88518
복다방호프	food	128.82799	37.89387
복돌네민박	stay	128.82473	37.90623
복동식품	shop	128.89315	37.75533
복돼지	food	128.82469	37.88546
복돼지구들장삼겹살	food	128.90480	37.76058
복돼지돌판삼겹살	food	128.90481	37.76534
복뚱이식당	food	128.82507	37.88499
복래복만루	food	128.87807	37.76769
복래중국식품	shop	128.90048	37.76063
복마니찐빵집	food	128.88171	37.78061
복마니찐빵집	food	128.91125	37.75423
복사골	food	128.90088	37.75584
복사꽃오솔길체험농장	activity	128.77235	37.88995
복사꽃정원	stay	128.77675	37.87970
복순네	food	128.89803	37.76003
복순네식당	food	128.90056	37.75374
복숭아독채펜션	stay	128.80050	37.87831
복실이식당	food	128.90098	37.76005
복양춘	food	128.82704	37.89059
복음통신	shop	128.82566	37.88704
복작복작	food	128.87694	37.76916
복조리식당	food	128.90017	37.75932
복짬	food	128.90835	37.77280
복촌식당	food	128.89835	37.76010
본가동해막국수	food	128.83173	37.85931
본가마산아구찜	food	128.90722	37.76523
본가식당	food	128.90634	37.74878
본도시락강릉	food	128.88090	37.76457
본도시락강릉입암점	food	128.91765	37.75874
본래순대	food	128.87789	37.76911
본래순대동부	food	128.90098	37.76005
본보야지	bar	128.87625	37.76734
본수네	shop	128.82932	37.89172
본스치킨노암점	food	128.89321	37.74382
본스치킨더샵점	food	128.91034	37.74883
본스치킨회산점	food	128.86705	37.73891
본우리집밥이마트강릉점	food	128.92265	37.77060
본전집	bar	128.86805	37.75779
본전집	bar	128.87791	37.76592
본전해물전문	food	128.89821	37.75843
본족발불닭발	food	128.89363	37.74814
본죽	food	128.86837	37.75781
본죽	food	128.91159	37.77022
본죽앤비빔밥	food	128.88263	37.74414
본죽앤비빔밥강릉	food	128.89349	37.75191
본죽앤비빔밥강릉입암점	food	128.92100	37.75499
본터웰빙산채오리	food	128.87847	37.72914
본토갈비	food	128.82520	37.88746
본토돼지갈비	food	128.82518	37.88752
볼링홀릭강릉유천	activity	128.86545	37.75690
볼보노래세상	activity	128.89465	37.75084
볼빅강릉점	shop	128.86611	37.76455
봄	stay	128.81928	37.89297
봄	cafe	128.89136	37.75026
봄나무	shop	128.87722	37.76357
봄날	cafe	128.91650	37.77024
봄바스타코	food	128.87424	37.77611
봄바스타코안목점	food	128.94983	37.77044
봄소와	shop	128.86148	37.80478
봄약국	shop	128.90522	37.75169
봄이	cafe	128.89711	37.74792
봄이십자수	shop	128.91501	37.76849
봉녀네밥집	shop	128.88973	37.75320
봉모텔	stay	128.89964	37.76116
봉봉	shop	128.89147	37.75507
봉봉방앗간	cafe	128.89240	37.75104
봉봉스테이션강릉	shop	128.87842	37.76713
봉봉스테이션스카이베이호텔경포점	activity	128.90778	37.80426
봉봉식당	food	129.02237	37.68082
봉봉치킨	food	128.89088	37.75506
봉봉키친	food	128.86910	37.74214
봉봉하우스	stay	128.78707	37.85522
봉순네	shop	128.82932	37.89172
봉스커피	cafe	128.82606	37.88049
봉아줌마	food	128.90026	37.74916
봉자	shop	128.90071	37.75756
봉자소주클럽	bar	128.89809	37.76038
봉쥬르	bar	128.90709	37.77034
봉지수산	shop	128.89862	37.75402
봉창이해물샤브칼국수	food	128.91285	37.78683
봉평막국수	food	128.70449	37.84664
봉화산설렁탕	food	128.87857	37.76494
부광퍼피	shop	128.83642	37.87005
부광회	shop	128.89862	37.75402
부돈산	food	128.91133	37.77605
부동산임대	food	128.94711	37.77137
부들파이터강릉	food	128.84619	37.86590
부뚜막	food	128.90356	37.76658
부래당강릉점	shop	128.89606	37.75218
부리또인관	food	128.87739	37.73928
부림상회	shop	128.88739	37.74625
부민상회	shop	128.89862	37.75402
부부민박	stay	128.98798	37.73253
부부젓갈	shop	128.82932	37.89172
부부플라워샵강릉	shop	128.90036	37.76114
부산갈매기	food	128.87981	37.76792
부산대게횟집	food	128.90919	37.80343
부산순대족발	food	128.89867	37.75310
부산식당	food	128.89886	37.75377
부산식품강릉역점	food	128.89891	37.76341
부산아구찜	food	128.82704	37.88993
부산어묵	shop	128.89858	37.75358
부산자갈치횟집	food	128.82775	37.89089
부산젓갈	shop	128.83753	37.81854
부산조방낙지	food	128.87911	37.76705
부산횟집	food	128.91434	37.79912
부성가든	food	128.98833	37.73397
부성불고기찜닭	food	128.90020	37.76067
부어치킨강릉	food	128.90374	37.76590
부어치킨강릉내곡점	food	128.87890	37.73729
부어치킨강릉입암점	food	128.91670	37.76346
부엉이포차	food	128.91019	37.77455
부연계곡그집	stay	128.63515	37.87774
부연계곡그집펜션	stay	128.63605	37.87598
부연계곡황토방	stay	128.63474	37.87747
부연골	food	128.65601	37.83982
부연동가마소펜션	stay	128.62333	37.84926
부연동마을	activity	128.63188	37.86778
부연동백숙	food	128.90775	37.76466
부연동산나물농장펜션	stay	128.63914	37.87857
부연먹거리쉼터	bar	128.63972	37.87894
부연민박휴양촌	stay	128.62921	37.86113
부연스카이케빈	stay	128.63440	37.87122
부연약수	nature	128.64050	37.87807
부연펜션	stay	128.89194	37.79634
부영메밀전	food	128.90781	37.76329
부영식당	food	128.83803	37.86036
부오나피자강릉점	food	128.87830	37.76876
부윤옥	stay	128.84658	37.81421
부일상회	shop	128.71104	37.82105
부자대게	food	128.89970	37.75497
부자만복건어물	shop	128.82883	37.89175
부자아저씨	food	128.89586	37.75783
부자아줌마	food	128.87682	37.76254
부잣집식품	shop	128.82622	37.88923
부창오리	food	128.86309	37.74413
부창오리정육	shop	128.86309	37.74413
부채길건어물	shop	129.05268	37.66546
부채길막국수	food	129.04171	37.68242
부채길모텔	stay	129.04166	37.68236
부채길펜션	stay	129.03489	37.68913
부티크소공	stay	128.89524	37.79954
부현	food	128.89043	37.75516
부흥미니슈퍼	shop	128.89795	37.74587
부흥산업	shop	128.88849	37.75708
부흥슈퍼	shop	128.89171	37.75886
북강릉농업협동조합하나로마트	shop	128.82593	37.88768
북강릉농업협동조합하나로마트연곡점	shop	128.83895	37.85877
북그라운드	shop	128.90839	37.76392
북방새우	food	128.87862	37.77101
북스북스	cafe	128.87898	37.76778
북창동	bar	128.89888	37.75783
북청해장국	food	128.82817	37.89184
북청해장국	food	128.82921	37.89230
북촌손만두	food	128.89363	37.75259
분이네가오리무침	shop	128.90974	37.77171
불개미식당	food	128.89848	37.75315
불꽃노래연습장	activity	128.87925	37.73924
불닭발땡초동대문엽기떡볶이강릉	food	128.90089	37.75778
불닭발땡초동대문엽기떡볶이강릉	food	128.90936	37.76510
불닭발앤족발	food	128.91507	37.77701
불닭발엽기떡볶이강릉교동점	food	128.87898	37.76778
불닭포남	bar	128.91189	37.77026
불란서안경원	shop	128.89570	37.75354
불로건강원	shop	128.88240	37.74498
불빛	food	128.86959	37.75683
불타는대패삼겹살	food	128.82852	37.87598
불타는조개구이	food	128.91148	37.80139
불품닭	bar	128.89992	37.75973
불향쭈꾸미볶음	food	128.89671	37.75144
붕어다방	cafe	128.90114	37.75467
붕후루	food	128.89922	37.75345
뷔티튀기에우	shop	128.87705	37.73939
뷰라인	shop	128.87278	37.76238
뷰바바	cafe	128.87723	37.82969
뷰티메이드	shop	128.90416	37.75260
뷰티미용재료	shop	128.88673	37.75777
뷰티올	shop	128.90721	37.77035
뷰티풀	shop	128.89862	37.75402
브라더커피	cafe	128.89298	37.75790
브라보칼국수강릉	food	128.94440	37.77430
브라운듀	cafe	128.82567	37.88726
브라운베이글강릉점	food	128.86884	37.75675
브라움트리	shop	129.03457	37.68602
브라질	cafe	128.84630	37.86827
브레드브레드바나나	shop	128.89218	37.75406
브렌우드	shop	128.92265	37.77060
브로니언	shop	128.92799	37.77453
브로콜리	food	128.87377	37.84246
브롱스경포세인트존스호텔점	bar	128.92093	37.79128
브롱스브루잉컴퍼니강문점	bar	128.92093	37.79054
브루누벨	food	128.88549	37.75198
브리딘	shop	128.89816	37.81131
브릭민박	stay	128.95275	37.76508
브릭스테이	stay	128.90477	37.76263
브릿지오브다라자	cafe	128.87260	37.71103
브이모텔	stay	128.90655	37.76244
브이브이호텔	stay	128.87791	37.76616
브이브이호텔식당	food	128.87791	37.76616
브이아이피더바디케어	shop	128.87830	37.76503
브이아이피피시방	activity	128.89983	37.76073
브이호스텔	stay	128.90653	37.76239
블라스타	bar	128.90289	37.80448
블랑비치	stay	128.87647	37.83930
블랑코	shop	128.89796	37.75528
블랙라벨	shop	128.89645	37.75428
블랙버드	shop	128.89676	37.75373
블랙스프레이	shop	128.87858	37.77031
블랙커피	cafe	128.89799	37.77106
블랙탑	shop	128.89186	37.76547
블랙포레스트커피	cafe	128.87039	37.76263
블랙핑크	bar	128.89710	37.74737
블랠교동게스트하우스	stay	128.89241	37.76064
블루	bar	128.87006	37.75720
블루	shop	128.86771	37.75732
블루독	cafe	128.87583	37.83193
블루마루	stay	129.03277	37.69088
블루마운틴	bar	128.87474	37.84165
블루문펜션	stay	129.04563	37.64839
블루민	cafe	128.88297	37.75237
블루민박	stay	128.81838	37.90431
블루밍	bar	128.90819	37.76457
블루밍뽀	shop	128.89220	37.75475
블루베이커피	cafe	129.04708	37.67121
블루베이펜션	stay	129.04708	37.67121
블루샥강릉대점	cafe	128.87472	37.77332
블루쉘커피	cafe	128.89767	37.76453
블루스테이	stay	128.91762	37.79594
블루씨	food	128.91000	37.77155
블루씨	stay	129.03225	37.68952
블루아트	shop	128.83597	37.85949
블루앤펫	stay	128.91729	37.79639
블루앤호텔	stay	128.94200	37.77565
블루오션	activity	128.82506	37.87753
블루오션	shop	128.89558	37.75319
블루콘텔	stay	128.82898	37.89398
블루키친	food	128.91263	37.78708
블루폴라	cafe	128.84746	37.86797
블루향기	shop	128.91745	37.72261
블루향기	stay	128.92587	37.71426
블리샵	shop	128.88194	37.76500
블리스바이더씨	cafe	128.87574	37.84085
블리스펜션	stay	128.84658	37.86513
블링블링샵앤샵	shop	128.87454	37.77339
블링팜	shop	128.88163	37.76503
비너스	bar	128.82729	37.89358
비너스	shop	128.82704	37.89059
비너스모텔	stay	128.89880	37.76247
비너스와코루강릉	shop	128.89598	37.75237
비네집	stay	128.84790	37.74905
비노래연습장	activity	128.87778	37.73946
비노에올리바	bar	128.89058	37.75553
비라이트	cafe	128.91455	37.79216
비레레	shop	128.89196	37.75524
비로소始시	food	128.89285	37.75488
비리프	stay	128.91242	37.79190
비목	bar	128.83191	37.89511
비밀상점	shop	128.89020	37.75276
비밀의숲	stay	128.86518	37.84130
비바타파스	food	128.89471	37.75977
비비	shop	128.89702	37.75270
비비당	bar	128.82750	37.89089
비비드	shop	128.91454	37.77315
비비디바비디부	cafe	128.84662	37.82692
비비안강릉	shop	128.89745	37.75350
비비큐	food	128.91697	37.75985
비비큐강릉	food	128.90356	37.76692
비비큐강릉	food	128.89085	37.76491
비비큐강릉경포대점	food	128.90475	37.80400
비비큐내곡	food	128.88220	37.74406
비비큐치킨엔비어	food	128.87662	37.76654
비비큐치킨연곡점	food	128.84006	37.86934
비비큐카페	food	128.82470	37.88399
비비테일러강릉점	shop	128.89361	37.75851
비비플로	cafe	128.91374	37.76752
비사이드그라운드	cafe	128.90305	37.76116
비알호텔	stay	128.89660	37.75151
비어엠	bar	128.87633	37.76695
비에스연수원	stay	128.82934	37.90181
비에이치씨	food	128.87656	37.76237
비에이치씨	food	128.82501	37.88464
비에이치씨	food	128.91142	37.77102
비에이치씨강릉	food	128.93292	37.77311
비에이치씨경포점	food	128.90778	37.80426
비에이치씨국군강릉	food	128.83098	37.86882
비에이치씨금진점	food	129.04344	37.63994
비에이치씨내곡점	food	128.86642	37.74023
비에이치씨연곡	food	128.83875	37.87054
비에이치씨초당점	food	128.91522	37.78459
비에치라이프	shop	128.85831	37.83878
비에치씨노암점	food	128.89710	37.74752
비엔남커피그곳에브런치	cafe	128.85540	37.75991
비즈아트비즈공예반	shop	128.89143	37.75605
비츠로	shop	128.90416	37.75616
비치힐모텔	stay	129.04074	37.68540
비케이알버거킹강릉임당점	shop	128.89718	37.75567
비타민약국	shop	128.82510	37.88526
비트코인노래연습장	activity	128.89548	37.75342
비티알홈플러스강릉점	shop	128.89866	37.75568
비티에스	shop	128.91825	37.76012
비티에스속초	shop	128.90489	37.76340
비행기	bar	128.89726	37.75935
빅스타노래연습장	activity	128.89686	37.75281
빅아일랜드펜션	stay	128.94530	37.77338
빅토리탁구	activity	128.82463	37.88568
빅파인트리하우스	stay	128.84686	37.78844
빈	cafe	128.90938	37.77141
빈세븐커피	shop	128.65593	37.84099
빈토어	shop	128.89511	37.75247
빈티지	food	128.89539	37.75649
빈티지	shop	128.89675	37.75251
빈티지도도	shop	128.90947	37.75563
빈티지마카	shop	128.89716	37.75273
빈티지바다	shop	128.89146	37.75581
빈티지우유	shop	128.90098	37.76005
빌더스개발에이엠씨원	food	128.90778	37.80426
빌더스레저개발	activity	128.90778	37.80426
빌딩준	activity	128.87724	37.76517
빌리브	bar	128.89486	37.75327
빌리언스	stay	128.98901	37.73437
빌리언스노래연습장	activity	128.98900	37.73427
빌리언스펜션	stay	128.98900	37.73427
빙고주막	food	128.89669	37.74661
빙고푸드아이스크림할인마트	shop	128.93217	37.77510
빙고푸드유천택지점	shop	128.87006	37.75720
빙그레김밥	food	128.89315	37.75533
빙그레대리점주	shop	128.83682	37.87076
빙글빙글	bar	128.89837	37.76147
빙칠이네	food	128.82779	37.89115
빙칠이네대게문어	shop	128.82779	37.89115
빛고을식당	food	128.91012	37.80275
빛나는매일	shop	128.91802	37.78569
빛솔탁구클럽	activity	128.90517	37.76634
빠네불닭	bar	128.89381	37.74824
빠라빠빠	bar	128.87801	37.76572
빠스따보니따	food	128.83001	37.88385
빨간꿀돼지	bar	128.91189	37.77026
빨간벽돌집민박	stay	128.93641	37.77417
빨간보자기밥집	food	128.91483	37.77819
빨간삼겹	food	128.89705	37.75183
빨간앵두	bar	128.89674	37.76014
빨강돈가스	food	128.87020	37.77199
빨리와	bar	128.90137	37.76279
빨주노초노래타운	bar	128.82596	37.88923
빨차카페	bar	129.04488	37.63483
빵빵대게	shop	128.90098	37.76005
빵빵회포차	food	128.87578	37.76704
빵아빵아	shop	128.82619	37.89044
빵이당	shop	128.87664	37.76404
빵이당	shop	128.91844	37.75685
빵집오빠강릉	shop	128.87705	37.76943
빵집오빠강릉	shop	128.82735	37.89033
빵집오빠강릉	shop	128.91221	37.77105
빵짓는농부	food	128.88166	37.74498
빵파르	cafe	128.88817	37.75607
빼미네소곱창	food	128.90258	37.76042
빽가네수제손만두	food	128.90968	37.76996
빽다방강릉	cafe	128.90052	37.75930
빽다방강릉	cafe	128.86961	37.75784
빽다방강릉	cafe	128.82873	37.89279
빽다방강릉	cafe	128.91303	37.77016
빽다방강릉강문	cafe	128.91760	37.79589
빽다방강릉경포	cafe	128.91013	37.80266
빽다방강릉교동	cafe	128.87823	37.76667
빽다방강릉교동	cafe	128.87722	37.76357
빽다방강릉금학점	cafe	128.89497	37.75279
빽다방강릉입암점	cafe	128.91714	37.76016
빽다방강릉중앙	cafe	128.89795	37.75382
빽다방주문진교항점	cafe	128.82699	37.87863
뺑끼통	shop	128.89622	37.75391
뻑가	bar	128.91153	37.77102
뻘노래궁	bar	128.89809	37.76038
뼈다구일번지	food	128.90598	37.76433
뼈장군	food	128.87895	37.73922
뼈칼국수뼈구이	food	128.91396	37.76965
뽀끼뽀끼짱	activity	128.91096	37.77087
뽀빠이횟집	food	128.82922	37.90295
뽄때	shop	128.91554	37.77215
뽑짱	activity	128.89446	37.75346
뽕뜨락피자	food	128.87720	37.77106
뽕뜨락피자	food	128.82782	37.89375
뿅가곱창	food	128.87693	37.74066
쁘띠잡화점	shop	128.91143	37.75400
삐꼴로까사독채펜션	stay	128.86874	37.84016
사거리슈퍼	shop	128.82451	37.88842
사거리호프	bar	128.82729	37.89358
사계절	stay	128.83936	37.86775
사계절	shop	128.89797	37.75354
사계절남성복전문매장	shop	128.91054	37.76996
사계절돼지사냥	food	128.89082	37.74553
사계절쌈밥보리밥	food	128.90297	37.76345
사계절탕수육	food	128.87967	37.73924
사계절펜션	stay	128.90188	37.77836
사계절화장품	shop	128.89848	37.75445
사근진엔	stay	128.90059	37.81070
사기막마을회관구판장	shop	128.81102	37.79292
사기막저수지	activity	128.78636	37.78452
사나래펜션	stay	128.78794	37.65244
사노라면	bar	128.82812	37.89334
사돈네닭강정	food	128.83131	37.89543
사또옛날통닭임당점	food	128.89547	37.75682
사라	food	128.86805	37.75779
사랑더하기	stay	128.91008	37.78975
사랑왕순대집	food	128.82721	37.89100
사랑의묵집	shop	128.90005	37.75477
사랑자원	shop	128.81991	37.83511
사랑채	stay	128.83650	37.86075
사랑채막국수	food	128.91634	37.78638
사랑횟집１호	food	128.82821	37.89216
사루	cafe	128.87964	37.76720
사르륵구슬아이스크림	food	128.94530	37.77338
사무기	shop	128.90147	37.76961
사브리나강릉	food	128.89355	37.75078
사생활브런치카페강릉점	food	128.87630	37.76409
사에	shop	128.88500	37.75315
사오정치킨	food	128.83059	37.71575
사월	shop	128.89285	37.75488
사월상점	shop	128.91143	37.76946
사유의공간	shop	128.89198	37.75851
사이다	bar	128.89882	37.75958
사이드	cafe	128.82894	37.90298
사이먼룰	food	128.89105	37.76443
사임당	shop	128.88149	37.77893
사임당부엌	food	128.87473	37.77738
사임당스크린	activity	128.86062	37.75830
사임당아카데미	shop	128.91579	37.77898
사임당약국	shop	128.90767	37.77360
사임당의뜰	cafe	128.85527	37.79628
사임당한식뷔페	food	128.85013	37.78658
사천농협하나로마트	shop	128.85001	37.82385
사천다이브리조트	activity	128.87527	37.83690
사천닭내장탕	food	128.84982	37.82313
사천대물낚시	shop	128.87529	37.83809
사천루아	cafe	128.85525	37.84288
사천맥시칸	food	128.84904	37.82299
사천면옥	food	128.85558	37.81455
사천물회전문	food	128.87482	37.83785
사천미락식당	food	128.85618	37.81694
사천바다가까운집	stay	128.87492	37.83830
사천바다를품은펜션	stay	128.86971	37.84563
사천바다펜션	stay	128.87185	37.83492
사천반점	food	128.84904	37.82375
사천봄하우스	stay	128.85549	37.84236
사천빌리지	stay	128.86273	37.84941
사천샘골식당	food	128.87258	37.83509
사천성	food	128.84984	37.82345
사천소머리국밥	food	128.85585	37.81742
사천송림	food	128.87841	37.82810
사천어가	food	128.87580	37.83844
사천의밤	stay	128.87516	37.84138
사천이안딸기	shop	128.85155	37.82694
사천전주식당	food	128.87575	37.83796
사천진리물회	food	128.87522	37.83837
사천진리어촌체험마을	activity	128.87718	37.83754
사천진항	nature	128.87821	37.83684
사천집	food	128.82700	37.89143
사천포구	food	128.87532	37.83630
사천포구수산	food	128.87504	37.83632
사천포롱민박	stay	128.81081	37.79056
사천포차민박	stay	128.87296	37.83627
사천항주문진물회	food	128.87543	37.83752
사천해녀수산	shop	128.87566	37.83696
사케시대	food	128.91042	37.77440
사쿠사쿠치킨	food	128.88246	37.76822
사파리모텔	stay	128.91059	37.76529
사화진호	activity	128.87494	37.83857
산골건강원	shop	128.83101	37.89705
산골아저씨	food	128.91118	37.75932
산골약초상회	shop	128.82789	37.88799
산골이야기	food	128.65880	37.84274
산과바다주문진리조트	stay	128.81996	37.90882
산내들건강원	shop	128.89326	37.75799
산내들휴계실	cafe	128.90098	37.76005
산내바람	food	128.83682	37.82192
산내음식당	food	128.91155	37.76781
산더미두루치기	food	128.90472	37.76573
산도야	food	128.89088	37.75506
산돌쥬얼리	shop	128.89436	37.75161
산두꺼비	food	128.90875	37.76703
산두꺼비식당	food	128.90871	37.76691
산마루쌈밥	food	128.82672	37.88182
산마루황태촌	food	128.82870	37.88562
산마루황태촌초당	food	128.91263	37.78708
산마을	food	128.87743	37.76913
산메촌강릉	food	128.90297	37.76230
산모랭이	stay	128.84643	37.73690
산바다	stay	128.89151	37.80665
산북정원	stay	128.84574	37.70280
산삼약초	shop	128.91113	37.77516
산삼하우스	shop	128.85993	37.72864
산새도횟집，모텔	food	129.03929	37.68615
산성펜션텔	stay	129.02473	37.67736
산성펜션텔	stay	129.02438	37.67833
산소울	shop	128.89195	37.75820
산애들애건강원	shop	128.89044	37.74726
산야뜰솔향고향떡집	food	128.90078	37.75060
산야뜰솔향고향떡집	cafe	128.90225	37.74897
산야천민박	stay	128.76491	37.65628
산야초	food	129.03639	37.61004
산에언덕에펜션	stay	128.65664	37.84008
산우리	food	128.91582	37.78472
산이장칼국수	food	128.91011	37.76922
산일민박	stay	128.76515	37.85177
산장민박	stay	128.93767	37.55864
산장편의점	shop	128.89937	37.80853
산전수전	food	128.91916	37.76015
산촌건어	shop	128.82807	37.71452
산촌식당	food	128.82820	37.71467
산카페	cafe	128.70358	37.84345
산타비치텔	stay	128.91397	37.79560
산타비치펜션	stay	128.91392	37.79578
산토리니성산	cafe	128.83244	37.71475
산토스	cafe	128.91779	37.77928
산해횟집	food	128.82821	37.89216
산호갈비	food	128.90415	37.77005
산호펜션	stay	128.91289	37.79908
산회나라	food	128.89862	37.75402
산횟집	food	129.03138	37.69062
살레에페페	food	128.91059	37.76879
살림그릇장	shop	128.88500	37.75315
살림호사	shop	128.89611	37.75198
살살이	food	128.83409	37.89480
삼강상회	shop	128.89862	37.75402
삼거리수제돼지갈비	food	128.91297	37.75232
삼거리슈퍼	shop	128.91566	37.70882
삼거리식당	food	128.89081	37.74942
삼겹네와김치찌개	food	128.86545	37.75690
삼겹식당	food	128.90335	37.76624
삼광오토바이	shop	128.89989	37.75480
삼교리동치미막국수	food	128.95257	37.76559
삼교리동치미막국수	food	128.87807	37.77250
삼교리동치미막국수	food	128.88235	37.72160
삼교리동치미막국수	food	128.91268	37.77438
삼교리원조동치미막국수	food	128.75492	37.88110
삼다도회집	food	128.87674	37.83960
삼다도횟집	food	128.87676	37.83964
삼동막	food	128.91268	37.77438
삼동불교사	shop	128.90613	37.75286
삼동소바강릉점	food	128.90711	37.78705
삼미식당	food	128.82731	37.89235
삼백	bar	128.87724	37.76517
삼백집기사님식당	food	128.82588	37.88410
삼보원룸텔	stay	128.90125	37.76277
삼보컴퓨터	shop	128.90809	37.76830
삼보컴퓨터	shop	128.89182	37.75728
삼보판매장	shop	128.88878	37.75123
삼봉가	food	128.91670	37.77097
삼부모텔	stay	128.89790	37.76151
삼부장여관	stay	128.89787	37.76146
삼부통상	shop	128.89534	37.75707
삼사러와요	shop	128.89823	37.75340
삼사이	stay	128.88738	37.72459
삼산감자탕	food	128.89111	37.76497
삼산한약방	shop	128.89426	37.75536
삼산회관강릉	food	128.89745	37.75702
삼삼해물찜	food	128.89743	37.75231
삼성식당	food	128.82678	37.89137
삼성식당오또	food	128.83137	37.89600
삼성에어솔루션	shop	128.90763	37.76405
삼성의료기	shop	128.89368	37.75341
삼성푸드빌	shop	128.89538	37.69758
삼수갑산	food	128.90620	37.76833
삼시세끼	food	128.88187	37.75674
삼양닭집	shop	128.89862	37.75402
삼양양꼬치훠궈	food	128.82580	37.89309
삼영다방	cafe	128.90011	37.75451
삼우상회	shop	128.89862	37.75402
삼우식품	shop	128.83869	37.86786
삼우옹심이	food	128.94014	37.76273
삼원손칼국수	food	128.90699	37.76444
삼원쇼파	shop	128.90498	37.76180
삼원청과	shop	128.89781	37.75281
삼익가구	shop	128.86161	37.80454
삼일	shop	128.89828	37.75485
삼일낚시	shop	128.89650	37.75996
삼일떡방앗간	food	128.88263	37.74414
삼일상회	shop	128.89862	37.75402
삼일식품	shop	128.90376	37.75705
삼일여관	stay	128.89702	37.75967
삼일여인숙	stay	128.89932	37.76248
삼정사골드	shop	128.87392	37.76321
삼진자원재활용센타	shop	128.89133	37.75700
삼척집	food	128.90034	37.75439
삼척하우징	shop	128.84998	37.78168
삼천리자전거	shop	128.82451	37.88842
삼천리자전거강릉	shop	128.88477	37.75657
삼천리자전거포남	shop	128.91099	37.76669
삼첩분식	food	128.90844	37.76479
삼첩분식	food	128.82473	37.88400
삼초전강릉중앙	food	128.89848	37.75338
삼촌이는총각	food	128.90161	37.76022
삼촌회수산	shop	128.92038	37.75906
삼풍상회	shop	128.82821	37.89216
삼풍상회	shop	128.82665	37.89114
삼형제봉길펜션	stay	128.72758	37.88770
삼화횟집	food	129.04358	37.63881
삽당령펜션민박	stay	128.85831	37.60776
상강기술냉동강릉컴퓨터	shop	128.90530	37.76482
상근이농산	shop	128.90105	37.70382
상도전기강릉	shop	128.88517	37.75694
상도전기조명	shop	128.82467	37.88364
상록당	food	128.89977	37.75533
상미안경	shop	128.89644	37.75232
상부추어탕	food	128.88856	37.74672
상상이상	food	128.90574	37.75816
상상초당	stay	128.91279	37.79643
상상펜션	stay	128.87377	37.84246
상아수산	shop	128.89862	37.75402
상용이네	shop	128.82932	37.89172
상운장여관	stay	129.03339	37.60697
상운플라자	shop	128.93596	37.77491
상원낚시	shop	128.91328	37.76724
상주방앗간	shop	128.82982	37.89474
상주상회	shop	128.89892	37.75318
상투골	food	128.90967	37.77031
상한가	bar	128.87579	37.76317
상해노래궁	bar	128.89796	37.75987
상혁이네	shop	128.83020	37.89405
상호네	food	128.82822	37.89113
상희네	food	128.83390	37.87903
새경기도횟집	food	128.90434	37.80333
새금진횟집	food	129.05169	37.65335
새냉이쉼표	bar	128.88196	37.75234
새냉이작은북카페	cafe	128.88317	37.75135
새농촌보양탕	food	128.90104	37.75604
새로미카페	cafe	128.89846	37.75213
새롬정보기술	shop	128.89186	37.76547
새마을공업사	shop	129.03724	37.61082
새마을떡방앗간	food	128.90091	37.75370
새마을영양탕	food	128.84897	37.72420
새마을포차	bar	128.90631	37.76226
새마을회관	cafe	128.88691	37.74809
새바람이오는그늘	cafe	128.89047	37.74977
새벽포차	bar	128.89985	37.75941
새봄	shop	128.89622	37.75391
새소리게스트하우스	stay	128.89101	37.76657
새신영약국	shop	128.89692	37.75494
새신일기사식당	food	128.89854	37.77122
새암건어물	shop	128.82883	37.89175
새암물산	shop	128.82883	37.89175
새진주농산	shop	128.91700	37.75048
새천년할인마트	shop	128.91141	37.80132
새코미랑달코미	shop	128.88403	37.76903
새희망농원	shop	128.88137	37.77192
색동	shop	128.82230	37.84729
샌드스테이카페	food	128.84907	37.82244
샌드스테이펜션	stay	128.84907	37.82244
샌드유델리	food	128.91072	37.75545
샌마르	food	128.89488	37.75479
샌샌샌	food	128.89242	37.75495
샐러디강릉	food	128.86696	37.75776
샐러디강릉역점	cafe	128.90026	37.76385
샘골밥집	food	128.91280	37.77399
샘물건강원	shop	128.82660	37.89090
샘터휴게실	food	128.86215	37.62642
샘터휴계실	shop	128.86215	37.62642
샘터흑염소	food	128.86418	37.80126
샛돌스테이	stay	128.83375	37.82014
샛별상회	shop	128.89818	37.75369
생각의집	stay	128.82671	37.88510
생마차	food	128.87821	37.76754
생마차강릉	food	128.86924	37.75778
생바지락칼제비	food	128.87705	37.76880
생선매운탕탕	food	128.82796	37.89385
생수식당	food	128.65797	37.84320
생활맥주강릉	bar	128.86867	37.75704
샤넬노래궁	bar	128.89616	37.75114
샤라웃리조트	activity	128.84750	37.86768
샤론꽃집	shop	128.82499	37.88559
샤링	shop	128.89649	37.75263
샤방샤방	food	128.90261	37.74635
샤브올데이강릉	food	128.92227	37.77237
샤브향강릉입암점	food	128.91804	37.76118
샤이닝테라피	shop	128.87836	37.76526
샤인	shop	128.90011	37.75451
샤인노래공원	bar	128.89831	37.75978
샤인텔	stay	128.89422	37.75242
샤크	bar	128.87579	37.76317
샤트렌강릉점	shop	128.89711	37.75472
샬롬	stay	128.83093	37.89486
샬롬	cafe	128.91507	37.77701
샬롬건어물	shop	128.83103	37.89485
샴푸노래마을	bar	128.89772	37.75723
샹츠마라강릉입암점	food	128.91755	37.75921
서가네참숯갈비	food	128.83565	37.75976
서경안스테이	stay	128.85264	37.81965
서당개	food	128.91135	37.77960
서당골	food	128.89211	37.75607
서당골산채	food	128.89216	37.75597
서당하우스	stay	128.81605	37.88241
서대문족발	food	128.87709	37.76745
서대문족발	food	128.86543	37.75752
서대문족발내곡점	food	128.88205	37.74284
서독안경	shop	128.82569	37.89047
서로소	stay	128.91239	37.79149
서리서리멸치국수	food	128.86605	37.74007
서명	bar	128.89127	37.75454
서모래패션에스엠	shop	128.91050	37.74419
서민국밥	food	128.82645	37.88064
서민상회	shop	128.82812	37.90054
서부당구장	activity	128.89196	37.75524
서부부침	food	128.89057	37.75534
서부시장	food	128.89147	37.75507
서부식당	food	128.89088	37.75506
서부포차	bar	128.88982	37.75390
서선생	bar	128.88682	37.75750
서승	shop	128.88028	37.76444
서연헤어	shop	128.89181	37.75567
서연화장품	shop	129.03498	37.60898
서와정	stay	128.90987	37.77442
서우스포츠	shop	128.89470	37.75447
서우예복	shop	128.89916	37.75695
서울건강원	shop	128.82703	37.89021
서울공예사	shop	128.89882	37.75293
서울노래연습장	activity	128.90687	37.76433
서울노래연습장	activity	128.91598	37.76991
서울랜드장	stay	128.89748	37.76179
서울메디컬약국	shop	128.89998	37.76134
서울모자점	shop	128.89694	37.75264
서울모텔	stay	128.91013	37.80266
서울복권	activity	128.87722	37.76357
서울부산물	shop	128.89935	37.75353
서울수보청기	shop	128.89866	37.75568
서울식당	food	128.90919	37.80343
서울식당	food	128.91013	37.80266
서울식당	food	128.82760	37.89275
서울안경	shop	128.89490	37.75439
서울양계	food	128.91709	37.79529
서울엔터테인먼트	activity	128.87722	37.76357
서울우유강남가정	shop	128.90368	37.76343
서울우유강릉가정	shop	128.89891	37.74924
서울유즈드	shop	128.90763	37.77115
서울의류	shop	128.89149	37.75561
서울족발	food	128.90995	37.76972
서울통닭	food	128.82703	37.89021
서울특수통닭	food	128.90738	37.77119
서울프로폴리스	shop	128.90057	37.75594
서울홍은건어물	shop	128.82846	37.89164
서원	shop	128.88237	37.77982
서원커피랩	cafe	128.88270	37.77972
서일노래클럽	bar	128.90135	37.76131
서정카라반펜션	stay	128.87341	37.83357
서정희어패럴	shop	128.87657	37.78437
서지가마솥설렁탕	food	128.87754	37.79110
서지골프용품점	shop	128.87230	37.74540
서지초가뜰	cafe	128.88109	37.79139
서창산업옥계휴게소속초방향	food	129.06023	37.61619
서프홀릭강릉경포점	activity	128.91386	37.79929
서핑레스큐협동조합	activity	129.04344	37.63994
서희궁주점	bar	128.89743	37.75231
석가헌	stay	128.90487	37.71902
석민네	shop	128.82932	37.89172
석병산	nature	128.91746	37.57416
석병산황토한옥	stay	128.91822	37.57475
석봉푸드컴퍼니	food	128.91454	37.79541
석연촌	food	128.91036	37.77374
석천갈비	food	128.89309	37.75584
석촌가	food	128.98971	37.73347
석촌한식부페	food	128.98971	37.73347
선	cafe	129.03154	37.69186
선경식당	food	128.90098	37.76005
선물의집	shop	129.03540	37.60880
선물의집	shop	128.82869	37.88952
선물의집	shop	128.90098	37.76005
선미네건어물	shop	128.83259	37.88055
선미분식	food	128.89408	37.75556
선수마음대로	food	128.83317	37.89486
선수촌옥도건어물유천	shop	128.86881	37.75733
선식당입암점	food	128.91152	37.75368
선아치맥	bar	128.89770	37.75242
선양떡방앗간	food	128.89327	37.75842
선열해장국	food	128.90125	37.76277
선우	bar	129.03459	37.60886
선우기사식당	food	128.87881	37.75469
선일냉동공사	shop	128.83299	37.89460
선자국밥	food	128.89901	37.75360
선자령	food	128.91598	37.76991
선지국밥	food	128.83070	37.89488
선진테크	shop	128.90479	37.76182
선채향	food	128.89584	37.75597
선풍	bar	128.87913	37.76502
선혜슈퍼마켓	shop	128.89666	37.75727
선호라면	food	128.91783	37.79526
선화네	shop	128.82987	37.89406
선희네	shop	128.82932	37.89172
선희옛날통닭	food	128.89622	37.76077
설담	cafe	128.92743	37.77290
설럽케이크	food	128.88387	37.75399
설레다	cafe	128.90536	37.76420
설레이나봄	food	128.87771	37.77108
설렘덩크	food	128.91364	37.79899
설빙강릉	cafe	128.89682	37.75338
설빙강릉	food	128.87841	37.76548
설송하녹	stay	128.94063	37.75935
설아네신발	shop	128.89821	37.75505
설악농산청과	shop	128.90213	37.74677
설악모텔	stay	128.89844	37.76197
설악청정식육점	shop	128.91066	37.77425
설악한우직판장	shop	128.86276	37.73637
설화가요주점	bar	128.88208	37.75439
설화의잡화점	shop	128.90571	37.76037
설화한우	food	128.91687	37.75877
설희네	shop	128.82932	37.89172
성광식육점	shop	128.90058	37.75356
성남대운식당	food	128.89623	37.75183
성남맛집	food	128.89989	37.75480
성남장터	food	128.89787	37.75341
성남종합사탕	shop	128.90000	37.75455
성남짱분식	food	128.90057	37.75342
성남칼국수	food	128.89880	37.75330
성덕국수	shop	128.90696	37.74972
성덕동커피	cafe	128.90828	37.75571
성덕로칼국수	food	128.91654	37.75421
성도텔레콤주	shop	128.89611	37.75496
성모메디칼	shop	128.87584	37.76666
성보당	shop	128.89735	37.75463
성산	shop	128.83270	37.72117
성산감자전	food	128.83187	37.71714
성산곤이건강원	shop	128.82712	37.71436
성산그린실외	activity	128.83296	37.71477
성산대구머리찜	food	128.91704	37.77088
성산면옥	food	128.91797	37.76288
성산모텔	stay	128.82884	37.71539
성산밥집	food	128.83158	37.71624
성산아울렛	shop	128.83277	37.72140
성산약국	shop	128.83219	37.71834
성산옛집	food	128.82785	37.71457
성산커피	cafe	128.83106	37.71573
성산토속가든	food	128.83202	37.71834
성산흑염소	food	128.82745	37.71471
성수족발	food	128.88186	37.74302
성신배드민턴	activity	128.92950	37.77853
성신배드민턴	activity	128.87005	37.75685
성신스포즈송정	activity	128.92950	37.77853
성신테크니스트	shop	128.92950	37.77853
성심어린강릉점	food	128.87818	37.76815
성왕돈까스	food	128.83106	37.71573
성우	shop	128.82579	37.89020
성우수산	food	128.91294	37.76905
성우수산	food	128.89047	37.75408
성우회관	food	128.83322	37.87984
성원궁	food	128.82425	37.88697
성원대박집	food	128.89918	37.75328
성원물닭갈비	food	128.86722	37.75673
성원의료기	shop	128.83774	37.85971
성원휴게실	cafe	128.90034	37.75439
성일여인숙	stay	128.89916	37.76275
성조만물식품	shop	128.82724	37.89155
성진추어탕	food	128.90098	37.76005
성창상회	shop	128.89747	37.75589
성하산업	shop	128.90908	37.76752
성화늘솔길	shop	128.86634	37.79321
성훈네	shop	128.82932	37.89172
성훈펜션	stay	128.93882	37.77839
세	shop	128.84319	37.72457
세강유통	shop	128.91362	37.77010
세계로약국	shop	128.82704	37.89344
세계주류	shop	128.88876	37.75712
세기보청기	shop	128.89868	37.75691
세나	food	128.87281	37.77312
세동유통강원지점	shop	128.87963	37.78305
세라젬웰카페강릉	food	128.89692	37.75494
세레니타	food	128.88990	37.77295
세레니티	cafe	128.91246	37.74671
세로	cafe	128.88433	37.75459
세명활어회상점	food	128.98404	37.74102
세모다락	stay	128.84604	37.86760
세미	shop	128.89862	37.75402
세미네	shop	128.82932	37.89172
세미맛닭갈비	food	128.86690	37.75702
세븐강릉강문점	shop	128.91971	37.79232
세븐강릉교동점주	shop	128.87768	37.76796
세븐강릉단오공원점	shop	128.89651	37.74783
세븐강릉문화점주	shop	128.89337	37.75607
세븐강릉상아점	shop	128.89893	37.75983
세븐강릉안현점	shop	128.90291	37.80540
세븐강릉입암주공점	shop	128.92120	37.75717
세븐강릉포남스타점	shop	128.91507	37.77261
세븐게임장	activity	128.82549	37.88378
세븐경포사근진점주	shop	128.89833	37.81207
세븐경포파도점	shop	128.90919	37.80343
세븐관대빌리지점	shop	128.87832	37.73586
세븐관동대점	shop	128.87901	37.73904
세븐나잇	bar	128.89353	37.74350
세븐나잇	bar	128.89665	37.75753
세븐나잇	bar	128.89085	37.76491
세븐나잇	bar	128.91643	37.77128
세븐나잇	bar	128.90797	37.76451
세븐나잇노암대림아파트점	bar	128.89632	37.74478
세븐나잇노암점	bar	128.89990	37.74919
세븐나잇어울림점	bar	128.91995	37.75466
세븐나잇입암점	bar	128.90719	37.75327
세븐나잇입암현대점	bar	128.91244	37.75206
세븐나잇한라점	bar	128.90262	37.74648
세븐나잇＜＞	bar	128.89019	37.75413
세븐뉴경포비치점	shop	128.91250	37.80025
세븐델루나호텔강릉점	shop	128.82567	37.88940
세븐스타노래연습장	activity	128.82466	37.88435
세븐일레븐	shop	128.90520	37.76491
세븐일레븐	shop	128.86941	37.75344
세븐일레븐강릉	shop	128.89824	37.76134
세븐일레븐강릉	shop	128.89551	37.74440
세븐일레븐강릉	shop	128.88292	37.75386
세븐일레븐강릉	shop	128.89146	37.74422
세븐일레븐강릉	shop	128.87580	37.76167
세븐일레븐강릉	shop	128.89369	37.75238
세븐일레븐강릉	shop	128.89801	37.75386
세븐일레븐강릉	shop	128.87768	37.76796
세븐일레븐강릉	shop	128.86907	37.75416
세븐일레븐강릉	shop	128.89337	37.75607
세븐일레븐강릉	shop	128.90655	37.76252
세븐일레븐강릉	shop	128.89791	37.75812
세븐일레븐강릉	shop	128.88052	37.76504
세븐일레븐강릉	shop	128.91197	37.77487
세븐일레븐강릉	shop	129.03580	37.60943
세븐일레븐강릉	shop	128.82551	37.87815
세븐일레븐강릉강문	shop	128.91760	37.79589
세븐일레븐강릉강문점	shop	128.91971	37.79232
세븐일레븐강릉강변로점	shop	128.89734	37.74911
세븐일레븐강릉경포	shop	128.90289	37.80448
세븐일레븐강릉경포로점	shop	128.90275	37.80345
세븐일레븐강릉경포오션점	shop	128.90351	37.80392
세븐일레븐강릉곶감점	shop	128.89720	37.75236
세븐일레븐강릉교동	shop	128.87662	37.76654
세븐일레븐강릉교동	shop	128.87552	37.76385
세븐일레븐강릉교항점	shop	128.82415	37.88535
세븐일레븐강릉금진	shop	129.04454	37.63640
세븐일레븐강릉남강점	shop	128.91393	37.76755
세븐일레븐강릉내곡점	shop	128.87998	37.74099
세븐일레븐강릉노암	shop	128.90079	37.74825
세븐일레븐강릉노암율곡로점	shop	128.90522	37.75169
세븐일레븐강릉뉴	shop	128.87636	37.74735
세븐일레븐강릉단오공원점	shop	128.89651	37.74783
세븐일레븐강릉더샵점	shop	128.90920	37.74881
세븐일레븐강릉롯데	shop	128.88870	37.76469
세븐일레븐강릉밸로체점	shop	128.91670	37.76346
세븐일레븐강릉사천	shop	128.87630	37.83130
세븐일레븐강릉사천오션점	shop	128.87414	37.83523
세븐일레븐강릉상아점	shop	128.89893	37.75983
세븐일레븐강릉선교장점	shop	128.88412	37.78458
세븐일레븐강릉성산점	shop	128.82652	37.71479
세븐일레븐강릉세인트존스점	shop	128.92093	37.79128
세븐일레븐강릉솔향점	shop	128.89939	37.75954
세븐일레븐강릉송정로점	shop	128.93173	37.77743
세븐일레븐강릉송정한신점	shop	128.93942	37.77389
세븐일레븐강릉씨에	shop	128.91242	37.79689
세븐일레븐강릉아들바위점	shop	128.82903	37.90502
세븐일레븐강릉아모르점	shop	128.89771	37.76167
세븐일레븐강릉아모리움점	shop	128.91579	37.76752
세븐일레븐강릉아산	shop	128.85579	37.81578
세븐일레븐강릉안현점	shop	128.90291	37.80540
세븐일레븐강릉연곡점	shop	128.83643	37.85909
세븐일레븐강릉올림픽파크점	shop	128.89069	37.77965
세븐일레븐강릉용지점	shop	128.90543	37.75888
세븐일레븐강릉임당	shop	128.89539	37.75649
세븐일레븐강릉입암	shop	128.90753	37.75346
세븐일레븐강릉입암주공점	shop	128.92120	37.75717
세븐일레븐강릉제이나인점	shop	128.91499	37.79443
세븐일레븐강릉중기점	shop	128.90303	37.76311
세븐일레븐강릉청송점	shop	128.91259	37.77078
세븐일레븐강릉초당점	shop	128.91398	37.78517
세븐일레븐강릉포남	shop	128.90882	37.76358
세븐일레븐강릉포남	shop	128.90442	37.76693
세븐일레븐강릉포남	shop	128.91507	37.77261
세븐일레븐강릉플라주메종점	shop	128.87153	37.84052
세븐일레븐강릉하슬라점	shop	128.87842	37.77054
세븐일레븐강릉하평	shop	128.86991	37.84566
세븐일레븐강릉한라점	shop	128.90207	37.74557
세븐일레븐강릉해안로점	shop	128.89456	37.81477
세븐일레븐경강로점	shop	128.90920	37.76496
세븐일레븐경포바다점	shop	128.91097	37.80177
세븐일레븐경포사근진점	shop	128.89833	37.81207
세븐일레븐경포파도점	shop	128.90878	37.80377
세븐일레븐관	shop	128.87901	37.73904
세븐일레븐관대	shop	128.87832	37.73584
세븐일레븐뉴강릉교동하슬라점	shop	128.87409	37.76368
세븐일레븐델루나호텔강릉점	shop	128.82567	37.88940
세븐일레븐연곡삼우	shop	128.83869	37.86786
세븐일레븐일송점	shop	128.91715	37.77053
세븐일레븐정동진	shop	129.03967	37.68639
세븐일레븐주문진	shop	128.83892	37.87073
세븐일레븐주문진교항점	shop	128.82716	37.87906
세븐일레븐주문진도깨비점	shop	128.83446	37.87859
세븐일레븐주문진르네상스점	shop	128.82536	37.89224
세븐일레븐주문진신리점	shop	128.82141	37.88218
세븐일레븐주문진신리천점	shop	128.82799	37.88546
세븐일레븐주문진읍점	shop	128.82815	37.89440
세븐일레븐주문진주공점	shop	128.82817	37.87520
세븐일레븐포남으뜸점	shop	128.91153	37.77102
세븐일레븐회산원룸점	shop	128.86914	37.74015
세븐청과야채	shop	128.88338	37.76625
세빈호텔	stay	128.90204	37.80574
세시봉	bar	128.82748	37.89221
세실리아	cafe	128.87487	37.76618
세연약국	shop	128.89401	37.75369
세연텔레콤	shop	128.86881	37.75733
세연텔레콤	shop	128.90970	37.75580
세영대게횟집	food	128.82952	37.89369
세운다방	cafe	128.89167	37.75460
세원화장품	shop	128.82725	37.89145
세이렌의별다방	cafe	128.87113	37.75743
세인공방	shop	128.89088	37.75506
세인하우스	stay	128.87711	37.81242
세자매수산	shop	128.82921	37.89230
세정올리비아강릉죽헌지점주	shop	128.87812	37.78306
세정인디안강릉죽헌지점주	shop	128.87835	37.78293
세정트레몰로주	shop	128.89866	37.75568
세진네	shop	128.82932	37.89172
세화당	shop	128.89701	37.75257
세화식당	food	128.90411	37.76350
센스모	shop	128.90191	37.77027
센스안경	shop	128.87999	37.76454
센스쟁이	shop	128.83704	37.85954
센스쟁이	shop	128.89428	37.75551
센지	shop	128.89716	37.75273
센트럴모텔	stay	128.89640	37.75762
센트오브사운드	activity	128.83062	37.87663
셀라	cafe	128.91922	37.74128
셀몬모텔	stay	128.89791	37.76220
셀프체크인더하이오션경포	stay	128.90347	37.80392
셔플보드카페	cafe	128.89486	37.75327
셰프수	food	128.87664	37.76404
셰프의만찬	food	128.90119	37.76320
소고기야시장	food	128.87688	37.76232
소고집한우	food	128.90767	37.76637
소극장	bar	128.89090	37.75471
소금강	nature	128.70855	37.81648
소금강냇물소리펜션	stay	128.70275	37.84549
소금강늘벗	stay	128.65624	37.83956
소금강마을	activity	128.74133	37.84823
소금강마트	shop	128.70632	37.81558
소금강맛집	food	128.70622	37.81547
소금강맛집	food	128.82735	37.89033
소금강모텔	stay	128.70891	37.84733
소금강버들펜션	stay	128.68997	37.84779
소금강별자리펜션	stay	128.69392	37.84612
소금강산과친구	food	128.70596	37.81484
소금강산농장	shop	128.70426	37.82791
소금강시즌펜션	stay	128.67027	37.84197
소금강여울목펜션	stay	128.69945	37.84754
소금강오토캠프장	stay	128.70815	37.81491
소금강추어탕	food	128.79431	37.85315
소금강펜션	stay	128.68599	37.84794
소금강펜션민박	stay	128.68600	37.84800
소금강행복펜션마트	shop	128.70588	37.84658
소금강휴게소	food	128.70632	37.81558
소금강휴게소식당	food	128.70533	37.84661
소금강휴게소식당슈퍼	shop	128.70533	37.84661
소금제	stay	128.68169	37.84647
소꿉놀이민박	stay	128.67395	37.84454
소나기	cafe	128.71068	37.84691
소나기소주클럽	bar	128.89924	37.76118
소나무	stay	128.76925	37.88534
소나무	food	128.89646	37.75201
소나무가든	food	128.93996	37.76446
소나무숲	stay	128.94105	37.73338
소나무집초당순두부	food	128.91543	37.79166
소나무펜션	stay	128.76903	37.88543
소나무풍경펜션	stay	128.83491	37.82210
소나무한약국	shop	128.88339	37.74801
소나무향기	stay	128.88838	37.73236
소녀폰강릉점	shop	128.89462	37.75358
소담과자점	cafe	128.88026	37.76545
소담소담	food	128.89321	37.74382
소담촌	food	128.87063	37.75753
소담푸드	shop	128.91581	37.77942
소담흑염소	food	128.91098	37.76948
소도리	food	128.82754	37.90421
소도몰강릉	shop	128.91456	37.77176
소돌건어물할인매장	shop	128.82921	37.89230
소돌다락방	cafe	128.82248	37.90442
소돌댁네민박	stay	128.82491	37.90633
소돌막국수	food	128.82209	37.90299
소돌스테이	stay	128.83140	37.90074
소돌아들바위공원	nature	128.83020	37.90570
소돌어촌계	activity	128.82970	37.90475
소돌엔	cafe	128.82791	37.90627
소돌엔등대점	cafe	128.83262	37.89783
소돌항	nature	128.82897	37.90484
소돌해수욕장	beach	128.82727	37.90624
소돌해안선	food	128.82497	37.90670
소라네건어물	shop	128.82857	37.88769
소라네건어물	shop	128.82863	37.88732
소라반점	food	128.90475	37.75354
소라횟집	food	128.91819	37.79537
소람다락	stay	128.87403	37.82542
소랑호랑	stay	128.89792	37.76180
소레아도	stay	128.87278	37.81149
소리민박	stay	128.93719	37.56347
소리바다	bar	128.89626	37.75915
소리소문	food	128.82769	37.88790
소리질러	bar	128.91096	37.77087
소리향	stay	128.80742	37.74277
소림마라강릉점	food	128.89436	37.76997
소망	shop	128.89841	37.69559
소망메밀전	food	128.91148	37.77052
소매점	shop	128.84645	37.82708
소머리훔친산적	food	128.83664	37.85942
소문난만복래	stay	128.94215	37.74217
소문난밥상	food	128.91268	37.76973
소문난이쁜이	food	128.90098	37.76005
소미담강릉점	food	128.87889	37.77053
소바위트	food	128.89034	37.74964
소반	food	128.87700	37.77116
소뷰가	stay	128.65630	37.84059
소석원	stay	128.83653	37.84083
소소담	shop	128.92546	37.78779
소소스튜디오	shop	128.91987	37.76981
소소영진	stay	128.83831	37.86016
소소정	food	128.89312	37.75403
소소제과	food	128.88979	37.76676
소소한가	stay	128.78810	37.84510
소소한식탁	food	128.87646	37.73940
소소한텃밭	food	128.84982	37.82313
소소한행복	shop	128.90029	37.75365
소시담가	stay	128.81977	37.79632
소싯	shop	128.89172	37.75907
소야노래공원	bar	128.87661	37.76258
소영이네돈까스물회	food	128.87592	37.76248
소우리	food	128.98694	37.73189
소울메이트	stay	128.80441	37.89434
소울메이트펜션	stay	128.80454	37.89430
소울보이스동전노래연습장	activity	128.89684	37.75425
소원을말해봐	food	128.90908	37.76613
소원을말해봐	food	128.89466	37.75713
소잡는돼지	food	128.87578	37.76704
소집	cafe	128.93962	37.76205
소천노래궁	bar	128.89800	37.75429
소쿠리한우숯불구이	food	128.86184	37.75897
소푸개울교육농장	food	128.76705	37.88718
소품시간	shop	128.89327	37.75842
소풍가는길에	food	128.82597	37.88061
소풍레스토랑	food	128.84663	37.86369
소호	shop	128.89459	37.75224
소확행	food	128.89796	37.75170
손가네능이오리	food	128.82619	37.72702
손맛을닮다	food	128.89190	37.76317
손병욱베이커리	food	128.89357	37.75564
솔내마을법인	activity	128.65423	37.84074
솔내음민박	stay	128.89012	37.78719
솔내음바베큐	food	128.86112	37.79571
솔다방	cafe	128.82812	37.89334
솔담	food	128.89567	37.79678
솔마루	stay	128.83521	37.78415
솔마루향기	stay	128.88549	37.80411
솔바다	stay	128.93818	37.77860
솔바람감자전	food	128.94076	37.76311
솔바람다리	heritage	128.95139	37.76838
솔바람조경	shop	128.91141	37.75663
솔바람텃골	food	128.82764	37.89353
솔바로횟집	food	128.87535	37.84123
솔방울제과점	food	128.89445	37.76101
솔밭노래방	activity	128.90389	37.80468
솔밭집민박	shop	129.04400	37.63739
솔밭추어탕	food	128.87697	37.82987
솔밭흙집	stay	129.04498	37.62814
솔봉계곡쉼터야영장	stay	128.67159	37.84267
솔봉쉼터매점	shop	128.67171	37.84314
솔봉펜션	stay	128.67171	37.84314
솔빛모텔	stay	128.89891	37.76071
솔빛아래	stay	128.80373	37.85426
솔빛아래펜션	stay	128.80374	37.85432
솔숲빌라	stay	128.94027	37.76396
솔안	cafe	128.83995	37.76026
솔앤계수나무팬션	stay	129.01047	37.68404
솔앤땀	shop	128.83334	37.85937
솔옥	food	128.89608	37.75173
솔올농원	shop	128.86264	37.73305
솔올떡집	food	128.88646	37.75900
솔올부대찌개	food	128.87803	37.76889
솔올온누리약국	shop	128.87755	37.76493
솔올통나무집닭갈비	food	128.87750	37.77013
솔올파크	stay	128.87691	37.76657
솔올펜션	stay	128.86025	37.76129
솔이네쌈밥집	food	128.91384	37.76981
솔이네횟집	food	128.82821	37.89216
솔잎주	food	128.91184	37.75033
솔잎향기식당	food	128.89992	37.75973
솔지네	shop	128.82932	37.89172
솔지네관	food	128.87885	37.73751
솔지네식당	food	128.90508	37.75256
솔티앤스위트	shop	128.91453	37.78568
솔향강릉오토캠핑장	stay	128.94117	37.77304
솔향강릉카라반캠핑장	stay	128.94060	37.77311
솔향강릉카라반캠핑장	stay	128.94125	37.77282
솔향건어물앤지윤이네덕김	shop	128.89806	37.75386
솔향기강릉점	food	128.89055	37.73988
솔향기순대국밥	food	128.87850	37.74032
솔향기추어탕	food	128.90215	37.77986
솔향기펜션	stay	128.90000	37.80016
솔향김씨장밥집	food	128.87921	37.76757
솔향노래마을	bar	128.90103	37.76112
솔향대가방	food	128.90251	37.76168
솔향대게	food	128.92044	37.79101
솔향명품샵	shop	128.87671	37.77831
솔향뮤직노래타운	bar	128.87811	37.76613
솔향민박	stay	128.70235	37.84870
솔향블루베리농원	shop	128.85550	37.72648
솔향서점	shop	128.87963	37.76455
솔향슈퍼	shop	129.04812	37.62807
솔향시골밥상	food	129.03601	37.60967
솔향식당	food	129.04812	37.62807
솔향식빵공방	food	128.91307	37.77021
솔향약국	shop	129.03505	37.60860
솔향육개장	food	128.91320	37.75077
솔향자연밥상	food	128.97061	37.73417
솔향정육점	shop	128.91829	37.73664
솔향집	stay	128.84414	37.84244
솔향청과마트	shop	128.89144	37.75521
솔향청과상회	shop	128.89801	37.75386
솔향초당순두부	food	128.91519	37.78932
솔향촌	food	128.83537	37.87154
솔향축산셀프식당	food	128.91829	37.73664
솔향축산정육식당	food	128.92036	37.75292
솔향칼국수	food	128.86629	37.74099
솔향통신	shop	128.89326	37.75509
솔향퍼니처	shop	128.91046	37.76602
솔향한송정카페	cafe	128.87544	37.75323
솔향한우촌	food	128.83540	37.87161
솜복솜복	food	128.90770	37.76434
솜블리솜사탕	food	128.89982	37.75509
송가네소머리국밥	food	128.89846	37.76163
송가네종묘사	shop	128.88025	37.74023
송가촌	food	128.93780	37.77540
송강리조텔	stay	128.92697	37.78700
송강식당	food	128.91046	37.77410
송강여인숙	stay	128.82414	37.88419
송도불향쭈꾸미	food	128.91394	37.78826
송림꽃화원	shop	128.90477	37.76083
송림민박	stay	129.04565	37.62749
송미옥가로	food	128.89831	37.76021
송복식당	food	128.89844	37.75488
송석아트	shop	128.71248	37.88135
송송스테이	stay	128.94139	37.76269
송쉐프의삼도씨초밥	food	128.88172	37.75425
송암	shop	128.83605	37.78183
송암막국수	food	128.84838	37.78975
송암조경	shop	128.86361	37.76494
송여사숯불왕꼼장어	food	128.90704	37.76587
송옥오리	food	128.81908	37.88057
송원농장민박	stay	128.95744	37.57505
송원불가마	shop	128.88378	37.77149
송원불가마매점	shop	128.88378	37.77149
송은닭내장	food	128.90795	37.76733
송이랑능이랑	food	128.70672	37.81539
송이산장펜션	stay	128.65425	37.83950
송이펜션	stay	128.84926	37.81691
송정가든	food	128.89016	37.76959
송정갈비	food	128.93347	37.77474
송정건어물	shop	128.93811	37.74361
송정곱창	food	128.89664	37.74599
송정김종현빵공장	food	128.93242	37.77954
송정동단체협의회	shop	128.93713	37.78010
송정바우스크린골프장	activity	128.93162	37.77795
송정부침	food	128.89759	37.75609
송정불향쭈구미	food	128.93909	37.77779
송정안목해양레포츠협동조합	activity	128.94686	37.77289
송정야채청과	shop	128.93242	37.77784
송정용짬뽕	food	128.93126	37.78161
송정추어탕칼국수	food	128.91060	37.77604
송정패들레저	activity	128.93836	37.77874
송정한식뷔페	food	128.92799	37.77453
송정한신	shop	128.89862	37.75402
송정해변	beach	128.93713	37.78010
송정해변막국수	food	128.92417	37.78860
송죽원추어탕	food	128.90408	37.78412
송참숯갈비	food	128.88406	37.74449
송천식당	food	128.63798	37.82666
송천휴게소식당	food	128.63826	37.82702
송촌	food	128.91491	37.77277
송파회식당	food	128.94591	37.77320
송하전기조명	shop	128.90905	37.76533
송화잔기지떡	food	128.87280	37.76047
쇼드개발	cafe	128.85434	37.84887
쇼콜라펜션	stay	128.87213	37.83146
쇼킹노래연습장	activity	128.90516	37.76114
쇼킹피자	food	128.82561	37.88666
쇼킹피자강릉점	food	128.90103	37.76067
수	food	128.87722	37.76292
수내닭꼬치	food	128.88338	37.76625
수니쌤카페	cafe	128.90641	37.76662
수덕상회	shop	129.03524	37.60919
수라수라호프	bar	128.89858	37.75954
수랏간	shop	128.91369	37.77518
수리골쉼터	bar	128.89321	37.78144
수리골추어탕	food	128.89317	37.78139
수리산보	stay	128.89414	37.78065
수림장	stay	128.89825	37.76184
수목여관	stay	128.89700	37.75699
수몽	shop	128.90076	37.75577
수미골	food	128.87834	37.76893
수민네	food	128.82970	37.90475
수백담	cafe	128.89507	37.76103
수빈	shop	128.89938	37.75505
수빈식품	shop	128.89931	37.75281
수상한마법학교	activity	128.87917	37.73050
수상한식당	food	128.90150	37.76343
수수다방	cafe	128.89229	37.75388
수수하	shop	128.89092	37.75416
수아르펜션	stay	128.89258	37.80457
수아팜강릉점	shop	128.92265	37.77060
수애찬	shop	128.91642	37.77962
수억참숯갈비	food	128.89824	37.76134
수에르테	cafe	129.03998	37.68612
수영복종합할인마트강릉	shop	128.89866	37.75568
수와래펜션	stay	128.88350	37.82190
수원양희횟집	food	128.83387	37.89438
수원왕갈비	food	128.89544	37.74265
수원장여관	stay	128.89607	37.76090
수원횟집	food	128.82821	37.89216
수인테리어	shop	128.90942	37.74572
수작카츠앤드한스델리	food	128.89652	37.75413
수정궁횟집	food	128.91835	37.79502
수정손칼국수	food	128.82737	37.89209
수정옷집	shop	128.82664	37.89105
수정찻집	bar	128.90098	37.76005
수제만두	food	129.03565	37.60896
수제비누	shop	128.84877	37.79180
수제왕돈까스	food	129.03540	37.60880
수제족발	food	128.89668	37.74749
수줍은과자점	cafe	128.93942	37.76112
수지	stay	128.83021	37.90186
수지분식	food	128.91754	37.78083
수지아뜨리에	shop	128.85941	37.77038
수진네	food	128.82935	37.90450
수진네건어물	shop	128.82827	37.88854
수청골송어	food	128.77695	37.82896
수터골	stay	128.68555	37.85238
수파라	food	128.89814	37.75824
수풀림건강하우스	shop	128.90104	37.76135
수플베르	shop	128.86738	37.75688
수플사회적협동조합	activity	128.90446	37.76007
수하림	stay	128.81289	37.80001
수하우스	stay	128.91855	37.79397
수향수	food	128.82821	37.89216
수향수산	shop	128.83183	37.89770
수향수산물회	food	128.82821	37.89216
수향수산회	food	128.82821	37.89216
수향수산횟집	food	128.82821	37.89216
수협바다마트강릉점	shop	128.91439	37.76980
숙성돈가	food	128.91843	37.75732
숙이	food	128.82932	37.89172
숙이네건강원	shop	128.90475	37.75234
숙이네소주방	bar	128.90574	37.75263
숙이네횟집	food	128.82852	37.88543
숙이매운탕	food	128.82799	37.89035
숙자네	shop	128.82932	37.89172
순긋해변	beach	128.89335	37.81617
순남시래기	food	128.87567	37.76642
순남시래기강릉점	food	128.87564	37.76636
순두부짬뽕초당애	food	128.91242	37.79689
순두부청년	shop	128.91656	37.76990
순뼈감	food	128.87604	37.76700
순수치킨	food	128.91139	37.76766
순애닭마을	food	128.84717	37.75688
순영이네	shop	128.82932	37.89172
순옥이네	food	128.82932	37.89172
순이감자탕	food	128.90898	37.76909
순이네의류	shop	128.90106	37.75390
순이식당	food	128.90898	37.76909
순자네매운탕	food	128.90530	37.76482
순천횟집	food	128.90878	37.80377
순포습지	nature	128.88753	37.82046
순포해변	beach	128.89030	37.81932
순흥수산	shop	128.82756	37.89256
순흥여인숙	stay	128.89941	37.76262
술곳간	food	128.86961	37.75784
술도깨비	bar	128.91440	37.77180
술마시는풍뎅이	bar	128.90968	37.76996
술집	food	128.89459	37.75224
술짠하자	bar	128.88222	37.74487
술통	bar	128.89457	37.74221
술푸마	food	128.82486	37.89077
숨긴뒷고기	food	128.89924	37.76118
숭례문	shop	128.89187	37.75531
숯불삼삼오오갈비	food	128.90976	37.76785
숲	stay	128.85132	37.83323
숲강릉점	shop	128.89728	37.75412
숲사랑홍보관	heritage	128.85128	37.81717
숲속집	food	128.83237	37.71500
숲속한우	food	128.86517	37.70168
숲속황토펜션	stay	128.88839	37.80170
숲에서	shop	128.82745	37.89020
숲정원	stay	128.80860	37.84554
쉐프의퓨전포차	bar	128.89963	37.74981
쉐프조이	food	128.91802	37.77975
쉘리스	cafe	128.87670	37.84019
쉘리스커피	cafe	128.87670	37.84019
쉬앤미강릉점	shop	128.89866	37.75568
쉬어가는집	stay	128.83233	37.86092
쉬자모텔	stay	128.90270	37.76178
쉬즈마담	shop	128.89862	37.75402
쉬즈미스	shop	128.89585	37.75210
쉴만한물가펜션	stay	128.77930	37.83013
쉴만한카페	cafe	128.88472	37.76019
쉼	stay	128.91713	37.78463
쉼	stay	128.79451	37.72164
쉼모텔	stay	128.89477	37.75064
쉼터	shop	128.82799	37.89022
쉼터	bar	128.90114	37.75398
쉼표로스터리카페	cafe	128.90858	37.74692
쉼표하나	cafe	128.87485	37.76612
슈가	shop	128.82607	37.89015
슈밍게스트하우스	stay	128.89917	37.76158
슈슈네키친	food	128.91754	37.78083
슈슈차	cafe	128.87699	37.73902
슈올즈강릉점	shop	128.89711	37.75472
슈테츠커피로스터스	cafe	128.91094	37.76828
슈팅오락실	activity	128.87806	37.76693
슈팅오락실	activity	128.89497	37.75279
슈파쯔	food	128.91686	37.78345
슈퍼맨찹쌀꽈배기	food	128.91221	37.77105
슈퍼맨편의점	shop	128.89759	37.75609
슐라라펜란트	cafe	128.89662	37.74234
스노우피크강릉점	shop	128.89589	37.75339
스노우피크게스트하우스	stay	128.89487	37.75966
스마일	stay	128.89862	37.74705
스마일당구장	activity	128.90968	37.76996
스마일식당	food	128.90822	37.76540
스마일핑크샵	shop	128.89568	37.76005
스마일한국식마라탕	food	128.87726	37.77157
스마일헬스클럽	activity	128.91254	37.75167
스마일홀덤	food	128.87894	37.76756
스마크	food	128.89689	37.75905
스마트강릉점	shop	128.89176	37.75599
스마트통신주	shop	128.89576	37.75332
스마트프라자	shop	128.91211	37.77210
스마트프라자	shop	128.91153	37.77102
스마트프라자강릉	shop	128.91211	37.77210
스며들다	cafe	128.87794	37.77022
스모크버거	food	128.89836	37.75794
스미스앤오	shop	128.90571	37.76037
스미야키센교동	food	128.89313	37.75864
스시교코오	food	128.86959	37.75683
스시대관령	food	128.88229	37.74227
스시마루	food	128.87673	37.76732
스시생	food	128.86789	37.75688
스시심	food	128.87689	37.76806
스시심	food	128.87516	37.76736
스시요이	food	128.89708	37.75712
스시카이토	food	128.91686	37.78345
스시후	food	128.90234	37.74756
스완	shop	128.91197	37.79907
스완라운지	shop	128.91197	37.79907
스왓띠	food	128.89205	37.75705
스웨이	bar	128.90477	37.80410
스위트프루츠	food	128.90645	37.77119
스위트홈베이커리	food	128.89726	37.75935
스윗라이스	food	128.88934	37.76085
스잔노래연습장	activity	128.91125	37.75423
스즈키강릉점	shop	128.90240	37.75958
스카리아	stay	128.91600	37.79535
스카이노래연습장	activity	128.90742	37.76632
스카이노래타운	bar	128.90778	37.80426
스카이모텔	stay	128.87609	37.76612
스카이방방	activity	128.91974	37.75958
스카이지디알골프아카데미	activity	128.89499	37.74242
스캔들	bar	128.89450	37.75071
스케치모텔	stay	128.89904	37.75913
스케치인강릉	shop	128.91762	37.77943
스콘하우스	cafe	128.90419	37.76715
스크류	bar	128.90844	37.76479
스킨케어스토아	shop	128.91747	37.78065
스타노래공원	bar	128.89946	37.76016
스타단란주점	bar	128.89427	37.75177
스타먹돈고기무한리필강릉내곡점	food	128.88177	37.74289
스타먹소고기무한	food	128.86816	37.75749
스타먹소고기무한	food	128.90968	37.76996
스타벅스	cafe	128.94873	37.77139
스타벅스	cafe	128.83144	37.88123
스타벅스	cafe	128.87710	37.76432
스타벅스	cafe	128.89611	37.75496
스타벅스	cafe	128.85784	37.81840
스타벅스	cafe	128.87240	37.74680
스타벅스	cafe	128.89621	37.75453
스타벅스	cafe	128.91855	37.79476
스타벅스	cafe	128.89220	37.76995
스타벅스	cafe	128.92298	37.77191
스타비치노래밤	bar	128.91250	37.80044
스타일독	shop	128.90166	37.75835
스타종합커텐	shop	128.89046	37.75735
스타코인노래연습장	activity	128.91896	37.75961
스타키보청기강릉난청센터	shop	128.87819	37.75524
스타패션	shop	128.89761	37.75253
스타핏	activity	128.87540	37.76333
스타핏프리미엄	activity	128.87624	37.76264
스테딜리	cafe	128.87828	37.73931
스테이가주강릉	stay	128.85937	37.80849
스테이강릉역	stay	128.90992	37.76534
스테이그레이	stay	128.83518	37.86268
스테이낙낙	stay	128.89056	37.79249
스테이더느리게	stay	128.92140	37.75435
스테이도화	stay	128.78489	37.87881
스테이루나	stay	128.89648	37.76098
스테이림	stay	128.88732	37.75079
스테이멜로우	stay	128.87088	37.84332
스테이모래내	stay	128.84714	37.82742
스테이모모	stay	128.79997	37.87867
스테이미노	stay	128.85705	37.82540
스테이밋	stay	128.86303	37.82224
스테이밤밤	stay	129.00983	37.68368
스테이사천	stay	128.86755	37.81601
스테이소시담가독채풀빌라펜션	stay	128.81977	37.79645
스테이솔	stay	128.90289	37.80448
스테이솔강릉솔게스트하우스	stay	128.90339	37.80435
스테이솔어셈블	bar	128.90339	37.80435
스테이솔청시행	food	128.90339	37.80435
스테이쇼드	stay	128.85434	37.84887
스테이시호일	stay	128.89367	37.75031
스테이씨	stay	128.88742	37.80745
스테이아슬라	stay	128.83261	37.85772
스테이알마즈	stay	128.83905	37.84436
스테이어단	stay	128.89859	37.69166
스테이어스펜션	stay	128.91215	37.79067
스테이에덴	stay	128.89009	37.71094
스테이여울	stay	128.87850	37.71627
스테이오롯이	stay	128.90986	37.76766
스테이이스트사이드	stay	128.85316	37.82507
스테이인강릉	stay	128.89867	37.75788
스테이인터뷰	cafe	129.01227	37.70802
스테이정동	stay	129.03483	37.68574
스테이칠백	stay	128.86076	37.62553
스테이컴앤씨	stay	128.87617	37.83959
스테이크킹강릉점	food	128.89589	37.75411
스테이틈	stay	128.91651	37.77875
스테이펜션	stay	128.84166	37.82705
스테이폴앤메리	stay	128.81605	37.85563
스테이풀빌라	stay	128.84158	37.82683
스테이하람	stay	128.89230	37.80350
스테이해든	stay	128.95368	37.76467
스테이해하	stay	128.87613	37.83870
스테이휴휴	stay	128.90760	37.76492
스테이히읗	stay	128.89292	37.75951
스텔라떡볶이강원강릉역점	food	128.89972	37.76278
스텔라떡볶이강원강릉입암점	food	128.91714	37.76016
스토리	food	128.88004	37.76487
스토리공방	bar	128.91755	37.75921
스톤	bar	128.89685	37.75359
스톤	bar	128.89641	37.75206
스트라이크팡	activity	128.87006	37.75720
스틸그린	food	128.88892	37.75313
스틸크로그	stay	128.86991	37.84293
스파이더신강릉점	shop	128.89605	37.75323
스펀지폰케이스전문매장	shop	128.89629	37.75384
스페셜노래연습장	activity	128.90411	37.76350
스페이스팡팡	activity	128.87661	37.76258
스포츠라이프	shop	128.88899	37.75318
스프링데이	shop	128.86545	37.75690
스필더커피로스터리	cafe	128.89138	37.76477
슬로우시티뮤직앤카페	shop	128.87150	37.84297
슬로우에디션	shop	128.89171	37.75434
슬림에띠임	shop	128.89754	37.75340
슬이네식당	food	128.90098	37.76005
승규반점	food	129.03570	37.60914
승리체육사승리마크사	shop	128.82571	37.88751
승산	stay	128.90448	37.80706
승일상회	shop	128.89862	37.75402
승현수산	shop	128.82983	37.88676
승혜식당	food	128.89908	37.75376
승화썬크루즈	food	129.04191	37.68407
승화썬크루즈	food	128.91227	37.76830
승화썬크루즈주	stay	129.04191	37.68407
승화유한	food	128.84314	37.72777
시간의정원	cafe	128.76824	37.88514
시고르살롱	stay	129.03246	37.59620
시골건강원	shop	129.03550	37.60976
시골본가	food	128.89935	37.75271
시골상회	shop	128.91471	37.70722
시골상회	shop	128.89970	37.75486
시골순두부식당	food	128.90342	37.80471
시골식당	food	129.05080	37.66469
시골쌈밥	food	128.84957	37.82302
시골쌈집	food	128.89596	37.75174
시골장칼국수	food	128.89346	37.75366
시골책방자몽	shop	128.89327	37.71615
시골추어탕	food	128.89298	37.76103
시골카페	cafe	128.84842	37.75080
시골할머니추어탕	food	128.85094	37.73457
시골항아리삼겹살	bar	128.89566	37.75693
시그니아독일보청기강릉센터	shop	128.89949	37.75555
시나몬키친	shop	128.89666	37.75727
시나미	stay	128.83036	37.89763
시나미닭꼬치	food	128.89939	37.75381
시나미왕갈비탕	food	128.89640	37.75102
시나브로	cafe	128.83252	37.88061
시나위노래연습장	activity	128.91928	37.75944
시내컴퍼니	shop	128.85627	37.74822
시니어마트	shop	128.93844	37.76255
시니즈	stay	128.84147	37.75298
시닉	stay	128.84246	37.86422
시닉베이	cafe	128.84246	37.86422
시도푸딩	cafe	128.89351	37.75808
시드니모텔	stay	128.88107	37.75382
시로울	food	128.89631	37.75413
시루봉토종닭	food	128.88646	37.79613
시루블라썸	food	128.87753	37.77096
시마	shop	128.90754	37.76400
시마스터	cafe	128.95104	37.77237
시만차	cafe	128.89195	37.75820
시만차홈	shop	128.89172	37.75618
시몬스강릉점	shop	128.91999	37.77104
시몽의손뜨개	shop	128.89865	37.75287
시민보양탕	food	128.90418	37.76437
시민푸드	shop	128.89807	37.75376
시선강릉	food	128.87757	37.76751
시아스테이	stay	128.90910	37.75636
시영슈퍼마켓	shop	128.89968	37.74969
시온피씨방	activity	128.90918	37.76551
시올스농원	shop	128.85740	37.82186
시우네	food	128.92038	37.75906
시월장칼	food	128.87467	37.76658
시인	cafe	128.89080	37.74956
시인과바다	cafe	128.83378	37.89976
시장맛집	food	128.82737	37.89184
시장문어	shop	128.82797	37.89077
시장민자네집	food	128.82799	37.89086
시장시민반찬	shop	128.89848	37.75338
시장카페	cafe	128.89780	37.75316
시전	food	128.90601	37.76015
시카고떡볶이	food	129.03263	37.69099
시크릿	bar	128.90165	37.76171
시크릿강릉	stay	128.86982	37.82543
시크릿펜션	stay	129.01597	37.70331
시현이네반찬	food	128.89817	37.75302
시현포차	food	128.91193	37.76874
식객교동점	food	128.88086	37.76519
식껍노암동점	food	128.89583	37.74322
식당	food	128.82705	37.88459
식물테라피	shop	128.89582	37.70177
식스문	activity	128.89972	37.76278
식자재정육점	shop	128.82649	37.88131
식향	food	128.82970	37.89502
식혜향	cafe	128.90514	37.76784
신고려반점	food	128.91453	37.76921
신광유리	shop	128.87837	37.76984
신교동춘천명동닭갈비	food	128.87907	37.76485
신교향단고기	food	128.83798	37.86093
신구멍가게강릉	shop	128.91072	37.75545
신기소	food	128.89866	37.75568
신기이불	shop	128.91083	37.77008
신나노래짱	bar	128.89988	37.76213
신나는닭발	food	128.82935	37.87503
신나들이	food	128.90055	37.76086
신대게나라	food	128.82847	37.88537
신대성식당	food	128.89344	37.75414
신대왕족발보쌈	food	128.87790	37.77203
신데렐라	shop	128.91362	37.77010
신동보성	food	128.89438	37.75281
신동아냉동	shop	128.92216	37.73416
신동해수산	shop	128.86483	37.75421
신똘똘이횟집	food	128.82802	37.89085
신라노래궁	bar	128.89419	37.75573
신라상회	shop	128.91728	37.79618
신라여인숙	stay	128.89866	37.76223
신라이사부독도참치	food	128.87867	37.76814
신라주단	shop	128.89862	37.75402
신리광장	food	128.82244	37.88270
신리면옥	food	128.82169	37.88278
신리면옥강릉점	food	128.87448	37.76609
신리모텔	stay	128.82603	37.88473
신리불교	shop	128.82755	37.89144
신리스테이	stay	128.82859	37.88150
신리천풀빌라	stay	128.79997	37.87849
신만나식당	food	128.97206	37.72342
신먹빵쭈꾸미강릉	food	128.91952	37.75977
신미식품	shop	128.83127	37.89507
신바람유통	shop	128.90599	37.75247
신발직매장	shop	128.89892	37.75318
신별천지노래궁	bar	128.89893	37.75771
신부산처녀횟집	food	128.90919	37.80343
신사임당사친시비	heritage	128.79052	37.71486
신선그린가든	food	128.82597	37.71411
신선생선구이	food	128.83328	37.89482
신선월남쌈	food	128.90098	37.76005
신선횟집	food	128.82821	37.89216
신성기사식당	food	128.88202	37.75428
신성원식당	food	128.89491	37.76049
신성춘	food	128.88924	37.75334
신세계노래공원	bar	128.90232	37.76174
신세계노래타운	bar	128.82796	37.89385
신세계옥션	shop	128.93116	37.77660
신세계푸드이베이커리강릉점	food	128.92265	37.77060
신세기통신강릉	shop	128.89389	37.75310
신세기통신영동	shop	128.91491	37.77277
신세대빌리지	stay	128.88317	37.80598
신신꽃식물원	shop	128.90428	37.76559
신신분식	food	128.90428	37.76559
신신파크장	stay	128.89385	37.75126
신아레저	shop	128.89547	37.75166
신아모텔	stay	128.82887	37.89450
신아모텔	stay	128.82645	37.89129
신아서원	food	128.88399	37.74503
신아우라지식당	food	128.89901	37.75360
신앙촌상회	shop	128.90098	37.76005
신앙촌상회	shop	128.89744	37.75315
신영	shop	128.81633	37.90876
신영덕대게횟집	food	128.91141	37.80132
신영유리	shop	128.89636	37.75515
신영중고	shop	128.90098	37.76005
신영채소	shop	128.90098	37.76005
신옛날짜장	food	128.89857	37.74666
신용전기	shop	128.82550	37.88784
신용천모텔	stay	129.03808	37.68546
신우성식당	food	128.87603	37.76904
신원	shop	128.89760	37.75476
신일떡방앗간	food	128.89560	37.74716
신일식품	shop	128.89862	37.75402
신일유통	shop	128.82751	37.89242
신일종합상사	shop	128.89958	37.75541
신일종합전자	shop	128.90524	37.76411
신일토기	shop	128.90084	37.75387
신전떡볶이	food	128.87695	37.76396
신전떡볶이	food	128.89716	37.75328
신전떡볶이	food	128.82440	37.88382
신주몽소주클럽	bar	128.89830	37.76086
신진의료기	shop	128.89735	37.75463
신짜오베트남	food	128.91115	37.76991
신짬	food	128.90336	37.76262
신참떡볶이관	food	128.87371	37.73734
신천호수산	shop	128.84098	37.86953
신촌장칼국수	food	128.90838	37.76552
신춘천명동닭갈비	food	128.82476	37.88525
신크레이지떡볶이마산찜고을	food	128.89653	37.75949
신타임단란주점	bar	128.89734	37.75688
신태흥루	food	128.89248	37.74209
신토크쇼	food	128.91544	37.77225
신토크쇼	food	128.91995	37.75466
신통당구장	activity	128.90752	37.76626
신행복식당	food	128.91187	37.76732
신행복포차	food	128.90055	37.76086
신형제수산	shop	128.91745	37.76979
신혼여관	stay	128.83015	37.89452
신화갈비	food	128.88192	37.74273
신화노래연습장	activity	128.89580	37.74341
신화농산	shop	128.89862	37.75402
신화동문어	shop	128.82779	37.89115
신화떡방앗간	food	128.90052	37.75930
신화휘트니스센터	activity	128.89580	37.74341
신흥상회	shop	128.89862	37.75402
신흥여인숙	stay	128.89936	37.76256
신흥종묘사	shop	128.90139	37.75388
신희네	shop	128.82932	37.89172
실과바늘	shop	128.91765	37.77900
실루엣	shop	128.89766	37.75328
실비생선구이	food	128.82822	37.88884
실비생선구이	food	128.82816	37.88915
실즈스포츠	shop	128.90655	37.76252
실크로드	shop	128.89760	37.75299
심가네족발	food	129.03451	37.60841
심곡리어촌체험마을	shop	129.05274	37.66495
심곡상회	shop	129.05174	37.66497
심곡쉼터	bar	129.05023	37.66487
심곡오미육전막국수	food	129.05146	37.66466
심곡항	nature	129.05330	37.66571
심곡항낚시	shop	129.05174	37.66497
심곡홍가네식당	food	129.05204	37.66504
심상	stay	128.86623	37.84199
심상엔	shop	128.86623	37.84199
심양놀이터	cafe	128.89867	37.75310
심토닥토닥	food	128.93436	37.77529
십원집입암점	food	128.91687	37.75877
십이월육일	food	128.87640	37.73964
싱글플레이	shop	128.82188	37.85599
싱싱냉동	shop	128.81862	37.87987
싱싱수산	food	128.93860	37.77522
싱싱수산횟집	food	128.88338	37.76625
싱싱식품	shop	128.82748	37.89221
싱싱하게	shop	128.89972	37.76278
싱이네라면도서관	cafe	128.93739	37.77531
싸가지	food	128.82296	37.90581
싸면돼지	food	128.91174	37.75171
싸스	shop	128.89688	37.75309
싸움의고수강릉	food	128.90821	37.76404
싸이버노래타운	bar	128.82905	37.89478
싸인노래궁	bar	128.89757	37.75813
쌀과밀	food	128.91294	37.77423
쌀집디저트	food	128.89207	37.74981
쌈지	shop	128.89848	37.75445
쌈지	food	128.90876	37.76527
쌈지강릉점	shop	128.89729	37.75334
쌈채수끼샤브샤브	food	128.87758	37.76763
쌍둥이네	cafe	128.82932	37.89172
쌍둥이네	food	128.82831	37.89162
쌍둥이네보리밥	food	128.82476	37.89187
쌍둥이네칼국수	food	128.89346	37.75366
쌍둥이네칼국수	food	128.88724	37.75206
쌍둥이동물농장	activity	129.03720	37.60760
쌍둥이돼지갈비	food	128.88192	37.74273
쌍둥이식당	food	129.04066	37.60920
쌤소나이트강릉정	shop	128.89466	37.75501
써니	stay	129.03237	37.68891
써니	bar	128.89238	37.75399
써니노래연습장	activity	128.90859	37.76680
써니상점	shop	128.89671	37.75284
써니점핑	shop	128.91440	37.77180
써니하우스	stay	128.91700	37.75048
써드케이	shop	128.89866	37.75568
써브웨이강릉	food	128.89798	37.75620
썬글로우	food	128.87494	37.79174
썬라이즈	food	128.89633	37.75781
썬라이즈마켓	shop	128.89702	37.75829
썬라이즈원	bar	128.89436	37.75161
썬리치펜션	stay	128.83285	37.90013
썬모텔	stay	128.98985	37.73355
썬민박	stay	128.82903	37.90502
썬빈횟집	food	128.82821	37.89216
썬샤인하우스	stay	129.03335	37.69074
썬소주방	bar	128.90164	37.75686
썬앤제이드	stay	129.04274	37.63350
썬오브비치	bar	128.87535	37.84124
썬옥	stay	129.04274	37.63350
썬킴	cafe	128.87724	37.76803
썬펜션	stay	128.86751	37.80349
썬프라자당구장	activity	128.89649	37.75263
썬프라자선물방	shop	128.89702	37.75270
썬한식	food	129.03110	37.69101
썰스티베이프	shop	128.91121	37.76679
썸	bar	128.89882	37.75958
썸머스타운	food	128.87690	37.83001
썸머키친	food	128.87512	37.77501
썸모텔	stay	128.87523	37.76263
썸앤썸소주카페	food	128.91681	37.76976
썸타는오구포차	food	128.91660	37.77107
썸텔	stay	129.03964	37.61335
쎄단란주점	bar	128.89417	37.75423
쎄라비	cafe	128.87581	37.76734
쎄라비	cafe	128.87828	37.76863
쎄븐	bar	128.90535	37.76144
쎄븐나잇내곡한라점	bar	128.88166	37.74498
쎄븐일레븐	shop	128.90057	37.76088
쎄븐일레븐안목항점	shop	128.94971	37.77077
쎄시봉	food	128.89834	37.75808
쎄시봉라이브	bar	128.89834	37.75808
쎌노래궁	bar	128.89846	37.76014
쏘룸	shop	128.90550	37.75142
쏘야	bar	128.82698	37.87950
쏙만두	food	128.86522	37.74161
쏠레이빌리지	stay	129.04443	37.64899
쏠하우스	stay	128.89390	37.81417
쓰담쓰담	shop	128.89417	37.75423
쓰리에이치스마트지압침대강릉센터	shop	128.87673	37.78412
씨	shop	128.89760	37.75476
씨걸스개러지	shop	128.90846	37.76411
씨네마매점	shop	128.89616	37.69346
씨마크호텔	stay	128.91507	37.79720
씨사이드	bar	128.87377	37.84246
씨사이드힐	stay	129.04567	37.64816
씨스카이호텔	stay	128.82541	37.88916
씨스테이펜션	stay	128.83396	37.89709
씨스페이스강릉	shop	128.87245	37.77236
씨씨단란주점	bar	128.90655	37.76252
씨앤블루	stay	128.83225	37.88110
씨앤스쿠버	activity	128.90379	37.75991
씨앤씨운동재활·피트니스센터	activity	128.91200	37.77111
씨앤에스	shop	128.89285	37.75488
씨에이치웨딩	shop	128.91579	37.77214
씨에이치클럽하우스	activity	128.90929	37.76736
씨엔마마	food	128.87529	37.84111
씨엔엘에프앤씨아일로강릉점	shop	128.89697	37.75315
씨엔푸드	food	128.87296	37.76342
씨엠디	cafe	128.90424	37.80390
씨엠컴퍼니	shop	128.89841	37.69559
씨웰빙하우스	stay	128.94874	37.77129
씨윈드경포	stay	128.90195	37.80696
씨유	shop	128.82776	37.89321
씨유강릉	shop	128.89432	37.75115
씨유강릉	shop	128.91471	37.77355
씨유강릉	shop	128.87942	37.75520
씨유강릉	shop	128.89408	37.75556
씨유강릉	shop	129.03486	37.60880
씨유강릉	shop	128.89950	37.76084
씨유강릉	shop	128.89486	37.75327
씨유강릉	shop	128.91581	37.76984
씨유강릉강일별하점	shop	128.88804	37.76395
씨유강릉강일점	shop	128.89124	37.76532
씨유강릉경포	shop	128.91365	37.79945
씨유강릉경포점	shop	128.91141	37.80132
씨유강릉고려	shop	128.89986	37.75901
씨유강릉관대길점	shop	128.87829	37.74077
씨유강릉관동점	shop	128.88931	37.74596
씨유강릉교동	shop	128.88248	37.76854
씨유강릉교동광장로점	shop	128.87922	37.76460
씨유강릉교동백일홍점	shop	128.87700	37.76709
씨유강릉교동스카이점	shop	128.87609	37.76612
씨유강릉교동이화점	shop	128.89341	37.76850
씨유강릉구정별하점	shop	128.87983	37.72343
씨유강릉남산한라	shop	128.89248	37.74209
씨유강릉내곡점	shop	128.88192	37.74450
씨유강릉노암영진점	shop	128.89818	37.74499
씨유강릉노암점	shop	128.89670	37.74676
씨유강릉대솔향관	shop	128.87001	37.76570
씨유강릉대율곡관점	shop	128.87001	37.76570
씨유강릉대점	shop	128.87260	37.77297
씨유강릉동인점	shop	128.90924	37.77245
씨유강릉명주점	shop	128.89151	37.75050
씨유강릉블루비치점	shop	128.89502	37.81462
씨유강릉사천진	shop	128.87562	37.84096
씨유강릉삼우은성점	shop	128.92126	37.76999
씨유강릉성남	shop	128.89745	37.75159
씨유강릉소금강삼거리	shop	128.70568	37.84705
씨유강릉시내점	shop	128.89569	37.75416
씨유강릉신세계점	shop	128.90232	37.76174
씨유강릉아산드림	shop	128.85618	37.81694
씨유강릉안목	shop	128.94686	37.77289
씨유강릉안인점	shop	128.97859	37.72720
씨유강릉양우	shop	128.90387	37.75213
씨유강릉연곡금강점	shop	128.83699	37.85945
씨유강릉연곡영진점	shop	128.84612	37.86360
씨유강릉영동대	shop	128.85648	37.74837
씨유강릉유천	shop	128.87000	37.75652
씨유강릉유천미디어점	shop	128.86791	37.75347
씨유강릉유천올림피아점	shop	128.86613	37.76095
씨유강릉유천택지점	shop	128.86873	37.75781
씨유강릉이안점	shop	128.92060	37.75524
씨유강릉임당	shop	128.89663	37.75954
씨유강릉임당점	shop	128.89782	37.75597
씨유강릉입암	shop	128.91317	37.75978
씨유강릉입암점	shop	128.91896	37.75961
씨유강릉입암태평양점	shop	128.91144	37.75604
씨유강릉입암한결점	shop	128.91512	37.76173
씨유강릉입암현대점	shop	128.91152	37.75368
씨유강릉초당점	shop	128.91522	37.78459
씨유강릉포남	shop	128.91155	37.76926
씨유강릉포남로점	shop	128.91150	37.76792
씨유강릉포남일등	shop	128.90514	37.76784
씨유강릉포남일송점	shop	128.91643	37.77128
씨유강릉포남주공점	shop	128.90999	37.77471
씨유강릉포남한송로점	shop	128.90821	37.76404
씨유강릉하늘채점	shop	128.90032	37.76926
씨유강릉홍제	shop	128.88787	37.75245
씨유강릉회산한신점	shop	128.86363	37.73766
씨유경포	shop	128.90389	37.80468
씨유경포공원점	shop	128.90253	37.80815
씨유경포비치점	shop	128.90501	37.80441
씨유경포스카이베이점	shop	128.90778	37.80426
씨유관대	shop	128.87688	37.73937
씨유관대	shop	128.87794	37.73657
씨유관동대	shop	128.87254	37.73789
씨유교동	shop	128.87841	37.76548
씨유교동아름점	shop	128.87860	37.76790
씨유뉴강릉교동택지점	shop	128.87650	37.77162
씨유소금강탐방로점	shop	128.70596	37.81484
씨유소돌아들바위점	shop	128.82900	37.90468
씨유안목커피	shop	128.95045	37.77061
씨유연곡	shop	128.84269	37.86935
씨유정동진모래시계점	shop	129.03675	37.68617
씨유정동진으뜸점	shop	129.03221	37.69053
씨유주문진	shop	128.82936	37.89462
씨유주문진	shop	128.87069	37.75687
씨유주문진	shop	128.82535	37.88475
씨유주문진교항리점	shop	128.82645	37.88064
씨유주문진동방점	shop	128.82663	37.87607
씨유주문진수복점	shop	128.82570	37.88999
씨유주문진어민	shop	128.82970	37.89392
씨유주문진우신점	shop	128.82452	37.87223
씨유주문진항	shop	128.82816	37.88915
씨유주문진해안로점	shop	128.83225	37.88110
씨유회산솔향점	shop	128.86095	37.73170
씨이오	bar	128.87578	37.76301
씨저스노래궁	bar	128.89640	37.75102
씨제이올리브영강릉	shop	128.87755	37.76493
씨제이올리브영강릉	shop	128.89526	37.75326
씨제이올리브영강릉입암점	shop	128.91152	37.75368
씨제이올리브영강릉점	shop	128.89577	37.75423
씨제이올리브영올리브영강릉타운	shop	128.89559	37.75367
씨즐	cafe	128.95021	37.77057
씨채널	shop	128.89403	37.75190
씨티원골프클럽	activity	128.87621	37.76244
씨플랜	shop	128.89219	37.75962
씬짜오베트남	food	128.91110	37.76989
씽쏭코인노래연습장	activity	128.87281	37.77312
씽씽동전노래연습장	activity	128.82807	37.89433
아가바라펜션	stay	128.89813	37.76176
아가방강릉	shop	128.89728	37.75512
아가씨	shop	128.89978	37.75813
아가월드강릉지사	shop	128.87552	37.76385
아고라	stay	128.66695	37.84300
아구듬뿍앤알곤마니	bar	128.91689	37.76991
아궁이	food	128.91205	37.77453
아궁이	food	128.88554	37.75922
아궁이식당	bar	128.82552	37.88984
아기고래풀빌라	stay	128.83350	37.82449
아기동물카페	cafe	128.82823	37.79792
아기엄마가요리하는반찬가게	shop	128.89995	37.77254
아나의료재단카페마음	cafe	128.90328	37.76051
아날도바시니강릉점	shop	128.89665	37.75478
아너골프	shop	128.88168	37.74713
아너스클럽	activity	128.88168	37.74713
아네모네	bar	128.89490	37.75439
아늑	stay	128.83583	37.78443
아늑한공간	stay	128.87073	37.80279
아늑한산골짜기	stay	128.74948	37.88455
아다지오	stay	129.04562	37.64912
아델린풀빌라	stay	128.84370	37.79136
아디편의점커피숍	cafe	128.82716	37.87906
아뜰리에제이	food	128.86329	37.73795
아띠랑스펜션	stay	128.87421	37.82570
아띠프렌드	shop	128.82577	37.88826
아라	bar	128.89663	37.75874
아라민박	stay	128.83703	37.84026
아라비안	bar	128.89701	37.75257
아라수산	shop	128.89124	37.76532
아라스파펜션	stay	128.89870	37.81180
아라시	food	128.91300	37.79229
아라아라	food	128.86674	37.75671
아라약국	shop	128.82669	37.89316
아라치치킨	food	128.87605	37.77250
아람	stay	128.89280	37.80501
아람채	stay	128.85818	37.64340
아레나스포츠	shop	128.89512	37.75293
아로니아물회초밥	food	128.86483	37.75421
아르마니가구	shop	128.87201	37.78628
아르카디아	cafe	128.91124	37.77019
아르카디아커피	cafe	128.91127	37.77024
아르카디아펜션	stay	128.70159	37.55570
아르페지오	shop	128.89456	37.75091
아름꽃농원	shop	128.90760	37.76828
아름다운방	shop	128.87668	37.77120
아름다운책방	shop	128.89171	37.76054
아름다운펜션	stay	128.87571	37.84065
아름다움미	shop	128.89862	37.75402
아름드리	food	128.89116	37.81476
아름드리	stay	128.82720	37.85932
아름이네부침	food	128.89959	37.75491
아름홈인테리어씽크	shop	128.92846	37.72839
아름회센타	food	128.89862	37.75402
아리따움	shop	128.82615	37.89076
아리따움	shop	128.87747	37.76354
아리따움강릉성남하나로마트점	shop	128.90150	37.75448
아리랑	bar	128.90125	37.76277
아리랑마을	food	128.84905	37.82385
아리랑약국	shop	128.85592	37.81767
아리랑쿠키	food	128.89668	37.75290
아리수산	shop	128.83040	37.87511
아리술	food	128.87893	37.73991
아리아리떡사랑	food	128.90220	37.75869
아림	stay	128.89269	37.76146
아마게돈	bar	128.82856	37.89435
아메리칸피자	food	128.90302	37.74516
아모레카운셀러	shop	128.87881	37.76962
아모르노래샘	bar	128.89985	37.75941
아모르임대	stay	128.89771	37.76167
아물다	cafe	128.91553	37.78320
아미고	stay	128.84689	37.86336
아미고스	food	128.87245	37.77236
아미띠에	shop	128.89266	37.75506
아미카사	stay	128.89567	37.81397
아바이회국수	food	128.90547	37.77007
아방궁노래공원	bar	128.82743	37.89034
아벡오	stay	128.89866	37.75894
아비꼬	food	128.89511	37.75247
아비앙또	cafe	128.89145	37.75727
아빠다펜션	stay	129.04439	37.63653
아빠의돈까스	food	128.88143	37.74211
아빠의주방	shop	128.91034	37.74883
아삭	shop	128.89922	37.75345
아산중앙약국	shop	128.85618	37.81694
아성건어물	shop	128.82860	37.89192
아성로또복권	activity	128.82862	37.89197
아세아떡방앗간	food	128.90021	37.75445
아셀골프	shop	128.87414	37.76378
아슈크림	shop	128.92060	37.75524
아스따	food	128.90760	37.76492
아스라	stay	128.89826	37.76054
아스라모텔	stay	128.89822	37.76049
아스타	bar	128.87791	37.76818
아시아레스토랑	food	128.89813	37.75896
아시아마트	shop	128.89908	37.75541
아시안마트	shop	128.89726	37.75935
아싸복권	activity	128.91125	37.75423
아싸비어경포대점	shop	128.92093	37.79128
아싸술파는노래방	bar	128.89864	37.75990
아썸	stay	128.86517	37.80180
아썸펜션	stay	128.86517	37.80183
아야진수산	shop	128.82750	37.89089
아우라	bar	128.87621	37.76244
아우라지식당	food	128.88007	37.73360
아울렛상설할인매장	shop	128.82671	37.89061
아이	cafe	128.89191	37.75106
아이더강릉점	shop	128.89465	37.75517
아이더강릉죽헌점	shop	128.87673	37.78412
아이디어뱅크	shop	128.89157	37.75818
아이러브순두부짬뽕	food	128.92018	37.79132
아이러브피자	food	128.82678	37.87983
아이러브피자	food	128.90790	37.76430
아이러브피자	food	128.88838	37.75279
아이러브피자	food	128.87747	37.76354
아이러브피자노암점	food	128.89372	37.74283
아이리스	stay	128.82534	37.90657
아이리스텔	stay	128.92521	37.78793
아이미안경	shop	128.87890	37.76466
아이비	bar	128.87718	37.76227
아이비클럽	shop	128.89685	37.75786
아이슈	shop	128.89733	37.75309
아이스크림빙고푸드초당점	shop	128.91747	37.78065
아이스크림스토리강릉동부	shop	128.90087	37.75913
아이스크림전문할인점강일점	shop	128.88772	37.76380
아이스크림할인마트	shop	128.89274	37.74789
아이스크림할인마트	shop	128.88671	37.75169
아이스크림할인마트빙고푸드	shop	128.91169	37.76953
아이스크림할인마트빙고푸드주문진연주점	shop	128.82672	37.87902
아이스크림할인올림픽파크점	shop	128.90191	37.77027
아이스크림할인점	shop	128.91939	37.75440
아이스크림할인점	shop	128.89353	37.74350
아이스타클럽	bar	128.91242	37.79689
아이스포츠	shop	128.89549	37.74768
아이시대	shop	128.88000	37.75515
아이앤맘건강	shop	128.89901	37.75834
아이앤맘건강식품	shop	128.89901	37.75834
아이엔에스	shop	128.88295	37.75514
아이엔지	shop	128.90930	37.76557
아이엠	bar	128.87831	37.74072
아이엠스테이	stay	129.04309	37.63945
아이엠임실수제치즈피자	food	128.91736	37.77922
아이엠콩	cafe	128.87624	37.76264
아이엠후르츠	cafe	128.82799	37.88546
아이원피자	food	128.91085	37.76664
아이존	shop	128.90128	37.75807
아이즈	shop	128.88596	37.75663
아이즈로스터리	cafe	128.86110	37.75152
아이참유아교육원	shop	128.90770	37.77005
아이플러스안경원	shop	128.91825	37.76012
아이홀릭안경，콘택트	shop	128.87624	37.76511
아일로	shop	128.89697	37.75315
아재삼겹살	food	128.91099	37.75585
아저씨네닭도리탕	food	128.90853	37.77068
아주작은여유	bar	128.89597	37.75275
아지트	food	128.90550	37.76431
아침찬	food	128.90149	37.72694
아카펠라	cafe	128.90040	37.75858
아쿠아리어스	stay	128.69373	37.84617
아크게스트하우스	stay	128.90664	37.75875
아테나비지니스클럽	bar	128.87608	37.76445
아테네	bar	128.89767	37.75274
아테네모텔	stay	128.90333	37.80314
아트노드	shop	128.90520	37.78616
아트닷	shop	128.89430	37.75333
아트랜드	shop	129.03550	37.60976
아트박스강릉점	shop	128.89645	37.75410
아트방	shop	128.89862	37.75402
아트악기	shop	128.89891	37.77130
아트엘	shop	128.89781	37.76578
아트인엘펜션	stay	128.89946	37.80803
아트크라프트	shop	128.91825	37.78015
아트키친퍼니처	shop	128.90337	37.76313
아프로디테	shop	128.89681	37.75211
아현쇼핑	shop	128.82818	37.89340
아현이네	shop	128.82932	37.89172
안	bar	128.92010	37.75544
안경나라	shop	128.90276	37.75921
안경마트	shop	128.91781	37.76009
안경진정성강릉	shop	128.89665	37.75478
안경하세요	shop	128.89782	37.75597
안녕강릉풀빌라펜션	stay	128.80035	37.87874
안녕정동진	stay	129.03226	37.68939
안녕피크닉	cafe	128.91434	37.79912
안다미로	cafe	128.89868	37.74630
안다미로	stay	128.83629	37.78689
안도살림	shop	128.89212	37.75909
안동떡방앗간	food	128.90154	37.76054
안동장여인숙	stay	128.89901	37.76248
안드로메다	cafe	128.87982	37.75583
안땔골식당	bar	128.89667	37.74624
안목愛	food	128.94811	37.77167
안목건어물	shop	128.94630	37.77260
안목낚시	shop	128.94955	37.77062
안목당구클럽	activity	128.93996	37.76446
안목바다식당	food	128.93650	37.76283
안목바다식당	food	128.92678	37.75957
안목반점	food	128.94821	37.77143
안목식당	food	128.94805	37.77107
안목에코커피	cafe	128.94983	37.77044
안목역	shop	128.94622	37.77259
안목연우당	stay	128.94751	37.77215
안목을높이다	stay	128.94455	37.77440
안목을담다카페	cafe	128.94686	37.77289
안목을더높이다	stay	128.94440	37.77430
안목인윤슬	shop	128.94804	37.77182
안목카페	cafe	128.94562	37.77316
안목커피거리카라반캠핑	stay	128.94786	37.77129
안목할인마트	shop	128.94901	37.77084
안목항물회	food	128.94513	37.77328
안목해변	beach	128.94828	37.77226
안목해변술집문문	food	128.94983	37.77044
안목해수욕장운영위원회	shop	128.94638	37.77324
안목회관	food	128.94663	37.77228
안반데기	activity	128.73967	37.62263
안반데기농촌체험펜션	stay	128.73867	37.62302
안반데기운유	food	128.73967	37.62263
안성여인숙	stay	128.89896	37.76262
안스게장	food	128.93641	37.77417
안식	food	128.91641	37.77151
안씨하우스	stay	128.89684	37.75714
안온한하루	stay	128.89213	37.75679
안인가자미회식당	food	128.90303	37.76970
안인모텔	stay	128.98789	37.73431
안인삼총사	shop	128.89862	37.75402
안인우리밥상	food	128.98927	37.73390
안인종점마트	shop	128.98906	37.73413
안인진만이네	shop	128.89862	37.75402
안인펜션	stay	128.98812	37.73420
안인항	nature	128.98870	37.73611
안인해변	beach	128.99039	37.73426
안인횟집	food	128.89862	37.75402
안주한상밥한끼	bar	128.90475	37.75354
안진남야식	food	128.88397	37.76895
안현가	food	128.91743	37.79581
안현휴	stay	128.88155	37.81074
알	stay	128.91386	37.79929
알당구장	activity	128.90520	37.76491
알뜨	cafe	128.89982	37.76322
알뜨레맛집	food	128.90098	37.76005
알레그로	cafe	128.91603	37.77927
알로하	food	128.89104	37.75117
알로하라운지	food	128.91162	37.77125
알로하서프	shop	129.04468	37.63537
알로하스테이	stay	129.04335	37.63624
알로하카페	cafe	129.04468	37.63537
알록달록	shop	128.89253	37.75189
알루캡강원	shop	128.92808	37.76549
알마트	shop	128.82636	37.89098
알만수르	food	128.89625	37.76014
알바라카마트강릉	shop	128.89663	37.76006
알베로	cafe	128.94847	37.77153
알알이강릉	food	128.89959	37.75491
알천수산횟집	food	128.82821	37.89216
알콜의효능	food	128.91042	37.77440
알콜의효능택지생활	food	128.87319	37.76265
알콜주유소	bar	128.82549	37.88975
알파그린꽃농원	shop	128.90671	37.77649
알파문구남강릉점	shop	128.88427	37.74469
알파문구센타	shop	128.91067	37.76678
알프스	stay	128.87540	37.83788
알프스	stay	128.90050	37.75914
알프스호텔	stay	128.90050	37.75914
알피씨카페	activity	128.87778	37.73946
압구정제주집	food	128.87956	37.76855
앙빵	cafe	128.92152	37.79116
앙카라바바케밥	food	128.89604	37.75446
앞구정	food	128.87965	37.72740
앞바다	food	128.90898	37.76909
애견	shop	128.82602	37.88164
애견클럽	shop	128.89975	37.75585
애견프라자	shop	128.89701	37.75842
애경부침	food	128.89844	37.75312
애경이네	shop	128.82932	37.89172
애경이네닭갈비	food	128.83794	37.87029
애너벨리	food	128.95338	37.76512
애니멀스토리	activity	128.81144	37.73399
애니아이앤지	shop	128.90023	37.75589
애니팡노래연습장	activity	128.91771	37.77002
애라네	food	128.82932	37.89172
애런스투어리스트센터	bar	128.90068	37.75497
애시당초	cafe	128.91396	37.78675
애월연어강릉점	food	128.87616	37.77115
애월횟집	food	128.87945	37.76841
애주가의주당각	bar	128.89138	37.75675
애플몽키	shop	128.88162	37.76544
앤	food	128.89219	37.75414
앤	cafe	128.89219	37.75414
앤드카페	cafe	128.85690	37.73426
앤디스와플엔크레페	food	128.87649	37.84036
앤브릿지	shop	128.89866	37.75568
앤비에이당구장	activity	128.87281	37.77312
앤의소품	shop	128.89645	37.81318
앤즈케이크	food	128.91673	37.78370
앤티앤스강릉점	cafe	128.89866	37.75568
앨리하우스	stay	128.90866	37.77187
앨비스	bar	128.90982	37.76551
앵두네	stay	128.82491	37.78004
앵두다방	cafe	128.90190	37.76324
앵커컴퍼니	shop	128.82674	37.89345
야간일과	bar	128.89638	37.75365
야마하강릉점	shop	128.90606	37.76268
야무진	shop	128.79656	37.89899
야미마라탕	food	128.86774	37.75779
야미식당	food	128.88908	37.75761
야식의정석	food	128.87367	37.76394
야식철가방	food	128.90479	37.76182
야옹아멍멍해봐강릉	shop	128.86546	37.75729
야컴폰	shop	128.89567	37.75504
야화	bar	128.82567	37.88743
약명	shop	128.88982	37.75676
약샘건강원	shop	128.82843	37.89478
약손바디케어힐잉쎈터	shop	128.90119	37.76320
약수건강원	shop	128.89092	37.75095
약초장제이	shop	128.89988	37.75330
얄개문구	shop	128.82674	37.88058
얌샘김밥	food	128.87565	37.76256
얌샘김밥	food	128.82704	37.87937
얌샘김밥강릉	food	128.87005	37.75685
얌샘김밥내곡점	food	128.88206	37.74321
얌얌김밥	food	128.91000	37.77155
양꼬챙이	food	128.90279	37.75795
양마니명동찌개마을내곡점	food	128.88172	37.74134
양마니명동찌개마을앤왕산돼지	food	128.90899	37.76711
양말나라	shop	128.89766	37.75328
양박사빵굽네	food	128.91082	37.75572
양방향골프	activity	128.89836	37.75738
양순네	food	128.89633	37.74414
양양크랩	food	128.82328	37.89917
양우한우곱창	food	128.90831	37.76288
양자강	food	128.90606	37.76209
양자강	food	128.88175	37.77086
양조장	bar	128.88549	37.75132
양지	food	128.89680	37.75739
양지가마솥쌈밥	food	128.91344	37.76713
양지길펜션	stay	129.01366	37.68441
양지노래마차	bar	128.82472	37.89082
양지농산	shop	128.89144	37.75867
양지뜰식당	food	128.89058	37.75553
양지막국수	food	128.86432	37.79991
양지말길민박	stay	128.84624	37.75549
양지식당	food	128.89178	37.76568
양지펜션	stay	128.76628	37.88157
양철통	food	128.89756	37.75202
양키캔들	shop	128.87836	37.76526
양평식당	food	128.82877	37.89375
양평콩나물국밥	food	128.89813	37.74935
양푼일번지	food	128.90434	37.75287
어가	food	128.88204	37.74430
어게인	bar	128.90230	37.75935
어게인	stay	129.04170	37.68579
어게인디엠	stay	129.01625	37.70357
어게인디엠카페	cafe	129.01616	37.70361
어나더먼스	cafe	128.82511	37.90657
어나더플래닛	food	128.89290	37.75187
어단	food	128.89664	37.74599
어디야포차	food	128.82827	37.89376
어딘가	stay	128.83800	37.78549
어떤기록	activity	128.88832	37.75964
어린왕자펜션	stay	128.86304	37.84912
어림지	food	128.90477	37.76577
어매자반	shop	128.82932	37.89172
어머니밥상	food	129.03191	37.69075
어머야라	food	128.91700	37.77945
어메야	food	128.87666	37.77109
어무이맛양평해장국	food	128.92493	37.76419
어뮤즈스파펜션	stay	128.89554	37.81368
어민수산시장	shop	128.83092	37.89425
어바웃피에이퍼포먼스아카데미	activity	128.89198	37.75851
어바웃피티스튜디오	activity	128.89297	37.75715
어반스토리	shop	128.91474	37.77295
어반핏	activity	128.92603	37.75817
어부네코다리강릉내곡점	food	128.88173	37.74116
어부와바다	food	128.82921	37.89230
어부지리	shop	128.90211	37.76194
어부촌	food	128.82779	37.88471
어부한상	food	128.82438	37.88382
어서오소	food	129.03225	37.68952
어센드짐	activity	128.87584	37.76666
어숙자	shop	128.82932	37.89172
어야네	bar	128.89712	37.74716
어우동	bar	128.89780	37.76026
어울림	bar	128.90638	37.76241
어울림펜션	stay	128.84577	37.86459
어웨이브	cafe	128.89138	37.75795
어장	food	128.87725	37.76817
어쩌다마주친카페	cafe	128.87001	37.76570
어촌펜션	stay	128.84750	37.86768
어촌해물탕	food	128.84750	37.86768
어쿠커피	cafe	128.91768	37.78104
어필	bar	128.90734	37.76324
어흘리공판장	shop	128.79548	37.72041
언니네떡볶이	food	128.89462	37.75358
언니네반찬	shop	128.89862	37.75402
언니샵	shop	128.90322	37.74549
언더더씨	food	128.89113	37.75417
언더아머강릉점	shop	128.89486	37.75327
언덕식당	food	128.86787	37.73941
언덕위에일번지	food	128.90946	37.76860
언덕위에펜션	stay	128.87720	37.80423
언덕집	food	128.89777	37.74309
언제나강릉	cafe	128.90562	37.76440
언제나소돌	stay	128.82511	37.90657
얼디	shop	128.89963	37.75739
얼라이브홈	food	128.89316	37.75870
얼맥당	bar	128.86805	37.75779
얼큰이	food	128.87925	37.73924
얼큰이석쇠구이	food	128.87715	37.77027
엄니밥집	food	128.85582	37.81729
엄마가차려주는밥상	food	128.95565	37.72709
엄마손김밥	food	128.89144	37.75521
엄마손막국수	food	128.88280	37.78400
엄마손순두부	food	128.91626	37.78684
엄마손식당	food	128.82789	37.89032
엄마손전집	food	128.89835	37.75346
엄마순대	food	129.03710	37.61069
엄브로강릉	shop	128.89598	37.75237
엄지네식당	food	128.81767	37.91014
엄지모바일	shop	128.91270	37.77019
업소명없음	stay	128.83001	37.88385
업소명없음	stay	129.03212	37.68980
업소명없음	stay	128.90288	37.80414
업소명없음	food	128.91288	37.78777
업소명없음	activity	128.87778	37.73946
업소명없음	stay	128.63149	37.86546
업소명없음	shop	128.89862	37.75402
업소명없음	food	128.91723	37.77929
엉클밥	cafe	128.90256	37.78399
엉클주	shop	128.83144	37.88123
엉터리무한대패강릉	food	128.86837	37.75675
엉터리무한대패강릉	food	128.93682	37.77435
에그드랍강릉	food	128.89604	37.75446
에그드랍강릉아산	food	128.85784	37.81840
에그드랍교동택지점	food	128.87756	37.76394
에그릿	food	128.90067	37.75378
에그박스강릉역점	food	128.89891	37.76341
에그셀런트강릉	food	128.89714	37.75441
에그존앤포탑	food	128.89782	37.75597
에꼴리에	shop	128.89745	37.75431
에넥스강릉탑주	shop	128.90463	37.76645
에노떼카오또오또브레	bar	128.89191	37.76082
에노테카신라모노그램강릉점	shop	128.92607	37.78594
에덴	cafe	128.83048	37.88335
에덴꽃화원	shop	128.91754	37.78083
에덴식품	shop	128.82694	37.89109
에덴제과	food	128.91723	37.77929
에듀프라임강릉지사	shop	128.90633	37.75861
에디뷰티랩	shop	128.87624	37.76264
에디션	shop	128.89866	37.75568
에띠임강릉점	shop	128.90272	37.76212
에몬스가구	shop	128.87891	37.78338
에버스테이	stay	128.64157	37.82905
에버피시	activity	128.89466	37.75501
에브리데이크	food	128.82977	37.89498
에브리모먼트커피	cafe	128.91481	37.79023
에브리코코	food	128.90332	37.76017
에비다	bar	128.89775	37.75417
에세이	cafe	128.83997	37.87131
에스디엔유라	shop	128.93481	37.73701
에스비강문애	cafe	128.92602	37.78742
에스씨요트	activity	129.04191	37.68407
에스에스펜션	stay	128.86960	37.84478
에스에이치에프엔비	food	128.89615	37.75968
에스에이치컴퍼니	shop	128.90174	37.75695
에스에이치펜션	stay	128.90302	37.78137
에스에이치푸드	food	128.87814	37.77055
에스엔에스무인분식강릉	food	128.88090	37.76457
에스엘강릉	stay	128.82541	37.88916
에스엘더플러스	stay	128.82541	37.88916
에스엠스포츠	shop	128.90222	37.77054
에스엠호텔	stay	128.87482	37.76319
에스엠화장품	shop	128.90057	37.76088
에스제이드림	shop	128.88730	37.74444
에스제이컴퓨터	shop	128.82652	37.88051
에스제이파크골프샵강릉점	shop	128.89916	37.75894
에스티고강릉경포	shop	128.87664	37.78344
에스티오강릉팩토리점	shop	128.91283	37.76688
에스프리레저	shop	128.98885	37.73542
에어컨누리	shop	128.83206	37.70524
에어컨종합마트	shop	128.92862	37.77706
에이브릭	cafe	128.89777	37.76485
에이스모텔	stay	128.89888	37.76256
에이스복권판매점	activity	128.88577	37.74565
에이스속옷	shop	128.83070	37.89488
에이스의료기	shop	128.82542	37.88754
에이스정육	shop	128.83070	37.89488
에이스침대에이스스퀘어강릉점	shop	128.92045	37.77106
에이스홈	shop	128.82458	37.88789
에이앤티레저	activity	128.95104	37.77237
에이엠	cafe	128.94752	37.77233
에이엠모바일	shop	128.86565	37.75652
에이엠브레드앤커피	cafe	128.94755	37.77239
에이원마린	activity	128.87803	37.82830
에이지플라워스튜디오	shop	128.87753	37.77096
에이치모바일	shop	128.91134	37.76685
에이치애비뉴호텔강릉역점	stay	128.89866	37.76091
에이치앤디인테리어	shop	128.88880	37.74657
에이치앤에프	cafe	128.87371	37.73734
에이치엠바이크	shop	128.90199	37.75914
에이치오앤	shop	129.00784	37.70545
에이치제이도도뷰티살롱	shop	128.92117	37.75699
에이치제이상사	shop	128.86319	37.74794
에이치케이피티	activity	128.91948	37.75930
에이퍼니쳐	shop	128.92694	37.70888
에이힐무인관리	stay	128.85046	37.78641
에잇컨셉	shop	128.89866	37.75568
에잇컨셉홈플러스강릉점	shop	128.89866	37.75568
에즈풀앤스파	stay	128.87107	37.84345
에코그린	shop	128.90993	37.77240
에코루스	shop	128.89547	37.75166
에쿠스당구장	activity	128.91669	37.77036
에쿠스모텔	stay	128.88075	37.75332
에티오피아	cafe	128.86457	37.80023
에펠루아	cafe	128.91764	37.79401
에프스타일	shop	128.88573	37.75703
에프오피트니스	activity	128.83022	37.88318
에프오피트니스	activity	128.87849	37.76578
에프터이미지	cafe	128.90968	37.77453
에프터춘	shop	128.89586	37.75284
엔담	stay	129.04305	37.68060
엔드투앤드	cafe	128.92602	37.78742
엔로즈	stay	128.84294	37.86382
엔솔	shop	128.92265	37.77060
엔에프엘	shop	128.89598	37.75237
엔제리너스강릉	cafe	128.87837	37.76693
엔젤	shop	128.91142	37.77102
엔젤제과	food	128.83155	37.89564
엔젤커피	cafe	128.90570	37.76527
엔젤코인노래연습장	activity	128.87006	37.75720
엔젤클럽	bar	128.89598	37.75134
엔젤호홍게물회	food	128.82925	37.89280
엔조이락	bar	128.88073	37.74368
엔조이락일송점	bar	128.91589	37.77181
엔조이락청송점	bar	128.91148	37.77074
엔케이하우스	stay	128.77893	37.83698
엔틱가구바스토	shop	128.91605	37.76899
엘나미싱	shop	128.93847	37.77563
엘노아	food	128.91425	37.78668
엘도라도	bar	128.89196	37.75524
엘라드	food	128.92122	37.75221
엘로라	activity	128.87688	37.76232
엘르강릉	shop	128.86611	37.76455
엘리트학생복	shop	128.89264	37.75334
엘리팝	bar	128.87855	37.76598
엘리팝	bar	128.87063	37.75753
엘리팝강릉	bar	128.88415	37.75164
엘림	cafe	128.93298	37.76067
엘림모텔	stay	128.89812	37.75973
엘마르모텔	stay	128.94444	37.77401
엘바	shop	128.87895	37.76631
엘방코	cafe	128.83074	37.71685
엘비스	cafe	128.90982	37.76551
엘빈	cafe	128.94829	37.77165
엘사의아지트	food	128.91690	37.77078
엘앤피	activity	128.87358	37.74608
엘지전기	shop	128.89220	37.75475
엘커피	cafe	128.88077	37.77975
엘케이매니지먼트	stay	128.92093	37.79128
엘파소	food	128.86464	37.79052
엠꼼마카롱	food	128.89479	37.79965
엠꼼마카롱	cafe	128.89681	37.75695
엠꼼마카롱초당	food	128.91403	37.78607
엠모텔	stay	129.02405	37.67903
엠비엠	stay	128.82612	37.88427
엠스파펜션	stay	128.89161	37.81621
엠에스스크린	activity	128.92024	37.75951
엠에프헬스클럽	activity	128.88415	37.75164
엠에프헬스클럽	activity	128.91225	37.77129
엠엘비강릉점	shop	128.89625	37.75334
엠엠	shop	128.89685	37.75359
엠제이월드	shop	128.90333	37.76853
엠제이월드	shop	128.90008	37.76362
엠제이테니스아카데미	activity	128.91738	37.75491
엠지뮤직타운	bar	128.87815	37.76631
엠파트너스	stay	128.87456	37.83559
엠플러스코인노래연습장	activity	128.91316	37.77160
엠플러스코인노래연습장관대점	activity	128.87987	37.73894
엣날손면짬뽕	food	128.90842	37.76851
엣지	shop	128.87876	37.76861
여가	stay	128.87278	37.81149
여고시절떡볶기	food	128.89558	37.75319
여궁	bar	128.88089	37.75374
여기는거진항	shop	128.90043	37.75369
여기다식당	food	128.88206	37.74321
여기어때	bar	128.88535	37.76881
여기우리펜션	stay	128.85547	37.83632
여긴어디강릉사기막	stay	128.81878	37.79333
여니브레드	food	128.87113	37.75743
여니쌤의점핑다이어트	activity	128.90904	37.77034
여래성퀼트	shop	128.87262	37.76168
여리연	stay	128.93340	37.77704
여보세요	shop	129.03601	37.60967
여부초밥강릉점	food	128.89446	37.75346
여섯개의달	cafe	128.90259	37.75782
여성의류최연옥강릉점	shop	128.89722	37.75321
여성크로커다일강릉점	shop	128.89776	37.75453
여성크로커다일강릉죽헌점	shop	128.87673	37.78412
여수횟집	food	128.90402	37.80266
여왕개미식당	food	128.89804	37.75369
여왕숯불갈비	food	128.88087	37.76538
여우각시골소주방	food	128.91650	37.77024
여우애김밥강릉	food	128.93765	37.77529
여운단란주점	bar	128.89161	37.75487
여유로운가	stay	128.82716	37.80480
여의주노래팡	bar	128.89873	37.76009
여자도민물장어	food	128.87956	37.76683
여주건어물직매장	shop	128.82921	37.89230
여주양평횟집	food	128.83387	37.89438
여주원주	food	128.83387	37.89438
여주이천횟집	food	128.83115	37.88261
여포갈비	food	128.91581	37.76984
역전할머니맥주	bar	128.87824	37.76767
연가	shop	128.89892	37.76101
연곡고기촌	food	128.83106	37.85841
연곡꾹저구탕	food	128.83187	37.85852
연곡노래타운	bar	128.83664	37.85942
연곡당구클럽	activity	128.83643	37.85909
연곡면옥	food	128.84329	37.85585
연곡물산	shop	128.83140	37.85462
연곡반점	food	128.83634	37.85947
연곡보리밥집	food	128.81399	37.85395
연곡생선가	food	128.83649	37.85938
연곡식당	food	128.83704	37.85954
연곡쌀	shop	128.82723	37.89122
연곡약국	shop	128.83710	37.85945
연곡오복떡방앗간	food	128.83792	37.85984
연곡유정오리	food	128.83132	37.85907
연곡이모네	food	128.83710	37.85945
연곡자연산송이	shop	128.83520	37.85922
연곡전주식당	food	128.83703	37.85904
연곡제과점	food	128.83770	37.85914
연곡종로약국	shop	128.83707	37.85964
연곡치킨	food	128.84339	37.86995
연곡펜션미니멈	stay	128.83178	37.85523
연곡해변솔향기캠핑장	stay	128.85439	37.85842
연곡해변솔향기캠핑장	stay	128.85206	37.85990
연곡현포차	bar	128.83786	37.86143
연길양꼬치	food	128.88003	37.76527
연꽃노래궁	bar	128.89916	37.75695
연당길강릉댁	stay	128.91354	37.77967
연당길솥밥	food	128.91271	37.78694
연서메디칼	shop	128.90859	37.77304
연선건어물	shop	128.89862	37.75402
연선상회	shop	128.89862	37.75402
연스파펜션	stay	128.84619	37.86590
연안낚시	shop	128.90820	37.74823
연예인	bar	128.87579	37.76317
연우닭갈비	food	128.87227	37.83853
연인노래클럽	bar	128.89614	37.75566
연인들의사랑이야기풀빌라	stay	128.79633	37.71728
연일추어탕	food	128.89171	37.75434
연자네	shop	128.89862	37.75402
연자네보리밥	food	128.91351	37.77460
연주네	shop	128.82932	37.89172
연주로민박	stay	128.82530	37.89409
연주로스테이	stay	128.83330	37.87506
연주포차	bar	128.90501	37.80441
연준	food	128.90995	37.77017
연지곤지	shop	128.82542	37.88754
연지식당	food	128.89088	37.75506
연탄불에눕은돼지	food	128.91147	37.77367
연하우스	stay	128.80106	37.67409
연화마을	food	128.95351	37.73776
연화암	food	128.89107	37.76542
연화장여관	stay	128.89875	37.76214
연희동소고기국시집	food	128.89866	37.75568
열광노래연습장	activity	128.91563	37.77206
열두광주리떡집	food	128.89807	37.75376
열린온누리약국	shop	128.89502	37.75428
열정국밥	food	128.91001	37.76617
열정포차	food	128.90098	37.76005
염가네꼬막무침	food	128.90098	37.76005
염전해변	beach	128.98420	37.74200
염전횟집	food	128.98376	37.74099
염전횟집	food	128.89739	37.74476
염지네계란볶이	food	128.89816	37.76075
엽이네푸드	food	128.91153	37.77102
영광경기이천	food	128.82821	37.89216
영남이네	shop	128.82932	37.89172
영농막창	food	128.90098	37.76005
영다방	cafe	128.89939	37.75954
영다이브	activity	128.84604	37.86398
영덕대게	food	128.91016	37.80272
영덕대게횟집	food	128.91097	37.80191
영덕대게횟집	food	128.91013	37.80266
영동그릇마트	shop	128.89937	37.75335
영동낚시	shop	128.91125	37.74806
영동막국수	food	128.93860	37.77856
영동보양탕	food	128.90403	37.76619
영동서적	shop	128.87886	37.77006
영동안전상사	shop	128.90004	37.76161
영동유통	shop	128.88233	37.77177
영동육계닭직매장	shop	128.89163	37.74685
영동의정부부대찌개	food	129.03614	37.61017
영동종합상사	shop	128.89449	37.75742
영동중국정통마사지	shop	128.91581	37.76984
영동천막사	shop	128.82696	37.89066
영동청과	shop	128.90098	37.76005
영동할인매장	shop	128.90550	37.75142
영동활어기구	shop	128.82849	37.88596
영동횟집	food	128.82869	37.88556
영동횟집	food	128.91660	37.79655
영등포상회	shop	129.03200	37.59715
영림건어물	shop	128.89862	37.75402
영림상회	shop	128.89862	37.75402
영미네	shop	128.82932	37.89172
영미네부침	food	128.89927	37.75372
영백이네	food	128.82970	37.90475
영빈노래연습장	activity	128.91652	37.77118
영빈장여관	stay	128.82692	37.88992
영세감자탕	food	128.88151	37.75732
영세집	food	128.82921	37.89230
영수네청과상회	shop	128.90103	37.75375
영숙이네	shop	128.82932	37.89172
영심이하루	cafe	128.90949	37.76522
영아네	shop	128.89862	37.75402
영웅클럽	bar	128.89809	37.76038
영은곱창막창	food	128.89547	37.75682
영일네	food	128.82932	37.89172
영일상회횟집	food	128.89862	37.75402
영일서적	shop	128.89692	37.77587
영일수산	food	128.89862	37.75402
영자네간장게장	food	128.86403	37.78978
영재디자인	shop	128.91269	37.77511
영지수산	shop	128.89862	37.75402
영진각	food	128.83666	37.87060
영진건축설비	shop	128.83892	37.87073
영진당	shop	128.89862	37.75402
영진당구클럽	activity	128.83963	37.86913
영진댁	food	128.82906	37.88604
영진더한옥	stay	128.84687	37.86794
영진도자기카페	cafe	128.83998	37.86862
영진돈	food	128.84383	37.86828
영진돼지	food	128.83963	37.86913
영진떡갈비	food	128.89771	37.75612
영진뜰	shop	128.84319	37.86938
영진레저	activity	128.84468	37.86924
영진리피자카페	food	128.83926	37.86885
영진민박	stay	128.84553	37.86861
영진비앤에프	food	128.84746	37.86797
영진세자매식당	food	128.84718	37.86801
영진소풍	food	128.84663	37.86369
영진슈퍼	shop	128.84706	37.86808
영진식당	food	128.89908	37.75541
영진아쿠아존	shop	128.84739	37.86778
영진우리집	stay	128.84674	37.86797
영진을담다	stay	128.84490	37.86904
영진장어	food	128.84635	37.86313
영진한옥애	stay	128.84321	37.86825
영진한옥애풀빌라	stay	128.84321	37.86825
영진항	food	128.82900	37.88599
영진항	nature	128.84837	37.86782
영진해변	beach	128.84490	37.86950
영진해변포차	bar	128.84564	37.86856
영진횟집	food	128.84750	37.86797
영진횟집건어물	shop	128.84734	37.86797
영차치킨	food	128.91167	37.75245
영창건어물	shop	128.89862	37.75402
영채플라워샵	shop	128.91334	37.77004
영춘	cafe	128.89357	37.74322
영춘식탁	food	128.91090	37.76895
영탑노래연습장	activity	128.90773	37.76361
영플러스할인마트	shop	128.91639	37.79641
영플러스할인정육마트	shop	128.91645	37.79618
영화로운	shop	129.03966	37.68539
영화로운스테이	stay	129.03966	37.68539
영화마을김밥	food	128.82470	37.88513
영훈	shop	128.89770	37.76000
영흥야식	food	128.89651	37.75750
영희네손말이고기	food	128.89722	37.75193
옆커폰강릉점	shop	128.91152	37.75368
예궁가요주점	bar	128.83163	37.89547
예기치	shop	128.89140	37.75627
예다움	food	128.89012	37.75316
예닮곳간성남동	food	128.89963	37.75378
예담	shop	128.84480	37.86917
예당	food	128.94102	37.76558
예랑약국	shop	128.93201	37.77514
예리한파김치	food	128.91523	37.76819
예림농산	shop	128.91829	37.73664
예림식당	food	128.91225	37.77470
예림이네	shop	128.82932	37.89172
예맥아트센터	activity	128.85987	37.63289
예보당	shop	128.89644	37.75232
예뷰티	shop	128.92484	37.75787
예뻐예뻐	shop	128.90119	37.76120
예쁜여우노래궁	bar	128.90022	37.75959
예쁜중고폰	shop	128.89950	37.75516
예사랑건강원	shop	128.90191	37.75709
예사랑꽃집	shop	128.89795	37.80174
예성	activity	128.88311	37.74016
예성약국	shop	128.90178	37.75844
예손화원	shop	128.85568	37.81493
예스	shop	128.89676	37.75373
예스영푸드경포점어린왕자	stay	128.90224	37.80814
예스케이티	shop	128.91211	37.77210
예슬이네	food	128.82883	37.89175
예슬이네	shop	128.82932	37.89172
예울림게스트하우스	stay	128.91246	37.78997
예원	shop	128.89567	37.75199
예원수예점	shop	128.89961	37.75469
예인의마을경포점	cafe	128.90376	37.80475
예일약국	shop	128.90769	37.77347
예전죽배달	food	128.87521	37.76258
예향막국수	food	128.89983	37.74266
예향막국수	food	128.93734	37.76239
옌옌	food	128.89312	37.76190
옐로	cafe	128.89695	37.74551
옐로드림강원동부영업소	shop	128.90158	37.74942
옛감나무집	food	128.83135	37.71616
옛고을암소한우촌	food	128.91254	37.75167
옛고을춘천장원닭갈비	food	128.89850	37.76041
옛길가든화정	food	128.79704	37.71175
옛길만나가든	food	128.79588	37.71065
옛날떡집	food	128.89776	37.75190
옛날보리밥집	food	129.01131	37.68238
옛날삼교리막국수	food	128.79497	37.87858
옛날식당	food	128.90516	37.76114
옛날집	shop	128.75266	37.88051
옛날집	food	128.75171	37.88066
옛날집	food	129.03470	37.68774
옛날집추어탕	food	128.90870	37.74175
옛날찐빵	food	128.89128	37.76578
옛날초당순두부	food	128.89281	37.78680
옛날추어탕	food	128.93087	37.77612
옛날통닭명가네	bar	128.91814	37.79481
옛빙그레스넥	food	128.89414	37.75312
옛성도물회	food	128.91693	37.76974
옛소라횟집	food	128.91805	37.79550
옛솜씨건강원	shop	128.93844	37.76255
옛솜씨유통	shop	128.90929	37.77078
옛우리식당	food	128.89567	37.75504
옛정하식당	food	128.89770	37.76039
옛청기와인생술술	food	128.89739	37.75881
옛초당만두식당	food	128.91522	37.78459
옛카나리아	food	128.82921	37.71506
옛카네이션	food	128.83192	37.71790
옛카네이션집	food	128.83192	37.71796
옛터고기집	food	128.87949	37.76536
옛포구회집	food	129.04965	37.65264
옛포구횟집	food	129.04963	37.65258
오가네칼국수	food	128.89201	37.75810
오가네황기닭강정	food	128.88163	37.76503
오가네황소곱창	food	128.83074	37.88294
오감	food	128.91065	37.77365
오감만족	food	128.90839	37.76706
오감만족	food	128.82579	37.89150
오감만족내곡점	food	128.88739	37.74625
오감행복쉐이크	cafe	128.90150	37.73971
오구네집	stay	128.88376	37.73469
오구커피	cafe	128.88376	37.73466
오길이네	shop	128.89862	37.75402
오남이네	food	128.82998	37.71539
오뉴옥	stay	128.89364	37.75066
오뉴월	cafe	128.89333	37.75064
오느레케이크	food	128.90828	37.75571
오늘	stay	128.88969	37.75485
오늘	cafe	128.89837	37.75298
오늘감자	bar	128.87696	37.73916
오늘교동	cafe	128.88479	37.76326
오늘교동	stay	128.88283	37.75756
오늘김밥분식	food	128.90110	37.75797
오늘도김밥	food	128.82640	37.87661
오늘도마카롱	food	128.88934	37.76085
오늘돼지	bar	128.86680	37.73917
오늘반찬	shop	128.88403	37.76903
오늘반찬이거어때	shop	128.91147	37.77367
오늘밤찐소주클럽	bar	128.90996	37.76733
오늘에	food	128.88856	37.82010
오늘엔	stay	128.87278	37.81149
오늘은바다애견펜션	stay	128.87583	37.83193
오늘은삼겹살	bar	128.91750	37.77020
오늘은샤브	bar	128.87831	37.74072
오늘은족구이닷	food	128.91579	37.77214
오늘은찜먹는날	bar	128.90886	37.76700
오늘은회먹는날	bar	128.91067	37.76766
오늘의밥상	bar	128.88187	37.75565
오늘하루	stay	129.03441	37.68742
오다가다	food	129.03226	37.58297
오달주막	shop	128.89862	37.75402
오대산늘벗	stay	128.65619	37.83942
오대산리프리시펜션	stay	128.69344	37.84625
오대산송이토종닭	food	128.65477	37.83955
오대산숯불도깨비	food	128.86252	37.75821
오대산양평해장국	food	128.83707	37.85964
오대산연지펜션	stay	128.67814	37.84733
오대산을뒤뜰삼아	shop	128.63312	37.82121
오대양호	activity	128.87520	37.83834
오드붕어	cafe	128.89668	37.75290
오드커피	cafe	128.83420	37.87880
오디션	bar	128.90044	37.76032
오딧세이	bar	128.91439	37.75999
오딧세이포남	bar	128.90666	37.76417
오떡후강릉점	food	128.89325	37.75768
오뚜기식당	food	128.91518	37.77723
오뚜기실내마차	bar	128.90569	37.76445
오띠모속옷	shop	128.90525	37.76552
오라의료기	shop	128.91016	37.77081
오랍드리	stay	128.76544	37.65621
오래	bar	128.89992	37.75973
오렌즈강릉센스안경	shop	128.87996	37.76449
오렌즈강릉점	shop	128.89622	37.75391
오렌지꽃농원	shop	128.92336	37.77264
오렌지브로우	shop	128.90234	37.74636
오렌지술파는노래밤	bar	128.87791	37.76592
오렌지푸드시스템	food	128.97578	37.72334
오로지	stay	128.83402	37.82424
오롯이	shop	128.75329	37.88179
오롯이나	cafe	128.89569	37.75968
오르막	stay	128.91536	37.76312
오르새피자	food	128.87720	37.77106
오르소인동림빌딩	activity	128.88168	37.74713
오름텔레콤	shop	128.91235	37.77018
오리둥지	shop	128.91728	37.79618
오리봉봉	food	128.93254	37.77842
오리야식	food	128.82938	37.89487
오리진소돌협동조합	activity	128.83254	37.90022
오마이데이즈	cafe	128.91003	37.77183
오무라안	food	128.91099	37.76985
오미즈	food	128.86924	37.75778
오미토리커피상점	cafe	128.88192	37.74945
오바	bar	128.88025	37.76508
오백유통	shop	128.90694	37.76531
오버웨잇	shop	128.89618	37.79620
오병이어식당	food	128.91507	37.77701
오보에	food	128.87467	37.83819
오복낙지	food	128.86232	37.73364
오복맛집	food	128.90067	37.76175
오복복권	activity	128.89977	37.75533
오복상	food	128.91650	37.77024
오복수산	food	128.82921	37.89230
오복이네	food	128.82659	37.89080
오복희오늘찬	shop	128.82678	37.89110
오봉능이백숙	food	128.82051	37.70894
오봉막국수	food	128.83133	37.71465
오봉산약국	shop	128.82278	37.71111
오봉서원	heritage	128.81944	37.71087
오봉집강원강릉점	food	128.87871	37.76834
오뷔엘알강릉죽헌지점	shop	128.87812	37.78306
오브	cafe	128.88964	37.74398
오브더모먼트	cafe	128.89160	37.75824
오브리에타	cafe	128.84061	37.75353
오브제홈	shop	128.89866	37.75568
오븐마루	food	128.87067	37.75781
오븐마루	food	128.91554	37.77215
오븐마루강릉입암점	food	128.91898	37.75966
오븐마루치킨강릉	food	128.88270	37.75410
오븐에빠진닭	food	128.86873	37.75781
오븐에빠진닭강릉	food	128.91213	37.77063
오븐에빠진닭경포대점	food	128.92093	37.79128
오븐쿡	food	128.85527	37.81782
오블리제	food	128.89321	37.76549
오빠가요주점	bar	128.89861	37.75966
오빠네커피	bar	128.89462	37.75358
오산조은참치강릉입암점	food	128.91844	37.75685
오색떡방앗간	food	128.88841	37.76423
오색슈퍼	shop	128.82560	37.89149
오색식당	food	128.90098	37.76005
오색자연산민물장어민물매운탕	food	128.90615	37.76401
오성관	food	128.95402	37.76181
오성당구장	activity	129.03573	37.60927
오센숙성참치	food	128.87442	37.76074
오션그레이트	stay	129.04170	37.68579
오션그레이트펜션	stay	129.04196	37.68577
오션뷰애견펜션코스테	stay	128.88951	37.81954
오션블루베리	shop	128.87825	37.82318
오션슈퍼	shop	129.04170	37.68579
오션힐	stay	128.89562	37.81392
오솔길농장식당	food	128.77235	37.88995
오솔길식당	food	128.89020	37.75427
오솔길커피숍	cafe	128.89529	37.75301
오솔채	stay	128.86314	37.83933
오스람전기상사	shop	128.90428	37.76559
오시날개	shop	128.88758	37.74010
오시오	shop	128.83876	37.85855
오시조아	shop	128.90885	37.76460
오아시스	bar	128.90857	37.76723
오아시스	bar	128.89831	37.75978
오아시스강릉점	cafe	128.91484	37.79237
오아시스모텔	stay	129.04225	37.67958
오아시스사우나여탕매점	shop	128.87731	37.76398
오아시스스포츠	activity	128.87731	37.76398
오양수산	food	128.86836	37.75689
오엔	cafe	128.83610	37.85901
오엔카페	cafe	128.82885	37.90525
오오디디	food	128.91806	37.79448
오오티디안경원	shop	128.89392	37.75535
오운완피트니스	activity	128.91440	37.77180
오월보	shop	128.87881	37.76962
오월에초당	food	128.91466	37.79296
오월의수수꽃다리	stay	128.83680	37.74255
오월의정원포레스트	stay	128.88912	37.71373
오월의초당	food	128.91464	37.79303
오월커피	cafe	128.89318	37.75084
오조	bar	128.91563	37.77206
오죽김밥강릉점	food	128.87254	37.73789
오즈홀덤강릉점	bar	128.87873	37.76684
오즈홀덤클럽	activity	128.82463	37.88568
오직한우	food	128.91814	37.76168
오징어순대나라	cafe	128.89940	37.75400
오채연	food	128.83042	37.71142
오케이노래연습장	activity	128.90074	37.75923
오케이브라더스	food	129.04454	37.63640
오케이테라피	shop	128.88191	37.75514
오키나와	bar	128.87662	37.76654
오트톡톡	cafe	128.89269	37.75031
오틸리아	bar	129.03887	37.61230
오페라노래연습장	activity	128.87781	37.76490
오프더월	cafe	128.89142	37.75452
오프랑	shop	128.87509	37.77496
오프뷰티강릉	shop	128.89577	37.75423
오피스웨이강릉점	shop	128.89950	37.76833
오핑하우스	cafe	128.84454	37.86947
오휘화장품	shop	128.87871	37.76834
옥가로찻집	cafe	128.90057	37.76088
옥거리마을관리사회적협동조합	cafe	128.90138	37.75580
옥계감나무식당	food	129.04771	37.61757
옥계농협하나로마트	shop	129.03505	37.60917
옥계두메산골	food	129.03572	37.60978
옥계민박	stay	129.03284	37.60755
옥계수상레저	activity	129.04754	37.62952
옥계식당	food	128.89999	37.75328
옥계체육문구사	shop	129.03482	37.60803
옥계코다리	food	129.03570	37.60999
옥계항	nature	129.05887	37.61959
옥계해변	beach	129.04804	37.62801
옥계화원	shop	129.04238	37.63755
옥계횟집	food	129.05028	37.65268
옥남포차	bar	128.87693	37.74066
옥돌상회	shop	128.89862	37.75402
옥래식당	food	128.90586	37.76617
옥산가	shop	128.89229	37.75388
옥상달빛	food	128.87747	37.73953
옥상달빛펜션	stay	128.88797	37.80702
옥시기농장	food	128.89961	37.75432
옥시기하우스	shop	128.89992	37.76304
옥이네국밥	food	128.95427	37.72707
옥이네야채	shop	128.89862	37.75402
옥이네푸줏간	food	128.91662	37.77243
옥자네	food	128.90020	37.74897
옥천낙지	food	128.90213	37.75614
옥천다방	cafe	128.89938	37.75505
옥천로	food	128.89859	37.76040
옥천보리밥집	food	128.89690	37.75705
옥천식품	shop	128.91938	37.76939
옥천오겹살	food	128.90195	37.76087
옥천포차	food	128.89970	37.76050
옥토끼	cafe	128.89862	37.75402
옥토농장	shop	129.04601	37.61671
옥화조개	shop	128.82932	37.89172
온골프스튜디오	activity	128.86565	37.75652
온기프룻	shop	128.90136	37.75631
온누리바다약국	shop	128.82609	37.88961
온누리정보통신	shop	128.91552	37.78407
온누리파란약국	shop	128.91870	37.76047
온담해장국	food	128.82856	37.88769
온더락스	bar	128.87787	37.76889
온도	food	128.86818	37.75703
온리안	cafe	128.90718	37.77444
온리원	bar	128.87679	37.76759
온리케이크	food	128.88997	37.75399
온센강릉점	food	128.94530	37.77338
온앤온	food	128.89947	37.75799
온유진	shop	128.90599	37.76124
온전	cafe	128.89207	37.74981
온정스테이	stay	128.92524	37.76068
온화가	stay	128.88700	37.75878
올라	stay	128.82583	37.90634
올라	stay	129.04610	37.64896
올라스	stay	128.86910	37.84509
올라스풀빌라펜션	stay	128.86897	37.84520
올래	bar	128.82759	37.89347
올래펜션	stay	128.89598	37.79645
올레	bar	128.89306	37.75158
올리	shop	128.89800	37.75429
올리브	shop	128.80206	37.74378
올리브	food	128.87288	37.79213
올리비아로렌강릉	shop	128.89716	37.75328
올리비아하슬러강릉점	shop	128.89744	37.75378
올리앤강릉점	food	128.86759	37.76416
올림피아	shop	128.90728	37.76248
올림피아	stay	128.89363	37.77449
올림피아호텔	stay	128.90731	37.76253
올림픽스크린골프	activity	128.88233	37.77177
올오브	cafe	128.87361	37.76253
올인모텔	stay	128.89625	37.75160
올인베이커리강릉금학점	shop	128.89654	37.75319
올포유강릉	shop	128.89787	37.75373
올포유강릉죽헌점	shop	128.87615	37.78425
옴니버스	food	128.87711	37.73922
옴파로스	shop	128.90084	37.75387
옵티머스빌리어드강릉점	activity	128.87702	37.76250
옷가든	shop	128.89760	37.75299
옷방	shop	128.90114	37.75398
옷이야기	shop	128.89794	37.75310
옷카페	shop	128.89315	37.75533
옷핀	shop	128.89767	37.75274
옹기사랑	shop	128.88557	37.74049
옹기종기	bar	128.87872	37.73989
옹달샘	shop	128.89799	37.75326
옹막	food	128.90219	37.76272
옹막상회	cafe	128.90218	37.76253
옹심이	shop	128.90266	37.80759
옹심이중국집	food	128.93945	37.76230
와글와글공방	shop	128.88982	37.75676
와노와노소주방	bar	128.83892	37.87073
와라이브	bar	128.87724	37.76517
와라편의점	shop	128.86304	37.84912
와루가키	shop	128.89326	37.75799
와와노래클럽	bar	128.82824	37.89448
와와동전노래연습장	activity	128.82473	37.88425
와와짱오락실	activity	128.82473	37.88425
와와튀김	food	128.89745	37.75159
와우	cafe	128.89135	37.75093
와우	bar	128.91377	37.76957
와우노래연습장	activity	128.91234	37.77021
와우마켓	shop	128.87249	37.84105
와우식당	food	128.89058	37.75553
와우파크	stay	128.87249	37.84105
와이글로벌	shop	128.91844	37.75685
와이더블유전기	shop	128.90370	37.74485
와이덱스보청기강릉점	shop	128.85611	37.81536
와이디스포츠	shop	128.89497	37.75205
와이모바일	shop	128.89446	37.75346
와이보틀	shop	128.89823	37.75274
와이앤지	stay	128.90166	37.80527
와이엔	shop	128.89841	37.69559
와이엠통신	shop	128.89590	37.75575
와인바노떼로사	food	128.89179	37.75089
와인앤비어유	shop	128.87860	37.76471
와플대학강릉교동캠퍼스	food	128.87919	37.76900
와플대학강릉중앙캠퍼스	food	128.89682	37.75392
와플대학강릉포남캠퍼스	food	128.91320	37.76998
와플톡	food	128.90200	37.75863
완도미역	shop	128.89862	37.75402
완미족발	food	128.86959	37.75683
완선섭국	food	128.90742	37.76632
왈가닭	food	128.82657	37.87949
왓더버거강릉	food	128.91607	37.77161
왓더버거강릉점	food	128.89648	37.75371
왓더포	food	128.89337	37.75607
왕궁랍스타해신탕	food	128.92093	37.79054
왕눈이	food	128.91652	37.77118
왕대박	food	128.89822	37.75986
왕대박분식	food	128.89408	37.75556
왕도매유통	shop	128.89831	37.70741
왕릉식당	food	128.79482	37.75867
왕바우생고기	food	128.90099	37.75762
왕바우아구찜	food	128.86452	37.75415
왕산골대추농원	shop	128.80775	37.65649
왕산골숲속	stay	128.76070	37.65893
왕산골한옥민박	stay	128.79513	37.66592
왕산권역	food	128.84052	37.67244
왕산민박	stay	128.85783	37.64340
왕소곱창	food	128.87006	37.75720
왕솔밭칼국수	food	128.82707	37.89143
왕수산	shop	128.82932	37.89172
왕실마차	bar	128.90621	37.75822
왕십리곱창	food	128.89428	37.75641
왕십리단란주점	bar	128.90087	37.75895
왕십리정부네곱창	food	128.91915	37.76009
왕제골하우스	stay	128.83530	37.85981
왕창유통	shop	128.90930	37.77207
왕초신불닭	food	128.88607	37.75259
외가	stay	128.90884	37.75185
외출준비	shop	128.82682	37.89059
외출준비	shop	128.90770	37.76434
왼손	cafe	128.87718	37.77068
요거트아이스크림의정석강릉교동택지점	food	128.87830	37.76503
요거트아이스크림의정석강릉점	food	128.88193	37.74310
요거트월드	food	128.87890	37.76466
요로코비	bar	128.91765	37.75874
요루꼬치	bar	128.90653	37.75487
요루꼬치	bar	129.03606	37.60973
요루꼬치６호점	bar	128.90547	37.77007
요루꼬치９호점	bar	128.89892	37.76101
요리조리	shop	128.89095	37.75790
요아정강릉	cafe	128.93187	37.77513
요아정강릉	food	128.82936	37.90236
요트앤밸리	stay	128.68841	37.84767
요하네스강릉점	food	128.88000	37.75515
욜로빈티지	shop	128.89187	37.75536
욜로빈티지	shop	128.89449	37.75396
욜로욜로	bar	128.89357	37.75564
욜로펜션	stay	128.88965	37.81613
욜로호텔앤펜션	stay	128.82870	37.89413
용강옛날집	food	128.89088	37.75506
용골감나무집	food	128.89343	37.73720
용궁	shop	128.90012	37.76186
용궁돼지갈비	food	128.90207	37.74557
용궁사우나	food	128.91886	37.79406
용궁슈퍼	shop	128.89857	37.81282
용궁식당	food	128.90208	37.74561
용기건강원	shop	128.82244	37.85945
용기내포차	food	128.89882	37.75958
용당구장	activity	128.87661	37.76258
용띠슈퍼	shop	128.83441	37.89729
용보쌈	food	128.87670	37.77035
용봉슈퍼	shop	128.91004	37.76538
용봉식당	food	128.91004	37.76538
용비집	food	128.87658	37.76746
용삼이네	food	128.82678	37.89108
용상주단	shop	128.89862	37.75402
용성땅콩	shop	128.89817	37.75302
용소원	food	128.87719	37.77063
용소집	food	128.82661	37.89094
용용숯불직화구이	food	128.82817	37.87520
용우동	food	128.86961	37.75784
용우동	food	128.89470	37.75260
용우동강릉역점	food	128.89966	37.76453
용우동관	food	128.87851	37.73825
용운갈비	food	128.89009	37.74715
용은모텔	stay	128.82609	37.88480
용인백암순대	food	128.98414	37.73015
용인제천횟집	food	128.83387	37.89438
용장군	food	128.91183	37.76996
용지복권	activity	128.90543	37.75888
용지장	stay	128.90787	37.76379
용짬뽕	food	128.87649	37.77141
용천모텔	stay	129.03808	37.68546
용추골미궁순대	food	128.87313	37.76216
용화로	food	128.88117	37.76535
우가	cafe	128.87131	37.81637
우가돈	food	128.87673	37.76587
우갤러리	shop	128.87631	37.83839
우김버거	food	128.87979	37.75464
우녹	shop	128.89372	37.75483
우동식당	food	128.90520	37.76057
우드바우어의밤	bar	128.90473	37.76507
우드스토리	shop	128.83171	37.70908
우렁생선쌈밥	food	128.92036	37.75292
우리가찜	food	128.89867	37.75922
우리건강힐링센터	shop	128.89716	37.75328
우리건어물	shop	128.82883	37.89175
우리김밥	food	128.91001	37.76617
우리끼리키즈카페강릉회산점	shop	128.86905	37.73888
우리끼리키즈카페우주마을강릉입암점	activity	128.91870	37.76047
우리네들꽃	shop	128.86623	37.77206
우리동네	food	128.91168	37.75164
우리동네국민상회	shop	128.88123	37.76429
우리동네국민상회강릉	shop	128.86959	37.75683
우리동네막창집	food	128.91036	37.77374
우리동네뽑기방	activity	128.86837	37.75781
우리동네순대국밥	food	128.91250	37.77453
우리동네탁구장	activity	128.87688	37.76232
우리동네푸줏간	food	128.92100	37.75499
우리들아지트	bar	128.91019	37.77455
우리들약국	shop	128.89986	37.76115
우리문구사	shop	128.90672	37.77106
우리민속	shop	128.84937	37.75947
우리식당	food	128.90617	37.76202
우리약국	shop	128.82661	37.89271
우리편의점	shop	128.85306	37.85718
우리한우상회	food	128.86721	37.75716
우리헬스케어	shop	128.89449	37.75396
우마주	food	128.87911	37.76705
우먼샵	shop	128.89733	37.75309
우미관강릉	food	128.89877	37.74266
우미관곰탕	food	128.89880	37.74272
우미아이	food	128.91102	37.76995
우보곱돌구이	food	128.91244	37.75206
우석정	food	128.95130	37.73055
우성상회	shop	128.89862	37.75402
우성약국	shop	128.92060	37.75524
우송재	stay	128.93323	37.77616
우스포츠컴퍼니강릉	activity	128.91364	37.79899
우신당	shop	128.89862	37.75402
우아미가구	shop	128.89382	37.75110
우아행스테이	stay	128.86258	37.82281
우연히	bar	128.91707	37.77063
우유강릉	shop	128.91803	37.78247
우정다방	cafe	128.90087	37.75913
우정로또	activity	128.86840	37.74102
우정축산식육점	shop	128.89886	37.75377
우정포장마차	bar	128.82550	37.89015
우정회관	food	128.82879	37.89354
우쥬라이크앤	cafe	128.87792	37.76671
우지커피강릉	cafe	128.86961	37.75784
우지커피강릉	cafe	128.91162	37.77125
우진농수산	shop	128.97523	37.69172
우진문구사	shop	128.82584	37.88594
우진풀빌라	stay	128.85994	37.82311
우진황토펜션	stay	128.65591	37.83914
우창오리	food	128.91187	37.76959
우추리도배마을한우	food	128.83902	37.76039
욱이불고기	food	128.91707	37.77063
운산한식뷔페	food	128.93382	37.73874
운유쉼터	cafe	128.73629	37.62287
운유식당	food	128.73967	37.62263
운정길선물가게	shop	128.88449	37.78469
운평	food	128.91440	37.77180
울릉도며느리	food	128.91445	37.78641
울리불리라이브클럽	bar	128.82588	37.88410
울엄마양평해장국	food	128.93539	37.77384
울진대게횟집	food	128.90919	37.80343
웅이네오돌뼈강릉	food	128.90019	37.75722
웅하우스	stay	128.87265	37.83558
워너비무인텔	stay	129.06729	37.60791
워니식당	food	128.86866	37.75718
워시스	shop	128.91495	37.77869
워싱턴모텔	stay	128.88253	37.75454
워커힐노래타운	bar	128.83003	37.89477
워커힐다방	cafe	128.83003	37.89477
워크업강릉	shop	128.90071	37.75756
워터파크	bar	128.87791	37.76592
워프워프	cafe	128.88115	37.77862
원	shop	128.89609	37.75346
원강희과자점	cafe	128.87530	37.83843
원강희과자점강릉식빵	food	128.91233	37.77435
원강희과자점사천진리점	food	128.87576	37.83794
원건어물	shop	128.82820	37.89272
원교재사	shop	128.90264	37.76232
원기네	shop	128.82932	37.89172
원다낚시강릉점	shop	128.91476	37.74426
원대로마트	shop	128.88184	37.76482
원더스카이	activity	128.91525	37.79385
원리터강릉	cafe	128.89866	37.75568
원마트숙녀복	shop	128.82635	37.88824
원모어커피	cafe	128.86410	37.73909
원미짜장	food	128.90912	37.76543
원샵	shop	128.90378	37.75271
원성분식	food	128.89098	37.74974
원스넥	food	128.91753	37.76047
원스넥	food	128.82635	37.88824
원스크린골프	activity	128.91697	37.75985
원앙루	food	128.89745	37.75159
원앙식당	food	128.90016	37.75566
원약국	shop	128.90173	37.74759
원영생선구이	food	128.82789	37.88550
원영수산	shop	128.82799	37.88546
원영장칼국수	food	128.87841	37.82810
원예하나로분식	food	128.91610	37.77978
원예하누소	food	128.91610	37.77978
원인숙고성생선찜	food	128.91916	37.76015
원일유통	shop	128.82921	37.89230
원일전기	shop	128.82695	37.89058
원조가보리살	food	128.91846	37.76070
원조강릉교동짬뽕	food	128.87854	37.76960
원조대구막창	food	128.87796	37.76841
원조민속초당순두부	food	128.89155	37.78625
원조소문난무침회	shop	128.89939	37.75381
원조소문난부대찌개전문	food	128.90024	37.75967
원조식당	food	128.89095	37.75480
원조집	food	128.82893	37.89226
원조초당순두부	food	128.91495	37.79058
원조춘하추동	food	128.89430	37.75193
원조춘하추동입암점	food	128.91687	37.75877
원조칼국수	food	128.82526	37.88614
원족발	food	128.87604	37.76700
원주상회	shop	128.89838	37.75333
원주성남	food	128.83387	37.89438
원주양평횟집	food	128.83387	37.89438
원주횟집	food	128.89862	37.75402
원창호	shop	128.82932	37.89172
원창회포차	food	128.90303	37.76970
원투서프	shop	128.84604	37.86398
원호불고기	food	128.89302	37.75719
월대청과	shop	128.89775	37.75415
월드떡볶이	food	128.89094	37.74540
월드마트	shop	128.91537	37.78434
월드마트건물	shop	128.89094	37.74540
월드마트내곡점	shop	128.89094	37.74540
월드마트회센타	shop	128.91537	37.78434
월드빌리지	shop	128.90192	37.75831
월드식자재마트	shop	128.83925	37.87011
월드안경	shop	128.82571	37.88751
월드컵	shop	128.89760	37.75357
월드컵	shop	128.91403	37.76996
월드텔레콤	shop	128.90333	37.76853
월량화	cafe	128.93960	37.76261
월림성	food	128.90655	37.77064
월성맨션	stay	128.93549	37.77624
월성별빛달빛	cafe	128.88525	37.75323
월성식당	food	128.82814	37.89186
월화가	stay	128.89570	37.75983
월화가옥	stay	128.89593	37.76102
월화거리	food	128.89821	37.75505
월화꽈배기	cafe	128.90029	37.75365
월화마라코프	food	128.90029	37.75365
월화상점	shop	128.89967	37.75422
월화선물가게	shop	128.89989	37.75410
월화야끼도리	food	128.89969	37.75371
월화엔	cafe	128.89623	37.75672
월화역	shop	128.90057	37.75342
월화의부엌	food	128.89735	37.75463
월화정	cafe	128.90000	37.75398
월화칼국수	food	128.89286	37.75887
월화푸드	food	128.89567	37.75723
웨스트우드강릉	shop	128.89716	37.75328
웨어하우스	bar	128.89369	37.75238
웨얼유아	stay	128.78676	37.64935
웨이브	stay	129.04170	37.68579
웨이브우드	activity	128.91686	37.78345
웨이브클래식	bar	128.87697	37.82987
웨이블루	stay	128.83226	37.90032
웨이블루	stay	128.89891	37.76071
웨이크블루	food	128.90788	37.78998
웨이크블루	cafe	128.89628	37.77645
웰메이드강릉	shop	128.89649	37.75263
웰메이드강릉죽헌	shop	128.87835	37.78293
웰메이드인디안	shop	128.89752	37.75439
웰빙라이프	shop	128.87579	37.76317
웰빙비타민	shop	128.89718	37.75567
웰빙호떡	food	128.90648	37.77104
웰컴투동막골	food	128.90098	37.76005
위너스모텔	stay	128.82806	37.88909
위너스호텔	stay	128.82761	37.88902
위니아딤채강릉	shop	128.88040	37.75536
위드모바일	shop	128.91507	37.77261
위드커피	cafe	128.90135	37.76131
위드커피숍	cafe	128.63772	37.82657
위드클레이	shop	128.89508	37.76103
위드호텔	stay	128.89813	37.75942
위스테이	stay	128.84660	37.76355
위촌리강릉하우스	stay	128.83949	37.76028
위촌리전통한우	food	128.84741	37.75362
위촌리홍약국	shop	128.85472	37.76018
위크앤드	shop	128.84522	37.75519
위펜션	stay	128.94604	37.77320
윈썸골프스튜디오	activity	128.87548	37.76364
윈컴퓨터	shop	128.89368	37.75720
윈팰리스오션뷰펜션	stay	128.87191	37.84193
윌노래연습장	activity	128.91430	37.79901
윌마트	shop	128.91430	37.79901
윌횟집	food	128.91430	37.79901
윙윙치킨	food	128.91681	37.76976
유가네닭갈비강릉	food	128.87068	37.75732
유경약국	shop	128.87763	37.76422
유경이네	food	128.89335	37.76598
유광회관	food	128.82642	37.89261
유광회관	food	128.90398	37.74297
유나관베트남쌀국수	food	128.87925	37.73924
유노래클럽	bar	128.89445	37.75097
유니드단체복	shop	128.89982	37.75509
유니맥스스포츠강릉점	shop	128.89576	37.75221
유니반점	food	128.89199	37.76446
유니분식나라	food	128.91483	37.77365
유니뷰티	shop	128.90768	37.76190
유니샵	shop	128.89626	37.75298
유니콘	shop	128.91196	37.75734
유니크픽	shop	128.87414	37.76378
유니크학생복	shop	128.90049	37.75353
유니테크	shop	128.90572	37.76968
유니포차	food	128.89381	37.74824
유닉	shop	128.90199	37.75914
유담아	stay	128.91765	37.77900
유땡쓰북	shop	128.88817	37.75607
유라유라	shop	128.89157	37.75804
유랑객잔	bar	128.83152	37.89568
유로단란주점	bar	128.89626	37.75915
유리	stay	128.82027	37.88593
유리가차리는밥상	food	128.90531	37.76194
유리꽃화원	shop	128.89042	37.76479
유리알유희	shop	128.91830	37.79454
유리횟집	food	128.83002	37.88391
유림	food	128.82932	37.89172
유림민박	stay	129.06690	37.60793
유림양행	shop	128.89862	37.75402
유메모리	shop	128.79471	37.73747
유메모리캠핑	stay	128.79471	37.73747
유메오뎅강릉교동	food	128.87771	37.76737
유명복권대박	activity	128.90090	37.75433
유명의료기	shop	128.90881	37.77242
유명참숯화로구이	food	128.90543	37.76480
유명한수산	shop	129.05293	37.65334
유모바일	shop	128.88461	37.75052
유모바일	shop	128.89368	37.75341
유무	food	128.89363	37.75868
유부상점	food	128.91270	37.77558
유산민물장어	food	128.91109	37.73650
유산스크린	activity	128.92215	37.74036
유성상회	shop	128.89862	37.75402
유성집	food	128.82669	37.89135
유스커피	cafe	128.91440	37.77180
유아이베이커리	food	128.86362	37.73762
유앤아이미디어	activity	128.91582	37.77683
유에스에이	shop	128.84988	37.85816
유원카페제니엘	cafe	128.83393	37.89450
유유자적	food	128.91822	37.79457
유이점	shop	128.91624	37.79576
유자의집	food	128.87687	37.73618
유정노래궁	bar	128.89803	37.76003
유정민박	stay	128.82863	37.90623
유정식당	food	128.89810	37.75228
유정이네	food	128.82970	37.90475
유정포구	food	128.91127	37.76932
유진노래연습장	activity	128.90018	37.74924
유진면옥	food	128.82290	37.88284
유진미니슈퍼	shop	128.82810	37.88299
유진수산	shop	128.82932	37.89172
유진주단	shop	128.89862	37.75402
유진호	shop	128.82932	37.89172
유진홈	shop	128.91162	37.77125
유천가든	food	128.89806	37.81241
유천꽃	shop	128.86924	37.75778
유천동뼈해장국	food	128.82759	37.89151
유천동뼈해장국	food	128.86771	37.75687
유천로또명당	activity	128.87001	37.75754
유천복권방	activity	128.86696	37.75776
유천샤브샤브	food	128.86307	37.75106
유천스파매점	shop	128.87120	37.75634
유토시스	shop	128.86248	37.84945
유한약국	shop	128.90788	37.76843
유한책임회사하이모	shop	128.88000	37.75515
유호가	stay	128.89581	37.79627
유화유통	shop	128.83869	37.86786
유흥상회	shop	128.89794	37.75265
육감만족택지점	food	128.87296	37.76342
육갑	food	128.93709	37.77422
육개본가	food	128.89862	37.75402
육꼬기	food	128.91995	37.75466
육달막국수	food	128.86514	37.75637
육담소	food	128.90235	37.80384
육대감	food	128.89418	37.75450
육미소식당	food	128.87727	37.76531
육반장	food	128.89480	37.75640
육반장	food	128.82871	37.88621
육백유통	shop	128.82626	37.88774
육삼정	food	128.88543	37.75186
육삼칠공	bar	128.91088	37.76876
육영탕수육	food	128.87907	37.73999
육오삼숯불갈비	food	128.89854	37.75947
육전거리	food	128.90853	37.77186
육주공반점	food	128.91928	37.75944
육칠이	food	128.88000	37.75515
육칠이강릉점	food	128.90970	37.76707
육회만드는사람들입암점	food	128.91821	37.76010
육회장인	food	128.82790	37.89339
육회지존	food	128.89809	37.76038
윤가네수산	food	128.82921	37.89230
윤가네조개랑회랑	food	128.83374	37.89398
윤경식당	food	128.90098	37.76005
윤서수산	shop	128.82932	37.89172
윤스베이커리	food	128.91327	37.77547
윤스커피	cafe	128.88010	37.76511
윤슬서림	shop	128.90645	37.77119
윤식당	food	128.82902	37.71499
윤씨네민박	stay	129.04842	37.65338
윤씨네사생활	bar	128.91725	37.77044
윤이불닭발강릉점	food	128.91690	37.77078
윤정이뜰	bar	128.91440	37.77180
윤진네대게	shop	128.89862	37.75402
윤카페	cafe	128.87807	37.73813
윤텔레콤	shop	128.82467	37.88364
윤트리키오스크	shop	128.85815	37.75891
율곡스포츠	shop	128.91351	37.77460
율곡약국	shop	128.89449	37.75396
율리아	shop	128.89916	37.75308
율율상점	food	128.89836	37.75794
으뜸수산	shop	128.90150	37.75448
으뜸수산	shop	128.82932	37.89172
으뜸플러스안경강릉점	shop	128.89577	37.75423
은공방	shop	128.82678	37.87993
은대봉	food	128.88211	37.75518
은방이네	shop	128.82932	37.89172
은비노래연습장	activity	128.91914	37.75931
은비노래타운	bar	128.91914	37.75931
은빛건강원	shop	128.90224	37.76905
은서네밥상	food	128.91998	37.76966
은성상회	shop	128.82723	37.89122
은어향기	food	128.81996	37.84763
은총수산	shop	128.89862	37.75402
은총이반찬	shop	128.90977	37.76900
은플라워샵	shop	128.91407	37.75988
은하노래클럽	bar	128.82729	37.89358
은하수	food	128.89748	37.75213
은하수구락부	food	128.87940	37.76825
은하수별장	stay	128.90697	37.75219
은하수살롱	food	128.89419	37.75573
은하수펜션	stay	128.81635	37.88109
은하포차	food	128.82856	37.89435
은행나무	food	128.87158	37.81638
은혜식당	food	128.85582	37.81729
은화식당	food	128.90111	37.76454
은희네우렁제육쌈밥	food	128.70498	37.84701
은희슈퍼	shop	129.03277	37.69088
음악시간펜션	stay	128.86294	37.84919
음악시간호스텔	stay	128.86294	37.84919
음악여행노래연습장	activity	128.90416	37.75260
음차차	cafe	128.88430	37.75764
읍내골	food	128.83695	37.86039
응응스크르강릉내곡점	shop	128.88848	37.74532
의정부부대찌개	food	128.87327	37.76243
의정부부대찌개교동	food	128.87325	37.76238
이가네닭갈비	food	128.86737	37.75702
이가네닭갈비	food	128.89916	37.75545
이가네대패삼겹살	food	128.89378	37.74328
이가네면옥	food	128.87502	37.76679
이가네짬뽕	food	128.97241	37.72342
이가통신	shop	128.91837	37.75975
이것저것	shop	128.90056	37.75374
이고피자앤파스타	food	128.87766	37.77034
이글스크린골프	activity	128.91254	37.75167
이노	cafe	128.89649	37.75399
이노코	food	128.84269	37.86935
이놈애커피	cafe	128.85828	37.73032
이대감숯불갈비	food	128.87668	37.76714
이대포	food	128.87498	37.76667
이대포	bar	128.91124	37.77019
이대표돼지갈비	food	128.89633	37.74414
이덕아이앤씨강릉	shop	128.87460	37.76322
이덕아이앤씨강릉점	shop	128.89333	37.75271
이동숙	shop	128.89848	37.75445
이동우콜렉션	shop	128.89716	37.75296
이드프랑	food	128.88081	37.74129
이디아커피	cafe	128.89866	37.75568
이디야	cafe	128.89920	37.75978
이디야	cafe	128.82696	37.89316
이디야강릉	cafe	128.93254	37.77508
이디야강릉	cafe	128.87796	37.76554
이디야강릉경포점	cafe	128.90275	37.80345
이디야강릉내곡점	cafe	128.87999	37.74126
이디야강릉아산	cafe	128.85599	37.81785
이디야단오공원점	cafe	128.89707	37.74819
이디야연곡영진점	cafe	128.83537	37.87154
이디야정동진역점	cafe	129.03283	37.69133
이디야커피	cafe	128.87613	37.83780
이디야커피	cafe	128.89497	37.75205
이디야커피강릉	cafe	128.87020	37.76566
이디야커피강릉	cafe	128.87926	37.75521
이디야커피강릉	cafe	128.91200	37.77111
이디야커피강릉사천점	cafe	128.87609	37.83788
이디야커피강릉올림픽선수촌점	cafe	128.86873	37.75781
이디야커피강릉올림픽파크점	cafe	128.89626	37.77680
이디야커피세인트존스경포호텔점	cafe	128.92093	37.79128
이디야커피입암남부점	cafe	128.91783	37.76129
이디야커피입암점	cafe	128.91092	37.75523
이디야커피주문진소돌점	cafe	128.83021	37.90186
이디야커피포남소공원점	cafe	128.90752	37.76626
이디야회산점	cafe	128.86840	37.74102
이런이궈마라탕	food	128.89638	37.75365
이레공방	shop	128.90901	37.77017
이레맛집	food	128.89213	37.74993
이레콤	shop	128.90995	37.77017
이례	stay	128.82867	37.89408
이례남성복	shop	128.89848	37.75338
이례통통배매운탕	food	128.82743	37.89034
이로이로스모모	cafe	128.89644	37.75744
이루나	cafe	128.94481	37.77389
이름없는포차	food	128.88792	37.74658
이마트강릉아모레	shop	128.92265	37.77060
이마트강릉점휠라인티모	shop	128.92265	37.77060
이마트더페이스샵	shop	128.92265	37.77060
이마트위드미강릉심곡항점	shop	129.05292	37.66489
이만구교동짬뽕	food	128.89265	37.75875
이모	bar	128.91169	37.75195
이모네	food	128.82843	37.89478
이모네생선찜	food	128.87649	37.76923
이모네식당	food	129.03738	37.68573
이모식당	food	128.89689	37.75159
이미자강릉초당콩감자탕	food	128.90921	37.78869
이미자베이커리	food	128.90150	37.75448
이미자웰빙감자탕	food	128.91837	37.75975
이미정의걸작	bar	128.87836	37.76526
이미정의걸작	bar	128.91803	37.75952
이밤동먹거리	food	128.91537	37.76221
이밤옛날통닭	food	128.91489	37.76391
이백장돈가스앤달닭	food	128.92010	37.75544
이백장돈까스	food	128.82508	37.88525
이버본	shop	128.89810	37.75350
이부바바	stay	128.80048	37.78772
이불	shop	128.88765	37.75693
이불프라자	shop	128.90379	37.75991
이브자리	shop	128.89854	37.75695
이브자리	shop	128.87521	37.76258
이쁘다니	shop	128.87848	37.77147
이쁜이네	shop	128.82932	37.89172
이삭	shop	128.89705	37.75288
이삭토스트	food	128.89138	37.76468
이상한나라의앨리스커피앤호프	bar	128.89411	37.74241
이새강릉점	shop	128.89716	37.75328
이솟	cafe	128.89348	37.75786
이순신텔레콤	shop	128.93699	37.77417
이쉐프의돈까스	food	128.89659	37.75578
이스턴파리	stay	128.89479	37.79965
이스트	food	128.89781	37.76578
이스트비취	stay	128.98847	37.73273
이스트씨코퍼레이션	stay	128.90351	37.80392
이스트에그	shop	128.87541	37.76585
이스트카페	cafe	128.87893	37.75538
이스트호프	bar	128.98847	37.73273
이슬라이브	bar	128.82905	37.89478
이신우패션	shop	128.89880	37.75330
이안꼬마깨비어린이집	bar	128.92228	37.75542
이안카라반	shop	128.90872	37.76993
이앤북	shop	128.91296	37.74384
이앤지	stay	128.89712	37.79829
이약국	shop	128.89639	37.75318
이엔통신	shop	128.82747	37.89336
이원건강의료기강릉점	shop	128.89772	37.75723
이유식당	food	128.88093	37.74795
이음	shop	128.91164	37.77335
이음이	cafe	128.86363	37.73766
이응	cafe	128.89595	37.75317
이자카야토라강릉	bar	128.87809	37.76705
이정희차돌박이김치두루치기	food	128.91334	37.76962
이주환전통한우	food	128.85898	37.75789
이즈미르민박	stay	128.67647	37.84494
이즈원	stay	128.84279	37.86409
이즈풀	stay	128.84257	37.86398
이즈프리	stay	128.84257	37.86398
이지비네하우스	stay	128.89813	37.76229
이지비야	stay	128.82862	37.78429
이지호텔	stay	128.82789	37.89004
이진리	cafe	128.89257	37.76205
이집	bar	128.87872	37.76506
이차돌강릉	food	128.87070	37.75709
이천여주	food	128.83387	37.89438
이춘봉인생치킨강릉	food	128.90832	37.76181
이츠모라멘	food	128.91610	37.78487
이층돼지	food	128.92005	37.75972
이층술집	bar	128.89674	37.76014
이층집	food	128.89957	37.76031
이태리안경	shop	128.89351	37.75529
이태리양조장	bar	128.91414	37.79911
이터리지	food	128.88084	37.71838
이티씨	shop	128.90342	37.76421
이팝	stay	128.85498	37.83499
이한식품	shop	128.90037	37.72144
이현의사랑채	stay	128.89477	37.75583
이화국수	food	128.89874	37.75348
이화김밥	food	128.87722	37.76357
이화양품	shop	128.89862	37.75402
인	shop	128.89144	37.75754
인	stay	128.89938	37.76041
인노래연습장	activity	128.87856	37.75522
인디안상설강릉죽헌점	shop	128.87835	37.78293
인비토	food	128.86873	37.75781
인사동손칼국시	food	128.89576	37.75567
인생건어물맥주강릉	bar	128.86805	37.75779
인생돼지	food	128.87713	37.76999
인생막창	food	128.89835	37.76025
인생맛집	bar	128.87673	37.76738
인생물회	food	128.89925	37.75413
인생서가	cafe	128.87177	37.77390
인생술집오늘	bar	128.91948	37.75930
인생역포차	food	128.91544	37.77225
인생포차	bar	128.90486	37.76519
인성농산	shop	128.83426	37.85730
인성식당	food	128.89416	37.75111
인성씨앤에스	shop	128.90853	37.76509
인성참치	food	128.89686	37.75281
인성참치입암점	food	128.91297	37.75232
인셀덤드림	shop	128.90090	37.76172
인솔트베이커리	cafe	128.89328	37.75749
인싸코인노래연습장	activity	128.87823	37.76667
인앤하우스	shop	128.88044	37.73322
인연밥집	food	128.87467	37.76658
인영사	shop	128.91598	37.78451
인천공항	bar	128.87662	37.76654
인천식당	food	128.89457	37.75822
인천횟집	food	128.82821	37.89216
인터넷탑	activity	128.90546	37.76206
인터미션	cafe	128.91401	37.76998
인터파크	stay	128.94455	37.77393
인터파크모텔	stay	128.94450	37.77383
인투더씨	shop	128.84604	37.86398
인포위니드주문진지점	stay	128.83280	37.89506
인하선생	bar	128.87886	37.76506
인하완구	shop	128.97839	37.72399
일공육	cafe	128.90015	37.75331
일광수산	shop	128.82831	37.88600
일광장여관	stay	128.89722	37.75965
일구칠공실내포차	bar	128.90765	37.76305
일덕컴퍼니	shop	128.89242	37.76929
일등복권방	activity	128.88745	37.75735
일등짬뽕	food	128.87716	37.77058
일렁	cafe	128.91711	37.77171
일만족발강릉교동	food	128.87442	37.76074
일미리금계찜닭	food	128.87221	37.77257
일미리금계찜닭강릉	food	128.90338	37.76091
일미소문난생선구이	food	128.88251	37.74530
일미횟집	food	128.98992	37.73326
일성당구장	activity	128.91270	37.77019
일성마크사	shop	128.90099	37.75474
일송건강원	shop	128.91579	37.77214
일송노래연습장	activity	128.91544	37.77225
일송손칼국수	food	128.91750	37.77020
일송정수제양념갈비포장	food	128.87998	37.74099
일식당종화	food	128.91033	37.72909
일심상회	shop	128.89862	37.75402
일심수산	food	128.89862	37.75402
일양장여관	stay	128.89705	37.75912
일억상회	shop	128.89862	37.75402
일일가정식	shop	128.89088	37.75506
일일수작강릉	bar	128.87761	37.76700
일일오	stay	128.81907	37.88114
일일이육	cafe	128.82515	37.88596
일조일석감자탕	food	128.90676	37.76407
일진미니슈퍼	shop	128.83308	37.89490
일차부터포차까지	bar	128.90517	37.76186
일출대게횟집	food	128.87628	37.83878
일출민박	stay	128.89887	37.81272
일출봉회집	food	128.98857	37.73571
일출봉횟집	food	128.98861	37.73573
일출식당	food	129.03270	37.69078
일출여인숙	stay	128.89902	37.76209
일출횟집	food	128.82800	37.89097
일층집	food	128.88240	37.76766
일층카페	cafe	128.89947	37.74535
일포스티노	cafe	128.85603	37.81646
일품대패	food	128.91575	37.76218
일품양평해장국강릉	food	128.89730	37.75184
일품양평해장국강릉강문점	food	128.91407	37.79548
일품양평해장국강릉회산점	food	128.86739	37.74279
일프레소강릉	cafe	128.89515	37.75117
임계메밀부치기	food	128.90391	37.74542
임계식당	food	128.89884	37.75356
임당골감자탕	food	128.89467	37.75562
임당생활문화센터	etc	128.89501	37.75477
임당식당	food	128.89417	37.75475
임당정커피	cafe	128.89468	37.75592
임수호남경막국수	food	128.83353	37.89832
임실치즈피자앤짱이야더블치킨	food	128.87815	37.74095
임영고택	stay	128.88587	37.75009
임영약국	shop	128.89138	37.76477
임오산업주	shop	128.87781	37.76490
임해자연휴양림	nature	128.99854	37.71856
임호염소	food	128.86286	37.73673
임희근베이커리	food	128.90052	37.75930
입암농협식당	food	128.91317	37.75396
입암동	bar	128.91714	37.76016
입암동김씨네	food	128.92060	37.75524
입암동이런맛에온다	food	128.91791	37.75860
입암복권방	activity	128.91837	37.75975
입암샤브	food	128.91755	37.75921
입암솥뚜껑삼겹살	food	128.91270	37.75262
입암할인마트	shop	128.90753	37.75346
입터진날	food	128.87070	37.75709
잇스테이크	food	128.89816	37.75538
잇츠굿메이커스	food	128.87786	37.76516
잇츠비	shop	128.95104	37.77237
잇츠안목	food	128.94642	37.77234
잉걸불	food	128.91103	37.77474
잉글리시에그강릉지사	shop	128.87552	37.76385
잉글리시플러스강릉점	shop	128.89281	37.77041
잉꼬여인숙	stay	128.89927	37.76243
잉카비어	bar	128.89716	37.74784
자가제빵선명희피자강릉	food	128.88000	37.75515
자갈자갈	cafe	128.87823	37.73900
자갈치수산	shop	128.82779	37.89115
자근숩	stay	128.88826	37.80083
자금성	food	128.90474	37.76425
자담치킨	food	128.91067	37.77543
자담치킨강릉	food	128.87882	37.76491
자담치킨강릉입암점	food	128.91744	37.75984
자담치킨노암점	food	128.89825	37.74934
자래유보리밥	food	128.97822	37.72599
자루	shop	128.89687	37.75277
자루메	food	128.93650	37.76283
자매밥집	food	128.90403	37.76619
자매소머리국밥	food	128.91191	37.77341
자매포차	food	128.90748	37.75363
자모파자마	shop	128.89219	37.75962
자바	cafe	128.84560	37.86859
자스민	food	128.90369	37.78534
자스민레스토랑	food	128.90383	37.78530
자스민유통	shop	128.77704	37.87917
자연꽃농원	shop	128.92369	37.77073
자연드림강릉	shop	128.87548	37.76364
자연속으로	cafe	128.70669	37.81534
자연아놀자	activity	128.90369	37.78534
자연약국	shop	128.82891	37.89475
자연에서오다	shop	128.90905	37.76533
자연추어탕	food	128.90564	37.76491
자연치유음식	food	128.78659	37.75157
자연펜션	stay	128.68544	37.85175
자이언트양품점	shop	128.89787	37.75216
자작나무집	shop	128.88730	37.74962
자작나무호텔	stay	128.90239	37.80766
자장자장	stay	128.89735	37.75991
자전거쉴터	cafe	128.81773	37.79356
자전거카페브롬	cafe	128.91848	37.78519
자향	shop	128.91101	37.76855
작은공간커피	cafe	128.83124	37.89563
작은다리통신	shop	128.82584	37.89064
작은다리포차	bar	128.82515	37.89076
작은다리호떡	food	128.82640	37.89065
작은빵가게말랑	food	128.91522	37.78459
작은섬사랑방	bar	128.91569	37.77223
작은안채집밥	food	128.90917	37.77125
작은우체국카페	cafe	128.90782	37.76738
작은콘서트	bar	128.87661	37.76258
잔	food	128.89481	37.76079
잔디하우스	stay	129.04290	37.63615
잔치마당칼국수	food	128.83101	37.89506
잠뱅이	shop	128.89497	37.75279
잠수교수제갈비	food	128.89979	37.74964
잠수교청과	shop	128.89767	37.75183
잠자리	bar	128.87650	37.76607
장가네인삼어탕국수	food	128.83615	37.82349
장군네	shop	128.82932	37.89172
장군시오야끼	food	128.89417	37.75423
장군시오야끼교동	food	128.87961	37.76479
장군시오야끼포남	food	128.91083	37.77008
장군이네수산	shop	128.82674	37.88538
장군주먹고기	food	128.87900	37.76493
장뇌삼삼계탕	food	128.89803	37.75855
장덕리방목토종닭식당	food	128.77216	37.88389
장독대	food	128.89786	37.75869
장독생아구찜	food	128.87815	37.76942
장면옥	food	128.87296	37.76292
장미경양식	food	128.89600	37.75586
장미꽃집	shop	128.87346	37.76209
장미여관	stay	128.89826	37.76238
장미횟집	food	129.05137	37.65305
장보고할인마트	shop	128.88415	37.75164
장보는고양이강릉점	shop	128.91829	37.76953
장사의신	food	128.87696	37.73916
장사할거야	food	128.91019	37.77455
장서원해스롤	food	128.89430	37.75218
장수건강원	shop	128.89862	37.75458
장수김밥	food	128.89170	37.75461
장수루	food	128.86774	37.75779
장수막국수	food	128.92392	37.76414
장수미술관다원	food	128.89714	37.75441
장수밥상	food	129.04967	37.61705
장수삼계탕	food	128.82743	37.89241
장수손칼국수	food	128.89224	37.75578
장수유통	shop	128.90567	37.75061
장안건어물	shop	128.87536	37.83773
장안식당	food	128.89766	37.75328
장안장여관	stay	128.89906	37.76044
장안횟집	food	128.87543	37.83765
장애인협의회	shop	128.81965	37.87699
장어가	food	128.92036	37.75292
장어가수산	shop	128.92036	37.75292
장어정각	food	128.87754	37.76642
장어훔친소도둑	food	128.88425	37.75630
장여사네	food	128.93350	37.73878
장예원퀼트	shop	128.88060	37.76541
장원군산횟집	food	128.90402	37.80266
장원수산	shop	128.82932	37.89172
장원여인숙	stay	128.89939	37.76259
장인장칼	food	128.89292	37.75770
장터보리밥집	food	129.03540	37.60880
장터비빔밥	food	128.89874	37.75348
장터옛날통닭	food	128.90970	37.77094
장터옛날통닭	food	128.82565	37.89065
장터옛날통닭강릉점	food	128.90090	37.75433
장하우스	stay	128.87485	37.70137
장혁민의부대찌개강릉	food	128.86514	37.75637
장희빈	bar	128.90936	37.77096
재미	stay	128.80945	37.85368
재민네	food	128.82967	37.90463
재분이네	shop	128.82932	37.89172
재이카페	cafe	128.90899	37.76471
잭니클라우스	shop	128.89686	37.75281
잼잼마켓강릉점	shop	128.88755	37.75228
쟁반노래연습장	activity	128.87868	37.76659
쟌느	shop	128.86679	37.84323
쟌느빌리지	stay	128.86671	37.84288
쟌비어스	bar	128.90095	37.75407
저스트펀	bar	128.89129	37.75751
저팔계	food	128.87846	37.77126
저팔계콧구멍	food	128.89681	37.75211
적광개발강릉요트타운	activity	128.95104	37.77237
전곱	food	128.91607	37.77161
전국구	bar	128.89992	37.75973
전국한우협회강릉시지부	food	128.91317	37.75396
전기파트너	shop	128.90879	37.72746
전남광주식당	food	128.90342	37.80471
전라광주상회	shop	128.82842	37.89147
전라도집	food	128.87540	37.83788
전망대횟집	food	129.04044	37.68569
전설의육개장	food	128.86873	37.75781
전스프렌즈스크린	activity	128.90551	37.76094
전씨청과	shop	128.82652	37.89064
전주건어물	shop	128.82883	37.89175
전주식당	food	128.85624	37.81845
전통초당순두부집	food	128.89189	37.78628
전통한우	shop	128.85844	37.75795
전평미노래주점	bar	128.89720	37.75236
점봉산산채산나물천국	food	128.90954	37.78935
점핑스타	activity	128.87624	37.76264
점핑점핑	activity	128.89654	37.74288
점핑하니	activity	128.86551	37.74065
접시꽃	food	128.89594	37.75683
정가든	food	128.87699	37.76722
정감	food	128.87950	37.76904
정감이	activity	128.95595	37.71685
정감이농산물	shop	128.96179	37.72154
정감이능이백숙	food	128.95757	37.71665
정감이마을	heritage	128.95585	37.71688
정거장	bar	128.89650	37.75996
정관장	shop	128.82615	37.89076
정관장강릉	shop	128.88069	37.76438
정관장포남전시판매장	shop	128.91091	37.77235
정관장홍삼	shop	128.90199	37.75914
정광슈퍼	shop	128.90688	37.77034
정다운민박	stay	128.87621	37.83851
정다운온누리약국	shop	128.89741	37.75522
정담	food	128.90884	37.78548
정담직화숯불구이	food	128.91687	37.75877
정도물산	shop	128.81369	37.87163
정동만남의광장	food	129.00898	37.68387
정동맛집산채백반식당	food	129.03221	37.69053
정동맥시칸	food	129.03259	37.68905
정동미니슈퍼	shop	129.01618	37.70289
정동바다민박	stay	129.03643	37.68592
정동비치	stay	129.03948	37.68609
정동빛고을	stay	129.03547	37.68700
정동수상레져	activity	129.03283	37.69133
정동식당	food	129.03232	37.68824
정동유선	activity	129.03379	37.69059
정동유선조합	activity	129.03379	37.69059
정동진	heritage	129.03260	37.69141
정동진가는길에	bar	128.97815	37.72683
정동진게스트하우스민박	stay	129.03243	37.68962
정동진대하박힌닭	food	129.03533	37.68651
정동진모텔	stay	129.03762	37.68538
정동진밥집	food	129.03595	37.68617
정동진보스대게	food	129.03675	37.68617
정동진비	stay	129.03431	37.68594
정동진소망스테이	stay	129.04142	37.68247
정동진시간박물관	heritage	129.03750	37.68680
정동진썬게스트하우스	stay	129.03235	37.68996
정동진야식	food	129.03237	37.68891
정동진역주식포차	food	129.03308	37.69088
정동진인천활어회타운	food	129.03643	37.68592
정동진일출맛집	food	129.03212	37.69013
정동진전복뚝배기	food	129.03864	37.68572
정동진정가네순두부	food	129.03224	37.69058
정동진제이	stay	129.03176	37.69090
정동진조각공원	nature	129.04398	37.68203
정동진책방	shop	129.03165	37.69169
정동진초당순두부	food	129.03207	37.69063
정동진카페기억해	food	129.03556	37.68677
정동진팔도횟집	food	129.04077	37.68578
정동진패러마을	activity	129.01618	37.70289
정동진한우불고기쌈밥	food	129.04283	37.68053
정동진항구회센타	food	129.03668	37.68597
정동진항구회센터	food	129.03668	37.68597
정동진해랑대게	food	129.05292	37.66489
정동진해물탕	food	129.03263	37.69099
정동진해변	beach	129.03258	37.69136
정동진회센타	food	129.03979	37.68570
정동짬뽕	food	129.03212	37.69013
정동청과	shop	128.90576	37.76451
정동촌스테이게스트하우스민박	stay	129.03220	37.68917
정동캐슬	stay	129.01148	37.70850
정동캐슬호텔	stay	129.01147	37.70849
정동커피	cafe	129.03835	37.68558
정동행솥밥	food	129.04159	37.68094
정동횟집	food	129.03977	37.68628
정동휘닉스모텔	stay	129.03734	37.68523
정든추어탕	food	128.88077	37.78449
정라진찹쌀떡	food	128.90696	37.76089
정림당	food	128.91213	37.77063
정림생선구이	food	128.82921	37.89230
정마트	shop	128.88880	37.75490
정명사	shop	128.82741	37.89063
정명수펜션	stay	128.79359	37.66419
정무태권도장	activity	128.91184	37.75033
정문약국	shop	128.88826	37.74889
정민슈퍼	shop	128.82140	37.90567
정석이네	food	128.82932	37.89172
정선골곤드레밥집	food	128.89854	37.75774
정선아줌마순메밀부치기	food	128.89837	37.75298
정선취떡	food	128.86787	37.73941
정수기	shop	128.89341	37.75738
정수기직판장	shop	128.89343	37.75748
정스테이	stay	129.01519	37.70378
정아네	shop	128.89862	37.75402
정아네맛집	food	128.90069	37.76198
정아식당	food	128.90095	37.76102
정연소방	shop	128.93059	37.78206
정우크릴강원	shop	128.79127	37.73569
정원숯불갈비	food	128.88014	37.76470
정원식당	food	128.82993	37.89476
정원야생화	stay	128.81834	37.79497
정원캠핑	activity	128.70985	37.87942
정원펜션	stay	128.70985	37.87942
정유진미성식당	food	128.91758	37.77121
정윤이네먹거리	food	128.89851	37.75250
정은숙초당순두부	food	128.91197	37.79084
정은숙초당순두부초당면옥	food	128.91202	37.79075
정일고무	shop	128.82616	37.89039
정지	food	128.90338	37.76091
정통	food	128.89172	37.75618
정파스타	food	128.89635	37.75245
정해숙	food	128.82932	37.89172
정혁수산	shop	128.82932	37.89172
정현식당	food	128.88150	37.75416
정현퍼니처	shop	128.87254	37.78671
정혜영쿡	food	128.87970	37.76741
정화다방	cafe	128.82510	37.89094
정화식당	food	128.89668	37.75777
정희슈퍼	shop	128.98873	37.73478
제니	shop	128.89567	37.75199
제로백강릉	activity	128.87006	37.75720
제비리장칼국수	food	128.84285	37.72483
제비연	cafe	128.86324	37.72825
제성장모텔	stay	128.89893	37.75983
제스파강릉점	shop	128.93423	37.77364
제시뉴욕	shop	128.89497	37.75279
제왕산순대	food	128.82156	37.70946
제왕산순대국밥	food	128.82158	37.70953
제우스	bar	128.89940	37.76051
제이나인펜션	stay	128.91499	37.79443
제이당구클럽	activity	128.87592	37.76248
제이디제임스딘	shop	128.89775	37.75415
제이디풀빌라	stay	128.80026	37.87852
제이블럭	stay	128.89852	37.75902
제이비축산	shop	128.93712	37.76356
제이스크린	activity	128.82065	37.88265
제이씨	cafe	128.87663	37.76917
제이씨강릉	shop	128.82565	37.88913
제이씨강릉주문진지점	shop	128.82567	37.88940
제이앤드제이	stay	128.79459	37.75765
제이앤유통	shop	128.87372	37.76410
제이앤제이	stay	128.93944	37.76387
제이앤컴퍼니	shop	128.90327	37.76035
제이앤케이	food	128.82861	37.88922
제이앤텔	stay	128.90276	37.80550
제이앤피	shop	128.87260	37.77297
제이에스펜션	stay	128.87101	37.80236
제이에이치푸드	food	128.87649	37.77141
제이엘	shop	128.91440	37.77180
제이엠제이골프	shop	128.82397	37.87035
제이와이에스컴퍼니	shop	128.88237	37.75360
제이와이에스컴퍼니	food	128.87903	37.73017
제이제이당구클럽	activity	128.82475	37.88524
제이제이숍	shop	128.90259	37.75021
제이제이지고트	shop	128.89667	37.75331
제이제이패션	shop	128.89760	37.75299
제이컴솔루션	shop	128.89186	37.76009
제이케이골프아카데미	activity	128.87798	37.74612
제이케이종합유통	shop	128.91004	37.76538
제이케이푸드	food	128.87296	37.76342
제이텔레콤	shop	128.87254	37.73789
제일강산	food	128.88116	37.75342
제일건어물	shop	128.82816	37.88964
제일그릇	shop	128.89896	37.75383
제일금거래소골드필	shop	128.89702	37.75353
제일아쿠아	shop	128.88985	37.75421
제일양말	shop	129.02291	37.67865
제일언더웨어	shop	128.89823	37.75340
제일포목	shop	128.89983	37.75300
제일포목	shop	128.90114	37.75398
제일함흥냉면	food	128.89552	37.75080
제일회관	bar	128.82910	37.87565
제일횟집	food	128.89862	37.75402
제주골	food	128.87043	37.76141
제주상회	shop	128.83352	37.89452
제주솥뚜껑	food	128.86774	37.75779
제주아홉혼술바강릉점	food	128.87915	37.76725
제주장어	food	128.90857	37.76723
제주해녀횟집	food	128.83387	37.89438
제주해인	food	128.87682	37.83774
제주해인물회	food	128.87690	37.83777
제주해인물회	food	128.91507	37.77286
제천충주	food	128.83387	37.89438
제천횟집	food	128.83387	37.89438
제철온	shop	128.87005	37.75955
제트짐	activity	128.87496	37.76391
젠가뮤직타운	bar	128.87791	37.76592
젠주	cafe	128.94690	37.77300
젠투에이아이팩토리	shop	128.89258	37.75046
젤라또까사	cafe	128.88147	37.75603
젤라또띠탐	food	128.93278	37.77538
젤라또라니	food	128.87682	37.83774
젤라또마켓	cafe	128.89977	37.75348
젤리멍	shop	128.90442	37.76935
젤리엔버블티	cafe	128.82392	37.89712
젤코바	cafe	128.89363	37.77449
젯뚜	food	128.89374	37.74821
조개공장	food	128.92451	37.78850
조개마을	food	128.87581	37.76710
조개반장	food	128.89914	37.75958
조광상회	shop	128.89862	37.75402
조롱박식당	food	128.82523	37.89422
조명나라	shop	128.82785	37.89982
조미현플라워샵	shop	128.87900	37.76673
조부자매운순대家강릉점	food	128.88152	37.74227
조씨네미역	shop	128.89862	37.75402
조아요펜션	stay	128.89919	37.81197
조아회횟집	food	128.89706	37.74847
조앤카페	cafe	128.81645	37.82878
조약돌삼겹살	food	128.91709	37.77014
조양면옥	food	128.82332	37.88597
조우주패션	shop	128.89587	37.75186
조원식당	food	128.89757	37.75238
조원현에스테틱	shop	128.84166	37.72540
조은약국	shop	128.91362	37.77010
조은헬스케어	shop	128.89825	37.75655
조은횟집	food	128.82821	37.89216
조이자동차할인매장	shop	128.90235	37.76336
조이풀펜션	stay	129.03494	37.68643
조흥장여관	stay	128.82467	37.88364
조희정회도매센타	food	129.04028	37.68568
족발슈퍼입암점	food	128.91654	37.75421
족발야시장	food	128.87068	37.75732
족발의민족	food	128.88898	37.75756
존푸드	food	128.88833	37.75705
종근당헬스벨스토리주문진	shop	128.82581	37.88843
종로건강마트	shop	128.91089	37.77384
종로귀금속	shop	128.89731	37.75452
종로김밥강릉점	food	128.90017	37.75932
종로청국장	food	128.88383	37.75639
종손집가마솥설렁탕	food	128.89614	37.75566
종수반점	food	128.89214	37.75919
종점낚시	shop	128.87545	37.83805
종점포차	food	128.93699	37.77417
종착역	bar	128.91680	37.77088
종합가전프라자	shop	128.88040	37.75536
종합의류상설매장	shop	128.90139	37.76101
종화스킬룸	shop	128.89024	37.77080
종회물산	shop	128.90384	37.76244
좋은곳	stay	128.85994	37.85128
좋은꽃화원	shop	128.91544	37.77705
좋은꿈이불	shop	128.82986	37.89501
좋은날	stay	129.03647	37.61010
좋은날	shop	128.91579	37.77190
좋은날좋은반찬	shop	128.89862	37.75203
좋은날한복	shop	128.90546	37.76206
좋은사람커피	cafe	128.82823	37.88585
좋은생각한식	food	128.82592	37.88876
좋은생활강원총판	shop	128.88609	37.75713
좋은세상	food	128.90203	37.76280
좋은친구들	shop	128.89681	37.75211
주가커피	cafe	128.89211	37.76170
주공디스카운트	shop	128.90605	37.75413
주공면옥	food	128.82322	37.88332
주공반점	food	128.91578	37.76152
주공포차	food	128.90605	37.75413
주니어탁구장	activity	128.87592	37.76248
주락골	food	128.91693	37.78010
주류클럽	bar	128.82510	37.88549
주마강산민박	stay	129.00956	37.68146
주마강산승마카페	food	129.00900	37.68098
주마강산승마클럽	activity	129.00980	37.68148
주막	food	128.87834	37.74014
주막골밥상	food	128.89174	37.76589
주막다리	bar	128.89313	37.75506
주머니	shop	128.87624	37.76511
주몽무역	shop	128.82634	37.88089
주문리마을	heritage	128.82712	37.89287
주문리어촌계	activity	128.81885	37.91064
주문진가마솥설렁탕	food	128.82866	37.87580
주문진건어물시장	shop	128.82880	37.89057
주문진건어물시장상인회	shop	128.82876	37.89115
주문진골프존	activity	128.82563	37.89118
주문진곰치국	food	128.83131	37.89513
주문진기승전갈비	food	128.90154	37.75828
주문진김밥	food	128.82581	37.89311
주문진남매식당	food	128.82794	37.89059
주문진농수산	shop	128.87158	37.80250
주문진다방	cafe	128.82799	37.89285
주문진대게타운	food	128.83019	37.89439
주문진대박식당	food	128.82997	37.89425
주문진도너츠	food	128.82575	37.88818
주문진둥지식당	food	128.82817	37.89184
주문진등대마을스테이	stay	128.83205	37.89666
주문진등대식당	food	128.83124	37.89563
주문진딸기당구장	activity	128.82592	37.88876
주문진마차식당	food	128.87308	37.76195
주문진막국수	food	128.82212	37.90423
주문진맛나반찬	shop	128.82686	37.89110
주문진맛젓갈	shop	128.82921	37.89230
주문진맛집	food	128.82761	37.89280
주문진맛튀김	food	128.82966	37.89200
주문진모퉁이	food	128.82969	37.89472
주문진문화교육센터	etc	128.82230	37.88190
주문진미인상회	food	128.82398	37.88612
주문진바다낚시	shop	128.83178	37.89511
주문진바다배낚시체험	activity	128.91593	37.77200
주문진바다스테이	stay	128.82827	37.88854
주문진밝은세상안경	shop	128.82544	37.88797
주문진밤도깨비	bar	128.82507	37.88499
주문진밤바다	food	128.82759	37.89160
주문진불쭈꾸미	food	128.82776	37.89249
주문진비와이씨	shop	128.82646	37.89038
주문진샘더민속엿	shop	128.82563	37.88985
주문진생선구이	food	128.83093	37.89486
주문진서울횟집	food	128.82821	37.89216
주문진소나무	bar	128.82977	37.89498
주문진수산	shop	128.82681	37.87706
주문진수산시장	shop	128.82795	37.89137
주문진순이네	food	128.87746	37.76950
주문진스쿠버	activity	128.82846	37.88336
주문진스테이	stay	128.83388	37.89702
주문진스포츠클럽	activity	128.82512	37.89020
주문진시골주택민박	stay	128.81471	37.89351
주문진시장약국	shop	128.82585	37.89079
주문진식당	food	128.82823	37.88585
주문진식자재	shop	128.82649	37.88131
주문진식자재마트	shop	128.82627	37.88139
주문진신짬뽕	food	128.82626	37.88774
주문진아이	shop	128.79762	37.75004
주문진약국	shop	128.82602	37.88989
주문진엘림	cafe	128.82618	37.88414
주문진여기어때	bar	128.82799	37.89285
주문진원마트	shop	128.82608	37.88809
주문진원씨푸드	shop	128.82635	37.88824
주문진웰빙수산	food	128.83359	37.89514
주문진웰빙홍게무한리필	food	128.83332	37.89448
주문진의료기보청기	shop	128.82535	37.88679
주문진이동부페	food	128.83643	37.85909
주문진작은다리투다리	bar	128.82486	37.89077
주문진전주식당	food	128.82744	37.89214
주문진젓갈	shop	128.82698	37.89109
주문진종합불교사	shop	128.82540	37.88363
주문진좌판풍물시장	shop	128.82908	37.89055
주문진주방가구	shop	128.83113	37.89584
주문진진아네	food	128.83995	37.87126
주문진탁구장	activity	128.82440	37.88382
주문진티각태각	food	128.82966	37.89200
주문진판장포차	bar	128.82836	37.89418
주문진펜션	stay	128.82844	37.89259
주문진펜션청유	stay	128.72315	37.89147
주문진프라자약국	shop	128.83826	37.86847
주문진한가족오락관	activity	128.82866	37.89464
주문진항	nature	128.82987	37.88759
주문진항유리횟집	food	128.83000	37.88392
주문진해물	food	128.83229	37.88116
주문진해변	beach	128.81882	37.91058
주문진해양박물관	heritage	128.82877	37.89116
주문진행운식당	food	128.82674	37.89345
주문진향이네	food	128.87532	37.76805
주문진헤라소주방	bar	128.83070	37.89523
주문진현아네식당	food	128.82831	37.89162
주문진호텔	stay	128.82912	37.89526
주문진홍게무한리필	food	128.82843	37.88537
주문진황금돼지	food	128.82718	37.87717
주문진황소국밥	food	128.83219	37.89506
주문진횟집	food	128.84298	37.87032
주문하기	bar	128.89703	37.74884
주문해조개	food	128.82869	37.88952
주방가구대성씽크	shop	128.82975	37.89459
주안상	food	128.86867	37.75675
주연카페	food	128.82510	37.89094
주영식당	food	128.89862	37.75402
주영이네	shop	128.82932	37.89172
주원상점	shop	128.89862	37.75402
주인강릉혼술바강릉점	food	128.91650	37.77024
주주	food	128.87654	37.76729
주혁이네	shop	128.82932	37.89172
주희네의정부부대고기	food	128.91791	37.75984
죽방전집	food	128.91919	37.76929
죽방클럽	activity	128.91919	37.76929
죽빵클럽	activity	128.89972	37.76059
죽이야기강릉아산	food	128.85689	37.81817
죽헌식당	food	128.88201	37.77914
준당구장	activity	128.89534	37.74463
준모바일	shop	128.87664	37.76404
준범이네	shop	128.82932	37.89172
준수산	food	128.82419	37.88050
준수산	shop	128.82905	37.90516
준영이네	shop	128.82932	37.89172
준월드통신	shop	128.91082	37.77413
준유통	shop	128.89544	37.75191
준정보통신	shop	128.90492	37.76162
준코뮤직타운강릉	bar	128.87801	37.76572
준타스강릉점	shop	128.89210	37.75897
준푸드	food	128.82833	37.90624
줄리아나	bar	128.89837	37.76147
중경식객강릉점	food	128.89592	37.75368
중고가전마트	shop	128.82707	37.87828
중고나라	shop	128.88738	37.75219
중고뱅크	shop	128.92298	37.76688
중고제품	shop	128.90361	37.74555
중국관	food	128.82680	37.87898
중국미도	food	128.89417	37.75423
중국미도니하오마트지점	shop	128.89662	37.75407
중기골목포토카페	cafe	128.90286	37.76305
중식당	food	128.86689	37.75730
중앙	food	128.89799	37.75371
중앙가든	food	129.03944	37.61306
중앙가방	shop	128.89886	37.75377
중앙고등학교구내매점	shop	128.91504	37.75736
중앙고무	shop	128.82965	37.89429
중앙닭강정	food	128.89927	37.75392
중앙닭발	food	128.89988	37.75355
중앙불교사	shop	128.90114	37.75398
중앙시장왕족발	food	128.89858	37.75358
중앙시장지하남애할머니	shop	128.89862	37.75402
중앙식당	food	128.84773	37.52106
중앙악기	shop	128.89062	37.75733
중앙애니매드	shop	128.82678	37.87993
중앙유리	shop	128.89161	37.75122
중앙장여관	stay	128.82816	37.89230
중앙전통농산	shop	128.89862	37.75402
중앙집식당	food	128.82820	37.89312
중앙청과	shop	128.90126	37.75375
중앙탁구교실	activity	128.90893	37.74844
중앙형제횟집	food	128.89866	37.75405
중앙휴게실	cafe	128.89787	37.75341
중턱마을이가네	food	128.90733	37.76470
중화요리황금성	food	128.90464	37.76079
중화요리흑진주	food	128.85612	37.81716
쥐쥐쥐에이치	cafe	128.88394	37.76388
쥬쥬베펜션	stay	128.87319	37.83644
쥬크펜션	stay	128.84542	37.85806
즈므로	stay	128.85051	37.79646
즈므로스터리	cafe	128.89027	37.75478
즈므즈므	bar	128.87846	37.82790
즉석력불고기	food	128.89079	37.75016
즐거운날	food	128.82485	37.89060
즐겨찾기	food	128.91552	37.78407
즐겨찾기	shop	128.89527	37.75233
지구별여행	bar	128.82476	37.88525
지금보고싶다	bar	128.87860	37.76628
지나테이블	food	128.90374	37.76590
지니얼	cafe	128.85802	37.77085
지니하우스	shop	128.84574	37.83564
지디알라운드힐	activity	128.91304	37.75207
지디알원	activity	128.88657	37.76540
지리산식당	food	128.97279	37.73933
지민이네생선가게	shop	128.89999	37.75328
지방산건어물왕도매	shop	129.03675	37.68617
지베이스	cafe	128.89511	37.75248
지성약국	shop	128.88081	37.74129
지센강릉점	shop	128.89772	37.75397
지안네숯불구이	food	128.82507	37.88499
지에스강릉	shop	128.88356	37.75109
지에스강릉	shop	128.89866	37.75568
지에스강문삼거리	shop	128.91665	37.79584
지에스더프레시강릉	shop	128.91213	37.77063
지엔스피디움	shop	128.91617	37.77941
지엔씨강릉점	shop	128.85784	37.81840
지엘티개발	activity	129.02355	37.67679
지엘티에스피시	activity	129.04708	37.67121
지엠스포츠	activity	128.90327	37.76035
지역인력개발안전용품판매점	shop	128.87729	37.75530
지연식당	food	128.90586	37.76617
지연이네	shop	128.89862	37.75402
지영이네	food	128.89831	37.75308
지영이네소주방	bar	128.91042	37.77440
지오엔	stay	128.83831	37.86016
지운이네엄마손김	shop	128.89848	37.75338
지원수산	shop	128.82932	37.89172
지원식당	food	128.82921	37.89230
지원젓갈	shop	128.82777	37.89162
지유명차강릉점	shop	128.90667	37.75063
지유재	stay	128.91141	37.79293
지지	stay	128.85909	37.72944
지짐이와닭발	bar	128.91652	37.77118
지코바치킨	food	128.87685	37.76893
지코바치킨입암점	food	128.91297	37.75232
지코바치킨포남	food	128.90682	37.76649
지티라운지샾	cafe	128.88967	37.80619
지티알골프아카데미	activity	128.89220	37.77079
지티풀빌라	stay	128.88967	37.80619
지푸드	food	128.89684	37.75912
지프레시	food	128.88386	37.75236
지플러스피시존	activity	128.87472	37.77332
지하다방	cafe	129.03550	37.60976
지항장여관	stay	128.89802	37.76188
지현씨앤디	shop	128.87318	37.73797
지호한방삼계탕	food	128.87266	37.76213
진가락	food	129.03626	37.61032
진격의한잔	bar	128.90856	37.76440
진경한복	shop	128.89862	37.75402
진고개	bar	128.87596	37.77269
진고개건강원	shop	128.72887	37.85069
진고개계곡야영장	stay	128.65673	37.84095
진고개계곡야영장	stay	128.65671	37.84001
진고개냉면	food	128.81741	37.85547
진고개농원식당	food	128.72887	37.85069
진고개별장민박	stay	128.67683	37.84546
진고개식당	food	128.66906	37.84317
진고개참나무숯불갈비	food	128.90910	37.77272
진고개휴게소식당	food	128.65929	37.84319
진도우바	shop	128.89649	37.75263
진또배기	food	128.82544	37.88464
진리	shop	128.89151	37.75542
진리반점	food	128.87482	37.83785
진리상회	shop	128.89862	37.75402
진리스테이	stay	128.87504	37.83642
진리와바다	stay	128.87416	37.83888
진리피자	food	128.87549	37.84103
진리한옥	stay	128.87467	37.83839
진마루차이나	food	128.83911	37.87092
진미식당	food	128.89705	37.75183
진미아구찜	food	128.82485	37.87804
진미양꼬치	food	128.90151	37.76188
진미양꼬치	food	128.91149	37.77396
진보수산건어물	shop	128.87616	37.83837
진보실비	food	128.90967	37.76542
진보양푼이물회	food	128.87616	37.83837
진보양푼이물회횟집	food	128.87619	37.83843
진부댁실내포차	bar	128.91054	37.75555
진부식당	food	128.89088	37.75506
진부여인숙	stay	128.89925	37.76284
진부집부침	food	128.90034	37.75439
진뼈해장국감자탕	food	128.91717	37.79632
진사집	food	128.86851	37.80367
진산임업	shop	128.90199	37.75914
진성수산	shop	128.82932	37.89172
진아네	shop	128.83020	37.89405
진영두부마을	food	128.89952	37.75803
진영사	cafe	128.77048	37.88073
진영슈퍼	shop	129.03341	37.60740
진영집	food	128.89346	37.75366
진영호횟집	food	128.82450	37.90679
진재골식당	food	128.88648	37.72806
진주네	shop	128.82932	37.89172
진평양행	activity	128.89409	37.75125
진하우스	stay	128.87158	37.80250
진화해변횟집	food	128.83407	37.89507
질가집	food	128.89676	37.74763
질러	bar	128.87791	37.76592
짐크래커	activity	128.90837	37.77341
집밥생각	food	128.91491	37.77277
집빵교실	shop	128.88166	37.74498
징베	food	128.86785	37.75749
짜왕	food	128.88076	37.77131
짜이라이	food	128.91109	37.75440
짜장이랑짬뽕이랑	food	128.93927	37.77348
짝패	bar	128.82952	37.89497
짠	bar	128.88246	37.74401
짤순네	bar	128.82871	37.87607
짬뽕뽕직화짬뽕	food	128.91034	37.76829
짬뽕삼대장	food	128.89928	37.74363
짬뽕순두부전문	food	128.88718	37.74619
짬뽕의신	food	128.82578	37.88377
짬뽕한선생	food	128.90093	37.75071
짱	shop	128.82570	37.88737
짱게임장	activity	128.89756	37.76029
짱구네숯불돼지갈비	food	128.90683	37.76728
짱구분식	food	128.90358	37.76240
짱당구클럽	activity	128.90303	37.76311
짱신	food	129.05011	37.65267
짱신	food	129.05160	37.66489
짱이야더블치킨강릉대	food	128.88403	37.76903
짱이야임실피자치킨한식	food	128.90973	37.76928
짱카페	food	128.89667	37.74645
쩡이네매운등갈비찜	food	128.86545	37.75690
쪼닭관	food	128.87688	37.73937
쪽쪽갈비강릉	food	128.86722	37.75673
쭈니네	shop	128.90071	37.75756
쭌스포츠	shop	128.90311	37.76288
쯩라이김정래셰프의중화요리	food	128.86565	37.75652
찌엔차오	food	128.89145	37.75735
찐찐노래클럽	bar	128.82808	37.89401
찐찐회포차	food	128.87396	37.76113
찜대감	food	128.92021	37.79137
차반낙지	food	128.88259	37.75490
차씨네농장	stay	128.69090	37.84711
차앤차롱	cafe	128.90728	37.76643
차온커피	cafe	128.90311	37.76288
차이나무	food	128.91526	37.77718
차이루	food	128.87713	37.76981
차이카나보스토크	food	128.89874	37.75988
차이하나	food	128.89689	37.75905
차전자	cafe	128.90520	37.78616
차차동	food	128.87834	37.76909
차칸밥상	food	128.89570	37.75134
차향기	cafe	128.89293	37.75582
차현희순두부청국장	food	128.91652	37.79111
착한고기	food	128.87987	37.76475
착한모바일	shop	128.90808	37.76445
착한분식	food	128.92038	37.75906
착한슈퍼	shop	128.90878	37.80377
착한식당	food	128.83243	37.89485
착한코다리	food	128.87038	37.76298
착한황금돼지	food	128.87994	37.76479
찰떡부부	food	128.91210	37.76937
참나무민박	stay	128.67576	37.84559
참맛수산	shop	128.89862	37.75402
참맛왕갈비	food	128.88246	37.76867
참빛이엔지	shop	128.90971	37.76593
참사랑안경	shop	128.89183	37.76506
참새방앗간	food	128.90884	37.75551
참새앤방앗간	food	128.90888	37.75541
참새와방앗간	bar	128.90984	37.76910
참선진녹즙강릉	shop	128.90240	37.74598
참소리에디슨손성목영화박물관	heritage	128.89740	37.79783
참순찰떡방	food	128.89835	37.75346
참순찰떡방	food	128.93891	37.76386
참순찰떡방	food	128.90531	37.76273
참이맛감자탕회산점	food	128.86812	37.74087
참조은생활마트	shop	128.90917	37.75615
참조은생활마트	shop	128.91037	37.77096
참좋은농산	shop	128.91257	37.68910
참치라이더	food	128.91297	37.75232
참치마루	food	128.91553	37.78352
참치앤초밥	food	128.91837	37.75975
참치엔초밥	food	128.91840	37.75980
참치이야기	food	128.89298	37.76535
참치정육점	food	128.90551	37.76463
찹쌀꽈배기엔핫도그	food	128.87998	37.74143
창강릉점	shop	128.90742	37.76388
창너머감나무	stay	128.88608	37.75117
창범스포츠	shop	128.93344	37.71384
창성식당	food	128.82958	37.89401
창수네	shop	128.82932	37.89172
창신당	shop	128.89677	37.75241
창업파트너	shop	128.69090	37.84711
창영수산	shop	128.81635	37.88109
창원호	shop	128.82932	37.89172
창일식당민박	stay	128.83347	37.89663
창조텔레콤	shop	128.86840	37.74102
창테라피	shop	128.89888	37.75782
창해	shop	128.90419	37.74153
채레쉬	shop	128.88254	37.75591
채반	food	128.88510	37.74525
채선당	food	128.87649	37.76440
채여사의한뚝배기추어탕	food	128.86873	37.75781
책마루	shop	128.90254	37.76302
책자람	shop	128.93129	37.77550
챌린저골프강릉점	shop	128.86611	37.76455
챔피언	activity	128.90303	37.76311
챨스	shop	128.89767	37.75274
처가집백반	food	128.89809	37.76038
처갓집양념치킨	food	128.82589	37.88100
처갓집양념치킨	food	128.87890	37.73729
처갓집양념치킨	food	128.91908	37.76898
처갓집양념치킨	food	128.90995	37.76499
처갓집양념치킨강릉	food	129.03661	37.61025
처갓집양념치킨강릉	food	128.87245	37.77236
처갓집양념치킨내곡관	food	128.87732	37.73946
처갓집양념치킨정동진점	food	129.03609	37.68592
처음처럼테니스클럽	activity	128.82895	37.88227
천국양말	shop	128.89733	37.75309
천년바위	food	128.66508	37.84303
천둥노래연습장	activity	128.90635	37.77067
천둥수산	food	128.94919	37.77112
천둥회와조개	food	128.94900	37.77117
천리향	shop	128.91219	37.77332
천만금	shop	128.91665	37.79584
천사건강원	shop	128.89134	37.76487
천사곱창강릉	food	128.91096	37.77087
천사마약꼬마김밥	food	128.90200	37.75863
천사소주클럽	bar	128.90125	37.76318
천연염색골무	shop	128.91126	37.79108
천운씨앤씨	shop	128.90987	37.76605
천일당구장	activity	129.03550	37.60976
천일삼겹살	food	128.89881	37.75935
천일상회	shop	128.82883	37.89175
천일식당	food	128.89882	37.75958
천진동해장국	food	128.88259	37.75490
천하명당	activity	128.82664	37.88019
천하횟집	food	128.82821	37.89216
철가방	food	128.82836	37.89418
철길부산집	food	128.82553	37.88591
철길부산집강릉	bar	128.87744	37.76702
철길부산집강릉	food	128.86834	37.75719
철다리	food	128.89644	37.75744
철뚝상점	shop	128.82435	37.89123
철뚝소머리국밥	food	128.82438	37.89205
철뚝소머리집	food	128.82436	37.89214
철이네	food	128.82935	37.90450
철이네회	food	128.83209	37.89510
철이당구클럽	activity	128.82453	37.88581
청객	stay	128.89502	37.75764
청기와보양식당	food	128.89494	37.75710
청기와식당	food	128.82921	37.71477
청기와한정식	food	128.90109	37.76116
청년고기장수강릉노암점	food	128.89499	37.74242
청년다방	food	128.89470	37.75260
청년찌개강릉점	food	128.87649	37.77141
청년피자	food	128.82515	37.88596
청년피자강릉	food	128.89407	37.75822
청담	bar	128.87584	37.76666
청담	food	128.87972	37.76476
청담샵	shop	128.87237	37.83849
청담이상	bar	128.87815	37.76631
청도양꼬치	food	128.89073	37.74594
청도회관	food	128.87006	37.75720
청량골	food	128.91857	37.74453
청림나무병원	shop	128.89553	37.76671
청불천막집포차강릉	food	128.91642	37.77001
청사초롱감자탕	food	128.87763	37.75525
청솔공원식당	food	128.81914	37.82926
청솔반점	food	128.84408	37.86506
청송당구장	activity	128.91303	37.77016
청송대가제사	food	128.91181	37.76991
청송떡방앗간	food	128.91189	37.77026
청송식당	food	128.87646	37.73563
청송유리·샷시	shop	128.91692	37.76890
청송장칼국수	food	128.91456	37.76958
청송참치	food	128.91732	37.77036
청수	food	128.84098	37.77703
청수그린가든	food	129.04079	37.60824
청시행아이앤씨더프롤로그필드	food	128.92987	37.77897
청실홍실혼수전문	shop	128.89756	37.76029
청애견미용	shop	128.82718	37.87931
청야	shop	128.90474	37.77024
청연	food	128.89632	37.75932
청운건강원	shop	128.90962	37.77141
청운건어물직판장	shop	128.83161	37.89481
청운여인숙	stay	128.89728	37.76167
청이	food	128.89419	37.75573
청정갯마을	food	128.89340	37.75625
청정건어물직매장	shop	128.82839	37.89109
청정대게	food	128.82814	37.89028
청정식품	shop	128.82507	37.89153
청주무심천건어물	shop	128.82921	37.89230
청주무심천대게	food	128.82921	37.89230
청주본가강릉점	food	128.88319	37.74399
청주진천상회	shop	128.82816	37.88915
청춘당구장	activity	128.91132	37.77380
청춘돌우럭	food	128.91755	37.79564
청춘돌우럭강릉	food	128.91755	37.79564
청춘포차	bar	128.90913	37.76458
청파산업	shop	128.87387	37.70466
청풍	stay	128.87970	37.77872
청풍명월	food	128.83387	37.89438
청학골	food	128.91676	37.76995
청학동순대	food	128.87878	37.76531
청학추어탕	food	128.84942	37.82295
청해노래연습장	activity	128.87766	37.73966
청해노래연습장	activity	129.03946	37.68557
청해당구장	activity	128.89830	37.76086
청해반찬	shop	128.89915	37.75364
청해상회	shop	128.89863	37.75343
청해원	food	128.89769	37.75656
청해포	food	128.86692	37.75687
청해횟집	food	128.82890	37.88586
청호나이스렌탈강릉점	shop	128.90699	37.75993
청호약국	shop	128.87756	37.76394
청화당	shop	128.89862	37.75402
청화대	food	129.01269	37.68295
청화대뚝배기동태탕	food	128.91225	37.77191
체리제이	shop	128.89248	37.74209
체리코스	shop	128.90463	37.76645
체리홀릭	shop	128.89447	37.75216
체육시설사업소	activity	128.89709	37.77930
체육시설사업소	activity	128.89785	37.77370
체육시설사업소북부수영장	activity	128.83203	37.87658
체이스	shop	128.89630	37.75900
체이스컬트강릉홈플러스	shop	128.89866	37.75568
체인지볼	shop	128.90260	37.74350
체크이스트	cafe	128.91293	37.76619
첼시마켓	food	128.91835	37.76913
초가집	food	128.90817	37.74757
초가집	food	128.98781	37.73294
초당건어물	shop	128.91673	37.78370
초당고래로스팅카페	cafe	128.91350	37.78853
초당고부순두부	food	128.91857	37.78465
초당골순두부	food	128.91205	37.78823
초당길낭만게장	food	128.91236	37.79015
초당꼬마김밥	food	128.91264	37.79253
초당누카	food	128.90020	37.75325
초당다나정원	food	128.90973	37.78762
초당다육	shop	128.92093	37.78398
초당닭내장	food	128.91444	37.78608
초당당구장	activity	128.91553	37.78352
초당당물회	food	128.87699	37.76722
초당더쉼펜션	stay	128.91115	37.79245
초당두부마을국산콩지킴이	food	128.91466	37.79115
초당두부연	food	128.86442	37.75404
초당떡공장	food	128.91415	37.78686
초당막국수	food	128.82901	37.80106
초당맷돌순두부	food	128.91545	37.79012
초당맷돌젤라또	cafe	128.91535	37.78976
초당명가	food	128.91522	37.78959
초당명가짬뽕순두부	food	128.91522	37.78959
초당미소	food	128.91639	37.78459
초당민들레	food	128.91297	37.78672
초당버거	food	128.91489	37.79142
초당별하재	stay	128.91610	37.78686
초당본가주문진막국수	food	128.91876	37.78501
초당본가짬뽕순두부	food	128.91575	37.79189
초당부일손칼국수	food	128.91415	37.78593
초당비스트로	food	128.91051	37.78795
초당소금빵	cafe	128.91249	37.78784
초당솔향약국	shop	128.91522	37.78459
초당순	cafe	128.91366	37.78787
초당순두부당	food	128.89927	37.75372
초당순두부떡갈비	food	128.91427	37.78845
초당순두부마을	heritage	128.91550	37.79450
초당아트	shop	128.91284	37.77951
초당알탕	food	128.91710	37.78336
초당연순두부	food	128.91427	37.78845
초당오죽헌소갈비찜	food	128.91300	37.79229
초당왕갈비	food	128.92001	37.78442
초당요기숙	stay	128.91126	37.79108
초당젤라또도깨비점	food	128.83373	37.87947
초당찹쌀순대	food	128.91271	37.78694
초당커피	cafe	128.91493	37.79146
초당커피정미소	cafe	128.91368	37.78719
초당콩작소	food	128.90026	37.75375
초당콩콩감옥	shop	128.91445	37.78641
초당토박이할머니순두부	food	128.91360	37.78818
초당하우스	stay	128.91398	37.79045
초당한솔순두부감나무집	food	128.91442	37.78860
초당한식	food	128.91004	37.78941
초당한우가	food	128.90881	37.78821
초당할머니순두부	food	128.91538	37.79058
초당화	food	128.91149	37.79119
초당훈이순두부짬뽕	food	128.91357	37.79197
초대파티하우스	food	128.92928	37.78252
초려	food	128.91141	37.80132
초려공방	shop	128.87992	37.77945
초록민박	stay	128.71511	37.84665
초롱식품	shop	128.91003	37.77399
초리가든	shop	128.90587	37.76842
초밥대통령	food	128.86999	37.75783
초선	bar	128.90049	37.76045
초선마라강릉점	food	128.89988	37.76213
초시마루	stay	128.83826	37.85249
초시막국수	food	128.83921	37.85301
초시산장	stay	128.81163	37.84444
초심	bar	128.82780	37.89256
초우당막국수	food	128.91532	37.78514
초원	shop	128.82905	37.89478
초원	food	128.83998	37.86927
초원	food	128.83030	37.71528
초원고기집	food	128.88136	37.74312
초원부침	food	128.89880	37.75330
초원숯불갈비	food	128.91754	37.77093
초원이모네	food	128.88222	37.74487
초원휴게음식점	food	128.88432	37.78460
초이끄	shop	128.81310	37.85477
초이스스테이	stay	128.89483	37.75738
초장집	food	128.89822	37.75359
초충도이야기종합갤러리	shop	128.88860	37.77343
초콜릿	bar	128.91610	37.76996
초콜릿	stay	128.88787	37.80782
초콜릿노래궁	bar	128.89720	37.75999
초콜릿노래연습장	activity	129.03212	37.69013
촨차이	food	128.87110	37.80268
촨촨	food	128.87899	37.76575
최가네갈비탕	food	129.03426	37.60784
최가네닭갈비	food	128.91843	37.75732
최가네한방능이백숙	food	128.87902	37.73303
최강곱도리	food	128.91259	37.77078
최고점핑	shop	128.91242	37.75096
최대게	food	128.82815	37.88942
최대포	bar	128.89803	37.76003
최대포	food	128.82510	37.88526
최대표갈비	food	128.89321	37.74382
최백정푸줏간	shop	128.89459	37.75224
최씨국수집	food	128.87798	37.76941
최씨장칼국수	food	128.92018	37.79132
최씨장칼국수	food	128.87798	37.76941
최일순짬뽕순두부	food	128.90349	37.80477
최일순짬뽕순두부충남대전식당	food	128.90342	37.80471
최효성	shop	128.83075	37.89501
추억	bar	128.82977	37.89498
추억노래궁	bar	128.89787	37.76058
추억다방	cafe	128.82877	37.89418
추억의맛집	food	128.89770	37.75832
추억의시작펜션	stay	128.88265	37.71382
추억촌	stay	128.80308	37.71729
추오정남원추어탕	food	128.87384	37.76302
축항	food	128.90627	37.76410
축협하나로수산	shop	128.88081	37.74129
춘남식당	food	128.86687	37.75746
춘리마라탕강릉	food	128.87006	37.75720
춘리마라탕입암점	food	128.91870	37.76047
춘몽	bar	128.82856	37.88769
춘복살롱	shop	128.92120	37.75717
춘심이	bar	128.90766	37.76352
춘자게스트하우스	stay	129.03212	37.69013
춘자네밥집	food	129.03243	37.68962
춘자상회	shop	129.03212	37.69013
춘자소주클럽	bar	128.90057	37.76088
춘자여인숙펜션	stay	128.68920	37.84785
춘천마신는닭갈비	food	128.89445	37.75240
춘천명가닭갈비	food	128.89526	37.74255
춘천명동닭갈비	food	128.91791	37.75984
춘천명물닭갈비	food	128.82619	37.88190
춘천명품닭갈비	food	128.89438	37.75229
춘천수미닭갈비	food	128.91702	37.75989
춘천우미닭갈비	food	128.88128	37.76507
춘천유정닭갈비	food	128.91287	37.76943
춘천정통닭갈비	food	128.90517	37.76186
춘천진미닭갈비	food	128.90962	37.76965
춘천진선닭갈비	food	128.88549	37.75132
춘천집	food	128.98908	37.73395
춘천촌닭갈비	food	128.89799	37.75818
춘천최가네닭갈비	food	128.91839	37.75726
춘천후레쉬닭갈비	food	128.90935	37.76980
춘천１번지닭갈비	food	128.89485	37.75232
춘천１번지닭갈비	food	128.87831	37.74072
춘하추동	food	128.90545	37.76508
춘향이	bar	128.82785	37.89277
춘향이노래궁	bar	128.89972	37.76059
춘화담	shop	128.91734	37.76973
춤추는호랑이	activity	128.89088	37.75506
충남공주건어물	shop	128.82830	37.89092
충남공주횟집	food	128.82921	37.89230
충남논산보령건어물	shop	128.82862	37.88851
충남뼈다귀해장국	food	128.90098	37.76005
충남서산건어물	shop	128.82841	37.89131
충남세종건어물	shop	128.82819	37.89303
충북경기	food	128.83387	37.89438
충북음성수원안성건어물	shop	128.82836	37.88830
충북충주제천상회	shop	128.82845	37.89158
충영상회	shop	128.89862	37.75402
충주네	shop	128.82932	37.89172
충주자매	food	128.83387	37.89438
충청도건어물	shop	128.70760	37.81601
충청도횟집	food	128.83387	37.89438
충청제천보은건어물	shop	128.88778	37.76007
취해	food	128.87710	37.76957
취화선	bar	128.89285	37.76531
츄러스늘곰	food	128.95021	37.77057
치앙마이	shop	128.87633	37.76695
치요남치킨강릉	food	128.87356	37.76465
치즈바다	stay	128.83398	37.82465
치즈실내복강릉점	shop	128.87624	37.76264
치즈카페에덴	cafe	128.91694	37.77184
치코스타코	food	128.91755	37.75921
치킨사랑	food	128.91444	37.78608
치킨엔호프	food	128.70449	37.84664
치킨인더키친강릉	bar	128.84509	37.86873
치킨인류내곡	food	128.87711	37.73922
치킨플러스강릉	food	128.91191	37.77341
치하오	food	128.88172	37.74134
친구네	food	128.90338	37.76091
친구네포차	food	128.82856	37.89435
친구포장마차	bar	128.90017	37.75932
친친포차강릉	bar	128.91779	37.75934
친한친구	bar	128.91714	37.76987
칠갑산숯불돼지갈비	food	128.90850	37.76561
칠공주불고기	food	128.80883	37.91505
칠봉산자락	food	128.84973	37.72255
칠성산	nature	128.89528	37.67683
칠성이네	shop	128.82932	37.89172
칠성포차	bar	128.82549	37.88378
칡냉면땡기는날	food	128.89705	37.75288
카나다보청기센터	shop	128.89879	37.75735
카놈타이	food	128.88548	37.75746
카니발	bar	128.89769	37.75656
카니발노래연습장	activity	128.91089	37.77384
카루소	bar	128.87747	37.76354
카루펜션	stay	128.89953	37.80866
카르페디엠	cafe	128.84592	37.86842
카리브모텔	stay	129.03944	37.68501
카리스마	bar	128.91148	37.77074
카리스펜션	stay	128.85293	37.85736
카멜리아문강릉중앙	shop	128.89862	37.75402
카멜카페	cafe	128.85893	37.76919
카슈술파는노래밤	bar	128.89796	37.76050
카스광장	bar	128.91235	37.77018
카에나	food	128.91021	37.76626
카이산	bar	128.86959	37.75683
카이신	food	128.86820	37.75689
카키	cafe	128.86215	37.76589
카톨릭성물	shop	128.90243	37.76048
카페가배기관차	cafe	128.90655	37.76702
카페기와	cafe	128.91632	37.78589
카페길가온	cafe	128.97790	37.72692
카페끌레오	cafe	128.85224	37.79495
카페남문동	cafe	128.89168	37.75147
카페남산	cafe	128.89353	37.74614
카페노리	cafe	128.85675	37.82565
카페누아베이커리	food	128.91184	37.75033
카페달리	food	128.89797	37.75746
카페더유월	cafe	128.82604	37.88071
카페덕덕	cafe	128.91395	37.79429
카페덩어리	food	128.82883	37.89175
카페동화	cafe	128.91466	37.79115
카페드플로르	cafe	128.89371	37.75742
카페디드	cafe	128.90475	37.76578
카페뜰	cafe	128.88158	37.77850
카페라미아	cafe	128.89424	37.81515
카페라우머	cafe	128.90318	37.78142
카페라움	cafe	128.89896	37.75282
카페라인	cafe	128.89663	37.76006
카페라카이	cafe	128.90448	37.80706
카페랑	cafe	128.90357	37.76804
카페로와	cafe	128.88801	37.74550
카페루아	cafe	128.80312	37.90767
카페르부아폼므	cafe	128.87713	37.76778
카페리안강릉	cafe	128.87260	37.77297
카페리프	cafe	128.89901	37.75834
카페마노아	cafe	128.88197	37.75963
카페마카조은	cafe	128.88989	37.75374
카페맬굼	cafe	128.82594	37.89147
카페머무르다	cafe	128.95427	37.72707
카페명경	cafe	128.91144	37.74776
카페명주동	cafe	128.89114	37.74991
카페모노웜	cafe	128.87648	37.76837
카페몽삼	cafe	128.79471	37.73747
카페미담	cafe	128.88254	37.74046
카페밀	cafe	128.91695	37.79446
카페바니	food	128.87699	37.73902
카페바체프	cafe	128.87641	37.77462
카페범	cafe	128.90356	37.76658
카페베네안목점	cafe	128.94971	37.77077
카페보타닉	cafe	128.89056	37.79249
카페브라질	cafe	128.91372	37.77485
카페브리엘	cafe	128.87630	37.84054
카페블루향기	bar	128.92587	37.71426
카페빈스픽	cafe	128.91287	37.77429
카페사과나무	cafe	128.86689	37.83171
카페살림	cafe	128.88482	37.75327
카페소돌엔	cafe	128.82794	37.90632
카페솔	cafe	128.89807	37.73925
카페솔잎	cafe	128.91003	37.77183
카페스타핏	cafe	128.87540	37.76333
카페스프라우츠	cafe	128.91705	37.77144
카페아레나	cafe	128.90096	37.77364
카페어퍼스트로피	cafe	128.89961	37.75469
카페언덕앤	cafe	128.84612	37.86197
카페연주로	cafe	128.82437	37.88508
카페오버더레인보우	cafe	128.87631	37.83839
카페오션스강릉수제버거경포대점	food	128.91426	37.79468
카페오즈	cafe	128.86011	37.85114
카페온다	cafe	128.88388	37.82368
카페우수	cafe	128.91218	37.77625
카페웨이브	cafe	128.89649	37.81356
카페유하의골목	cafe	128.89426	37.75758
카페윤슬	cafe	128.89279	37.75182
카페이프	cafe	128.89111	37.75738
카페인	cafe	128.90987	37.76605
카페임당	cafe	128.89171	37.75434
카페정화	cafe	128.90256	37.74676
카페정화	cafe	128.89835	37.75346
카페처음	cafe	128.90899	37.76711
카페츠키	cafe	128.85658	37.75969
카페칠공공	cafe	128.88014	37.77886
카페카모메	cafe	128.87605	37.76896
카페캔슈	food	128.93765	37.77529
카페콥스	cafe	128.91449	37.78818
카페키키모라	cafe	128.91523	37.78633
카페태인	cafe	128.89780	37.74717
카페테디	cafe	128.89752	37.75439
카페테라스	cafe	128.91430	37.79901
카페툇마루	cafe	128.91450	37.79295
카페파나마	cafe	128.88020	37.78421
카페파티오	cafe	128.87371	37.73734
카페평화	cafe	128.91061	37.76817
카페포랑	cafe	128.91822	37.77026
카페폴앤메리	food	128.91688	37.79679
카페폼므	cafe	128.87713	37.76778
카페프랑	cafe	128.87658	37.76693
카페프렌즈	food	128.87746	37.74265
카페프렛	food	128.91861	37.79426
카페프루스트	cafe	129.03232	37.69119
카페프코의집	cafe	128.90140	37.76043
카페피노	cafe	128.89237	37.75834
카페하월지	cafe	128.82803	37.89481
카페해림	cafe	128.84605	37.86839
카페화조월석	cafe	128.83176	37.71629
카프리	bar	128.90052	37.75930
칸	food	128.89058	37.75553
칸타타	food	128.91624	37.79576
칸펜션	stay	128.87512	37.83774
칼언니횟집	food	128.89862	37.75402
칼언니횟집수산	shop	128.89862	37.75402
칼집삼겹	food	128.89689	37.75159
캉캉	cafe	128.87565	37.76256
캐리어에어컨공조	shop	128.89773	37.74255
캐리어에어컨에어존	shop	128.91531	37.77372
캐리통신	shop	128.92720	37.77380
캐빈	stay	128.89618	37.75120
캐슬모텔	stay	129.03209	37.69103
캐치팡팡입암점	activity	128.91898	37.75966
캔	shop	128.89666	37.75388
캠프	bar	128.90553	37.76501
캠핑독	shop	128.75802	37.66106
캠핑스테이	stay	128.71595	37.54819
캠핑트렁크강릉점	shop	128.88840	37.77641
캡슐인강릉	stay	128.91816	37.79486
캣츠모텔	stay	128.87462	37.76328
커스텀메이드	shop	128.88656	37.74045
커플	bar	128.90765	37.76477
커피나누기	cafe	128.89882	37.75293
커피나무	cafe	128.91186	37.77318
커피네옷장이야기	shop	128.89708	37.75306
커피누리	cafe	128.91211	37.77210
커피누리유	cafe	128.71068	37.84691
커피다	cafe	128.87713	37.76949
커피도하	cafe	128.90876	37.76825
커피드로잉	cafe	128.87663	37.84027
커피드립퍼	cafe	128.87314	37.76137
커피러버스	cafe	128.89893	37.75444
커피로움	cafe	128.82759	37.88519
커피로움강릉점	cafe	128.89312	37.75846
커피마마퀸	cafe	128.88628	37.74805
커피마실	cafe	128.88025	37.74023
커피방앗간	cafe	128.87398	37.76338
커피벌스데이	cafe	128.89267	37.75781
커피베이	cafe	128.87480	37.76595
커피베이강릉내곡점	cafe	128.88224	37.74205
커피베이강릉송정	cafe	128.93871	37.77847
커피볼드	cafe	128.87808	37.76974
커피블럭	cafe	128.91285	37.77004
커피설콩	cafe	128.89110	37.75080
커피세리머니	cafe	128.90995	37.77334
커피썬	cafe	128.87897	37.76649
커피씨엘	cafe	128.94619	37.77335
커피아메리카	cafe	128.94942	37.77101
커피아워	cafe	128.87591	37.76781
커피앙코르	cafe	128.89178	37.76568
커피애	cafe	128.91457	37.73119
커피앤	cafe	128.88856	37.76427
커피앤조	cafe	128.91236	37.75108
커피앤피플	cafe	128.79178	37.75969
커피앤하루	cafe	128.88245	37.76801
커피여행슈퍼	shop	129.03718	37.68579
커피의온도	cafe	128.90074	37.75923
커피집	cafe	128.82932	37.89172
커피커퍼강릉점	cafe	128.94516	37.77366
커피커퍼박물관	heritage	128.91582	37.79401
커피커퍼안목점	cafe	128.94724	37.77264
커피코나	cafe	128.86483	37.75421
커피콩빵	cafe	128.91842	37.79454
커피쿡강릉	cafe	128.90995	37.77017
커피클럽	cafe	128.89877	37.75722
커피하버	cafe	128.82925	37.89280
커피향	cafe	128.86316	37.84904
커피회관	cafe	128.87041	37.76304
컨츄리공방	shop	128.85308	37.85701
컨츄리온다이닝	food	128.89058	37.75129
컨피네스오션스위트	stay	128.87461	37.83661
컬리수	shop	128.89731	37.75452
컴파스스테이션	stay	128.89709	37.75690
컴패션랩	activity	128.86822	37.81708
컴페니온	stay	128.86616	37.84229
컴포유시스템	shop	128.91170	37.73566
컴포즈	cafe	128.87005	37.75685
컴포즈커피강릉	cafe	128.91483	37.77014
컴포즈커피강릉	cafe	128.82816	37.89021
컴포즈커피강릉	cafe	128.87836	37.76526
컴포즈커피강릉솔올점	cafe	128.87897	37.77144
컴포즈커피강릉역육	cafe	128.90137	37.76279
컴포즈커피강릉임당점	cafe	128.89408	37.75556
컴포즈커피강릉입암점	cafe	128.91744	37.75984
컴포즈커피강릉중앙	cafe	128.89977	37.75348
컴포즈커피강릉회산점	cafe	128.86621	37.73933
컴할인마트	shop	129.03233	37.69011
케냐	cafe	128.87715	37.77015
케모노	bar	128.91898	37.75966
케밥	food	128.81767	37.91014
케밥빵집	food	128.89671	37.75945
케이당구카페	cafe	128.87006	37.75720
케이당구클럽	activity	128.87006	37.75720
케이디컴퍼니	food	128.91365	37.79945
케이모텔	stay	128.89796	37.75987
케이비제이	cafe	128.94711	37.77137
케이비제이순두부젤라또초당점	food	128.91549	37.79170
케이비컴퍼니	bar	128.91365	37.79945
케이스룸	shop	128.89612	37.75398
케이스포츠	shop	128.90009	37.77258
케이양한우곱창	food	128.91496	37.76971
케이엠지엠강릉점	bar	128.87879	37.76579
케이엠지엠한국마인드게임멤버강릉	bar	128.87879	37.76579
케이인케이	shop	128.87371	37.73734
케이크데이지	food	128.89143	37.75605
케이투강릉	shop	128.89555	37.75145
케이투강릉경포점	shop	128.87615	37.78425
케이티엑스오비광장	food	128.90382	37.76215
케이팝노래타운	bar	128.91948	37.75930
케이팝전자	activity	128.91270	37.77019
케이풀빌라	stay	128.86981	37.84551
켈리킴	shop	128.89624	37.75221
코끼리만두	food	128.91089	37.77384
코너카페	cafe	128.84758	37.86784
코다리마을	food	128.91670	37.78449
코닥어패럴강릉점	shop	128.89551	37.75196
코데즈컴바인이너웨어	shop	128.89632	37.75373
코레일유통강릉역	shop	128.89966	37.76453
코렉스강릉	shop	128.90124	37.76369
코리아모텔	stay	128.82701	37.88468
코리안숯불닭바베큐	food	128.91337	37.77010
코리엔탈깻잎치킨	food	128.90573	37.76734
코모도모텔	stay	128.90424	37.80390
코미치바다펜션	stay	128.89360	37.81446
코바코	food	128.85582	37.81729
코버트	cafe	128.89164	37.75870
코스모스	shop	128.89780	37.75316
코스모스	shop	128.82932	37.89172
코스모스모텔	stay	128.89831	37.76178
코스테	stay	128.88955	37.81959
코아모텔	stay	128.91275	37.79969
코와	food	128.81869	37.79408
코와붕가마켓	shop	128.91403	37.78605
코우	shop	128.82217	37.88364
코웨이렌탈강릉점	shop	128.90699	37.75993
코인박스노래연습장	activity	128.89666	37.75388
코인킹	activity	128.89411	37.74241
코즈밀	food	128.89119	37.75748
코즈볼강릉센터	shop	128.89217	37.75136
코지마안마의자강릉점	shop	128.87324	37.76564
코지모텔	stay	128.89779	37.76010
코지하우스	stay	128.73580	37.84878
코코	shop	128.89685	37.75359
코코나무	food	128.87778	37.76844
코코랑	cafe	128.93033	37.76741
코티지플라워가든	shop	128.89154	37.75114
콜그린	shop	128.82596	37.89172
콜롬보식당	food	128.89821	37.75214
콜핑강릉점	shop	128.92265	37.77060
콩가네	food	128.89173	37.79825
콩밀	cafe	128.91882	37.78404
콩방앗간	cafe	128.83168	37.88143
콩삐납따기	food	128.89697	37.75428
콩새야	food	128.91748	37.75986
콩새장치찜	food	128.89970	37.76050
콩쥐네김밥	food	128.89935	37.75404
콩즈하우스	cafe	128.89196	37.75836
콩집	cafe	128.89672	37.75293
쿠이씽	food	128.87780	37.76773
쿠켄	food	128.88542	37.74870
쿠쿠스토어강릉점	shop	128.89111	37.75790
쿠쿠정수기렌탈강릉점	shop	128.90699	37.75993
쿠키스하우스	cafe	128.88596	37.75663
쿤마트	shop	128.85564	37.74107
쿤아시아마트	shop	128.87618	37.76783
쿱스토어전북강릉	shop	128.87548	37.76364
퀴스테	stay	128.91588	37.79527
퀸마리나	cafe	128.95104	37.77237
퀸스베리	shop	128.89436	37.75161
퀸즈노래궁	bar	128.89957	37.76031
퀸즈앤피플	cafe	128.90817	37.74757
퀸피시방	activity	128.83892	37.87073
큐노래세상	bar	128.91153	37.77102
큐리어스아지트	bar	128.87811	37.76613
큐브	stay	128.91320	37.79980
큐브밀	shop	128.87891	37.77079
큐슈울트라아멘강릉	food	128.87910	37.76828
큐스토리	activity	128.89645	37.75410
크라운모텔	stay	128.89751	37.75871
크라운호프	bar	128.82507	37.88499
크라운호프강릉교동택지점	bar	128.87804	37.76756
크래커리	food	128.86696	37.75776
크레도펜션	stay	129.06730	37.60603
크레마코스타중앙	food	128.89714	37.75441
크레파스문구	shop	128.88757	37.75253
크레페돔	food	128.89579	37.75322
크로바하우스	stay	128.75881	37.84881
크로스핏키로	activity	128.86001	37.75825
크로플러버	food	128.86994	37.76149
크록스	shop	128.92265	37.77060
크록스강릉점	shop	128.89617	37.75356
크리스탈모텔	stay	128.89772	37.75948
크리스탈밸리커피	cafe	129.04812	37.62807
크리스피크림도넛	food	128.87630	37.76410
크림브리즈	cafe	129.05295	37.65339
크림블랑	food	128.90200	37.75863
크림숲	food	128.86696	37.75776
크림하우스	cafe	128.86102	37.85052
큰기와집	food	129.01591	37.70282
큰길마트	shop	128.87527	37.74698
큰마루추어탕	food	128.89689	37.75159
큰맘할매순대국	food	128.94494	37.77277
큰맘할매순대국	food	128.90422	37.76610
큰맘할매순대국강릉	food	128.89129	37.75751
큰손감자탕	food	128.91575	37.77304
큰솔펜션	stay	128.88946	37.81934
큰우리할인마트	shop	128.85603	37.81646
큰집	food	128.96179	37.72154
큰집추어탕	food	128.89088	37.75506
큰텃집	food	128.85297	37.80646
클라라	shop	128.89446	37.75346
클라비스	shop	128.89609	37.75432
클라운지강원강릉	shop	128.87506	37.77567
클라운지강원강릉	shop	128.89699	37.75775
클럽버닝	activity	128.87069	37.75687
클럽버디	activity	128.94013	37.73426
클럽요트마스터	activity	128.95104	37.77237
클럽클리오강릉클럽	shop	128.89486	37.75327
클레이하우수	stay	128.84179	37.75260
클레이하우스투	stay	128.84225	37.75270
클로버	bar	128.89947	37.75799
클리오강릉클럽	shop	128.89570	37.75354
클린유통건재	shop	128.97882	37.72806
키	shop	128.89370	37.75934
키라쿠라멘	food	128.87899	37.76575
키샤	bar	128.89882	37.75958
키엔공작소	shop	128.89427	37.74747
키요스크	shop	128.90701	37.76632
키요이	food	128.84383	37.86828
키즈몰	shop	128.85784	37.81840
키즈스플래쉬	activity	128.86545	37.75690
키즈트리	shop	128.90549	37.75746
키즈홈	stay	128.82873	37.88125
키친애	shop	128.91457	37.73119
키크러스	cafe	128.94958	37.77080
키크러스커피	cafe	128.94960	37.77085
키키네	food	128.91791	37.75984
키텔레콤	shop	128.91211	37.77210
키핀포켓	shop	128.87881	37.76962
킹라이브레스토랑	bar	128.90995	37.77017
킹라이브부킹클럽	bar	128.89730	37.75225
킹콩강릉점	shop	128.86653	37.73843
킹콩맨	bar	128.89711	37.74792
킹콩부대찌개강릉	food	128.87298	37.76218
킹콩부대찌개강릉	food	128.90178	37.75844
킹콩부대찌개강릉	food	128.82535	37.88475
킹콩부대찌개내곡점	food	128.88226	37.74065
타래	cafe	128.76990	37.88247
타로빈티지	shop	128.87893	37.73991
타미힐피거강릉점	shop	128.89592	37.75368
타워모텔	stay	128.91043	37.76573
타이거플레이버	cafe	128.92122	37.75221
타이드	food	128.92607	37.78594
타임슬립	cafe	128.89823	37.75340
타임존	shop	128.89609	37.75432
타임트레인	cafe	129.03760	37.68694
타임파트너스	shop	128.89547	37.75682
타코야	food	128.89482	37.74772
타코집	food	128.89218	37.75721
타키강릉	food	128.87814	37.76716
탁구왕김탁구	activity	128.90580	37.76136
탐나는피자	food	128.90472	37.76137
탐라	food	128.82855	37.89366
탑모바일	shop	128.88319	37.75353
탑모바일	shop	128.89239	37.75367
탑스빌모텔	stay	129.03655	37.68559
탑스크린골프	activity	128.86649	37.76463
탑코인노래연습장	activity	128.89664	37.75441
탑코포레이션	shop	128.91020	37.77260
탑텐밸러스홈플러스강릉점	shop	128.89866	37.75568
탑텐키즈	shop	128.89866	37.75568
탑펜션	stay	128.89444	37.81251
탕화쿵푸강릉	food	128.91211	37.77210
탕화쿵푸강릉교동택지점	food	128.87898	37.76778
탕화쿵푸마라탕	food	128.89529	37.75301
태광나들목	food	128.70717	37.81608
태광식당	food	128.88912	37.75324
태광유리	shop	128.89150	37.75745
태국집	food	128.90646	37.75886
태리	bar	128.91223	37.76681
태림민박	stay	129.02292	37.67650
태민상회	shop	128.82438	37.89321
태백고원김치	shop	128.91025	37.76927
태백고원한우정육식당	food	128.90742	37.76661
태백산맥식당	food	128.90353	37.80462
태산순대국	food	128.85938	37.73082
태성축산	shop	128.93712	37.76356
태양마트	shop	128.88692	37.75730
태양미니슈퍼	shop	128.82563	37.89118
태양부양꼬치	food	128.86869	37.74168
태양상회	shop	128.89939	37.75381
태양수산	shop	128.92041	37.79096
태양아줌마	shop	128.82932	37.89172
태양여인숙	stay	128.89921	37.76233
태양전기조명	shop	128.82693	37.87875
태영호	shop	128.83020	37.89405
태왕건어물	shop	128.82827	37.88854
태울한식부페	food	129.04184	37.68074
태인네포차	bar	128.93540	37.77498
태일수산	shop	128.83032	37.89940
태일이네	shop	128.82932	37.89172
태초먹거리강릉	activity	128.83625	37.87110
태평양노래클럽	bar	128.90030	37.76092
태평양소주클럽	bar	128.90052	37.75930
태평양약국	shop	128.88096	37.76434
태하	bar	128.89843	37.76095
태화펜션	stay	129.04357	37.68071
태후사랑	shop	128.89776	37.75602
태흥루	food	128.83223	37.71782
태흥서서갈비	food	128.89684	37.75912
택시	bar	128.87662	37.76654
택시부당구장	activity	128.89465	37.75084
택지골	food	128.87615	37.77063
택지골수제생갈비	food	128.87615	37.77063
택지골수제생갈비	food	128.91376	37.79217
택지당구클럽	activity	128.87791	37.76592
택지뚱보냉면	food	128.87298	37.76298
택지로또	activity	128.87887	37.77024
택지물회	food	128.87681	37.76922
택지현대약국	shop	128.87552	37.76385
터미널가정식백반	food	128.87881	37.75469
터미널반점	food	128.87881	37.75469
터미널분식	food	128.87881	37.75469
터미널천궁단란주점	bar	128.88191	37.75514
터미널하이퍼	shop	128.87881	37.75469
텃대감	shop	128.90377	37.75084
테디커피	cafe	128.91203	37.76966
테라머뭄	stay	129.04275	37.64068
테라스마크	stay	128.84298	37.87032
테루아르	cafe	128.86531	37.70102
테이크파이브	cafe	128.87371	37.76271
테일러메이드강릉죽헌점	shop	128.87227	37.78604
테크노노래공원	bar	128.89756	37.75202
테크스캔아슬라호스텔	stay	128.82934	37.90181
텍사스픽업바베큐	food	128.90339	37.80435
텐퍼센트교동택지점	cafe	128.87747	37.76354
텐퍼센트커피강릉내곡점	cafe	128.88049	37.74240
텐퍼센트커피경포비치점	cafe	128.90919	37.80343
텐프로	bar	128.87754	37.76642
텐프로바	bar	128.87934	37.76801
텐프로비지니스클럽	bar	128.89829	37.75953
토닭	food	128.82516	37.88596
토담골	food	128.90431	37.76101
토담순두부	food	128.91065	37.79108
토담쌈밥	food	128.89829	37.74346
토리농장	shop	128.88798	37.74501
토마토노래연습장	activity	128.82935	37.87503
토모참치이자카야	food	128.91729	37.76988
토방만두	food	128.88561	37.75195
토브	stay	128.87182	37.84248
토스트굽는사람들	food	128.82706	37.87940
토스트굽는사람들	food	128.87887	37.77024
토스트굽는사람들강릉여고점	food	128.90265	37.75912
토스트랑	food	128.87856	37.75522
토실이네	food	128.82932	37.89172
토종농장	shop	128.97073	37.68264
토종마을보양탕	food	128.82126	37.88291
토종집	food	128.91212	37.74950
토크쇼	bar	128.91061	37.77389
토크쇼	bar	128.89664	37.74599
토크쇼	bar	128.88636	37.75177
토크쇼	bar	128.90174	37.76287
토크쇼강일점	bar	128.89042	37.76479
토크쇼그랜드점	bar	128.90752	37.76626
토크쇼주문진	bar	128.82507	37.88499
토탈하프라인	shop	128.91457	37.73119
토프레소	cafe	128.87695	37.76396
토프레소	cafe	128.91135	37.77467
토프레소강릉내곡점	cafe	128.88190	37.74061
톡톡톡	bar	128.90518	37.76085
톰스비스트로	food	128.90475	37.80400
통나무사랑방	bar	128.89835	37.76025
통나무집	bar	128.91252	37.77416
통밀베이커리	food	128.89654	37.74288
통뼈감자탕	food	128.87909	37.76541
통소덮밥	food	128.89286	37.75715
통수네	food	128.84339	37.86995
통일미곡	shop	128.89862	37.75402
통일식당	food	128.89600	37.75119
통큰갈비식당	food	128.89486	37.75600
통큰왕손만두찐빵	food	128.88636	37.75177
통큰장모	food	128.89730	37.75225
통큰해물	food	128.82506	37.89325
통통분식	food	128.90958	37.76532
퇴곡민박	stay	128.73888	37.85114
퇴곡풍경	stay	128.74216	37.85053
툇마루	cafe	128.91450	37.79295
투게더	stay	128.83446	37.87859
투나잇	bar	128.90809	37.76305
투다리	bar	128.82541	37.88518
투다리	bar	128.88513	37.75122
투다리	bar	128.89050	37.74566
투다리	bar	128.90986	37.75565
투다리	bar	128.82856	37.89435
투다리	bar	128.90378	37.75271
투다리	bar	128.91245	37.76033
투다리	bar	128.91019	37.77455
투다리	bar	128.89914	37.75958
투다리	bar	128.89411	37.74241
투다리	bar	129.03617	37.61025
투다리	bar	128.90151	37.76188
투다리	bar	128.85612	37.81716
투다리강일점	bar	128.88954	37.76481
투다리관	bar	128.87857	37.73984
투다리교동	bar	128.89410	37.76918
투다리교동한신점임대	bar	128.89950	37.76833
투다리내곡동	bar	128.88245	37.74527
투다리노암점	bar	128.90009	37.74932
투다리노암한라점	bar	128.90202	37.74644
투다리더샵점	bar	128.91034	37.74883
투다리동도센트리움점	bar	128.90335	37.76624
투다리로얄점	bar	128.90987	37.76605
투다리신	bar	128.88246	37.75535
투다리신도한신점	bar	128.93699	37.77417
투다리신화점	bar	128.89668	37.74749
투다리영진	bar	128.83963	37.86913
투다리이안점	bar	128.92228	37.75542
투다리임당점	bar	128.89366	37.75600
투다리주문진서희점	bar	128.82638	37.87703
투다리청송점	bar	128.91682	37.77015
투다리초당점	bar	128.91522	37.78459
투다리택지점	bar	128.87793	37.76708
투다리택지주공점	bar	128.88338	37.76625
투바잇	cafe	128.87298	37.76095
투빈	shop	128.89486	37.75327
투스텝	activity	128.90346	37.74601
투썸플레이스강릉	cafe	128.91162	37.77125
투썸플레이스강릉	cafe	128.89438	37.75281
투썸플레이스강릉역사점	cafe	128.89966	37.76453
투썸플레이스강릉입암점	cafe	128.91946	37.76008
투썸플레이스경포스카이베이점	cafe	128.90778	37.80426
투썸플레이스교동택지점	cafe	128.87902	37.76801
투썸플레이스유천지구점	cafe	128.86565	37.75652
투와이솔루션	shop	128.89285	37.75488
투토리	shop	128.85398	37.79691
투투모텔	stay	128.89926	37.75551
튀긴치킨싫어서구운치킨만파는집강릉	food	128.90905	37.76943
튀밥집	shop	129.03467	37.60861
트라디시옹	food	128.87275	37.76112
트라이강릉점	shop	128.89765	37.75391
트래블	bar	128.87068	37.75732
트래프	food	128.89076	37.75741
트로피컬랩	shop	128.87302	37.76106
트루코	shop	128.89661	37.75362
트리밍스튜디오제제	shop	128.87131	37.75783
트리아나강릉	shop	128.89624	37.75221
트리안꽃집	shop	128.87902	37.76801
트리하우스	stay	128.90801	37.76345
특별함	shop	128.89681	37.75211
튼튼약국	shop	128.90818	37.77318
튼튼영어	shop	128.87584	37.76666
티각태각대게고로케	shop	128.89955	37.75366
티마루	food	128.87891	37.78615
티마루하우스	stay	128.84877	37.79180
티바두마리치킨아지트	food	128.87919	37.76900
티스빈	cafe	128.87851	37.76756
티앤스토리	cafe	128.87750	37.77034
티에이치	cafe	128.87496	37.76391
티엠포남	food	128.91762	37.77943
티움농원	bar	128.90126	37.75375
티지에프골프	shop	128.92938	37.78227
티지투강릉점	shop	128.89157	37.75804
티텔레콤택지점	shop	128.88028	37.76444
티티에스컴퍼니	shop	128.91126	37.74621
티티카카	cafe	128.90564	37.76006
티피와이	cafe	128.94784	37.77204
틸하벳	shop	128.89064	37.74998
팀관동	activity	128.88427	37.74469
팀노마드리트릿피트니스	activity	128.90540	37.76875
팀메이트	activity	128.91496	37.76971
팀엑스짐	activity	128.88140	37.74206
파도식당	food	128.82733	37.88485
파도식당	food	128.83249	37.89506
파라다이스	stay	128.89513	37.81359
파라다이스펜션	stay	128.89513	37.81359
파라다이스호텔	stay	128.92227	37.78995
파라오	activity	128.82469	37.88546
파란바다민박	stay	128.89918	37.80764
파란토끼	cafe	128.91147	37.76983
파랑새게임장	activity	128.90037	37.76014
파랑펜션	stay	128.81281	37.79949
파랑회수산	food	128.90949	37.76522
파로돈까스	cafe	128.94857	37.77133
파루	cafe	128.84105	37.86821
파리게이츠강릉점	shop	128.89413	37.75181
파리노래타운	bar	128.82846	37.89424
파리바게뜨	food	128.87747	37.76354
파리바게뜨	food	128.82590	37.89100
파리바게뜨강릉	food	128.89641	37.75465
파리바게뜨강릉	food	128.88964	37.74398
파리바게뜨강릉	food	128.86999	37.75783
파리바게뜨강릉공군비행단점	food	128.94240	37.75174
파리바게뜨까페솔올점	food	128.87910	37.76828
파리바게뜨내곡점	food	128.88374	37.74544
파리바게뜨초당점	food	128.91604	37.78344
파리바게트	food	128.91825	37.76012
파리바게트강릉	food	128.93097	37.77537
파머스키친강릉	food	128.91441	37.79240
파스쿠찌올림픽파크점	cafe	128.90250	37.78007
파스쿠치태양광발전소	cafe	128.91717	37.79632
파스타입니다	food	128.87044	37.76076
파스타입니다입암점	food	128.91152	37.75368
파스텔상점	shop	128.89417	37.76038
파스텔상점피크닉	shop	128.89415	37.76035
파스토보이강릉점	food	128.87683	37.74356
파운드점	cafe	128.89011	37.74971
파워앤영양	activity	128.93187	37.77513
파워투벨	activity	128.87664	37.76404
파인독	cafe	128.83247	37.79460
파인민박	stay	129.02292	37.67650
파인스토어	food	128.92093	37.79128
파인시티호텔	stay	128.89918	37.76083
파인아트라벨	stay	128.94203	37.77570
파인통신	shop	128.91240	37.77264
파인힐	stay	128.83163	37.86920
파인힐	stay	128.79946	37.81002
파인힐	food	128.79939	37.80956
파인힐	stay	128.87606	37.76323
파인힐세잔	stay	128.79946	37.81002
파인힐파크	shop	128.83325	37.82361
파인힐피카소	stay	128.79946	37.81002
파주닭국수강릉	food	128.89840	37.75484
파크랜드강원	shop	128.82594	37.89147
파크랜드강원지점	shop	128.87963	37.78305
파크랜드보스트로	shop	128.89866	37.75568
파크랜드주문진	shop	128.82594	37.89147
파크플리코	cafe	128.91485	37.79314
파트너	bar	128.90697	37.76392
파티단란주점	bar	128.89781	37.75281
파파야모텔	stay	128.89845	37.76221
파파존스강릉점	food	128.87763	37.76422
팍스버거	food	128.84691	37.86811
판	bar	128.82782	37.89375
판다통신	shop	128.89909	37.74305
팔각정	food	128.93714	37.76276
팔남봉품바소주클럽	bar	128.90098	37.76005
팔당수산	food	128.89871	37.75919
팔당원조칼제비강릉	food	128.93761	37.76205
팔도건어물직매장	shop	128.82822	37.89066
팔도실비집	bar	128.87291	37.76200
팔도전복해물뚝배기	food	128.91624	37.79576
팔레스모텔	stay	128.89847	37.76007
팔복정	food	128.92607	37.78594
팔팔건어물	shop	128.82932	37.89172
팔팔냉삼	food	128.87798	37.73960
팔팔횟집	food	128.82821	37.89216
팝콘	bar	128.87894	37.76756
팡파미유	food	128.87860	37.77066
팡파미유	food	128.82503	37.88446
팡파미유강문점	food	128.91760	37.79589
팡파미유성남마늘빵	food	128.89969	37.75371
팡파미유하나로마트축협점	food	128.91317	37.75396
팡팡	bar	128.87722	37.76357
패밀리노래연습장	activity	128.89780	37.74717
패밀리스크린	activity	128.88088	37.73865
패블비치주	stay	129.04191	37.68407
패션아울렛	shop	128.89799	37.75326
패션플러스샵	shop	128.91259	37.77078
패턴	shop	128.89105	37.76443
패티김	food	128.91183	37.79127
팬션론다	stay	128.95283	37.76553
팬지옷가게	shop	128.91316	37.77160
팬클럽노래연습장	activity	128.91527	37.77242
팬클럽술파는노래방	bar	128.90103	37.76067
팬텀강릉점	shop	128.89745	37.75350
팰리스	stay	128.88898	37.80262
팽고팽고성인클럽	bar	128.82563	37.89118
퍼니서프	food	128.89758	37.81211
퍼니스낵	shop	128.88356	37.75109
퍼니퍼니강릉	bar	128.89612	37.75398
퍼니펜션	stay	128.89645	37.81318
퍼담아젓갈	shop	128.82357	37.90441
퍼베이드	cafe	128.88685	37.76323
퍼브	bar	128.91148	37.77052
퍼즐비치	shop	128.89862	37.75402
퍼팩트통신	shop	128.89424	37.75505
퍼펙트펜션	stay	128.83492	37.87791
펀비어킹강릉입암점	bar	128.91744	37.75984
페로몬	cafe	128.86332	37.75564
페리미츠강릉점	shop	128.89731	37.75452
페리카나	food	128.89171	37.75638
페리카나	food	128.82781	37.89408
페리카나	food	128.90226	37.75884
페리카나강릉택지점	food	128.88117	37.76535
페리카나노암점	food	128.89963	37.74981
페리카나로얄체인점	food	128.90948	37.76572
페리카나입암동점	food	128.91534	37.76177
페리카나치킨	food	129.03653	37.61017
페리카나치킨	food	128.87000	37.75652
페리카나치킨경포대점	food	128.90475	37.80400
페리카나치킨내곡점	food	128.87807	37.74071
페리카나치킨도립대점	food	128.82852	37.87598
페이시스	shop	128.91715	37.77979
펜션	stay	129.04253	37.68044
펜션	stay	128.84226	37.87062
펜션	stay	128.96010	37.64469
펜션	stay	128.90371	37.76283
펜션	stay	128.90359	37.76315
펜션경포그곳에가면	stay	128.91147	37.79628
펜션궁	stay	128.86910	37.84582
펜션라우머	food	128.90317	37.78172
펜션레스트	stay	128.83309	37.85698
펜션림	stay	128.68491	37.85262
펜션마리스	stay	129.03697	37.68577
펜션바다	stay	128.91182	37.79629
펜션바우	stay	128.89201	37.80481
펜션보타닉	stay	128.89056	37.79249
펜션솔향	stay	128.91168	37.79613
펜션오월의정원	stay	128.88954	37.71456
펜션위드민박	stay	128.89321	37.78144
펜션이야기	stay	128.89271	37.80427
펜션지아니	stay	129.03425	37.68600
펜션헤브론	stay	128.80683	37.85897
펠로톤	shop	128.90675	37.75056
펫클럽강릉	shop	128.82917	37.88611
펫클럽강릉내곡점	shop	128.88116	37.74224
펫클럽강릉입암점	shop	128.91765	37.75874
펫클럽강릉점	shop	128.89237	37.75834
펭귄호프	bar	128.86410	37.73909
편리한주방	shop	128.88201	37.77914
편백집	stay	128.82822	37.80558
편안한가	stay	128.82755	37.80494
평상집	food	128.87184	37.74671
평제한약방	shop	128.89326	37.75860
평지민박	stay	128.98414	37.73015
평지해장국	food	128.88208	37.75439
평진냉면	food	128.94184	37.76613
평창식당	food	128.82821	37.89160
평창왕갈비탕	food	128.90271	37.76303
평탄	cafe	128.89011	37.74971
평화가든	food	129.03683	37.61350
포그니	shop	128.90898	37.76760
포그니	stay	129.01232	37.68249
포끝노래타운강릉점	bar	128.87791	37.76592
포남거리포차	food	128.90722	37.76523
포남밥집	food	128.91116	37.76842
포남부영식당	food	128.91088	37.76584
포남사골옹심이	food	128.90740	37.76500
포남샤브샤브칼국수	food	128.90409	37.76444
포남수산	food	128.90819	37.76457
포남스테이	stay	128.90289	37.76954
포남신숯불구이	food	128.90971	37.76593
포남엄나무보양탕	food	128.90389	37.76947
포누이루시	food	128.87716	37.77058
포닌바이오	shop	128.85527	37.79628
포도봉봉	stay	128.88513	37.74781
포레스트펜션	stay	128.69180	37.84620
포르테악기	shop	128.88163	37.76503
포모도로	cafe	128.85941	37.73134
포뷰펜션	stay	128.91477	37.79557
포세이돈	activity	129.03283	37.69133
포시즌모텔	stay	128.89906	37.76054
포시즌버거앤펍	food	128.89833	37.81207
포시즌비치호텔	stay	128.89821	37.81207
포시즌씨유통경포활게횟집	shop	128.90475	37.80400
포시즌옹막	food	128.90921	37.77659
포시즌유	food	128.86478	37.76297
포앤디	cafe	128.90908	37.76444
포유	food	128.85616	37.74809
포이푸	cafe	128.87484	37.84155
포이푸경포세인트존스호텔점	bar	128.92093	37.79128
포인트	shop	128.89861	37.75966
포인트낚시	shop	128.91757	37.77872
포지타노	food	128.91105	37.75603
포차끝판왕강릉점	bar	128.87887	37.76734
포차천국	bar	128.91153	37.77102
포차포차	bar	128.90886	37.76700
포켓싸인	shop	128.89617	37.75419
포코케커	shop	128.89490	37.75490
포크스	food	128.89963	37.75739
포테이토교강릉신당	cafe	128.89739	37.75635
포트캔커피	cafe	128.90255	37.75908
포튼가먼트강릉점	shop	128.90981	37.76747
포항물회	food	128.90011	37.75831
포항집	food	128.90103	37.75375
포항한우곰탕	food	128.90846	37.76527
폭스구제샵	shop	128.82440	37.88382
폭스스토리강릉점	shop	128.89629	37.75384
폭포골자연휴양림	stay	128.74834	37.84849
폭포골자연휴양림야영장	stay	128.74831	37.84855
폰갤러리	shop	128.91765	37.75874
폰마켓	shop	128.82544	37.88797
폰마트	shop	128.89430	37.75333
폰사랑	shop	128.91896	37.75961
폰플러스	shop	128.91316	37.77160
폰하나	shop	128.91948	37.75930
폴라종합화장품	shop	128.89744	37.75315
폴앤메리버거강문점	food	128.91685	37.79671
폴햄	shop	128.92265	37.77060
폴햄강릉	shop	128.88773	37.77643
폴햄키즈	shop	128.89866	37.75568
퐁당	shop	128.89671	37.75284
퐁블루중앙	food	128.89822	37.75359
퐁퐁노래클럽	bar	128.89843	37.76095
푸드달링	food	128.91019	37.74965
푸드푸드	food	128.82790	37.89339
푸라닭강릉	food	128.90983	37.77162
푸라닭강릉	food	128.87861	37.77077
푸라닭강릉	food	128.87070	37.75709
푸르	food	128.87816	37.74055
푸르다강릉	stay	128.91061	37.76493
푸른가든	shop	128.90081	37.74059
푸른건강원	shop	128.91021	37.76626
푸른달하우스	food	128.86689	37.70689
푸른바다횟집	food	128.91682	37.77015
푸른시장	shop	128.82670	37.87660
푸른식품상회	shop	128.82738	37.89194
푸른펜션	stay	128.86734	37.80345
푸름하우스	stay	129.03653	37.61017
푸릇푸릇	cafe	128.89092	37.75416
푸마	shop	128.89500	37.75262
푸실	shop	128.89442	37.75245
푸에르타	cafe	128.89628	37.75196
푸줏간생고기숯불구이	food	128.90123	37.74459
푸짐이왕족발	food	128.90976	37.77039
푸짐이왕족발보쌈	food	128.87977	37.76491
푸짐한감자탕	food	128.90636	37.76821
푸짐한한끼	food	128.91908	37.76898
풀냄새	shop	128.89201	37.75810
풀노리	shop	128.89142	37.75452
풀빛향기	stay	129.01174	37.68399
풀스테이	stay	128.64169	37.82932
풀앤가든	stay	128.81970	37.79697
풀앤메종	stay	128.70201	37.84913
풀잎	bar	128.82891	37.89475
풀코스	bar	128.91112	37.75598
풀코스	bar	128.87396	37.76046
풀코스남강점	bar	128.91350	37.76736
풀코스노암	bar	128.90143	37.74755
풀코스삼우은성점	bar	128.91998	37.76966
풀코스옥천	bar	128.90154	37.75828
풀코스포남	bar	128.90846	37.76411
풀하우스	stay	129.03315	37.69081
풀향기	stay	129.01198	37.68409
품바감자탕	food	128.85491	37.81402
풍강건어물	shop	128.89862	37.75402
풍경	shop	128.87082	37.77259
풍경	food	128.89328	37.75749
풍경소리	food	128.82278	37.71111
풍경쉼터	stay	128.86531	37.62433
풍기인견	shop	128.88949	37.75833
풍기인삼농협강릉전시판매점	shop	128.91554	37.77215
풍기인삼사	shop	128.87862	37.77112
풍기청과	shop	128.90439	37.75635
풍년건어물	shop	128.82845	37.89158
풍년상회	shop	128.82816	37.89021
풍년슈퍼	shop	128.83159	37.89555
풍년집	bar	128.90098	37.76005
풍선게임장	activity	128.95021	37.77057
풍성원	food	128.89836	37.75738
풍성한밥상	food	128.82642	37.88069
풍악을울려라	bar	128.90103	37.76067
풍호마을	activity	128.95449	37.73853
퓨전씽크대	shop	128.90962	37.77141
프라다	shop	128.93239	37.77502
프라이데이	cafe	128.90104	37.76411
프라이빗강릉	stay	128.87031	37.82542
프랜드노래공원	bar	128.89671	37.75945
프랜즈스포츠	shop	128.85151	37.79445
프랭크버거강릉	food	128.82503	37.88446
프랭크버거강릉	food	128.87067	37.75781
프레드피자강릉점	food	128.90154	37.76396
프렌즈	activity	128.91096	37.77087
프렌즈애견펜션	stay	128.88034	37.81179
프렌즈펜션	stay	128.88054	37.81175
프렌즈하우스펜션	stay	128.80444	37.78884
프렐린강릉점	shop	128.89866	37.75568
프로그램	shop	128.89716	37.75296
프로젝트엠	shop	128.89866	37.75568
프로토	activity	128.89023	37.75394
프로티문구	shop	128.82526	37.88614
프롬도마	stay	128.87273	37.76190
프리라운지	shop	128.89143	37.75605
프리마모텔	stay	128.91200	37.77111
프리스톤온돌침대	shop	128.88222	37.81156
프리존카페	cafe	128.91302	37.77539
프린스	bar	128.87579	37.76317
프린스치킨	food	128.89356	37.76884
플랜티풀	food	128.90478	37.76052
플랫	shop	128.91184	37.75033
플러스소비자협동조합	shop	128.90876	37.76825
플러스소주클럽	bar	128.90766	37.76352
플러스소품	shop	128.89728	37.75412
플러스시스템	shop	128.91481	37.77287
플러스약국	shop	128.89866	37.75568
플레이그라운드문구팬시강릉	shop	128.88616	37.75232
플레이보드카페	bar	128.87841	37.76548
플로	cafe	128.90633	37.75861
플로라움	shop	128.90351	37.75561
플로렌스	shop	128.89371	37.75742
플로리안	cafe	128.88933	37.77809
플리강릉	cafe	128.87991	37.76488
피굽남피자강릉점	food	128.90968	37.77453
피그로하우스	food	128.90371	37.76646
피노	food	128.93582	37.77741
피닉스스크린파크골프강릉	activity	128.88277	37.77224
피부사랑	shop	128.89665	37.75478
피쉬맨횟집	food	128.91141	37.80132
피쉬컬쳐	food	128.92607	37.78594
피식카페	cafe	128.83901	37.86898
피씨닥터컴퓨터수리	shop	128.90904	37.77034
피씨토랑강릉	activity	128.87281	37.77312
피아르떼	shop	128.89321	37.76948
피앤비코	food	128.94740	37.77246
피어하우스	stay	128.92574	37.78611
피에르가르뎅	shop	128.89866	37.75568
피에이티강릉점	shop	128.89756	37.75386
피엘상사	shop	128.90644	37.76232
피자나라치킨공주	food	128.91060	37.77405
피자나라치킨공주강릉	food	128.88151	37.75716
피자나라치킨공주내곡점	food	128.88965	37.74704
피자덕강릉점	food	128.90211	37.76194
피자먹고가재	food	128.90778	37.80426
피자비토랩강릉점	food	128.86818	37.75675
피자스쿨	food	128.82503	37.88446
피자스쿨강릉	food	128.91259	37.77078
피자스쿨강릉	food	128.88096	37.76434
피자스쿨강릉내곡점	food	128.87998	37.74099
피자스쿨입암점	food	128.91837	37.75975
피자알볼로강릉점	food	128.89223	37.76522
피자애강릉회산점	food	128.86584	37.74106
피자에땅경포대점	food	128.92093	37.79128
피자투어초당점	food	128.91553	37.78352
피자파는집강릉	food	128.89326	37.75584
피츠로이베이글	food	128.89389	37.75310
피치못할운명	shop	128.88892	37.75864
피크닉모텔	stay	128.88141	37.75395
피크닉하우스	stay	128.91870	37.78090
피터콤마	food	128.94439	37.77301
피트니스당구클럽	activity	128.83022	37.88318
피트니스원	activity	128.88659	37.76540
피트니스원택지점	activity	128.88657	37.76540
픽미픽미강릉	shop	128.88339	37.76522
픽미픽미아이스강릉교동택지점	shop	128.87849	37.76578
핀란드숲속강릉	food	128.87249	37.84105
필그린인카운터강릉중앙지사	shop	128.89942	37.75943
필그림게스트하우스	stay	128.91734	37.79557
필노래공원	bar	128.91178	37.77073
필노래궁	bar	128.90037	37.76014
필라투스	shop	128.87780	37.76944
필리핀가게	shop	128.89088	37.75506
필승비빔밥	food	128.89726	37.75935
필식당	food	129.03769	37.68574
필요한게있는집뉴욕버거	shop	128.92093	37.79128
필하우스모텔	stay	129.03759	37.68569
핏스토랑	food	128.91604	37.78344
핏온웰니스피티	activity	128.87612	37.76359
핑강릉	shop	128.86611	37.76455
핑크레이디	shop	128.89139	37.75505
핑크뮬리	shop	128.91529	37.78067
핑클	bar	128.89942	37.75943
핑퐁데이강릉점	activity	128.87842	37.76713
하나네	food	128.82932	37.89172
하나노래궁	bar	128.82802	37.89312
하나로떡볶이집	food	128.88081	37.74129
하나로본감자탕	food	128.89623	37.74375
하나로분식	food	128.87722	37.76292
하나로수산	shop	128.89654	37.74288
하나로약국	shop	128.83876	37.85855
하나로즉석	food	128.92456	37.75714
하나로즉석	food	128.87722	37.76292
하나로카페	cafe	128.83701	37.85857
하나로패션	shop	128.87722	37.76292
하나로해안로푸드	shop	128.93242	37.77954
하나수산	shop	128.82797	37.89077
하나수산포차	food	128.82743	37.89101
하나수입육마트	shop	128.87722	37.76357
하나약국	shop	128.88857	37.75751
하나열화상카메라	shop	128.87007	37.84519
하나의료기	shop	128.85784	37.81840
하나찜	food	128.89734	37.75688
하나태평양약국	shop	128.89764	37.75534
하나텔레콤	shop	128.89630	37.75900
하남돼지집	food	128.91738	37.75491
하노이	bar	128.89674	37.76014
하누리감자탕	food	128.87158	37.71053
하느피	food	128.89796	37.75170
하늘꽃화원	shop	128.88577	37.74565
하늘바우민박	stay	129.03279	37.68937
하늘밥아트리스테이블	cafe	128.87694	37.76533
하늘샘약초	shop	128.82749	37.89251
하늘솔스테이	stay	128.82261	37.87421
하늘쉼표	stay	128.79565	37.74360
하늘아래	stay	128.76388	37.58592
하늘정원	stay	129.06410	37.60606
하늘채강원지사	shop	128.86695	37.78980
하늘천따지	food	128.88800	37.69939
하늘텔	stay	129.03215	37.69133
하늬바람민박	stay	128.81688	37.72021
하니엘	cafe	128.95283	37.76553
하니플라워	shop	128.90522	37.75169
하람식당	food	128.91149	37.77395
하렌하우스	cafe	128.89127	37.74539
하루만더	stay	128.87278	37.81149
하루방똥돼지	food	128.91234	37.76986
하루약국	shop	128.87824	37.76481
하루와이틀	stay	128.89873	37.80744
하루카	stay	128.89135	37.76004
하루펜션	stay	128.89528	37.81329
하루한알에그타르트카페	cafe	128.88605	37.75293
하림다방	cafe	128.82538	37.88451
하마고기	food	128.91226	37.77139
하모니노래연습장	activity	128.86834	37.75705
하바나노래연습장	activity	128.90342	37.80471
하버블루오션스위트	stay	128.87468	37.83657
하비랩	shop	128.88884	37.75761
하석재	stay	128.94340	37.72096
하슬라가배	cafe	128.94654	37.77317
하슬라떡집	food	128.87311	37.76128
하슬라리톱스이정모의백초차이야기	shop	128.89341	37.76418
하슬라밤	food	128.86923	37.75682
하슬라버블티	cafe	128.91012	37.77494
하슬라빈티지	shop	128.89391	37.75243
하슬라스크린	activity	128.87358	37.74608
하슬라아트월드	heritage	129.01020	37.70648
하슬라아트월드	stay	129.00787	37.70551
하슬라오정포차	food	128.91200	37.77335
하슬라족발	food	128.89977	37.75348
하슬라캠핑장	stay	128.92865	37.68792
하슬라테니스파크	activity	128.83757	37.78348
하슬라통신	shop	128.91240	37.77264
하슬라핫바	food	128.89977	37.75348
하슬라해물촌입암점	food	128.91158	37.74872
하얀민박	stay	128.82694	37.90609
하얀약국	shop	128.87786	37.76516
하얀우드펜션	stay	128.89274	37.80504
하얀이네	shop	128.82932	37.89172
하얀집민박	stay	128.83115	37.88261
하얀풍차베이커리	food	129.03505	37.60917
하얏트모텔	stay	128.90266	37.80701
하연민박	stay	129.02306	37.56824
하영이네	food	128.87736	37.74096
하오샹	food	128.89651	37.75267
하오양갈비	food	129.03272	37.68851
하와이	bar	128.89653	37.75882
하우스모텔	stay	128.89943	37.76073
하우스워커블	stay	128.88304	37.75699
하우스윤	stay	128.90252	37.76863
하월당	food	128.91492	37.79197
하이	shop	128.89076	37.75741
하이드어웨이	shop	128.89625	37.75334
하이모텔	stay	128.90077	37.76151
하이문구	shop	128.87787	37.74307
하이문구입암점	shop	128.92161	37.75808
하이블루에어컨디션시스템	shop	128.89590	37.76047
하이샵	shop	128.80452	37.75860
하이영진	stay	128.84612	37.86360
하이젤라또	food	128.89381	37.75549
하이크라스노래궁	bar	128.89950	37.76084
하이플랜츠	cafe	128.86917	37.73973
하중이네	shop	128.82932	37.89172
하코네스파	stay	128.89065	37.81594
하쿠나마타타	stay	128.89455	37.81302
하파서프	activity	128.87129	37.84474
하프베이크드	cafe	128.87394	37.76417
하하스테이	stay	128.86592	37.84197
학동한옥펜션	stay	128.93437	37.75716
학마을흑염소	food	128.88904	37.71653
학사식당	food	128.87377	37.77341
학산	shop	128.89164	37.69629
학산상회	shop	128.89862	37.75402
학산스테이	stay	128.88986	37.71126
학산테라로사강릉신라모노그램점	shop	128.92607	37.78594
학산테라로사커피강릉	shop	128.88504	37.82240
학산테라로사커피경포호	shop	128.90749	37.78783
학이네	food	128.82797	37.89077
한가네족발	food	128.82515	37.89076
한가위식당	food	128.87903	37.76597
한게임당구장	activity	128.91403	37.76996
한결스포츠	shop	128.87767	37.77211
한결축산	shop	128.87540	37.76333
한결축산강릉	shop	128.89892	37.75318
한국고전이조고가구	shop	128.83023	37.89826
한국금거래소강릉점	shop	128.89920	37.75730
한국맥도날드강릉점	food	128.89611	37.75496
한국스카우트강릉	shop	128.89426	37.75298
한국음악사	shop	128.91483	37.77365
한국인삼총판	shop	128.89872	37.75369
한국정보기술단지점	cafe	128.94200	37.77565
한국주방산업	shop	128.87981	37.78188
한길공조시스템	shop	128.90455	37.74767
한끼	food	128.87296	37.76342
한끼밥집	food	128.94742	37.77251
한끼정경포점	food	128.91097	37.80177
한끼정성	food	128.98573	37.69560
한나	shop	128.88190	37.77056
한남동그집	bar	128.87815	37.76730
한남슈퍼	shop	128.82859	37.89394
한낮의바다	cafe	128.88909	37.75774
한내펜션	stay	128.76464	37.65618
한노통신	shop	128.89728	37.75512
한다솥강릉점	food	128.91624	37.79576
한돈가	food	128.88141	37.75553
한동채펜션	stay	128.87630	37.80362
한들펜션	stay	128.87105	37.84494
한뚝배기	food	128.86307	37.74210
한라노래궁	bar	128.89705	37.75183
한라노래연습장	activity	128.90240	37.74598
한라대반점	food	128.88633	37.74620
한량	bar	128.87622	37.76721
한마당펜션	stay	128.84861	37.84170
한마음정육식당강릉	food	128.87595	37.76379
한미	food	128.90919	37.80343
한미찜마을	food	128.90017	37.75932
한민컴퍼니	shop	128.90199	37.75914
한방흙침대	shop	128.87268	37.78563
한빛스테이	stay	128.90927	37.76598
한빛에프앤비	food	129.04578	37.62984
한빛전기조명	shop	128.82549	37.88871
한살림강원영동생활협동조합솔올매장	shop	128.87694	37.76533
한살림강원영동생활협동조합임당매장	shop	128.88968	37.75331
한살림강원영동생활협동조합입암매장	shop	128.91687	37.75877
한살림강원영동생활협동조합포남매장	shop	128.91048	37.76937
한샘리하우스교동	shop	128.88261	37.77199
한샘인테리어강릉	shop	128.88261	37.77199
한샘키친강릉	shop	128.90901	37.77122
한설프레쉬영동	shop	128.89229	37.76646
한섬구이	food	128.90777	37.75377
한섬구이	food	128.90605	37.75413
한성기업	shop	128.90563	37.76516
한성먹거리	food	128.90563	37.76633
한성식당	food	128.89780	37.75316
한성에프아이	shop	128.89787	37.75373
한성에프아이강릉죽헌점	shop	128.87227	37.78604
한솔등심삼겹살	food	128.82526	37.89364
한솔스크린골프	activity	128.91466	37.77582
한솔식육암소	shop	128.90638	37.76400
한솔테크	shop	128.90942	37.74572
한송정	cafe	128.91727	37.78087
한송정愛한끼	food	128.90606	37.75815
한송정보리밥	food	128.90606	37.75815
한송정카페	cafe	128.93844	37.76255
한송정카페북부노인복지관점	cafe	128.83137	37.87431
한송정커피스토리	cafe	128.94145	37.75948
한솥도시락	food	128.87836	37.76526
한솥도시락강릉	food	128.87281	37.77312
한솥도시락강릉여고점	food	128.90379	37.75991
한솥도시락강원도립대학점	food	128.82718	37.87929
한스와그레텔	shop	128.82747	37.89336
한식당	food	128.89053	37.74552
한식명가네	food	128.90957	37.77293
한식명가네	food	128.97813	37.72693
한아름수산	food	128.82883	37.89175
한아름좌판	shop	128.82883	37.89175
한양건어물	shop	128.89862	37.75402
한양만두분식	food	128.89130	37.76504
한양왕족발	food	128.82606	37.88049
한양육회	food	128.86771	37.75732
한양장	stay	128.89866	37.76198
한양족발	food	128.89369	37.75238
한양중고가구	shop	128.89560	37.75663
한우대창곱도리탕	food	128.89970	37.76197
한우덕	food	128.89306	37.75158
한우돼무리	food	128.85443	37.75889
한우랑돼지랑	food	128.87328	37.76161
한우리독서토론논술입암독서문화원	shop	128.87166	37.75916
한우리식당	food	128.90072	37.75423
한우만무한리필	food	128.87410	37.76459
한우본갈비	food	128.90687	37.76398
한우연가	food	128.87358	37.74608
한우장날	food	128.90419	37.74153
한울	food	128.89700	37.74610
한울테니스클럽	activity	128.90368	37.76230
한울통신	shop	128.88246	37.74401
한월전기	shop	128.89924	37.76118
한이네맛튀김	food	128.82921	37.89230
한일쇼핑매장	shop	128.89950	37.75359
한일스낵	food	128.87881	37.75469
한일쌀상회	shop	128.90167	37.76156
한일호식당	food	128.82673	37.89076
한잔어때	bar	128.90876	37.76825
한잔의추억	bar	128.91153	37.77102
한잔할래요	bar	128.89914	37.75958
한적한휴식	stay	128.87110	37.80268
한진수산	food	128.82883	37.89175
한창희천하일면강릉	food	128.87067	37.75781
한터민박	stay	128.70137	37.55761
한터집	food	128.70115	37.55761
할리스강릉안목	cafe	128.94829	37.77165
할마이옛날통닭	food	128.91740	37.76097
할매곰치국	food	128.83163	37.89547
할매집	food	128.82743	37.89034
할매튀김	food	128.82932	37.89172
함께가는거북이약국	shop	128.91995	37.75466
함지네먹거리	food	128.89828	37.75489
함흥횟집	food	128.82911	37.88611
합동마트	shop	128.90696	37.76089
합동마트회센타	shop	128.90696	37.76089
합동회수산	food	128.90696	37.76089
합명회사산토리니커피	cafe	128.95011	37.77075
핫밀	food	128.87351	37.76224
핫플	cafe	128.89458	37.75294
항구곰치국	food	128.82842	37.89268
항구노래타운	bar	128.83075	37.89501
항구맛집	food	128.82839	37.89185
항구생선구이	food	128.82948	37.89210
항구식당	food	128.87540	37.83788
항구횟집	food	129.04857	37.65224
항아리옹심이	food	128.82729	37.89358
항아리칼국수	food	128.91005	37.76954
해광산업	shop	128.89067	37.75800
해광호매운탕	food	128.94621	37.77273
해광횟집	food	128.82821	37.89216
해냄	stay	128.90396	37.78161
해녀종합건어물직매장	shop	128.83352	37.89452
해녀직영횟집	food	129.03907	37.68597
해담	food	128.91856	37.77047
해담은유진약국	shop	128.87069	37.75687
해돈가	food	129.03881	37.68579
해돋이민박	stay	128.82833	37.90624
해돋이식당	food	129.03686	37.68592
해동대게	food	128.82936	37.89352
해동막국수	food	128.90482	37.77014
해동물산	shop	128.82783	37.89146
해동식당	food	128.90877	37.76730
해동텔	stay	129.03216	37.69113
해동포차	food	128.82936	37.89352
해동해장국잡화	food	128.82969	37.89472
해동횟집	food	128.87365	37.84269
해두리치킨	food	128.89118	37.76674
해두리치킨강릉	food	128.93765	37.77529
해뜨는맛집	food	128.90778	37.76646
해뜨는장	stay	128.89819	37.76233
해뜨는힐링하우스	stay	128.78911	37.73479
해뜰날펜션	stay	128.68608	37.84862
해란네	shop	128.82932	37.89172
해람쏨	shop	128.82759	37.88519
해람채	stay	128.88909	37.81580
해랑횟집	food	128.83359	37.87962
해령루	food	128.97859	37.72720
해루	food	128.87584	37.76755
해마루	food	128.95382	37.76425
해맞이모텔	stay	128.98873	37.73268
해맞이횟집	food	128.98904	37.73510
해모로펜션	stay	128.88790	37.80711
해모루	stay	128.87934	37.82581
해물과한우	food	128.89918	37.75962
해물동네	food	128.82802	37.89312
해물마을	shop	128.82850	37.89186
해물바수가리	bar	128.88338	37.76625
해물천국	food	128.89700	37.74597
해물파는삼촌	food	128.89312	37.74432
해미가	food	128.87895	37.77112
해미네집	food	128.82892	37.89337
해바라기분식	food	128.82696	37.89066
해변	stay	128.82558	37.90234
해변깡소주	bar	128.86971	37.84563
해변노래연습장	activity	129.04905	37.65262
해변마트	shop	128.91013	37.80266
해변잡화	shop	128.81776	37.91145
해변직매장	shop	129.03270	37.69111
해변치킨	food	128.81767	37.91014
해변하우스민박	stay	129.04491	37.63516
해변회식당	food	128.90434	37.80333
해변횟집	food	128.83387	37.89438
해변횟집	food	129.04941	37.65279
해비채뷰티앤컴퍼니	shop	128.87630	37.76918
해산물특별자치도	food	128.89772	37.75723
해살이뜰펜션	stay	128.83332	37.85819
해상젓갈	shop	128.82797	37.89077
해성상사	shop	128.91392	37.73047
해성수산	shop	128.95115	37.77051
해성수산	food	128.82779	37.89115
해성집	food	128.89862	37.75402
해성횟집	food	128.95120	37.77058
해솔내음	stay	128.93969	37.76426
해송	food	128.94686	37.77289
해송수산	food	128.94686	37.77289
해송정	food	128.93059	37.78206
해송주점	bar	128.82877	37.89375
해송초밥	food	128.94686	37.77289
해송횟집	food	128.82799	37.89086
해안로라운지	food	128.91988	37.79171
해안로칼국수	food	128.82856	37.88769
해안선	food	128.87665	37.76262
해안선모텔	stay	128.98960	37.73381
해양	activity	129.02331	37.67769
해연가	food	128.92096	37.79060
해영이네	food	128.82932	37.89172
해오라기	food	128.89426	37.75298
해오름디앤씨	shop	128.88197	37.75963
해오름모텔	stay	129.03236	37.69096
해오름자연산횟집	food	128.82399	37.90724
해오름해물촌	food	128.89339	37.75050
해옫	cafe	128.82706	37.89283
해와달펜션	stay	128.89646	37.79739
해우정맛집	food	128.86834	37.75719
해우횟집	food	128.83377	37.89390
해운대	food	128.87001	37.75754
해원다이버호	activity	128.87533	37.83706
해원다이브리조트	activity	128.87533	37.83706
해월	stay	128.86183	37.82223
해장국마을	food	128.98852	37.73445
해장쿡강릉점	food	128.89248	37.74209
해조유통	shop	128.81829	37.88235
해조음수산	shop	128.89862	37.75402
해주상회	shop	128.82833	37.89098
해중공원펜션	stay	128.89593	37.81278
해진상회	shop	128.89862	37.75402
해진횟집	food	128.82821	37.89216
해찬솔팬션	stay	128.86610	37.84146
해처럼빛나리	shop	128.90587	37.76444
해촌해물삼계탕	food	128.90595	37.76609
해품달	food	128.81501	37.79018
해품달펜션	stay	128.81503	37.79028
해풍민박	stay	128.82946	37.89973
해피	stay	128.87306	37.78908
해피골드	stay	128.95183	37.76585
해피노래주점	bar	128.82835	37.89394
해피데이	cafe	128.90235	37.80858
해피데이노래연습장	activity	128.89111	37.75790
해피모텔	stay	128.82702	37.88974
해피몽	stay	128.79425	37.75635
해피몽펜션	stay	128.79468	37.75690
해피벨리	stay	128.71021	37.84681
해피뷰	stay	129.02694	37.56378
해피아울렛	shop	128.90130	37.75875
해피아워크루즈	activity	128.82863	37.88952
해피어	cafe	128.91001	37.76689
해피위켄드	activity	128.88136	37.74312
해피펜션	stay	128.95883	37.63108
핵밥강릉	food	128.87661	37.76258
핵밥관	food	128.87344	37.73802
핸다리	cafe	128.86303	37.78375
핸들리	shop	128.91164	37.77335
햄모아토플러스	food	128.82510	37.88526
햅번	shop	128.89862	37.75402
햇님닭갈비	food	128.89854	37.75774
햇살	food	128.86873	37.75781
햇살약국	shop	128.82742	37.89371
행벅수제버거	food	128.82964	37.88269
행복담아	food	128.82584	37.89064
행복마을	food	128.90271	37.75773
행복만두김밥	food	128.91803	37.75952
행복먹거리	food	128.89920	37.75398
행복반점	food	128.87039	37.76281
행복스크린골프	activity	128.90527	37.77062
행복예감	shop	128.91463	37.76904
행복온누리약국	shop	128.83925	37.87011
행복을굽는빵집	food	128.84269	37.86935
행복이가득한집	stay	128.69252	37.84775
행복토스트	food	128.89539	37.75189
행복포차	bar	128.82952	37.89497
행복푸드	food	128.87688	37.76232
행복플러스가게	shop	128.88735	37.75591
행복한구제	shop	128.89360	37.75689
행복한꽃순이	shop	128.90901	37.75650
행복한밥집	food	128.87766	37.77022
행복한식당	food	128.90099	37.76107
행복한식탁	food	128.90207	37.74557
행복한약국	shop	128.87907	37.72707
행복한옷	shop	128.89400	37.75215
행운다방	cafe	128.82859	37.89394
행운슈퍼	food	128.90502	37.75694
행운장	stay	128.89707	37.76141
행운해장국	food	128.83875	37.87054
행정말농장	shop	128.86885	37.79070
행텐강릉점	shop	128.89686	37.75298
행텐쥬니어	shop	128.89728	37.75412
향골	food	128.89536	37.76140
향기꽃방	shop	128.89142	37.75452
향기다방	cafe	128.82472	37.89082
향기로운실버산업	shop	128.93893	37.76237
향기마루	food	128.91169	37.76953
향리원마라탕	food	128.89582	37.75294
향미식당	food	128.83859	37.67197
향연	food	128.91466	37.76299
향이네꼬마김밥	food	128.89088	37.75506
향호식당	food	128.82776	37.89321
향호장어	shop	128.80805	37.91476
향호해변	beach	128.81660	37.91290
허니노래공원	bar	128.91153	37.77102
허니레빗	cafe	128.83133	37.89549
허니크로플	food	128.91094	37.76828
허니핑크에프앤씨	food	128.86522	37.74161
허니홈비강릉	food	128.90773	37.78690
허니홈비강릉중앙	cafe	128.89904	37.75301
허머싱크케어	shop	128.90575	37.76871
허브	shop	128.89728	37.75412
허브스토리	shop	128.87695	37.76396
허브타임강릉점	shop	128.89866	37.75568
허브힐	stay	128.86578	37.84154
허성준족발보쌈강릉점	food	128.91732	37.77036
허스크밀	cafe	128.91463	37.79442
허씨커피	cafe	128.92259	37.78965
헌아로슈퍼	shop	129.05119	37.65283
헌화로	nature	129.05479	37.66341
헌화로횟집	food	129.05274	37.66495
헝키도리커피바	cafe	128.88127	37.77122
헤라	bar	128.87881	37.76546
헤롱헤롱	bar	129.03617	37.61025
헤헤당	cafe	128.89104	37.75117
헬스케어의료기	shop	128.90960	37.77192
혁범이네	shop	128.82932	37.89172
현기네	shop	128.82932	37.89172
현대떡방앗간	food	128.90936	37.77096
현대모텔	stay	128.85614	37.81869
현대반점	food	128.88338	37.76523
현대분식	food	128.91167	37.75245
현대수산회센터	food	128.91672	37.79661
현대식품	shop	128.82667	37.89037
현대약국	shop	128.85609	37.81807
현대양품	shop	128.89862	37.75402
현대옥강릉역점	food	128.90374	37.76590
현대의료기	shop	128.85612	37.81716
현대자전거	shop	128.82790	37.89339
현대장칼국수	food	128.89216	37.74775
현대장칼국수	food	128.89270	37.75753
현대전기조명	shop	128.90613	37.75286
현대정보통신	shop	128.91690	37.77033
현대파크	stay	128.90992	37.76534
현대호낚시	shop	128.82844	37.88805
현뷔페	food	128.93298	37.76067
현수네건어물	shop	128.82825	37.89072
현스레브	food	128.91134	37.76685
현스튜디오	shop	128.89589	37.75339
현아네	shop	128.82932	37.89172
현일수산즉석횟집	food	128.87522	37.83790
현자네젓갈	shop	128.83266	37.88048
현자네해물촌	food	128.83266	37.88048
현조수산	shop	128.91753	37.76047
현주시스템	shop	128.92345	37.76550
현지하우스	stay	128.88585	37.75091
현진유통	shop	128.87645	37.76507
현탁구장	activity	128.82630	37.88095
현푸드시스템	shop	128.91627	37.70897
현풍닭칼국수	food	128.87043	37.76141
현하우스	stay	128.98904	37.73553
형분식한식	food	128.87665	37.73879
형아푸드	food	128.89978	37.75813
형제막국수	food	128.86556	37.75508
형제만두	food	128.89245	37.75391
형제매운양푼갈비	food	128.94549	37.77311
형제상회	shop	128.77273	37.84661
형제수산	shop	128.91745	37.76979
형제식품	shop	128.81900	37.90570
형제전파사	shop	128.89436	37.75161
형제축산	shop	128.87731	37.76398
형제칼국수	food	128.89305	37.75799
형진유통	shop	128.86611	37.76455
혜림	stay	129.04381	37.68064
혜성메밀전	food	128.91552	37.76888
혜성흑염소	food	128.84641	37.82646
혜연	shop	128.86206	37.71162
혜원반점	food	128.90698	37.75031
혜자식당	food	128.91059	37.76550
혜정상회	shop	128.89862	37.75402
혜정이네포차	food	128.91280	37.77399
혜지네	shop	128.82430	37.90699
혜진식당	food	128.82883	37.89175
혜현	shop	128.82741	37.89384
호남상회	shop	128.89970	37.75368
호도원호두과자	food	128.89681	37.75211
호도원호두과자	food	128.90734	37.76324
호두·미니붕어빵	food	128.90613	37.75286
호두당강릉	food	128.87227	37.83853
호떡당강릉점	food	128.89682	37.75392
호랑이중식당	food	128.83187	37.71685
호랭이노래클럽	bar	128.89861	37.75966
호랭이술상	bar	128.86687	37.75746
호랭이푸드	food	128.82516	37.88596
호리가	food	128.89140	37.75627
호맥강릉	food	128.87789	37.76696
호박꽃집	shop	128.89352	37.76599
호박노래궁	bar	128.89920	37.75978
호박노래연습장	activity	128.88201	37.74358
호박식당	food	128.87787	37.77152
호박포차	bar	128.82502	37.89044
호반한식뷔페	food	128.90722	37.76385
호성사	shop	128.87555	37.76603
호수의료기	shop	128.85579	37.81561
호수정	food	128.89616	37.79697
호시	food	128.87227	37.83853
호시탐탐	food	128.91223	37.76724
호식이두마리치킨교동택지점	food	128.87289	37.76071
호안재미술관	shop	128.89524	37.79954
호야	cafe	128.86867	37.75675
호우스	cafe	128.90547	37.77007
호주가	bar	128.88166	37.74498
호주면세점강릉	shop	128.87722	37.76292
호주면세점직영할인점	shop	128.89775	37.75417
호지	stay	128.78941	37.84674
호지성	shop	128.90520	37.78616
호텔	stay	128.82705	37.88459
호텔감재	stay	128.89939	37.76061
호텔더원	stay	128.90276	37.80550
호텔라나	stay	128.89313	37.75882
호텔라피네	stay	128.84380	37.72411
호텔랑	stay	128.91310	37.80009
호텔루나	stay	128.86820	37.80533
호텔마레	stay	128.91235	37.80061
호텔메모리	stay	128.82526	37.88851
호텔보름	stay	128.87250	37.83776
호텔봄봄	stay	128.87623	37.76659
호텔스완	stay	128.91197	37.79907
호텔썬비치	stay	128.92492	37.78814
호텔쏠밀키	stay	128.90234	37.80570
호텔아비오	stay	128.92779	37.78676
호텔에이엠씨	stay	128.82541	37.88916
호텔이스트나인	stay	128.87659	37.76543
호텔이코노미	stay	128.90270	37.80675
호텔주노	stay	128.91259	37.80052
호텔탑스빌	stay	129.03661	37.68532
호텔탑스텐	stay	129.05292	37.65466
호텔향기	stay	129.04105	37.68580
호프집	bar	128.91659	37.76028
호호주택	stay	128.86466	37.79982
혼다모터사이클강릉점	shop	128.90322	37.76107
혼디커피	cafe	128.82607	37.88936
혼밥대왕	food	128.90255	37.75908
혼술바파도끝	bar	128.90262	37.80358
혼종	food	128.86923	37.75682
홀리	bar	128.86837	37.75781
홀리데이바이크	shop	128.90597	37.76199
홀리데이빈티지	cafe	128.90061	37.75958
홀리카홀리카이마트강릉점	shop	128.92265	37.77060
홀림서림	shop	128.90752	37.76967
홀스쿠버	activity	128.98885	37.73542
홀인원	bar	128.90447	37.76114
홀인원스크린골프	activity	128.87584	37.76666
홈마트	shop	128.88407	37.75406
홈파티	shop	128.87767	37.77006
홈파티유통	shop	128.87767	37.77006
홈플러스강릉점체이스컬트	shop	128.89866	37.75568
홈플러스도서강릉점문화비	shop	128.89866	37.75568
홍가네국밥	food	128.83855	37.87132
홍가네보신탕	food	128.82902	37.71499
홍가네보쌈	food	128.90452	37.74488
홍가홍	food	128.89529	37.74261
홍게사랑	shop	128.91396	37.76965
홍게왕국	food	128.83019	37.89439
홍게잡이	food	128.91396	37.76965
홍길동	activity	129.03283	37.69133
홍단	food	128.87584	37.76331
홍대크랩	food	128.91743	37.79581
홍대편의점포차관	bar	128.87815	37.74095
홍돼지국밥	food	128.89615	37.75968
홍돼지국밥본점	food	128.89619	37.75972
홍두깨반점	food	128.90562	37.75255
홍부자집	food	128.89594	37.75683
홍스쿡샵	food	128.87701	37.76857
홍이백반	food	128.87705	37.73939
홍익돈까스	food	128.89220	37.77079
홍익슈퍼	activity	128.90930	37.77130
홍익카페	cafe	128.89220	37.77079
홍제	activity	128.87230	37.74540
홍제	shop	128.88415	37.75164
홍제건강원	shop	128.88584	37.75248
홍제고깃집	food	128.88415	37.74999
홍제기사식당	food	128.88397	37.74809
홍제동언덕길그집	food	128.88564	37.75292
홍제멘션	cafe	128.88607	37.75025
홍제멘션에스프레소바	cafe	128.88622	37.75023
홍제보양탕	food	128.87633	37.74819
홍제삼겹살	food	128.88617	37.75245
홍제식품	shop	128.88339	37.75235
홍제연가	stay	128.88412	37.75248
홍제프렌즈골프아카데미	activity	128.87926	37.74648
홍주작	bar	128.92028	37.75931
홍질목식당	food	128.84156	37.86517
홍질목추어탕	food	128.84156	37.86517
홍질목호프	bar	128.83788	37.86071
홍천고추장삼겹살강릉점	food	128.90850	37.76561
화니조개구이	food	128.91141	37.80132
화덕고	food	128.92041	37.79096
화덕식당	food	128.90891	37.76434
화동수산	food	128.82779	37.89115
화랑	activity	129.03283	37.69133
화랑유통	activity	128.91611	37.77916
화력커피	cafe	128.89778	37.75336
화로상회	food	128.83625	37.87110
화로상회강릉	food	128.86543	37.75752
화로상회강릉입암점	food	128.91896	37.75961
화미짬뽕	food	128.87645	37.77235
화부산막국수	food	128.89784	37.76504
화선모텔	stay	128.91083	37.76553
화성칼국수	food	128.90531	37.76993
화수목커피	cafe	128.90293	37.75789
화수정	shop	128.87844	37.74185
화수컴퍼니	food	128.89088	37.75506
화신바베큐치킨강릉점	food	128.89916	37.75695
화신주단	shop	128.89862	37.75402
화실공방	shop	128.93798	37.77424
화양품	shop	128.89733	37.75309
화요일	shop	128.87999	37.74126
화이트노래연습장	activity	128.91046	37.77410
화이트리에강릉점	food	128.87645	37.76507
화이트마켓	shop	128.91440	37.77180
화이트비치펜션	stay	128.87659	37.83941
화이트스킨	shop	129.03375	37.60747
화이트엔	stay	128.83380	37.82413
화이트캐슬리조트	stay	128.98384	37.72086
화이트크로우탭하우스	bar	128.86763	37.73997
화이트하우스	stay	129.04446	37.67482
화자씨	shop	128.84054	37.80888
화장품할인매장	shop	128.89765	37.75391
화짬뽕대통령	food	128.84383	37.86828
환기	stay	128.89220	37.75839
환호횟집식당	food	128.90434	37.80333
환희커피화작가회	cafe	128.92104	37.75200
환희컵박물관	heritage	128.94310	37.77448
환희컵박물관아트샵	shop	128.94309	37.77448
활게경포활게	food	128.90501	37.80441
활어수산	shop	128.88201	37.74358
활짝	shop	128.89212	37.75909
황가	food	128.81107	37.91440
황가네막국수냉면	food	128.90899	37.76471
황가네함흥냉면	food	128.87639	37.76784
황골농장	shop	128.84209	37.82646
황궁	shop	128.87849	37.76578
황궁짬뽕	food	128.90896	37.76861
황금노래연습장	activity	128.90856	37.76440
황금농산	shop	128.89882	37.75293
황금도깨비	food	128.82707	37.87828
황금도깨비찐빵왕만두	food	128.90338	37.76091
황금돼지주물럭	food	128.90877	37.76730
황금들녁	food	128.91787	37.77005
황금떡방앗간	food	128.88330	37.75640
황금손	food	128.86545	37.75690
황금손소주방	bar	128.90098	37.76005
황금수산	shop	128.82921	37.89230
황금어장	food	128.82878	37.88568
황금오징어순대	cafe	128.89963	37.75524
황금하나로토탈패션	shop	128.87722	37.76292
황기식당	food	128.89862	37.75402
황란식당	food	128.91152	37.75368
황산사	heritage	128.88142	37.78658
황소실비	food	128.87876	37.76861
황소정육점	shop	128.89833	37.74659
황소해장국	food	128.87781	37.75523
황순흥탁구교실및용품점	activity	128.87624	37.76264
황순흥탁구장	activity	128.87964	37.73728
황실	shop	128.87801	37.76572
황실꾸밈방	shop	128.82562	37.88691
황정숙막국수	food	128.89391	37.77446
황정숙본막국수	food	128.89391	37.77440
황제갈비	food	128.91772	37.79435
황제노래연습장	activity	128.89346	37.75847
황제반점	food	128.90846	37.76527
황제찹쌀꽈배기	food	128.82671	37.89061
황제찹쌀꽈배기강릉	food	128.89446	37.75346
황진이노래공원	bar	128.89830	37.76086
황진이소주클럽	bar	128.89344	37.75414
황토금강식당	food	128.83334	37.85937
황토물회	food	128.87626	37.83862
황토와솔내음펜션민박	stay	128.90562	37.77687
회도락횟집	food	128.89787	37.75341
회뜨는집음악회포차	food	128.83371	37.89668
회뜨는포차	food	128.90845	37.76430
회랑마차	food	128.90214	37.74649
회바라기	food	128.87929	37.76703
회빈장	food	128.87844	37.76848
회산	activity	128.86381	37.74362
회산당구클럽	activity	128.86869	37.74168
회산동정현식당	food	128.86305	37.74086
회산동치미국수	food	128.86105	37.74093
회산두루치기	food	128.86154	37.73265
회산떡방앗간	food	128.88418	37.75573
회산막국수강릉점	food	128.87063	37.74487
회산솔식당	food	128.86126	37.74227
회산스크린골프	activity	128.86095	37.73170
회산의달	food	128.86363	37.73766
회산장칼국수	food	128.88498	37.75118
회산한우	food	128.86278	37.73643
회센타대원호	food	128.87620	37.83781
회연회포차	food	128.86774	37.75779
회현커피	cafe	129.03573	37.60927
횡성소고기국밥	food	128.89344	37.76823
횡성한우촌	food	128.90793	37.76946
효레의식당	food	128.88774	37.75237
효성가구	shop	128.86911	37.78886
효성횟집	food	128.82982	37.89402
효원마켓	shop	128.91380	37.77069
효자동설렁탕강릉점	food	128.89231	37.75028
효재네식당	food	128.89955	37.75724
효주실내마차	bar	128.89042	37.76479
효주원	food	128.89364	37.75865
후궁노래클럽	bar	128.89965	37.75850
후니식당	food	128.88646	37.75746
후니텔레콤	shop	128.89203	37.75469
후르츠파머	shop	128.93540	37.77498
후아유강릉게스트하우스	stay	128.90165	37.80499
후지종합상사	shop	128.82266	37.89267
후타고라멘	food	128.87836	37.76961
후토	food	128.90870	37.77209
후후스튜디오	shop	128.91789	37.78143
훈남노래클럽	bar	128.87613	37.76346
훈이네부침	food	128.89759	37.75609
훌랄라바베큐입암점	bar	128.91825	37.76012
훌랄라참숯치킨강릉내곡점	food	128.88187	37.74490
훼미리서울	food	128.70628	37.81491
훼미리식당	food	128.89867	37.75310
휘게	cafe	128.93905	37.76400
휘게	stay	128.90133	37.80256
휘게비엔씨	stay	128.79904	37.87862
휘겔	cafe	128.92612	37.75817
휠라강릉대리점주	shop	128.89735	37.75463
휠라강릉점	shop	128.89547	37.75237
휠라키즈강릉점	shop	128.89572	37.75217
휴	shop	128.89947	37.75799
휴	stay	128.83348	37.89986
휴가펜션	stay	128.89555	37.81427
휴담	bar	128.91259	37.77078
휴대폰	shop	128.82580	37.89051
휴대폰백화점	shop	128.82580	37.89051
휴대폰세상	shop	128.89171	37.75434
휴대폰제일싼집	shop	128.91270	37.77019
휴대폰타운	shop	128.89201	37.75488
휴대폰특판성지강릉점	shop	128.90489	37.76340
휴대폰프라자	shop	128.89229	37.75388
휴빈	cafe	128.86788	37.75718
휴빈	stay	128.80139	37.67391
휴식	stay	128.90896	37.71532
휴식료칸	stay	128.80061	37.89270
휴식주머니	stay	128.87442	37.83552
휴식펜션	stay	128.80129	37.89292
휴심	stay	128.89421	37.79711
휴심펜션	stay	128.89461	37.79727
휴안채	stay	128.85291	37.60620
휴앤휴펜션	stay	128.70114	37.85180
휴양모텔	stay	129.06760	37.60731
흑돈연가	food	128.93685	37.77441
흥남집	bar	128.82810	37.89328
흥농종묘사	shop	128.82748	37.89120
흥미횟집	food	128.98883	37.73503
흥부네쌈밥	food	128.88543	37.75146
흥부식육점	shop	128.89144	37.75521
희림상사	shop	128.89232	37.76832
희야네주막	bar	128.92038	37.75906
히그스테이	stay	128.90244	37.75986
히코	food	128.87931	37.76789
히트노래연습장	activity	128.87836	37.76526
힐리야	stay	128.83845	37.72444
힐링	shop	128.82581	37.88843
힐링	bar	128.87737	37.76429
힐링강릉	stay	128.86969	37.82502
힐링비치	bar	128.91806	37.79513
힐링스토리	stay	128.79579	37.71756
힐링앤폴링	food	128.89058	37.75129
힐링연	stay	128.84619	37.86590
힐링하우스	shop	128.93539	37.77666
힐스템	shop	128.89681	37.75211
힐스템	shop	128.82446	37.87895
힐스템	shop	128.91361	37.76740
힐스파이브	stay	128.71494	37.81990
힐탑	bar	128.89965	37.75850
힛트농산물	shop	128.89990	37.74919
강릉 경포대	heritage	128.89648	37.79551
강릉 경포벚꽃축제	event	128.89550	37.79426
강릉 국가유산야행	event	128.89209	37.75322
강릉 굴산사지	heritage	128.89181	37.70727
강릉 남산공원	nature	128.89343	37.74732
강릉 노추산힐링캠프	stay	128.74185	37.57162
강릉 녹색도시체험센터	activity	128.90650	37.78792
강릉 농산물도매시장	shop	128.91827	37.73672
강릉 대공산성	heritage	128.76928	37.73657
강릉 동부시장	shop	128.90073	37.76010
강릉 복사꽃마을	activity	128.77738	37.88014
강릉 빵명장	cafe	128.94037	37.76502
강릉 서부시장	shop	128.89115	37.75509
강릉 선교장	heritage	128.88505	37.78650
강릉 솔향수목원	nature	128.86171	37.69786
강릉 스테이인옥	stay	128.90529	37.74952
강릉 안목해맞이공원	nature	128.94512	37.77428
강릉 오금집	heritage	128.89404	37.75637
강릉 오죽헌	heritage	128.87768	37.77877
강릉 오죽헌·시립박물관	heritage	128.87966	37.77914
강릉 올림픽파크	activity	128.89702	37.77707
강릉 월화거리	heritage	128.89742	37.75585
강릉 조이너스	shop	128.89780	37.75459
강릉 주문진종합시장	shop	128.82687	37.89146
강릉 중앙시장	shop	128.89863	37.75400
강릉 중화짬뽕빵	cafe	128.90017	37.75336
강릉 지중해펜션	stay	128.87585	37.83306
강릉 초당찰떡	cafe	128.91490	37.79141
강릉 한우타운	food	128.92281	37.78943
강릉 한울타리마을	activity	128.97478	37.61284
강릉 해살이마을	activity	128.81098	37.79293
강릉 해운정	heritage	128.89111	37.78615
강릉감자옹심 강릉본점	food	128.89491	37.75647
강릉바다 화이트비치	stay	128.87659	37.83949
강릉불고기 본점	food	128.95979	37.74915
강릉불고기 초당점	food	128.90882	37.78826
강릉샌드 본점	cafe	128.89923	37.75278
강릉생태체험박물관 자연아놀자	heritage	128.90380	37.78524
강릉시 반려동물문화축제	event	128.89680	37.77317
강릉시립미술관 교동	heritage	128.89087	37.76061
강릉시립미술관 솔올	heritage	128.87960	37.75887
강릉여행 굿캠핑	stay	128.87622	37.83152
강릉원주대학교 박물관	heritage	128.87008	37.77074
강릉의 밤	food	128.90934	37.78010
강릉짬뽕순두부 강릉본점	food	128.91745	37.79261
강릉커피빵 본점	cafe	128.91706	37.79656
강원옥 찹쌀떡	cafe	128.91518	37.79187
게락 회산점	cafe	128.86592	37.74221
게스 강릉점	shop	128.89544	37.75312
경포 그곳에가면	stay	128.91151	37.79634
경포 수호텔	stay	128.91249	37.80019
경포 아쿠아리움	activity	128.90788	37.79003
계륵장군 강릉점	food	128.91843	37.75732
고단황금막국수 강릉점	food	128.87525	37.76773
고봉민김밥인 강릉역점	food	128.90372	37.76623
고선생 화덕생선구이	food	128.92059	37.79100
곰앤패들보드 캠핑장	stay	128.89536	37.81500
굴사랑 교동택지점	food	128.87759	37.76918
꼼빠니아 강릉점	shop	128.89596	37.75214
나이키 강릉점	shop	128.89557	37.75204
내마음에찜 강릉본점	food	128.89659	37.75578
노스페이스화이트라벨 강릉점	shop	128.89598	37.75338
노추산 모정탑길	activity	128.74073	37.57095
농촌순두부 차현희청국장	food	128.91695	37.79208
뉴발란스 강릉점	shop	128.89636	37.75320
뉴발란스키즈 강릉점	shop	128.89590	37.75269
다이소 강릉내곡점	shop	128.88118	37.74230
단경골 휴양지	nature	128.91651	37.67293
달리는커피 포남점	food	128.90372	37.76623
대관령 소나무숲길	activity	128.79605	37.71918
대관령 옛길	activity	128.79603	37.71136
대동면옥 강릉점	food	128.89109	37.77386
대청감자탕 내곡점	food	128.88189	37.74356
대한노인회 강릉시지회	etc	128.88402	37.74777
더블루힐 주문진	stay	128.81831	37.90373
더블티 다이닝	food	128.91355	37.79199
더카페 강릉중앙점	cafe	128.89713	37.75262
더홍씨호텔 강릉	stay	128.87639	37.76546
데상트 강릉점	shop	128.89477	37.75186
도자기카페 안다미로	cafe	128.89287	37.69841
동궁염소탕 중앙	food	128.89565	37.75624
뚝배기양평해장국 포남점	food	128.90842	37.76706
라이프워크 강릉직영점	shop	128.89625	37.75334
라카이 샌드파인	stay	128.90443	37.80707
라코스테 강릉점	shop	128.89547	37.75238
랜드로바 강릉점	shop	128.89438	37.75101
런닝맨 강릉점	activity	128.92150	37.79111
롯데리아 강릉내곡점	food	128.88469	37.74549
롯데리아 강릉입암점	food	128.92009	37.75940
롯데하이마트 교동점	shop	128.88105	37.75515
르 블루	cafe	128.89502	37.75055
마시와 본점	cafe	128.84421	37.83616
맘스터치 강릉내곡점	food	128.88195	37.74278
맛있는대게 홍게	food	128.82864	37.89262
망상비치 펜션	stay	129.06853	37.60711
맥도날드 강릉점	food	128.89613	37.75501
맥시칸치킨 정동점	food	129.03263	37.68910
메밀골동해막국수 강문점	food	128.91729	37.79639
멕시칸치킨 연곡점	food	128.83649	37.85947
명가왕족발 강릉	food	128.91828	37.76015
모텔 드라마	stay	128.89869	37.76096
모텔 산토리니	stay	128.91012	37.80275
모텔 휴	stay	128.91358	37.76693
미니골드 강릉점	shop	128.89666	37.75387
바람부리별밤캠핑장 관광농원	stay	128.72099	37.60256
버드나무 브루어리	activity	128.88445	37.74822
번패티번 강릉	food	128.94164	37.77571
베이비하우스 강릉점	shop	128.89963	37.75840
베이커리가루 입암점	cafe	128.91747	37.75989
병산 옹심이마을	heritage	128.94104	37.76300
보헤미안 박이추커피	cafe	128.86691	37.84692
보헤미안박이추커피 본점	cafe	128.84242	37.86462
보헤미안커피 본점	cafe	128.84244	37.86467
보현사 산사천년문화제	event	128.76931	37.73663
본래순대 교동택지점	food	128.87791	37.76916
블랙야크 강릉점	shop	128.89547	37.75166
빈폴 강릉점	shop	128.89463	37.75180
빵을쇼핑하다 치아바타	cafe	128.84493	37.86910
빽다방 강릉내곡점	cafe	128.88189	37.74356
빽다방 포남점	cafe	128.91307	37.77021
사근진해중공원 전망대	heritage	128.89883	37.81276
사근진해중공원 전망대	heritage	128.89836	37.81422
삼겹식당 강릉포남점	food	128.90372	37.76623
삼교리동치미막국수 남항진점	food	128.95261	37.76563
삼교리동치미막국수 본점	food	128.88208	37.72123
삼산 야영장	stay	128.68132	37.84612
삼성금거래소 창신당	shop	128.89680	37.75240
삼성스토어 강릉	shop	128.92066	37.77075
삼성스토어 강릉옥천	shop	128.89657	37.75807
샤브향 강릉교동점	food	128.87597	37.76385
세인트존스 호텔	stay	128.91863	37.79408
소금강 돌박물관	heritage	128.72615	37.84819
소금강 장천마을	activity	128.70463	37.84657
소금강마을에코센터 오토캠핑장	stay	128.74136	37.84829
솔게스트하우스 정동진점	stay	129.03196	37.69077
솥고집 주문진점	food	128.82548	37.88378
숨어있는 집	stay	128.91783	37.79545
스카리아 풀빌라	stay	128.91603	37.79541
스카이베이호텔 경포	stay	128.90781	37.80432
스케쳐스 강릉점	shop	128.89547	37.75238
스타벅스 강릉강문해변점	cafe	128.91857	37.79481
스테이크킹 강릉	food	128.89593	37.75415
신라모노그램 강릉	stay	128.92608	37.78597
실비생선구이 본점	food	128.82823	37.88890
십원집 청송점	food	128.91262	37.77083
썬옥 호텔	stay	129.04275	37.63326
썬크루즈 테마공원	nature	129.04198	37.68352
아날로그 소사이어티	food	128.87744	37.77062
아디다스 강릉점	shop	128.89497	37.75204
아라나비 바다하늘자전거	activity	128.95152	37.76670
아르떼뮤지엄 강릉	heritage	128.90788	37.79003
아리따움 강릉점	shop	128.89591	37.75436
아이러브피자 교동점	food	128.87749	37.76358
아이리스 스테이	stay	128.92524	37.78799
아트박스 강릉	shop	128.89647	37.75416
암사직화쪽갈비 강릉점	food	128.91439	37.76944
야옹아멍멍해봐 강릉내곡점	shop	128.88239	37.74042
어부네코다리조림 강릉내곡점	food	128.88176	37.74122
엄브로 강릉점	shop	128.89596	37.75236
에스프레소 스퀘어	cafe	128.90121	37.76214
에이스마트 주문진점	shop	128.83064	37.89490
오대산 소금강계곡	nature	128.65763	37.83066
오붓한 강릉	stay	128.87884	37.82694
옥계해수욕장 야영장	stay	129.04772	37.62751
올리브영 강릉	shop	128.89578	37.75429
올리브영 강릉교동점	shop	128.87753	37.76490
올리브영 강릉대학로	shop	128.89528	37.75331
올리브영 강릉역사점	shop	128.89962	37.76452
올리브영 강릉입암점	shop	128.91151	37.75371
올리브영 강릉포남점	shop	128.91294	37.77053
올리비아로렌 강릉중앙점	shop	128.89716	37.75328
원더플레이스 강릉점	shop	128.89476	37.75259
원조가보리살 솥뚜껑생삼겹살	food	128.91872	37.76052
원조강릉교동짬뽕 본점	food	128.87855	37.76966
원족발 입암점	food	128.91843	37.75732
월드마트 초당점	shop	128.91540	37.78439
유가네닭갈비 강릉내곡점	food	128.88322	37.74404
유니클로 강릉포남점	shop	128.91152	37.76631
육대장 강릉점	food	128.92051	37.77132
육반장 주문진점	food	128.82874	37.88627
이니스프리 강릉점	shop	128.89512	37.75293
이디야커피 강릉중앙점	cafe	128.89500	37.75209
이디야커피 강릉회산점	cafe	128.86843	37.74108
이마트 강릉점	shop	128.92271	37.77055
일공공일안경콘택트 임당점	shop	128.89764	37.75533
임당동 성당	heritage	128.89206	37.75444
자료 동읫	cafe	128.90017	37.75336
장군시오야끼 포남직영점	food	128.91087	37.77011
장독생아구찜 강릉점	food	128.87818	37.76947
정남미명과 강릉본점	cafe	128.95020	37.77066
정동심곡 바다부채길	activity	129.05420	37.66620
정동진 레일바이크	activity	129.03260	37.69141
정동진 백악관	stay	129.03090	37.68797
정동진 어부횟집	food	129.03948	37.68644
정원펜션 캠핑장	stay	128.70984	37.87943
제임스딘 강릉점	shop	128.89778	37.75419
조개상회 강릉점	food	128.94455	37.77440
주문진 관광안내센터	etc	128.82857	37.88998
주문진 돈의맛	food	128.82446	37.88504
주문진 등대	heritage	128.83376	37.89762
주문진 방파제	activity	128.83359	37.87962
주문진해수욕장 향호야영장	stay	128.81654	37.91220
주문진횟집 테라스제이	food	128.84294	37.87033
지호한방삼계탕 초당점	food	128.92003	37.78450
짬뽕의신 주문진점	food	128.82574	37.88386
참조은생활마트 포남점	shop	128.91037	37.77102
초당버거 강릉본점	food	128.91493	37.79146
초당옥수수푸딩카페 쵸딩	cafe	128.91285	37.78775
최선평 가옥	heritage	128.79596	37.87830
춘천진미닭갈비막국수 강릉	food	128.88166	37.75424
춘하추동 교동택지점	food	128.87321	37.76258
치킨플러스 강릉교동점	food	128.87701	37.77093
카페 가배초당	cafe	128.91515	37.78982
카페 뤼미에르	cafe	128.94713	37.77276
카페오션스 강릉버거	food	128.91426	37.79474
커피내리는 버스정류장	cafe	128.89196	37.76455
커피베이 교동점	cafe	128.87484	37.76600
컴포즈커피 강릉내곡점	cafe	128.88222	37.74324
컴포즈커피 강릉포남점	cafe	128.91486	37.77019
코닥어패럴 강릉직영점	shop	128.89550	37.75197
코바코 강릉사천점	food	128.85585	37.81742
코오롱스포츠 강릉성내점	shop	128.89398	37.75138
퀵실버록시 강릉점	shop	128.89668	37.75259
키즈몬 강릉점	etc	128.86317	37.75149
태양부양꼬치 강릉점	food	128.86872	37.74173
테라로사 경포호수점	cafe	128.90753	37.78792
테라로사 커피공장	cafe	128.89203	37.69650
토니모리 강릉점	shop	128.89474	37.75327
토프레소 내곡점	cafe	128.88192	37.74067
파머스키친 강릉점	food	128.91443	37.79245
파인파인 강릉점	cafe	128.89315	37.75079
파인힐 애견펜션	stay	128.83175	37.86933
펜션 티케하우스	stay	128.86864	37.70533
프랭크버거 강릉역점	food	128.90029	37.76392
피자에땅 포남점	food	128.90372	37.76623
하슬라강릉 이머시브아트쇼	nature	128.90870	37.79163
하이오션 경포	stay	128.90365	37.80351
한옥스테이 파인앤프렌즈	stay	128.93305	37.77619
허균·허난설헌 기념공원	nature	128.90955	37.79103
허난설헌 생가터	heritage	128.90966	37.79187
허난설헌 솔숲	heritage	128.90965	37.79187
허니홈비 강릉본점	cafe	128.90772	37.78700
헤지스 강릉점	shop	128.89582	37.75225
호텔 큐브	stay	128.91323	37.79988
호텔여기어때 강릉경포점	stay	128.91279	37.79958
호텔탑스텐 강릉	stay	129.05221	37.65450
홈플러스 강릉점	shop	128.89860	37.75564
화로상회 주문진점	food	128.83663	37.87092
후아유 강릉점	shop	128.89639	37.75365
힐링캠프 예서원	stay	128.89333	37.69968
힐스파이브 관광펜션	stay	128.71533	37.81978
갈골한과마을 명인의 집	activity	128.84328	37.82452
강릉 대도호부 관아	heritage	128.89209	37.75322
강릉 로뎀나무 펜션	stay	128.89802	37.81190
강릉 메타버스 체험관	activity	128.90650	37.78792
강릉 명주동 거리	heritage	128.89270	37.75108
강릉 방동리 무궁화	nature	128.86391	37.82738
강릉 수리골 고택	heritage	128.89111	37.78615
강릉 와우파크 카라반펜션	stay	128.87238	37.84117
강릉 임영관 삼문	heritage	128.89174	37.75308
강릉꼬막집 독도네 본점	food	128.90054	37.75936
강릉시 청소년 해양수련원	activity	128.81237	37.91487
강릉짬뽕순두부 동화가든 본점	food	128.91470	37.79123
강릉해양레저 펫가족 힐링페스티벌	event	128.94734	37.77261
경포 썸머 페스티벌	event	128.90673	37.80522
경포대 산호 펜션	stay	128.91313	37.79912
고씨네 동해막국수 강문본점	food	128.91729	37.79639
라카이 샌드파인 수영장	activity	128.90333	37.80648
르까프 이마트 강릉점	shop	128.92271	37.77055
매월당 김시습 기념관	heritage	128.88761	37.78629
베니키아 산과바다 주문진리조트	activity	128.81990	37.90879
병오년 해맞이 행사	event	128.90677	37.80528
보사노바 커피로스터스 강릉점	cafe	128.94784	37.77204
비너스 와코루 강릉점	shop	128.89681	37.75306
비너스 와코루 강릉중앙점	shop	128.89596	37.75236
세인트존스호텔 파인 인피니티풀	stay	128.92152	37.79116
소금강 장천마을 캠핑장	stay	128.70468	37.84655
안경진정성 이마트 강릉점	shop	128.92271	37.77055
오미토리 커피상점 홍제동점	cafe	128.88194	37.74950
오죽헌 전통뱃놀이 체험시설	activity	128.88352	37.78001
올리브영 강릉 타운	shop	128.89559	37.75365
원조 춘하추동 본점	food	128.89433	37.75199
정선 이모네 식당	food	128.89497	37.75979
주문진 글램핑 오토캠핑장	stay	128.73368	37.88022
주문진 휴 펜션	stay	128.83351	37.89992
짬뽕 순두부 초당애	food	128.91245	37.79693
토프레소 강릉 교동점	food	128.87698	37.76402
호텔 더 샵	stay	128.90065	37.76115
강릉 한복 문화 창작소	etc	128.90059	37.75876
경포 비치 관광 호텔	stay	128.91369	37.79903
빵터지는 강릉 빵 페스타	event	128.89191	37.75295
컨피네스 오션 스위트 호텔	stay	128.87467	37.83659
허균 허난설헌 기념공원 초희전통차체험관	activity	128.91016	37.79099
그대 나의 뮤즈 반고흐 to 마티스	heritage	128.92093	37.79128
삼성스토어 강릉옥천점 (구 삼성전자서비스 강릉센터)	shop	128.89660	37.75813
강원식자재마트 주문진점 (구 강원양돈하나로마트주문진지점)	shop	128.82746	37.89027
강릉 모래내 한과마을(갈골한과)	heritage	128.83286	37.81382
호텔 스완 (Hotel Swan)	stay	128.91199	37.79914
강릉 부띠끄호텔 봄봄[한국관광 품질인증/Korea Quality]	stay	128.87625	37.76664
컴페니언 바이 경포[한국관광 품질인증/Korea Quality]	stay	128.89575	37.79902
강릉시청행정역사관 (행정역사관)	heritage	128.87796	37.75201
스테이 인터뷰(강릉)	stay	129.01227	37.70801
안인장모텔 (안인모텔)	stay	128.98791	37.73439
요넥스 강릉점(모던스포츠)	shop	128.90173	37.76367
피노키오박물관 (강릉)	heritage	129.00787	37.70551
강릉게스트하우스 중앙점[한국관광 품질인증/Korea Quality]	stay	128.89545	37.75640
메이플비치 골프&리조트	stay	128.97585	37.74640
썬크루즈 호텔&리조트	stay	129.04398	37.68203
사천 010	food	128.85668	37.84324
순두부젤라또 1호점	cafe	128.91546	37.79173
유광회관 1호점	food	128.90400	37.74302
훌랄라참숯바베큐치킨 입암1점	food	128.91824	37.76022
공대카페 2호점	cafe	128.87319	37.77340
순두부젤라또 2호점	cafe	128.94713	37.77142
강릉 3·1운동 기념공원	nature	128.89644	37.79210
강릉 금진리321카라반	stay	129.04377	37.63735
해파랑길 35코스	activity	129.04772	37.62751
해파랑길 36코스	activity	129.03272	37.69150
해파랑길 37코스	activity	128.98981	37.73449
해파랑길 38코스	activity	128.88891	37.70634
주문진읍 BTS 앨범사진 촬영지 (버스정류장)	activity	128.81705	37.91255
노브랜드버거 강릉송정DI점	food	128.93426	37.77370
스타벅스 강릉송정DT점	cafe	128.92301	37.77196
아디다스 강릉OFS점	shop	128.89497	37.75204
로이드 OST 강릉점	shop	128.89671	37.75350
입은_EVEN	shop	128.89445	37.75240
누-마스타영동	shop	128.82852	37.89957
느루-초당	stay	128.91812	37.78435
세븐-일레븐초당점	shop	128.91398	37.78517
씨-이춘봉	food	128.91242	37.79689
이-커피	cafe	128.89436	37.76997
인-스타	bar	128.87763	37.76775
좋은사람들-리바이스강릉점	shop	128.89639	37.75318
짱-명품구제	shop	128.90074	37.75923
카페비이-엠	cafe	129.03486	37.60838
케이-골프강릉점	shop	128.89291	37.77996
케이알산업-구정휴게소하	shop	128.85112	37.72222
현악기수리공방최-스트링	shop	128.85891	37.74699
타워텔, 타워모텔	stay	128.91046	37.76579
강릉댁;앨리	shop	128.83926	37.86885
강릉의료기;와이덱스보청기	shop	128.85611	37.81536
강원씽크;붙박이	shop	128.90499	37.76106
개들의왕국;강릉총포사	shop	128.88949	37.70489
경포;휴가커피	cafe	128.89555	37.81427
곳;	cafe	128.87263	37.84338
교동위너실내;스크린	activity	128.87612	37.76359
김밥;말다강릉꼬마김밥	food	128.90137	37.76331
너의;봄	shop	128.89519	37.75627
다시;옴	stay	128.91028	37.74676
다파농;다파는농부강릉	shop	128.91463	37.77306
단비국수;김밥	food	128.89809	37.76038
더그리다;뷰티	shop	128.93292	37.77300
돌고래건어물;젓갈	shop	128.82846	37.89164
디;델리	food	128.89400	37.75298
라무라무;강릉상회	food	128.87587	37.76768
맛카오치킨;명랑한찜닭	food	128.82510	37.89094
문화서점;교재사	shop	128.88997	37.75399
밥;끼강릉	food	128.95402	37.76181
빵;느루	food	128.90583	37.75942
사임당한식뷔페;오삼불고기	food	128.85014	37.78652
송이랑능이랑;자연속으로	food	128.70670	37.81534
스미다;강릉	stay	128.89657	37.76105
스테이;늘	stay	128.88283	37.75756
심;토닥토닥	food	128.90057	37.75594
안경;오늘	shop	128.86961	37.75784
안경;진정성이마트강릉점	shop	128.92265	37.77060
양양고개마을협동조합카페꼬댕이;꼬댕이셀프빨래방	cafe	128.83072	37.89683
언제나;봄	cafe	128.91126	37.74621
여;유	stay	128.85577	37.83618
영동기념품;건어물	shop	128.90475	37.80400
오늘;한잔	food	128.87566	37.78139
오르;다	bar	128.82785	37.89087
장충동왕족발강릉점;논보달	food	128.90235	37.76208
정;정성으로	shop	128.91240	37.77566
충북;이천	food	128.83387	37.89438
포르토;포레스트하우스	food	128.84181	37.87112
푸짐한밥상;푸짐한포차	food	128.88673	37.75777
늘;솔;길	food	128.79528	37.71913
에이엠;피엠(PM)	stay	128.86248	37.84945
백년갈비;맥시칸25시야식	food	128.90494	37.76300
그리너리:D	cafe	128.85192	37.79512
오!수지큐	bar	128.90623	37.76219
강릉엄지네꼬막집.엄지네포장마차	food	128.90701	37.76632
고가네숯불고기냉면.육개장칼국수	food	129.03573	37.60927
굽네치킨홍제.내곡점	food	128.88894	37.74567
굿모닝플라워.조경	shop	128.89154	37.75456
닥터.웰케어랩	shop	128.89776	37.75453
대륙해물탕.해물찜	food	128.91166	37.77511
라디오가든.코지하우스	cafe	128.73580	37.84878
바다멍.스	shop	128.87026	37.84502
비에치씨홍제.유천택지점	food	128.87068	37.75732
사계절도시락.북강릉설렁탕	food	128.91134	37.76704
서울.경기건어물	shop	128.82814	37.89028
성산설렁탕.옛날통닭	food	128.82712	37.71436
씨.케이씨푸드	shop	128.83314	37.85978
육즙가득한고기집.강릉	food	128.86545	37.75690
제이.스킨케어	shop	128.88229	37.74110
초당서점.관현음악사	shop	128.91384	37.78316
초장.찜	food	128.87613	37.83780
파충류카페.강릉점	cafe	128.89670	37.75351
팔도조개구이.대게타운	food	128.91097	37.80177
한일침구.커튼	shop	128.89744	37.75315
해랑.대게횟집	food	128.83356	37.87955
해변낚시.슈퍼	shop	128.83086	37.88302
호프짱.소주짱	bar	128.89814	37.75824
김.이.두공방	shop	128.89665	37.70497
쉼몸.숨.맘	stay	128.69138	37.84615
청주.괴산.대구건어물	shop	128.82822	37.89066
.#	shop	128.87722	37.76357
앤.스타일1	shop	128.88194	37.76500
넘버.18노래연습장	activity	128.91669	37.77036
지.TOP펜션	stay	128.90328	37.78167
임영촌.WS	stay	128.89660	37.74531
씨멍'스펜션	stay	128.87026	37.84502
예술놀이'打'	activity	128.89577	37.79603
벨's의류	shop	128.89088	37.75506
불's도그	food	128.89681	37.75211
수안'S갤러리	shop	128.92890	37.77433
윤'S해물이야기	food	128.87649	37.77141
주안'S주안스	cafe	128.87787	37.76889
홍'S뷰티샵	shop	128.82567	37.88557
시드니모텔(구 피크닉모텔)	stay	128.88109	37.75387
(주)강릉씨티호텔	stay	128.87672	37.76433
강릉초당두부티라미수(두티)	cafe	128.91008	37.78975
경포호(철새도래지)	nature	128.90210	37.79670
구룡폭포(소금강)	nature	128.68351	37.80269
금강사(강릉)	heritage	128.69098	37.80628
금진항(강릉)	nature	129.05182	37.65258
꽃사슴복권마트(슈퍼맨편의점)	shop	128.89762	37.75614
남대천(강릉)	nature	128.82639	37.71412
남항진해변(남항진해수욕장)	beach	128.95432	37.76397
등명낙가사(강릉)	heritage	129.00678	37.71163
등명해변(등명해수욕장)	beach	129.01659	37.70416
미리내민박(진고개로)	stay	128.69872	37.84719
백경횟집(홍게무한리필)	food	128.82846	37.89303
베이스캠프(강릉)	stay	128.87362	37.83437
보현사(강릉)	heritage	128.76931	37.73663
사근진해변(사근진해수욕장)	beach	128.89880	37.81271
사천진해변(사천뒷불해수욕장)	beach	128.87532	37.84117
사천해변(사천해수욕장)	beach	128.87771	37.82920
산장민박(산장펜션)	stay	128.93778	37.55884
서원구정(속초방향)휴게소주	food	128.85434	37.72289
송담서원(강릉)	heritage	128.92921	37.69296
애니멀스토리(강릉)	activity	128.89886	37.74418
연곡해변(연곡해수욕장)	beach	128.85480	37.85850
용연사(강릉)	heritage	128.78012	37.78995
정원펜션캠핑(정원펜션캠핑장)	stay	128.70984	37.87943
통일공원(강릉)	heritage	128.99838	37.72041
하평해변(강릉)	beach	128.87010	37.84600
현덕사(강릉)	heritage	128.70331	37.85960
호린파크(경포대허브농장)	activity	128.86565	37.84449
루이스호텔(3성급)	stay	128.90131	37.76067
나인모텔(9MOTEL)	stay	128.89848	37.76169
안씨하우스(AnC House)	stay	128.89688	37.75719
샌드파인골프클럽(샌드파인GC)	activity	128.88101	37.79622
페스웨이(H)	cafe	128.95155	37.76675
신세계인터네셔널(자JAJU	shop	128.92265	37.77060
제이와이시스튜디오메이크아트갤러리(MakeArtGallery)	shop	128.89189	37.76330
기억스테이(ㄱstay), 메모리스테이	stay	128.91696	37.79580
테레인바이더블류(Terrain by W)	stay	128.91306	37.79614
와이앤지(Y&G)	stay	128.90168	37.80529
로드킹스테이크)	food	128.90454	37.75997
[강릉 바우길 10구간] 심스테파노 길	activity	128.79451	37.76041
[강릉 바우길 11구간] 신사임당길	activity	128.84728	37.75883
[강릉 바우길 3구간] 어명을 받은 소나무길	activity	128.79399	37.73747
[강릉 바우길 4구간] 사천 둑방길	activity	128.79451	37.76041
[강릉 바우길 5구간] 바다 호숫길	activity	128.87921	37.82961
[해파랑길] 35코스(바우길 9구간)	activity	129.04510	37.62880
[해파랑길] 36코스(바우길 8구간)	activity	128.98960	37.73511
[해파랑길] 37코스(바우길 7구간)	activity	128.88888	37.70629
[해파랑길] 38코스(바우길 6구간)	activity	128.88919	37.70733
[해파랑길] 39코스(바우길 05구간)	activity	128.95224	37.76626
[해파랑길] 40코스	activity	128.87408	37.83930
[해파랑길] 41코스	activity	128.81850	37.91080
강남셀프세차/트라움아우토카페	cafe	128.90421	37.74263
건어물/젓갈소매업	shop	128.83058	37.71772
계곡민박/계곡민박식당	stay	128.79573	37.73675
더원펜션/더클래식커피	stay	128.82952	37.90208
떡함지/소리나루	food	128.91839	37.75726
리그넘바이티/리그넘파인트	food	128.86991	37.84293
리틀비틀키즈카페/아이손요리학원강릉점	cafe	128.87705	37.77214
비밀의정원/뮤즈돌	stay	129.04654	37.61284
산호막국수/산호민박	food	128.87571	37.83181
세라젬/셀루닉하우스강릉점	shop	128.86923	37.75682
제왕산/능경봉	nature	128.78060	37.70990
조부동막국수/조부동건강원	shop	128.83930	37.83554
현대모텔/태양광발전소	stay	128.85613	37.81864
해랑횟집/해랑커피&카페	cafe	128.83356	37.87955
스위트번즈/ED공인중개사사무소	cafe	128.91469	37.79862
갓잡은육회&연어강릉점	food	128.89681	37.75766
강릉꽈배기&핫도그	food	128.91440	37.77180
강릉미술시간풀빌라&스파	stay	128.87617	37.83257
강릉아레나수영복&카페	shop	128.89709	37.77930
강릉커피아카데미&커피작가	cafe	128.88770	37.77514
강릉퀴스테스파&풀빌라펜션	stay	128.91584	37.79522
경포정육점식당&조개구이	shop	128.90339	37.80435
고래주방&캠핑고래강릉점	shop	128.87981	37.78188
기사문&강릉락강정	food	128.87396	37.76466
남&녀노래연습장	activity	128.91617	37.77152
남&여노래연습장	activity	128.91617	37.77152
뉴턴전자담배&	cafe	128.87982	37.76517
대패삼겹&라면무한리필	food	128.91703	37.76894
더원카페&레스토랑	food	128.90276	37.80550
도드람&한우고깃집	food	128.91744	37.75986
맛있는파닭&깻잎치킨	food	128.82510	37.88549
망상회센터&망상비치펜션	food	129.06782	37.60685
뭉티기&영양바베큐	food	128.89756	37.75202
미진상사&선일금고	shop	128.90734	37.76324
민속옹심이&막국수	food	128.87742	37.77509
바다치킨&강정	food	128.98835	37.73327
바닮참치&연어	food	128.88205	37.74284
바로덮밥&바로파스타	food	128.89667	37.75124
바투&바투	bar	128.90676	37.76373
뱃살도둑샐러드&과일강릉점	food	128.87067	37.75781
본죽&비빔밥	food	128.87830	37.76503
본죽&비빔밥아산	food	128.85603	37.81646
사나포차&샐러디아	food	128.83074	37.88294
살롱드마카롱&플라워	food	128.91790	37.77952
송주불냉면&바른국밥	food	128.92038	37.75906
순대명가&어랑횟집	food	128.88416	37.75160
스쿨룩스학생복&하슬라	shop	128.89248	37.75351
시장통닭&포차	food	128.82694	37.89109
심플체온&테라피	shop	128.88725	37.75004
십원집&짜글집	food	128.87777	37.76831
쌈촌&추어탕	food	128.82581	37.88482
우주선펜션&가든	stay	128.79662	37.71065
위그&미	shop	128.90221	37.76203
육초냉면&꼬막육회비빔밥	bar	128.91757	37.78017
자전거&카페	cafe	128.90434	37.80333
정&찬	shop	128.88681	37.75096
젬즈푸드츠&구드즈	shop	128.89088	37.75506
진참치&진튜나강릉	food	128.86789	37.75673
짜장&짬뽕	food	128.82922	37.89494
차현희젤라또&커피	cafe	128.91644	37.79111
채채하우스&채채모바일	shop	128.89940	37.75316
청년고기장수&샤브샤브	food	128.82581	37.89311
청송밥&돼지뷔페	food	128.91740	37.77083
청춘꼬마김밥&떡볶이강릉	food	128.86805	37.75779
초당타르트&젤라또	food	128.90711	37.78705
크레이지빙수&오늘도김볶만강릉점	cafe	128.90970	37.77094
파스타에반하다&진탱	food	128.90098	37.76005
품바감자탕&홍돼지국밥교동택지점	food	128.87748	37.76679
피자마루&치킨마루관	food	128.87747	37.73912
한씨네마카롱&커피	cafe	128.89910	37.75429
황금단&로얄튼	shop	128.86295	37.74933
효성가&효도의집	shop	128.90098	37.76005
고씨네동해막국수&순두부칼국수 본점	food	128.91727	37.79633
처음처럼&새로 브랜드 체험관	activity	128.86929	37.74071
마켓베이커리&하드12필그림내곡점	shop	128.88186	37.74302
본죽&비빔밥CAFE	food	128.82581	37.89311
사임당커피#	cafe	128.86611	37.76455
센스#	shop	128.89701	37.75257
동해바다#1971	food	128.91841	37.77038
주문진항#20	food	128.91610	37.76996
커피$맥주	bar	128.90049	37.76045
0순위갈비	food	128.90760	37.76492
홍콩반점0410PLUS강릉	food	128.87063	37.75753
1번지설렁탕	food	128.84160	37.85566
1층통닭집	food	128.90721	37.77035
감자적1번지	food	128.93943	37.76293
경포1호	activity	128.90738	37.80567
꼼지상회교동1단지점	shop	128.88338	37.76625
도도하우스1	stay	128.88320	37.82153
만승1	food	128.88039	37.76374
분식1번지	food	128.89916	37.75308
세븐나잇포남1주공	bar	128.91024	37.77430
월광수산1호	shop	128.87566	37.83696
짬뽕1번지	food	128.93105	37.77622
춘천1번가닭갈비	food	128.87820	37.76910
태흥루1호점	food	128.83226	37.71787
혜진식당1호점	food	128.82877	37.89166
스피드1피시(PC)방	activity	128.82630	37.88095
1%노래공원	bar	128.89834	37.75808
경포10호	activity	128.87793	37.77010
금진한옥마을10호	stay	129.04026	37.63251
100년소머리곰탕	food	129.03492	37.61748
100년임당방앗간	cafe	128.89551	37.75518
100브랜드	food	128.86387	37.73978
1001안경원	shop	128.82588	37.88897
1004꽃집	shop	128.89015	37.75733
1004마트	shop	128.87450	37.74284
1004마트정육	shop	128.87450	37.74284
1012펜션	stay	128.89974	37.80853
107짬뽕	food	128.87887	37.76611
영진107	stay	128.84670	37.86818
스테이108스테이일공팔	stay	128.83594	37.87683
커피로108	cafe	128.83594	37.87683
세인트존스10B동1043호	stay	128.92093	37.79128
11라운드	shop	128.89669	37.75418
넘버110	bar	128.87006	37.75720
초당110	food	128.91712	37.79229
밸류호텔1102호	stay	128.82565	37.88913
파워컴119	shop	128.82560	37.88677
1박2일펜션	stay	128.71205	37.82189
경포12호	activity	128.90744	37.80578
금진한옥마을12호	stay	129.04051	37.63252
하드12필그림간식나라	shop	128.91513	37.77334
회포차1박2일	food	128.87760	37.76943
하드12필그림24시간아이스크림	shop	128.91221	37.77105
하드12필그림24시간아이스크림	shop	128.87881	37.76962
하드12필그림24시간아이스크림유천점	shop	128.87041	37.76187
대관령옛길127	cafe	128.79684	37.71092
128민박	stay	128.90149	37.80219
13마일	bar	128.89730	37.75184
13월의강릉	food	128.92021	37.79137
금진한옥마을13호	stay	129.04064	37.63253
1300도씨떡볶이	food	128.89945	37.75337
크레도1330펜션	stay	129.06749	37.60618
경포14호	activity	128.90738	37.80567
카페1441	cafe	128.84617	37.86830
경포15호	activity	128.90744	37.80578
금진한옥마을15호	stay	129.04028	37.63270
산북150	stay	128.84600	37.69995
플랫폼155	shop	128.89088	37.75506
바다159	stay	128.91859	37.79383
스트리트159	cafe	128.93590	37.76184
금진한옥마을16호	stay	129.04044	37.63271
견소161식당	food	128.94857	37.77133
임당동162	cafe	128.89263	37.75476
1637카페	cafe	128.83168	37.88179
카페1637	cafe	128.90721	37.76758
경포17호	activity	128.90738	37.80567
금진한옥마을17호	stay	129.04061	37.63271
테라176	cafe	129.04314	37.64194
황토스테이일칠구황토스테이179	stay	128.83963	37.78316
19술파는노래밤	bar	128.89432	37.75115
경포19호	activity	128.90738	37.80567
커피1901	cafe	128.83195	37.90049
1938슬로우	food	128.89108	37.75395
팀레이블1943교동지점	bar	128.87823	37.76667
경포스테이195	stay	128.89133	37.80598
사천스테이195	stay	128.87300	37.84175
1957년학교앞문방구	cafe	128.81577	37.79232
여름1957	cafe	128.89325	37.75011
홍제1968	stay	128.88412	37.75248
동해바다샾1971	food	128.91844	37.77045
해안로1973	stay	128.82861	37.90551
1982육	food	128.87868	37.76492
무비1982	cafe	128.89777	37.75648
레드1984	shop	128.90098	37.76005
해안로1984	stay	128.82842	37.90650
만두1985	food	128.90668	37.77031
중화1985	food	128.87924	37.76680
중화1985	food	128.89436	37.76997
1986육개장	food	128.88603	37.74544
경포1988	stay	128.89298	37.79182
1989카페	cafe	128.88240	37.74498
1992년사기막	food	128.81418	37.78988
1st코코	shop	128.91276	37.76935
강릉전통약과2공장	shop	128.91010	37.74354
강원수상레저강원2호	activity	128.89887	37.81272
건행2	stay	128.85410	37.76257
경포2호	activity	128.90744	37.80578
고기랑조개랑2	food	129.03533	37.68651
금진한옥마을2호	stay	129.04035	37.63224
까비네바다마을2	shop	128.82204	37.90479
꿈꾸는풍차애견동반펜션2	stay	128.89047	37.81640
다오2	stay	128.89301	37.80515
달구지막창2호점	food	128.86818	37.75718
라이브시즌2	bar	128.91148	37.77074
맛반해2	shop	129.06503	37.60702
스캔들2	bar	128.89380	37.75213
스테이쇼드2	stay	128.85358	37.84898
연인들의사랑이야기2	stay	128.79645	37.71697
영진스테이2	stay	128.84691	37.86811
영진을담다2층	stay	128.84490	37.86904
오딧세이포남2호점	food	128.90669	37.76422
요루꼬치2	bar	128.90248	37.75789
요루꼬치2	bar	128.89716	37.74784
용정2	shop	128.94642	37.77234
우드바우어2	shop	128.77856	37.88523
은가비2	stay	128.89019	37.81628
정든함바뷔페2호	food	128.92720	37.77380
제2동일호	shop	128.82932	37.89172
청해노래연습장2	activity	128.87766	37.73966
하이빌리지2	stay	128.89471	37.81230
학산2리마을부녀회	food	128.88866	37.70586
해품달2	stay	128.81469	37.79004
화원산업강릉2지점	food	128.86577	37.79378
힐링하우스시즌2	stay	128.79529	37.71741
경포20호	activity	128.90738	37.80567
더캐롯스카이베이호라이즌앳20	food	128.90778	37.80426
에스202	stay	128.89672	37.81354
에스202펜션	stay	128.89672	37.81354
2022강릉단오제먹거리존14호경상도민회	food	128.89460	37.74879
2024오죽헌야간상설공연 오죽헌풍류야	event	128.87969	37.77919
2024 강원 동계청소년올림픽대회	event	128.90004	37.77895
2024 강릉 K-SUP CUP	event	128.93794	37.77688
2024강릉버스킹전국대회_왕의탄생	event	128.90863	37.79796
2025년주문진해수욕장용용이네치킨	food	128.81767	37.91014
2025년주문진해수욕장은지네	food	128.81767	37.91014
2025 단단단페스티벌	event	128.89504	37.74820
장덕리203	stay	128.80052	37.87851
피치203독채팬션	stay	128.80023	37.87830
스쿠버208	shop	128.83869	37.86786
21세기서적교육사	shop	128.90396	37.74526
21세기편의점	shop	128.90396	37.74526
경포22호	activity	128.90750	37.80579
23인의태극전사노래연습장	activity	128.82437	37.88508
경포23호	activity	128.90744	37.80578
소돌23	stay	128.82836	37.90611
24시기가막힌감자탕	food	128.92038	37.75906
24시노래연습장	activity	129.03201	37.69155
24시당구장	activity	128.90550	37.76431
24시무인빈티지	shop	128.91121	37.76679
24시숙성가마솥김치찜	food	128.88702	37.74617
24시옥계장터국밥	food	129.03549	37.60950
24시웰스포짐	activity	128.82759	37.88519
24시전주콩나물국밥강릉점	food	128.87665	37.76503
24시전주콩향기콩나물국밥	food	128.91211	37.77210
24시정동진텔	stay	129.03201	37.69155
24시큐당구장	activity	128.91740	37.76097
24프레임	cafe	128.90188	37.78343
강릉멍냥집사24	shop	128.91487	37.76259
라이프독강릉점24시강아지분양고양이분양	shop	128.89194	37.76511
브레드24	shop	128.91210	37.77327
스마일카페24	cafe	128.87020	37.76566
신구멍가게24	shop	128.91483	37.77014
신구멍가게24강릉	shop	128.88509	37.76985
신구멍가게24강릉	shop	128.88535	37.76881
신구멍가게24강릉	shop	128.91245	37.76043
신구멍가게24강릉내곡점	shop	128.88166	37.74498
신구멍가게24강릉점	shop	128.91995	37.75466
신구멍가게24초당점	shop	128.91553	37.78320
이마트24가톨릭관	shop	128.87627	37.73539
이마트24강릉	shop	128.87881	37.76941
이마트24강릉	shop	128.90048	37.76063
이마트24강릉	shop	128.87881	37.75469
이마트24강릉	shop	128.87715	37.77038
이마트24강릉경강로점	shop	128.90920	37.76496
이마트24강릉관	shop	128.87778	37.73946
이마트24강릉교동주공점	shop	128.88535	37.76881
이마트24강릉보래미점	shop	128.91123	37.77574
이마트24강릉안인솔향점	shop	128.97011	37.73419
이마트24강릉영진점	shop	128.84509	37.86873
이마트24강릉올림픽파크점	shop	128.90051	37.77289
이마트24강릉원대로길점	shop	128.88191	37.75716
이마트24강릉임당점	shop	128.89368	37.75720
이마트24강릉입암더샵점	shop	128.91184	37.75033
이마트24강릉입암주공점	shop	128.92012	37.75866
이마트24강릉포남	shop	128.90821	37.76404
이마트24강릉포남	shop	128.90995	37.77017
이마트24강릉회산점	shop	128.86694	37.73904
이마트24강문	shop	128.91865	37.79469
이마트24관동대원룸점	shop	128.87926	37.73752
이마트24주문진	shop	128.81776	37.91145
이마트24주문진도깨비길점	shop	128.82804	37.88242
이마트24주문진항구점	shop	128.82581	37.89311
이마트24 강릉여고점	shop	128.90054	37.75749
24시무인애견용품아무도없개&펫간식샵강릉중앙	shop	128.89735	37.75263
24FRAME	cafe	128.90191	37.78348
이마트24R강릉	shop	128.89368	37.74304
이마트24R강릉소금강점	shop	128.70475	37.84700
이마트24R강릉월화	shop	128.90005	37.75389
이마트24self강릉난설점	shop	128.90328	37.78167
이마트24self대성길주유소점	shop	128.90415	37.70707
25시편의점	shop	129.03264	37.68888
경포25호	activity	128.90744	37.80578
구이본부25시	food	128.82822	37.88884
넘버25슈퍼	shop	128.90259	37.80748
넘버25호텔강릉경포점	stay	128.90268	37.80730
넘버25호텔강릉역점	stay	128.89965	37.76000
뉴25시노래궁	bar	128.89791	37.76018
지에스25강릉	shop	128.89160	37.75506
지에스25강릉	shop	128.84936	37.82309
지에스25강릉	shop	128.93847	37.77563
지에스25강릉	shop	128.87956	37.75520
지에스25강릉	shop	128.90139	37.74937
지에스25강릉	shop	128.91082	37.75572
지에스25강릉	shop	128.86818	37.75675
지에스25강릉	shop	128.87823	37.76667
지에스25강릉	shop	128.91193	37.76874
지에스25강릉강문점	shop	128.91728	37.79618
지에스25강릉경포점	shop	128.90231	37.80534
지에스25강릉교동	shop	128.87710	37.76914
지에스25강릉교동	shop	128.87358	37.76243
지에스25강릉금진항점	shop	129.04994	37.65260
지에스25강릉금학	shop	128.89497	37.75205
지에스25강릉남항진항점	shop	128.95385	37.76405
지에스25강릉내곡점	shop	128.88710	37.74482
지에스25강릉대로점	shop	128.87448	37.78477
지에스25강릉대타운점	shop	128.87472	37.77332
지에스25강릉동도점	shop	128.90356	37.76692
지에스25강릉로얄점	shop	128.90890	37.76623
지에스25강릉사천해변	shop	128.87690	37.83001
지에스25강릉성산로타리점	shop	128.83280	37.72071
지에스25강릉세인트존스점	shop	128.92093	37.79054
지에스25강릉안목점	shop	128.94591	37.77320
지에스25강릉역점	shop	128.89992	37.76304
지에스25강릉연곡캠핑장점	stay	128.85303	37.85809
지에스25강릉옥계대로점	shop	129.03408	37.61072
지에스25강릉온누리	shop	128.90121	37.75922
지에스25강릉운동장점	shop	128.89687	37.77136
지에스25강릉유천으뜸점	shop	128.87040	37.76203
지에스25강릉이편한점	shop	128.89465	37.76999
지에스25강릉임당점	shop	128.89368	37.75720
지에스25강릉입암어울림점	shop	128.92024	37.75404
지에스25강릉입암주공점	shop	128.91578	37.76152
지에스25강릉입암현대점	shop	128.91169	37.75195
지에스25강릉자이파인베뉴점	shop	128.88964	37.74396
지에스25강릉중앙시장	shop	128.89848	37.75445
지에스25강릉지변점	shop	128.87445	37.77672
지에스25강릉컨피네스점	shop	128.87461	37.83661
지에스25강릉포남중앙	shop	128.90320	37.76954
지에스25강릉하평해변	shop	128.87105	37.84494
지에스25강릉한내들점	shop	128.87005	37.75955
지에스25강릉현대점	shop	128.88334	37.74457
지에스25강문	shop	128.91728	37.79618
지에스25경포라카이점	shop	128.90448	37.80706
지에스25경포프리미엄	shop	128.90342	37.80471
지에스25경포호수점	shop	128.90475	37.80400
지에스25교동	shop	128.87630	37.76410
지에스25교동온누리	shop	128.87656	37.76237
지에스25교동하슬라	shop	128.87593	37.76796
지에스25그랑블루점	shop	128.92393	37.78895
지에스25뉴강릉	shop	128.89787	37.76058
지에스25뉴강릉대타운점	shop	128.87486	37.77343
지에스25뉴강릉성산점	shop	128.82745	37.71471
지에스25뉴경포현대점	shop	128.90200	37.80199
지에스25사천비치점	shop	128.87626	37.83862
지에스25안목해맞이점	shop	128.94800	37.77200
지에스25영진	shop	128.83847	37.86679
지에스25영진바다점	shop	128.84605	37.86839
지에스25정동진	shop	129.03967	37.68556
지에스25정동진솔라뷰점	shop	129.04237	37.68249
지에스25정동진역점	shop	129.03298	37.69091
지에스25주문진	shop	128.82452	37.88393
지에스25주문진교항점	shop	128.82935	37.87503
지에스25주문진대로점	shop	128.82204	37.90479
지에스25주문진소돌점	shop	128.82570	37.90643
지에스25주문진항구점	shop	128.82850	37.89186
지에스25초당현대점	shop	128.91678	37.78432
지에스25포남	shop	128.91992	37.76936
지에스25포남공원	shop	128.90682	37.76649
지에스25포남타운점	shop	128.91198	37.77309
지에스25회산한신점	shop	128.86392	37.73926
행복플러스25편의점강성유통	shop	128.70709	37.81598
이스트251	cafe	128.92560	37.78788
카페2572	cafe	128.94060	37.77311
안목26펜션	stay	128.94772	37.77232
제이269	cafe	128.87177	37.77390
잔274	cafe	128.90547	37.77007
경포28호	activity	128.90738	37.80567
안현로282	cafe	128.88920	37.80581
경포29호	activity	128.89854	37.75774
2me강릉점	shop	128.89666	37.75388
강원수상레저강원3호	activity	128.89887	37.81272
경포3호	activity	128.90738	37.80567
금진한옥마을3호	stay	129.04050	37.63225
산계리3층석탑	heritage	128.91822	37.57496
송원불가마3층매점	shop	128.88378	37.77149
순두부젤라또3호점	food	128.83377	37.87918
제3포장마차	bar	128.87860	37.76628
제3회 강릉국제아트페스티벌 (GIAF25)	event	128.89964	37.76401
3사!모바일	shop	128.91019	37.77455
30미리	food	128.87868	37.76659
더30	food	128.83929	37.87108
302미노	stay	128.87344	37.83149
302미노	stay	128.87314	37.83129
벨라308	shop	128.89397	37.75271
31건어물	shop	128.91584	37.79522
만타스시31강릉점	food	128.88000	37.75515
송림315	stay	128.81696	37.85476
33떡볶이강릉	food	128.93292	37.77300
33떡볶이&꼬마김밥강릉아산	food	128.85689	37.81817
샾342	shop	128.88738	37.72459
342camp	stay	128.88741	37.72464
346커피스토리	cafe	128.91876	37.79449
346펜션	stay	128.91907	37.79437
월대산로35	food	128.91439	37.75999
하나로363초밥	food	128.88081	37.74129
365가구아울렛	shop	128.89330	37.75082
굿모닝365마트	shop	129.03883	37.61283
밧데리365할인점	shop	128.90190	37.76422
파인레이크365	stay	128.78349	37.90784
스테이션37	stay	129.03254	37.69111
38냉삼집	food	128.88210	37.75788
읍천리382강릉	cafe	128.87786	37.76516
위촌389	stay	128.84789	37.75871
디저트39	cafe	128.87005	37.75685
디저트39강릉	cafe	128.87584	37.76331
디저트39종합운동장점	cafe	128.90096	37.77364
연주로394	food	128.82427	37.88727
금진한옥마을4호	stay	129.04063	37.63226
400년집초당순두부	food	128.89096	37.78582
중앙시장421브런치	food	128.89847	37.75196
카페앤피자주문진440	food	128.82469	37.89140
공감더하기47	shop	128.85604	37.82253
달빛491커피	cafe	128.90878	37.80377
미오491미오사구일	stay	128.89336	37.77958
이밤491	stay	128.91349	37.75537
경포5호	activity	128.90744	37.80578
세븐일레븐5주공점	shop	128.91487	37.76059
씨유강릉미디어촌5단지점	shop	128.86819	37.75434
엠엑스5피씨방	activity	128.87649	37.76440
옥계5일장	shop	129.03481	37.60897
으뜸50안경강릉옥천	shop	128.89692	37.75541
강변로508	food	128.91489	37.76391
제51회 강원축산경진대회	event	128.89492	37.74824
주연유통씨스타5호，11호매점	shop	128.95285	37.77284
하이오션경포516호	stay	128.90351	37.80392
52블럭	food	128.87621	37.76244
피어52	food	128.91376	37.79217
임영로53	food	128.89675	37.74723
55베이킹스튜디오	food	128.91587	37.78005
메시56	food	128.91463	37.78833
캠핑식당용지각길56	food	128.90814	37.76393
59쌀피자강릉내곡점	food	128.88246	37.74401
59피자강릉	food	128.87000	37.75652
5K스파펜텔	stay	128.91706	37.79499
5to7경포점	cafe	128.89910	37.81114
경포6호	activity	128.90744	37.80578
금진한옥마을6호	stay	129.04024	37.63241
메가엠지씨커피강릉6주공	cafe	128.91837	37.75975
투다리6주공	bar	128.91928	37.75944
60계강릉회산점	food	128.86914	37.74015
60계치킨	food	128.82581	37.89311
60계치킨강릉포남	food	128.91523	37.76819
비612	stay	128.86304	37.84912
행복614	shop	128.89088	37.75506
테라스670	cafe	129.05073	37.66530
7번가피자강릉점	food	128.90042	37.75735
7번방강릉점	food	128.87851	37.76756
경포7호	activity	128.91559	37.77924
금진한옥마을7호	stay	129.04041	37.63241
스테이카멜7	stay	128.85893	37.76919
지7호스텔	stay	128.82876	37.90249
철인7호치킨강릉	food	128.90668	37.77031
감로700	cafe	128.89667	37.79706
바람부리애플700	stay	128.72287	37.59758
꿈라이브7080	bar	128.90154	37.76396
꿈의대화7080라이브	bar	128.82824	37.89448
콘서트7080	bar	128.91364	37.77011
사거리7090	bar	128.82729	37.89358
연예인라이브7090	bar	128.87579	37.76317
버닝72.5	cafe	128.87931	37.76789
샌드위치730	food	128.91414	37.79911
레이오버771	cafe	128.87630	37.83888
루트777영진	cafe	128.84635	37.86313
79대포강릉	bar	128.91148	37.77074
79대포강릉	bar	128.87799	37.76733
강릉79막회	food	128.92021	37.79137
엉클79	cafe	128.90041	37.74899
게이트8	bar	128.87662	37.76654
경포8호	activity	128.90744	37.80578
금진한옥마을8호	stay	129.04059	37.63242
씨유강릉선수촌8단지점	shop	128.86994	37.76149
투다리선수촌8단지점	bar	128.87043	37.76157
플러스82강릉점	cafe	128.90734	37.76324
시나미83	food	128.88227	37.79400
작은식당835	food	128.83334	37.71282
87닭강정	food	128.82602	37.88164
873스테이	stay	128.84074	37.76173
한우88도매장강릉	food	128.87046	37.76094
강릉시선89펜션	stay	128.87658	37.81241
에이치엔엠89	stay	128.85486	37.83952
카루89	stay	128.89953	37.80866
교동899	cafe	128.89195	37.76117
9남매집	food	128.91391	37.78697
강원수상레저강원9호	activity	128.89887	37.81272
경포9호	activity	128.90738	37.80567
금진한옥마을9호	stay	129.04075	37.63242
뢰9	cafe	128.84615	37.83342
아뜨9	cafe	128.95236	37.76539
에이치9	stay	128.83091	37.90055
엠9	stay	128.83067	37.90151
900달러	food	128.89229	37.75388
페리아902	stay	128.87692	37.83139
페리아902오션뷰스파펜션	stay	128.87690	37.83134
바바91	shop	128.95364	37.76396
시닉94	stay	128.84246	37.86422
헌화로987	stay	129.03977	37.68628
게이트99	bar	128.89465	37.76999
초당99	food	128.91325	37.78591
까르디에A	stay	128.87298	37.83538
나인원A	stay	128.87125	37.80229
다원힐펜션A	stay	128.81851	37.76933
여유로운가A동	stay	128.82708	37.80474
A+과학나라영동지사	shop	128.88693	37.75184
컨피네스오션스위트A동1504호	stay	128.87461	37.83661
신라모노그램강릉레지던스생활숙박시설A1입B1519호	stay	128.92607	37.78594
컨피네스오션스위트A동2104호	stay	128.87461	37.83661
금진에있으리금진A3	stay	129.04286	37.63961
하이오션경포A402호	stay	128.90351	37.80392
하이오션경포A602호	stay	128.90351	37.80392
하이오션경포A704호	stay	128.90351	37.80392
ABC마트 MS 강릉금학점	shop	128.89583	37.75381
아호재ARROSER	cafe	128.84544	37.86526
AURA Cafe&Lounge	cafe	128.91390	37.79935
다원힐펜션B	stay	128.81852	37.76959
아기고래풀빌라B	stay	128.83364	37.82453
하루스테이풀빌라B	stay	128.86167	37.82167
서부주막B.1	food	128.89088	37.75506
B.Y.C	shop	128.89760	37.75357
씨푸드BADA유플랫	food	128.95104	37.77237
BBQ참숯바베큐	food	128.87810	37.76994
솔라뷰BBQ&미스터피자	stay	129.04237	37.68249
BH푸드	shop	128.86545	37.75690
BHC치킨	food	128.92060	37.75524
강릉BHC	food	128.92100	37.75499
강릉BHC	food	128.95473	37.72725
카페bless한솔정보통신	cafe	128.81142	37.71810
노닐다BNB	stay	128.71770	37.84760
BTS 버스정류장	activity	128.81786	37.91139
by보나	shop	128.87837	37.76693
고드아by에끌라	shop	128.89095	37.75790
대추무by대추무파인아트	shop	128.81069	37.89235
바르한by정원	stay	128.89707	37.75745
위밍by노블스위밍랩	activity	128.88433	37.75459
BYC	shop	128.91189	37.77026
C&C유통	shop	128.82646	37.89038
다온Cafe	cafe	128.89697	37.77705
아레나cafe&수영복종합할인마트	shop	128.89709	37.77930
스테이연CAFEYEON자율카페	cafe	128.89080	37.75342
캄파니아플라워CampaniaFlower	shop	128.87916	37.76875
김종욱CHEF'S중국요리	food	128.87853	37.77301
chic&시크앤	shop	128.91501	37.76849
빵을쇼핑하다빵명가치아바타CIABATTA	food	128.84490	37.86904
COINBOX노래연습장	activity	128.87778	37.73946
용산Company	shop	128.88246	37.76822
COZYPC방	activity	128.89371	37.75742
CU강릉교동	shop	128.88368	37.75658
CU강릉입암어울림점	shop	128.92024	37.75404
CU교동센타점	shop	128.87731	37.76398
CU주문진등대점	shop	128.83195	37.90049
CU포남뷰티점	shop	128.90929	37.76736
CU 경포하나점	shop	128.90389	37.80468
CUBEPC방	activity	128.91213	37.77063
강릉D마트	shop	128.89126	37.75640
맥시칸꼬꼬D.C마트	shop	128.96152	37.72129
펫D.C.마트	shop	128.89587	37.75959
교동생활용품D/C마트	shop	128.87688	37.76508
생활D/C	shop	128.89753	37.75288
다짐DAGYM	activity	128.87722	37.76292
개나리DC마트	shop	128.90094	37.74729
한길DC마트	shop	128.88989	37.76505
현대DC하나로마트	shop	128.87529	37.83809
또왕또왕DogSalon	shop	128.91687	37.75418
DREAMMART	shop	128.91082	37.77413
한국맥도날드강릉송정DT점	food	128.92384	37.77229
강릉EnF	shop	128.90030	37.74382
EYE쁘다	shop	128.89337	37.75697
EZ호텔	stay	128.82788	37.89012
우리맘F&B	food	128.88275	37.75097
은정F&B	shop	128.85527	37.79628
퐈이어빈FIREBEAN	cafe	128.91472	37.77804
배나무골food	food	128.87436	37.80123
수秀FOOD	food	128.90842	37.76851
G7 펜션	stay	128.82879	37.90254
게임존GAMEZONE	activity	128.89630	37.75900
드론GARAGE	shop	128.83062	37.87663
전담GATE강릉	shop	128.87823	37.76667
강릉음식물처리기GL총판	shop	128.90491	37.76469
스테이솔경포GNB463라운지펍술집	bar	128.90339	37.80435
사계절GNC스크린골프	activity	128.91676	37.75962
간다GO쭈꾸미	food	128.90098	37.76005
비비GO소주클럽	bar	128.90151	37.76188
GS25강릉	shop	128.89726	37.75760
GS25강릉강문점	shop	128.91728	37.79618
GS25강릉공단점	shop	128.91964	37.76423
GS25강릉교동현대	shop	128.87986	37.76313
GS25강릉노암점	shop	128.89687	37.74492
GS25강릉단오공원점	shop	128.89651	37.74783
GS25강릉대타운점	shop	128.87472	37.77332
GS25강릉모노그램	shop	128.93475	37.77708
GS25강릉송정주공	shop	128.91483	37.77014
GS25강릉이안점	shop	128.91995	37.75466
GS25강릉입암점	shop	128.91982	37.75891
GS25강릉제일	shop	128.88920	37.75764
GS25강릉화부산로점	shop	128.88682	37.75750
GS25관대장마트점	shop	128.87851	37.73825
GS25뉴강릉발전소	shop	128.97821	37.72702
GS25포남대로	shop	128.90506	37.76120
GS강릉IC점	shop	128.87099	37.74642
강릉지역자활센터GSTHEFRESH강릉입암점	shop	128.92010	37.75544
새로워GYM	activity	128.86565	37.75652
새로워GYM	activity	128.89220	37.77079
하슬라GYM	activity	128.89854	37.77122
H모바일	shop	128.89626	37.75298
H.AVENUE 호텔	stay	128.91390	37.79935
HEOD(해옫) 카페	food	128.82712	37.89287
HONGCHOTELGangneungStation	stay	128.89787	37.75959
Hongjewon(홍제원게스트하우스)	stay	128.88452	37.74763
HPM샵	shop	128.92730	37.70377
세븐일레븐강릉옥계IC점	shop	129.03608	37.61279
IF유통	shop	128.84299	37.81447
나폴리선생in교동	food	128.87333	37.76260
눈꽃in디저트	food	128.90276	37.75921
한신in포차	food	128.93942	37.77389
헤르만의정원in강릉	stay	128.85678	37.76264
개스토랑in위촌길299	food	128.83647	37.75963
강릉ing게스트하우스	stay	128.90562	37.76157
경포J펜션	stay	128.89926	37.80883
아뜰리에J	cafe	128.89053	37.74552
펜션JD38	stay	129.01517	37.70497
K게스트하우스	stay	128.89733	37.75190
K게스트하우스케이게스트하우스	stay	128.89730	37.75184
K공조시스템	shop	128.92862	37.77706
K모텔	stay	128.89798	37.75993
풀빌라K	stay	128.86991	37.84566
펜션K/카페케이	cafe	128.86991	37.84566
K2당구장	activity	128.87815	37.74095
KN하우스	stay	128.90162	37.80589
대명LED	shop	128.88609	37.75713
LF강릉종합	shop	128.89534	37.75223
강릉LF몰	shop	128.89534	37.75223
LG자판기	shop	128.94507	37.69658
LG전자베스트샵 강릉교동점	shop	128.88080	37.75515
M모텔	stay	129.02397	37.67921
아이스M	shop	128.89256	37.77373
자전거MTB할인마트강릉점	shop	128.90779	37.76369
강릉초당NEWPC토랑	activity	128.91537	37.78434
앤크라인NEWYORK	shop	128.89635	37.75245
O.S.T.강릉점	shop	128.89670	37.75351
강릉OFS	shop	128.89497	37.75205
강릉OK스크린골프	activity	128.88591	37.76238
OODD	food	128.91809	37.79453
라이킷pc	activity	128.87763	37.76422
만복이pc방	activity	128.91072	37.75545
옹포pc방	activity	128.87823	37.76667
구구PC클럽	activity	128.89178	37.76568
긱스타PC카페	activity	128.91896	37.75961
네오PC방	activity	128.91740	37.76097
넷스페이스PC방	activity	128.89939	37.75954
노리PC방	activity	128.88073	37.74368
돌탱이PC방	activity	128.90734	37.76324
두성기업라이또PC방강릉	activity	128.89421	37.75384
라이또PC관	activity	128.87851	37.73825
라임PC	activity	128.91403	37.76996
룰루PC방	activity	128.85627	37.74822
룰루PC방노암점	activity	128.90240	37.74598
마블PC	activity	128.91581	37.76984
불카드PC	activity	128.90856	37.76440
붐PC방	activity	128.89255	37.75577
스카이존PC방	activity	128.89408	37.75556
아이비스PC방임대	activity	128.82905	37.89478
아이센스블랙라벨PC존강릉	activity	128.87811	37.76613
아지트PC	activity	128.89518	37.75660
엑스PC방	activity	128.82871	37.87607
엔에스PC	shop	128.86959	37.75683
오셀롯PC강릉	activity	128.87222	37.77228
오셀롯PC방강릉	activity	128.87792	37.76671
옹쓰리PC방	activity	128.89470	37.75260
와우PC방	activity	128.89138	37.76468
인디고PC교동	activity	128.87682	37.76254
인디고PC방	activity	128.89497	37.75279
인디고PC주문진	activity	128.82740	37.89298
자유PC방	activity	128.87655	37.73926
제너스PC강릉	activity	128.86959	37.75683
제니스PC	activity	128.91045	37.76642
크레인PC방	activity	128.87815	37.76631
해피로PC	activity	128.93293	37.77494
호텔R	stay	128.91386	37.79929
테라s	cafe	128.90652	37.76357
S모텔	stay	128.89829	37.76154
아지트S	food	128.92190	37.75817
헤어앤S	shop	128.89184	37.75015
강릉경포대S9바닷가가족스파펜션	stay	128.91483	37.79463
SBS당구클럽	activity	128.90492	37.76162
솔향명품shop	shop	128.87873	37.77779
안목여행자센터shop	shop	128.95029	37.77104
비케이알강릉교동SK점	food	128.87445	37.76439
에스케이SK매직렌탈강릉점	shop	128.90699	37.75993
SKY모텔	stay	128.87612	37.76619
SL호텔 강릉	stay	128.82544	37.88921
SM크라운지사	shop	128.87841	37.77032
갤러리Soul	shop	128.87916	37.76875
SSIG펜션	stay	128.84351	37.86408
스테이키키StayKiki	stay	128.82862	37.85926
강릉경포STCO	shop	128.87664	37.78344
SUMI HOUSE	stay	128.93424	37.77861
T텔레콤	shop	128.89582	37.75473
홍제table	cafe	128.88356	37.75109
TAC공조시스템	shop	128.90892	37.76836
강릉TENNIS.1아카데미	activity	128.88657	37.76540
The쉼	shop	128.89391	37.75243
강릉THECoffee	cafe	128.82693	37.88081
엘사theDog	shop	128.89879	37.75735
뷰티카페TMBT	cafe	128.90528	37.76523
강릉TopGym&Fitness	activity	128.89734	37.74911
신성통상TOPTEN키즈홈플러스강릉점	shop	128.89866	37.75568
TOTO	activity	128.82562	37.88885
강릉U+	shop	128.87860	37.76471
UFO노래연습장	activity	128.90936	37.76510
강릉UNCLEKIM'SHOME	stay	128.91363	37.77581
바이브vibe!	food	128.87962	37.76557
VIKOFMOBILE	shop	128.87798	37.73960
VV호텔	stay	128.87786	37.76609
We펜션	stay	128.94606	37.77326
카페다온로즈with테라로사	cafe	128.87541	37.78607
경포대WYNN민박	stay	128.90919	37.80343
ZIV지브	stay	128.82939	37.90243
지브ZIV	stay	128.82936	37.90236
